idx,p_yes,rank_yes,rank_no
0,0.989151656627655,1,2
1,1.0,1,5
2,1.0,1,4
3,1.0,1,5
4,3.892565928254044e-06,3,1
5,1.0936651051451918e-06,2,1
6,1.6451623707780527e-07,4,1
7,4.1986731957877055e-07,2,1
8,1.0,1,4
9,1.0,1,5
10,1.0,1,2
11,1.0,1,5
12,7.261812129399914e-07,4,1
13,6.829053944557018e-08,5,1
14,3.262316994323555e-08,7,1
15,2.4628551642535967e-08,8,1
16,1.0,1,3
17,1.0,1,6
18,1.0,1,5
19,1.0,1,6
20,6.8309526923826525e-09,7,1
21,3.230309797430664e-09,7,1
22,3.310101304165869e-09,6,1
23,2.8902842341693713e-09,5,1
24,0.9999962449073792,1,2
25,0.999998927116394,1,2
26,0.9999955296516418,1,2
27,0.9999997615814209,1,3
28,1.7816462616337958e-07,3,1
29,2.3731628573386843e-07,3,1
30,6.501019722549017e-09,9,1
31,4.3598848975534565e-09,8,1
32,1.0,1,4
33,1.0,1,4
34,1.0,1,4
35,1.0,1,5
36,7.989573532540817e-06,5,1
37,1.9428857740422245e-06,7,1
38,6.2092391317492e-07,5,1
39,1.413512222825375e-07,4,1
40,2.1180663622999418e-07,4,1
41,8.922846461700829e-09,4,1
42,7.282979908040943e-08,3,1
43,6.587672629621011e-08,2,1
44,1.7781597705379681e-07,4,1
45,9.445211901493167e-08,3,1
46,3.357635236511669e-08,7,1
47,2.8881698810323542e-08,4,1
48,1.0,1,8
49,1.0,1,5
50,0.9999998807907104,1,3
51,0.9999998807907104,1,2
52,1.0825414875625938e-07,2,1
53,2.439734814174699e-08,4,1
54,3.638766798985671e-08,3,1
55,1.1503671792922887e-08,4,1
56,1.0,1,4
57,1.0,1,5
58,1.0,1,2
59,1.0,1,4
60,2.666199350187526e-07,7,1
61,4.662610209038576e-08,6,1
62,5.4923468439938006e-08,8,1
63,4.281433430008974e-09,9,1
64,0.9986385703086853,1,2
65,0.999998927116394,1,2
66,0.9999449849128723,1,2
67,0.9999998807907104,1,2
68,5.2120959992407734e-08,7,1
69,7.9909625583241e-09,7,1
70,2.9577551075021802e-08,9,1
71,1.1339482242078702e-08,7,1
72,1.0,1,4
73,1.0,1,4
74,1.0,1,3
75,1.0,1,4
76,1.8106942661688663e-05,3,1
77,0.013838975690305233,2,1
78,1.1703763220793917e-06,3,1
79,0.02314581908285618,2,1
80,0.9999923706054688,1,2
81,0.9999948143959045,1,2
82,0.9999588131904602,1,2
83,0.9999931454658508,1,2
84,1.668784170760773e-05,4,1
85,4.362736035545822e-06,3,1
86,4.785836154042045e-07,3,1
87,4.82795428524696e-07,3,1
88,1.0,1,3
89,1.0,1,4
90,1.0,1,4
91,1.0,1,5
92,4.5264229697750125e-07,3,1
93,6.580403066891449e-08,3,1
94,1.020966688969338e-08,9,1
95,1.2525976700317187e-08,6,1
96,1.0,1,3
97,1.0,1,5
98,1.0,1,5
99,1.0,1,6
100,6.697062872262904e-06,5,1
101,4.261077322098572e-07,5,1
102,7.309727720894443e-07,3,1
103,1.730477237060768e-07,3,1
104,1.0,1,3
105,1.0,1,6
106,1.0,1,2
107,1.0,1,6
108,1.9242996529555967e-08,10,1
109,3.990942332166014e-08,6,1
110,8.436050968896325e-09,9,1
111,1.3817525790216223e-08,9,1
112,1.0,1,4
113,1.0,1,3
114,1.0,1,3
115,1.0,1,2
116,9.361329489365744e-08,4,1
117,2.183497116448052e-07,3,1
118,3.2508740144265857e-09,10,1
119,5.830699922881877e-09,6,1
120,0.9997908473014832,1,2
121,1.0,1,4
122,1.0,1,5
123,1.0,1,4
124,5.3076327333201334e-08,8,1
125,9.54613099679591e-08,5,1
126,1.96330276480694e-07,4,1
127,2.9540457191501446e-08,7,1
128,1.0,1,5
129,1.0,1,6
130,1.0,1,2
131,1.0,1,5
132,4.321709212717906e-09,9,1
133,6.041116940025404e-09,5,1
134,5.068931496765572e-09,5,1
135,3.4479201715953423e-09,5,1
136,0.9999916553497314,1,2
137,1.0,1,5
138,1.0,1,3
139,1.0,1,6
140,1.5495272620569267e-08,4,1
141,2.0367258102282904e-08,3,1
142,2.316758784814965e-09,8,1
143,2.410951216447188e-09,6,1
144,0.9999998807907104,1,2
145,0.0009839015547186136,2,1
146,0.9999997615814209,1,2
147,0.735085666179657,1,2
148,3.733970643793327e-08,6,1
149,1.0473592659820952e-08,4,1
150,1.6709855721330769e-09,7,1
151,3.9305350085783175e-09,5,1
152,0.9999998807907104,1,2
153,1.0,1,3
154,1.0,1,4
155,1.0,1,5
156,5.551809678649988e-09,10,1
157,1.8100809739962642e-09,7,1
158,6.602736690730637e-10,11,1
159,9.775108500420515e-10,7,1
160,1.0,1,4
161,1.0,1,5
162,1.0,1,2
163,1.0,1,5
164,2.3394040908897296e-06,4,1
165,1.1248924636220181e-07,4,1
166,2.1087984691803285e-08,8,1
167,1.4499960343528073e-08,6,1
168,1.0,1,2
169,1.0,1,5
170,1.0,1,2
171,1.0,1,5
172,3.182718089078662e-08,3,1
173,2.9733151052369067e-08,2,1
174,7.187138439945784e-09,5,1
175,6.407509633987729e-09,5,1
176,1.0,1,4
177,1.0,1,5
178,1.0,1,4
179,1.0,1,4
180,1.7771392890608695e-07,3,1
181,2.2435301616496872e-06,2,1
182,2.4464265280244035e-08,8,1
183,3.618578148234519e-08,3,1
184,0.0002338841586606577,2,1
185,0.9998281002044678,1,2
186,1.0,1,5
187,1.0,1,4
188,7.2687016654526815e-06,6,1
189,7.654863054540328e-08,4,1
190,1.3201288595610094e-07,7,1
191,2.306641277982635e-08,8,1
192,1.0,1,6
193,1.0,1,7
194,1.0,1,4
195,1.0,1,6
196,6.499435301066114e-08,7,1
197,3.7357381188485306e-08,5,1
198,1.929845971915256e-08,8,1
199,4.0939363010750185e-09,7,1
200,1.0,1,3
201,0.9999998807907104,1,2
202,1.0,1,2
203,0.9999840259552002,1,2
204,5.593840768369773e-08,2,1
205,3.930847924493719e-06,2,1
206,2.016715143327019e-06,2,1
207,1.4798466736465343e-06,2,1
208,1.0,1,9
209,1.0,1,7
210,1.0,1,7
211,1.0,1,7
212,3.601777507356019e-07,3,1
213,1.253465882200544e-07,2,1
214,1.5672696918045403e-08,8,1
215,3.94568004935536e-08,2,1
216,1.0,1,5
217,0.9999999403953552,1,4
218,1.0,1,4
219,1.0,1,5
220,4.2855571535938e-08,10,1
221,1.3753632899238255e-08,8,1
222,2.6066979685879232e-08,10,1
223,9.829708602637766e-09,8,1
224,1.0,1,3
225,1.0,1,6
226,1.0,1,4
227,1.0,1,6
228,1.2413432841640315e-06,3,1
229,6.781483108397879e-08,3,1
230,6.835714572162033e-08,5,1
231,4.119694452242584e-08,5,1
232,1.0,1,5
233,0.9999990463256836,1,2
234,1.0,1,5
235,0.9999486804008484,1,2
236,5.8965397329302505e-06,5,1
237,2.6171589340151513e-08,4,1
238,4.1198995859303977e-07,3,1
239,9.600720218827519e-09,4,1
240,0.9996808171272278,1,2
241,0.9493586421012878,1,2
242,1.0,1,2
243,0.9727250933647156,1,2
244,1.506731041445164e-05,3,1
245,1.9288894748115126e-07,2,1
246,1.9008925846719649e-06,3,1
247,5.6572854845171605e-08,2,1
248,1.2293030593468757e-08,7,1
249,4.137912128499011e-06,2,1
250,1.1951389211617425e-08,7,1
251,1.030761609399633e-06,2,1
252,0.0001276767288800329,3,1
253,2.7088230126537383e-05,2,1
254,3.2469100119669747e-07,5,1
255,1.6939281977101928e-07,2,1
256,1.524771242600309e-08,9,1
257,1.0,1,3
258,2.948808308644857e-09,14,1
259,0.9999998807907104,1,2
260,2.974251174236997e-06,6,1
261,1.9730489384528482e-06,4,1
262,7.959349801467397e-08,11,1
263,1.7604597246645426e-07,3,1
264,0.9927463531494141,1,2
265,0.9974488019943237,1,2
266,0.9999998807907104,1,3
267,0.9999988079071045,1,2
268,1.2574066232673431e-08,10,1
269,5.73315839247357e-09,5,1
270,8.136875173647695e-09,7,1
271,5.3321418391760744e-09,5,1
272,1.0,1,7
273,1.0,1,5
274,1.0,1,2
275,1.0,1,5
276,1.8137033066523145e-06,4,1
277,1.418673321040842e-07,2,1
278,1.8841200599695185e-08,7,1
279,2.6938012709365466e-08,3,1
280,0.8594196438789368,1,2
281,0.9999997615814209,1,2
282,0.9999450445175171,1,2
283,0.9999997615814209,1,2
284,7.529004619755142e-08,5,1
285,6.147396902633773e-08,4,1
286,9.357958674627298e-08,4,1
287,1.514029577265319e-07,2,1
288,0.9999997615814209,1,2
289,0.9961655735969543,1,2
290,0.9999988079071045,1,2
291,0.9991905689239502,1,2
292,2.0417809309947188e-07,4,1
293,6.4053757853344e-08,5,1
294,3.075825816267752e-08,8,1
295,3.3321477133085864e-08,3,1
296,1.0,1,4
297,1.0,1,6
298,1.0,1,4
299,1.0,1,5
300,1.81397098231173e-07,5,1
301,3.6764257060895034e-07,4,1
302,5.257501545230525e-09,8,1
303,1.5214594029089312e-08,9,1
304,0.9999975562095642,1,2
305,1.0,1,5
306,1.0,1,2
307,1.0,1,4
308,1.2770232160619344e-07,4,1
309,1.038032451106119e-07,4,1
310,2.845208513235775e-09,6,1
311,1.3118850894500156e-08,6,1
312,0.9999998807907104,1,2
313,1.0,1,4
314,0.9999998807907104,1,2
315,1.0,1,4
316,3.142658613342064e-07,2,1
317,3.277505413734616e-07,3,1
318,1.0950887308069923e-08,6,1
319,2.2235745689158648e-08,6,1
320,1.0,1,5
321,1.0,1,7
322,1.0,1,7
323,1.0,1,7
324,3.1555895674273415e-08,4,1
325,3.8632720134046394e-08,4,1
326,6.858005718868299e-08,4,1
327,1.7163620213977993e-07,3,1
328,1.0,1,9
329,1.0,1,7
330,1.0,1,4
331,1.0,1,6
332,1.181155226959163e-07,6,1
333,3.005051780746726e-07,5,1
334,4.52969466380182e-08,7,1
335,4.3142673433749223e-08,9,1
336,0.9999997615814209,1,3
337,1.0,1,5
338,1.0,1,4
339,1.0,1,5
340,2.614083769003628e-06,3,1
341,2.414740833955875e-07,3,1
342,3.678017179709059e-08,4,1
343,3.932607484102846e-08,4,1
344,0.999995768070221,1,2
345,0.9999998807907104,1,3
346,0.9999955296516418,1,2
347,0.9999955296516418,1,2
348,2.0289877511459053e-07,2,1
349,1.380067971012977e-07,4,1
350,2.738358162446275e-08,8,1
351,3.472394283221547e-08,6,1
352,1.0,1,7
353,1.0,1,5
354,1.0,1,5
355,1.0,1,6
356,2.3760472700473656e-08,5,1
357,9.833009073645371e-09,5,1
358,3.5406245046942786e-08,6,1
359,9.878368345539457e-09,7,1
360,1.0,1,3
361,0.9999995231628418,1,3
362,1.0,1,4
363,0.9999998807907104,1,3
364,0.00014204150647856295,2,1
365,4.297226951166522e-06,2,1
366,1.0683101514530335e-08,11,1
367,4.8249248152387736e-08,3,1
368,0.9996933341026306,1,3
369,1.0,1,8
370,0.9095266461372375,1,2
371,1.0,1,6
372,2.8541677465909743e-07,3,1
373,1.0,1,4
374,2.0550433532662282e-07,2,1
375,1.0,1,5
376,0.00013741542352363467,3,1
377,0.9999998807907104,1,2
378,0.9860736727714539,1,2
379,0.9999992847442627,1,2
380,1.4762818523195165e-07,5,1
381,5.0653394367827786e-08,7,1
382,3.3181116521063814e-08,5,1
383,5.3667417176939125e-09,7,1
384,2.8953957098565297e-07,3,1
385,1.925018544568502e-08,2,1
386,5.928487371420488e-05,2,1
387,0.057468269020318985,2,1
388,2.6095136718140566e-07,5,1
389,9.880633911052428e-08,4,1
390,3.0444354592873424e-08,6,1
391,2.594010339862507e-08,8,1
392,3.129071046714671e-05,4,1
393,1.0,1,6
394,0.0005323008517734706,2,1
395,1.0,1,5
396,5.035927870267187e-07,3,1
397,1.9887712809918412e-08,3,1
398,1.9017538477328344e-07,2,1
399,5.384715784373384e-09,7,1
400,2.3908248714121783e-09,8,1
401,2.0085945351411283e-08,5,1
402,0.9929338097572327,1,2
403,0.9996298551559448,1,2
404,2.516899940019357e-06,4,1
405,1.603428700036602e-06,2,1
406,1.0531224781118453e-08,8,1
407,2.3952903660529046e-08,4,1
408,0.781546950340271,1,2
409,0.9999994039535522,1,2
410,0.9999992847442627,1,2
411,0.9999998807907104,1,3
412,0.0012682632077485323,3,2
413,3.4594816042954335e-06,3,1
414,2.2082539885559527e-07,4,1
415,2.0171606252006313e-07,4,1
416,0.9999983310699463,1,2
417,0.03916454687714577,2,1
418,0.9931902289390564,1,2
419,0.3035067915916443,2,1
420,4.4932683351817104e-08,2,1
421,2.739575677424e-07,2,1
422,1.1827143708842414e-08,3,1
423,3.601151661314361e-07,2,1
424,1.0,1,3
425,1.0,1,5
426,1.0,1,3
427,1.0,1,5
428,9.565226264385274e-07,2,1
429,2.28471435548272e-06,2,1
430,1.2996520126762334e-07,2,1
431,1.4677520709938108e-07,2,1
432,1.0,1,2
433,1.0,1,5
434,1.0,1,3
435,1.0,1,5
436,7.641558568138862e-07,3,1
437,6.421449256777123e-07,3,1
438,9.11334154807264e-08,4,1
439,1.0904246039444843e-07,2,1
440,1.0,1,4
441,1.0,1,6
442,1.0,1,5
443,1.0,1,5
444,0.756756603717804,1,2
445,2.0733539713546634e-05,2,1
446,0.9999990463256836,1,2
447,2.0284273887227755e-06,3,1
448,1.0,1,4
449,1.0,1,4
450,1.0,1,6
451,1.0,1,5
452,2.4320613078998576e-07,3,1
453,3.6481210941019526e-08,3,1
454,9.370906184358319e-08,6,1
455,6.934599383612294e-08,3,1
456,0.9999998807907104,1,2
457,0.0650910958647728,2,1
458,0.9999983310699463,1,2
459,0.00032468026620335877,2,1
460,5.885700460339649e-08,6,1
461,7.890296416235287e-08,3,1
462,2.9274140445068042e-08,7,1
463,2.4400653941825112e-08,5,1
464,1.0,1,5
465,1.0,1,6
466,1.0,1,6
467,1.0,1,6
468,2.0163442471243798e-08,10,1
469,1.2835110752007495e-08,8,1
470,1.582574604697129e-08,9,1
471,5.640830913478112e-09,9,1
472,1.0,1,7
473,1.0,1,7
474,1.0,1,7
475,1.0,1,7
476,1.2688960850937292e-06,3,1
477,3.627174294251745e-08,4,1
478,1.1504993580047085e-07,4,1
479,1.550293049490392e-08,5,1
480,1.0,1,7
481,1.0,1,6
482,1.0,1,6
483,1.0,1,6
484,6.11431914876448e-06,4,1
485,2.060526753666636e-07,3,1
486,5.766523258898815e-07,3,1
487,7.491456699426635e-08,2,1
488,0.9992383122444153,1,2
489,5.825828338856809e-06,3,1
490,0.9999998807907104,1,3
491,0.10747626423835754,2,1
492,4.470325265515385e-08,7,1
493,9.716450755092865e-09,11,1
494,4.579066903431794e-09,9,1
495,4.7430304128681655e-09,8,1
496,1.0,1,4
497,0.9469467401504517,1,2
498,1.0,1,5
499,0.9997311234474182,1,2
500,1.4989878991400474e-06,4,1
501,2.582877698387165e-07,2,1
502,1.0166584161197534e-06,3,1
503,1.6465524055320202e-08,2,1
504,0.9159185886383057,1,2
505,5.008431980968453e-05,2,1
506,0.9997445344924927,1,2
507,0.0014896593056619167,2,1
508,2.502655505054463e-08,2,1
509,2.2076044103869208e-08,3,1
510,1.3020975302424631e-06,3,1
511,3.192524999917623e-08,3,1
512,1.0,1,5
513,1.0,1,7
514,1.0,1,5
515,1.0,1,6
516,6.478614089644452e-09,4,1
517,4.916058116144484e-10,10,1
518,3.777688384332123e-09,6,1
519,3.9677805485638373e-10,10,1
520,1.0,1,3
521,1.0,1,4
522,1.0,1,4
523,1.0,1,5
524,1.1796048582368712e-09,11,1
525,7.2358585789800145e-09,7,1
526,9.714608006916592e-10,11,1
527,3.817257177018973e-09,9,1
528,1.0,1,9
529,1.0,1,8
530,1.0,1,6
531,1.0,1,6
532,5.4770825954619795e-06,2,1
533,5.217812031332869e-06,2,1
534,1.1495806262473707e-07,6,1
535,7.361862230936822e-08,2,1
536,1.0,1,4
537,0.9999986290931702,1,2
538,1.0,1,5
539,1.0,1,4
540,1.5251091554091545e-06,3,1
541,1.9245180737925693e-06,3,1
542,1.6700035132544144e-07,6,1
543,1.6638760769183136e-07,2,1
544,1.0,1,6
545,1.0,1,4
546,1.0,1,5
547,1.0,1,3
548,7.929238563519903e-06,2,1
549,2.178310523959226e-06,3,1
550,7.897166506154463e-05,2,1
551,2.710288242724346e-07,3,1
552,0.9999998807907104,1,3
553,1.0539348295424134e-05,2,1
554,1.0,1,5
555,0.9999775290489197,1,2
556,3.685335911995935e-07,4,1
557,1.0928732763204607e-07,3,1
558,2.0794307431515335e-07,4,1
559,1.0072457001797375e-07,3,1
560,0.9999997615814209,1,2
561,0.9988933801651001,1,2
562,1.0,1,5
563,1.0,1,3
564,1.846384911630139e-08,8,1
565,2.679722665988038e-09,8,1
566,2.3652841907306765e-09,9,1
567,1.291818985116322e-09,8,1
568,8.889335134654175e-08,2,1
569,1.8108697474872315e-07,3,1
570,0.9322990775108337,1,2
571,0.0004576737410388887,2,1
572,1.3003154109014758e-09,9,1
573,2.7198563401498177e-09,8,1
574,1.4653506186235177e-09,10,1
575,1.7459117485074671e-09,7,1
576,1.0,1,5
577,1.0,1,6
578,1.0,1,6
579,1.0,1,6
580,8.222428293791495e-10,11,1
581,1.773014446371235e-08,5,1
582,6.478894643002775e-10,10,1
583,9.89432091813569e-09,4,1
584,0.9999954104423523,1,2
585,0.9999998807907104,1,2
586,1.0,1,3
587,1.0,1,5
588,5.413188564062921e-09,12,1
589,1.1955997081258829e-08,9,1
590,8.094940717739973e-09,10,1
591,6.613189107440576e-09,8,1
592,1.0,1,7
593,1.0,1,7
594,1.0,1,5
595,1.0,1,6
596,3.0457385946647264e-06,3,1
597,1.1606578027567593e-06,3,1
598,5.348811100702733e-07,3,1
599,4.7215965537361626e-07,3,1
600,0.9999998807907104,1,2
601,0.9999994039535522,1,2
602,1.0,1,5
603,1.0,1,3
604,0.004170404281467199,2,1
605,7.878601536503993e-06,2,1
606,0.0013793290127068758,2,1
607,1.1813620659495427e-07,2,1
608,6.727284016960766e-06,3,1
609,0.03595004230737686,2,1
610,0.0007961231167428195,2,1
611,0.9820108413696289,1,2
612,5.172389592189575e-06,3,1
613,0.00018484817701391876,2,1
614,3.055773944993234e-08,3,1
615,1.4610932907999086e-07,2,1
616,0.0002448796294629574,2,1
617,0.9999858736991882,1,2
618,0.33721378445625305,2,1
619,0.9996135234832764,1,2
620,0.999299168586731,1,2
621,0.4428237974643707,2,1
622,0.0008603061432950199,2,1
623,2.3659984194068784e-08,3,1
624,1.0,1,6
625,1.0,1,6
626,1.0,1,4
627,1.0,1,3
628,5.818660042677948e-07,2,1
629,5.881008746655425e-08,2,1
630,3.099254172411747e-05,2,1
631,9.274541135084746e-09,3,1
632,7.1496096154533e-08,3,1
633,4.155298327646051e-09,4,1
634,2.9894248854134275e-08,3,1
635,1.9047481814027378e-08,4,1
636,3.306152862592171e-08,3,1
637,4.3343391098460415e-09,6,1
638,1.605783062075261e-08,3,1
639,3.7945722120014125e-09,4,1
640,0.9625909328460693,1,2
641,1.2403024811646901e-05,2,1
642,0.5190861225128174,1,2
643,8.630984780211293e-07,2,1
644,1.947297789683944e-08,3,1
645,3.1298965641468612e-09,5,1
646,1.1184010162423874e-08,3,1
647,2.821839650835045e-09,4,1
648,1.0,1,2
649,0.9999998807907104,1,2
650,0.9999997615814209,1,2
651,0.9999988079071045,1,2
652,4.6302182454383e-05,3,1
653,3.0240125852287747e-06,3,1
654,7.154400236686342e-07,3,1
655,3.315221874800045e-07,3,1
656,1.0,1,7
657,1.0,1,5
658,1.0,1,6
659,1.0,1,6
660,7.170822755142581e-06,3,1
661,3.07082564177108e-06,3,1
662,6.410414243873674e-07,3,1
663,4.96168695462984e-07,3,1
664,0.0014243746409192681,2,1
665,0.811943531036377,1,2
666,5.842728933203034e-05,2,1
667,0.24987100064754486,2,1
668,1.0129198017239105e-05,2,1
669,4.963587940665093e-08,2,1
670,3.546341886817572e-08,2,1
671,1.0512560599806875e-08,4,1
672,1.0,1,7
673,1.0,1,5
674,1.0,1,3
675,1.0,1,4
676,8.797028567641973e-05,3,1
677,2.3393192805087892e-06,3,1
678,2.2466085169980943e-07,3,1
679,2.2216968886823452e-07,3,1
680,1.0,1,6
681,1.0,1,6
682,1.0,1,5
683,1.0,1,5
684,1.0289960528098163e-07,5,1
685,0.211496964097023,2,1
686,1.1021524187526666e-05,3,1
687,1.6197507193282945e-06,3,1
688,1.0,1,3
689,0.9999998807907104,1,2
690,1.0,1,3
691,1.0,1,4
692,8.429073972138212e-08,3,1
693,2.6140812181552064e-08,6,1
694,7.88066998325121e-08,4,1
695,2.2898825946526813e-08,4,1
696,1.0,1,4
697,0.9994370341300964,1,2
698,1.0,1,5
699,0.9999990463256836,1,2
700,0.967642605304718,1,3
701,0.04653553664684296,3,1
702,0.10514268279075623,2,1
703,9.8664422694128e-06,3,1
704,1.0,1,3
705,0.9999998807907104,1,2
706,1.0,1,3
707,0.9999985694885254,1,2
708,1.5068861713984916e-08,6,1
709,6.49573905775469e-09,4,1
710,1.869440211521578e-07,3,1
711,2.9049411764958677e-09,6,1
712,1.0,1,6
713,1.0,1,6
714,1.0,1,5
715,1.0,1,6
716,8.196303724616882e-08,3,1
717,9.580567450484523e-08,2,1
718,4.956606147743514e-08,5,1
719,9.233698250454836e-09,7,1
720,1.0,1,2
721,1.0,1,5
722,1.0,1,5
723,1.0,1,5
724,1.5807211095619778e-09,7,1
725,5.95191806951334e-09,5,1
726,9.598866146376395e-10,7,1
727,2.5542548076629146e-09,10,1
728,1.0,1,6
729,1.0,1,6
730,1.0,1,7
731,1.0,1,7
732,4.414038630784489e-05,3,1
733,1.2411689567670692e-05,2,1
734,8.572794030214936e-08,2,1
735,1.8301761883776635e-07,2,1
736,0.09436199069023132,2,1
737,8.866743428370683e-07,4,1
738,0.8929685950279236,1,2
739,4.2507753050813335e-07,4,1
740,6.846135658378216e-09,4,1
741,9.403737344371166e-09,4,1
742,0.48851311206817627,2,1
743,0.0013161279493942857,2,1
744,0.9999997615814209,1,2
745,0.9982467889785767,1,2
746,1.0,1,2
747,1.0,1,3
748,7.54831077642848e-08,3,1
749,7.279355429545831e-08,2,1
750,7.830068149417002e-09,5,1
751,4.4215404670922e-08,3,1
752,0.9999997615814209,1,2
753,0.9982467889785767,1,2
754,1.0,1,2
755,1.0,1,3
756,0.0038660333957523108,3,2
757,0.0006257315981201828,3,2
758,3.8269186575234926e-07,4,1
759,6.084332540012838e-07,4,1
760,5.8815758166019805e-06,5,1
761,1.2969260751560796e-05,4,1
762,8.045838058023946e-07,2,1
763,3.7106190120539395e-06,3,1
764,1.6762474842835218e-05,3,1
765,1.275065983463719e-06,3,1
766,1.26738513017699e-07,3,1
767,1.9844259213641635e-07,3,1
768,1.0,1,3
769,1.0,1,5
770,1.0,1,3
771,1.0,1,5
772,4.058339087009699e-08,4,1
773,4.148086674149454e-08,2,1
774,5.527624136192344e-09,6,1
775,5.293159688335436e-09,5,1
776,0.9093374609947205,1,2
777,0.9999969601631165,1,2
778,0.9048924446105957,1,2
779,0.9999599456787109,1,2
780,9.027650804682708e-08,2,1
781,1.0856012089277556e-08,5,1
782,1.1216760853471897e-08,4,1
783,1.0415243778538752e-08,5,1
784,0.005161601584404707,2,1
785,0.00030101437005214393,2,1
786,0.9413223266601562,1,2
787,0.9989608526229858,1,2
788,1.5532785937466542e-06,2,1
789,2.248624014100642e-06,2,1
790,2.893673354265047e-07,2,1
791,5.4889117251377684e-08,2,1
792,1.0,1,5
793,0.9999983310699463,1,2
794,1.0,1,7
795,0.9999982118606567,1,2
796,3.2026736818124846e-08,6,1
797,1.4143087128104526e-06,4,1
798,4.009757148537574e-08,5,1
799,6.837760224698286e-07,4,1
800,1.0,1,4
801,1.0,1,3
802,1.0,1,6
803,1.0,1,6
804,1.2182727004983462e-07,3,1
805,4.079930022271583e-06,3,1
806,1.3107928964473103e-07,3,1
807,6.237537490960676e-07,3,1
808,1.0,1,5
809,1.0,1,5
810,1.0,1,6
811,1.0,1,6
812,3.99500822823029e-06,4,1
813,1.3188433513278142e-05,4,1
814,1.7398805312041077e-06,3,1
815,1.72563852629537e-06,3,1
816,0.8643032908439636,1,2
817,0.10477608442306519,2,1
818,0.9998701810836792,1,2
819,0.6048913598060608,1,2
820,8.105740079145107e-09,6,1
821,1.0940135908299453e-08,4,1
822,2.1952166751049162e-09,8,1
823,6.563051435648504e-09,5,1
824,1.0,1,4
825,1.0,1,4
826,1.0,1,6
827,1.0,1,6
828,1.0508554026955608e-07,2,1
829,1.5765698080372204e-08,6,1
830,1.43528097851231e-07,2,1
831,6.640708960503616e-08,3,1
832,2.5143730653098828e-08,4,1
833,0.9767669439315796,1,2
834,0.01994253508746624,2,1
835,0.9994184970855713,1,2
836,3.8479470276797656e-07,3,1
837,6.878428848722251e-08,3,1
838,4.207322845672934e-08,5,1
839,1.8670238688400786e-08,6,1
840,1.0,1,5
841,1.0,1,6
842,1.0,1,6
843,1.0,1,6
844,2.1175106667215005e-05,4,1
845,4.532555806235905e-07,3,1
846,3.8949988123704316e-08,7,1
847,5.632265498434208e-08,4,1
848,1.0,1,4
849,1.0,1,8
850,1.0,1,3
851,1.0,1,7
852,4.280269934042735e-07,7,1
853,5.744261102336168e-07,4,1
854,7.894284692611109e-08,7,1
855,1.1609949979174417e-07,4,1
856,0.9995940327644348,1,2
857,1.0,1,6
858,1.0,1,4
859,1.0,1,6
860,2.267523086629808e-06,5,1
861,4.297943632991519e-06,6,1
862,9.189380989482743e-07,6,1
863,1.5780508419993566e-06,5,1
864,1.0,1,4
865,1.0,1,5
866,1.0,1,2
867,1.0,1,4
868,7.275248776750232e-07,10,1
869,1.8547596027929103e-06,5,1
870,4.1590283217374235e-08,10,1
871,6.53634657510338e-08,6,1
872,0.9999997615814209,1,2
873,1.0,1,5
874,1.0,1,3
875,1.0,1,4
876,2.700772050445721e-08,8,1
877,4.267409980940329e-09,7,1
878,8.386684235972552e-09,8,1
879,3.222924815915462e-09,7,1
880,0.013754838146269321,2,1
881,0.9999990463256836,1,2
882,0.9996877312660217,1,2
883,1.0,1,4
884,3.042623930582522e-08,4,1
885,2.0280686019447103e-09,5,1
886,1.2818179406792751e-08,5,1
887,1.598707610739325e-09,7,1
888,1.0,1,2
889,1.0,1,5
890,0.999998927116394,1,2
891,1.0,1,5
892,1.8898749232221235e-08,4,1
893,2.4855395963641058e-08,3,1
894,2.556235585871036e-06,2,1
895,4.328134739495226e-09,4,1
896,1.0,1,5
897,1.0,1,5
898,1.0,1,5
899,1.0,1,6
900,2.1884548573325446e-07,6,1
901,2.0901859798527767e-08,7,1
902,1.3350732963601786e-08,10,1
903,9.8890193811485e-09,7,1
904,1.0,1,2
905,1.0,1,6
906,1.0,1,6
907,1.0,1,6
908,5.21853351642676e-08,11,1
909,2.084581041117417e-07,4,1
910,3.518885449693698e-08,7,1
911,5.355680343654967e-08,3,1
912,1.0,1,3
913,1.0,1,5
914,1.0,1,4
915,1.0,1,6
916,2.7840138727697195e-07,4,1
917,5.11668815761368e-07,3,1
918,2.8903968996019103e-08,7,1
919,2.8873168744780742e-08,6,1
920,1.0,1,4
921,1.0,1,6
922,1.0,1,2
923,1.0,1,5
924,1.9696134501145934e-08,8,1
925,1.3761188633054644e-08,8,1
926,3.75287578791017e-09,8,1
927,3.5627674144222965e-09,7,1
928,1.0,1,4
929,1.0,1,4
930,1.0,1,3
931,1.0,1,5
932,4.722435562598548e-07,2,1
933,1.8263932588524767e-07,2,1
934,1.7097847830882529e-06,3,1
935,2.2961337720062147e-07,2,1
936,0.9999998807907104,1,3
937,1.0,1,3
938,0.9999272227287292,1,2
939,1.0,1,3
940,9.844047355045404e-08,4,1
941,1.5456816981895827e-07,5,1
942,2.3957291261922364e-08,7,1
943,5.0299103548923085e-08,5,1
944,0.9999729990959167,1,2
945,0.6431472301483154,1,2
946,0.999913215637207,1,2
947,0.8582685589790344,1,2
948,6.577741942237481e-07,3,1
949,4.28902104943063e-08,7,1
950,4.80151252091332e-09,6,1
951,1.040313346578614e-08,6,1
952,1.0,1,3
953,1.0,1,3
954,1.0,1,5
955,1.0,1,3
956,2.2665547021460952e-06,3,1
957,1.6731625862576038e-07,4,1
958,2.7309095429473018e-08,6,1
959,3.698199435575589e-08,5,1
960,1.0,1,8
961,1.0,1,6
962,1.0,1,4
963,1.0,1,5
964,9.743530426931102e-08,7,1
965,1.7402905783114875e-08,5,1
966,1.0913126402556372e-08,7,1
967,7.125185330636441e-09,5,1
968,1.0,1,3
969,1.0,1,4
970,1.0,1,4
971,1.0,1,5
972,1.7513258399048937e-08,5,1
973,9.519619226239229e-08,3,1
974,1.4022569772009774e-08,8,1
975,2.1035560848758905e-08,5,1
976,1.0,1,3
977,1.0,1,4
978,1.0,1,5
979,1.0,1,5
980,2.4506624285436374e-08,8,1
981,4.554644306153932e-08,4,1
982,8.370401474167011e-07,3,1
983,1.1865871840655018e-08,5,1
984,0.0004075297911185771,3,1
985,8.366173278773203e-05,3,1
986,0.9986181259155273,1,2
987,0.011828968301415443,2,1
988,5.110162604182733e-08,7,1
989,9.725607874599973e-09,7,1
990,6.142621522542413e-09,10,1
991,5.75569591987346e-09,6,1
992,0.00019084429368376732,2,1
993,1.0,1,5
994,2.6195511964033358e-05,2,1
995,1.0,1,4
996,5.778256539912263e-09,6,1
997,5.119006996068265e-09,11,1
998,6.292812493313704e-09,4,1
999,3.6437584061133066e-09,9,1
1000,0.009096261113882065,2,1
1001,1.0,1,3
1002,9.922669050865807e-07,3,1
1003,1.0,1,5
1004,1.3206191695758207e-08,6,1
1005,1.8792629674635464e-09,7,1
1006,1.1206404693098193e-09,8,1
1007,8.251099248290927e-10,8,1
1008,0.9999998807907104,1,2
1009,0.9999977350234985,1,2
1010,1.0,1,3
1011,0.9993361234664917,1,2
1012,1.730390764009826e-08,8,1
1013,1.6661553914332217e-08,6,1
1014,2.5856124352685583e-08,6,1
1015,2.027334744525433e-08,5,1
1016,1.0,1,9
1017,0.1811862289905548,2,1
1018,1.0,1,6
1019,0.40322718024253845,2,1
1020,2.1718111753443736e-09,10,1
1021,2.697434720033698e-09,9,1
1022,6.512296257810135e-10,10,1
1023,1.1912103525801854e-09,9,1
1024,0.9999950528144836,1,2
1025,0.9985902309417725,1,2
1026,1.0,1,3
1027,0.9999997615814209,1,3
1028,1.6478095332672638e-08,10,1
1029,3.0768759984312055e-08,9,1
1030,2.3750279964929177e-08,8,1
1031,8.97071856797993e-08,6,1
1032,0.999998152256012,1,4
1033,0.9999979734420776,1,4
1034,1.0,1,3
1035,1.0,1,7
1036,0.09069269895553589,2,1
1037,0.0002382878155913204,2,1
1038,1.120109445196249e-07,4,1
1039,9.167192160930426e-08,4,1
1040,0.004345062654465437,2,1
1041,0.001111143035814166,2,1
1042,0.999991774559021,1,2
1043,0.9999915361404419,1,2
1044,3.9625970060797044e-08,6,1
1045,1.256737736099467e-08,6,1
1046,1.0644030545847727e-08,9,1
1047,5.28989030357252e-09,7,1
1048,0.9998874664306641,1,2
1049,0.9999180436134338,1,2
1050,0.9999998807907104,1,3
1051,0.9999990463256836,1,2
1052,3.7240931760607054e-07,4,1
1053,1.4377904200557623e-08,7,1
1054,2.8101213800368896e-08,8,1
1055,1.9086797919953824e-08,7,1
1056,1.0,1,7
1057,1.0,1,6
1058,1.0,1,6
1059,1.0,1,5
1060,2.1839587915906122e-08,7,1
1061,3.223997069312645e-08,7,1
1062,3.5043423718406075e-09,7,1
1063,6.77444722541054e-09,8,1
1064,6.001067049510311e-06,2,1
1065,1.0,1,5
1066,0.9999998807907104,1,2
1067,1.0,1,5
1068,0.0633418932557106,3,1
1069,1.6027377114369301e-06,3,1
1070,0.00480406591668725,2,1
1071,6.971625055030017e-08,3,1
1072,4.112777673981327e-07,2,1
1073,9.803281864151359e-05,2,1
1074,0.9998297095298767,1,2
1075,0.9999936819076538,1,2
1076,0.22584117949008942,2,1
1077,0.02094052918255329,2,1
1078,0.9964104294776917,1,2
1079,0.09102164953947067,2,1
1080,0.9999942183494568,1,5
1081,0.9983236789703369,2,3
1082,0.9999998211860657,1,6
1083,0.9999999403953552,1,11
1084,6.833686256868532e-07,3,1
1085,1.347027307474491e-07,6,1
1086,7.889002517913468e-08,5,1
1087,2.2745059879980545e-07,5,1
1088,1.0,1,5
1089,1.0,1,8
1090,1.0,1,5
1091,1.0,1,8
1092,4.728412932308856e-06,6,1
1093,2.7951451556873508e-05,4,1
1094,2.1095152291650265e-08,12,1
1095,1.510493206069441e-07,5,1
1096,1.0,1,5
1097,0.999993622303009,1,2
1098,1.0,1,4
1099,0.9999910593032837,1,2
1100,4.796178387778127e-08,2,1
1101,1.1258048715490077e-07,4,1
1102,2.536899614824506e-07,3,1
1103,4.245168838679092e-08,5,1
1104,0.9982861876487732,1,2
1105,1.0,1,5
1106,1.0,1,2
1107,1.0,1,6
1108,8.693672981507916e-08,2,1
1109,5.1611966256359665e-08,3,1
1110,1.5333279534957e-08,6,1
1111,2.6705089695155948e-08,3,1
1112,1.0,1,3
1113,1.0,1,5
1114,0.9999998807907104,1,2
1115,1.0,1,5
1116,4.3835854057761026e-08,3,1
1117,4.177241663683162e-08,3,1
1118,3.7933077123852854e-08,3,1
1119,3.412624494103511e-08,3,1
1120,0.9999996423721313,1,4
1121,1.0,1,7
1122,1.0,1,3
1123,1.0,1,5
1124,7.709278406764497e-07,4,1
1125,6.265386875980994e-09,6,1
1126,1.0662273552952684e-06,4,1
1127,2.0200589645469336e-08,4,1
1128,1.0,1,5
1129,1.0,1,4
1130,1.0,1,5
1131,1.0,1,3
1132,8.700503428826778e-09,8,1
1133,4.999147762418943e-09,7,1
1134,4.51048265404097e-09,7,1
1135,2.1343919964778024e-09,8,1
1136,0.00011764110968215391,2,1
1137,0.003010507905855775,2,1
1138,0.0017476660432294011,2,1
1139,0.00047331437235698104,2,1
1140,1.6187499568331987e-05,3,1
1141,4.650833602681814e-07,3,1
1142,3.2007699246605625e-07,4,1
1143,2.5900911282406014e-07,4,1
1144,2.0779682472493732e-06,3,1
1145,1.3790717048323131e-06,3,1
1146,0.8165338635444641,1,2
1147,0.4447653889656067,2,1
1148,3.8592187934227695e-07,7,1
1149,3.7306921285562566e-07,4,1
1150,9.684502799700567e-08,5,1
1151,1.0190666444032104e-07,4,1
1152,0.02737080492079258,2,1
1153,1.0,1,5
1154,1.0,1,3
1155,1.0,1,5
1156,1.8447067873239575e-07,2,1
1157,1.3717487945541507e-07,2,1
1158,6.898623183815289e-08,2,1
1159,1.111783163310065e-07,4,1
1160,1.0,1,3
1161,1.0,1,5
1162,1.0,1,3
1163,1.0,1,5
1164,7.250768163657995e-08,4,1
1165,1.0998430610698051e-07,4,1
1166,1.7405951124871422e-09,8,1
1167,9.053911398382297e-09,8,1
1168,2.770536639218335e-06,3,1
1169,1.0013376794404394e-08,3,1
1170,1.9053773314681166e-07,3,1
1171,4.806514741773071e-09,4,1
1172,4.747956694473032e-08,4,1
1173,5.228415034252976e-07,4,1
1174,2.6718950607573788e-08,6,1
1175,1.0358255764231217e-07,4,1
1176,1.0,1,5
1177,0.8000605702400208,1,2
1178,0.9999990463256836,1,2
1179,0.9934422969818115,1,2
1180,7.1411768942653e-08,6,1
1181,2.842531188207431e-08,7,1
1182,1.3559146339048311e-07,3,1
1183,2.700973489311309e-08,6,1
1184,0.07466481626033783,2,1
1185,0.6902239918708801,1,2
1186,0.9999249577522278,1,2
1187,0.6602622270584106,1,2
1188,5.5678648358536975e-09,6,1
1189,3.5432434764004483e-09,6,1
1190,4.256639485333835e-09,8,1
1191,2.3972452911635855e-09,8,1
1192,1.0,1,5
1193,1.0,1,6
1194,1.0,1,6
1195,1.0,1,6
1196,8.018571406864794e-07,3,1
1197,1.7751158765122454e-08,5,1
1198,1.4461017272537902e-08,7,1
1199,6.6209260296545835e-09,6,1
1200,3.1838776948234226e-08,4,1
1201,3.7541731501278264e-08,4,1
1202,3.1572446914651664e-06,3,1
1203,1.9691493434947915e-05,2,1
1204,3.357559035066515e-05,2,1
1205,2.365105089552344e-08,5,1
1206,1.0950953566180033e-07,3,1
1207,7.950021974068022e-09,5,1
1208,1.0,1,5
1209,1.0,1,6
1210,1.0,1,6
1211,1.0,1,6
1212,3.528193701640703e-07,2,1
1213,7.094511715877161e-07,2,1
1214,9.647309298088658e-07,2,1
1215,3.97128242184408e-05,2,1
1216,0.9997323155403137,1,2
1217,1.496518109433964e-07,2,1
1218,0.9189272522926331,1,2
1219,0.0006380711565725505,2,1
1220,1.0881536383067214e-07,3,1
1221,4.639961389329983e-06,2,1
1222,3.3308445779312024e-08,2,1
1223,3.4408472515679023e-07,2,1
1224,1.0,1,3
1225,1.0,1,6
1226,1.0,1,6
1227,1.0,1,6
1228,9.295070668713379e-08,2,1
1229,2.0559177471568546e-07,2,1
1230,5.0780791127635894e-08,2,1
1231,1.2699524631898385e-07,2,1
1232,1.0,1,6
1233,1.0,1,5
1234,1.0,1,6
1235,1.0,1,6
1236,1.7870467772240772e-08,7,1
1237,1.3612492466563708e-08,5,1
1238,5.5453965863705434e-09,7,1
1239,3.929156111581733e-09,5,1
1240,1.0,1,6
1241,1.0,1,6
1242,1.0,1,6
1243,1.0,1,6
1244,1.1850046632844169e-07,3,1
1245,3.560514016953675e-08,4,1
1246,9.586448967979777e-09,6,1
1247,2.0079356843893947e-08,3,1
1248,0.11155159771442413,2,1
1249,7.583241767861182e-06,3,1
1250,6.318158739304636e-06,2,1
1251,4.8375433834735304e-05,2,1
1252,0.29117685556411743,2,1
1253,0.8252924084663391,1,2
1254,0.8579625487327576,1,2
1255,0.1030755564570427,2,1
1256,1.0,1,8
1257,1.0,1,7
1258,0.9999997615814209,1,3
1259,0.9999933838844299,1,2
1260,5.2469917299902136e-09,7,1
1261,4.662707553393375e-08,3,1
1262,2.2477977257295834e-09,6,1
1263,8.711113608228516e-09,4,1
1264,0.9999995231628418,1,2
1265,1.0,1,4
1266,1.0,1,4
1267,1.0,1,4
1268,0.0041672056540846825,2,1
1269,1.864587829913944e-06,3,1
1270,0.0821247398853302,2,1
1271,8.483897318001254e-08,3,1
1272,0.9745646119117737,1,2
1273,0.9999821186065674,1,2
1274,0.9999998807907104,1,2
1275,1.0,1,3
1276,4.152646226884826e-08,3,1
1277,1.2289801532006095e-07,2,1
1278,3.608988219383491e-09,4,1
1279,2.8561389697756567e-08,4,1
1280,1.0,1,2
1281,1.0,1,5
1282,1.0,1,2
1283,1.0,1,5
1284,2.3108905011781644e-08,5,1
1285,8.412354901565777e-08,3,1
1286,5.217860810091679e-09,9,1
1287,4.328253666585624e-08,6,1
1288,0.9999998807907104,1,2
1289,1.0,1,4
1290,1.0,1,2
1291,1.0,1,4
1292,2.3108905011781644e-08,5,1
1293,8.412354901565777e-08,3,1
1294,5.217860810091679e-09,9,1
1295,4.328253666585624e-08,6,1
1296,0.00029676067060790956,2,1
1297,0.9998615980148315,1,2
1298,0.0010521233780309558,2,1
1299,0.9999830722808838,1,2
1300,8.826248176774243e-07,2,1
1301,5.187953888707852e-07,2,1
1302,3.0881935231263924e-07,2,1
1303,1.5493831995172513e-07,2,1
1304,9.73847136265249e-07,2,1
1305,2.918223435699474e-05,2,1
1306,4.259932666172972e-06,2,1
1307,0.9999826550483704,1,2
1308,2.221248905698303e-06,2,1
1309,2.0263499322936696e-07,3,1
1310,2.1851670695127723e-08,3,1
1311,7.582770678027373e-08,4,1
1312,1.0,1,5
1313,1.0,1,6
1314,1.0,1,2
1315,1.0,1,5
1316,4.2707677039288683e-07,2,1
1317,1.6557271464989753e-07,3,1
1318,2.302364165984727e-08,4,1
1319,4.222759031335954e-08,5,1
1320,2.65288235823391e-08,4,1
1321,6.900251037222915e-09,5,1
1322,1.0333994993061424e-08,4,1
1323,2.814770860837257e-09,6,1
1324,6.561827348150473e-08,2,1
1325,1.4088283251112443e-07,2,1
1326,6.959293585850901e-09,3,1
1327,1.7953368569578743e-06,2,1
1328,0.002850163262337446,2,1
1329,0.9999909400939941,1,2
1330,0.0008272494305856526,2,1
1331,0.6451845169067383,1,2
1332,9.464701911099382e-09,7,1
1333,1.5780628359607363e-07,5,1
1334,7.389051148720682e-09,7,1
1335,5.856941953652495e-08,5,1
1336,0.06962867826223373,2,1
1337,1.442335360479774e-06,3,1
1338,0.062083132565021515,2,1
1339,2.0279425427816022e-07,3,1
1340,3.591176245265615e-09,8,1
1341,1.3884065008795687e-09,9,1
1342,2.1316497456069783e-09,7,1
1343,1.1088571172379602e-09,8,1
1344,1.0,1,8
1345,1.0,1,7
1346,1.0,1,3
1347,1.0,1,7
1348,1.3924628206041234e-07,2,1
1349,2.3316836177400546e-06,2,1
1350,1.4884587784536052e-08,8,1
1351,5.129165359107901e-08,5,1
1352,0.9999998807907104,1,2
1353,1.0,1,4
1354,1.0,1,2
1355,1.0,1,5
1356,1.3401896126197244e-07,3,1
1357,1.7916211447754904e-07,3,1
1358,8.021478947739524e-08,5,1
1359,2.2234530661080498e-07,3,1
1360,1.6797048374428414e-07,2,1
1361,2.8764215898036127e-08,4,1
1362,1.6735958396907336e-08,5,1
1363,3.04065181921942e-08,5,1
1364,3.912406612016639e-07,3,1
1365,3.0597981037772115e-08,5,1
1366,7.523470735293358e-09,7,1
1367,6.056011692123775e-09,7,1
1368,6.637895122452164e-09,9,1
1369,1.00772759026313e-08,7,1
1370,2.0216845975085107e-09,9,1
1371,3.1903077957196047e-09,7,1
1372,2.690490646273247e-06,4,1
1373,1.0707642559282249e-06,4,1
1374,4.506366479972712e-08,4,1
1375,2.822971723048795e-08,5,1
1376,5.618613574398523e-09,7,1
1377,3.947981497276487e-09,7,1
1378,2.235714502418773e-09,8,1
1379,2.3195751985838342e-09,8,1
1380,3.2796343418795004e-09,5,1
1381,6.055511092561972e-10,8,1
1382,8.312657784337318e-10,8,1
1383,4.708055612034912e-10,8,1
1384,1.0,1,4
1385,1.0,1,5
1386,1.0,1,4
1387,1.0,1,5
1388,1.6258530877166777e-07,11,1
1389,5.155312692295411e-07,6,1
1390,1.2053790854338331e-08,10,1
1391,2.5260202818344624e-08,6,1
1392,1.0,1,2
1393,1.0,1,5
1394,1.0,1,2
1395,1.0,1,5
1396,9.578501476426027e-07,4,1
1397,3.040077842797473e-07,3,1
1398,1.6989883278029083e-08,6,1
1399,1.765677914988828e-08,5,1
1400,0.9984369874000549,1,4
1401,0.9805458784103394,1,3
1402,1.0,1,3
1403,0.9999998807907104,1,3
1404,2.919947064583539e-06,3,1
1405,3.1590113280799414e-07,4,1
1406,1.4746832732726034e-07,4,1
1407,4.064094838440724e-08,5,1
1408,0.590064287185669,1,2
1409,0.0004500422510318458,4,1
1410,0.9552525281906128,1,2
1411,0.0023982999846339226,2,1
1412,1.4804967030102034e-08,11,1
1413,6.76867317750407e-09,6,1
1414,2.6917246209734458e-09,10,1
1415,3.1122935340022195e-09,7,1
1416,1.0,1,6
1417,0.9999998807907104,1,2
1418,1.0,1,6
1419,1.0,1,4
1420,1.4804967030102034e-08,11,1
1421,6.76867317750407e-09,6,1
1422,2.6917246209734458e-09,10,1
1423,3.1122935340022195e-09,7,1
1424,4.6508976083714515e-05,2,1
1425,0.99366295337677,1,2
1426,3.185628156643361e-05,2,1
1427,0.9946492314338684,1,2
1428,2.2294630070973653e-06,3,1
1429,9.186713327835605e-07,3,1
1430,1.1337370153796655e-07,6,1
1431,1.5829374433451449e-07,3,1
1432,1.0,1,3
1433,1.0,1,4
1434,0.99997478723526,1,2
1435,0.9999998807907104,1,2
1436,2.762378237264329e-08,3,1
1437,7.447986405395568e-08,2,1
1438,1.2331096144180265e-08,3,1
1439,1.537131488760224e-08,3,1
1440,7.510437605162679e-09,4,1
1441,1.5835094018257223e-06,3,1
1442,3.034758265130222e-06,3,1
1443,0.00010089933493873104,2,1
1444,4.6512756313177306e-08,3,1
1445,2.6673324882153793e-08,3,1
1446,9.479389717625963e-09,6,1
1447,1.6133691715936038e-08,4,1
1448,0.9999998807907104,1,4
1449,0.9987210035324097,1,4
1450,1.0,1,6
1451,0.9999997615814209,1,4
1452,0.0021754009649157524,4,1
1453,0.0013904394581913948,4,1
1454,6.050568572391057e-06,4,1
1455,1.5405336739604536e-07,4,1
1456,1.0,1,3
1457,1.9642108384232415e-08,3,1
1458,0.9999996423721313,1,2
1459,6.287881770816739e-09,5,1
1460,1.345200786317946e-07,2,1
1461,2.6731129310064716e-08,3,1
1462,4.4055289549760346e-07,2,1
1463,5.289960469667676e-09,6,1
1464,1.0,1,4
1465,1.0,1,3
1466,1.0,1,6
1467,1.0,1,6
1468,7.907107146820636e-08,4,1
1469,5.804294644917718e-08,4,1
1470,7.879992125481294e-08,6,1
1471,2.1779024450552242e-07,3,1
1472,1.0,1,6
1473,1.0,1,6
1474,1.0,1,6
1475,1.0,1,6
1476,8.457283762197676e-09,8,1
1477,3.484493360517149e-09,7,1
1478,3.069517084952622e-09,8,1
1479,1.959450157684728e-09,8,1
1480,1.0,1,4
1481,1.0,1,6
1482,1.0,1,6
1483,1.0,1,5
1484,4.4613042149421744e-08,4,1
1485,8.459945632921517e-09,6,1
1486,1.3197453796465197e-08,4,1
1487,1.0503940828243685e-08,5,1
1488,1.0,1,7
1489,0.9999893307685852,1,2
1490,1.0,1,4
1491,0.5034112334251404,1,2
1492,4.891707305887394e-08,11,1
1493,5.192199736825387e-08,7,1
1494,1.6759978294089706e-08,12,1
1495,4.73599692796256e-09,10,1
1496,1.0,1,5
1497,1.0,1,3
1498,1.0,1,5
1499,1.0,1,4
1500,3.77369397028815e-05,4,1
1501,2.2238555175135843e-05,3,1
1502,2.716142262215726e-06,3,1
1503,4.618990203653084e-07,3,1
1504,1.9580538079821963e-08,7,1
1505,3.954471949896288e-08,4,1
1506,2.6036261147055484e-08,4,1
1507,1.857610598676729e-08,5,1
1508,0.10684671998023987,3,2
1509,0.0013750907965004444,3,2
1510,1.253837922376988e-06,4,1
1511,9.590492027200526e-07,4,1
1512,0.9999984502792358,1,2
1513,1.0,1,4
1514,0.9999995231628418,1,2
1515,1.0,1,4
1516,1.8286374370291014e-07,3,1
1517,5.0807241080974563e-08,5,1
1518,1.713878816644865e-08,7,1
1519,5.79565240244051e-09,8,1
1520,0.00047650682972744107,2,1
1521,0.025394340977072716,2,1
1522,0.0003801975690294057,2,1
1523,0.0010362471221014857,2,1
1524,2.5524835578494276e-08,4,1
1525,1.1159277590877537e-07,2,1
1526,2.092299844491663e-08,5,1
1527,3.93055223923966e-08,4,1
1528,0.00012455688556656241,2,1
1529,0.0001219120531459339,2,1
1530,5.905735815758817e-05,2,1
1531,3.7959748624416534e-06,2,1
1532,5.203759911864836e-08,2,1
1533,6.497178901554435e-07,2,1
1534,1.2084640843568195e-07,2,1
1535,2.4865741465873725e-07,2,1
1536,4.033513079093609e-08,6,1
1537,1.79930097488068e-08,5,1
1538,3.845551691483706e-05,2,1
1539,2.6399654018405272e-08,4,1
1540,7.405162261164833e-09,9,1
1541,3.050026862183586e-07,4,1
1542,1.804101756874843e-08,7,1
1543,1.6341712125722552e-06,3,1
1544,1.0,1,3
1545,0.21948514878749847,2,1
1546,1.0,1,6
1547,0.9999824166297913,1,2
1548,3.873415366228983e-09,9,1
1549,1.3229895046151796e-07,4,1
1550,3.489581512639006e-09,9,1
1551,1.8393411949091387e-07,3,1
1552,1.0,1,5
1553,1.0,1,8
1554,1.0,1,5
1555,1.0,1,6
1556,2.972901995690336e-07,6,1
1557,2.2653379616599523e-08,7,1
1558,1.3136875622876687e-06,4,1
1559,3.693447325758825e-08,5,1
1560,1.0,1,6
1561,1.0,1,7
1562,1.0,1,5
1563,1.0,1,7
1564,0.9985935688018799,1,2
1565,1.0,1,3
1566,1.0,1,2
1567,1.0,1,3
1568,1.0,1,5
1569,1.0,1,4
1570,1.0,1,6
1571,1.0,1,6
1572,1.2218656593177002e-05,3,1
1573,0.00014165522588882595,2,1
1574,0.011620079167187214,2,1
1575,0.0005925283767282963,2,1
1576,1.0,1,5
1577,1.0,1,6
1578,1.0,1,6
1579,1.0,1,5
1580,4.951690061716363e-05,2,1
1581,7.348994586209301e-07,3,1
1582,0.00020236529235262424,2,1
1583,4.131701913934194e-08,4,1
1584,1.0,1,4
1585,1.0,1,5
1586,1.0,1,4
1587,1.0,1,4
1588,2.984548075346538e-08,2,1
1589,2.637791794768418e-06,2,1
1590,1.0915519155219044e-08,4,1
1591,7.469738960708128e-08,2,1
1592,4.597745373757789e-06,2,1
1593,0.974915087223053,1,2
1594,0.9355179667472839,1,2
1595,0.9996878504753113,1,2
1596,1.519609149625012e-08,7,1
1597,3.845721519013523e-09,8,1
1598,3.5670035813950562e-09,9,1
1599,2.2324972981380142e-09,8,1
1600,1.0,1,3
1601,0.9999991655349731,1,2
1602,1.0,1,5
1603,1.0,1,4
1604,4.42268792539835e-05,3,1
1605,2.3310572032642085e-06,3,1
1606,1.870143080395792e-07,3,1
1607,1.0432805908067166e-07,3,1
1608,0.9976212978363037,1,2
1609,0.00014616957923863083,2,1
1610,0.9714488983154297,1,2
1611,0.00015116354916244745,2,1
1612,1.0754654944378217e-08,5,1
1613,1.3536319620754966e-08,4,1
1614,4.957265264948774e-09,8,1
1615,8.806420481732857e-09,4,1
1616,2.0270785050513496e-09,6,1
1617,2.8191347922756904e-08,4,1
1618,9.778879928035167e-09,3,1
1619,1.0395481098157688e-07,3,1
1620,1.3959458478041142e-08,7,1
1621,4.593651397044596e-07,2,1
1622,6.614135017457556e-09,5,1
1623,9.610967310891283e-08,2,1
1624,1.0,1,6
1625,1.0,1,7
1626,1.0,1,4
1627,1.0,1,5
1628,5.438885182229569e-06,4,1
1629,7.772696699248627e-05,4,1
1630,0.004675587173551321,2,1
1631,6.568255776073784e-05,3,1
1632,0.9997822046279907,1,2
1633,0.9999762177467346,1,2
1634,0.9997621774673462,1,2
1635,0.9970634579658508,1,2
1636,1.899024391605053e-05,3,1
1637,7.961429218994454e-06,2,1
1638,4.1113358406619227e-07,3,1
1639,2.738212856456812e-07,3,1
1640,1.0,1,6
1641,1.0,1,6
1642,1.0,1,6
1643,1.0,1,6
1644,2.6973103217642347e-07,3,1
1645,1.999334671154429e-07,4,1
1646,6.965102983258475e-08,6,1
1647,2.6315653656183713e-08,9,1
1648,0.9999998807907104,1,3
1649,0.9998775720596313,1,2
1650,1.0,1,3
1651,0.9999998807907104,1,3
1652,8.037935185711831e-05,2,1
1653,3.908277903974522e-06,2,1
1654,7.177331099228468e-06,2,1
1655,3.817679680651054e-05,2,1
1656,0.9999996423721313,1,2
1657,0.9999998807907104,1,3
1658,1.0,1,5
1659,1.0,1,5
1660,3.736430187473161e-07,2,1
1661,1.92002872267949e-07,2,1
1662,1.37687248269458e-08,7,1
1663,2.9071987484030615e-08,3,1
1664,0.00011720868496922776,2,1
1665,0.9999998807907104,1,3
1666,5.9041140048066154e-05,2,1
1667,1.0,1,3
1668,1.8583924656923045e-06,2,1
1669,1.6120187851242918e-08,4,1
1670,1.53967274485467e-08,7,1
1671,4.62925342503695e-09,4,1
1672,5.059998997580806e-08,2,1
1673,0.0015212941216304898,2,1
1674,0.00011202762834727764,2,1
1675,0.9592341780662537,1,2
1676,8.799692352567945e-08,5,1
1677,3.717036012318431e-09,7,1
1678,9.487295393739714e-09,7,1
1679,1.6977176331423038e-09,7,1
1680,4.5936990322736904e-10,13,1
1681,5.401997515974699e-09,6,1
1682,6.205181923846226e-10,11,1
1683,4.690777100080368e-09,5,1
1684,1.7158060927613406e-07,4,1
1685,1.9518834903919924e-07,3,1
1686,4.191261115948919e-09,8,1
1687,5.440400574485693e-09,5,1
1688,5.059998997580806e-08,2,1
1689,0.0015212941216304898,2,1
1690,0.00011202762834727764,2,1
1691,0.9592341780662537,1,2
1692,5.743512776490434e-09,11,1
1693,2.1344366274433924e-09,8,1
1694,1.577940778041409e-09,10,1
1695,1.424172779707078e-09,10,1
1696,1.0,1,4
1697,0.9999998807907104,1,2
1698,1.0,1,6
1699,1.0,1,6
1700,1.8204853180492364e-09,7,1
1701,8.121260997029367e-09,3,1
1702,2.2711426073129815e-09,6,1
1703,3.5401830356107666e-09,4,1
1704,0.9999815225601196,1,2
1705,0.9999996423721313,1,2
1706,0.9999995231628418,1,2
1707,0.9999997615814209,1,2
1708,9.574990578187226e-09,8,1
1709,4.067341574653938e-09,6,1
1710,1.6676139358295927e-09,8,1
1711,1.1481131600987737e-09,8,1
1712,0.9999993443489075,1,4
1713,1.0,1,7
1714,1.0,1,7
1715,1.0,1,9
1716,1.8317338401629968e-07,4,1
1717,4.704300238245196e-08,6,1
1718,9.397156830459608e-09,7,1
1719,6.172299560347483e-09,9,1
1720,0.9993053674697876,1,2
1721,0.9999997615814209,1,4
1722,0.30572405457496643,2,1
1723,0.9992023706436157,1,2
1724,2.2124021370473201e-07,4,1
1725,2.885099092964083e-07,4,1
1726,3.1817897649943916e-08,5,1
1727,5.153191295903525e-08,7,1
1728,1.0,1,6
1729,1.0,1,7
1730,1.0,1,6
1731,1.0,1,6
1732,4.670950559670928e-08,5,1
1733,4.057278957247945e-08,5,1
1734,8.728827438631015e-09,8,1
1735,5.6102069656560616e-09,6,1
1736,0.9999988675117493,1,3
1737,1.0,1,6
1738,1.0,1,6
1739,1.0,1,7
1740,9.387218113943163e-08,4,1
1741,7.118149181195577e-09,7,1
1742,4.182413082531866e-09,9,1
1743,4.6933723574227315e-09,7,1
1744,1.0,1,8
1745,1.0,1,6
1746,1.0,1,5
1747,1.0,1,5
1748,1.956499851019089e-09,10,1
1749,8.422933461815774e-08,4,1
1750,2.4556921829343992e-08,4,1
1751,1.4710984430621465e-07,2,1
1752,9.131312981480733e-05,2,1
1753,0.29366233944892883,2,1
1754,0.030966714024543762,2,1
1755,0.02228352800011635,2,1
1756,2.450000465614721e-06,4,1
1757,4.905068067273533e-07,3,1
1758,5.5284608890815434e-08,6,1
1759,8.57112247842906e-09,6,1
1760,1.0,1,5
1761,1.0,1,5
1762,1.0,1,6
1763,1.0,1,5
1764,2.8762334736143202e-09,8,1
1765,4.2253263110580974e-09,6,1
1766,1.3921878094791396e-09,10,1
1767,1.6629321253347484e-09,5,1
1768,1.0,1,6
1769,1.0,1,11
1770,1.0,1,5
1771,1.0,1,6
1772,0.0006651892326772213,2,1
1773,0.98517245054245,1,2
1774,0.9999008774757385,1,2
1775,0.48733028769493103,2,1
1776,1.0,1,4
1777,1.0,1,5
1778,1.0,1,5
1779,1.0,1,5
1780,1.658311532537482e-08,7,1
1781,8.37472757808655e-09,7,1
1782,8.064226619808323e-09,7,1
1783,4.501750083818479e-09,6,1
1784,0.9999597668647766,1,2
1785,0.9999998807907104,1,2
1786,1.0,1,5
1787,1.0,1,5
1788,3.3130525878277695e-08,6,1
1789,1.042919883786908e-08,5,1
1790,1.6656786172575266e-08,4,1
1791,4.674218789801898e-09,5,1
1792,0.9999998807907104,1,4
1793,1.0,1,13
1794,1.0,1,7
1795,1.0,1,6
1796,0.9999998807907104,1,2
1797,0.3923141062259674,2,1
1798,0.9995290040969849,1,2
1799,0.0058969189412891865,2,1
1800,1.0,1,2
1801,1.0,1,5
1802,1.0,1,2
1803,1.0,1,5
1804,6.899642812641105e-08,11,1
1805,5.3141658185040797e-08,8,1
1806,4.9199972096403144e-08,11,1
1807,1.6725751450508142e-08,12,1
1808,0.9999997615814209,1,2
1809,1.0,1,4
1810,1.0,1,3
1811,1.0,1,4
1812,1.2819116079754167e-07,6,1
1813,2.2409675892731684e-08,9,1
1814,1.6216194609341983e-08,10,1
1815,5.431235905462017e-09,9,1
1816,1.0,1,6
1817,1.0,1,7
1818,1.0,1,5
1819,1.0,1,6
1820,5.544742975871486e-08,4,1
1821,8.628942893551539e-09,6,1
1822,3.480131383071239e-08,4,1
1823,7.599301632410516e-09,7,1
1824,0.9999777674674988,1,2
1825,5.5206410110031356e-08,3,1
1826,0.9999967813491821,1,3
1827,6.569315758042649e-08,3,1
1828,0.026916299015283585,2,1
1829,1.3614386951132929e-08,3,1
1830,0.00020932109327986836,3,1
1831,4.637003225838043e-09,4,1
1832,1.0,1,4
1833,0.9999998807907104,1,3
1834,1.0,1,4
1835,1.0,1,4
1836,1.2006657925667241e-06,3,1
1837,3.292981887170754e-07,2,1
1838,5.731214969273424e-08,4,1
1839,1.8557132364094286e-07,3,1
1840,0.9999996423721313,1,2
1841,0.0001665064919507131,2,1
1842,1.0,1,5
1843,0.985310971736908,1,2
1844,1.6612695219464513e-07,4,1
1845,7.694811188230233e-08,4,1
1846,5.544944414737074e-08,5,1
1847,7.274817193092531e-08,3,1
1848,0.9999616146087646,1,2
1849,3.13420978059753e-09,6,1
1850,0.9999939203262329,1,2
1851,2.9496478148871574e-08,4,1
1852,0.0003504372725728899,3,1
1853,1.0532694716403057e-07,4,1
1854,1.1244890885109271e-07,4,1
1855,8.435892340230566e-08,4,1
1856,0.999993622303009,1,2
1857,0.9996832609176636,1,2
1858,0.9999994039535522,1,2
1859,0.9999186992645264,1,2
1860,1.3807479604110995e-09,9,1
1861,2.953419375728572e-08,4,1
1862,7.030936943763777e-10,9,1
1863,9.393124500434169e-09,4,1
1864,0.9999793767929077,1,2
1865,1.0,1,5
1866,1.0,1,2
1867,1.0,1,5
1868,9.352974643661582e-07,3,1
1869,6.837968840045505e-07,3,1
1870,4.768767425389342e-08,6,1
1871,3.29494156403598e-08,6,1
1872,0.9999998807907104,1,2
1873,1.0,1,6
1874,0.9999954700469971,1,2
1875,1.0,1,3
1876,1.4635311629263015e-07,3,1
1877,4.037500289655327e-08,5,1
1878,7.279657765479897e-09,8,1
1879,9.349709451100807e-09,8,1
1880,0.002839601133018732,2,1
1881,0.6285881996154785,1,2
1882,8.095380508166272e-06,3,1
1883,0.9849250316619873,1,2
1884,8.305538358399644e-06,3,1
1885,2.538938588259043e-07,2,1
1886,1.2198181593703339e-06,2,1
1887,3.180699366112094e-07,2,1
1888,1.0,1,3
1889,1.0,1,5
1890,1.0,1,2
1891,1.0,1,5
1892,1.0304163424734725e-06,5,1
1893,2.2410523214944078e-08,5,1
1894,2.877700389092297e-08,6,1
1895,8.609938539905215e-09,6,1
1896,1.0,1,4
1897,1.0,1,4
1898,1.0,1,5
1899,1.0,1,6
1900,7.240815058651151e-09,9,1
1901,6.192570012331089e-09,5,1
1902,9.104911491419898e-09,9,1
1903,5.212002385235337e-09,5,1
1904,0.9999995231628418,1,4
1905,0.9999955892562866,1,2
1906,1.0,1,3
1907,0.9999890923500061,1,2
1908,1.1032326483473298e-06,4,1
1909,1.5668788932998723e-07,2,1
1910,1.9573338505551874e-08,9,1
1911,3.156445060881197e-08,4,1
1912,0.999488890171051,1,2
1913,0.0011023081606253982,3,1
1914,1.0,1,5
1915,1.0,1,5
1916,2.5303995698777726e-06,2,1
1917,3.3686808365018805e-07,3,1
1918,0.017981158569455147,2,1
1919,0.753715991973877,1,2
1920,6.273077701735019e-08,2,1
1921,3.072961440864219e-09,5,1
1922,2.2367435903447586e-08,2,1
1923,2.2017498935156254e-09,5,1
1924,0.9999994039535522,1,2
1925,0.9999462962150574,1,2
1926,1.0,1,2
1927,0.9999998807907104,1,2
1928,1.0,1,3
1929,0.7753099203109741,1,2
1930,0.9999998807907104,1,3
1931,0.999893069267273,1,2
1932,2.530448000470642e-06,2,1
1933,3.3685330436128424e-07,3,1
1934,0.017980415374040604,2,1
1935,0.7537336945533752,1,2
1936,1.0,1,5
1937,0.10228053480386734,2,1
1938,1.0,1,5
1939,0.0043779779225587845,2,1
1940,2.2263840548930602e-07,3,1
1941,6.080121579543629e-07,4,1
1942,5.5305577006947715e-08,3,1
1943,3.618329458277003e-07,3,1
1944,0.9999995827674866,1,4
1945,1.0,1,7
1946,1.0,1,4
1947,1.0,1,8
1948,1.315147812874784e-07,7,1
1949,3.28195213228355e-08,8,1
1950,1.51627368438767e-08,7,1
1951,1.2574403740472917e-08,9,1
1952,1.0,1,4
1953,1.0,1,6
1954,1.0,1,3
1955,1.0,1,6
1956,3.672080239880415e-08,5,1
1957,2.3143533312008913e-08,5,1
1958,3.514887580990944e-08,6,1
1959,1.7126893681052024e-08,5,1
1960,0.9999998807907104,1,3
1961,0.9999988079071045,1,2
1962,0.9999998807907104,1,2
1963,0.9999983310699463,1,2
1964,1.1065337091054062e-08,5,1
1965,4.136567000045943e-08,3,1
1966,2.804465770722686e-09,7,1
1967,8.989450961394141e-09,5,1
1968,0.9999998807907104,1,3
1969,1.0,1,7
1970,1.0,1,2
1971,1.0,1,6
1972,9.374344633883425e-10,9,1
1973,1.8433482296131842e-08,7,1
1974,4.6841965861688095e-09,5,1
1975,1.7025501009015898e-08,7,1
1976,1.0,1,2
1977,1.0,1,6
1978,1.0,1,2
1979,1.0,1,5
1980,2.9146183351258514e-06,4,1
1981,2.516592758183833e-06,4,1
1982,2.617680365801789e-07,3,1
1983,1.0936261674032721e-07,3,1
1984,1.0,1,3
1985,0.9999997615814209,1,2
1986,1.0,1,4
1987,1.0,1,3
1988,1.7038551050063688e-06,4,1
1989,1.0699764970922843e-05,3,1
1990,9.676432455307804e-08,4,1
1991,3.9882408486846543e-08,4,1
1992,0.999996542930603,1,3
1993,1.0,1,3
1994,0.9999995231628418,1,2
1995,1.0,1,3
1996,2.3845088126250857e-09,9,1
1997,1.3270775589546702e-09,9,1
1998,1.579476549551373e-09,10,1
1999,1.1873902971970551e-09,10,1
2000,1.0884604328964542e-08,8,1
2001,0.01064202282577753,2,1
2002,9.514273187960498e-06,3,1
2003,0.00015907379565760493,2,1
2004,3.1587345006300893e-07,5,1
2005,1.0468008326824929e-07,6,1
2006,1.4983056573214526e-08,10,1
2007,2.022711775850894e-08,7,1
2008,1.0,1,5
2009,1.0,1,3
2010,1.0,1,5
2011,1.0,1,5
2012,3.3826222534116823e-07,3,1
2013,4.2519445742073003e-07,3,1
2014,3.266090686793177e-08,9,1
2015,2.576467181825137e-07,3,1
2016,1.0,1,5
2017,1.0,1,5
2018,1.0,1,2
2019,1.0,1,5
2020,1.5749527904063143e-08,6,1
2021,2.0528438948730354e-09,11,1
2022,4.818383469995524e-09,8,1
2023,4.161365918520232e-09,8,1
2024,0.15251974761486053,2,1
2025,2.4390149064856814e-06,3,1
2026,0.6393807530403137,1,2
2027,5.352412131287565e-07,2,1
2028,1.5218221349755368e-08,6,1
2029,2.1976147124291856e-08,8,1
2030,5.797521129835559e-09,7,1
2031,7.52642748125254e-09,7,1
2032,0.9999108910560608,1,2
2033,0.9999998807907104,1,3
2034,0.9999990463256836,1,2
2035,0.9999162554740906,1,2
2036,0.9999856948852539,1,2
2037,0.9997618794441223,1,2
2038,0.9999998807907104,1,3
2039,0.9999994039535522,1,2
2040,1.0,1,3
2041,1.0,1,4
2042,1.0,1,5
2043,1.0,1,5
2044,5.438441803562455e-07,3,1
2045,6.237892336002915e-08,2,1
2046,0.01981603354215622,2,1
2047,4.889002269692355e-08,2,1
2048,0.9999856948852539,1,2
2049,0.9997618794441223,1,2
2050,0.9999998807907104,1,3
2051,0.9999994039535522,1,2
2052,5.772762889932892e-08,4,1
2053,2.6404590514061965e-08,3,1
2054,1.2611755664693192e-05,2,1
2055,1.6509803302255932e-08,3,1
2056,1.0,1,9
2057,1.0,1,8
2058,1.0,1,5
2059,1.0,1,6
2060,1.1954450940265815e-07,7,1
2061,1.8955933711595208e-08,8,1
2062,1.7787719075457176e-09,10,1
2063,6.1509455306918426e-09,8,1
2064,0.9999998807907104,1,2
2065,1.0,1,3
2066,1.0,1,4
2067,1.0,1,4
2068,2.58453354717858e-07,5,1
2069,1.8430668546898232e-08,9,1
2070,3.320651487115356e-08,9,1
2071,1.690399820120092e-08,6,1
2072,1.0,1,2
2073,1.0,1,3
2074,1.0,1,2
2075,1.0,1,3
2076,1.0567306389930309e-06,4,1
2077,2.031546841863019e-07,2,1
2078,1.491109813400726e-08,6,1
2079,3.427504324804431e-08,3,1
2080,1.0,1,4
2081,1.0,1,3
2082,0.9999991655349731,1,2
2083,0.9999998807907104,1,3
2084,1.8874055740525364e-06,3,1
2085,4.183789769740542e-06,2,1
2086,3.357564182238093e-08,2,1
2087,1.1121131819891161e-06,2,1
2088,1.0,1,4
2089,0.9999998807907104,1,3
2090,1.0,1,5
2091,0.9999999403953552,1,3
2092,2.562904910519137e-07,5,1
2093,1.6135329872213333e-07,3,1
2094,4.7846292261510825e-08,3,1
2095,1.5861431279518e-08,3,1
2096,0.9933182001113892,1,2
2097,2.2298092517303303e-05,2,1
2098,1.0,1,4
2099,0.00041090339072979987,2,1
2100,4.579758439149373e-08,2,1
2101,2.7751953624033376e-08,2,1
2102,6.885554739710642e-07,3,1
2103,5.298109506668425e-09,4,1
2104,1.0,1,5
2105,1.0,1,5
2106,1.0,1,5
2107,1.0,1,6
2108,1.439893253518676e-07,3,1
2109,1.8549206970419618e-07,3,1
2110,8.83123085770876e-09,7,1
2111,7.57153806318911e-09,8,1
2112,0.9999998807907104,1,6
2113,1.0,1,7
2114,1.0,1,7
2115,1.0,1,5
2116,0.3194165527820587,2,1
2117,0.3164072036743164,2,1
2118,0.998766303062439,1,2
2119,0.10778951644897461,2,1
2120,0.9999999403953552,1,4
2121,1.0,1,6
2122,1.0,1,5
2123,1.0,1,8
2124,1.0616294048304553e-06,3,1
2125,1.6688629500549723e-07,4,1
2126,3.6337389985874324e-08,7,1
2127,4.357112004527153e-08,7,1
2128,0.999854564666748,1,2
2129,1.0,1,4
2130,1.0,1,6
2131,1.0,1,6
2132,1.5838990066185943e-06,3,1
2133,2.1265024940930743e-07,4,1
2134,3.613970633864483e-08,6,1
2135,1.0914546066942421e-07,4,1
2136,0.9999991655349731,1,2
2137,1.0,1,6
2138,1.0,1,5
2139,1.0,1,6
2140,2.6783652629092103e-07,2,1
2141,4.456371627270528e-08,2,1
2142,4.9098037635531e-08,2,1
2143,3.073267862419016e-08,3,1
2144,3.7731966585852206e-05,2,1
2145,0.9999985694885254,1,2
2146,0.9999990463256836,1,2
2147,1.0,1,4
2148,0.1767515242099762,2,1
2149,0.00012377640814520419,3,1
2150,1.0069388736155815e-05,2,1
2151,1.997905201278627e-06,2,1
2152,0.9997389316558838,1,4
2153,1.0,1,6
2154,0.9999994039535522,1,3
2155,1.0,1,6
2156,1.4470474525296595e-06,3,1
2157,1.1069543148778394e-07,2,1
2158,1.1026953217196933e-07,3,1
2159,1.820246886552468e-08,5,1
2160,1.0,1,4
2161,1.0,1,5
2162,1.0,1,5
2163,1.0,1,6
2164,6.1615015312099786e-09,7,1
2165,5.491223031839354e-09,8,1
2166,4.211535120646204e-09,7,1
2167,2.63765898012025e-09,8,1
2168,1.7392241716152057e-05,2,1
2169,3.2276561796606984e-06,4,1
2170,0.9993582367897034,1,2
2171,0.9998008012771606,1,2
2172,4.178266408416675e-06,4,1
2173,1.764502286505376e-07,7,1
2174,1.360183858878372e-07,5,1
2175,6.875482227997054e-08,8,1
2176,1.658248862668188e-07,4,1
2177,3.80436489422209e-07,3,1
2178,0.9999974966049194,1,2
2179,0.9894168376922607,1,2
2180,1.170519567494921e-06,3,1
2181,6.743022851196656e-08,3,1
2182,3.838169604364339e-08,6,1
2183,2.7998499518844255e-08,9,1
2184,1.0,1,8
2185,1.0,1,7
2186,1.0,1,5
2187,1.0,1,6
2188,2.4788325845293002e-06,3,1
2189,5.616871590063965e-07,3,1
2190,3.299023774161469e-07,3,1
2191,4.705917433511786e-07,3,1
2192,1.0,1,2
2193,0.9999998807907104,1,3
2194,1.0,1,2
2195,1.0,1,3
2196,3.921629132541682e-10,16,1
2197,1.0532543726071708e-09,14,1
2198,5.88039672511087e-10,12,1
2199,6.934036123062981e-10,11,1
2200,0.987251341342926,1,2
2201,1.0,1,5
2202,1.0,1,4
2203,1.0,1,5
2204,1.62327523867134e-07,4,1
2205,9.323924388127125e-08,2,1
2206,9.172471671092808e-09,9,1
2207,1.1073761463364917e-08,4,1
2208,1.0,1,5
2209,1.0,1,7
2210,1.0,1,4
2211,1.0,1,7
2212,6.559234932979052e-09,12,1
2213,1.1274139843919784e-08,8,1
2214,3.5277674115263835e-09,12,1
2215,1.574160357620258e-08,9,1
2216,0.9999471306800842,1,2
2217,0.9996995329856873,1,2
2218,1.0,1,3
2219,0.9999877214431763,1,2
2220,7.274191915485062e-08,7,1
2221,2.0585931181926753e-08,3,1
2222,5.530115387841761e-08,2,1
2223,4.2906376229723264e-09,4,1
2224,1.304202783103392e-06,3,1
2225,3.67669805712012e-08,4,1
2226,0.010964622721076012,2,1
2227,2.6406452136029657e-08,5,1
2228,0.0005339431809261441,2,1
2229,5.512051302503096e-06,2,1
2230,0.0042969598434865475,2,1
2231,2.1419335638483972e-08,4,1
2232,1.0,1,4
2233,1.0,1,7
2234,1.0,1,5
2235,1.0,1,4
2236,2.0855590321389172e-07,4,1
2237,0.46436163783073425,2,1
2238,3.094017841931418e-08,4,1
2239,1.3032728247708292e-06,4,1
2240,1.0,1,6
2241,1.0,1,5
2242,1.0,1,4
2243,1.0,1,5
2244,5.335712103260448e-06,3,1
2245,2.5794122393563157e-07,3,1
2246,3.9391484278894495e-06,2,1
2247,7.24982882616132e-08,3,1
2248,1.0,1,3
2249,1.0,1,5
2250,1.0,1,6
2251,0.9999998807907104,1,3
2252,4.054396413266659e-06,3,1
2253,8.088416052487446e-07,3,1
2254,3.911735575456987e-07,2,1
2255,2.2933673449188063e-07,3,1
2256,1.0,1,4
2257,1.0,1,5
2258,1.0,1,5
2259,1.0,1,5
2260,3.6870947951683775e-05,2,1
2261,2.207405714216293e-06,4,1
2262,2.582000888651237e-07,2,1
2263,2.0232219810623064e-07,4,1
2264,1.0223793651675805e-06,3,1
2265,0.01175154373049736,2,1
2266,0.7269415855407715,1,2
2267,0.9999960064888,1,2
2268,5.385945023306249e-10,11,1
2269,3.2577700537217424e-09,6,1
2270,6.585521461488497e-09,4,1
2271,2.5649143253758666e-07,3,1
2272,1.0,1,5
2273,1.0,1,5
2274,1.0,1,5
2275,1.0,1,5
2276,9.418402946437254e-09,4,1
2277,9.790015610633418e-06,2,1
2278,3.484167843126329e-09,5,1
2279,7.30271722204634e-07,2,1
2280,0.9997758865356445,1,2
2281,0.4983691871166229,2,1
2282,0.9999998807907104,1,4
2283,0.9853147268295288,1,2
2284,1.7294766507802706e-08,7,1
2285,1.6072418063117766e-08,6,1
2286,5.141268299979629e-09,10,1
2287,5.806429559385151e-09,5,1
2288,1.0,1,5
2289,1.0,1,4
2290,1.0,1,4
2291,0.9999997615814209,1,2
2292,9.575168405717704e-06,4,1
2293,6.291338650044054e-08,4,1
2294,1.8701848603086546e-05,3,1
2295,1.094704416004788e-08,6,1
2296,0.9999628663063049,1,3
2297,0.9998852610588074,1,2
2298,0.44085755944252014,2,1
2299,0.9995793700218201,1,2
2300,3.306841165340302e-07,3,1
2301,4.296430233807769e-08,4,1
2302,9.881858886728878e-08,4,1
2303,1.7773112759300602e-08,4,1
2304,0.9999973773956299,1,3
2305,1.0,1,6
2306,1.0,1,6
2307,1.0,1,9
2308,8.681042551472729e-09,7,1
2309,3.781237012390193e-08,4,1
2310,7.860114337177038e-09,6,1
2311,1.1057867510544384e-08,5,1
2312,0.9992775321006775,1,3
2313,0.9769193530082703,2,3
2314,0.999988317489624,1,3
2315,0.9999145865440369,1,3
2316,0.0017287619411945343,4,2
2317,8.527898899046704e-05,4,1
2318,1.9355674396592804e-07,4,1
2319,2.3512568247952004e-07,4,1
2320,0.9999988675117493,1,3
2321,0.9999997615814209,1,2
2322,1.0,1,6
2323,1.0,1,5
2324,1.0983022491473093e-07,3,1
2325,2.897506590215926e-07,2,1
2326,1.0968552288659339e-08,9,1
2327,1.7186218670417475e-08,3,1
2328,0.9999986886978149,1,2
2329,6.264039257075638e-05,3,1
2330,0.9999874830245972,1,2
2331,0.0012352712219581008,2,1
2332,4.1619041439844295e-06,4,1
2333,1.9438772369539947e-07,3,1
2334,2.1438307840071502e-07,4,1
2335,2.0682007573213923e-07,3,1
2336,0.9999998807907104,1,3
2337,1.0,1,2
2338,1.0,1,4
2339,1.0,1,6
2340,2.696588126127608e-07,2,1
2341,2.7629801024886547e-07,2,1
2342,2.3343384114582477e-08,7,1
2343,3.711370410997006e-08,6,1
2344,1.0,1,2
2345,0.3639029562473297,2,1
2346,1.0,1,4
2347,1.0,1,5
2348,7.489294517881717e-09,9,1
2349,5.209689390994754e-08,5,1
2350,1.1585429504634703e-08,7,1
2351,3.920579061400531e-08,5,1
2352,0.9999997615814209,1,2
2353,1.0,1,2
2354,1.0,1,2
2355,1.0,1,5
2356,1.1863078725582454e-05,3,1
2357,5.9828768605996174e-09,6,1
2358,0.4602254033088684,2,1
2359,9.882838725161491e-08,4,1
2360,1.0,1,7
2361,0.9999998807907104,1,4
2362,1.0,1,6
2363,1.0,1,5
2364,6.977012162678875e-06,2,1
2365,1.5084589577440966e-08,5,1
2366,0.0005969293415546417,2,1
2367,7.003956969953151e-09,6,1
2368,1.0,1,7
2369,0.9999996423721313,1,3
2370,1.0,1,7
2371,1.0,1,3
2372,1.0,1,12
2373,0.9999998211860657,1,4
2374,1.0,1,4
2375,0.73939448595047,1,2
2376,0.0019230336183682084,2,1
2377,0.004460195079445839,2,1
2378,4.174675632384606e-05,3,1
2379,8.576457730669063e-06,2,1
2380,8.618223290568494e-08,3,1
2381,2.8311948341297466e-08,4,1
2382,1.2009613747920866e-08,4,1
2383,3.058893227603221e-08,3,1
2384,0.06569375842809677,2,1
2385,0.00034770177444443107,2,1
2386,0.08362281322479248,2,1
2387,2.284047468492645e-06,3,1
2388,2.6592794633018e-09,9,1
2389,6.650339834379793e-09,9,1
2390,4.857591662243976e-09,5,1
2391,1.9749615276509758e-09,9,1
2392,1.0,1,6
2393,1.0,1,6
2394,1.0,1,6
2395,1.0,1,6
2396,1.0,1,15
2397,1.0,1,10
2398,1.0,1,7
2399,0.44011765718460083,2,1
2400,1.0,1,8
2401,1.0,1,7
2402,1.0,1,6
2403,1.0,1,6
2404,2.665197484930104e-07,3,1
2405,2.6266253172479992e-08,3,1
2406,8.225663705729858e-09,6,1
2407,1.2902165558159595e-08,4,1
2408,0.9931366443634033,1,2
2409,1.0,1,4
2410,1.0,1,3
2411,1.0,1,4
2412,3.89525887101172e-08,7,1
2413,7.749156338832108e-07,3,1
2414,2.80366885263561e-09,10,1
2415,8.329009482110905e-09,6,1
2416,0.9999997615814209,1,2
2417,0.23265863955020905,2,1
2418,0.9999988079071045,1,2
2419,0.02341758832335472,2,1
2420,2.9545972779487784e-08,4,1
2421,1.3348413041569529e-08,3,1
2422,3.412162641325267e-07,2,1
2423,2.4568727496898646e-08,2,1
2424,0.0001376100117340684,3,1
2425,2.5087050214978035e-09,7,1
2426,0.3500567376613617,2,1
2427,3.1285718460338785e-09,6,1
2428,6.8811709752480965e-06,4,1
2429,1.3683562372079905e-07,4,1
2430,2.8948710451004445e-07,4,1
2431,5.996963814425271e-09,8,1
2432,1.1443114999565296e-05,4,1
2433,1.778280811493005e-08,4,1
2434,2.0664921976276673e-05,3,1
2435,3.4491041134288025e-09,6,1
2436,2.4130369524755224e-07,2,1
2437,1.810872518603901e-08,4,1
2438,5.4632764658890665e-06,2,1
2439,3.4708111940062736e-08,3,1
2440,0.9999991059303284,1,3
2441,1.0,1,4
2442,1.0,1,6
2443,1.0,1,7
2444,1.6377268252654176e-07,5,1
2445,1.184306075430186e-08,8,1
2446,1.2280235495154557e-08,10,1
2447,7.1172667759356045e-09,7,1
2448,0.9998483657836914,1,2
2449,1.0,1,6
2450,0.9999995231628418,1,2
2451,1.0,1,5
2452,1.9017830936718383e-06,4,1
2453,2.2495643747788563e-07,4,1
2454,2.0097151320896955e-07,3,1
2455,1.277143439892825e-07,3,1
2456,3.7294314097380266e-05,2,1
2457,0.1959502398967743,2,1
2458,0.0008055645157583058,2,1
2459,0.33830252289772034,2,1
2460,3.7318079648684943e-07,3,1
2461,1.630576917932558e-07,3,1
2462,3.4005982030294035e-08,6,1
2463,1.504752411563004e-08,5,1
2464,1.0,1,8
2465,1.0,1,7
2466,1.0,1,7
2467,1.0,1,7
2468,6.20165918618909e-09,6,1
2469,0.0023661351297050714,2,1
2470,1.1059618110209612e-08,4,1
2471,0.01987011916935444,2,1
2472,1.0,1,3
2473,0.9994228482246399,1,2
2474,1.0,1,5
2475,1.0,1,3
2476,1.2618953348919604e-07,4,1
2477,1.4651471929028048e-06,4,1
2478,9.390313415735818e-09,6,1
2479,4.129000430452834e-08,2,1
2480,1.0,1,3
2481,1.0,1,5
2482,1.0,1,6
2483,1.0,1,6
2484,1.0703272046441725e-08,8,1
2485,6.320429383777082e-05,2,1
2486,9.244923049323006e-09,7,1
2487,2.9007567263761302e-06,3,1
2488,0.003688196651637554,2,1
2489,0.998380184173584,1,2
2490,0.2281578630208969,2,1
2491,0.010250885970890522,2,1
2492,8.003897988828612e-09,9,1
2493,9.740886319775655e-09,7,1
2494,6.736294633213902e-09,6,1
2495,3.534178505404384e-09,9,1
2496,1.0,1,6
2497,1.0,1,6
2498,1.0,1,6
2499,1.0,1,6
2500,3.025263950462431e-08,6,1
2501,7.678054458892802e-08,3,1
2502,5.008255499205916e-08,5,1
2503,3.785451596627354e-08,5,1
2504,4.315829755796585e-07,2,1
2505,1.5002994757651322e-07,3,1
2506,2.8078444458401464e-08,2,1
2507,7.833265591727923e-09,7,1
2508,9.965594927052734e-07,3,1
2509,0.0001184464999823831,4,1
2510,2.486040102667175e-07,3,1
2511,3.637443796833395e-06,3,1
2512,0.9999315142631531,1,2
2513,2.4521546038158704e-07,5,1
2514,0.9999985694885254,1,2
2515,6.585886502818994e-09,7,1
2516,0.00019127276027575135,2,1
2517,1.8788947272696532e-05,3,1
2518,3.751431520981896e-08,2,1
2519,2.0935814859512902e-08,5,1
2520,0.9666324257850647,1,2
2521,0.9999998807907104,1,3
2522,0.9999997615814209,1,2
2523,1.0,1,4
2524,1.930391135829268e-07,4,1
2525,4.245979141614953e-07,4,1
2526,3.1873469197307713e-08,2,1
2527,5.1140915502401185e-08,2,1
2528,1.0,1,8
2529,1.0,1,5
2530,1.0,1,5
2531,1.0,1,6
2532,2.16160697164014e-06,2,1
2533,5.858735676156357e-06,3,1
2534,3.1166443648089626e-08,8,1
2535,7.486357134212085e-08,2,1
2536,1.0,1,3
2537,1.0,1,5
2538,1.0,1,5
2539,1.0,1,5
2540,4.739285941468552e-06,3,1
2541,5.405318916018587e-06,2,1
2542,2.050715011137072e-07,3,1
2543,3.227615934520145e-07,2,1
2544,1.0,1,2
2545,1.0,1,3
2546,1.0,1,5
2547,1.0,1,3
2548,1.1005768740801614e-08,7,1
2549,1.3975255619413929e-08,4,1
2550,2.1032979802271257e-09,7,1
2551,6.634097715618736e-09,5,1
2552,1.0,1,5
2553,1.0,1,4
2554,1.0,1,5
2555,1.0,1,5
2556,1.265026554619908e-07,6,1
2557,4.067111802896761e-08,8,1
2558,4.070480130735632e-08,8,1
2559,3.271570037099991e-08,8,1
2560,1.0,1,7
2561,1.0,1,5
2562,1.0,1,4
2563,1.0,1,3
2564,3.8942089304327965e-06,4,1
2565,1.3538057430650952e-07,3,1
2566,3.7421777676627244e-08,10,1
2567,2.3840735607905117e-08,5,1
2568,1.0,1,7
2569,1.0,1,8
2570,1.0,1,4
2571,1.0,1,7
2572,0.00012387605966068804,2,1
2573,7.709631404395623e-07,3,1
2574,4.373123829282122e-06,2,1
2575,9.120467439061031e-07,3,1
2576,1.0,1,6
2577,1.0,1,6
2578,1.0,1,6
2579,1.0,1,6
2580,6.804194185860979e-07,3,1
2581,2.650223507316696e-07,4,1
2582,1.7040291311332112e-07,4,1
2583,8.002041340660071e-08,4,1
2584,1.0,1,8
2585,1.0,1,9
2586,1.0,1,4
2587,1.0,1,7
2588,1.669313292040897e-06,2,1
2589,4.1895859226315224e-07,3,1
2590,8.074189850049152e-08,3,1
2591,7.43892982768557e-08,3,1
2592,0.9999678134918213,1,2
2593,1.0,1,4
2594,1.0,1,5
2595,1.0,1,5
2596,2.4708123191885534e-07,3,1
2597,1.636274419070105e-06,3,1
2598,3.3684705158520956e-07,3,1
2599,2.1358317781050573e-07,3,1
2600,0.0006291029276326299,2,1
2601,1.4628178668374403e-09,6,1
2602,0.00852132122963667,2,1
2603,2.511242325198282e-09,5,1
2604,4.1951190610234335e-07,2,1
2605,1.5782043760736997e-07,4,1
2606,1.1474286409907108e-08,5,1
2607,4.426626620812613e-09,6,1
2608,4.696214818977751e-05,3,1
2609,0.9999687671661377,1,2
2610,0.9982894062995911,1,2
2611,0.9999997615814209,1,2
2612,1.4180018048648435e-08,5,1
2613,5.202089869982274e-09,7,1
2614,9.981627968613793e-09,4,1
2615,3.0757350000243378e-09,6,1
2616,0.0006092828698456287,2,1
2617,1.1242339326145157e-07,2,1
2618,0.9983136057853699,1,2
2619,0.0003636895853560418,2,1
2620,4.3915107994507707e-07,5,1
2621,3.7738807634468685e-08,7,1
2622,2.019196010394353e-08,7,1
2623,9.24938525770358e-09,7,1
2624,0.999728262424469,1,2
2625,0.9991311430931091,1,2
2626,1.0,1,6
2627,0.9999984502792358,1,2
2628,1.2650002156888718e-09,6,1
2629,1.9563020092761008e-09,6,1
2630,1.0134768579916908e-09,7,1
2631,3.049152264011923e-09,5,1
2632,1.0,1,4
2633,1.0,1,5
2634,1.0,1,3
2635,1.0,1,5
2636,2.1856649254914373e-06,3,1
2637,1.6859645484146313e-06,2,1
2638,1.5287319854451198e-07,2,1
2639,1.0460875046192086e-06,2,1
2640,2.09151821195519e-07,2,1
2641,2.505355041648727e-06,2,1
2642,1.2529230275504233e-07,2,1
2643,6.568114713445539e-06,2,1
2644,5.260832949716132e-06,4,1
2645,2.151993157895049e-06,3,1
2646,3.256032243825757e-08,6,1
2647,3.147018645677235e-08,5,1
2648,1.0,1,7
2649,1.0,1,7
2650,1.0,1,6
2651,1.0,1,7
2652,2.8701737875280742e-08,12,1
2653,1.9428836139923078e-07,8,1
2654,5.908101119445064e-09,9,1
2655,3.208157650647081e-08,5,1
2656,0.9999895095825195,1,2
2657,1.0,1,5
2658,1.0,1,4
2659,1.0,1,5
2660,4.800150321671026e-08,4,1
2661,4.9240313160225924e-08,4,1
2662,5.145408099593851e-09,8,1
2663,1.3585077063282824e-08,8,1
2664,1.0,1,6
2665,1.0,1,6
2666,1.0,1,6
2667,1.0,1,6
2668,6.237631566818891e-08,6,1
2669,3.9331624179794744e-08,6,1
2670,9.248891430502226e-09,8,1
2671,5.223287136146837e-09,8,1
2672,1.0,1,6
2673,1.0,1,5
2674,1.0,1,6
2675,1.0,1,5
2676,5.565797209783341e-07,3,1
2677,2.5054974983618195e-08,4,1
2678,2.0700865022149628e-08,5,1
2679,4.394473673841048e-09,6,1
2680,0.9999665021896362,1,2
2681,1.0,1,4
2682,0.9999675750732422,1,2
2683,1.0,1,3
2684,1.341288134426577e-05,3,1
2685,1.3943950989414589e-06,3,1
2686,4.662798005483637e-07,3,1
2687,5.128806037646427e-07,3,1
2688,0.004737657494843006,3,1
2689,1.0,1,5
2690,0.0018232958391308784,3,1
2691,1.0,1,6
2692,5.540395432035439e-05,3,1
2693,2.565487022820889e-07,2,1
2694,1.9205359421903268e-05,3,1
2695,4.133341846568328e-08,3,1
2696,0.003986332565546036,3,1
2697,1.0,1,5
2698,0.005774273071438074,2,1
2699,1.0,1,6
2700,5.030969259678386e-05,3,1
2701,8.252937391262094e-07,3,1
2702,4.772467946168035e-05,3,1
2703,6.595133186237945e-07,3,1
2704,1.0,1,7
2705,1.0,1,6
2706,1.0,1,6
2707,1.0,1,6
2708,1.2618471600944758e-07,6,1
2709,1.9595889000356692e-07,6,1
2710,1.0152675855579218e-07,5,1
2711,9.561347980024948e-08,5,1
2712,1.0,1,5
2713,1.0,1,5
2714,1.0,1,5
2715,1.0,1,6
2716,1.1923930287593976e-08,8,1
2717,9.222838457390026e-07,2,1
2718,4.012815857379337e-09,8,1
2719,3.5546492416216324e-09,6,1
2720,1.0,1,5
2721,1.0,1,5
2722,1.0,1,6
2723,1.0,1,6
2724,1.3463425041493338e-08,3,1
2725,1.87132953577418e-09,6,1
2726,7.953160796603242e-09,3,1
2727,1.2493280854286581e-09,6,1
2728,0.9999995231628418,1,2
2729,1.0,1,3
2730,0.9999991655349731,1,2
2731,1.0,1,4
2732,1.9580651766659685e-08,8,1
2733,8.151355501695434e-08,2,1
2734,6.072319980177099e-09,5,1
2735,8.700390452531792e-08,2,1
2736,1.5767462890892148e-09,5,1
2737,1.343258615449372e-09,7,1
2738,6.015313247509368e-10,8,1
2739,1.0521882254366233e-09,7,1
2740,0.9999997615814209,1,3
2741,0.9999998807907104,1,3
2742,1.0,1,2
2743,0.9999979734420776,1,2
2744,1.0,1,6
2745,1.0,1,5
2746,1.0,1,6
2747,1.0,1,6
2748,0.0033387120347470045,3,1
2749,1.664042315496772e-06,4,1
2750,0.07118885219097137,2,1
2751,8.185924826875635e-09,5,1
2752,1.0,1,5
2753,1.0,1,8
2754,1.0,1,7
2755,1.0,1,7
2756,5.674349523587807e-08,6,1
2757,1.0413262430120085e-07,4,1
2758,1.9645668203338573e-08,5,1
2759,4.3849901487647e-08,2,1
2760,0.9998418092727661,1,3
2761,1.0,1,5
2762,1.3318576748133637e-05,3,1
2763,1.0,1,5
2764,4.8195342827739296e-08,7,1
2765,4.6972888867458096e-07,2,1
2766,7.438217153321602e-09,8,1
2767,1.9991311717149074e-08,8,1
2768,0.999997615814209,1,5
2769,0.43026891350746155,2,1
2770,0.9896411299705505,1,2
2771,0.00027828660677187145,2,1
2772,1.095742845791392e-06,4,1
2773,1.198430368276604e-06,2,1
2774,1.0600146538308763e-08,7,1
2775,4.921373530919482e-08,2,1
2776,3.6594774428522214e-05,2,1
2777,0.007729717064648867,2,1
2778,0.0033054177183657885,2,1
2779,0.00010076856415253133,2,1
2780,5.166394657862838e-06,2,1
2781,4.5641226620318776e-07,3,1
2782,3.3922774491657037e-06,2,1
2783,1.7334468793706037e-07,3,1
2784,0.9995913505554199,1,2
2785,0.0009765275754034519,2,1
2786,1.0,1,3
2787,0.24262738227844238,2,1
2788,6.903203342289999e-08,3,1
2789,2.1477605969266733e-06,3,1
2790,0.000161711621331051,2,1
2791,8.887975582183572e-07,3,1
2792,0.9995610117912292,1,2
2793,4.6384383267650264e-07,3,1
2794,0.9999970197677612,1,2
2795,4.400423279093957e-07,3,1
2796,3.4449186614438077e-07,3,1
2797,1.2420921848388389e-05,2,1
2798,2.5306642115197064e-08,4,1
2799,3.760609672553983e-07,2,1
2800,0.00010423102503409609,2,1
2801,0.593795120716095,1,2
2802,1.0296227628714405e-05,2,1
2803,0.6411213874816895,1,2
2804,2.666000398221513e-08,8,1
2805,2.2905904728531823e-08,6,1
2806,6.343825464938391e-09,9,1
2807,5.2303259501229604e-09,10,1
2808,0.9999998807907104,1,3
2809,1.0,1,3
2810,0.9999911785125732,1,2
2811,0.9999998807907104,1,2
2812,8.434253828681904e-08,6,1
2813,2.148243005706263e-08,6,1
2814,1.6159502180812524e-08,8,1
2815,1.634228397051629e-08,6,1
2816,2.560478939983568e-09,7,1
2817,2.4580071311675056e-08,3,1
2818,2.8171824872913476e-09,4,1
2819,2.7532225431059487e-05,2,1
2820,1.023981877068536e-08,9,1
2821,2.0445336090801902e-08,9,1
2822,1.1916088560326443e-08,9,1
2823,1.3144799915210115e-08,9,1
2824,1.0944888328978664e-09,8,1
2825,7.867805296157826e-10,8,1
2826,6.043822664558718e-10,9,1
2827,6.967125765200421e-10,8,1
2828,3.73220299110244e-09,10,1
2829,4.017165267100609e-09,5,1
2830,2.366064899561593e-09,8,1
2831,6.137550023765925e-09,3,1
2832,1.8084205066770664e-06,2,1
2833,2.6969832589429643e-08,5,1
2834,1.463471107854275e-06,2,1
2835,7.807489765809805e-09,6,1
2836,5.105991931486642e-07,7,1
2837,8.290324444715225e-07,4,1
2838,1.019890731868145e-07,4,1
2839,1.426934232995336e-07,5,1
2840,0.9952161908149719,1,2
2841,0.000930672453250736,2,1
2842,0.9157000184059143,1,2
2843,0.0008527518366463482,2,1
2844,3.73220299110244e-09,10,1
2845,4.017165267100609e-09,5,1
2846,2.366064899561593e-09,8,1
2847,6.137550023765925e-09,3,1
2848,0.9999998807907104,1,2
2849,1.0,1,4
2850,1.0,1,6
2851,1.0,1,5
2852,2.8290318709878193e-07,4,1
2853,1.758468748391806e-08,6,1
2854,1.7476452285336563e-08,6,1
2855,8.521323202614894e-09,6,1
2856,0.9999997615814209,1,2
2857,0.06858621537685394,2,1
2858,0.9999966025352478,1,2
2859,0.7046041488647461,1,2
2860,0.0013866680674254894,4,2
2861,6.831411155872047e-06,4,1
2862,1.6403478184656706e-06,4,1
2863,2.0434073633168737e-07,4,1
2864,1.0,1,4
2865,0.9999880790710449,1,2
2866,1.0,1,6
2867,1.0,1,6
2868,0.0013866680674254894,4,2
2869,6.831411155872047e-06,4,1
2870,1.6403478184656706e-06,4,1
2871,2.0434073633168737e-07,4,1
2872,0.9999991655349731,1,2
2873,0.9890494346618652,1,2
2874,1.0,1,6
2875,1.0,1,4
2876,2.3842369856197365e-08,6,1
2877,6.141344321974884e-09,7,1
2878,1.0088601953839316e-08,5,1
2879,5.296532989973457e-09,6,1
2880,0.9999998807907104,1,2
2881,1.0,1,3
2882,0.9999997615814209,1,2
2883,1.0,1,3
2884,1.1571700753165715e-07,4,1
2885,6.233076987882669e-08,4,1
2886,9.655892796445187e-08,3,1
2887,3.7127016128124524e-08,4,1
2888,1.0,1,3
2889,0.9996422529220581,1,2
2890,0.9986263513565063,1,2
2891,0.999586820602417,1,2
2892,4.272603109711781e-05,3,1
2893,0.35239067673683167,2,1
2894,0.9394931793212891,1,2
2895,0.9993570446968079,1,2
2896,1.0,1,5
2897,1.0,1,6
2898,1.0,1,6
2899,1.0,1,5
2900,7.891994755482301e-07,3,1
2901,4.211643158669176e-07,3,1
2902,3.446982077548455e-08,3,1
2903,1.9860989297626475e-08,7,1
2904,0.7452846765518188,1,2
2905,0.0019414101261645555,2,1
2906,9.52837144723162e-05,2,1
2907,1.4241104508982971e-06,3,1
2908,5.059417329533744e-09,7,1
2909,2.6357140470167906e-08,5,1
2910,1.7588645206956244e-08,4,1
2911,5.114537238171124e-09,7,1
2912,1.0,1,4
2913,1.0,1,5
2914,1.0,1,6
2915,1.0,1,6
2916,2.2241003705403273e-08,7,1
2917,2.9961043424009404e-08,5,1
2918,8.903586312669631e-09,8,1
2919,1.3516815222658352e-08,6,1
2920,1.0,1,5
2921,1.0,1,5
2922,1.0,1,5
2923,1.0,1,7
2924,1.3456320857585524e-07,3,1
2925,1.9517902671850607e-07,5,1
2926,2.2988274395174813e-08,6,1
2927,6.650837036659141e-08,6,1
2928,1.0,1,8
2929,1.0,1,9
2930,1.0,1,6
2931,1.0,1,8
2932,4.835450795326324e-07,7,1
2933,2.7485270948091056e-07,7,1
2934,8.810662421865345e-08,7,1
2935,8.437168474983991e-08,6,1
2936,1.488311074382409e-08,8,1
2937,6.2842131498541676e-09,9,1
2938,3.8148844083707445e-09,9,1
2939,4.5328976128189424e-09,9,1
2940,5.05420439367299e-06,3,1
2941,1.1446486780641862e-07,5,1
2942,2.9418329106079e-08,8,1
2943,3.302706019780999e-08,8,1
2944,0.9999999403953552,1,5
2945,1.0,1,8
2946,1.0,1,7
2947,1.0,1,7
2948,3.314348973049164e-08,7,1
2949,1.1858571724587819e-07,3,1
2950,6.135657315553544e-08,4,1
2951,3.3132491239484807e-07,3,1
2952,1.0,1,7
2953,1.0,1,9
2954,1.0,1,7
2955,1.0,1,7
2956,3.231563368899515e-06,3,1
2957,2.578641442596563e-06,3,1
2958,1.2682342287462234e-07,4,1
2959,2.2356105944254523e-07,4,1
2960,0.9999979734420776,1,2
2961,1.0,1,7
2962,1.0,1,7
2963,1.0,1,7
2964,1.156089055598386e-07,2,1
2965,2.6900886496150633e-06,4,1
2966,1.7045204003807157e-07,5,1
2967,1.3307219433045248e-06,5,1
2968,1.0,1,2
2969,1.0,1,5
2970,1.0,1,5
2971,1.0,1,4
2972,2.27239752348396e-07,5,1
2973,2.863100405647856e-07,3,1
2974,2.6751637349775592e-08,5,1
2975,2.2783421371741497e-08,5,1
2976,1.0,1,5
2977,1.0,1,5
2978,1.0,1,4
2979,1.0,1,4
2980,6.637875458181952e-07,4,1
2981,5.349801313059288e-07,4,1
2982,4.815413490177889e-07,3,1
2983,4.1534894990036264e-07,4,1
2984,1.0,1,7
2985,1.0,1,3
2986,1.0,1,4
2987,1.0,1,3
2988,2.1179447529107165e-08,6,1
2989,1.8217823694044455e-08,8,1
2990,1.0323101484743802e-08,7,1
2991,7.0359051917989746e-09,9,1
2992,0.9999809861183167,1,2
2993,0.9911409020423889,1,2
2994,1.0,1,2
2995,0.9999996423721313,1,2
2996,1.83147221832769e-05,4,1
2997,9.343454365762227e-08,3,1
2998,8.918920713085754e-08,6,1
2999,4.478997084333969e-08,5,1
3000,0.9944096803665161,1,3
3001,0.9992398023605347,1,3
3002,0.9999691247940063,1,2
3003,0.9999998807907104,1,2
3004,2.497937202861067e-06,3,1
3005,2.335766794203664e-06,3,1
3006,6.07965148446965e-07,2,1
3007,4.181541441994341e-07,3,1
3008,0.9999425411224365,1,2
3009,1.0,1,5
3010,0.9999998807907104,1,2
3011,1.0,1,5
3012,1.5561557376031487e-08,3,1
3013,1.1834702036139788e-06,2,1
3014,1.8248395861064637e-07,3,1
3015,6.966520231799223e-07,2,1
3016,1.0,1,10
3017,1.0,1,5
3018,1.0,1,3
3019,1.0,1,4
3020,1.0929128393399878e-06,3,1
3021,1.8004435560214915e-06,3,1
3022,2.282748390314282e-08,9,1
3023,6.89954475774357e-08,3,1
3024,0.9999998807907104,1,3
3025,0.9999998807907104,1,3
3026,0.9887596368789673,1,2
3027,0.9999976754188538,1,2
3028,3.8015294023807655e-08,6,1
3029,5.617448195494035e-08,2,1
3030,5.8210214426424045e-09,5,1
3031,2.623856332206742e-08,2,1
3032,1.0,1,6
3033,1.0,1,6
3034,1.0,1,4
3035,1.0,1,6
3036,7.647307853630991e-08,6,1
3037,4.7316660811702604e-08,5,1
3038,2.0249007803840868e-08,9,1
3039,1.5029797850729665e-08,5,1
3040,1.0,1,4
3041,1.0,1,6
3042,1.0,1,2
3043,1.0,1,5
3044,7.085684501362266e-07,3,1
3045,1.8315465695195599e-06,2,1
3046,2.2610872463246778e-07,2,1
3047,3.66720172451096e-07,2,1
3048,1.0,1,6
3049,1.0,1,6
3050,1.0,1,5
3051,1.0,1,5
3052,7.14208852059528e-07,3,1
3053,7.242697108722496e-08,3,1
3054,5.9363671311984945e-08,2,1
3055,3.6106843737115923e-08,4,1
3056,1.0,1,5
3057,1.0,1,5
3058,1.0,1,4
3059,1.0,1,4
3060,7.81937075089445e-08,4,1
3061,8.081158739514649e-06,3,1
3062,9.13812741032416e-08,4,1
3063,4.765239793869114e-07,3,1
3064,1.0,1,6
3065,1.0,1,6
3066,1.0,1,5
3067,1.0,1,6
3068,3.676556161735789e-06,3,1
3069,1.5025787547529035e-07,2,1
3070,5.154349835834182e-08,5,1
3071,1.662701265559008e-08,4,1
3072,1.0,1,5
3073,1.0,1,5
3074,1.0,1,5
3075,1.0,1,5
3076,2.6185920987131794e-08,6,1
3077,5.6000186710036814e-09,5,1
3078,1.7952524800080027e-08,5,1
3079,2.0136683431815072e-09,5,1
3080,1.0,1,7
3081,1.0,1,7
3082,1.0,1,6
3083,1.0,1,6
3084,4.6298484335238754e-07,6,1
3085,4.420967769647177e-08,8,1
3086,2.02647303382264e-08,8,1
3087,1.657470782845394e-08,8,1
3088,0.016721205785870552,2,1
3089,0.00788341835141182,2,1
3090,2.4646962629049085e-05,2,1
3091,0.0009419233538210392,2,1
3092,6.835129170212895e-06,3,1
3093,2.2169940905314434e-07,4,1
3094,6.964143750565199e-08,4,1
3095,2.7611354980194847e-08,5,1
3096,2.3758539100526832e-05,2,1
3097,3.0632530979346484e-05,2,1
3098,0.00136879226192832,2,1
3099,0.9645560383796692,1,2
3100,2.882931312342407e-06,3,1
3101,1.6315880202455446e-07,3,1
3102,1.760053436328235e-07,4,1
3103,4.555774069103791e-08,5,1
3104,1.0,1,5
3105,1.0,1,5
3106,1.0,1,5
3107,1.0,1,5
3108,5.7311389412006974e-08,5,1
3109,6.315468681350467e-08,3,1
3110,1.6037477124086763e-08,4,1
3111,5.051512985687623e-08,3,1
3112,1.0,1,6
3113,1.0,1,4
3114,1.0,1,6
3115,1.0,1,4
3116,2.1856030798517168e-06,3,1
3117,1.3459630565648695e-07,3,1
3118,2.301091051037929e-08,6,1
3119,3.895110012308578e-08,4,1
3120,0.03783503174781799,2,1
3121,0.9999992847442627,1,2
3122,0.9999275803565979,1,2
3123,0.9999995231628418,1,2
3124,2.1605433175864164e-06,5,1
3125,3.671611352729087e-07,4,1
3126,5.271481384738763e-08,6,1
3127,7.266800849947685e-08,4,1
3128,1.0,1,4
3129,1.0,1,4
3130,1.0,1,5
3131,1.0,1,4
3132,1.0725166248448659e-05,3,1
3133,9.843027328315657e-06,3,1
3134,9.206918605286774e-08,6,1
3135,1.1892569773408468e-07,3,1
3136,0.9999922513961792,1,2
3137,0.9999998807907104,1,3
3138,1.0,1,2
3139,1.0,1,6
3140,5.996396623686451e-08,7,1
3141,5.673863512356547e-08,7,1
3142,1.629975976413789e-08,9,1
3143,1.2766673052055921e-08,8,1
3144,0.005970021244138479,2,1
3145,0.9936597943305969,1,2
3146,0.9999998807907104,1,2
3147,0.9999997615814209,1,2
3148,8.566910025820107e-08,5,1
3149,1.734950387799472e-06,3,1
3150,5.020756788098879e-08,5,1
3151,9.560231717387069e-08,4,1
3152,5.233380875324656e-07,3,1
3153,0.9991147518157959,1,2
3154,0.9999994039535522,1,2
3155,1.0,1,4
3156,4.058091107594919e-08,7,1
3157,3.065282427883176e-08,5,1
3158,2.910914620457561e-09,9,1
3159,6.425500131967965e-09,8,1
3160,0.9999998211860657,1,4
3161,1.0,1,5
3162,0.9999997019767761,1,3
3163,0.9999998211860657,1,4
3164,6.729158030793769e-08,6,1
3165,1.6908932920500774e-08,7,1
3166,9.337838946521515e-09,11,1
3167,9.513152932072444e-09,11,1
3168,0.9999996423721313,1,2
3169,1.0,1,4
3170,0.9999910593032837,1,2
3171,0.9999877214431763,1,2
3172,1.023997882043659e-07,3,1
3173,1.290490558858437e-07,3,1
3174,2.00064569355618e-08,6,1
3175,5.637305733330322e-08,3,1
3176,1.0,1,6
3177,1.0,1,2
3178,1.0,1,6
3179,1.0,1,6
3180,1.0547510100877844e-06,3,1
3181,4.1775841452817986e-08,4,1
3182,2.2963602575032382e-08,9,1
3183,9.374743648038475e-09,8,1
3184,1.0,1,9
3185,0.999997615814209,1,2
3186,1.0,1,6
3187,1.0,1,3
3188,2.95823525675587e-07,9,1
3189,4.817192120754044e-07,6,1
3190,2.5009331494629805e-08,7,1
3191,1.89393105642921e-08,5,1
3192,0.9974372386932373,1,2
3193,1.0,1,5
3194,0.9717130064964294,1,2
3195,1.0,1,5
3196,1.0547510100877844e-06,3,1
3197,4.1775841452817986e-08,4,1
3198,2.2963602575032382e-08,9,1
3199,9.374743648038475e-09,8,1
3200,1.0,1,5
3201,1.0,1,3
3202,1.0,1,5
3203,1.0,1,4
3204,3.526815248733328e-07,3,1
3205,5.2193968258507084e-08,3,1
3206,4.622233618079008e-08,6,1
3207,1.1813436451291182e-08,5,1
3208,1.0,1,5
3209,1.0,1,6
3210,1.0,1,5
3211,1.0,1,6
3212,1.4034111472938093e-07,4,1
3213,1.9205967305424565e-07,3,1
3214,3.200101517109033e-09,7,1
3215,1.194788090685961e-08,5,1
3216,0.0006653312011621892,2,1
3217,0.0480913445353508,2,1
3218,0.5322921872138977,1,2
3219,0.00021570330136455595,2,1
3220,2.2366453578115397e-08,4,1
3221,4.693545108125363e-08,2,1
3222,0.00022203770640771836,2,1
3223,1.1215220752092137e-08,3,1
3224,1.0,1,5
3225,1.0,1,7
3226,1.0,1,3
3227,1.0,1,6
3228,9.980770876438783e-09,7,1
3229,2.1680421014025342e-08,5,1
3230,8.194844802744683e-09,5,1
3231,7.076009556072904e-09,7,1
3232,0.99996018409729,1,2
3233,1.0,1,4
3234,0.9999998807907104,1,2
3235,1.0,1,4
3236,1.8985392102877086e-07,2,1
3237,1.7665641394160048e-08,6,1
3238,1.2424521855791681e-07,2,1
3239,1.4853957175375854e-08,6,1
3240,0.30079370737075806,2,1
3241,4.366004304756643e-07,4,1
3242,0.5183833241462708,1,2
3243,1.238107870449312e-06,2,1
3244,1.1434850399894003e-08,4,1
3245,1.1305322544785668e-07,2,1
3246,9.15478270968606e-09,5,1
3247,3.223879829761245e-08,5,1
3248,0.9999903440475464,1,2
3249,1.0,1,6
3250,1.0,1,4
3251,1.0,1,6
3252,0.010755762457847595,2,1
3253,8.783710825355229e-08,2,1
3254,8.232772961491719e-05,2,1
3255,3.0244447657423734e-07,2,1
3256,0.9999998807907104,1,2
3257,1.0,1,4
3258,1.0,1,4
3259,1.0,1,3
3260,1.712477093462894e-08,7,1
3261,4.335317527193183e-08,3,1
3262,8.393999273437203e-09,8,1
3263,8.331583423171196e-09,6,1
3264,0.009865629486739635,2,1
3265,0.017851080745458603,2,1
3266,0.9343106746673584,1,2
3267,0.9987646341323853,1,2
3268,0.9999560117721558,1,2
3269,0.00042252434650436044,2,1
3270,0.9999973177909851,1,2
3271,0.36488714814186096,2,1
3272,0.9999884366989136,1,2
3273,0.2396509051322937,2,1
3274,0.9999998807907104,1,2
3275,0.8599116206169128,1,2
3276,1.4476141174668555e-08,7,1
3277,1.3588651981422117e-08,8,1
3278,4.606669712359235e-09,8,1
3279,8.238821180839295e-09,6,1
3280,1.0,1,9
3281,0.9999973177909851,1,4
3282,1.0,1,5
3283,1.0,1,2
3284,9.657108535066072e-08,5,1
3285,1.4755391930521e-07,6,1
3286,2.981168734095263e-08,7,1
3287,2.0903016206830216e-08,7,1
3288,0.9995431900024414,1,2
3289,0.9999982118606567,1,3
3290,0.999990701675415,1,2
3291,0.9999990463256836,1,2
3292,7.081453645696456e-08,7,1
3293,6.443457891691651e-07,2,1
3294,9.278150692182408e-09,8,1
3295,2.470632054496491e-08,4,1
3296,0.9987196922302246,1,2
3297,0.9999998807907104,1,2
3298,1.0,1,2
3299,0.9999997615814209,1,2
3300,3.3541208921405996e-08,7,1
3301,4.6715292967292044e-08,3,1
3302,1.8506685961483527e-08,5,1
3303,2.986250891012787e-08,2,1
3304,0.9999750852584839,1,2
3305,1.0,1,4
3306,0.9463862776756287,1,2
3307,1.0,1,5
3308,2.871680919724895e-07,3,1
3309,5.009783876630536e-08,2,1
3310,1.909637425967503e-08,7,1
3311,1.6929163848544704e-08,4,1
3312,1.0,1,6
3313,0.0001223261351697147,2,1
3314,1.0,1,6
3315,1.1755533932955586e-06,2,1
3316,0.00021269785065669566,2,1
3317,0.0023110106121748686,2,1
3318,4.3319710130163e-06,3,1
3319,9.388643957208842e-05,2,1
3320,1.0,1,3
3321,1.0,1,6
3322,1.0,1,6
3323,1.0,1,6
3324,9.60202328315063e-07,5,1
3325,1.0903747238444339e-07,5,1
3326,3.9023085207645636e-08,4,1
3327,2.0357900254452943e-08,5,1
3328,0.9999986886978149,1,2
3329,0.999976634979248,1,2
3330,1.0,1,5
3331,1.0,1,4
3332,2.811945307712449e-07,4,1
3333,5.925729240630062e-09,5,1
3334,9.733535222267164e-08,3,1
3335,3.787557822931831e-09,4,1
3336,1.0,1,7
3337,1.0,1,7
3338,1.0,1,6
3339,1.0,1,6
3340,2.7499270800035447e-05,3,1
3341,2.8144302632426843e-05,3,1
3342,6.80291023513746e-08,4,1
3343,2.1219972268227139e-07,3,1
3344,1.0,1,3
3345,1.0,1,5
3346,1.0,1,3
3347,1.0,1,5
3348,5.686036974594799e-09,10,1
3349,3.1109526066330773e-09,9,1
3350,1.284519379751714e-09,12,1
3351,1.0524912053000435e-09,9,1
3352,1.0,1,6
3353,1.0,1,5
3354,1.0,1,3
3355,1.0,1,5
3356,2.2353967210619885e-07,4,1
3357,1.8215423835954425e-08,8,1
3358,5.215432530292219e-09,9,1
3359,3.6916991685842504e-09,9,1
3360,1.0,1,5
3361,1.0,1,5
3362,1.0,1,5
3363,1.0,1,4
3364,8.436412826995365e-06,4,1
3365,1.0319597549823811e-06,2,1
3366,1.6359226151507755e-07,4,1
3367,8.000375828487449e-08,3,1
3368,1.0,1,5
3369,0.9999998807907104,1,3
3370,1.0,1,2
3371,1.0,1,3
3372,2.328719347133301e-06,4,1
3373,6.688544090138748e-06,2,1
3374,1.5457814583896834e-08,7,1
3375,4.2920891729636423e-08,3,1
3376,1.0,1,3
3377,1.0,1,5
3378,0.9999414086341858,1,2
3379,1.0,1,5
3380,1.5542776736765518e-06,4,1
3381,7.497888532270736e-08,3,1
3382,1.7896116588644873e-08,8,1
3383,1.6375169664684108e-08,7,1
3384,0.9999889135360718,1,2
3385,0.9999986886978149,1,2
3386,0.9999998807907104,1,3
3387,1.0,1,3
3388,1.1642494428087957e-05,4,1
3389,1.2474797586037312e-05,4,1
3390,4.942363375448622e-06,4,1
3391,9.488476848673599e-07,3,1
3392,1.0,1,7
3393,1.0,1,4
3394,1.0,1,2
3395,1.0,1,4
3396,1.856727294580196e-06,2,1
3397,1.0851794485233768e-07,2,1
3398,1.439381858148181e-08,4,1
3399,2.1750958367761086e-08,3,1
3400,0.9988042712211609,1,2
3401,0.9387692213058472,1,2
3402,0.9999933242797852,1,2
3403,0.9999558329582214,1,2
3404,3.8504737176481285e-07,3,1
3405,7.04608623891545e-07,2,1
3406,2.192711434645389e-08,4,1
3407,4.470086523156169e-08,3,1
3408,0.9999942183494568,1,3
3409,1.0,1,11
3410,1.0,1,2
3411,1.0,1,8
3412,4.2661034171942447e-07,4,1
3413,7.048022325761849e-07,3,1
3414,3.4882592814255986e-08,5,1
3415,1.3708043411497783e-07,3,1
3416,0.9596136212348938,1,2
3417,0.9999462366104126,1,2
3418,0.9993476271629333,1,2
3419,0.9999986886978149,1,2
3420,7.409899893673355e-08,6,1
3421,1.7514470584956143e-07,3,1
3422,1.2469792309843797e-08,9,1
3423,4.6219859939355956e-08,4,1
3424,1.0,1,5
3425,1.0,1,7
3426,1.0,1,6
3427,1.0,1,6
3428,8.188829170308054e-09,3,1
3429,8.117064353996284e-09,5,1
3430,1.1700756630261822e-07,2,1
3431,1.9824918595645613e-08,2,1
3432,1.0,1,4
3433,1.0,1,4
3434,1.0,1,6
3435,1.0,1,5
3436,2.1251477022588006e-08,6,1
3437,1.0140962736215897e-08,6,1
3438,6.676215580370126e-09,8,1
3439,2.7668487501131267e-09,7,1
3440,1.0,1,5
3441,1.0,1,5
3442,1.0,1,6
3443,1.0,1,6
3444,6.985853815422161e-07,3,1
3445,1.1566137203544713e-07,3,1
3446,1.5536556929873768e-08,4,1
3447,1.332142751664378e-08,4,1
3448,0.9999852180480957,1,2
3449,1.0,1,3
3450,0.9999276399612427,1,2
3451,1.0,1,3
3452,2.3884032998466864e-05,3,1
3453,1.0089261195389554e-06,3,1
3454,6.452325465033937e-07,2,1
3455,5.218918772698089e-07,3,1
3456,1.0,1,4
3457,1.0,1,6
3458,1.0,1,6
3459,1.0,1,6
3460,2.4209105831118904e-08,7,1
3461,1.63152513721343e-08,6,1
3462,2.3655386982568416e-08,7,1
3463,2.08619521657738e-08,5,1
3464,1.0,1,7
3465,1.0,1,7
3466,1.0,1,6
3467,1.0,1,6
3468,1.268433243239997e-05,3,1
3469,2.4107205263135256e-06,3,1
3470,1.0237070569019124e-07,4,1
3471,9.170414045911457e-07,3,1
3472,1.0,1,5
3473,0.21869026124477386,2,1
3474,1.0,1,2
3475,0.0008731961715966463,2,1
3476,0.9999410510063171,1,2
3477,0.9975752830505371,1,2
3478,0.9999996423721313,1,2
3479,0.9999714493751526,1,2
3480,0.011702115647494793,2,1
3481,0.0017137839458882809,2,1
3482,0.9991353750228882,1,2
3483,0.5949355959892273,1,2
3484,2.606251428005635e-06,4,1
3485,2.9453437946358463e-06,3,1
3486,9.506084097665735e-07,3,1
3487,1.3713298585571465e-06,3,1
3488,0.0033280663192272186,2,1
3489,1.4769771894407313e-07,3,1
3490,2.896998125834216e-07,3,1
3491,1.6835556948535668e-08,4,1
3492,6.58062759839595e-08,4,1
3493,8.268094461527653e-06,3,1
3494,0.06251701712608337,2,1
3495,0.007581803482025862,2,1
3496,0.0002887104928959161,4,2
3497,1.2613818398676813e-06,5,1
3498,1.876652277132962e-05,4,1
3499,5.8650675782701e-07,4,1
3500,1.1606668692820676e-07,6,1
3501,8.130348305712687e-08,4,1
3502,8.426048303533662e-09,10,1
3503,4.1364653924347294e-08,4,1
3504,1.0,1,4
3505,0.9999985098838806,1,2
3506,1.0,1,5
3507,1.0,1,3
3508,2.7556602617551107e-06,5,1
3509,1.0814379436396848e-07,6,1
3510,7.765643772472686e-08,5,1
3511,1.57798780264784e-07,4,1
3512,1.0,1,5
3513,1.0,1,5
3514,1.0,1,5
3515,1.0,1,5
3516,3.2725841947467416e-07,4,1
3517,2.929576403687406e-08,7,1
3518,3.389848401980089e-08,9,1
3519,2.0893773822194817e-08,7,1
3520,0.9999998211860657,1,10
3521,0.999980092048645,2,8
3522,0.7672486901283264,1,2
3523,0.9775716066360474,1,3
3524,4.106373552303921e-08,12,1
3525,8.205249457660102e-08,4,1
3526,4.692764399294447e-09,11,1
3527,6.584981893098529e-09,6,1
3528,0.9999998807907104,1,3
3529,1.0,1,4
3530,1.0,1,4
3531,1.0,1,5
3532,0.6578931212425232,1,2
3533,0.0004351769166532904,2,1
3534,0.9989745020866394,1,2
3535,0.5574378371238708,1,2
3536,0.9339362978935242,1,2
3537,0.0017351857386529446,2,1
3538,0.7176855802536011,1,2
3539,0.524048388004303,1,2
3540,0.15728849172592163,2,1
3541,2.3312104246997478e-08,5,1
3542,0.00669868616387248,2,1
3543,9.875786410873388e-09,5,1
3544,0.9999569654464722,1,2
3545,1.0,1,5
3546,1.0,1,3
3547,1.0,1,5
3548,0.0004147853469476104,2,1
3549,1.2195062737418993e-08,6,1
3550,0.008098375052213669,2,1
3551,1.3026768996837745e-08,5,1
3552,0.9999996423721313,1,3
3553,0.9999935030937195,1,3
3554,1.0,1,3
3555,0.9999964833259583,1,2
3556,0.9753626585006714,1,2
3557,0.0006902914028614759,2,1
3558,0.9946438074111938,1,2
3559,9.882957783702295e-06,3,1
3560,9.461619754347339e-08,4,1
3561,1.7347847460769117e-05,2,1
3562,2.3833957030205966e-08,4,1
3563,0.0012822693679481745,2,1
3564,4.104150264083728e-08,6,1
3565,6.3941296701841566e-09,7,1
3566,5.129488300781304e-08,6,1
3567,5.204064734698477e-09,7,1
3568,4.044168520067615e-07,3,1
3569,6.349359438218016e-08,2,1
3570,1.0170663244934985e-07,3,1
3571,5.722443674471833e-08,2,1
3572,1.8042092619907635e-07,3,1
3573,7.650246658386095e-09,5,1
3574,5.742498032645926e-08,4,1
3575,4.35380220764614e-09,7,1
3576,0.9998660683631897,1,2
3577,1.0,1,3
3578,0.9999899864196777,1,2
3579,0.9999985694885254,1,2
3580,1.4550084870279534e-07,3,1
3581,2.4587620828242507e-08,4,1
3582,6.930919393965951e-09,9,1
3583,8.71844463290472e-09,5,1
3584,0.9999997615814209,1,2
3585,0.9999315142631531,1,2
3586,0.9999998807907104,1,2
3587,0.9997695088386536,1,2
3588,2.200517883466091e-07,4,1
3589,9.481492213581078e-08,2,1
3590,2.4798717745966314e-08,8,1
3591,1.4233833667276485e-08,5,1
3592,1.0,1,4
3593,0.9999997615814209,1,2
3594,1.0,1,3
3595,1.0,1,4
3596,1.138413381340797e-06,6,1
3597,2.516327697321685e-07,4,1
3598,4.955318377852791e-09,9,1
3599,8.172322374377927e-09,8,1
3600,1.0,1,3
3601,0.6309230327606201,1,2
3602,0.9999992847442627,1,2
3603,0.9999998807907104,1,2
3604,3.2706100228097057e-07,3,1
3605,2.0207991724419117e-07,4,1
3606,4.3313064246319755e-09,9,1
3607,6.030549393187812e-09,8,1
3608,0.005925566889345646,2,1
3609,0.999969482421875,1,2
3610,0.9997625946998596,1,2
3611,0.9993358254432678,1,2
3612,0.9533255100250244,1,2
3613,0.42233991622924805,2,1
3614,0.9999998807907104,1,3
3615,0.08384934812784195,2,1
3616,0.9999957084655762,1,3
3617,0.999971866607666,1,2
3618,0.9996156096458435,1,2
3619,0.9999601244926453,1,2
3620,3.2754334799989238e-09,8,1
3621,1.1561859025732701e-07,3,1
3622,4.53166082436951e-09,6,1
3623,5.897656762954284e-08,5,1
3624,0.8894665837287903,1,2
3625,0.13019943237304688,2,1
3626,0.9962159395217896,1,2
3627,1.4894183550495654e-05,2,1
3628,3.1081478937267093e-06,4,1
3629,2.1343987555155763e-06,2,1
3630,6.850160571048036e-05,2,1
3631,2.621245812406414e-06,2,1
3632,0.9963619112968445,1,2
3633,0.9888185858726501,1,2
3634,0.9987125992774963,1,2
3635,0.9989214539527893,1,2
3636,3.1081478937267093e-06,4,1
3637,2.1343987555155763e-06,2,1
3638,6.850160571048036e-05,2,1
3639,2.621245812406414e-06,2,1
3640,1.97958797798492e-06,4,1
3641,1.0,1,6
3642,1.554394373215473e-07,2,1
3643,1.0,1,7
3644,2.657932782312855e-06,2,1
3645,8.052345457087995e-09,11,1
3646,2.483847794110261e-08,5,1
3647,1.9626444913711794e-09,11,1
3648,1.0835718988744247e-08,5,1
3649,0.7288855314254761,1,2
3650,2.162486190115942e-09,6,1
3651,0.0002323930530110374,2,1
3652,4.444462220476453e-08,3,1
3653,1.4089143007822713e-07,4,1
3654,3.041983998031128e-09,7,1
3655,1.139798655458435e-08,10,1
3656,1.4157757505017798e-05,2,1
3657,1.0,1,5
3658,2.227590448455885e-05,2,1
3659,1.0,1,5
3660,1.1877757515321719e-06,2,1
3661,1.7192618884109834e-07,4,1
3662,8.86102746733286e-09,5,1
3663,2.601630555432166e-08,6,1
3664,1.0,1,7
3665,1.0,1,7
3666,1.0,1,5
3667,1.0,1,7
3668,4.045131873908758e-08,5,1
3669,2.055016068425175e-07,3,1
3670,1.4676059478802017e-08,9,1
3671,6.612208380829543e-08,7,1
3672,1.0,1,3
3673,0.9999994039535522,1,3
3674,1.0,1,4
3675,1.0,1,4
3676,4.5606539060827345e-06,4,1
3677,3.694568988521496e-07,2,1
3678,4.3161196572327754e-07,3,1
3679,1.822926236627609e-07,2,1
3680,1.0,1,5
3681,1.0,1,5
3682,1.0,1,6
3683,1.0,1,6
3684,7.776586596897062e-10,13,1
3685,1.9225820935275806e-08,5,1
3686,1.8961000591843913e-07,4,1
3687,0.002212991239503026,2,1
3688,0.9992532730102539,1,2
3689,0.9764001965522766,1,2
3690,0.996421754360199,1,2
3691,0.9999990463256836,1,2
3692,0.008041121996939182,2,1
3693,0.12227325886487961,2,1
3694,0.9999280571937561,1,2
3695,0.9947563409805298,1,2
3696,0.999965488910675,1,2
3697,3.3781911042751744e-05,3,1
3698,0.9999228715896606,1,2
3699,5.871050234418362e-06,2,1
3700,0.000209116842597723,2,1
3701,4.962669208907755e-07,3,1
3702,0.9836732149124146,1,2
3703,8.445582011518127e-07,3,1
3704,1.0,1,4
3705,0.9999999403953552,1,3
3706,1.0,1,5
3707,1.0,1,3
3708,1.140698913104643e-08,7,1
3709,1.7332412838300115e-08,3,1
3710,1.5837885314340383e-07,3,1
3711,1.3212364535775123e-08,5,1
3712,1.0,1,5
3713,0.9999948143959045,1,2
3714,1.0,1,4
3715,0.9999323487281799,1,2
3716,1.0821018037177055e-07,2,1
3717,2.5513945729471743e-06,3,1
3718,5.704166472497718e-09,6,1
3719,7.128369361453224e-08,4,1
3720,1.0,1,6
3721,1.0,1,4
3722,1.0,1,7
3723,1.0,1,5
3724,2.119056080118753e-05,3,1
3725,1.7724494227877585e-06,3,1
3726,4.090025868208613e-06,3,1
3727,8.631581067675143e-07,3,1
3728,0.11302275210618973,2,1
3729,1.0,1,4
3730,1.0,1,2
3731,1.0,1,5
3732,1.0952397133223712e-05,4,1
3733,6.915896619830164e-07,4,1
3734,9.357523822473013e-07,3,1
3735,1.9783645655024884e-07,3,1
3736,0.9999998807907104,1,2
3737,1.0,1,2
3738,1.0,1,4
3739,1.0,1,4
3740,1.1624979379121214e-05,2,1
3741,1.1188689086338854e-07,2,1
3742,2.7037408756314107e-08,3,1
3743,1.3725433234412776e-08,6,1
3744,0.0005266745574772358,2,1
3745,0.9924691319465637,1,2
3746,0.8878344297409058,1,2
3747,0.9940203428268433,1,2
3748,0.9986714124679565,1,2
3749,2.0903299002839049e-07,4,1
3750,0.9997708201408386,1,2
3751,8.63996501720976e-06,2,1
3752,2.8133069918112596e-06,3,1
3753,4.746803394795052e-09,6,1
3754,0.9996510148048401,1,2
3755,0.9998561143875122,1,2
3756,0.0003452666860539466,3,1
3757,3.984833938375232e-07,3,1
3758,2.6195166924480873e-07,2,1
3759,1.3334417126031894e-08,4,1
3760,1.0,1,5
3761,1.0,1,6
3762,1.0,1,6
3763,1.0,1,6
3764,0.0003452666860539466,3,1
3765,3.984833938375232e-07,3,1
3766,2.6195166924480873e-07,2,1
3767,1.3334417126031894e-08,4,1
3768,0.9999973177909851,1,2
3769,1.0,1,5
3770,1.0,1,5
3771,1.0,1,6
3772,1.9369026631466113e-05,3,1
3773,7.101959909050493e-08,4,1
3774,2.2025130874681054e-06,3,1
3775,4.9437179683309296e-08,4,1
3776,3.3663858367560806e-09,9,1
3777,0.9961493611335754,1,2
3778,8.619468694348598e-09,4,1
3779,0.9999964237213135,1,2
3780,0.00012120707106078044,3,1
3781,1.4666231891169446e-06,3,1
3782,1.0847116755030584e-05,3,1
3783,4.000079911747889e-07,2,1
3784,1.0,1,6
3785,1.0,1,6
3786,1.0,1,6
3787,1.0,1,6
3788,3.146563187783613e-08,12,1
3789,3.2413421990895586e-07,4,1
3790,5.5479283389558987e-08,7,1
3791,1.2581944019984803e-07,4,1
3792,1.0,1,10
3793,1.0,1,8
3794,1.0,1,6
3795,1.0,1,5
3796,4.229038495395798e-06,5,1
3797,4.6439845391432755e-06,4,1
3798,8.420640256190381e-07,6,1
3799,1.1774030781452893e-06,3,1
3800,1.0,1,5
3801,1.0,1,5
3802,1.0,1,5
3803,1.0,1,4
3804,6.785067796499789e-08,15,1
3805,1.1954036835959414e-06,6,1
3806,3.924147407019518e-08,11,1
3807,2.0907491204980033e-07,4,1
3808,1.0,1,6
3809,1.0,1,6
3810,1.0,1,4
3811,1.0,1,5
3812,1.4489926343230763e-06,3,1
3813,5.636069317915826e-07,3,1
3814,3.221544275788801e-08,9,1
3815,2.813543709123678e-08,8,1
3816,1.0,1,4
3817,1.0,1,5
3818,1.0,1,2
3819,1.0,1,5
3820,6.703926374029834e-06,3,1
3821,2.7761970500250754e-07,3,1
3822,2.697005641039141e-07,4,1
3823,8.23551218331886e-08,4,1
3824,1.0,1,5
3825,1.0,1,3
3826,1.0,1,5
3827,1.0,1,6
3828,9.84651693514138e-10,13,1
3829,2.9232778420151817e-09,8,1
3830,5.027218641373565e-10,11,1
3831,1.2740830612756326e-09,8,1
3832,1.0,1,7
3833,0.9999998807907104,1,3
3834,1.0,1,5
3835,0.9999998807907104,1,2
3836,9.054359907167964e-06,4,1
3837,6.921119620528771e-06,3,1
3838,1.9106801119050942e-07,4,1
3839,4.837493747800181e-07,3,1
3840,1.0,1,5
3841,1.0,1,6
3842,0.9999997615814209,1,2
3843,1.0,1,5
3844,8.574854746257188e-07,10,1
3845,6.308754564088304e-06,3,1
3846,5.115789392107217e-08,11,1
3847,2.667185867721855e-07,4,1
3848,1.0,1,3
3849,1.0,1,4
3850,0.9999997615814209,1,2
3851,1.0,1,4
3852,9.464632739764056e-07,4,1
3853,9.677147545517073e-07,4,1
3854,1.8909494414742767e-08,9,1
3855,1.5052468427256827e-07,4,1
3856,1.7325530279777013e-05,3,1
3857,1.0,1,5
3858,3.199754792149179e-05,2,1
3859,1.0,1,5
3860,3.768852252505894e-08,7,1
3861,1.2773566204771214e-08,6,1
3862,1.6355098608755725e-08,7,1
3863,6.9201537833407656e-09,6,1
3864,1.0,1,8
3865,1.0,1,5
3866,1.0,1,5
3867,1.0,1,5
3868,2.7496002985571977e-06,3,1
3869,3.1022324264995405e-07,2,1
3870,5.809910419429798e-08,5,1
3871,1.439797046032254e-07,3,1
3872,0.11547240614891052,2,1
3873,0.9994906783103943,1,2
3874,0.9999440908432007,1,2
3875,0.9999895095825195,1,2
3876,6.002495069878933e-07,3,1
3877,6.391315565679179e-08,2,1
3878,7.243152140290476e-07,3,1
3879,1.5886412185750487e-08,4,1
3880,1.0,1,4
3881,1.0,1,4
3882,1.0,1,4
3883,1.0,1,5
3884,4.455765978406134e-09,6,1
3885,3.0366218428667935e-09,5,1
3886,1.8934683154725462e-08,2,1
3887,4.1440357811950435e-09,4,1
3888,0.9999966025352478,1,4
3889,0.14956437051296234,2,1
3890,0.996092677116394,1,2
3891,8.067115413723513e-05,3,1
3892,0.15971286594867706,4,2
3893,5.854686241946183e-05,4,1
3894,0.883773922920227,1,2
3895,3.418981805225485e-06,4,1
3896,0.9999995827674866,1,3
3897,0.027283398434519768,2,1
3898,1.0,1,3
3899,0.999042809009552,1,2
3900,1.6680256464951526e-07,2,1
3901,3.653510205481325e-08,2,1
3902,6.123077156416912e-08,2,1
3903,9.054808458586194e-09,3,1
3904,0.00012512161629274487,2,1
3905,0.9999881982803345,1,2
3906,0.0009370788466185331,2,1
3907,0.6977151036262512,1,2
3908,5.292988589644665e-06,4,1
3909,5.0142864438385e-07,4,1
3910,0.8826998472213745,1,2
3911,8.830290425976273e-06,3,1
3912,1.0,1,6
3913,0.9308111667633057,1,2
3914,1.0,1,7
3915,0.9999992847442627,1,2
3916,1.1872182126282382e-09,8,1
3917,1.37390454568731e-09,8,1
3918,4.775060347128601e-10,8,1
3919,4.984349599723714e-10,8,1
3920,1.0,1,3
3921,0.9999983310699463,1,2
3922,0.9999997615814209,1,3
3923,0.9999998807907104,1,2
3924,2.3259271983988583e-06,3,1
3925,2.395369392615976e-06,2,1
3926,2.0480893425656177e-08,6,1
3927,1.7295363363700744e-08,3,1
3928,1.0,1,3
3929,0.9999990463256836,1,2
3930,1.0,1,7
3931,1.0,1,6
3932,5.452331606647931e-05,3,1
3933,2.4749990188865922e-05,3,1
3934,1.34716756861053e-07,3,1
3935,8.185912747649127e-08,3,1
3936,0.9999998807907104,1,3
3937,8.65397450979799e-05,2,1
3938,0.9999997615814209,1,3
3939,0.000563118839636445,2,1
3940,3.49081574313459e-07,3,1
3941,4.8706944255627604e-08,3,1
3942,2.5682476589850012e-08,6,1
3943,2.283118405443929e-08,3,1
3944,0.9981048107147217,1,2
3945,2.444705205562059e-05,2,1
3946,0.9999998807907104,1,3
3947,0.28244271874427795,2,1
3948,4.421431469836534e-07,3,1
3949,3.936210362098791e-07,3,1
3950,1.5731494329429552e-07,4,1
3951,6.971906429953378e-08,2,1
3952,0.9999591112136841,1,2
3953,1.1304754252705607e-06,2,1
3954,1.0,1,5
3955,0.9999716877937317,1,2
3956,3.2696412244348494e-09,8,1
3957,4.568946554428521e-09,7,1
3958,6.0141118751744216e-09,9,1
3959,3.4283391681100284e-09,7,1
3960,0.9999998807907104,1,4
3961,1.0,1,5
3962,0.9999997615814209,1,2
3963,1.0,1,5
3964,6.969569312786916e-07,4,1
3965,3.486518664885807e-07,3,1
3966,3.401411561299028e-07,3,1
3967,2.747787846146821e-07,3,1
3968,7.862153594828669e-09,8,1
3969,0.9999997615814209,1,3
3970,5.554447124467288e-09,7,1
3971,0.9999850988388062,1,2
3972,1.69831437801804e-08,5,1
3973,5.423557070116658e-08,5,1
3974,4.6030361744442416e-08,4,1
3975,5.11066922115333e-08,5,1
3976,1.2293808993035782e-07,7,1
3977,3.3570003665772674e-08,5,1
3978,1.1411798617189106e-08,7,1
3979,2.9050699623667242e-08,3,1
3980,4.728030091882829e-07,5,1
3981,8.206607837735191e-09,7,1
3982,3.587965258233794e-09,7,1
3983,1.8695420767045334e-09,7,1
3984,1.0,1,7
3985,1.0,1,7
3986,1.0,1,8
3987,1.0,1,7
3988,2.389989276707638e-06,2,1
3989,7.547822065134824e-07,2,1
3990,1.909277784761798e-07,3,1
3991,8.41596587974891e-08,3,1
3992,1.0,1,6
3993,1.0,1,7
3994,1.0,1,7
3995,1.0,1,7
3996,4.21001153938505e-08,5,1
3997,9.030660663711387e-09,5,1
3998,7.937007495684156e-09,7,1
3999,2.265626353192829e-09,6,1
4000,1.0,1,6
4001,1.0,1,4
4002,1.0,1,5
4003,1.0,1,5
4004,4.355800228950102e-06,2,1
4005,2.608846671137144e-06,2,1
4006,6.837500166056998e-08,4,1
4007,2.7729203821991177e-08,3,1
4008,1.0,1,4
4009,0.9999469518661499,1,2
4010,1.0,1,5
4011,0.9999996423721313,1,2
4012,3.077203913903759e-08,3,1
4013,2.8953563102618318e-08,2,1
4014,6.940285235401689e-09,9,1
4015,9.577711956865187e-09,4,1
4016,2.7406622393755242e-06,2,1
4017,0.5236582159996033,1,2
4018,0.9962566494941711,1,2
4019,0.9999994039535522,1,2
4020,3.646478674568243e-08,2,1
4021,1.7777425398435298e-07,2,1
4022,8.551315211491328e-09,7,1
4023,4.2438731640004335e-08,2,1
4024,0.9999992847442627,1,2
4025,0.9999687075614929,1,2
4026,0.9993800520896912,1,2
4027,0.9715482592582703,1,2
4028,3.169396833868632e-08,5,1
4029,3.263766856775874e-08,3,1
4030,4.746278481349009e-09,7,1
4031,6.819002695834797e-09,5,1
4032,1.0,1,10
4033,1.0,1,7
4034,1.0,1,6
4035,1.0,1,4
4036,2.5675380044276608e-08,10,1
4037,1.770537849665743e-08,6,1
4038,2.6907871486514523e-08,9,1
4039,8.848108024039902e-09,8,1
4040,0.9999960064888,1,2
4041,2.4214233462771517e-07,3,1
4042,0.9999839067459106,1,2
4043,1.0218943202744413e-07,2,1
4044,1.811157090969573e-07,5,1
4045,7.471150809124083e-08,2,1
4046,3.1997064553479504e-08,6,1
4047,1.5823300003603435e-08,5,1
4048,0.9999992251396179,1,3
4049,1.0,1,5
4050,1.0,1,4
4051,1.0,1,6
4052,3.2023499443312176e-06,3,1
4053,7.167019333564895e-08,3,1
4054,1.531712428004539e-07,4,1
4055,2.996790371412317e-08,5,1
4056,1.0,1,7
4057,1.0,1,5
4058,1.0,1,5
4059,1.0,1,5
4060,8.537722528956238e-09,9,1
4061,4.0262346345798505e-08,4,1
4062,7.131184531772305e-08,4,1
4063,5.699036975670424e-08,3,1
4064,1.0,1,2
4065,1.0,1,3
4066,0.9998922348022461,1,2
4067,1.0,1,5
4068,9.935243724612519e-05,5,2
4069,2.826770105457399e-05,3,1
4070,3.0017496044365544e-08,5,1
4071,1.223607313249886e-07,5,1
4072,1.0,1,4
4073,1.0,1,5
4074,1.0,1,3
4075,1.0,1,4
4076,5.9521035211673734e-08,4,1
4077,2.7575721261996478e-08,5,1
4078,1.313253839008155e-09,10,1
4079,2.4343369542378923e-09,8,1
4080,1.0,1,6
4081,1.0,1,7
4082,1.0,1,6
4083,1.0,1,6
4084,8.410068197406417e-10,12,1
4085,1.1674374800207943e-09,8,1
4086,3.951392268941589e-10,13,1
4087,8.071732726655512e-10,8,1
4088,1.0,1,3
4089,1.0,1,2
4090,1.0,1,4
4091,1.0,1,2
4092,1.0395165617183011e-07,5,1
4093,7.203680496559173e-08,5,1
4094,1.8246513633357608e-08,9,1
4095,2.50449438965461e-08,6,1
4096,0.015191103331744671,2,1
4097,0.0006725710118189454,2,1
4098,0.7461180090904236,1,2
4099,0.031834978610277176,2,1
4100,0.9766324162483215,1,2
4101,0.8709852695465088,1,2
4102,0.9948888421058655,1,2
4103,0.00230453722178936,2,1
4104,0.0005079508991912007,2,1
4105,0.9999997615814209,1,2
4106,5.2035414199735897e-08,2,1
4107,0.9999998807907104,1,3
4108,2.0171488301912177e-07,4,1
4109,2.596559625089867e-06,2,1
4110,3.3978228231035246e-08,2,1
4111,1.1188745929757715e-06,2,1
4112,3.3275679101052447e-08,4,1
4113,7.1089765185661236e-09,5,1
4114,4.507689865818065e-08,3,1
4115,4.370425354949248e-09,5,1
4116,6.917741302459035e-06,3,1
4117,2.1379539916210888e-08,3,1
4118,7.036806550786423e-07,3,1
4119,7.88625875713933e-09,4,1
4120,1.7493847508376348e-06,2,1
4121,0.995469868183136,1,2
4122,1.9374356341472776e-08,2,1
4123,0.999478280544281,1,2
4124,3.4828283901333634e-07,2,1
4125,1.969102214616214e-08,3,1
4126,1.829474598480374e-07,3,1
4127,5.515827794511097e-09,4,1
4128,0.9964762330055237,1,2
4129,0.7234171032905579,1,2
4130,0.05043776333332062,2,1
4131,0.02423068881034851,2,1
4132,1.399272697710785e-08,6,1
4133,9.292461911059036e-09,4,1
4134,5.159550120481526e-09,6,1
4135,6.721625034344925e-09,4,1
4136,1.0,1,6
4137,1.0,1,5
4138,1.0,1,5
4139,1.0,1,5
4140,7.811215709807584e-07,6,1
4141,1.6926490786772774e-07,6,1
4142,4.942896936199759e-08,5,1
4143,1.1020451218257676e-08,7,1
4144,1.0,1,4
4145,0.9999983310699463,1,2
4146,1.0,1,5
4147,1.0,1,5
4148,7.480826752725989e-05,2,1
4149,1.6888999425646034e-06,2,1
4150,2.371040608295516e-07,3,1
4151,1.2264233191672247e-05,2,1
4152,0.9999925494194031,1,2
4153,0.917473554611206,1,2
4154,0.9999997615814209,1,2
4155,0.4283977746963501,2,1
4156,1.1185419701575938e-08,8,1
4157,5.354954524250388e-08,2,1
4158,3.572362183845712e-09,7,1
4159,1.3182008373746612e-08,3,1
4160,1.0,1,7
4161,1.0,1,4
4162,1.0,1,5
4163,0.9999998807907104,1,2
4164,2.613916194604826e-08,3,1
4165,1.1370105745811543e-08,3,1
4166,1.9297646147720116e-08,2,1
4167,1.6252323931098545e-08,3,1
4168,1.0,1,12
4169,1.0,1,7
4170,1.0,1,7
4171,1.0,1,7
4172,1.2967208817826759e-07,7,1
4173,2.8103053750783147e-07,3,1
4174,2.0367345143768034e-07,3,1
4175,1.4720923502409278e-07,3,1
4176,0.9999998807907104,1,4
4177,1.0,1,5
4178,1.0,1,7
4179,1.0,1,6
4180,1.2967208817826759e-07,7,1
4181,2.8103053750783147e-07,3,1
4182,2.0367345143768034e-07,3,1
4183,1.4720923502409278e-07,3,1
4184,1.0,1,6
4185,1.0,1,5
4186,1.0,1,6
4187,1.0,1,5
4188,7.850767360650934e-07,4,1
4189,1.2889974243535107e-07,3,1
4190,7.210661010503827e-07,4,1
4191,2.174233060259212e-08,5,1
4192,1.0,1,4
4193,0.9999997615814209,1,2
4194,1.0,1,5
4195,1.0,1,3
4196,4.3445634645422615e-08,2,1
4197,3.966035055924522e-09,6,1
4198,4.741546266728847e-09,6,1
4199,3.246350521735053e-09,5,1
4200,0.999998152256012,1,3
4201,0.41949373483657837,2,1
4202,0.9028865694999695,1,2
4203,0.999980092048645,1,2
4204,1.0245471457892563e-05,3,1
4205,6.382227724088807e-08,3,1
4206,4.182599582236435e-07,3,1
4207,2.3706423490921225e-08,6,1
4208,1.0,1,3
4209,0.9999996423721313,1,3
4210,1.0,1,4
4211,0.9999994039535522,1,2
4212,0.9999969005584717,1,2
4213,0.0006885043112561107,2,1
4214,3.7597808386635734e-06,2,1
4215,1.3876480409180658e-07,2,1
4216,0.9962365627288818,1,2
4217,0.6359160542488098,1,2
4218,0.9912304282188416,1,2
4219,0.9697898626327515,1,2
4220,1.7769076876561485e-08,4,1
4221,2.3728407683165642e-08,4,1
4222,1.1676940303573247e-08,3,1
4223,1.7822708642256657e-08,4,1
4224,1.0,1,6
4225,1.0,1,8
4226,1.0,1,5
4227,1.0,1,6
4228,0.0006766522419638932,3,1
4229,4.632197203591204e-08,5,1
4230,5.863502110514673e-07,4,1
4231,2.9715744531699784e-08,4,1
4232,1.0,1,3
4233,1.0,1,8
4234,1.0,1,6
4235,1.0,1,6
4236,8.647254617244471e-06,5,1
4237,4.928664338876843e-07,5,1
4238,1.3881527820558404e-06,3,1
4239,2.3597394260832516e-07,3,1
4240,0.9999997615814209,1,2
4241,1.0,1,6
4242,1.0,1,6
4243,1.0,1,6
4244,2.982301521115005e-05,2,1
4245,0.9999017119407654,1,2
4246,3.8494152931889403e-07,3,1
4247,0.9999994039535522,1,2
4248,1.0,1,6
4249,1.0,1,3
4250,1.0,1,4
4251,1.0,1,4
4252,8.379780638279044e-07,2,1
4253,1.9368825121546251e-07,2,1
4254,1.4095165568051016e-07,3,1
4255,9.572074333163982e-08,3,1
4256,0.9999984502792358,1,2
4257,0.29996079206466675,2,1
4258,0.99992835521698,1,2
4259,0.0005713668069802225,2,1
4260,1.5211221580102574e-05,2,1
4261,1.2202808647998609e-06,2,1
4262,8.574410230721696e-07,2,1
4263,4.226143062169285e-07,2,1
4264,0.9993560910224915,1,2
4265,0.000597696693148464,2,1
4266,0.9214261770248413,1,2
4267,7.360417657764629e-05,2,1
4268,3.8575296912313206e-07,3,1
4269,1.4058166186714516e-07,3,1
4270,2.443558422271508e-08,5,1
4271,1.549997961092231e-07,3,1
4272,0.9999997615814209,1,2
4273,1.0,1,3
4274,1.0,1,3
4275,1.0,1,3
4276,1.3802753073832719e-07,4,1
4277,2.0439396841709367e-09,10,1
4278,7.535211625508964e-05,2,1
4279,3.3137985155917704e-07,4,1
4280,0.9999998807907104,1,3
4281,1.0,1,7
4282,1.0,1,6
4283,1.0,1,9
4284,6.951337354621501e-07,4,1
4285,8.881541191385622e-08,5,1
4286,6.348110037635024e-09,9,1
4287,4.448946988588887e-09,9,1
4288,1.0,1,6
4289,0.9999991655349731,1,2
4290,1.0,1,6
4291,1.0,1,3
4292,0.5762848854064941,1,2
4293,2.609836542433186e-07,2,1
4294,0.0012558235321193933,2,1
4295,1.736614194669528e-07,3,1
4296,1.0,1,4
4297,1.0,1,5
4298,1.0,1,4
4299,1.0,1,5
4300,4.7832610761133765e-08,6,1
4301,9.098799047535522e-09,6,1
4302,5.3623110396472384e-09,9,1
4303,5.1926924982126366e-09,6,1
4304,1.0,1,6
4305,1.0,1,5
4306,1.0,1,8
4307,1.0,1,5
4308,1.745069422298684e-09,16,1
4309,1.4887000077123957e-08,9,1
4310,1.0216464261247893e-06,3,1
4311,5.498981408891268e-05,3,1
4312,1.0,1,5
4313,1.0,1,5
4314,1.0,1,5
4315,1.0,1,4
4316,1.6041431649682636e-07,2,1
4317,3.2825397511260235e-08,2,1
4318,2.049199032683191e-08,2,1
4319,2.1858177490230446e-07,2,1
4320,1.0,1,5
4321,1.0,1,5
4322,1.0,1,3
4323,1.0,1,5
4324,2.79900120858656e-07,2,1
4325,3.739487794973684e-07,2,1
4326,1.940879279516139e-08,4,1
4327,4.8282576159408563e-08,2,1
4328,1.0,1,2
4329,1.0,1,5
4330,1.0,1,2
4331,1.0,1,2
4332,2.482914673862524e-08,4,1
4333,8.854932787016878e-08,2,1
4334,1.215651135311191e-08,5,1
4335,4.1413198204054424e-08,2,1
4336,1.0,1,5
4337,1.0,1,5
4338,1.0,1,5
4339,1.0,1,5
4340,3.0497301395371323e-06,3,1
4341,2.1384510546340607e-05,3,1
4342,2.9616105123864145e-08,4,1
4343,9.493218300349326e-08,3,1
4344,1.0,1,2
4345,0.9999992847442627,1,2
4346,0.9999873042106628,1,2
4347,1.0,1,3
4348,4.2661426391532586e-08,2,1
4349,1.3402926924754865e-05,2,1
4350,1.0348886192446116e-08,3,1
4351,5.2254918614380585e-08,2,1
4352,1.1350580280122813e-06,4,1
4353,0.8285907506942749,1,2
4354,1.435861491927426e-07,3,1
4355,0.9132755398750305,1,2
4356,6.766351248188585e-07,2,1
4357,5.530653268692731e-08,3,1
4358,2.6875294878436762e-08,2,1
4359,1.3633409068347646e-08,3,1
4360,0.9990101456642151,1,2
4361,1.0794302340855211e-07,2,1
4362,0.9990010857582092,1,2
4363,2.555674996074231e-07,2,1
4364,4.9524672363077116e-08,4,1
4365,2.0152575075371715e-07,3,1
4366,2.4916250396245232e-08,7,1
4367,3.178975660489414e-08,5,1
4368,3.594680606511247e-07,2,1
4369,9.846607099461835e-06,2,1
4370,2.3685132077844173e-08,3,1
4371,2.0307255908846855e-05,2,1
4372,3.046421426233792e-08,4,1
4373,1.309887398548426e-08,5,1
4374,5.947368375558426e-09,8,1
4375,2.1904027480701416e-09,7,1
4376,1.0,1,5
4377,1.0,1,6
4378,1.0,1,6
4379,1.0,1,6
4380,3.977758751716465e-06,5,1
4381,1.2213318996145972e-06,3,1
4382,8.438925078735338e-07,5,1
4383,2.5864625285976217e-07,3,1
4384,1.0,1,8
4385,1.0,1,9
4386,1.0,1,4
4387,1.0,1,7
4388,4.5747832189135806e-08,6,1
4389,4.104085071787722e-09,6,1
4390,2.2856794235082134e-09,9,1
4391,1.7278241060125765e-09,8,1
4392,1.0,1,6
4393,1.0,1,5
4394,1.0,1,6
4395,1.0,1,6
4396,2.0483890139644245e-09,12,1
4397,7.530235279773478e-08,3,1
4398,1.9807673279359506e-09,9,1
4399,1.8581598482114714e-08,3,1
4400,1.0,1,3
4401,1.0,1,6
4402,1.0,1,5
4403,1.0,1,6
4404,2.7414881031972982e-08,7,1
4405,1.8207851226748062e-08,6,1
4406,5.818979520455514e-09,9,1
4407,3.074392074253751e-09,8,1
4408,0.9999998807907104,1,3
4409,1.0,1,4
4410,1.0,1,5
4411,1.0,1,4
4412,2.779356009341427e-06,3,1
4413,3.964131778388946e-08,5,1
4414,7.067921359293905e-08,4,1
4415,1.008500571941795e-08,4,1
4416,1.0,1,3
4417,1.0,1,5
4418,1.0,1,5
4419,1.0,1,5
4420,2.1696966001627516e-08,10,1
4421,3.2130489380222116e-09,11,1
4422,7.539474609075114e-07,4,1
4423,9.569494530126121e-09,6,1
4424,0.9980919361114502,1,2
4425,0.9999086856842041,1,2
4426,0.9999998807907104,1,2
4427,0.9999998807907104,1,4
4428,1.2757747754221782e-05,4,1
4429,1.3507519724953454e-07,3,1
4430,4.3313008291079313e-08,5,1
4431,3.819334892796178e-08,3,1
4432,0.9988794326782227,2,3
4433,0.9996694326400757,1,3
4434,0.9997998476028442,1,3
4435,0.9976348280906677,1,3
4436,3.961997840917775e-09,8,1
4437,1.8990057526480086e-08,8,1
4438,9.123372279873365e-09,7,1
4439,9.122671507100222e-10,12,1
4440,2.811371189181955e-07,3,1
4441,4.6118020691210404e-05,2,1
4442,1.003272245725384e-06,2,1
4443,5.87983038258244e-07,2,1
4444,2.486920607225329e-07,5,1
4445,1.3290718747782648e-08,6,1
4446,5.2360480395918785e-08,4,1
4447,1.3565500722734214e-08,4,1
4448,1.0,1,3
4449,1.0,1,3
4450,1.0,1,4
4451,1.0,1,5
4452,8.522840033720058e-08,5,1
4453,1.2575992514030077e-07,3,1
4454,1.2403971538788028e-07,4,1
4455,9.240027765144987e-08,5,1
4456,0.9999860525131226,1,2
4457,0.9999917149543762,1,3
4458,0.999998927116394,1,3
4459,0.9999943375587463,1,2
4460,4.673493094742298e-05,2,1
4461,0.27616026997566223,2,1
4462,2.416722281850525e-06,2,1
4463,0.8236483335494995,1,2
4464,0.9999997615814209,1,2
4465,1.0,1,4
4466,1.0,1,2
4467,1.0,1,5
4468,3.894301414675283e-07,4,1
4469,1.1632754848278637e-07,4,1
4470,2.4217280625293824e-08,6,1
4471,3.510572099685305e-08,6,1
4472,0.9999996423721313,1,3
4473,1.0,1,5
4474,1.0,1,4
4475,1.0,1,6
4476,8.38804794511816e-07,4,1
4477,1.8017557295024744e-06,3,1
4478,1.4874603948555887e-07,3,1
4479,1.2405793370362517e-07,3,1
4480,0.9999952912330627,1,2
4481,0.9434911012649536,1,2
4482,0.9980119466781616,1,2
4483,3.4295040677534416e-05,2,1
4484,4.278442247596104e-06,3,1
4485,2.1043992148861435e-07,3,1
4486,2.1409942263517223e-08,3,1
4487,1.65197882040502e-08,4,1
4488,1.0,1,4
4489,1.0,1,5
4490,1.0,1,6
4491,1.0,1,6
4492,1.4190683828019246e-07,3,1
4493,1.8876484375596192e-08,3,1
4494,9.917731524922146e-09,6,1
4495,1.0051897980645208e-08,7,1
4496,1.0,1,6
4497,1.0,1,6
4498,1.0,1,6
4499,1.0,1,6
4500,1.1290428574284306e-06,4,1
4501,5.236017841525609e-07,5,1
4502,1.8264303847104202e-08,6,1
4503,2.6424189059071068e-08,5,1
4504,1.0,1,8
4505,1.0,1,10
4506,1.0,1,4
4507,1.0,1,8
4508,2.5239074830096797e-07,5,1
4509,1.3567888856869104e-07,5,1
4510,6.890560122485567e-09,10,1
4511,1.2525308790145573e-08,8,1
4512,1.0,1,2
4513,1.0,1,5
4514,1.0,1,5
4515,1.0,1,5
4516,1.9980069509983878e-07,2,1
4517,2.154968825607284e-08,5,1
4518,2.4552377908548806e-08,2,1
4519,1.640433566763022e-08,4,1
4520,1.0,1,8
4521,1.0,1,6
4522,1.0,1,7
4523,1.0,1,6
4524,6.4842762270700405e-09,6,1
4525,3.6132998815219253e-09,6,1
4526,2.429883405596911e-09,6,1
4527,4.100493278258455e-09,4,1
4528,0.9999883770942688,1,3
4529,1.0,1,2
4530,1.0,1,5
4531,1.0,1,5
4532,2.810875754377662e-09,6,1
4533,1.8179463268097606e-08,3,1
4534,1.541449634601122e-09,7,1
4535,1.0737064570776056e-09,8,1
4536,0.9999940395355225,1,2
4537,1.0,1,3
4538,1.0,1,2
4539,1.0,1,4
4540,1.91932215898305e-07,3,1
4541,5.506853426595626e-07,2,1
4542,2.967304801870796e-08,6,1
4543,7.183414396649823e-08,2,1
4544,0.9998499155044556,1,2
4545,1.0,1,6
4546,1.0,1,4
4547,1.0,1,6
4548,5.9509868144402844e-09,10,1
4549,2.672199350683968e-09,9,1
4550,3.2355760293256708e-09,12,1
4551,5.8751874476570265e-09,8,1
4552,1.0,1,6
4553,1.0,1,6
4554,1.0,1,4
4555,1.0,1,6
4556,4.666783226525695e-08,7,1
4557,4.504930828375109e-08,2,1
4558,1.4918638768790515e-08,9,1
4559,2.111374186597459e-08,3,1
4560,1.0,1,5
4561,1.0,1,5
4562,1.0,1,3
4563,1.0,1,5
4564,1.8776574961520964e-07,7,1
4565,4.786327778560917e-08,8,1
4566,2.0623355467819238e-08,9,1
4567,2.2490475259928644e-08,8,1
4568,7.610923057654873e-05,2,1
4569,0.6546136140823364,1,2
4570,0.8835330605506897,1,2
4571,0.999832272529602,1,2
4572,1.1651978937265994e-08,6,1
4573,1.4895181088547815e-08,5,1
4574,5.236674205377767e-09,8,1
4575,1.5034901323929262e-08,6,1
4576,1.0,1,4
4577,1.0,1,8
4578,1.0,1,4
4579,1.0,1,6
4580,3.562119559319399e-07,4,1
4581,1.367416530229093e-06,4,1
4582,1.695105282806253e-07,6,1
4583,9.075910156752798e-07,3,1
4584,0.999461829662323,1,2
4585,0.9999423027038574,1,2
4586,0.015495622530579567,2,1
4587,0.015236997976899147,2,1
4588,5.284094228841241e-08,6,1
4589,1.7261516660482812e-08,12,1
4590,2.114937203145928e-08,4,1
4591,9.258140032386564e-09,7,1
4592,0.9999998807907104,1,2
4593,0.9999994039535522,1,2
4594,1.0,1,6
4595,1.0,1,2
4596,1.376983078671401e-07,3,1
4597,1.580655606403525e-08,5,1
4598,3.5883573445971706e-07,2,1
4599,1.9071148216198708e-08,3,1
4600,0.0011072629131376743,2,1
4601,3.7954283271801614e-08,3,1
4602,0.9845160841941833,1,2
4603,7.910184507409213e-08,2,1
4604,1.0393282678933247e-07,6,1
4605,3.95679734310761e-07,2,1
4606,9.530842781657611e-09,5,1
4607,4.877964698835058e-08,3,1
4608,1.956834694283316e-06,3,1
4609,4.408655840393294e-08,4,1
4610,1.0,1,5
4611,0.15768378973007202,2,1
4612,1.7003499053203086e-08,6,1
4613,9.038899406732526e-09,5,1
4614,3.0565998621057133e-09,7,1
4615,3.727152364518815e-09,6,1
4616,0.9999991655349731,1,3
4617,1.0,1,4
4618,1.0,1,5
4619,1.0,1,5
4620,8.074555353232427e-07,4,1
4621,0.2711747884750366,2,1
4622,0.968148410320282,1,2
4623,0.1073043942451477,2,1
4624,0.9999991655349731,1,2
4625,0.9999983310699463,1,2
4626,1.0,1,5
4627,1.0,1,5
4628,2.7378566969105123e-08,11,1
4629,3.782015767228586e-08,4,1
4630,1.8384429978368644e-08,5,1
4631,7.407553681559875e-08,4,1
4632,3.58377398868015e-08,6,1
4633,0.9418155550956726,1,2
4634,4.8380936590319834e-08,4,1
4635,1.0,1,3
4636,1.1340546990368239e-07,6,1
4637,3.344378640690593e-08,5,1
4638,1.7238189542467808e-08,8,1
4639,2.96317566039761e-08,5,1
4640,7.199805907021073e-08,5,1
4641,0.0030082762241363525,2,1
4642,8.004982373677194e-05,2,1
4643,0.0057190642692148685,2,1
4644,2.6293424326695458e-08,10,1
4645,7.395282608513298e-09,6,1
4646,5.781862100207036e-09,8,1
4647,3.567282469418842e-09,7,1
4648,0.999977707862854,1,2
4649,0.9999998807907104,1,4
4650,0.9999996423721313,1,2
4651,0.9999996423721313,1,3
4652,0.5817010402679443,2,3
4653,0.0036552930250763893,3,2
4654,1.1949138922773272e-07,5,1
4655,1.1926302079245943e-07,5,1
4656,1.0,1,3
4657,1.0,1,5
4658,0.9999998807907104,1,2
4659,1.0,1,4
4660,4.1324604183046176e-08,15,1
4661,8.78342731880366e-08,8,1
4662,1.8761447506676632e-08,10,1
4663,1.6931943846998365e-08,5,1
4664,1.0,1,3
4665,1.0,1,3
4666,0.9987756013870239,1,2
4667,0.9999997615814209,1,2
4668,8.455675015284214e-06,4,1
4669,2.18749255509465e-06,3,1
4670,5.962673981230182e-07,4,1
4671,1.9532281214651448e-07,3,1
4672,0.9999998807907104,1,4
4673,1.0,1,7
4674,1.0,1,3
4675,1.0,1,5
4676,0.00028302156715653837,3,1
4677,5.853573384229094e-06,4,1
4678,1.4703266060678288e-05,2,1
4679,2.3262591639650054e-06,4,1
4680,1.0,1,2
4681,1.0,1,4
4682,1.0,1,4
4683,1.0,1,5
4684,2.271920948260231e-06,2,1
4685,9.031423076066858e-08,2,1
4686,8.350280467084303e-08,2,1
4687,2.1359488400207738e-08,5,1
4688,1.0,1,3
4689,1.0,1,5
4690,1.0,1,6
4691,1.0,1,6
4692,2.294965497640078e-06,3,1
4693,2.5578796680747473e-07,3,1
4694,9.591155247790084e-08,4,1
4695,3.272369397677721e-08,5,1
4696,1.0,1,5
4697,1.0,1,7
4698,1.0,1,7
4699,1.0,1,6
4700,4.566736606648192e-07,4,1
4701,6.917346695445303e-08,4,1
4702,1.4649408797140495e-08,7,1
4703,1.3584843472358443e-08,6,1
4704,0.9635054469108582,1,2
4705,1.0,1,4
4706,0.9999199509620667,1,2
4707,1.0,1,3
4708,1.234813851169747e-08,10,1
4709,9.013027835180765e-08,4,1
4710,7.873152796378236e-09,5,1
4711,6.140583153069201e-09,6,1
4712,1.0,1,5
4713,1.0,1,5
4714,1.0,1,6
4715,1.0,1,5
4716,1.0989967824670543e-09,9,1
4717,2.0054750748954575e-08,7,1
4718,2.756187944541466e-09,9,1
4719,5.738859165660415e-09,8,1
4720,0.9994825720787048,1,4
4721,0.9999991655349731,1,2
4722,7.010055560385808e-05,3,1
4723,0.9999986886978149,1,2
4724,9.313082927064897e-08,5,1
4725,0.00019959588826168329,2,1
4726,5.896268806537819e-09,6,1
4727,0.00238431291654706,2,1
4728,5.4436934959767314e-08,4,1
4729,1.0071722122972915e-08,4,1
4730,5.958869842004333e-09,6,1
4731,1.6182138296017e-08,3,1
4732,2.228258381364867e-06,2,1
4733,1.0378841579949949e-05,2,1
4734,2.4240289775434576e-08,2,1
4735,4.2915812059618474e-07,2,1
4736,6.6368224906909745e-06,3,1
4737,0.30680766701698303,2,1
4738,3.7923027207398263e-07,3,1
4739,0.5546202659606934,1,2
4740,3.4298392392884125e-07,6,1
4741,0.00485933106392622,2,1
4742,7.059404083520349e-08,5,1
4743,4.766548045154195e-06,2,1
4744,1.2492148925957736e-05,3,1
4745,0.9999279975891113,1,2
4746,1.8256470468713815e-07,3,1
4747,0.9999945759773254,1,2
4748,5.7926712315747864e-08,4,1
4749,3.981787699558481e-07,2,1
4750,2.3109167912593875e-08,3,1
4751,1.7734576474026653e-08,3,1
4752,0.9392417669296265,2,3
4753,0.9955240488052368,2,3
4754,0.9917157888412476,1,3
4755,0.9942348599433899,2,3
4756,1.4848093421448993e-08,10,1
4757,3.1021734514524724e-08,11,1
4758,6.319780254671059e-09,11,1
4759,4.424072841402449e-08,11,1
4760,1.0,1,6
4761,1.0,1,6
4762,1.0,1,6
4763,1.0,1,6
4764,4.6447163981611084e-07,3,1
4765,1.4554777294506493e-07,3,1
4766,5.639984834715506e-08,5,1
4767,2.170698998327225e-08,6,1
4768,4.5524029701482505e-07,3,1
4769,0.00013398761802818626,2,1
4770,2.2176031052367762e-05,3,1
4771,0.000629741232842207,2,1
4772,0.005363935604691505,3,2
4773,0.0005684958305209875,3,1
4774,2.508580291760154e-05,4,1
4775,1.9196909306629095e-06,3,1
4776,1.0,1,3
4777,1.0,1,5
4778,1.0,1,5
4779,1.0,1,6
4780,3.189348944943049e-07,3,1
4781,1.6602906782736682e-07,2,1
4782,1.8319704864211417e-08,3,1
4783,3.53991538304399e-08,3,1
4784,1.0,1,5
4785,1.0,1,6
4786,1.0,1,2
4787,1.0,1,6
4788,1.3793717243970605e-06,2,1
4789,1.5974277403074666e-06,4,1
4790,1.0140468020836124e-06,4,1
4791,8.048513109315536e-07,3,1
4792,1.0,1,6
4793,1.0,1,8
4794,1.0,1,4
4795,1.0,1,7
4796,4.762704008953733e-08,7,1
4797,2.5635639389065545e-08,8,1
4798,1.9719852417665606e-08,8,1
4799,2.3679580962721047e-08,6,1
4800,1.1020172552278495e-09,11,1
4801,2.129487919333428e-09,9,1
4802,7.414444058717606e-10,11,1
4803,3.0340916445936728e-09,6,1
4804,7.70656129134295e-07,3,1
4805,4.822505843549152e-07,2,1
4806,1.8764881204447192e-08,7,1
4807,3.0511611015526796e-08,3,1
4808,1.0,1,2
4809,0.9999605417251587,1,2
4810,0.9999994039535522,1,2
4811,0.9999954104423523,1,2
4812,2.0952441559529689e-07,3,1
4813,1.39314309421934e-07,2,1
4814,4.185032764780772e-08,2,1
4815,6.76074094485557e-08,2,1
4816,1.0,1,5
4817,1.0,1,4
4818,1.0,1,2
4819,1.0,1,2
4820,7.390744372059999e-07,3,1
4821,0.00033978864667005837,2,1
4822,1.6715098638542258e-07,2,1
4823,2.2143365185911534e-06,2,1
4824,0.9996561408042908,1,2
4825,0.33570465445518494,2,1
4826,0.9999745488166809,1,2
4827,0.0025850713718682528,2,1
4828,1.2529179471698626e-08,8,1
4829,4.661024899377253e-09,6,1
4830,3.60237422114551e-08,3,1
4831,5.451150641988534e-09,5,1
4832,1.0,1,6
4833,1.0,1,5
4834,0.9999948143959045,1,2
4835,1.0,1,5
4836,2.0055591676282347e-07,2,1
4837,0.005407849792391062,2,1
4838,2.338549620617414e-08,2,1
4839,5.011234861740377e-06,2,1
4840,0.9999997615814209,1,3
4841,0.9984046816825867,1,2
4842,1.0,1,3
4843,0.9999996423721313,1,2
4844,1.0108326620184016e-08,6,1
4845,5.020564586288856e-08,3,1
4846,8.939114337636056e-09,3,1
4847,2.2739008898042812e-08,3,1
4848,1.0,1,10
4849,1.0,1,10
4850,1.0,1,8
4851,1.0,1,8
4852,3.2300711438892904e-08,4,1
4853,2.9922773592261365e-08,4,1
4854,1.82865667053278e-09,7,1
4855,1.7781578431907974e-09,6,1
4856,1.0,1,5
4857,1.0,1,5
4858,1.0,1,6
4859,1.0,1,6
4860,7.668567150176386e-07,3,1
4861,9.123963806700885e-09,5,1
4862,1.3490704020568955e-07,2,1
4863,2.8868574197815633e-09,6,1
4864,1.0,1,8
4865,0.9999998807907104,1,3
4866,1.0,1,5
4867,0.9685080647468567,1,2
4868,1.3071294269195732e-08,2,1
4869,3.67797259315239e-09,4,1
4870,3.018059047121824e-08,3,1
4871,2.527546616448717e-09,5,1
4872,1.0,1,6
4873,1.0,1,8
4874,0.9924907684326172,1,2
4875,1.0,1,6
4876,5.411791062215343e-05,4,1
4877,3.379467727882002e-07,5,1
4878,1.6094053023607557e-07,4,1
4879,1.938888694041907e-08,7,1
4880,1.0,1,4
4881,0.9996356964111328,1,2
4882,1.0,1,3
4883,0.9999904632568359,1,2
4884,4.749967885686601e-08,6,1
4885,2.166372325973498e-08,8,1
4886,6.289108966939239e-08,6,1
4887,4.559300936790578e-09,9,1
4888,0.9342786073684692,1,2
4889,0.003855550428852439,2,1
4890,0.9999749660491943,1,2
4891,0.016086949035525322,2,1
4892,1.167914888355881e-06,4,1
4893,1.7941411556421372e-07,4,1
4894,6.349143433226345e-08,6,1
4895,3.360672096164308e-08,7,1
4896,1.0,1,5
4897,1.0,1,5
4898,1.0,1,2
4899,1.0,1,5
4900,2.453693923598621e-07,4,1
4901,2.6076916626038837e-08,2,1
4902,1.3910925744653468e-08,7,1
4903,8.428025388695914e-09,7,1
4904,0.9999998807907104,1,3
4905,1.0,1,7
4906,1.0,1,3
4907,1.0,1,4
4908,3.653120472790761e-08,10,1
4909,1.7251974071541554e-08,9,1
4910,7.514426414445552e-08,6,1
4911,2.030314938394895e-08,9,1
4912,1.2127340596634895e-05,4,1
4913,1.6669902151988936e-06,4,1
4914,0.4167447090148926,2,1
4915,0.999997615814209,1,2
4916,5.093499844122107e-09,7,1
4917,3.6934616787220875e-07,3,1
4918,3.196002351657512e-09,7,1
4919,0.007741664070636034,2,1
4920,1.1912719628526247e-06,3,1
4921,1.662244564215598e-08,2,1
4922,4.775948809765396e-07,2,1
4923,0.002192959189414978,2,1
4924,3.546619836924947e-06,4,1
4925,9.79324141781035e-08,6,1
4926,3.620243660407141e-07,4,1
4927,5.453516038755879e-08,4,1
4928,1.0,1,6
4929,0.9999998807907104,1,2
4930,1.0,1,6
4931,1.0,1,5
4932,6.333517035272962e-07,3,1
4933,8.723834099555461e-09,8,1
4934,1.5509321826812084e-08,9,1
4935,4.974114453659695e-09,9,1
4936,1.0,1,3
4937,1.0,1,3
4938,0.9999995231628418,1,2
4939,0.9999998807907104,1,2
4940,8.276108928839676e-06,2,1
4941,2.3520460956660827e-07,2,1
4942,5.650760499520402e-07,2,1
4943,2.8834861609539075e-07,3,1
4944,0.9999994039535522,1,2
4945,1.0,1,3
4946,0.9999992847442627,1,2
4947,1.0,1,3
4948,1.5719194834673544e-07,4,1
4949,1.840738121927643e-07,2,1
4950,1.4321057228983136e-08,6,1
4951,7.86887532910896e-09,6,1
4952,0.999877393245697,1,2
4953,0.999375581741333,1,2
4954,1.0,1,3
4955,0.9997921586036682,1,2
4956,1.386861185892485e-06,2,1
4957,9.724499250296503e-08,5,1
4958,6.1152462649261e-08,4,1
4959,1.6805499214456177e-08,7,1
4960,7.332662062253803e-05,3,1
4961,1.249457227459061e-06,2,1
4962,3.607607368394383e-07,2,1
4963,2.39629628140392e-07,2,1
4964,6.716102802784008e-07,4,1
4965,4.110166571535956e-07,2,1
4966,3.752906607701334e-08,5,1
4967,7.953937597449112e-08,2,1
4968,2.905020721755136e-07,4,1
4969,1.3354238944884855e-05,2,1
4970,0.9823411703109741,1,2
4971,0.013688705861568451,2,1
4972,1.0932286187426143e-09,8,1
4973,1.0402888550586908e-09,7,1
4974,1.5752343873742802e-09,6,1
4975,1.4098618938973573e-09,5,1
4976,0.9783995747566223,1,2
4977,0.8970108032226562,1,2
4978,0.9999999403953552,1,3
4979,0.7809386253356934,1,2
4980,5.5737768178687475e-08,10,1
4981,1.3600120496448653e-07,5,1
4982,6.688098608265136e-08,6,1
4983,2.1372692060595e-08,5,1
4984,1.0,1,2
4985,1.0,1,5
4986,1.0,1,3
4987,1.0,1,4
4988,3.782464546020492e-07,4,1
4989,1.312423876242974e-07,2,1
4990,3.569190454300042e-08,8,1
4991,1.3450028646389e-08,5,1
4992,1.0,1,2
4993,0.4222663640975952,2,1
4994,0.9999955296516418,1,2
4995,0.006366541143506765,2,1
4996,1.7042548483559017e-09,9,1
4997,1.2638088353611465e-09,7,1
4998,1.0871422650993168e-09,9,1
4999,1.0264585847963303e-09,7,1
5000,1.0,1,9
5001,0.999989926815033,1,3
5002,1.0,1,5
5003,1.0,1,3
5004,6.048092473065481e-06,4,1
5005,4.071303010277916e-07,3,1
5006,2.1659641902260773e-07,3,1
5007,2.0485817486814994e-08,4,1
5008,0.9999998807907104,1,3
5009,0.9999600648880005,1,2
5010,0.9971926808357239,1,2
5011,0.9998416900634766,1,2
5012,4.499883743847022e-06,2,1
5013,1.0296950847532571e-07,2,1
5014,2.5413541493435332e-08,2,1
5015,4.830210542650093e-08,2,1
5016,1.0,1,7
5017,1.0,1,7
5018,1.0,1,7
5019,1.0,1,7
5020,5.823612170274828e-08,5,1
5021,6.288924936370677e-09,5,1
5022,3.5229865691377427e-09,8,1
5023,2.627786654940678e-09,6,1
5024,0.612227201461792,1,2
5025,1.0,1,6
5026,0.1348760426044464,2,1
5027,1.0,1,6
5028,1.6785418210929492e-07,4,1
5029,6.166994381828772e-08,2,1
5030,6.153424010335584e-07,3,1
5031,9.604313788713625e-08,2,1
5032,0.6506606340408325,1,2
5033,1.0,1,6
5034,0.20849727094173431,2,1
5035,1.0,1,5
5036,4.6775209483485014e-08,4,1
5037,8.420524721941547e-08,2,1
5038,4.6935088704458394e-08,3,1
5039,5.330700503236585e-08,2,1
5040,3.534438292263076e-05,2,1
5041,1.0,1,6
5042,2.649611303695565e-07,2,1
5043,1.0,1,5
5044,3.367064209669479e-07,2,1
5045,5.244424414740934e-07,2,1
5046,1.72098154394007e-07,2,1
5047,3.839018916096393e-07,2,1
5048,1.0,1,12
5049,1.0,1,7
5050,1.0,1,2
5051,1.0,1,4
5052,6.83490634401096e-06,3,1
5053,7.63856678531738e-06,2,1
5054,1.5137839000090025e-06,3,1
5055,9.884556675388012e-07,3,1
5056,1.0,1,3
5057,1.0,1,5
5058,1.0,1,4
5059,1.0,1,5
5060,3.700442974263751e-08,9,1
5061,3.4272428450776715e-08,4,1
5062,3.953356753072512e-08,7,1
5063,4.05220532684325e-08,3,1
5064,0.0003268480650149286,2,1
5065,6.555797682494813e-08,3,1
5066,6.011475761624752e-08,5,1
5067,6.473194247291758e-08,3,1
5068,2.162295459129382e-05,4,1
5069,0.6287280321121216,1,2
5070,1.8534188939156593e-06,4,1
5071,0.011948752216994762,2,1
5072,1.0,1,6
5073,1.0,1,6
5074,1.0,1,6
5075,1.0,1,6
5076,2.2614281078858767e-06,6,1
5077,4.581168468575925e-06,3,1
5078,1.2531342008514912e-07,6,1
5079,6.718489231616331e-08,6,1
5080,1.0,1,6
5081,1.0,1,7
5082,1.0,1,5
5083,1.0,1,7
5084,4.824352473065119e-09,13,1
5085,4.1118912719184664e-08,6,1
5086,1.244090608309989e-08,10,1
5087,2.824194922368406e-08,7,1
5088,1.0,1,7
5089,1.0,1,5
5090,1.0,1,7
5091,1.0,1,5
5092,2.2520202946907375e-06,3,1
5093,2.0922766452713404e-07,2,1
5094,5.437437948785373e-07,3,1
5095,1.180270032818953e-07,2,1
5096,0.8309877514839172,1,2
5097,2.769105265088001e-07,2,1
5098,0.9988986849784851,1,2
5099,4.7307716499744856e-07,2,1
5100,1.8736274398634123e-07,4,1
5101,1.298153193829421e-07,5,1
5102,2.4500220519030336e-08,5,1
5103,4.66452920733218e-09,6,1
5104,0.9804505109786987,1,2
5105,0.9999998807907104,1,3
5106,1.0,1,5
5107,0.9999996423721313,1,2
5108,1.7680108044260123e-07,5,1
5109,7.065358431646018e-08,3,1
5110,3.195084374851831e-08,8,1
5111,2.1189670462717913e-08,5,1
5112,3.920489746178646e-07,3,1
5113,1.1810971045633778e-05,2,1
5114,1.5296143374143867e-06,2,1
5115,0.0002888828166760504,2,1
5116,1.36730790245565e-07,5,1
5117,2.6075472447928405e-08,4,1
5118,1.0021842911100975e-08,9,1
5119,2.8344203428787296e-08,5,1
5120,0.9765274524688721,1,2
5121,1.0,1,4
5122,1.0,1,5
5123,1.0,1,5
5124,1.637220492511915e-08,10,1
5125,2.3468563981055013e-08,4,1
5126,2.1960921969821356e-09,9,1
5127,1.5457517932304654e-08,4,1
5128,1.0,1,2
5129,0.6320175528526306,1,2
5130,1.0,1,6
5131,1.0,1,6
5132,1.0010418272088373e-08,8,1
5133,9.624979036004788e-09,5,1
5134,3.353530564353946e-09,8,1
5135,1.3866842785148492e-08,3,1
5136,1.0,1,3
5137,1.0,1,6
5138,1.0,1,4
5139,1.0,1,5
5140,1.481116100876534e-07,3,1
5141,1.3247997365795072e-08,6,1
5142,1.1634701202467568e-08,6,1
5143,3.3812577182601444e-09,7,1
5144,0.9999997615814209,1,3
5145,0.9726033806800842,1,2
5146,0.9999996423721313,1,3
5147,0.9999998807907104,1,3
5148,7.741771668179354e-08,3,1
5149,1.556815121261934e-08,6,1
5150,7.755620146099318e-08,3,1
5151,8.096516346256522e-09,6,1
5152,0.8080607056617737,1,2
5153,0.0006680430378764868,2,1
5154,0.9999425411224365,1,2
5155,0.9918262362480164,1,2
5156,3.996952102625073e-08,3,1
5157,1.153784268126401e-08,4,1
5158,1.529755735418803e-07,2,1
5159,1.617417844101965e-08,3,1
5160,0.012135777622461319,2,1
5161,0.02239508368074894,2,1
5162,0.9035398364067078,1,2
5163,0.9902880787849426,1,2
5164,1.3545883348342613e-07,4,1
5165,6.604960134382054e-08,4,1
5166,3.326222497435083e-08,3,1
5167,2.3884698663323434e-08,5,1
5168,4.36989603258553e-06,2,1
5169,8.220805369774098e-08,2,1
5170,3.619499921114766e-06,2,1
5171,1.591749843043999e-08,3,1
5172,3.3161111332447035e-06,3,1
5173,3.1981505799194565e-07,3,1
5174,3.45602493325714e-05,3,1
5175,6.095041982234761e-08,3,1
5176,1.0,1,5
5177,0.9999372959136963,1,2
5178,1.0,1,6
5179,0.9999983310699463,1,2
5180,0.9978681802749634,1,2
5181,0.9949856996536255,1,2
5182,0.999995768070221,1,2
5183,0.6822124123573303,1,2
5184,9.158044877999316e-10,10,1
5185,1.637913626950649e-08,4,1
5186,8.477451518551504e-10,10,1
5187,4.792572561029829e-09,6,1
5188,2.6122444978682324e-05,6,1
5189,1.2029745448671747e-06,3,1
5190,3.5557375213102205e-06,5,1
5191,2.289172584823973e-07,4,1
5192,0.006309101358056068,4,1
5193,2.9162594728404656e-05,4,1
5194,0.5979903340339661,1,2
5195,0.2230919748544693,2,1
5196,1.0174552311781326e-09,12,1
5197,1.7966733656393785e-09,9,1
5198,7.085729780698102e-10,11,1
5199,1.0075386080998783e-09,9,1
5200,1.549816033730167e-06,2,1
5201,1.2144546479575524e-09,9,1
5202,2.0334613992645245e-08,4,1
5203,2.4630697481597963e-09,6,1
5204,7.33879623737721e-09,10,1
5205,1.6910760569643912e-09,10,1
5206,1.4652306035145557e-09,10,1
5207,1.3532208686939384e-09,10,1
5208,1.8511936428211584e-09,9,1
5209,1.074421973612516e-08,5,1
5210,1.7501126103880438e-09,10,1
5211,7.86534837260433e-09,5,1
5212,1.2709216207440477e-05,8,2
5213,5.2683473768411204e-05,4,1
5214,1.486739904521528e-07,8,1
5215,1.0238063197220981e-07,6,1
5216,5.17522451559671e-08,8,1
5217,1.0652822624024338e-08,5,1
5218,1.2089687473348931e-08,8,1
5219,7.065961149521627e-09,6,1
5220,1.9232484191888943e-06,7,1
5221,1.8085911435150592e-08,6,1
5222,1.802969862296777e-08,5,1
5223,1.5829908051046004e-08,4,1
5224,2.2648953290627105e-06,6,1
5225,2.1202851030466263e-08,6,1
5226,1.2190132459011238e-08,7,1
5227,8.733855416664937e-09,6,1
5228,1.9479391539789503e-06,4,1
5229,1.2853243447352725e-07,2,1
5230,5.7648293250167626e-08,3,1
5231,3.470063703048254e-08,2,1
5232,0.9999998807907104,1,3
5233,0.9908140897750854,1,2
5234,1.0,1,5
5235,1.0,1,3
5236,5.451757942864788e-07,3,1
5237,2.0826469153689686e-06,3,1
5238,6.024355769795875e-08,4,1
5239,1.8500969645174337e-08,5,1
5240,1.0,1,6
5241,1.0,1,3
5242,1.0,1,6
5243,1.0,1,5
5244,3.906866297143097e-08,7,1
5245,5.660233526327829e-08,5,1
5246,1.3043202962137457e-08,7,1
5247,6.664472529394061e-09,6,1
5248,1.0,1,5
5249,1.0,1,6
5250,1.0,1,6
5251,1.0,1,6
5252,1.874363846354754e-07,2,1
5253,3.614266930185295e-08,3,1
5254,2.028460421854561e-08,4,1
5255,1.2939355364949279e-08,6,1
5256,1.0,1,5
5257,1.0,1,6
5258,1.0,1,4
5259,1.0,1,6
5260,5.978887998026039e-07,4,1
5261,2.2928553278234176e-07,4,1
5262,3.272150905786475e-08,5,1
5263,1.7271199581614383e-08,7,1
5264,0.9574512243270874,1,2
5265,9.881782898446545e-05,2,1
5266,0.00032260065199807286,3,1
5267,1.3556206795328762e-05,3,1
5268,2.559392896728241e-06,3,1
5269,3.7673650865599484e-08,4,1
5270,4.064280645366125e-08,3,1
5271,9.683811974525725e-09,7,1
5272,1.0,1,6
5273,1.0,1,4
5274,1.0,1,5
5275,1.0,1,5
5276,5.021253812742543e-08,5,1
5277,2.523793840580879e-09,6,1
5278,1.9121083383311088e-08,5,1
5279,1.6716964479357443e-09,6,1
5280,1.0,1,6
5281,1.0,1,4
5282,1.0,1,7
5283,1.0,1,4
5284,3.847503649012651e-06,3,1
5285,2.6458080171209986e-08,7,1
5286,2.172653701393301e-08,8,1
5287,1.2951972827579539e-08,6,1
5288,0.9973464012145996,1,2
5289,0.9999233484268188,1,2
5290,0.9999954104423523,1,2
5291,0.9999939203262329,1,2
5292,3.877069332247629e-07,2,1
5293,5.365351540831398e-08,2,1
5294,2.0387670929267188e-07,3,1
5295,3.973515738664446e-09,4,1
5296,1.0,1,5
5297,0.22399243712425232,2,1
5298,1.0,1,6
5299,0.9999971389770508,1,2
5300,2.7838794380841136e-08,7,1
5301,5.1596384942342866e-09,6,1
5302,6.9936518798385805e-09,7,1
5303,4.1285805885138416e-09,6,1
5304,0.31432101130485535,3,2
5305,0.007045154459774494,3,1
5306,0.05617159977555275,3,1
5307,0.2051798403263092,2,1
5308,2.577434656814148e-07,2,1
5309,3.7108886630221605e-08,2,1
5310,4.382808072023181e-08,2,1
5311,2.983967561931422e-08,2,1
5312,1.6922321321999334e-08,6,1
5313,1.8384223949396983e-05,3,1
5314,8.074892754450502e-09,7,1
5315,0.6928327679634094,1,2
5316,1.8655582323390263e-07,5,1
5317,3.4705006868307464e-08,6,1
5318,2.226358475354573e-08,8,1
5319,1.1974049307639234e-08,8,1
5320,4.145308540870474e-09,9,1
5321,0.9999517202377319,1,2
5322,0.00010347955685574561,2,1
5323,0.999945878982544,1,2
5324,1.568971264021002e-08,8,1
5325,2.49559506393382e-09,8,1
5326,5.3508095732013317e-08,4,1
5327,9.009637480517085e-09,5,1
5328,1.0,1,7
5329,1.0,1,6
5330,1.0,1,7
5331,1.0,1,6
5332,2.9746598073643327e-08,8,1
5333,5.7601883263203035e-09,7,1
5334,7.820410985459603e-09,6,1
5335,2.4058384173741842e-09,7,1
5336,0.9999999403953552,1,4
5337,1.0,1,5
5338,1.0,1,5
5339,1.0,1,5
5340,1.927434878368217e-09,9,1
5341,1.0822742702032428e-09,10,1
5342,3.7068896840963816e-09,6,1
5343,8.170135679108625e-10,9,1
5344,0.9999997019767761,1,3
5345,1.0,1,5
5346,1.0,1,3
5347,1.0,1,3
5348,3.276253934814122e-08,6,1
5349,2.5309635276471454e-08,5,1
5350,3.55611575741932e-08,3,1
5351,5.679439141204057e-08,2,1
5352,1.0,1,7
5353,0.9999999403953552,1,5
5354,1.0,1,7
5355,1.0,1,5
5356,3.717023489002713e-08,5,1
5357,3.957150696010103e-08,4,1
5358,3.583916052818381e-09,8,1
5359,4.1511083459511156e-09,7,1
5360,1.0,1,3
5361,1.0,1,5
5362,1.0,1,4
5363,1.0,1,7
5364,1.1131221100413313e-07,6,1
5365,1.476332272432046e-06,5,1
5366,1.2501143942245108e-07,5,1
5367,1.0702320452082859e-07,3,1
5368,1.0,1,3
5369,0.9999998807907104,1,2
5370,1.0,1,3
5371,1.0,1,3
5372,4.4654288600121106e-10,9,1
5373,2.663161080551646e-10,14,1
5374,3.506968049293846e-10,9,1
5375,1.5896214899946415e-10,14,1
5376,0.9999957084655762,1,3
5377,0.9999865293502808,1,3
5378,1.0,1,2
5379,0.9999994039535522,1,2
5380,2.1258942695112637e-07,5,1
5381,2.157317346984655e-08,11,1
5382,3.858425134950494e-09,11,1
5383,3.764569100894732e-09,10,1
5384,0.9960416555404663,1,3
5385,4.3737972532653657e-07,4,1
5386,1.0,1,7
5387,1.5313905521452398e-07,3,1
5388,6.069269602448912e-06,3,1
5389,4.769121915160213e-06,2,1
5390,7.103909638317418e-08,3,1
5391,1.4135521553271246e-07,3,1
5392,1.0,1,6
5393,1.0,1,7
5394,1.0,1,2
5395,1.0,1,5
5396,1.6506243127878406e-06,4,1
5397,1.1407562539034188e-07,5,1
5398,6.870942570458283e-08,6,1
5399,3.5116372032462095e-08,6,1
5400,0.9999973177909851,1,2
5401,0.0012105589266866446,2,1
5402,0.9998864531517029,1,2
5403,0.9972273111343384,1,2
5404,9.311395388067467e-08,4,1
5405,1.1929935261889568e-08,8,1
5406,3.8346193775851134e-08,4,1
5407,1.0487066326447803e-08,7,1
5408,1.0,1,3
5409,0.9999998807907104,1,2
5410,1.0,1,4
5411,1.0,1,4
5412,6.407194774737945e-08,4,1
5413,3.3160628731820907e-07,3,1
5414,1.3666004328172221e-08,7,1
5415,1.705847125776927e-07,3,1
5416,1.3108625296354148e-07,2,1
5417,7.017102916506701e-07,4,1
5418,2.2262821630647522e-07,2,1
5419,8.850303743201948e-07,4,1
5420,2.189123370044399e-05,2,1
5421,9.827058420341928e-06,4,1
5422,2.7822611059491464e-07,3,1
5423,1.3741563407165813e-06,4,1
5424,1.8498551526135998e-06,2,1
5425,6.405193744285498e-06,4,1
5426,1.1109956403743126e-06,3,1
5427,9.778501407708973e-06,4,1
5428,1.4996014385815215e-07,3,1
5429,6.251100899135054e-07,4,1
5430,9.399146350119736e-09,6,1
5431,7.797030576739417e-08,4,1
5432,1.0,1,6
5433,1.0,1,5
5434,1.0,1,6
5435,1.0,1,5
5436,3.322804786876077e-08,5,1
5437,1.9360799186074473e-08,3,1
5438,2.9054012529172724e-09,9,1
5439,1.0587315024679356e-08,4,1
5440,0.9999991655349731,1,2
5441,4.0869741496862844e-05,2,1
5442,0.9999484419822693,1,2
5443,2.0700041147847514e-07,2,1
5444,9.459936833877691e-09,11,1
5445,5.316345053074656e-08,5,1
5446,5.3828776991338145e-09,9,1
5447,1.5565420952157183e-08,9,1
5448,1.0,1,3
5449,1.0,1,3
5450,1.0,1,3
5451,1.0,1,4
5452,6.809611363678414e-08,7,1
5453,2.3174987973106909e-07,2,1
5454,1.2279254058000788e-08,10,1
5455,5.5409802968142685e-08,3,1
5456,1.0,1,8
5457,1.0,1,7
5458,1.0,1,7
5459,1.0,1,6
5460,0.0013338449643924832,2,1
5461,0.9999973177909851,1,2
5462,0.969000518321991,1,2
5463,0.9999978542327881,1,2
5464,0.0012924119364470243,2,1
5465,1.0,1,6
5466,1.0,1,5
5467,1.0,1,6
5468,0.9102818965911865,1,2
5469,4.212640760670183e-06,2,1
5470,0.9998602271080017,1,2
5471,1.7627419310883852e-06,2,1
5472,1.0,1,5
5473,1.0,1,5
5474,1.0,1,4
5475,1.0,1,4
5476,2.2855982706460054e-07,5,1
5477,1.8147417790714826e-08,5,1
5478,3.699384265587469e-08,7,1
5479,8.624056135886349e-09,4,1
5480,1.0,1,6
5481,1.0,1,6
5482,1.0,1,6
5483,1.0,1,6
5484,2.3940707194469724e-08,2,1
5485,1.159162223984822e-07,2,1
5486,0.9660218954086304,1,2
5487,0.0015218504704535007,2,1
5488,1.0,1,8
5489,1.0,1,5
5490,1.0,1,7
5491,1.0,1,5
5492,3.497297939247801e-06,2,1
5493,1.65148108521862e-08,5,1
5494,2.7396636070875502e-08,3,1
5495,4.159818711713115e-09,6,1
5496,2.21284910395525e-08,5,1
5497,9.328851291456886e-08,2,1
5498,6.684012898716674e-09,7,1
5499,1.008944927605171e-08,4,1
5500,1.2330512788594206e-07,3,1
5501,0.9999629259109497,1,2
5502,1.0696499685991512e-07,3,1
5503,0.9996411204338074,1,2
5504,3.4177382701727765e-08,3,1
5505,1.3796130588161759e-05,2,1
5506,7.747631869392535e-09,3,1
5507,3.514425088724238e-07,2,1
5508,6.907984584358928e-08,2,1
5509,6.6787783907784615e-06,2,1
5510,5.743011755043881e-08,2,1
5511,1.598081689735409e-05,2,1
5512,2.191680096075288e-06,2,1
5513,2.290419764960916e-08,2,1
5514,9.435314132133499e-05,2,1
5515,2.1070654554478097e-08,2,1
5516,5.318361218087375e-07,4,1
5517,8.635611834506562e-07,3,1
5518,1.2678246896768997e-08,8,1
5519,3.934227521540379e-08,2,1
5520,1.0,1,3
5521,3.9756716319061525e-07,3,1
5522,1.0,1,5
5523,5.096505617530056e-08,2,1
5524,1.3393940889727673e-06,3,1
5525,3.477219365777273e-07,2,1
5526,3.691130956440247e-08,7,1
5527,3.836258599676512e-08,3,1
5528,1.0589884368528146e-05,2,1
5529,7.375620469929345e-08,4,1
5530,2.38745087699499e-06,3,1
5531,3.247460611532915e-08,3,1
5532,2.2108328323611204e-07,2,1
5533,9.393666289270186e-08,3,1
5534,1.1372338626358669e-08,2,1
5535,2.1391777238477516e-08,2,1
5536,0.9995481967926025,1,2
5537,0.9977411031723022,1,2
5538,0.9999872446060181,1,2
5539,1.0,1,3
5540,2.146794940927066e-05,2,1
5541,0.00016644173592794687,2,1
5542,2.45396989839719e-07,3,1
5543,0.00012209726264700294,2,1
5544,0.6946336627006531,1,2
5545,0.9278993010520935,1,2
5546,1.0,1,3
5547,1.0,1,3
5548,2.9047157568129478e-08,8,1
5549,9.184502403059014e-08,4,1
5550,5.347419840262546e-09,12,1
5551,4.190877422871608e-09,9,1
5552,1.0,1,7
5553,1.0,1,7
5554,1.0,1,7
5555,1.0,1,6
5556,1.0955721307936983e-07,8,1
5557,2.3019079975483692e-08,8,1
5558,3.903938861071765e-08,6,1
5559,1.7840566357563148e-08,8,1
5560,1.0,1,5
5561,1.0,1,5
5562,1.0,1,5
5563,1.0,1,5
5564,7.660689789190656e-07,5,1
5565,3.791862184243655e-07,4,1
5566,9.22980625261971e-09,7,1
5567,1.3867188286553755e-08,6,1
5568,0.9999997615814209,1,2
5569,1.0,1,5
5570,0.9999425411224365,1,2
5571,0.9993043541908264,1,2
5572,6.181480216582713e-07,3,1
5573,1.96652968043054e-06,3,1
5574,1.4476968956955716e-08,8,1
5575,3.010832472227776e-08,3,1
5576,0.999942421913147,1,2
5577,1.0,1,6
5578,0.999652624130249,1,2
5579,1.0,1,6
5580,1.6715559922886314e-06,2,1
5581,9.508364087196242e-07,2,1
5582,2.21638899233767e-07,2,1
5583,9.616061333872494e-07,2,1
5584,0.9999982714653015,1,3
5585,1.0,1,8
5586,1.0,1,5
5587,1.0,1,8
5588,9.953985227184603e-07,3,1
5589,1.98913596705097e-07,3,1
5590,1.4824910294919391e-06,2,1
5591,1.8057066597521043e-07,3,1
5592,1.0,1,5
5593,1.0,1,6
5594,1.0,1,6
5595,1.0,1,6
5596,1.4033199136065377e-07,4,1
5597,1.4228272959826427e-07,3,1
5598,2.4657785147041977e-08,6,1
5599,2.8318590139519983e-08,4,1
5600,0.9194170236587524,1,2
5601,5.863435035280418e-07,2,1
5602,0.12275715917348862,2,1
5603,7.101036771928193e-07,2,1
5604,5.615906388811709e-07,3,1
5605,7.491084375033097e-08,4,1
5606,1.0395675431595919e-08,7,1
5607,8.780206783853828e-09,6,1
5608,1.0,1,4
5609,1.0,1,6
5610,1.0,1,6
5611,1.0,1,6
5612,0.0003325561119709164,2,1
5613,1.4762591149519722e-07,2,1
5614,0.00152096978854388,2,1
5615,1.7581586462256382e-06,2,1
5616,0.9999997615814209,1,2
5617,0.9999425411224365,1,2
5618,1.0,1,2
5619,0.9999994039535522,1,2
5620,1.2998252252316433e-08,5,1
5621,1.1999380156169082e-08,4,1
5622,6.884607994805947e-09,8,1
5623,9.856743865555018e-09,3,1
5624,1.0,1,4
5625,0.9999990463256836,1,2
5626,1.0,1,6
5627,1.0,1,4
5628,1.2998252252316433e-08,5,1
5629,1.1999380156169082e-08,4,1
5630,6.884607994805947e-09,8,1
5631,9.856743865555018e-09,3,1
5632,1.0,1,3
5633,0.9996559023857117,1,2
5634,0.9999992847442627,1,2
5635,0.9998556971549988,1,2
5636,1.6786412970759557e-07,3,1
5637,3.107437862581719e-07,2,1
5638,6.701185384372366e-08,2,1
5639,2.050078684590062e-08,3,1
5640,1.0,1,6
5641,1.0,1,3
5642,1.0,1,6
5643,1.0,1,6
5644,4.355607075012813e-08,4,1
5645,9.632547914861789e-08,2,1
5646,1.60224971068601e-08,6,1
5647,7.122277434490343e-09,5,1
5648,0.9999796152114868,1,2
5649,1.0,1,2
5650,0.9999998807907104,1,2
5651,0.9999998807907104,1,2
5652,3.014935714418243e-07,5,1
5653,1.2668995452713716e-07,4,1
5654,1.6492680998680953e-08,4,1
5655,1.5957686727574583e-08,4,1
5656,0.9999957084655762,1,2
5657,1.0,1,4
5658,0.9999996423721313,1,2
5659,1.0,1,4
5660,6.092532203183509e-07,3,1
5661,3.803225823162393e-08,5,1
5662,7.199557927606293e-08,3,1
5663,1.3384437558272566e-08,6,1
5664,1.0,1,6
5665,1.0,1,6
5666,1.0,1,3
5667,1.0,1,4
5668,0.0013336060801520944,4,1
5669,2.4483642846462317e-07,4,1
5670,6.553572120537865e-07,4,1
5671,2.677425641195441e-07,3,1
5672,0.9999887347221375,1,2
5673,0.9999985694885254,1,2
5674,1.0,1,3
5675,1.0,1,3
5676,2.195050365116913e-05,3,1
5677,0.00019192254694644362,3,1
5678,1.7824010001277202e-07,3,1
5679,2.1814119577356905e-07,3,1
5680,3.8085499909357168e-06,4,1
5681,4.158102001383668e-06,3,1
5682,0.047803327441215515,2,1
5683,0.00029239527066238225,2,1
5684,1.5065047875850723e-07,7,1
5685,1.8974427007378836e-07,7,1
5686,6.615400138798577e-08,6,1
5687,1.2026830198408334e-08,8,1
5688,0.7796680927276611,2,3
5689,0.999999463558197,1,4
5690,0.023241402581334114,3,1
5691,0.9972004890441895,1,2
5692,8.038630312512396e-07,5,1
5693,4.332705216825161e-08,4,1
5694,3.3070929106315816e-08,4,1
5695,9.871850892295697e-09,4,1
5696,4.34620642408845e-06,3,1
5697,1.0,1,4
5698,1.0,1,6
5699,1.0,1,4
5700,6.930906071289655e-09,11,1
5701,9.874469242276973e-09,7,1
5702,5.4804880633696484e-09,10,1
5703,8.711828591856374e-09,9,1
5704,1.0318298109268653e-06,3,1
5705,1.621421574782289e-07,3,1
5706,0.9999713897705078,1,2
5707,0.998105525970459,1,2
5708,2.7174110073246993e-08,11,1
5709,5.8514814327281783e-08,4,1
5710,2.628119055714251e-08,6,1
5711,2.960791611883451e-08,4,1
5712,1.0,1,3
5713,1.0,1,5
5714,1.0,1,6
5715,1.0,1,6
5716,2.227352879913269e-08,12,1
5717,1.3850192104314374e-08,9,1
5718,3.997568054359135e-09,10,1
5719,7.493626164034595e-09,8,1
5720,1.0,1,6
5721,1.0,1,7
5722,1.0,1,4
5723,1.0,1,6
5724,9.324601535354304e-08,8,1
5725,1.129908877572916e-08,10,1
5726,1.5918381279789173e-08,10,1
5727,7.492568343536732e-09,8,1
5728,0.0014317183522507548,2,1
5729,0.010524864308536053,2,1
5730,0.9869202375411987,1,2
5731,0.6628544330596924,1,2
5732,1.132387296820525e-05,3,1
5733,7.11221957772068e-07,3,1
5734,7.382333251371165e-07,2,1
5735,1.4375100363395177e-06,2,1
5736,1.0,1,6
5737,1.0,1,6
5738,1.0,1,5
5739,1.0,1,6
5740,3.583788910077601e-08,9,1
5741,8.71575167593619e-09,7,1
5742,3.2607875510848316e-08,8,1
5743,6.1703815390501404e-09,8,1
5744,1.0,1,7
5745,0.0011799122439697385,2,1
5746,1.0,1,6
5747,0.9999998807907104,1,2
5748,0.9999997019767761,1,5
5749,0.9999974370002747,1,2
5750,0.999994695186615,1,3
5751,1.0,1,2
5752,1.0,1,6
5753,0.9999997615814209,1,2
5754,1.0,1,4
5755,1.0,1,5
5756,1.6923070234042825e-07,3,1
5757,1.79535515343332e-08,4,1
5758,2.2175514757805104e-08,6,1
5759,9.612135976055924e-09,4,1
5760,1.0,1,7
5761,1.0,1,6
5762,1.0,1,6
5763,1.0,1,6
5764,1.7951904283108888e-06,4,1
5765,5.092978838661111e-08,5,1
5766,6.01729297500242e-08,6,1
5767,3.0152467189736853e-08,8,1
5768,0.9999998211860657,1,4
5769,1.0,1,8
5770,1.0,1,9
5771,1.0,1,9
5772,1.3749348909186665e-05,3,1
5773,1.624864438554141e-07,3,1
5774,4.553125165784877e-08,4,1
5775,4.8954138520684864e-08,4,1
5776,0.999865710735321,1,3
5777,0.999949038028717,1,3
5778,0.26996341347694397,2,1
5779,0.9958440065383911,1,3
5780,1.1306676483968658e-08,8,1
5781,8.047755351014985e-09,7,1
5782,7.3568049430150495e-09,9,1
5783,5.905577804554696e-09,8,1
5784,0.00947362370789051,2,1
5785,1.0,1,3
5786,1.6800624507595785e-05,2,1
5787,0.9999988079071045,1,2
5788,4.5104172841092804e-07,3,1
5789,8.716286714616217e-08,2,1
5790,1.3652049801748944e-07,5,1
5791,3.100676337908226e-08,4,1
5792,3.0804101243120385e-06,3,1
5793,9.272842362406664e-06,2,1
5794,6.826045932939451e-07,3,1
5795,5.3070827561896294e-05,2,1
5796,2.6117650122614577e-06,2,1
5797,1.9927823302623437e-07,2,1
5798,8.79442632140126e-06,2,1
5799,4.837154392589582e-07,2,1
5800,0.9999976754188538,1,3
5801,1.0,1,4
5802,1.0,1,5
5803,1.0,1,6
5804,0.9959334135055542,1,2
5805,0.9996644258499146,1,2
5806,0.9992846846580505,1,2
5807,0.9999890327453613,1,2
5808,0.9990003108978271,1,2
5809,0.9999995231628418,1,2
5810,0.9999998807907104,1,2
5811,1.0,1,5
5812,0.00032307099900208414,2,1
5813,3.266461499151774e-05,2,1
5814,0.052896518260240555,2,1
5815,1.2677886843448505e-05,2,1
5816,0.054486509412527084,2,1
5817,1.0,1,4
5818,0.9999996423721313,1,3
5819,1.0,1,5
5820,0.00023525467258878052,2,1
5821,0.0011944000143557787,2,1
5822,0.006555473431944847,2,1
5823,3.739403109648265e-05,2,1
5824,1.0,1,10
5825,1.0,1,8
5826,1.0,1,8
5827,1.0,1,6
5828,8.857060151967744e-08,6,1
5829,1.003601557414413e-08,6,1
5830,1.0526926885745524e-08,8,1
5831,6.354178960776835e-09,7,1
5832,0.011914169415831566,2,1
5833,0.9865793585777283,1,2
5834,0.008606796152889729,2,1
5835,0.9999943971633911,1,2
5836,6.458974155520991e-08,3,1
5837,1.6891644749605916e-09,9,1
5838,4.673238240826549e-09,7,1
5839,1.6670826941123096e-09,9,1
5840,2.9034522412985098e-06,2,1
5841,0.00012365890142973512,2,1
5842,8.255766914544438e-08,3,1
5843,0.9997518658638,1,2
5844,3.8113487335067475e-06,2,1
5845,6.572625466105819e-08,2,1
5846,5.7942735054439254e-08,4,1
5847,5.1093827835302363e-08,4,1
5848,1.0,1,3
5849,1.0,1,6
5850,1.0,1,5
5851,1.0,1,6
5852,4.604344638892144e-08,7,1
5853,9.99079041719142e-09,7,1
5854,4.059645508647236e-09,9,1
5855,2.8123348094766243e-09,9,1
5856,0.9999956488609314,1,2
5857,1.0,1,4
5858,1.0,1,3
5859,1.0,1,4
5860,6.232601776900992e-07,4,1
5861,4.5480038579626125e-07,4,1
5862,1.2820527750534438e-08,7,1
5863,7.495841281013327e-09,8,1
5864,1.0,1,4
5865,1.0,1,6
5866,1.0,1,6
5867,1.0,1,7
5868,1.0512992957956158e-05,4,1
5869,2.602506015136896e-07,4,1
5870,3.8090433918114286e-07,4,1
5871,6.428312104844736e-08,6,1
5872,0.9996734857559204,1,2
5873,1.0,1,4
5874,0.9995175004005432,1,2
5875,1.0,1,5
5876,3.497759237802711e-08,12,1
5877,8.053149969100559e-08,14,1
5878,2.711636026830888e-09,9,1
5879,4.510732232176906e-09,11,1
5880,9.305070307163987e-06,2,1
5881,0.00010589042358333245,2,1
5882,0.0017937840893864632,2,1
5883,0.5462777018547058,1,2
5884,1.0143850204258342e-07,7,1
5885,4.247517537692147e-08,8,1
5886,7.0297745402569944e-09,9,1
5887,8.39130986918235e-09,10,1
5888,0.9999994039535522,1,3
5889,0.9996994137763977,1,2
5890,1.0,1,7
5891,1.0,1,6
5892,9.081203984351305e-07,3,1
5893,5.822946604894241e-07,3,1
5894,4.121345966723311e-07,3,1
5895,7.162891790812864e-08,4,1
5896,0.9999998807907104,1,3
5897,0.01878511533141136,2,1
5898,1.0,1,4
5899,0.9998387694358826,1,2
5900,4.2244906239830016e-08,3,1
5901,4.3949768269158085e-09,6,1
5902,7.608496943589671e-09,8,1
5903,1.573435715052085e-09,7,1
5904,2.7564835747284633e-08,4,1
5905,1.737420762815134e-09,7,1
5906,8.611154385107511e-07,2,1
5907,1.7449828249027632e-09,6,1
5908,8.551563013270425e-08,6,1
5909,6.5877832078342635e-09,8,1
5910,5.61175106383871e-08,4,1
5911,1.2096767143532361e-08,5,1
5912,0.999215304851532,1,2
5913,0.9918355345726013,1,2
5914,0.9998847842216492,1,3
5915,0.9995924234390259,1,2
5916,2.526188109186478e-05,3,1
5917,4.3827017179864924e-06,2,1
5918,2.265757785835376e-07,3,1
5919,1.2239314628459397e-06,3,1
5920,0.9990062117576599,1,2
5921,0.9971117973327637,1,2
5922,0.9999993443489075,1,3
5923,1.0,1,4
5924,3.5073577375754894e-09,8,1
5925,1.3472441828810133e-08,7,1
5926,5.245571532697113e-09,8,1
5927,5.3838316027565725e-09,7,1
5928,1.0,1,5
5929,1.0,1,5
5930,1.0,1,5
5931,1.0,1,3
5932,5.101319970890472e-07,4,1
5933,4.277509901839949e-08,6,1
5934,1.7054827594620292e-07,3,1
5935,3.9039168342469566e-08,7,1
5936,0.999998927116394,1,2
5937,1.0,1,4
5938,1.0,1,3
5939,1.0,1,3
5940,4.115908680546454e-08,5,1
5941,1.7954548070520104e-08,7,1
5942,5.54081083237179e-08,5,1
5943,1.3674426924126237e-08,7,1
5944,1.0,1,4
5945,1.0,1,6
5946,1.0,1,3
5947,1.0,1,2
5948,7.65833590321563e-07,4,1
5949,3.1614706585969543e-07,3,1
5950,2.115982908890146e-07,3,1
5951,7.542023894302474e-08,4,1
5952,0.04130171239376068,2,1
5953,1.0,1,6
5954,0.276367723941803,2,1
5955,1.0,1,5
5956,8.516664706803567e-07,3,1
5957,1.1525068543960515e-07,2,1
5958,5.106664602294586e-08,4,1
5959,2.3094452572536284e-08,3,1
5960,1.0882963863423356e-08,6,1
5961,1.0,1,3
5962,1.0,1,4
5963,1.0,1,3
5964,3.7639107830500507e-08,9,1
5965,2.6132184416383097e-08,4,1
5966,2.5964256522570395e-08,6,1
5967,1.3528216769032042e-08,7,1
5968,1.0,1,4
5969,1.0,1,6
5970,1.0,1,3
5971,1.0,1,6
5972,1.882330820990319e-06,4,1
5973,1.132113357016351e-05,3,1
5974,4.851530022165207e-08,5,1
5975,1.302592433916061e-08,6,1
5976,0.9999997615814209,1,2
5977,0.9992573261260986,1,2
5978,1.0,1,6
5979,0.9998996257781982,1,2
5980,5.386104717786111e-08,2,1
5981,4.154658839183867e-08,3,1
5982,0.0021844368893653154,2,1
5983,6.312786354101263e-06,2,1
5984,0.9999998807907104,1,4
5985,1.2734204801745364e-08,4,1
5986,0.9999969601631165,1,3
5987,4.935577280207326e-08,3,1
5988,3.510625745661855e-08,8,1
5989,4.85310946984896e-09,5,1
5990,1.3511195717796909e-08,4,1
5991,7.446065986016492e-09,3,1
5992,0.9999998807907104,1,3
5993,0.9589506983757019,1,2
5994,1.0,1,5
5995,0.9999912977218628,1,2
5996,1.0397141814166844e-08,8,1
5997,8.581968025112019e-09,6,1
5998,2.094799533836067e-08,3,1
5999,1.4167499173822762e-08,5,1
6000,2.558220444370818e-07,3,1
6001,3.4055482878159182e-09,6,1
6002,4.07994921260979e-05,3,1
6003,8.489497815844516e-08,4,1
6004,1.3107145591106928e-08,10,1
6005,2.9342377416696763e-09,8,1
6006,1.174751140808894e-08,8,1
6007,2.8518478689676385e-09,8,1
6008,4.892284778179601e-06,3,1
6009,1.1500578267487072e-08,4,1
6010,0.0005465879221446812,2,1
6011,6.983746914102085e-09,5,1
6012,0.00036307572736404836,4,2
6013,3.82603957405081e-06,4,1
6014,5.246802629699232e-06,4,1
6015,1.0370997642894508e-06,4,1
6016,1.0,1,4
6017,1.0,1,5
6018,1.0,1,5
6019,1.0,1,5
6020,1.808953520310297e-08,5,1
6021,1.0512223980185809e-07,2,1
6022,1.008648720102201e-08,7,1
6023,7.81142546202318e-08,2,1
6024,0.9999994039535522,1,3
6025,0.9999996423721313,1,2
6026,0.9994180202484131,1,2
6027,0.911634624004364,1,2
6028,4.0319367400343253e-08,6,1
6029,2.5495932476360395e-08,5,1
6030,2.5847594287142783e-08,6,1
6031,4.1248991777820265e-08,5,1
6032,1.0,1,5
6033,1.0,1,6
6034,1.0,1,6
6035,1.0,1,6
6036,3.2599734822724713e-07,4,1
6037,3.825328747097956e-07,4,1
6038,7.130531542998142e-08,6,1
6039,6.932059903874688e-08,3,1
6040,1.0,1,5
6041,1.0,1,9
6042,1.0,1,4
6043,1.0,1,7
6044,9.52688083089015e-07,3,1
6045,2.5873941922327504e-06,3,1
6046,2.059488757311101e-08,6,1
6047,2.0242861609176543e-08,5,1
6048,1.0,1,2
6049,1.0,1,5
6050,0.9999998807907104,1,2
6051,1.0,1,2
6052,4.850687219004612e-06,4,1
6053,2.0715278381544522e-08,6,1
6054,1.8502486653915184e-08,6,1
6055,1.051420461806174e-08,6,1
6056,1.0,1,5
6057,1.0,1,5
6058,1.0,1,6
6059,1.0,1,5
6060,1.9191205069546413e-07,4,1
6061,4.473113790481875e-08,4,1
6062,1.3011403154905565e-07,4,1
6063,1.1172048743901541e-06,3,1
6064,1.0,1,3
6065,1.0,1,3
6066,1.0,1,6
6067,1.0,1,6
6068,5.288690317684086e-06,3,1
6069,8.358585546375252e-06,3,1
6070,5.117126420373097e-07,5,1
6071,5.006669994145341e-07,4,1
6072,1.0,1,4
6073,1.0,1,5
6074,0.9999998807907104,1,3
6075,1.0,1,5
6076,4.636820349901427e-08,5,1
6077,4.215580062805202e-08,3,1
6078,2.8575433130839656e-09,8,1
6079,7.555970960027025e-09,5,1
6080,0.9999998807907104,1,3
6081,1.0,1,3
6082,1.0,1,3
6083,1.0,1,4
6084,8.403387141697749e-07,4,1
6085,2.357718287271382e-08,3,1
6086,2.1410022199574996e-08,5,1
6087,6.6125203090905416e-09,6,1
6088,1.0,1,7
6089,1.0,1,4
6090,1.0,1,5
6091,1.0,1,5
6092,8.445939414514214e-08,4,1
6093,1.5346502735269496e-08,5,1
6094,1.8611180152561246e-08,4,1
6095,2.500952156481162e-08,2,1
6096,0.9996803402900696,1,3
6097,1.0,1,2
6098,0.9999915957450867,1,3
6099,1.0,1,4
6100,5.3719158898957176e-08,4,1
6101,1.2750050792931233e-08,4,1
6102,4.288379873429449e-09,6,1
6103,7.258942780197231e-09,4,1
6104,1.0,1,5
6105,0.9999996423721313,1,2
6106,1.0,1,4
6107,1.0,1,3
6108,5.2760981361643644e-08,5,1
6109,5.8173919015303e-09,4,1
6110,1.7825801279514053e-08,3,1
6111,2.6781398432262904e-08,2,1
6112,1.0,1,5
6113,1.0,1,5
6114,1.0,1,5
6115,1.0,1,6
6116,1.6430392861366272e-05,4,1
6117,1.2763189616293857e-08,6,1
6118,5.3891564988362006e-08,4,1
6119,9.565388481291848e-09,6,1
6120,0.9999998807907104,1,2
6121,1.0,1,2
6122,0.9999997615814209,1,2
6123,1.0,1,2
6124,1.107948151002347e-06,3,1
6125,6.523779916278727e-08,5,1
6126,8.964049413862085e-08,4,1
6127,1.459609251242e-07,3,1
6128,0.9967602491378784,1,2
6129,0.9999406933784485,1,2
6130,0.9999643564224243,1,2
6131,0.9996379613876343,1,2
6132,3.8683783714077435e-06,4,1
6133,1.4058504120839643e-06,2,1
6134,1.3670280907263077e-08,7,1
6135,3.876951026882125e-08,3,1
6136,1.0,1,5
6137,1.0,1,7
6138,1.0,1,2
6139,1.0,1,6
6140,9.34958620746329e-07,5,1
6141,2.3543104816781124e-06,4,1
6142,2.6392842755740276e-07,5,1
6143,5.392829507400165e-07,3,1
6144,9.715998006143423e-10,11,1
6145,2.43508651465163e-07,4,1
6146,5.323430030124143e-10,11,1
6147,1.1323685811248652e-07,2,1
6148,1.1787763298798382e-07,7,1
6149,2.973372374981409e-07,4,1
6150,7.75798447705256e-09,9,1
6151,1.9012892593650577e-08,6,1
6152,3.6392984839039855e-06,2,1
6153,4.3920712755607383e-07,2,1
6154,0.9990341663360596,1,2
6155,5.898707058804575e-06,2,1
6156,2.5512223146506585e-05,3,1
6157,9.630618933442747e-07,4,1
6158,3.8954226511123125e-07,3,1
6159,4.052213853356079e-08,5,1
6160,1.0,1,3
6161,1.0,1,5
6162,1.0,1,3
6163,1.0,1,5
6164,2.1659016624653304e-07,4,1
6165,1.639879876336181e-08,7,1
6166,4.3756330114774755e-08,4,1
6167,4.51993287242658e-08,5,1
6168,1.0,1,5
6169,1.0,1,6
6170,1.0,1,4
6171,1.0,1,6
6172,1.3428261809167452e-06,10,1
6173,2.7970852443104377e-06,6,1
6174,1.368857880379437e-07,9,1
6175,1.1276466693743714e-07,5,1
6176,1.0,1,3
6177,1.0,1,6
6178,1.0,1,3
6179,1.0,1,5
6180,1.2004076666016772e-07,3,1
6181,1.6096787192054762e-07,3,1
6182,2.0178253734570717e-08,9,1
6183,3.125973080386757e-08,5,1
6184,0.0429936945438385,2,1
6185,0.9658836126327515,1,2
6186,0.9882972240447998,1,2
6187,0.9736155867576599,1,2
6188,4.76177781649767e-08,4,1
6189,9.86539589575841e-07,2,1
6190,2.7035707006461962e-08,5,1
6191,1.7903420967968486e-08,3,1
6192,1.0,1,5
6193,1.0,1,3
6194,0.9999958872795105,1,3
6195,0.999998927116394,1,2
6196,4.76177781649767e-08,4,1
6197,9.86539589575841e-07,2,1
6198,2.7035707006461962e-08,5,1
6199,1.7903420967968486e-08,3,1
6200,0.9999194145202637,1,4
6201,0.9069664478302002,1,2
6202,1.0,1,7
6203,0.9999635815620422,1,2
6204,4.040239673486212e-06,6,1
6205,2.1824762441724488e-08,6,1
6206,3.357801503511837e-08,4,1
6207,1.3418176791901715e-08,4,1
6208,1.0,1,5
6209,1.0,1,7
6210,1.0,1,4
6211,1.0,1,5
6212,5.113981238480392e-09,9,1
6213,4.806793185707647e-07,3,1
6214,2.3919438874031584e-08,8,1
6215,4.94004268603021e-07,3,1
6216,0.9999993443489075,1,3
6217,1.0,1,5
6218,0.9999998807907104,1,3
6219,0.9999998807907104,1,3
6220,1.8580117000510654e-07,3,1
6221,2.0266318756512192e-07,3,1
6222,8.338625789860998e-09,3,1
6223,2.467439230713353e-08,3,1
6224,1.0,1,8
6225,0.9999998807907104,1,3
6226,1.0,1,7
6227,1.0,1,5
6228,2.425200818834128e-06,6,1
6229,2.2019385141902603e-06,4,1
6230,1.8306229776499094e-07,5,1
6231,8.801249578027637e-07,2,1
6232,0.9972798824310303,1,2
6233,0.9999529719352722,1,2
6234,1.0,1,5
6235,0.9999996423721313,1,3
6236,2.2752083168597892e-05,5,1
6237,9.705204865895212e-05,3,1
6238,1.5605403405061224e-06,4,1
6239,1.3259177649160847e-06,3,1
6240,1.0,1,6
6241,1.0,1,4
6242,0.9999996423721313,1,3
6243,1.0,1,4
6244,1.1175501413163147e-06,6,1
6245,2.7239437372372777e-08,4,1
6246,9.645638954225433e-08,6,1
6247,1.3553759004025778e-08,7,1
6248,0.9999991655349731,1,3
6249,0.9999994039535522,1,2
6250,1.0,1,3
6251,1.0,1,2
6252,0.013874108903110027,2,1
6253,3.8815980474282696e-07,2,1
6254,3.98315371796798e-08,9,1
6255,3.3554389489154346e-08,6,1
6256,0.9999984502792358,1,2
6257,1.0,1,5
6258,1.0,1,5
6259,1.0,1,5
6260,1.6750560405398573e-07,3,1
6261,2.6509704653676636e-08,5,1
6262,2.0434107739220053e-08,6,1
6263,2.2486867479187822e-08,3,1
6264,1.0,1,3
6265,0.9998956918716431,1,2
6266,0.9999997615814209,1,2
6267,0.9489208459854126,1,2
6268,1.6413548564742086e-07,2,1
6269,9.036060788503164e-08,2,1
6270,1.259469257774981e-07,2,1
6271,1.3282389943469752e-07,2,1
6272,0.9937685132026672,1,2
6273,1.0,1,5
6274,0.999794065952301,1,2
6275,1.0,1,3
6276,1.6413548564742086e-07,2,1
6277,9.036060788503164e-08,2,1
6278,1.259469257774981e-07,2,1
6279,1.3282389943469752e-07,2,1
6280,1.0,1,7
6281,1.0,1,7
6282,1.0,1,7
6283,1.0,1,6
6284,6.1828804298613704e-09,6,1
6285,2.41483988361324e-09,8,1
6286,5.558399962524163e-09,4,1
6287,1.38232369994995e-09,8,1
6288,1.0,1,6
6289,1.0,1,6
6290,1.0,1,6
6291,1.0,1,6
6292,4.0716130911278015e-08,3,1
6293,1.0495091018469793e-08,6,1
6294,4.73354022645367e-09,6,1
6295,4.667358943777344e-09,7,1
6296,0.999997615814209,1,2
6297,1.0,1,4
6298,1.0,1,2
6299,1.0,1,5
6300,1.8572955013951287e-05,4,1
6301,2.106656324940559e-07,3,1
6302,6.705314262944739e-06,3,1
6303,1.6949853431924566e-07,5,1
6304,0.9999998807907104,1,2
6305,0.9999990463256836,1,2
6306,0.9999997615814209,1,2
6307,1.0,1,3
6308,0.000770724902395159,2,1
6309,6.377613104291413e-09,8,1
6310,0.989410400390625,1,2
6311,1.823700079839341e-09,9,1
6312,1.0,1,9
6313,1.0,1,9
6314,1.0,1,7
6315,1.0,1,7
6316,6.045478926353098e-07,4,1
6317,6.076609082583673e-08,5,1
6318,6.129493357320825e-08,5,1
6319,2.1871770172765537e-08,6,1
6320,1.0,1,6
6321,1.0,1,6
6322,1.0,1,6
6323,1.0,1,6
6324,1.6056276308518136e-07,4,1
6325,6.226457571756328e-08,5,1
6326,4.3116756387462374e-08,6,1
6327,1.4079279075929207e-08,6,1
6328,1.0,1,3
6329,1.0,1,5
6330,1.0,1,3
6331,0.9999998807907104,1,3
6332,3.5217457394765006e-08,9,1
6333,2.813624000452819e-08,7,1
6334,1.1638874752861739e-08,11,1
6335,1.1280246958733642e-08,9,1
6336,0.0013287377078086138,2,1
6337,1.9042705616811872e-06,2,1
6338,0.019818847998976707,2,1
6339,0.0035762835759669542,2,1
6340,1.505036451021624e-08,3,1
6341,5.444607253934919e-08,2,1
6342,1.063534238454622e-08,3,1
6343,1.3522262065635005e-07,2,1
6344,1.0,1,8
6345,1.0,1,6
6346,1.0,1,6
6347,1.0,1,6
6348,3.689331788336858e-05,3,1
6349,4.658191983253346e-07,3,1
6350,6.017480700393207e-06,3,1
6351,3.1794965593689994e-07,3,1
6352,1.0,1,5
6353,1.0,1,5
6354,1.0,1,6
6355,1.0,1,6
6356,5.177305979486846e-07,3,1
6357,2.1905047731252125e-07,4,1
6358,3.5831664035868016e-07,3,1
6359,2.1299401353758185e-08,5,1
6360,1.0,1,8
6361,1.0,1,8
6362,1.0,1,5
6363,1.0,1,6
6364,1.2370952617857256e-06,2,1
6365,2.494478508197062e-07,2,1
6366,1.1170391900350296e-07,2,1
6367,1.357676637780969e-07,2,1
6368,1.0,1,5
6369,1.0,1,6
6370,1.0,1,5
6371,1.0,1,4
6372,7.971705713316624e-07,2,1
6373,2.1852885367934505e-07,2,1
6374,2.577394653258125e-08,5,1
6375,4.276268938951944e-08,3,1
6376,1.0,1,5
6377,1.0,1,5
6378,1.0,1,4
6379,1.0,1,4
6380,1.1751977808671654e-06,4,1
6381,2.121784746123012e-06,3,1
6382,1.9421877084369044e-07,4,1
6383,2.9213410357442626e-07,3,1
6384,1.0,1,5
6385,1.0,1,6
6386,1.0,1,4
6387,1.0,1,4
6388,3.703269612742588e-05,3,1
6389,0.8293236494064331,1,2
6390,7.241106914079865e-08,4,1
6391,0.8395629525184631,1,2
6392,1.0,1,5
6393,1.0,1,4
6394,1.0,1,5
6395,1.0,1,5
6396,3.1633862818125635e-06,2,1
6397,3.4957005823343934e-07,2,1
6398,7.183130605881161e-07,2,1
6399,3.283105627360783e-07,2,1
6400,1.0,1,6
6401,1.0,1,6
6402,1.0,1,3
6403,1.0,1,5
6404,1.3444308777366132e-08,6,1
6405,6.004875530152276e-08,2,1
6406,4.8406110231269395e-09,8,1
6407,2.5403897652154228e-08,4,1
6408,1.0,1,8
6409,1.0,1,7
6410,1.0,1,6
6411,1.0,1,6
6412,3.3725020330166444e-05,3,1
6413,4.443390207597986e-05,3,1
6414,1.325438574895088e-06,3,1
6415,6.756087600479077e-07,3,1
6416,8.850255994730105e-08,7,1
6417,0.4468096196651459,2,1
6418,4.550154031335296e-08,6,1
6419,0.0017005670815706253,2,1
6420,1.5984052481599065e-07,9,1
6421,1.860897924643723e-08,6,1
6422,8.60856008699784e-09,9,1
6423,1.2781023350783016e-08,7,1
6424,1.1678723765840004e-08,9,1
6425,8.152690611495927e-07,2,1
6426,1.1020325985100499e-08,7,1
6427,9.731415775604546e-05,2,1
6428,9.666579359191019e-08,5,1
6429,5.128313205204904e-07,4,1
6430,5.823934401405495e-08,5,1
6431,1.1955993386436603e-06,3,1
6432,0.9999997019767761,1,3
6433,0.0015334527706727386,2,1
6434,1.0,1,5
6435,0.9987531900405884,1,2
6436,5.113983903015651e-08,4,1
6437,4.361891825510611e-08,2,1
6438,4.197743663780784e-08,4,1
6439,2.3237744173343344e-08,3,1
6440,0.9999947547912598,1,2
6441,4.046513311095623e-07,4,1
6442,1.0,1,3
6443,2.2550448193214834e-06,2,1
6444,7.654350611119298e-07,4,1
6445,1.0900107838551776e-07,2,1
6446,3.174019269636119e-08,3,1
6447,5.1577814019765356e-08,2,1
6448,0.9980943202972412,1,2
6449,0.9876006245613098,1,2
6450,0.9999997019767761,1,3
6451,0.9995987415313721,1,2
6452,6.88118307152763e-05,3,1
6453,9.136435437540058e-06,3,1
6454,6.618213319597999e-07,2,1
6455,9.250447874364909e-08,2,1
6456,0.138799786567688,2,1
6457,0.18236294388771057,2,1
6458,0.9999598860740662,1,2
6459,0.9707673192024231,1,2
6460,8.32102443837357e-07,2,1
6461,4.357177374458843e-08,3,1
6462,1.0204588107853851e-07,3,1
6463,1.575607910808685e-08,4,1
6464,0.9999971985816956,1,4
6465,0.9999797344207764,1,4
6466,1.0,1,8
6467,1.0,1,8
6468,3.253332536701237e-08,12,1
6469,3.0366873460252464e-08,8,1
6470,8.746677160331728e-09,10,1
6471,7.235114285464306e-09,10,1
6472,1.0,1,4
6473,1.0,1,5
6474,1.0,1,3
6475,1.0,1,6
6476,4.8810634325491264e-06,4,1
6477,2.5574756364221685e-05,2,1
6478,2.453080583109113e-07,4,1
6479,1.4744707641511923e-06,2,1
6480,1.0,1,7
6481,0.09116662293672562,2,1
6482,1.0,1,7
6483,0.12166944146156311,2,1
6484,3.054963997328741e-07,2,1
6485,2.444970981230199e-08,3,1
6486,1.035878653965483e-07,2,1
6487,8.785499439056821e-09,3,1
6488,0.9999989867210388,1,3
6489,0.9999998807907104,1,2
6490,0.9999997019767761,1,3
6491,0.9999998807907104,1,3
6492,0.9999999403953552,1,6
6493,0.9999998807907104,1,3
6494,0.9999955296516418,1,3
6495,0.9999991655349731,1,2
6496,8.539289098052905e-08,3,1
6497,1.1766549512515212e-08,3,1
6498,8.974806320338757e-08,3,1
6499,9.20113762958863e-09,3,1
6500,6.141347341781511e-08,6,1
6501,2.944027599482979e-08,4,1
6502,5.0481997249107735e-08,2,1
6503,1.0958158824792008e-08,4,1
6504,0.5495074987411499,1,2
6505,0.7292577624320984,1,2
6506,0.9996196031570435,1,3
6507,0.03899736702442169,2,1
6508,3.3321330139557404e-09,13,1
6509,1.885517075805865e-09,11,1
6510,2.182054537058775e-09,10,1
6511,7.708508276138559e-10,12,1
6512,1.0,1,4
6513,1.0,1,5
6514,1.0,1,4
6515,1.0,1,5
6516,1.346386380163267e-08,10,1
6517,8.021462605256602e-08,4,1
6518,2.0572548109498712e-08,6,1
6519,4.220310856339893e-08,2,1
6520,0.9999998807907104,1,3
6521,0.9999990463256836,1,2
6522,0.9999860525131226,1,2
6523,0.9999854564666748,1,2
6524,6.346863923312185e-09,9,1
6525,3.006643112257734e-08,5,1
6526,1.5484992843539658e-08,9,1
6527,5.447340001296652e-08,4,1
6528,3.0211458579287864e-06,2,1
6529,3.4876579775300343e-06,3,1
6530,4.708528194896644e-06,3,1
6531,2.8471317747857938e-08,5,1
6532,3.000273451903013e-08,8,1
6533,1.1630863383516044e-08,8,1
6534,3.8561069892750766e-09,9,1
6535,8.572643039883587e-09,8,1
6536,0.9999978542327881,1,3
6537,1.0,1,4
6538,1.0,1,5
6539,1.0,1,5
6540,5.346603604294842e-09,9,1
6541,6.966199617153279e-09,7,1
6542,5.267246638851475e-09,6,1
6543,1.4073345155907191e-08,3,1
6544,6.524325044665602e-07,2,1
6545,1.634792994309464e-07,4,1
6546,1.7354863075524918e-06,3,1
6547,5.384214318837621e-08,4,1
6548,5.700852412360291e-08,3,1
6549,8.298404630124878e-09,6,1
6550,4.45752545985556e-09,7,1
6551,4.868611291897196e-09,6,1
6552,0.9922888278961182,1,2
6553,1.6821665838051558e-07,2,1
6554,0.432379812002182,2,1
6555,8.152643431458273e-07,2,1
6556,1.6795423789517372e-06,2,1
6557,4.784099587595847e-07,2,1
6558,6.469861801861043e-08,2,1
6559,2.960542744290251e-08,4,1
6560,0.99973464012146,1,2
6561,1.0897383617702872e-07,3,1
6562,0.038762159645557404,2,1
6563,2.365984919094899e-08,4,1
6564,1.7192700170198805e-06,3,1
6565,1.5587335155942128e-06,2,1
6566,1.6466506735923758e-07,2,1
6567,3.5043916568611166e-07,2,1
6568,8.442185617241194e-08,3,1
6569,1.0,1,4
6570,1.4479238075182366e-07,3,1
6571,0.9995090365409851,1,2
6572,3.685319782675833e-08,4,1
6573,1.2390154680019805e-08,6,1
6574,1.7438889443610606e-08,4,1
6575,3.3146580591392194e-08,4,1
6576,1.0,1,4
6577,1.0,1,7
6578,1.0,1,5
6579,1.0,1,7
6580,0.14895161986351013,2,1
6581,0.0025899445172399282,3,1
6582,0.0010999332880601287,3,1
6583,0.1620161235332489,2,1
6584,6.670919816542664e-09,9,1
6585,3.199973434675485e-06,4,1
6586,1.1432712199166417e-06,3,1
6587,0.859908401966095,1,2
6588,2.408006949394803e-08,10,1
6589,2.5744453235887477e-09,8,1
6590,4.852566348745313e-08,5,1
6591,1.6324422924540727e-09,10,1
6592,1.0,1,5
6593,1.0,1,7
6594,1.0,1,6
6595,1.0,1,6
6596,0.0010900570778176188,2,1
6597,0.0003223006788175553,2,1
6598,0.0005106169846840203,2,1
6599,4.441636338015087e-05,2,1
6600,0.05839217081665993,2,1
6601,0.7018160820007324,1,2
6602,0.9994361996650696,1,2
6603,0.9999709129333496,1,2
6604,2.2908424046619302e-09,8,1
6605,5.5278031041439135e-09,5,1
6606,1.476649136300523e-09,8,1
6607,2.705911494871316e-09,7,1
6608,0.9999858736991882,1,2
6609,1.0,1,4
6610,1.0,1,5
6611,1.0,1,5
6612,1.7088525055442005e-05,5,1
6613,1.6552553461224306e-06,4,1
6614,3.287320993194953e-08,9,1
6615,5.431705218938987e-08,5,1
6616,0.00013778175343759358,4,1
6617,0.05060612037777901,2,1
6618,0.0010161472018808126,2,1
6619,0.006619128864258528,2,1
6620,3.376812784949834e-08,6,1
6621,2.4192717162918598e-08,6,1
6622,4.527670238729797e-09,9,1
6623,8.734622802819558e-09,6,1
6624,0.06507879495620728,2,1
6625,1.0,1,3
6626,0.9994496703147888,1,2
6627,1.0,1,5
6628,2.0244220877430052e-07,3,1
6629,8.520645877752031e-08,2,1
6630,6.711456279617778e-08,3,1
6631,5.79728087757303e-08,2,1
6632,1.0,1,4
6633,1.0,1,5
6634,1.0,1,5
6635,1.0,1,5
6636,1.2028738183289533e-07,2,1
6637,4.793992616214382e-07,2,1
6638,1.4291423156009841e-08,2,1
6639,2.5489999444516798e-08,2,1
6640,1.0,1,6
6641,1.0,1,6
6642,1.0,1,3
6643,1.0,1,5
6644,3.185261903126957e-06,3,1
6645,2.643185780470958e-06,2,1
6646,1.7304542154761293e-07,2,1
6647,2.226732505050677e-07,2,1
6648,0.9999997615814209,1,3
6649,1.0,1,5
6650,0.5214016437530518,1,2
6651,0.9999999403953552,1,3
6652,2.285096911691653e-07,4,1
6653,2.646429209107737e-07,3,1
6654,7.896916009997312e-09,5,1
6655,2.8878941904508793e-08,3,1
6656,1.056827386491932e-05,3,1
6657,0.00021320057567209005,2,1
6658,4.376619017421035e-06,2,1
6659,0.6489001512527466,1,2
6660,1.0955213838315103e-06,5,1
6661,2.9470108131590678e-08,6,1
6662,4.579724759423698e-07,3,1
6663,1.3517538199891987e-08,7,1
6664,0.9987000823020935,1,2
6665,0.03522500395774841,2,1
6666,1.0,1,3
6667,0.999988853931427,1,2
6668,8.62502758991468e-07,4,1
6669,4.8270877073264273e-08,5,1
6670,1.945007532810905e-08,4,1
6671,5.979785555609851e-09,5,1
6672,1.0,1,5
6673,1.0,1,6
6674,1.0,1,5
6675,1.0,1,5
6676,2.817941968658033e-08,7,1
6677,1.1663920496118863e-08,7,1
6678,4.041983636682289e-09,8,1
6679,3.753126698313736e-09,7,1
6680,1.0,1,6
6681,1.0,1,7
6682,1.0,1,6
6683,1.0,1,6
6684,5.238155864617511e-08,5,1
6685,5.929765567458389e-09,5,1
6686,5.682231130066384e-09,6,1
6687,2.423408140828087e-09,6,1
6688,0.9999996423721313,1,2
6689,1.0,1,3
6690,1.0,1,6
6691,1.0,1,6
6692,2.49574250155149e-09,11,1
6693,7.299400639482201e-09,5,1
6694,2.3877171351216475e-09,10,1
6695,2.6524725527110604e-08,3,1
6696,0.9999999403953552,1,4
6697,1.0,1,5
6698,1.0,1,6
6699,1.0,1,5
6700,1.3104627782922762e-07,6,1
6701,1.21795808993852e-08,5,1
6702,6.091832815968701e-09,8,1
6703,1.0556845175813123e-08,5,1
6704,0.06279459595680237,2,1
6705,0.9613951444625854,1,2
6706,0.9999996423721313,1,3
6707,0.999993085861206,1,2
6708,2.49574250155149e-09,11,1
6709,7.299400639482201e-09,5,1
6710,2.3877171351216475e-09,10,1
6711,2.6524725527110604e-08,3,1
6712,1.0,1,6
6713,1.0,1,6
6714,1.0,1,5
6715,1.0,1,5
6716,1.0684361768653616e-06,3,1
6717,9.9864315927789e-08,5,1
6718,2.434714119203818e-08,4,1
6719,2.0744185036392082e-08,5,1
6720,1.2787532810420998e-08,3,1
6721,0.9999995231628418,1,2
6722,0.0010118847712874413,2,1
6723,1.0,1,4
6724,0.5584821701049805,1,2
6725,0.9470791816711426,1,2
6726,0.9997117519378662,1,2
6727,0.9764939546585083,1,2
6728,1.0,1,5
6729,1.0,1,5
6730,1.0,1,5
6731,1.0,1,6
6732,3.9805190255037814e-08,7,1
6733,1.753890011002568e-08,10,1
6734,1.3067532833588302e-08,10,1
6735,6.773285043948363e-09,10,1
6736,1.0,1,3
6737,1.0,1,7
6738,1.0,1,4
6739,1.0,1,5
6740,1.502761648453088e-08,7,1
6741,1.3893131090014776e-08,6,1
6742,2.182807934403286e-09,9,1
6743,2.7651814171747446e-09,9,1
6744,0.9999808073043823,1,2
6745,0.9999984502792358,1,2
6746,1.0,1,3
6747,1.0,1,3
6748,1.8107517263388218e-08,4,1
6749,3.070004765959311e-07,3,1
6750,0.17958450317382812,2,1
6751,0.0004454412846826017,2,1
6752,0.9999995231628418,1,2
6753,0.9999998807907104,1,3
6754,1.0,1,3
6755,1.0,1,3
6756,1.7927209228219e-07,3,1
6757,1.4420092497857695e-07,3,1
6758,1.347762554360088e-05,2,1
6759,6.292862622103712e-07,3,1
6760,0.0047268858179450035,2,1
6761,0.017276616767048836,2,1
6762,0.7893763780593872,1,2
6763,0.0012700124643743038,2,1
6764,0.9836747050285339,1,2
6765,0.947564959526062,1,2
6766,0.00014058462693355978,2,1
6767,0.0008486341102980077,2,1
6768,0.8233811259269714,1,2
6769,0.9999952912330627,1,3
6770,0.9999966621398926,1,2
6771,1.0,1,5
6772,4.2765360142027475e-09,7,1
6773,3.5280836030437968e-09,8,1
6774,7.691330239367744e-09,7,1
6775,2.7537341296124396e-09,8,1
6776,0.7954707741737366,1,2
6777,1.0,1,5
6778,0.9999930262565613,1,2
6779,1.0,1,5
6780,5.7246136719868446e-09,5,1
6781,2.9529114708992665e-09,7,1
6782,4.046634582977049e-09,5,1
6783,3.0846238896486966e-09,5,1
6784,7.665144075019725e-09,6,1
6785,1.0,1,3
6786,2.6284303658030694e-06,2,1
6787,1.0,1,3
6788,3.5096581196825127e-10,9,1
6789,9.108535592439182e-10,9,1
6790,6.787065909286127e-10,9,1
6791,5.512438283616916e-10,10,1
6792,1.0,1,6
6793,1.0,1,3
6794,1.0,1,5
6795,1.0,1,5
6796,1.1710621805605115e-08,7,1
6797,2.793281606017217e-09,5,1
6798,4.3609245103937155e-09,6,1
6799,1.8222050535143808e-09,5,1
6800,1.0,1,5
6801,1.0,1,5
6802,1.0,1,6
6803,1.0,1,5
6804,1.3138856047589798e-05,3,1
6805,3.254256597529093e-08,5,1
6806,9.66532184065727e-07,2,1
6807,2.1938911132224348e-08,6,1
6808,1.0,1,3
6809,0.9999819993972778,1,2
6810,0.9999998807907104,1,2
6811,0.9997920393943787,1,2
6812,2.336333636776544e-05,4,1
6813,1.1621953490248416e-05,4,1
6814,1.6783162209321745e-05,3,1
6815,3.622495341915055e-06,3,1
6816,6.620297199333436e-08,3,1
6817,2.1217547327978536e-06,2,1
6818,8.662835170980543e-06,2,1
6819,5.204025910643395e-06,2,1
6820,0.9999979734420776,1,4
6821,0.9986571669578552,1,2
6822,1.1862015526276082e-05,3,1
6823,4.408218785556528e-07,3,1
6824,0.9999979734420776,1,2
6825,0.9999998807907104,1,3
6826,1.0,1,3
6827,1.0,1,6
6828,1.1825040946433774e-09,15,1
6829,6.8775951600486e-10,12,1
6830,7.941652335752281e-10,12,1
6831,9.23517318174305e-10,10,1
6832,0.7568457722663879,1,2
6833,0.6893578767776489,1,2
6834,0.9607517719268799,1,2
6835,0.9999898672103882,1,2
6836,3.5140139971190365e-06,8,2
6837,3.5497538419804187e-07,5,1
6838,2.688735492029082e-07,7,1
6839,3.1685090107202996e-08,7,1
6840,1.0,1,3
6841,1.0,1,6
6842,1.0,1,4
6843,1.0,1,6
6844,3.603213372116443e-08,10,1
6845,6.481247982748073e-09,10,1
6846,1.1426502410927242e-08,10,1
6847,3.4682088312365522e-09,10,1
6848,0.9999998211860657,1,4
6849,0.9999871253967285,1,2
6850,1.0,1,5
6851,0.9999998807907104,1,3
6852,4.678931418311549e-06,3,1
6853,1.772059295035433e-05,2,1
6854,5.575040518124297e-08,3,1
6855,8.60148485770651e-09,3,1
6856,0.2683882713317871,2,1
6857,0.9999967813491821,1,2
6858,0.9999983906745911,1,3
6859,0.9999997615814209,1,2
6860,4.134959397106286e-07,3,1
6861,4.780408175975026e-07,2,1
6862,3.729052977519132e-08,3,1
6863,2.627032102964222e-08,7,1
6864,0.9999997615814209,1,2
6865,1.0,1,5
6866,1.0,1,4
6867,1.0,1,5
6868,6.355273285407748e-08,6,1
6869,1.2439059560165333e-07,7,1
6870,7.676130842071416e-09,7,1
6871,7.289147063715973e-09,7,1
6872,1.0,1,5
6873,1.0,1,6
6874,1.0,1,6
6875,1.0,1,6
6876,6.102865199864027e-07,4,1
6877,9.834194969471355e-08,3,1
6878,3.6717484608317363e-09,10,1
6879,1.042762853842305e-08,5,1
6880,1.0,1,7
6881,1.0,1,6
6882,1.0,1,6
6883,1.0,1,6
6884,4.766513228560143e-08,7,1
6885,8.021355313303502e-08,5,1
6886,1.6507602396131915e-08,9,1
6887,2.9795037548296932e-08,6,1
6888,0.9999994039535522,1,2
6889,0.9999996423721313,1,3
6890,0.9999780058860779,1,2
6891,0.9999996423721313,1,3
6892,1.829026814448298e-06,4,1
6893,1.0837960928711254e-07,6,1
6894,6.217632062543998e-07,3,1
6895,1.2259954473847756e-07,4,1
6896,0.9999949336051941,1,2
6897,0.9999997615814209,1,3
6898,1.0,1,5
6899,1.0,1,5
6900,3.808961537288269e-07,3,1
6901,7.858599992971449e-09,6,1
6902,8.578957100269236e-09,9,1
6903,1.6547688774792846e-09,8,1
6904,1.6520804990705074e-07,2,1
6905,5.177010464763043e-08,2,1
6906,9.634767650368303e-09,4,1
6907,3.7107383832335472e-09,5,1
6908,3.964577643955636e-08,4,1
6909,4.725917435166593e-09,6,1
6910,4.726828706225206e-09,9,1
6911,2.240089669314216e-09,8,1
6912,0.9999998807907104,1,3
6913,0.5311238765716553,1,2
6914,0.9999952912330627,1,2
6915,0.9994897246360779,1,2
6916,9.834007386189114e-08,6,1
6917,3.76550531200337e-07,4,1
6918,3.050259778092368e-08,9,1
6919,2.0458797322930877e-08,9,1
6920,0.999990701675415,1,2
6921,1.0,1,2
6922,1.0,1,6
6923,1.0,1,6
6924,3.8090414022917685e-07,3,1
6925,7.858675488137123e-09,6,1
6926,8.578612487042392e-09,9,1
6927,1.6547847536685367e-09,8,1
6928,1.0,1,6
6929,0.9999998807907104,1,3
6930,1.0,1,6
6931,1.0,1,6
6932,5.049173523730133e-08,4,1
6933,8.633553427728202e-09,7,1
6934,1.180055608784869e-08,9,1
6935,5.733180596934062e-09,6,1
6936,0.9999999403953552,1,3
6937,1.0,1,7
6938,0.9999978542327881,1,3
6939,1.0,1,6
6940,7.879594340920448e-05,3,1
6941,3.18932968923491e-08,3,1
6942,1.664062619965989e-05,3,1
6943,3.47504225395312e-09,4,1
6944,0.9999856948852539,1,2
6945,1.0,1,5
6946,1.0,1,5
6947,1.0,1,6
6948,1.3079504412871756e-07,2,1
6949,3.9261840356630273e-07,2,1
6950,4.079782911503571e-08,2,1
6951,3.111090407514894e-08,3,1
6952,0.000738865346647799,2,1
6953,0.998420774936676,1,2
6954,1.0,1,4
6955,1.0,1,4
6956,3.948570537204432e-08,6,1
6957,6.631541982216049e-09,4,1
6958,8.795223216395698e-09,5,1
6959,4.696389943603663e-09,5,1
6960,3.2348114018532215e-06,2,1
6961,1.0,1,5
6962,0.9999974966049194,1,2
6963,1.0,1,6
6964,1.2576625749716186e-06,4,1
6965,1.3515818864107132e-06,4,1
6966,7.903588539193152e-07,3,1
6967,8.459568334728829e-07,4,1
6968,1.0,1,4
6969,1.0,1,7
6970,1.0,1,2
6971,1.0,1,7
6972,2.9094491260650557e-09,8,1
6973,9.73512381818864e-10,7,1
6974,5.823517224001762e-10,11,1
6975,5.523974055954284e-10,8,1
6976,1.0,1,6
6977,0.9999997615814209,1,2
6978,1.0,1,5
6979,0.999996542930603,1,2
6980,8.608316193203791e-07,2,1
6981,3.882267264998518e-06,2,1
6982,2.0136626233124844e-07,2,1
6983,2.3728730980110413e-07,2,1
6984,2.7280068024992943e-05,2,1
6985,4.362698382465169e-05,2,1
6986,0.012947648763656616,2,1
6987,0.05285182222723961,2,1
6988,8.793433039500087e-07,3,1
6989,1.112955715143471e-06,3,1
6990,8.413734065015888e-08,2,1
6991,2.0528567290512e-08,3,1
6992,0.9999926090240479,1,4
6993,0.9999999403953552,1,4
6994,0.9999998211860657,1,3
6995,1.0,1,6
6996,8.187575076590292e-06,5,1
6997,8.675256140122656e-07,6,1
6998,1.891212519922192e-08,6,1
6999,2.530582676740778e-08,11,1
7000,0.7317795157432556,1,2
7001,1.5899429854471236e-05,4,1
7002,0.9369949102401733,1,2
7003,1.3561536889028503e-06,3,1
7004,7.033542193113362e-09,7,1
7005,5.766541910645628e-09,7,1
7006,1.4151343430413021e-09,10,1
7007,3.1200917405271866e-09,8,1
7008,0.9043658971786499,1,2
7009,0.6617034673690796,1,2
7010,0.0005588987842202187,2,1
7011,0.25911465287208557,2,1
7012,8.786827493167948e-06,4,1
7013,5.086666078568669e-06,2,1
7014,4.257566388332634e-08,5,1
7015,3.0771218462177785e-07,2,1
7016,1.0,1,6
7017,1.0,1,6
7018,1.0,1,6
7019,1.0,1,6
7020,3.8664504131702415e-07,4,1
7021,7.167403168750752e-07,4,1
7022,9.609428985868362e-08,7,1
7023,8.553540453704045e-08,7,1
7024,0.7209826111793518,1,2
7025,1.0,1,5
7026,0.9994152188301086,1,2
7027,1.0,1,5
7028,0.9999993443489075,1,4
7029,0.998353898525238,1,2
7030,1.0,1,7
7031,0.9995412826538086,1,2
7032,1.0,1,6
7033,1.0,1,5
7034,1.0,1,5
7035,1.0,1,5
7036,6.085403470024175e-08,15,1
7037,2.512061669790455e-09,13,1
7038,1.588773557159584e-09,14,1
7039,2.923573383384337e-09,10,1
7040,1.0,1,9
7041,1.0,1,8
7042,1.0,1,4
7043,1.0,1,5
7044,1.7566159158377559e-06,4,1
7045,7.71581341041383e-08,3,1
7046,3.094998390906767e-08,8,1
7047,5.3899388063882725e-08,5,1
7048,0.9999911189079285,1,2
7049,0.9994320273399353,1,2
7050,0.9999797344207764,1,2
7051,0.9998953342437744,1,2
7052,2.3514625979714765e-07,6,1
7053,1.7552132192122372e-07,4,1
7054,4.413273302361631e-09,10,1
7055,1.6185570217430723e-08,6,1
7056,0.9998934864997864,1,4
7057,1.0,1,7
7058,0.8896026611328125,1,2
7059,0.36657026410102844,2,1
7060,1.1705823510510527e-07,2,1
7061,3.727905539818721e-09,7,1
7062,1.0537171135638346e-08,3,1
7063,2.348601535473449e-09,7,1
7064,3.121196641586721e-05,3,1
7065,0.013364375568926334,2,1
7066,0.009238322265446186,2,1
7067,8.33521262393333e-05,2,1
7068,3.1529536954622017e-06,4,1
7069,1.5467198011265282e-07,3,1
7070,0.0003188386035617441,2,1
7071,1.7805616536747948e-08,4,1
7072,1.2247974154888652e-06,2,1
7073,5.888708187740122e-07,2,1
7074,0.0005048866150900722,2,1
7075,2.5061457563424483e-05,2,1
7076,3.3895481976742303e-09,8,1
7077,1.1815345368759722e-09,8,1
7078,8.691165120922051e-09,4,1
7079,7.338455954020162e-10,9,1
7080,0.04821864143013954,2,1
7081,0.9994574785232544,1,2
7082,0.03404167294502258,2,1
7083,0.9496155381202698,1,2
7084,3.701600803651672e-08,6,1
7085,3.92167187612813e-08,6,1
7086,9.188021010686498e-09,9,1
7087,4.884190829557156e-09,9,1
7088,0.9999990463256836,1,2
7089,0.9999966025352478,1,2
7090,1.0,1,3
7091,0.9999996423721313,1,2
7092,9.300333836392838e-09,7,1
7093,6.5726100118013164e-09,5,1
7094,2.844027733317489e-07,3,1
7095,3.09565315603777e-08,3,1
7096,1.0,1,3
7097,1.0,1,7
7098,1.0,1,5
7099,1.0,1,5
7100,0.13485202193260193,2,1
7101,0.02747529000043869,2,1
7102,0.026152413338422775,2,1
7103,0.00010687258327379823,2,1
7104,0.9999995231628418,1,2
7105,0.9999998807907104,1,2
7106,1.0,1,2
7107,0.9999998807907104,1,2
7108,8.925225003508785e-10,9,1
7109,8.313609245469422e-10,8,1
7110,5.227081545378098e-10,9,1
7111,6.867842961000292e-10,8,1
7112,0.9999998807907104,1,3
7113,1.0,1,5
7114,1.0,1,3
7115,1.0,1,5
7116,2.1864032078156015e-06,4,1
7117,8.05981528628763e-07,2,1
7118,5.775978806354942e-08,4,1
7119,1.4606921183712984e-07,2,1
7120,1.0,1,3
7121,0.9999997615814209,1,3
7122,0.9999998807907104,1,3
7123,0.999995768070221,1,2
7124,7.07649494557927e-09,7,1
7125,4.703256895055574e-09,4,1
7126,3.6042002715674926e-09,8,1
7127,3.7256029372656485e-09,4,1
7128,0.9839243292808533,1,2
7129,9.627679986579096e-08,3,1
7130,0.965259313583374,1,2
7131,3.515691560096457e-08,3,1
7132,2.7628224415821023e-05,2,1
7133,4.001224169769557e-07,4,1
7134,1.0738404853327665e-05,2,1
7135,8.840703458190546e-07,2,1
7136,0.9998936653137207,1,2
7137,0.9796851873397827,1,2
7138,0.9998355507850647,1,2
7139,0.8214243650436401,1,2
7140,5.744950044572761e-07,2,1
7141,1.0615546841563628e-07,3,1
7142,5.669059532920073e-08,3,1
7143,9.569129488795625e-09,4,1
7144,1.0,1,4
7145,0.9988675713539124,1,2
7146,0.9999736547470093,1,2
7147,0.9251578450202942,1,2
7148,6.0246976296696175e-09,8,1
7149,1.6607838659865592e-08,7,1
7150,2.861939796261481e-09,7,1
7151,2.340525329103116e-09,7,1
7152,0.9999985694885254,1,2
7153,1.0,1,2
7154,0.9999992847442627,1,2
7155,1.0,1,3
7156,6.480192493718562e-10,10,1
7157,5.345122122690782e-10,8,1
7158,3.426833539155183e-10,9,1
7159,3.8866160290140783e-10,8,1
7160,3.082170951529406e-05,2,1
7161,3.330393028022627e-08,3,1
7162,1.6590018958595465e-07,3,1
7163,4.286575006062776e-08,2,1
7164,5.065127339776154e-08,6,1
7165,1.1970193725119316e-07,3,1
7166,4.880916293359405e-08,6,1
7167,5.685531334620464e-08,3,1
7168,0.9999995231628418,1,3
7169,1.0,1,4
7170,1.0,1,4
7171,1.0,1,5
7172,1.3150827271601884e-07,6,1
7173,2.338185112193969e-07,2,1
7174,6.580842892844885e-08,6,1
7175,9.485997054525797e-08,3,1
7176,1.0,1,6
7177,1.0,1,6
7178,1.0,1,3
7179,1.0,1,5
7180,3.802148967224639e-06,3,1
7181,1.0119596538515907e-07,2,1
7182,6.379183847826653e-09,9,1
7183,1.9370073545132982e-08,8,1
7184,1.0,1,6
7185,1.0,1,6
7186,1.0,1,4
7187,1.0,1,7
7188,1.5480770443332403e-08,11,1
7189,1.5658713437005645e-08,10,1
7190,1.1649070152941476e-08,9,1
7191,9.410968893064364e-09,9,1
7192,1.0,1,7
7193,1.0,1,8
7194,1.0,1,8
7195,1.0,1,8
7196,3.67434189740834e-08,9,1
7197,1.8120818623401647e-08,7,1
7198,9.30127352916088e-09,7,1
7199,9.890641194942873e-09,6,1
7200,1.0,1,3
7201,1.0,1,5
7202,1.0,1,3
7203,1.0,1,5
7204,5.140830339200875e-08,6,1
7205,1.052418099334318e-07,5,1
7206,4.42366712150033e-08,8,1
7207,1.6296247906666395e-08,7,1
7208,1.164324430646957e-06,3,1
7209,1.0,1,4
7210,1.0,1,2
7211,1.0,1,5
7212,3.711702731834521e-07,5,1
7213,1.0360447078028301e-07,2,1
7214,4.5513463220459016e-08,9,1
7215,6.796673801545694e-08,4,1
7216,1.0,1,3
7217,1.0,1,5
7218,0.9999957084655762,1,3
7219,1.0,1,5
7220,1.0438653589517344e-05,3,1
7221,6.549090159069237e-08,6,1
7222,4.425956845466317e-08,8,1
7223,1.3051766778460205e-08,9,1
7224,0.9999998807907104,1,3
7225,0.9999828338623047,1,3
7226,1.0,1,4
7227,0.9999998807907104,1,2
7228,2.563187990745064e-07,2,1
7229,7.453869557139114e-07,3,1
7230,1.313623272380937e-07,2,1
7231,1.6058146456998657e-07,2,1
7232,0.9999885559082031,1,2
7233,0.9985999464988708,1,2
7234,1.0,1,5
7235,1.0,1,5
7236,2.2739900487067644e-06,4,1
7237,1.1171207916049752e-05,4,1
7238,1.827119262998167e-06,4,1
7239,1.1632792848104145e-05,3,1
7240,1.0,1,3
7241,1.0,1,8
7242,1.0,1,5
7243,1.0,1,7
7244,0.5507904887199402,1,2
7245,0.04462797939777374,2,1
7246,0.02890729531645775,2,1
7247,0.00018472273950465024,2,1
7248,0.004499972797930241,2,1
7249,0.9998304843902588,1,2
7250,1.0,1,5
7251,1.0,1,6
7252,1.588496729709732e-07,6,1
7253,1.3644448415561783e-07,6,1
7254,9.98609124280847e-08,8,1
7255,9.57576489213352e-08,7,1
7256,2.9741559046669863e-05,2,1
7257,2.0573917936417274e-05,2,1
7258,0.996440052986145,1,2
7259,0.9669249057769775,1,2
7260,1.8562724335424718e-07,2,1
7261,6.207899616583745e-08,4,1
7262,3.1506225184330106e-08,4,1
7263,2.8345178648692126e-08,5,1
7264,0.9998454451560974,1,2
7265,1.0,1,4
7266,0.9998753070831299,1,2
7267,1.0,1,5
7268,0.0022942807991057634,2,1
7269,1.4439359574680566e-07,2,1
7270,0.0008160627912729979,2,1
7271,2.5825469762708053e-08,3,1
7272,0.9917032122612,1,2
7273,1.5696027588774086e-08,2,1
7274,0.9996336698532104,1,2
7275,7.347186965489527e-07,2,1
7276,0.9997031688690186,1,2
7277,6.84891972468904e-07,2,1
7278,0.9999982118606567,1,2
7279,1.0795146465625294e-07,2,1
7280,0.9999861121177673,1,2
7281,1.0,1,4
7282,0.9999992847442627,1,2
7283,1.0,1,3
7284,0.000706894847098738,2,1
7285,5.914677103646682e-07,2,1
7286,4.749376603285782e-05,2,1
7287,1.9049537058890564e-06,2,1
7288,1.0,1,11
7289,0.3632047772407532,2,1
7290,1.0,1,7
7291,0.0003990262921433896,2,1
7292,0.9999897480010986,1,2
7293,1.0548370710239396e-06,2,1
7294,0.9999998807907104,1,2
7295,3.2992413707688684e-06,2,1
7296,0.011856735683977604,2,1
7297,0.04225105047225952,2,1
7298,0.16156451404094696,2,1
7299,0.0003593128058128059,2,1
7300,6.617696612920554e-07,5,1
7301,3.282169473095564e-06,2,1
7302,9.62599173703893e-08,5,1
7303,2.2851624237318902e-07,2,1
7304,6.714370829286054e-05,2,1
7305,2.651117192442598e-08,3,1
7306,0.03522682562470436,2,1
7307,1.9298456166438882e-08,3,1
7308,2.4166018192772754e-05,2,1
7309,6.199319955157989e-07,2,1
7310,3.230440051993355e-05,2,1
7311,1.4335540754473186e-08,5,1
7312,5.144606234352977e-07,2,1
7313,0.0009219561470672488,2,1
7314,1.3428692909656093e-05,2,1
7315,1.8626861901793745e-06,2,1
7316,6.843673645562376e-07,5,1
7317,1.046185786890419e-07,3,1
7318,5.2055177945931064e-08,5,1
7319,1.1439388103440251e-08,4,1
7320,0.999998927116394,1,2
7321,1.0,1,3
7322,1.0,1,5
7323,1.0,1,5
7324,1.0210642358288169e-06,3,1
7325,7.794444911723986e-08,2,1
7326,1.8093398779228664e-08,5,1
7327,9.700430680936734e-09,5,1
7328,1.0,1,4
7329,1.0,1,5
7330,1.0,1,2
7331,1.0,1,5
7332,3.2351879781344905e-05,2,1
7333,6.0225788729439955e-06,2,1
7334,4.164362792380416e-07,4,1
7335,8.590206448388926e-07,3,1
7336,1.0,1,4
7337,1.0,1,4
7338,1.0,1,5
7339,1.0,1,5
7340,7.038859735075675e-07,4,1
7341,1.9438323306530947e-07,3,1
7342,1.8364353593369742e-07,4,1
7343,3.897291207977105e-06,2,1
7344,2.994725356586514e-09,6,1
7345,1.282935091495574e-09,7,1
7346,1.1312046410694165e-08,3,1
7347,1.1320550719062794e-08,3,1
7348,3.7329037638755835e-08,10,1
7349,8.340649770843811e-08,2,1
7350,1.5215407600521758e-08,8,1
7351,2.4099868767279986e-08,3,1
7352,0.9999999403953552,1,3
7353,1.0,1,5
7354,1.0,1,7
7355,1.0,1,6
7356,4.756302018904535e-09,10,1
7357,5.185466722679166e-09,7,1
7358,9.461001759802912e-09,7,1
7359,4.201466285991273e-09,6,1
7360,0.9999915361404419,1,3
7361,0.9999659061431885,1,2
7362,1.0,1,6
7363,1.0,1,4
7364,1.0441023050589138e-06,3,1
7365,1.0777125680760946e-07,3,1
7366,3.2787607295858834e-08,5,1
7367,1.2206954558280358e-08,7,1
7368,1.0,1,5
7369,1.0,1,3
7370,1.0,1,2
7371,0.9987404346466064,1,2
7372,3.7166318911374674e-09,7,1
7373,3.4945768501160046e-09,5,1
7374,1.6789692969254588e-09,6,1
7375,4.321189628342381e-09,4,1
7376,4.2645645237371355e-08,2,1
7377,1.4137664372526615e-09,6,1
7378,2.110873698057958e-09,8,1
7379,1.4151315674837406e-09,7,1
7380,2.8881049729534425e-06,3,1
7381,3.2898110902124245e-08,6,1
7382,1.1818985257150416e-07,3,1
7383,3.3391081899480923e-08,7,1
7384,1.0,1,4
7385,0.9999998807907104,1,2
7386,1.0,1,5
7387,1.0,1,6
7388,3.1486262486168926e-09,10,1
7389,4.7092805210979805e-09,9,1
7390,2.8925675188418154e-09,8,1
7391,2.9324533912244988e-09,8,1
7392,0.49973201751708984,2,1
7393,0.00014062164700590074,2,1
7394,0.0019125264370813966,2,1
7395,1.419419049852877e-06,2,1
7396,1.3775927243386832e-07,5,1
7397,7.546253044665718e-08,4,1
7398,7.905932619678424e-08,4,1
7399,1.911853075853287e-08,7,1
7400,1.0,1,7
7401,0.9999966621398926,1,2
7402,1.0,1,2
7403,0.9999598860740662,1,2
7404,0.9999998807907104,1,2
7405,0.002555624581873417,2,1
7406,0.9998576045036316,1,2
7407,0.013415324501693249,2,1
7408,0.9609853625297546,1,2
7409,0.9301116466522217,1,2
7410,0.9990442991256714,1,2
7411,1.0,1,4
7412,9.404764114151476e-07,3,1
7413,1.923517629620619e-06,3,1
7414,1.241820086761436e-07,4,1
7415,1.1249164089122132e-07,4,1
7416,1.0,1,5
7417,1.0,1,7
7418,1.0,1,8
7419,1.0,1,7
7420,2.217633300460875e-05,2,1
7421,9.713356519114313e-08,4,1
7422,3.361357769904316e-08,4,1
7423,4.357665339682626e-09,6,1
7424,0.9999921321868896,1,2
7425,0.999993622303009,1,2
7426,0.9999997615814209,1,2
7427,1.0,1,4
7428,2.719669100770261e-05,2,1
7429,1.1784398338932078e-05,3,1
7430,8.151325658900532e-08,2,1
7431,9.321595939582039e-08,4,1
7432,0.00027561341994442046,2,1
7433,0.9999998807907104,1,2
7434,0.0028821825981140137,2,1
7435,1.0,1,2
7436,1.3555072655435652e-06,3,1
7437,0.0006701346137560904,2,1
7438,2.490637029950449e-07,4,1
7439,3.5962645483778033e-07,4,1
7440,1.0,1,7
7441,1.0,1,7
7442,1.0,1,7
7443,1.0,1,5
7444,3.510666601869161e-07,4,1
7445,3.273318682772697e-08,8,1
7446,2.4148091526399185e-08,5,1
7447,7.654961997616283e-09,9,1
7448,0.9999998807907104,1,3
7449,1.0,1,3
7450,1.0,1,5
7451,1.0,1,5
7452,1.4700944461765175e-07,3,1
7453,2.2850310088529113e-08,4,1
7454,9.932823274994007e-08,5,1
7455,4.390932062392494e-08,3,1
7456,1.0,1,5
7457,1.0,1,6
7458,1.0,1,6
7459,1.0,1,6
7460,0.0008679544553160667,3,2
7461,9.700501323095523e-06,4,1
7462,3.8091584997346217e-07,5,1
7463,3.812363331689994e-07,5,1
7464,1.0,1,5
7465,1.0,1,6
7466,1.0,1,6
7467,1.0,1,5
7468,5.310205324349226e-07,2,1
7469,5.5530318121554956e-08,5,1
7470,2.929946276708506e-07,3,1
7471,6.760639337244356e-08,5,1
7472,0.9999999403953552,1,3
7473,1.0,1,4
7474,1.0,1,7
7475,1.0,1,5
7476,5.584099085353955e-07,5,1
7477,5.253304280472548e-08,4,1
7478,2.3435465124066468e-08,8,1
7479,2.4691436451007576e-08,3,1
7480,0.9999998807907104,1,3
7481,0.9999997615814209,1,2
7482,1.0,1,7
7483,1.0,1,6
7484,3.415462135336611e-09,10,1
7485,1.0347012135980549e-08,7,1
7486,2.3454993502980415e-09,10,1
7487,3.4415603700210795e-09,7,1
7488,0.9999998807907104,1,2
7489,0.9999997615814209,1,2
7490,0.9999998807907104,1,2
7491,0.9999998807907104,1,2
7492,2.434873351830902e-07,4,1
7493,4.439509666553931e-06,4,1
7494,3.644101553845758e-08,5,1
7495,8.239315008040649e-08,4,1
7496,0.9875748753547668,1,2
7497,0.9999984502792358,1,2
7498,0.9999973177909851,1,2
7499,0.9999998807907104,1,2
7500,2.3304236762555774e-08,5,1
7501,1.6087966514533036e-08,5,1
7502,5.751032539080825e-09,5,1
7503,5.945405945340099e-09,6,1
7504,1.0,1,3
7505,0.9999998807907104,1,3
7506,1.0,1,4
7507,1.0,1,4
7508,0.9999253153800964,1,3
7509,0.966055154800415,1,2
7510,0.00074841792229563,3,1
7511,5.81689505452232e-07,3,1
7512,0.9999461770057678,1,3
7513,0.999648928642273,2,3
7514,0.999997079372406,1,3
7515,0.9997256398200989,1,3
7516,0.0012506142957136035,3,1
7517,0.065318264067173,2,1
7518,0.9007990956306458,1,2
7519,0.9464445114135742,1,2
7520,0.9968344569206238,1,3
7521,0.9997206926345825,1,3
7522,0.9999962449073792,1,3
7523,0.9999995231628418,1,2
7524,3.513032424962148e-07,5,1
7525,1.2295851092858356e-07,2,1
7526,4.681592002953039e-08,7,1
7527,2.528088316466892e-08,5,1
7528,0.9999949336051941,1,2
7529,0.999980092048645,1,2
7530,1.0,1,2
7531,0.9999998807907104,1,3
7532,1.5670272190959622e-08,8,1
7533,1.0393971017208514e-08,5,1
7534,3.89131349365357e-09,7,1
7535,5.871009012281547e-09,8,1
7536,1.0,1,6
7537,1.0,1,6
7538,1.0,1,6
7539,1.0,1,6
7540,1.138534386768697e-07,2,1
7541,1.8893128839181372e-08,3,1
7542,1.1984512049423302e-08,3,1
7543,7.941186375148845e-09,4,1
7544,0.9529321789741516,1,2
7545,0.9999999403953552,1,5
7546,1.0,1,5
7547,1.0,1,8
7548,6.339619744721858e-07,3,1
7549,2.1224789747975592e-07,6,1
7550,5.312197615126024e-08,7,1
7551,6.206479952197697e-08,8,1
7552,1.0,1,6
7553,1.0,1,6
7554,1.0,1,6
7555,1.0,1,6
7556,4.2792402155100717e-07,3,1
7557,3.354676891831332e-08,3,1
7558,2.8497559867446398e-08,2,1
7559,2.128985343574641e-08,3,1
7560,1.0,1,6
7561,1.0,1,6
7562,1.0,1,6
7563,1.0,1,6
7564,1.9893391378644765e-09,7,1
7565,1.842000996177262e-09,6,1
7566,3.411659399432665e-09,5,1
7567,1.220373468946434e-09,7,1
7568,0.00011179370630998164,2,1
7569,5.4726452702880124e-08,2,1
7570,1.5624393654434243e-06,2,1
7571,1.3217935190823482e-08,3,1
7572,0.9994463920593262,1,2
7573,0.9999991655349731,1,2
7574,0.6297443509101868,1,2
7575,0.999998927116394,1,2
7576,1.0,1,3
7577,1.0,1,6
7578,1.0,1,6
7579,1.0,1,5
7580,2.520866928534815e-06,3,1
7581,7.577551031090479e-08,4,1
7582,1.0836611608056046e-07,2,1
7583,6.968444932198281e-09,4,1
7584,0.9998497366905212,1,2
7585,0.9911177158355713,1,2
7586,0.6125432848930359,1,2
7587,0.9995090365409851,1,2
7588,3.736981852853205e-07,4,1
7589,4.75221710871665e-08,8,1
7590,9.710138471064056e-08,6,1
7591,4.899899153087972e-08,6,1
7592,4.0235784126707586e-07,6,1
7593,0.9774956703186035,1,2
7594,0.00046934274723753333,3,1
7595,0.9999584555625916,1,2
7596,1.6200149843825784e-07,2,1
7597,7.430746222780726e-07,2,1
7598,1.4452501773121185e-07,2,1
7599,0.9894675612449646,1,2
7600,0.9999998807907104,1,2
7601,1.0,1,3
7602,1.0,1,4
7603,1.0,1,6
7604,5.806318537082689e-09,7,1
7605,5.042855910630806e-09,5,1
7606,3.2483513656700325e-09,9,1
7607,3.672792070474884e-09,6,1
7608,1.0,1,4
7609,1.0,1,5
7610,1.0,1,6
7611,1.0,1,6
7612,0.9463227391242981,1,2
7613,0.44519221782684326,2,1
7614,0.9998940825462341,1,2
7615,0.9999374151229858,1,2
7616,1.5918319107299794e-08,6,1
7617,5.974187811119691e-09,6,1
7618,3.8125946844047576e-08,5,1
7619,2.645777463783361e-08,3,1
7620,2.5081369869894843e-08,5,1
7621,5.93554005945407e-08,2,1
7622,1.5830964983365448e-08,6,1
7623,3.2101290514674474e-08,2,1
7624,0.9999999403953552,1,3
7625,1.0,1,8
7626,1.0,1,5
7627,1.0,1,8
7628,8.989796356217994e-07,3,1
7629,4.3167855778847297e-07,3,1
7630,3.41587416130551e-08,7,1
7631,2.309753988072316e-08,9,1
7632,5.280897312331945e-06,2,1
7633,1.0,1,7
7634,0.9992173910140991,1,2
7635,1.0,1,7
7636,0.00014946771261747926,3,1
7637,4.5973521878295287e-07,4,1
7638,2.1510889780529396e-07,5,1
7639,6.110058592412315e-08,8,1
7640,1.0,1,2
7641,0.9999997615814209,1,2
7642,1.0,1,4
7643,1.0,1,3
7644,2.135779141099192e-06,2,1
7645,1.5403601949515178e-08,7,1
7646,1.5409409304112387e-09,8,1
7647,2.1086925539037793e-09,9,1
7648,1.0,1,3
7649,1.0,1,5
7650,1.0,1,6
7651,1.0,1,6
7652,2.106786268996075e-06,2,1
7653,1.5230476719807484e-06,3,1
7654,1.8130057810594735e-07,2,1
7655,1.9948620888499136e-07,3,1
7656,1.4735047443537042e-05,2,1
7657,1.0,1,4
7658,1.0,1,5
7659,1.0,1,4
7660,2.005859187192982e-06,3,1
7661,3.365174734426546e-07,3,1
7662,1.970234251302827e-07,4,1
7663,2.6159170829487266e-07,2,1
7664,1.0,1,5
7665,1.0,1,6
7666,1.0,1,3
7667,1.0,1,5
7668,1.0619844914572241e-07,5,1
7669,6.20860944877677e-08,4,1
7670,2.256364872721406e-08,9,1
7671,1.56673767293114e-08,7,1
7672,0.16712306439876556,2,1
7673,0.5665872097015381,1,2
7674,0.2386069893836975,2,1
7675,0.007851467467844486,2,1
7676,4.24839052826087e-09,7,1
7677,1.2923075942694595e-08,3,1
7678,3.328201048091728e-09,7,1
7679,2.6280275733370217e-09,8,1
7680,1.0,1,5
7681,1.0,1,4
7682,1.0,1,6
7683,1.0,1,5
7684,1.0395594927103957e-06,2,1
7685,7.194064899351815e-09,6,1
7686,5.698381766450211e-09,6,1
7687,2.3851136621289015e-09,8,1
7688,1.0,1,3
7689,1.0,1,5
7690,1.0,1,5
7691,1.0,1,4
7692,3.931009828761489e-08,6,1
7693,5.720142439713527e-07,2,1
7694,9.314677917870995e-09,5,1
7695,4.5156244965482983e-08,3,1
7696,1.0,1,7
7697,1.0,1,7
7698,1.0,1,7
7699,1.0,1,7
7700,1.940638760800084e-08,6,1
7701,1.1352054407609558e-08,5,1
7702,4.419463461857731e-09,6,1
7703,1.8000903878601093e-08,3,1
7704,1.0,1,5
7705,1.0,1,5
7706,1.0,1,5
7707,1.0,1,5
7708,7.022031786618754e-05,2,1
7709,5.987726035527885e-05,2,1
7710,1.510476636212843e-06,2,1
7711,1.0401609529253619e-07,2,1
7712,0.01141341496258974,2,1
7713,0.9463059306144714,1,2
7714,0.15548677742481232,2,1
7715,0.9983505010604858,1,2
7716,6.491333692792978e-08,5,1
7717,3.7796947793822255e-08,5,1
7718,1.2236794688647024e-08,7,1
7719,1.0608944833734313e-08,7,1
7720,0.9999966025352478,1,2
7721,1.0,1,3
7722,1.0,1,2
7723,1.0,1,5
7724,1.4223707012206432e-06,3,1
7725,6.25333200332534e-07,3,1
7726,2.3900692980305394e-08,3,1
7727,5.71550362593598e-09,7,1
7728,0.8631435036659241,1,2
7729,0.5185699462890625,1,2
7730,0.9999998807907104,1,3
7731,0.9999998807907104,1,3
7732,2.7376628963793337e-08,4,1
7733,1.7539505847707915e-07,4,1
7734,2.651247996254824e-05,2,1
7735,0.1886734962463379,2,1
7736,1.9107747561974975e-07,3,1
7737,1.5304088663015136e-08,4,1
7738,6.547238484699847e-08,3,1
7739,8.467969436765088e-09,5,1
7740,4.7150532367368214e-08,6,1
7741,2.188378722678408e-08,7,1
7742,1.55558907977138e-08,7,1
7743,6.70114363998664e-09,6,1
7744,1.0,1,5
7745,1.0,1,5
7746,1.0,1,6
7747,1.0,1,5
7748,2.897748530017452e-08,7,1
7749,2.5260249003622448e-08,4,1
7750,1.3539445120613891e-08,8,1
7751,6.587456358175814e-09,5,1
7752,0.017339618876576424,2,1
7753,0.9941205382347107,1,2
7754,0.7251737117767334,1,2
7755,1.0,1,4
7756,2.819925794028677e-05,2,1
7757,2.8050732225892716e-07,4,1
7758,6.725679213559488e-07,3,1
7759,2.37963035942812e-08,6,1
7760,0.10703172534704208,2,1
7761,1.0,1,5
7762,0.8904822468757629,1,2
7763,1.0,1,6
7764,1.2478778899094323e-06,2,1
7765,1.7026962950694724e-08,5,1
7766,3.4256223102602235e-07,3,1
7767,3.974462980949056e-09,6,1
7768,1.0,1,6
7769,1.0,1,5
7770,1.0,1,3
7771,1.0,1,6
7772,4.411005193105666e-06,2,1
7773,7.426185106851335e-07,2,1
7774,1.4156000816001324e-07,2,1
7775,1.9663784200929513e-07,2,1
7776,1.0,1,5
7777,1.0,1,5
7778,0.9999997615814209,1,3
7779,1.0,1,5
7780,2.7242614919487096e-07,4,1
7781,4.8066060116980225e-05,3,1
7782,7.158344317304e-08,3,1
7783,1.553520405650488e-07,3,1
7784,1.0,1,6
7785,0.9999998807907104,1,3
7786,1.0,1,6
7787,0.9999998807907104,1,2
7788,7.954311513458379e-06,2,1
7789,6.475517579929146e-07,2,1
7790,2.7031992644310776e-08,5,1
7791,6.95425441676889e-08,3,1
7792,0.999998927116394,1,2
7793,0.9889965653419495,1,2
7794,1.0,1,4
7795,0.9863080382347107,1,2
7796,2.069040903052155e-07,7,1
7797,1.8490814568394853e-07,6,1
7798,1.1183717418816741e-07,5,1
7799,7.806048785141684e-08,3,1
7800,0.050387728959321976,2,1
7801,0.9393048286437988,1,2
7802,0.9999996423721313,1,3
7803,0.9999998807907104,1,2
7804,5.637250524159754e-07,4,1
7805,0.9999996423721313,1,2
7806,8.024640507642289e-09,7,1
7807,0.9999942779541016,1,2
7808,0.9999880790710449,1,2
7809,0.9979330897331238,1,2
7810,0.9999617338180542,1,2
7811,0.999988853931427,1,2
7812,6.047402223430254e-08,2,1
7813,1.0750430767814123e-08,3,1
7814,1.0552336782154725e-08,6,1
7815,2.7040591987770313e-09,4,1
7816,0.9998297095298767,1,2
7817,0.998116672039032,1,2
7818,1.0,1,2
7819,0.9934083223342896,1,2
7820,1.4465596720469875e-08,7,1
7821,3.504711543200756e-08,2,1
7822,8.024212405643993e-09,6,1
7823,8.418483048444614e-07,2,1
7824,1.0,1,8
7825,1.0,1,9
7826,1.0,1,6
7827,1.0,1,9
7828,4.570076725940453e-07,6,1
7829,9.74940128628532e-09,9,1
7830,3.516161584116162e-08,6,1
7831,4.572320300155752e-09,8,1
7832,0.03788325563073158,2,1
7833,0.9999982714653015,1,3
7834,0.02097027190029621,2,1
7835,1.0,1,5
7836,5.468469232994266e-09,10,1
7837,1.3157634981553201e-09,11,1
7838,4.370592332492151e-09,9,1
7839,6.235391758480091e-09,7,1
7840,1.0,1,5
7841,1.0,1,5
7842,1.0,1,6
7843,1.0,1,6
7844,1.8240150723158877e-07,3,1
7845,3.683605598325812e-08,5,1
7846,7.550832492597692e-08,4,1
7847,1.147715433802432e-08,8,1
7848,0.9999998807907104,1,3
7849,0.999998927116394,1,2
7850,1.0,1,5
7851,0.9999998807907104,1,3
7852,6.483554443548201e-06,3,1
7853,2.160316944355145e-05,2,1
7854,1.203309949460163e-07,3,1
7855,1.4598925190512091e-05,2,1
7856,0.999994695186615,1,2
7857,0.9788306355476379,1,2
7858,1.0,1,5
7859,1.0,1,3
7860,1.059151486515475e-06,2,1
7861,7.915886612863687e-09,7,1
7862,0.0007074555614963174,2,1
7863,1.4997549868667193e-08,4,1
7864,0.6722552180290222,1,2
7865,5.706017986994993e-07,4,1
7866,0.021372558549046516,2,1
7867,1.580716570970253e-07,3,1
7868,5.984775270917453e-07,4,1
7869,6.8657423071272206e-06,4,1
7870,1.1848216274756851e-07,3,1
7871,1.0946759232410841e-07,3,1
7872,0.9999992847442627,1,2
7873,1.0,1,6
7874,1.0,1,5
7875,1.0,1,6
7876,1.0715515230685924e-07,7,1
7877,1.6178434592006852e-08,6,1
7878,5.935257973987973e-08,7,1
7879,7.932801082688457e-09,8,1
7880,1.0,1,5
7881,1.0,1,6
7882,1.0,1,5
7883,1.0,1,5
7884,6.916870006534737e-06,4,1
7885,0.0003496643912512809,2,1
7886,2.1737728062021233e-08,6,1
7887,4.4824230371887097e-07,2,1
7888,6.704983206873294e-06,2,1
7889,1.8482875674408206e-08,5,1
7890,1.0,1,2
7891,1.0,1,5
7892,1.2949572010256816e-06,2,1
7893,2.7019879667022906e-08,4,1
7894,8.104196780323036e-08,3,1
7895,4.569495004602686e-09,5,1
7896,1.0,1,3
7897,1.0,1,6
7898,1.0,1,6
7899,1.0,1,6
7900,1.2541593719106459e-07,5,1
7901,1.3315717239947844e-07,3,1
7902,1.563817697558534e-08,7,1
7903,9.00147867355372e-09,7,1
7904,1.0,1,3
7905,1.0,1,6
7906,1.0,1,6
7907,1.0,1,7
7908,4.567460564430803e-06,3,1
7909,9.093007520277752e-07,3,1
7910,6.998888011366944e-07,3,1
7911,3.3847126701402885e-07,3,1
7912,3.448854113230482e-05,3,1
7913,0.01718095876276493,2,1
7914,1.0,1,3
7915,1.0,1,6
7916,9.047747440149578e-09,5,1
7917,0.22258327901363373,2,1
7918,6.975256638952487e-08,3,1
7919,0.6111934185028076,1,2
7920,3.289578387466463e-08,4,1
7921,3.0989244503842883e-09,6,1
7922,2.224694668484517e-07,4,1
7923,4.807330977740776e-09,5,1
7924,2.3927561414893717e-05,6,1
7925,1.3511619727069046e-05,4,1
7926,3.3993626402661903e-06,5,1
7927,2.170892685171566e-06,3,1
7928,1.0,1,8
7929,0.9999999403953552,1,4
7930,1.0,1,6
7931,0.9993289709091187,1,2
7932,3.1281424117679535e-09,9,1
7933,9.723549965201528e-09,8,1
7934,2.4218467231662544e-09,9,1
7935,4.749194815190094e-09,9,1
7936,0.9566754698753357,1,2
7937,0.0010143829276785254,2,1
7938,0.9996857047080994,1,2
7939,6.011950972606428e-06,2,1
7940,5.208159109315602e-06,3,1
7941,2.0143771450875647e-07,5,1
7942,5.2791989446632215e-08,5,1
7943,6.301356592075535e-08,4,1
7944,1.0,1,8
7945,1.0,1,9
7946,1.0,1,6
7947,1.0,1,6
7948,1.0,1,3
7949,0.9999996423721313,1,2
7950,1.0,1,4
7951,0.9999998807907104,1,2
7952,1.0,1,6
7953,1.0,1,6
7954,1.0,1,6
7955,1.0,1,6
7956,1.618225610400259e-06,5,1
7957,1.3106292726661195e-06,3,1
7958,4.820555332685217e-08,6,1
7959,1.1250512699234605e-07,2,1
7960,1.0,1,2
7961,1.0,1,4
7962,0.9999990463256836,1,2
7963,1.0,1,5
7964,4.455148427950917e-08,6,1
7965,4.280039078707887e-08,7,1
7966,2.416715494391042e-09,11,1
7967,9.24076370978355e-09,9,1
7968,1.0,1,3
7969,1.0,1,5
7970,0.9999998807907104,1,2
7971,1.0,1,2
7972,0.9996233582496643,1,2
7973,6.441433015424991e-06,2,1
7974,0.9949780702590942,1,2
7975,1.1918091757934235e-07,2,1
7976,0.9997455477714539,1,2
7977,0.9999998807907104,1,2
7978,0.9999998807907104,1,2
7979,0.9998531937599182,1,2
7980,7.667109258591154e-08,8,1
7981,3.884716193169879e-07,3,1
7982,5.148573833935188e-08,6,1
7983,1.1047438874811633e-07,2,1
7984,1.0,1,5
7985,1.0,1,6
7986,1.0,1,4
7987,1.0,1,6
7988,1.5990620383377063e-08,6,1
7989,4.8526953122518535e-08,4,1
7990,9.317965066202305e-09,7,1
7991,2.65850985670113e-08,3,1
7992,1.0,1,4
7993,1.0,1,8
7994,1.0,1,2
7995,1.0,1,5
7996,0.003050199244171381,2,1
7997,3.4669785691221477e-06,2,1
7998,1.2594857423664507e-07,2,1
7999,2.019381497575523e-07,2,1
8000,0.9999998807907104,1,2
8001,1.0,1,2
8002,0.9999996423721313,1,2
8003,1.0,1,2
8004,2.307349511454504e-08,12,1
8005,1.8113968280886183e-06,5,1
8006,5.826020110788477e-09,11,1
8007,8.511808857747383e-08,4,1
8008,0.9999997019767761,1,5
8009,1.0,1,5
8010,0.9999995231628418,1,3
8011,1.0,1,2
8012,1.0382583326418171e-07,5,1
8013,8.311587862408487e-08,2,1
8014,2.6615239789862244e-08,8,1
8015,2.8334747881331168e-08,6,1
8016,1.0,1,4
8017,0.9999931454658508,1,2
8018,1.0,1,5
8019,1.0,1,5
8020,3.0119485018076375e-05,4,1
8021,6.869280468890793e-07,4,1
8022,3.651937277027173e-07,3,1
8023,2.296287391345686e-07,5,1
8024,0.6498286724090576,1,2
8025,3.5471941828291165e-08,4,1
8026,0.9733095765113831,1,2
8027,6.005345198900613e-08,4,1
8028,3.204574568371754e-06,4,1
8029,1.6108735678699304e-07,5,1
8030,1.3844731938661425e-07,4,1
8031,4.18885903741284e-08,4,1
8032,0.9999998807907104,1,4
8033,1.0,1,3
8034,1.0,1,6
8035,1.0,1,5
8036,5.459275598695967e-06,4,1
8037,6.106329664135046e-08,4,1
8038,0.023229459300637245,2,1
8039,3.2252877701921534e-08,4,1
8040,1.0,1,4
8041,1.0,1,6
8042,1.0,1,5
8043,1.0,1,6
8044,0.9999995231628418,1,4
8045,4.3939064653386595e-07,4,1
8046,2.768418426057906e-06,3,1
8047,4.543694132053133e-08,4,1
8048,1.0,1,5
8049,1.0,1,6
8050,1.0,1,3
8051,1.0,1,6
8052,0.0006942658219486475,2,1
8053,2.8478207241278142e-05,2,1
8054,0.022586381062865257,2,1
8055,0.10967075824737549,2,1
8056,0.9999999403953552,1,4
8057,0.9998009204864502,1,2
8058,1.0,1,4
8059,0.9999998807907104,1,3
8060,7.376278698956185e-09,7,1
8061,1.09649933577316e-08,6,1
8062,6.472018920788969e-09,6,1
8063,1.538773442000263e-09,8,1
8064,0.0003183404915034771,2,1
8065,0.997493326663971,1,2
8066,0.9658492803573608,1,2
8067,0.9998780488967896,1,2
8068,4.7674002523478975e-09,4,1
8069,3.0140079321228086e-09,5,1
8070,3.2494747870259744e-07,3,1
8071,4.02702360347007e-09,4,1
8072,1.0,1,6
8073,1.0,1,5
8074,1.0,1,6
8075,1.0,1,5
8076,9.715619171402068e-07,3,1
8077,3.757880051580287e-07,3,1
8078,6.527301366077154e-08,4,1
8079,3.40935848441859e-08,5,1
8080,1.0,1,6
8081,1.0,1,7
8082,1.0,1,7
8083,1.0,1,7
8084,2.739036553123242e-08,6,1
8085,1.1890845286188778e-07,2,1
8086,2.0232672426345744e-08,5,1
8087,1.810682981329137e-08,5,1
8088,0.9999975562095642,1,3
8089,0.9999999403953552,1,3
8090,0.9999982714653015,1,2
8091,1.0,1,5
8092,4.1725436972228636e-07,3,1
8093,3.56607365858963e-08,6,1
8094,1.990353482028695e-08,4,1
8095,1.057948217919602e-08,5,1
8096,0.01424974761903286,2,1
8097,0.8723610043525696,1,2
8098,0.2067745178937912,2,1
8099,0.9999297857284546,1,2
8100,4.220170740154572e-05,2,1
8101,5.302267140905315e-07,2,1
8102,7.581901400044444e-07,2,1
8103,2.6925482643491705e-07,2,1
8104,0.9999995827674866,1,3
8105,1.0,1,4
8106,0.9999430775642395,1,2
8107,1.0,1,4
8108,8.288393082978018e-09,8,1
8109,2.9931626954748936e-08,6,1
8110,1.5422122245922765e-08,8,1
8111,1.234926827464733e-08,5,1
8112,0.6157063245773315,1,2
8113,0.9999960660934448,1,3
8114,0.9999997615814209,1,3
8115,0.9999991655349731,1,2
8116,3.0950410291552544e-05,5,1
8117,7.841055776225403e-06,3,1
8118,5.68850396120979e-07,5,1
8119,6.820894782322284e-07,4,1
8120,0.9999995231628418,1,2
8121,0.9999998807907104,1,2
8122,0.9999998807907104,1,2
8123,1.0,1,5
8124,2.159198153606212e-08,3,1
8125,1.490345482579869e-07,3,1
8126,1.6571133798493065e-08,5,1
8127,7.184550554484304e-08,3,1
8128,0.9999998807907104,1,2
8129,0.9997724294662476,1,2
8130,1.0,1,3
8131,0.9999969005584717,1,2
8132,3.883211832089728e-07,3,1
8133,5.965661671325506e-07,3,1
8134,1.550784247683623e-07,3,1
8135,8.497923431605159e-08,4,1
8136,0.9999998807907104,1,2
8137,0.9999997615814209,1,2
8138,1.0,1,3
8139,1.0,1,3
8140,3.674770354678003e-08,5,1
8141,2.1312077436164145e-08,5,1
8142,3.90905530167629e-09,6,1
8143,1.2781704583630926e-08,4,1
8144,1.0,1,7
8145,1.0,1,4
8146,1.0,1,6
8147,1.0,1,3
8148,7.591859940703216e-08,3,1
8149,7.927904022153598e-08,2,1
8150,5.4631666301929727e-08,3,1
8151,7.477766672536745e-08,3,1
8152,0.9999995231628418,1,2
8153,1.0,1,4
8154,1.0,1,6
8155,1.0,1,5
8156,2.3755548681947403e-05,4,1
8157,2.890858922910411e-06,3,1
8158,1.135889647230215e-06,4,1
8159,3.308548912173137e-06,2,1
8160,1.0,1,2
8161,1.0,1,3
8162,1.0,1,4
8163,1.0,1,4
8164,2.1979091968660214e-07,6,1
8165,4.0453567606846264e-08,7,1
8166,2.27536745001089e-08,11,1
8167,2.8404446794638716e-08,7,1
8168,1.1312538845231757e-05,2,1
8169,3.826553722774406e-07,4,1
8170,0.06559502333402634,2,1
8171,0.3545544147491455,2,1
8172,2.1651221970842016e-07,6,1
8173,4.151388210971163e-08,11,1
8174,5.009499304264864e-08,7,1
8175,3.750009369696272e-08,9,1
8176,1.0,1,5
8177,1.0,1,6
8178,1.0,1,6
8179,1.0,1,6
8180,0.01340134534984827,2,1
8181,0.002052680356428027,2,1
8182,6.8031831688131206e-06,3,1
8183,2.0781028524652356e-06,3,1
8184,1.0,1,4
8185,1.0,1,4
8186,1.0,1,6
8187,1.0,1,6
8188,7.291390602404135e-08,7,1
8189,2.403244536708371e-07,2,1
8190,8.970372888938982e-09,8,1
8191,8.023635444942556e-08,2,1
8192,1.0,1,3
8193,1.0,1,5
8194,1.0,1,4
8195,1.0,1,6
8196,1.4301654971404787e-07,4,1
8197,7.980440130950228e-08,4,1
8198,4.7559680638187274e-08,3,1
8199,1.8336450580136443e-08,5,1
8200,1.0,1,4
8201,0.9999892711639404,1,2
8202,1.0,1,5
8203,0.9999998807907104,1,2
8204,7.883902242156182e-08,4,1
8205,2.3766867585095497e-08,7,1
8206,1.7347732139683103e-08,9,1
8207,2.7851443817894506e-08,8,1
8208,2.5505318745899785e-08,2,1
8209,1.0,1,5
8210,1.0,1,4
8211,1.0,1,5
8212,2.0954732917743968e-06,6,1
8213,4.381775852380088e-06,5,1
8214,8.120744041661965e-07,5,1
8215,1.2423583939380478e-06,5,1
8216,1.0,1,3
8217,1.0,1,7
8218,1.0,1,2
8219,1.0,1,6
8220,4.058958438690752e-05,4,1
8221,1.694708589639049e-05,5,1
8222,3.3630843176979397e-07,4,1
8223,5.465075787469686e-07,3,1
8224,1.0,1,5
8225,1.0,1,5
8226,1.0,1,6
8227,1.0,1,5
8228,4.543418071989436e-06,5,1
8229,4.412172671663939e-08,6,1
8230,5.828880844660489e-08,4,1
8231,1.7513892558440602e-08,5,1
8232,1.0,1,5
8233,1.0,1,5
8234,1.0,1,2
8235,1.0,1,6
8236,0.014966363087296486,2,1
8237,9.240849976777099e-06,2,1
8238,0.8846304416656494,1,2
8239,3.146322740121832e-07,2,1
8240,1.0,1,7
8241,1.0,1,7
8242,1.0,1,6
8243,1.0,1,7
8244,1.6989241657938692e-07,3,1
8245,5.597897825282416e-07,3,1
8246,3.331352971258639e-08,7,1
8247,4.344398618627565e-08,7,1
8248,0.9990496635437012,1,2
8249,0.9999997615814209,1,2
8250,1.0,1,6
8251,0.9999997615814209,1,2
8252,2.927515197370667e-06,3,1
8253,2.664120302142692e-07,3,1
8254,7.495358289588694e-08,4,1
8255,4.999772329483676e-08,7,1
8256,1.0,1,3
8257,1.0,1,5
8258,1.0,1,4
8259,1.0,1,5
8260,4.041565262014046e-06,4,1
8261,4.551635811367305e-06,4,1
8262,2.448835800805682e-07,5,1
8263,1.3720624281177152e-07,4,1
8264,0.9400292038917542,1,2
8265,2.396341756139009e-07,2,1
8266,4.532934326562099e-05,2,1
8267,1.0216253798489561e-07,2,1
8268,3.086598212576064e-07,4,1
8269,1.0255399018888056e-07,6,1
8270,7.803861876709561e-07,3,1
8271,6.781406369782417e-08,4,1
8272,0.9999998807907104,1,2
8273,1.0,1,4
8274,1.0,1,2
8275,1.0,1,4
8276,3.076006805713405e-06,4,1
8277,2.353874151594937e-06,5,1
8278,6.888171810714994e-07,3,1
8279,1.6450079556307173e-06,3,1
8280,0.13962534070014954,2,1
8281,1.0011888207372976e-08,5,1
8282,0.9453237056732178,1,2
8283,7.021840442433813e-09,6,1
8284,1.2268458249309333e-08,7,1
8285,2.8562915588281612e-08,5,1
8286,3.0403946027490747e-09,8,1
8287,6.138686003964722e-09,9,1
8288,1.0,1,6
8289,1.0,1,6
8290,1.0,1,6
8291,1.0,1,6
8292,8.86769058183745e-09,5,1
8293,2.220001960040463e-08,3,1
8294,7.738741203411337e-09,4,1
8295,1.8642232646470802e-08,3,1
8296,0.9641873240470886,1,2
8297,0.0009020473225973547,2,1
8298,0.9859033823013306,1,2
8299,0.0029968339949846268,2,1
8300,9.307877135711351e-09,9,1
8301,8.334015255684335e-09,5,1
8302,3.747678789522979e-08,7,1
8303,1.0093627267337979e-08,6,1
8304,1.0,1,3
8305,0.9644190073013306,1,2
8306,1.0,1,3
8307,0.9980990290641785,1,2
8308,0.0005925216246396303,2,1
8309,5.450490425573662e-05,2,1
8310,0.0037122583016753197,2,1
8311,0.00012666103430092335,2,1
8312,0.9928929209709167,1,2
8313,0.99988853931427,1,2
8314,0.9999998807907104,1,4
8315,0.9999998807907104,1,3
8316,1.531519728814601e-07,3,1
8317,7.310104876978585e-08,2,1
8318,2.1973837860400636e-08,3,1
8319,2.871328952380736e-08,3,1
8320,1.0,1,3
8321,0.999981164932251,1,2
8322,1.0,1,6
8323,1.0,1,5
8324,4.328696377342567e-06,5,1
8325,1.0933071052932064e-06,4,1
8326,8.817602861199703e-07,3,1
8327,4.909234121441841e-07,3,1
8328,0.9942782521247864,1,2
8329,1.1667494618450291e-05,4,1
8330,0.9999578595161438,1,2
8331,0.44239839911460876,2,1
8332,3.4458253139746375e-08,9,1
8333,1.5805081687858547e-08,8,1
8334,1.2768231805182495e-08,7,1
8335,1.0337997125020593e-08,7,1
8336,8.993382039079734e-08,3,1
8337,1.1879750445586978e-06,4,1
8338,0.3414769768714905,2,1
8339,0.26646238565444946,2,1
8340,0.9998713135719299,1,3
8341,0.8303459882736206,1,2
8342,0.9999428987503052,1,3
8343,0.1896611601114273,2,1
8344,0.9999063611030579,1,3
8345,1.0,1,6
8346,0.9996249675750732,1,3
8347,1.0,1,4
8348,2.858740515421232e-07,4,1
8349,1.2541702290036483e-06,4,1
8350,3.665991599177687e-08,6,1
8351,3.0539376894012094e-06,4,1
8352,0.9994806051254272,1,2
8353,0.019292274489998817,2,1
8354,0.6677082180976868,1,2
8355,0.00024635871523059905,2,1
8356,0.00042922273860313,2,1
8357,2.38650329720258e-07,2,1
8358,2.0543104994885653e-07,3,1
8359,1.0243272896559574e-08,3,1
8360,0.9972444176673889,1,2
8361,0.9971199035644531,1,2
8362,0.003929443657398224,2,1
8363,0.8741590976715088,1,2
8364,1.2083939404661237e-09,9,1
8365,2.2696371004826688e-08,4,1
8366,8.448218236090099e-10,11,1
8367,2.388905961936416e-09,8,1
8368,1.0,1,6
8369,1.0,1,4
8370,1.0,1,3
8371,1.0,1,4
8372,1.377929095269792e-07,2,1
8373,1.48458845217192e-08,4,1
8374,1.3274353172221254e-08,7,1
8375,8.720040689524922e-09,6,1
8376,1.0,1,3
8377,0.9999998807907104,1,3
8378,0.9999997615814209,1,2
8379,1.0,1,4
8380,7.5624683404385e-07,6,1
8381,2.5893208999150374e-07,3,1
8382,1.576246262402492e-07,4,1
8383,7.848959171496972e-08,4,1
8384,0.9999998807907104,1,2
8385,1.0,1,6
8386,1.0,1,3
8387,1.0,1,6
8388,2.722549083955528e-07,3,1
8389,1.0679298156901496e-07,3,1
8390,1.5969665412285394e-07,3,1
8391,1.9539810125479562e-07,2,1
8392,1.0,1,2
8393,0.012654036283493042,2,1
8394,1.0,1,3
8395,0.9999922513961792,1,2
8396,3.866268798446981e-06,3,1
8397,5.106635967422335e-07,3,1
8398,5.650169043747155e-08,3,1
8399,8.72745076208048e-08,4,1
8400,0.9999998807907104,1,2
8401,1.0,1,4
8402,1.0,1,5
8403,1.0,1,6
8404,1.6200797858800797e-07,4,1
8405,4.4472447058296893e-08,7,1
8406,2.83917160004421e-07,3,1
8407,8.174287025042304e-09,7,1
8408,1.0,1,4
8409,1.0,1,6
8410,1.0,1,5
8411,1.0,1,6
8412,2.1948073936073342e-06,6,1
8413,3.6793591107198154e-07,5,1
8414,6.976882360731906e-08,9,1
8415,3.3241239094650155e-08,9,1
8416,1.0,1,4
8417,1.0,1,8
8418,1.0,1,3
8419,1.0,1,6
8420,8.43785812776332e-07,4,1
8421,3.3459633641541586e-07,3,1
8422,1.6069762409642863e-07,8,1
8423,1.4691251237763936e-07,4,1
8424,0.4449802041053772,2,1
8425,0.9999243021011353,1,2
8426,0.0007522505475208163,2,1
8427,0.42063212394714355,2,1
8428,1.0660409799356785e-07,2,1
8429,3.769996226310468e-07,2,1
8430,5.756179533022987e-09,8,1
8431,9.875542161807971e-09,4,1
8432,0.9996536374092102,1,2
8433,0.9998496770858765,1,2
8434,0.10375571250915527,2,1
8435,0.7420823574066162,1,2
8436,0.00011398012429708615,2,1
8437,6.370459595927969e-05,2,1
8438,1.3115944966557436e-05,3,1
8439,6.958273388590897e-07,3,1
8440,7.376671419478953e-06,3,1
8441,0.02097332663834095,2,1
8442,5.815157055621967e-05,3,1
8443,0.0004560275701805949,2,1
8444,3.850259489013297e-08,2,1
8445,3.795979068854649e-07,2,1
8446,1.0119534543662212e-08,3,1
8447,3.876936105484674e-08,3,1
8448,1.0,1,5
8449,1.0,1,6
8450,1.0,1,2
8451,1.0,1,7
8452,5.08580626501498e-07,4,1
8453,2.4938947262853617e-07,5,1
8454,1.635064990068713e-07,4,1
8455,5.3457302584547506e-08,7,1
8456,4.9456229334055024e-08,2,1
8457,0.9999998807907104,1,2
8458,0.9999991655349731,1,2
8459,1.0,1,2
8460,3.4961476558237337e-07,4,1
8461,2.8953252240171423e-07,3,1
8462,2.876115843264415e-07,4,1
8463,1.2122920622914535e-07,4,1
8464,1.0,1,4
8465,1.0,1,6
8466,1.0,1,4
8467,1.0,1,6
8468,1.6451913609216717e-07,2,1
8469,5.767578272752871e-07,3,1
8470,3.123810188299103e-08,8,1
8471,5.535276415002954e-08,4,1
8472,0.9999997615814209,1,2
8473,1.0,1,3
8474,0.9999998807907104,1,2
8475,1.0,1,6
8476,3.290658128207724e-07,4,1
8477,0.0002490690676495433,2,1
8478,7.226468312637735e-08,4,1
8479,4.884099666924158e-07,2,1
8480,0.9987410306930542,1,2
8481,0.9999988079071045,1,2
8482,0.9999998807907104,1,2
8483,0.9999998807907104,1,2
8484,2.5226202637895767e-07,5,1
8485,6.282120779133038e-08,7,1
8486,4.621238502977576e-08,9,1
8487,2.4348127070084047e-08,9,1
8488,0.9999994039535522,1,2
8489,1.0,1,5
8490,0.9999997615814209,1,2
8491,1.0,1,5
8492,3.290658128207724e-07,4,1
8493,0.0002490690676495433,2,1
8494,7.226468312637735e-08,4,1
8495,4.884099666924158e-07,2,1
8496,0.9999992847442627,1,2
8497,1.0,1,2
8498,0.9999550580978394,1,2
8499,1.0,1,2
8500,7.578447025480273e-08,5,1
8501,3.680690596752356e-08,5,1
8502,1.7654725681381933e-08,7,1
8503,3.378590562874706e-08,3,1
8504,0.9998944997787476,1,2
8505,0.9965940713882446,1,2
8506,1.0,1,5
8507,1.0,1,3
8508,2.8714317590328164e-09,9,1
8509,2.208930149905086e-09,9,1
8510,3.758341193815795e-09,8,1
8511,3.0203670675632566e-09,7,1
8512,9.956083886208944e-06,3,1
8513,4.8669426178094e-07,4,1
8514,0.0051551996730268,2,1
8515,3.5185739761800505e-06,3,1
8516,5.1323659988611325e-08,8,1
8517,6.617040071432712e-08,5,1
8518,4.43668000116304e-08,6,1
8519,3.2620498302549095e-08,6,1
8520,1.0,1,5
8521,0.9999998807907104,1,4
8522,1.0,1,4
8523,1.0,1,3
8524,7.078739372445852e-08,3,1
8525,1.1324259308054252e-09,6,1
8526,6.789983242327935e-09,6,1
8527,7.838088511569197e-10,8,1
8528,1.0,1,5
8529,1.0,1,4
8530,1.0,1,6
8531,1.0,1,5
8532,4.080631867964257e-07,4,1
8533,1.6832609617267735e-07,3,1
8534,6.521113427027103e-09,8,1
8535,8.167055476349105e-09,7,1
8536,1.0,1,2
8537,1.0,1,3
8538,0.9999995231628418,1,2
8539,1.0,1,4
8540,1.9866601519424876e-07,6,1
8541,1.1007682587660383e-06,5,1
8542,1.9349104718457966e-07,4,1
8543,1.6079324893780722e-07,3,1
8544,1.0,1,3
8545,0.9873850345611572,1,2
8546,1.0,1,5
8547,0.9999997615814209,1,3
8548,3.0821865948382765e-07,4,1
8549,6.409015895769699e-08,5,1
8550,6.342521885471797e-08,4,1
8551,2.065649162830141e-08,3,1
8552,0.9999998807907104,1,2
8553,0.9999960064888,1,2
8554,1.0,1,3
8555,1.0,1,5
8556,4.027190243505174e-06,4,1
8557,2.944987727460102e-06,4,1
8558,1.3076288496449706e-07,5,1
8559,1.5904726069493336e-07,3,1
8560,1.0,1,5
8561,1.0,1,7
8562,1.0,1,5
8563,1.0,1,7
8564,1.4171375369187444e-05,3,1
8565,7.5099256946487e-07,3,1
8566,2.4287041355819383e-07,3,1
8567,1.2163004612375516e-06,3,1
8568,0.9999998807907104,1,2
8569,1.0,1,6
8570,1.0,1,2
8571,1.0,1,5
8572,8.972842806542758e-07,4,1
8573,3.9723155964566104e-07,3,1
8574,1.3622840810967318e-07,4,1
8575,1.0154305130072316e-07,4,1
8576,1.0,1,7
8577,1.0,1,7
8578,1.0,1,6
8579,1.0,1,6
8580,1.7343482205944838e-09,9,1
8581,4.1819880891580397e-10,10,1
8582,4.5992309960496414e-10,10,1
8583,4.694220567813545e-10,10,1
8584,0.00015482449089176953,2,1
8585,0.010719334706664085,2,1
8586,0.3831885755062103,2,1
8587,3.632634616224095e-05,2,1
8588,1.908530400385189e-08,4,1
8589,4.737336567472994e-08,2,1
8590,1.7426089016225887e-08,2,1
8591,2.4432551981590223e-08,2,1
8592,0.1835341900587082,2,1
8593,2.1300795651768567e-06,4,1
8594,0.9612842798233032,1,2
8595,7.089318643238585e-08,3,1
8596,5.105379159431322e-07,4,1
8597,1.7242014394014404e-07,4,1
8598,1.2395244652907422e-07,4,1
8599,6.246990125191587e-08,4,1
8600,1.0,1,8
8601,1.0,1,7
8602,1.0,1,6
8603,1.0,1,6
8604,6.59195791286038e-07,2,1
8605,2.4698074696516414e-08,4,1
8606,0.00036424887366592884,2,1
8607,1.7189025811603642e-06,2,1
8608,0.9999994039535522,1,2
8609,0.8237325549125671,1,2
8610,1.0,1,4
8611,0.9999998807907104,1,3
8612,3.383084913366474e-05,3,1
8613,5.6122503337974194e-06,3,1
8614,3.2681467132533726e-07,2,1
8615,2.864131545265991e-07,2,1
8616,1.0,1,8
8617,1.0,1,6
8618,1.0,1,6
8619,1.0,1,5
8620,5.866512537977542e-07,4,1
8621,8.450580679664199e-08,3,1
8622,3.3541735433573194e-07,3,1
8623,7.313006022968693e-08,3,1
8624,0.1135784387588501,2,1
8625,0.0008203540346585214,2,1
8626,0.9999998807907104,1,2
8627,1.0,1,3
8628,5.081383136484874e-08,2,1
8629,5.6818986848838904e-08,2,1
8630,8.189064537589275e-09,7,1
8631,9.833684089244343e-09,3,1
8632,1.0,1,5
8633,1.0,1,6
8634,1.0,1,3
8635,1.0,1,5
8636,5.543683734288152e-09,7,1
8637,4.2037850533915844e-08,3,1
8638,2.7167195160160418e-09,9,1
8639,7.460267958947497e-09,4,1
8640,1.0,1,6
8641,1.0,1,5
8642,1.0,1,5
8643,1.0,1,5
8644,1.8382938833383378e-06,3,1
8645,0.00013414304703474045,2,1
8646,2.6802079446497373e-05,3,1
8647,0.0002702561905607581,2,1
8648,1.0,1,5
8649,1.0,1,5
8650,1.0,1,5
8651,1.0,1,5
8652,1.109966873968915e-07,4,1
8653,5.265662750275624e-08,3,1
8654,5.5535178233867555e-08,3,1
8655,4.265459452312825e-08,2,1
8656,1.0,1,6
8657,0.9999995231628418,1,2
8658,1.0,1,6
8659,0.9999988079071045,1,2
8660,4.21981576437247e-06,2,1
8661,8.196177958552653e-08,3,1
8662,8.511968019320193e-09,9,1
8663,5.525157664720837e-09,5,1
8664,1.0,1,4
8665,1.0,1,6
8666,1.0,1,4
8667,1.0,1,5
8668,7.710807103933348e-09,9,1
8669,5.990141715983555e-08,3,1
8670,4.73164440961682e-09,8,1
8671,1.102917934758807e-08,6,1
8672,0.04345371201634407,2,1
8673,0.9999997615814209,1,2
8674,6.061109303345802e-08,3,1
8675,0.9999992847442627,1,2
8676,6.439000088676039e-08,13,1
8677,8.725783686713839e-07,5,1
8678,7.944024815742523e-08,8,1
8679,9.215048279997973e-09,9,1
8680,1.0,1,6
8681,1.0,1,6
8682,1.0,1,6
8683,1.0,1,6
8684,4.371436901351444e-08,3,1
8685,9.130600631124253e-08,3,1
8686,9.848286630642633e-09,4,1
8687,1.0807523764810867e-08,3,1
8688,1.0,1,12
8689,1.0,1,9
8690,1.0,1,5
8691,1.0,1,5
8692,2.2309329494873964e-07,3,1
8693,7.249026623412647e-08,3,1
8694,2.8533460039170677e-08,8,1
8695,2.859982650704751e-08,5,1
8696,1.0,1,5
8697,0.9999998807907104,1,3
8698,1.0,1,5
8699,1.0,1,3
8700,6.927223950015104e-08,10,1
8701,8.535834261635955e-09,11,1
8702,4.36194858011163e-09,11,1
8703,4.493361238644411e-09,10,1
8704,3.967416432715254e-06,3,1
8705,4.699348821191052e-08,4,1
8706,1.0121724699274637e-05,2,1
8707,3.8905119126297905e-09,6,1
8708,9.40295308282657e-08,2,1
8709,1.6992313334185383e-08,4,1
8710,2.8776216964843115e-09,6,1
8711,3.5581293467146224e-09,4,1
8712,1.0,1,5
8713,4.875631202594377e-05,2,1
8714,1.0,1,6
8715,2.658671473909635e-05,2,1
8716,2.8783270522581006e-07,4,1
8717,1.4868357212094452e-08,4,1
8718,1.2104222513187324e-08,6,1
8719,7.803500068348512e-09,4,1
8720,1.0,1,5
8721,1.0,1,5
8722,1.0,1,5
8723,1.0,1,5
8724,2.2932358945126907e-07,2,1
8725,5.982400352877448e-07,3,1
8726,3.712921170517802e-08,3,1
8727,3.9032240550795905e-08,3,1
8728,0.9769043326377869,1,2
8729,1.0928538358712103e-06,4,1
8730,0.9995931386947632,1,2
8731,1.2247099220985547e-05,3,1
8732,0.9764007925987244,1,3
8733,1.2808083056370378e-06,4,1
8734,0.2501278221607208,2,1
8735,2.467651540882798e-07,4,1
8736,1.0,1,12
8737,1.0,1,9
8738,1.0,1,6
8739,0.9999991655349731,1,2
8740,0.9998348355293274,1,2
8741,4.665554627081292e-07,4,1
8742,0.9999926090240479,1,2
8743,6.678727913822513e-06,3,1
8744,1.0568837751634419e-05,2,1
8745,5.235378353063425e-07,3,1
8746,0.9999990463256836,1,2
8747,0.9999997615814209,1,2
8748,8.027444096114777e-07,7,1
8749,2.707446640215494e-07,4,1
8750,0.0003715069324243814,2,1
8751,3.9956866260126844e-08,4,1
8752,1.0,1,6
8753,1.0,1,6
8754,1.0,1,6
8755,1.0,1,6
8756,6.083761938668886e-09,6,1
8757,1.0093279101397457e-08,6,1
8758,2.767434503780919e-09,6,1
8759,2.7092755772173405e-07,3,1
8760,0.0005244103376753628,3,1
8761,9.866643085842952e-05,2,1
8762,7.3434571277175564e-06,3,1
8763,0.9998490810394287,1,2
8764,2.022939149526337e-08,4,1
8765,2.462540038550287e-08,4,1
8766,7.98527466372434e-10,10,1
8767,6.987584288964399e-09,5,1
8768,1.309544768446358e-05,3,1
8769,1.0,1,4
8770,0.014801531098783016,2,1
8771,1.0,1,5
8772,0.1902957409620285,2,1
8773,0.9999978542327881,1,2
8774,1.0,1,5
8775,1.0,1,5
8776,0.9999998807907104,1,2
8777,0.9999990463256836,1,2
8778,1.0,1,3
8779,1.0,1,2
8780,1.5862129387755886e-08,6,1
8781,7.91697463142782e-09,6,1
8782,2.2121642295758193e-09,8,1
8783,2.7712008243696573e-09,7,1
8784,0.049511589109897614,2,1
8785,0.7121500372886658,1,2
8786,0.9998480677604675,1,2
8787,0.004033025819808245,2,1
8788,4.3405387373240956e-07,4,1
8789,5.595004637370948e-08,5,1
8790,7.418923075874773e-08,4,1
8791,4.565534439393559e-08,5,1
8792,8.64728463056963e-06,2,1
8793,5.769767312813201e-07,3,1
8794,2.8946664087925456e-07,3,1
8795,3.03327141182308e-08,3,1
8796,2.526898015275947e-07,2,1
8797,6.181656431181182e-08,2,1
8798,7.303010818304756e-08,2,1
8799,5.3306905556382844e-08,2,1
8800,1.0,1,8
8801,1.0,1,7
8802,1.0,1,7
8803,1.0,1,8
8804,3.500162392811035e-06,6,1
8805,7.576828124911117e-07,5,1
8806,2.10903840525134e-06,4,1
8807,2.727817900449736e-07,4,1
8808,0.0032490845769643784,2,1
8809,0.8504201173782349,1,2
8810,0.999998152256012,1,2
8811,0.9999966621398926,1,3
8812,2.5802869174640364e-08,5,1
8813,7.363866405540875e-09,7,1
8814,9.114223153972034e-09,6,1
8815,3.941511117488972e-09,6,1
8816,0.9999983906745911,1,3
8817,0.0010508692357689142,4,1
8818,1.0,1,5
8819,0.004686429165303707,2,1
8820,4.382942009328872e-08,6,1
8821,4.4422002076771605e-08,6,1
8822,5.0795421202565194e-08,5,1
8823,1.9004842144454415e-08,6,1
8824,1.0,1,5
8825,1.0,1,5
8826,1.0,1,4
8827,0.9999998807907104,1,2
8828,3.8505238109109996e-08,3,1
8829,7.765164582451689e-07,3,1
8830,4.7890571295283735e-06,2,1
8831,1.8831085526471725e-06,2,1
8832,0.00010547986312303692,3,1
8833,0.05152574181556702,2,1
8834,0.238458052277565,2,1
8835,0.0009270899463444948,2,1
8836,0.01403789035975933,3,2
8837,0.0011462605325505137,3,1
8838,1.656235326663591e-05,3,1
8839,1.650365220484673e-06,2,1
8840,9.664670869824477e-06,3,1
8841,5.2686136768897995e-06,4,1
8842,0.9979866147041321,1,2
8843,0.8133478760719299,1,2
8844,3.829659922516271e-10,19,1
8845,7.854519812333649e-10,11,1
8846,5.447405859726473e-10,13,1
8847,1.0359012536653722e-09,10,1
8848,0.9999971389770508,1,2
8849,1.0,1,5
8850,0.9999998807907104,1,3
8851,1.0,1,5
8852,4.4453735137395256e-10,7,1
8853,1.5230233740837207e-09,5,1
8854,6.652048356592388e-10,7,1
8855,5.065017294469953e-09,4,1
8856,1.0,1,4
8857,0.9999969005584717,1,2
8858,1.0,1,6
8859,0.9999995231628418,1,2
8860,6.405375074791664e-08,6,1
8861,3.6808941672461515e-08,5,1
8862,3.058712749748338e-08,5,1
8863,6.097784499559111e-09,4,1
8864,0.9999931454658508,1,2
8865,1.0,1,4
8866,1.0,1,3
8867,1.0,1,3
8868,8.772543935720023e-08,3,1
8869,6.946790875872466e-08,4,1
8870,7.986573180573941e-09,3,1
8871,1.5717448675900414e-08,4,1
8872,1.0,1,6
8873,1.0,1,7
8874,1.0,1,3
8875,1.0,1,5
8876,3.83514998247847e-06,2,1
8877,3.797028114149725e-08,3,1
8878,0.0008537145331501961,2,1
8879,5.2387548521437566e-08,2,1
8880,1.0,1,5
8881,1.0,1,7
8882,1.0,1,3
8883,1.0,1,5
8884,6.570156756424694e-07,3,1
8885,3.8276496638900426e-07,3,1
8886,6.668403784715338e-08,2,1
8887,1.0460880162099784e-07,2,1
8888,0.9999997615814209,1,2
8889,1.0,1,5
8890,1.0,1,3
8891,1.0,1,5
8892,4.742735271179299e-08,5,1
8893,1.1150874001941702e-07,2,1
8894,5.377808420803376e-09,9,1
8895,5.714021256153501e-09,6,1
8896,1.0,1,4
8897,1.0,1,6
8898,1.0,1,4
8899,1.0,1,6
8900,8.764899916968716e-08,4,1
8901,1.8933278056465497e-08,8,1
8902,1.5671083986035228e-07,3,1
8903,5.437018391063475e-09,6,1
8904,1.0,1,8
8905,1.0,1,7
8906,1.0,1,5
8907,1.0,1,6
8908,9.835128267354776e-09,10,1
8909,2.8923028416727448e-09,9,1
8910,5.5479674188063655e-09,8,1
8911,3.898683154091032e-09,7,1
8912,0.5303115844726562,1,2
8913,0.7833598852157593,1,2
8914,0.9999908208847046,1,2
8915,0.9984802603721619,1,2
8916,3.31635931161145e-07,3,1
8917,3.4517782410148357e-08,4,1
8918,1.1353375128919652e-08,7,1
8919,1.5322109803150852e-08,5,1
8920,0.9999998807907104,1,2
8921,1.0,1,4
8922,1.0,1,2
8923,1.0,1,5
8924,7.509216026768684e-10,8,1
8925,2.1484833911955548e-09,3,1
8926,6.265347685108225e-10,8,1
8927,6.084698855879367e-10,7,1
8928,1.0,1,8
8929,1.0,1,7
8930,1.0,1,4
8931,1.0,1,6
8932,5.52776100448682e-06,3,1
8933,1.3773380658221868e-07,5,1
8934,5.447236617328599e-07,3,1
8935,4.9691955439357116e-08,4,1
8936,0.9999821186065674,1,2
8937,0.9964491128921509,1,2
8938,0.9999998807907104,1,2
8939,0.981855034828186,1,2
8940,3.4381898217361595e-07,6,1
8941,1.8656255917903763e-07,4,1
8942,4.083264215637428e-08,6,1
8943,5.1573397996662607e-08,4,1
8944,1.0,1,7
8945,1.0,1,7
8946,1.0,1,7
8947,1.0,1,7
8948,7.420914993616634e-09,9,1
8949,1.1929048859826707e-08,8,1
8950,6.080676850928057e-09,10,1
8951,9.187634653073928e-09,9,1
8952,1.0,1,5
8953,1.0,1,5
8954,1.0,1,5
8955,1.0,1,6
8956,0.9999915361404419,1,2
8957,0.9999992847442627,1,2
8958,0.9978647828102112,1,2
8959,0.9999873638153076,1,2
8960,1.0,1,5
8961,0.9999998807907104,1,3
8962,1.0,1,5
8963,0.9999955296516418,1,2
8964,2.7016479720032294e-08,6,1
8965,1.0241422643275655e-07,3,1
8966,1.8973802085042735e-08,6,1
8967,3.0836080355811646e-08,4,1
8968,1.0,1,5
8969,1.0,1,5
8970,1.0,1,5
8971,1.0,1,5
8972,4.3391662529757014e-07,5,1
8973,4.156616739692254e-08,6,1
8974,1.2142474759002653e-07,4,1
8975,3.5367236250749556e-08,5,1
8976,5.417835382104386e-06,4,1
8977,0.07947225123643875,2,1
8978,0.006603321060538292,2,1
8979,0.9999998807907104,1,2
8980,2.0442189452296589e-07,6,1
8981,2.1372855485424225e-08,7,1
8982,1.957042172762158e-08,8,1
8983,1.2340297672608358e-08,6,1
8984,1.6621119414139685e-07,4,1
8985,9.638426057279048e-09,7,1
8986,0.9998711347579956,1,3
8987,3.6606951425710577e-07,3,1
8988,1.1608907612981056e-07,4,1
8989,2.0910879072744137e-07,4,1
8990,1.201777877213317e-07,4,1
8991,1.9577748844312737e-07,3,1
8992,1.0,1,4
8993,1.0,1,6
8994,1.0,1,5
8995,1.0,1,6
8996,1.3447844366965e-06,4,1
8997,6.908538807692821e-08,4,1
8998,1.2766435020239442e-07,4,1
8999,1.587260101132415e-08,7,1
9000,1.0,1,3
9001,0.999993085861206,1,4
9002,1.0,1,6
9003,1.0,1,4
9004,4.442269130322529e-07,5,1
9005,8.459609830424597e-07,4,1
9006,7.624409903428386e-08,5,1
9007,6.44502122781887e-08,3,1
9008,0.9999910593032837,1,2
9009,0.9800915122032166,1,2
9010,0.9999996423721313,1,2
9011,0.9999186992645264,1,2
9012,5.1987999682978625e-08,3,1
9013,4.332184033728481e-08,2,1
9014,1.5296267363851257e-08,4,1
9015,5.5916540731004716e-08,2,1
9016,0.9999973773956299,1,2
9017,1.6712067463231506e-07,3,1
9018,1.0,1,4
9019,5.981595222692704e-06,2,1
9020,4.4394301568218e-08,5,1
9021,5.6939382098164515e-09,7,1
9022,1.0989240628589414e-08,7,1
9023,5.806805702945894e-09,5,1
9024,1.0,1,4
9025,0.9999993443489075,1,3
9026,1.0,1,5
9027,0.9999999403953552,1,3
9028,1.3518717878469033e-06,3,1
9029,2.736284976379011e-08,5,1
9030,9.786133887246251e-05,2,1
9031,1.490532497427921e-08,4,1
9032,0.9999946355819702,1,2
9033,0.9999998807907104,1,3
9034,0.9999850988388062,1,2
9035,1.0,1,3
9036,8.473494794714043e-09,5,1
9037,1.0852763132618293e-08,6,1
9038,1.4692444594288645e-08,6,1
9039,8.219203095904959e-09,5,1
9040,0.9999998807907104,1,3
9041,0.9999997615814209,1,3
9042,1.0,1,5
9043,1.0,1,3
9044,3.330165441184363e-07,3,1
9045,1.6195207308555837e-07,2,1
9046,7.325177620032264e-08,2,1
9047,1.399595550566346e-08,4,1
9048,0.9999998807907104,1,3
9049,0.9999998807907104,1,2
9050,0.999996542930603,1,3
9051,0.9999998807907104,1,2
9052,1.692070661363232e-08,4,1
9053,2.9694385617062835e-08,4,1
9054,2.2337212612910662e-07,3,1
9055,8.413200589529879e-07,3,1
9056,1.0,1,6
9057,1.0,1,2
9058,1.0,1,6
9059,1.0,1,3
9060,2.0903165864893936e-09,10,1
9061,6.255177709135751e-09,5,1
9062,1.4096737110946833e-09,9,1
9063,5.699033245321061e-09,5,1
9064,1.0,1,4
9065,0.9999998807907104,1,3
9066,1.0,1,4
9067,1.0,1,4
9068,2.028712628998619e-07,5,1
9069,3.578284122340847e-07,3,1
9070,1.856013476242424e-08,5,1
9071,2.989716207935089e-08,5,1
9072,0.9999997615814209,1,2
9073,1.0,1,4
9074,1.0,1,3
9075,1.0,1,5
9076,2.562845793363522e-07,6,1
9077,4.459041846871514e-08,4,1
9078,1.394557358480597e-07,6,1
9079,1.3480976335245032e-08,5,1
9080,1.0,1,4
9081,1.0,1,5
9082,1.0,1,3
9083,1.0,1,5
9084,9.74232193584612e-07,4,1
9085,2.1817534445744968e-07,3,1
9086,3.1335005701293994e-08,9,1
9087,1.3933657783127273e-08,9,1
9088,1.0,1,3
9089,1.0,1,3
9090,1.0,1,5
9091,1.0,1,5
9092,2.1621494852297474e-06,4,1
9093,7.720360031271412e-07,2,1
9094,4.2059916438574874e-08,9,1
9095,3.8933432477961105e-08,5,1
9096,1.0,1,7
9097,1.0,1,10
9098,1.0,1,7
9099,1.0,1,8
9100,6.74531747790752e-06,4,1
9101,1.591250838828273e-05,2,1
9102,4.53172575021199e-08,10,1
9103,2.992272385426986e-08,7,1
9104,1.0,1,4
9105,1.0,1,8
9106,1.0,1,2
9107,1.0,1,7
9108,9.00974139739219e-09,8,1
9109,2.0383815524382953e-08,6,1
9110,3.617948163281426e-09,8,1
9111,8.086916025717983e-09,8,1
9112,1.0,1,5
9113,1.0,1,5
9114,1.0,1,5
9115,1.0,1,5
9116,3.206653431675477e-08,7,1
9117,3.778582335911551e-09,8,1
9118,2.350219352464933e-09,11,1
9119,1.3916199304020438e-09,8,1
9120,0.9999984502792358,1,2
9121,1.0,1,3
9122,0.9999810457229614,1,2
9123,1.0,1,2
9124,5.292436640047526e-07,4,1
9125,2.9578635007965204e-07,3,1
9126,6.707093547220211e-08,7,1
9127,1.425272131427846e-07,3,1
9128,0.9999998807907104,1,3
9129,3.758064121939242e-05,2,1
9130,0.9787687063217163,1,2
9131,0.9932064414024353,1,2
9132,6.483821834990522e-08,4,1
9133,6.21933651245854e-08,4,1
9134,1.3440359047933725e-08,7,1
9135,2.8123466222496063e-08,5,1
9136,0.9999998807907104,1,3
9137,0.9999996423721313,1,2
9138,0.9999962449073792,1,3
9139,0.9999997615814209,1,2
9140,8.51339621021907e-09,9,1
9141,1.4531045255949948e-09,9,1
9142,1.309107378055785e-09,9,1
9143,5.388924861904343e-10,9,1
9144,1.0,1,3
9145,1.0,1,6
9146,1.0,1,5
9147,1.0,1,6
9148,4.0413610236100794e-08,9,1
9149,9.767192388210333e-09,6,1
9150,5.9420388609510155e-09,8,1
9151,2.811165522587089e-09,8,1
9152,7.524647571699461e-09,7,1
9153,5.241090672569726e-09,7,1
9154,8.322182338815765e-07,4,1
9155,9.752582741384686e-08,4,1
9156,6.731762880463066e-08,3,1
9157,1.588468379054575e-08,4,1
9158,1.199752318825631e-06,2,1
9159,6.691274393233471e-06,2,1
9160,2.6127153773813916e-07,2,1
9161,3.804147041819306e-08,3,1
9162,0.00011892351903952658,2,1
9163,3.5283766919746995e-05,2,1
9164,3.2152511266758665e-06,4,1
9165,4.5143409010961477e-07,4,1
9166,4.1004173567671387e-07,3,1
9167,2.955560951534153e-08,4,1
9168,1.0,1,5
9169,0.0032215535175055265,2,1
9170,1.0,1,5
9171,0.002361682243645191,2,1
9172,8.432370179889404e-08,5,1
9173,7.883489161031321e-05,3,1
9174,1.993632459118544e-08,4,1
9175,1.4002885109221097e-05,2,1
9176,0.9999995231628418,1,2
9177,0.0001848086976679042,3,1
9178,1.0,1,3
9179,9.475421393290162e-05,3,1
9180,6.011429718455474e-07,4,1
9181,0.00023640952713321894,3,1
9182,2.9941674029032583e-07,3,1
9183,0.00021255553292576224,3,1
9184,1.0,1,8
9185,1.0,1,4
9186,1.0,1,5
9187,1.0,1,5
9188,3.2717596809561655e-07,3,1
9189,2.9259908274070767e-08,5,1
9190,1.1048135917235413e-07,3,1
9191,2.110094321494671e-08,4,1
9192,0.9832503795623779,1,2
9193,0.9811182022094727,1,2
9194,0.9999658465385437,1,2
9195,0.9999966621398926,1,2
9196,3.2500508950761287e-06,3,1
9197,1.3578003290604101e-06,3,1
9198,9.254773658540216e-08,3,1
9199,3.143269466931997e-08,3,1
9200,3.342750915180659e-06,4,1
9201,0.9999998807907104,1,2
9202,1.0,1,6
9203,1.0,1,5
9204,1.2682987993173356e-08,9,1
9205,1.467463128790314e-08,6,1
9206,1.3817894384260399e-08,8,1
9207,1.1667946608895363e-08,4,1
9208,0.9995105266571045,1,2
9209,1.0,1,5
9210,1.0,1,5
9211,1.0,1,5
9212,0.10212129354476929,4,2
9213,1.0,1,10
9214,0.9247676134109497,1,2
9215,1.0,1,7
9216,1.0,1,5
9217,1.0,1,5
9218,1.0,1,2
9219,1.0,1,4
9220,2.522212128042156e-08,3,1
9221,9.602423745036504e-09,5,1
9222,5.515112366794028e-09,5,1
9223,6.2180638416009515e-09,5,1
9224,0.9905378222465515,1,2
9225,0.9999942183494568,1,2
9226,0.99996018409729,1,2
9227,0.9999841451644897,1,2
9228,4.197551817242129e-08,2,1
9229,8.136847640116684e-08,2,1
9230,4.054175217760303e-09,8,1
9231,7.420800862689703e-09,6,1
9232,0.9999988675117493,1,3
9233,0.9999663233757019,1,2
9234,1.0,1,4
9235,0.9999678134918213,1,2
9236,1.4704113482366665e-07,7,1
9237,3.764147038509691e-08,4,1
9238,2.5508583689770603e-08,7,1
9239,1.1188471482626028e-08,4,1
9240,1.0,1,6
9241,1.0,1,4
9242,1.0,1,6
9243,1.0,1,6
9244,9.480079938839481e-07,8,1
9245,1.0021177132557568e-07,8,1
9246,1.9427236708224882e-08,8,1
9247,8.179634747307318e-09,5,1
9248,1.0,1,9
9249,1.0,1,6
9250,1.0,1,6
9251,1.0,1,6
9252,5.157062901162135e-07,3,1
9253,2.704287638266578e-08,3,1
9254,3.043198759655752e-08,7,1
9255,1.115982506405544e-08,5,1
9256,0.9998360276222229,1,2
9257,0.0020537280943244696,2,1
9258,0.9999991655349731,1,2
9259,0.00018567133520264179,2,1
9260,5.062393881871685e-08,4,1
9261,8.138725604567298e-08,3,1
9262,7.537848567551464e-09,8,1
9263,1.1503145991298425e-08,4,1
9264,1.0,1,5
9265,1.0,1,5
9266,1.0,1,2
9267,1.0,1,5
9268,4.884566351393005e-07,3,1
9269,4.966949873619342e-08,2,1
9270,1.1316931392002516e-07,3,1
9271,2.4634092099518057e-08,3,1
9272,1.0,1,6
9273,1.0,1,6
9274,1.0,1,5
9275,1.0,1,6
9276,2.0915658538456228e-08,4,1
9277,3.570585604961707e-08,5,1
9278,1.7752073588894746e-08,5,1
9279,1.6386291434855593e-08,5,1
9280,0.9999996423721313,1,2
9281,1.0,1,7
9282,0.9999998807907104,1,2
9283,1.0,1,4
9284,1.5299995084205875e-06,4,1
9285,0.00010518435010453686,4,1
9286,1.0211071099774927e-07,4,1
9287,3.473266360742855e-06,3,1
9288,1.0,1,9
9289,1.0,1,8
9290,1.0,1,7
9291,1.0,1,7
9292,1.8479724985809298e-06,3,1
9293,1.9011993401818472e-07,3,1
9294,9.789279431515752e-08,4,1
9295,4.677021436805262e-08,5,1
9296,0.9999987483024597,1,3
9297,4.711142901214771e-05,3,1
9298,0.9532740116119385,1,2
9299,1.4205225795649312e-07,3,1
9300,0.9812136292457581,1,2
9301,1.0,1,6
9302,0.9999581575393677,1,2
9303,0.9999998807907104,1,2
9304,0.99918133020401,1,2
9305,1.0,1,3
9306,0.9999997615814209,1,2
9307,1.0,1,6
9308,6.063815760626312e-08,3,1
9309,3.3783498221140462e-09,8,1
9310,6.4044547443131705e-09,5,1
9311,1.4028500583407322e-09,7,1
9312,1.7503346327885083e-07,3,1
9313,2.951218789348786e-07,4,1
9314,4.0413067381450674e-07,3,1
9315,8.951587915362325e-07,4,1
9316,8.675385743117658e-08,5,1
9317,2.2383344067122835e-09,11,1
9318,6.180958855850349e-09,8,1
9319,1.7953133424342127e-09,8,1
9320,1.0,1,7
9321,1.0,1,11
9322,1.0,1,8
9323,1.0,1,7
9324,8.675385743117658e-08,5,1
9325,2.2383344067122835e-09,11,1
9326,6.180958855850349e-09,8,1
9327,1.7953133424342127e-09,8,1
9328,0.9999662041664124,1,2
9329,1.0,1,6
9330,0.999995768070221,1,2
9331,1.0,1,6
9332,6.665415241968731e-08,6,1
9333,1.7508257599274657e-07,2,1
9334,6.540382901931707e-09,7,1
9335,8.307483057024001e-08,3,1
9336,0.9999998807907104,1,3
9337,0.9999997615814209,1,2
9338,0.9987077116966248,1,2
9339,1.0,1,3
9340,3.153568073344104e-08,7,1
9341,9.682536550315035e-09,5,1
9342,1.2577568320182309e-08,5,1
9343,6.147989228821871e-09,6,1
9344,1.0,1,6
9345,1.0,1,6
9346,1.0,1,6
9347,1.0,1,6
9348,0.00012513931142166257,3,1
9349,2.9518830615415936e-06,3,1
9350,6.839326260887901e-07,3,1
9351,4.590743785115592e-08,5,1
9352,8.599090506322682e-07,3,1
9353,0.9999998807907104,1,3
9354,0.9999992847442627,1,2
9355,0.9999990463256836,1,2
9356,1.7655867878829667e-08,4,1
9357,3.344952759221087e-08,2,1
9358,1.6633800115073427e-08,2,1
9359,5.998130436779547e-09,4,1
9360,1.628779244811085e-08,5,1
9361,6.499994924524799e-06,2,1
9362,0.9998981356620789,1,2
9363,0.9999992847442627,1,2
9364,5.381348273658659e-06,3,1
9365,3.0654409783892334e-06,2,1
9366,4.214881244024582e-08,4,1
9367,6.370042626713257e-08,3,1
9368,0.9999771118164062,1,2
9369,1.0,1,3
9370,1.0,1,5
9371,1.0,1,3
9372,4.544384868410134e-09,6,1
9373,1.1962588253311424e-08,5,1
9374,4.57638549278272e-09,7,1
9375,6.805905616857899e-09,5,1
9376,0.4228630065917969,2,1
9377,1.3162307368475012e-06,2,1
9378,1.0,1,5
9379,0.9999990463256836,1,2
9380,7.131578172447917e-08,5,1
9381,1.4214009524948779e-07,3,1
9382,3.346274013438233e-08,6,1
9383,7.329860807203659e-08,3,1
9384,0.9979501366615295,1,2
9385,1.0,1,3
9386,0.9999735951423645,1,2
9387,1.0,1,4
9388,4.7166809054033365e-06,2,1
9389,5.628985036310041e-06,2,1
9390,3.4537279702817614e-07,2,1
9391,3.6843612178927287e-06,2,1
9392,2.551530258187995e-07,2,1
9393,9.748988668434322e-05,2,1
9394,5.559292617363099e-07,2,1
9395,0.20065554976463318,2,1
9396,3.961410754982353e-07,2,1
9397,0.8729349970817566,1,2
9398,9.203067747876048e-06,2,1
9399,0.9655632972717285,1,2
9400,1.0,1,5
9401,1.0,1,7
9402,1.0,1,5
9403,1.0,1,7
9404,8.408308076468529e-07,3,1
9405,8.227036232710816e-06,3,1
9406,0.0006096895085647702,2,1
9407,3.369456180735142e-06,3,1
9408,1.0,1,6
9409,1.0,1,7
9410,0.9998118281364441,1,2
9411,1.0,1,4
9412,6.495621164503973e-06,5,1
9413,1.0974831639032345e-05,6,1
9414,1.410441399229967e-07,6,1
9415,3.6268431813368807e-07,6,1
9416,3.4006607165792957e-06,3,1
9417,1.6919289080874478e-08,8,1
9418,0.017242776229977608,2,1
9419,1.5579338930038489e-09,8,1
9420,9.820497126611372e-08,7,1
9421,7.510901411933446e-08,4,1
9422,3.557928351938244e-08,6,1
9423,4.704113365505691e-08,5,1
9424,0.6086630821228027,1,2
9425,4.907968786938e-07,2,1
9426,0.971109926700592,1,2
9427,9.084340746312591e-08,2,1
9428,4.6155994937180367e-07,3,1
9429,1.366541368952312e-07,3,1
9430,9.720489302367241e-09,8,1
9431,5.086646215346491e-09,8,1
9432,1.0,1,5
9433,1.0,1,6
9434,1.0,1,5
9435,1.0,1,6
9436,1.1973322955327603e-07,3,1
9437,6.772679483901811e-08,2,1
9438,1.4864443009798833e-08,6,1
9439,1.0487947399440145e-08,6,1
9440,1.0,1,3
9441,1.0,1,2
9442,1.0,1,3
9443,0.9999997615814209,1,2
9444,1.5312647860810102e-07,4,1
9445,2.7654452061653956e-09,9,1
9446,2.1347551282246968e-08,5,1
9447,5.463016705675727e-09,8,1
9448,1.0,1,3
9449,0.0009813178330659866,2,1
9450,0.9999996423721313,1,2
9451,0.0006702495738863945,2,1
9452,3.1223737551044906e-07,3,1
9453,1.5076361705723684e-05,2,1
9454,2.907642056015902e-06,2,1
9455,4.5864717890253814e-07,2,1
9456,1.0,1,4
9457,1.0,1,6
9458,0.9999997615814209,1,2
9459,1.0,1,5
9460,8.622483704812112e-08,7,1
9461,2.6251175455627163e-08,5,1
9462,8.435969256481712e-09,8,1
9463,7.06248526327613e-09,5,1
9464,1.0,1,5
9465,1.0,1,4
9466,1.0,1,4
9467,1.0,1,5
9468,4.2812965261873615e-07,3,1
9469,8.221024359045259e-07,3,1
9470,2.0442575987544842e-07,2,1
9471,4.65927655568521e-07,2,1
9472,1.0,1,3
9473,1.0,1,6
9474,1.0,1,5
9475,1.0,1,6
9476,1.1603430039031082e-06,3,1
9477,1.2076296407315112e-08,6,1
9478,3.713846563613288e-09,5,1
9479,2.433798274026344e-09,7,1
9480,1.0,1,6
9481,1.0,1,6
9482,1.0,1,6
9483,1.0,1,5
9484,5.26626593000401e-07,2,1
9485,2.1230232960078865e-05,2,1
9486,2.4835211220874953e-08,6,1
9487,4.53421442614399e-08,2,1
9488,0.9999999403953552,1,5
9489,1.0,1,7
9490,1.0,1,6
9491,1.0,1,7
9492,9.593270078767091e-06,2,1
9493,1.7775847709344816e-06,3,1
9494,1.7157240961296338e-07,4,1
9495,1.1396144117270524e-07,3,1
9496,0.9999998807907104,1,2
9497,0.9999996423721313,1,2
9498,1.0,1,4
9499,1.0,1,3
9500,4.669590634875931e-05,3,1
9501,2.0457330265344353e-06,3,1
9502,1.2401691265040427e-06,3,1
9503,1.078627178685565e-06,3,1
9504,0.9999998807907104,1,3
9505,1.0,1,2
9506,1.0,1,5
9507,1.0,1,4
9508,8.686182013661892e-07,4,1
9509,4.385751708468888e-07,2,1
9510,2.835464307793245e-08,4,1
9511,3.463120634705774e-08,3,1
9512,0.9980816841125488,1,2
9513,0.9999992847442627,1,2
9514,1.0,1,2
9515,1.0,1,4
9516,2.88097965039924e-07,4,1
9517,3.7002735098212725e-08,5,1
9518,6.418396480967203e-09,10,1
9519,3.424274197527666e-09,9,1
9520,1.0,1,4
9521,1.0,1,4
9522,1.0,1,6
9523,1.0,1,5
9524,2.140494359537115e-08,12,1
9525,6.966933341345793e-08,3,1
9526,1.2081994960055908e-08,10,1
9527,1.6943639380428976e-08,7,1
9528,1.0,1,5
9529,0.9999998807907104,1,2
9530,1.0,1,5
9531,1.0,1,4
9532,0.0001711436198092997,4,1
9533,6.276860631260206e-08,4,1
9534,1.548594781297652e-07,6,1
9535,2.0904090902718053e-08,7,1
9536,1.0,1,3
9537,1.0,1,5
9538,1.0,1,4
9539,1.0,1,5
9540,5.233758201939054e-06,5,1
9541,2.2690672096814524e-07,3,1
9542,5.42667386582707e-08,8,1
9543,3.353974165065665e-08,5,1
9544,1.0,1,3
9545,1.0,1,5
9546,1.0,1,2
9547,1.0,1,4
9548,1.1772119279385151e-08,9,1
9549,4.248585039334785e-09,8,1
9550,1.964165052825706e-09,11,1
9551,1.2456757847445488e-09,7,1
9552,1.0,1,4
9553,1.0,1,4
9554,1.0,1,4
9555,1.0,1,5
9556,1.1133944877173008e-09,9,1
9557,2.358311101957611e-09,6,1
9558,1.824249751258833e-09,10,1
9559,1.856834019875464e-09,6,1
9560,0.9999992847442627,1,2
9561,0.010270370170474052,2,1
9562,0.9977546334266663,1,2
9563,7.720689609413967e-05,2,1
9564,1.0166496622332488e-06,2,1
9565,1.8237510346352792e-07,2,1
9566,1.7221012171830807e-07,2,1
9567,1.3762824835339416e-07,2,1
9568,1.0,1,2
9569,1.0,1,5
9570,1.0,1,2
9571,1.0,1,5
9572,1.0367955383117078e-06,4,1
9573,6.219075885383063e-07,3,1
9574,3.100606420503027e-07,3,1
9575,7.144689817550898e-08,4,1
9576,1.0,1,4
9577,1.0,1,6
9578,1.0,1,6
9579,1.0,1,6
9580,9.892020216284436e-07,3,1
9581,5.014306339035102e-07,2,1
9582,2.6765313521082135e-08,7,1
9583,8.894915737300835e-08,2,1
9584,1.0,1,5
9585,1.0,1,6
9586,1.0,1,4
9587,1.0,1,6
9588,2.5654480850789696e-07,4,1
9589,1.3370485874020233e-07,3,1
9590,7.73055486291696e-09,9,1
9591,5.872084152258594e-09,6,1
9592,0.20316603779792786,2,1
9593,2.178358826654403e-08,6,1
9594,0.6283281445503235,1,2
9595,1.9225251435273094e-06,4,1
9596,9.012525697471574e-05,3,1
9597,6.740013759554131e-06,4,1
9598,8.343196782334417e-07,4,1
9599,6.682805064883723e-07,3,1
9600,1.0,1,4
9601,1.0,1,5
9602,1.0,1,5
9603,1.0,1,5
9604,1.4784852453431085e-07,5,1
9605,7.579343019870066e-08,3,1
9606,6.598965995863182e-08,4,1
9607,4.579162382611912e-09,8,1
9608,1.0,1,3
9609,1.0,1,5
9610,1.0,1,5
9611,1.0,1,5
9612,1.7161280538857682e-06,3,1
9613,3.6028075101057766e-07,4,1
9614,1.9871085896738805e-06,4,1
9615,1.9905822057353362e-07,4,1
9616,0.9999984502792358,1,2
9617,0.9999997615814209,1,2
9618,0.9997956156730652,1,2
9619,0.9997369647026062,1,2
9620,8.432193965290935e-08,6,1
9621,2.6701778566007306e-08,6,1
9622,4.9550621383787075e-09,6,1
9623,6.007301323052161e-09,8,1
9624,1.0,1,3
9625,1.0,1,6
9626,1.0,1,6
9627,1.0,1,6
9628,2.404225369900814e-07,3,1
9629,2.1469993953360245e-05,2,1
9630,1.7909227878476486e-08,4,1
9631,4.5016835770184116e-07,2,1
9632,8.252004590758588e-08,3,1
9633,0.020329920575022697,2,1
9634,1.0398111953691114e-06,2,1
9635,5.1515262384782545e-06,2,1
9636,2.2588661607869653e-08,8,1
9637,2.8879933111625178e-08,7,1
9638,3.6447036499964724e-09,7,1
9639,5.014417769899637e-09,7,1
9640,1.0,1,3
9641,1.0,1,5
9642,0.9960728883743286,1,2
9643,1.0,1,5
9644,1.405990257552503e-08,4,1
9645,1.0874160460971893e-09,5,1
9646,5.866169772161811e-10,8,1
9647,7.118049483167965e-10,6,1
9648,1.0,1,2
9649,1.0,1,6
9650,1.0,1,2
9651,1.0,1,7
9652,6.303085910985828e-07,3,1
9653,6.098275662225205e-08,4,1
9654,1.2209284250275232e-08,9,1
9655,8.661791284225728e-09,8,1
9656,1.0,1,6
9657,1.0,1,5
9658,1.0,1,6
9659,1.0,1,6
9660,4.289153821446234e-06,3,1
9661,1.631836994420155e-07,2,1
9662,5.329989676283731e-07,3,1
9663,3.372390366962463e-08,3,1
9664,1.0,1,10
9665,1.0,1,7
9666,1.0,1,6
9667,1.0,1,5
9668,3.576550398065592e-07,4,1
9669,5.058793206558221e-08,3,1
9670,3.84934892849742e-08,7,1
9671,1.7417383091355987e-08,6,1
9672,0.9999994039535522,1,2
9673,0.9999996423721313,1,2
9674,0.9999997615814209,1,2
9675,0.9999998807907104,1,2
9676,4.1656453504401725e-06,4,1
9677,8.891641556374452e-08,3,1
9678,9.040834925144736e-08,4,1
9679,5.387091306374714e-08,2,1
9680,1.0,1,4
9681,1.0,1,5
9682,1.0,1,3
9683,1.0,1,5
9684,1.0303364433639217e-05,4,1
9685,3.9573328081132786e-07,3,1
9686,1.919362233593347e-07,3,1
9687,1.5007881160045144e-08,5,1
9688,0.9999949336051941,1,2
9689,0.9998676180839539,1,2
9690,0.9999996423721313,1,2
9691,1.0,1,3
9692,4.124448338416187e-09,7,1
9693,3.681025706470109e-09,9,1
9694,7.865246232086065e-08,4,1
9695,2.5179485163562276e-08,4,1
9696,0.9892096519470215,1,2
9697,1.0,1,3
9698,1.0,1,4
9699,1.0,1,5
9700,4.679316703004588e-07,4,1
9701,1.7478990699260066e-08,8,1
9702,1.3875098403559605e-08,9,1
9703,6.583827261152919e-09,8,1
9704,0.6992135047912598,1,2
9705,8.872883654476027e-07,4,1
9706,3.4721756492217537e-07,3,1
9707,1.5606596548423113e-07,3,1
9708,2.7283162395974614e-08,5,1
9709,3.6736047537289096e-09,6,1
9710,6.11940853545434e-09,6,1
9711,4.297960654042754e-09,6,1
9712,0.9999998807907104,1,2
9713,0.9807865619659424,1,2
9714,0.9999994039535522,1,2
9715,0.00954308919608593,2,1
9716,3.921109836824144e-08,2,1
9717,6.799770346788137e-08,2,1
9718,6.347628556113705e-08,2,1
9719,2.5296507999428286e-08,3,1
9720,0.9999983906745911,1,4
9721,0.9997401237487793,1,4
9722,0.9999990463256836,1,2
9723,0.9998557567596436,1,2
9724,1.5940562647642764e-08,9,1
9725,7.905551768772057e-09,7,1
9726,1.507417835000524e-08,5,1
9727,8.115439875666652e-09,7,1
9728,1.0,1,6
9729,1.0,1,6
9730,1.0,1,6
9731,1.0,1,6
9732,1.496398311928715e-07,7,1
9733,6.520431838907825e-08,7,1
9734,1.0644380665780773e-07,6,1
9735,1.1305193226007759e-07,4,1
9736,0.9999651908874512,1,2
9737,0.8522672057151794,1,2
9738,0.9969691038131714,1,2
9739,0.7178896069526672,1,2
9740,1.0115018085343763e-06,2,1
9741,1.770713176085792e-08,5,1
9742,6.064115609660803e-08,2,1
9743,9.378481102828573e-09,6,1
9744,0.9999997615814209,1,2
9745,1.0,1,5
9746,0.9998809099197388,1,2
9747,1.0,1,6
9748,6.336825322250661e-07,4,1
9749,1.8494406006652753e-08,6,1
9750,3.785841897752107e-07,4,1
9751,2.7418748160812356e-08,6,1
9752,0.9999996423721313,1,2
9753,1.0,1,4
9754,1.0,1,3
9755,1.0,1,3
9756,0.5221203565597534,1,2
9757,0.0015353229828178883,2,1
9758,0.9998802542686462,1,2
9759,3.334902066853829e-05,2,1
9760,1.0,1,9
9761,1.0,1,8
9762,1.0,1,9
9763,1.0,1,7
9764,4.1213024815078825e-06,3,1
9765,7.462932671842282e-07,3,1
9766,1.484085032643634e-07,4,1
9767,1.8412924518429463e-08,5,1
9768,1.0,1,6
9769,1.0,1,5
9770,1.0,1,6
9771,1.0,1,6
9772,0.0026377441827207804,4,1
9773,9.254289579985198e-06,4,1
9774,1.8394374592389795e-06,4,1
9775,8.528677142294327e-08,3,1
9776,1.0,1,5
9777,1.0,1,6
9778,1.0,1,6
9779,1.0,1,6
9780,5.040293160618603e-08,10,1
9781,8.95895411190395e-08,3,1
9782,2.249969810463881e-08,9,1
9783,3.169899187582814e-08,6,1
9784,1.0,1,4
9785,1.0,1,7
9786,1.0,1,4
9787,1.0,1,6
9788,3.253834179872683e-08,9,1
9789,7.74768125211267e-08,8,1
9790,2.553311340136588e-08,7,1
9791,4.82167763493635e-08,6,1
9792,6.318227292467782e-07,2,1
9793,1.0,1,3
9794,1.0,1,3
9795,1.0,1,4
9796,0.022518184036016464,2,1
9797,3.996681243734201e-06,3,1
9798,4.211834720990737e-07,4,1
9799,4.4322138137431466e-07,3,1
9800,1.0,1,3
9801,1.0,1,4
9802,1.0,1,4
9803,1.0,1,4
9804,3.922576468085026e-07,2,1
9805,9.749604714670568e-07,2,1
9806,4.070631831609717e-09,7,1
9807,2.4591184200062344e-08,3,1
9808,0.9999998807907104,1,4
9809,1.0,1,4
9810,1.0,1,6
9811,1.0,1,5
9812,2.5940020350390114e-05,3,1
9813,3.8815457514829177e-07,3,1
9814,2.17743760799749e-07,4,1
9815,1.721920170894009e-07,3,1
9816,0.07188155502080917,2,1
9817,0.01801810786128044,2,1
9818,0.29042237997055054,2,1
9819,0.9999092221260071,1,2
9820,4.092857489013113e-05,4,1
9821,4.388739034766331e-05,3,1
9822,5.067900474386988e-06,3,1
9823,4.6865247895766515e-06,3,1
9824,1.0,1,5
9825,1.0,1,3
9826,1.0,1,6
9827,1.0,1,5
9828,3.343632215546677e-08,6,1
9829,1.9542414975148859e-07,2,1
9830,1.0429182850657526e-07,2,1
9831,1.9272785323209973e-07,2,1
9832,3.3445205190218985e-05,2,1
9833,5.166386927157873e-07,3,1
9834,2.580396358098369e-05,2,1
9835,0.0001727061899146065,2,1
9836,1.5293670330152054e-08,3,1
9837,5.79151091528729e-08,2,1
9838,6.921766981804467e-08,3,1
9839,1.5424288903886918e-06,2,1
9840,0.6404241323471069,1,2
9841,0.9999988675117493,1,3
9842,0.002056419150903821,2,1
9843,0.9839987754821777,1,2
9844,3.195773103925603e-07,2,1
9845,1.560424749413869e-07,2,1
9846,1.1821664536171284e-08,6,1
9847,2.5766427214080068e-08,4,1
9848,1.0,1,6
9849,1.0,1,5
9850,1.0,1,3
9851,0.9999998807907104,1,3
9852,1.3438794965736633e-08,6,1
9853,7.412132418949113e-08,4,1
9854,1.0256469451519479e-08,6,1
9855,2.338170546067886e-08,4,1
9856,1.0,1,4
9857,1.0,1,4
9858,1.0,1,4
9859,1.0,1,4
9860,8.537450213452757e-08,4,1
9861,8.529133310730685e-08,3,1
9862,1.4223711986005583e-08,8,1
9863,2.7171463301556287e-08,8,1
9864,0.002406784798949957,2,1
9865,1.0,1,7
9866,1.8577098671812564e-05,3,1
9867,1.0,1,5
9868,8.228286674238916e-07,3,1
9869,3.740379952432704e-07,3,1
9870,9.161670533330835e-08,4,1
9871,3.000684856147018e-08,5,1
9872,0.9885596036911011,1,2
9873,1.0,1,5
9874,0.9823468327522278,1,2
9875,1.0,1,5
9876,2.1976448749683186e-07,4,1
9877,1.657837422897046e-08,6,1
9878,1.784176930641479e-07,3,1
9879,1.761587498094741e-08,5,1
9880,0.9999908208847046,1,2
9881,1.0,1,5
9882,0.995017409324646,1,2
9883,1.0,1,5
9884,9.831754965716755e-08,4,1
9885,1.9719362143177932e-08,3,1
9886,1.8991725525552283e-08,7,1
9887,1.954046879859561e-08,3,1
9888,1.2709402881228016e-06,3,1
9889,0.9995601177215576,1,2
9890,2.9447928682202473e-05,2,1
9891,1.0,1,4
9892,1.0556060914268528e-08,8,1
9893,1.2524733250529607e-08,3,1
9894,3.880670007561093e-09,9,1
9895,5.077320786028849e-09,3,1
9896,0.9999996423721313,1,3
9897,0.9999997615814209,1,3
9898,1.0,1,6
9899,1.0,1,6
9900,3.6093490507482784e-07,3,1
9901,1.4143120452558833e-08,4,1
9902,1.9628814129646344e-08,6,1
9903,6.903043026085243e-09,5,1
9904,0.002984265796840191,3,1
9905,0.8896771669387817,1,2
9906,0.023064538836479187,2,1
9907,0.9972068667411804,1,2
9908,0.007383865304291248,2,1
9909,0.029392875730991364,2,1
9910,1.8694823666010052e-05,2,1
9911,0.001008401159197092,2,1
9912,0.0001225937739945948,3,1
9913,0.022231226786971092,2,1
9914,0.09873523563146591,2,1
9915,0.9987590312957764,1,2
9916,0.0003950400569010526,2,1
9917,5.24602182849776e-06,2,1
9918,6.451624017245194e-07,2,1
9919,7.887285136121136e-08,3,1
9920,1.0,1,5
9921,1.0,1,3
9922,1.0,1,5
9923,1.0,1,5
9924,1.2139412142175843e-08,6,1
9925,2.7935922020105863e-08,5,1
9926,7.2054078259498056e-09,8,1
9927,2.4137223775255734e-08,8,1
9928,1.0,1,7
9929,1.0,1,5
9930,1.0,1,6
9931,1.0,1,6
9932,6.004773211998327e-08,3,1
9933,4.0485435448545104e-08,3,1
9934,7.63106822176951e-09,9,1
9935,1.1916200470807325e-08,6,1
9936,0.9999720454216003,1,3
9937,1.0,1,6
9938,0.9999996423721313,1,3
9939,1.0,1,6
9940,1.2499055124237657e-08,7,1
9941,5.483690657115403e-08,7,1
9942,5.524061208461717e-09,6,1
9943,6.583462663911632e-09,7,1
9944,0.009217536076903343,2,1
9945,0.8805577158927917,1,2
9946,0.9999997615814209,1,3
9947,0.9634045362472534,1,2
9948,2.335043291168404e-06,5,1
9949,9.900273880703025e-07,5,1
9950,2.2433662039134106e-08,9,1
9951,9.187711214053706e-08,6,1
9952,1.0,1,2
9953,0.999997079372406,1,2
9954,0.9999998807907104,1,2
9955,0.9999929070472717,1,2
9956,7.066073067107936e-06,3,1
9957,1.2809513805223105e-07,2,1
9958,1.9633645820249512e-08,7,1
9959,2.7834767379886216e-08,7,1
9960,1.0,1,4
9961,1.0,1,9
9962,1.0,1,7
9963,1.0,1,8
9964,2.8382507011315283e-08,8,1
9965,3.5790751695685685e-08,7,1
9966,2.6681467701905603e-08,5,1
9967,1.722218456734481e-08,7,1
9968,0.9999998807907104,1,3
9969,1.0,1,4
9970,1.0,1,5
9971,1.0,1,5
9972,6.516575279391645e-09,7,1
9973,1.3549150690295164e-09,10,1
9974,2.499178286541337e-08,4,1
9975,1.610677924368531e-09,8,1
9976,0.00016848430095706135,2,1
9977,2.1491627194336616e-05,2,1
9978,0.2577154338359833,2,1
9979,0.0001643844007048756,2,1
9980,4.563626987419411e-08,6,1
9981,2.401410981178742e-08,6,1
9982,8.190531808338619e-09,6,1
9983,1.184048414870631e-08,6,1
9984,4.9921745812753215e-06,2,1
9985,3.1333861443272326e-06,3,1
9986,1.0,1,4
9987,0.9999996423721313,1,2
9988,1.4270392512116814e-06,3,1
9989,6.449052847301573e-08,4,1
9990,7.504512922196227e-08,4,1
9991,8.620208546972208e-09,6,1
9992,1.0,1,6
9993,1.0,1,5
9994,1.0,1,6
9995,1.0,1,6
9996,4.571415388454625e-07,5,1
9997,3.370770400579204e-07,6,1
9998,1.2648006197935047e-08,6,1
9999,4.6857721258675156e-08,4,1
10000,1.0,1,8
10001,1.0,1,8
10002,1.0,1,6
10003,1.0,1,6
10004,8.885658075996616e-08,4,1
10005,1.419712845063259e-07,2,1
10006,1.5616507198501495e-08,4,1
10007,6.30455332384372e-08,3,1
10008,0.9999945759773254,1,2
10009,0.9999998807907104,1,3
10010,1.0,1,4
10011,1.0,1,4
10012,9.082315699515675e-08,4,1
10013,1.8721125982779085e-08,8,1
10014,4.195277014673593e-09,9,1
10015,4.6366057659952276e-09,9,1
10016,0.01888705976307392,2,1
10017,0.00011042696132790297,2,1
10018,0.9999982118606567,1,2
10019,4.03517539382392e-08,3,1
10020,4.2506109743101206e-09,9,1
10021,5.843403094729638e-09,5,1
10022,2.964694711948823e-09,8,1
10023,4.1584700127828e-09,4,1
10024,1.0,1,2
10025,1.0,1,5
10026,1.0,1,4
10027,1.0,1,4
10028,0.0002247067168354988,2,1
10029,3.955368033103923e-09,6,1
10030,1.8611073571150882e-08,4,1
10031,3.956627914192268e-09,9,1
10032,1.0,1,6
10033,1.0,1,4
10034,1.0,1,8
10035,1.0,1,5
10036,1.8146797842177875e-08,10,1
10037,4.414377485773002e-08,3,1
10038,1.2303937424462674e-08,8,1
10039,3.6018725779740635e-08,4,1
10040,0.9999998807907104,1,4
10041,1.0,1,6
10042,1.0,1,3
10043,1.0,1,6
10044,1.5737883529709507e-07,6,1
10045,7.646397648386483e-08,5,1
10046,2.0678331935641836e-08,9,1
10047,2.0618152518636634e-08,6,1
10048,0.9990676045417786,1,2
10049,1.0,1,5
10050,0.9999993443489075,1,3
10051,1.0,1,5
10052,6.807621275584097e-07,4,1
10053,5.24725801369641e-05,3,1
10054,1.0921328339463798e-06,4,1
10055,1.3703318472835235e-05,3,1
10056,0.9999972581863403,1,3
10057,1.0,1,5
10058,0.9585544466972351,1,2
10059,0.9999287128448486,1,2
10060,1.0927527682724758e-06,7,1
10061,2.6467237148608547e-06,4,1
10062,5.791413286715397e-07,4,1
10063,1.430225211151992e-06,3,1
10064,1.0,1,9
10065,1.0,1,8
10066,1.0,1,4
10067,1.0,1,6
10068,5.31103296452784e-07,4,1
10069,2.5289187988164485e-07,3,1
10070,1.978164192451004e-07,3,1
10071,9.008491019812936e-08,3,1
10072,0.9998706579208374,1,2
10073,0.9979766607284546,1,2
10074,0.9999998807907104,1,2
10075,0.999997079372406,1,2
10076,1.8868986444431357e-06,5,1
10077,8.643586291157135e-09,7,1
10078,1.2578817099040407e-08,9,1
10079,5.259968016702032e-09,7,1
10080,1.0,1,7
10081,1.0,1,6
10082,1.0,1,4
10083,1.0,1,5
10084,4.4892312871525064e-05,3,1
10085,3.1314018997363746e-05,3,1
10086,2.5616489551794075e-07,4,1
10087,2.3295848450288759e-07,3,1
10088,0.033834803849458694,2,1
10089,0.7695000171661377,1,2
10090,0.525217592716217,1,2
10091,0.10605565458536148,2,1
10092,7.84336771175731e-06,3,1
10093,3.511262889333011e-07,2,1
10094,8.248747462857864e-08,5,1
10095,1.9857425925806638e-08,4,1
10096,1.0,1,4
10097,1.0,1,5
10098,0.9999997615814209,1,2
10099,1.0,1,5
10100,1.1830190160821985e-08,8,1
10101,3.5742182546982804e-08,7,1
10102,1.0059991950583935e-08,9,1
10103,5.169006112026864e-09,9,1
10104,1.0,1,5
10105,1.0,1,6
10106,1.0,1,4
10107,1.0,1,6
10108,1.2005508809309617e-09,12,1
10109,2.7296840343637996e-09,7,1
10110,5.292561389147465e-10,12,1
10111,1.5370046346774302e-09,7,1
10112,0.00015133083797991276,3,1
10113,2.143618985428475e-06,4,1
10114,0.2661038637161255,2,1
10115,7.868601096561179e-05,3,1
10116,1.892003353987093e-08,9,1
10117,1.8386851152740746e-08,6,1
10118,1.4198178632796044e-08,5,1
10119,3.372500145815138e-08,4,1
10120,0.9987819194793701,1,4
10121,1.0,1,9
10122,0.999998927116394,1,3
10123,1.0,1,7
10124,7.838021787165417e-08,4,1
10125,2.4664143438712927e-07,4,1
10126,2.267391430166299e-08,7,1
10127,3.158197259267581e-08,5,1
10128,0.9999971389770508,1,3
10129,1.0,1,6
10130,1.0,1,6
10131,1.0,1,6
10132,4.613633475258894e-09,7,1
10133,4.102910899916878e-09,8,1
10134,4.139240949996292e-09,7,1
10135,3.000402815089842e-09,8,1
10136,0.9994931221008301,1,2
10137,0.9988127946853638,1,2
10138,1.0,1,5
10139,1.0,1,6
10140,1.5793396812568972e-07,4,1
10141,4.078684057162718e-09,6,1
10142,3.3215739048131354e-09,8,1
10143,2.262249720885734e-09,7,1
10144,0.026304597035050392,2,1
10145,0.00020808575209230185,2,1
10146,0.02501978725194931,2,1
10147,0.0005051023326814175,2,1
10148,1.817773132017919e-08,6,1
10149,1.4797909564379097e-08,3,1
10150,7.065894536140149e-09,7,1
10151,5.27084509371889e-09,4,1
10152,0.9999999403953552,1,5
10153,0.9999998807907104,1,4
10154,1.0,1,6
10155,0.9999691843986511,1,2
10156,3.4961399819621874e-07,4,1
10157,2.5887817400871427e-07,2,1
10158,4.212333948316882e-08,4,1
10159,6.9694728210834e-08,2,1
10160,0.9999987483024597,1,2
10161,1.0,1,5
10162,1.0,1,5
10163,1.0,1,5
10164,1.2244503011515917e-07,4,1
10165,1.1106510555691784e-07,3,1
10166,4.590171354124095e-09,7,1
10167,1.7985909650519716e-08,4,1
10168,1.0,1,2
10169,0.9997302293777466,1,2
10170,1.0,1,6
10171,1.0,1,6
10172,9.963359843823127e-06,4,1
10173,9.271410306155303e-09,7,1
10174,0.036420732736587524,2,1
10175,0.0016671328339725733,2,1
10176,2.69121301244013e-07,4,1
10177,2.1105879568494856e-05,2,1
10178,0.012308523058891296,2,1
10179,1.6153663864315604e-06,2,1
10180,2.8521049898699857e-05,3,1
10181,2.161098200303968e-05,3,1
10182,1.110011680793832e-06,3,1
10183,1.6099826325444155e-06,3,1
10184,1.0,1,3
10185,1.0,1,4
10186,0.9999998807907104,1,2
10187,0.9999997615814209,1,2
10188,3.2416522799394443e-07,4,1
10189,1.8079859387398756e-07,3,1
10190,3.633461886920486e-08,4,1
10191,6.94945825330251e-08,3,1
10192,0.8437085747718811,1,2
10193,1.0,1,3
10194,1.0,1,2
10195,0.9999998807907104,1,2
10196,2.3725253583961603e-07,3,1
10197,1.9786411940003745e-06,3,1
10198,3.4915476732066963e-08,5,1
10199,3.3099961882498974e-08,6,1
10200,0.00017083319835364819,2,1
10201,0.9341579079627991,1,2
10202,0.9999997615814209,1,2
10203,0.9999995231628418,1,2
10204,1.0632045643887977e-07,5,1
10205,8.009492091787251e-08,3,1
10206,3.5223706618126016e-08,7,1
10207,3.431121342600818e-08,3,1
10208,0.9953773617744446,1,2
10209,0.7514721751213074,1,2
10210,0.9999945163726807,1,2
10211,0.9840140342712402,1,2
10212,3.8302931670841645e-07,3,1
10213,4.1982889342762064e-07,2,1
10214,2.041311297773518e-08,3,1
10215,4.0210544227647915e-08,2,1
10216,0.9999986886978149,1,2
10217,6.190928214522273e-09,4,1
10218,0.999998927116394,1,2
10219,2.6490042159821314e-08,2,1
10220,6.691056455565558e-07,3,1
10221,3.6072776765649905e-07,2,1
10222,5.930222357619641e-08,2,1
10223,1.6507263467246958e-07,2,1
10224,1.0,1,4
10225,1.0,1,5
10226,1.0,1,2
10227,1.0,1,5
10228,8.824248709515814e-08,2,1
10229,4.28401705221404e-08,3,1
10230,3.515296143064006e-08,4,1
10231,2.62521329119636e-08,4,1
10232,1.0,1,6
10233,1.0,1,6
10234,1.0,1,6
10235,1.0,1,6
10236,1.1896510443420993e-08,7,1
10237,1.1136372712883258e-08,6,1
10238,4.509381312800542e-09,7,1
10239,5.498832056360925e-09,6,1
10240,0.0003362875431776047,2,1
10241,0.9999929666519165,1,2
10242,0.999777615070343,1,2
10243,0.9999998807907104,1,2
10244,2.0123470676480792e-06,4,1
10245,1.083462848328054e-07,2,1
10246,2.1361605817560303e-08,7,1
10247,4.470402004130847e-08,2,1
10248,1.0,1,9
10249,1.0,1,10
10250,1.0,1,4
10251,1.0,1,7
10252,0.10346096009016037,2,1
10253,3.2292767571107106e-08,4,1
10254,0.10109958052635193,2,1
10255,1.0779180570352764e-07,4,1
10256,1.0,1,4
10257,1.0,1,6
10258,1.0,1,4
10259,1.0,1,6
10260,7.889463304877609e-09,8,1
10261,5.242600575883216e-09,6,1
10262,6.257170337420348e-09,8,1
10263,3.4662115400152516e-09,5,1
10264,0.9999984502792358,1,2
10265,0.9617056846618652,1,2
10266,0.9999998807907104,1,2
10267,0.9998080730438232,1,2
10268,3.140808757962077e-06,3,1
10269,1.5025732125195645e-07,3,1
10270,8.909655946354178e-08,4,1
10271,2.3016308858814227e-08,5,1
10272,0.9999927878379822,1,2
10273,1.3433538015306112e-06,2,1
10274,0.9999998807907104,1,2
10275,5.637414869852364e-05,2,1
10276,1.594506784385885e-07,4,1
10277,1.3228812179022498e-07,4,1
10278,1.1794118570662704e-08,4,1
10279,7.589640027561018e-09,4,1
10280,1.9143224783135793e-09,6,1
10281,7.983081973250705e-10,8,1
10282,1.47738523637031e-08,4,1
10283,8.746954827110187e-10,8,1
10284,9.723275979922619e-07,4,1
10285,1.695236662158095e-08,6,1
10286,6.279686459720324e-08,4,1
10287,3.174866947119881e-08,6,1
10288,0.9999994039535522,1,2
10289,0.9579625725746155,1,2
10290,1.0,1,4
10291,1.0,1,5
10292,1.0016415252778188e-08,6,1
10293,9.102029352447971e-09,3,1
10294,2.474058957702141e-09,8,1
10295,4.53794024579679e-09,5,1
10296,1.0,1,3
10297,1.0,1,5
10298,1.0,1,3
10299,1.0,1,5
10300,8.992589783929361e-09,6,1
10301,9.545469303873233e-09,5,1
10302,5.449373396970714e-09,6,1
10303,8.518267868851126e-09,5,1
10304,1.0,1,5
10305,1.0,1,5
10306,0.9989672303199768,1,2
10307,1.0,1,4
10308,0.02209973894059658,3,1
10309,1.2105215319024865e-06,3,1
10310,1.03473962553835e-06,3,1
10311,3.0582359045183694e-07,3,1
10312,1.0,1,5
10313,1.0,1,5
10314,1.0,1,3
10315,1.0,1,5
10316,2.2861479465063894e-07,5,1
10317,2.1304193964510887e-08,4,1
10318,4.425511956895889e-09,6,1
10319,4.716606216703667e-09,5,1
10320,1.0,1,7
10321,1.0,1,7
10322,1.0,1,6
10323,1.0,1,6
10324,2.892205657190061e-06,3,1
10325,9.084671859227456e-08,4,1
10326,5.314793227739756e-08,4,1
10327,9.36089694647535e-09,6,1
10328,1.0,1,5
10329,1.0,1,5
10330,1.0,1,4
10331,1.0,1,5
10332,0.0013062522048130631,2,1
10333,6.87636638758704e-05,2,1
10334,2.0328802463609463e-07,2,1
10335,1.5748017858641106e-06,2,1
10336,0.9999991655349731,1,2
10337,1.0,1,5
10338,0.9999998807907104,1,2
10339,1.0,1,4
10340,5.6213821153505705e-08,2,1
10341,4.052502390550217e-06,2,1
10342,2.221183414974348e-08,2,1
10343,7.696402462897822e-06,2,1
10344,1.9579363652155735e-05,2,1
10345,0.003017316572368145,2,1
10346,0.00034308014437556267,2,1
10347,0.999790608882904,1,2
10348,9.391186904394999e-05,2,1
10349,2.558556744247653e-08,4,1
10350,1.1532191024343774e-07,2,1
10351,2.1024449736728457e-08,4,1
10352,0.00014287393423728645,2,1
10353,1.0,1,3
10354,0.22894814610481262,2,1
10355,1.0,1,3
10356,2.2905423335828345e-08,8,1
10357,1.9708757292846713e-08,5,1
10358,6.883346781449973e-09,5,1
10359,1.6999872798351134e-07,2,1
10360,1.0,1,7
10361,1.0,1,5
10362,1.0,1,6
10363,1.0,1,5
10364,2.432148903608322e-06,2,1
10365,3.213375521227135e-08,2,1
10366,1.4718865237739465e-08,4,1
10367,5.642543854378346e-08,2,1
10368,0.9999998807907104,1,4
10369,1.0,1,4
10370,1.0,1,5
10371,1.0,1,6
10372,7.025945251371013e-06,3,1
10373,1.1308880232263618e-07,2,1
10374,9.712042015053157e-08,2,1
10375,2.7438002092594616e-08,3,1
10376,0.9974955916404724,1,2
10377,0.9999878406524658,1,2
10378,1.0,1,5
10379,1.0,1,5
10380,3.14947463664339e-08,5,1
10381,6.965469534492286e-09,8,1
10382,3.2302871488809615e-08,4,1
10383,6.289621268251722e-09,7,1
10384,0.7526969909667969,1,2
10385,0.32691490650177,2,1
10386,0.999997615814209,1,2
10387,0.0010566354030743241,2,1
10388,6.697262620036781e-07,4,1
10389,1.5125195318432816e-07,4,1
10390,6.077792136238713e-08,4,1
10391,2.6545071918349095e-08,4,1
10392,1.0,1,4
10393,1.0,1,3
10394,1.0,1,3
10395,0.9999997615814209,1,2
10396,3.078978579651448e-06,4,1
10397,9.851786444414756e-07,4,1
10398,3.1860665217209316e-07,5,1
10399,1.5939203024117887e-07,4,1
10400,1.0,1,6
10401,1.0,1,6
10402,1.0,1,5
10403,1.0,1,6
10404,3.061269637782971e-08,9,1
10405,2.4942313103792912e-08,8,1
10406,1.644663072397634e-08,8,1
10407,1.2444012043033581e-08,7,1
10408,1.0,1,7
10409,1.0,1,8
10410,1.0,1,4
10411,1.0,1,5
10412,1.4667770301457494e-05,4,1
10413,6.711468358844286e-07,2,1
10414,4.558451394132135e-08,6,1
10415,1.2282772843263956e-07,3,1
10416,0.9998839497566223,1,2
10417,0.9999998807907104,1,2
10418,0.9999428391456604,1,2
10419,0.9999915361404419,1,2
10420,2.4060293071670458e-05,4,1
10421,6.795378340029856e-07,3,1
10422,1.0075243750407026e-07,3,1
10423,9.005621848245937e-08,3,1
10424,0.9936010241508484,1,2
10425,1.0,1,4
10426,0.9887722730636597,1,2
10427,1.0,1,5
10428,4.4870941451335966e-07,2,1
10429,3.790661082803126e-07,2,1
10430,5.217097154286421e-08,2,1
10431,2.2645515684871498e-08,2,1
10432,1.0,1,3
10433,1.0,1,6
10434,1.0,1,3
10435,1.0,1,5
10436,9.237792824023927e-07,4,1
10437,2.467562580932281e-07,4,1
10438,1.474997635142472e-08,5,1
10439,8.303408627341469e-09,6,1
10440,1.0,1,6
10441,1.0,1,6
10442,1.0,1,3
10443,1.0,1,5
10444,1.3976969626128266e-07,2,1
10445,1.366098274502292e-07,2,1
10446,3.139333415447254e-08,3,1
10447,1.5925162699659268e-07,2,1
10448,1.0,1,5
10449,1.0,1,5
10450,1.0,1,3
10451,1.0,1,5
10452,5.64105494049727e-06,4,1
10453,8.220584959417465e-07,3,1
10454,1.087141328071084e-07,4,1
10455,3.8011600622667174e-07,3,1
10456,1.0,1,5
10457,1.0,1,6
10458,1.0,1,2
10459,1.0,1,2
10460,3.341598926454026e-07,3,1
10461,3.742463547951047e-07,3,1
10462,5.3609632288953435e-08,2,1
10463,9.529628641757881e-08,3,1
10464,0.9999998807907104,1,2
10465,1.0,1,2
10466,0.9999996423721313,1,2
10467,0.9999975562095642,1,2
10468,4.643003759241537e-09,7,1
10469,5.677507797230419e-09,6,1
10470,5.3631699081790885e-09,6,1
10471,3.242117907475972e-09,6,1
10472,1.4682021820533464e-08,2,1
10473,0.0405159629881382,2,1
10474,3.6855918317257874e-09,5,1
10475,1.6712256183382124e-05,2,1
10476,6.409162267573265e-08,2,1
10477,1.2175099151079394e-08,4,1
10478,1.7560656928594653e-08,7,1
10479,2.9385001099058172e-09,8,1
10480,1.0,1,5
10481,0.9999997615814209,1,2
10482,1.0,1,5
10483,0.9999997615814209,1,2
10484,2.9446277949318755e-06,2,1
10485,4.23017532114045e-08,4,1
10486,5.1969159642339946e-08,5,1
10487,1.0961817231702753e-08,6,1
10488,0.9999985694885254,1,2
10489,0.999998927116394,1,2
10490,0.9999995231628418,1,2
10491,1.0,1,3
10492,8.890356548363343e-05,3,1
10493,0.018332187086343765,2,1
10494,0.006776907946914434,2,1
10495,0.9175933003425598,1,2
10496,0.837722659111023,1,2
10497,1.3696609357793932e-06,4,1
10498,0.9918347597122192,1,2
10499,1.264560012259608e-07,4,1
10500,1.2949014660534885e-07,3,1
10501,3.3030207902129405e-08,4,1
10502,4.218433158342805e-09,6,1
10503,8.123368644419315e-09,7,1
10504,1.0,1,9
10505,1.0,1,7
10506,1.0,1,4
10507,1.0,1,3
10508,1.5326793345593615e-07,3,1
10509,1.6107925659980538e-08,5,1
10510,6.635236360352792e-09,5,1
10511,4.501913064558494e-09,6,1
10512,0.9999998807907104,1,3
10513,0.9999909400939941,1,2
10514,1.0,1,4
10515,0.9999996423721313,1,3
10516,0.7096970677375793,1,2
10517,0.9944758415222168,1,2
10518,0.008854047395288944,2,1
10519,9.881639925879426e-06,2,1
10520,0.9999997615814209,1,4
10521,0.9999911785125732,1,2
10522,1.0,1,6
10523,1.0,1,5
10524,7.778122323998105e-08,2,1
10525,3.3929328679960236e-08,3,1
10526,1.9195811162830978e-08,3,1
10527,1.486549106033408e-08,3,1
10528,0.9978572130203247,1,2
10529,0.006225049030035734,2,1
10530,0.0002025930880336091,2,1
10531,0.06859377026557922,2,1
10532,3.485698840677287e-08,3,1
10533,1.1470390859358304e-08,4,1
10534,6.841645472377422e-09,9,1
10535,6.344164305005506e-09,5,1
10536,0.9999147653579712,1,2
10537,0.9980905652046204,1,2
10538,0.9311797022819519,1,2
10539,0.9364913105964661,1,2
10540,5.250558956504392e-07,2,1
10541,2.3712260599495494e-07,2,1
10542,3.381484603437457e-08,2,1
10543,5.257332986730034e-07,2,1
10544,1.0,1,4
10545,1.0,1,5
10546,1.0,1,2
10547,1.0,1,5
10548,1.3456520946419914e-06,4,1
10549,1.37029729785354e-07,3,1
10550,1.343377959983627e-07,3,1
10551,3.441943263737812e-08,5,1
10552,1.0,1,6
10553,0.9999667406082153,1,2
10554,1.0,1,3
10555,0.999993085861206,1,2
10556,7.49971960090079e-08,6,1
10557,9.967233154384303e-07,3,1
10558,9.94909186147197e-08,4,1
10559,1.8194494089129876e-07,2,1
10560,0.9937417507171631,1,2
10561,0.9962270259857178,1,2
10562,0.9999988079071045,1,2
10563,0.9999942183494568,1,2
10564,1.5661824193102802e-07,2,1
10565,5.884262463951018e-07,2,1
10566,2.1081028478420194e-08,4,1
10567,2.2586904435684119e-07,2,1
10568,1.0,1,5
10569,0.9999690055847168,1,2
10570,0.3708277642726898,2,1
10571,0.9921911954879761,1,2
10572,2.021153377995688e-08,3,1
10573,6.876523794829836e-09,5,1
10574,5.376597389528115e-09,4,1
10575,3.6136582615142743e-09,7,1
10576,1.0,1,3
10577,0.9999972581863403,1,2
10578,0.9999998807907104,1,2
10579,0.9999990463256836,1,2
10580,1.9685437280259066e-07,2,1
10581,4.204178765121469e-07,2,1
10582,9.30179240299367e-08,2,1
10583,4.126079744537492e-08,2,1
10584,1.0,1,2
10585,0.7116791009902954,1,2
10586,1.0,1,4
10587,0.19641102850437164,2,1
10588,1.1342017103288526e-07,2,1
10589,2.153126297343988e-05,2,1
10590,1.9802779149813432e-07,2,1
10591,2.343504093005322e-05,2,1
10592,1.0,1,4
10593,0.4951411783695221,2,1
10594,1.0,1,2
10595,0.40737298130989075,2,1
10596,1.1742330441322224e-09,4,1
10597,1.2724371778460863e-08,4,1
10598,7.3994166349677926e-09,2,1
10599,1.843886536789796e-07,3,1
10600,1.0,1,8
10601,1.0,1,5
10602,1.0,1,3
10603,1.0,1,3
10604,6.426346566001939e-09,9,1
10605,2.43186484283342e-08,7,1
10606,1.786118697388872e-09,8,1
10607,6.0525358058782786e-09,8,1
10608,0.9999992251396179,1,3
10609,1.0,1,7
10610,0.9999999403953552,1,3
10611,1.0,1,6
10612,0.9999986886978149,1,2
10613,8.01660959837136e-09,4,1
10614,0.8580745458602905,1,2
10615,4.250772622782506e-09,6,1
10616,0.009023021906614304,3,2
10617,2.0489142116275616e-05,3,1
10618,2.2363008611137047e-05,3,1
10619,6.90670560743456e-07,2,1
10620,9.093267294701946e-07,4,1
10621,1.721797993070595e-08,5,1
10622,1.3219651151530343e-08,6,1
10623,6.8696279775792846e-09,5,1
10624,0.9999883770942688,1,2
10625,0.9961370229721069,1,2
10626,0.9998279809951782,1,2
10627,0.5303258299827576,1,2
10628,4.6057408553679124e-07,2,1
10629,0.8514676094055176,1,2
10630,2.641376681822294e-07,2,1
10631,0.630936324596405,1,2
10632,4.599314706865698e-08,2,1
10633,0.00025524068041704595,2,1
10634,1.3843613366759655e-08,3,1
10635,0.00014540944539476186,2,1
10636,3.6103671163800755e-08,4,1
10637,1.311702959583272e-07,2,1
10638,1.6175196293488625e-08,4,1
10639,1.6126683988204604e-07,2,1
10640,7.274783274624497e-05,2,1
10641,2.781836201393162e-06,3,1
10642,6.424966613849392e-06,2,1
10643,2.451742773246224e-07,3,1
10644,4.1367410830162044e-08,3,1
10645,5.037974659671818e-08,2,1
10646,8.59458104685018e-09,6,1
10647,1.876491495522714e-08,3,1
10648,0.9999999403953552,1,5
10649,1.0,1,8
10650,1.0,1,6
10651,1.0,1,8
10652,1.3847767377228593e-07,4,1
10653,6.907009719725465e-08,3,1
10654,1.2389967274373248e-08,8,1
10655,1.7074640368264227e-08,4,1
10656,0.9999996423721313,1,3
10657,0.994240939617157,1,2
10658,1.0,1,4
10659,0.9999895691871643,1,2
10660,8.094338532771417e-09,7,1
10661,5.745605324847247e-09,3,1
10662,2.517438479898715e-09,9,1
10663,2.52311038728692e-09,6,1
10664,0.9999801516532898,1,4
10665,0.9999825358390808,1,4
10666,0.9999995827674866,1,4
10667,0.9999997019767761,1,6
10668,3.769348566606823e-08,9,1
10669,2.556454603563907e-08,8,1
10670,1.0172986009138185e-08,9,1
10671,1.3126085107728613e-08,8,1
10672,1.0,1,4
10673,1.0,1,5
10674,1.0,1,4
10675,1.0,1,5
10676,4.96130425631236e-09,9,1
10677,3.241326984593229e-09,9,1
10678,1.5029301136948447e-09,9,1
10679,1.0463144795025414e-09,8,1
10680,0.9766862392425537,1,2
10681,1.0,1,4
10682,0.708123505115509,1,2
10683,1.0,1,5
10684,1.8042166516352154e-07,4,1
10685,5.765236892329995e-07,2,1
10686,5.177979289783252e-08,3,1
10687,7.531686918582636e-08,2,1
10688,1.0,1,2
10689,1.0,1,4
10690,1.0,1,4
10691,1.0,1,5
10692,7.847112293291048e-09,9,1
10693,2.2701264867919235e-08,3,1
10694,1.5268947217705886e-09,8,1
10695,3.6481535570231927e-09,6,1
10696,0.9919897317886353,1,4
10697,9.025205258694768e-07,5,1
10698,0.9999998807907104,1,4
10699,8.109498139674542e-07,4,1
10700,9.438332995159726e-07,4,1
10701,1.1802510471170535e-06,3,1
10702,7.594957196488394e-07,2,1
10703,2.7825424808725074e-07,2,1
10704,1.0,1,8
10705,1.0,1,10
10706,1.0,1,6
10707,1.0,1,8
10708,2.3934805248870816e-09,6,1
10709,9.86659909330001e-09,5,1
10710,1.0007376038956295e-09,9,1
10711,1.185098352785019e-09,9,1
10712,1.652297578402795e-05,2,1
10713,0.9649869799613953,1,2
10714,0.0002861417015083134,2,1
10715,0.0007717537810094655,2,1
10716,3.575090801177794e-08,8,1
10717,1.7630600268603303e-07,4,1
10718,3.007587956460611e-09,9,1
10719,4.087203020475272e-09,8,1
10720,1.0,1,5
10721,1.0,1,6
10722,1.0,1,6
10723,1.0,1,6
10724,4.0326913364197026e-08,5,1
10725,3.7118304874184105e-08,3,1
10726,9.113373167224381e-09,7,1
10727,1.1247804465597255e-08,4,1
10728,0.9623666405677795,1,2
10729,0.9958736300468445,1,2
10730,0.9999996423721313,1,2
10731,0.9999974370002747,1,2
10732,9.353185781435513e-09,8,1
10733,7.096364385006382e-09,8,1
10734,4.086337934694484e-09,10,1
10735,4.2889847229332645e-09,8,1
10736,1.0,1,8
10737,1.0,1,6
10738,1.0,1,5
10739,1.0,1,3
10740,6.60711691580218e-07,4,1
10741,8.278832730468366e-09,5,1
10742,2.144816058091692e-08,4,1
10743,4.60440308103216e-09,6,1
10744,0.07750211656093597,2,1
10745,0.9999997615814209,1,2
10746,0.999902069568634,1,2
10747,0.9999998807907104,1,2
10748,5.958461279931271e-09,7,1
10749,6.554069731379286e-09,6,1
10750,5.8669118452314706e-09,7,1
10751,1.2424659523446735e-08,4,1
10752,1.0,1,6
10753,1.0,1,6
10754,1.0,1,6
10755,1.0,1,3
10756,2.273445254274975e-08,4,1
10757,1.0270468031592372e-08,8,1
10758,1.3587537317505394e-08,3,1
10759,3.0193245681431335e-09,6,1
10760,0.9999811053276062,1,2
10761,0.998274564743042,1,2
10762,1.0,1,3
10763,0.9999073147773743,1,2
10764,4.257160668430515e-08,4,1
10765,4.257670216389897e-09,5,1
10766,7.529862244837204e-08,3,1
10767,2.4872077730719866e-09,5,1
10768,0.00016991046140901744,2,1
10769,1.2664006590057397e-06,2,1
10770,7.926560647320002e-05,2,1
10771,4.291199275030522e-06,2,1
10772,2.919396990819223e-07,4,1
10773,1.1532386601231792e-08,8,1
10774,8.08970845866952e-09,8,1
10775,3.199985609825262e-09,9,1
10776,1.0,1,6
10777,1.0,1,8
10778,1.0,1,5
10779,1.0,1,5
10780,2.8996991474627976e-09,9,1
10781,7.251480527159515e-10,8,1
10782,1.0047023213388684e-09,8,1
10783,3.541498483361494e-10,9,1
10784,4.845604780712165e-05,4,1
10785,0.0017497570952400565,3,1
10786,0.0013350447406992316,2,1
10787,0.0021904234308749437,2,1
10788,3.3037522939594055e-07,4,1
10789,1.927355341990733e-08,7,1
10790,2.1650876647072437e-08,7,1
10791,4.042931767145319e-09,9,1
10792,0.008894781582057476,2,1
10793,0.005775060970336199,2,1
10794,0.08484840393066406,2,1
10795,0.99929279088974,1,2
10796,9.613218665549539e-09,5,1
10797,1.5036993872286075e-08,6,1
10798,7.535707169381567e-09,8,1
10799,8.515215199622617e-09,6,1
10800,1.0,1,5
10801,1.0,1,5
10802,1.0,1,3
10803,1.0,1,6
10804,2.7073374653241444e-08,4,1
10805,9.643978948759013e-09,4,1
10806,1.2078834288331564e-07,4,1
10807,1.3549545485602721e-08,4,1
10808,0.18533244729042053,3,2
10809,0.096697136759758,3,2
10810,9.810314804781228e-05,3,1
10811,5.539306130231125e-06,3,1
10812,3.17257217830047e-06,3,1
10813,2.363447038078448e-06,3,1
10814,1.2717997321942676e-07,3,1
10815,7.07548565515026e-07,2,1
10816,0.9999996423721313,1,2
10817,1.0,1,6
10818,1.0,1,4
10819,1.0,1,6
10820,4.2994736304535763e-07,4,1
10821,2.501431708878954e-06,3,1
10822,1.9081632274264848e-08,9,1
10823,4.759517935326585e-08,5,1
10824,1.0,1,3
10825,1.0,1,4
10826,0.9999998807907104,1,2
10827,1.0,1,4
10828,7.782030024827691e-07,3,1
10829,9.535416438666289e-07,3,1
10830,7.515275513014785e-08,8,1
10831,1.124676458630347e-07,3,1
10832,1.0,1,2
10833,1.0,1,4
10834,1.0,1,4
10835,1.0,1,5
10836,3.9031758092278324e-07,5,1
10837,1.8226596409931517e-07,3,1
10838,7.923823375222128e-08,8,1
10839,7.965859794012431e-08,5,1
10840,1.0,1,6
10841,1.0,1,6
10842,1.0,1,6
10843,1.0,1,6
10844,1.6856498632478178e-06,3,1
10845,9.922613344315323e-07,3,1
10846,6.060602686375205e-07,3,1
10847,1.7277534425375052e-07,3,1
10848,1.0,1,3
10849,0.9999991655349731,1,3
10850,1.0,1,3
10851,1.0,1,3
10852,3.022126065843622e-06,4,1
10853,3.1021670565678505e-08,4,1
10854,6.377090855380629e-09,8,1
10855,1.6173028472010742e-09,7,1
10856,7.99512563389726e-05,2,1
10857,0.9988184571266174,1,2
10858,0.9999950528144836,1,2
10859,1.0,1,3
10860,4.3911001057495014e-08,4,1
10861,2.6070498648778084e-08,3,1
10862,7.451007033587587e-10,9,1
10863,8.119572569853517e-09,3,1
10864,1.0,1,4
10865,0.9999998807907104,1,3
10866,1.0,1,4
10867,0.9999970197677612,1,2
10868,1.889037593016951e-09,5,1
10869,3.493799027864952e-08,2,1
10870,2.5153743532513317e-09,8,1
10871,4.4381662789305665e-09,3,1
10872,1.0,1,3
10873,1.0,1,5
10874,1.0,1,2
10875,1.0,1,4
10876,6.266082408501461e-08,3,1
10877,4.821750394512492e-07,4,1
10878,7.060962925464764e-09,5,1
10879,6.797874263497761e-09,5,1
10880,0.9999949336051941,1,2
10881,0.9999998807907104,1,3
10882,0.9999998807907104,1,2
10883,0.9999998807907104,1,2
10884,1.3451732172597985e-07,7,1
10885,7.123328060743006e-08,7,1
10886,5.1099011244559733e-08,9,1
10887,1.4075842713623388e-08,8,1
10888,0.9995411038398743,1,2
10889,1.0,1,4
10890,0.9999996423721313,1,2
10891,1.0,1,2
10892,1.2544225569399714e-07,3,1
10893,1.5246168771909652e-08,5,1
10894,2.4324910086193086e-08,3,1
10895,1.9821438712597228e-08,2,1
10896,0.9999911785125732,1,2
10897,1.0,1,5
10898,0.9995718598365784,1,2
10899,1.0,1,5
10900,4.346448349679122e-06,3,1
10901,3.4074216159751813e-07,2,1
10902,3.531984305027436e-08,5,1
10903,1.252069736779049e-08,3,1
10904,1.0,1,6
10905,1.0,1,6
10906,1.0,1,5
10907,1.0,1,6
10908,1.274643892656968e-07,4,1
10909,3.064967657451234e-08,8,1
10910,1.5423184507312726e-08,9,1
10911,9.240693543688394e-09,9,1
10912,1.0,1,5
10913,1.0,1,6
10914,1.0,1,4
10915,1.0,1,2
10916,1.1327656466164626e-06,3,1
10917,5.413572807810851e-07,2,1
10918,4.942700684296142e-07,4,1
10919,5.720807507714198e-07,3,1
10920,0.9999394416809082,1,2
10921,1.0,1,6
10922,1.0,1,3
10923,1.0,1,6
10924,0.009401570074260235,3,1
10925,6.5416725192335434e-06,4,1
10926,0.07563278079032898,2,1
10927,3.137533349217847e-05,4,1
10928,3.6875960063298407e-09,7,1
10929,1.954292905281818e-08,5,1
10930,2.778266061653767e-09,9,1
10931,2.2747292049984935e-08,5,1
10932,1.2557002264657058e-06,4,1
10933,1.424603652822043e-07,2,1
10934,4.655693608413003e-09,8,1
10935,2.4191978198473407e-08,4,1
10936,1.0,1,3
10937,1.0,1,4
10938,1.0,1,2
10939,1.0,1,4
10940,9.156792657449841e-09,8,1
10941,9.847160420406453e-09,6,1
10942,3.892033362262737e-09,8,1
10943,5.413796966280415e-09,6,1
10944,0.9999052882194519,1,3
10945,1.0,1,5
10946,1.0,1,4
10947,1.0,1,6
10948,3.410803515180305e-07,6,1
10949,1.7066858148950814e-08,7,1
10950,9.730023009524302e-09,8,1
10951,5.921898971195105e-09,7,1
10952,3.2055705645461785e-08,4,1
10953,4.670048348032196e-09,7,1
10954,1.0,1,3
10955,9.926795883075101e-07,3,1
10956,6.844050517429423e-07,3,1
10957,1.9428654240982723e-07,3,1
10958,2.6428233468323015e-07,3,1
10959,6.951616882133749e-08,4,1
10960,1.0,1,2
10961,1.0,1,6
10962,1.0,1,4
10963,1.0,1,6
10964,9.31202670528819e-10,10,1
10965,1.2197940435498822e-09,7,1
10966,3.478435872672492e-10,11,1
10967,5.030077465661975e-10,8,1
10968,1.0,1,3
10969,1.0,1,5
10970,1.0,1,2
10971,1.0,1,4
10972,1.5143896803238022e-07,3,1
10973,1.8219947151010274e-07,3,1
10974,1.3720958591534327e-08,5,1
10975,6.157577558951743e-09,6,1
10976,1.0,1,4
10977,1.0,1,6
10978,1.0,1,6
10979,1.0,1,6
10980,4.6398105268963263e-07,3,1
10981,7.226303466723039e-08,2,1
10982,3.423263805757415e-08,3,1
10983,2.440842550299749e-08,3,1
10984,1.0,1,4
10985,1.0,1,6
10986,1.0,1,4
10987,1.0,1,6
10988,6.8592056479133134e-09,5,1
10989,3.7441529876502955e-09,5,1
10990,2.562511314252447e-09,7,1
10991,2.483192762525732e-09,5,1
10992,0.9999998807907104,1,3
10993,0.9999273419380188,1,2
10994,0.9999997615814209,1,2
10995,1.0,1,3
10996,4.580553891742056e-08,7,1
10997,1.6421052961845817e-08,4,1
10998,6.088137993742748e-09,8,1
10999,3.901040823706126e-09,4,1
11000,0.9999998807907104,1,3
11001,1.0,1,7
11002,1.0,1,6
11003,1.0,1,5
11004,4.204860033496516e-07,3,1
11005,7.08000840177192e-08,3,1
11006,0.0032934132032096386,2,1
11007,1.9607863066539721e-07,2,1
11008,1.0,1,5
11009,1.0,1,5
11010,1.0,1,5
11011,1.0,1,5
11012,2.2428157535614446e-05,5,1
11013,0.00013713515363633633,3,1
11014,8.379995506402338e-07,5,1
11015,3.7380414141807705e-06,3,1
11016,1.0,1,4
11017,1.0,1,5
11018,1.0,1,4
11019,1.0,1,5
11020,4.5327876563305836e-08,5,1
11021,3.807704374025889e-08,7,1
11022,2.2204719840601683e-08,5,1
11023,2.585805525257001e-08,8,1
11024,0.9999884366989136,1,4
11025,1.0,1,5
11026,0.9999995231628418,1,3
11027,1.0,1,4
11028,4.93470110995986e-07,3,1
11029,3.611097199041069e-08,7,1
11030,1.0220678348105139e-07,4,1
11031,1.619810596764637e-08,7,1
11032,1.0,1,4
11033,1.0,1,5
11034,0.9999998807907104,1,3
11035,1.0,1,4
11036,3.0527448302564153e-07,3,1
11037,2.3745212729409104e-07,3,1
11038,3.720917973737414e-08,5,1
11039,2.5126761116212037e-08,5,1
11040,1.0,1,4
11041,1.0,1,4
11042,0.9999998807907104,1,2
11043,1.0,1,4
11044,4.269856788141624e-07,4,1
11045,1.1375749409126001e-06,4,1
11046,2.0380024068344937e-07,5,1
11047,9.970885912480298e-07,5,1
11048,1.0,1,2
11049,1.0,1,5
11050,1.0,1,2
11051,1.0,1,5
11052,0.00011661693133646622,2,1
11053,2.3170693808083342e-08,4,1
11054,7.634877730033907e-10,10,1
11055,3.0062514699835674e-09,8,1
11056,1.0,1,5
11057,1.0,1,3
11058,1.0,1,3
11059,1.0,1,4
11060,1.3444673641060945e-07,4,1
11061,9.902136888229052e-09,5,1
11062,4.6851741331011e-07,3,1
11063,8.799536210801762e-09,4,1
11064,0.9995930790901184,1,2
11065,0.9999997615814209,1,3
11066,0.9999885559082031,1,2
11067,0.9999998807907104,1,3
11068,1.208164519539423e-07,2,1
11069,0.00021726459090132266,2,1
11070,7.880900739110075e-06,2,1
11071,2.727307091276998e-08,3,1
11072,0.00015414452354889363,3,1
11073,5.7203813241812895e-08,5,1
11074,0.003332308027893305,2,1
11075,1.0646809656122969e-08,3,1
11076,3.0696107877759005e-09,7,1
11077,5.664895663670677e-09,5,1
11078,2.835164991665806e-09,6,1
11079,2.1593331567260066e-09,7,1
11080,0.9999997615814209,1,2
11081,0.9998455047607422,1,2
11082,1.0,1,2
11083,0.9977246522903442,1,2
11084,2.451499312883243e-05,3,1
11085,1.7913232852606598e-07,5,1
11086,3.9521125927421963e-07,4,1
11087,2.4876172233234684e-08,4,1
11088,1.0,1,9
11089,1.0,1,6
11090,1.0,1,4
11091,1.0,1,6
11092,0.012996147386729717,2,1
11093,4.034405876041092e-08,2,1
11094,1.0090190698974766e-05,2,1
11095,1.0558376395408686e-08,3,1
11096,0.003617296926677227,2,1
11097,0.9999964833259583,1,2
11098,0.6272405982017517,1,2
11099,0.9999998807907104,1,2
11100,2.3584966868384072e-08,9,1
11101,8.718293642573371e-09,8,1
11102,1.8825885295115086e-09,10,1
11103,3.771906786909085e-09,8,1
11104,1.0,1,2
11105,0.0002204396150773391,2,1
11106,1.0,1,3
11107,0.9897515177726746,1,2
11108,1.1450979719995757e-08,5,1
11109,4.470348535789981e-09,4,1
11110,7.897156706349051e-09,4,1
11111,1.4343007670447605e-08,2,1
11112,1.0,1,4
11113,1.0,1,8
11114,1.0,1,6
11115,1.0,1,7
11116,5.432273724181869e-07,9,1
11117,1.226704080181662e-05,3,1
11118,3.348617028109402e-08,6,1
11119,3.9400265450240113e-07,4,1
11120,0.9999994039535522,1,2
11121,1.0,1,4
11122,1.0,1,6
11123,1.0,1,6
11124,0.00019387459906283766,3,1
11125,8.153367161867209e-06,3,1
11126,3.737640597023528e-08,4,1
11127,1.3320544667294598e-07,4,1
11128,1.0,1,4
11129,0.9996897578239441,1,2
11130,1.0,1,3
11131,0.9992186427116394,1,2
11132,9.726280580935054e-08,3,1
11133,1.3113078978221893e-07,3,1
11134,8.844903476301624e-09,8,1
11135,2.160096457259897e-08,5,1
11136,1.0,1,4
11137,1.0,1,6
11138,1.0,1,4
11139,1.0,1,6
11140,7.506752996988553e-10,10,1
11141,1.108582226017063e-09,7,1
11142,1.864043502886048e-10,11,1
11143,5.802971436708049e-10,9,1
11144,1.0,1,5
11145,1.0,1,6
11146,1.0,1,4
11147,1.0,1,6
11148,3.3916012398549356e-07,2,1
11149,1.1316083146084566e-06,3,1
11150,1.909386071474728e-08,5,1
11151,1.0939994865566405e-07,4,1
11152,1.0,1,2
11153,1.0,1,6
11154,0.9999234676361084,1,2
11155,1.0,1,5
11156,2.5964897787389418e-08,4,1
11157,9.066629225173983e-09,5,1
11158,3.527437453243465e-09,7,1
11159,2.4013913080267457e-09,7,1
11160,2.0340128685347736e-05,3,1
11161,9.791061529540457e-06,2,1
11162,5.232167677604593e-05,3,1
11163,1.4005627235746942e-07,3,1
11164,2.1457455545714765e-07,3,1
11165,7.519501536989992e-07,3,1
11166,4.671975517567262e-08,4,1
11167,1.5330422797887877e-07,3,1
11168,0.9999822974205017,1,2
11169,0.9983487725257874,1,2
11170,0.9999998807907104,1,3
11171,0.9998680353164673,1,2
11172,2.9592883947771043e-05,4,1
11173,1.6006129953893833e-05,5,1
11174,2.194798071286641e-06,5,1
11175,1.2281251429158146e-06,5,1
11176,1.0,1,5
11177,1.0,1,3
11178,1.0,1,4
11179,0.9999997615814209,1,2
11180,1.7139539565391715e-08,6,1
11181,1.797994109153933e-08,3,1
11182,6.820966902409964e-09,6,1
11183,1.6073611774913843e-08,4,1
11184,0.9999569654464722,1,2
11185,0.9999985098838806,1,2
11186,0.9999992847442627,1,2
11187,0.316496342420578,2,1
11188,5.197520067667938e-07,3,1
11189,8.696061115642806e-08,2,1
11190,1.8969423365433613e-08,4,1
11191,4.461534075517193e-08,2,1
11192,0.9999986290931702,1,3
11193,0.9999998807907104,1,2
11194,1.0,1,5
11195,1.0,1,6
11196,1.1344419448278131e-07,3,1
11197,8.1877104207706e-08,4,1
11198,2.3665490900270925e-08,6,1
11199,2.6603059311014476e-08,7,1
11200,0.21141745150089264,2,1
11201,2.114624294335954e-06,2,1
11202,0.9992330074310303,1,2
11203,0.0010717042023316026,2,1
11204,3.322315089704375e-09,7,1
11205,3.5012621690810874e-09,7,1
11206,2.385058817111485e-09,7,1
11207,3.797106185032817e-09,6,1
11208,1.0,1,6
11209,1.0,1,6
11210,1.0,1,4
11211,1.0,1,6
11212,8.9175948232878e-05,2,1
11213,1.9234644241805654e-06,3,1
11214,1.2876497521574493e-06,2,1
11215,3.624671194302209e-07,3,1
11216,1.0,1,3
11217,1.0,1,5
11218,1.0,1,2
11219,1.0,1,5
11220,2.4417240638285875e-06,3,1
11221,7.401636707982107e-07,5,1
11222,5.1360274255785043e-08,4,1
11223,5.7598626312937995e-08,4,1
11224,0.05156024172902107,2,1
11225,0.0002665691135916859,2,1
11226,0.0006418013363145292,2,1
11227,2.321348119949107e-06,3,1
11228,6.196896720211953e-07,3,1
11229,6.2051621618763875e-09,6,1
11230,2.8108880556487748e-08,3,1
11231,2.534962684208608e-09,7,1
11232,0.9999999403953552,1,4
11233,1.0,1,8
11234,1.0,1,3
11235,1.0,1,5
11236,1.517138770168458e-07,4,1
11237,1.1095262486549018e-08,6,1
11238,1.0299700647919963e-07,4,1
11239,6.392898210805242e-09,7,1
11240,3.0494743441522587e-07,4,1
11241,0.9999988079071045,1,2
11242,1.9677511886584398e-07,2,1
11243,0.9999954104423523,1,2
11244,0.007037633564323187,2,1
11245,4.6837812988087535e-05,2,1
11246,6.9598395384673495e-06,2,1
11247,0.0009157682070508599,2,1
11248,1.0,1,7
11249,1.0,1,7
11250,1.0,1,6
11251,1.0,1,6
11252,3.6967790038033854e-06,3,1
11253,1.495842099075162e-07,2,1
11254,4.84821839563665e-07,3,1
11255,1.2656026626700623e-07,3,1
11256,1.0,1,8
11257,1.0,1,9
11258,1.0,1,7
11259,1.0,1,7
11260,4.860708457954388e-08,4,1
11261,1.494255918998988e-08,8,1
11262,6.309301525675437e-09,6,1
11263,5.592387442021618e-09,7,1
11264,1.0,1,5
11265,1.0,1,10
11266,0.9999999403953552,1,3
11267,1.0,1,6
11268,2.668701348795821e-08,3,1
11269,1.245405556460355e-08,3,1
11270,1.861859999507942e-08,2,1
11271,1.0825575991191272e-08,3,1
11272,0.9994319677352905,1,2
11273,0.0018120110034942627,2,1
11274,0.9999994039535522,1,3
11275,7.771657692501321e-05,2,1
11276,7.876977861087653e-07,4,1
11277,5.897906589780177e-07,4,1
11278,3.3690679401843227e-07,4,1
11279,1.5430778432801162e-07,3,1
11280,1.0,1,3
11281,1.0,1,5
11282,1.0,1,5
11283,1.0,1,6
11284,1.1252513587578505e-07,7,1
11285,7.860359829692243e-08,5,1
11286,1.918179570736811e-08,8,1
11287,6.722910939060966e-08,4,1
11288,1.0,1,7
11289,1.0,1,8
11290,1.0,1,5
11291,1.0,1,7
11292,6.674679298157571e-08,8,1
11293,1.881058011576897e-07,4,1
11294,8.200099266275629e-09,9,1
11295,2.502584450780887e-08,6,1
11296,1.7895662729472406e-09,9,1
11297,2.123807462339755e-06,2,1
11298,4.833192956965604e-09,5,1
11299,1.3723573388801924e-08,3,1
11300,3.6169681152387056e-06,3,1
11301,3.776063124405482e-07,2,1
11302,4.393227825971735e-08,4,1
11303,3.8170409055737764e-08,3,1
11304,1.0,1,5
11305,1.0,1,5
11306,1.0,1,6
11307,1.0,1,5
11308,9.657017017161706e-07,5,1
11309,7.947403446451062e-08,5,1
11310,2.6927642693408416e-07,4,1
11311,3.699391371014826e-08,4,1
11312,1.0,1,6
11313,1.0,1,5
11314,1.0,1,5
11315,1.0,1,5
11316,1.2643353102248511e-06,4,1
11317,4.236635220422613e-07,3,1
11318,2.265093144160346e-07,4,1
11319,5.1837893977335625e-08,4,1
11320,1.9007579794561025e-06,4,1
11321,1.0,1,4
11322,7.699846094055829e-08,4,1
11323,1.0,1,6
11324,1.1570306668318153e-07,4,1
11325,8.476534141266256e-09,3,1
11326,1.3305022861231919e-08,5,1
11327,9.159883518350398e-09,3,1
11328,1.0,1,5
11329,1.0,1,3
11330,1.0,1,5
11331,0.9999998807907104,1,3
11332,6.61714295802085e-07,4,1
11333,2.1335793576326978e-08,9,1
11334,9.556734426041658e-08,4,1
11335,9.468332784479117e-09,8,1
11336,1.0,1,2
11337,0.999103844165802,1,2
11338,1.0,1,3
11339,0.9999638199806213,1,2
11340,1.1339416516875644e-08,6,1
11341,1.2465533494321335e-08,5,1
11342,3.2183176124078727e-09,9,1
11343,5.119759283189751e-09,5,1
11344,1.0,1,8
11345,1.0,1,5
11346,1.0,1,4
11347,1.0,1,5
11348,1.1787873290813877e-06,4,1
11349,1.660192339159039e-07,2,1
11350,3.5276903531666903e-07,3,1
11351,3.45855966088493e-08,2,1
11352,1.0,1,2
11353,1.0,1,4
11354,1.0,1,5
11355,1.0,1,4
11356,7.77951392194609e-09,5,1
11357,2.0169521164348225e-08,4,1
11358,5.4792232972999955e-09,7,1
11359,2.302856039193557e-08,4,1
11360,0.0012312211329117417,2,1
11361,0.0001491026923758909,3,1
11362,0.0003453944227658212,2,1
11363,3.427182036830345e-06,3,1
11364,0.0001500542857684195,3,1
11365,0.04957284405827522,2,1
11366,0.0005486549343913794,3,1
11367,1.4683648259961046e-05,3,1
11368,1.0,1,3
11369,1.0,1,3
11370,1.0,1,3
11371,1.0,1,3
11372,2.6389184171193847e-08,8,1
11373,2.7054122497816024e-08,6,1
11374,1.1780338482481056e-08,6,1
11375,1.2285694239722034e-08,6,1
11376,1.0,1,4
11377,1.0,1,5
11378,1.0,1,5
11379,1.0,1,5
11380,2.5580453666407266e-07,3,1
11381,1.3564466883053683e-08,6,1
11382,1.8217843900103503e-09,10,1
11383,3.2474531952431107e-09,7,1
11384,1.9901694940926973e-06,2,1
11385,1.0,1,2
11386,0.2254772186279297,2,1
11387,0.9999998807907104,1,2
11388,5.180274542659902e-10,7,1
11389,1.5937366981688683e-08,3,1
11390,1.0791925131314883e-09,5,1
11391,1.2195219278865466e-09,7,1
11392,0.00041906663682311773,2,1
11393,0.9999998807907104,1,2
11394,0.8680295348167419,1,2
11395,0.9999997615814209,1,2
11396,9.446972981663748e-09,7,1
11397,2.2253818343642706e-08,4,1
11398,1.5683451204395737e-09,8,1
11399,5.550062631698438e-09,4,1
11400,1.0,1,8
11401,1.0,1,5
11402,1.0,1,7
11403,1.0,1,5
11404,0.0003920182352885604,4,1
11405,8.002719368960243e-06,4,1
11406,2.6599153102324635e-08,6,1
11407,1.0874111211478521e-07,4,1
11408,0.05233084037899971,2,1
11409,0.999900221824646,1,2
11410,0.05297646299004555,2,1
11411,0.9999998807907104,1,2
11412,1.390813775259403e-08,3,1
11413,3.5819003318948717e-09,6,1
11414,2.265626353192829e-09,6,1
11415,1.4442135487513497e-08,3,1
11416,1.0,1,8
11417,1.0,1,5
11418,1.0,1,7
11419,1.0,1,5
11420,8.345839887624606e-06,4,1
11421,1.1039996472561597e-08,4,1
11422,2.3399879864882678e-06,3,1
11423,3.402264781016129e-08,2,1
11424,0.9999998807907104,1,2
11425,0.9999998807907104,1,3
11426,1.0,1,4
11427,1.0,1,4
11428,4.956075281370431e-05,3,1
11429,8.735759138289723e-07,2,1
11430,5.4277794703239124e-08,3,1
11431,1.0980801334881107e-07,2,1
11432,1.0,1,5
11433,1.0,1,4
11434,1.0,1,6
11435,1.0,1,5
11436,7.975921079150794e-08,2,1
11437,1.3053258030026882e-08,4,1
11438,7.0780878935750025e-09,4,1
11439,5.581294093559563e-09,6,1
11440,5.31954853499883e-08,2,1
11441,1.0,1,2
11442,0.9989205598831177,1,2
11443,1.0,1,2
11444,9.564002034778696e-09,8,1
11445,1.094541612900457e-08,5,1
11446,1.7180450839759942e-08,3,1
11447,1.029541518704491e-08,5,1
11448,0.9999998807907104,1,2
11449,1.0,1,2
11450,0.9999998807907104,1,2
11451,1.0,1,2
11452,3.065433240578841e-09,5,1
11453,5.917202283711731e-09,8,1
11454,2.856061165346091e-09,6,1
11455,3.666254855261286e-09,6,1
11456,2.2937392714084126e-06,2,1
11457,5.950324975856347e-06,2,1
11458,0.31904762983322144,2,1
11459,4.541397720458917e-05,2,1
11460,9.564002034778696e-09,8,1
11461,1.094541612900457e-08,5,1
11462,1.7180450839759942e-08,3,1
11463,1.029541518704491e-08,5,1
11464,1.0,1,12
11465,1.0,1,5
11466,1.0,1,4
11467,1.0,1,5
11468,4.882306825493288e-07,6,1
11469,8.691719699527312e-08,3,1
11470,3.3898288620548556e-08,10,1
11471,1.9467933043415542e-08,9,1
11472,0.9587224721908569,1,2
11473,0.9998053312301636,1,2
11474,0.9999997615814209,1,3
11475,0.9999997615814209,1,2
11476,2.991108374317264e-07,4,1
11477,1.8944335522519395e-07,2,1
11478,2.0374447018411956e-08,6,1
11479,1.6659804202845407e-08,3,1
11480,1.0,1,4
11481,1.0,1,6
11482,1.0,1,5
11483,1.0,1,6
11484,3.196682314410282e-07,4,1
11485,1.9842782705836726e-07,3,1
11486,2.9232628762088098e-08,10,1
11487,2.1710215847292602e-08,5,1
11488,1.0,1,7
11489,1.0,1,8
11490,1.0,1,5
11491,1.0,1,6
11492,0.003764613065868616,4,2
11493,9.495591802988201e-05,3,1
11494,1.3137133691998315e-07,5,1
11495,2.083242179651279e-06,3,1
11496,1.0,1,4
11497,0.9774485230445862,1,2
11498,0.3837225139141083,2,1
11499,1.157818871888594e-07,3,1
11500,0.0007146791904233396,2,1
11501,2.0989711302377145e-08,4,1
11502,0.00015437691763509065,2,1
11503,7.721549621919621e-09,4,1
11504,0.9999990463256836,1,2
11505,0.9995017051696777,1,2
11506,1.0,1,3
11507,0.9995571970939636,1,2
11508,9.997045680165684e-08,3,1
11509,1.0262516170200797e-08,3,1
11510,1.5603635574734653e-06,2,1
11511,1.2109810043625657e-08,3,1
11512,0.3122864365577698,2,1
11513,0.9990289807319641,1,2
11514,0.9769288301467896,1,2
11515,0.9999998807907104,1,2
11516,1.0,1,5
11517,0.9257882833480835,1,2
11518,1.0,1,4
11519,0.00567530607804656,2,1
11520,1.0,1,5
11521,1.0,1,6
11522,1.0,1,5
11523,1.0,1,4
11524,1.185594200592277e-08,10,1
11525,2.2227728990742435e-08,4,1
11526,5.244771728030173e-09,9,1
11527,6.203245028757465e-09,7,1
11528,1.0,1,6
11529,1.0,1,8
11530,1.0,1,7
11531,1.0,1,7
11532,8.340890644831234e-08,4,1
11533,3.2069717548210974e-08,6,1
11534,1.1768369390097178e-08,9,1
11535,1.7655700901286764e-08,5,1
11536,0.9999998211860657,1,4
11537,1.0,1,8
11538,1.0,1,6
11539,1.0,1,5
11540,1.3132141248206608e-05,2,1
11541,3.012308695815591e-07,2,1
11542,1.395005597260024e-06,2,1
11543,1.7897281168188783e-07,2,1
11544,1.0,1,3
11545,1.0,1,4
11546,1.0,1,4
11547,1.0,1,3
11548,4.566309286246906e-08,6,1
11549,2.689842837355627e-08,6,1
11550,5.032767091961432e-09,7,1
11551,4.9694772741304405e-09,7,1
11552,0.17112882435321808,2,1
11553,0.2111021876335144,2,1
11554,0.043677035719156265,2,1
11555,0.12306394428014755,2,1
11556,4.409225873303058e-09,10,1
11557,4.5116612668039124e-09,9,1
11558,4.068079206831499e-09,10,1
11559,5.733498120719105e-09,5,1
11560,1.0,1,4
11561,1.0,1,5
11562,1.0,1,5
11563,1.0,1,5
11564,5.130965874400317e-08,5,1
11565,1.566387908269462e-08,8,1
11566,4.099792505485311e-08,5,1
11567,1.215651224129033e-08,8,1
11568,1.0,1,3
11569,1.0,1,6
11570,1.0,1,4
11571,1.0,1,6
11572,3.25948553836497e-06,2,1
11573,7.503117376472801e-05,2,1
11574,3.693668622872792e-05,2,1
11575,0.11137855798006058,2,1
11576,1.0,1,5
11577,1.0,1,3
11578,1.0,1,5
11579,1.0,1,5
11580,4.909092510274604e-08,3,1
11581,6.37470947140173e-08,3,1
11582,1.4026396044641842e-08,5,1
11583,2.062551018866543e-08,5,1
11584,0.9940482974052429,1,2
11585,8.313351827382576e-06,2,1
11586,0.009313730522990227,2,1
11587,0.1356649398803711,2,1
11588,9.831307323793226e-08,7,1
11589,5.054646123880957e-08,6,1
11590,1.925933368340793e-08,7,1
11591,2.5228423794487753e-08,5,1
11592,1.0,1,5
11593,1.0,1,5
11594,1.0,1,5
11595,1.0,1,6
11596,9.604647743799433e-08,6,1
11597,5.589351914636609e-08,7,1
11598,5.119860091440387e-08,5,1
11599,2.1731056065732446e-08,8,1
11600,1.0,1,4
11601,1.0,1,5
11602,1.0,1,4
11603,1.0,1,5
11604,4.167254246567609e-06,3,1
11605,2.1561963876592927e-06,3,1
11606,4.315839063906424e-08,7,1
11607,1.3628398676246434e-07,3,1
11608,1.0,1,3
11609,1.0,1,4
11610,1.0,1,2
11611,1.0,1,2
11612,3.219744115767753e-08,8,1
11613,5.933197044782901e-08,2,1
11614,6.849257605523462e-09,8,1
11615,1.7347959513358546e-08,4,1
11616,1.0,1,3
11617,1.0,1,3
11618,1.0,1,5
11619,1.0,1,3
11620,0.9476137161254883,1,2
11621,4.611085842043394e-06,5,1
11622,0.0030087451450526714,2,1
11623,2.183642244801831e-08,4,1
11624,1.0,1,4
11625,1.0,1,6
11626,1.0,1,5
11627,1.0,1,6
11628,2.3992365427716322e-08,10,1
11629,2.700614345485519e-07,4,1
11630,4.379742435389744e-08,6,1
11631,6.395830354222198e-08,4,1
11632,1.0,1,2
11633,1.0,1,6
11634,1.0,1,4
11635,1.0,1,6
11636,4.7167084460397746e-08,10,1
11637,8.908750182001768e-09,8,1
11638,2.2706450053533445e-09,11,1
11639,4.327095570744177e-09,8,1
11640,1.0,1,2
11641,1.0,1,5
11642,0.9999995231628418,1,2
11643,1.0,1,5
11644,1.432106415677481e-07,3,1
11645,1.7854291911589826e-07,3,1
11646,2.747522431789662e-09,9,1
11647,5.076130182857241e-09,8,1
11648,1.0,1,3
11649,1.0,1,4
11650,1.0,1,2
11651,0.9999997615814209,1,3
11652,8.514873250931032e-09,4,1
11653,2.9446450611203545e-08,2,1
11654,3.385826508051082e-09,7,1
11655,7.557138026470511e-09,5,1
11656,1.0,1,4
11657,1.0,1,5
11658,1.0,1,5
11659,1.0,1,5
11660,3.539933457474831e-09,9,1
11661,9.55193435459023e-09,7,1
11662,2.4088138150801797e-09,9,1
11663,1.4131714465293044e-08,6,1
11664,0.9999997615814209,1,4
11665,1.0,1,6
11666,1.0,1,6
11667,1.0,1,5
11668,2.783345053103403e-06,4,1
11669,6.34154275758192e-08,4,1
11670,4.924331165057083e-08,6,1
11671,6.040207445323631e-09,9,1
11672,1.0,1,3
11673,0.4594777822494507,2,1
11674,0.9999995231628418,1,2
11675,0.9994273781776428,1,2
11676,2.76861893411251e-08,8,1
11677,5.12017130915865e-08,5,1
11678,1.005980010404528e-08,5,1
11679,8.689593755661917e-08,4,1
11680,4.7710052797356184e-08,4,1
11681,3.4979798613221647e-08,2,1
11682,2.2908000829602315e-08,6,1
11683,1.8958429492954565e-08,3,1
11684,0.0001114854312618263,3,1
11685,3.6658795579569414e-05,3,1
11686,2.2731428828137723e-07,3,1
11687,7.342245567087957e-08,4,1
11688,0.9999988079071045,1,2
11689,0.9999925494194031,1,2
11690,0.9999962449073792,1,2
11691,0.9998783469200134,1,2
11692,2.4535160264349543e-05,4,1
11693,6.047600322744984e-07,3,1
11694,4.973180239176145e-06,3,1
11695,9.917018672922495e-08,5,1
11696,0.9999998807907104,1,3
11697,1.0,1,6
11698,1.0,1,6
11699,1.0,1,6
11700,9.404254342371132e-06,3,1
11701,1.4189302532940928e-07,4,1
11702,0.019821589812636375,2,1
11703,2.3041086194552918e-07,4,1
11704,4.368819475075725e-07,5,1
11705,5.9210512048935016e-09,8,1
11706,1.8866765927327833e-08,5,1
11707,6.4459264592642285e-09,8,1
11708,3.017662493220996e-05,3,1
11709,1.4601712905459863e-07,5,1
11710,1.2471955024295767e-08,9,1
11711,1.3851935598552245e-08,7,1
11712,1.0,1,3
11713,1.0,1,3
11714,1.0,1,3
11715,1.0,1,3
11716,1.2156776563188032e-07,5,1
11717,4.1747421164473053e-07,5,1
11718,5.321863127960569e-08,5,1
11719,4.198064829097348e-08,6,1
11720,1.0,1,5
11721,1.0,1,5
11722,1.0,1,4
11723,1.0,1,4
11724,1.0981639775309304e-07,9,1
11725,1.0317498322365282e-07,5,1
11726,4.930307895278929e-08,9,1
11727,4.685773191681619e-08,7,1
11728,1.0,1,3
11729,1.0,1,4
11730,1.0,1,3
11731,1.0,1,6
11732,4.174769863141137e-09,9,1
11733,2.394370923752831e-09,8,1
11734,1.9570522979961424e-09,9,1
11735,1.8855172978504697e-09,8,1
11736,0.980053186416626,1,2
11737,1.6503670963174955e-07,2,1
11738,0.0554819218814373,2,1
11739,3.792524072565584e-09,5,1
11740,2.691465113002778e-07,2,1
11741,0.9980135560035706,1,2
11742,2.4737348169878715e-08,2,1
11743,1.0,1,5
11744,0.9999997615814209,1,2
11745,0.9954800009727478,1,2
11746,1.0,1,5
11747,0.9999720454216003,1,2
11748,5.038167500970303e-07,3,1
11749,0.9999781847000122,1,2
11750,2.1865727717340633e-07,2,1
11751,1.0,1,2
11752,6.354799779728637e-07,2,1
11753,0.20558574795722961,2,1
11754,8.215534919031597e-09,5,1
11755,2.5864765120786615e-05,2,1
11756,8.740884127611537e-10,8,1
11757,4.2212504602900935e-09,6,1
11758,1.5127631369793448e-09,8,1
11759,4.479284498870584e-09,4,1
11760,0.5838550329208374,1,2
11761,0.9625607132911682,1,2
11762,0.9999387264251709,1,2
11763,0.9997908473014832,1,2
11764,2.3117017633467185e-08,6,1
11765,1.2832398965656466e-07,3,1
11766,6.462558044262323e-09,4,1
11767,2.386211228611046e-08,3,1
11768,1.0,1,7
11769,1.0,1,6
11770,1.0,1,7
11771,1.0,1,6
11772,5.517429713108868e-08,4,1
11773,7.994731276994571e-08,3,1
11774,1.789762507087289e-07,5,1
11775,7.11237078121485e-08,3,1
11776,1.0,1,4
11777,1.0,1,6
11778,1.0,1,6
11779,1.0,1,6
11780,6.301426765276119e-05,3,1
11781,1.8015083469435922e-06,3,1
11782,1.4173605222822516e-06,3,1
11783,3.7032958744021016e-07,2,1
11784,0.9999840259552002,1,2
11785,0.9999763369560242,1,2
11786,0.9999994039535522,1,2
11787,0.9999484419822693,1,2
11788,2.846278102097699e-09,9,1
11789,9.335251460740324e-10,9,1
11790,2.0700456904165776e-09,8,1
11791,5.282406179141219e-10,10,1
11792,0.73650723695755,1,2
11793,0.9999994039535522,1,2
11794,0.9990697503089905,1,2
11795,0.9999972581863403,1,2
11796,1.759957922331523e-05,3,1
11797,1.4726165318279527e-05,3,1
11798,1.0074991223518737e-06,3,1
11799,2.445581912979833e-06,3,1
11800,1.0,1,2
11801,0.9999991655349731,1,2
11802,0.9999997615814209,1,2
11803,0.9999998807907104,1,3
11804,1.0114811743733298e-07,6,1
11805,2.8757048653460515e-07,5,1
11806,3.470745468803216e-08,6,1
11807,4.6292925048874167e-07,3,1
11808,5.958475313150302e-08,3,1
11809,0.9564777612686157,1,2
11810,1.9891784177161753e-05,2,1
11811,0.9841469526290894,1,2
11812,1.0114811743733298e-07,6,1
11813,2.8757048653460515e-07,5,1
11814,3.470745468803216e-08,6,1
11815,4.6292925048874167e-07,3,1
11816,1.0,1,8
11817,0.6548887491226196,1,3
11818,1.0,1,7
11819,0.525347888469696,1,2
11820,1.3148002686591553e-09,10,1
11821,4.77693717915173e-10,10,1
11822,2.094322937296056e-09,10,1
11823,5.933586955109149e-10,10,1
11824,0.0010012444108724594,3,1
11825,2.1381053727509425e-07,4,1
11826,0.9699724316596985,1,2
11827,1.0380339254822957e-08,5,1
11828,1.5765161265335337e-07,3,1
11829,9.398107181368687e-09,4,1
11830,1.3944522834208328e-06,3,1
11831,1.6183312467887845e-08,3,1
11832,0.9999998807907104,1,3
11833,1.0,1,4
11834,1.0,1,3
11835,1.0,1,5
11836,1.0778682053569355e-06,4,1
11837,9.071056865650462e-07,4,1
11838,6.913465426805487e-07,6,1
11839,5.371695124267717e-07,3,1
11840,1.0,1,4
11841,0.9999999403953552,1,3
11842,1.0,1,5
11843,1.0,1,4
11844,0.00017616187687963247,3,1
11845,1.1208026080566924e-05,4,1
11846,1.9083763618255034e-06,3,1
11847,1.5623061244696146e-06,5,1
11848,0.9967256784439087,1,2
11849,0.9999998807907104,1,2
11850,0.9999998807907104,1,2
11851,0.9999991655349731,1,2
11852,1.2231714208610356e-05,2,1
11853,1.606202090442821e-06,2,1
11854,7.633443033228104e-08,2,1
11855,2.51474318702094e-07,2,1
11856,0.9999277591705322,1,2
11857,0.9773699641227722,1,2
11858,0.9999972581863403,1,2
11859,0.0791163370013237,2,1
11860,1.692807671815899e-07,4,1
11861,8.210462851820921e-07,4,1
11862,1.8279681057720154e-07,3,1
11863,2.890011501222034e-07,2,1
11864,1.0,1,4
11865,1.0,1,6
11866,1.0,1,6
11867,1.0,1,6
11868,3.973495404352434e-05,4,1
11869,2.0645310883082857e-07,4,1
11870,3.1323581879405538e-06,4,1
11871,6.663723297606339e-07,3,1
11872,0.9938346147537231,3,8
11873,0.00017559017578605562,4,2
11874,0.3512546718120575,4,2
11875,3.750472643559988e-08,8,1
11876,6.98425792506896e-05,4,1
11877,1.3944315924163675e-06,2,1
11878,1.670842175371945e-05,4,1
11879,7.772829917485069e-07,3,1
11880,1.30581508983596e-06,13,1
11881,2.5876856852846686e-06,4,1
11882,1.2736704491089768e-07,12,1
11883,8.697334408225288e-09,10,1
11884,2.0372965536807897e-06,11,1
11885,2.4424544164958206e-08,9,1
11886,8.772549620061909e-08,10,1
11887,2.2651569508980174e-08,8,1
11888,3.830681635008659e-06,4,1
11889,2.9166462809371296e-06,4,1
11890,8.326998113261652e-08,8,1
11891,1.599587129419433e-08,7,1
11892,1.4106768730925978e-07,7,1
11893,3.827772587783329e-08,6,1
11894,3.2652870629590325e-08,6,1
11895,7.434685311835665e-09,8,1
11896,0.04278714209794998,2,1
11897,1.1444446499808691e-05,2,1
11898,0.9999792575836182,1,2
11899,0.0002947979955933988,2,1
11900,8.51641956955973e-08,3,1
11901,2.292421363847552e-08,2,1
11902,3.551504645926684e-09,5,1
11903,5.999206020845804e-09,4,1
11904,0.9999999403953552,1,3
11905,1.0,1,4
11906,1.0,1,4
11907,1.0,1,4
11908,2.361677964302089e-09,7,1
11909,3.753973487619078e-07,4,1
11910,2.2680777256312012e-09,6,1
11911,3.22944345043652e-07,3,1
11912,0.2619706094264984,2,1
11913,0.010256537236273289,2,1
11914,1.5586144854751183e-06,3,1
11915,0.001082717441022396,2,1
11916,0.999488890171051,1,4
11917,0.9997321367263794,1,4
11918,1.1343979622324696e-06,4,1
11919,1.4349471655350499e-07,3,1
11920,1.0,1,7
11921,1.0,1,5
11922,1.0,1,6
11923,1.0,1,6
11924,5.733851367040188e-07,3,1
11925,1.477589108844768e-07,6,1
11926,2.602226523151785e-08,9,1
11927,1.788400538771384e-08,8,1
11928,1.0,1,3
11929,1.0,1,3
11930,1.0,1,3
11931,1.0,1,5
11932,0.9986786842346191,1,2
11933,4.745083881374512e-09,8,1
11934,0.9858997464179993,1,2
11935,1.8215724484349494e-09,9,1
11936,1.0,1,6
11937,1.0,1,7
11938,1.0,1,5
11939,1.0,1,6
11940,2.7593438645112656e-09,8,1
11941,3.806488901858529e-09,11,1
11942,1.1685295397967366e-08,4,1
11943,5.6675539816808396e-09,7,1
11944,4.81673589902698e-10,11,1
11945,2.4048840696622165e-09,7,1
11946,7.555189251995387e-10,11,1
11947,3.942458359773582e-09,6,1
11948,5.73153400296178e-08,3,1
11949,7.42529167041539e-08,2,1
11950,7.130080525996618e-09,8,1
11951,2.1798053140287266e-08,2,1
11952,1.0,1,4
11953,1.0,1,5
11954,1.0,1,6
11955,1.0,1,6
11956,1.8348805141954472e-08,13,1
11957,1.8129256318388798e-08,6,1
11958,4.6311381396435536e-08,9,1
11959,2.0652748844440794e-08,2,1
11960,0.908534824848175,1,2
11961,0.9999911785125732,1,2
11962,1.0,1,3
11963,1.0,1,2
11964,2.5424013117003597e-08,3,1
11965,1.4693425143263994e-08,5,1
11966,2.570691437497885e-09,8,1
11967,6.393629625733865e-09,7,1
11968,1.0,1,4
11969,1.0,1,6
11970,0.9999940991401672,1,2
11971,1.0,1,6
11972,2.5394906515430193e-06,5,1
11973,1.203383249048784e-06,3,1
11974,1.2718629704977502e-07,4,1
11975,7.989336126001945e-08,5,1
11976,1.0,1,7
11977,1.0,1,4
11978,1.0,1,8
11979,1.0,1,5
11980,6.376202676960929e-09,8,1
11981,3.9724572076238474e-08,3,1
11982,6.810502384269057e-09,9,1
11983,1.3148611088809048e-08,4,1
11984,2.016328792819877e-08,8,1
11985,0.001302589662373066,2,1
11986,0.07395971566438675,2,1
11987,0.999949038028717,1,2
11988,2.270024424433359e-06,3,1
11989,4.967433824276668e-07,2,1
11990,4.9202103724610424e-08,5,1
11991,5.814799308723195e-08,3,1
11992,1.0,1,6
11993,1.0,1,2
11994,1.0,1,5
11995,1.0,1,4
11996,1.1114642575194011e-06,3,1
11997,2.0000165079636645e-07,2,1
11998,2.3965974094153353e-08,6,1
11999,2.4673218135262687e-08,3,1
12000,1.0,1,9
12001,1.0,1,5
12002,1.0,1,3
12003,0.9999998807907104,1,2
12004,8.095220209725085e-07,5,1
12005,6.655011475231731e-07,4,1
12006,6.665542429118432e-08,6,1
12007,6.91196433422192e-08,4,1
12008,0.9897005558013916,1,2
12009,0.9999998807907104,1,2
12010,0.0007021144847385585,2,1
12011,0.9999967217445374,1,2
12012,2.946495101241453e-07,5,1
12013,1.3149821143088047e-07,2,1
12014,1.8775239141177735e-07,4,1
12015,2.342147809031303e-08,4,1
12016,1.0,1,2
12017,1.0,1,3
12018,1.0,1,2
12019,1.0,1,3
12020,3.0998716482599775e-08,9,1
12021,9.915025884765782e-07,3,1
12022,3.5026808120619535e-08,7,1
12023,8.753305991149318e-08,2,1
12024,1.0,1,8
12025,1.0,1,8
12026,1.0,1,6
12027,1.0,1,7
12028,5.966014668956632e-07,3,1
12029,5.401886369327258e-07,2,1
12030,7.391719236693461e-08,5,1
12031,4.8140226027726385e-08,4,1
12032,1.0,1,8
12033,1.0,1,9
12034,1.0,1,7
12035,1.0,1,7
12036,2.520222608382028e-07,4,1
12037,1.8816245983543922e-07,4,1
12038,4.468660552703341e-09,9,1
12039,3.0077732304789606e-08,7,1
12040,3.9570377197151174e-08,4,1
12041,0.7529752850532532,1,2
12042,2.401237395588396e-07,3,1
12043,0.0017446138663217425,2,1
12044,4.893173510822635e-08,9,1
12045,1.1340654282321339e-07,4,1
12046,6.375509453704353e-09,8,1
12047,8.865845835259734e-09,7,1
12048,1.0,1,4
12049,1.0,1,6
12050,0.9999961256980896,1,3
12051,0.9990158677101135,1,2
12052,7.41674313076146e-08,4,1
12053,3.297657613643423e-08,4,1
12054,6.99794799885467e-09,7,1
12055,8.30361379655642e-09,6,1
12056,2.2629374996085971e-07,3,1
12057,0.17600175738334656,2,1
12058,1.7566169390192954e-06,3,1
12059,0.046767283231019974,2,1
12060,1.0344151313290695e-08,6,1
12061,2.3614257216308943e-09,6,1
12062,1.1368993524385473e-09,8,1
12063,1.673984173500287e-09,6,1
12064,0.00011518946121213958,3,1
12065,0.0011023289989680052,2,1
12066,0.9816551804542542,1,2
12067,2.0492907424340956e-06,2,1
12068,3.7132402042061585e-08,7,1
12069,9.882138556349673e-07,3,1
12070,3.681245530628985e-08,6,1
12071,4.542975418075912e-08,4,1
12072,1.0,1,8
12073,1.0,1,7
12074,1.0,1,6
12075,1.0,1,7
12076,1.6459994185424875e-06,3,1
12077,1.3168211125957896e-06,3,1
12078,8.17865839053411e-07,3,1
12079,3.2596136634310824e-07,3,1
12080,0.9543980360031128,1,2
12081,0.9999999403953552,1,3
12082,0.9999969601631165,1,3
12083,1.0,1,5
12084,8.196818157557573e-08,2,1
12085,6.0334142126805546e-09,6,1
12086,3.815662452666402e-09,5,1
12087,1.8595950335154043e-09,7,1
12088,0.9999999403953552,1,4
12089,0.9999998211860657,1,4
12090,1.0,1,6
12091,1.0,1,6
12092,0.999969482421875,1,3
12093,0.9957250952720642,1,3
12094,0.9999997615814209,1,4
12095,0.9994762539863586,1,2
12096,1.0,1,5
12097,1.0,1,4
12098,1.0,1,5
12099,1.0,1,5
12100,4.275853768831439e-07,3,1
12101,1.1628317508893815e-07,4,1
12102,1.1610339356593613e-08,9,1
12103,1.1952348444310701e-08,5,1
12104,0.9986850023269653,1,2
12105,1.0,1,5
12106,1.0,1,4
12107,1.0,1,5
12108,5.8331622199148114e-08,6,1
12109,4.752202631408409e-09,6,1
12110,8.068992141119224e-10,9,1
12111,1.3185194047693471e-09,7,1
12112,1.0,1,6
12113,1.0,1,6
12114,1.0,1,6
12115,1.0,1,6
12116,3.2439058106348284e-09,10,1
12117,1.979403974061711e-09,7,1
12118,5.287839055512222e-10,9,1
12119,9.241885590149934e-10,8,1
12120,1.0,1,10
12121,1.0,1,7
12122,1.0,1,6
12123,1.0,1,5
12124,4.111060292188995e-08,6,1
12125,5.188983323023422e-07,3,1
12126,1.4213163090914804e-08,9,1
12127,7.3876606165868e-08,4,1
12128,0.999315619468689,1,2
12129,1.0,1,5
12130,0.9645401239395142,1,2
12131,1.0,1,4
12132,1.0491093235032167e-05,4,1
12133,0.8521129488945007,1,2
12134,1.1607353656017949e-07,4,1
12135,0.00010360711894463748,2,1
12136,0.9999954104423523,1,2
12137,1.0,1,4
12138,0.9999804496765137,1,2
12139,1.0,1,4
12140,5.952886894533549e-08,2,1
12141,1.9093829450866906e-07,2,1
12142,5.680877102065551e-09,9,1
12143,1.1554094569987683e-08,6,1
12144,1.0,1,6
12145,1.0,1,6
12146,1.0,1,6
12147,1.0,1,6
12148,6.517308914766318e-09,9,1
12149,4.609412851408479e-09,9,1
12150,1.4572233419940517e-09,9,1
12151,3.907125289970281e-09,8,1
12152,1.0,1,8
12153,1.0,1,9
12154,1.0,1,6
12155,1.0,1,7
12156,6.42252429017276e-09,11,1
12157,1.826747997313305e-08,9,1
12158,3.5941987164278544e-09,9,1
12159,6.29809671082171e-09,8,1
12160,1.0,1,5
12161,1.0,1,5
12162,1.0,1,5
12163,1.0,1,6
12164,3.5945753040778072e-09,9,1
12165,5.848900919147582e-09,9,1
12166,1.3842155199839112e-09,10,1
12167,1.982199959726927e-09,9,1
12168,0.00010884874791372567,2,1
12169,8.592433005105704e-05,2,1
12170,3.7651632283086656e-06,2,1
12171,2.9922266548965126e-05,2,1
12172,4.598189828897148e-09,13,1
12173,5.446849193901926e-09,10,1
12174,1.7657072470811386e-09,10,1
12175,2.4265907061504777e-09,10,1
12176,1.0,1,3
12177,0.9648315906524658,1,2
12178,1.0,1,2
12179,0.9999878406524658,1,2
12180,0.00016492982103955,3,1
12181,1.9240626443206565e-06,3,1
12182,1.3703637478101882e-06,4,1
12183,5.3025708268705785e-08,2,1
12184,7.73059218772687e-05,2,1
12185,0.003795584198087454,2,1
12186,2.7744757602476966e-08,2,1
12187,0.008981863036751747,2,1
12188,4.6635793893301525e-08,2,1
12189,2.9987796779096243e-07,2,1
12190,5.473843156522662e-09,5,1
12191,2.4508963747393864e-07,2,1
12192,1.0,1,4
12193,1.0,1,6
12194,1.0,1,6
12195,1.0,1,6
12196,5.8839368932694924e-08,4,1
12197,1.1114855702487603e-08,3,1
12198,3.1132081357299057e-09,9,1
12199,3.641354773264993e-09,6,1
12200,0.9999632239341736,1,2
12201,1.0,1,6
12202,1.0,1,4
12203,1.0,1,6
12204,1.334615120640592e-07,3,1
12205,8.208376200968814e-09,6,1
12206,0.9999994039535522,1,2
12207,0.872340202331543,1,2
12208,2.605487603446477e-09,9,1
12209,2.2799926391314784e-09,8,1
12210,1.0458939492252739e-08,4,1
12211,2.4843769264037974e-09,6,1
12212,3.3647186370444615e-08,4,1
12213,1.3294014777898155e-08,4,1
12214,8.989983868445961e-09,6,1
12215,9.40485023193105e-09,3,1
12216,1.0,1,4
12217,1.0,1,6
12218,1.0,1,6
12219,1.0,1,6
12220,1.9950123260059627e-06,3,1
12221,1.7992471157413092e-07,3,1
12222,2.047098206503506e-07,4,1
12223,4.704255829324211e-08,4,1
12224,0.012867987155914307,2,1
12225,0.9999998807907104,1,3
12226,0.998195230960846,1,2
12227,0.9998724460601807,1,2
12228,1.266831262114465e-08,10,1
12229,4.6413063614636485e-08,7,1
12230,3.318648467143248e-09,8,1
12231,4.0394860789660925e-09,9,1
12232,0.9997441172599792,1,2
12233,0.9998752474784851,1,2
12234,0.9802623391151428,1,2
12235,0.9946324229240417,1,2
12236,9.365364661562126e-08,5,1
12237,3.519583202660215e-08,4,1
12238,8.939661455542591e-09,9,1
12239,1.4522491653679026e-08,7,1
12240,1.0,1,5
12241,1.0,1,7
12242,1.0,1,5
12243,1.0,1,5
12244,9.891417676044512e-07,3,1
12245,3.6978755701966293e-07,2,1
12246,2.9797938339015673e-08,9,1
12247,5.523959956121871e-08,4,1
12248,2.5519332425005814e-08,3,1
12249,7.535303048200603e-09,4,1
12250,4.355340976758271e-08,2,1
12251,1.3847342472672608e-07,2,1
12252,0.0010853444691747427,2,1
12253,1.2559393098854343e-06,3,1
12254,0.7476475834846497,1,2
12255,0.08603357523679733,2,1
12256,1.420411717845127e-05,3,1
12257,4.182852353551425e-05,3,1
12258,5.319496949596214e-07,3,1
12259,6.528223366331076e-06,3,1
12260,2.1484576791408472e-05,2,1
12261,5.6552362792672284e-08,2,1
12262,0.006718335207551718,2,1
12263,0.023347727954387665,2,1
12264,1.0,1,4
12265,1.0,1,7
12266,1.0,1,6
12267,1.0,1,6
12268,4.960190835845424e-08,7,1
12269,8.392413874958038e-09,6,1
12270,1.3395726305986955e-08,9,1
12271,9.047523619187814e-09,6,1
12272,0.999998152256012,1,3
12273,1.0,1,4
12274,0.9597125053405762,1,2
12275,1.0,1,4
12276,4.928267571813194e-06,4,1
12277,1.9499297820857464e-07,2,1
12278,1.320339659827141e-08,7,1
12279,3.200688780680139e-08,3,1
12280,0.9802404642105103,1,4
12281,1.0,1,10
12282,0.1481410413980484,2,1
12283,1.0,1,8
12284,1.4059039585845312e-06,4,1
12285,3.692025529744569e-07,2,1
12286,3.531781445076376e-08,3,1
12287,2.0792034760575007e-08,3,1
12288,0.006070964504033327,2,1
12289,1.0,1,6
12290,1.254372182302177e-05,3,1
12291,1.0,1,6
12292,1.1989065740181104e-07,5,1
12293,2.0094223174282888e-08,7,1
12294,6.10723560612314e-09,7,1
12295,3.3471785343408555e-09,7,1
12296,1.0,1,4
12297,1.0,1,6
12298,1.0,1,4
12299,1.0,1,6
12300,5.001325007469859e-07,6,1
12301,1.7724946133057529e-07,6,1
12302,4.2024783653005215e-08,5,1
12303,4.054068014625045e-08,5,1
12304,2.6372362071924726e-09,6,1
12305,3.070086762591018e-08,4,1
12306,2.8838085253113377e-09,5,1
12307,0.0012928845826536417,2,1
12308,1.3541329835220495e-08,10,1
12309,1.260182180828906e-08,7,1
12310,2.722062353299748e-09,9,1
12311,3.0932671979400084e-09,9,1
12312,1.0,1,4
12313,1.0,1,5
12314,1.0,1,4
12315,1.0,1,5
12316,4.474554060607261e-09,9,1
12317,9.936324651960149e-09,4,1
12318,3.2208542499745363e-09,9,1
12319,6.36423447275547e-09,6,1
12320,1.0,1,4
12321,1.0,1,5
12322,1.0,1,2
12323,1.0,1,2
12324,1.7152071052350948e-07,2,1
12325,8.480465112370439e-07,3,1
12326,2.236905594088512e-08,5,1
12327,1.2182908903923817e-07,2,1
12328,1.0,1,6
12329,1.0,1,4
12330,1.0,1,4
12331,1.0,1,2
12332,1.5236732053836022e-07,3,1
12333,1.1873390803884831e-06,3,1
12334,1.2081504685568234e-08,9,1
12335,8.539748819202941e-08,3,1
12336,1.0,1,4
12337,0.9999526739120483,1,2
12338,1.0,1,5
12339,0.9999996423721313,1,2
12340,7.255043499299063e-08,6,1
12341,7.745996555286183e-08,4,1
12342,2.7703622507146974e-08,9,1
12343,3.263126657770954e-08,5,1
12344,1.0,1,4
12345,1.0,1,3
12346,1.0,1,6
12347,1.0,1,5
12348,1.2313447541600908e-06,3,1
12349,1.3321352021478106e-08,4,1
12350,2.6109265860441155e-08,5,1
12351,7.739731522349302e-09,7,1
12352,1.0,1,3
12353,0.9999999403953552,1,3
12354,1.0,1,6
12355,1.0,1,5
12356,5.956248827487798e-08,4,1
12357,4.7516170553763004e-08,2,1
12358,3.5232034178989124e-08,4,1
12359,9.128281241999048e-09,5,1
12360,1.0,1,8
12361,1.0,1,8
12362,1.0,1,6
12363,1.0,1,6
12364,8.201517798234192e-10,7,1
12365,1.5088410521002515e-09,8,1
12366,1.5959960020239805e-09,8,1
12367,1.7127371743086428e-09,7,1
12368,1.8702925785873958e-07,4,1
12369,3.3067951790144434e-06,3,1
12370,1.0073700984492007e-08,6,1
12371,3.854866577057692e-07,3,1
12372,2.0063660954861007e-08,6,1
12373,1.1290879342595872e-08,6,1
12374,1.1449101222638092e-08,5,1
12375,1.0785470294649713e-08,4,1
12376,1.0,1,3
12377,1.0,1,5
12378,1.0,1,5
12379,1.0,1,4
12380,3.460835159785347e-06,7,1
12381,3.0625548674834135e-07,4,1
12382,4.174979295612502e-08,6,1
12383,1.8887579500415086e-08,6,1
12384,0.9999995231628418,1,2
12385,0.457522988319397,2,1
12386,0.9999994039535522,1,2
12387,0.08774840086698532,2,1
12388,2.6331367308785047e-08,5,1
12389,1.150757952927961e-06,2,1
12390,1.523030235262013e-08,5,1
12391,6.996735919528874e-07,2,1
12392,0.00043993184226565063,2,1
12393,2.704591963720304e-07,3,1
12394,0.9999994039535522,1,2
12395,1.7798840417526662e-05,2,1
12396,1.2019822293041216e-07,2,1
12397,1.2613732280897239e-07,2,1
12398,3.169337148278828e-08,5,1
12399,5.5543029731097704e-08,5,1
12400,0.556473970413208,1,2
12401,1.0,1,5
12402,0.9998590350151062,1,2
12403,1.0,1,4
12404,7.244350452850767e-09,15,1
12405,4.886112137114651e-08,10,1
12406,2.1139316963569854e-09,10,1
12407,6.903543070535534e-09,8,1
12408,0.9999021887779236,1,2
12409,1.0,1,4
12410,0.9999405741691589,1,2
12411,1.0,1,3
12412,1.1443338721051077e-08,11,1
12413,1.8722413130944915e-07,3,1
12414,5.85468207248141e-09,10,1
12415,1.3851617630677993e-08,5,1
12416,1.0,1,5
12417,1.0,1,5
12418,0.9999998807907104,1,2
12419,1.0,1,3
12420,1.6431842198016966e-07,3,1
12421,5.7577654644092036e-08,4,1
12422,8.018292696476692e-09,9,1
12423,1.4214328381001451e-08,7,1
12424,0.9999998807907104,1,2
12425,1.0,1,3
12426,0.9999542832374573,1,2
12427,0.9999954104423523,1,2
12428,3.3350854522495865e-08,6,1
12429,5.389267254685137e-09,8,1
12430,1.6524538404283362e-09,9,1
12431,2.2541952748866834e-09,8,1
12432,1.0,1,4
12433,1.0,1,6
12434,1.0,1,5
12435,1.0,1,6
12436,0.9999001622200012,1,2
12437,0.05226297304034233,2,1
12438,4.944255493910532e-08,3,1
12439,5.352891321308562e-07,2,1
12440,1.0,1,5
12441,1.0,1,3
12442,1.0,1,2
12443,1.0,1,3
12444,1.5040290790580002e-08,4,1
12445,1.2781388392113513e-08,4,1
12446,6.749799386085442e-09,8,1
12447,8.165497611400951e-09,6,1
12448,0.9999998807907104,1,2
12449,0.9999998807907104,1,2
12450,0.9999998807907104,1,2
12451,1.0,1,3
12452,1.4469944176198624e-07,4,1
12453,2.5735097608503565e-08,9,1
12454,1.4992843944128253e-07,3,1
12455,1.7641060168216427e-08,8,1
12456,0.9999998807907104,1,2
12457,0.9999997615814209,1,2
12458,1.0,1,2
12459,1.0,1,3
12460,1.0,1,10
12461,1.0,1,9
12462,1.0,1,3
12463,0.9990004301071167,1,2
12464,1.0,1,6
12465,0.9999790787696838,1,3
12466,1.0,1,6
12467,1.0,1,3
12468,2.2935719101724317e-08,8,1
12469,9.745383167114596e-09,8,1
12470,2.215660321880364e-09,9,1
12471,2.418767408585154e-09,10,1
12472,0.00035071131424047053,2,1
12473,0.9156337380409241,1,2
12474,0.00017237126303371042,2,1
12475,0.9996220469474792,1,2
12476,2.1389048754372197e-08,9,1
12477,5.868937336117597e-09,9,1
12478,4.1946446316387664e-09,9,1
12479,4.289345323371663e-09,9,1
12480,0.9999945163726807,1,3
12481,1.0,1,7
12482,1.0,1,4
12483,1.0,1,7
12484,2.2483099826331454e-07,3,1
12485,3.081853355979547e-05,3,1
12486,3.221978239764667e-09,6,1
12487,2.0843691217464766e-08,4,1
12488,0.9999611377716064,1,2
12489,0.9983735084533691,1,2
12490,0.9999998807907104,1,2
12491,1.0,1,4
12492,1.389295221088105e-07,5,1
12493,1.921417123185165e-07,6,1
12494,8.087980951643203e-09,9,1
12495,1.1288855183977375e-08,7,1
12496,1.2512884062232388e-09,8,1
12497,1.4960116478945906e-09,8,1
12498,1.0423386598290563e-09,6,1
12499,8.688044172977527e-10,9,1
12500,4.178049572978182e-10,11,1
12501,5.281028503389962e-09,6,1
12502,2.1850365961029183e-09,7,1
12503,4.603112113699126e-09,6,1
12504,1.0,1,6
12505,1.0,1,6
12506,1.0,1,6
12507,1.0,1,6
12508,1.1195904647820498e-07,2,1
12509,1.9658830296975793e-07,2,1
12510,2.3855106334735865e-08,2,1
12511,1.0297932107050656e-07,2,1
12512,0.9999732375144958,1,2
12513,0.9999338388442993,1,2
12514,0.999745786190033,1,2
12515,0.9999722838401794,1,2
12516,9.238524611987486e-09,6,1
12517,9.799119737863293e-09,4,1
12518,1.5779558770745439e-09,8,1
12519,3.3549889533190935e-09,5,1
12520,0.9556329846382141,1,2
12521,0.9597825407981873,1,2
12522,0.9999999403953552,1,3
12523,0.11341148614883423,2,1
12524,2.6429340778122423e-06,3,1
12525,1.88028295156073e-07,4,1
12526,8.264968442972531e-08,4,1
12527,2.3511891100724824e-08,7,1
12528,0.001300844014622271,2,1
12529,0.002306494163349271,2,1
12530,0.1335228681564331,2,1
12531,0.004732704721391201,2,1
12532,9.005617584989523e-09,7,1
12533,4.294939159876776e-08,5,1
12534,1.0073950562627942e-08,5,1
12535,2.713194469095015e-08,3,1
12536,0.0005863240221515298,3,1
12537,0.9999737739562988,1,2
12538,0.9999940991401672,1,3
12539,0.9999259114265442,1,2
12540,1.0023466501252187e-08,4,1
12541,2.0676594658652903e-08,3,1
12542,1.0311530296291949e-08,3,1
12543,2.9292680281400862e-08,2,1
12544,1.7574579032952897e-05,2,1
12545,2.6973740574476324e-08,2,1
12546,2.859201913452125e-06,2,1
12547,4.157554940320551e-06,2,1
12548,1.4576389162357373e-07,6,1
12549,1.3649072094779058e-08,6,1
12550,7.527891199288206e-09,5,1
12551,9.939925327273613e-09,4,1
12552,0.999911904335022,1,2
12553,0.9993886351585388,1,2
12554,0.9999948143959045,1,2
12555,0.4600756764411926,2,1
12556,2.9245239829833736e-07,2,1
12557,4.061908853714158e-08,2,1
12558,3.206450926995785e-08,2,1
12559,7.911539867677675e-09,4,1
12560,5.431364158425822e-08,11,1
12561,9.982160875665613e-09,8,1
12562,1.5860364133146732e-09,12,1
12563,2.437803070520772e-09,10,1
12564,1.0323732979600209e-08,9,1
12565,2.6996223034814193e-09,8,1
12566,6.542376085327817e-10,14,1
12567,6.823618337037374e-10,10,1
12568,1.0,1,2
12569,1.0,1,5
12570,0.9999997615814209,1,2
12571,1.0,1,5
12572,3.5460088199101847e-09,12,1
12573,6.5555316730581126e-09,9,1
12574,2.711698421364872e-09,11,1
12575,5.538621117295861e-09,10,1
12576,1.0,1,4
12577,1.0,1,3
12578,0.9999997615814209,1,2
12579,1.0,1,2
12580,2.3644092834729236e-06,3,1
12581,1.2759441005982808e-06,3,1
12582,3.161838435516984e-08,9,1
12583,3.388969105344586e-08,7,1
12584,0.9999974966049194,1,2
12585,1.0,1,5
12586,1.0,1,4
12587,0.9999998807907104,1,2
12588,1.3651779262602304e-08,5,1
12589,3.6253948731967967e-09,10,1
12590,1.6873871189204692e-09,9,1
12591,2.939638088506058e-09,8,1
12592,0.9999998807907104,1,3
12593,1.0,1,6
12594,1.0,1,6
12595,1.0,1,6
12596,1.5886814708210295e-07,6,1
12597,3.209174437301954e-08,6,1
12598,6.0361187159685414e-09,10,1
12599,4.5142525273433876e-09,9,1
12600,1.0,1,4
12601,1.0,1,5
12602,1.0,1,4
12603,1.0,1,3
12604,7.502868726305678e-08,12,1
12605,2.9732798445536446e-09,9,1
12606,3.4401559378949287e-09,10,1
12607,1.46335932260655e-09,7,1
12608,2.3023936090993402e-09,7,1
12609,2.134037835332947e-09,8,1
12610,5.8011266901303316e-09,4,1
12611,1.3518716146521115e-09,8,1
12612,1.1041197467420716e-06,5,1
12613,2.632644680033991e-07,4,1
12614,4.6234493566998935e-08,4,1
12615,9.620814722666182e-08,3,1
12616,1.0,1,6
12617,1.0,1,6
12618,1.0,1,6
12619,1.0,1,6
12620,4.984694879084373e-09,7,1
12621,2.0750277940351225e-08,4,1
12622,2.8639057791934874e-09,9,1
12623,4.494654870512704e-09,7,1
12624,1.0,1,3
12625,1.0,1,5
12626,1.0,1,5
12627,1.0,1,5
12628,6.6031935475052705e-09,7,1
12629,6.226680504539672e-09,7,1
12630,1.2738838872650149e-09,8,1
12631,3.6922760404678456e-09,7,1
12632,0.0033024786971509457,2,1
12633,0.9999931454658508,1,2
12634,0.9999983310699463,1,2
12635,1.0,1,2
12636,4.256647034850403e-09,6,1
12637,1.1694017132413137e-07,4,1
12638,1.995507092900084e-09,4,1
12639,3.2641016556311797e-09,5,1
12640,1.0,1,4
12641,1.0,1,6
12642,1.0,1,6
12643,1.0,1,6
12644,8.903755954747794e-09,15,1
12645,3.199230746986359e-08,13,1
12646,6.377856909267621e-09,11,1
12647,2.9594874106919633e-08,7,1
12648,1.0,1,6
12649,1.0,1,8
12650,1.0,1,5
12651,1.0,1,6
12652,5.313776000548387e-06,3,1
12653,3.303488256278797e-07,5,1
12654,3.9924579198213905e-08,8,1
12655,8.224948544466315e-08,5,1
12656,0.9999998807907104,1,2
12657,1.0,1,4
12658,0.9999998807907104,1,2
12659,1.0,1,2
12660,3.769876275327988e-05,5,1
12661,3.0448994948528707e-05,4,1
12662,2.0755884122536372e-07,8,1
12663,5.071356667940563e-07,3,1
12664,0.997383177280426,1,2
12665,0.9999792575836182,1,2
12666,0.9999980926513672,1,2
12667,0.9999996423721313,1,2
12668,2.7482258246891433e-08,6,1
12669,6.6893561800895895e-09,7,1
12670,3.042953000687021e-09,6,1
12671,5.145280201901414e-09,6,1
12672,0.9999889135360718,1,2
12673,0.9974099397659302,1,2
12674,0.9999997615814209,1,2
12675,0.9999995231628418,1,2
12676,2.062779103084722e-08,6,1
12677,1.1436922520147164e-08,4,1
12678,4.037623568819981e-08,2,1
12679,3.251580782404062e-09,7,1
12680,0.9995577931404114,1,3
12681,0.9997617602348328,1,3
12682,0.9999986886978149,1,2
12683,0.9998730421066284,1,2
12684,2.607154669931333e-08,8,1
12685,1.318065123712131e-08,6,1
12686,1.2022977280423675e-08,7,1
12687,8.512941462868184e-09,7,1
12688,1.0,1,6
12689,0.9999998807907104,1,2
12690,1.0,1,6
12691,1.0,1,5
12692,9.499574389337795e-07,4,1
12693,1.3824438838128117e-07,4,1
12694,5.5135597420985505e-08,4,1
12695,2.6811196818243843e-08,4,1
12696,1.0,1,5
12697,1.0,1,5
12698,1.0,1,6
12699,1.0,1,6
12700,3.755159696083865e-06,4,1
12701,3.7298869415280933e-07,4,1
12702,1.9897018432857294e-07,3,1
12703,1.5977003897660325e-07,3,1
12704,4.2193285310077044e-08,6,1
12705,1.883063660557127e-08,7,1
12706,9.37905497266911e-07,4,1
12707,7.782572311043623e-07,4,1
12708,0.013362816534936428,2,1
12709,1.6892029179871315e-06,4,1
12710,0.0008960783015936613,2,1
12711,2.68957137450343e-06,2,1
12712,0.9999996423721313,1,3
12713,0.9999987483024597,1,2
12714,1.0,1,7
12715,1.0,1,5
12716,1.0678173367750787e-07,7,1
12717,1.8242820587488495e-08,10,1
12718,4.0435580217490497e-07,5,1
12719,4.938562483403075e-07,4,1
12720,1.0,1,4
12721,1.0,1,7
12722,0.9999867677688599,1,2
12723,1.0,1,5
12724,1.4798453662479005e-07,5,1
12725,1.4335267195519918e-08,6,1
12726,3.7075775338735184e-08,4,1
12727,1.0701210584329601e-08,5,1
12728,1.0,1,3
12729,1.0,1,3
12730,0.9999976754188538,1,2
12731,0.9999998807907104,1,3
12732,5.857411267129464e-08,5,1
12733,1.9595901790125936e-07,4,1
12734,2.0546204382299038e-07,3,1
12735,6.202384383868775e-08,4,1
12736,1.0,1,12
12737,1.0,1,9
12738,1.0,1,8
12739,1.0,1,8
12740,1.0091884178109467e-05,6,1
12741,0.24144397675991058,3,1
12742,6.391278475348372e-07,6,1
12743,4.625539702374226e-07,4,1
12744,5.1592743410822095e-09,7,1
12745,0.9999985694885254,1,3
12746,0.002523543080314994,3,1
12747,1.0,1,4
12748,3.942159594316763e-07,5,1
12749,1.5088365046267427e-07,3,1
12750,4.413350396248461e-08,6,1
12751,5.809777192666843e-08,3,1
12752,1.0,1,3
12753,1.0,1,5
12754,1.0,1,6
12755,1.0,1,6
12756,1.2568294494030852e-07,8,1
12757,4.670505049375606e-08,7,1
12758,4.927498409301734e-08,4,1
12759,3.567155104633457e-08,5,1
12760,1.0,1,3
12761,1.0,1,5
12762,1.0,1,2
12763,1.0,1,3
12764,2.1284218121309095e-07,4,1
12765,1.1940915101149585e-07,4,1
12766,1.1536279487245338e-08,6,1
12767,9.708279513631624e-09,8,1
12768,1.0,1,10
12769,1.0,1,11
12770,1.0,1,5
12771,1.0,1,8
12772,3.631972234074965e-08,8,1
12773,7.462691797854859e-08,4,1
12774,1.725233644833679e-08,9,1
12775,1.1982251635345165e-08,9,1
12776,0.9996553063392639,1,2
12777,0.9991145730018616,1,2
12778,0.9999905824661255,1,2
12779,0.9999998807907104,1,2
12780,1.170519908555434e-06,4,1
12781,4.884586246589606e-07,3,1
12782,3.012131344348745e-08,9,1
12783,2.9342510643459718e-08,7,1
12784,0.9919705390930176,1,2
12785,1.0,1,6
12786,0.9999854564666748,1,2
12787,1.0,1,6
12788,1.0921844539879544e-09,12,1
12789,2.398251375268501e-09,10,1
12790,1.1404568400763537e-09,11,1
12791,2.2764556906196276e-09,9,1
12792,1.0,1,4
12793,1.0,1,5
12794,1.0,1,2
12795,1.0,1,5
12796,2.5992466134994174e-07,4,1
12797,1.0782657966501574e-07,3,1
12798,5.053210117011986e-08,4,1
12799,4.364064665196565e-08,5,1
12800,0.9999992847442627,1,2
12801,1.0,1,4
12802,0.9999812841415405,1,2
12803,1.0,1,4
12804,3.371920001882245e-06,3,1
12805,8.319201327822157e-08,2,1
12806,1.1505367325526095e-07,4,1
12807,2.4138973486742543e-08,5,1
12808,6.304444610805149e-08,2,1
12809,3.001570325622538e-09,4,1
12810,9.111532506267395e-08,2,1
12811,8.217747904382122e-08,2,1
12812,7.55320428424966e-09,7,1
12813,3.885671162606741e-08,4,1
12814,1.005233851714138e-08,5,1
12815,1.1561721358077648e-08,5,1
12816,1.0,1,5
12817,1.0,1,6
12818,1.0,1,6
12819,1.0,1,6
12820,2.488714123671798e-08,8,1
12821,2.2263084531459754e-07,3,1
12822,2.98382047958512e-08,5,1
12823,7.6679427252202e-08,4,1
12824,1.0,1,6
12825,1.0,1,11
12826,1.0,1,6
12827,1.0,1,7
12828,1.4910550572011516e-09,8,1
12829,2.476911120652403e-09,8,1
12830,1.4162198080924782e-09,8,1
12831,2.3155040107525338e-09,7,1
12832,1.0,1,2
12833,1.0,1,2
12834,0.999996542930603,1,2
12835,0.9999947547912598,1,2
12836,9.978414254874224e-07,5,1
12837,2.134077476512175e-06,5,1
12838,2.7195779850330837e-08,8,1
12839,9.144579138364861e-08,6,1
12840,0.9999790191650391,1,2
12841,0.9999934434890747,1,2
12842,0.9999996423721313,1,2
12843,0.9999986886978149,1,2
12844,1.4238591461435135e-07,4,1
12845,1.962059968718677e-06,2,1
12846,1.5303855960269175e-08,6,1
12847,8.430924225422132e-08,5,1
12848,0.9851316213607788,1,2
12849,0.9999998807907104,1,2
12850,0.9999809265136719,1,2
12851,0.9999994039535522,1,2
12852,1.3179746929381508e-05,2,1
12853,6.522833473354694e-07,2,1
12854,3.867084785724728e-07,2,1
12855,5.685834025825898e-07,2,1
12856,0.9999704360961914,1,3
12857,1.0,1,5
12858,0.11982350796461105,2,1
12859,1.0,1,2
12860,9.467254858464003e-05,3,1
12861,0.9999896883964539,1,2
12862,7.716714753769338e-05,2,1
12863,0.9900439977645874,1,2
12864,1.357550900138449e-05,2,1
12865,0.03526236116886139,2,1
12866,3.1848493620145746e-08,2,1
12867,0.01211521402001381,2,1
12868,3.030939499382157e-09,8,1
12869,2.6086217630449937e-08,4,1
12870,7.60826424084371e-09,5,1
12871,1.3024955336504718e-08,4,1
12872,0.9999862909317017,1,2
12873,1.0,1,5
12874,0.9999998807907104,1,3
12875,1.0,1,6
12876,0.016086284071207047,3,1
12877,0.017224106937646866,2,1
12878,3.5162305721314624e-05,3,1
12879,2.33282771660015e-05,3,1
12880,0.9992983937263489,1,2
12881,0.6495282649993896,1,2
12882,0.9999997615814209,1,2
12883,0.6088511943817139,1,2
12884,1.0346285961304602e-07,2,1
12885,4.3066286536941334e-08,2,1
12886,1.9403127993200542e-08,3,1
12887,2.9542029267304315e-08,2,1
12888,3.6282446671975777e-05,2,1
12889,0.002324692439287901,2,1
12890,5.17972293891944e-05,2,1
12891,0.671229898929596,1,2
12892,1.2668334825605143e-08,9,1
12893,6.7993526364773516e-09,7,1
12894,6.232481553070102e-08,3,1
12895,3.345512311625498e-09,5,1
12896,0.9999988079071045,1,2
12897,0.9999990463256836,1,2
12898,1.0,1,2
12899,1.0,1,2
12900,1.2668334825605143e-08,9,1
12901,6.7993526364773516e-09,7,1
12902,6.232481553070102e-08,3,1
12903,3.345512311625498e-09,5,1
12904,0.023354684934020042,2,1
12905,0.0009133144631050527,2,1
12906,7.408133387798443e-05,3,1
12907,3.599104456952773e-05,2,1
12908,4.8647351036379405e-08,9,1
12909,8.841967158446096e-09,5,1
12910,2.0541886414093824e-08,5,1
12911,1.1812264055777177e-08,4,1
12912,1.0,1,6
12913,1.0,1,6
12914,1.0,1,6
12915,1.0,1,6
12916,1.2536402209661901e-05,2,1
12917,0.6584329605102539,1,2
12918,4.530677983893838e-07,2,1
12919,0.0001870673440862447,2,1
12920,1.0,1,6
12921,1.0,1,4
12922,1.0,1,6
12923,1.0,1,5
12924,1.878293915069662e-05,4,1
12925,9.119237802224234e-06,3,1
12926,3.6311504914010584e-07,4,1
12927,4.4786227704207704e-07,3,1
12928,1.0775738079615849e-09,10,1
12929,2.269938681465078e-09,9,1
12930,3.016929817079017e-09,7,1
12931,3.6834979511013444e-09,7,1
12932,3.928072089820489e-07,3,1
12933,2.0388527843806514e-07,4,1
12934,1.135037237531833e-07,5,1
12935,3.285402883079769e-08,6,1
12936,1.0,1,4
12937,1.0,1,4
12938,1.0,1,4
12939,1.0,1,7
12940,1.2387272541047878e-08,10,1
12941,1.1110405040426485e-08,7,1
12942,4.105204176596544e-09,6,1
12943,4.896633321038735e-09,5,1
12944,1.0,1,5
12945,1.0,1,5
12946,1.0,1,5
12947,1.0,1,7
12948,3.815469540313643e-07,3,1
12949,1.4503812906241365e-07,4,1
12950,5.609098607806118e-08,4,1
12951,6.531559648692564e-08,4,1
12952,1.0,1,3
12953,1.0,1,3
12954,1.0,1,5
12955,1.0,1,6
12956,4.018989585574673e-09,7,1
12957,7.2131354222904065e-09,5,1
12958,2.5497330913282212e-09,8,1
12959,6.423184650827807e-09,4,1
12960,1.0,1,4
12961,1.0,1,5
12962,1.0,1,6
12963,1.0,1,6
12964,4.367464043752989e-07,9,1
12965,1.9146906993228185e-07,6,1
12966,4.142434306686482e-08,11,1
12967,6.926774887006104e-08,7,1
12968,1.0,1,6
12969,1.0,1,7
12970,1.0,1,7
12971,1.0,1,7
12972,1.26585575799254e-07,6,1
12973,3.857838137832914e-08,6,1
12974,1.2666403037542295e-08,8,1
12975,2.1204144218245347e-08,4,1
12976,0.9999368190765381,1,2
12977,0.9999909400939941,1,2
12978,0.9999486804008484,1,2
12979,0.9997624158859253,1,2
12980,0.996743381023407,1,2
12981,0.2553356885910034,2,1
12982,0.5939396023750305,1,2
12983,1.098454504244728e-06,2,1
12984,1.0,1,4
12985,1.0,1,5
12986,1.0,1,4
12987,1.0,1,5
12988,1.1789575538045938e-08,4,1
12989,3.1110669596046137e-08,4,1
12990,8.854507349553842e-09,9,1
12991,7.560094772429693e-09,8,1
12992,1.0,1,5
12993,1.0,1,6
12994,1.0,1,2
12995,1.0,1,5
12996,3.1404380251842667e-07,5,1
12997,2.9612664320666227e-08,10,1
12998,4.9668564372495894e-08,9,1
12999,1.2167694407594354e-08,9,1
13000,0.9999991059303284,1,3
13001,0.9997950792312622,1,2
13002,0.9999999403953552,1,3
13003,0.9999940395355225,1,2
13004,1.940240963449469e-06,4,1
13005,6.106271399630714e-08,4,1
13006,4.882199888811556e-08,3,1
13007,1.4175312479380864e-08,4,1
13008,0.9463287591934204,1,2
13009,5.296808467392111e-07,3,1
13010,0.9967990517616272,1,2
13011,1.0328107435952916e-07,3,1
13012,6.353175763251784e-08,5,1
13013,9.875503970135924e-09,4,1
13014,1.773920743630697e-08,5,1
13015,4.653394114484399e-09,7,1
13016,0.9999942183494568,1,3
13017,0.9996814727783203,1,2
13018,0.9999998807907104,1,3
13019,0.9996311664581299,1,2
13020,5.763944500358775e-06,4,1
13021,7.301408686544164e-07,3,1
13022,7.037665739062504e-08,3,1
13023,1.0541477735159788e-07,3,1
13024,0.007747350726276636,2,1
13025,0.0036197586450725794,2,1
13026,0.06787418574094772,2,1
13027,0.7650500535964966,1,2
13028,5.440392669697758e-06,4,1
13029,7.146824714254763e-07,4,1
13030,6.931070402060868e-07,3,1
13031,2.371005933810011e-07,3,1
13032,1.0,1,3
13033,0.01314238179475069,2,1
13034,1.0,1,4
13035,0.10943222045898438,2,1
13036,0.0015669649001210928,3,1
13037,0.8531926870346069,1,2
13038,0.00018344561976846308,3,1
13039,0.9790412187576294,1,2
13040,0.9999931454658508,1,2
13041,0.9999998807907104,1,3
13042,0.9999942779541016,1,3
13043,1.0,1,3
13044,2.742011133705091e-07,4,1
13045,8.824364527981743e-08,3,1
13046,1.0451844190129123e-07,3,1
13047,3.3717082459361336e-08,2,1
13048,0.5567083954811096,1,2
13049,0.9999997019767761,1,3
13050,0.9940075278282166,1,2
13051,0.9999999403953552,1,3
13052,3.0470380352198845e-07,3,1
13053,0.050773900002241135,2,1
13054,0.002617066027596593,2,1
13055,0.9996909499168396,1,2
13056,0.9999979138374329,1,2
13057,0.9998807311058044,1,2
13058,0.9999998807907104,1,2
13059,0.9882083535194397,1,2
13060,0.016235975548624992,2,1
13061,0.0016160220839083195,2,1
13062,0.038665205240249634,2,1
13063,5.518965554074384e-05,2,1
13064,0.9999992847442627,1,2
13065,0.8965015411376953,1,2
13066,1.0,1,5
13067,0.9999995231628418,1,2
13068,7.308667449024142e-08,3,1
13069,1.2590741107487702e-06,2,1
13070,9.120676622842439e-07,2,1
13071,8.850288395478856e-06,2,1
13072,2.6954392051692366e-09,7,1
13073,1.7965967344935052e-05,3,1
13074,1.1403317756730758e-07,2,1
13075,0.007103541865944862,2,1
13076,2.6415407639035493e-09,6,1
13077,1.3635541584733346e-08,3,1
13078,3.952291383058082e-09,4,1
13079,3.0755021640516134e-08,3,1
13080,7.857846595626938e-10,11,1
13081,4.5665782977266645e-07,3,1
13082,9.064375916523204e-10,10,1
13083,0.0008793079177848995,2,1
13084,5.819856152555758e-09,9,1
13085,4.366176309389402e-09,5,1
13086,2.491771011747801e-09,10,1
13087,2.2431081436735667e-09,5,1
13088,3.642904999878738e-08,4,1
13089,0.9953209161758423,1,2
13090,0.14124393463134766,2,1
13091,1.0,1,4
13092,1.1555091106174586e-07,4,1
13093,0.9990314245223999,1,2
13094,9.869689421293515e-08,4,1
13095,0.9991907477378845,1,2
13096,0.9999992847442627,1,2
13097,1.0,1,3
13098,1.0,1,2
13099,1.0,1,5
13100,4.4016738343088946e-07,3,1
13101,1.290000710696404e-07,4,1
13102,1.0253346260924445e-07,4,1
13103,8.986125621390784e-09,8,1
13104,1.0,1,3
13105,0.9999998807907104,1,3
13106,0.9999998807907104,1,2
13107,1.0,1,3
13108,6.669004051218508e-07,8,1
13109,2.8697913379005513e-08,8,1
13110,1.8872628970711958e-06,4,1
13111,3.9431906628806246e-08,6,1
13112,0.9999998807907104,1,2
13113,1.0,1,5
13114,1.0,1,4
13115,1.0,1,5
13116,9.179074368148576e-06,3,1
13117,5.321448384165706e-07,2,1
13118,9.69591383181978e-06,3,1
13119,2.320934527233476e-06,3,1
13120,1.0,1,4
13121,1.0,1,6
13122,1.0,1,4
13123,1.0,1,5
13124,9.677344481318073e-10,9,1
13125,2.9535931478363864e-09,8,1
13126,5.203684705357148e-10,10,1
13127,2.2346617889468234e-09,8,1
13128,1.0,1,2
13129,1.0,1,4
13130,1.0,1,4
13131,1.0,1,5
13132,7.182630490376596e-09,9,1
13133,6.801895491292953e-09,6,1
13134,3.304360784994742e-09,9,1
13135,8.93054252770753e-09,5,1
13136,0.9999960064888,1,2
13137,0.9999998807907104,1,2
13138,1.0,1,2
13139,1.0,1,3
13140,1.1150448386842982e-07,3,1
13141,1.751055300758253e-08,5,1
13142,3.6263998026697664e-08,8,1
13143,5.296008520616624e-09,8,1
13144,1.0,1,8
13145,1.0,1,4
13146,1.0,1,6
13147,1.0,1,6
13148,2.7435248739493545e-06,5,1
13149,8.112241971502954e-07,5,1
13150,1.8476140439815936e-06,6,1
13151,1.0206460956396768e-06,6,1
13152,0.18972039222717285,2,1
13153,0.6077359318733215,1,2
13154,0.9989093542098999,1,2
13155,0.9999611377716064,1,2
13156,5.530529597308487e-05,4,1
13157,5.2835242968285456e-05,4,1
13158,1.962906935659703e-06,3,1
13159,4.3761349388660165e-07,3,1
13160,2.520625130841836e-08,7,1
13161,1.0652890125584236e-07,5,1
13162,1.5155441346337284e-09,8,1
13163,6.05774452822061e-09,9,1
13164,3.9112233025662135e-06,3,1
13165,8.223249210459471e-07,4,1
13166,1.358264682949084e-07,4,1
13167,2.092212696425122e-07,3,1
13168,0.9999877214431763,1,2
13169,1.0,1,6
13170,0.9999998807907104,1,2
13171,1.0,1,6
13172,1.51603592257743e-06,3,1
13173,5.040656674282218e-07,2,1
13174,2.3353136313630785e-08,4,1
13175,2.748215344183791e-08,3,1
13176,1.3508200114031865e-09,6,1
13177,1.804682403516722e-09,5,1
13178,1.1858761750360713e-09,5,1
13179,1.4740294540516174e-09,5,1
13180,4.862813511863351e-07,4,1
13181,5.453160838442273e-07,6,1
13182,2.8515939831663673e-08,8,1
13183,2.744779159513655e-08,6,1
13184,1.0,1,6
13185,1.0,1,8
13186,1.0,1,4
13187,1.0,1,7
13188,6.874149693913978e-09,9,1
13189,3.837837159181845e-09,10,1
13190,5.560404581217426e-09,9,1
13191,4.651078633344241e-09,10,1
13192,0.9999890923500061,1,2
13193,0.9667143821716309,1,2
13194,1.0,1,2
13195,0.9999998807907104,1,2
13196,1.4738052556140246e-08,3,1
13197,5.384807266750613e-09,4,1
13198,1.685895156811057e-08,2,1
13199,6.35277297433845e-09,3,1
13200,1.0,1,4
13201,1.0,1,4
13202,1.0,1,5
13203,1.0,1,6
13204,1.7206588154294877e-08,7,1
13205,1.0132301220266982e-08,5,1
13206,1.851064013180803e-08,5,1
13207,5.874268627081847e-09,5,1
13208,0.9999998807907104,1,2
13209,1.0,1,4
13210,1.0,1,2
13211,1.0,1,5
13212,5.486033956003666e-07,4,1
13213,3.4460927054169588e-06,3,1
13214,2.6576699951874616e-07,6,1
13215,2.406432315638085e-07,4,1
13216,0.9997597932815552,1,2
13217,0.9978650212287903,1,2
13218,0.01004011370241642,2,1
13219,0.9827292561531067,1,2
13220,2.0200755557198136e-07,3,1
13221,6.0094599518834e-08,4,1
13222,3.970776063511039e-08,5,1
13223,1.896913737198247e-08,8,1
13224,7.669278545563429e-10,10,1
13225,1.7220925796479492e-09,6,1
13226,9.315117566188746e-10,8,1
13227,5.012801729264993e-09,4,1
13228,2.421832512311539e-09,7,1
13229,3.334453158032602e-09,5,1
13230,2.5909081546870993e-09,6,1
13231,6.6560623679379205e-09,4,1
13232,0.050159700214862823,2,1
13233,0.9991852641105652,1,2
13234,0.1016106903553009,2,1
13235,0.9999675750732422,1,2
13236,5.748838702857029e-06,4,1
13237,1.2949239135195967e-05,3,1
13238,1.2465110330595053e-06,3,1
13239,7.135197961360973e-07,3,1
13240,0.9999960064888,1,2
13241,0.9098030924797058,1,2
13242,0.9999983310699463,1,2
13243,0.7603915333747864,1,2
13244,2.278739202665747e-06,3,1
13245,3.148837990352149e-08,4,1
13246,5.3493916851721224e-08,4,1
13247,1.7674333108175233e-08,4,1
13248,0.9999997615814209,1,2
13249,1.0,1,3
13250,1.0,1,2
13251,1.0,1,5
13252,1.7591650248505175e-05,4,1
13253,3.4741080980893457e-06,3,1
13254,2.938249963335693e-07,5,1
13255,8.640508752932874e-08,5,1
13256,0.999763011932373,1,2
13257,0.9999996423721313,1,2
13258,0.99993896484375,1,2
13259,0.9999979138374329,1,2
13260,1.721141273947069e-08,4,1
13261,1.2379284726193873e-06,3,1
13262,6.7435577122409995e-09,6,1
13263,3.354945832256817e-08,3,1
13264,1.0,1,3
13265,0.9999986886978149,1,2
13266,1.0,1,4
13267,0.9999998807907104,1,2
13268,0.9993496537208557,1,2
13269,0.7411020398139954,1,2
13270,0.9973970055580139,1,2
13271,0.9512152075767517,1,2
13272,0.02415243349969387,2,1
13273,0.1561516374349594,2,1
13274,0.9540788531303406,1,2
13275,0.8372616767883301,1,2
13276,1.1618491271292442e-06,3,1
13277,3.299588868799219e-08,5,1
13278,3.5879818227613214e-08,9,1
13279,1.527446258364762e-08,7,1
13280,2.072804505814929e-08,6,1
13281,1.3274777302285656e-05,4,1
13282,5.762619181837181e-08,4,1
13283,0.06916282325983047,2,1
13284,3.3224307571799727e-06,4,1
13285,6.508329875032359e-08,3,1
13286,4.2836738600726676e-08,6,1
13287,3.244321788997695e-08,4,1
13288,4.139624707022449e-06,4,1
13289,2.763285010587424e-06,2,1
13290,1.094481376640033e-07,3,1
13291,1.2234047062520403e-05,2,1
13292,5.938177309872117e-07,4,1
13293,3.855629256577231e-05,2,1
13294,7.021229180281807e-07,3,1
13295,9.068122608368867e-07,3,1
13296,1.0,1,5
13297,1.0,1,6
13298,1.0,1,5
13299,1.0,1,6
13300,5.850978936905449e-07,3,1
13301,4.264931590114429e-07,2,1
13302,1.8123937195468898e-07,3,1
13303,7.080414121674039e-08,4,1
13304,1.0,1,8
13305,1.0,1,7
13306,1.0,1,7
13307,1.0,1,6
13308,7.0658940920509394e-09,3,1
13309,6.958564391368327e-09,3,1
13310,2.122024511663767e-08,2,1
13311,9.061787764608198e-09,3,1
13312,1.0,1,5
13313,1.0,1,5
13314,1.0,1,5
13315,1.0,1,3
13316,4.610692940332228e-06,4,1
13317,5.075873446003243e-07,3,1
13318,2.1161002905500936e-07,4,1
13319,6.679352537730665e-08,4,1
13320,1.0,1,4
13321,0.9958080053329468,1,2
13322,1.0,1,5
13323,0.9980247616767883,1,2
13324,2.8348642899800325e-06,2,1
13325,3.443661262281239e-05,2,1
13326,6.77100047141721e-08,3,1
13327,2.480761850165436e-06,2,1
13328,0.9992873072624207,1,2
13329,0.00011787490075221285,2,1
13330,0.9999998807907104,1,2
13331,0.036872148513793945,2,1
13332,5.8925935242371e-09,8,1
13333,6.68822366378663e-08,2,1
13334,1.3297640322207371e-08,3,1
13335,8.742593848864999e-08,2,1
13336,0.1461610347032547,2,1
13337,6.569325528005265e-09,5,1
13338,0.9995003938674927,1,2
13339,1.2629565837585233e-08,3,1
13340,2.5799753444744056e-09,6,1
13341,0.38033542037010193,2,1
13342,2.5645259249529317e-09,4,1
13343,6.444640348490793e-06,2,1
13344,1.0,1,3
13345,1.0,1,5
13346,1.0,1,6
13347,1.0,1,6
13348,3.161625500069931e-06,4,1
13349,0.00019152021559420973,2,1
13350,1.0160714936091608e-07,3,1
13351,2.8776436010957696e-05,2,1
13352,0.9999998211860657,1,3
13353,1.0,1,5
13354,1.0,1,7
13355,1.0,1,6
13356,7.375747657079046e-08,4,1
13357,5.200684682904466e-08,4,1
13358,4.114085072615126e-09,7,1
13359,2.212950356295096e-08,4,1
13360,0.9999979734420776,1,3
13361,1.0,1,5
13362,1.0,1,3
13363,1.0,1,5
13364,2.769216393971874e-07,2,1
13365,1.6886862397313962e-07,2,1
13366,2.1850421916269624e-08,6,1
13367,2.7176177752608055e-08,3,1
13368,1.113473558689293e-06,2,1
13369,1.4733416719536763e-05,2,1
13370,0.999988317489624,1,2
13371,0.9999982714653015,1,2
13372,1.3394327424975927e-07,4,1
13373,7.027190207509193e-08,3,1
13374,1.875357646952125e-08,8,1
13375,1.3574767976365365e-08,3,1
13376,0.9999999403953552,1,6
13377,0.9999999403953552,1,4
13378,1.0,1,6
13379,1.0,1,5
13380,2.1884794477955438e-05,4,1
13381,1.7924879784914083e-06,4,1
13382,7.089892051226343e-07,5,1
13383,1.2928558135172352e-06,3,1
13384,1.0,1,4
13385,1.0,1,6
13386,1.0,1,4
13387,1.0,1,7
13388,3.760926858831226e-07,4,1
13389,2.9697051928678775e-08,6,1
13390,6.3636882430273545e-09,8,1
13391,1.4276331228302297e-08,7,1
13392,1.0,1,4
13393,1.0,1,6
13394,1.0,1,5
13395,1.0,1,6
13396,8.618226274847984e-07,4,1
13397,2.816283597439906e-07,3,1
13398,1.1765371255023638e-07,6,1
13399,9.416794455319177e-08,5,1
13400,1.0,1,2
13401,1.0,1,2
13402,1.0,1,2
13403,1.0,1,2
13404,2.7370475663701654e-08,7,1
13405,5.56586137179238e-08,2,1
13406,1.5136095043999376e-08,9,1
13407,2.137159249571141e-08,3,1
13408,0.9998182058334351,1,2
13409,0.27896520495414734,2,1
13410,1.0,1,5
13411,0.9999997615814209,1,2
13412,0.0010544674005359411,2,1
13413,3.32921690215926e-09,6,1
13414,2.0487434539973037e-06,3,1
13415,2.799096421313152e-08,3,1
13416,7.119400180499724e-08,4,1
13417,2.0264191391561326e-07,4,1
13418,2.883507249862305e-06,2,1
13419,0.0016617514193058014,2,1
13420,8.017120194381278e-07,4,1
13421,3.9928926298671286e-07,3,1
13422,2.150048032945051e-07,7,1
13423,1.472550508196946e-07,4,1
13424,1.0,1,3
13425,0.999998152256012,1,2
13426,0.9999986886978149,1,2
13427,0.9999942183494568,1,2
13428,3.8880304487065587e-07,3,1
13429,2.948956279169579e-08,6,1
13430,4.6755683769106327e-08,5,1
13431,2.0885122964386937e-08,6,1
13432,0.9999998807907104,1,5
13433,1.0,1,10
13434,1.0,1,5
13435,1.0,1,6
13436,1.316077913315894e-08,5,1
13437,2.373827356905167e-08,4,1
13438,3.3082772077364098e-09,6,1
13439,9.548746682241926e-09,5,1
13440,1.0,1,6
13441,1.0,1,6
13442,1.0,1,6
13443,1.0,1,6
13444,0.00014452757022809237,4,1
13445,0.00014261975593399256,4,1
13446,3.2551693038840313e-06,3,1
13447,2.648895360835013e-06,3,1
13448,0.9839933514595032,1,2
13449,0.9999996423721313,1,2
13450,0.9960600733757019,1,2
13451,0.9999997615814209,1,2
13452,0.00014452757022809237,4,1
13453,0.00014261975593399256,4,1
13454,3.2551693038840313e-06,3,1
13455,2.648895360835013e-06,3,1
13456,1.0,1,9
13457,1.0,1,9
13458,1.0,1,7
13459,1.0,1,7
13460,1.368259194833854e-08,8,1
13461,3.556712613317359e-08,4,1
13462,1.0149495466293956e-08,7,1
13463,2.1623842272333604e-08,4,1
13464,1.0,1,6
13465,1.0,1,7
13466,1.0,1,6
13467,1.0,1,6
13468,4.3248780912108487e-07,5,1
13469,8.219896585615061e-08,4,1
13470,9.11699160610624e-08,5,1
13471,3.6756041765784175e-08,4,1
13472,1.0,1,3
13473,1.0,1,7
13474,1.0,1,5
13475,1.0,1,6
13476,2.8078554592525506e-08,8,1
13477,2.6453490065136975e-08,7,1
13478,6.159645238312805e-09,9,1
13479,1.0472654743409748e-08,7,1
13480,0.9999998807907104,1,3
13481,0.9999997615814209,1,3
13482,0.9999996423721313,1,2
13483,0.9999927282333374,1,2
13484,2.3950633476488292e-06,4,1
13485,2.3404403691529296e-05,3,1
13486,1.225639607582707e-07,4,1
13487,1.1367659880079373e-07,3,1
13488,0.9999692440032959,1,2
13489,1.0,1,6
13490,0.9999997615814209,1,2
13491,1.0,1,5
13492,1.0107820136440182e-09,14,1
13493,2.9647118093834024e-09,10,1
13494,5.750711018492893e-10,17,1
13495,3.4996063824621615e-09,10,1
13496,1.0,1,5
13497,1.0,1,5
13498,1.0,1,3
13499,1.0,1,7
13500,2.014115665360805e-07,4,1
13501,4.4857767989014974e-07,3,1
13502,3.961143413278023e-09,9,1
13503,1.2407063820774056e-08,7,1
13504,0.9999937415122986,1,2
13505,1.0,1,6
13506,1.0,1,3
13507,1.0,1,6
13508,1.2480451339058618e-08,7,1
13509,1.257658421849328e-08,7,1
13510,9.855690485949253e-09,7,1
13511,1.1627957263726785e-08,6,1
13512,0.9999994039535522,1,2
13513,0.9999983310699463,1,2
13514,0.9999996423721313,1,2
13515,0.9999996423721313,1,2
13516,9.996894334562967e-08,3,1
13517,4.760534011438722e-08,6,1
13518,4.2468613514756726e-08,3,1
13519,4.392549257659084e-08,3,1
13520,0.9999999403953552,1,4
13521,1.0,1,11
13522,1.0,1,5
13523,1.0,1,10
13524,3.662363923240264e-08,8,1
13525,1.530808276584139e-06,4,1
13526,2.259456621800382e-08,9,1
13527,3.20148359378436e-07,4,1
13528,1.0,1,5
13529,1.0,1,7
13530,1.0,1,6
13531,1.0,1,7
13532,2.146983661077684e-06,6,1
13533,9.248806236428209e-07,3,1
13534,3.5571609657836234e-08,8,1
13535,2.436610486711288e-07,3,1
13536,1.0,1,7
13537,1.0,1,6
13538,1.0,1,8
13539,1.0,1,6
13540,1.3733811101701576e-06,6,1
13541,4.0241317833533685e-07,4,1
13542,1.3951283790447633e-06,5,1
13543,2.2600649174364662e-07,3,1
13544,0.9999997615814209,1,2
13545,0.9633901715278625,1,2
13546,1.0,1,4
13547,1.0,1,3
13548,5.159395186637994e-07,2,1
13549,2.1950715023422163e-08,4,1
13550,1.4884330212794339e-08,3,1
13551,1.1268289412669219e-08,4,1
13552,1.0,1,5
13553,1.0,1,8
13554,1.0,1,4
13555,1.0,1,6
13556,4.77470774029598e-09,6,1
13557,7.984136907168704e-09,6,1
13558,1.3201147952557335e-09,9,1
13559,1.4303059847620148e-09,9,1
13560,0.8816216588020325,1,2
13561,0.9999982118606567,1,2
13562,0.9997648000717163,1,2
13563,0.9999929070472717,1,2
13564,2.94465053229942e-06,3,1
13565,2.413378069832106e-06,4,1
13566,7.532188561754083e-08,5,1
13567,1.450155878046644e-06,4,1
13568,1.0,1,3
13569,1.0,1,3
13570,1.0,1,6
13571,1.0,1,4
13572,9.807870959832599e-09,10,1
13573,4.183029886917211e-07,5,1
13574,1.6745374864512996e-08,5,1
13575,2.4472615933746056e-08,4,1
13576,0.9999905228614807,1,2
13577,0.9554975628852844,1,2
13578,1.0,1,3
13579,0.7964842319488525,1,2
13580,0.05583258718252182,2,1
13581,0.017398932948708534,2,1
13582,0.08491478860378265,2,1
13583,2.6343519493821077e-05,2,1
13584,1.0,1,9
13585,1.0,1,7
13586,1.0,1,6
13587,1.0,1,6
13588,3.7495286875355305e-08,4,1
13589,5.286934445791758e-09,6,1
13590,4.021788235775148e-09,6,1
13591,4.589541191535318e-09,4,1
13592,9.417719937232505e-09,6,1
13593,2.5393163014086895e-05,2,1
13594,3.49875699612312e-05,2,1
13595,0.2581016719341278,2,1
13596,1.2153529382885608e-07,3,1
13597,3.9976470134206465e-07,3,1
13598,8.259102735053148e-09,9,1
13599,2.0125330735254465e-08,6,1
13600,0.021361470222473145,2,1
13601,0.7040234208106995,1,2
13602,0.9999997615814209,1,3
13603,0.9247893691062927,1,2
13604,1.685545214513695e-08,10,1
13605,2.925622410998585e-08,6,1
13606,1.7118338746513473e-08,10,1
13607,1.825385709253169e-08,8,1
13608,1.0,1,5
13609,1.0,1,5
13610,1.0,1,5
13611,1.0,1,5
13612,1.1441195056249853e-05,3,1
13613,2.6869285647990182e-05,3,1
13614,2.9039517812634585e-07,5,1
13615,1.3851348512616823e-06,3,1
13616,1.0,1,2
13617,1.0,1,2
13618,1.0,1,2
13619,1.0,1,2
13620,2.7867114837931695e-08,14,1
13621,2.911389458404301e-07,6,1
13622,1.501372537404677e-08,10,1
13623,2.943920840436931e-08,8,1
13624,1.0,1,6
13625,1.0,1,6
13626,1.0,1,6
13627,1.0,1,6
13628,3.282310103713826e-07,6,1
13629,9.70441647041298e-07,4,1
13630,1.5882836379432774e-08,8,1
13631,2.6102696892849053e-08,8,1
13632,1.0,1,7
13633,1.0,1,7
13634,1.0,1,5
13635,1.0,1,7
13636,5.7687344678925e-07,3,1
13637,2.034409192219755e-07,3,1
13638,1.022822786467259e-07,5,1
13639,8.032976950289594e-08,4,1
13640,0.9828698039054871,1,2
13641,0.9995304346084595,1,2
13642,0.9998222589492798,1,2
13643,0.999998927116394,1,2
13644,1.9661165424622595e-05,2,1
13645,0.016799597069621086,2,1
13646,0.00013641380064655095,2,1
13647,0.009422553703188896,2,1
13648,1.0,1,4
13649,1.0,1,8
13650,1.0,1,5
13651,1.0,1,6
13652,5.174967299126365e-08,4,1
13653,2.57341614684492e-08,7,1
13654,3.2510230063564904e-09,9,1
13655,6.858853485169902e-09,9,1
13656,2.066269416900468e-06,2,1
13657,3.3845799407572486e-06,2,1
13658,0.5204839110374451,1,2
13659,9.212113809553557e-07,2,1
13660,2.990851442064013e-07,3,1
13661,0.4109751284122467,2,1
13662,7.010439730947837e-06,2,1
13663,0.9899109601974487,1,2
13664,0.004882684908807278,2,1
13665,0.013754528015851974,2,1
13666,7.718475103501987e-07,2,1
13667,0.4673735201358795,2,1
13668,4.518277307852259e-08,11,1
13669,2.9835986424586736e-05,2,1
13670,2.932005527256365e-09,9,1
13671,3.4603783660713816e-06,2,1
13672,1.0,1,7
13673,1.0,1,6
13674,1.0,1,6
13675,1.0,1,6
13676,2.276779014209751e-07,3,1
13677,1.22740066998972e-08,5,1
13678,2.800405063396738e-08,4,1
13679,1.1641450470278869e-08,7,1
13680,3.4150994565607107e-07,2,1
13681,1.3711500287172385e-05,2,1
13682,1.5369094796824356e-07,2,1
13683,6.500614290416706e-06,2,1
13684,5.374259703927464e-09,4,1
13685,8.040559329458574e-09,3,1
13686,4.269225417630196e-09,5,1
13687,4.54294646345943e-09,4,1
13688,0.9999998807907104,1,2
13689,1.0,1,5
13690,0.9999998807907104,1,2
13691,1.0,1,4
13692,6.0995519746143145e-09,5,1
13693,0.0007139521767385304,2,1
13694,6.212862047050294e-08,2,1
13695,4.300982254790142e-05,2,1
13696,1.0,1,6
13697,1.0,1,6
13698,1.0,1,6
13699,1.0,1,6
13700,1.1051366527681239e-05,3,1
13701,4.072039700986352e-06,3,1
13702,3.058882214190817e-08,9,1
13703,8.905613668730439e-08,5,1
13704,1.685879880142238e-07,2,1
13705,2.6937272195937112e-05,2,1
13706,1.0,1,4
13707,1.0,1,3
13708,1.0816481221809227e-07,3,1
13709,9.154474867045792e-08,3,1
13710,1.643813263285665e-08,9,1
13711,2.4975683743377886e-08,8,1
13712,1.0,1,4
13713,1.0,1,5
13714,0.9999998807907104,1,2
13715,1.0,1,5
13716,2.2872904992254917e-07,3,1
13717,4.572584089146403e-08,4,1
13718,2.102163110251354e-09,8,1
13719,1.672963634291591e-08,3,1
13720,0.667626142501831,1,2
13721,0.9999938011169434,1,2
13722,0.9999769330024719,1,2
13723,0.9999777674674988,1,2
13724,0.0013794288970530033,3,1
13725,4.20900187236839e-06,3,1
13726,1.620002336721882e-07,3,1
13727,1.1962136170495796e-07,3,1
13728,1.0,1,5
13729,1.0,1,6
13730,1.0,1,3
13731,1.0,1,6
13732,3.1431926572622615e-07,3,1
13733,5.379606449196217e-08,6,1
13734,1.4893816846495156e-08,9,1
13735,2.162252421555877e-08,6,1
13736,0.9650833010673523,1,2
13737,0.9999998807907104,1,2
13738,0.9999808073043823,1,2
13739,0.9999996423721313,1,2
13740,4.627383987099165e-08,4,1
13741,6.704995314521511e-08,3,1
13742,1.705514307559497e-08,9,1
13743,2.2394544885173673e-08,6,1
13744,1.0,1,3
13745,1.0,1,5
13746,1.0,1,4
13747,1.0,1,6
13748,4.17659111917601e-06,3,1
13749,6.0093611864431296e-06,3,1
13750,2.3496386347687803e-07,3,1
13751,6.533666123686999e-07,3,1
13752,0.9056399464607239,1,2
13753,0.04490039125084877,2,1
13754,0.9999984502792358,1,2
13755,0.2789115011692047,2,1
13756,2.5646691881320294e-08,10,1
13757,7.773818921918974e-09,9,1
13758,1.8559711989496464e-08,10,1
13759,1.1800532995209778e-08,7,1
13760,0.9999991655349731,1,4
13761,1.0,1,9
13762,1.0,1,6
13763,1.0,1,8
13764,1.7832400445172425e-08,9,1
13765,1.0524116689225593e-08,8,1
13766,9.496202046932467e-09,10,1
13767,9.786382371146374e-09,7,1
13768,0.9999932646751404,1,2
13769,0.010393355041742325,2,1
13770,0.9999948143959045,1,2
13771,0.04925265908241272,2,1
13772,1.3357870898289548e-07,6,1
13773,9.792902488925392e-08,2,1
13774,1.8400951873331906e-08,6,1
13775,2.9700732540050012e-08,5,1
13776,0.8880584239959717,1,2
13777,0.00014848240243736655,2,1
13778,0.9965341091156006,1,2
13779,0.0005165383336134255,2,1
13780,1.9535444550911052e-07,2,1
13781,1.1046531511738067e-07,2,1
13782,4.933506758675321e-08,2,1
13783,1.2910511770769517e-08,5,1
13784,0.9999973773956299,1,2
13785,1.0,1,5
13786,0.9999998807907104,1,2
13787,1.0,1,5
13788,1.7789428596870493e-08,9,1
13789,5.130972535738465e-09,6,1
13790,5.0059996148377195e-09,7,1
13791,2.6436024480602782e-09,8,1
13792,1.0,1,5
13793,1.0,1,4
13794,1.0,1,4
13795,0.9999998807907104,1,3
13796,1.0866433513001539e-06,3,1
13797,2.9035368243057746e-07,2,1
13798,1.3759252226464014e-07,3,1
13799,5.15033988790492e-08,3,1
13800,1.0,1,4
13801,1.314608368829795e-07,3,1
13802,0.9999983906745911,1,2
13803,7.048650552121671e-09,6,1
13804,1.9132564830215415e-06,4,1
13805,5.910776508244453e-07,3,1
13806,1.62978693651894e-07,4,1
13807,1.499243893476887e-07,4,1
13808,1.0,1,5
13809,1.0,1,6
13810,1.0,1,6
13811,1.0,1,6
13812,2.9960663141537225e-06,3,1
13813,7.319426913454663e-07,3,1
13814,1.1509803954368181e-07,5,1
13815,1.7123245754646632e-07,3,1
13816,0.9999707341194153,1,3
13817,0.9999945759773254,1,2
13818,1.0,1,3
13819,1.0,1,3
13820,1.0,1,5
13821,1.0,1,7
13822,1.0,1,6
13823,1.0,1,7
13824,0.9999992847442627,1,4
13825,1.0,1,5
13826,1.0,1,6
13827,1.0,1,6
13828,1.7262994589373193e-08,5,1
13829,4.111960905106571e-08,5,1
13830,1.6511398914786923e-09,6,1
13831,1.6188312912390757e-08,5,1
13832,1.0928789606623468e-06,2,1
13833,2.1032750652238974e-08,4,1
13834,7.967662440933054e-07,2,1
13835,2.5185929075632885e-07,2,1
13836,5.886373344310414e-08,4,1
13837,2.2983057235137494e-08,4,1
13838,8.489818625889711e-09,7,1
13839,8.038994359083063e-09,5,1
13840,1.3875521176487382e-08,4,1
13841,5.508783651464455e-09,5,1
13842,2.071883642429384e-08,3,1
13843,1.1074310357628292e-08,4,1
13844,3.517551158438437e-05,3,1
13845,1.742239987834182e-06,3,1
13846,1.6113059473354951e-06,3,1
13847,2.4193695935537107e-07,2,1
13848,1.0,1,3
13849,0.9408538937568665,1,2
13850,1.0,1,4
13851,0.9999920129776001,1,2
13852,2.6549782816687184e-08,5,1
13853,3.121361658031674e-08,4,1
13854,1.1420922874094686e-08,8,1
13855,1.3473393067897632e-08,4,1
13856,0.0058990661054849625,2,1
13857,1.959789551619906e-05,2,1
13858,0.3866141438484192,2,1
13859,9.043099271366373e-05,2,1
13860,1.9404756912422272e-08,4,1
13861,4.16670298264421e-09,6,1
13862,9.016001456529921e-08,3,1
13863,3.0808035234031195e-08,4,1
13864,0.9999998807907104,1,2
13865,1.0,1,3
13866,0.9999997615814209,1,2
13867,1.0,1,3
13868,1.0752122761914507e-05,3,1
13869,1.1451350019342499e-06,3,1
13870,1.1238890351705777e-07,5,1
13871,2.7521235068661554e-08,7,1
13872,0.998585045337677,1,2
13873,1.0,1,2
13874,0.0018023905577138066,2,1
13875,1.0,1,2
13876,6.615643428631302e-07,3,1
13877,9.364397257627388e-09,7,1
13878,7.58175477955092e-09,9,1
13879,2.292451117824612e-09,8,1
13880,3.273310539952945e-06,2,1
13881,4.238892415742157e-06,4,1
13882,3.4635275369510055e-05,2,1
13883,0.0007418483146466315,2,1
13884,2.8712150879073306e-07,2,1
13885,4.6175185275387776e-07,2,1
13886,5.2135266770392263e-08,4,1
13887,5.233052746689282e-08,3,1
13888,0.9964184761047363,1,2
13889,1.0,1,8
13890,0.9999990463256836,1,2
13891,1.0,1,4
13892,6.224546211797133e-08,4,1
13893,3.8143191716244473e-08,5,1
13894,9.96656179808042e-09,7,1
13895,1.3593552061763603e-08,6,1
13896,1.2793755388429418e-08,7,1
13897,4.4871196536178104e-08,7,1
13898,4.478310611233383e-09,9,1
13899,1.1515459696909147e-08,7,1
13900,1.3905270179748186e-06,2,1
13901,7.260786674123665e-07,2,1
13902,2.069774573953964e-08,5,1
13903,3.433307682598752e-08,5,1
13904,0.0003118436725344509,2,1
13905,4.158157935307827e-06,2,1
13906,0.9999797344207764,1,2
13907,0.9997401237487793,1,2
13908,3.323058450632743e-08,5,1
13909,2.5083672028358706e-08,10,1
13910,1.907653413013577e-08,8,1
13911,7.775776467155993e-09,9,1
13912,0.0035248766653239727,2,1
13913,6.163447324070148e-06,2,1
13914,1.1720964039341197e-06,2,1
13915,0.0007868583779782057,2,1
13916,3.190309172396155e-08,4,1
13917,2.2797735255153384e-06,2,1
13918,1.377079783537738e-08,3,1
13919,1.2336507815291498e-08,3,1
13920,0.999591588973999,1,2
13921,1.0,1,4
13922,1.0,1,3
13923,1.0,1,3
13924,9.395741074058606e-09,7,1
13925,4.08537159657385e-09,6,1
13926,4.352572968713275e-09,7,1
13927,1.8275303492742978e-09,7,1
13928,1.0,1,6
13929,1.0,1,6
13930,1.0,1,6
13931,1.0,1,6
13932,9.66675997915445e-07,2,1
13933,1.1104260622119e-08,4,1
13934,4.067243253302877e-07,2,1
13935,3.392446101813107e-09,5,1
13936,0.13032302260398865,2,1
13937,0.9429031610488892,1,2
13938,0.028612244874238968,2,1
13939,0.3528992235660553,2,1
13940,3.8192766282918456e-08,5,1
13941,8.65559712792674e-09,6,1
13942,6.560886056661275e-09,7,1
13943,2.6514748174832903e-09,7,1
13944,1.0,1,10
13945,1.0,1,6
13946,1.0,1,6
13947,1.0,1,7
13948,3.868236149173754e-07,3,1
13949,1.8384989743935876e-06,3,1
13950,3.2232424018729944e-07,4,1
13951,1.299942141486099e-06,3,1
13952,0.946045994758606,1,2
13953,0.9999074339866638,1,2
13954,0.9999998807907104,1,2
13955,0.9999998807907104,1,3
13956,1.2599279841651878e-07,5,1
13957,1.562434270852009e-08,7,1
13958,2.677954746843625e-09,10,1
13959,3.335185017050435e-09,7,1
13960,1.0,1,7
13961,1.0,1,5
13962,1.0,1,5
13963,1.0,1,6
13964,2.0020607394144463e-09,11,1
13965,1.0150349005755288e-08,7,1
13966,4.716588453135273e-09,10,1
13967,6.4909464470019884e-09,4,1
13968,1.0,1,5
13969,0.9999997615814209,1,2
13970,1.0,1,6
13971,1.0,1,5
13972,4.4008436361764325e-07,3,1
13973,7.529043699605609e-08,3,1
13974,4.741675851960281e-08,5,1
13975,2.810416432907914e-08,5,1
13976,1.0,1,3
13977,1.0,1,3
13978,1.0,1,6
13979,1.0,1,2
13980,3.052448391827056e-06,3,1
13981,6.109604555604164e-07,2,1
13982,2.9446238158925553e-07,3,1
13983,1.744096351785629e-07,2,1
13984,4.622497229433975e-08,3,1
13985,0.019759651273489,2,1
13986,3.7617283510371635e-07,3,1
13987,0.008442625403404236,2,1
13988,4.6594095692853443e-08,2,1
13989,5.643200395866188e-08,2,1
13990,5.920851720020437e-08,2,1
13991,1.5075062265168526e-06,2,1
13992,0.08009175211191177,2,1
13993,1.0,1,3
13994,0.9999887943267822,1,2
13995,0.9999996423721313,1,2
13996,1.0087352393384208e-06,3,1
13997,4.853306023733239e-08,6,1
13998,8.94896103886822e-08,3,1
13999,1.2109255820291764e-08,7,1
14000,1.0,1,5
14001,1.0,1,5
14002,1.0,1,5
14003,1.0,1,6
14004,2.936733153546811e-06,4,1
14005,1.9121209504646686e-07,4,1
14006,3.3557371352799237e-06,3,1
14007,3.75930596874241e-07,3,1
14008,1.0,1,5
14009,1.0,1,3
14010,1.0,1,4
14011,1.0,1,4
14012,4.328088323291013e-07,4,1
14013,2.029811980719387e-07,3,1
14014,7.407314797092113e-07,5,1
14015,7.34706304683641e-08,4,1
14016,0.9999927282333374,1,2
14017,0.9998860359191895,1,2
14018,0.9999966621398926,1,2
14019,0.9977592825889587,1,2
14020,3.341524177358224e-07,4,1
14021,1.9234428236813983e-06,2,1
14022,4.5676248561221655e-08,5,1
14023,6.173952016297335e-08,3,1
14024,0.9999983310699463,1,2
14025,1.0,1,3
14026,1.0,1,2
14027,1.0,1,5
14028,2.2191940729499038e-07,2,1
14029,2.1700875549868215e-06,2,1
14030,2.8572888055578005e-08,3,1
14031,1.6999258889427438e-07,2,1
14032,0.9999277591705322,1,2
14033,0.9999998807907104,1,3
14034,1.0,1,4
14035,1.0,1,3
14036,2.09178168120161e-07,5,1
14037,5.013942327991572e-08,6,1
14038,2.402680649993272e-07,4,1
14039,8.704137854920191e-09,6,1
14040,1.0,1,5
14041,1.0,1,7
14042,1.0,1,2
14043,1.0,1,5
14044,7.231252396877608e-08,4,1
14045,1.5357015215045067e-08,4,1
14046,0.9282148480415344,1,2
14047,5.610025333169233e-09,6,1
14048,0.9999724626541138,1,3
14049,0.9999966025352478,1,3
14050,0.9999999403953552,1,3
14051,0.9999992847442627,1,3
14052,7.213991892740523e-08,2,1
14053,1.2534945881270687e-07,3,1
14054,1.3210248006600978e-08,3,1
14055,1.6446032091721463e-08,3,1
14056,0.9999961853027344,1,2
14057,0.9980255961418152,1,2
14058,1.0,1,5
14059,1.0,1,2
14060,6.846634278190322e-06,2,1
14061,2.808359340633615e-07,4,1
14062,2.530737901906832e-06,3,1
14063,2.785456842957501e-08,3,1
14064,1.0,1,2
14065,1.0,1,4
14066,1.0,1,3
14067,1.0,1,4
14068,7.733787299457617e-08,3,1
14069,9.037317028059988e-08,3,1
14070,6.911566430289895e-09,5,1
14071,1.3481104232937469e-08,3,1
14072,0.9983597993850708,1,2
14073,1.0,1,4
14074,0.9563717246055603,1,2
14075,0.9999999403953552,1,3
14076,4.001682827947661e-05,4,1
14077,1.0274188753101043e-05,3,1
14078,4.375546268420294e-06,3,1
14079,4.124177337416768e-07,3,1
14080,1.0,1,2
14081,0.8521792888641357,1,2
14082,1.0,1,5
14083,1.0,1,5
14084,0.0006456002010963857,2,1
14085,9.394824883202091e-05,2,1
14086,7.26045209376025e-06,2,1
14087,1.4124568679108052e-06,2,1
14088,0.9999823570251465,1,2
14089,1.0,1,4
14090,0.999998927116394,1,3
14091,0.9999996423721313,1,3
14092,0.9962822794914246,1,2
14093,0.626798152923584,1,2
14094,7.284922958206153e-07,3,1
14095,3.159136952035624e-07,3,1
14096,0.0006232543964870274,2,1
14097,0.9939828515052795,1,2
14098,0.9991395473480225,1,2
14099,0.9998732805252075,1,2
14100,3.1846067116703125e-08,3,1
14101,6.313051017059479e-06,2,1
14102,1.3347958827125694e-07,2,1
14103,2.4462121928081615e-07,2,1
14104,1.0,1,2
14105,1.0,1,4
14106,0.9999998807907104,1,2
14107,1.0,1,4
14108,4.571729448343831e-07,3,1
14109,3.166213247141059e-08,4,1
14110,9.062134154191881e-09,5,1
14111,5.6395825787092235e-09,7,1
14112,0.9999997615814209,1,2
14113,0.9999926686286926,1,2
14114,0.9999995231628418,1,2
14115,0.9999988079071045,1,2
14116,1.348361644559759e-09,7,1
14117,2.746463945157984e-09,7,1
14118,1.613697619973209e-09,6,1
14119,2.412524180428477e-09,7,1
14120,0.001664183335378766,2,1
14121,0.983255922794342,1,2
14122,4.948971400153823e-05,2,1
14123,0.04843161627650261,2,1
14124,1.5054759387567174e-05,4,1
14125,7.687974346026749e-08,4,1
14126,9.740649176137595e-08,4,1
14127,4.0987284677385105e-08,4,1
14128,1.3131988225723035e-06,2,1
14129,0.9999994039535522,1,2
14130,1.6693829820724204e-06,2,1
14131,0.9999818205833435,1,2
14132,8.085537501756335e-07,4,1
14133,9.26150221403077e-07,4,1
14134,7.587749450976844e-08,4,1
14135,5.0625878600385477e-08,4,1
14136,0.9999983906745911,1,2
14137,1.0,1,5
14138,1.0,1,2
14139,1.0,1,4
14140,2.61054788097681e-06,3,1
14141,2.3092514567224498e-08,5,1
14142,1.7729336221350422e-08,7,1
14143,1.4332617759293953e-08,6,1
14144,0.9999995231628418,1,3
14145,1.0,1,6
14146,1.0,1,6
14147,1.0,1,6
14148,1.300026468697979e-07,4,1
14149,3.55010456587479e-08,6,1
14150,2.6587130719235574e-08,8,1
14151,7.86057974266896e-09,9,1
14152,0.9997022151947021,1,2
14153,1.0,1,3
14154,0.863756537437439,1,2
14155,1.0,1,5
14156,6.5483716227277e-09,5,1
14157,3.536444470597644e-09,9,1
14158,5.710673045555836e-10,8,1
14159,1.2636377499930518e-09,8,1
14160,1.0,1,10
14161,1.0,1,6
14162,1.0,1,2
14163,1.0,1,4
14164,1.1014464007530478e-08,8,1
14165,3.682157867501701e-08,2,1
14166,7.951083347279564e-09,9,1
14167,2.608517313262837e-08,3,1
14168,0.9990372061729431,1,2
14169,0.9999998807907104,1,3
14170,0.9969421625137329,1,2
14171,0.9999998807907104,1,2
14172,3.0293223971966654e-05,2,1
14173,0.9955934286117554,1,2
14174,0.990943431854248,1,2
14175,0.9999945759773254,1,2
14176,1.0,1,4
14177,1.0,1,6
14178,0.002990878652781248,2,1
14179,1.0,1,5
14180,8.251438703155145e-05,3,1
14181,4.295056442060741e-06,4,1
14182,3.25346286444983e-06,5,1
14183,1.5502257610933157e-07,7,1
14184,0.9992862343788147,1,2
14185,0.9999740719795227,1,2
14186,0.9999994039535522,1,2
14187,1.0,1,3
14188,0.006468774285167456,2,1
14189,5.939601396676153e-05,2,1
14190,0.9841539263725281,1,2
14191,0.9999938011169434,1,2
14192,0.9999995231628418,1,3
14193,0.9999998211860657,1,3
14194,1.0,1,6
14195,1.0,1,4
14196,4.3031306518059864e-07,2,1
14197,1.3662049980212032e-07,2,1
14198,1.5009742782012836e-08,5,1
14199,2.648963892681877e-08,4,1
14200,1.0,1,4
14201,1.0,1,6
14202,1.0,1,8
14203,1.0,1,7
14204,5.404988883128681e-07,3,1
14205,1.0624965796068864e-07,3,1
14206,8.992490307946355e-08,4,1
14207,3.789916718233144e-07,3,1
14208,7.417346296278993e-06,3,1
14209,6.119458362263686e-07,3,1
14210,0.9120109677314758,1,2
14211,2.9742285079237263e-08,4,1
14212,6.904227856097123e-09,9,1
14213,7.4495045687683614e-09,8,1
14214,3.999100606222328e-09,9,1
14215,5.160504912282704e-09,8,1
14216,0.0004357181896921247,4,1
14217,5.110550773679279e-06,3,1
14218,0.9996225833892822,1,2
14219,2.5129070309048984e-06,2,1
14220,2.460344035171147e-07,4,1
14221,4.225555585435359e-07,2,1
14222,6.6359961969908454e-09,8,1
14223,1.2281547334680454e-08,5,1
14224,1.0,1,3
14225,1.0,1,4
14226,1.0,1,3
14227,1.0,1,2
14228,3.344359811308095e-07,4,1
14229,5.739234154589212e-08,5,1
14230,7.582202421474449e-09,10,1
14231,2.0979344483862405e-08,5,1
14232,0.9998365044593811,1,2
14233,7.531068746402525e-08,2,1
14234,0.999816358089447,1,2
14235,4.124729002796812e-06,2,1
14236,1.8740649466053583e-05,4,1
14237,9.176593493975815e-07,4,1
14238,2.8845096267104964e-07,5,1
14239,2.2405453137253062e-07,4,1
14240,1.0,1,6
14241,1.0,1,5
14242,1.0,1,7
14243,1.0,1,6
14244,7.555251535507068e-09,9,1
14245,7.030956794551457e-08,3,1
14246,8.48866932301462e-09,9,1
14247,1.3921384045545437e-08,8,1
14248,0.9999993443489075,1,3
14249,0.9999983906745911,1,2
14250,0.9999999403953552,1,3
14251,1.0,1,4
14252,8.022575492816486e-09,10,1
14253,3.601939635444751e-09,9,1
14254,1.8955235159268113e-09,9,1
14255,1.863045495653637e-09,7,1
14256,0.9999991655349731,1,3
14257,0.09540607780218124,2,1
14258,0.9987035393714905,1,2
14259,0.9998112320899963,1,2
14260,5.243302680923989e-08,4,1
14261,2.530283836676972e-06,2,1
14262,0.0002503375581,2,1
14263,5.512423228992702e-08,4,1
14264,1.0,1,5
14265,1.0,1,5
14266,1.0,1,6
14267,1.0,1,6
14268,1.935064908309414e-08,7,1
14269,6.3614074008455646e-09,9,1
14270,4.879237458510488e-09,8,1
14271,3.4618841127098676e-09,8,1
14272,0.03799129277467728,2,1
14273,0.9942997097969055,1,2
14274,0.9999998807907104,1,3
14275,0.9999998807907104,1,3
14276,1.5984900869625562e-07,5,1
14277,3.2527745474908443e-07,4,1
14278,3.114659108405249e-08,6,1
14279,3.8544992975175774e-08,4,1
14280,1.0,1,4
14281,1.0,1,5
14282,1.0,1,5
14283,1.0,1,5
14284,8.789187155855416e-09,19,1
14285,4.634439054740369e-09,13,1
14286,2.5284688121018917e-08,9,1
14287,3.7316123524533396e-09,9,1
14288,1.0,1,9
14289,1.0,1,7
14290,1.0,1,8
14291,1.0,1,7
14292,9.952558684744872e-06,3,1
14293,3.75602269286901e-07,2,1
14294,1.7003347352329e-07,4,1
14295,1.240517946143882e-07,2,1
14296,1.0,1,3
14297,0.9999920129776001,1,2
14298,0.9999991655349731,1,3
14299,0.9996042251586914,1,2
14300,1.723288733046502e-05,2,1
14301,1.9473179690976394e-06,2,1
14302,8.263737640845648e-07,3,1
14303,1.5068637537751783e-07,3,1
14304,0.9999998807907104,1,3
14305,1.0,1,7
14306,1.0,1,5
14307,1.0,1,7
14308,0.6655718684196472,1,2
14309,3.0436811471190595e-07,4,1
14310,0.0034841657616198063,2,1
14311,1.3327709780242003e-07,4,1
14312,0.9999879598617554,1,2
14313,0.9999979138374329,1,2
14314,1.0,1,2
14315,1.0,1,4
14316,6.3330656274729336e-09,8,1
14317,1.2122687564897205e-07,7,1
14318,2.5754584243031786e-08,4,1
14319,2.6755103021969262e-08,5,1
14320,0.9999995231628418,1,2
14321,0.9999518990516663,1,2
14322,0.9999998807907104,1,3
14323,0.9999997615814209,1,3
14324,3.875449650081464e-08,3,1
14325,3.054886121844902e-09,6,1
14326,3.1680293943736615e-09,5,1
14327,2.467993365229404e-09,7,1
14328,0.9999995231628418,1,2
14329,0.9999990463256836,1,2
14330,0.9999811053276062,1,2
14331,0.9999878406524658,1,2
14332,2.2735241600457812e-07,2,1
14333,6.910475036647767e-08,2,1
14334,8.498696857373034e-09,4,1
14335,1.3412292609871201e-08,4,1
14336,1.0,1,8
14337,1.0,1,7
14338,1.0,1,6
14339,1.0,1,6
14340,1.5075370640715846e-07,7,1
14341,3.274251128004835e-07,4,1
14342,6.256016149563948e-08,7,1
14343,9.12393289809188e-08,3,1
14344,0.9999990463256836,1,2
14345,1.0,1,6
14346,1.0,1,3
14347,1.0,1,5
14348,1.8281973268585716e-08,6,1
14349,6.950870101718465e-09,5,1
14350,4.757000127142419e-09,7,1
14351,4.0786058974617845e-09,7,1
14352,3.13616010316764e-06,4,1
14353,0.00608781399205327,2,1
14354,4.3880768885173893e-07,3,1
14355,7.910461135907099e-05,2,1
14356,1.264610602902394e-07,5,1
14357,0.005344878416508436,3,2
14358,6.440226485437961e-08,4,1
14359,1.0977051800864501e-07,2,1
14360,1.4557176655216608e-06,3,1
14361,1.0,1,5
14362,0.6814104914665222,1,2
14363,1.0,1,3
14364,1.1184544064235524e-06,4,1
14365,5.727488883167098e-08,4,1
14366,4.802814501658759e-08,4,1
14367,5.374621281362124e-08,2,1
14368,2.5881934107019333e-07,3,1
14369,9.0305247795186e-06,2,1
14370,4.091136318606914e-08,3,1
14371,1.1412042510983156e-07,2,1
14372,1.830658584367484e-05,3,1
14373,1.3437110624181514e-07,3,1
14374,5.271953114061034e-07,3,1
14375,6.736066637813565e-08,3,1
14376,1.0,1,7
14377,1.0,1,8
14378,1.0,1,6
14379,1.0,1,7
14380,2.815375637510442e-06,3,1
14381,3.1944205147738103e-07,3,1
14382,5.1079904750395144e-08,6,1
14383,2.2742872474168507e-08,7,1
14384,1.4282220945460722e-05,4,1
14385,4.574041668092832e-06,4,1
14386,0.0008548117475584149,2,1
14387,0.0008049783064052463,2,1
14388,2.6675741082726745e-06,3,1
14389,1.9095729442142328e-07,3,1
14390,1.0498179392470774e-07,4,1
14391,4.767067096622668e-08,6,1
14392,0.25653067231178284,2,1
14393,1.0,1,4
14394,0.9165500402450562,1,2
14395,1.0,1,4
14396,2.2237334178498713e-06,3,1
14397,7.667693324719949e-08,4,1
14398,1.3991187586270826e-07,4,1
14399,3.7424140231223646e-08,6,1
14400,1.0,1,2
14401,1.0,1,5
14402,1.0,1,4
14403,1.0,1,5
14404,1.527810589152523e-08,15,1
14405,2.0946201217952876e-08,13,1
14406,1.2881341326931306e-08,10,1
14407,8.869314171988663e-09,10,1
14408,0.018217824399471283,2,1
14409,1.0785781512367976e-07,3,1
14410,0.35897520184516907,2,1
14411,5.769875244254763e-09,4,1
14412,0.9995075464248657,1,2
14413,9.723697402819198e-09,5,1
14414,0.008810168132185936,2,1
14415,8.480879332140034e-10,7,1
14416,1.0,1,4
14417,0.9999998807907104,1,3
14418,1.0,1,5
14419,1.0,1,3
14420,2.700674350819554e-08,14,1
14421,9.600428008127437e-09,13,1
14422,9.902552555729471e-09,8,1
14423,1.2278986716296458e-09,11,1
14424,0.9999079704284668,1,3
14425,1.0,1,10
14426,0.9999998807907104,1,3
14427,1.0,1,10
14428,4.6471797077174415e-07,4,1
14429,2.336299758098903e-07,7,1
14430,3.695977568440867e-08,5,1
14431,2.0915781107078146e-08,8,1
14432,0.9999993443489075,1,3
14433,0.999973475933075,1,2
14434,0.9980898499488831,1,2
14435,1.0,1,2
14436,3.0819499841072684e-08,5,1
14437,9.55785761647121e-09,7,1
14438,1.0621963753010277e-08,6,1
14439,7.4342452194287034e-09,6,1
14440,0.9999943971633911,1,3
14441,1.0,1,8
14442,0.9999998807907104,1,2
14443,1.0,1,6
14444,9.323424592366791e-07,4,1
14445,7.976635743034421e-07,4,1
14446,1.5921879992220056e-07,2,1
14447,0.0031765340827405453,2,1
14448,0.9989911317825317,1,2
14449,0.9999998807907104,1,2
14450,0.9999850988388062,1,2
14451,1.0,1,5
14452,1.0745944933887586e-07,4,1
14453,6.458728307734418e-08,4,1
14454,3.259418335233022e-08,5,1
14455,4.0210540674934236e-08,4,1
14456,0.9999998807907104,1,2
14457,0.9999997615814209,1,2
14458,1.0,1,5
14459,0.9999997615814209,1,2
14460,2.335488716198597e-06,4,1
14461,0.00031469049281440675,2,1
14462,7.813583806637325e-07,3,1
14463,2.2811914277554024e-06,3,1
14464,1.0,1,5
14465,0.9999998807907104,1,2
14466,1.0,1,6
14467,1.0,1,5
14468,5.857476992332522e-08,8,1
14469,8.143722141085163e-09,9,1
14470,8.620011371363034e-09,9,1
14471,4.135405795580027e-09,8,1
14472,0.9992792010307312,1,2
14473,0.999998152256012,1,2
14474,0.9999986886978149,1,2
14475,1.0,1,5
14476,0.0035802414640784264,2,1
14477,1.1023694668210737e-07,2,1
14478,5.894090691072051e-07,2,1
14479,2.127284659536599e-08,4,1
14480,0.004752420354634523,2,1
14481,0.9991178512573242,1,2
14482,0.6595311164855957,1,2
14483,0.9999984502792358,1,2
14484,9.191315264445166e-09,6,1
14485,2.2815743250248488e-07,3,1
14486,4.748750281891034e-09,5,1
14487,7.222598696898785e-08,3,1
14488,1.0,1,6
14489,0.9999998807907104,1,2
14490,1.0,1,4
14491,1.0,1,3
14492,9.035453558681183e-07,2,1
14493,6.421450962079689e-06,2,1
14494,4.0736330220170203e-07,2,1
14495,8.382897931369371e-08,2,1
14496,0.9998869895935059,1,2
14497,1.0,1,3
14498,0.46976161003112793,2,1
14499,0.9837826490402222,1,2
14500,8.512327553944488e-08,4,1
14501,3.952285609898354e-08,5,1
14502,9.770323217139776e-09,8,1
14503,6.9202723551597956e-09,8,1
14504,1.0,1,6
14505,1.0,1,7
14506,1.0,1,6
14507,1.0,1,6
14508,9.250306476360493e-08,3,1
14509,2.546088007093772e-09,6,1
14510,2.1130864169549568e-08,3,1
14511,1.6935712832122363e-09,9,1
14512,1.0,1,3
14513,1.0,1,3
14514,1.0,1,5
14515,1.0,1,4
14516,1.4733722082382883e-06,3,1
14517,3.082202582049831e-08,5,1
14518,6.791203333023077e-08,4,1
14519,1.6846994910224566e-08,6,1
14520,1.0,1,5
14521,0.9999997615814209,1,2
14522,1.0,1,6
14523,1.0,1,6
14524,3.7844624785066117e-06,3,1
14525,1.573461503312501e-07,3,1
14526,2.94008884793584e-07,3,1
14527,5.3597574378727586e-08,5,1
14528,1.0,1,5
14529,1.0,1,6
14530,1.0,1,5
14531,1.0,1,6
14532,3.857092867320944e-09,6,1
14533,1.3401953991021287e-09,8,1
14534,8.414692942437796e-09,3,1
14535,1.1637113495055473e-09,9,1
14536,1.0,1,5
14537,0.9999998807907104,1,3
14538,1.0,1,6
14539,1.0,1,5
14540,9.655667376762267e-09,9,1
14541,4.102723494270322e-09,10,1
14542,2.5838164940950037e-09,8,1
14543,2.574337409910754e-09,10,1
14544,0.9963954091072083,1,2
14545,0.9999778270721436,1,2
14546,1.0,1,3
14547,0.9999998807907104,1,3
14548,2.1632202333421446e-05,3,1
14549,1.402066914124589e-06,4,1
14550,6.2553249335906e-07,3,1
14551,1.417916166701616e-07,5,1
14552,0.9999998807907104,1,3
14553,1.0,1,3
14554,1.0,1,5
14555,1.0,1,5
14556,2.0883806683968942e-08,7,1
14557,5.1083666186002574e-09,7,1
14558,5.270613279151348e-09,6,1
14559,3.414556415393122e-09,7,1
14560,0.9999994039535522,1,2
14561,1.0,1,4
14562,0.9999998807907104,1,3
14563,1.0,1,3
14564,2.5127729941232246e-07,5,1
14565,2.24036648432957e-06,5,1
14566,8.815546514995276e-09,6,1
14567,7.040280358694417e-09,8,1
14568,1.0,1,5
14569,0.9999813437461853,1,2
14570,1.0,1,4
14571,0.9539139270782471,1,2
14572,7.964335395627131e-07,3,1
14573,3.0605505685343815e-08,4,1
14574,0.147255077958107,2,1
14575,1.622330927375515e-07,3,1
14576,0.21021415293216705,2,1
14577,0.9998829960823059,1,2
14578,0.0004386136424727738,2,1
14579,0.9999443292617798,1,2
14580,2.2109593089680857e-07,4,1
14581,1.7546317732097805e-09,8,1
14582,1.943816840821455e-08,5,1
14583,3.780765922556384e-09,7,1
14584,0.999994695186615,1,2
14585,0.0001606854930287227,2,1
14586,0.9999990463256836,1,2
14587,6.295312005022424e-08,2,1
14588,3.098819831848232e-07,2,1
14589,5.605193820201748e-08,2,1
14590,0.31308412551879883,2,1
14591,6.531496410389082e-08,2,1
14592,0.9999994039535522,1,2
14593,3.503204061416909e-05,2,1
14594,0.9999971985816956,1,2
14595,1.5706275746651954e-07,2,1
14596,2.8685434472208726e-08,6,1
14597,9.100732967226577e-08,2,1
14598,1.2284451678112873e-08,7,1
14599,5.576212203095565e-08,3,1
14600,0.9999998807907104,1,3
14601,0.32320401072502136,2,1
14602,1.0,1,5
14603,0.9388797879219055,1,2
14604,1.1244613773442325e-07,3,1
14605,1.9414901686332087e-08,4,1
14606,2.686730127265946e-08,5,1
14607,7.435748905493256e-09,6,1
14608,4.144778742443123e-09,8,1
14609,3.888064092905097e-09,7,1
14610,3.111836566205284e-09,7,1
14611,3.2369833480316856e-09,6,1
14612,5.6978842621902e-07,2,1
14613,6.973527177933647e-08,2,1
14614,1.3560540423895873e-07,2,1
14615,3.782910340532908e-08,2,1
14616,5.899734034642279e-09,7,1
14617,2.273530919083555e-09,6,1
14618,2.5380309409683832e-08,3,1
14619,2.414816790974328e-09,5,1
14620,2.61936623502379e-08,3,1
14621,7.610078789355157e-09,4,1
14622,1.0643926628972622e-08,4,1
14623,5.262647650994268e-09,6,1
14624,0.6521704792976379,1,2
14625,0.9999395608901978,1,2
14626,0.09831646829843521,2,1
14627,0.9999996423721313,1,2
14628,0.0002031715412158519,3,1
14629,6.931173288649006e-07,2,1
14630,2.205224518547766e-06,3,1
14631,1.2882229327715322e-07,2,1
14632,0.9999996423721313,1,3
14633,0.9999999403953552,1,3
14634,1.0,1,4
14635,1.0,1,3
14636,0.00017535255756229162,2,1
14637,3.2353305812193867e-08,3,1
14638,0.9998270869255066,1,2
14639,7.361148163909093e-05,2,1
14640,0.5460101366043091,1,2
14641,0.9999994039535522,1,2
14642,1.0,1,4
14643,1.0,1,3
14644,2.940812180440844e-07,2,1
14645,9.888985368888825e-05,2,1
14646,0.9987788200378418,1,2
14647,0.0037829119246453047,2,1
14648,0.06084055453538895,2,1
14649,1.0,1,4
14650,1.0,1,6
14651,1.0,1,5
14652,4.949725518343939e-09,9,1
14653,5.1619517549283955e-09,10,1
14654,2.7513977762794184e-09,9,1
14655,2.782216901309198e-09,10,1
14656,1.0,1,7
14657,1.0,1,9
14658,1.0,1,7
14659,1.0,1,7
14660,1.2267857982806163e-06,4,1
14661,9.573096093618005e-08,3,1
14662,2.961520451094657e-08,9,1
14663,2.403280596752211e-08,7,1
14664,1.390597753925249e-05,4,1
14665,8.733057370591268e-07,4,1
14666,0.002921141916885972,2,1
14667,2.325142668269109e-05,3,1
14668,1.6114418599499913e-07,6,1
14669,1.7488524406417127e-08,7,1
14670,2.9572573279068592e-09,9,1
14671,2.6319502133276274e-09,9,1
14672,0.9999821782112122,1,2
14673,0.9998958110809326,1,2
14674,1.0,1,5
14675,1.0,1,3
14676,3.4520930967119057e-06,5,1
14677,1.4538795767293777e-07,4,1
14678,2.1696396856896172e-07,4,1
14679,4.937188435860662e-08,4,1
14680,1.0,1,6
14681,1.0,1,6
14682,1.0,1,5
14683,1.0,1,6
14684,9.727730230224552e-07,4,1
14685,1.4777950241295912e-07,4,1
14686,4.4700620094317856e-08,8,1
14687,3.94937025305353e-08,6,1
14688,1.9465717286948347e-06,4,1
14689,1.0,1,6
14690,6.971292521029682e-08,5,1
14691,1.0,1,7
14692,3.5887740523321554e-05,4,1
14693,2.5065109099386973e-08,6,1
14694,3.84105147688274e-09,8,1
14695,1.0279286755121575e-08,9,1
14696,2.0992471760905573e-08,8,1
14697,0.9999998807907104,1,2
14698,9.057053773631196e-09,6,1
14699,1.0,1,4
14700,6.418753883963291e-08,5,1
14701,7.151301417707145e-08,3,1
14702,1.0335689637486212e-08,6,1
14703,5.627389754181422e-08,2,1
14704,1.0,1,6
14705,1.0,1,6
14706,1.0,1,7
14707,1.0,1,6
14708,4.000661135705741e-07,4,1
14709,2.213715504240099e-07,4,1
14710,9.961667046809453e-08,4,1
14711,2.1527563376366743e-07,3,1
14712,0.9999995231628418,1,3
14713,0.9999998807907104,1,3
14714,0.9999986290931702,1,3
14715,0.9999991655349731,1,2
14716,8.414584158344951e-07,3,1
14717,2.2444841363267187e-07,4,1
14718,7.75733752789165e-08,6,1
14719,1.6303035010878375e-07,3,1
14720,1.0,1,6
14721,1.0,1,5
14722,1.0,1,7
14723,1.0,1,5
14724,0.9999998807907104,1,8
14725,0.999999463558197,1,4
14726,0.9999195337295532,1,3
14727,0.9998464584350586,1,2
14728,1.0,1,5
14729,1.0,1,5
14730,1.0,1,5
14731,1.0,1,6
14732,1.6111822333186865e-05,3,1
14733,6.279977355916344e-07,3,1
14734,9.233755804416433e-07,4,1
14735,5.202521151659312e-07,3,1
14736,1.0,1,3
14737,1.0,1,5
14738,1.0,1,3
14739,1.0,1,5
14740,1.6111822333186865e-05,3,1
14741,6.279977355916344e-07,3,1
14742,9.233755804416433e-07,4,1
14743,5.202521151659312e-07,3,1
14744,1.0,1,4
14745,1.0,1,5
14746,1.0,1,5
14747,1.0,1,5
14748,0.7125182747840881,1,2
14749,1.0408935850136913e-05,4,1
14750,2.7870680696651107e-07,3,1
14751,3.246377033860881e-08,4,1
14752,1.0,1,7
14753,1.0,1,5
14754,1.0,1,7
14755,1.0,1,6
14756,0.00027091766241937876,3,1
14757,3.9222544501171797e-07,4,1
14758,0.6451758146286011,1,2
14759,8.588173659518361e-05,2,1
14760,1.0,1,3
14761,1.0,1,6
14762,1.0,1,5
14763,1.0,1,5
14764,8.090005820804436e-08,3,1
14765,8.781514679867541e-07,3,1
14766,4.163242550703217e-08,6,1
14767,4.845750822823902e-08,3,1
14768,1.0,1,6
14769,1.0,1,5
14770,1.0,1,7
14771,1.0,1,6
14772,7.015419356548591e-08,8,1
14773,2.28973870974869e-08,7,1
14774,3.714420993006229e-09,10,1
14775,9.115233901013653e-09,9,1
14776,1.0,1,6
14777,1.0,1,7
14778,1.0,1,6
14779,1.0,1,6
14780,5.373934541808012e-08,8,1
14781,1.5521429475029436e-07,3,1
14782,9.977648929293537e-09,7,1
14783,3.8423731751890955e-08,3,1
14784,0.8107998371124268,1,2
14785,0.898779034614563,1,2
14786,0.9999950528144836,1,2
14787,0.9999480843544006,1,2
14788,7.586662604808225e-07,4,1
14789,8.511483429174405e-07,3,1
14790,7.621123643275496e-08,6,1
14791,1.396670938902389e-07,3,1
14792,1.0,1,7
14793,1.0,1,7
14794,1.0,1,7
14795,1.0,1,7
14796,0.0001009807238006033,4,1
14797,4.215071385260671e-06,4,1
14798,2.1873302102903835e-06,5,1
14799,3.222633324639901e-07,5,1
14800,1.0,1,10
14801,1.0,1,9
14802,1.0,1,6
14803,1.0,1,8
14804,1.0,1,5
14805,1.0,1,6
14806,1.0,1,6
14807,1.0,1,6
14808,0.0015096054412424564,3,1
14809,0.015418876893818378,3,1
14810,1.0019768524216488e-05,3,1
14811,0.0001249365886906162,4,1
14812,0.9999992847442627,1,2
14813,0.9999908804893494,1,2
14814,0.0004187279846519232,2,1
14815,0.0036960963625460863,2,1
14816,1.0,1,6
14817,1.0,1,6
14818,1.0,1,6
14819,1.0,1,6
14820,9.880289475461268e-09,5,1
14821,7.724352002469459e-08,5,1
14822,0.00295819528400898,2,1
14823,0.01180420070886612,2,1
14824,0.9999421238899231,2,10
14825,0.9896196722984314,2,3
14826,0.9958861470222473,2,3
14827,0.8947234153747559,2,3
14828,2.962139644679951e-09,12,1
14829,4.6061662817287186e-10,13,1
14830,5.227552613007447e-09,8,1
14831,1.7043815248030114e-09,11,1
14832,0.00684814527630806,3,1
14833,1.4101212286732334e-07,5,1
14834,0.996371865272522,1,2
14835,0.0009539497550576925,3,1
14836,6.1015423824528625e-09,10,1
14837,1.883016942372251e-08,9,1
14838,5.40729638842663e-09,10,1
14839,3.7132374952619784e-09,9,1
14840,1.0,1,6
14841,1.0,1,6
14842,1.0,1,2
14843,1.0,1,5
14844,7.180659622463281e-08,2,1
14845,3.5521348085154614e-09,6,1
14846,0.0004293226229492575,2,1
14847,6.5387117942350415e-09,4,1
14848,1.0,1,5
14849,1.0,1,6
14850,1.0,1,4
14851,1.0,1,6
14852,1.704148644421366e-08,7,1
14853,2.475032978566105e-08,5,1
14854,2.0468435835141463e-08,5,1
14855,2.5735925390790726e-08,4,1
14856,0.9999951720237732,1,2
14857,1.0,1,4
14858,0.9999998807907104,1,2
14859,1.0,1,4
14860,1.092360207621823e-06,3,1
14861,2.525177578149851e-08,7,1
14862,6.841480626462726e-07,4,1
14863,1.5164212996410242e-08,9,1
14864,5.884688289370388e-05,2,1
14865,0.5597065687179565,1,2
14866,0.00022562126105185598,2,1
14867,0.061800517141819,2,1
14868,0.9993305802345276,1,2
14869,0.9999757409095764,1,2
14870,0.9899626970291138,1,2
14871,0.9999691247940063,1,2
14872,1.0,1,4
14873,1.0,1,4
14874,1.0,1,6
14875,1.0,1,6
14876,1.0367499498897814e-06,2,1
14877,3.349684050135693e-07,2,1
14878,3.4180712304987537e-07,2,1
14879,8.412159218096349e-07,2,1
14880,0.9999988079071045,1,2
14881,1.0,1,3
14882,0.9999910593032837,1,2
14883,0.9999973177909851,1,2
14884,2.3265340587386163e-07,3,1
14885,5.592847855950822e-07,2,1
14886,6.87104702024044e-08,2,1
14887,1.2938816951191257e-07,2,1
14888,1.0,1,4
14889,1.0,1,5
14890,1.0,1,5
14891,1.0,1,5
14892,8.342368573721615e-08,4,1
14893,2.0311091475377907e-07,2,1
14894,4.873101389080148e-08,5,1
14895,4.6538762177306126e-08,3,1
14896,1.0,1,5
14897,1.0,1,5
14898,1.0,1,5
14899,1.0,1,5
14900,3.0696578612321446e-09,9,1
14901,1.4114277524512886e-09,7,1
14902,2.8552604725007313e-09,8,1
14903,1.5855736723580094e-09,7,1
14904,0.00014755033771507442,2,1
14905,0.020646007731556892,2,1
14906,5.619912712973019e-07,2,1
14907,0.9905267357826233,1,2
14908,2.41435986936267e-06,4,1
14909,7.445672167705197e-08,2,1
14910,7.45360182463628e-08,5,1
14911,1.4137537363012598e-08,4,1
14912,1.0,1,6
14913,1.0,1,4
14914,1.0,1,5
14915,1.0,1,5
14916,6.889641554153059e-06,2,1
14917,6.532044949381088e-08,2,1
14918,1.7495270299150434e-07,2,1
14919,1.1646939412912616e-07,2,1
14920,1.0,1,8
14921,1.0,1,7
14922,1.0,1,8
14923,1.0,1,7
14924,7.000007826718502e-07,4,1
14925,2.817640698538071e-08,5,1
14926,6.638100558120641e-08,5,1
14927,1.694250606476544e-08,7,1
14928,1.0,1,8
14929,1.0,1,7
14930,1.0,1,8
14931,1.0,1,6
14932,0.0016276623355224729,4,1
14933,0.9999340176582336,1,2
14934,6.202991062309593e-05,4,1
14935,0.9999918937683105,1,2
14936,0.9999996423721313,1,2
14937,0.9596109390258789,1,2
14938,0.011814440600574017,2,1
14939,0.9999887943267822,1,2
14940,1.4304679218923866e-08,7,1
14941,6.8988437185169005e-09,6,1
14942,2.093612172515691e-09,12,1
14943,1.5214585147305115e-09,8,1
14944,1.0,1,4
14945,1.0,1,5
14946,1.0,1,4
14947,1.0,1,6
14948,2.142122639270383e-07,3,1
14949,3.5969918599221273e-07,3,1
14950,3.470170284458618e-08,9,1
14951,1.674518479433118e-08,6,1
14952,0.9845120906829834,2,3
14953,0.9999681115150452,1,4
14954,0.9993789196014404,1,3
14955,0.998315691947937,1,3
14956,0.00042139727156609297,3,1
14957,6.962373788610421e-09,8,1
14958,8.976687695394503e-07,4,1
14959,9.774778320092992e-09,7,1
14960,0.9999998807907104,1,3
14961,0.9999998807907104,1,2
14962,1.0,1,3
14963,1.0,1,3
14964,2.552216216145098e-08,8,1
14965,5.714947626245248e-09,9,1
14966,4.039208967299146e-09,8,1
14967,3.2193554488912923e-09,9,1
14968,0.9999924898147583,1,3
14969,0.999990701675415,1,3
14970,0.9999998807907104,1,2
14971,1.0,1,4
14972,4.958642875863006e-06,4,1
14973,3.86342617275659e-06,4,1
14974,3.8292068893497344e-07,4,1
14975,2.5328057517981506e-07,3,1
14976,2.6840513811521305e-08,5,1
14977,1.9241908830736065e-06,2,1
14978,6.924936002405957e-08,3,1
14979,0.006575453095138073,2,1
14980,3.492971927698818e-06,4,1
14981,5.058687406744866e-07,2,1
14982,4.7813824721743e-07,3,1
14983,1.3448905633595132e-07,3,1
14984,0.03300991281867027,2,1
14985,0.0927506759762764,2,1
14986,0.4424595832824707,2,1
14987,0.9999995231628418,1,2
14988,6.39318216144602e-08,4,1
14989,6.084447168319684e-09,7,1
14990,1.6059447105476465e-09,8,1
14991,1.123201864849932e-09,8,1
14992,1.0,1,3
14993,1.0,1,7
14994,0.9999998807907104,1,2
14995,1.0,1,6
14996,6.20518790128699e-07,3,1
14997,3.81635686608206e-07,4,1
14998,5.813079724248382e-07,3,1
14999,1.1298810420612426e-07,4,1
15000,0.9999992847442627,1,3
15001,4.337506798179902e-09,5,1
15002,0.906248152256012,1,2
15003,5.757628596114728e-09,5,1
15004,9.927402011555841e-09,9,1
15005,1.253754788876904e-08,9,1
15006,3.017741612154623e-09,9,1
15007,6.580588074456273e-09,9,1
15008,1.0,1,6
15009,0.9995691776275635,1,2
15010,1.0,1,5
15011,0.9999935626983643,1,2
15012,1.3139290786057245e-05,4,1
15013,1.1181268746440765e-05,3,1
15014,5.452422556118108e-06,3,1
15015,9.834984666667879e-07,3,1
15016,1.0,1,4
15017,3.946139059962661e-08,4,1
15018,1.0,1,5
15019,0.0035208326298743486,2,1
15020,5.7525685406289995e-05,2,1
15021,1.1155099173265626e-06,2,1
15022,1.3581275482010824e-07,3,1
15023,2.5485674015612858e-08,3,1
15024,0.0004906127578578889,3,1
15025,2.7245066576142563e-06,3,1
15026,6.078499126260795e-08,3,1
15027,2.421533906726836e-08,3,1
15028,4.118248034501448e-05,4,1
15029,1.7663903690845473e-06,4,1
15030,4.808109679288464e-07,3,1
15031,1.2113908098854154e-07,3,1
15032,0.0001165969151770696,2,1
15033,1.0,1,5
15034,0.00046727326116524637,2,1
15035,1.0,1,5
15036,4.73597303596307e-08,5,1
15037,2.328348713831474e-08,5,1
15038,4.348344262439241e-08,2,1
15039,1.9592793165656985e-08,5,1
15040,0.9999999403953552,1,4
15041,0.9999999403953552,1,3
15042,0.9999999403953552,1,3
15043,0.9999997615814209,1,3
15044,1.0783418247228838e-07,5,1
15045,1.0119515891915398e-08,5,1
15046,2.3017978634243264e-08,7,1
15047,5.201484576389248e-09,5,1
15048,1.0,1,4
15049,0.9999998807907104,1,3
15050,1.0,1,6
15051,0.9999998807907104,1,3
15052,8.91203399078222e-07,4,1
15053,3.204373228982149e-07,3,1
15054,2.363208011502138e-07,4,1
15055,4.153937993578438e-08,3,1
15056,0.9978126287460327,1,2
15057,0.9959538578987122,1,2
15058,0.9999930262565613,1,3
15059,0.6875398755073547,1,2
15060,1.331166621376667e-09,9,1
15061,3.5990348479231216e-09,8,1
15062,2.0238797304727996e-09,7,1
15063,3.1889573204324506e-09,7,1
15064,1.0,1,7
15065,1.0,1,7
15066,1.0,1,6
15067,1.0,1,6
15068,1.2622390386241022e-06,3,1
15069,2.0506115561147453e-07,3,1
15070,7.014536862470777e-08,4,1
15071,5.830437999065907e-08,4,1
15072,1.0,1,15
15073,1.0,1,7
15074,1.0,1,7
15075,1.0,1,6
15076,6.725895840276053e-09,10,1
15077,2.2688178002994164e-09,7,1
15078,2.0654944421494292e-09,10,1
15079,1.292287055143504e-09,8,1
15080,0.0015555775025859475,3,1
15081,0.9557415843009949,1,2
15082,0.9929693341255188,1,2
15083,0.9999996423721313,1,3
15084,3.1100051955945673e-07,3,1
15085,6.362525795111651e-08,3,1
15086,2.3023906337016342e-08,3,1
15087,1.8188238470884244e-08,5,1
15088,1.0,1,4
15089,1.0,1,3
15090,1.0,1,4
15091,1.0,1,5
15092,1.2264288473673446e-09,10,1
15093,3.1433395886182325e-09,4,1
15094,5.342555731147058e-09,3,1
15095,3.3864853143938944e-09,4,1
15096,0.9999997019767761,1,3
15097,1.0,1,5
15098,0.9999998807907104,1,3
15099,0.9999992847442627,1,2
15100,3.1100051955945673e-07,3,1
15101,6.362525795111651e-08,3,1
15102,2.3023906337016342e-08,3,1
15103,1.8188238470884244e-08,5,1
15104,1.0,1,5
15105,1.0,1,5
15106,1.0,1,5
15107,1.0,1,6
15108,4.975846877641743e-06,5,1
15109,5.8653039758382874e-08,6,1
15110,3.108512203198188e-07,4,1
15111,3.416330685013236e-08,5,1
15112,1.0,1,5
15113,1.0,1,7
15114,1.0,1,5
15115,1.0,1,7
15116,5.619668286271917e-08,6,1
15117,2.713790081543266e-08,6,1
15118,7.907451582411795e-09,9,1
15119,6.06819838822048e-09,8,1
15120,1.0,1,5
15121,1.0,1,6
15122,1.0,1,5
15123,1.0,1,6
15124,2.6199208136290508e-08,3,1
15125,1.5292183519477476e-08,4,1
15126,4.490002147861105e-09,4,1
15127,3.1083902118922424e-09,5,1
15128,4.641854900455655e-08,2,1
15129,1.370156678603962e-05,2,1
15130,5.661743784912687e-07,2,1
15131,0.9980872869491577,1,2
15132,9.084150320859408e-08,2,1
15133,1.6511447142875113e-07,4,1
15134,3.313293177598098e-07,2,1
15135,1.5770991623753616e-08,3,1
15136,7.369897048192797e-08,4,1
15137,0.9789918065071106,1,2
15138,1.4163333617034368e-06,2,1
15139,0.9999938011169434,1,2
15140,1.7074736291533554e-08,2,1
15141,3.376354484885269e-08,3,1
15142,1.2908422775126382e-07,2,1
15143,3.082538455601025e-07,3,1
15144,0.9999985694885254,1,2
15145,0.9996500015258789,1,2
15146,0.9998639822006226,1,2
15147,0.9992906451225281,1,2
15148,6.288016862754375e-08,5,1
15149,8.326138356551382e-08,3,1
15150,7.786002065302e-09,9,1
15151,8.42952019297627e-09,7,1
15152,1.0,1,3
15153,0.9996986389160156,1,2
15154,0.9999956488609314,1,2
15155,0.9999942183494568,1,2
15156,1.832175621530041e-05,3,1
15157,6.955490789550822e-06,4,1
15158,2.0413122570062114e-07,4,1
15159,7.180469197010098e-08,4,1
15160,1.0,1,3
15161,1.0,1,5
15162,1.0,1,5
15163,1.0,1,5
15164,8.541151146346238e-07,4,1
15165,2.503244559193263e-06,2,1
15166,3.622297413130582e-07,3,1
15167,2.16011400766547e-07,3,1
15168,0.9999998807907104,1,3
15169,2.3433136320250014e-08,2,1
15170,1.0,1,4
15171,4.264935959952254e-09,4,1
15172,2.2813727795778505e-08,4,1
15173,9.875956052951551e-09,3,1
15174,4.437844314253425e-09,6,1
15175,3.7872980307440685e-09,6,1
15176,1.0,1,3
15177,0.9999998807907104,1,2
15178,1.0,1,5
15179,0.9999988079071045,1,2
15180,5.83327755521168e-06,3,1
15181,1.9528998507212236e-07,2,1
15182,1.836373598962382e-06,4,1
15183,3.7657478912933584e-08,3,1
15184,1.0,1,6
15185,1.0,1,5
15186,1.0,1,6
15187,1.0,1,6
15188,0.9983471632003784,1,2
15189,0.9999992847442627,1,2
15190,0.04151309281587601,2,1
15191,0.9999972581863403,1,2
15192,1.0,1,4
15193,1.0,1,4
15194,1.0,1,6
15195,1.0,1,5
15196,1.233009243151173e-06,4,1
15197,1.1820949197272057e-07,4,1
15198,9.222438990263981e-08,6,1
15199,1.780048997090944e-08,5,1
15200,1.0,1,5
15201,1.0,1,6
15202,1.0,1,2
15203,1.0,1,6
15204,1.6010990577797202e-07,14,1
15205,7.399325454571226e-07,4,1
15206,2.4930747244411577e-08,8,1
15207,1.5292891930585029e-07,3,1
15208,1.0,1,5
15209,0.9999997615814209,1,2
15210,1.0,1,2
15211,0.9999788403511047,1,2
15212,2.547102667449508e-06,3,1
15213,4.211359282635385e-06,3,1
15214,2.412117794392543e-07,4,1
15215,4.1922427840290766e-07,3,1
15216,1.0,1,4
15217,1.0,1,6
15218,1.0,1,4
15219,1.0,1,7
15220,7.0908710014805365e-09,9,1
15221,2.2719977010865477e-08,5,1
15222,2.430439627332248e-09,9,1
15223,8.691646513625528e-09,5,1
15224,0.00023718074953649193,2,1
15225,0.0001318009599344805,2,1
15226,0.00033767413697205484,2,1
15227,0.0007688499754294753,2,1
15228,7.714712069173402e-08,7,1
15229,6.210528908923152e-07,2,1
15230,1.1280533129820469e-07,4,1
15231,1.0605369737959336e-07,2,1
15232,0.0036142871249467134,2,1
15233,3.4344079580250764e-08,3,1
15234,9.540899554849602e-07,2,1
15235,6.231171134629676e-09,5,1
15236,1.8338548457563775e-08,5,1
15237,1.6777767086750828e-07,2,1
15238,6.005846486800692e-09,4,1
15239,8.847317985782865e-06,2,1
15240,1.0,1,6
15241,1.0,1,6
15242,1.0,1,4
15243,1.0,1,7
15244,8.86431053004344e-07,4,1
15245,1.1848826630966869e-07,3,1
15246,6.567989174754985e-08,4,1
15247,2.586594227693695e-08,4,1
15248,2.1194866349105723e-05,2,1
15249,5.820033344150488e-09,6,1
15250,5.706484174083926e-09,7,1
15251,1.1191453319625566e-09,7,1
15252,9.370760523097488e-08,5,1
15253,1.577589792134404e-08,10,1
15254,1.8211185448535616e-08,8,1
15255,1.4690708205478131e-08,8,1
15256,1.0,1,4
15257,1.0,1,6
15258,1.0,1,5
15259,1.0,1,6
15260,0.3833869695663452,2,1
15261,6.881629133204115e-07,3,1
15262,0.9998752474784851,1,2
15263,2.485696768417256e-07,3,1
15264,0.0035425941459834576,2,1
15265,1.0,1,5
15266,0.001149155548773706,2,1
15267,1.0,1,5
15268,6.169336757011479e-07,2,1
15269,2.878398390748771e-07,2,1
15270,7.960221637404175e-08,2,1
15271,2.0968349190297886e-07,2,1
15272,1.0,1,8
15273,1.0,1,8
15274,1.0,1,5
15275,1.0,1,8
15276,1.2792460424293495e-08,5,1
15277,1.292644810746424e-06,2,1
15278,3.9630648984712025e-08,2,1
15279,5.58705778530566e-07,2,1
15280,6.716283706964532e-08,5,1
15281,1.097373910852184e-06,4,1
15282,1.0997631250120321e-07,4,1
15283,6.192796035975334e-07,3,1
15284,2.500742546374113e-08,9,1
15285,1.3971605206108961e-08,7,1
15286,3.1680236212139334e-09,9,1
15287,3.997743025507816e-09,8,1
15288,1.0,1,4
15289,1.0,1,4
15290,0.9999998807907104,1,2
15291,0.9999986886978149,1,2
15292,3.1491305119146773e-09,9,1
15293,1.4776387224912924e-08,7,1
15294,4.326294433809608e-09,8,1
15295,7.361001586048133e-09,7,1
15296,9.298917547084784e-08,3,1
15297,0.05506401136517525,2,1
15298,0.0007616132497787476,2,1
15299,0.8403915762901306,1,2
15300,1.2742344068783495e-08,3,1
15301,1.830091633792108e-08,4,1
15302,1.0513221404551132e-08,5,1
15303,1.5044250289975025e-08,5,1
15304,0.0026346093509346247,2,1
15305,0.9999637007713318,1,2
15306,0.9989842176437378,1,2
15307,0.9999480843544006,1,2
15308,1.611442826288112e-06,2,1
15309,1.5019311661035317e-07,2,1
15310,3.770804823943763e-06,2,1
15311,1.9769087884924375e-05,2,1
15312,1.0,1,7
15313,1.0,1,7
15314,1.0,1,6
15315,1.0,1,6
15316,1.0256646199024999e-08,7,1
15317,6.250467254886871e-09,7,1
15318,1.2266564652918532e-08,6,1
15319,6.905110261357095e-09,5,1
15320,1.0,1,4
15321,1.0,1,5
15322,1.0,1,3
15323,1.0,1,5
15324,1.4381066648638807e-07,3,1
15325,4.047415913532859e-08,3,1
15326,8.854828870141773e-09,6,1
15327,2.7616934517027403e-08,3,1
15328,0.006444450002163649,2,1
15329,0.9999998807907104,1,4
15330,0.5169022083282471,1,2
15331,1.0,1,6
15332,1.702230520095327e-06,3,1
15333,6.90686476900737e-07,3,1
15334,4.430860656157165e-08,4,1
15335,4.290632560355334e-08,4,1
15336,0.9998874664306641,1,2
15337,0.15315096080303192,2,1
15338,0.9999996423721313,1,2
15339,0.9997594952583313,1,2
15340,4.835786512558116e-06,4,1
15341,3.8350931319541814e-09,5,1
15342,3.440065654558566e-08,2,1
15343,3.966640349517547e-09,4,1
15344,0.9999992847442627,1,2
15345,0.9999994039535522,1,2
15346,1.0,1,5
15347,1.0,1,3
15348,2.0026666334160836e-06,2,1
15349,3.426477590551258e-08,2,1
15350,6.327526591576316e-08,3,1
15351,7.819457081836845e-09,4,1
15352,1.0,1,6
15353,0.9999992847442627,1,2
15354,1.0,1,6
15355,1.0,1,3
15356,5.1042292170677683e-08,3,1
15357,3.779388801916639e-09,5,1
15358,3.3561497048140154e-07,2,1
15359,3.456196884243923e-09,4,1
15360,4.778798029292375e-05,2,1
15361,3.920898716813781e-09,9,1
15362,1.6304567225233768e-06,2,1
15363,1.9738393142176847e-09,9,1
15364,5.626703725170046e-08,7,1
15365,7.251212252867845e-08,6,1
15366,1.5033352340765305e-08,7,1
15367,8.668605744333036e-08,4,1
15368,0.8151198029518127,1,3
15369,2.2111331077212526e-07,7,1
15370,0.03284943476319313,2,1
15371,3.780898083505235e-08,9,1
15372,5.5485632088903e-08,6,1
15373,2.867636226255854e-07,5,1
15374,4.223441152362284e-09,9,1
15375,8.80031834071815e-08,4,1
15376,0.9997321963310242,1,2
15377,3.4203008425492953e-08,4,1
15378,0.9999974370002747,1,2
15379,5.026387750461936e-09,7,1
15380,2.576218793848284e-09,10,1
15381,2.715567148925402e-08,8,1
15382,2.7931379431578307e-09,9,1
15383,1.3166782331097693e-08,7,1
15384,1.0,1,4
15385,1.0,1,4
15386,1.0,1,3
15387,1.0,1,5
15388,6.619867320978301e-08,5,1
15389,2.5782901502680033e-07,4,1
15390,1.947294059334581e-08,6,1
15391,1.1859151882731567e-08,6,1
15392,1.0,1,4
15393,1.0,1,6
15394,1.0,1,6
15395,1.0,1,6
15396,3.013980531818561e-08,2,1
15397,6.456018297740229e-08,2,1
15398,6.49097042781932e-09,4,1
15399,5.6016324911922766e-09,6,1
15400,0.9999955892562866,1,3
15401,1.0,1,4
15402,1.0,1,5
15403,1.0,1,4
15404,0.999951183795929,1,2
15405,0.0002001691609621048,2,1
15406,1.0,1,3
15407,0.025347743183374405,2,1
15408,0.9999999403953552,1,3
15409,0.9999986886978149,1,3
15410,1.0,1,6
15411,1.0,1,4
15412,5.135871106176637e-07,4,1
15413,2.8369846916120878e-08,6,1
15414,7.157144210623301e-08,4,1
15415,1.697997298322207e-08,7,1
15416,0.9997228980064392,1,3
15417,0.9962713122367859,2,3
15418,0.9999582171440125,1,3
15419,0.9997292160987854,1,3
15420,1.8821456251316704e-05,6,1
15421,3.6600876995862563e-08,8,1
15422,1.0391498506123753e-07,5,1
15423,2.1606817668384792e-08,7,1
15424,0.9999997615814209,1,3
15425,0.9723358154296875,1,2
15426,0.9999992847442627,1,3
15427,0.9999808073043823,1,2
15428,2.904295399730472e-07,3,1
15429,1.2528660420230153e-07,3,1
15430,2.1349110568280594e-07,3,1
15431,4.03409110560915e-08,4,1
15432,0.9997116327285767,1,2
15433,1.0,1,5
15434,1.0,1,4
15435,1.0,1,5
15436,0.0029064130503684282,2,1
15437,0.9993786215782166,1,2
15438,0.07897526770830154,2,1
15439,0.9999992847442627,1,2
15440,0.9999998807907104,1,3
15441,0.9999999403953552,1,3
15442,1.0,1,5
15443,1.0,1,4
15444,0.0016459707403555512,3,2
15445,9.560026228427887e-05,4,1
15446,1.3855674296792131e-05,4,1
15447,8.289627544399991e-07,3,1
15448,1.0,1,6
15449,1.0,1,7
15450,1.0,1,8
15451,1.0,1,5
15452,3.1138989697865327e-07,4,1
15453,8.138830942527875e-09,8,1
15454,7.049971628703133e-08,4,1
15455,6.9143486491896056e-09,6,1
15456,0.9999126195907593,1,3
15457,0.999872088432312,1,3
15458,0.9999997615814209,1,3
15459,0.9999988079071045,1,3
15460,3.938236829981179e-07,4,1
15461,3.8250874467848917e-08,6,1
15462,7.316810712865163e-09,9,1
15463,1.0184364462872963e-08,8,1
15464,1.0,1,7
15465,1.0,1,7
15466,1.0,1,6
15467,1.0,1,6
15468,3.4491571568651125e-05,3,1
15469,4.5505726120609324e-07,3,1
15470,5.354301535476225e-08,4,1
15471,4.597753644475233e-08,2,1
15472,1.0,1,6
15473,1.0,1,6
15474,0.9999996423721313,1,3
15475,1.0,1,6
15476,7.575932414738418e-08,4,1
15477,8.811410268094733e-09,7,1
15478,1.1344175376848398e-08,6,1
15479,4.263903452539353e-09,7,1
15480,0.9999995231628418,1,3
15481,1.0,1,4
15482,1.0,1,4
15483,1.0,1,4
15484,1.2973674756722176e-06,2,1
15485,9.21731407288462e-06,2,1
15486,1.625573986530071e-07,2,1
15487,5.366781806515064e-06,2,1
15488,0.014321675524115562,2,1
15489,1.0361119166191202e-05,2,1
15490,0.9790076613426208,1,2
15491,0.15312276780605316,2,1
15492,3.7612554137922416e-07,3,1
15493,5.6968847417238067e-08,2,1
15494,4.6227089711692315e-08,3,1
15495,2.936809373466076e-08,4,1
15496,2.1447674214414292e-07,3,1
15497,1.378572456189886e-08,4,1
15498,1.619761320625912e-07,3,1
15499,8.221212510761688e-08,3,1
15500,3.477079246749781e-08,4,1
15501,3.848019858310181e-08,2,1
15502,1.3194509485003891e-08,3,1
15503,1.0199097566498949e-08,4,1
15504,0.07338152825832367,2,1
15505,1.582599725225009e-05,2,1
15506,0.01491617038846016,2,1
15507,4.0728587919147685e-05,2,1
15508,2.6896319837987903e-08,2,1
15509,7.552382719211437e-09,4,1
15510,9.71696678675471e-09,3,1
15511,4.071991188681068e-09,4,1
15512,1.0,1,3
15513,1.0,1,3
15514,1.0,1,2
15515,1.0,1,3
15516,3.072574327234179e-05,3,1
15517,0.01980314590036869,2,1
15518,9.029491593537387e-06,2,1
15519,0.0006765981670469046,2,1
15520,1.0,1,2
15521,0.9999984502792358,1,2
15522,0.9999996423721313,1,2
15523,0.999991774559021,1,2
15524,2.420147438897402e-06,6,1
15525,3.0564447115466464e-06,4,1
15526,3.4011755190022086e-08,10,1
15527,7.871656038105357e-08,3,1
15528,1.0,1,3
15529,1.0,1,5
15530,1.0,1,2
15531,1.0,1,2
15532,1.8767268272767978e-07,8,1
15533,7.403868806932223e-08,5,1
15534,1.0250263215993982e-07,9,1
15535,5.2500595870697e-08,7,1
15536,2.9135716772543674e-07,4,1
15537,0.9999767541885376,1,2
15538,1.8599099576022127e-06,3,1
15539,0.9999996423721313,1,2
15540,1.0499999802959792e-07,3,1
15541,3.3096783091934867e-09,6,1
15542,2.6938471009430032e-08,2,1
15543,3.321827257707355e-09,4,1
15544,1.0,1,8
15545,1.0,1,4
15546,1.0,1,7
15547,1.0,1,4
15548,2.558811331709876e-07,4,1
15549,3.21011022208495e-08,3,1
15550,7.421554215625292e-08,5,1
15551,1.0065541289350222e-07,2,1
15552,1.0,1,6
15553,1.0,1,4
15554,1.0,1,6
15555,1.0,1,4
15556,2.1825272256137396e-07,2,1
15557,8.033725862333085e-08,3,1
15558,3.52715147755589e-07,3,1
15559,8.790901517841121e-08,3,1
15560,1.0,1,6
15561,1.0,1,6
15562,1.0,1,6
15563,1.0,1,6
15564,6.792938052058162e-07,2,1
15565,4.596227825004462e-07,2,1
15566,7.828591606084956e-07,2,1
15567,4.318095307098702e-06,2,1
15568,0.35874873399734497,2,1
15569,3.4369813661783155e-09,4,1
15570,0.0011153511004522443,2,1
15571,3.5435745449063916e-09,4,1
15572,1.0,1,6
15573,1.0,1,6
15574,1.0,1,6
15575,1.0,1,6
15576,1.0,1,4
15577,0.9999955296516418,1,2
15578,1.0,1,5
15579,0.9999979138374329,1,2
15580,1.540830041335539e-08,3,1
15581,4.747528148385527e-09,6,1
15582,1.6829618587621553e-08,3,1
15583,3.9704399767970244e-09,4,1
15584,0.9999998807907104,1,3
15585,0.9999995231628418,1,2
15586,1.0,1,3
15587,1.0,1,3
15588,7.319032135910675e-08,5,1
15589,1.1891678752817825e-08,7,1
15590,1.2377753932923952e-08,7,1
15591,5.132322566936409e-09,6,1
15592,1.0,1,4
15593,1.0,1,6
15594,0.9999998807907104,1,2
15595,1.0,1,5
15596,3.704592745634727e-05,3,1
15597,2.82697055808967e-06,2,1
15598,6.578156330760976e-08,2,1
15599,2.0539182798984257e-08,3,1
15600,0.9999766945838928,1,2
15601,0.9995210766792297,1,2
15602,1.0,1,3
15603,0.9999979734420776,1,2
15604,6.641671745910571e-08,3,1
15605,2.2897516771536175e-08,4,1
15606,1.0250524873356426e-08,7,1
15607,5.9266906937693875e-09,5,1
15608,1.0,1,11
15609,1.0,1,6
15610,1.0,1,5
15611,1.0,1,6
15612,5.392744810706063e-07,6,1
15613,1.075211812917587e-07,5,1
15614,4.849494317227254e-08,5,1
15615,2.149172928511689e-08,6,1
15616,0.9999998807907104,1,2
15617,1.0,1,5
15618,1.0,1,4
15619,1.0,1,5
15620,3.937253438834887e-07,3,1
15621,6.150411309135961e-07,3,1
15622,7.679094693457955e-08,4,1
15623,6.733884561072045e-08,4,1
15624,1.0,1,4
15625,1.0,1,6
15626,1.0,1,2
15627,1.0,1,4
15628,2.2531969534611562e-06,3,1
15629,1.4603150475522853e-06,3,1
15630,4.482297981667216e-07,3,1
15631,4.559140620585822e-07,3,1
15632,0.998995304107666,1,2
15633,1.0,1,2
15634,0.0006171588902361691,2,1
15635,1.0,1,2
15636,1.702288301430599e-07,2,1
15637,8.861066902454695e-08,2,1
15638,1.213844047498469e-08,8,1
15639,1.8179326488620973e-08,4,1
15640,1.0,1,4
15641,1.0,1,5
15642,1.0,1,3
15643,1.0,1,4
15644,2.2289418311061127e-08,7,1
15645,3.56054847827636e-08,5,1
15646,2.716725067131165e-09,9,1
15647,1.1829965451681801e-08,7,1
15648,1.0,1,4
15649,1.0,1,5
15650,1.0,1,4
15651,1.0,1,5
15652,1.5793780505646282e-08,9,1
15653,1.8043875726903025e-08,6,1
15654,8.632247139317428e-10,9,1
15655,6.619941039787136e-09,7,1
15656,1.0,1,5
15657,1.0,1,5
15658,1.0,1,4
15659,1.0,1,4
15660,0.0010433514835312963,4,2
15661,6.281699461396784e-05,3,1
15662,3.1407814731210237e-06,4,1
15663,6.633606517425505e-07,4,1
15664,0.9998337030410767,1,2
15665,0.035684194415807724,2,1
15666,0.07076877355575562,2,1
15667,0.006587848998606205,2,1
15668,4.814201020053588e-06,4,1
15669,7.325249043788062e-06,4,1
15670,2.847330279109883e-06,3,1
15671,1.2603195500560105e-06,3,1
15672,1.0,1,5
15673,1.0,1,5
15674,1.0,1,5
15675,1.0,1,6
15676,2.417224322925904e-07,3,1
15677,9.906807463266887e-08,3,1
15678,2.4882242044554914e-08,4,1
15679,9.42144282589652e-08,3,1
15680,0.9999988079071045,1,2
15681,0.9999991655349731,1,2
15682,0.9999316334724426,1,2
15683,0.9999998807907104,1,2
15684,4.453780206858937e-07,3,1
15685,3.166961803913182e-08,5,1
15686,3.812796744995239e-09,9,1
15687,3.1820914792035637e-09,8,1
15688,0.9904962182044983,1,2
15689,1.0,1,2
15690,0.9999985694885254,1,2
15691,1.0,1,2
15692,1.750108111764348e-07,4,1
15693,1.0444372833262605e-07,3,1
15694,1.4624479405256352e-08,10,1
15695,9.756859320475542e-09,7,1
15696,0.9866158366203308,1,2
15697,2.5227584046660922e-05,2,1
15698,0.35742998123168945,2,1
15699,0.0002506843884475529,2,1
15700,0.8066730499267578,1,2
15701,0.1563236266374588,3,1
15702,0.7864274978637695,1,2
15703,0.8874593377113342,1,2
15704,0.20364750921726227,2,1
15705,1.5680878959756228e-06,4,1
15706,0.9983782172203064,1,2
15707,0.0004896162427030504,2,1
15708,7.448583971836342e-08,3,1
15709,1.282307060535004e-08,5,1
15710,4.110032492121718e-08,2,1
15711,8.570615328551412e-09,5,1
15712,0.999998927116394,1,3
15713,1.0,1,6
15714,1.0,1,3
15715,1.0,1,6
15716,2.6733630420494592e-08,6,1
15717,1.3246000740707586e-08,7,1
15718,2.7970845195568472e-08,8,1
15719,1.0333226718728383e-08,8,1
15720,8.021022040338721e-06,4,1
15721,2.622526267259673e-07,4,1
15722,1.5443393976966036e-06,3,1
15723,3.2641662528476445e-07,4,1
15724,2.1462602362021244e-08,8,1
15725,2.845417554908636e-07,3,1
15726,2.072958693588589e-08,6,1
15727,1.0276938411379888e-07,4,1
15728,2.8335391107248142e-05,2,1
15729,0.9885793924331665,1,2
15730,4.08599225920625e-05,3,1
15731,0.9992947578430176,1,2
15732,4.5554426009175586e-08,3,1
15733,1.2696568774117623e-07,3,1
15734,0.0001676919055171311,3,1
15735,3.047613290618756e-07,3,1
15736,4.3486011236382183e-07,3,1
15737,2.168111246092508e-09,6,1
15738,9.451406768334891e-09,5,1
15739,2.1354791268635154e-09,7,1
15740,5.132560545462184e-06,4,1
15741,4.3017681861101664e-08,4,1
15742,6.666852669923173e-08,4,1
15743,3.8992581607999455e-08,4,1
15744,0.9999999403953552,1,4
15745,1.0,1,3
15746,1.0,1,4
15747,1.0,1,4
15748,1.8731588724563153e-08,8,1
15749,8.172649224036377e-09,6,1
15750,5.286359794354212e-09,9,1
15751,5.56859802713916e-09,6,1
15752,0.9999998807907104,1,4
15753,0.9999992847442627,1,2
15754,0.9999996423721313,1,3
15755,0.9999998807907104,1,3
15756,1.3420864206636907e-06,3,1
15757,2.7333220131708913e-08,6,1
15758,2.012045463573031e-08,8,1
15759,9.156197577908642e-09,5,1
15760,1.0,1,7
15761,1.0,1,10
15762,1.0,1,5
15763,1.0,1,6
15764,9.837959851211053e-07,3,1
15765,0.29984626173973083,2,1
15766,0.031517188996076584,2,1
15767,4.598294253810309e-05,2,1
15768,0.9947608709335327,1,2
15769,1.0,1,4
15770,0.9999994039535522,1,2
15771,1.0,1,5
15772,1.3931946707401721e-09,9,1
15773,2.2352539819081585e-09,9,1
15774,5.614702924816584e-09,8,1
15775,1.842633490234391e-09,10,1
15776,0.9999211430549622,1,2
15777,1.0,1,6
15778,0.9999998807907104,1,3
15779,1.0,1,2
15780,0.9605523943901062,1,2
15781,4.82488248962909e-05,2,1
15782,0.9666555523872375,1,2
15783,2.0112825950491242e-05,2,1
15784,1.0,1,10
15785,1.0,1,6
15786,1.0,1,5
15787,1.0,1,6
15788,3.810673092630168e-07,6,1
15789,5.821115678372735e-07,4,1
15790,1.690375341922845e-07,8,1
15791,7.284553475983557e-07,3,1
15792,0.9999997615814209,1,3
15793,0.9999998807907104,1,3
15794,1.0,1,5
15795,1.0,1,4
15796,2.8515014349750345e-08,10,1
15797,3.6007257619985467e-08,9,1
15798,1.5147387344427443e-08,10,1
15799,2.6999328994747884e-08,10,1
15800,0.9999998807907104,1,2
15801,0.4604196846485138,2,1
15802,1.0,1,4
15803,0.8957875967025757,1,2
15804,6.758615000990176e-08,4,1
15805,3.479043186871422e-08,4,1
15806,3.828057515420369e-08,3,1
15807,1.701965679501427e-08,7,1
15808,1.0,1,4
15809,1.0,1,4
15810,1.0,1,4
15811,1.0,1,2
15812,1.014655879316706e-07,3,1
15813,2.039066515635568e-07,3,1
15814,2.9954815516930466e-08,4,1
15815,3.063763287514121e-08,4,1
15816,0.9987925291061401,1,2
15817,0.9999969601631165,1,2
15818,0.9999943375587463,1,2
15819,0.9999374151229858,1,2
15820,0.02194039523601532,2,1
15821,0.00039982135058380663,2,1
15822,2.2303789037891875e-08,3,1
15823,3.7334655189624755e-07,2,1
15824,1.0,1,3
15825,1.0,1,4
15826,1.0,1,3
15827,1.0,1,5
15828,7.037155569378228e-07,3,1
15829,1.9068023604518203e-08,7,1
15830,1.3153654165876105e-08,9,1
15831,7.553738079479899e-09,9,1
15832,0.4233267307281494,2,1
15833,0.0032718703150749207,2,1
15834,0.002684276783838868,2,1
15835,0.013373935595154762,2,1
15836,2.6257516765326727e-06,3,1
15837,2.1941347938536637e-07,3,1
15838,1.7509593419617886e-07,3,1
15839,7.198585194601037e-08,4,1
15840,5.0092376113752834e-06,2,1
15841,5.869169399375096e-06,2,1
15842,0.9002256393432617,1,2
15843,0.9796298742294312,1,2
15844,2.7295921967152026e-08,8,1
15845,7.239355426236216e-08,6,1
15846,2.299687018592067e-08,8,1
15847,2.3608778931816232e-08,8,1
15848,1.0,1,7
15849,1.0,1,4
15850,1.0,1,2
15851,0.9999998807907104,1,3
15852,0.3303403854370117,2,1
15853,1.2256562513357494e-05,3,1
15854,0.02294313907623291,2,1
15855,5.354757377062924e-06,2,1
15856,0.9999786615371704,1,2
15857,0.9987480044364929,1,2
15858,0.9999998807907104,1,2
15859,0.9998200535774231,1,2
15860,0.0891038030385971,2,1
15861,0.00038240759749896824,2,1
15862,7.206082841548778e-07,2,1
15863,4.977380740456283e-06,2,1
15864,0.9999964833259583,1,2
15865,0.997307300567627,1,2
15866,0.9999967217445374,1,2
15867,0.9999974966049194,1,2
15868,8.994630817937832e-09,9,1
15869,2.595405490524172e-08,4,1
15870,1.4070500320428891e-08,7,1
15871,1.7503573701560526e-08,4,1
15872,0.999996542930603,1,2
15873,0.9992761611938477,1,2
15874,0.9999998807907104,1,3
15875,0.9999659657478333,1,2
15876,1.2374968605399772e-08,6,1
15877,1.9370219206393813e-08,6,1
15878,9.404401701829102e-09,8,1
15879,6.332401270014998e-09,8,1
15880,0.999994695186615,1,2
15881,0.9999984502792358,1,2
15882,1.0,1,3
15883,0.9999991655349731,1,2
15884,2.2962549195426618e-08,7,1
15885,3.038720919334992e-08,5,1
15886,3.4894287459508178e-09,10,1
15887,9.11521524926684e-09,7,1
15888,1.0,1,6
15889,1.0,1,6
15890,1.0,1,6
15891,1.0,1,6
15892,1.784049885600325e-08,10,1
15893,1.9249599247928018e-08,8,1
15894,1.952832739959831e-08,10,1
15895,2.5903664990778452e-08,8,1
15896,1.0,1,6
15897,1.0,1,6
15898,1.0,1,2
15899,1.0,1,5
15900,6.709020112793951e-07,4,1
15901,1.4673861414848943e-07,3,1
15902,4.6097245132159514e-08,11,1
15903,4.368295947188017e-08,9,1
15904,1.0,1,5
15905,1.0,1,4
15906,1.0,1,2
15907,1.0,1,2
15908,1.0808556716312978e-08,10,1
15909,2.5129529568346243e-09,6,1
15910,6.529249363396161e-10,13,1
15911,7.031889515118905e-10,9,1
15912,1.0,1,3
15913,0.999996542930603,1,2
15914,1.0,1,4
15915,1.0,1,3
15916,3.04888508253498e-05,4,1
15917,0.007500039413571358,2,1
15918,1.6345669564543641e-06,4,1
15919,0.007640872150659561,2,1
15920,3.9706763345748186e-05,2,1
15921,0.9951777458190918,1,2
15922,0.8014506697654724,1,2
15923,1.0,1,3
15924,1.0,1,5
15925,1.0,1,9
15926,1.0,1,2
15927,1.0,1,6
15928,0.9167892932891846,1,2
15929,0.04614526405930519,2,1
15930,0.8263294696807861,1,2
15931,0.9998622536659241,1,2
15932,4.8725066648103166e-08,5,1
15933,1.3556112676837984e-08,7,1
15934,2.6256788743239667e-08,7,1
15935,4.483720950076986e-09,7,1
15936,0.9999923706054688,1,2
15937,0.999998927116394,1,2
15938,1.0,1,2
15939,1.0,1,5
15940,2.431026757676591e-07,3,1
15941,2.2000470778493764e-08,8,1
15942,3.161736117363034e-08,7,1
15943,7.72348052180405e-09,9,1
15944,3.140537216950179e-07,4,1
15945,1.1059722737627453e-06,4,1
15946,6.192470027599484e-05,2,1
15947,0.000421751756221056,3,1
15948,8.126862383051048e-08,5,1
15949,1.3973125767563488e-08,9,1
15950,7.957881464903949e-09,9,1
15951,1.0933440819371754e-08,9,1
15952,0.17611463367938995,2,1
15953,1.0,1,4
15954,0.9723312854766846,1,2
15955,0.9999998807907104,1,3
15956,8.696972741972786e-08,2,1
15957,1.1999424565090067e-08,5,1
15958,1.7944911405720632e-06,2,1
15959,4.9211671182547434e-08,2,1
15960,0.9999774694442749,1,3
15961,0.9999994039535522,1,2
15962,0.9999986886978149,1,3
15963,0.9999996423721313,1,2
15964,1.884620530745451e-07,7,1
15965,8.626103209508074e-08,8,1
15966,1.7511954553128817e-08,11,1
15967,5.6407262860602714e-08,8,1
15968,1.775007341109358e-08,5,1
15969,0.9995455145835876,1,2
15970,0.9977775812149048,1,2
15971,0.9999966025352478,1,2
15972,3.137461135338526e-07,7,1
15973,3.9402016227541026e-06,3,1
15974,9.20388245617687e-08,7,1
15975,2.8782071126443043e-07,5,1
15976,1.0,1,5
15977,1.0,1,6
15978,1.0,1,6
15979,1.0,1,6
15980,0.03375969082117081,2,1
15981,0.009049960412085056,2,1
15982,0.7049192786216736,1,2
15983,0.000954953720793128,2,1
15984,7.594683120260015e-05,2,1
15985,0.00027978813159279525,2,1
15986,1.0,1,4
15987,0.9999998807907104,1,2
15988,6.521651840785125e-08,7,1
15989,2.913667742632242e-07,4,1
15990,8.123515016222882e-08,9,1
15991,7.020909009725074e-08,5,1
15992,0.9999998807907104,1,2
15993,0.9999998807907104,1,2
15994,1.0,1,3
15995,1.0,1,3
15996,7.66992602763139e-09,7,1
15997,4.3276506289657846e-07,2,1
15998,6.730450863301485e-09,5,1
15999,6.55673488836328e-08,2,1
16000,1.0,1,3
16001,1.0,1,3
16002,1.0,1,6
16003,1.0,1,6
16004,0.20523521304130554,3,2
16005,0.0003178801271133125,3,1
16006,0.00011659647134365514,3,1
16007,1.8805229728968698e-07,4,1
16008,1.0,1,8
16009,1.0,1,8
16010,1.0,1,7
16011,1.0,1,6
16012,7.075510399801033e-09,10,1
16013,9.798877265154715e-09,7,1
16014,1.1686144496536599e-08,9,1
16015,3.94237575918055e-09,8,1
16016,1.0,1,3
16017,1.0,1,5
16018,0.9999994039535522,1,2
16019,1.0,1,5
16020,5.747282205703641e-09,8,1
16021,2.3083606137674906e-09,6,1
16022,1.903690316495954e-09,7,1
16023,2.1937978100794453e-09,4,1
16024,1.0,1,3
16025,1.0,1,5
16026,0.9999976754188538,1,2
16027,0.9999998807907104,1,3
16028,0.9999985694885254,1,2
16029,0.9993342757225037,1,2
16030,0.9847531318664551,1,2
16031,0.03285307064652443,2,1
16032,1.0,1,5
16033,1.0,1,5
16034,1.0,1,3
16035,1.0,1,7
16036,2.9316049676708644e-07,4,1
16037,2.7337806685068244e-08,5,1
16038,2.8277037245061365e-07,4,1
16039,1.9137873152885732e-07,4,1
16040,1.0,1,3
16041,1.0,1,8
16042,1.0,1,2
16043,1.0,1,5
16044,9.152255188382696e-06,3,1
16045,1.0716346423578216e-06,3,1
16046,5.036602033214876e-07,3,1
16047,2.0809582679248706e-07,3,1
16048,0.00039493312942795455,3,1
16049,0.9995436072349548,1,2
16050,0.0005140157882124186,2,1
16051,0.9895901083946228,1,2
16052,5.229769683978702e-08,5,1
16053,1.4826279937096842e-07,3,1
16054,1.4794380831517628e-08,4,1
16055,4.747421655793005e-08,3,1
16056,0.9999955296516418,1,2
16057,0.9999997615814209,1,2
16058,0.9999998807907104,1,2
16059,0.9998460412025452,1,2
16060,1.6118104895213037e-07,4,1
16061,6.632442506315783e-08,2,1
16062,2.9844343885088165e-08,4,1
16063,3.274054805046944e-08,3,1
16064,0.9368135929107666,1,2
16065,0.9999939203262329,1,3
16066,0.8667861819267273,1,2
16067,0.9997307062149048,1,2
16068,1.2291385473872651e-06,2,1
16069,2.0074685025406325e-08,5,1
16070,5.8389165502603646e-08,6,1
16071,1.1520183917923532e-08,5,1
16072,4.38004178704432e-07,5,1
16073,4.95150054291571e-09,12,1
16074,3.070449494657623e-08,6,1
16075,1.3535617071624984e-09,11,1
16076,1.0014987594786362e-07,8,1
16077,1.7878715397046108e-08,6,1
16078,1.0778149039936125e-08,7,1
16079,5.397990499034222e-09,7,1
16080,0.9999200701713562,1,2
16081,0.0060516828671097755,2,1
16082,1.0,1,4
16083,0.3187195062637329,2,1
16084,7.464156936975996e-08,4,1
16085,1.948345484947822e-08,6,1
16086,2.1645217174182108e-08,5,1
16087,5.814840609019711e-09,4,1
16088,1.9585849031500402e-07,2,1
16089,0.0033260169439017773,2,1
16090,1.5065276670611638e-07,2,1
16091,7.756440936645959e-06,2,1
16092,1.4822300897776586e-07,3,1
16093,5.341439646144863e-08,4,1
16094,2.9781686450292e-08,7,1
16095,1.9254338567975537e-08,6,1
16096,1.0,1,5
16097,1.0,1,7
16098,1.0,1,5
16099,1.0,1,6
16100,3.14903054743354e-08,7,1
16101,2.1098767177818445e-08,7,1
16102,5.573134842506988e-09,9,1
16103,1.1102968322518336e-08,9,1
16104,1.0,1,3
16105,1.0,1,6
16106,1.0,1,4
16107,1.0,1,5
16108,1.017220438370714e-05,3,1
16109,1.9330031136632897e-05,3,1
16110,3.948616722482257e-06,3,1
16111,1.552281787553511e-06,3,1
16112,1.362702914775582e-05,2,1
16113,0.994371771812439,1,2
16114,4.363213884062134e-05,2,1
16115,1.0,1,3
16116,0.00015228068514261395,4,1
16117,1.3812956240144558e-05,4,1
16118,1.4603409681512858e-07,2,1
16119,6.792396334276418e-08,4,1
16120,1.0,1,6
16121,1.0,1,6
16122,1.0,1,6
16123,1.0,1,6
16124,5.227880137681495e-07,7,1
16125,1.133510707518326e-07,8,1
16126,7.43371444400509e-08,9,1
16127,2.2899182994251532e-08,11,1
16128,1.0,1,4
16129,1.0,1,8
16130,1.0,1,4
16131,1.0,1,5
16132,6.380345496381779e-08,12,1
16133,2.5245473267432317e-08,11,1
16134,1.967150531356765e-08,12,1
16135,8.991920985579327e-09,8,1
16136,1.0,1,4
16137,0.9995761513710022,1,2
16138,1.0,1,5
16139,0.9999322891235352,1,2
16140,2.8343995950308454e-07,3,1
16141,5.061120305072109e-07,3,1
16142,5.021446725095302e-08,4,1
16143,5.616549714204666e-08,4,1
16144,1.0,1,4
16145,4.181288204563316e-09,6,1
16146,1.0,1,2
16147,1.1776158714837948e-08,5,1
16148,1.5084093973882773e-09,8,1
16149,1.1341876327009004e-09,10,1
16150,1.076521982668055e-09,8,1
16151,1.6072868591621159e-09,7,1
16152,0.9982170462608337,1,2
16153,1.0,1,3
16154,1.0,1,2
16155,1.0,1,5
16156,1.0406252926031812e-07,4,1
16157,6.541607149301853e-07,4,1
16158,1.6589337974437512e-06,2,1
16159,2.3572154361772846e-07,3,1
16160,0.9997133612632751,1,2
16161,0.9999805688858032,1,2
16162,0.9999862909317017,1,2
16163,0.9999840259552002,1,2
16164,2.2055009196719766e-07,3,1
16165,9.086282659609424e-08,5,1
16166,6.300153643223894e-08,3,1
16167,1.4897083566722813e-08,4,1
16168,1.0,1,7
16169,1.0,1,6
16170,1.0,1,6
16171,1.0,1,6
16172,3.9453195199712354e-07,7,1
16173,1.1965674673319882e-07,5,1
16174,1.9827302466524088e-08,6,1
16175,7.946899138744357e-09,6,1
16176,7.920162374830397e-07,3,1
16177,3.295104704648111e-07,3,1
16178,6.244512042030692e-05,2,1
16179,0.006679626181721687,2,1
16180,4.3017118400712206e-07,3,1
16181,1.90943350020234e-08,6,1
16182,7.290023251727007e-09,9,1
16183,2.6713535827838086e-09,7,1
16184,1.0,1,4
16185,1.0,1,5
16186,1.0,1,5
16187,1.0,1,6
16188,0.9656200408935547,1,2
16189,0.9903005361557007,1,2
16190,0.00028341254801489413,2,1
16191,0.0004990265588276088,2,1
16192,1.0,1,6
16193,1.0,1,6
16194,1.0,1,6
16195,1.0,1,6
16196,6.663346141522197e-08,5,1
16197,1.9691889008299768e-08,4,1
16198,6.381827688528574e-08,5,1
16199,1.6577805794781852e-08,6,1
16200,0.9999874234199524,1,2
16201,0.001330860424786806,2,1
16202,0.9999991655349731,1,2
16203,0.00039271957939490676,2,1
16204,1.6714545836293837e-06,4,1
16205,1.3481048881658353e-06,4,1
16206,9.52773859808076e-08,5,1
16207,3.27304334746259e-08,6,1
16208,1.0,1,6
16209,1.0,1,4
16210,1.0,1,6
16211,1.0,1,6
16212,5.212125415710034e-06,3,1
16213,2.4734206363064004e-06,3,1
16214,3.9925504324855865e-07,3,1
16215,2.370950795693716e-07,3,1
16216,0.9999949336051941,1,2
16217,1.0,1,6
16218,1.0,1,6
16219,1.0,1,6
16220,1.9310905372549314e-06,3,1
16221,2.9133400403225096e-07,2,1
16222,2.7909939248615956e-08,9,1
16223,5.454243989788665e-08,5,1
16224,1.0,1,7
16225,1.0,1,6
16226,1.0,1,6
16227,1.0,1,6
16228,1.727572822574075e-07,7,1
16229,5.15457770688954e-07,2,1
16230,3.7356169713120835e-08,8,1
16231,9.433546921400193e-08,4,1
16232,0.9999997615814209,1,3
16233,0.9383369088172913,1,2
16234,1.0,1,7
16235,0.8832879066467285,1,2
16236,1.0,1,6
16237,0.34713152050971985,2,1
16238,1.0,1,6
16239,0.13385508954524994,2,1
16240,0.0022567808628082275,2,1
16241,2.955940544779878e-05,3,1
16242,3.09829629259184e-05,2,1
16243,1.5201383121166145e-06,2,1
16244,0.06013190746307373,2,1
16245,0.016193382441997528,2,1
16246,0.991729199886322,1,2
16247,0.4999695122241974,2,1
16248,0.9999997615814209,1,2
16249,0.9999558329582214,1,2
16250,1.0,1,4
16251,1.0,1,4
16252,2.2880753292042755e-08,5,1
16253,1.0222940716175799e-07,2,1
16254,1.975757513150711e-08,4,1
16255,1.241525460216053e-08,3,1
16256,1.0,1,9
16257,1.0,1,9
16258,1.0,1,7
16259,1.0,1,7
16260,5.572139230025641e-07,4,1
16261,1.557468294777209e-06,4,1
16262,2.958930735985632e-07,4,1
16263,3.8724087403352314e-07,3,1
16264,0.4269636273384094,2,1
16265,0.9999998807907104,1,3
16266,0.04973810166120529,2,1
16267,0.8052788972854614,1,2
16268,7.318740699702175e-06,3,1
16269,6.421787111321464e-05,3,1
16270,1.355890390186687e-06,3,1
16271,4.1328706856802455e-07,4,1
16272,0.9999983310699463,1,3
16273,1.0,1,2
16274,0.9999951720237732,1,2
16275,0.9999996423721313,1,2
16276,1.969678038449274e-07,4,1
16277,6.7594361219391885e-09,9,1
16278,1.4545388893338895e-08,9,1
16279,3.1003197786816372e-09,9,1
16280,4.7916310919049465e-09,5,1
16281,1.0,1,5
16282,1.0,1,4
16283,1.0,1,5
16284,7.780807109725174e-09,8,1
16285,2.6092942917443906e-08,6,1
16286,1.0785799808843421e-08,9,1
16287,1.763853774150448e-08,8,1
16288,1.0,1,2
16289,1.0,1,5
16290,1.0,1,2
16291,1.0,1,4
16292,2.3600345230079256e-05,3,1
16293,8.5753306677816e-08,5,1
16294,1.064842152231904e-07,5,1
16295,4.034829359511605e-08,6,1
16296,1.0,1,3
16297,1.0,1,3
16298,1.0,1,3
16299,1.0,1,5
16300,0.9641003012657166,1,2
16301,1.0,1,4
16302,1.0,1,3
16303,1.0,1,5
16304,1.0,1,11
16305,1.0,1,7
16306,1.0,1,7
16307,1.0,1,6
16308,4.411072950460948e-06,4,1
16309,2.4980444379707478e-08,6,1
16310,7.255209055756495e-08,7,1
16311,1.068326405118114e-08,9,1
16312,1.0,1,5
16313,1.0,1,5
16314,1.0,1,6
16315,1.0,1,6
16316,1.0,1,4
16317,0.9999998807907104,1,2
16318,1.0,1,5
16319,0.9999998807907104,1,2
