run_name,animal,arts and crafts item,bird,body part,breakfast food,candy,car part,clothing accessory,condiment,construction equipment,container,dessert,drink,electronic device,farm animal,fastener,food,footwear,fruit,furniture,game,garden tool,hardware item,headwear,home appliance,home decor item,insect,item of clothing,kitchen appliance,kitchen tool,mammal,medical equipment,musical,office supply item,outerwear,personal hygiene item,piece of jewelry,piece of women's clothing,plant,protective clothing item,safety equipment,school supply,scientific equipment,sea animal,seafood,source of light,sports equipment,tool,toy,vegetable,vehicle,watercraft,weapon
align-dinov2+1b-llama-chat-things+hyp-abl10-218,1.0,0.8152380952380952,1.0,0.9539735626692148,0.9612430580172516,0.9352999333226036,0.9751479289940828,0.9251460017969452,1.0,0.7596153846153847,0.974025974025974,0.9539122610500028,0.9490783410138248,0.933357053904999,0.8907161803713527,0.9754890869873448,0.9780701754385964,1.0,0.8633136094674557,0.981000481000481,0.8272058823529411,0.8118686868686869,0.8091253009285797,0.9744997624201468,0.9642401021711366,0.9307036247334756,0.9812017245101932,0.9778463679294164,0.975609756097561,1.0,1.0,0.7802208117612228,0.8921146953405017,0.8587501528678,0.9460446247464503,0.9004288394532298,1.0,0.8824771287825475,1.0,0.8628803245436105,0.8289562289562289,0.9320574162679426,0.7513852803899477,0.9828171020872544,0.9069940476190476,1.0,0.8112745098039215,0.970888429519947,0.783719615602035,1.0,1.0,1.0,0.8691358024691357
align-dinov2+1b-llama-chat-things+hyp-abl10-42,1.0,0.8006617038875103,1.0,1.0,0.9216346153846152,0.9565217391304348,0.9515796703296704,0.906705112935916,0.9324074074074074,0.7028862478777589,0.9227813852813854,0.9845858059268298,0.9490783410138248,0.9733333333333334,0.9473026973026972,0.8732881603376867,0.9888462631429384,1.0,0.8613119434014956,0.981000481000481,0.8272058823529411,0.8397540834515624,0.778369659001388,0.9744997624201468,0.9642401021711366,0.9529411764705884,0.9812017245101932,0.9778463679294164,0.975580668150152,0.956687370600414,1.0,0.6339747957737103,0.8921146953405017,0.8339100346020761,0.9460446247464503,0.9004288394532298,1.0,0.8824771287825475,1.0,0.8628803245436105,0.7960222378827029,0.9558704453441296,0.7513852803899477,1.0,0.9225506548060292,1.0,0.8532135076252724,0.970888429519947,0.8853446748183589,1.0,1.0,1.0,0.8476174287495043
align-dinov2+1b-llama-chat-things+hyp-abl10-7,1.0,0.8294172932330827,1.0,0.9539735626692148,0.9415706244974538,0.9565217391304348,0.9515796703296704,0.9251460017969452,0.9676243567753,0.7584541062801933,0.9611488458659267,0.9690971190971192,0.9490783410138248,0.9600142323429994,0.8907161803713527,0.846109175377468,1.0,1.0,0.8633136094674557,0.9615384615384616,0.8123249299719887,0.8745791245791246,0.7937738036098693,0.9744997624201468,0.9462743843939878,0.9307036247334756,0.9812017245101932,0.9778463679294164,1.0,0.9783128521822302,1.0,0.7109014675052411,0.9483333333333336,0.7872899159663864,0.9719729699789522,0.8235173299101411,1.0,0.8824771287825475,1.0,0.8628803245436105,0.8289562289562289,0.9111111111111112,0.8210144927536231,1.0,0.9069940476190476,1.0,0.8956976407584311,0.970888429519947,0.7271017048794827,1.0,0.9824778463325032,1.0,0.8260008996851101
align-dinov2+1b-llama-chat-things+hyp-abl10-local-shuffled-218,1.0,0.8168412232928361,1.0,1.0,0.9099360496128394,0.9728072900486692,0.9755368814192342,0.9705882352941176,0.9695093348344122,0.7777422449632236,0.8666896453843191,0.9023118957545188,1.0,0.921865889212828,1.0,0.9138531779406466,0.9942980004107632,1.0,0.9782505910165484,0.9769777660987752,0.971244165274016,0.7759517370501352,0.7978494339572793,0.9102880658436214,0.9276299206761064,0.9601866387580672,1.0,0.9890871933425124,1.0,0.9586309523809524,1.0,0.7860723236663086,1.0,0.8458847279914599,1.0,0.8568005345498951,0.966830404618423,0.8243021346469622,0.8321205821205822,0.9279727023217862,0.8546296296296296,1.0,0.8969402622632345,0.930438596491228,0.9361731458505652,0.9730227207362668,0.9657285327924272,0.946095977193538,0.8072749739352049,1.0,1.0,1.0,0.9231871017500046
align-dinov2+1b-llama-chat-things+hyp-abl10-local-shuffled-42,1.0,0.7521534073258211,1.0,1.0,0.8911095305832148,0.9728072900486692,0.9755368814192342,0.9705882352941176,0.9695093348344122,0.6849273607748184,0.8531719961906508,0.9023118957545188,1.0,0.921865889212828,1.0,0.9712843926468822,0.976878612716763,1.0,1.0,0.9769777660987752,1.0,0.8636363636363636,0.8375488469961782,0.9330613632500424,0.9276299206761064,0.9591836734693876,1.0,1.0,1.0,0.9380820399113082,1.0,0.6867121848739496,1.0,0.8458847279914599,1.0,0.7917729049804522,0.9313978494623656,0.8576998050682261,0.8015444015444015,0.951095947063689,0.8268653516295026,0.9722436722436724,0.7850311850311852,0.930438596491228,0.9361731458505652,1.0,0.9314570655848544,0.954252729532359,0.8651197887191098,1.0,0.9796260642621828,1.0,0.9381942381942384
align-dinov2+1b-llama-chat-things+hyp-abl10-local-shuffled-7,1.0,0.7542087542087541,1.0,1.0,0.9466443705070078,0.9728072900486692,0.9755368814192342,0.941074611662847,0.9695093348344122,0.6849273607748184,0.9057154320312216,0.9216298811544992,1.0,0.9408833956117656,0.971753282577513,0.9421768707482991,0.98331850852714,0.9733848241310928,0.9782505910165484,0.9769777660987752,0.9377318494965554,0.8877344877344878,0.7980571994435668,0.9102880658436214,0.9276299206761064,1.0,1.0,0.9890871933425124,1.0,0.9586309523809524,1.0,0.73798551678736,1.0,0.8665494166094715,1.0,0.8872072072072072,0.8627956989247313,0.6375227686703097,1.0,0.902191894127378,0.8546296296296296,1.0,0.8557163671685285,0.9477650169379492,0.9203192373963808,1.0,0.9655172413793104,0.9548209366391184,0.7454350161117078,1.0,1.0,1.0,0.9537574177804892
align-dinov2+1b-llama-chat-things+hyp-abl10-shuffled-218,0.6321846917860406,0.2527401676337846,0.8294117647058823,0.8526315789473684,0.4530724070450098,0.7110190936277893,0.6375227686703097,0.328931788931789,0.6428571428571428,0.2481343283582089,0.5999079572113281,0.4697820500618635,0.7844827586206897,0.4731192585376512,0.5211822660098523,0.4928478781124975,0.6883338895743322,0.8194217130387342,0.5818181818181818,0.6199494949494949,0.8595238095238096,0.5590062111801243,0.3971509971509971,0.4394366197183099,0.2765752765752766,0.5187357445421961,0.5701754385964912,0.4610141878687556,0.3710144927536232,0.4067163035818243,0.553931623931624,0.3220575901593513,0.5626118067978533,0.2925278219395866,0.7756410256410255,0.6352048643070315,0.7038123167155425,0.6666666666666667,0.5033594624860023,0.6718894009216589,0.6530825496342737,0.4605263157894737,0.4967588932806324,0.397693626305127,0.3429752066115703,0.634920634920635,0.4275409836065573,0.5112636181723856,0.3903225806451613,0.590375939849624,0.4601087801087801,0.7038123167155425,0.3696969696969697
align-dinov2+1b-llama-chat-things+hyp-abl10-shuffled-42,0.7572132128956969,0.2397891963109354,0.8294117647058823,0.8526315789473684,0.3898482469911041,0.743612596553773,0.6222222222222222,0.2216117216117216,0.6428571428571428,0.266304347826087,0.5753557489515406,0.6362466362466362,0.8008474576271186,0.6151776329619507,0.5211822660098523,0.4928478781124975,0.6870504121587507,0.6919389978213508,0.5416666666666667,0.7759517370501352,0.8595238095238096,0.5714285714285714,0.5891955048541627,0.45,0.2849002849002849,0.6126923887834704,0.6888725309777941,0.3448200956543559,0.3502487562189054,0.3553719008264463,0.6322785043286056,0.3551254617653008,0.5725022104332449,0.3485294117647058,0.7756410256410255,0.568878475999219,0.7200460829493088,0.6819672131147541,0.5139541309754077,0.6718894009216589,0.8630751964085297,0.4807692307692308,0.5926143421795596,0.6187363834422658,0.5966155057064148,0.8018278018278018,0.4857724957555178,0.5481353059022962,0.3903225806451613,0.5893543076641667,0.5437738731856379,0.7200460829493088,0.8198924731182796
align-dinov2+1b-llama-chat-things+hyp-abl10-shuffled-7,0.6698386977566618,0.2849838333709301,0.8294117647058823,0.8526315789473684,0.3585217870932157,0.6584771106510238,0.6222222222222222,0.328931788931789,0.6428571428571428,0.266304347826087,0.4004329004329004,0.5348627980206927,0.8008474576271186,0.5685285903700742,0.5211822660098523,0.4445964432284541,0.715833840494244,0.8039579468150896,0.625,0.7285353535353536,0.8595238095238096,0.5952380952380952,0.5361884732224417,0.4394366197183099,0.2765752765752766,0.5422728231077377,0.5243878928089455,0.3141363092666002,0.3710144927536232,0.4545454545454545,0.6706666666666666,0.3035354987065248,0.5879120879120878,0.2925278219395866,0.7756410256410255,0.6566145092460882,0.7200460829493088,0.6819672131147541,0.5033594624860023,0.6576112412177986,0.6530825496342737,0.4707792207792208,0.48,0.4668318404167461,0.3147334331029131,0.6470971950424005,0.4581724581724582,0.5841593412067264,0.3666666666666666,0.5431932773109244,0.4056814164979594,0.7200460829493088,0.4074938140685754
align-dinov2+1b-llama-chat-things+hyp-abl10cat-218,0.8985342481363405,0.8996563573883162,1.0,0.9906542056074764,0.1468232128661407,0.9827084565345948,0.5760174418604652,0.8791773010507921,0.9767441860465116,0.8811229738970792,0.5703231817780707,0.8319425216971899,0.9626639264043844,0.9353272989636626,1.0,0.9328449328449328,0.9636003757380568,0.9769810216842796,1.0,0.8632156650810882,0.9904761904761904,0.3064414562787002,0.907454783141103,0.8424168722024298,0.7943217969729105,0.9322797775826748,0.9782608695652174,0.6728214831663107,1.0,0.8866248693834902,0.9481741305707372,0.6220072104273873,1.0,0.9587686776766654,0.8542265669925244,0.3520906873296024,0.9664723032069972,0.7207305273343009,0.981132075471698,0.8568986568986569,0.8589982527664531,0.7627302275189599,0.4361219027885694,0.6279358626919602,0.941569942085406,1.0,0.8887846203975236,0.9156991657151232,0.9525554610300374,1.0,0.9894736842105264,1.0,0.7661853739939152
align-dinov2+1b-llama-chat-things+hyp-abl10cat-42,0.9295434698688612,0.8996563573883162,1.0,0.9906542056074764,0.1600790999586624,0.9493849566444847,0.6420181731229078,0.8169940476190476,0.9664330976361112,0.8825536499955104,0.437654174565786,0.710674113602066,0.9201147650661314,0.8701298701298701,1.0,0.9555822328931572,0.9223245591960676,0.9654348453013636,1.0,0.8281067887109077,1.0,0.3271866932609776,0.8322805290455485,0.8529987688002195,0.8390044108380591,0.9216634591247592,0.9782608695652174,0.6170775900505631,0.9856286441652294,0.9040816326530612,0.9876397844438214,0.7402548575420007,0.9887640449438202,0.9139087172831496,0.8644653522702302,0.4976598770140595,0.9285714285714286,0.6671027319684104,0.9906542056074764,0.8807488807488807,0.8589982527664531,0.7494505494505495,0.221939636156022,0.1942656772725695,0.7913338889274718,1.0,0.9387480798771122,0.8831789435758375,0.9569273829886488,1.0,0.9894736842105264,1.0,0.8122352941176469
align-dinov2+1b-llama-chat-things+hyp-abl10cat-7,0.8985342481363405,0.8869047619047619,1.0,1.0,0.1985568770448426,0.9493849566444847,0.4548875832354093,0.7160364145658263,0.9520180361212536,0.874780469470735,0.5037420437854095,0.6454491301492264,0.9407838070628768,0.9361076033689772,1.0,0.9597069597069596,0.9311577035457632,0.9538517975055026,1.0,0.4647751454106965,1.0,0.2850407489728565,0.8653684115117478,0.8750695294248526,0.8491398185799186,0.9333802420489726,0.9318181818181815,0.3743102824055909,0.9724788872329856,0.846683354192741,0.9761871766444936,0.7374587679544833,1.0,0.8992094861660079,0.8018018018018018,0.3268821846566872,0.9214949137549756,0.7671010597839866,0.9906542056074764,0.8929027032499748,0.8007338889691831,0.7886524822695036,0.3443489071738367,0.1689608231079279,0.639374836764252,0.9076923076923076,0.9841120886282176,0.921786423412276,0.924392041267502,1.0,1.0,1.0,0.7725744843391902
align-dinov2+1b-llama-chat-things+hyp-abl10cat-local-shuffled-218,0.9810551237285884,0.8612061206120611,1.0,0.8958333333333334,0.2371611021585133,1.0,0.5653442171749844,0.8413186813186813,0.9376346923516736,0.9012345679012346,0.7309046539793922,0.697646033129904,0.912536443148688,0.929160250022647,1.0,0.9171708441371365,0.9330404213890776,0.9906335766122204,1.0,0.7008547008547008,0.9655172413793104,0.344074844074844,0.904200986677678,0.9255234861346916,0.7324929971988795,0.9122474747474748,0.9523809523809524,0.3517095970282597,0.9629629629629628,0.85423197492163,0.9739406779661016,0.6430717639168344,1.0,0.8659250585480094,0.3717279019065596,0.6016781083142639,0.8666666666666667,0.8091383342327756,1.0,0.9168161552538184,0.9354497354497352,0.8599196200219218,0.2828484126337644,0.3712125562254761,0.6461363377717082,0.8920614596670936,0.8674800776250051,0.9263374485596708,0.8769230769230769,1.0,0.9896907216494844,1.0,0.8054073509485095
align-dinov2+1b-llama-chat-things+hyp-abl10cat-local-shuffled-42,0.9748063415033388,0.8807272727272728,1.0,0.9072164948453608,0.1882655930848701,0.9841120886282176,0.3947539186477239,0.8890310500858168,0.984640051306718,0.8320873518613633,0.8467421380621256,0.6077075991686998,0.939047619047619,0.9288006111535524,1.0,0.8587520838294831,0.8868972833962324,1.0,1.0,0.8194583036350678,0.9915966386554622,0.3651572327044025,0.9042011342701296,0.9041576979721307,0.7538720538720539,0.9702790206991888,1.0,0.6753890935757201,0.9367283950617284,0.9543778801843318,0.9488843813387424,0.7636691946551101,1.0,0.8659250585480094,0.8987730325099094,0.5140977443609023,0.8872753414809489,0.8545545016327165,1.0,0.8804839614190991,0.9608346011736578,0.8726166328600404,0.3809845746295427,0.4096249932568477,0.8620993079352282,1.0,0.8846153846153846,0.925925925925926,0.8930521091811415,1.0,1.0,1.0,0.8727827050997782
align-dinov2+1b-llama-chat-things+hyp-abl10cat-local-shuffled-7,0.9748063415033388,0.871301247771836,1.0,0.9708737864077672,0.1755362256199686,0.9836001833002376,0.7944568538175845,0.9092406692406694,0.9850361668239136,0.8589993502274205,0.8025742315238719,0.7846629261628582,0.9529381509579528,0.9434338579839,1.0,0.948013524936602,0.8751998491704374,1.0,1.0,0.7231805929919138,0.9915966386554622,0.4959999999999999,0.8934719535783365,0.9573696145124716,0.7791465193030931,0.955790601151426,0.9885057471264368,0.7694617415311449,0.982416760194538,0.9040816326530612,0.924561403508772,0.6220787657604647,0.98989898989899,0.8929436920883821,0.8987730325099094,0.7098718429449208,0.827027027027027,0.8265025446272286,1.0,0.8613602587563638,0.7514441842310694,0.8910485933503837,0.3710216833700533,0.7967955488603768,0.943408449099506,0.9855014602047985,0.8846153846153846,0.9479918207259456,0.8769230769230769,1.0,0.9896907216494844,1.0,0.8036882807852469
align-dinov2+1b-llama-chat-things+hyp-abl10cat-shuffled-218,0.651262428929428,0.7955974842767296,0.98,0.9894736842105264,0.2190842961061189,0.8568075117370892,0.1666666666666666,0.2391778998989625,0.7076127651987877,0.6197802197802198,0.0536307785999321,0.1711176736637667,0.831193838254172,0.7138653618533854,0.991304347826087,0.8663324979114452,0.7052736509758466,0.3607038123167155,0.9473684210526316,0.1072179574877758,0.9827586206896552,0.3113513513513514,0.427817480685961,0.3019037356321839,0.556430584918957,0.669833150651565,0.953125,0.0158518410438661,0.8961881589618815,0.5345622119815668,0.805923579109063,0.5059325059325058,0.9666666666666668,0.8768115942028986,0.2442705809042442,0.1784818481848185,0.8345752608047691,0.2593879239040529,0.9487179487179488,0.3927572706935123,0.5602322206095792,0.7031439986103873,0.1481930888947507,0.1319278547539417,0.2751895714506382,0.9164869029275808,0.671961701664672,0.4113699170943545,0.8053221288515406,0.8869565217391304,0.8599999999999999,0.9245283018867924,0.560319335387086
align-dinov2+1b-llama-chat-things+hyp-abl10cat-shuffled-42,0.6666177997678823,0.7857142857142857,0.9591836734693876,1.0,0.2190842961061189,0.8080213903743315,0.1666666666666666,0.3849173699428759,0.7076127651987877,0.588034188034188,0.0536307785999321,0.1818483464557793,0.8182113821138212,0.6415793301752759,1.0,0.9166666666666666,0.7335966640038031,0.3466441694788151,0.9393939393939394,0.1072179574877758,0.9827586206896552,0.3113513513513514,0.5528364849833148,0.3507571611019887,0.5985494802608744,0.6510914454277286,0.9692307692307692,0.0158518410438661,0.8961881589618815,0.5418743837918153,0.7372900731626205,0.4943683409436834,0.912280701754386,0.8423423423423423,0.2442705809042442,0.1784818481848185,0.8504398826979471,0.2593879239040529,0.9210526315789472,0.3927572706935123,0.4876805437553101,0.6940350877192983,0.1481930888947507,0.1319278547539417,0.2254689754689754,0.8329738058551617,0.6693877551020407,0.5115609753720032,0.8241758241758241,0.905982905982906,0.7741935483870968,0.9821428571428572,0.5803361827073638
align-dinov2+1b-llama-chat-things+hyp-abl10cat-shuffled-7,0.6649810232410005,0.7955974842767296,0.9484536082474226,1.0,0.2190842961061189,0.828169014084507,0.1666666666666666,0.3400686117143486,0.7076127651987877,0.6041958041958042,0.0536307785999321,0.1818483464557793,0.8182113821138212,0.627906976744186,1.0,0.8814814814814815,0.7610304708889931,0.3412698412698412,0.9393939393939394,0.1072179574877758,1.0,0.3113513513513514,0.4302823673398024,0.3019037356321839,0.5231721599464615,0.6717431119605033,0.953125,0.0158518410438661,0.9033816425120772,0.5896254283351057,0.7235629812981298,0.4997776130467012,0.9310344827586208,0.8684210526315789,0.2442705809042442,0.1784818481848185,0.8425720620842572,0.2593879239040529,0.9620253164556964,0.3927572706935123,0.5694981282527315,0.6940350877192983,0.1481930888947507,0.1319278547539417,0.2254689754689754,0.8329738058551617,0.7428571428571429,0.5081689193744968,0.8148404993065188,0.8869565217391304,0.8247422680412371,0.972972972972973,0.5347736625514403
align-dinov2+1b-llama-chat-things+hyp-abl20cat-218,0.9444109301620952,0.7885554154406613,1.0,1.0,0.2414420225443847,0.9733333333333334,0.9128242512605552,0.9290274367460232,0.7907398253419015,0.5101127035369217,0.8965290165546905,0.8971125730994152,1.0,0.8827993059572007,0.9058794466403164,0.7895463613816032,0.8010299792461749,0.8943786826445409,0.987012987012987,0.985645933014354,0.8801931890986151,0.842266973436118,0.233695949010584,0.9722222222222222,0.9327731092436976,0.4346854457598331,0.9872611464968152,0.9274769169803844,0.9704142011834318,0.8175390987645504,0.0918799139572311,0.3085556569173198,0.8829521979688832,0.6972065421913447,0.9435048155978388,0.6494425459942702,0.9388861459464796,0.9931972789115646,0.9651274782387468,0.7296565899989369,0.6231546231546231,0.9101736722879435,0.2744338774301321,0.9131653229214204,0.71682301438399,0.8816684491978609,0.3069175087964553,0.5942716290358829,0.4793887404124449,1.0,0.6653775971532037,0.9930585814572742,0.8081086228105843
align-dinov2+1b-llama-chat-things+hyp-abl20cat-42,0.95340681653372,0.754993481095176,1.0,1.0,0.2976765159059554,0.9801324503311258,0.8766820276497697,0.9738211239298796,0.6700280112044819,0.4342830009496676,0.9020581747782344,0.9250690829638198,1.0,0.7885835385760926,0.8795093795093795,0.66325210876654,0.7944280955523895,0.8386202314096052,0.987012987012987,0.985645933014354,0.8850642345787976,0.7616753298680528,0.0964952910297977,0.9281496705160828,0.8942165101334651,0.3497071652801399,0.9936316075400896,0.951880503144654,0.976470588235294,0.8026896180742334,0.0573470490482938,0.2961592670894996,0.7877352394581221,0.6693526975018882,0.934654537578514,0.5700059453032105,0.9157894736842104,0.9863013698630138,0.9518072289156626,0.6549986901235314,0.7483483483483483,0.8402792652225515,0.2937984692370657,0.5603654105678397,0.370684887819806,0.8388980716253444,0.1673637308632696,0.4613004596923615,0.4297357030805221,1.0,0.699715880158407,0.9652929072863712,0.8587021804413109
align-dinov2+1b-llama-chat-things+hyp-abl20cat-7,0.9414479707475828,0.7812293853073464,1.0,0.9855072463768116,0.229648782589959,0.9801324503311258,0.935483870967742,0.938915955836386,0.6741805727030149,0.3247194910352805,0.9275234877585968,0.9159741458910434,1.0,0.8708292682926829,0.8529829545454546,0.7175515411410689,0.8280696431242902,0.8532907220613204,0.987012987012987,0.985645933014354,0.8703012198157829,0.8090600204753007,0.2030087616712189,0.8775720164609054,0.8838125050463645,0.5683272864028546,0.9936290205502192,0.9106225165562912,0.9824561403508772,0.8586875940515182,0.0623655218249812,0.2961592670894996,0.701810135481535,0.6634746881964151,0.9524901295972676,0.3305761281073236,0.9343472317156528,0.9863013698630138,0.9759036144578314,0.7889532674138725,0.7167553890242966,0.8223782918051196,0.2963952431309252,0.2757645983452435,0.5028557897229458,0.7201509356205489,0.1415344987194503,0.6712031232416364,0.6737222292607685,1.0,0.7936223530885854,0.9298725850161724,0.7469021506907848
align-dinov2+1b-llama-chat-things+hyp-abl20cat-local-shuffled-218,0.9457139483793162,0.7634958382877527,1.0,0.9941520467836256,0.3204783903976512,1.0,0.853795518207283,0.9559701789001152,0.6196322489391797,0.3031694433157253,0.857756092358556,0.9895901042929904,0.9859154929577464,0.794579622165829,0.8501326576053891,0.4918032530741708,0.8162672811059909,0.9362240289069556,1.0,0.9937106918238994,0.9125367583463068,0.5976383044338993,0.4103969395888841,0.9344928314810462,0.8709726443768997,0.3953296703296703,0.9462651756724716,0.9133808458658544,0.981132075471698,0.7351351351351352,0.8969885714285715,0.4290906998011166,0.939018976266019,0.7562864945238157,0.9651746398187336,0.6595829848928763,0.925925925925926,1.0,0.9663134476904162,0.5768130126275253,0.5830651327578257,0.8184933660315663,0.5404806149741701,0.3239396857644157,0.5482824954890746,0.8955726194851165,0.5416785435033148,0.1957094285422438,0.4582089552238806,0.9473758365621696,0.7656050198981604,0.9807861316335892,0.838555092282092
align-dinov2+1b-llama-chat-things+hyp-abl20cat-local-shuffled-42,0.9683686366882296,0.8197355007951287,0.9875,1.0,0.3099591082970584,0.9896907216494844,0.8199152542372882,0.9439081939081938,0.703114114467474,0.256333765672287,0.8592384762597528,0.9793954583428268,0.9930069930069928,0.8797152115958686,0.8697136071047469,0.3640383198231393,0.7687086909342015,0.9263157894736842,1.0,0.9808917197452228,0.9283167486192352,0.6634928285181317,0.1208833004816574,0.8563418571064481,0.8986652034097289,0.5000293772032902,0.993289195317222,0.8967320497973366,0.968152866242038,0.8636663270809612,0.9593357585281482,0.3086683470756611,0.9437012036434612,0.6093560543153145,0.974076150584483,0.770417063542766,0.908326766482795,0.9873417721518988,0.9780116435288848,0.4554668517875737,0.6764239460816704,0.8770273541515372,0.3954805855679582,0.9726689729811314,0.8789407881749515,0.9413461386075848,0.6398171407115366,0.2126517887754044,0.5065573770491804,0.9473758365621696,0.7734364622140447,0.9935953772111966,0.8663871058762763
align-dinov2+1b-llama-chat-things+hyp-abl20cat-local-shuffled-7,0.8901347155909526,0.7504030011009473,0.9937888198757764,0.9882352941176472,0.3993230204675587,0.994871794871795,0.8614111144914309,0.9910368570382824,0.6196322489391797,0.31440329218107,0.894302415525159,0.9587909166856536,0.9930069930069928,0.812339089722422,0.9141432996660176,0.5890983412460259,0.7615096411910846,0.8293333333333334,1.0,0.9873417721518988,0.8153495440729482,0.6971050454921421,0.1154100926702118,0.8563418571064481,0.8636363636363636,0.5239774604099874,0.973156780942016,0.8795255802549853,0.981132075471698,0.7351351351351352,0.5705859924725903,0.3330324390337848,0.948355030490719,0.5942114993033973,0.9912243246032908,0.6620866773675762,0.9753086419753086,0.9808917197452228,0.9770114942528736,0.5901949694060235,0.7015206682373099,0.7539682539682541,0.2469182075628852,0.9890358479022548,0.6745528429685633,0.883775969221414,0.5050440760330089,0.3265634909455486,0.3847697539753056,0.9473758365621696,0.8248898290471682,0.9872009118332647,0.8918371809474619
align-dinov2+1b-llama-chat-things+hyp-abl20cat-shuffled-218,0.50427947425873,0.431156015037594,0.968944099378882,0.976470588235294,0.3162943871706759,0.9714285714285714,0.7953293677021369,0.6429091864645669,0.696594427244582,0.2023551895674657,0.4788460014266466,0.8419445494845343,0.9736842105263158,0.5704960540543448,0.5296976818715949,0.2762314681970349,0.6582478654048546,0.7398560937615903,0.8977272727272727,0.912751677852349,0.8571428571428571,0.5493200663349916,0.0914686599574059,0.9012345679012346,0.6795592048401038,0.1899662162679979,0.4457297088876036,0.4373024405977851,0.9364161849710982,0.3443965517241379,0.0537987201861547,0.3025988506732995,0.3105075649616445,0.2927200731038684,0.6689063948100092,0.262213313443968,0.8623248716881675,0.9005847953216374,0.7423117709437965,0.3686224489795918,0.4906346608474268,0.4908566538839413,0.2404907097766412,0.25899260382019,0.3364072148196295,0.6598517761308458,0.1155395447846733,0.0565410702631972,0.2528373899360541,0.8855916386711459,0.0816267311389824,0.4562137703314173,0.3425570256556173
align-dinov2+1b-llama-chat-things+hyp-abl20cat-shuffled-42,0.401832022934827,0.4469572368421052,0.915032679738562,0.9883720930232558,0.3387205073075297,0.9655172413793104,0.8130213411331384,0.6434964336013811,0.696594427244582,0.2023551895674657,0.5178566256700721,0.7703228524636953,0.987012987012987,0.6386382084706107,0.4765765765765766,0.2762314681970349,0.6732085903208674,0.583188741083478,0.9162011173184358,0.9548387096774194,0.8851802403204273,0.5493200663349916,0.0914686599574059,0.8367791307289024,0.657603890362511,0.1802409037009299,0.4457297088876036,0.517362415749757,0.9302325581395348,0.3443965517241379,0.0537987201861547,0.3025988506732995,0.2903569841504962,0.2927200731038684,0.6569280078895463,0.262213313443968,0.8876404494382022,0.9132947976878611,0.7654385054488843,0.3686224489795918,0.5033337808206918,0.48396482813749,0.2404907097766412,0.2254689754689754,0.3485768680769802,0.6279029562611652,0.1144545678404334,0.0618563318391791,0.2528373899360541,0.8065488147850542,0.1007408561979123,0.3715323252768187,0.4003542102133651
align-dinov2+1b-llama-chat-things+hyp-abl20cat-shuffled-7,0.494234346613234,0.4627584586466165,0.9290322580645162,0.9883720930232558,0.3162943871706759,0.9411764705882352,0.7831996434937611,0.7560765072009451,0.696594427244582,0.2023551895674657,0.4683499288762447,0.7052284175785999,0.9736842105263158,0.474351011307533,0.4921458741683461,0.2762314681970349,0.6663751141010643,0.583188741083478,0.8914285714285715,0.912751677852349,0.8941798941798941,0.5457089552238806,0.0914686599574059,0.9012345679012346,0.657603890362511,0.1802409037009299,0.4588972431077694,0.5042864142005955,0.9545454545454548,0.3246753246753247,0.0537987201861547,0.3025988506732995,0.2903569841504962,0.2927200731038684,0.6748552894211577,0.262213313443968,0.8512283908788629,0.9378531073446328,0.7263271162123386,0.3686224489795918,0.5446775446775447,0.48396482813749,0.2404907097766412,0.2368162650523371,0.3364072148196295,0.7010818638725614,0.1155395447846733,0.0665558531104749,0.2528373899360541,0.8149920255183413,0.077478202548625,0.3715323252768187,0.5015082956259427
align-dinov2+1b-llama-chat-things+hyp-abl30-218,0.9912096422476426,0.8321884675655011,0.9919274997285392,1.0,0.9615384615384616,0.9315505610869032,0.9529788972624588,0.9428688070451696,0.8383065435476516,0.7839089930392268,0.9002306763707522,0.9640589652589494,0.9808641596001804,0.9310523157578916,0.761831310218407,0.8667575044386638,0.9288189151308128,0.9901499978645592,0.9215974290104608,0.9839378192157876,0.9416013128997888,0.7877072189977619,0.8303328969995637,0.9601702568905538,0.9712230215827338,0.8453584018801411,1.0,0.9377391020712472,0.9595689757492608,0.7031574799270972,0.9923954372623576,0.7539604768904132,0.9715978558229076,0.8313885240995549,0.912179430983674,0.90095716329101,0.9286458744571654,0.9118609800712428,0.9454423367466844,0.7967587967587967,0.7457264957264957,0.8996723956112251,0.7448460071258576,0.9810012379573247,0.923818803129148,0.9584511784511784,0.8019609381127931,0.9099728289543104,0.8432564515167769,0.966372303585086,0.9258542965541277,0.9362329267868124,0.8550424297564291
align-dinov2+1b-llama-chat-things+hyp-abl30-42,0.9890472438442875,0.8474308300395257,1.0,1.0,0.9616820283113676,0.9315505610869032,0.943247009638834,0.8413063909774436,0.9266694090223502,0.7999573754244479,0.933442793960328,0.9568345323741008,0.962220562608912,0.926092783950884,0.7097305153303332,0.9629629629629628,0.9427261532131076,0.9802015250544662,0.9431360725873604,0.975951263357635,0.8697430862379315,0.8533816761957886,0.8568817050977474,0.9393982255368396,0.9492599479244892,0.8517176596886742,0.9824561403508772,0.9491958869957262,0.959263887389032,0.8181946766105181,1.0,0.7624342745861733,0.9323223492961864,0.8772971550978993,0.9028516449742096,0.873138990109318,0.9694196604816424,0.8480120352460778,0.9638099111423326,0.8201440173640241,0.79,0.9020537174986896,0.7290826451571603,0.9746754300551768,0.9008311890424526,0.9022164632067108,0.7904477576785378,0.925911283838113,0.8317342384477644,0.9831932773109244,0.9485306607779852,0.9546788167477822,0.8554635678180994
align-dinov2+1b-llama-chat-things+hyp-abl30-7,0.9805264079649648,0.7986938775510204,1.0,1.0,0.9325969800193198,0.912644889357218,0.9529788972624588,0.9285714285714286,0.9057178116001644,0.7999573754244479,0.9286692281948664,0.9496825513625292,0.9808641596001804,0.8918639690055962,0.6642998027613413,0.8240740740740741,0.9094889858067932,0.9902391216533896,0.950279317390676,0.9679895302773064,0.9546495886702072,0.8472823700112854,0.8409749611087084,0.93985783193704,0.9345136669558008,0.8748139443791618,0.9912489986793392,0.9377391020712472,0.934959349593496,0.7850450716713462,0.9962074181410964,0.7273728068876317,0.9423186773082842,0.904622556172542,0.9028516449742096,0.8713841439710961,0.8726821005081875,0.8881899475794018,0.9548629088858974,0.8442504226024243,0.7053998632946001,0.8814310129950843,0.6978964585948496,0.9620131450827654,0.9239961725450464,0.8902023902023902,0.7799565979031035,0.8941347597597596,0.8170415224913495,0.9579772574424982,0.9201904098455822,0.9546788167477822,0.8752747178534285
align-dinov2+1b-llama-chat-things+hyp-abl30-local-shuffled-218,0.978118726920984,0.7879026021878571,0.992429950036441,0.9753086419753086,0.953641524209877,1.0,0.9389645271834768,0.9143557422969188,0.8786107347751183,0.7038112522686026,0.8848607657118296,0.9236641221374046,0.9872890642121412,0.9161742674542364,0.6762084796111261,0.7656944919603147,0.935245875068884,0.9710215499726302,0.953988226161211,0.969552850153601,0.8803164139749508,0.8331489384120961,0.7776218526218526,0.9095712253606988,0.937086105667492,0.9091876452633644,0.97447474390811,0.960529411764706,0.9810842220399234,0.8814162028447744,0.9769695295590718,0.788933511825078,0.9827586206896552,0.8793451317230645,0.93175055091766,0.9043872843115714,0.8655259179768371,0.9016759939090035,0.9548889528124364,0.8126293995859213,0.8367457784933514,0.8709979744233153,0.7585648148148147,0.981247802648541,0.9076741440377804,0.8697805751423658,0.9194228178612466,0.8616906610967345,0.8354646206308609,0.9599846045288346,0.9229680758898186,0.9837829827827326,0.8778346772363504
align-dinov2+1b-llama-chat-things+hyp-abl30-local-shuffled-42,0.9866593701454598,0.7733887156262806,1.0,0.9864590705355036,0.925183946928514,0.9911051274970084,0.9205026580275136,0.942892135421223,0.9052760105391684,0.6965043695380774,0.879763739085773,0.892751156576893,0.9872890642121412,0.9159619047619048,0.498927159796725,0.7506950999467036,0.928631740216144,0.9903405166575434,0.9923628403179524,0.95408585347918,0.9312338425381904,0.8100498752852179,0.8461566367606635,0.937319947621126,0.9606495266523056,0.9401336241691428,0.9914373483350832,0.964422951363913,0.9524639299816784,0.9084281650071124,0.965204119509108,0.7678268630075858,0.9913411001419236,0.8965815414769124,0.971530956725044,0.8909634836102895,0.8488876319758671,0.8949391789240482,0.9178507342439668,0.876373106060606,0.9121780685287116,0.8810627210242946,0.7783809523809524,0.974992186279106,0.8918242251575584,0.8813017413645446,0.9627157928388744,0.9249347125059472,0.7752750130958617,0.975962984384037,0.9347684011759004,0.9590738319848308,0.7573903703357774
align-dinov2+1b-llama-chat-things+hyp-abl30-local-shuffled-7,0.9866593701454598,0.8046454445054143,0.992429950036441,0.9753086419753086,0.9447520369538718,1.0,0.9205026580275136,0.9000816993464053,0.8646482768931748,0.7141205615194054,0.8799389910501022,0.9080724199230512,0.9872890642121412,0.9317266641404572,0.5315185425236879,0.8802059202059201,0.9072110394581208,0.980773152458217,0.9462562122735853,0.96939056898612,0.9094880003970912,0.8219492219492219,0.7882915266092835,0.8906563706563707,0.9292131219569716,0.8762003933819276,0.9914672310734408,0.9142588235294118,0.9715824484263592,0.8822566564818857,0.965204119509108,0.8421520603973681,0.9827586206896552,0.8687982196938993,0.9530917982723088,0.8878504672897196,0.89575891085179,0.8680808618167309,0.9368445339374109,0.7778226168056677,0.7816273693943596,0.857667242640159,0.7299319727891157,0.9182939872051492,0.9619560333846048,0.9540165925258948,0.8820125842606996,0.9020175012153622,0.8314562598218963,0.975962984384037,0.9347684011759004,0.9919141811582688,0.8776303561039374
align-dinov2+1b-llama-chat-things+hyp-abl30-shuffled-218,0.6931847202522551,0.3815178815178816,0.5129483752434572,0.9336986301369864,0.6316692400068623,0.722004412917814,0.5925945206192558,0.3355003940110323,0.6344843786704252,0.4720784409895606,0.4897839421616793,0.6950562957738561,0.7824397824397824,0.4921705745235157,0.4155844155844156,0.5488063660477454,0.7355979683023709,0.5367105719870658,0.5703891719392061,0.5782223918297625,0.839168642767471,0.6009793988517392,0.4402670226969292,0.5229924750025771,0.4561322325846974,0.4226050065656956,0.6124020156774916,0.3819478702412139,0.509137012842638,0.4199905033238366,0.4590744077523827,0.6182041150020439,0.6567118772975028,0.4109972041006524,0.6742698988356557,0.5238095238095237,0.6087542087542087,0.6576236843586424,0.4051092095277219,0.3960573476702509,0.5247507122507122,0.5401186071265649,0.3112733553148061,0.4379005225278517,0.4279795374793895,0.7362051015096304,0.4285908763347826,0.5488547282876526,0.5711478923553227,0.4266013071895425,0.6036888532477946,0.5590192560411403,0.4986312798935519
align-dinov2+1b-llama-chat-things+hyp-abl30-shuffled-42,0.5731516525012867,0.3514347202295552,0.5801307892143688,0.926896551724138,0.5776476541603414,0.7185487357956155,0.6376734642793481,0.4697676726960643,0.6394581654697261,0.4306049723985304,0.3931999968820606,0.6366863905325444,0.7824397824397824,0.4098801560758082,0.4546469622331691,0.526424287856072,0.7262666173387594,0.5077549827362575,0.5952033114195276,0.6457109769211681,0.834392523364486,0.5908750934928946,0.3439292767798363,0.5395218968284153,0.4124491551939925,0.3589451176051318,0.5816877303844129,0.4572766065741532,0.5135926138249404,0.410576923076923,0.3900317823728079,0.6819624819624819,0.6311484593837534,0.4218893816417036,0.6482114907425082,0.5952380952380952,0.6087542087542087,0.666321970198836,0.5256383113858661,0.4010381905821282,0.5303230209281166,0.5490549957387076,0.414091285059027,0.4999276620370371,0.4961154273029967,0.7588549358460862,0.5723310195971414,0.5854817152702856,0.5234976581725808,0.4532544976753588,0.4719094505580807,0.4961013645224171,0.5673375706214691
align-dinov2+1b-llama-chat-things+hyp-abl30-shuffled-7,0.6274385599605468,0.4450980392156862,0.6943067734146652,0.926896551724138,0.665408126573175,0.6729255874608402,0.6215699412431708,0.4517878250591016,0.6344843786704252,0.5482300884955752,0.5355326644186749,0.6754957983193278,0.833422141026617,0.4535835650293482,0.5028944911297852,0.516150056839712,0.7542673966679714,0.5946217504886826,0.6271771771771771,0.5914918414918415,0.8409763829626922,0.615670542372113,0.408604057313094,0.5181533046865222,0.3525744818652849,0.4247786673444317,0.6687925170068028,0.4812623274161735,0.4688687095257045,0.4153129479216436,0.5656301828181765,0.6161616161616161,0.6712340176900939,0.4405772288125229,0.6160693641618498,0.6826382727003845,0.5707679201655106,0.574586506618677,0.5256383113858661,0.4010381905821282,0.5018577494692145,0.5216399730472192,0.4908609908609909,0.4775657429748239,0.4643182477952291,0.6445728733971465,0.3563784371865077,0.4823237852773229,0.6154084177954595,0.4957873774509803,0.5220394451041154,0.5695544944115024,0.4924804037473796
align-dinov2+1b-llama-chat-things+hyp-abl30cat-218,0.927857390220922,0.4138157831103889,0.911906580814144,0.7904855001629194,0.5735137865640397,0.8762562762620099,0.942091319931432,0.3187675070028011,0.8506799226643584,0.4164849368640838,0.6180340119421392,0.8737676853344987,0.967301496155932,0.8419926577307265,0.5449179817275748,0.5895788102475032,0.2817026428660195,0.833143600585461,0.8638741712668868,0.9593884376493071,0.864004505470929,0.779706668350062,0.7821158866719192,0.9395095475990852,0.7597769762450731,0.3075345545391628,0.9400450959604946,0.9151808489837172,0.9500777047220562,0.7832030264817149,0.9499093417422152,0.7999746995572423,0.98,0.4965820089446888,0.5421589766081104,0.7735066595353328,0.870540350877193,0.5110022564311008,0.8129935280885059,0.7924549210822107,0.4636196840644997,0.5138432734183477,0.5944554964260138,0.5394933069002777,0.4792130301564264,0.8155924377612779,0.4322219976206966,0.6911708076972798,0.7590492277992279,0.8851608267995874,0.9572369093622852,1.0,0.8358862642700995
align-dinov2+1b-llama-chat-things+hyp-abl30cat-42,0.9600018832955464,0.3435636732392634,0.8116440840444046,0.7732262382864792,0.8443989227961354,0.901005021009608,0.9582342954159592,0.2657624453290088,0.8579919656764955,0.3465806950036399,0.6995342236937642,0.8966341202158776,0.9454428130265334,0.9001420875022201,0.5062453775988167,0.7069885598349616,0.3564908813912423,0.9002525252525252,0.9277618150086184,0.9719887955182072,0.7797270194317008,0.8007838253607794,0.6197565543071161,0.957529514873434,0.4893986654558376,0.2995679567956795,0.9619001798400908,0.9273949444811238,0.8550612905712744,0.6247953621181968,0.9664627670872096,0.7989604825525677,0.9748743718592964,0.5025316889345667,0.5938560112068504,0.7249362244897959,0.9587637487501136,0.5466436015358002,0.8422687434041629,0.6228684863523574,0.4803815689374842,0.466438020578148,0.5388269007987317,0.6870869647888862,0.4555217831813576,0.8647478647478647,0.2364173545994005,0.4264135740666409,0.9000494751155111,0.8933636248853312,0.9400223200820416,1.0,0.8770949720670391
align-dinov2+1b-llama-chat-things+hyp-abl30cat-7,0.7235900122228043,0.5445981250960504,0.9874063652610364,0.8215447154471546,0.7585196890480858,0.9193765030546311,0.969619021134594,0.3438155202861085,0.9404078158757744,0.4069658814169862,0.5346405506725516,0.8852399197226783,0.9299817250152292,0.7345623641894827,0.5690855349547002,0.4463389412297447,0.4780399272739845,0.8642346883272292,0.9150231830675688,0.9724851419766676,0.6515098900175516,0.7910310574502099,0.6201123738156233,0.9665939793638976,0.7035346543699696,0.5192268632268632,0.9890904538290868,0.9303578722468344,0.9272377454195636,0.8148592949053248,0.9720079934867883,0.8384795321637426,1.0,0.6515148247978437,0.6152201490604161,0.7943625040970174,0.952,0.5579941741157989,0.8624934571827816,0.6522826766729206,0.43963554670496,0.5029585798816568,0.3799539114551233,0.4625808337509247,0.4864772665073835,0.9173553719008264,0.3431958335549686,0.4084418986668714,0.8709741152759731,0.942586849764824,0.94823695047822,0.9950248756218908,0.8796499271314064
align-dinov2+1b-llama-chat-things+hyp-abl30cat-local-shuffled-218,0.8352396359006222,0.3221380449615744,0.9869066642388284,0.7810585157845702,0.7740371084024334,0.9384015368900316,0.9469312977099236,0.6355516270162341,0.934132872203938,0.3622747872222836,0.7554347111507582,0.9341294536010938,0.9065045415354478,0.8118711136235163,0.4983231153739346,0.5562610229276896,0.2962944004610671,0.9863102743427288,0.843256510672473,0.9918830497357708,0.5834062522561548,0.7530645890780701,0.7109785245540106,0.9325658876024858,0.6630530549703122,0.6733945403446379,0.9883545113082396,0.9289094961922396,0.8718636651026588,0.3927029804727646,0.9681612505141916,0.8097382493667323,0.995850622406639,0.5281039892424921,0.8109612869137776,0.7881212121212121,0.9198218656588596,0.851689223057644,0.8949772410345462,0.7403486560998159,0.6865139028198579,0.4542896990955508,0.5766336755965202,0.786641447856401,0.5085327655969591,0.9548688465684512,0.7388784930351554,0.4104629242534215,0.7439243302954985,0.9638903271087178,0.9558652729384436,1.0,0.8911975768628129
align-dinov2+1b-llama-chat-things+hyp-abl30cat-local-shuffled-42,0.8853014087913416,0.417784239795625,0.7083007629984625,0.7810585157845702,0.8098440677062788,0.8785134087830043,0.9469312977099236,0.3870869760756737,0.8970799809509487,0.3643551808689423,0.6619444427142585,0.9301224346883225,0.91934266765762,0.7586206896551724,0.4983231153739346,0.3652329749103943,0.5536964999564307,0.957709775891594,0.9076413782296135,0.9839157217829512,0.766220964798983,0.6369523809523809,0.5916336422387514,0.9173588229537076,0.5579951966456133,0.5404188604282365,0.9177533541103866,0.9169103433254376,0.9377041019514136,0.5296535712297943,0.924009324009324,0.7947762530901795,0.956896551724138,0.4858447488584475,0.5495309390694589,0.772987012987013,0.8973295759527644,0.9167961745367604,0.889702864392234,0.727316956745245,0.4985506324624081,0.4325947600438909,0.6440950698404826,0.7393509593365811,0.4618898037830771,0.8646065397053541,0.2650483026410412,0.3151568100749388,0.7967334523573365,0.9774549908378906,0.9477124183006536,1.0,0.871191845555539
align-dinov2+1b-llama-chat-things+hyp-abl30cat-local-shuffled-7,0.8696258957650692,0.3828992484943237,1.0,0.8282183850683701,0.9139566465427617,0.9180526198209346,0.9469312977099236,0.7468630660120021,0.8992981496673048,0.4153297574551397,0.7613022690755181,0.9032772393239784,0.932311227943144,0.7940727710064801,0.4983231153739346,0.3881481481481481,0.4682202691008414,0.9042587162887914,0.9244071357356504,0.9918830497357708,0.766220964798983,0.8116122464959674,0.7143592874777669,0.9268411647219592,0.726911877586437,0.3401702786377709,0.9883720930232558,0.919934103029348,0.9252449223416964,0.689293578943689,0.9492056856187292,0.7365537402925413,0.995850622406639,0.763049046217363,0.7179708144531833,0.7501831501831502,0.9027407709267212,0.8912869382142731,0.8254343175010698,0.7362776154106715,0.5231596835768738,0.4775479017279887,0.5361768944880968,0.6565041286976415,0.6103257000197568,0.9256165786778032,0.530913508723019,0.3604571843152122,0.8152869787897343,0.9774989234139873,0.9477124183006536,1.0,0.8752438473232262
align-dinov2+1b-llama-chat-things+hyp-abl30cat-shuffled-218,0.6543250920650612,0.3065914130215682,0.3874790399838015,0.7151511569490824,0.4213595771824311,0.6442996370127045,0.671875,0.2684654069860857,0.73302822273074,0.2866722215609253,0.1170906465752393,0.3855923774223337,0.8228571428571427,0.5265685221457004,0.4927601809954751,0.3803951836986723,0.0260752929773548,0.7069177961626475,0.3857679017441369,0.6938532716457371,0.6456122024719695,0.5816176470588235,0.4883775718636159,0.6417024681462256,0.2744772327535665,0.2698679058560303,0.5140394773422297,0.4391213081277496,0.4832899344527251,0.2836018617973505,0.5780557369961343,0.7368368280081514,0.6666666666666666,0.4598337950138504,0.464500537056928,0.552479815455594,0.7915451895043732,0.45,0.5199514991181657,0.4807692307692308,0.4298245614035088,0.4460802445147582,0.3163440044967908,0.298265042451089,0.4174383119536947,0.6942912641204078,0.1718123547588038,0.0853765197804244,0.483492955592514,0.4194196428571429,0.4147810077253767,0.8144329896907216,0.5285027903030207
align-dinov2+1b-llama-chat-things+hyp-abl30cat-shuffled-42,0.6780768131692577,0.3065914130215682,0.3874790399838015,0.7151511569490824,0.4213595771824311,0.6539351851851852,0.8223684210526315,0.2590458570107044,0.73302822273074,0.2866722215609253,0.1040858557295975,0.3308078961738375,0.8987234042553192,0.5094946974422956,0.4927601809954751,0.3803951836986723,0.0260752929773548,0.727222203843991,0.3857679017441369,0.6461705918292953,0.6456122024719695,0.5846611721611721,0.386505530227646,0.618537672314881,0.2744772327535665,0.2698679058560303,0.5140394773422297,0.520290601452141,0.4832899344527251,0.2836018617973505,0.543046357615894,0.6225610107056521,0.8622222222222222,0.4245614035087719,0.4613891285591027,0.7675175730669627,0.7577307846215409,0.4621920903954802,0.4770291442515667,0.4807692307692308,0.4272300469483568,0.4327916629868409,0.3163440044967908,0.3002943773918163,0.3981106191931159,0.7325902652506162,0.1718123547588038,0.0808716793212741,0.5824228681371538,0.3104250827490943,0.4753686598606384,0.909952606635071,0.5624098091763841
align-dinov2+1b-llama-chat-things+hyp-abl30cat-shuffled-7,0.7040067469306464,0.3065914130215682,0.4043283730487522,0.7151511569490824,0.4213595771824311,0.6308769818056368,0.7215533980582524,0.2590458570107044,0.73302822273074,0.2866722215609253,0.1170906465752393,0.3476326495452072,0.8877419354838709,0.6012014818727945,0.4927601809954751,0.3803951836986723,0.0178743796517303,0.6666049158093222,0.4003348006696013,0.5699068816715877,0.5941360796758677,0.5816176470588235,0.5946267472985031,0.6070560040858821,0.2744772327535665,0.2698679058560303,0.5255729955116458,0.5295979058840514,0.4832899344527251,0.2836018617973505,0.5606126467053619,0.6859367146813812,0.419753086419753,0.4218352572882019,0.4613891285591027,0.6158264988687784,0.7286519871106337,0.45,0.5037353427346454,0.4807692307692308,0.4298245614035088,0.4327916629868409,0.3163440044967908,0.298265042451089,0.4612347052280311,0.6850114274923979,0.1718123547588038,0.0808716793212741,0.5401331305674352,0.3021847458275652,0.2644628099173554,0.826530612244898,0.5246276775331057
align-dinov2+1b-llama-chat-things+hyp-abl40cat-218,0.5972462325230501,0.7987197795207607,0.9714485750959104,0.968503937007874,0.3557800943451168,0.8749165459793137,0.6526166255928122,0.8889327985140983,0.921785123966942,0.3980665715863084,0.6942224290426535,0.8229341740753192,0.9903846153846154,0.8731499802136922,0.7674887234099341,0.851699458973467,0.8774061435289694,0.9003848580553458,0.9631734119538996,0.9705739191999646,0.7941980257769732,0.5333333333333333,0.4198524049144873,0.837046515128707,0.438157296146132,0.3913399831867646,0.9587202014775792,0.7598190252006072,0.8096374545970313,0.8261825223916727,0.5831836462862716,0.4148083253690134,0.814277269528501,0.5040625215175928,0.921290119432328,0.6689639662152032,0.8147378373096568,0.9111029026995412,0.9127490189310664,0.8452852874441643,0.464405324173465,0.5160520332142853,0.4576695555086426,0.7995576051540706,0.7245195574134992,0.6297099069512863,0.3061586286349912,0.8664096079874646,0.5276450749480193,0.8092365213159001,0.9235037414324342,0.5260924422431899,0.8615897458920716
align-dinov2+1b-llama-chat-things+hyp-abl40cat-42,0.5325250376640254,0.7913127479730895,0.951030200164832,0.9477911646586346,0.4096536566720709,0.8477047909061678,0.4101111412306857,0.8197809278350515,0.9163193471440972,0.4447240632846161,0.5594727621281428,0.7218698921216083,0.976245018751054,0.8767284771055462,0.5772231451789462,0.8952879581151832,0.9018524231291416,0.8408596837944664,0.9631734119538996,0.94863739435168,0.7941980257769732,0.5333333333333333,0.2087403045101982,0.6738087301209355,0.3523630573060231,0.364882320401624,0.9484885723852492,0.5222814822031987,0.7278243786218948,0.88341005165662,0.4196666666666667,0.4148083253690134,0.8187733038781799,0.5161809404612909,0.8238681460895149,0.4444703444703444,0.8629168446967386,0.6148466917697687,0.8278109369740757,0.8043487113635722,0.5277184207365339,0.5052378545966101,0.4290049641047022,0.4822501345513258,0.4847708084083527,0.7864267676767677,0.4169474238352931,0.8842540271569537,0.5614868012422359,0.8728889329461799,0.9377777777777778,0.6621798213603031,0.8310777788377571
align-dinov2+1b-llama-chat-things+hyp-abl40cat-7,0.5325250376640254,0.8035739196864516,1.0,0.980544747081712,0.5525238300460713,0.9076455354126788,0.7872032252016163,0.8800331878074317,0.9420672403305288,0.3882759306197505,0.5377097346440978,0.8835204105007559,0.9715553723783952,0.7345955756119096,0.6938619961731004,0.8834781463362954,0.8589524695586386,0.9355431434475766,0.9799309124610328,0.9380534740011864,0.91987021987022,0.656023222060958,0.3395261106762893,0.8560846560846561,0.5004967235660546,0.510932057476,0.9690931434311496,0.6910260866407627,0.9418167742986944,0.8598251421780834,0.6524860063683593,0.4250539684408111,0.8587379461082655,0.5395514234062418,0.868356361786895,0.6381323177377412,0.7571566890151445,0.8813740880967771,0.8877236112059287,0.8164311377245509,0.4875378677060427,0.5052378545966101,0.3930791931028995,0.722495361781076,0.5812619670806471,0.6596540074989791,0.4852071336183028,0.8741472373063814,0.526389694041868,0.934625568809158,0.8515752115752115,0.967202268431002,0.8828836311394451
align-dinov2+1b-llama-chat-things+hyp-abl40cat-local-shuffled-218,0.725981426272424,0.7438527432452818,0.9311154756708856,0.9915966386554622,0.4579478850363675,0.9351492852052764,0.4525748792270531,0.8502057088392267,0.8132264769665998,0.3996263848000094,0.721618443118857,0.7862430794685598,0.9515151515151516,0.8188689257311572,0.876592099000476,0.8474011774600504,0.8523728085177291,0.8836087420042643,0.9756258234519104,0.9787238733088331,0.647532603827868,0.8281482885475271,0.1819020309760373,0.9573403808697928,0.3016993221283313,0.3034194591659683,0.931257904801371,0.8362905687202876,0.8306639721963915,0.908179012345679,0.944167385616789,0.4447251126787289,0.980138367286074,0.5351951951951952,0.925531914893617,0.6847859644125062,0.7907775218392803,0.9221297582616254,0.8871504116011558,0.8621775411735375,0.6429171668667467,0.5199661873906578,0.6491764105163781,0.9176954732510288,0.7713335069293754,0.6348262919899936,0.4683466386554621,0.8789625360230547,0.566223328837708,0.8200514860898045,0.9720976800976802,0.8995253848815085,0.9409209511014114
align-dinov2+1b-llama-chat-things+hyp-abl40cat-local-shuffled-42,0.5520405704670641,0.7667727750545585,0.9636081834599272,0.9743589743589745,0.4264732354122224,0.9456323583030474,0.4618657796505095,0.8314814224441299,0.7624065359854498,0.4186807656140577,0.8055008410190845,0.8678842690470597,0.945554473405045,0.8799033342673018,0.7251201147676563,0.9094333581794624,0.8295798965101872,0.8684664816152705,0.9703913764089,0.9713722388023924,0.7193116343732866,0.6181730923052311,0.1758720930232558,0.7820550583437182,0.7399434980603811,0.703450516301195,0.9575314468931492,0.7150039824771007,0.9725733755809436,0.9212962962962964,0.8837263325908997,0.4036082768055635,0.8745846595418252,0.5891869918699187,0.937559378867111,0.5578993717860566,0.788129162988968,0.910999146368094,0.8581142967675967,0.8773997640789101,0.5554290137107475,0.4899311075781664,0.3773060948517338,0.8192528040022594,0.8840889862265898,0.8285604603915578,0.5055150930539208,0.9033183632228106,0.4947645176040238,0.9280153405724112,0.8910426526402122,0.6936720867208672,0.9359412097230072
align-dinov2+1b-llama-chat-things+hyp-abl40cat-local-shuffled-7,0.6847540716590538,0.7960256638745321,0.9879010580317236,0.9473684210526316,0.4741324955078062,0.8924794077805845,0.6546649971278974,0.7919966735308096,0.7090481203938812,0.4550099600418188,0.6373879175797672,0.7592994686017942,0.9698551412340016,0.7705673059261325,0.6326617490161166,0.7641408699059561,0.8607127251036081,0.7207149286357207,0.9756258234519104,0.9713722388023924,0.7290306619207993,0.6276085748385157,0.1758720930232558,0.567187212433114,0.6762773387279316,0.4724602427605764,0.9629338100657115,0.5002727823527725,0.8973233082706767,0.9275924363384608,0.9418569837801496,0.4141649331532913,0.410212870677987,0.5327710843373494,0.8120732475288156,0.4544598108301616,0.615822520446798,0.7181652407920633,0.8573519516304108,0.753837418952186,0.5665028806111764,0.4899311075781664,0.5637681644679569,0.4054409642644936,0.5086091714674217,0.7660075779850893,0.1947774080588533,0.8641587839156799,0.4635879198720729,0.872548505829331,0.9059497780428012,0.5120648476514439,0.8672744805820986
align-dinov2+1b-llama-chat-things+hyp-abl40cat-shuffled-218,0.045855782000182,0.5511089199588047,0.3800769437441763,0.9140271493212668,0.4300982216260655,0.7039989818266665,0.4071192532900458,0.509673704614615,0.7574049555513525,0.3176819388423484,0.1521580743901679,0.4397283109881535,0.6494883628164145,0.5144584068195179,0.5407038748666904,0.6459712918660286,0.7190614951768489,0.4817716333845366,0.6422040420770576,0.5928896804466213,0.6661335710415466,0.5682834537323701,0.1542709037638043,0.5067063492063493,0.3183123841342922,0.2942812682357518,0.601108240883825,0.0854805561692071,0.5265780257950631,0.5508466227449049,0.1239131949644602,0.4079768361812324,0.3988175422840891,0.4703551465476738,0.5106154375107443,0.3789449762804306,0.5742796236401059,0.4915691569156916,0.3897486553178431,0.5084033613445378,0.4368158929084593,0.491374681165257,0.3629764065335753,0.3333333333333333,0.4457282913165266,0.535511452287337,0.1953576547833726,0.5659034488945984,0.3662785432773765,0.3573705696303015,0.5565565565565566,0.4998825877656452,0.6252891189061401
align-dinov2+1b-llama-chat-things+hyp-abl40cat-shuffled-42,0.037928811817369,0.4749324869907347,0.4100323991209189,0.8571428571428571,0.4320393586949485,0.7498354053701145,0.4652858671104243,0.415133215840763,0.7603318250377074,0.3221708611539119,0.1911272096839107,0.3756547286818886,0.6263957986267074,0.5992708793636765,0.5407038748666904,0.5608835288719932,0.7655688989011984,0.4817716333845366,0.7533575446841844,0.709920634920635,0.6304176516942475,0.5596450333292439,0.1603307186449342,0.5067063492063493,0.3183123841342922,0.2942812682357518,0.571291263802277,0.0854805561692071,0.5289274967353659,0.6664056674123788,0.0987072980615805,0.4101111412306857,0.4282579095512302,0.4580127132820341,0.5106154375107443,0.3810818465024072,0.5842322796150167,0.4915691569156916,0.3668246636017453,0.5084033613445378,0.4270288410288805,0.491374681165257,0.3719703152580333,0.3333333333333333,0.4478252194732642,0.5983205782312925,0.1942546044248812,0.6076616410117133,0.3707632190321687,0.4229208612628741,0.5688888888888889,0.4903743315508022,0.5802028863555921
align-dinov2+1b-llama-chat-things+hyp-abl40cat-shuffled-7,0.0405789846742678,0.424172154979096,0.4484967426269834,0.9787234042553192,0.4339703856749312,0.6415530753772434,0.4552883633055002,0.4429833439008925,0.7603318250377074,0.3221708611539119,0.1356395431504785,0.3700231085244779,0.6681181028834396,0.5156112086929697,0.5407038748666904,0.6655751631463105,0.750303339128821,0.4817716333845366,0.6788796192769703,0.5544955044955044,0.6304176516942475,0.5711232103246622,0.1663441166080025,0.5067063492063493,0.3183123841342922,0.2942812682357518,0.571291263802277,0.0842456644681165,0.5312632681366583,0.5949113654494291,0.0952741197347529,0.4079768361812324,0.3970590993491756,0.4580127132820341,0.5106154375107443,0.3810818465024072,0.5742796236401059,0.4892112311535105,0.3478992366062742,0.5084033613445378,0.4270288410288805,0.491374681165257,0.3629764065335753,0.3333333333333333,0.4478252194732642,0.535511452287337,0.1953576547833726,0.565166688341224,0.390795802220706,0.3204024756852343,0.2949466602886799,0.5022241732513901,0.36246506964739
align-dinov2+1b-llama-chat-things+hyp-abl50-218,0.9934598886245214,0.7819609358189393,1.0,0.9605141171512852,0.7749973842308545,0.972027972027972,0.9680277212160184,0.8069844687772025,0.9568345323741008,0.6998145651495999,0.849987770176016,0.9088866869880264,0.9785270805929353,0.8866925046565765,0.8440199437798798,0.9148326888972876,0.8882831661092531,0.9240483979246944,0.9746310720959336,0.9888888888888888,0.9572365339578454,0.7778878985799087,0.7840492491166078,0.9686717967967968,0.8790414568734631,0.8260348015447273,0.981837435662934,0.9044303177063856,0.9514707853122488,0.8169496166484119,0.9716842350071138,0.7880896137982751,0.946736755123476,0.8510762473026623,0.908744743975582,0.8310507149182924,0.8788333188543197,0.8880066049877371,0.9438673387079564,0.9585858585858584,0.7934318068701128,0.8796453810374814,0.7601833842734093,0.938367930275656,0.6984596323307021,0.8365795792635677,0.897775064441731,0.8615393021630245,0.7724036170673598,0.9846007639307708,0.9440436208772712,0.9705388459298784,0.8644780420060654
align-dinov2+1b-llama-chat-things+hyp-abl50-42,0.977590592512748,0.7811568393860866,1.0,0.940771175726928,0.7653183378027425,0.9502180582075228,0.919548872180451,0.7722122213851591,0.9706919778862224,0.6487699412704995,0.8558265990220549,0.8525805164103036,0.9855951822904212,0.9363770839006206,0.8848793011469726,0.9144815867342456,0.8917818723853715,0.9853045021312404,0.9594055308471238,0.9494814814814816,0.8727736342194173,0.8058919803600655,0.769885785246417,0.8886618589743589,0.8833474218089603,0.8395232342208861,0.957766793227786,0.8739766190170787,0.9817554660983504,0.8460135915276239,0.9746481643007472,0.7631589801274842,0.9056716796751064,0.8510762473026623,0.8050512267738528,0.7590282051637238,0.9535357771998992,0.902807458621412,0.9378962760656656,0.9372962772345168,0.8093216678801042,0.8403303500903939,0.8006667074927379,0.938534565615462,0.5540581115229771,0.863176969016385,0.9275044963724036,0.8669602101237367,0.8555260204383011,0.9641101292216911,0.9280673635489394,0.9172683644384017,0.874374894709124
align-dinov2+1b-llama-chat-things+hyp-abl50-7,0.9869778335990004,0.7463635405887895,1.0,0.9469026548672568,0.7713834386431658,0.9511923973462436,0.9607614258777052,0.7058702608570593,0.9778021422545288,0.6606760449562452,0.9054782271640248,0.8474403815580287,0.9855951822904212,0.8633517169342715,0.8295264173396647,0.9576495709597058,0.9009480873336374,0.9475584995865878,0.928768243536944,0.9777777777777776,0.9144730679156908,0.7848981288981289,0.7763567930426774,0.9122987438075018,0.863905325443787,0.9201915977887024,0.9939458118876444,0.8969239175218878,0.944649928833548,0.858332504205414,0.9586296734088614,0.7357646276595744,0.9410623292976236,0.8893721962985506,0.8757763975155279,0.7822284441233142,0.946188615844536,0.9239302823694838,0.9324984370673388,0.9154995331465918,0.8159598431763798,0.8543075665190563,0.7727591170214121,0.9858613823836162,0.6910243662980299,0.9311730144615278,0.86787734315473,0.8366599153534258,0.8987388106884963,0.979475273565607,0.9040602830522504,0.9779581002938668,0.8648219337976883
align-dinov2+1b-llama-chat-things+hyp-abl50-local-shuffled-218,0.9806134804301854,0.7213975466564841,0.9887099932551512,0.9451035375323557,0.9153971098913408,0.9602649006622516,0.9436902346947434,0.8317757009345794,0.7139430764310841,0.7536502546689303,0.8440530922087641,0.9336648310961488,0.9662657043571238,0.8640666333544759,0.8113920681394731,0.8387375059806921,0.9293200274786386,0.9594409054363288,0.98,0.969301709722106,0.90089923626509,0.8921890085349341,0.7405318032323395,0.924290032218421,0.8856791401149576,0.8962687727538377,0.9867300880237888,0.9335011282855332,0.9724681987490336,0.7837682893641544,0.9659295165671758,0.778925418107156,0.9819246557510352,0.8286016628873771,0.9381308672580636,0.8012592071311282,0.9295101553166072,0.9157208184193136,0.871259159509848,0.9493981583491756,0.7642633228840126,0.7560830245394004,0.7939193738599591,0.9950974499102134,0.957319153845965,0.8439129890082354,0.928094328898587,0.8767152352291671,0.8013933453762045,0.9896852286409856,0.91952026942134,0.9818718298754182,0.8932440618523831
align-dinov2+1b-llama-chat-things+hyp-abl50-local-shuffled-42,0.9917865284090333,0.795024208131599,1.0,0.9634023583549036,0.8544707439938,0.9800581259994164,0.981527820682928,0.8545417104109171,0.8127036366628272,0.7760456860626639,0.8145104946473869,0.902765363351549,0.9829567974633372,0.8207324441104066,0.7812938203177611,0.8247146804137958,0.9064456949164492,0.9481430849851902,0.97,0.9128627365298037,0.8950604632096741,0.9274371811704624,0.7978591101108208,0.8653578365456448,0.8857958660649617,0.8698859522963842,0.9867549668874172,0.9181657974236752,0.9581163194444444,0.8039904865006562,0.9771265771265772,0.7860998650472335,0.9880677896543362,0.9158115582681672,0.9310343564775226,0.8247697432882619,0.9405700916177304,0.9210000147017744,0.8522901988612365,0.961783439490446,0.8122846414287,0.8974493752781789,0.8018929150892374,0.8906501144668909,0.8571071820996903,0.802443685936116,0.9450133809099016,0.8671124150638915,0.80449720595706,0.9690721649484536,0.8889337508676555,0.9818718298754182,0.8704594387931399
align-dinov2+1b-llama-chat-things+hyp-abl50-local-shuffled-7,0.9652120057033436,0.675251509054326,0.9774329919751128,0.991605790432365,0.8714102564102565,0.9664989672780868,0.9694327691069552,0.8314229370046914,0.8124233062865442,0.5900235663786332,0.8786295909119894,0.9234753656194687,0.9829567974633372,0.904064734509109,0.7954038964262925,0.8266925817946226,0.9197146945268752,0.973886595195966,0.9900060216780407,0.9754601226993864,0.8801087425815752,0.8931543070615917,0.7799367641159954,0.924290032218421,0.8962617020163045,0.8870964675721109,0.9801483606347268,0.9233094999098876,0.9651896931205508,0.7946525968966361,0.9768633000572164,0.7108512020792722,0.9879756463030914,0.9178105947208935,0.944445917496142,0.7938173095041382,0.9295101553166072,0.9277607015022687,0.8878965369224165,0.8896255729507709,0.8006064998474215,0.8586827043202883,0.7742962926232623,0.9950974499102134,0.8861082821018809,0.8969098920690803,0.8942105085293777,0.9138839634840378,0.8328050896471949,0.9845224796679266,0.923294859341371,0.96958516352013,0.8889286495298304
align-dinov2+1b-llama-chat-things+hyp-abl50-shuffled-218,0.7751260452206709,0.5007541478129713,0.4293292913982569,0.7912087912087913,0.4658064516129032,0.7103062353954003,0.2534026483071069,0.3254633279500685,0.7508928571428571,0.3920146951790108,0.5255964024172189,0.3797217556101133,0.6775125222471707,0.503712989620627,0.5156395891690009,0.4694431661297745,0.8081041872299677,0.5053366003571577,0.5629238823199756,0.466422371932355,0.7345780106998581,0.5985127864095279,0.5343506070163692,0.5280075187969924,0.4465965015844503,0.4334533129177931,0.5356163444398738,0.6201473973253387,0.6099595657581777,0.3408389173564577,0.6465736785497384,0.5487585350713842,0.2421297591732423,0.5089249347693539,0.5297619047619048,0.5667552535685909,0.7200155259412602,0.5834433989164528,0.3411050853485064,0.62763301607115,0.5786740106833262,0.546629859673338,0.5133302385608649,0.3333333333333333,0.4200516405315196,0.4619913753643787,0.4105107014197923,0.58494346643767,0.2455460964547664,0.5606313449169295,0.4390353684471332,0.5803473509999801,0.5023846091665993
align-dinov2+1b-llama-chat-things+hyp-abl50-shuffled-42,0.779375627488727,0.5346417281348788,0.44454717696097,0.7912087912087913,0.4768817204301075,0.6570932508174456,0.4341391947085958,0.3168919840430972,0.7675518207282913,0.3210863824971708,0.5091893467237832,0.5177800505058169,0.6844381806625013,0.4935264428351986,0.5314318413722732,0.5081697358870887,0.8054401528889275,0.5541167631590578,0.4842746121258031,0.2673348629392585,0.7470133299798793,0.602028837181301,0.5181720535103993,0.5586538461538462,0.4508258258258258,0.4587846626086051,0.5356163444398738,0.5033468084539693,0.579620793321078,0.3492880202928629,0.6201192730789379,0.5817482565821984,0.2521221293676383,0.4848726831283508,0.5114155251141552,0.4936234329797492,0.6209265107847441,0.6270297210982921,0.3011895643474591,0.5545594042824985,0.5958896065766296,0.546629859673338,0.435082971510141,0.3289036544850498,0.4223676569832226,0.2869514675966289,0.4338948576147316,0.6054094430740367,0.3349442667259571,0.4570462608897749,0.4598118362824245,0.5243498955189226,0.5005973715651135
align-dinov2+1b-llama-chat-things+hyp-abl50-shuffled-7,0.6268567173878519,0.4799217845871277,0.4559004309746915,0.787012987012987,0.4940416659603682,0.7722340533414462,0.6277560019598236,0.2906046141943339,0.7365079365079364,0.4927103855896426,0.5089346350627382,0.5547964266164943,0.760969094540014,0.5101068999028182,0.5428721174004193,0.5566979362101313,0.7476306355781929,0.5996066402255957,0.5899606546192011,0.6193867398768692,0.7558263573740259,0.602028837181301,0.5012513801987486,0.5622913825573088,0.3828894206252697,0.4472040340182133,0.5478640057796479,0.4591217479661503,0.5675205437360317,0.3200207805701669,0.5607604547543408,0.5880237676925203,0.6282680563748477,0.4874840646087617,0.5114155251141552,0.4880067987396675,0.7306925245856544,0.6493336482251781,0.5227320997812801,0.5751474144724328,0.5785493235874916,0.5436283451476598,0.548485078018482,0.406031031031031,0.4602702891324094,0.6618752688172043,0.5836658251318689,0.5111056933052901,0.4719407990521422,0.500820394151061,0.5462094747809034,0.6037075408550026,0.5631567271040477
align-dinov2+1b-llama-chat-things+hyp-abl70-218,0.9670781893004116,0.6245859299673332,0.9297376425567816,0.5573999462798819,0.7394355453852022,0.8669797932268666,0.6539876183171192,0.7268780944383212,0.8068914801974997,0.5886178861788617,0.7571510297482837,0.8737215146635436,0.7139396137529698,0.7761028752399013,0.8330753308777769,0.6787936574149944,0.892662788515669,0.7201747720364742,0.8649139323779305,0.6557414898428432,0.6493201235132029,0.7299934528134281,0.757308967735508,0.6825725868014425,0.7296029556985733,0.5943615662617865,0.9226712656437516,0.8463889638365014,0.6301903635968827,0.5282101409215854,0.9532073556544314,0.6697189127167579,0.7118939163882985,0.7073530115201684,0.6446751207876071,0.6662996241484613,0.6768055608992857,0.7158998252766453,0.8447504276162339,0.8051146384479718,0.7061602418745275,0.6582681145871359,0.6698392295973691,0.794944150499706,0.6651881720430107,0.5968769578117428,0.758,0.8127526588222834,0.6910612879990767,0.8457127482777049,0.7382251133891358,0.6966420313709673,0.7163839701770737
align-dinov2+1b-llama-chat-things+hyp-abl70-42,0.9437682262154784,0.7377578456622311,0.9727626459143968,0.949447437278744,0.920069697449707,0.933922229548335,0.9432580072515918,0.7667922283901665,0.9558856149351176,0.5589894242068155,0.8994014753459515,0.9482767489711932,0.983889727733998,0.8349959144261563,0.9371362809922984,0.6791147311743719,0.9113499343756358,0.9473363338055192,0.970954356846473,0.9784813298322684,0.9360717714918244,0.7055030739241266,0.6343236440323818,0.8596171015277818,0.7541408541657545,0.8453720999106858,0.973997195185958,0.8341606783760599,0.9363833104873076,0.8585207116664404,0.949786249197244,0.6411517166670812,0.934564210090342,0.8108482523444159,0.8789365825957064,0.8717632863974327,0.9352047561371428,0.8695559122525415,0.788997546795712,0.7101085799446455,0.6912428656614703,0.8075155774283896,0.5354220221097322,0.9119828728378988,0.6611344385613407,0.8314400435889995,0.8973314685314686,0.8343196836015306,0.6996215193295485,0.9831217618993532,0.9104423624818028,0.916511130381959,0.8812085922755092
align-dinov2+1b-llama-chat-things+hyp-abl70-7,0.981221422789204,0.713765191536383,0.9610647329324372,0.6367435055997674,0.888339106053109,0.871045743974374,0.69548378733127,0.7958226979910055,0.8163533560057584,0.5896312698565516,0.7886263727864535,0.8962962962962961,0.8722929409819804,0.8104005167958657,0.8931688507562499,0.7250370641530155,0.9153871615893924,0.5952380952380952,0.9334013145714288,0.7280886901766631,0.7309036132981692,0.5585954132643436,0.7874372448314175,0.7779969130509347,0.7488685194457181,0.5482670542123574,0.9379129806824336,0.9009996155324876,0.6977119997474656,0.5622514265835438,0.9632668317909132,0.6705166637277375,0.7427578346150955,0.7342347119123367,0.8347793845012977,0.74292136400735,0.8256745989370703,0.8607562266098852,0.8903754996577447,0.846564999626224,0.679691907574019,0.6772012421115897,0.6944072281446644,0.8383296769816257,0.6621982764397626,0.6622533343686915,0.7451947409927141,0.7922942138040376,0.5689771986970684,0.9492478418137076,0.8153821641814141,0.8070447858777378,0.713776445110778
align-dinov2+1b-llama-chat-things+hyp-abl70-local-shuffled-218,0.930651506512278,0.8629860254990801,0.9055878045501172,0.9325470756537362,0.9374091466886344,0.909564606741573,0.8664440201786011,0.8440457222879347,0.938741965601874,0.6999263325736123,0.9022947275240562,0.92827546955037,0.9680058019568768,0.673379740661768,0.9147621026223984,0.6428252263394234,0.9192323507946364,0.9090621290067274,0.9690258608012438,0.9561634892249452,0.831277038936068,0.7190503980991287,0.811661807580175,0.930467473030402,0.8349349802951849,0.8402138736457014,0.9015767573355864,0.9524498888905668,0.9620430166878254,0.8461538461538461,0.9673589648330976,0.7157834018314226,0.8991754073811935,0.5654017857142857,0.9366731834473768,0.78,0.9411880909299154,0.9271190437322014,0.8773436316825686,0.8830190500444483,0.7054747523065531,0.685119241593838,0.7608629945979344,0.8708900102384087,0.6215341950733783,0.7567603661673372,0.8812527326964082,0.8432271070569308,0.8162612212686199,0.92511303909184,0.9559812865497076,0.9625879960111764,0.8533606260288649
align-dinov2+1b-llama-chat-things+hyp-abl70-local-shuffled-42,0.8996880332574765,0.8251248501039785,0.9918326394102792,0.9398496240601504,0.8580575031883566,0.9492870370976292,0.9401957266034936,0.7986496831733363,0.9243509016699404,0.5744831254707201,0.8876471308203798,0.940246640113838,0.9674241924511278,0.798442054958184,0.8870800539191364,0.7886715273039224,0.8764444318016636,0.9792087073375356,0.9299355851428652,0.98679306120832,0.8870578416371417,0.7843077607953701,0.7170640544627435,0.9589601364716224,0.8012642343612786,0.8920353857590287,0.989554798455322,0.9642954884337612,0.9673213853541722,0.9285464793204732,0.9673589648330976,0.7346281507772192,0.972085048010974,0.6482116609505145,0.9361405575186494,0.840372907153729,0.9194851695940388,0.9319101536346778,0.895150234741784,0.8012530858676844,0.6721328540955713,0.8248194628596096,0.7431208419340458,0.8760108107779258,0.7193781868464264,0.9085485298358308,0.9272212064109469,0.8270084284199719,0.7751294872854505,0.9691606010920129,0.9093166274866972,0.9762450062913468,0.8946532999164577
align-dinov2+1b-llama-chat-things+hyp-abl70-local-shuffled-7,0.9484910192147036,0.8079979223040413,0.898027255130801,0.9298992638078056,0.954120952745358,0.9047692552466292,0.8919209431345353,0.9079497907949792,0.9574468085106383,0.5849897149652702,0.8922965470358433,0.9442390458486096,0.9680058019568768,0.8078508186875011,0.929436147407559,0.692764262522577,0.9137105622157587,0.8601210907704043,0.9137335009428031,0.9648441284105076,0.8709391067764175,0.7146376811594203,0.6020589102799627,0.912057435296334,0.8742892784020803,0.8523419449695442,0.9275971652280554,0.9410181444783032,0.9401816650258588,0.8123586558369167,0.9621073973654534,0.6577680950588867,0.8658893952137653,0.7220283875597013,0.9364170579263734,0.8228254201938412,0.969982524599332,0.905849685981907,0.8416382021056508,0.8723447342053957,0.6898768770243037,0.7228535669586984,0.549835180154913,0.9203909830007392,0.6212754107490949,0.7686815754671015,0.8741749723145072,0.8343948313981665,0.7368147672010232,0.9427312775330396,0.9559327440935278,0.971564211807669,0.90970301070743
align-dinov2+1b-llama-chat-things+hyp-abl70-shuffled-218,0.753271484375,0.4367143582678967,0.4780117218425818,0.7239385872926246,0.4768258899076188,0.6330692051815994,0.3487304802306314,0.4796992485027663,0.6508067542213883,0.3402061855670103,0.523918400084101,0.4149875222816399,0.1578610002724227,0.5003014304243775,0.5695093457943925,0.4284893882646692,0.8218408181413962,0.2821600942728824,0.3467484885826999,0.2512692616014964,0.3111784766957181,0.6354400199281164,0.5320877466152134,0.5578692493946732,0.4817269877263954,0.4112306364694285,0.5065433458833214,0.601567241590739,0.5399118724011667,0.4293530188172357,0.6092715041640082,0.4665740981804507,0.5163531830830785,0.487273830247402,0.5434587157881531,0.4831853734200191,0.6379530985273253,0.5920161987890225,0.3020621299138031,0.6073987028541729,0.4824769824769824,0.5561899420898562,0.3787989133576094,0.4805611350231149,0.3475094166055468,0.4349643716589282,0.5009825443601662,0.6184442270058709,0.3018908876514055,0.3745318778710304,0.4787304648569442,0.5499600927368782,0.4023361976369495
align-dinov2+1b-llama-chat-things+hyp-abl70-shuffled-42,0.567710817624446,0.43773288389965,0.4795527317651212,0.7871504157218443,0.5207944889642182,0.7600625804187625,0.5728594886230354,0.5398280981403345,0.7762854317732367,0.4073331156411811,0.4516210465081204,0.5556182722749887,0.7413915373099046,0.462475166530326,0.6001493094438223,0.4284893882646692,0.7451115169443155,0.5437933256223754,0.4981156989744775,0.5006271571432787,0.6852213207353395,0.5779745262503883,0.3550575418346061,0.5551020408163265,0.3470397119384144,0.531715258250703,0.615990726961163,0.5837223600127015,0.526829268292683,0.4555944578356053,0.4291477921371586,0.4678398032046614,0.6161091459395222,0.4651372195904944,0.5691842950446899,0.626457210880141,0.7153388822829965,0.6540054306433989,0.4731845421934247,0.5607979760275393,0.5071092173132989,0.5701380799759446,0.4559936436689135,0.3581035923141186,0.5012429718497903,0.6303678569145817,0.4039226080042407,0.5676916267043507,0.5316727385692903,0.4581667280372612,0.6312884769207067,0.5812473423104181,0.4970212215770597
align-dinov2+1b-llama-chat-things+hyp-abl70-shuffled-7,0.7643987020504149,0.4491927043209843,0.4033304816281123,0.7286682850168518,0.4822926412285974,0.7313802084865834,0.3832120355997657,0.401038531923763,0.780164755289937,0.4054885669427625,0.5024669581000588,0.5676934984520123,0.5300380194361043,0.4843721095716507,0.5540126913027249,0.4284893882646692,0.8218408181413962,0.579513575714796,0.5003519666259861,0.267039935240151,0.4555444555444555,0.5885908897403149,0.5281013819195188,0.5678955453149002,0.3810769756881208,0.5171909915911478,0.3389147286821706,0.6241874133613557,0.5247688788944627,0.5014725125241247,0.6301053087201998,0.4554780223057195,0.3775972539546096,0.4814918396886719,0.5438585083555498,0.5714594127806563,0.6633365221550638,0.6308939708939709,0.3258427565891638,0.6198830409356725,0.5967878275570583,0.5482170992997245,0.3976038283584647,0.3505846717385179,0.4608244184409198,0.654299453470678,0.5645292207792209,0.5923343792250197,0.3843858353238014,0.4372649155417034,0.4940244394802059,0.6680035762773602,0.4182419923040532
align-dinov2+1b-llama-chat-things+hyp-abl90-218,0.918972938674633,0.7731658600394155,0.9618654402130568,0.8850885197452553,0.8919130257117869,0.9415719228868018,0.9057579879256448,0.7666685665431747,0.9331822118078548,0.6163304426602945,0.7735341913051477,0.9496956469718288,0.937669094693028,0.7003314394736601,0.941454344439419,0.8804301398090846,0.8077563123798263,0.902729974968711,0.9588651573332012,0.9383914023524406,0.9097961807964882,0.8403880070546736,0.7371258187313559,0.929978014787488,0.8756512730282388,0.7380021715526601,0.9420409604965214,0.8679460108475138,0.9444212444478188,0.8453814811617465,0.940677966101695,0.5814241949105355,0.9100971817298348,0.8750332229079095,0.9013289241895108,0.7315014367816093,0.872310405643739,0.9606119599630306,0.8670898931593156,0.8668854054648067,0.6635552505147564,0.7987008138579855,0.7144850854995782,0.8314480643684616,0.6693981614995397,0.8361898102215632,0.7591753419065116,0.7561736956941586,0.5853097995955138,0.9614745529824754,0.8742046779156417,0.874178368965134,0.8539240349585177
align-dinov2+1b-llama-chat-things+hyp-abl90-42,0.7795792059385592,0.3820482746271623,0.2983062977099237,0.0702224039784135,0.538926133494936,0.717334207625279,0.2194729608888848,0.3074070756829378,0.1113355780022446,0.3095106718295124,0.556929924850324,0.3469375218649272,0.1400085519877156,0.4234332447657379,0.1517374406195159,0.4556386969169019,0.8684191319870956,0.6110197368421053,0.2905790838375107,0.2502859800046501,0.0990879451941727,0.2153115214339704,0.4707366148108161,0.5112252964426878,0.2851831896239906,0.2776618395282271,0.1656825201265898,0.6511820260151999,0.1438934677474286,0.2649159005884677,0.5575735512810515,0.2674862384521717,0.2701690962099125,0.1604019062317238,0.2927270720671008,0.1846035580935646,0.1952692187986305,0.2587501277857288,0.2958810432569974,0.1355347989038696,0.2503135754028238,0.5081283047353917,0.2570958336871646,0.227826913539428,0.4419153880052883,0.1667200066429894,0.4358824138948006,0.6299980267530741,0.290580076294362,0.3462321393619104,0.4943654047102322,0.1706973422632259,0.3295863583673967
align-dinov2+1b-llama-chat-things+hyp-abl90-7,0.8681744256918796,0.5473498361888115,0.463141028780832,0.615083389394837,0.5635222083529181,0.5481132516295185,0.6129742365249066,0.6698293442095096,0.4144761904761905,0.6070387155884676,0.5133797670227394,0.6026228552339884,0.5666327296109741,0.668184501225524,0.2356724269613196,0.6382086525053874,0.8877080566769253,0.6646354556666519,0.4573465810625328,0.6353057572418467,0.6825017196082047,0.6201810265251342,0.6609642470205851,0.523389849476806,0.6622906054718268,0.570393963393,0.5209912765548312,0.6974515767516632,0.6210788677457217,0.4747206142055488,0.7072382182472471,0.7003765792500735,0.5234469700635115,0.609947798680193,0.6515217488746164,0.6838228208088392,0.6676448473058643,0.6958508890951939,0.4628984877635037,0.8029430195367407,0.7400185087255421,0.5873399252812295,0.6529741863075197,0.509132718112467,0.5621743543437496,0.7255855130784709,0.6420798777493162,0.283061174021626,0.5876576576576577,0.4702324200997941,0.7650986123892528,0.4941704337870714,0.6070347516010527
align-dinov2+1b-llama-chat-things+hyp-abl90-local-shuffled-218,0.7704921228679328,0.4765136254266689,0.3652350154878612,0.0725747295066935,0.4976838969284866,0.4527080968966461,0.3213187888114007,0.5999176540172927,0.1832393601547546,0.372545798077713,0.5675863661109313,0.4680536331265915,0.2651898189765098,0.5191428811338313,0.5239041518161508,0.3378843899138126,0.7643095497008883,0.3016460410909528,0.4048887237293034,0.3731843675639381,0.2077887365065436,0.3972451866975193,0.4970743584581906,0.3113081338543413,0.4855590782740651,0.4401795735129068,0.3441863273745491,0.6105377963925152,0.4395295626183458,0.4809932069993989,0.6224354797717243,0.3349554515252189,0.3872275757992461,0.3423854866061902,0.4286132304947282,0.3744716821639899,0.5256600556777605,0.5899674359107352,0.3711281848358944,0.370671154915637,0.3553143979927256,0.411387047570755,0.3744433251803993,0.3802340345739747,0.4015461155759663,0.3332792207792208,0.4869980780219208,0.5965702792885877,0.3464934338811639,0.5232739629239301,0.5389569919618888,0.4860396800289239,0.454361837748102
align-dinov2+1b-llama-chat-things+hyp-abl90-local-shuffled-42,0.8057614074563227,0.3224492550335247,0.3617168546531873,0.0615229797910176,0.3090564982286034,0.2683695730347853,0.319274647610048,0.3886987546965094,0.4041670660009315,0.3430571254673507,0.6268214789051086,0.5281475744132993,0.3087346870280248,0.5903507111994197,0.3857352080102504,0.5246551586457703,0.8186253392139602,0.2372571428571428,0.3345684295049578,0.3621719457013574,0.2258567781181406,0.3193613652357494,0.512923017927332,0.2959857031073327,0.4072077790547412,0.3847413462060148,0.3451460999758512,0.6679547392865515,0.2896869933906971,0.4518312659145634,0.5086554591122506,0.2726377018043685,0.3326233834495899,0.2830518462999818,0.2633694981675678,0.202267213030561,0.3431994424790153,0.4475301477051839,0.3378532405769759,0.3451027493614495,0.2451715671050945,0.3231737346101231,0.2769203127213069,0.4328217820093014,0.3732246890141626,0.3632411646792178,0.4778463651899762,0.6681988993176748,0.3791411038799352,0.3579682882402449,0.5274199623352166,0.2065064445319975,0.4534493056592504
align-dinov2+1b-llama-chat-things+hyp-abl90-local-shuffled-7,0.9426574662875244,0.7526962406687493,0.9119879027308132,0.9188082510964912,0.9397382095323926,0.9395800804570252,0.8741696789889561,0.9248729994928324,0.9339149410690042,0.7177309782608695,0.8884891684449261,0.9471326451395108,0.9228697921829054,0.7982738497129188,0.8934019494785772,0.8368427556966718,0.8504263192000135,0.8899350649350649,0.9667148262813898,0.9536870892575592,0.6270840820238056,0.8316416542559285,0.776270985581671,0.9213038700462348,0.6763248181746854,0.8538159013742336,0.9320759884265454,0.9634811295407988,0.7563684044890246,0.7436402526569583,0.9430875184410724,0.6081896551724137,0.8105366584007861,0.7143380334961555,0.9287030286356236,0.7922580307901409,0.941946507828188,0.9373621060421988,0.9140043563779828,0.8952443142595944,0.7159426146696302,0.711011666319128,0.7441895866786484,0.8546012588175663,0.7359004139491945,0.7767857142857143,0.8850737484277857,0.811379737472932,0.6953974554285125,0.9684961182123693,0.915784543325527,0.9444355191025804,0.8647413861229651
align-dinov2+1b-llama-chat-things+hyp-abl90-shuffled-218,0.7577380630555997,0.3268239859989316,0.2962833665608519,0.0235850773430391,0.2856129293822793,0.1758255769475966,0.2171609965374727,0.3694767153212193,0.1428703810957952,0.3401771336553945,0.5525534484345452,0.4137426900584795,0.1909090909090909,0.4838400662295685,0.2874776956058569,0.307092907092907,0.8106263493879996,0.2381163333675208,0.277232676785166,0.3819396977291714,0.1222371882563401,0.2170317415598441,0.5042137349829657,0.1560921761352856,0.3718775279370602,0.3506028861901671,0.1776060708819097,0.6258335042517262,0.3068836748182419,0.3644659093695707,0.6121613802771094,0.2284952560181918,0.2547566471849418,0.2350496277915632,0.165547712750799,0.2529100862723196,0.2055267002110047,0.209463582027641,0.3277457656713811,0.2272581771621464,0.2766984309537501,0.1914331031943636,0.2756006815408508,0.3212194243663583,0.2586386245265364,0.1611577558991269,0.4157203527502259,0.6175662009102193,0.3323843037705304,0.3446685482205548,0.4984313380539796,0.2551794716544035,0.3776780100624948
align-dinov2+1b-llama-chat-things+hyp-abl90-shuffled-42,0.6911860581858578,0.4514609505129283,0.4430961231190728,0.3006356972782629,0.5661979802921338,0.3818495990647889,0.335094540717641,0.472507911392405,0.3858061701912527,0.4539250402729823,0.6117633534035553,0.4827681448519257,0.330172082027599,0.5440700696749058,0.457490715697708,0.4080132052821129,0.6853492240762181,0.4219395394617924,0.5691298711202624,0.4719405423947497,0.3752175468414387,0.4913180678970153,0.5127679300372231,0.3786569397680508,0.5000110769441988,0.4688653231097261,0.3675213675213675,0.6320908983630876,0.5291517361661646,0.5141184151483928,0.5748723404469064,0.4586170353605319,0.4016540827755168,0.3737267418171941,0.3195832672272463,0.4033293439234033,0.4122338121614528,0.3116384045059294,0.4367818397539212,0.369047619047619,0.4279532341330093,0.4236119175405557,0.4846432759855802,0.4403371417514948,0.472532297689114,0.3258209135739425,0.5380619541644687,0.5935684341271579,0.4576892103821836,0.4545177931759401,0.5413097968624491,0.4030868056903564,0.4849901749044045
align-dinov2+1b-llama-chat-things+hyp-abl90-shuffled-7,0.6852869377807902,0.265526019773844,0.2634516196942186,0.0705557295599364,0.5071854649354672,0.3908915408915409,0.2486858370106417,0.3603479853479853,0.1036890760369778,0.3113057992285045,0.5598429697947093,0.3429760534823826,0.3353655787564461,0.5045372050816697,0.3727859214240906,0.3002550993081559,0.7359991143771087,0.3089386090598479,0.3620723362658846,0.3329243855559645,0.205167638063362,0.1516726943942133,0.4977031760003744,0.3271833378028068,0.3391829392169881,0.3319996499948246,0.2071889086461827,0.637084561227393,0.207402904424181,0.3567234383160731,0.5887696182435732,0.2688213747037277,0.3696762871147414,0.217515688445921,0.156779066824318,0.3442203215975843,0.3066307966009122,0.386056523422377,0.3217317688418613,0.2020043441000029,0.2927672955974842,0.2959584952671636,0.3817265398977326,0.4193198583158374,0.4073765656264979,0.148666615470658,0.4433082394959228,0.6095277418948918,0.3732853584047033,0.3666950875582082,0.5505955239316133,0.3351278505997834,0.4146087232859299
align-dinov2+1b-llama-chat-things-218,0.7988975990565012,0.4419735311253056,0.9639413068207724,0.8387315291383032,0.8614854912358226,0.9524985149985148,0.5838762519308386,0.7175749608272287,0.93127551944417,0.670125259490882,0.6970513210549719,0.9608380683607776,0.965753636296068,0.7340387488199905,0.933165959565464,0.8477679558509654,0.5638330225464047,0.9229297820823246,0.9123623067666388,0.9153818235850534,0.8668747684119515,0.8082966486860226,0.6635222115625343,0.8951578421118414,0.6595793484132382,0.717740115544322,0.9411777318570812,0.8046194263908272,0.9444491506279932,0.7232157653016855,0.9686025552173936,0.6065778857868932,0.8441800328364306,0.6050229077752013,0.9265028842493632,0.8526832177702585,0.8451063084711686,0.931783343468126,0.8914993755942486,0.9076179884805222,0.6601234243697479,0.6775332060765131,0.738233493401197,0.6925216310570849,0.6454234346447418,0.7521207954305056,0.420866982270491,0.5406927207490207,0.4834947553545631,0.9142161563352468,0.8297803604047808,0.6963797936422735,0.7243932503147138
align-dinov2+1b-llama-chat-things-42,0.7867959544652443,0.6915052674801666,0.9603343911965438,0.8463041206669392,0.8782245140612077,0.9321231345293896,0.5382188890165767,0.7812219858855095,0.9371358118408208,0.581566985927467,0.6646432779661522,0.9346039620667546,0.9532100509631196,0.5961440185830429,0.9475810971446114,0.720102742313213,0.2530036584238714,0.8616611842105263,0.9567522605615474,0.9248709870388834,0.8261759304823745,0.7633016040314878,0.3562346156830985,0.8781477929803289,0.6997353472045357,0.5441033401794401,0.9502273115713764,0.7916754617449996,0.9534848152359672,0.8515195452963693,0.916174660905717,0.4719532622461903,0.7067671768160165,0.5853168038158262,0.908128605311704,0.5687483232063005,0.9164425318271472,0.9367983490914682,0.8086518601035068,0.9119103952260516,0.5659576888080073,0.5601851851851851,0.5536097174995446,0.7854509480477923,0.5713166688776445,0.7287101327558303,0.4973077035905888,0.3939250781832086,0.5344894469939616,0.9665409010572792,0.8368545354014125,0.9099378881987578,0.8372522746215585
align-dinov2+1b-llama-chat-things-7,0.680294604543156,0.5153821191557041,0.9783614182406662,0.940252120367143,0.8696334035160684,0.921270368677138,0.8589971499006529,0.8404321134620004,0.9319733219262678,0.661342574519072,0.6450867510649428,0.9445010274278568,0.965753636296068,0.6382770990037553,0.9273544856925372,0.8031142058226876,0.4127881585015407,0.9848751519685776,0.9348053548986897,0.7913342935350212,0.8557809991129476,0.8397595552613049,0.422432879627142,0.90993532524633,0.5690671986160487,0.4687551323792027,0.9636883393165804,0.892216296704954,0.986205068601981,0.8565249827336386,0.5729273035482886,0.5264604034929239,0.9541237761657698,0.7075810823591121,0.9037096430309116,0.6544327546033614,0.9537165632369524,0.9180370080392068,0.8302508848499649,0.8344765231983278,0.6649446623704119,0.579199026779672,0.65694057833377,0.829334198233677,0.6245659896238442,0.8112171159748637,0.3489740018404484,0.7368882308972983,0.6389528501055595,0.9628263063040848,0.8951244503475253,0.9711952447411544,0.8316659757059134
align-dinov2+1b-llama-things+hyp-abl10-218,1.0,0.7868131868131869,1.0,1.0,0.9612430580172516,0.9571557971014492,1.0,0.906705112935916,0.9676243567753,0.7159090909090909,0.974025974025974,0.9378017693807168,0.9490783410138248,0.96,0.8907161803713527,0.9506707317073172,0.9723578653644924,1.0,0.8001508295625943,0.981000481000481,0.8123249299719887,0.9393939393939394,0.8409377507738163,0.9744997624201468,1.0,0.9307036247334756,0.9812017245101932,0.9778463679294164,0.975609756097561,1.0,0.98857535316348,0.6339747957737103,0.8921146953405017,0.8339100346020761,0.9460446247464503,0.9004288394532298,1.0,0.8824771287825475,0.969460458240946,0.8628803245436105,0.8289562289562289,0.9100840336134456,0.8210144927536231,0.9828171020872544,0.9224003735990036,0.9535303406271148,0.8532135076252724,0.9804029304029304,0.8361095923698438,1.0,0.9824233787082084,1.0,0.8260008996851101
align-dinov2+1b-llama-things+hyp-abl10-42,1.0,0.8006617038875103,1.0,0.9539735626692148,0.9216346153846152,0.9565217391304348,1.0,0.8327606502051452,0.9676243567753,0.7996794871794871,0.935540649826364,0.9845858059268298,0.9490783410138248,0.9733428165007112,0.8907161803713527,0.8757347156014255,0.9624943000455995,1.0,0.9034366717293546,0.981000481000481,0.8272058823529411,0.8397540834515624,0.8397736143637783,0.9744997624201468,0.9284802043422732,1.0,0.9812017245101932,0.9888466484563468,1.0,1.0,1.0,0.734733092403314,0.8921146953405017,0.8339100346020761,0.9460446247464503,0.7880266075388027,1.0,0.8824771287825475,0.969460458240946,0.8628803245436105,0.8289562289562289,0.977868434472208,0.8417906329754213,0.948701250958438,0.953254716981132,1.0,0.8745652173913042,0.9608058608058608,0.814750957854406,1.0,1.0,1.0,0.8691358024691357
align-dinov2+1b-llama-things+hyp-abl10-7,1.0,0.8009828009828011,1.0,1.0,0.9415706244974538,0.934175769258228,0.9515796703296704,0.9622641509433962,0.9676243567753,0.7584541062801933,0.935540649826364,0.9845858059268298,0.9490783410138248,1.0,0.8907161803713527,0.8757347156014255,0.9723578653644924,1.0,0.8633136094674557,0.962406015037594,0.8272058823529411,0.8397540834515624,0.8397736143637783,0.9744997624201468,0.9642401021711366,0.9279176201372998,1.0,0.9778463679294164,0.975609756097561,1.0,0.9886927122464312,0.6862305910937322,0.8921146953405017,0.8339100346020761,0.9719729699789522,0.8235173299101411,1.0,0.8824771287825475,0.8732782369146005,0.8628803245436105,0.7960222378827029,0.9558704453441296,0.776268115942029,0.9828171020872544,0.9225506548060292,1.0,0.8956976407584311,0.970888429519947,0.7424579308668975,1.0,1.0,1.0,0.8257777777777777
align-dinov2+1b-llama-things+hyp-abl10-local-shuffled-218,1.0,0.7353748006379585,1.0,1.0,0.811440995651522,0.9728072900486692,0.9755368814192342,1.0,0.9695093348344122,0.7389950821891026,0.8268503797915562,0.9023118957545188,1.0,0.9408833956117656,1.0,0.9421768707482991,0.976878612716763,1.0,1.0,0.9769777660987752,1.0,0.9308604439039222,0.8383940407802537,0.9102880658436214,0.9276299206761064,0.9591836734693876,1.0,1.0,1.0,0.9380820399113082,1.0,0.7432867883995703,1.0,0.8899176628510426,1.0,0.7190482348377085,0.8928756253234431,0.8333333333333334,0.861670180819117,0.9054131054131054,0.9035633484162896,1.0,0.8518315575849822,0.930438596491228,0.9361731458505652,0.9730227207362668,0.9314570655848544,0.8859976192484699,0.7769423558897244,1.0,1.0,1.0,0.9225174825174826
align-dinov2+1b-llama-things+hyp-abl10-local-shuffled-42,0.9930739181385176,0.6870015948963317,1.0,1.0,0.9284321915900864,0.9728072900486692,0.9755368814192342,0.985297298672876,0.9695093348344122,0.6693937707728633,0.8798679968832598,0.8442036124794745,1.0,0.921865889212828,0.971753282577513,0.9712843926468822,0.98289400123229,1.0,0.9345040341718084,0.954347577042044,1.0,0.7634254726218273,0.8650844217903791,0.9102880658436214,0.9276299206761064,0.9591836734693876,1.0,1.0,1.0,0.9586309523809524,1.0,0.7860723236663086,1.0,0.8458847279914599,1.0,0.7190482348377085,0.8928756253234431,0.7034277198211624,0.861670180819117,0.9054131054131054,0.8268653516295026,1.0,0.7498136645962732,0.930438596491228,0.9203192373963808,0.9730227207362668,0.9310344827586208,0.9725516377194154,0.7454350161117078,1.0,0.9592860555593477,1.0,0.9381942381942384
align-dinov2+1b-llama-things+hyp-abl10-local-shuffled-7,0.9930739181385176,0.7686641197205395,1.0,1.0,0.8522622345337028,0.9730946250076034,0.9755368814192342,0.941074611662847,0.9695093348344122,0.6299883687266041,0.877926606958865,0.9216298811544992,1.0,0.9030586747442606,0.9115864527629232,0.9712843926468822,0.9780139639919614,1.0,0.9345040341718084,0.9769777660987752,1.0,0.7956709956709956,0.8381013061484549,0.9090569561157796,0.9276299206761064,0.9408833956117656,1.0,0.9783158383904652,1.0,0.9586309523809524,0.9869627064135074,0.7127955944282475,1.0,0.8425226874094409,1.0,0.7565565565565566,0.8928756253234431,0.8576998050682261,0.8272972972972973,0.9054131054131054,0.8268653516295026,0.9722436722436724,0.8032,0.930438596491228,0.8565491726427286,0.9730227207362668,0.9657285327924272,0.9548209366391184,0.7125506072874493,1.0,1.0,1.0,0.9067026540710752
align-dinov2+1b-llama-things+hyp-abl10-shuffled-218,0.7332494210463534,0.2849838333709301,0.8087256027554535,0.8526315789473684,0.367891156462585,0.743612596553773,0.6222222222222222,0.2591836734693877,0.6428571428571428,0.2999871332990221,0.5922279986206926,0.5618163054695562,0.92816091954023,0.4745570195365743,0.5211822660098523,0.4556791371755982,0.8127051780153042,0.8499999999999999,0.5961538461538461,0.6582812382315283,0.8595238095238096,0.5590062111801243,0.5200613340148224,0.45,0.3137792397660818,0.724991854024112,0.72776346460557,0.3962713717929076,0.4067488643737832,0.4269972451790633,0.6130559540889526,0.3220575901593513,0.6336996336996337,0.3330462085637278,0.7756410256410255,0.5739739739739739,0.7884373690825304,0.6819672131147541,0.5139541309754077,0.7336976320582879,0.6530825496342737,0.4807692307692308,0.4967588932806324,0.5105820105820106,0.5026223776223776,0.7039337474120083,0.4320932491500728,0.6447294202105839,0.3786885245901639,0.6301181742618626,0.5437738731856379,0.7429498884155,0.6051522248243559
align-dinov2+1b-llama-things+hyp-abl10-shuffled-42,0.6649153404549087,0.3195592286501378,0.7485714285714286,0.8526315789473684,0.4406942264085121,0.7542087542087542,0.6375227686703097,0.2949039264828738,0.6428571428571428,0.2999871332990221,0.4030888507386047,0.6066396761133603,0.7675438596491228,0.5956798483206934,0.5072681704260652,0.4910523697176882,0.7679828190261667,0.6205128205128205,0.6365384615384616,0.6582812382315283,0.8474984930681133,0.5714285714285714,0.549585435661385,0.4984432913269088,0.3232478393768716,0.4903225806451612,0.5339435545385203,0.403869172302352,0.3607843137254902,0.2262626262626262,0.6832535885167464,0.3333231343511918,0.6949513900733412,0.322875816993464,0.7756410256410255,0.6348348348348349,0.7200460829493088,0.6967741935483871,0.5139541309754077,0.7336976320582879,0.6530825496342737,0.4605263157894737,0.6721052631578948,0.3094252873563218,0.4112554112554113,0.7210884353741497,0.5015186615186615,0.4821711663133709,0.4449275362318839,0.5476190476190477,0.5504132231404959,0.7652329749103942,0.6266666666666667
align-dinov2+1b-llama-things+hyp-abl10-shuffled-7,0.7732620078894004,0.2777997364953886,0.7887445887445887,0.8526315789473684,0.3585217870932157,0.6923351158645277,0.8007797270955165,0.2216117216117216,0.6428571428571428,0.2573529411764706,0.5238837185214243,0.6511470985155196,0.9003759398496239,0.5044977029139298,0.5211822660098523,0.5218161683277963,0.6821225406717635,0.8194217130387342,0.6216450216450217,0.6582812382315283,0.8474984930681133,0.5835010060362174,0.5044706995926509,0.4394366197183099,0.2680311890838207,0.65623981753014,0.5432937181663837,0.4610141878687556,0.3710144927536232,0.3158102766798419,0.5579999999999999,0.3129251700680271,0.7409145034532032,0.3712418300653595,0.7756410256410255,0.6787859287859288,0.7884373690825304,0.6967741935483871,0.5139541309754077,0.6718894009216589,0.7184121920964026,0.4807692307692308,0.6068997668997669,0.3400673400673401,0.3766233766233766,0.634920634920635,0.5547540983606557,0.5605850460219391,0.3666666666666666,0.5503821585496437,0.4581818181818182,0.7200460829493088,0.5369565217391304
align-dinov2+1b-llama-things+hyp-abl10cat-218,0.8797069313168879,0.912536443148688,1.0,0.9714285714285714,0.1468232128661407,0.9827084565345948,0.231078431372549,0.8025231286795627,0.9655957514818782,0.9318237156074994,0.547443918521589,0.7396067022418594,0.9201147650661314,0.9094582185491276,1.0,0.943906376109766,0.9375397625076342,0.9770175694393816,1.0,0.7026400953840912,0.9904761904761904,0.3064414562787002,0.8239433073615164,0.9204987914521788,0.8620037807183365,0.9322797775826748,1.0,0.4767132505986009,1.0,0.872108843537415,0.961782683520266,0.8161733585395445,1.0,0.9066143619919363,0.811025850889454,0.5409698996655519,0.9827394827394828,0.7301682544893966,0.981132075471698,0.8310185185185184,0.8209558823529413,0.7692307692307693,0.5174077259638757,0.3612922020660116,0.8924691358024691,0.8691928760894279,0.9241847666998418,0.9222410865874364,1.0,1.0,0.9787234042553192,1.0,0.8400215716800472
align-dinov2+1b-llama-things+hyp-abl10cat-42,0.9610624722186274,0.8742149491375498,1.0,0.9906542056074764,0.1468232128661407,0.9649122807017544,0.2029773462783171,0.8452049921441912,0.9197234201243824,0.9075400908088394,0.133262920983707,0.6202160901975766,0.9201147650661314,0.921343362519833,1.0,0.9221674876847292,0.9155267808909096,0.9885087859242884,1.0,0.2269423558897243,1.0,0.3473123174386404,0.8455269426660597,0.9434610649231612,0.8723490772599313,0.9111736560652972,0.967032967032967,0.5862849450867683,0.9856286441652294,0.8498349834983498,0.9340235128969996,0.7374587679544833,1.0,0.9066143619919363,0.8283227795422917,0.4000411657162229,0.961064425770308,0.6720838654137248,0.9906542056074764,0.8041456582633053,0.7779700115340255,0.7627302275189599,0.221939636156022,0.4096249932568477,0.7738273921200751,0.8949985984863652,0.9059603990479568,0.8899123787121435,0.9445072190834902,1.0,0.9894736842105264,1.0,0.7725744843391902
align-dinov2+1b-llama-things+hyp-abl10cat-7,0.855472900828735,0.8996563573883162,1.0,0.9906542056074764,0.1468232128661407,0.9493849566444847,0.2029773462783171,0.8592772655856283,0.964590572930589,0.9339572077205996,0.1065460586331729,0.7597430554900833,0.9201147650661314,0.8951244833597776,1.0,0.8911796168433336,0.952921624490252,0.9884996598748156,0.9908256880733946,0.4933763299124376,1.0,0.3064414562787002,0.8345874057214263,0.9434610649231612,0.8224619753458254,0.888967070081621,1.0,0.5911093580211227,0.9856286441652294,0.91901776384535,0.9749180159868824,0.726476788379572,1.0,0.8916915588007522,0.7454455759540506,0.5718790670889721,0.9509572901325478,0.6996891996891997,0.9906542056074764,0.5898067449791587,0.7700775641952113,0.7692307692307693,0.354540133037694,0.1817160826594788,0.9087055108388538,0.7710875331564987,0.9059603990479568,0.8704018109790607,0.8983050847457628,0.9892473118279568,0.9787234042553192,1.0,0.7830800219739974
align-dinov2+1b-llama-things+hyp-abl10cat-local-shuffled-218,0.9623941901303648,0.871301247771836,0.9892473118279568,0.9904761904761904,0.1755362256199686,0.967741935483871,0.1999753800701668,0.8755792400370713,0.9393939393939394,0.9051215133174152,0.6009230351567802,0.2688289906871622,0.9675070028011205,0.9288006111535524,1.0,0.9171708441371365,0.8843763845813026,0.9255189089328408,1.0,0.8610496830311072,0.9830508474576272,0.4431726168568273,0.9147775628626692,0.8181404347331284,0.8144939192318004,0.858568950299784,0.9885057471264368,0.7901972231273043,0.8957387495021903,0.889424675756568,0.8061538461538461,0.6220787657604647,1.0,0.9016393442622952,0.8351409575455929,0.5764632261612416,0.8654654654654655,0.881554700601756,1.0,0.8307812399751919,0.8134680134680135,0.8726166328600404,0.532386445277233,0.5142946838188603,0.8371834062074096,0.9400779678068408,0.8674800776250051,0.9335237031059244,0.9086691086691088,1.0,1.0,0.9928057553956836,0.8148111723052714
align-dinov2+1b-llama-things+hyp-abl10cat-local-shuffled-42,0.9873354077796608,0.850909090909091,1.0,0.9183673469387756,0.2131063213894539,0.9373069326986376,0.1999753800701668,0.8963763509218055,0.9551085004717412,0.8926875593542262,0.6910834968388926,0.5838959739934984,0.9256299256299256,0.9434338579839,0.9914529914529916,0.9023164335664334,0.9613169966199904,0.8794875564422976,1.0,0.2795153238337686,0.9830508474576272,0.344074844074844,0.9145848410286102,0.9466575871070252,0.7956565656565657,0.955790601151426,0.9767441860465116,0.5902939246647189,0.9511610954909924,0.9226475279106858,0.9613053613053612,0.7021086426923512,0.98989898989899,0.8840954846131722,0.8625475342443534,0.3874303405572755,0.9272727272727274,0.8181931270408956,0.9747899159663864,0.8243896610913941,0.7963276836158193,0.8726166328600404,0.1899285130180168,0.3096142293650686,0.8203574654794168,0.9483722004156084,0.8340214216163583,0.9326974032856388,0.9009230769230768,1.0,0.9791666666666666,1.0,0.8864521418323428
align-dinov2+1b-llama-things+hyp-abl10cat-local-shuffled-7,0.9623941901303648,0.8580705009276438,1.0,0.9607843137254902,0.1755362256199686,0.9535528211949894,0.2137821362311158,0.9029021688250896,0.8235930735930735,0.9027630805408584,0.6669266042875439,0.5838959739934984,0.8869047619047619,0.9431972789115646,1.0,0.9643255295429208,0.9047003201921152,0.981222067955599,1.0,0.6664686468646864,0.9743589743589745,0.4245436507936507,0.9574660807893928,0.9787234042553192,0.7828282828282828,0.8724608724608724,1.0,0.4804977023517268,0.982416760194538,0.8357142857142857,0.9151364764267992,0.7932105453232212,1.0,0.9016393442622952,0.8051221494767684,0.5874523264683449,0.8357142857142857,0.6680653121587576,1.0,0.9074054886683106,0.8790020790020789,0.885713529676378,0.5892111429315283,0.4637760062220493,0.8705215653851455,0.9351390393643914,0.8041202475685234,0.9331323409333584,0.8930521091811415,1.0,0.9896907216494844,1.0,0.826081300813008
align-dinov2+1b-llama-things+hyp-abl10cat-shuffled-218,0.6112323662496673,0.8241590214067279,0.9375,1.0,0.2190842961061189,0.8166666666666667,0.2457912457912458,0.2458282458282458,0.7076127651987877,0.6352294764059471,0.0536307785999321,0.1818483464557793,0.9220905923344946,0.7272320633349827,0.991304347826087,0.8888888888888888,0.7516202393528442,0.3358095238095238,0.9473684210526316,0.1072179574877758,0.9649122807017544,0.3113513513513514,0.5008620576196681,0.3267803190045118,0.6162607581029115,0.6781154877106901,0.9848484848484848,0.0206472692085917,0.8888888888888888,0.5733486943164363,0.7725777511961722,0.4833333333333333,0.912280701754386,0.859882005899705,0.2442705809042442,0.1784818481848185,0.8581818181818182,0.2593879239040529,0.9210526315789472,0.3927572706935123,0.6454545454545455,0.7031439986103873,0.1481930888947507,0.1319278547539417,0.2254689754689754,0.824133105271342,0.7448591012947449,0.5643651942507055,0.7756132756132758,0.959349593495935,0.9038461538461536,0.972972972972973,0.4814814814814814
align-dinov2+1b-llama-things+hyp-abl10cat-shuffled-42,0.6966603882932483,0.8052959501557632,0.9696969696969696,0.9894736842105264,0.2190842961061189,0.8080213903743315,0.1666666666666666,0.1954887218045112,0.7076127651987877,0.6224852071005917,0.0584046911544748,0.1818483464557793,0.8048780487804879,0.6089594514013119,0.9642857142857144,0.8427350427350428,0.7851493842480716,0.3302611367127496,0.923076923076923,0.1072179574877758,1.0,0.3113513513513514,0.4612390919697093,0.3507571611019887,0.5469181980809887,0.6510914454277286,0.9365079365079364,0.0158518410438661,0.8888888888888888,0.5236624307592049,0.775625,0.4997776130467012,0.912280701754386,0.8684210526315789,0.2442705809042442,0.1784818481848185,0.8581818181818182,0.2593879239040529,0.935064935064935,0.3927572706935123,0.4949494949494949,0.6940350877192983,0.2167123480216459,0.1319278547539417,0.2254689754689754,0.8059559638840488,0.7685271957116617,0.4658453617725476,0.7653061224489796,0.9421487603305784,0.8823529411764706,0.9541284403669724,0.5527143835489662
align-dinov2+1b-llama-things+hyp-abl10cat-shuffled-7,0.6152796351988727,0.859882005899705,0.9484536082474226,0.9894736842105264,0.2190842961061189,0.7861111111111112,0.1666666666666666,0.2133667502088554,0.7076127651987877,0.5797268152408339,0.0536307785999321,0.1818483464557793,0.8438390877415268,0.6511627906976745,0.991304347826087,0.8961881589618815,0.7225914401578027,0.3466441694788151,0.9393939393939394,0.1072179574877758,0.9649122807017544,0.3113513513513514,0.4688890433815351,0.3267803190045118,0.5231721599464615,0.691075514874142,0.953125,0.0158518410438661,0.8961881589618815,0.4982433727243692,0.8332236842105263,0.4888888888888889,0.9491525423728814,0.8768115942028986,0.2442705809042442,0.1784818481848185,0.8581818181818182,0.2593879239040529,0.9066666666666666,0.3927572706935123,0.6178821178821179,0.7688109161793372,0.1481930888947507,0.1319278547539417,0.2424242424242424,0.850181598062954,0.7767857142857143,0.5060919994010101,0.8148404993065188,0.9243697478991596,0.8247422680412371,0.9444444444444444,0.5173490480921871
align-dinov2+1b-llama-things+hyp-abl20cat-218,0.9027527439287876,0.747630657138854,1.0,1.0,0.2414420225443847,0.9801324503311258,0.9196227628335656,0.9558984212109854,0.86592394533571,0.5015020803096275,0.9083624540219154,0.914260477582846,1.0,0.8992311171415649,0.7546819198048836,0.782164566345441,0.884470812486966,0.9555384877965524,1.0,0.9807692307692308,0.8757801664355062,0.8092772915896299,0.5606758153227459,0.9358627965621944,0.9065438196254704,0.5955989579164882,0.9936290205502192,0.9195574288724974,0.9704142011834318,0.7958844406024903,0.0573470490482938,0.4315323041738136,0.9170970378974403,0.4647578933293219,0.9435048155978388,0.742535351709488,0.9388861459464796,0.9863013698630138,0.9418791303979116,0.8133522636971424,0.8551230589476858,0.8715759561559134,0.4434325848548428,0.7756571492969068,0.5600928159589501,0.8768044077134987,0.5678918710941143,0.4785297118151328,0.6547212233008503,1.0,0.7988391746714315,0.9930518500552457,0.8088042588042589
align-dinov2+1b-llama-things+hyp-abl20cat-42,0.9625830804109048,0.7612722432394563,0.9925925925925926,1.0,0.229648782589959,0.9733333333333334,0.9291099883404584,0.9645137183730116,0.6741805727030149,0.4623714032874007,0.8957193852403925,0.92363319505783,1.0,0.9186764705882352,0.9133424563804312,0.6530786728370852,0.8446592543212951,0.8074921956295525,0.987012987012987,0.9952606635071092,0.8850642345787976,0.7924565439948921,0.4256665629214649,0.8775720164609054,0.8846999405822935,0.4736507758214534,0.9936316075400896,0.9271962256628348,0.9704142011834318,0.8315745527057389,0.0573470490482938,0.5042402561665082,0.6790931606020194,0.4241060284405558,0.9232500152040382,0.6060454467384035,0.9592574306309865,0.9931972789115646,0.9418791303979116,0.719586492967788,0.7950426248298589,0.812231093606182,0.3176884368486286,0.5747848210902398,0.4722464698331194,0.8994947932776575,0.1736945105650454,0.6497321383819963,0.5290399454473675,1.0,0.7857184593133348,0.9229700068166324,0.7968809145279733
align-dinov2+1b-llama-things+hyp-abl20cat-7,0.8750785897373893,0.814,0.9774436090225564,1.0,0.229648782589959,0.9733333333333334,0.8729673646481795,0.938915955836386,0.6741805727030149,0.3462419948533353,0.9092801903628792,0.8517100832890308,1.0,0.8927999999999999,0.6597402597402597,0.5662080643765253,0.8145849092516855,0.867441836807357,0.9935483870967742,0.9904761904761904,0.8850642345787976,0.8266335510014915,0.0964952910297977,0.8496732026143791,0.8589553468446203,0.2702412781703984,0.8146615768927146,0.9435931576514102,0.9704142011834318,0.8106701245774094,0.101497007041575,0.2961592670894996,0.4058936638235909,0.3986922202509322,0.9435048155978388,0.5072293885803083,0.9578947368421052,0.9931972789115646,0.9774662560014492,0.4640930113052415,0.6654027143149424,0.6330184628595964,0.2517653075273893,0.5818865990660286,0.4063310845874416,0.8448884448884448,0.1216116911034635,0.6371095784408103,0.5879713869018681,1.0,0.817015294052586,0.7986111111111112,0.793569431500466
align-dinov2+1b-llama-things+hyp-abl20cat-local-shuffled-218,0.9442537712948909,0.7669788235916564,0.8671328671328672,0.9941520467836256,0.2548456010875898,0.9896907216494844,0.8722129319955406,0.9547113922698824,0.6196322489391797,0.4695941091954023,0.7959352713031667,0.9568454363757496,0.9930069930069928,0.8373505780913189,0.8736969815010934,0.5256087389898085,0.7616460627132831,0.9639311043566364,1.0,1.0,0.9283167486192352,0.6070558137785028,0.3186956704770473,0.963158360626715,0.9003325942350333,0.4133670592972918,0.993289195317222,0.9056806680161944,0.981132075471698,0.72081811541271,0.2943022223056186,0.4820493066577301,0.9202685785915994,0.7720384718383058,0.9459270048919914,0.3992096840803528,0.9506172839506172,0.9873417721518988,0.9213980446109714,0.4844611175926299,0.7566998623593231,0.8780351882811879,0.2469182075628852,0.5519006265345424,0.7193804139294226,0.8385290782941147,0.3834628771819632,0.5063820535809426,0.4869329026574658,0.9473758365621696,0.8350748901783024,0.9871794871794872,0.8544788264020265
align-dinov2+1b-llama-things+hyp-abl20cat-local-shuffled-42,0.9844967653731088,0.7365365011621111,0.875,0.9882352941176472,0.2884314330602626,1.0,0.8250319284802043,0.945945945945946,0.6196322489391797,0.3814392740318665,0.8589844204162308,0.9895901042929904,0.9930069930069928,0.8946071182096026,0.8192363032650802,0.3517201641622759,0.8358262954205754,0.9278622087132724,1.0,0.9873417721518988,0.8423512233933262,0.6684456972829066,0.2030677488547208,0.8563418571064481,0.8840187590187589,0.3210800115313049,0.8780541299293766,0.9139493037696794,0.968152866242038,0.712662809437003,0.0480620985010706,0.3679637520019767,0.8967355175089156,0.4708152817566758,0.934910309194536,0.3641200379225215,0.9037200616147986,0.9808917197452228,0.9271606285464864,0.60465001724053,0.5953037418572943,0.7151268115942029,0.3222117202268431,0.5767895655746123,0.4799815753109166,0.9202595056253592,0.4261636904761905,0.2734736345598814,0.6411600279524808,0.9473758365621696,0.7915768428650358,0.9807861316335892,0.8909864186297307
align-dinov2+1b-llama-things+hyp-abl20cat-local-shuffled-7,0.9637092395643704,0.7495838287752675,0.968152866242038,0.9941520467836256,0.2662200956937799,0.994871794871795,0.9071969696969696,0.9725074356653304,0.7555259727653437,0.4649572649572649,0.8728920409771473,0.9793954583428268,0.9930069930069928,0.7459856035437431,0.9017716308236832,0.4818245778611632,0.768739218286958,0.9912312312312314,1.0,1.0,0.920376755529392,0.7540135319255251,0.3695044238647539,0.8987341772151899,0.9106951871657754,0.6448629494039239,0.9597351714130236,0.952995283018868,0.981132075471698,0.768115773702366,0.5200500523506729,0.671143112505472,0.9624274506868796,0.5556943612560964,0.9639513365946608,0.6998729266987694,0.9635685320356854,1.0,0.9887711492301388,0.5529399666247528,0.6986707700366684,0.84375,0.5747282608695652,0.7273226727876728,0.3678031914313449,0.9500563677683732,0.6739168774791738,0.5858527501018224,0.6988088693421294,0.9473758365621696,0.9062184607201044,0.993583550625597,0.8978409013081294
align-dinov2+1b-llama-things+hyp-abl20cat-shuffled-218,0.5542586663524735,0.4266676402660636,0.9078947368421052,0.9942196531791908,0.3276036644937528,0.9655172413793104,0.8467023172905526,0.6932015353067984,0.696594427244582,0.2023551895674657,0.4739210181175081,0.8711415259172977,0.9803921568627452,0.6112321552321552,0.5296976818715949,0.288999810450496,0.718777860103463,0.5769230769230769,0.9513513513513514,0.8904109589041096,0.880617035546613,0.5493200663349916,0.1112384471641891,0.9304672924981976,0.6848947142243232,0.1802409037009299,0.4457297088876036,0.4478222344033967,0.9720670391061452,0.3333333333333333,0.0697179468506153,0.3025988506732995,0.2903569841504962,0.2927200731038684,0.6569280078895463,0.262213313443968,0.8784724976132776,0.9555555555555556,0.8018710324089542,0.3686224489795918,0.5035267898171124,0.4908566538839413,0.2404907097766412,0.2254689754689754,0.3364072148196295,0.5828002842928216,0.1155395447846733,0.0523815306864017,0.2528373899360541,0.855359200922013,0.0891894214617758,0.3715323252768187,0.5063239280544897
align-dinov2+1b-llama-things+hyp-abl20cat-shuffled-42,0.5516019471825787,0.4248330976881805,0.9625,0.976470588235294,0.3162943871706759,0.9772727272727272,0.7892987703555998,0.65599173553719,0.696594427244582,0.2023551895674657,0.5037089503689703,0.7812985033647676,0.9668874172185432,0.6153442186229071,0.5112638061790604,0.2762314681970349,0.6814289947209898,0.5705617537678607,0.8850574712643678,0.8428571428571429,0.880617035546613,0.5493200663349916,0.0914686599574059,0.8598402323892519,0.6855495925263367,0.1802409037009299,0.4457297088876036,0.5034228502196422,0.9662921348314608,0.3217391304347826,0.0801708970157012,0.3025988506732995,0.2903569841504962,0.2927200731038684,0.6569280078895463,0.262213313443968,0.8270352596338976,0.9497206703910616,0.7654385054488843,0.3858816729718368,0.5074786324786325,0.4908566538839413,0.2404907097766412,0.2254689754689754,0.3605181448563625,0.6672932330827068,0.1155395447846733,0.0571316290912213,0.2528373899360541,0.8502225713537575,0.1539694821578757,0.4011005371568751,0.4952743660431101
align-dinov2+1b-llama-things+hyp-abl20cat-shuffled-7,0.5901017332054184,0.4544721229573604,0.9290322580645162,0.9942196531791908,0.3276036644937528,0.9772727272727272,0.758093935248518,0.592958152958153,0.696594427244582,0.2023551895674657,0.5762145691682923,0.8217821782178217,0.987012987012987,0.6351440226440227,0.5061825659651746,0.3015348762455802,0.7349858282262036,0.583188741083478,0.9222222222222224,0.9411764705882352,0.9023230290835924,0.5493200663349916,0.0914686599574059,0.8995911495911496,0.7101180069930071,0.1802409037009299,0.4810878854721975,0.5281659263092825,0.9834254143646408,0.3304721030042918,0.0591375202972819,0.3025988506732995,0.2903569841504962,0.2927200731038684,0.7285408292786122,0.262213313443968,0.8026262352781914,0.9318181818181815,0.8225568832869536,0.3686224489795918,0.5115805323059209,0.4908566538839413,0.2404907097766412,0.2254689754689754,0.4788087986071144,0.7474937343358395,0.1155395447846733,0.0618563318391791,0.2528373899360541,0.8928836174944402,0.0883058094579716,0.3715323252768187,0.6547357519990493
align-dinov2+1b-llama-things+hyp-abl30-218,0.9742607407464132,0.8167355859663553,0.9919274997285392,1.0,0.9423076923076924,0.941553544494721,0.943247009638834,0.914233225439594,0.9152026060899948,0.7675847457627119,0.9476088991623756,0.9421899768320936,0.9903640159590708,0.9163128662601197,0.705341368089802,0.8767268608347791,0.9242204737908244,1.0,1.0,0.9919528269164064,0.9275889030464498,0.8301657751982094,0.8302526063833192,0.95990522129136,0.9856115107913668,0.8271133808481583,0.9912489986793392,0.9491958869957262,0.9595689757492608,0.8301817757436781,0.9886782669383528,0.8674915766236785,0.9323223492961864,0.8680112589352612,0.9113212087874308,0.9040767944074312,0.97975051975052,0.8379304504175841,0.9546532363191872,0.7820232687405362,0.8209251538614254,0.9020537174986896,0.774367089106849,0.9301027543078824,0.8521032426692805,0.8943959041213047,0.7663520450405696,0.9179271528705556,0.865763859500635,0.9579475480542164,0.9258542965541277,0.926471419154346,0.8936858447289673
align-dinov2+1b-llama-things+hyp-abl30-42,0.9620120769276618,0.8259762105010212,0.983836832223929,1.0,0.9616249567523932,0.9320571361667253,0.9233786776336604,0.8996933142506645,0.8522896665311526,0.7538655961938745,0.9523474461554956,0.9712682304931086,0.9808641596001804,0.906576776152456,0.6461638719703237,0.9146570575010008,0.9277322747525492,0.9701447381991954,0.9858227464696168,0.975951263357635,0.935407038748667,0.8207905536316343,0.8248912326961106,0.9500534634540232,0.9424460431654677,0.8351254828757355,0.982536590411502,0.8962312619453813,0.9676016260162604,0.7828330952129463,0.9775140650000862,0.8448512272041685,0.9811514998430888,0.9135724609118382,0.910343084602262,0.90095716329101,0.96,0.8408687943262412,0.9174280663642363,0.7121565303383486,0.8209251538614254,0.8592170080373347,0.7555816966956526,0.949269592629304,0.7772388254315965,0.8976521976521976,0.7909587680079484,0.9417750797677512,0.8223573117190138,0.966372303585086,0.9372613278534928,0.926471419154346,0.8550424297564291
align-dinov2+1b-llama-things+hyp-abl30-7,0.9763380896452668,0.8167355859663553,0.9919423779795808,1.0,0.9423076923076924,0.9315505610869032,0.9720881072168436,0.8927422942021482,0.939101566552547,0.7854628422425033,0.9428724709723816,0.9568345323741008,0.9808641596001804,0.926158411405988,0.6334953455803608,0.8667575044386638,0.9204706298655344,1.0,0.9787148150255688,0.9919528269164064,0.9546495886702072,0.7936858992021651,0.8032971238482145,0.9295753357724764,0.9638782939858892,0.8271133808481583,0.9824561403508772,0.9411990413358188,0.9676016260162604,0.850160390362069,0.966489413474084,0.7879684418145957,0.9619470404984424,0.8781965506987809,0.9009419544860928,0.9123921656002172,1.0,0.8012465076294863,0.9636282244977896,0.7695526522856904,0.8460648148148149,0.9009240096773252,0.8031372452069865,0.9429580327898808,0.8535132323531258,0.9484573166260608,0.7909587680079484,0.9339301600171166,0.865763859500635,0.9831932773109244,0.942932587760174,0.9358655699992268,0.8489659408914068
align-dinov2+1b-llama-things+hyp-abl30-local-shuffled-218,0.9844999117675798,0.8055701947174744,0.9848695286195288,0.9864590705355036,0.9723176789642856,0.9733153824910245,0.9205026580275136,0.9428571428571428,0.9180563026716873,0.6810793498278486,0.8379633735731297,0.9082567818173976,0.9872890642121412,0.9159619047619048,0.5097287072922315,0.8617760617760618,0.9232960771422308,0.9805825242718448,0.97705896802269,0.9847764250768004,0.943917943917944,0.7467907130828478,0.7666992293498317,0.9088803088803088,0.9291691479741504,0.9239627517973564,0.9828405587744228,0.9448999926948646,0.8736021536924125,0.8364067439409906,0.9769695295590718,0.7997685185185185,0.9742460058314402,0.8965815414769124,0.9017470300489168,0.9359979542504788,0.856238198983297,0.8803286034353995,0.9095406615629064,0.7788556271314891,0.8014794267221452,0.8594377612105301,0.687363834422658,0.9436113067981684,0.9315208600922888,0.9156994083997456,0.9192717681783732,0.91303147533152,0.8840567064866484,0.9598711755233494,0.8934105701640197,0.9590738319848308,0.8296643350698297
align-dinov2+1b-llama-things+hyp-abl30-local-shuffled-42,0.99772744966445,0.7733887156262806,1.0,0.9864590705355036,0.9445080202494328,0.9733153824910245,0.9389645271834768,0.942892135421223,0.892139733519044,0.6794685083702425,0.860102284408424,0.892751156576893,0.9872890642121412,0.9212194420477424,0.6056735457156215,0.8704650596542488,0.933729316978048,1.0,0.9693868042862775,0.9924067834999007,0.9413851351351352,0.8166364421807092,0.8662200460761612,0.9095712253606988,0.952814579250619,0.8850154820304075,1.0,0.9683268931823228,0.923413917270872,0.8901137980085349,0.9731926274073622,0.788933511825078,0.9913411001419236,0.8096607869742198,0.9618041734115296,0.880054707089127,0.9399538747950762,0.8730081762203569,0.9368445339374109,0.7418245614035087,0.8717356040782873,0.8357698953540296,0.6548916319417145,0.9119225329981144,0.8595061188811188,0.9443247402847248,0.9070263283014384,0.9043111500522284,0.8720280382684474,0.975962984384037,0.9347684011759004,0.9590738319848308,0.8846225737493845
align-dinov2+1b-llama-things+hyp-abl30-local-shuffled-7,0.9802301612112618,0.793930826500801,1.0,1.0,0.9160900482664605,0.9731065918653576,0.88353480386048,0.9286151692765288,0.7598611914401389,0.6854984656542609,0.8700949783792509,0.9159713210005084,0.9872890642121412,0.8987107112042402,0.5409938503837585,0.8094618682853977,0.933729316978048,0.9803652334720296,1.0,0.9847764250768004,0.936837736026377,0.7187330187330188,0.8667881707529285,0.9461086858347132,0.9527970384298976,0.908272921108742,1.0,0.918241134751773,0.9430662954943808,0.8804697986577181,0.9808518767195444,0.8708239851900892,0.9914153352771466,0.8793451317230645,0.94104821802935,0.9349018806746436,0.9082223737573124,0.8467297806082479,0.9090136054421768,0.7751552795031055,0.9323615448363676,0.8610102418239666,0.7930555555555556,0.9499061179784072,0.9848484848484848,0.973266899680226,0.9377607928101428,0.9491726831646392,0.9009925013576124,0.975962984384037,0.9464073076567232,0.9919141811582688,0.7932020909629675
align-dinov2+1b-llama-things+hyp-abl30-shuffled-218,0.6146068871084137,0.3672320101717289,0.7261150451062178,0.92,0.62610513739546,0.7359609347750262,0.6158748337267268,0.3388431817267355,0.6394581654697261,0.442310818590807,0.4249051456749602,0.7239620283098545,0.8237037037037036,0.4136718815081388,0.4911832353692819,0.595719381688466,0.7669567147613762,0.4732052578361982,0.6271771771771771,0.5891104779993669,0.839168642767471,0.5952380952380952,0.2881562881562881,0.5132848802573573,0.3489583333333333,0.5512520266618628,0.5771739130434783,0.4069850251207258,0.4818415436152345,0.4828658183921341,0.6363688323564867,0.5735068072024594,0.6609429556797977,0.4109972041006524,0.686173108328797,0.5191663403385111,0.5808080808080808,0.5593305776792016,0.4989216925708336,0.3960573476702509,0.5068565400843882,0.5490549957387076,0.443335370613544,0.3969696969696969,0.4581679894179894,0.6865148553986693,0.4583689649789118,0.5751605905520103,0.579037288674335,0.599130233015989,0.5192877388138468,0.4823681276770521,0.5844979947689626
align-dinov2+1b-llama-things+hyp-abl30-shuffled-42,0.5831780769215754,0.3480392156862745,0.5547852464827611,0.940408163265306,0.5515007664540374,0.6729255874608402,0.610365362948656,0.3367480956133438,0.6394581654697261,0.3995106446228075,0.4576927280473035,0.549463538825241,0.7650375939849624,0.3618535758273749,0.4155844155844156,0.595719381688466,0.711991281900284,0.4732052578361982,0.5958091979642972,0.456315289648623,0.839168642767471,0.5908750934928946,0.3928870126249552,0.4978868157921863,0.4561322325846974,0.5357675111773473,0.6302367288378766,0.3847773704756209,0.4724902779778194,0.4291744840525328,0.5580281850460012,0.5950649704567131,0.6785021319487271,0.4109972041006524,0.6605162331115143,0.5714285714285714,0.5857390472775088,0.5593305776792016,0.5045555696696824,0.3960573476702509,0.5247507122507122,0.5490549957387076,0.3907487574154241,0.3529606286959228,0.4089121887287025,0.6919631569441935,0.4131434947419906,0.450736197238283,0.5060874022811739,0.3599717114568599,0.5104057857445524,0.4869076151215926,0.4138045540796964
align-dinov2+1b-llama-things+hyp-abl30-shuffled-7,0.5651958409119618,0.3480392156862745,0.5934995728755644,0.940408163265306,0.603798277228229,0.6511653841864615,0.639155146834198,0.3600646792136154,0.6394581654697261,0.395028063588846,0.5148140351353737,0.4848679945454139,0.7316066066066065,0.3879396190955337,0.4155844155844156,0.5942723553477499,0.7435442848950168,0.4732052578361982,0.5724876662376662,0.5653092006033182,0.8639119284955525,0.5952380952380952,0.4313629101634509,0.4978868157921863,0.3797999143509707,0.4389244302279088,0.5612822538177988,0.2801932698399893,0.4724902779778194,0.4199905033238366,0.4733443713110453,0.6007575757575758,0.6843262001156737,0.4109972041006524,0.6543529411764706,0.6058780576852866,0.6305512142869686,0.5583852604192346,0.4834728279534986,0.4010381905821282,0.5018577494692145,0.5401186071265649,0.3654513888888889,0.4425594850721754,0.4089121887287025,0.6445728733971465,0.4168092449190049,0.3321362301090491,0.510152505446623,0.4532544976753588,0.5305506300497356,0.454589512455171,0.4924804037473796
align-dinov2+1b-llama-things+hyp-abl30cat-218,0.9140946010511228,0.3349514109680084,0.9664436677325796,0.8492456399739273,0.5899426712691617,0.920087631583272,0.969619021134594,0.3272189028040558,0.9536505234589356,0.4258601571047282,0.6449620739664051,0.9386973180076628,0.9561202846476812,0.8107597063846415,0.5062453775988167,0.8184478092312194,0.8026108249011255,0.9368927368927368,0.9447711680416848,0.958727712965001,0.871477258747211,0.8164323281643233,0.7819563665577715,0.931186932604367,0.6698231009365245,0.459676892766676,0.9945405494864252,0.9088979489084372,0.9446445244764572,0.8093701344656759,0.9658021010859048,0.8057150696206873,0.99009900990099,0.5209268514311677,0.7897007446820435,0.8001697994466676,0.9605987525987526,0.6112600625153468,0.8853503184713376,0.6460142679900744,0.7489709259499979,0.4804791252997757,0.4600943981914702,0.7423382068746243,0.6828259172521468,0.9302929878737666,0.3579790368497765,0.6337906042818443,0.9180821688561626,0.8972936180844375,0.9562043795620438,0.9950248756218908,0.856965392749474
align-dinov2+1b-llama-things+hyp-abl30cat-42,0.8792353181835086,0.4435898246088551,0.945465978599232,0.8552800734618916,0.3409019879608115,0.9014424590240504,0.9629734591783928,0.292772363774009,0.8986933019976499,0.4258601571047282,0.4407240228240672,0.8811458445652756,0.9299817250152292,0.8460445998170124,0.5062453775988167,0.5514128728414442,0.3700935121186151,0.871315898713159,0.9192517832956936,0.9529723312939457,0.7322704202175859,0.6958495534042287,0.6321663113979171,0.9235531267721812,0.3111760569570185,0.3963433397820311,0.9616279633776856,0.9521607621023298,0.672643196789251,0.694076983503535,0.9099558306426114,0.8329717813051147,0.9950738916256158,0.5626035892651337,0.5133759253625393,0.8165367965367967,0.9448382536382536,0.5799680054604014,0.817309563996107,0.5595141700404859,0.5763417733081989,0.4688644688644688,0.5277682588408527,0.3553932640666566,0.5254296958547231,0.8347107438016529,0.1891188647104732,0.5193557294165365,0.9054054054054054,0.9261657377115392,0.9416058394160584,0.9950248756218908,0.8617475745555924
align-dinov2+1b-llama-things+hyp-abl30cat-7,0.7556535589192577,0.4998972220114787,0.9370582758616084,0.7904855001629194,0.654647765507494,0.8968750698719172,0.9645428192258362,0.2748829215622385,0.8406055994795285,0.3570581033024026,0.5041058391720219,0.9042908520517386,0.9507321274763136,0.9001778937381404,0.5062453775988167,0.7444098807406174,0.1548576214788669,0.83994383994384,0.8766717256424572,0.9658899020601148,0.8310012072957988,0.7745621010620446,0.5904836062708343,0.9153794071234732,0.4178442259168277,0.3154072389893285,0.9835903987396264,0.9334580204449404,0.7919554015636107,0.7256132024592816,0.9775691159341052,0.7548884557071691,1.0,0.6600188188409808,0.5668224490632559,0.7612492770387508,0.9442947118241236,0.4857909470609536,0.9301103930416658,0.7233291154309095,0.43963554670496,0.4804791252997757,0.5424992143530555,0.3746028941399616,0.5620320477463335,0.9008264462809916,0.164338768296366,0.6287851715841669,0.8443021184956668,0.950733736698649,0.928728182270475,0.9950248756218908,0.8525442749717395
align-dinov2+1b-llama-things+hyp-abl30cat-local-shuffled-218,0.9183669983512974,0.5046382189239332,0.991275495589952,0.8135062611806798,0.8213384139080734,0.9626975274214538,0.9469312977099236,0.4935824251859539,0.9125490580847724,0.3643551808689423,0.7981414743112435,0.9455978467100812,0.92580236284498,0.7776658615550645,0.4983231153739346,0.5425770308123249,0.6887428912698945,0.8784676850763807,0.9538264857452986,0.9839157217829512,0.7534009465855308,0.6737927603808676,0.7594325600664728,0.9261767365872158,0.3549884150101384,0.6062124011382811,1.0,0.938131874841895,0.8598409604257556,0.5830297517598544,0.9429015513651426,0.7822800271271175,0.9745762711864406,0.6004140786749482,0.6159457337224407,0.783068783068783,0.9643466637078836,0.5513352282696424,0.8300535846267554,0.654829093652684,0.7154338124756351,0.4325947600438909,0.783074509429154,0.8624892099193797,0.6615692128994558,0.9045785416093656,0.3345192499768369,0.6936139895801626,0.8591549295774648,0.982045682045682,0.9489317352787908,0.9879518072289156,0.8861697722567288
align-dinov2+1b-llama-things+hyp-abl30cat-local-shuffled-42,0.8486869800244168,0.3338783623720719,0.9129639946490704,0.8908200734394124,0.909483723903297,0.8965884821855876,0.9407211936412708,0.614147092500469,0.9076923076923076,0.3845558490033115,0.786626918557304,0.91835324365227,0.9129148079643128,0.8974866633668812,0.4983231153739346,0.444045018205892,0.5547567650902517,0.965031043869218,0.9202230411013174,0.9839157217829512,0.5861331679073615,0.6419676638326595,0.6226187050359712,0.9072847682119204,0.7178089401726516,0.5686084778739082,0.6692876342237103,0.9533926748495234,0.823406204734711,0.7175536881419234,0.9872170969668812,0.8244193767154173,0.96137339055794,0.6044597161208008,0.9413892947129944,0.7530311723082808,0.87227555053642,0.7025980544468081,0.8619256822559352,0.7606419022485238,0.5393814845106923,0.45715594863603,0.630017118030742,0.4734389183747163,0.5431900102138315,0.91831380109918,0.3674746021668224,0.4150055586545724,0.8808437479336111,0.8163393616018781,0.9558652729384436,1.0,0.9141033501548524
align-dinov2+1b-llama-things+hyp-abl30cat-local-shuffled-7,0.8291197673150735,0.3488753259924659,0.995635554746276,0.9221141649048624,0.8161613876319759,0.9754601226993864,0.9469312977099236,0.2719729619380302,0.9088881706528764,0.4136572520159452,0.689145960422556,0.9339050067661232,0.932311227943144,0.6166473258461853,0.4983231153739346,0.505035870382405,0.6117659318106634,0.9796007120615574,0.8476140456182473,0.9839157217829512,0.8016,0.5963807688189314,0.7779488297473909,0.9064750753399938,0.5289831954945771,0.4882526542769951,0.9590357561665588,0.96553262742994,0.9384177422371864,0.7175536881419234,0.9872170969668812,0.8611656385114391,0.995850622406639,0.5908327155917965,0.7179708144531833,0.783068783068783,0.8928638783711247,0.5156163746767773,0.9271588112044592,0.7136828045825071,0.7286694491046753,0.585141016204397,0.3831800466662852,0.8125107005133528,0.6670939891187339,0.9379901096702272,0.7008351792511183,0.3480062191293412,0.8577357390530547,0.932973715303768,0.9205574912891986,1.0,0.8647904750916172
align-dinov2+1b-llama-things+hyp-abl30cat-shuffled-218,0.6344484351516779,0.3065914130215682,0.3972987235431767,0.7151511569490824,0.4213595771824311,0.5927315608919382,0.7731981064847806,0.2590458570107044,0.73302822273074,0.2843488649940263,0.1040858557295975,0.3476326495452072,0.8765217391304347,0.5004246206107152,0.4927601809954751,0.3803951836986723,0.0116759716027136,0.707016441165768,0.3857679017441369,0.6989426768090197,0.607632780581591,0.5846611721611721,0.4549579141097249,0.6064419302701455,0.2744772327535665,0.2784262226825057,0.5140394773422297,0.5824571372200849,0.4807207207207207,0.2836018617973505,0.6138717198319847,0.6953831966032008,0.7924528301886793,0.4245614035087719,0.464500537056928,0.6564175940646529,0.7175377784701666,0.45,0.5369929083422298,0.4807692307692308,0.4298245614035088,0.4327916629868409,0.3163440044967908,0.3002943773918163,0.3981106191931159,0.690414429631417,0.1718123547588038,0.1111657946682475,0.6467061529823036,0.4057791086962655,0.6059766176174158,0.9252336448598132,0.5717466099979761
align-dinov2+1b-llama-things+hyp-abl30cat-shuffled-42,0.633511596545898,0.3065914130215682,0.3921718092334206,0.7115304729689633,0.4213595771824311,0.6237639298771088,0.7638888888888888,0.2684654069860857,0.73302822273074,0.2866722215609253,0.1127782037087943,0.4009370816599732,0.9147643979057593,0.5925733199698643,0.4927601809954751,0.3803951836986723,0.0522371330057772,0.7004368629082589,0.3857679017441369,0.7217199523487556,0.641948234784492,0.5846611721611721,0.4733621832777837,0.6417024681462256,0.2744772327535665,0.2698679058560303,0.5140394773422297,0.5299385439833025,0.4832899344527251,0.2836018617973505,0.5755793770811761,0.7113668778400609,0.7692307692307693,0.4245614035087719,0.464500537056928,0.7084461587325513,0.7256976259891712,0.45,0.5672454702329595,0.4807692307692308,0.4298245614035088,0.4327916629868409,0.3163440044967908,0.3002943773918163,0.3981106191931159,0.7461568869810197,0.1780105030793372,0.0847010989749349,0.6495781495781496,0.3222130633961954,0.4966382899397253,0.944954128440367,0.5399692865700448
align-dinov2+1b-llama-things+hyp-abl30cat-shuffled-7,0.7121948893974066,0.3065914130215682,0.4845668923099248,0.7151511569490824,0.4193887340673398,0.6241776315789475,0.7211538461538461,0.2590458570107044,0.73302822273074,0.2866722215609253,0.1033776751688189,0.3597159588072962,0.8533333333333333,0.4857142857142857,0.4927601809954751,0.3803951836986723,0.0679736099329393,0.7179183914843289,0.3857679017441369,0.7499380704662818,0.6333457427831294,0.5846611721611721,0.5553613078931652,0.6664852752880922,0.2744772327535665,0.2681911336425412,0.5450137320445645,0.6096910203248592,0.4832899344527251,0.2836018617973505,0.6345600555709399,0.5939036629516948,0.8771929824561403,0.4245614035087719,0.464500537056928,0.6671324638452666,0.6985562549764885,0.45,0.5139890548107925,0.4807692307692308,0.4298245614035088,0.4327916629868409,0.3144010908328089,0.3002943773918163,0.4174383119536947,0.8096176652357648,0.1780105030793372,0.0802091554853985,0.592093685300207,0.2834615733134767,0.5752056492574252,0.9497716894977168,0.5769060916908673
align-dinov2+1b-llama-things+hyp-abl40cat-218,0.7168159282557247,0.8539189235811626,0.9836734693877552,0.9765625,0.3751553587252145,0.9204012330227648,0.4101111412306857,0.799784946236559,0.8142567110309046,0.3980665715863084,0.5689608417154846,0.8527274578593181,0.9856823838719062,0.7714814474706397,0.9215948217778996,0.8996716294421437,0.8892656376807302,0.9052525252525252,0.9631734119538996,0.9820286230118228,0.8254414414414414,0.5736984448951995,0.4979861712510481,0.8548141513658756,0.4061692057816491,0.4987133784484851,0.9690931434311496,0.3178150828121636,0.7118067930640403,0.8825303930382462,0.6367915823840448,0.5833993864058115,0.8052238911338716,0.5040625215175928,0.8875127172999513,0.5275659824046921,0.908532538968604,0.6340311097353352,0.858034425102846,0.6934428356908473,0.6840092107278499,0.5052378545966101,0.4546028259515458,0.8478483074044558,0.6868790181180597,0.7056798205734376,0.2796966191365386,0.8722178859010531,0.6102912655974824,0.8517445322113284,0.8294783929817952,0.8991966531492224,0.8778332962624137
align-dinov2+1b-llama-things+hyp-abl40cat-42,0.6476730212192418,0.8138824138824138,0.9510448914303123,0.9765625,0.3751553587252145,0.9145022349841628,0.6457525816330683,0.9022376738305942,0.809914582062233,0.4356837175953932,0.3576273420693917,0.8532424152948993,0.9622289587806828,0.8870152480437736,0.8347821686137237,0.90523050661775,0.889675890588812,0.9294438502673796,0.9631734119538996,0.9380534740011864,0.7859909341876555,0.5573022312373226,0.3409091860667412,0.9285714285714286,0.8607274807362294,0.606628312088435,0.9690401511081844,0.7051107023734863,0.9632811633986866,0.8577999494673506,0.706089499110094,0.4250539684408111,0.7489383019761385,0.6035908921239268,0.9148936170212766,0.596852949332895,0.8708825612777696,0.9049201987163732,0.8088696438280975,0.7638691344043114,0.569312318228727,0.5241248336145282,0.4871101596045367,0.4006372427028289,0.6544671699496349,0.6596540074989791,0.5171162294925068,0.880376783951785,0.6075728582862511,0.7552412829806341,0.919320339830085,0.9393394448192636,0.858636456004877
align-dinov2+1b-llama-things+hyp-abl40cat-7,0.6156336745917069,0.8101250226592949,0.9836832744575208,0.9477911646586346,0.6471347813240704,0.9149233296823658,0.4101111412306857,0.8710191953408214,0.9261357347688284,0.4623971797884841,0.351969623953264,0.7955698806748046,0.9715553723783952,0.7770175438596492,0.8605540675436602,0.9162303664921466,0.8958125722447813,0.9176844919786096,0.9631734119538996,0.958066787027586,0.8979700958737973,0.5949174233652263,0.2427438713901214,0.9465159106296548,0.5135394070666999,0.6037920459299017,0.9742229672619506,0.632593216109792,0.812939955367025,0.8711374255152117,0.8302440781967365,0.4710340063720611,0.879890926349398,0.5726274609390406,0.8338148732547617,0.7604559903873942,0.8821507107654731,0.7805266698929427,0.8402555855344808,0.7585883351407422,0.7686032272601792,0.5052378545966101,0.4949673655176676,0.8111273080660836,0.597587136350962,0.8962962962962964,0.4169474238352931,0.9087781496134942,0.5882261664526386,0.9387265155588176,0.9145041816009556,0.9165876947679708,0.8682796508883466
align-dinov2+1b-llama-things+hyp-abl40cat-local-shuffled-218,0.6296065730352304,0.8010144523726354,0.9226912243366712,0.9915966386554622,0.408711561547696,0.940007436422652,0.4431269213877909,0.8167372388203107,0.7263948116560058,0.6050588327525305,0.6465969809695282,0.8269591005499559,0.9199869857404104,0.7433698019862904,0.8743455497382199,0.8696015155490663,0.8680231165303848,0.8742946708463951,0.9653406666350576,0.992774081746018,0.8074955698861871,0.7255584616508124,0.3122388556655263,0.9022975116840796,0.3284889399387318,0.5766268438932697,0.9629338100657115,0.4829889243630547,0.910658640911994,0.9402918403811792,0.5826594336364682,0.4519162598407881,0.8787655571413224,0.5602551381998583,0.9027787372202266,0.6617596181279283,0.8960542358624225,0.8668994315880619,0.8374340673469516,0.8897272572627442,0.8138816517255346,0.5010817262859487,0.5566919564772959,0.691647348146985,0.8949870391356696,0.7473633198254875,0.5965949015954982,0.897957896949293,0.7033330698568371,0.8595744680851064,0.939490248541337,0.5898159241091947,0.9026592771982116
align-dinov2+1b-llama-things+hyp-abl40cat-local-shuffled-42,0.7375789964317628,0.7611005465750157,0.9555589369040371,0.9830508474576272,0.4496868532471222,0.9452845057020086,0.4314032776275339,0.8829245804716543,0.7090481203938812,0.5292398174230699,0.7996312974100154,0.6747073796917585,0.9448761914648296,0.7558499489271581,0.8077180918225076,0.9131737586560807,0.8941610142365813,0.9737489745693192,0.9811022447609814,0.9718761720665878,0.7423422351751621,0.6861658790940198,0.3513705032879185,0.9196491676468516,0.3457658768663553,0.6204478790685688,0.9472074314654018,0.7072473483385674,0.8540206656865444,0.893404634581105,0.9206662119804968,0.5362278168800589,0.8577208300669497,0.5351951951951952,0.947646065518406,0.754643587973576,0.86235829188511,0.9325124571600756,0.829869510488417,0.8351229004139817,0.5910819290626882,0.4986198269475326,0.4390142321389448,0.8205539736876717,0.8240809473312125,0.6415536636871954,0.5561689576492849,0.9077809798270894,0.840412873591886,0.8289234604006058,0.9674752440240624,0.8758323092866406,0.9086960153385448
align-dinov2+1b-llama-things+hyp-abl40cat-local-shuffled-7,0.8481121551361888,0.7660974384731292,0.935042648016512,0.9830508474576272,0.4388963993892226,0.8924794077805845,0.4237393699844292,0.9205347230542726,0.7090481203938812,0.4723524225428354,0.4729067950032051,0.6270695760359843,0.9637662337662338,0.8192771084337349,0.8555868796706492,0.903618511492788,0.8899793385903785,0.8356589147286821,0.9703913764089,0.985686119401196,0.8459964559089497,0.6720088931924343,0.234131207262755,0.9406570325427468,0.8050546224401566,0.6902798849543088,0.9261898658463642,0.8195474593242222,0.9617224880382776,0.9112698412698412,0.9206662119804968,0.4642327483836918,0.964199274584468,0.5575594378037567,0.9373766729581332,0.7086247241796569,0.8704626892998194,0.9330028054017572,0.7946276833100724,0.8841235509377436,0.6567787219222554,0.5696649029982362,0.6299532001337139,0.9211770945360542,0.910457815662348,0.8690023783854237,0.876598530768651,0.897458870084799,0.826651011792315,0.511878370917739,0.9343362341223876,0.7089944443332866,0.9295247191048496
align-dinov2+1b-llama-things+hyp-abl40cat-shuffled-218,0.037928811817369,0.5276252765923606,0.3953574640164946,0.9915966386554622,0.4571154439228317,0.7571202146440786,0.4552883633055002,0.3924266939638093,0.7603318250377074,0.3176819388423484,0.1949976280591467,0.3339156342237479,0.6143831827401808,0.5225832848608649,0.5407038748666904,0.5667105650496568,0.7172408920531406,0.5035900104058272,0.7667165135654774,0.6653846153846154,0.6516176393477007,0.5711232103246622,0.1663441166080025,0.5197190420883799,0.3183123841342922,0.3494703008753591,0.5913992830818894,0.0854805561692071,0.5312632681366583,0.4872380328788906,0.0952741197347529,0.4058299021078178,0.4221449625878617,0.4580127132820341,0.504891774891775,0.3810818465024072,0.5715655364419124,0.4868389277952185,0.3564831644740995,0.5055871811090028,0.4368158929084593,0.4888806585747714,0.3939808102861848,0.3333333333333333,0.4478252194732642,0.5445933597319526,0.2073023118665826,0.6184943252122037,0.3900112233445567,0.3264771612914087,0.4582640340689121,0.5022241732513901,0.5394594594594594
align-dinov2+1b-llama-things+hyp-abl40cat-shuffled-42,0.037928811817369,0.5550263389955604,0.411818803206363,0.9699570815450644,0.4320393586949485,0.695055900621118,0.4071192532900458,0.404499274310595,0.7603318250377074,0.3221708611539119,0.1265220349957881,0.3499354582464501,0.6143831827401808,0.5147012211699381,0.5407038748666904,0.535496387241529,0.7410069507983397,0.4817716333845366,0.7482691599735575,0.551685064755478,0.6598079561042525,0.581519384881958,0.1542709037638043,0.5067063492063493,0.3183123841342922,0.2942812682357518,0.571291263802277,0.0854805561692071,0.5312632681366583,0.6455873789315009,0.0952741197347529,0.4101111412306857,0.3970590993491756,0.4554355732109886,0.5077639751552795,0.3810818465024072,0.5742796236401059,0.5028322649894168,0.3519000740975971,0.5084033613445378,0.4270288410288805,0.491374681165257,0.3629764065335753,0.3333333333333333,0.4478252194732642,0.5472035997890512,0.1953576547833726,0.5767945521527184,0.4019738608955553,0.3343348311090247,0.4883326238115509,0.552776187232232,0.6078212111588235
align-dinov2+1b-llama-things+hyp-abl40cat-shuffled-7,0.045855782000182,0.5018682996499806,0.4022218594982562,0.9743589743589745,0.452447310974063,0.686617418409326,0.418631500798977,0.4964625104427735,0.7603318250377074,0.3199340342197485,0.2026824824132556,0.3742843836647328,0.6923692659541717,0.5596957226586855,0.5407038748666904,0.5889492473091638,0.7543635042071676,0.4787045366919419,0.8159814353718348,0.7078369905956112,0.6661335710415466,0.5682834537323701,0.1542709037638043,0.5197190420883799,0.3183123841342922,0.2942812682357518,0.571291263802277,0.0896679937202877,0.5289274967353659,0.5783352475589038,0.1150530778775479,0.4101111412306857,0.3988175422840891,0.4580127132820341,0.5077639751552795,0.3810818465024072,0.5965335581385579,0.4915691569156916,0.364957507296345,0.5084033613445378,0.4270288410288805,0.491374681165257,0.3629764065335753,0.3333333333333333,0.4775313169338612,0.5586058717402,0.1953576547833726,0.567528641419612,0.388351368121041,0.3818819584006312,0.6050539411618805,0.5022241732513901,0.5789942866404635
align-dinov2+1b-llama-things+hyp-abl50-218,0.9934598886245214,0.6939577853339322,0.9727517405520832,0.9605141171512852,0.8410154777122784,0.9505739452022592,0.9615251897860594,0.8214050206872897,0.9168726766040084,0.6798486997635934,0.8470244816221315,0.9041692809577878,0.9855951822904212,0.9099301184673386,0.8164130648273311,0.9269994476262464,0.918583490863264,0.9631306975906838,0.9134548905646536,0.9777200577200578,0.9352769679300292,0.8414011617672945,0.7939187972442904,0.9289066961736152,0.8883209124185695,0.9244462702406628,0.9456147980235516,0.9097397445004756,0.9639320029563933,0.7975533707748856,0.9643289598684064,0.7517903047386952,0.9399104804291988,0.8875734860961575,0.8894486295574782,0.8122896515186893,0.8764203046399549,0.8793902429561344,0.9385086424356772,0.90063672481385,0.8970296490080663,0.8931454949546426,0.8025611304299829,0.9430637745055416,0.6108838867813351,0.8852883574358795,0.948808813925093,0.8239516258515586,0.8787373533835379,0.9743643780154936,0.9360498524311672,0.9555738948577052,0.8060935419035823
align-dinov2+1b-llama-things+hyp-abl50-42,0.9518863805048038,0.7877973451891804,0.9945391615610484,0.9628053853717568,0.7308595983254338,0.9582817451486212,0.9736394557823128,0.7864270559476039,0.9778021422545288,0.7027166497804795,0.8731385152182878,0.8760005275743622,0.9785270805929353,0.8800799115304891,0.8243735257120645,0.8694726751931284,0.9106320970203898,0.97803130984754,0.9491702662084476,0.9833122834288676,0.925668601884458,0.7959576138147566,0.7613390604402457,0.9208404952890248,0.9373475220149168,0.8912485481287935,0.9939458118876444,0.9097397445004756,0.9817554660983504,0.8530432468640747,0.9561507574940526,0.7828368852125016,0.8914745385333621,0.8824148620296631,0.8659750882737791,0.83651034164531,0.9141577835142596,0.90200577936427,0.8927299313861498,0.8508230452674899,0.9117396991497712,0.865877494075931,0.8887381667051488,0.9716752788748594,0.8701658336501225,0.8821677788216779,0.9360333791521208,0.8694741833245989,0.8727251749058603,0.9743643780154936,0.9719318094326566,0.9705388459298784,0.8688399900221231
align-dinov2+1b-llama-things+hyp-abl50-7,0.9869778335990004,0.8122634879772803,0.9781420765027322,0.9223929919430356,0.8354061645952758,0.9649272759978288,0.9476819011702732,0.8437493318672592,0.9235687080587632,0.6470790128124955,0.8703202555662312,0.8995408631772268,0.9715393722441292,0.9132425068969764,0.8789331621702761,0.9266985029150676,0.9056709427190266,0.9633855164125666,0.949238578680203,0.9833532059338512,0.910945679146516,0.8149507221223579,0.7573350146693892,0.8720937742185482,0.8883209124185695,0.9246336048003204,0.9637730690362272,0.8383751041123157,0.9275506523550702,0.8255316347356639,0.9607588635443788,0.7708049673903333,0.9126853574884032,0.8418276833742693,0.8932633986957889,0.8109028857350759,0.918439847082396,0.9001939439439439,0.9608691360954308,0.9300918463939416,0.8706857968353016,0.8485698958361382,0.7754828026289566,0.895016668385057,0.6108838867813351,0.9017569509903144,0.9232132208876396,0.8317932133988205,0.8667352798808199,0.9743115273792796,0.9080887976244684,0.9250455986412824,0.8216746809653234
align-dinov2+1b-llama-things+hyp-abl50-local-shuffled-218,0.9637034725243514,0.6561691358375752,1.0,0.9599003021042278,0.95809384326296,0.9738644100221124,0.9692130344715468,0.7862901608439291,0.773390451356553,0.7785108866670051,0.8821292242876178,0.9336786502035396,0.9662657043571238,0.8461271102284013,0.7849210480652439,0.8431122448979592,0.9235518055663322,0.9734632701563304,0.9599274120375036,0.9567533589744864,0.967479674796748,0.817036748474224,0.7939152996412662,0.9430475325995824,0.8857958660649617,0.8275547021691226,0.980114712239372,0.9544808327545152,0.9723522458628842,0.8441120587332658,0.947371621409352,0.818672405762652,0.9880677896543362,0.8942824701267025,0.910774130377728,0.8246135552913199,0.9118876941457588,0.9210000147017744,0.9056710203486532,0.8904659916861589,0.8728442019918923,0.8004627113535354,0.7898864250946458,0.9359337317814826,0.9358599290780142,0.969065073406576,0.9407464475261084,0.876001334288071,0.8620456466610313,1.0,0.9156693475630352,0.9757501803116456,0.8656679553264605
align-dinov2+1b-llama-things+hyp-abl50-local-shuffled-42,0.9853584671794796,0.713894539195744,0.983070413578888,0.9655366958428034,0.8714102564102565,0.9867549668874172,0.9750786488098256,0.7697554185722807,0.7710822225878998,0.780701754385965,0.8790168472405059,0.913272079624509,0.9829567974633372,0.7538501529646299,0.8014307348955843,0.8247146804137958,0.9266528587042476,0.9933940336072248,0.9599274120375036,0.9877300613496932,0.951219512195122,0.8824748612081884,0.8646585561682775,0.9238274299143864,0.8962617020163045,0.901040711184492,0.9933715707464572,0.93363583779725,0.9653612848057292,0.925366971409961,0.9691146073364584,0.8475751344586299,0.9879756463030914,0.8435058661145617,0.9113924050632912,0.8379736916355875,0.9132850241545892,0.8924711716752795,0.9103172295379331,0.9162386995247098,0.8663713976595,0.8509681035305369,0.786607823460114,0.8804167434999078,0.9301182930275748,0.9286540780002712,0.9407677508016492,0.9063903073191,0.8587835365493797,0.984532376569348,0.91952026942134,0.9638574804731594,0.8837713142999981
align-dinov2+1b-llama-things+hyp-abl50-local-shuffled-7,0.9713010137014152,0.713894539195744,0.9435930644050472,0.8974754226284515,0.952898638207456,0.9733072935786552,0.9562035158736896,0.7275550195960204,0.8335143437002908,0.6755027375399598,0.8676298546734745,0.9489636396507536,0.9829567974633372,0.8207154061792407,0.7764835631830754,0.8741746698679471,0.9380305242203052,0.9598337950138504,0.9599274120375036,0.9816077149372304,0.9339328241767269,0.820573005668152,0.8331493031116374,0.8823656494733999,0.8589539905953358,0.8820131380517854,0.9867300880237888,0.9155982664405504,0.9723522458628842,0.8863888971440459,0.94466890521698,0.8208871195589479,1.0,0.8174006444683136,0.9624911741798358,0.8180740966212985,0.9268474215842636,0.9075289043060698,0.871259159509848,0.9025349123760869,0.8189660614424813,0.8534189281198328,0.7917041308219298,0.925962628415807,0.8165393155334159,0.8897381205458735,0.949240412403343,0.8546622646725667,0.8267697468416716,0.9896852286409856,0.8965956132308643,0.9633743151993884,0.8521032506065065
align-dinov2+1b-llama-things+hyp-abl50-shuffled-218,0.5869557580127156,0.4200928381962864,0.4917659047282156,0.7912087912087913,0.5063821131320665,0.7332441939398926,0.5969518992978522,0.3485669637772686,0.7508928571428571,0.3827367754197022,0.5012581517429079,0.5047800929873023,0.8046381447421032,0.4911990112500696,0.5156395891690009,0.4786252771618625,0.7146128536212862,0.5013774104683195,0.5844379244608603,0.5559511965230141,0.7485991216113888,0.6178905931858287,0.3400776851389684,0.5280075187969924,0.4898347877658223,0.3967592571576429,0.5938249320209037,0.4741188933104359,0.6044140830267999,0.3174272055627988,0.3889366900168489,0.5317767867702818,0.580009940593122,0.514308426073132,0.5333333333333333,0.5328933924359871,0.7210593997099785,0.55098374679213,0.4690371331880766,0.5963149363049216,0.6203997897411561,0.5511138093681409,0.5553602818580299,0.3442410076613427,0.4177209192134565,0.695235676185638,0.4580315552216378,0.3597676724748547,0.4487837482991573,0.4365809995371705,0.6190947070356423,0.5460296614966602,0.4442503073836796
align-dinov2+1b-llama-things+hyp-abl50-shuffled-42,0.5785691344947346,0.3896853146853146,0.4770344816768596,0.7912087912087913,0.4716672062778688,0.7286239771788904,0.5952590371284255,0.3174433262514207,0.7508928571428571,0.3854244928625094,0.4918501530773866,0.4334884982509044,0.7718257036807918,0.4571039259077125,0.5123066104078763,0.5315873650539784,0.6533366965129433,0.5153666209566831,0.591879307719419,0.4985913018378962,0.7485991216113888,0.602028837181301,0.3206381117739977,0.5695567340404243,0.3949354760165571,0.4245761255584832,0.5683728036669213,0.4192890393517353,0.557853127545041,0.3200207805701669,0.4153301579933532,0.5080075608519994,0.6865773289011918,0.4839476813317478,0.5463219158477244,0.5469262295081967,0.6802675133418902,0.6106703260146374,0.4962893957080003,0.5596382136800453,0.580353615283795,0.5406044312598498,0.4585674051349109,0.3302052052052052,0.4552361239546333,0.6269713261648746,0.5855060119561337,0.3149481352105476,0.4519189342977969,0.3662103327413042,0.5321280613251416,0.523787870175638,0.4199257007767646
align-dinov2+1b-llama-things+hyp-abl50-shuffled-7,0.4762238722584793,0.4218860148108855,0.4494495875499395,0.7912087912087913,0.55002624248052,0.7309554113787368,0.5633288157318623,0.3291109617001144,0.7437570303712036,0.4356480339743938,0.5044293927384883,0.5474426715330744,0.8183365118504107,0.3228755758179573,0.5156395891690009,0.5123677298311444,0.6853990411229813,0.5197167801690183,0.627703558105,0.536897231857444,0.7121942179392142,0.5949670643232249,0.339076027775076,0.5994311077769442,0.4173006339673006,0.359820423855964,0.6511538276244159,0.4569657183958407,0.5796698649829973,0.3551685061095782,0.4754232616741475,0.5050900062073246,0.6273209882755497,0.4874840646087617,0.537037037037037,0.5105368798054999,0.7335562611182418,0.5613710913219808,0.5312480064643715,0.5822988505747125,0.5665908108886649,0.566120530679235,0.5029532875124346,0.3419346514853401,0.4130147982134058,0.5974045235446793,0.4854293889769833,0.4735294117647059,0.4470366507307728,0.5945476668990881,0.6319400145487102,0.5424628556589464,0.5612512283000327
align-dinov2+1b-llama-things+hyp-abl70-218,0.9318266416256366,0.7401916368120712,0.9961089494163424,0.9623492475384756,0.9289508421775172,0.922391485682625,0.89196774448573,0.8305052790346908,0.930677394898042,0.6310660635505668,0.9153924159108764,0.937199189797281,0.983889727733998,0.7876741336430573,0.8681960932801746,0.7490958381970275,0.9164875830078114,0.9469218040646612,0.9543474136332404,0.97432920334576,0.928821053802514,0.6927109673105096,0.628054661167244,0.9401861134317274,0.7504284385318756,0.8312761749508845,0.9947721016256236,0.8160559621777124,0.9427109690582982,0.8291457286432161,0.9243859082094376,0.698052733430092,0.9596846145865754,0.741501976284585,0.9088301220759114,0.8472021805355139,0.9296032336985428,0.8704872744371951,0.8739629929939962,0.9130009775171064,0.7699548135680603,0.7834885879159602,0.7341874422899354,0.9481358043394098,0.7263157894736841,0.8268012037837691,0.8807667902944726,0.824013030111322,0.8273284313725491,0.9662435237987064,0.9430557733025918,0.9618886552636886,0.8497783087137311
align-dinov2+1b-llama-things+hyp-abl70-42,0.917762228743371,0.7617737676479214,0.972754396295544,0.932228645569256,0.7916585206907788,0.9276785714285714,0.9151928828897922,0.8488444568947405,0.9234877184406696,0.5481002741872307,0.9080648069852651,0.9185185185185184,0.983889727733998,0.9163511808184605,0.8823391812865498,0.7307196040274136,0.9104137154966196,0.8960013408368627,0.9293924938440924,0.9785218523155343,0.941499133488084,0.6653700418336728,0.6073717064014701,0.9332824383555666,0.8093903673030465,0.7892316999395038,0.9585312255469324,0.8633208609777797,0.8700696496612537,0.7970472307629793,0.91290729427011,0.6448683904029816,0.9142246420125264,0.8108482523444159,0.8817204301075269,0.8175301401107853,0.9622792278107613,0.9113553113553112,0.7860079981180899,0.787888336307151,0.6228711894005543,0.7349576901815708,0.7090176445112026,0.8838605964363316,0.6663928729386491,0.774374828913257,0.8707636744657846,0.7588265337639875,0.7119918676564976,0.9492677162793556,0.93132106624098,0.945005518129354,0.888872554064186
align-dinov2+1b-llama-things+hyp-abl70-7,0.9773925646587066,0.7546766943291839,0.9805429796274384,0.95578613780413,0.9378442545109212,0.8978798093019721,0.9316661034133152,0.8656395172397694,0.9099198428539746,0.5269305269171375,0.9223057644110276,0.8886910172457504,0.9892182805183256,0.8441945651247976,0.9310550912430724,0.8460381928487695,0.9048175711275026,0.9770003239390996,0.9584847824707236,0.9786222287278572,0.8776968765626335,0.7764576659038901,0.55451432554891,0.933673469387755,0.7738397271464352,0.7967737852795324,0.9635052016703312,0.8745698102869444,0.8783441644427241,0.834646966308868,0.944890002993116,0.6140361525267186,0.959776767259198,0.7509842307940537,0.9257557950144149,0.8185722161088481,0.9367088607594936,0.887766554433221,0.9072464233014692,0.7935595694216383,0.7668516444353936,0.7536410734567859,0.698392161239511,0.9206349206349206,0.6702492325291334,0.7798571048569778,0.8508270676691728,0.8368731237743745,0.8458974543239535,0.9493670886075948,0.8688261819206651,0.8617985878855443,0.8927518148820326
align-dinov2+1b-llama-things+hyp-abl70-local-shuffled-218,0.9695323060286564,0.8264729175992563,0.950882307810342,0.9638728111734663,0.954120952745358,0.9605565844092672,0.930580601326405,0.7647517066725391,0.9003970535885429,0.6408618072779773,0.883371003166612,0.944191231011944,0.9806977718455588,0.715244395514463,0.9047341146956216,0.8520428802588996,0.9013501574501928,0.968421052631579,0.9377205201269914,0.973568281938326,0.9026891912050968,0.8478260869565217,0.7010518721045037,0.9298245614035088,0.8197696769125341,0.8345157666103127,0.9687966501731222,0.9433182655835516,0.9781420765027322,0.8514725613391685,0.9573155693971276,0.6765711104179453,0.967628474706771,0.6408327147580808,0.9802110170531224,0.8558600793364587,0.9120649263721552,0.8977960916960542,0.8457099184252803,0.7992651269573509,0.6853457049171913,0.593087531663383,0.6417942053610367,0.9075889783222928,0.6532728647014362,0.8684157863851418,0.8846819036055877,0.8793260942610288,0.8878047790820819,0.9691570107321412,0.9466281178425108,0.9667430088078852,0.8641532108960928
align-dinov2+1b-llama-things+hyp-abl70-local-shuffled-42,0.9798259360190692,0.7863828626750481,0.987745268262402,0.9699248120300752,0.9330543933054394,0.9501119040901608,0.9250471905551232,0.7169940759766353,0.8844751773049645,0.7268797330775587,0.8847353757474685,0.9402561278747474,0.9806977718455588,0.74026888699479,0.8321379647142083,0.6921266125814604,0.9060201759202005,0.98404432132964,0.9298500611995104,0.973437841346062,0.9258555584582135,0.6656126482213438,0.736285634531711,0.9529732550115296,0.8281758842747005,0.8098629765296432,0.9843501991495331,0.8868106674061687,0.9561263029802084,0.8644812514377733,0.9458414278776104,0.8162756146104898,0.9907188313176662,0.7528409090909092,0.8926694125723251,0.8540915225125753,0.9194851695940388,0.8534887359198998,0.909961320143963,0.8803633466393267,0.8682757046323054,0.7046594982078854,0.772573277502855,0.9411929862050954,0.8923338254220606,0.9329019925005514,0.917503446618484,0.8933336244064837,0.7870559911861318,0.9779692933801006,0.927854590725179,0.9762450062913468,0.8983248277789283
align-dinov2+1b-llama-things+hyp-abl70-local-shuffled-7,0.9720792600638556,0.8142219508215454,0.9306585334889448,0.9224426612750364,0.8988772162186569,0.9438202247191012,0.9350408984811068,0.8252210829616687,0.8782363496539349,0.6234237295510824,0.9062813212945098,0.956187827108148,0.9676360505853592,0.8048596066437279,0.8804491863531475,0.801067665867175,0.9041494390712304,0.9947540586611576,0.7926383013806355,0.9823788546255506,0.8937670245153021,0.7938436922704192,0.7202714419100973,0.9301600395974262,0.7735724949208096,0.8790702051571617,0.9532373181559598,0.8823286051044822,0.9565597675837884,0.8447646174815643,0.9672609819121446,0.7741401960630374,0.9723369755026694,0.7949246241406744,0.935180336045388,0.8574242245547823,0.9260035533840432,0.9093855912068496,0.7952925182972131,0.754809729638105,0.6852741470883728,0.6997580308719233,0.7719797042873966,0.8471354166666667,0.8981860909157672,0.8869664416769655,0.9142263402787,0.8649198477029161,0.778418016364532,0.9823795385700226,0.9372378984541826,0.9714215775641512,0.8908615131425707
align-dinov2+1b-llama-things+hyp-abl70-shuffled-218,0.5607256735065724,0.4505665496329397,0.5382901698691172,0.6723493754435165,0.5666487559041632,0.7028691246198185,0.5076760060443396,0.6017794496825867,0.7677197577344901,0.349457171259117,0.5871326964951751,0.6058429762349136,0.666469893742621,0.5513651168885453,0.7110160871039445,0.4284893882646692,0.7678947809332328,0.5656840513983372,0.4956775960827582,0.6485487831466753,0.6586553907308624,0.5574206734660838,0.3169343131917982,0.6596645459803354,0.4343222470093461,0.5602577071527484,0.6192768084973964,0.5515243162048593,0.6031782568279404,0.5215327881994549,0.397951436067877,0.5173555197709788,0.6251920148638643,0.487273830247402,0.6075254134425732,0.579932947272173,0.7092274057536815,0.5167648141332352,0.5335267049613202,0.5380116959064327,0.5189910795833019,0.5418734886088838,0.4295894657907586,0.3868846153846154,0.4611901332113031,0.6582646224304624,0.4523521703355309,0.5895025427304244,0.4701745993781392,0.6674218103493811,0.5479051980351122,0.5803227679089747,0.4938363663822397
align-dinov2+1b-llama-things+hyp-abl70-shuffled-42,0.6333868650884854,0.448049711718005,0.4976302787005798,0.7931299028142259,0.4733805579983958,0.7504100646806476,0.5593033341428719,0.4541915785114135,0.7862644415917843,0.354651614809286,0.5247232120475642,0.5417413512885999,0.7163149660288594,0.5003090539013626,0.6908762459696116,0.4319604205318491,0.760342252515019,0.5656840513983372,0.5288736087640581,0.6062578319978665,0.6923076923076923,0.572990966249325,0.3454394948420915,0.6011782533649911,0.3488168092549975,0.4765872675692697,0.6150478796169632,0.5375716938458026,0.5959402337304188,0.5636127370282301,0.4361620479734039,0.4579750228602207,0.607313303146873,0.4750235297057329,0.5726299231017865,0.4975708552329121,0.6756848333203014,0.6095104895104895,0.5244131608252748,0.5451121894570943,0.5253464484233715,0.5291983821762534,0.4198190311534001,0.424060606060606,0.5872349085482189,0.6572449673609421,0.5255248637881792,0.4652340862015567,0.489063173205568,0.4743880752381916,0.5251369424102813,0.5731663944837597,0.4996404053612291
align-dinov2+1b-llama-things+hyp-abl70-shuffled-7,0.7205156117688081,0.4286703520826877,0.4813229491815269,0.7593191122602888,0.5971296644288133,0.7352976638170095,0.5543182346109176,0.5078236134485627,0.7832246639298075,0.3448506386122937,0.5645457444869691,0.5902806688699256,0.6987554112554112,0.509652434134606,0.5351223909576313,0.4222348127163991,0.8047899363090634,0.5259028678036448,0.5211143910155966,0.5370056983071372,0.7494056963444718,0.5695343454552587,0.3644502819277775,0.5794591007134562,0.3747213884513656,0.5210464131417305,0.6262320961034961,0.620403509640337,0.5564428540038296,0.3933432687531049,0.6034819883358686,0.5026245895811112,0.5735098578252616,0.4624813388858332,0.5438585083555498,0.5240022405825514,0.6765845385983537,0.6671046497362286,0.507276487092609,0.5640162973563553,0.5012628163313094,0.5418734886088838,0.4537821073713274,0.5198683982683983,0.5123101128325809,0.6136091277143908,0.3757647757647758,0.500056295740289,0.4860774207395271,0.5247972215313864,0.5827818167483038,0.5805058099794942,0.5553821445990894
align-dinov2+1b-llama-things+hyp-abl90-218,0.8122665552642153,0.7729332834045549,0.9694941440208016,0.9029933709391856,0.9336583343171668,0.9467683596936464,0.8583650889791512,0.8764225544655493,0.9000189000189001,0.6003958066706148,0.8506136549931369,0.9429935277785996,0.9683507587242196,0.8189181426853144,0.9354703882458502,0.8291859140129779,0.7539810464528054,0.8771780997798971,0.9439070327270924,0.9412892561983472,0.8448127624260202,0.8452591245983666,0.695035899655286,0.9458589280723668,0.845726008608876,0.8559781933013403,0.9610225699475192,0.8999767580405158,0.9674220106751404,0.7481941955626166,0.7830777429452668,0.507858855271133,0.938576936382173,0.800570868976641,0.9061853639318428,0.7801935415535157,0.8798171835378787,0.950434395188238,0.876021768508711,0.8925847536296461,0.6199842643587726,0.5370962305161973,0.7307208733939254,0.8293655085266728,0.583807146094441,0.8281464914733017,0.8176720437774552,0.7192594963822482,0.7075025344578417,0.9538516161629956,0.8337950682778269,0.9386106279507296,0.8117050011778629
align-dinov2+1b-llama-things+hyp-abl90-42,0.9009854034657936,0.752653078678026,0.9732413104883456,0.8887596501012709,0.9544561992819502,0.8981501114493442,0.9245618284525542,0.8195362939052024,0.9213564213564216,0.6739983098314,0.8771837735180267,0.9329071139970092,0.933083770063033,0.8599986175433747,0.9090711141663278,0.900240024358529,0.8179436084049628,0.8802200704225353,0.9326696492606128,0.9709090909090908,0.824183865612187,0.7929392446633826,0.5481232220911677,0.946221297883702,0.8791830583871272,0.8018670580234099,0.9950837370052952,0.8397782591403674,0.9535377119462436,0.7743094226863346,0.894945793250878,0.5317506065240726,0.9630269697690444,0.8259244554759168,0.88272515215701,0.731369721183892,0.9306334006820264,0.9242265208254756,0.8353965089706813,0.8691282539450077,0.7690818647348744,0.8053207176833058,0.6977025590712125,0.886852227230378,0.6851326069709872,0.8885054878604782,0.8342539629270117,0.7298722123386061,0.7208389542726892,0.9538516161629956,0.911772895616115,0.9536545483859236,0.8399826708750944
align-dinov2+1b-llama-things+hyp-abl90-7,0.8646809731266222,0.6910648392198208,0.9923664122137404,0.9370560056949916,0.8833129932470913,0.9206507808101516,0.7980595951447819,0.7962979549186445,0.8580955175702443,0.6248227814136,0.8083168516874447,0.92619782539671,0.9683507587242196,0.80306905370844,0.9402985074626866,0.8422459955653271,0.8421068092329251,0.888343727072634,0.9363475514259436,0.9413946984678692,0.7390246138714544,0.6992932782406466,0.6667319861196163,0.9081248819181744,0.6811522604612095,0.8015697615603476,0.9611452269600808,0.8360184867592907,0.8099366047323036,0.6161650460462005,0.8648307860978384,0.4866815586994291,0.9213030714241368,0.8067319581362254,0.8870360408821946,0.7750923645320197,0.900971817298348,0.9291036116701248,0.8432347704482679,0.7636351028050345,0.6290692404622397,0.6560085814561398,0.6848696869767245,0.8673978184862012,0.7023441257851739,0.8080048606364395,0.7936904842687473,0.5900349898491893,0.6098905820109048,0.9653810283512284,0.8515404844010914,0.921580496107492,0.7943227372549244
align-dinov2+1b-llama-things+hyp-abl90-local-shuffled-218,0.8896353441772338,0.7536394156112466,0.9160311836637732,0.8876233376233376,0.959809399521915,0.8926086190760687,0.8410220191109264,0.9010558029242142,0.8118730163730441,0.7785248302489682,0.8673799717434273,0.9612306064356414,0.9174589381807748,0.7981042537970021,0.9152737920575046,0.8315830878309106,0.7864736473061592,0.9311830574488804,0.9556288599336594,0.9652879258260424,0.7991110087607604,0.8478227568469681,0.7864437797717958,0.863755612155144,0.8249527410207939,0.7566251603592313,0.9416538659281666,0.899870703980312,0.8932781256347687,0.788780541037723,0.9781659388646288,0.6961275574455659,0.8780330429762451,0.7964850045407873,0.9505559059554116,0.796599848589579,0.9173584109062928,0.913395533524519,0.8908615044732154,0.8807737858817977,0.673860039065131,0.7896713126864683,0.7459546246955622,0.9525371969151962,0.8007549254416965,0.8586983637831096,0.8009689098028321,0.8061813417358052,0.7028488448473547,0.9645520817230818,0.9436545949204176,0.9543250588941076,0.8986208811551277
align-dinov2+1b-llama-things+hyp-abl90-local-shuffled-42,0.9594188344188344,0.7224940963542787,0.952145685550481,0.924138674777016,0.9357116493899544,0.9290627260924292,0.8961289888168759,0.8649805742602628,0.945185355924948,0.7964516071714138,0.8941226947540495,0.9541314478108346,0.9664012887446036,0.8795720385102419,0.8545450438239812,0.867916097486244,0.862693962747261,0.980844155844156,0.8948817031901413,0.984641173003242,0.8634020082360931,0.6745782952679504,0.8034467844340818,0.9130813907723364,0.8762222878639404,0.8974253326650299,0.9560794275714044,0.9498913384804608,0.9645756405620528,0.5931086133811292,0.9571918428237272,0.631,0.9738605386456112,0.6872393661384487,0.9503618709424484,0.8426980999941095,0.9203796695188726,0.9181167496257095,0.9415097731462212,0.8661557763854794,0.677931615273174,0.6361812741861701,0.7790644533419273,0.9483353449990806,0.943907724105744,0.8187905844155844,0.9422829261214196,0.7163387856124167,0.9220009192215972,0.9763779527559056,0.9234145400567356,0.972351401465507,0.8918622664683409
align-dinov2+1b-llama-things+hyp-abl90-local-shuffled-7,0.9199703438708068,0.8261652193392808,0.9039868029790692,0.9084267633750982,0.9477598258550948,0.9121343246986018,0.8756702934459046,0.9011857707509882,0.8882904207526205,0.826976332016394,0.8887702988815843,0.9436200432563128,0.9066549876640536,0.8252224268206002,0.9025164645020038,0.8304426167439867,0.8369532679392435,0.9508450410349144,0.9519082151107602,0.8773626373626373,0.8044488914829947,0.7944581979282175,0.8086314390162845,0.940977902534676,0.8892415791694959,0.7679771413567473,0.927296322210192,0.9635665072174828,0.9307659932659934,0.7628188804659393,0.980222042155098,0.718050193050193,0.8558572326082896,0.8316261719931444,0.937188193809586,0.814695108812756,0.906636693614915,0.9002995143011332,0.9300035218887508,0.8398855067091469,0.686622037937649,0.7724392466770114,0.725938752383143,0.9409834155070552,0.6995884773662551,0.7756421838955279,0.8507307912952166,0.8209806677363052,0.7229195522324222,0.9684961182123693,0.946019584081868,0.945810790190152,0.8306479556479556
align-dinov2+1b-llama-things+hyp-abl90-shuffled-218,0.7480813778963405,0.4688805346700083,0.4603644603866985,0.0363684854569985,0.5670140316057435,0.7190857631421923,0.2714311878065159,0.5250116877045348,0.7052796001249609,0.3724903459812704,0.5440973124162015,0.5055285834044599,0.5220467890892356,0.4825125107851596,0.1315525162944759,0.4688644688644688,0.724584127160661,0.5386723441423737,0.5236508305562014,0.5176550558495003,0.138474813232454,0.4199468572475719,0.5478124360111938,0.5709865709865709,0.5292808452144704,0.5169974910875808,0.1905929737653412,0.239344640638844,0.2178318135764944,0.3917774296721086,0.6263351421179937,0.5689731020613373,0.4430117202475947,0.5084396704894202,0.5687520238883301,0.4794793613178109,0.5993363674912157,0.5469793914375958,0.3116815086432687,0.4726715154146765,0.521875,0.5885956140447272,0.4975961538461538,0.30328502332632,0.4750291703528453,0.6032151178447236,0.4151279373049177,0.5953830435812486,0.3882947833012544,0.3821160597508088,0.4963293750669166,0.4535837258780703,0.3826853927831126
align-dinov2+1b-llama-things+hyp-abl90-shuffled-42,0.3271599838569869,0.4444996043530194,0.5238953429481935,0.4480924551841881,0.4844367010948513,0.7454769280856237,0.4880215654183114,0.4639610389610389,0.7781484894886956,0.4147230762200597,0.5707094187535973,0.5137956366438333,0.6647961092405537,0.5098890332287962,0.651090726762932,0.4688644688644688,0.444752880242045,0.5970918195387357,0.5283139182918504,0.4435107376283846,0.5327084078711986,0.6285647498831229,0.3922114751607839,0.6287738363395636,0.5283459595959596,0.5545273631840797,0.4881715506715507,0.5650250506728002,0.6398204264870931,0.3683593262632563,0.2590976869409814,0.4916932196004862,0.5107262452290696,0.4809192513970671,0.6792256313189271,0.494088739147663,0.6371715702795152,0.5450529810951211,0.5157968745006551,0.603235119928931,0.511347056271935,0.5032802913564465,0.56226682009567,0.4383660769202937,0.5350086268303121,0.7236710837910012,0.5006895708042068,0.2881827704774471,0.5016890208577186,0.4903290747193186,0.554071714449073,0.4450416908348998,0.4267874995968652
align-dinov2+1b-llama-things+hyp-abl90-shuffled-7,0.6968604944105539,0.4782218704656378,0.6610779236919507,0.7535227712527529,0.5856311232627022,0.6807668521954237,0.4861621621621622,0.3819714532043299,0.7891179839633449,0.4647467449192,0.5267921656167461,0.5551525297619047,0.7382865094023254,0.531578947368421,0.6838832318383714,0.5097438584470284,0.556525284960033,0.5652769048117885,0.6638454785035822,0.5719881026003476,0.4274152292254213,0.6132501234045554,0.4038157734840199,0.6523437514926071,0.5229467325430769,0.3532517660767605,0.6977551930865875,0.4038919457135597,0.6651916959651766,0.4311275333109394,0.4324387613636015,0.5530128420937532,0.5597096484789169,0.4958648843013664,0.553999327001478,0.5416840726039539,0.6269153542573193,0.5390307328605202,0.5610719818367692,0.550327812284334,0.5691456903127384,0.5261179791101731,0.5554792211507028,0.5874483257979507,0.5768486901912294,0.6346988428039855,0.5228923356976015,0.3209168831404709,0.5262260611990076,0.5008335317932842,0.536032761096807,0.54631161154888,0.4868265404922118
align-dinov2+1b-llama-things-218,0.646345770430539,0.4367356010376605,0.8684740682930433,0.8900027847396269,0.6335768471474812,0.9364797611147976,0.4680868769243571,0.681791332792074,0.9462822905536832,0.680794945940945,0.6551976890543256,0.891810774684278,0.949058226893992,0.736334337070411,0.8701215609026953,0.909605028330567,0.4843037345098831,0.8236330812207823,0.9495087817227016,0.952419373987871,0.9106334594275468,0.7268864661901783,0.3748395985184871,0.922285470761925,0.5911249667726269,0.4786628167579201,0.9817555533151864,0.5909494578299592,0.9162726674247412,0.8253171121133758,0.6288414876894379,0.566753774680604,0.8836897120351064,0.7550503634375645,0.8993005652965412,0.6414713022444632,0.8533251733986129,0.8791745067063784,0.8492820507719903,0.8676642905966214,0.80035172380678,0.5601851851851851,0.7997280601642437,0.8018651214998637,0.6161511262764879,0.8599482228931616,0.6379821992436976,0.7767556976859302,0.7683115031631471,0.9702602230483272,0.7843184785016638,0.8905088721664809,0.7294156352002068
align-dinov2+1b-llama-things-42,0.7664354668179296,0.6364604172715473,0.9565131514350236,0.9171390013495276,0.725506551727193,0.9313867438867436,0.6895921961793794,0.7492559300831552,0.94097549492583,0.7538101553115681,0.6694070998095266,0.9118243531115972,0.965753636296068,0.837629252988681,0.9266393989253476,0.921606821694736,0.6398534218067714,0.9694748858447488,0.949486309148838,0.9659388445088432,0.9154388478750688,0.7258056157728185,0.6633913054840521,0.911052615198636,0.9136976996870178,0.6366687499692426,0.9817555533151864,0.6449551630711065,0.9726817984175702,0.8407214893040821,0.8813557456714632,0.755601824310926,0.7916906149154652,0.7841540851491238,0.9043447396866884,0.8207856021081857,0.93188096929513,0.9263848352640288,0.9368802302461756,0.8361940802811191,0.8295217796034162,0.6233913469787964,0.8211623964470918,0.9305389509873354,0.8185987356450828,0.9021911966888078,0.7073519938302409,0.813725408327621,0.7043296273792518,0.9064691123222516,0.8416207272652797,0.9561207432858974,0.7791867757116171
align-dinov2+1b-llama-things-7,0.6968000142942663,0.4360722610722611,0.8022278814653874,0.8198065256599442,0.8656885965268033,0.9422649370299012,0.4680868769243571,0.6454234920391917,0.9045701244654124,0.5940565918613326,0.7518575864045743,0.9543110797542408,0.978339424795616,0.4061706400857462,0.861950692803607,0.7856132463402599,0.4276994869500221,0.8935855263157895,0.9241099725201136,0.8713820337634134,0.9058684943242664,0.8269782987337005,0.2870209839817129,0.9479514170040484,0.5307581020764449,0.5092085949602082,0.9772239218670248,0.6639563830079274,0.8241479898910286,0.6757035861554923,0.5744404439904328,0.488166450762772,0.7819984848051689,0.6450213897854244,0.8996331289721563,0.6343998708122519,0.9039375497301132,0.682963156393108,0.9108330685955868,0.8743304445065697,0.6815878378378378,0.6370625465376024,0.6118598872355266,0.8223214849964873,0.6554831232797335,0.7933278509213946,0.227530135102338,0.5991024558212058,0.5748222070417561,0.921792640463944,0.8297803604047808,0.9215022197501108,0.4194054147594231
align-dinov2+1b-things+hyp-abl10-218,1.0,0.7581855886905978,1.0,0.9007246376811596,0.980703246429514,0.9571557971014492,0.9487179487179488,0.8513535684987695,0.9375,0.6179966044142614,0.948051948051948,0.9535104895104896,0.9732426303854876,0.96,0.8907161803713527,0.8757347156014255,0.982783924136374,1.0,0.9023668639053254,0.981000481000481,0.8272058823529411,0.8181818181818182,0.8397736143637783,0.9744997624201468,0.9104573073233132,0.884506041222459,0.9812017245101932,0.9562373955632384,0.975580668150152,0.8226363008971704,0.98857535316348,0.7003011069471222,0.8921146953405017,0.744747899159664,0.9719729699789522,0.8768990720210232,1.0,1.0,0.9383116883116884,0.9020546017450042,0.8289562289562289,0.9320574162679426,0.7799629596966223,0.9657285327924272,0.8449754901960784,1.0,0.875,0.9804029304029304,0.7629629629629631,1.0,1.0,1.0,0.8691358024691357
align-dinov2+1b-things+hyp-abl10-218-random,0.9929804688840832,0.7142857142857143,0.9740080307413324,0.7474120082815735,0.980703246429514,0.9784333111075344,0.9733848241310928,0.8877190026954177,0.9676243567753,0.7181964573268921,0.9352480764432114,0.890724369969653,1.0,0.9197435897435896,0.7164835164835165,0.7583055198973043,0.9718602967788634,1.0,0.8447115384615385,0.9615384615384616,0.8272058823529411,0.8787878787878788,0.8551246168199386,0.9741785308287771,0.8177083333333333,0.9529411764705884,0.882210242587601,0.9665399453690404,0.8233555062823356,0.8260869565217391,0.9117662190667284,0.6443946699062298,0.754978354978355,0.65359477124183,1.0,0.924364569961489,1.0,0.9255747126436782,0.9393939393939394,0.8628803245436105,0.7960222378827029,0.8600000000000001,0.8917850656981091,0.880575435552664,0.8134164222873901,1.0,0.725007313149042,0.9523364232666558,0.8635854341736695,0.940216780409474,0.9649122807017544,1.0,0.7810846560846559
align-dinov2+1b-things+hyp-abl10-42,1.0,0.7866343429622923,1.0,0.8014492753623188,0.9415706244974538,0.9784333111075344,0.9751479289940828,0.8513535684987695,0.9676243567753,0.7799119647859143,0.9870496152886422,0.9537574177804892,0.9490783410138248,0.9466666666666668,0.8907161803713527,0.8757347156014255,0.9886363636363636,1.0,0.9223557692307692,1.0,0.8272058823529411,0.8118686868686869,0.8244497314409532,0.9487179487179488,0.9462743843939878,0.9545454545454546,0.9812017245101932,0.9669819498405944,0.975609756097561,0.9133747412008282,1.0,0.7578129563642736,0.9483333333333336,0.762754897506481,0.9460446247464503,0.8506432591798446,1.0,1.0,0.9063333026932624,0.8628803245436105,0.7960222378827029,0.9320574162679426,0.8417906329754213,1.0,0.8915653402112502,1.0,0.7894813519813519,1.0,0.8103703703703704,1.0,1.0,1.0,0.8035838725734196
align-dinov2+1b-things+hyp-abl10-42-random,0.973257161781752,0.7575890123348789,1.0,0.8352067868504772,0.9612430580172516,0.955648291925466,0.9119286510590856,0.8513535684987695,1.0,0.7126436781609194,0.7811623519386076,0.9378017693807168,1.0,0.933357053904999,0.793858022401899,0.6567627494456764,0.961928335690712,1.0,0.749198717948718,0.941518987341772,0.8272058823529411,0.7845532593572907,0.8705317872850861,0.9744997624201468,0.9642401021711366,0.8181818181818182,0.7819293117193729,0.9669819498405944,0.8758247460894062,0.8915642609111514,0.9330136549598852,0.6182019977802442,0.771875,0.7372549019607844,1.0,0.9502144197266148,1.0,0.8824771287825475,0.9063333026932624,0.9373249299719888,0.7960222378827029,0.8629310344827588,0.9130434782608696,0.8976707559681698,0.8134164222873901,0.911525974025974,0.8072616407982262,0.9537338239928436,0.7271708683473389,0.940216780409474,0.9824778463325032,0.9362304362304364,0.8012759170653908
align-dinov2+1b-things+hyp-abl10-7,1.0,0.8294138294138295,1.0,1.0,0.9612430580172516,0.9112965838509316,0.9487179487179488,0.8513535684987695,0.9676243567753,0.6940024479804161,0.9485209235209237,0.9225174825174826,0.9490783410138248,0.959971474416117,0.9196067090803932,0.8757347156014255,0.9776925262858766,1.0,0.8613119434014956,0.981000481000481,0.8272058823529411,0.8745791245791246,0.8705317872850861,0.9744997624201468,1.0,0.9769012082444918,0.9812017245101932,0.9669819498405944,1.0,0.9783128521822302,1.0,0.7840419129880705,0.9238498789346248,0.7872899159663864,1.0,0.7953462293243623,1.0,0.8824771287825475,0.969460458240946,0.8628803245436105,0.8289562289562289,0.9111111111111112,0.7713884992987378,1.0,0.8915709167284409,1.0,0.9157848324514992,0.9804029304029304,0.9090569561157796,1.0,0.9824778463325032,1.0,0.8257777777777777
align-dinov2+1b-things+hyp-abl10-7-random,1.0,0.785233137958184,1.0,0.7474120082815735,0.980703246429514,0.9571557971014492,0.9443438914027148,0.8327606502051452,0.9676243567753,0.7799119647859143,0.8716056670602125,0.9378017693807168,0.9732426303854876,0.9332147304750044,0.8603581966650656,0.901341463414634,0.9723578653644924,1.0,0.7730227518959913,0.9430014430014432,0.8272058823529411,0.8815426997245179,0.8381647341063574,0.9744997624201468,0.87399549983928,0.9327759197324416,0.821578527770396,0.9778463679294164,0.8233555062823356,0.9133747412008282,0.98857535316348,0.7174484490916525,0.7346153846153847,0.762754897506481,0.9460446247464503,0.7230527143981117,1.0,0.8824771287825475,0.9383116883116884,0.8628803245436105,0.8289562289562289,0.8384909786768726,0.8679777758179733,0.948701250958438,0.665023949889462,0.9043560606060608,0.8327536231884057,0.9608058608058608,0.8610632183908046,1.0,1.0,1.0,0.803116883116883
align-dinov2+1b-things+hyp-abl10-local-shuffled-218,0.9862740565219904,0.7665071770334928,1.0,1.0,0.8719028340080971,1.0,0.9519713261648748,1.0,0.9695093348344122,0.7796610169491526,0.9326538800223012,0.8440000000000001,1.0,0.9030586747442606,1.0,0.8821178821178821,0.9942980004107632,1.0,1.0,0.9769777660987752,0.9742665742665744,0.953168044077135,0.8381013061484549,0.8635854341736695,0.9276299206761064,0.9798602180598266,1.0,0.9783158383904652,1.0,0.9586309523809524,1.0,0.831667839549613,1.0,0.8425226874094409,1.0,0.7190482348377085,0.8928756253234431,0.8888888888888888,0.8272972972972973,0.9452214452214454,1.0,0.9156831890899552,0.7208391608391608,0.930438596491228,0.8565491726427286,0.9444579189910258,0.9310344827586208,0.9536119988608676,0.8929425837320574,1.0,1.0,1.0,0.984637420350001
align-dinov2+1b-things+hyp-abl10-local-shuffled-42,0.9862740565219904,0.7183014354066987,1.0,1.0,0.7453088388760903,1.0,0.9519713261648748,0.941074611662847,0.9363083164300204,0.7415961072007857,0.8798679968832598,0.8636461347664324,1.0,0.8658092028337574,0.971753282577513,0.9421768707482991,0.954969093017376,1.0,1.0,1.0,0.8754636989931107,0.825740239927883,0.8517562515686714,0.8610632183908046,0.9276299206761064,0.9798602180598266,1.0,0.9676703532772276,0.973629194938566,0.9586309523809524,1.0,0.73798551678736,1.0,0.8177304964539006,1.0,0.825080325080325,0.8928756253234431,0.8576998050682261,0.8272972972972973,1.0,0.8546296296296296,1.0,0.833015873015873,0.9477650169379492,0.9361731458505652,0.9730227207362668,0.9317032392894464,0.9454545454545454,0.7454350161117078,0.97903981264637,0.9796260642621828,1.0,0.9067026540710752
align-dinov2+1b-things+hyp-abl10-local-shuffled-7,1.0,0.7831342314100934,1.0,1.0,0.8153277931671283,0.945945945945946,0.9755368814192342,0.8967242368236569,1.0,0.7777422449632236,0.877926606958865,0.8824448217317488,1.0,0.921865889212828,1.0,0.9125138427464008,0.967020945987942,1.0,0.956439393939394,1.0,1.0,0.9284745105640628,0.877878859068558,0.9102880658436214,0.9276299206761064,0.9798602180598266,1.0,0.9890871933425124,0.973629194938566,0.9175485008818342,1.0,0.73798551678736,1.0,0.8425226874094409,1.0,0.7190482348377085,0.8928756253234431,0.92088712346905,0.858246001103144,0.973570019723866,1.0,1.0,0.8032,0.84298110453329,0.8403950517409917,0.9444579189910258,0.9657285327924272,0.954252729532359,0.9202180928007122,1.0,0.9796260642621828,1.0,0.9537574177804892
align-dinov2+1b-things+hyp-abl10-shuffled-218,0.7815606788926789,0.2849838333709301,0.8087256027554535,0.8526315789473684,0.367891156462585,0.743612596553773,0.6375227686703097,0.2949039264828738,0.6428571428571428,0.266304347826087,0.5282028782028783,0.6016511867905057,0.8851851851851852,0.5016351981860201,0.5072681704260652,0.4445964432284541,0.7244726238549188,0.8499999999999999,0.7085714285714286,0.7445887445887446,0.8474984930681133,0.5835010060362174,0.3938746438746439,0.4394366197183099,0.2849002849002849,0.6126923887834704,0.6764132553606237,0.5504759631165885,0.3710144927536232,0.4067163035818243,0.69524926686217,0.4067154248240767,0.6112104949314252,0.2745098039215686,0.7756410256410255,0.5025520876914066,0.7884373690825304,0.6666666666666667,0.745063213074314,0.6576112412177986,0.7184121920964026,0.4807692307692308,0.5203616636528029,0.6139127120259196,0.5237712689348707,0.634920634920635,0.4857724957555178,0.4606274572735296,0.3542372881355932,0.5755102040816326,0.4906882080085828,0.6869772998805257,0.5782191327375041
align-dinov2+1b-things+hyp-abl10-shuffled-42,0.7047187724407125,0.2631072631072631,0.8633754305396095,0.8526315789473684,0.3488957226726306,0.6862222222222223,0.7071702244116037,0.3505695218023985,0.6428571428571428,0.266304347826087,0.4597402597402597,0.5313283208020051,0.9375,0.544823280911944,0.5072681704260652,0.4928478781124975,0.6911015742841509,0.752,0.644564824846515,0.7377398720682303,0.8595238095238096,0.6178053830227744,0.3962634067581593,0.4728778467908903,0.4266619560737208,0.4739960500329164,0.5614035087719298,0.3013142174432496,0.4067488643737832,0.4269972451790633,0.6829987106281082,0.3220575901593513,0.6112104949314252,0.3330462085637278,0.7756410256410255,0.6566145092460882,0.7652329749103942,0.6666666666666667,0.5033594624860023,0.7336976320582879,0.6530825496342737,0.4707792207792208,0.544686617730096,0.3400673400673401,0.3147334331029131,0.6470971950424005,0.412,0.4362414072743533,0.3666666666666666,0.478021978021978,0.377507809788268,0.7038123167155425,0.4983695652173913
align-dinov2+1b-things+hyp-abl10-shuffled-7,0.6838078929388771,0.3461743875536979,0.8087256027554535,0.8526315789473684,0.527695272162073,0.8033670033670033,0.6111111111111112,0.2216117216117216,0.6428571428571428,0.2573529411764706,0.4074653117060778,0.4887218045112782,0.8563218390804597,0.5154570409707792,0.6640211640211641,0.4928478781124975,0.7279849683994761,0.965925925925926,0.6769230769230768,0.7080213903743315,0.8474984930681133,0.5835010060362174,0.378698224852071,0.4394366197183099,0.2765752765752766,0.4931626928471248,0.6071030418856506,0.5489076901757658,0.3502487562189054,0.2999518999518999,0.7216191904047976,0.3220575901593513,0.7084078711985687,0.2925278219395866,1.0,0.6787859287859288,0.8898356664637858,0.6666666666666667,0.6213099054836158,0.870607553366174,0.8209366391184573,0.568421052631579,0.4898765432098765,0.6347171347171348,0.5768799102132436,0.6224010731052985,0.5882110682110682,0.4816560866318147,0.461128526645768,0.696739326247523,0.354020979020979,0.6869772998805257,0.6515723270440251
align-dinov2+1b-things+hyp-abl10cat-218,0.8431655406960228,0.8869047619047619,1.0,0.863157894736842,0.1468232128661407,0.9493849566444847,0.3094791047732224,0.7814474195653928,0.9365164460067452,0.8793797325907418,0.6117048738200732,0.7742516262293062,0.9407838070628768,0.8701298701298701,1.0,0.9369471108601544,0.939585768263608,1.0,0.9908256880733946,0.6748076728969091,1.0,0.3668518090400957,0.8868891793946816,0.9204987914521788,0.8850031505986138,0.9020453104667844,0.9782608695652174,0.5309597095311381,0.9856286441652294,0.9040816326530612,0.951219512195122,0.8030461468515572,1.0,0.9130434782608696,0.7904936836975672,0.3903714514473118,0.9509572901325478,0.5838776608007377,0.981132075471698,0.8807488807488807,0.8731257208765859,0.7756410256410257,0.422191613100704,0.8448008145602647,0.7919705072111489,0.9491124260355028,0.9387480798771122,0.9151577696469336,0.9569273829886488,1.0,0.9894736842105264,1.0,0.8122352941176469
align-dinov2+1b-things+hyp-abl10cat-218-random,0.7365468823508124,0.8488155873554855,1.0,0.9615384615384616,0.1468232128661407,0.9135422826729748,0.2029773462783171,0.5400696864111498,0.964590572930589,0.7605855855855856,0.0548236041136649,0.3351313413431863,0.9626639264043844,0.908683321162305,1.0,0.9682539682539684,0.8461414118806372,0.5488546974719241,1.0,0.1427843803056027,0.9904761904761904,0.2850407489728565,0.8249305350215346,0.3668260898980489,0.7943217969729105,0.8927907389458453,0.9555555555555556,0.0310162487944309,0.9838268398268396,0.830316742081448,0.8487699585599001,0.5717680639915032,0.9772727272727272,0.9066143619919363,0.3414728019158399,0.1860807564132372,0.8971336107258436,0.2646520146520146,1.0,0.5142857142857143,0.5504945340968246,0.7561374795417348,0.1720005484711367,0.1537123978438532,0.3832291666666667,0.9672982190223568,0.8916232494549755,0.8382701047293262,0.9209257683833956,0.9892473118279568,0.9565217391304348,1.0,0.7832941176470588
align-dinov2+1b-things+hyp-abl10cat-42,0.9674538981856676,0.9256299256299256,1.0,0.9411764705882352,0.1468232128661407,0.9658630842841368,0.2171604621309371,0.8170604452613168,0.9767441860465116,0.857861745240386,0.5280854019168835,0.7840033566685539,0.9201147650661314,0.8711237741849986,1.0,0.9555822328931572,0.9662013267748034,0.9069595170191488,1.0,0.5141478085457546,1.0,0.3064414562787002,0.8561018591946428,0.9211080650904582,0.7891022021456805,0.8585098928964666,0.9892473118279568,0.3902631142979512,0.9856286441652294,0.8866248693834902,0.9340235128969996,0.7624626948159612,1.0,0.8992094861660079,0.8100113115960333,0.2456257328765548,0.9360119047619048,0.5369879162982611,0.981132075471698,0.8559106218680687,0.6856510346073913,0.7966259093019656,0.2800728745723949,0.6489123731054913,0.7649796069707082,0.9384615384615383,0.9535528211949894,0.9021051188233852,0.9322033898305084,1.0,0.9787234042553192,0.9885057471264368,0.8154095057846699
align-dinov2+1b-things+hyp-abl10cat-42-random,0.6964494307479059,0.9256299256299256,0.9814814814814816,0.9714285714285714,0.1468232128661407,0.9156415944074744,0.244739898092191,0.4904959904959905,0.9502409386130318,0.7246353496353496,0.0408723710733662,0.2847028439764698,0.9743265993265994,0.8577200577200578,1.0,0.9221674876847292,0.8942682730337661,0.4334975369458128,0.9908256880733946,0.1427843803056027,1.0,0.3612699298098824,0.7924674018463306,0.3949671525692468,0.6878386514148103,0.895335493188649,0.9892473118279568,0.0114622802549909,0.941445955619184,0.7162883845126835,0.8853480505607975,0.6153762091799958,0.9655172413793104,0.932806324110672,0.2892892892892893,0.1860807564132372,0.8971336107258436,0.2646520146520146,0.9615384615384616,0.4727624478159047,0.6286693977321595,0.7692307692307693,0.1720005484711367,0.1559940002307603,0.3633333333333333,1.0,0.9387480798771122,0.8707245567499653,0.9093437635810516,0.967032967032967,0.967741935483871,1.0,0.8181718968579167
align-dinov2+1b-things+hyp-abl10cat-7,0.9357972385614194,0.8615332657885849,1.0,0.9514563106796116,0.2470673175462947,0.9658630842841368,0.2029773462783171,0.8791773010507921,0.9114617940199335,0.7954711468224982,0.661697794947856,0.621420456057819,0.9303385416666666,0.8304118821585663,1.0,0.9153619242114818,0.9096929570013462,0.9538517975055026,1.0,0.7189904586026469,1.0,0.2850407489728565,0.8245152747564553,0.9096996101811512,0.7834520412160163,0.9387596564671356,0.9892473118279568,0.0548916847608708,0.9856286441652294,0.8685714285714287,0.975609756097561,0.7402548575420007,1.0,0.8992094861660079,0.8380749170222854,0.4665384752341274,1.0,0.5369879162982611,0.9906542056074764,0.8559106218680687,0.8684744715590662,0.7966259093019656,0.2573550522954325,0.1689608231079279,0.4530740037950663,0.9434965034965036,0.9241847666998418,0.914910464567215,0.9322033898305084,1.0,1.0,1.0,0.8262849599867997
align-dinov2+1b-things+hyp-abl10cat-7-random,0.7872735947237404,0.8488155873554855,0.9622641509433962,0.9615384615384616,0.3664678999461352,0.9172627308636704,0.231078431372549,0.4082145217637617,0.9253614079195476,0.8525752287220177,0.0408723710733662,0.3320888369301165,0.9515262515262516,0.7818349122696949,1.0,0.9117259552042162,0.8811137624644861,0.7200350424646534,0.9814814814814816,0.1427843803056027,0.9708737864077672,0.2850407489728565,0.8251923681554169,0.5479292459699554,0.7943217969729105,0.7573422757532765,0.9892473118279568,0.0163893855966138,0.9514805194805196,0.7497249724972497,0.8445223917122113,0.580782144973336,0.9655172413793104,0.9139087172831496,0.2892892892892893,0.1860807564132372,0.8333333333333333,0.2646520146520146,1.0,0.4805781391147244,0.646984631690514,0.7692307692307693,0.184793388429752,0.1559940002307603,0.3013050919982883,0.8153846153846154,0.8196293754289637,0.8444821731748727,0.841701311160857,1.0,0.967741935483871,1.0,0.7223413503332367
align-dinov2+1b-things+hyp-abl10cat-local-shuffled-218,0.9623941901303648,0.871301247771836,1.0,0.9504950495049505,0.1755362256199686,0.9387480798771122,0.456146094801557,0.6563436563436563,0.9551085004717412,0.91738559404301,0.7490702169045069,0.5778360382932751,0.8869047619047619,0.929160250022647,1.0,0.948013524936602,0.9133219461697724,0.9906729568593358,0.9917355371900828,0.2407629518574046,0.9830508474576272,0.3222818791946309,0.9148936170212766,0.6944745395449621,0.7664646464646465,0.9550045913682278,1.0,0.742467172455292,0.9227770280401858,0.9693366708385482,0.930442637759711,0.6707516577125986,1.0,0.8840954846131722,0.8058755871908172,0.4293272864701436,0.8545454545454546,0.8447654346664677,0.9917355371900828,0.9259243909346484,0.8321839080459771,0.8952764637982935,0.2514131967724782,0.5843759726112667,0.8623373297849963,0.9149162846614732,0.902136016593848,0.8968724279835392,0.8930521091811415,1.0,0.9896907216494844,0.9928057553956836,0.8445193351230936
align-dinov2+1b-things+hyp-abl10cat-local-shuffled-42,0.9936495544768912,0.8296846011131725,1.0,0.94,0.1755362256199686,0.967741935483871,0.5653442171749844,0.861991851239163,0.9376346923516736,0.8449931412894376,0.8236526382502212,0.5531395886781343,0.9256299256299256,0.9151507869758502,1.0,0.9323565323565324,0.946226911386486,1.0,1.0,0.876621434712721,0.9655172413793104,0.3222818791946309,0.9147775628626692,0.9468024900962084,0.8015046296296295,0.955790601151426,1.0,0.757982844493636,0.9227770280401858,0.8401360544217686,0.8825396825396825,0.7174024539393221,1.0,0.8840954846131722,0.8243636265059774,0.3797774602942863,0.9333333333333332,0.8273156357344161,0.9917355371900828,0.907723118003492,0.8460455486542443,0.8407419183889773,0.5716302748626908,0.8448008145602647,0.8868128787388669,0.9855014602047985,0.8674800776250051,0.94765353588883,0.8930521091811415,1.0,0.9896907216494844,0.9705882352941176,0.8186058909769425
align-dinov2+1b-things+hyp-abl10cat-local-shuffled-7,0.9748063415033388,0.8812003530450132,1.0,0.9904761904761904,0.1755362256199686,0.9373069326986376,0.8010775346929356,0.9371666171666172,0.9393939393939394,0.9040499153493504,0.7986783251086214,0.670052863534355,0.8869047619047619,0.929160250022647,1.0,0.9171708441371365,0.9062736484735396,0.9906335766122204,1.0,0.8503611971104231,0.9915966386554622,0.344074844074844,0.9255572240876035,0.9147392290249432,0.7664646464646465,0.9405580413983774,1.0,0.7637383332360531,0.9367283950617284,0.923963133640553,0.8825396825396825,0.809215692714694,1.0,0.9016393442622952,0.7541007348264941,0.5383427990353031,0.9194823867721064,0.8636516059540401,1.0,0.8793843383120313,0.8180538302277433,0.8726166328600404,0.3771233418330802,0.5768876318125258,0.8705215653851455,1.0,0.8879807692307693,0.9182728611407714,0.9086691086691088,1.0,1.0,0.9928057553956836,0.8186058909769425
align-dinov2+1b-things+hyp-abl10cat-shuffled-218,0.6448209547128039,0.7442244224422443,0.9591836734693876,0.9894736842105264,0.2190842961061189,0.7861111111111112,0.1666666666666666,0.2975672877846791,0.7076127651987877,0.588034188034188,0.0678759939062953,0.1818483464557793,0.8438390877415268,0.7173668417104275,0.991304347826087,0.8507209499575912,0.7521365224402042,0.3412698412698412,0.9552238805970148,0.1072179574877758,0.9914529914529916,0.3113513513513514,0.4222612374405076,0.3019037356321839,0.5520708169194032,0.6717431119605033,0.9692307692307692,0.0158518410438661,0.8814814814814815,0.5623792518002458,0.759386733416771,0.4833333333333333,0.9217391304347826,0.859882005899705,0.2442705809042442,0.1784818481848185,0.8425720620842572,0.2593879239040529,0.8918918918918918,0.3927572706935123,0.5286661002548854,0.6940350877192983,0.1481930888947507,0.1319278547539417,0.2254689754689754,0.8416552145365704,0.7161872395517255,0.4600024504131669,0.7653061224489796,0.9421487603305784,0.8599999999999999,0.991150442477876,0.4825504621769478
align-dinov2+1b-things+hyp-abl10cat-shuffled-42,0.5941400816619554,0.7955974842767296,0.9696969696969696,1.0,0.2190842961061189,0.8011305241521068,0.1804326685478343,0.2133667502088554,0.7076127651987877,0.6041958041958042,0.0536307785999321,0.1818483464557793,0.831193838254172,0.6319618366129994,0.9824561403508772,0.8888888888888888,0.8048109526172501,0.4215891635246474,0.931297709923664,0.1072179574877758,0.9827586206896552,0.3113513513513514,0.508324661810614,0.3267803190045118,0.6022522254604572,0.669187145557656,0.9692307692307692,0.0158518410438661,0.8961881589618815,0.6065037471489085,0.765204678362573,0.5142857142857143,0.9310344827586208,0.859882005899705,0.2442705809042442,0.1784818481848185,0.9252199413489736,0.2593879239040529,0.8918918918918918,0.3927572706935123,0.5414585414585414,0.7120743034055728,0.1481930888947507,0.1319278547539417,0.2424242424242424,0.850181598062954,0.6710649623270982,0.5533353602182985,0.7857142857142857,0.9333333333333332,0.8599999999999999,0.9541284403669724,0.4991109277474986
align-dinov2+1b-things+hyp-abl10cat-shuffled-7,0.6250531683956037,0.8241590214067279,0.9375,0.9894736842105264,0.2190842961061189,0.7861111111111112,0.1666666666666666,0.2312447786131997,0.7076127651987877,0.6041958041958042,0.0584046911544748,0.1818483464557793,0.8438390877415268,0.7084434460887948,0.991304347826087,0.9196189730540876,0.7210693264344532,0.3358095238095238,0.9147286821705424,0.1072179574877758,0.9914529914529916,0.3113513513513514,0.4841191066997519,0.3019037356321839,0.5520708169194032,0.6376811594202898,0.9365079365079364,0.0158518410438661,0.9174603174603172,0.4903225806451612,0.6992334167709637,0.4888888888888889,0.9217391304347826,0.859882005899705,0.2442705809042442,0.1784818481848185,0.8658008658008658,0.2593879239040529,0.9876543209876542,0.3927572706935123,0.4949494949494949,0.7488141526703277,0.1481930888947507,0.1319278547539417,0.25899260382019,0.850181598062954,0.6693877551020407,0.4598936432743161,0.7756132756132758,0.9333333333333332,0.8367346938775512,0.9821428571428572,0.5347736625514403
align-dinov2+1b-things+hyp-abl20cat-218,0.9444109301620952,0.756,1.0,0.9855072463768116,0.229648782589959,0.9801324503311258,0.913978494623656,0.9305336797103524,0.7292824822236588,0.6146153846153847,0.915653760498001,0.9200588884799412,1.0,0.8562692847124825,0.8634439634439633,0.4870152252983544,0.9050919124051638,0.8811230585424134,0.9935483870967742,0.9807692307692308,0.8801931890986151,0.8013298177232603,0.1297658443110385,0.912551440329218,0.9140481275018258,0.3719222516447374,0.9035395159759364,0.9442170402428784,0.9704142011834318,0.8094920928575202,0.7136046391319371,0.4416529398505366,0.6438538801100377,0.4820237677380535,0.9524901295972676,0.4152306522222521,0.9032231742146064,0.9793103448275862,0.9323987680043484,0.6663094737440753,0.7342649892985464,0.7856958841930932,0.3176884368486286,0.8823119490592986,0.794148369758126,0.8642773892773893,0.1349472157845291,0.6069741772517271,0.421112352675127,1.0,0.8452192586532605,0.9722437220502236,0.844442541595782
align-dinov2+1b-things+hyp-abl20cat-218-random,0.6565434658466943,0.7375227963525836,0.9696969696969696,0.9393939393939394,0.2530462095679486,0.9452054794520548,0.8220046082949308,0.921463371789639,0.6741805727030149,0.3247194910352805,0.8192580582100022,0.84671679197995,0.903954802259887,0.8915686274509805,0.5200166805671393,0.3172169268315144,0.7973816360712545,0.7561567811307666,0.987012987012987,0.9708737864077672,0.839369188883752,0.6259107468123862,0.1166175872058224,0.912551440329218,0.9016875042700008,0.218001713968846,0.3511748648503988,0.8964030747367742,0.976470588235294,0.5889748549323016,0.0573470490482938,0.3180136721980263,0.2276070214389787,0.3804707723797483,0.8824494949494949,0.3206408378822172,0.846810207336523,0.9793103448275862,0.9036144578313252,0.4640930113052415,0.5028058361391695,0.5714772357876469,0.2937984692370657,0.2646520146520146,0.3065914130215682,0.755613918509846,0.1001282344054666,0.1429387193086245,0.2954702000025047,0.9739617190321416,0.0943413174397854,0.4319059518400727,0.6973278194873016
align-dinov2+1b-things+hyp-abl20cat-42,0.9341104861280944,0.8259738372093023,0.9850746268656716,1.0,0.229648782589959,0.9733333333333334,0.923719165085389,0.9473684210526316,0.7119273381683972,0.3558611627874591,0.9332722773868054,0.95757399725435,1.0,0.8517922812689431,0.5575011810427046,0.5441011935148208,0.8380071352001316,0.867441836807357,0.987012987012987,0.9807692307692308,0.8652787508757882,0.676855666808073,0.2320958647832511,0.9444444444444444,0.865546218487395,0.5045786586563715,0.9616806062796814,0.9113606763093588,0.9883720930232558,0.7941192720323155,0.0673551545557533,0.3207267992424242,0.438321725836589,0.5991253644314869,0.9524901295972676,0.3577566685407296,0.949808057977254,0.9863013698630138,0.9623290817227854,0.6434434259199417,0.7217786189809612,0.812231093606182,0.3383498862426065,0.5776563236880697,0.5320953719481102,0.8388980716253444,0.1216116911034635,0.4641991931352672,0.5182899010033324,1.0,0.6938558538813667,0.9721898471898472,0.8023051150323877
align-dinov2+1b-things+hyp-abl20cat-42-random,0.6193006495298974,0.6544,0.9538461538461538,0.9473684210526316,0.229648782589959,0.9594594594594594,0.9038402457757296,0.8463583200425304,0.6741805727030149,0.3136901559978483,0.6882470083127797,0.8971125730994152,0.9948186528497408,0.7467601683029452,0.5236612702366127,0.3172169268315144,0.7840095136001755,0.8043876294150937,0.96,0.8602150537634409,0.8582669313680164,0.6120987574573323,0.1232179039006539,0.8872549019607843,0.8867547018807523,0.2252197423745541,0.3483028299604934,0.9122395489014196,0.9642857142857142,0.6435574413102504,0.0573470490482938,0.3207267992424242,0.2381834039580103,0.3835895591716863,0.9424375114030286,0.3577566685407296,0.9412126808248692,0.9863013698630138,0.9209453197405006,0.4960232586131867,0.507653219309661,0.5532422245445681,0.2517653075273893,0.2602840804279653,0.3012195121951219,0.713080808080808,0.1011948561617435,0.2600094439268488,0.2222130810366104,1.0,0.0825088998135277,0.4029873381421922,0.6905553905553905
align-dinov2+1b-things+hyp-abl20cat-7,0.9429273497815912,0.7575575575575575,1.0,1.0,0.229648782589959,0.9801324503311258,0.926779313876088,0.9382577896953798,0.6741805727030149,0.4640818605584937,0.9097297266309132,0.94060359615609,1.0,0.9131220458729292,0.9386654630971328,0.6083163417017119,0.8312574325001371,0.9781573114149216,0.987012987012987,0.9807692307692308,0.8817112762985291,0.8596557317631122,0.3306636740681707,0.9595607235142118,0.9065438196254704,0.5225201607333073,0.8357356246712903,0.90272,0.9642857142857142,0.7890745618018346,0.1062652344989543,0.3444224504404482,0.9024928273696748,0.4820237677380535,0.9412247474747476,0.3928547687878548,0.94057365636313,0.9722222222222222,0.9759036144578314,0.6195489112501982,0.7197979797979797,0.812231093606182,0.4594089303766723,0.6747491638795987,0.6458388700327837,0.874968416511745,0.301572157489232,0.3977376092037745,0.5375337159293032,1.0,0.7024938656263865,0.9302300347222222,0.8449612693887504
align-dinov2+1b-things+hyp-abl20cat-7-random,0.7275220297426839,0.7513373860182371,0.9538461538461538,0.8976377952755905,0.2273946525915029,0.9594594594594594,0.8924731182795699,0.8579017140730749,0.6741805727030149,0.3024747610113463,0.6890468077474892,0.8630561995294443,0.9842931937172776,0.8374112075769534,0.5408855205424811,0.3489907564610451,0.7539442757680532,0.8943786826445409,0.987012987012987,0.9607843137254902,0.8173121377004873,0.6512148801796479,0.1154929515121133,0.9737413194444444,0.8802694523344635,0.235833170561204,0.3511748648503988,0.9361246753246754,0.9824561403508772,0.4419260354219704,0.0547428371696154,0.2961592670894996,0.2276070214389787,0.4277939747327502,0.9003512249876664,0.3206408378822172,0.8708408953418028,0.965034965034965,0.809095537077889,0.4640930113052415,0.5345224395857308,0.6272034421479799,0.2517653075273893,0.2646520146520146,0.3065914130215682,0.6985993657505286,0.1011948561617435,0.1515643137293612,0.2720451326906485,1.0,0.0825088998135277,0.3694444444444444,0.7038531068381815
align-dinov2+1b-things+hyp-abl20cat-local-shuffled-218,0.9442537712948909,0.7708396579833694,0.9937888198757764,0.9882352941176472,0.2548456010875898,0.994871794871795,0.8799465240641712,0.9464799476896252,0.6636682803221522,0.3031694433157253,0.8379303704719103,0.9895901042929904,0.9930069930069928,0.7690607390803524,0.8484717843702566,0.5061186543960251,0.9044462870784872,0.9741192884548308,1.0,0.9808917197452228,0.9616743151161172,0.5693125949763118,0.2075057787723973,0.9649720378321002,0.8709726443768997,0.3738576238576238,0.9865783904710078,0.9291297829811536,0.9615384615384616,0.693727689954105,0.1581220265209029,0.4326648694626223,0.9577450249469516,0.582591003660828,0.9362890194316916,0.5546177034804056,0.9506172839506172,0.9937106918238994,0.9410214338316044,0.6630730667816277,0.7015206682373099,0.8548966756513926,0.484999250785275,0.8913160010720986,0.8022876191652042,0.9667042451789154,0.6845466155810984,0.4846428198412,0.6744777274234552,0.9473758365621696,0.852864853031566,0.9808149514718858,0.8984778865756146
align-dinov2+1b-things+hyp-abl20cat-local-shuffled-42,0.962171986809806,0.7504030011009473,0.912751677852349,0.9882352941176472,0.2662200956937799,0.9844559585492226,0.8568077639306689,0.9298179298179298,0.6196322489391797,0.3848753219018906,0.8873125229866583,0.9680431536281352,0.9930069930069928,0.8802635121225078,0.8576125223780273,0.4861667587549662,0.8526501141812551,0.9913730961516104,1.0,0.9873417721518988,0.9283167486192352,0.6013342535081665,0.1836938676848482,0.9542696403455896,0.8863636363636364,0.5751630762975851,0.9529608402799522,0.9216588050314464,0.981132075471698,0.706501095690285,0.1758863636363636,0.590680967329517,0.8872767631924124,0.7268499453468568,0.9375020383559548,0.6520679541493688,0.9120124190502668,0.9808917197452228,0.9271606285464864,0.6889913128657232,0.8287245842594272,0.875,0.3561610118426331,0.6700220693620034,0.5843220842281018,0.9413461386075848,0.7336937918458335,0.2914401470198689,0.5025975542129995,0.9473758365621696,0.845243708874609,0.9680249191198096,0.8798816187351219
align-dinov2+1b-things+hyp-abl20cat-local-shuffled-7,0.9036414565826332,0.7400244012072176,0.9875,0.9822485207100592,0.2548456010875898,1.0,0.8361111111111111,0.9383582504601614,0.7868901347966122,0.455030536804886,0.8166797465410999,0.9793954583428268,0.9930069930069928,0.879092639287405,0.8865918254407463,0.3640383198231393,0.8060902956919224,0.9912312312312314,1.0,0.9937106918238994,0.9446048632218844,0.5523902757382934,0.33197061719076,0.9649720378321002,0.9003325942350333,0.5381076388888889,0.9865771812080536,0.9053189457601224,0.9875,0.6677262301790697,0.9502018004501126,0.5953104017204219,0.9530635975521776,0.7964441605450867,0.9639513365946608,0.7842526203026282,0.9753086419753086,0.9873417721518988,0.9887711492301388,0.7991805868087113,0.8008281573498965,0.884437830286096,0.4049713447954151,0.8967546813897881,0.7832746239673392,0.9420990539099624,0.879969362745098,0.4018436588798739,0.5143011411726935,0.9707299787384832,0.7812018489984592,0.9872009118332647,0.904346503220744
align-dinov2+1b-things+hyp-abl20cat-shuffled-218,0.5119364357249038,0.4011470985155195,0.9290322580645162,0.9824561403508772,0.3162943871706759,0.9349112426035504,0.7986853832442068,0.6043047741904661,0.7140527004985181,0.2023551895674657,0.5372842722240312,0.8419445494845343,0.9935483870967742,0.648080880867766,0.4921458741683461,0.288999810450496,0.6566176727288727,0.6049168134664319,0.8977272727272727,0.9342105263157896,0.8851802403204273,0.5493200663349916,0.0914686599574059,0.8203577727387251,0.7116210379216159,0.1995692122938572,0.4717521155938023,0.4322765623287922,0.9545454545454548,0.3516073025727363,0.0537987201861547,0.3025988506732995,0.2903569841504962,0.2927200731038684,0.6689063948100092,0.262213313443968,0.8427379885572482,0.9195402298850576,0.7876016260162603,0.3686224489795918,0.4991452991452991,0.4908566538839413,0.2404907097766412,0.2254689754689754,0.3485768680769802,0.586987270155587,0.1155395447846733,0.0523815306864017,0.2528373899360541,0.8502225713537575,0.0833540106951871,0.3715323252768187,0.5401940401940402
align-dinov2+1b-things+hyp-abl20cat-shuffled-42,0.5443032899342646,0.4121583696731575,0.9493670886075948,0.976470588235294,0.3162943871706759,0.9473684210526316,0.8166328600405679,0.7408735113653148,0.696594427244582,0.2023551895674657,0.5016880259959725,0.7758289342447758,0.9803921568627452,0.5970109890109889,0.4722935225728522,0.2762314681970349,0.6830325063918579,0.6384357790819915,0.934065934065934,0.9342105263157896,0.8897009966777408,0.5493200663349916,0.0981107073054302,0.9105464094278412,0.7315092422028838,0.1784763753639978,0.4717521155938023,0.4254314473211394,0.9777777777777776,0.380952380952381,0.0749602017752644,0.3025988506732995,0.2903569841504962,0.2927200731038684,0.6517857142857143,0.262213313443968,0.791312688407783,0.9378531073446328,0.8088601294176206,0.3686224489795918,0.5495352895815577,0.4908566538839413,0.2404907097766412,0.2254689754689754,0.3485768680769802,0.6821946169772258,0.1155395447846733,0.0571316290912213,0.2528373899360541,0.8353207236842105,0.0891894214617758,0.3715323252768187,0.4146245059288538
align-dinov2+1b-things+hyp-abl20cat-shuffled-7,0.5772753848090801,0.4505209530376158,0.9493670886075948,0.9883720930232558,0.3162943871706759,0.9714285714285714,0.7644792020854584,0.6943353689504391,0.696594427244582,0.2023551895674657,0.4665874665874666,0.6944132377182576,0.9935483870967742,0.6221789671277792,0.5242881787562639,0.2762314681970349,0.7010472730375183,0.6886415336027739,0.8977272727272727,0.9054054054054054,0.880617035546613,0.5493200663349916,0.0914686599574059,0.9105464094278412,0.7376354086880402,0.1802409037009299,0.4457297088876036,0.5123157860576143,0.942528735632184,0.3304721030042918,0.0591375202972819,0.3025988506732995,0.2903569841504962,0.2927200731038684,0.6517857142857143,0.262213313443968,0.9022614137391552,0.9257142857142856,0.7803172437318779,0.3686224489795918,0.5033337808206918,0.4908566538839413,0.2404907097766412,0.331631933105136,0.3605181448563625,0.614496833216045,0.1155395447846733,0.0523815306864017,0.2528373899360541,0.8475232198142414,0.077478202548625,0.3715323252768187,0.5401940401940402
align-dinov2+1b-things+hyp-abl30-218,0.9742607407464132,0.8398345260742216,1.0,0.962581278370752,0.9615384615384616,0.9119935785403042,0.9444514774216608,0.8634722212057117,0.9152026060899948,0.7666217124823649,0.9380832444646254,0.9640589652589494,0.9808641596001804,0.926092783950884,0.748479480873847,0.924874273618358,0.9163215812924256,0.9802015250544662,0.9786911360245756,0.975951263357635,0.9319743830053108,0.8456849795976513,0.8515765765765765,0.9393982255368396,0.9497999824335872,0.8439129713470976,0.9912489986793392,0.9762785222745384,0.9515558365732582,0.7850450716713462,0.9773012399964206,0.8267197540463486,0.9715978558229076,0.8491371005101281,0.9215686274509804,0.911504424778761,0.9899396739828006,0.8898262250890537,0.9909725817771796,0.8159264603709048,0.8304988662131519,0.8592170080373347,0.8541539699178469,0.93658699078663,0.8209670832312342,0.918121758121758,0.8530593327366136,0.925671430019256,0.898356401384083,0.9831932773109244,0.9088608220057534,0.8985581326006857,0.906810702378053
align-dinov2+1b-things+hyp-abl30-218-random,0.9741118406967086,0.7905594405594406,0.9016564952048824,0.8877438351122562,0.8630915155305399,0.8216871363930187,0.8939360767295184,0.7006802721088435,0.8237378113654561,0.7399065089743055,0.7906960824580962,0.9127455416924484,0.9252980029679058,0.8376496081877195,0.7587743226041098,0.6954423487474783,0.8450871455558073,0.9178503994190268,0.8712327219968202,0.918969193775237,0.9034518707285996,0.6900265056517656,0.8091245091245091,0.7928530784112894,0.8828086280427172,0.7790977820454608,0.9112731152204836,0.858044008585368,0.8988697204045212,0.70586280596023,0.951792311455769,0.829007813935581,0.8817769404298569,0.6580572675911659,0.899784238019532,0.8912619915222726,0.7909941520467837,0.8636018237082066,0.9174280663642363,0.6944925175608265,0.7609649122807017,0.8613020813978237,0.7165500657658346,0.7702255896337179,0.6004930897979026,0.7035937899372321,0.7799565979031035,0.9099728289543104,0.6885343968095714,0.818656304902602,0.8745849297573436,0.8377508702966091,0.7949835452317164
align-dinov2+1b-things+hyp-abl30-42,0.9742607407464132,0.7851022943886646,1.0,1.0,0.9616820283113676,0.9214524605828954,0.9814838258072204,0.8782922824302135,0.9266694090223502,0.8227774705658129,0.9049568669803344,0.9712682304931086,0.9808641596001804,0.9016383781235264,0.7517736091466953,0.8866013071895424,0.9163215812924256,0.9901499978645592,0.964549728480833,0.9839378192157876,0.9546495886702072,0.796858996244452,0.8409749034749034,0.9393982255368396,0.992814157656197,0.8517176596886742,0.9912489986793392,0.9568792969796004,0.95140243902439,0.7979940851227979,0.9886222544232888,0.8241647241647242,0.9521903622293546,0.886490461680554,0.9113212087874308,0.8814084016692306,0.9694196604816424,0.8346093917902428,0.9729177453315384,0.7942707498263054,0.8173628173628172,0.8996723956112251,0.7942306509079496,0.9683354087991296,0.9085825637549776,0.8943959041213047,0.8471041906537274,0.925671430019256,0.8432564515167769,0.9663865546218487,0.90890777666462,0.9175414471418633,0.8752747178534285
align-dinov2+1b-things+hyp-abl30-42-random,0.9496050791260804,0.7715741954274065,0.943357558419233,0.9084354722422494,0.8738641798182687,0.836160304565077,0.8953173944210874,0.7657142857142857,0.7758307868601986,0.8011962735960887,0.8047240786961268,0.956902345739663,1.0,0.8820073496711374,0.6340266875981162,0.7870687588997448,0.8692186695445471,0.9399538747950762,0.8921971981428714,0.894919134697232,0.8774058999040489,0.772391294428982,0.8403944485025566,0.7404416014603866,0.8500954338569959,0.7621011529597754,0.8935277382645803,0.86199189784177,0.8237156316422355,0.711962372707859,0.9773012399964206,0.7414187120069473,0.875694941796322,0.6511253125868297,0.8875348215007606,0.8266738178242603,0.8142170240415855,0.8346093917902428,0.8516208516208515,0.5494157258863142,0.6966666666666667,0.8898155573376103,0.502516312078715,0.6045475855602438,0.5125362609898692,0.7465643274853802,0.7056328321203081,0.8626177953101031,0.7726219790241678,0.8082637984771374,0.863395225464191,0.8321205821205822,0.8625563685867438
align-dinov2+1b-things+hyp-abl30-7,0.978426533913924,0.837443090931463,0.9919274997285392,1.0,0.9130422868667382,0.9214524605828954,0.9444514774216608,0.8855275443510737,0.8912620603797075,0.7036310242054615,0.933442793960328,0.9639946935960734,0.9808641596001804,0.9309840129440232,0.6334953455803608,0.8963877457704618,0.927069168144324,0.9901499978645592,0.964485226707626,0.9919528269164064,0.9416013128997888,0.8207905536316343,0.8087197522841085,0.9290013669559176,0.9424460431654677,0.8671651031001476,0.9912489986793392,0.929956489830153,0.9432005146123262,0.7594309276765293,1.0,0.8177718832891248,0.9526630930381792,0.8313885240995549,0.9113212087874308,0.8814084016692306,0.9701692789968652,0.8863348530901722,0.9361716748385726,0.7695526522856904,0.8433095096287472,0.9009240096773252,0.8541539699178469,0.9873417721518988,0.8282852564102564,0.925410972469796,0.8186695010812822,0.9136957345038548,0.8200160495242463,0.9915966386554622,0.9087890398235228,0.9269207095294052,0.8680319532252212
align-dinov2+1b-things+hyp-abl30-7-random,0.9439788809986908,0.8089228418640183,0.9594222981319755,0.9217638691322904,0.8937183506149023,0.863624937154349,0.8532672932965609,0.7966914805624483,0.7758307868601986,0.67909604519774,0.861999022034269,0.9056366110099384,1.0,0.9015807914688256,0.6696251702825053,0.7201318966024849,0.877038098618481,0.9901499978645592,0.9430379018144974,0.8781346810096631,0.9124076100520262,0.7459782321147146,0.8038515594629349,0.7801825192303967,0.9422921226561756,0.8131802937294929,0.9198789174107642,0.8657173054185913,0.8730667104650846,0.750267317270115,0.9731697286088188,0.815211104684789,0.902739005542744,0.5667861308089794,0.8858131487889274,0.8241564255084225,0.8579262331506444,0.7770701552616447,0.862380110607061,0.6681461612968462,0.8133333333333334,0.8216748768472907,0.5777134156278958,0.7974584305051018,0.57664582331249,0.7848616030434212,0.7116341618614659,0.8808179190767518,0.7909959340841848,0.8368052287041868,0.9140665894240326,0.8290723155588021,0.7996603624351547
align-dinov2+1b-things+hyp-abl30-local-shuffled-218,0.9718717731992664,0.803613520544312,1.0,0.9864590705355036,0.9160900482664605,0.9734985938492244,0.9205026580275136,0.9357635065664264,0.8502070266776149,0.7487726146685684,0.8348002290647989,0.8849543136205693,0.9624439187535688,0.8987107112042402,0.5849195218059173,0.8285156814568579,0.9391703674889516,0.9703687683755838,0.953988226161211,0.961842533998731,0.9570425318456816,0.7678914869926106,0.8567665238806179,0.964625850340136,0.952755905511811,0.8923617208077261,0.948023437749465,0.9218818129661503,0.923413917270872,0.8508771929824562,0.9769695295590718,0.8398148148148148,1.0,0.8974927511512878,0.9200797668354044,0.915446365155363,0.9399538747950762,0.8730081762203569,0.9188001150623852,0.7666121112929624,0.8822736362073489,0.8610102418239666,0.7510366826156301,0.8926822660098523,0.9390550425033184,0.9646017699115044,0.9192717681783732,0.906599008144347,0.8073316283034954,0.975962984384037,0.9170656064728602,0.9590738319848308,0.864172335600907
align-dinov2+1b-things+hyp-abl30-local-shuffled-42,0.9698169023761204,0.7660677038851186,1.0,0.9753086419753086,0.87616411176825,0.9734985938492244,0.9573778822333736,0.950017901897601,0.9180563026716873,0.76609864124315,0.8550200921774688,0.9078431585462522,0.9872890642121412,0.9104761904761904,0.515456557435568,0.8179503528564674,0.9388863903365796,0.9611650485436892,0.9923628403179524,0.9771055203992386,0.961209143027325,0.7601703398313567,0.8719932682868191,0.9088803088803088,0.968543052833746,0.9172671500568786,0.9742052818975896,0.9373574778154534,0.9331546302320538,0.8608591127642203,0.9808518767195444,0.801432626922823,0.9826012514005866,0.8621087219692166,0.9200797668354044,0.8600638249373148,0.9093953370822014,0.883495145631068,0.8908163265306123,0.8872084663388261,0.9121780685287116,0.8694568395137713,0.7569416108034588,0.9436113067981684,0.9388835725677832,0.9185908051536198,0.9194228178612466,0.9008264462809916,0.919731566029218,0.9679258878023674,0.9642373007994706,0.9427033647787628,0.822687074829932
align-dinov2+1b-things+hyp-abl30-local-shuffled-7,0.9657455126391784,0.8109339919173776,0.992429950036441,0.9753086419753086,0.8861578788184292,0.9647747747747748,0.9314449917898192,0.9285714285714286,0.8352363520148754,0.7747593582887701,0.8695249484527221,0.9312492626367797,0.9872890642121412,0.9212194420477424,0.6056735457156215,0.8531278214046779,0.9298310415061684,0.9902386774259556,0.9923690867554468,0.9305005107252298,0.936837736026377,0.7403689403689403,0.8351032411722068,0.9088803088803088,0.9606495266523056,0.8923617208077261,1.0,0.9296936316695352,0.9331546302320538,0.8996598639455782,0.9769695295590718,0.8816140452980262,1.0,0.8687982196938993,0.9000997085442553,0.907434587372864,0.92952970661949,0.8758372114556933,0.8988943155609822,0.7150845523394543,0.880887656033287,0.8594377612105301,0.7726400313356836,0.9687316830135592,1.0,0.9270491531603196,0.9314739053516142,0.8745261986699705,0.7860139860139861,0.9519568567026194,0.9347684011759004,0.9590738319848308,0.8709038440648186
align-dinov2+1b-things+hyp-abl30-shuffled-218,0.6701254682144501,0.4542804836922484,0.6931278588994455,0.9336986301369864,0.6250902199492447,0.7058244010088273,0.6660911246263272,0.3973761191094375,0.6394581654697261,0.4130809846062319,0.5341945263082029,0.6345774509647879,0.782167415188653,0.5097065342198723,0.5085985403760975,0.5821295945433876,0.7812151596050394,0.5104212612996284,0.6325826789281261,0.4998100664767331,0.8295684027614709,0.5952380952380952,0.3262243720112131,0.5181533046865222,0.5590000350434539,0.4502752498012226,0.5771739130434783,0.3342719146043245,0.5718224561452708,0.4842548076923077,0.6693881311327003,0.7108037700830716,0.7081632653061224,0.4109972041006524,0.7370731707317073,0.5764309764309764,0.6380447226932162,0.5405628285743738,0.5240873676221774,0.4010381905821282,0.5466216216216216,0.5844626857664038,0.42266139657444,0.4775657429748239,0.5527134096444697,0.6445728733971465,0.5479805712475583,0.4603815240058714,0.6325643758380033,0.6408799916041349,0.578634931552878,0.6090254538079304,0.5237325073102199
align-dinov2+1b-things+hyp-abl30-shuffled-42,0.662092601746581,0.3707948778346431,0.5580395946923418,0.9336986301369864,0.6180453742598541,0.6654450935481381,0.65620473201352,0.3690047023262546,0.6394581654697261,0.4130809846062319,0.5341945263082029,0.555920684952943,0.7650375939849624,0.4666038119534875,0.4911832353692819,0.6150789012273525,0.7871714647283642,0.4843853820598007,0.7317919381323164,0.5236814419037483,0.8833826808393076,0.5952380952380952,0.3928870126249552,0.5376206362444894,0.3693033854166667,0.385108230609565,0.6750975927130775,0.4240458011214564,0.4688687095257045,0.4728140214216164,0.5922706752892367,0.5879383774120616,0.5992222466798737,0.4068114357131698,0.6932142857142857,0.6086237653918114,0.6031846375674846,0.5405628285743738,0.576895191385009,0.4010381905821282,0.5466216216216216,0.5490549957387076,0.4484742899377045,0.5321401849179627,0.5006356547243661,0.6682680151706699,0.3945926857300698,0.507393183517751,0.5654194110076464,0.6155768841079959,0.5030720051146808,0.5474803659197846,0.5673375706214691
align-dinov2+1b-things+hyp-abl30-shuffled-7,0.6633879503358437,0.3936232260404687,0.7117261704812973,0.940408163265306,0.6599655483260592,0.7476480277576557,0.6486540981953827,0.5328883326380197,0.6394581654697261,0.4406863229406312,0.5505888716670191,0.6788540590678163,0.8096348096348096,0.5147286821705427,0.5254901960784314,0.6894794985185961,0.788759464446245,0.6532844344953302,0.7052879273617687,0.572039072039072,0.8833826808393076,0.6479229989868288,0.4735388863322595,0.4978868157921863,0.5879337436451006,0.4585256819969011,0.6565317408681104,0.4991238780712465,0.5180400600247929,0.5346062434297728,0.5351017951744307,0.5772727272727273,0.7525714285714286,0.4503708359522312,0.6932142857142857,0.5240847784200386,0.6999625888514778,0.5479740315157426,0.5022054286507232,0.4476573688876765,0.7242418684274884,0.6549207673060884,0.4587450592885375,0.4947981324553355,0.5451120073003444,0.6922392850945688,0.4853314215016343,0.4004219557639272,0.5234976581725808,0.7207612456747405,0.628916334089793,0.7098796367575461,0.5498870451704644
align-dinov2+1b-things+hyp-abl30cat-218,0.9538870976468028,0.3769323927550717,0.9790195239371206,0.848900098080426,0.805484600788206,0.901005021009608,0.9609349762333288,0.2657624453290088,0.8842209165687426,0.5263190487367597,0.7098379450193482,0.8774306328925966,0.9561202846476812,0.8693081520526931,0.5165140844607865,0.6510438890389758,0.3440422991251431,0.9110742888704778,0.9531744137536262,0.9529723312939457,0.8776040549238362,0.795994436967653,0.7231030368139029,0.9483901994532752,0.7446355522750439,0.6026770426376589,0.9781809076581732,0.8782226174889037,0.9218263107979948,0.6787692307692308,0.9316042021718096,0.8250194931773879,0.99009900990099,0.5292280302655654,0.7769553352688342,0.7266459684047119,0.8828382676780034,0.7104008643805173,0.8847395678314186,0.73828429838059,0.6984289745297776,0.5245037220843672,0.6641426909032543,0.8890203005466923,0.624707923655292,0.9473249238799478,0.3705485449256352,0.6204898681558801,0.9158794453368096,0.9425733515534196,0.950653138586244,0.99,0.9175994437384613
align-dinov2+1b-things+hyp-abl30cat-218-random,0.8286559998089041,0.2975327072044009,0.538784515929514,0.7732262382864792,0.6081547139403706,0.7782455328041135,0.9453089667266602,0.2657624453290088,0.735506882347031,0.3465806950036399,0.2186430387539185,0.5279145194796592,0.9454428130265334,0.6867856324531735,0.5062453775988167,0.3915145005370569,0.4102625254401433,0.7602857059899538,0.5104586697681107,0.8793508434764039,0.5539892596854622,0.6241536765863643,0.5670229380435907,0.7782720207397394,0.3111760569570185,0.2995679567956795,0.4728653139683094,0.8654474226130293,0.5031055900621119,0.3787012987012987,0.9114504519007428,0.8093053173241853,0.847457627118644,0.4710348308934881,0.5161485912931,0.775187969924812,0.8095970695970697,0.4727085053674649,0.5924245231535902,0.5728816391319785,0.416378525932666,0.4688644688644688,0.3306925557950696,0.3553932640666566,0.3738544064631021,0.7065390749601277,0.1580188040209174,0.1192388177121001,0.7355854906939804,0.321221856933543,0.6655471966207781,0.9950248756218908,0.6535570634564934
align-dinov2+1b-things+hyp-abl30cat-42,0.9458021244219889,0.3604589869743468,0.9874063652610364,0.8607407407407408,0.3681542022831466,0.8868713761062412,0.94816284284975,0.3187675070028011,0.7802885592359278,0.344451399445587,0.6242964767730635,0.8505747126436781,0.9507321274763136,0.8096821527627786,0.5062453775988167,0.4867748112699561,0.0185441609557742,0.8836279461279463,0.5784215402701168,0.9724851419766676,0.6314476617887576,0.7027492673618211,0.6990582593794868,0.9916233988221512,0.3111760569570185,0.5276614796614796,0.945118076416016,0.9303578722468344,0.5031055900621119,0.4935386984982672,0.9099558306426114,0.8091324520024071,0.9206349206349206,0.4839656713749329,0.5786897775049092,0.757886429158459,0.952,0.4727085053674649,0.8786658696371118,0.6345822851846948,0.5183409296039501,0.4918404279426643,0.4431333471059315,0.5608076474543953,0.4727833269475803,0.8816543816543816,0.2012185190075672,0.5008288374740488,0.8382953769219863,0.7919300596212514,0.928728182270475,0.984924623115578,0.8600153333913084
align-dinov2+1b-things+hyp-abl30cat-42-random,0.8345453062824543,0.3154454649814315,0.3823179271708684,0.7732262382864792,0.3961348448835849,0.8205592051685758,0.94816284284975,0.2657624453290088,0.735506882347031,0.3336008358190876,0.0989949561761711,0.4193971313133251,0.979285166660582,0.6232483432242759,0.5062453775988167,0.3915145005370569,0.390059560805471,0.8733173957054554,0.3751653668769232,0.8979591836734695,0.5632674346939743,0.6647005706161501,0.6379886253683743,0.8839364647593141,0.3111760569570185,0.2995679567956795,0.4289144780380812,0.8623963769594838,0.5031055900621119,0.3787012987012987,0.9257252800448936,0.6643363811076815,0.9319371727748692,0.4839656713749329,0.5161485912931,0.7394132653061225,0.8473225028822975,0.4699691300474444,0.8159802006381901,0.516994633273703,0.4203763729132281,0.5184327867254697,0.3055580796607603,0.3553932640666566,0.3542151279377556,0.8476633181506209,0.1586101760414634,0.1742235495187786,0.7255621888649412,0.4712308267863823,0.8423830032261863,0.9693877551020408,0.7403713952557475
align-dinov2+1b-things+hyp-abl30cat-7,0.993514934840272,0.4749724208035462,0.9874063652610364,0.9608578535617164,0.654647765507494,0.8836548591149818,0.9516129032258064,0.2657624453290088,0.8864428945074107,0.5205780436640509,0.6489512641465579,0.9232581172966912,0.9249173532976216,0.8885555996872592,0.5062453775988167,0.5514128728414442,0.760137383666553,0.9358754453094076,0.7777326772258236,0.9658899020601148,0.8469881190317566,0.8577027324005567,0.6277868713142978,0.9747045063084524,0.4590042195093191,0.3459979322449568,0.9670708458496096,0.9241698391591832,0.6770569823779102,0.5002079002079002,0.9609321122621935,0.8164379764379763,0.9850746268656716,0.5877322677322677,0.6015685757921808,0.7209205412745235,0.9153651742859392,0.5231596835768738,0.8940271305666583,0.5858820619321724,0.5059746275727747,0.4688644688644688,0.4139893829206174,0.8281611749430242,0.6450440078517607,0.9077714738092098,0.5117741863872245,0.5797758542856581,0.8938397857316775,0.8850079259103084,0.95364365202824,0.99,0.8577680957007529
align-dinov2+1b-things+hyp-abl30cat-7-random,0.7457064894707355,0.2993412570035398,0.385046021239352,0.7620596205962059,0.4651655315433912,0.7546638287216727,0.8949692780337942,0.2657624453290088,0.7321500605082695,0.3465806950036399,0.0989949561761711,0.4164362100099018,0.9454428130265334,0.6623001399941054,0.5034636318654132,0.3915145005370569,0.4030878021194962,0.7447987228718125,0.3194982534137822,0.9149266693576994,0.5811905247599518,0.6290587934005027,0.7072079611287235,0.8323647867107042,0.3111760569570185,0.2979833070155651,0.4289144780380812,0.8197611027933464,0.5031055900621119,0.3787012987012987,0.8719905400078833,0.6521626521626521,0.87292817679558,0.4683282674772036,0.5105837336155662,0.6866133469468788,0.7934363274289907,0.4727085053674649,0.8371697491967256,0.516994633273703,0.430095914318531,0.5286714384473499,0.32196688905362,0.3553932640666566,0.4250506774778619,0.7910946782355811,0.1569106684590003,0.1442188955235924,0.7346967122160921,0.3749746460589834,0.8606992731080323,0.9746192893401016,0.6841455540224513
align-dinov2+1b-things+hyp-abl30cat-local-shuffled-218,0.8696258957650692,0.3467522790900422,1.0,0.8908200734394124,0.7967773162849685,0.9441837328839754,0.9349527635467844,0.5564150357253805,0.932841658720738,0.5712298276802916,0.8018046677622571,0.8955144769098258,0.932311227943144,0.8550335709549072,0.4983231153739346,0.4853709508881923,0.6068559949036746,0.9732933926482312,0.8029516266197732,0.9836065573770492,0.8122522522522523,0.5963807688189314,0.7084408169283833,0.9198357788628516,0.671325178913908,0.4116173714007612,0.9825167184929944,0.9259886675623576,0.8143372130300235,0.3421888053467001,0.9550559163482054,0.7972519059808432,0.98744769874477,0.5281039892424921,0.5366924020103211,0.736583522297808,0.9198218656588596,0.7837662337662338,0.9264685762614892,0.6949502776701537,0.6212821885133522,0.4325947600438909,0.3927024173583807,0.9579191253118616,0.7158217910184381,0.930409782716454,0.5110031134090031,0.3104499840273439,0.8892961371834611,0.9418484121186824,0.9319089803717214,0.9879518072289156,0.9030550401978974
align-dinov2+1b-things+hyp-abl30cat-local-shuffled-42,0.9604335416184524,0.3488753259924659,0.655512078372569,0.7591643673630272,0.7585196890480858,0.8414173598077109,0.9407211936412708,0.2900725457720354,0.8258411567828609,0.4504099720078314,0.6419280700406715,0.8250490796795267,0.932311227943144,0.8206958348782598,0.4983231153739346,0.352014652014652,0.620520058669339,0.9722329472329472,0.6738840235685342,0.968375558867362,0.6751051410085098,0.6103642811089619,0.5795525520327425,0.9261767365872158,0.2648847328450582,0.5234791352438412,0.6924551819365481,0.9108688373249432,0.4484961151627818,0.3538631315077225,0.8415635572356615,0.8290786509240595,0.9831932773109244,0.4885096700796359,0.6515420241984706,0.761723125359489,0.942661334427126,0.5031055900621119,0.9218416899417003,0.5794118737716468,0.4644310427578723,0.4325947600438909,0.3735106453742126,0.3865358096208233,0.4515599266430141,0.8804602241864599,0.2248200971605227,0.1868386559403966,0.8764148657124936,0.7376781669223011,0.9558652729384436,1.0,0.921323198198198
align-dinov2+1b-things+hyp-abl30cat-local-shuffled-7,0.982340702206915,0.6489974594488959,0.995635554746276,0.8908200734394124,0.834910096652306,0.9569702631602234,0.9407211936412708,0.381933557297499,0.9622664087273888,0.4296693305867617,0.7999813553172621,0.8992857306884607,0.91934266765762,0.8549955791335102,0.4983231153739346,0.6956442500455623,0.5848438621016196,0.9796007120615574,0.6495417533866432,1.0,0.8122522522522523,0.5963807688189314,0.6434465638355058,0.9343043374500328,0.5158909407503788,0.5291733925660124,0.9412523957931332,0.971732680688026,0.7764523231619831,0.4091917640304737,0.9356846194169276,0.8624893491512092,0.98744769874477,0.763699494949495,0.6811498739600726,0.7630401389167167,0.9500853291910368,0.5810115601105574,0.9638645279713988,0.6116827303592696,0.6010394187113787,0.7703954222573006,0.4905095430694721,0.8722544990351299,0.7518442853605278,0.9103535353535356,0.808759071027482,0.311342078487577,0.8435093129583602,0.7201003975907664,0.8894230769230769,0.99601593625498,0.8937985516787359
align-dinov2+1b-things+hyp-abl30cat-shuffled-218,0.7186682532045898,0.3155058928404838,0.4110571778015594,0.7115304729689633,0.4213595771824311,0.6993421052631579,0.7327724358974359,0.2590458570107044,0.73302822273074,0.2866722215609253,0.153226102138804,0.3308078961738375,0.8987234042553192,0.5318639107371502,0.4927601809954751,0.3803951836986723,0.0561967597840588,0.643057110862262,0.3857679017441369,0.7738065438941535,0.5941360796758677,0.5846611721611721,0.4678685124065487,0.6349306901648692,0.2744772327535665,0.2681911336425412,0.5368357464132112,0.5289127854351704,0.4832899344527251,0.2836018617973505,0.6020000195853427,0.740551114016408,0.8869565217391304,0.4245614035087719,0.464500537056928,0.6981188034005011,0.6918367346938775,0.45,0.5438974206685898,0.4807692307692308,0.4298245614035088,0.4327916629868409,0.3163440044967908,0.3002943773918163,0.3981106191931159,0.7200101577710204,0.1718123547588038,0.0884793027961126,0.5969469127363863,0.3104250827490943,0.420263068583117,0.9150943396226414,0.5810855816901462
align-dinov2+1b-things+hyp-abl30cat-shuffled-42,0.6969955407578816,0.3065914130215682,0.3874790399838015,0.7151511569490824,0.4213595771824311,0.7161625855986719,0.7690092165898618,0.2590458570107044,0.73302822273074,0.2866722215609253,0.1213808583311449,0.355886452983822,0.8821621621621623,0.5155318488544529,0.5742309898936405,0.3803951836986723,0.0738053332602403,0.6995942968154704,0.3599055931961993,0.7937746527182301,0.6045532941578392,0.5846611721611721,0.3853015351805148,0.6523139609635037,0.2744772327535665,0.2698679058560303,0.5255729955116458,0.4624090735869695,0.4832899344527251,0.2836018617973505,0.4496547563476866,0.6902297917432212,0.896551724137931,0.4245614035087719,0.464500537056928,0.6948668146503885,0.7239776219368056,0.5051724137931034,0.5681924516531504,0.4807692307692308,0.4246171967020023,0.4327916629868409,0.3163440044967908,0.3002943773918163,0.3981106191931159,0.7179503314036412,0.1718123547588038,0.0847010989749349,0.6495781495781496,0.3001329198050509,0.6581517655897821,0.968609865470852,0.4636114497191876
align-dinov2+1b-things+hyp-abl30cat-shuffled-7,0.6680402896049819,0.3136609812314105,0.4164849368640838,0.7115304729689633,0.4308859868580855,0.6344517743403094,0.6916351200206486,0.2646492796088907,0.73302822273074,0.3212087823907757,0.1127782037087943,0.3476326495452072,0.8932620320855615,0.5399284621157994,0.4927601809954751,0.3803951836986723,0.1228224513172966,0.6432748538011696,0.3686474657413767,0.7532728881026094,0.5941360796758677,0.5846611721611721,0.3749846510794683,0.633520121015585,0.2744772327535665,0.2698679058560303,0.5116192600855177,0.5485088947731384,0.4832899344527251,0.2836018617973505,0.5662917411261782,0.6576746767598074,0.8672566371681416,0.4245614035087719,0.464500537056928,0.658512443438914,0.7625704887218044,0.45,0.5316939149749471,0.4777992277992278,0.4298245614035088,0.4327916629868409,0.326021411327168,0.3400922753504543,0.3981106191931159,0.6791069846990196,0.1718123547588038,0.1147333461686561,0.5788298760376646,0.3355523159330668,0.6023891541861943,0.9592760180995475,0.5736300704795538
align-dinov2+1b-things+hyp-abl40cat-218,0.6168440405607268,0.791942192321699,0.8977652705717136,0.9765625,0.4211166924648462,0.9022882685533288,0.4405566043228511,0.8158327481390824,0.8279085010159272,0.3882759306197505,0.7483318773362128,0.7172547158960202,0.9856132429661842,0.912137894594035,0.5286246581376994,0.893103293563005,0.8801971440013263,0.941961608724149,0.9282327156804144,0.9649787416443656,0.7426475335270124,0.5333333333333333,0.2202456460406016,0.8621005431350258,0.343948434551915,0.4810480754883542,0.9586397165457377,0.1663572783179329,0.9409509668139746,0.8476360241066122,0.7952104011837664,0.4148083253690134,0.7868558122608197,0.5280061992705913,0.7866388930218717,0.4444703444703444,0.8255305296140308,0.5443970994991403,0.849216305261852,0.5986662357444033,0.4747404844290657,0.5052378545966101,0.37427948370366,0.4006372427028289,0.7181249511298773,0.7313111199610602,0.2633545069570477,0.8939609417528579,0.7875050283345042,0.8601779859484777,0.9109465020576132,0.5985714023140618,0.8521930564830374
align-dinov2+1b-things+hyp-abl40cat-218-random,0.0946077154828369,0.6756175275320839,0.4978708366463468,0.9725490196078432,0.5181064596037926,0.6523214164009905,0.4305869895199921,0.5268994009502168,0.7894687509763694,0.3882759306197505,0.1239707947501192,0.511987737733921,0.6850585043324048,0.7253960244091497,0.5286246581376994,0.7077496178731482,0.8487180351564925,0.5399860378529321,0.9282327156804144,0.7995216089248639,0.6229182453481519,0.7092387851061127,0.173728813559322,0.4881821341675357,0.343948434551915,0.355937000970661,0.4536481739815157,0.0794574618755534,0.5193717277486911,0.747678502170858,0.1089514866979655,0.4148083253690134,0.3301090299133351,0.4989604269180123,0.5438107538576575,0.4524962143873318,0.5507765349641909,0.5086974937721207,0.3201996883517738,0.5567600667113871,0.464405324173465,0.5052378545966101,0.37427948370366,0.3896397609175596,0.4214593596059113,0.5262356001486437,0.1808935617479106,0.8479304548797143,0.341090726313144,0.3967649117349716,0.579423544649764,0.4673181086224564,0.6222554123155182
align-dinov2+1b-things+hyp-abl40cat-42,0.6252641496266312,0.7583364913610398,0.8895864922174508,0.9218106995884774,0.3751553587252145,0.9199594640243216,0.4101111412306857,0.8977939518601293,0.7618361836183619,0.3882759306197505,0.589918275971267,0.708587695866163,0.9712967775467776,0.8555962160379255,0.8739247142910083,0.8282839837505683,0.870863390474065,0.9045330372664456,0.9631734119538996,0.9319816166531496,0.8843477623965429,0.5539641837096337,0.2302786346284256,0.6984520506105366,0.5108161043395738,0.5126836932828338,0.9742229672619506,0.6217566448932903,0.9735530792266792,0.8711374255152117,0.9474661917012996,0.4148083253690134,0.5159501881712205,0.5040625215175928,0.8588583402413189,0.5006210359408033,0.9177528843920192,0.916829408008517,0.7683319783031276,0.8288770444459067,0.5800172540499089,0.5052378545966101,0.37427948370366,0.8042263858590389,0.700537393640842,0.7056798205734376,0.1820004891171435,0.8948861062865336,0.5682777566729208,0.955060324006168,0.9195122760451226,0.831129242770598,0.8337753761353887
align-dinov2+1b-things+hyp-abl40cat-42-random,0.0825286224843985,0.6846999489817431,0.4991875607385811,0.9477911646586346,0.4498973821181103,0.7292691364709775,0.4677974964865836,0.5150142938822183,0.7527272727272727,0.3842405158194631,0.2195383412255809,0.4787601967874864,0.7146399579191984,0.6560133091349062,0.5259668508287293,0.6257144228901721,0.8073891385604877,0.5372042341220423,0.7213333333333333,0.685665078715146,0.6303381210272823,0.5805974414577975,0.1958988402970657,0.4881821341675357,0.343948434551915,0.330644090564741,0.5883983257719806,0.1505406922277035,0.5244190463606785,0.7470460545266114,0.1052614959542135,0.4148083253690134,0.362263796477495,0.5165786033572755,0.55274943295741,0.4444703444703444,0.5489014682564807,0.4962017847923888,0.3730377506311116,0.6108862090918317,0.461624649859944,0.5052378545966101,0.3817348789552902,0.3915145005370569,0.4214593596059113,0.5389333910658872,0.1797819039198349,0.819373604554329,0.342415063692186,0.4115063408598824,0.740179414855373,0.4673181086224564,0.5031183804671313
align-dinov2+1b-things+hyp-abl40cat-7,0.55121448411863,0.7717210417977682,0.9754823263174294,0.8991596638655462,0.3981906208792956,0.9076455354126788,0.4079768361812324,0.8888405997510914,0.8142567110309046,0.3882759306197505,0.4538117122241438,0.7172547158960202,0.966258611325501,0.862374884213916,0.842541747117191,0.9181221107602948,0.8793485168460128,0.7140354055821682,0.9528373266078184,0.9276699475590144,0.9101329569414676,0.5606323501060343,0.1970579659916712,0.8313543599257884,0.5421300936863714,0.6679428813033815,0.9844733997581776,0.3644757934588316,0.6909825999615616,0.9182269797946032,0.6736758840288253,0.4148083253690134,0.6048725367134826,0.5040625215175928,0.8965551661657643,0.7323152258394912,0.786980868988213,0.5705251150233849,0.849216305261852,0.8369596738486174,0.464405324173465,0.5052378545966101,0.4202230414669233,0.4281658965174426,0.5593625036221385,0.6649278752436647,0.1820004891171435,0.880376783951785,0.6904651436268588,0.7868285702140925,0.9098786181139122,0.8991966531492224,0.8571894656805142
align-dinov2+1b-things+hyp-abl40cat-7-random,0.0394755957851002,0.608780461698801,0.5713767411726595,0.9644268774703556,0.5039339086086412,0.6929888227609231,0.450355026803348,0.532803301629468,0.7557837511325884,0.4265021134095448,0.3516718947911949,0.4317421708726056,0.70069033530572,0.713312524380387,0.5259668508287293,0.6926036441743247,0.8664325188994103,0.5399860378529321,0.9379474860147498,0.6183961739517295,0.6326015486258894,0.6260162601626016,0.293508518372531,0.4881821341675357,0.343948434551915,0.3337090968459188,0.5834184246049183,0.105392738220982,0.5921335220651353,0.7926372564456423,0.1979072115737681,0.4148083253690134,0.3446147196833143,0.5226998274870616,0.5640232108317215,0.4479977801628819,0.5394124847001224,0.5031169272878927,0.3948918732860377,0.5505061840337316,0.464405324173465,0.5642959487332903,0.37427948370366,0.4006372427028289,0.4590093488287702,0.5099355328024271,0.1820004891171435,0.8291592950462712,0.3648965999762138,0.2741144349758294,0.8018317570930812,0.4916299048061295,0.5543238177258796
align-dinov2+1b-things+hyp-abl40cat-local-shuffled-218,0.7089411134039457,0.7727105307215805,0.9595454391877624,0.9285714285714286,0.3996281074443846,0.9290996975904068,0.5145730621491298,0.7305720490479657,0.8132264769665998,0.5292398174230699,0.5626280419452988,0.6255273379811523,0.9081269857747164,0.8222658074157093,0.8087695317007089,0.8497647853692724,0.8855051300957586,0.8759410801963994,0.9653406666350576,0.965132792882769,0.7913956552379201,0.6181730923052311,0.1878849903866306,0.9446308973447132,0.3016993221283313,0.2954029304029303,0.9682518895919866,0.75771468491775,0.5626822157434402,0.8810615989515073,0.3029772336861587,0.4118848908702909,0.9361204944728972,0.5376047904191616,0.9355376422215196,0.5937445331777892,0.7500344830037895,0.8755752783447771,0.7130914297913382,0.8776718293394058,0.7193794135040178,0.5010817262859487,0.4148216547112708,0.8949436998310615,0.6360322011583674,0.6036899120883876,0.6108054515703092,0.8877122823995295,0.6341228665121186,0.4228446210401502,0.8606279581122349,0.9032265374918558,0.9082853345148426
align-dinov2+1b-things+hyp-abl40cat-local-shuffled-42,0.8705325414153571,0.7989760509443484,0.9474340427754504,0.961038961038961,0.5004045976851322,0.9186966906241296,0.4237393699844292,0.9065420560747663,0.7090481203938812,0.4186807656140577,0.7457183026584867,0.5276726521820009,0.9089158103242608,0.8759243691945209,0.7233999493222677,0.9032847892959324,0.8945441987724091,0.9894736842105264,0.9756258234519104,0.9787238733088331,0.6593721227241677,0.6155969191270859,0.234131207262755,0.8950908965231216,0.3626021436909689,0.4994268633612895,0.9788027575261616,0.4778195832295517,0.9329939806839956,0.9004864006352987,0.4673131526967463,0.4036082768055635,0.471481829802401,0.5376047904191616,0.9529587608265192,0.6422135655475599,0.8230365950758478,0.937579075792264,0.6896577387105043,0.8591642868475329,0.6348735284290796,0.575761952910588,0.4779020959847522,0.8737666961317105,0.5180773070888604,0.581556164080436,0.354080738177624,0.8966347916838323,0.6491330079014148,0.7283273572294199,0.8956108477351343,0.9704065389730756,0.8778745320388726
align-dinov2+1b-things+hyp-abl40cat-local-shuffled-7,0.7407184772254539,0.7934578959742763,1.0,0.9565217391304348,0.3996281074443846,0.9570093027539835,0.6070145513260767,0.9204999704796536,0.7945491246632599,0.5777481235698857,0.6343950472028461,0.8071007681503173,0.969752485225025,0.7849789254908154,0.8663081072505157,0.9135950759321902,0.9067504311406752,0.9344900550148116,0.9756258234519104,0.9783222452380532,0.8171644236590554,0.6648244387191756,0.2479896687613164,0.9406570325427468,0.4454461874015613,0.490421862063036,0.973481119389311,0.5939788514921372,0.7873626373626375,0.8534479380938388,0.9214739153262376,0.4830985084605779,0.9960321837872858,0.5818354978354978,0.9361702127659576,0.6603978101185728,0.8284538451617441,0.8909816615662756,0.7968271489959772,0.8508947993111059,0.6900027616680475,0.5972746172268456,0.4414916601849452,0.8597090762478656,0.7545483047915584,0.7472570842213276,0.6213051470588234,0.8900916774190422,0.5763576138768781,0.8155939595696434,0.8811775684434862,0.9606969829289086,0.912568306010929
align-dinov2+1b-things+hyp-abl40cat-shuffled-218,0.037928811817369,0.5380258260574604,0.4022218594982562,0.9565217391304348,0.4432861040673258,0.6914612111674534,0.4372536120248157,0.3829800821870308,0.7603318250377074,0.3309308332337591,0.1356395431504785,0.3662693072331666,0.6380920314253647,0.5777777777777777,0.5407038748666904,0.6623512805001008,0.7496019602008409,0.4817716333845366,0.7042691758313107,0.6270676691729323,0.6304176516942475,0.5711232103246622,0.1542709037638043,0.5039721254355402,0.3183123841342922,0.2942812682357518,0.571291263802277,0.0854805561692071,0.5312632681366583,0.6071808937144403,0.1052223868631201,0.4101111412306857,0.3988175422840891,0.4580127132820341,0.5241718426501035,0.3810818465024072,0.5742796236401059,0.4915691569156916,0.3952566172298389,0.5084033613445378,0.4270288410288805,0.491374681165257,0.3629764065335753,0.3333333333333333,0.4478252194732642,0.535511452287337,0.1953576547833726,0.5698991750862124,0.3753916040100251,0.3264771612914087,0.579446729234771,0.5022241732513901,0.5237860558553654
align-dinov2+1b-things+hyp-abl40cat-shuffled-42,0.045855782000182,0.5925864973943028,0.3775712145291121,0.9915966386554622,0.4614587262285868,0.6542325093049731,0.4090888066604995,0.4547073934686211,0.7603318250377074,0.3221708611539119,0.2111719420721831,0.3479657547550389,0.6606002246830365,0.5929505759260276,0.5407038748666904,0.6661052631578948,0.7858878961605789,0.4817716333845366,0.7926369009470909,0.6471575866683354,0.6629683384400366,0.5711232103246622,0.1542709037638043,0.5067063492063493,0.326871438837911,0.302536077349592,0.571291263802277,0.0938347151019582,0.5312632681366583,0.6871712619062553,0.110152284752862,0.4101111412306857,0.3988175422840891,0.4580127132820341,0.5077639751552795,0.3810818465024072,0.5742796236401059,0.4915691569156916,0.364957507296345,0.5084033613445378,0.4270288410288805,0.491374681165257,0.3629764065335753,0.3333333333333333,0.4478252194732642,0.528092718568909,0.1953576547833726,0.5879061941116517,0.3662785432773765,0.4035502958579881,0.5246945235834125,0.5022241732513901,0.5944235642553365
align-dinov2+1b-things+hyp-abl40cat-shuffled-7,0.0563162041765294,0.6817777591048183,0.468777150968563,0.9830508474576272,0.452447310974063,0.6320537305831423,0.4090888066604995,0.4177676472818258,0.7603318250377074,0.3221708611539119,0.1666578935416698,0.3396982213684416,0.6561603190816674,0.5185185185185185,0.5407038748666904,0.6623512805001008,0.7400087366136165,0.4787045366919419,0.7290846912609006,0.7991338102723685,0.695077064642282,0.5711232103246622,0.1542709037638043,0.5067063492063493,0.3183123841342922,0.2942812682357518,0.6289698139086164,0.0848641308903156,0.5312632681366583,0.60310769157627,0.2029441320068886,0.4101111412306857,0.4240951794910783,0.4580127132820341,0.5106154375107443,0.3810818465024072,0.5715655364419124,0.4915691569156916,0.3733248650365194,0.5084033613445378,0.4270288410288805,0.491374681165257,0.3629764065335753,0.3333333333333333,0.4478252194732642,0.5330537122824589,0.1953576547833726,0.5624391685996271,0.3819995901208798,0.3594844074844074,0.6474012768139776,0.5268501691007671,0.5788161563097624
align-dinov2+1b-things+hyp-abl50-218,0.988630478972956,0.7889982663303496,0.9945391615610484,0.9362760298642748,0.6625070523670308,0.957777071413435,0.9736394557823128,0.7864270559476039,0.8839832666171789,0.6960081376621174,0.8965712917157445,0.8762300693579668,0.9715393722441292,0.8998952002657421,0.8071292279521867,0.944903024175016,0.9044879517064373,0.9854014598540146,0.9337323724913588,0.988860028860029,0.9513296275998852,0.7918628305725081,0.7979815556252137,0.9369306680161944,0.8419600485597616,0.8643731215904112,0.9939324872658208,0.8790667297254691,0.9141548994437312,0.8524760807937632,0.9588411075404688,0.7756242969628797,0.919147154007234,0.9154022677577152,0.8357321471784648,0.8162977583533061,0.9039559106798888,0.8007558642233565,0.9665436595620346,0.9651645984636203,0.8951473526754418,0.8374367802178847,0.7754828026289566,0.9716752788748594,0.7293848345468604,0.9778013664671136,0.9402769495792752,0.8644471038089834,0.8932148846717878,0.948728738124909,0.8598324549711799,0.9172683644384017,0.8174656784132805
align-dinov2+1b-things+hyp-abl50-218-random,0.9376979039161588,0.6531114429983643,0.9122800696571188,0.8947642401161675,0.6099277604067314,0.8560597699765561,0.91156462585034,0.3488304891858598,0.7917377086473114,0.4618962619379552,0.7793195543052198,0.7603554098782094,0.9485386815198784,0.7245598550657315,0.578306882747392,0.6547942612199641,0.8406253026463021,0.8726420704245706,0.7969008645530801,0.8920959316308154,0.7985638699924414,0.7303630383950015,0.6681265448995504,0.448573734902583,0.7035564011134908,0.6714373972108083,0.7352472089314194,0.7265538908135284,0.7451521478673355,0.7431935534345174,0.8355286048107643,0.6769629205886942,0.7243952126305067,0.6385064757501181,0.78520421060234,0.6964045515686916,0.7782881848273998,0.7628946295433364,0.5810604916750168,0.740626819574188,0.7121850501661451,0.7235607525107266,0.6342717775228882,0.3865810499772764,0.3867797947908445,0.6733868947201389,0.8552116844799772,0.7501334709087347,0.7823502514860539,0.7339681111610937,0.8880082373288775,0.9015132741205076,0.7070658689895704
align-dinov2+1b-things+hyp-abl50-42,0.9934598886245214,0.8122634879772803,0.9945391615610484,0.9909389351279956,0.6580808665831254,0.9582817451486212,0.967177902551155,0.7593436961990147,0.919551961736396,0.7063483826327625,0.8818477839550313,0.8855905998763142,0.9855951822904212,0.8966743056295294,0.8592969236240775,0.9067661965665204,0.9104191801216726,0.9703949320515104,0.938944208745952,0.9666666666666668,0.9429820452771274,0.7848981288981289,0.7221661762156777,0.9449158388520972,0.8632874065788805,0.8734983667287609,0.9939458118876444,0.8788957798288605,0.9757353926561244,0.8446112610085575,0.9832869080779943,0.8055335682660161,0.9196462898885044,0.9092315669744412,0.8620150036299103,0.8463077334388561,0.9285988559492176,0.958662114912115,0.886237723130116,0.935285567197626,0.7806878749492101,0.8244317226353154,0.7857468199442215,0.9858538032249176,0.7551569230295044,0.9410838894108388,0.9403470504360932,0.8262891163282465,0.9062031187635052,0.969246963562753,0.9439733080382636,0.9705388459298784,0.87445680099553
align-dinov2+1b-things+hyp-abl50-42-random,0.9378155113664196,0.6793652305556398,0.8421573760659178,0.8815423514538558,0.6435751627903681,0.8874055237691602,0.8601022329835889,0.3161726568342004,0.8014815239441913,0.460690683430045,0.7246341532417169,0.7391427760431452,0.9708029197080292,0.7789578794480755,0.629864256074338,0.6837606837606838,0.8622515208255929,0.9007734536429104,0.8679452540800175,0.7968102073365231,0.7630401389167167,0.7848981288981289,0.6490913174658758,0.4142568407960199,0.6974710221285564,0.685909395013808,0.7112382388617513,0.7320572642445499,0.7357018330766236,0.5866308301467658,0.9395584306968816,0.6717255612604449,0.7869470204939046,0.6364326562182999,0.7961808177796958,0.7181779865125241,0.8079671274327763,0.8526905283662042,0.6492026978389122,0.6027264239028944,0.6267004081178273,0.751204677259654,0.5721871908811667,0.5804503956177725,0.3867797947908445,0.6256447392387968,0.8764037889141452,0.7708750465277445,0.627920227920228,0.7043095458758108,0.8877786374857227,0.8351844147767147,0.7815661300147413
align-dinov2+1b-things+hyp-abl50-7,0.9918431297395564,0.8072763369534687,1.0,0.9449937330045836,0.6652121261409396,0.9582817451486212,0.9607614258777052,0.7913235000589005,0.910218703344203,0.6515428328292543,0.9023896036029212,0.8623533724340176,0.9855951822904212,0.916554726576402,0.7950880997294334,0.9323437053953754,0.9096507651277108,0.9631306975906838,0.9644578255584786,0.9720267385319268,0.925950043411474,0.7804364649435072,0.7905121228431082,0.9045673076923078,0.908071507223832,0.8516009078559431,0.9939458118876444,0.8332807368187289,0.9698796423410592,0.8395115366690988,0.942778142234788,0.7933794162826421,0.9738562091503268,0.8465358107518159,0.8576369282891021,0.8321827171265496,0.9389312977099236,0.9311035248535248,0.9214142741911392,0.8338867045289065,0.8185205107470931,0.8518169122870575,0.8601494337136631,0.9621963782259814,0.6236417921327668,0.914791331368631,0.8850103131973728,0.8319330060163768,0.906591362832396,0.9743643780154936,0.928056083985063,0.9705388459298784,0.8222868217054264
align-dinov2+1b-things+hyp-abl50-7-random,0.8632138745909271,0.69806016390316,0.7623093630000242,0.87255205972855,0.7424932977435834,0.9286109929674286,0.8256892230576441,0.3820399174803675,0.7719032047089601,0.6020136778115501,0.7433267633486285,0.712424781223593,0.947746006196004,0.7359557462098297,0.75410571967532,0.7021818181818181,0.8266058446186743,0.9168497218443492,0.7621816130851664,0.7772005772005772,0.8086281672865571,0.705587044534413,0.6329727144716917,0.4277651965970201,0.6851432880844646,0.6334899980357606,0.697487678807549,0.7344457621211795,0.7060876996910131,0.7767758378426859,0.9232638256145924,0.6188462356649713,0.8179496489954007,0.7434229802720789,0.7084019650657644,0.7410860860249219,0.8385754462492109,0.7884238220521407,0.7167190415771267,0.6472548167463422,0.7502805095373243,0.7160147269720045,0.7106688165410187,0.5415254881748051,0.4314929827903728,0.7116231897253795,0.8464264417752789,0.834886945043356,0.7495649316571836,0.7398078638207284,0.8943804749198135,0.7948848671833848,0.6973187491988573
align-dinov2+1b-things+hyp-abl50-local-shuffled-218,0.9725979076742628,0.6010860484544694,1.0,0.9526332116352876,0.7646780303030303,0.9672273057988178,1.0,0.8156574817933279,0.7181507121827008,0.6897893675721563,0.863995258793405,0.90250108985472,0.9662657043571238,0.8097203506633704,0.7992596448608943,0.8431122448979592,0.941043680498156,0.9933940336072248,0.969975845410628,0.9877459356995454,0.958358650196146,0.8616704645965639,0.8259568848536735,0.8962716689967286,0.8962617020163045,0.8545694585705577,1.0,0.905353413582626,0.9723522458628842,0.8263100078486662,0.9691146073364584,0.8791149371751013,0.9759512926061829,0.8199492186255033,0.9085847431015692,0.8073166753594977,0.9569627486695952,0.9263026607538802,0.8881988177568289,0.9271719975581943,0.8543709796477907,0.8109816724565456,0.820314981692943,0.9458634798414544,0.9301182930275748,0.9520456333595594,0.9195999864823268,0.924504036886006,0.7973231263118904,1.0,0.9309198797759906,0.9636252704674684,0.865423126614987
align-dinov2+1b-things+hyp-abl50-local-shuffled-42,0.9607020181137066,0.7260864362497756,0.9661494879626694,0.9655366958428034,0.8493901740723775,0.9798993803668522,0.9817809914925174,0.7857277531251384,0.7561442686159532,0.6637028370868675,0.823140151422149,0.9132540169523492,0.9829567974633372,0.8855300612315697,0.8053282482831046,0.8365776997909949,0.921951121801164,0.9732225300092336,0.9347584620440356,0.9631310133406468,0.920404521118382,0.7371176285083569,0.7977977689227295,0.8823656494733999,0.8961780600590561,0.8911447823029414,0.9734601760475776,0.9388210380226903,0.9583333333333334,0.8399533373269856,0.9527933969200688,0.8388564002599092,0.9940232101753108,0.8262544152383815,0.9290855582739423,0.8335730530456696,0.9397478481374336,0.9059863145963646,0.8700574512215268,0.8728911156712772,0.8304589359891897,0.8225810756315917,0.863119857397268,0.838655462184874,0.8267793440125037,0.8788860575172917,0.9661016949152542,0.8924960010978219,0.8430531934654211,0.9381443298969072,0.8965956132308643,0.96958516352013,0.8931374427765356
align-dinov2+1b-things+hyp-abl50-local-shuffled-7,0.986954290207733,0.6934839666780781,1.0,0.9244521138912856,0.7583171785897475,0.9662107679705824,0.9568982482601652,0.6889175593526266,0.7561442686159532,0.7441182396406815,0.8671137055521941,0.9182993197278913,0.9829567974633372,0.8242370164522574,0.7730636970235248,0.8235891093033951,0.9323489315467072,0.986842105263158,0.969975845410628,0.9259547226778204,0.9417021102746044,0.9049055116916968,0.8331493031116374,0.9160420683964268,0.9222213455137364,0.8911447823029414,1.0,0.9103231580930846,0.9723522458628842,0.8999009811864255,0.950079715663874,0.8176361957525393,0.9820696305259328,0.8326172574292875,0.968457983647857,0.7991391266918554,0.9741776492017572,0.8924711716752795,0.8991068832301748,0.8728911156712772,0.816919149917613,0.7856821714537974,0.7647542041502576,0.925962628415807,0.8461154268765896,0.9312175606548088,0.9153821324384732,0.9154870504351472,0.815173478448767,0.9793704572819716,0.9347330860426526,0.9757501803116456,0.8928715728715729
align-dinov2+1b-things+hyp-abl50-shuffled-218,0.6203003726557703,0.4993589743589744,0.4917659047282156,0.787012987012987,0.5674269898835655,0.7328271350957316,0.6603611686259846,0.3485669637772686,0.7508928571428571,0.4710523669507785,0.549186989086913,0.5403856879282525,0.7477231329690347,0.4982139208646823,0.5242138364779875,0.5125896013163154,0.760241603121026,0.6257131471539704,0.591879307719419,0.5373789872984596,0.8256407296236435,0.6185871470890515,0.3541418764302059,0.5561147186147186,0.4576138269931373,0.4253302566526269,0.5795731752497073,0.5435515238933855,0.5521931315878953,0.3301993390896492,0.3485291647729552,0.5468807613905954,0.6559213489255155,0.4986223595224179,0.5733333333333334,0.5774238143263035,0.7238058427545334,0.5798374054810088,0.4686264869267856,0.5751474144724328,0.6151329586444091,0.5576190819539295,0.5265886287625419,0.3758878802357063,0.4223676569832226,0.650747302210168,0.5025296959410522,0.4434058355437665,0.609059431513174,0.4937809108849741,0.5861819781762083,0.6347211281676881,0.5316688901594562
align-dinov2+1b-things+hyp-abl50-shuffled-42,0.6221361983672253,0.5453651172767964,0.5066496304018938,0.7907647907647908,0.5063821131320665,0.7402494675996348,0.5963538302611536,0.2884524463438418,0.7978919631093544,0.4939672197902881,0.5941957515656918,0.5687362984832416,0.8183365118504107,0.4452570588840683,0.5615303983228511,0.5650915907655317,0.7519882676334858,0.6928359923984619,0.6288098302129603,0.699468026192578,0.8414915723851304,0.602028837181301,0.3278092546253678,0.6154538634658664,0.4615507012479258,0.5151928450089124,0.5478640057796479,0.5125061301071131,0.6195476161193785,0.3301993390896492,0.4537504311208134,0.6365509826775452,0.6950918140490215,0.4754218635363169,0.5822072072072073,0.5260461760461761,0.8007567140785561,0.6033189787408105,0.5536571536571536,0.7058470764617691,0.7221041347060236,0.5576190819539295,0.5094136102048357,0.4253555967841682,0.4932275671439234,0.6937456631245397,0.5448531101048549,0.4385892292343289,0.6213718616280869,0.7577034673808868,0.6563706563706564,0.6461752175097871,0.5476190476190477
align-dinov2+1b-things+hyp-abl50-shuffled-7,0.6420380032519181,0.4016522692993281,0.6350771982429838,0.7785058977719529,0.5557358274479862,0.7082973445839702,0.5726305172596441,0.3459773086313371,0.7508928571428571,0.3669095132509766,0.5379303905467188,0.6114623480738661,0.7996969279515085,0.4205628109703797,0.5574548907882241,0.5510194359756098,0.7768956856586334,0.691823509732737,0.6950167416803283,0.606977429114568,0.8042213118065824,0.659757508678372,0.2969847181539848,0.525,0.4445019181861286,0.533244638390719,0.5795731752497073,0.5443553625171677,0.557853127545041,0.3399806569233649,0.4487033499853071,0.5405520867564904,0.6162978391044,0.4948525737131434,0.5333333333333333,0.4597104844782863,0.7724361101891802,0.6555929807052561,0.614712284682327,0.6142564946913697,0.6203997897411561,0.5576190819539295,0.4222550856091228,0.3758878802357063,0.4444923712036425,0.695999334105166,0.5214381578017941,0.3418332381496288,0.5057921115355218,0.6744106366600509,0.5773981814426951,0.6845318834175489,0.6135912698412698
align-dinov2+1b-things+hyp-abl70-218,0.9640940732814752,0.5582999803390235,0.9217738186460508,0.7967249252086286,0.8217758648174718,0.7952971744956399,0.8053620172427772,0.6384529718722158,0.6508905266390296,0.4876459168494566,0.7021088073719652,0.8215192731311134,0.8554574951330305,0.8895348837209303,0.7639025698395577,0.6824937025226221,0.8577623714090143,0.8223443223443223,0.754348616670244,0.825110191490997,0.6817757766369289,0.5874281786707338,0.6917946750348986,0.6751384274640089,0.6949514641018338,0.5506185197868767,0.7738096072480731,0.8753324098500955,0.5880920397020408,0.7036792099651523,0.9326845011216256,0.6116648866737867,0.7364747802875777,0.8346808738487899,0.5645161290322581,0.6611210140621906,0.8458974851680158,0.6815331010452962,0.7206678357975593,0.7773306665396765,0.63467169169288,0.7049269402179565,0.445067722184427,0.549907156555356,0.5116421568627451,0.7902481133612032,0.5341189871399119,0.793481630523884,0.7351290684624018,0.7963172980360181,0.7656269583081308,0.7146498043753787,0.7078701825557809
align-dinov2+1b-things+hyp-abl70-218-random,0.7956391487591052,0.5302503467230086,0.7061611771583497,0.8304414003044139,0.7904695425566569,0.8041259141111678,0.8476668259276954,0.4581879844961241,0.8022593972388193,0.4277777777777777,0.7336981985948986,0.8217167211814848,0.8606499111449607,0.7894160846713227,0.6889479436295657,0.4544598108301616,0.8351083793137057,0.7663165011181029,0.5585308966644723,0.6722973061526778,0.6803588574591226,0.5388327696298137,0.4801370495607581,0.5977720968302556,0.718677865098455,0.5419935534878064,0.4656912034950244,0.7031698767192868,0.6279178244435129,0.7180747694516539,0.809146348558662,0.5543459502991257,0.6325528720457663,0.5737851662404092,0.6370457260779842,0.7036813718822924,0.7515930266630046,0.633787219440675,0.5509799472030521,0.573775989268947,0.5305435305435305,0.6413485134972039,0.4922054660269166,0.4721161879056616,0.4950995931464058,0.5839849232126387,0.5923933143669986,0.6750920934103863,0.6408972732752183,0.601329481199145,0.7469879518072289,0.6672038267486421,0.626475352927563
align-dinov2+1b-things+hyp-abl70-42,0.9634098043184082,0.772505159484892,0.9805412115307752,0.9623492475384756,0.8887696069660642,0.883272997308085,0.9006415526558033,0.776140174379611,0.9362397653672248,0.6403964134025485,0.9244165648169208,0.9482426637861902,0.9784365610366514,0.8586491527245865,0.8893233082706767,0.6514548816938215,0.9185496179952728,0.9826936846210712,0.9502023243145294,0.9658174937600368,0.922327838974488,0.85186242681246,0.6864481742530524,0.9078259995981516,0.7397213642963474,0.8559164699663966,0.9688325470407968,0.8790732120186204,0.8504583461113554,0.8532444590080521,0.9400978293403436,0.6175825811282957,0.989983579638752,0.7586086849813528,0.8912964773179827,0.8326715430163706,0.9284083616788528,0.9118727050183598,0.94064597954984,0.8791223618358244,0.7722396650968077,0.7049269402179565,0.7356274491164697,0.6011261228005415,0.6227886710239651,0.8959813573025158,0.8341346153846154,0.8820015922926465,0.8136432886787497,0.9450929296598414,0.8956940144322191,0.9342863987132762,0.9233603984854316
align-dinov2+1b-things+hyp-abl70-42-random,0.7713988646083288,0.5721477353353737,0.4860438080198819,0.8447155284471553,0.7191919191919192,0.7746455279310716,0.7522479854548719,0.5135753202224951,0.7985058821264224,0.4514465408805031,0.6885598284402494,0.7075869510709936,0.9516691832019932,0.6340920022544654,0.6975069252077561,0.4667191409238659,0.7759385772636589,0.6732467532467533,0.639943722477228,0.702433123112544,0.6966389739173487,0.5991026107444173,0.4215493689177899,0.5598848914565826,0.4101161050715302,0.6272380609380008,0.4924066433202733,0.643166089965398,0.5244190463606785,0.6768783979839256,0.8060468025949953,0.6244041708043694,0.7411580119445287,0.625591807068372,0.5591397849462365,0.8478664914066034,0.6854718047256354,0.5601135190918473,0.4888839658048373,0.673881673881674,0.5262579384465071,0.6472699792178348,0.3903883640725745,0.4223354597706724,0.4567527268030949,0.6566170026292726,0.5333210204830938,0.540479737809703,0.5504916681387271,0.4937225510642682,0.6611229572330032,0.6229625702054121,0.6315787340787239
align-dinov2+1b-things+hyp-abl70-7,0.9294640611803764,0.7676358690796896,1.0,0.9468228240789152,0.7321212121212122,0.9397321428571428,0.9640348510577518,0.8264551222067245,0.8452674482966841,0.735618597320725,0.9178777856061502,0.9108583605907424,0.9731495462233296,0.9189854646125576,0.920448182203545,0.8940104736237618,0.917258955740352,0.9828047118883771,0.958454714551438,0.9785922501649532,0.9262648473476466,0.8156404082100677,0.7187107370034199,0.9460284746474192,0.8749808480202842,0.8395520161216333,0.9947721016256236,0.8858348438809616,0.9376038234767724,0.8468824094061859,0.9688508712569786,0.7496027805362463,0.9497209590739976,0.8386278996724548,0.8384759233286583,0.8655943492900015,0.9625117933799828,0.7815602836879432,0.9402398341175344,0.8733938019652305,0.6991641288741347,0.801080526476105,0.8170979150271643,0.9601390479086446,0.7935613396870504,0.9443135443513812,0.907263059117923,0.8541337092603932,0.8515967664852632,0.9915611814345991,0.8234436998368285,0.9393702974296824,0.873596645167172
align-dinov2+1b-things+hyp-abl70-7-random,0.817875131863661,0.5650021415262398,0.5192516692331477,0.8585788903124076,0.6983588002263723,0.7669099512314888,0.7665767240235326,0.5647893306150187,0.8497171419015028,0.4566250742721331,0.6804596349921808,0.7312961172003725,0.7717506326201978,0.6945997812674108,0.7078373032549435,0.4458898105921061,0.753529570456521,0.7341450141945806,0.5715219086157304,0.6641256354608889,0.766983516923464,0.5585954132643436,0.5061301970827202,0.6528239049045796,0.4455214707752941,0.6976688362645986,0.5805678312676122,0.7472989740064355,0.5244190463606785,0.6624727754997749,0.8769243442730988,0.5921302072921047,0.6989496447327772,0.615680898289594,0.5724526369687659,0.7786195286195288,0.75686457624882,0.6061485190211033,0.6022970501031527,0.5998911779053623,0.6038961038961039,0.6205764108749183,0.4674892283587936,0.4824668508879035,0.4614965413793475,0.692991879438943,0.6639769310726381,0.6004523073399748,0.5810244172093463,0.5808001026823443,0.7709271244533079,0.6119160170804279,0.6160900561630966
align-dinov2+1b-things+hyp-abl70-local-shuffled-218,0.9595036650319044,0.8076101174119277,0.9632726676616103,0.9251967601144508,0.7487735073668023,0.9547823033707866,0.9098124804259318,0.8904878891405321,0.8661276759820993,0.7715912998074028,0.908618481572964,0.9362326774327626,0.967829619742598,0.8579174708206966,0.8192151491120563,0.671496141399054,0.9201848763551288,0.9588689393225523,0.9417592150744584,0.9332440383137685,0.8753510294511946,0.6191154057829898,0.716222343585661,0.9363934239509584,0.8914576413308021,0.8489120819391015,0.9843501991495331,0.9274241923021692,0.5935284037686912,0.8793788056533155,0.9676341211306354,0.7196949623622194,0.9584655132329892,0.6743970315398887,0.9704589606605148,0.834288489558038,0.9201760602782648,0.8991391031618208,0.8012898942476406,0.8283474103955557,0.6103343423785413,0.5474285714285715,0.636966890163821,0.889597800925926,0.7169459596704179,0.9122564517314904,0.8347756226665609,0.8799512116376988,0.7741126636257648,0.9515324454362216,0.968402055093714,0.9762450062913468,0.8985091664428139
align-dinov2+1b-things+hyp-abl70-local-shuffled-42,0.9521329989264168,0.7432929476501527,1.0,0.9414722704196388,0.5974761379621902,0.9553099833998712,0.9145853937123036,0.7384890149170414,0.8844751773049645,0.6060028939543703,0.8875097269041029,0.9521973060140392,0.9676360505853592,0.8205750533664228,0.825151057003935,0.5642064913438276,0.9504969524546092,0.9894736842105264,0.9416458694304471,0.9867746696868364,0.8838451960987758,0.6065354546701412,0.7122430853426858,0.9472344611778004,0.8696855107593565,0.8760406280936996,0.9790575916230366,0.9503507610645856,0.9507328066712674,0.8683066540940797,0.9630303791112226,0.7499805068226121,0.986060746585982,0.6722577737719694,0.7582051282051282,0.8239315201554153,0.926617416916674,0.8793693009118542,0.7619513874692002,0.8161852996203928,0.8405918834717325,0.7486403508771928,0.7913182123708439,0.8760108107779258,0.8716672417759374,0.9209484265033584,0.9502545583688128,0.8816677547019933,0.7846666277099281,0.9735662301049104,0.9247485357779476,0.9667430088078852,0.9022888102609464
align-dinov2+1b-things+hyp-abl70-local-shuffled-7,0.9772253877237432,0.812277738865166,0.9959174122439428,0.9590365956384738,0.6975050364171703,0.9387157629514048,0.9404976582797756,0.8009289832945826,0.9200781891342674,0.6981372467530774,0.9177195913152753,0.9561808694168143,0.9741880502750068,0.8332258305014633,0.8263305526210338,0.6242291905328414,0.9494603548513928,0.9895413533834584,0.9297556613749104,0.9377653636852912,0.9488920869818456,0.6282577925474631,0.7907954033348356,0.9294598825172944,0.8155702027111056,0.8998202454642551,0.994771066497224,0.9455035738712486,0.8951753848944516,0.8911482262930608,0.9678025847421792,0.802493098688751,0.9768774819334076,0.5980479148181012,0.9505275426328058,0.8493592677345538,0.9388478474305618,0.9052971937248014,0.8960409359980701,0.8350308629298928,0.8349990938700053,0.5689972899728998,0.7881585709893898,0.9791347334049813,0.9470139347788232,0.9191810931318164,0.9404537143362292,0.8422568010398624,0.8642277875743101,0.9735693078550338,0.9435141086087644,0.966904272101975,0.8789851340680469
align-dinov2+1b-things+hyp-abl70-shuffled-218,0.6707416070445789,0.5187163339120678,0.5455536562968823,0.8194258398340031,0.4803229388209625,0.746655879180151,0.5925922220666013,0.5017542868783399,0.7862644415917843,0.3648860610721359,0.518138451947551,0.5804558823529412,0.7570647774729408,0.5149244681936049,0.704876160990712,0.4222348127163991,0.734830956509545,0.5656840513983372,0.5604143947655398,0.5463231258158404,0.7691114531505411,0.5751802065069159,0.2943531318301683,0.6081525673348144,0.3623875183132639,0.5116739667234993,0.6503796170840439,0.6285078517388265,0.5291753093484014,0.4116112632380977,0.4593588857187975,0.5386604943142463,0.5909667042544078,0.5478912229278619,0.5636431673358115,0.5680344629067159,0.7542066328072485,0.677070840820959,0.5918205280921183,0.5672273203650213,0.474590256160222,0.5393699530816125,0.3787989133576094,0.4101986987867064,0.6044340811222475,0.717036180194075,0.4712323193643348,0.3762291947792411,0.525292406026351,0.4643435881067544,0.6286424494735342,0.7398815633636004,0.5814715132616872
align-dinov2+1b-things+hyp-abl70-shuffled-42,0.6583397449272339,0.43773288389965,0.4076980199787217,0.7294630334602284,0.4752530608310035,0.7023143443643205,0.5366147075004585,0.4417945275540212,0.7762854317732367,0.3704821108929386,0.4872075066105317,0.4133256847841675,0.6702791723414804,0.4031013839050654,0.555921052631579,0.42641627543036,0.7202830560570558,0.5536717018586248,0.5288736087640581,0.5550244263860526,0.6725417439703154,0.5779745262503883,0.2666031573217202,0.5523159434422232,0.4221657222050059,0.4039741813389206,0.6159698667616137,0.5485914622916523,0.526829268292683,0.4252970738809826,0.374119868754658,0.4702762615806093,0.5916725252241467,0.499244826777893,0.5406017877376307,0.550481665378984,0.6554770963991391,0.554301640388597,0.5031045206555542,0.5380116959064327,0.5353105948261657,0.5868518799272286,0.3841831263591526,0.3602524443510762,0.4308597855791465,0.5925742064856481,0.4553208163931225,0.4371382544814743,0.4533383601300071,0.5191215691767191,0.5035272579612794,0.5619655568312284,0.5075826211491462
align-dinov2+1b-things+hyp-abl70-shuffled-7,0.6302223095618862,0.4785958473091629,0.4536272367729624,0.7886223191566704,0.4733805579983958,0.6673028832009414,0.5676026616954069,0.3872448244247421,0.7862644415917843,0.4115089917792917,0.4690168194701107,0.5062270831694075,0.7321471179738896,0.4704771038120355,0.6409096888291264,0.4650355405910961,0.7213047231803816,0.5616837834411056,0.4932495995060727,0.579604512312001,0.6837092731829574,0.5779745262503883,0.2650677596572975,0.5709912536443149,0.3998539267915449,0.4579924090763283,0.6685687975060952,0.5675717477971571,0.5378646148420851,0.4225787284610813,0.5089058524173028,0.4550166659324846,0.5587402027241182,0.4651372195904944,0.5795106885236001,0.623248202892279,0.6430691938798813,0.6233959115561118,0.6143765399788073,0.5380116959064327,0.5568090446139227,0.576019123958203,0.4377621410200783,0.5041269249006941,0.4853323994208779,0.6715848506650431,0.326518691588785,0.5691343051101371,0.4598154965127442,0.5996620416439797,0.581832719749638,0.6939001629388238,0.5596804511278195
align-dinov2+1b-things+hyp-abl90-218,0.8905349039905023,0.7350981655749572,0.9771192828276348,0.8867146863491988,0.7450100076886442,0.8884554891475306,0.9387115394267932,0.8578081207330219,0.9435564435564436,0.6588905165980264,0.8387297603207206,0.8469770871996971,0.9595012198427758,0.8341185121513287,0.9085493584708038,0.7828510517225488,0.8946397825079214,0.9628097692229832,0.9248469506235534,0.9708345963723538,0.9284322159007028,0.6531356065859945,0.7464021573783594,0.913374284915787,0.8484822435269843,0.8371049707715487,0.9804447769843913,0.8509308359774418,0.8916220862564201,0.7778092654500929,0.9151144381326336,0.4890068618676214,0.8709568991055772,0.8101493697386812,0.9130185591907808,0.7719034221029901,0.9680776014109346,0.9245825275911068,0.8881563367856099,0.9253310748383125,0.6848023625624716,0.5667966863017945,0.7693662131876047,0.8163650986642023,0.6194865267632003,0.8229954276792684,0.9021082498888358,0.7301538533663063,0.6397078853994452,0.946121976981352,0.8565961893213275,0.9592382146727868,0.8710917163723988
align-dinov2+1b-things+hyp-abl90-218-random,0.4392226317467236,0.5520632317879887,0.6527362590993724,0.76611933116805,0.6244924241385814,0.7957904840257781,0.7036752035878674,0.404305080668717,0.7847534071967841,0.4561455741705846,0.6443122425985911,0.4932989079494053,0.7845106265905496,0.5068298910673389,0.5831771076808402,0.5326038768098854,0.5341466013211165,0.6058894480182611,0.6087439660033283,0.7432670716464359,0.5408206429780034,0.5990577043208622,0.5314459531784366,0.4989683124539425,0.5371130062242341,0.6139735348856813,0.8264767793903405,0.4071752927975314,0.6077175897748022,0.622881991303044,0.2467798750571691,0.5105884351548533,0.6033904870639564,0.5413465642338882,0.5850756748322671,0.6356370746792547,0.5830984522573307,0.578870259615709,0.4971496447167313,0.6619146560246038,0.5009706115696899,0.5644461878844778,0.4159766564138149,0.4841627116143018,0.4759353239702584,0.6279883381924198,0.5421258178441276,0.4379742017211033,0.5167672617598683,0.3900253592561284,0.6878257621588882,0.5443699377814554,0.4807782621331009
align-dinov2+1b-things+hyp-abl90-42,0.916839465154072,0.6827791979062173,0.9504099395500112,0.8501993556430609,0.80302695949865,0.9037433155080212,0.8830796165857747,0.7830645814248446,0.936,0.715527583255691,0.7482432124691741,0.9328585992208456,0.9728044637797614,0.893192024029025,0.8586418556567811,0.9360179382040612,0.8689819558852606,0.8969459556379666,0.9284824624595333,0.9375609841744011,0.8874917016237276,0.6207931082273572,0.7633942370928536,0.8969397029880122,0.6993994090441933,0.8658766127462328,0.9611452269600808,0.8190652926153764,0.8839374379344588,0.6804874782375787,0.8154396799244152,0.5426669122871655,0.9591836734693876,0.8358716294487215,0.9107261695047952,0.7818636693922977,0.93174064267736,0.9549492506798996,0.8284157256050833,0.8850197259205991,0.8073979740860604,0.8609433697737898,0.7307208733939254,0.8929623758910077,0.5715919965901872,0.9381195335276968,0.7437367092418992,0.7298722123386061,0.8036020805251575,0.9768984454824112,0.889156271233355,0.93885732200918,0.929041906746314
align-dinov2+1b-things+hyp-abl90-42-random,0.3036805638975028,0.5396342596079022,0.5165250349904522,0.828321432163331,0.6908807570267175,0.7935585804569762,0.6237609880376467,0.5305662355948704,0.7496894409937889,0.4370629627379735,0.5656452240707931,0.4800218599467196,0.8589408912921872,0.3659870461306661,0.6223978497494638,0.5955899528600577,0.5700970229488757,0.581636490973231,0.6158225295303946,0.6268424668329381,0.5677480547309997,0.6474462800993412,0.4879960517148377,0.5097724166047147,0.5631498654110976,0.5635778127966905,0.6222876097905027,0.5282826228193188,0.5906236287845547,0.5059625105652388,0.402373101745115,0.5454862693235238,0.6528300782678663,0.6388942873591458,0.6513079881369964,0.5722696094060816,0.5752221223919337,0.5397121535181237,0.4542476211873917,0.5973842602135466,0.5348541758727353,0.5672130702863081,0.468641975308642,0.5782729332076331,0.5715118176028163,0.5849535760250045,0.4409310322026052,0.4046813630090938,0.4875825478215394,0.4834697005892658,0.7392146132999792,0.5498649255562055,0.5690220897031208
align-dinov2+1b-things+hyp-abl90-7,0.950607288454031,0.8007380073800738,0.9694941440208016,0.9347581940728732,0.8069978692385331,0.9002172540429095,0.7051323851417922,0.813279722619301,0.8863442389758178,0.7565257677323737,0.816417260143165,0.8535347563056691,0.937669094693028,0.7976103147696558,0.9090711141663278,0.896401710045261,0.9264692163923164,0.8911091549295774,0.936378037282186,0.8997269500063141,0.828424585052261,0.8452591245983666,0.7131341067954331,0.892096920289855,0.7115166739536548,0.8031005482220023,0.9755983602528964,0.8490550362033925,0.62630431675243,0.7276318635654677,0.928527341417482,0.6626386300581997,0.9300341031935162,0.5683304559529374,0.9384655205296568,0.782243736176076,0.90171291538198,0.8249431366510279,0.9275624064711988,0.8909402116208399,0.8166612360160748,0.5472117641141522,0.7492540458997483,0.9387098828176016,0.7354961861036344,0.8795707559954626,0.8202792930824293,0.7723705595542141,0.7228040769905455,0.9691979273098816,0.874085736658836,0.9386106279507296,0.9019565146914208
align-dinov2+1b-things+hyp-abl90-7-random,0.2504162264487232,0.444581774959945,0.4683560242386086,0.8337029216100325,0.6898317658121408,0.804077692837157,0.6506065290952323,0.3645924225028703,0.7727272727272727,0.4429643408897437,0.5446908160271907,0.5610723381711764,0.6005765036529384,0.3165444820548475,0.5597014925373134,0.5612184222368749,0.6120709690696776,0.5391035631340911,0.5051426101987899,0.647062112391266,0.6225028486101125,0.6786147147520365,0.4564582217375076,0.5213722956354996,0.3874327111737183,0.5997762987403622,0.5917960493233833,0.4364279142471244,0.5655634025508591,0.5090196421285773,0.1793146944082168,0.4816393021819175,0.6564528457379826,0.5584123827797907,0.593717539032455,0.6395462064645098,0.5921737201690445,0.572777139941319,0.413307398708162,0.5964288222291827,0.5044802867383512,0.5856615927940343,0.5793424124282538,0.5962432160150791,0.5433838321158403,0.6699708454810496,0.3161940240880405,0.1589339746695049,0.4760287616809356,0.3922273440768029,0.7354342967317129,0.5377191418130801,0.5401105394490717
align-dinov2+1b-things+hyp-abl90-local-shuffled-218,0.961586114184144,0.6466219406074001,0.9681335617651314,0.917460482362907,0.943600450507884,0.9366732524307028,0.8818832881199737,0.6892247761387452,0.9528207020619032,0.8070594075955304,0.896516558973638,0.9542225144307044,0.8958669240398932,0.8713083037727587,0.8893453867839094,0.8043936768931119,0.9095685541896478,0.6823649589846773,0.8987290819270664,0.9768994595796112,0.8871581807167727,0.6411989176437938,0.8339682539682539,0.920553398450346,0.7776889095559172,0.8549102424682389,0.9657455592659014,0.8923121254961714,0.8891469496554084,0.4924564049641448,0.3558462347380902,0.4653100775193798,0.9661471945150684,0.7733044251846551,0.9457378259221576,0.8058253172157336,0.91427565569442,0.9086501177882153,0.8737769179125487,0.8672718080438863,0.7175035773931893,0.8242674803634683,0.7056912209386318,0.748832204540866,0.6899582193699841,0.7915719696969695,0.8391934467548835,0.6245699427775435,0.8106642776983888,0.952755905511811,0.9486749852428766,0.9676665294365592,0.9016643513033404
align-dinov2+1b-things+hyp-abl90-local-shuffled-42,0.944580622604706,0.7715364696007377,0.9960163159005369,0.9743170114340578,0.5480711602869193,0.9702970297029704,0.9183949200682802,0.8289346558422274,0.9637111695393904,0.6789443476827872,0.8500488595474074,0.922442844667368,0.9555362402820028,0.8298420489856257,0.8630478584395636,0.7100940329695844,0.9138486138851564,0.9047834823535758,0.9404769118832228,0.9884765753277864,0.7991110087607604,0.6411989176437938,0.8125916058255971,0.9091340522999888,0.8561396974902988,0.925459374102785,0.9803361179530834,0.8904257504695456,0.932612537411858,0.4986957678999201,0.9550945185031446,0.6417361176140088,0.9397540101785864,0.8806661017986549,0.9543771053554236,0.8588993981718427,0.931391327433313,0.926605504587156,0.8658879752820832,0.8913329707759682,0.8244244985246187,0.8228332580810477,0.7796621518212427,0.9881808720484692,0.9655337260060788,0.8109892603682833,0.8565279137667927,0.7293240950064462,0.6909071257320284,0.9724293968957304,0.8905858829438748,0.958428394989862,0.888187966385431
align-dinov2+1b-things+hyp-abl90-local-shuffled-7,0.9263755639870944,0.7262415188859335,0.9481430112156788,0.8721677675971305,0.881488810730383,0.902769539626774,0.9189529201141916,0.769950513177463,0.9086422598749132,0.6048564880497653,0.8820972164016702,0.926051752715946,0.9552017183261382,0.7959047378605738,0.8539177156688678,0.8087037715555451,0.8600299102421304,0.9340217757324054,0.9404769118832228,0.9923076923076924,0.8725683648477355,0.7993117590213779,0.6862733851684384,0.9311408862904554,0.773942121183108,0.8710838662761741,0.927296322210192,0.9558589035926232,0.8971526924141499,0.6763949522962807,0.6624254012142589,0.7400596630089346,0.9701024684437568,0.7936396358949134,0.944985177140509,0.7727861444359361,0.8496490395423776,0.9210855777456562,0.8776037078962639,0.9137367239834032,0.739223048718027,0.818855333619793,0.7375682934176904,0.7473595846744118,0.6921636792326448,0.8371169357543023,0.8335723799694796,0.7306990394524746,0.6651493862096975,0.968503937007874,0.9385877232766096,0.9770126765023592,0.9222839931031056
align-dinov2+1b-things+hyp-abl90-shuffled-218,0.3866533436903329,0.4121572062837496,0.5441551155886959,0.6231335184533745,0.5524583074380733,0.6445875714168399,0.5055100927441353,0.5946659082649981,0.7865491198345921,0.540639566395664,0.5800679426044141,0.4515379701852401,0.6779874213836479,0.5793326421905794,0.6090177077635984,0.5068145068145068,0.5616719934517928,0.5402739222354995,0.5624238772043417,0.5832212818687547,0.6535601291627255,0.6129179228726995,0.396215723056448,0.6205901378315172,0.5820740740740741,0.4463641372499971,0.6047512717653909,0.4496705371290448,0.61183970856102,0.4496541769931008,0.204874691653767,0.4702754036087369,0.5982091458576904,0.527511961722488,0.6393656251279132,0.4916127669864885,0.623563754551747,0.5465405982905982,0.5897646530176651,0.6163194444444444,0.5604178430265386,0.5409455817002987,0.5265261627906976,0.5128053196392126,0.570233902384079,0.5873877166594037,0.462165247631854,0.4841405727553352,0.4116773037422095,0.6535885953740602,0.62897485819011,0.5137614678899083,0.4812035448354068
align-dinov2+1b-things+hyp-abl90-shuffled-42,0.7134677342214389,0.4076684247933266,0.6857901512713228,0.7115692004021577,0.5088698360304161,0.8454894541851063,0.5716283459162663,0.3795650878760798,0.7865491198345921,0.3716951290808947,0.5975794709365595,0.471046428402089,0.7097176915951834,0.3582683805202127,0.587850686555369,0.5592646808261166,0.7283588964145328,0.5793842077540662,0.7234101596777944,0.4570591333234305,0.7333536864885858,0.6299895380653469,0.3758945993691085,0.5593661162523438,0.3583130575831306,0.4111275992960286,0.730064986268592,0.558786335615604,0.567769028871391,0.3990244258577341,0.5151625586092378,0.4479180949769185,0.5049196862559954,0.4761904761904762,0.5648614915792716,0.5316262487043091,0.6312226571494359,0.6788608507570296,0.6314253214703632,0.552570093457944,0.511347056271935,0.5511560433223406,0.4165088121298822,0.5237921382499696,0.5313229483844355,0.6437920765692171,0.3749434451466537,0.3701359532075352,0.5129198974400212,0.5889928606085811,0.5813202246056761,0.6617525029663349,0.4534874033076885
align-dinov2+1b-things+hyp-abl90-shuffled-7,0.5811602818348717,0.5770141862750848,0.512180454037468,0.6545390585822599,0.4796017822333612,0.749008403994927,0.5119842274984063,0.5562368143459916,0.7904847686879674,0.556443189130017,0.5443513020871511,0.5115260046962296,0.7289547710820188,0.4460177578198822,0.6137589021495236,0.5228162724048553,0.6565718517953566,0.5418397009966778,0.4383299782327622,0.4836217422424319,0.6827628028258694,0.6270626189972498,0.4770670348212917,0.5709865709865709,0.3746538341099643,0.5083907174942067,0.7482550344154874,0.3716712393116158,0.5808318957255127,0.3703454882494184,0.2093486878105121,0.4479180949769185,0.5804958348405497,0.5279605263157895,0.577121143015407,0.4979614764346676,0.651270020073008,0.5833202614379085,0.5612744896194485,0.6530473734220171,0.5521923543020822,0.5373627545037843,0.433516489157814,0.4203352496463557,0.4973842947257995,0.5050842620448682,0.5464292669199879,0.3183930204954904,0.462168389747319,0.4918946301925025,0.5622202819872567,0.5817363346640817,0.5839977944016621
align-dinov2+1b-things-218,0.807928820253822,0.677577990848387,0.953123712530622,0.8654201292705448,0.86711283024376,0.9107730845007564,0.6676726569646114,0.8143670112751753,0.92746439827787,0.6226317524027448,0.730599794358335,0.938003444975274,0.91572140912774,0.8644203548827427,0.9522613996896172,0.7095167211541453,0.4757776306181719,0.7650262780697562,0.942328869050428,0.7068920123902838,0.8216901516019399,0.6073873599187803,0.3609581018025519,0.8901238187747855,0.3981702737761999,0.6769335045197113,0.9455325089748704,0.6003776171592802,0.7103204372521702,0.639980721121847,0.5333197751517055,0.5648925457084595,0.8814097204378831,0.6600603472242195,0.922050663405976,0.5983439138617572,0.8351984022087116,0.848968133382973,0.8151620746144063,0.799418159546777,0.6768723942823108,0.6898648648648649,0.62641275368787,0.7483184495534867,0.5709087503361098,0.7945229926368232,0.4590564821235235,0.7393376424517822,0.7540710070608415,0.9330873513473524,0.9226215136694348,0.848156429308364,0.7885239535330781
align-dinov2+1b-things-218-random,0.1261056547936559,0.4082824776275519,0.5533627567622618,0.8133310984467538,0.5693907871805023,0.777921978831957,0.5803603558576569,0.3995944040010321,0.6347692360859122,0.4583995543939753,0.4717165323384414,0.6193573510993232,0.5777512881756305,0.2851737956319874,0.5415557686712714,0.4707318898924449,0.5798802095190747,0.5249367088607595,0.4912217164458925,0.6557719178935906,0.6410017546972655,0.6123215046644477,0.4493734565078204,0.5372418387741505,0.5578540292212383,0.5150769757276231,0.5312409494301251,0.3759416932937479,0.5993589295098669,0.5986744060112689,0.3195221103378913,0.4690059050194209,0.4780617464024463,0.5421730742508507,0.5830214783062303,0.5738384277749219,0.5874556213017751,0.5141310513206244,0.3989785941815462,0.616399416909621,0.5071242376549282,0.6457266229898749,0.4010106173249747,0.4369318954479793,0.6539384734506685,0.6622359874392395,0.2176015473887814,0.4527234610916619,0.5511224441781374,0.4037265226856305,0.3622953689869949,0.5186880244088482,0.4562727511533405
align-dinov2+1b-things-42,0.8377314154347345,0.6949215432836635,0.9675471855981228,0.8606701940035274,0.7342206294501392,0.8947391456582633,0.4661494180953573,0.8733338508632609,0.9351002989060612,0.7094026762637751,0.7798493448676617,0.93126531284964,0.9532100509631196,0.7401942044498816,0.7785023917710002,0.8492518466369416,0.6743343652540817,0.9223840345199568,0.9166516334899596,0.7041124656746618,0.935258314318894,0.6907462012310246,0.5556540745335896,0.9277546566512714,0.8213324444945198,0.6178734371152835,0.9772239218670248,0.8482638909743954,0.9362575296409968,0.717282239412483,0.9604621604621604,0.6158365482635775,0.9273156351070896,0.7524785085477286,0.902971458964728,0.589238351500508,0.9139231782710044,0.9331022894349928,0.9151453734484098,0.9453407736721062,0.8362027027027027,0.7140487470054642,0.7286981390732452,0.7944751151843796,0.5879744323626837,0.9208010380424174,0.5804107832151387,0.7689043216053888,0.8194143404488232,0.9814126394052044,0.8462789411692422,0.9708044528460408,0.8682738505932006
align-dinov2+1b-things-42-random,0.1765450519074286,0.4678489827004679,0.4782976738651628,0.742138879551002,0.6495582798638826,0.8151595744680851,0.6318511097856865,0.4310111218021663,0.7907238145946105,0.452277408335842,0.4609744871706133,0.4622387689252916,0.7255370268100635,0.2334811529933481,0.6189651615484232,0.52232009766448,0.5131715784716382,0.5580487804878049,0.5566877288157851,0.6157585667181394,0.5528170804032873,0.60912715439955,0.3183553085893886,0.509607548456068,0.4536407310526406,0.4550744251422547,0.5197446322750856,0.2295389392638825,0.5766939227259829,0.5676047815406563,0.6015318203782258,0.4791698147904948,0.5923818753555998,0.5686697247706421,0.5450732115465068,0.5600309774834391,0.57396449704142,0.5528414553234127,0.3894574459763289,0.6801887022751685,0.5320941816403862,0.5865082922456298,0.3887475775193799,0.4481288523471487,0.5578092636916167,0.6779586096041793,0.2191170765171232,0.2638357304693201,0.5597968138776656,0.4999736448461614,0.4759720624804474,0.527533627615662,0.5411701194412578
align-dinov2+1b-things-7,0.6913305222602231,0.7128036693530885,0.9711523091724495,0.8376246371323993,0.862411382476233,0.8766424727818795,0.5331415510718789,0.7273186678996538,0.9125371281909156,0.6865541900847244,0.6864593490500479,0.934741192074314,0.9741976815491428,0.8053378039492506,0.8777482049790057,0.8615557936606542,0.4836793333139327,0.7421951219512195,0.9311470015786624,0.8967070217917675,0.8857466817848328,0.6019708242802067,0.3308449822556405,0.9324452490556844,0.5246735395189004,0.5555170782031037,0.9772239218670248,0.4845228977147455,0.7898826979472141,0.5586413799287483,0.9149693131322524,0.7534310951629589,0.9199399189248558,0.8426009404565153,0.8602751645005166,0.5469571750563487,0.8850009965251601,0.9273876804753018,0.9262254496111944,0.8911834293968872,0.8257309941520469,0.7271434820647419,0.4986979166666667,0.8096714322030041,0.7176866493939664,0.8671548851263554,0.3292831321122179,0.6081659650652277,0.6478675945473975,0.9216756210017472,0.8297803604047808,0.9420289855072465,0.8357817574795464
align-dinov2+1b-things-7-random,0.2598984593231797,0.383433917680493,0.5140411881068088,0.7928475033738192,0.5941645098162994,0.7544322674316901,0.5341807254689162,0.4247395852555899,0.7907238145946105,0.464837628801048,0.4758491899518433,0.4372496805562807,0.6577629117707313,0.2334811529933481,0.6238055250829906,0.5430887890703721,0.5262366544897197,0.5249367088607595,0.4547788064004956,0.6148735319007498,0.5931544308490916,0.6672953724185962,0.4482483129615336,0.5134921995542603,0.5393988479107771,0.4609592399671476,0.5117627785058977,0.1806912798193541,0.5725837843267745,0.5838877270706879,0.1753900449552623,0.4889465211109267,0.3837979996285667,0.5920715822856496,0.6323003177659515,0.5111996854819821,0.5529708614929758,0.568023598820059,0.4255056116681256,0.6618763260931383,0.5227380952380952,0.6100837939808721,0.4022446065989847,0.4774436702040038,0.6030836615504481,0.6841129979061014,0.2373614219386944,0.4478949772311656,0.4202009748375058,0.4548514503447201,0.2134943060336457,0.6123902531547218,0.4867194624207309
align-dinov2+1b-things-local-shuffled-218,0.7749533183929258,0.4342295741509061,0.927178837091478,0.9413494082069972,0.9368476804217898,0.9033816425120772,0.4841050726909953,0.8126138165191299,0.9265185900091504,0.4620499108734403,0.835072132911358,0.932237715648048,0.8528743472377271,0.5868968555164001,0.8630324658458958,0.8063212570015066,0.5879567938623057,0.9021938451721032,0.9022623276601008,0.9540739703798636,0.8772482017923505,0.7024329600431373,0.2810536236572628,0.9527028136183068,0.4838064073159686,0.8308126166085088,0.9541802832244008,0.7689937555437344,0.7168346202063872,0.6145690924734362,0.7790573653265533,0.5602633417926367,0.898026290474559,0.701573497556571,0.942650810231218,0.5133369298087874,0.8409722222222223,0.9374713182127722,0.7959670231729055,0.884177580100486,0.5757323172183852,0.6743573140784306,0.4227689676616915,0.8718211965891497,0.5976071501625986,0.8024796663909567,0.3811978128194144,0.4201740146598279,0.8135383924562191,0.9580207725677984,0.9261696044239168,0.9697672983546431,0.8157481972344389
align-dinov2+1b-things-local-shuffled-42,0.9377933814389252,0.515380339411258,0.9694514112371287,0.8993202327738887,0.90181484571922,0.9333353945828194,0.5022447494641805,0.8511092761521727,0.892604093090297,0.7052016751445965,0.8761734809705075,0.952542372881356,0.9684773016962448,0.8027709837317968,0.8467746990457903,0.8651373073288517,0.9019541303469596,0.9098948629417069,0.8868835720634283,0.91109000212597,0.8598226305218294,0.6834384686497363,0.2888550940022636,0.9069884364002012,0.7567583267980366,0.8202892338816833,0.967890483613754,0.8909397246684566,0.9193311696333832,0.7027644618861926,0.9743081687362816,0.6810317793924351,0.9616065673144916,0.8353628459478182,0.933562037776952,0.7196682153450403,0.914377535430167,0.9336229731323492,0.9264386744281046,0.8586787957548192,0.7919803911574871,0.8270563869241913,0.6143616017512077,0.8998196614450251,0.9539473463804126,0.8188942493820542,0.8644003594498643,0.7254848385542043,0.8103122245476984,0.9694692076371466,0.928518647755496,0.9740330231709544,0.8329235352263673
align-dinov2+1b-things-local-shuffled-7,0.8219556294325614,0.5591179111034706,0.9044730409545128,0.9044568148471268,0.7166171638311665,0.9134866259037224,0.6069232655853958,0.7846382080695377,0.7811768876285005,0.7099640181324816,0.8663037930267179,0.9322454975889408,0.9067752758905412,0.7763267995011717,0.8832682417243346,0.7671665258058576,0.060893745189746,0.841165459656896,0.8322248865384348,0.7468825216367081,0.8879222712017113,0.7255742468450945,0.7255109167627221,0.8965971844131602,0.8134681497701435,0.7340064013104849,0.9361053809543072,0.7598177532998664,0.7621186994321322,0.7806435196086623,0.9741336828927716,0.7680093523064101,0.8819069257332095,0.7186913571760637,0.925841415848503,0.7939093652717378,0.9158714940114748,0.9379404980428,0.8313515743850869,0.8302352004061518,0.7144858967922746,0.6728454161373665,0.6972846792370315,0.8830365209892634,0.8332317765603275,0.806238525662986,0.5865848437277008,0.6327256174451663,0.7794486932757179,0.8117658632293889,0.907471048410499,0.965377364227939,0.792230697384807
align-dinov2+1b-things-shuffled-218,0.2705818591235245,0.5044972426442631,0.5577053373278095,0.6207154826972825,0.629667599493872,0.7357528814781928,0.5329876681402945,0.4424579707696207,0.5417917540181691,0.3836843108492246,0.4444491731517509,0.51046769515732,0.6088537073874317,0.632976156249401,0.6247881170227828,0.5564806099075975,0.2869336607642365,0.5584488538552143,0.5433302329854054,0.4036855838225702,0.6946986022537612,0.5965265923668925,0.3560663126626029,0.5866813648015087,0.4454005514619134,0.4597445569452716,0.65626050633982,0.4912086347294355,0.5730738559685928,0.4945069475962002,0.4377812428799271,0.4681500735825561,0.4493908382066276,0.5360791113929435,0.677333573539204,0.4782236509872027,0.6024722560048646,0.6377858725750672,0.5640482537034262,0.6277748433056122,0.5547656227267878,0.5934763807910765,0.4369120186664681,0.5204951427338917,0.5061695675951744,0.7205484139653029,0.2414152024446142,0.422849961521072,0.458322261906289,0.5839866487025895,0.3381543586527158,0.6506406180760265,0.3467577050734945
align-dinov2+1b-things-shuffled-42,0.4700972887013205,0.4581569420678331,0.6074643556052558,0.6895919564483953,0.5422727272727272,0.7534002621868731,0.5590632668550967,0.6233562629979204,0.5891609879436343,0.4526979576014691,0.4480368978599296,0.6038968679000324,0.662410394265233,0.3008762645056368,0.7167896377379335,0.5959782157781551,0.0826627657522854,0.5512524900788982,0.6310753316616705,0.5122957681761016,0.7316760242749036,0.6226823867376863,0.2633577169548156,0.672646686365555,0.5230878997189128,0.4597445569452716,0.6848289232996391,0.4329394751236078,0.6307760991798493,0.4365363791890868,0.3067717711264941,0.4813508771929825,0.4939878234398782,0.5774014542671259,0.6360827476253917,0.5961969378143459,0.6656348977828966,0.6906167149411193,0.5112957641396895,0.6353960504903902,0.5608021967245268,0.5852311334121834,0.404377633364279,0.4522596499640374,0.5783525425855633,0.6436518131857802,0.2904390896437029,0.3146750293686126,0.4842900994320552,0.5333436354805952,0.2483838689511148,0.6993516797111097,0.5077493286940736
align-dinov2+1b-things-shuffled-7,0.2385431375912287,0.5229750844736435,0.5569770976101173,0.6433345746288669,0.5921355878057686,0.7093232551411021,0.5335072427802555,0.5714285714285714,0.6906672542323088,0.51803439419806,0.566694314690125,0.5003367003367003,0.6351553166069295,0.3004386500513446,0.6772027070427041,0.5054218657159834,0.234834782508126,0.5630252100840336,0.5415247382607814,0.5165483936415667,0.68908366719735,0.5483413795625778,0.4100225010082998,0.6013212643258633,0.576014272970562,0.5448279319247061,0.6389262206075556,0.4677552926919284,0.558735019270366,0.5402670553316177,0.4211134453781512,0.5003827984010545,0.5790987662715411,0.5613809356123195,0.6388590999308896,0.5559331797235023,0.6405256701792643,0.4828889736672605,0.5322945322945324,0.5815987759461878,0.5965013164411319,0.5836803210316652,0.4641446447416597,0.4886425094645755,0.57450704016072,0.6077701752741588,0.3008658008658008,0.2150822150822151,0.4687378640776699,0.538536528737308,0.3789897833811671,0.6155397001567922,0.4226893560226893
align-dinov2+500m-things+hyp-abl10-218,1.0,0.9005128205128206,1.0,0.9007246376811596,0.980703246429514,0.9784333111075344,0.9751479289940828,0.8693871581102822,0.9324074074074074,0.8193496587715776,0.9611488458659267,0.9381942381942384,0.9490783410138248,0.9600142323429994,0.9196067090803932,0.9264672609620344,0.983116178067318,1.0,0.961771561771562,0.981000481000481,0.8272058823529411,0.8787878787878788,0.8551246168199386,0.9744997624201468,0.9464114832535884,0.9058823529411764,0.9625131411497816,0.945597784449552,1.0,0.9130434782608696,1.0,0.8258007898200964,0.9483333333333336,0.8339100346020761,0.9719729699789522,0.8465096719932718,1.0,0.8824771287825475,0.969460458240946,0.8628803245436105,0.8289562289562289,0.9555555555555556,0.8469870327993898,1.0,0.9379960317460316,1.0,0.8532135076252724,0.9810890329183012,0.8361095923698438,1.0,0.9824778463325032,1.0,0.7349143610013176
align-dinov2+500m-things+hyp-abl10-218-random,0.9863853400438766,0.6688085988842479,0.9740080307413324,0.8352067868504772,0.9415706244974538,0.9565217391304348,0.8120879120879121,0.8140316634135761,0.9676243567753,0.7398959583833533,0.9352480764432114,0.9067026540710752,1.0,0.89325746799431,0.8603581966650656,0.7993746091307067,0.983116178067318,0.9230769230769232,0.7852071005917161,0.9805063291139242,0.8123249299719887,0.8504088504088504,0.8397736143637783,1.0,0.9099967855994856,0.8588235294117645,0.7769449470147324,0.9669819498405944,0.9263019116677652,0.89176863869916,0.9117662190667284,0.72284162378502,0.754978354978355,0.7872899159663864,0.9719729699789522,0.7023857123817141,0.9257478632478632,1.0,0.8732782369146005,0.9373249299719888,0.8776133427296218,0.8384909786768726,0.8239703677572977,0.9147032818432412,0.8125,0.955276907001045,0.7894813519813519,0.9412087912087912,0.7560163850486431,0.84,0.946971825167314,1.0,0.7818930041152263
align-dinov2+500m-things+hyp-abl10-42,0.993126186322592,0.7581855886905978,1.0,0.9539735626692148,0.9612430580172516,0.9565217391304348,1.0,0.8513535684987695,0.9676243567753,0.7987117552334944,0.974025974025974,0.9845858059268298,0.9490783410138248,0.9733333333333334,0.8907161803713527,0.8996873045653534,0.9728059540647944,1.0,0.8401206636500754,1.0,0.8272058823529411,0.8397540834515624,0.8397736143637783,0.9744997624201468,0.9821371610845296,0.9279176201372998,0.9027041808009816,0.9562373955632384,1.0,0.89176863869916,0.9774891774891774,0.6862305910937322,0.9483333333333336,0.762754897506481,0.9214748100197016,0.951219512195122,1.0,0.964316681117855,0.969460458240946,0.8628803245436105,0.8776133427296218,0.9086206896551724,0.7452940196568383,1.0,0.8134164222873901,1.0,0.8532135076252724,0.9615384615384616,0.7936204146730462,1.0,1.0,0.9689839572192512,0.8477291771409419
align-dinov2+500m-things+hyp-abl10-42-random,0.9929804688840832,0.8285714285714286,1.0,0.7474120082815735,0.9615384615384616,0.934175769258228,0.9119286510590856,0.8513535684987695,0.9324074074074074,0.7159090909090909,0.8459268004722551,0.9537574177804892,1.0,0.89325746799431,0.793858022401899,0.7583055198973043,0.9884024577572964,1.0,0.8587513935340023,0.9615384615384616,0.8272058823529411,0.8461094709694933,0.762046696472926,0.9487179487179488,0.78125,0.9058823529411764,0.8841637946141714,0.9133988764044944,0.8758247460894062,0.9133747412008282,0.8901684253246753,0.5478512183087008,0.8921146953405017,0.7372549019607844,1.0,0.8276587008294324,1.0,1.0,0.7189999080797868,0.9373249299719888,0.8289562289562289,0.8867623604465709,0.731521739130435,0.8976707559681698,0.9067192192192192,0.9043560606060608,0.7447089947089948,0.9432670987549036,0.8181139122315592,0.9601288244766504,0.9474657367610088,1.0,0.8222222222222222
align-dinov2+500m-things+hyp-abl10-7,1.0,0.7703081232492998,1.0,0.9539735626692148,0.9415706244974538,0.9565217391304348,0.9733848241310928,0.9251460017969452,0.9676243567753,0.7348021215830272,0.9229634002361274,0.9693040293040294,0.9490783410138248,0.9600142323429994,0.8907161803713527,0.8180011497084667,0.9776925262858766,1.0,0.8587513935340023,0.981000481000481,0.8123249299719887,0.8397540834515624,0.8397736143637783,0.9744997624201468,0.9642401021711366,0.9529411764705884,0.9812017245101932,0.945597784449552,1.0,0.9783128521822302,0.9553424366399236,0.6862305910937322,0.9746166263115416,0.762754897506481,0.9460446247464503,0.8465096719932718,1.0,0.8824771287825475,0.969460458240946,0.8628803245436105,0.8289562289562289,0.932987012987013,0.7713884992987378,1.0,0.8603040127232688,1.0,0.8112745098039215,0.9615384615384616,0.8853446748183589,1.0,1.0,1.0,0.8042232277526395
align-dinov2+500m-things+hyp-abl10-7-random,0.97894140665225,0.7415966386554622,1.0,0.8352067868504772,0.9612430580172516,0.934175769258228,0.8747252747252747,0.8327606502051452,0.9676243567753,0.6847414880201765,0.8581894296180009,0.9072913572913572,0.9490783410138248,0.8667140825035563,0.8360742705570291,0.8996873045653534,0.9776925262858766,0.962120232708468,0.9420620030376128,0.981000481000481,0.7969639468690702,0.7575757575757576,0.8551246168199386,0.9487179487179488,0.8350245499181669,0.884506041222459,0.8455517261522285,0.945597784449552,0.8498923959827833,0.8915642609111514,0.9225976802954708,0.7402609593541725,0.71484375,0.7106615910417072,0.9719729699789522,0.8235173299101411,1.0,0.8824771287825475,0.9383116883116884,0.9020546017450042,0.8289562289562289,0.8345958168456756,0.8695652173913043,0.948701250958438,0.7648809523809523,0.9043560606060608,0.7894813519813519,0.9523364232666558,0.6488062693639512,0.9002000800320127,0.964977257959714,0.9362304362304364,0.8691358024691357
align-dinov2+500m-things+hyp-abl10-local-shuffled-218,1.0,0.6969262725173879,1.0,1.0,0.9099360496128394,0.9728072900486692,0.9755368814192342,0.9558537237088216,0.9695093348344122,0.704194426480983,0.8666896453843191,0.8824448217317488,1.0,0.847247990105133,0.9726112667289136,0.9125138427464008,0.988742273254344,1.0,0.956439393939394,1.0,0.9742665742665744,0.7828282828282828,0.7978494339572793,0.9102880658436214,0.9036172970425356,0.8993010902991334,1.0,0.9676703532772276,1.0,0.937753036437247,0.9869627064135074,0.7623809825214978,1.0,0.7458434448896666,1.0,0.7190482348377085,0.8928756253234431,0.8828680897646415,0.7697297297297298,0.9279727023217862,0.8268653516295026,0.9164724164724164,0.8280249480249481,0.9130997428211052,0.8403950517409917,0.9730227207362668,0.9310344827586208,0.9026844931045374,0.7454350161117078,0.97903981264637,1.0,1.0,0.9539122610500028
align-dinov2+500m-things+hyp-abl10-local-shuffled-42,1.0,0.7557882977237815,1.0,0.9692297288158516,0.8719028340080971,0.918421870146008,0.9755368814192342,0.9262315977311836,0.8726166328600404,0.796258689369679,0.8133655035380467,0.883,1.0,0.8843937575030012,1.0,0.9421768707482991,0.9627075177337836,1.0,0.9123809523809524,0.9534883720930232,0.971244165274016,0.8636363636363636,0.8114597142436294,0.9102880658436214,0.9516379722620756,0.93958065417948,1.0,0.9466997603504116,1.0,0.9380820399113082,1.0,0.831667839549613,1.0,0.7775823610157858,1.0,0.7565565565565566,0.8928756253234431,0.8486165435317977,0.858246001103144,0.9054131054131054,0.8004807692307692,0.972157472157472,0.7671638762049722,0.84298110453329,0.8076612903225807,0.9138230190861768,0.9657285327924272,0.9195820001761236,0.7769423558897244,1.0,0.9796260642621828,1.0,0.9067026540710752
align-dinov2+500m-things+hyp-abl10-local-shuffled-7,1.0,0.6870015948963317,1.0,1.0,0.9284321915900864,0.9728072900486692,0.9519713261648748,0.985297298672876,0.9695093348344122,0.7389950821891026,0.8535831475590512,0.941003861003861,1.0,0.8658092028337574,1.0,0.9428571428571428,0.98289400123229,0.9733848241310928,0.9782505910165484,0.954347577042044,0.9742665742665744,0.953168044077135,0.8243463594415934,0.8635854341736695,0.9276299206761064,0.9601866387580672,1.0,0.9890871933425124,0.973629194938566,0.9166666666666666,1.0,0.7127955944282475,1.0,0.8018517931318768,1.0,0.7565565565565566,0.8627956989247313,0.7693326709720153,0.861670180819117,0.951095947063689,0.8669871794871795,0.972157472157472,0.8557163671685285,0.9130997428211052,0.7910318719414435,0.9473684210526316,0.9484513062617628,0.8694681115063281,0.7125506072874493,1.0,1.0,1.0,0.9381942381942384
align-dinov2+500m-things+hyp-abl10-shuffled-218,0.7152149248343261,0.2527401676337846,0.8294117647058823,0.8357142857142857,0.3390022675736961,0.6739923570553031,0.6064030131826743,0.361410282462914,0.6428571428571428,0.4140625,0.5029220779220779,0.4656343602909714,0.9667919799498746,0.4823475738149829,0.5072681704260652,0.4556791371755982,0.758578413486098,0.7255411255411256,0.5914285714285715,0.7261632341723875,0.8095238095238095,0.5835010060362174,0.3971509971509971,0.4984432913269088,0.2930145335208626,0.554919734643237,0.6737812272617025,0.4301075268817204,0.3607843137254902,0.2999518999518999,0.6453333333333334,0.3035354987065248,0.6227960680293337,0.2925278219395866,0.7756410256410255,0.6348348348348349,0.7884373690825304,0.6819672131147541,0.605845690952074,0.6576112412177986,0.6379585326953747,0.4807692307692308,0.48,0.3287477954144621,0.5026223776223776,0.6224010731052985,0.5172222222222222,0.530755894590846,0.3542372881355932,0.5770308123249299,0.4722151088348271,0.7884373690825304,0.3484290357529794
align-dinov2+500m-things+hyp-abl10-shuffled-42,0.7016581627871231,0.3453294672806868,0.6857142857142857,0.8526315789473684,0.367891156462585,0.6761904761904762,0.6064030131826743,0.2216117216117216,0.6428571428571428,0.3781017369727047,0.513304385450504,0.5835641735918744,0.8166666666666667,0.4518974310982172,0.5211822660098523,0.4928478781124975,0.7395725519681463,0.8194217130387342,0.6395913154533843,0.642372552820314,0.8474984930681133,0.5590062111801243,0.4888595477801617,0.4394366197183099,0.2680311890838207,0.5887897506291466,0.5524449421425905,0.4139380709839114,0.3710144927536232,0.2262626262626262,0.5802298850574713,0.3657770800627943,0.6096397273612464,0.2925278219395866,0.7756410256410255,0.6352048643070315,0.7652329749103942,0.6508474576271187,0.5459051885031728,0.6718894009216589,0.6530825496342737,0.4605263157894737,0.48,0.3095209699860863,0.22266139657444,0.6470971950424005,0.3281338481338481,0.5502131649787041,0.4857142857142857,0.5128205128205128,0.508438321399438,0.8329595767925939,0.3949579831932773
align-dinov2+500m-things+hyp-abl10-shuffled-7,0.7382288344082015,0.2999518999518999,0.7887445887445887,0.8526315789473684,0.5157163491299264,0.7241473790467949,0.6064030131826743,0.2216117216117216,0.6428571428571428,0.266304347826087,0.4383538824045153,0.6268836648583485,0.9106060606060606,0.4518974310982172,0.5072681704260652,0.4792811839323467,0.713533740994881,0.6933333333333334,0.6494167550371156,0.6253443526170799,0.8595238095238096,0.5714285714285714,0.4667348155720248,0.5679144385026738,0.3595679012345679,0.4903225806451612,0.6075715604801478,0.4220405240070424,0.463248972528661,0.2837465564738292,0.7083588137778598,0.3827066058807331,0.6207467231563617,0.322875816993464,0.7756410256410255,0.6276813898297273,0.7200460829493088,0.6967741935483871,0.4924822695035461,0.6718894009216589,0.6530825496342737,0.4707792207792208,0.5435737491877842,0.4668318404167461,0.3701381632416116,0.634920634920635,0.7191025641025641,0.4744252511242803,0.5203296703296704,0.5972675972675973,0.7430596285434995,0.7038123167155425,0.5299431247909
align-dinov2+500m-things+hyp-abl10cat-218,0.8490405841399219,0.8869047619047619,1.0,0.8387096774193549,0.1468232128661407,0.9658630842841368,0.2029773462783171,0.7607585962424672,0.9280270541818806,0.6926653700847248,0.5593459505068452,0.7396067022418594,0.9201147650661314,0.8577200577200578,1.0,0.9221674876847292,0.9066321137884228,0.965526357772865,1.0,0.6860330252867703,1.0,0.2850407489728565,0.8139108314366046,0.9096996101811512,0.8620037807183365,0.8611973856209151,0.9555555555555556,0.7502503494181719,1.0,0.84375,0.9629193533314644,0.6949535452117207,0.9887640449438202,0.9066143619919363,0.711461565170641,0.3598316729171191,0.9214949137549756,0.6205406911928651,1.0,0.5717637482343365,0.809688581314879,0.7561374795417348,0.2573550522954325,0.3712125562254761,0.7658886727794758,0.8473372781065089,0.9387480798771122,0.9085029153956056,0.8983050847457628,0.9892473118279568,1.0,1.0,0.7907974398892925
align-dinov2+500m-things+hyp-abl10cat-218-random,0.7038669835144779,0.8615332657885849,0.9622641509433962,1.0,0.1731159377963947,0.8486002239641658,0.2029773462783171,0.3678730158730158,0.8362301101591186,0.7837837837837838,0.0408723710733662,0.2933422386192566,0.9626639264043844,0.8318509773055228,1.0,0.9014202172096908,0.8234274274274275,0.6519614686583833,0.9523809523809524,0.1427843803056027,1.0,0.280754102807541,0.7839194988408228,0.436691117235531,0.7891022021456805,0.8367421841113076,0.9438202247191012,0.0114622802549909,0.9648869648869648,0.7624434389140272,0.8284611335321986,0.65823016202742,0.8607594936708861,0.8916915588007522,0.2892892892892893,0.1860807564132372,0.868131868131868,0.2646520146520146,0.9714285714285714,0.3601190476190476,0.609825119236884,0.7651430694908956,0.1720005484711367,0.1559940002307603,0.3728105382319646,0.8461538461538461,0.8852012831016622,0.8765749898387751,0.8522033898305085,0.9782608695652174,0.9787234042553192,1.0,0.8424156439435277
align-dinov2+500m-things+hyp-abl10cat-42,0.8739124788988444,0.8996563573883162,1.0,0.9714285714285714,0.2352226102138803,0.9298245614035088,0.4343381761393214,0.8307341102967679,0.9547112130145212,0.8500121743364988,0.7382683440450708,0.7353104272431448,0.9201147650661314,0.8799363901404718,1.0,0.9328449328449328,0.8820336620130893,0.9195615014700184,1.0,0.7562687205819426,1.0,0.3271866932609776,0.8754804411077983,0.8203610502039286,0.8359683794466403,0.9007909916755896,0.9892473118279568,0.5283411755048867,0.9484848484848484,0.91901776384535,0.9381989222191072,0.7961369286670491,1.0,0.8992094861660079,0.8097185845639454,0.3352618740134883,0.9072948328267476,0.4241618254357107,0.981132075471698,0.7365079365079366,0.8927028632910985,0.7692307692307693,0.4034871794871795,0.6489123731054913,0.6422802541752297,0.9151873767258384,0.9686534663493188,0.8769608938547485,0.9700308166409862,1.0,1.0,1.0,0.8154095057846699
align-dinov2+500m-things+hyp-abl10cat-42-random,0.703163062518491,0.8869047619047619,0.97196261682243,0.9615384615384616,0.4472079136082649,0.8789591957421644,0.2222021207095834,0.556513183785911,0.7972750763448438,0.7433098122753294,0.0601335838658353,0.3747417210274977,0.9515262515262516,0.7759425040978438,0.9827586206896552,0.8499987150823632,0.8511088531488714,0.5103448275862069,0.9814814814814816,0.1563704446167521,1.0,0.3420224682181386,0.8971704321123054,0.4490296220633299,0.7041032922430422,0.7714390577558307,0.9892473118279568,0.0358410689480299,0.8706577974870658,0.7049742710120068,0.8495080959212954,0.6687225090839548,0.9772727272727272,0.9139087172831496,0.2892892892892893,0.2421784197917408,0.81013431013431,0.2830756397652456,0.981132075471698,0.4508968899212802,0.6192226890756302,0.7426674045379081,0.21919782621537,0.2011494252873563,0.3683819482663731,0.8231203824424164,0.8797529169526423,0.8251549544251692,0.8213820078226859,0.9782608695652174,0.9213483146067416,0.9885057471264368,0.8352941176470589
align-dinov2+500m-things+hyp-abl10cat-7,0.9417618891412316,0.8869047619047619,1.0,1.0,0.1468232128661407,0.9317261685682738,0.4131865198531865,0.8090743923026261,0.9409842882176483,0.8347812097812098,0.4540073126328576,0.6119027520866919,0.91005291005291,0.908683321162305,1.0,0.9555822328931572,0.9249763224980078,0.9187861551885728,1.0,0.7351066345108054,1.0,0.4042956091911946,0.8024116930846852,0.8652707876529465,0.8564430058612544,0.8028959276018099,0.9782608695652174,0.6576418402361789,0.9601803155522164,0.85423197492163,0.9247540479606478,0.7374587679544833,1.0,0.9066143619919363,0.8552390441791364,0.5120422372268147,0.9827394827394828,0.576742506319971,0.981132075471698,0.7616024187452759,0.646984631690514,0.7756410256410257,0.21919782621537,0.6489123731054913,0.6523378582202112,0.9525083612040134,0.9225880353249823,0.8829519450800914,0.9158489443948856,1.0,0.9894736842105264,1.0,0.7725744843391902
align-dinov2+500m-things+hyp-abl10cat-7-random,0.8113007301749025,0.836024844720497,0.9908256880733946,0.92,0.2352226102138803,0.9493849566444847,0.2842666666666666,0.4642668066091975,0.8174814601483187,0.6863890917944973,0.0643254409661528,0.2928497911242961,0.9201147650661314,0.8469743022934513,1.0,0.8181491464510333,0.8998928904368211,0.3895005622188905,1.0,0.1427843803056027,0.9607843137254902,0.3259661450015969,0.9075134654155772,0.4565932369484381,0.7156286721504113,0.9020453104667844,0.967032967032967,0.0114622802549909,0.941445955619184,0.75,0.8048780487804879,0.6153762091799958,0.9534883720930232,0.9066143619919363,0.2892892892892893,0.1860807564132372,0.9285714285714286,0.2646520146520146,0.981132075471698,0.3601190476190476,0.6407177115125781,0.7692307692307693,0.1720005484711367,0.1559940002307603,0.4120098795924668,0.7710875331564987,0.89559486645855,0.84423859143445,0.8515761127831458,0.9555555555555556,0.896551724137931,0.9885057471264368,0.8290501446480231
align-dinov2+500m-things+hyp-abl10cat-local-shuffled-218,0.9873354077796608,0.8612061206120611,1.0,0.9292929292929292,0.1755362256199686,0.9836001833002376,0.606567679926093,0.8064565956132221,0.9251808341195686,0.8926875593542262,0.7830132819905119,0.5080073209791809,0.8996563573883162,0.8729082593489372,1.0,0.9171708441371365,0.9072704488589612,0.8443245140625685,1.0,0.6722815485833306,0.9915966386554622,0.4053542319749216,0.9147775628626692,0.882965478211658,0.7919389978213507,0.9550045913682278,1.0,0.6753890935757201,0.982416760194538,0.84375,0.8061538461538461,0.7562681050844072,1.0,0.8840954846131722,0.8899082568807339,0.3638743182505501,0.8091743119266056,0.8453447335052781,1.0,0.5551556664925215,0.837589229240083,0.8952764637982935,0.2395132169305795,0.6557964468533575,0.5604699437253703,0.8985102214335884,0.8041202475685234,0.925925925925926,0.9009230769230768,1.0,1.0,1.0,0.7883556254917389
align-dinov2+500m-things+hyp-abl10cat-local-shuffled-42,0.9810551237285884,0.8187441424554828,1.0,0.8958333333333334,0.2007870051810519,0.914768914142544,0.2273383182474091,0.8677445629719404,0.9031986531986532,0.8701773620675872,0.6220967215410401,0.4165711478631079,0.9529381509579528,0.914795918367347,1.0,0.948013524936602,0.9546290458175704,0.7398688804974008,1.0,0.3253968253968253,0.9830508474576272,0.3222818791946309,0.9147775628626692,0.8823261636508478,0.7919389978213507,0.9273675589465062,1.0,0.2131388057256058,0.9511610954909924,0.8866248693834902,0.9488843813387424,0.5777628178831515,1.0,0.8840954846131722,0.6010424756163374,0.4893980984206547,0.8849673202614379,0.6160263958240194,1.0,0.6919051206831139,0.8421652421652421,0.8321701561980724,0.2514131967724782,0.2541214902577416,0.7047331362172627,0.9463375233479732,0.902136016593848,0.8728728728728729,0.88505315822389,1.0,0.9896907216494844,1.0,0.7833608411272083
align-dinov2+500m-things+hyp-abl10cat-local-shuffled-7,0.9936495544768912,0.8404040404040404,1.0,0.9904761904761904,0.3016512408963731,0.9535528211949894,0.5127545241643603,0.8474176938679981,0.9560698005284398,0.939646832031693,0.857633642302459,0.521166439672382,0.912536443148688,0.9431972789115646,1.0,0.9171708441371365,0.8848321455363841,0.9332771055944532,1.0,0.5437370600414079,0.9915966386554622,0.3651572327044025,0.9680959531804016,0.8936170212765957,0.7791465193030931,0.8297258297258298,1.0,0.2398158256160379,0.9367283950617284,0.8832049871653833,0.8650462170489558,0.5777628178831515,1.0,0.85659429921725,0.9355828388699424,0.414527270720331,0.937466307277628,0.7723848951092281,1.0,0.7988670537044895,0.7194723050510526,0.8204069752057368,0.2274204837079088,0.6208302451489033,0.72504699821773,0.956504380614395,0.8846153846153846,0.9403737407781896,0.8930521091811415,1.0,1.0,1.0,0.7775133848899465
align-dinov2+500m-things+hyp-abl10cat-shuffled-218,0.690223358908781,0.7955974842767296,0.9591836734693876,1.0,0.2190842961061189,0.8166666666666667,0.1666666666666666,0.2425135456587815,0.7076127651987877,0.6254856254856255,0.0772466916847718,0.1711176736637667,0.8874625588361148,0.6878271585397565,1.0,0.8451413085559428,0.7282147784281222,0.3466441694788151,0.9393939393939394,0.1072179574877758,0.9914529914529916,0.3113513513513514,0.5413132647385985,0.3019037356321839,0.5595075239398085,0.6292906178489702,0.9770992366412212,0.0395832020482323,0.8739635157545605,0.5236624307592049,0.78125,0.512037037037037,0.9491525423728814,0.859882005899705,0.2401338725421838,0.1784818481848185,0.8504398826979471,0.2593879239040529,0.935064935064935,0.3927572706935123,0.5117845117845118,0.6940350877192983,0.1481930888947507,0.1319278547539417,0.2254689754689754,0.824133105271342,0.7324192835028748,0.4268909138099488,0.8053221288515406,0.9243697478991596,0.8932038834951457,0.9541284403669724,0.5319528408959303
align-dinov2+500m-things+hyp-abl10cat-shuffled-42,0.6148681324072581,0.7333333333333333,0.9591836734693876,0.9894736842105264,0.2190842961061189,0.7784862196626903,0.1666666666666666,0.3610155428950716,0.7076127651987877,0.642718916303822,0.0812382222282693,0.1711176736637667,0.8561601000625391,0.6629806271894653,0.9824561403508772,0.8663324979114452,0.7353005464480875,0.397594684385382,0.88,0.1072179574877758,0.9827586206896552,0.3069387755102041,0.4978494623655913,0.3267803190045118,0.5319767441860465,0.6814313197383609,0.953125,0.0254179241603865,0.8814814814814815,0.5623792518002458,0.8195400500625782,0.4997776130467012,0.9217391304347826,0.8684210526315789,0.2442705809042442,0.1784818481848185,0.8581818181818182,0.2593879239040529,0.9066666666666666,0.3927572706935123,0.5508417508417508,0.7120743034055728,0.1481930888947507,0.2184483363174885,0.2254689754689754,0.8416552145365704,0.6915078690779625,0.4868989611106003,0.7653061224489796,0.905982905982906,0.8367346938775512,0.9821428571428572,0.4326089174574023
align-dinov2+500m-things+hyp-abl10cat-shuffled-7,0.6365899939834313,0.8333333333333334,0.9591836734693876,1.0,0.2190842961061189,0.8806783144912641,0.1666666666666666,0.2133667502088554,0.7076127651987877,0.6254856254856255,0.0584046911544748,0.1818483464557793,0.831193838254172,0.7163043674671581,0.991304347826087,0.9057239057239058,0.7845931406944355,0.3412698412698412,0.8235294117647058,0.1072179574877758,0.9827586206896552,0.3113513513513514,0.5248335893497184,0.3019037356321839,0.5870383036935705,0.691075514874142,0.9448818897637796,0.0158518410438661,0.9243781094527362,0.6121351766513057,0.7858072916666666,0.5407407407407407,0.8928571428571429,0.859882005899705,0.2812519961673587,0.1784818481848185,0.8581818181818182,0.2593879239040529,0.9487179487179488,0.3927572706935123,0.5286661002548854,0.6557017543859649,0.1481930888947507,0.2066539573211979,0.2222222222222222,0.824133105271342,0.7296654510860948,0.5442190200922381,0.7857142857142857,0.9152542372881356,0.9345794392523364,0.9821428571428572,0.4720358427608769
align-dinov2+500m-things+hyp-abl20cat-218,0.95340681653372,0.8649475041444096,0.9925925925925926,1.0,0.229648782589959,0.9868421052631576,0.853423882286361,0.9483713093709883,0.7119273381683972,0.4847833266578129,0.8850882411263137,0.92363319505783,1.0,0.8716286628408917,0.6040781648258283,0.5304922739182484,0.8638865027538805,0.8811230585424134,0.987012987012987,0.9758454106280192,0.8801931890986151,0.791154940169696,0.1910707159021337,0.9615176779373166,0.8895517868301012,0.3030897305956428,0.9872538967427892,0.952,0.9883720930232558,0.7782003120846096,0.2257023210709152,0.3180136721980263,0.9024928273696748,0.3835895591716863,0.9435048155978388,0.3896072796934865,0.9412126808248692,0.9863013698630138,0.9623290817227854,0.7395525997128302,0.7792742237186682,0.5030761209593327,0.3522584138077594,0.4752534287418007,0.5415599565561351,0.8834017595307918,0.2226203119370569,0.5918237173345846,0.4419994514013711,1.0,0.7326152728098387,0.8006437672636549,0.8224610974610974
align-dinov2+500m-things+hyp-abl20cat-218-random,0.6095736228442744,0.6944285714285714,0.9774436090225564,0.9552238805970148,0.4076605000974749,0.9801324503311258,0.904648956356736,0.8947368421052632,0.6741805727030149,0.3024747610113463,0.5245288248337029,0.8630561995294443,0.9948186528497408,0.8182375478927203,0.5200166805671393,0.3172169268315144,0.7607375404997085,0.8433403525905128,0.945945945945946,0.945273631840796,0.8757801664355062,0.6259107468123862,0.0964952910297977,0.8566504460665044,0.9159663865546218,0.218001713968846,0.3511748648503988,0.8885187853834278,0.9824561403508772,0.5960153054492677,0.070926177079248,0.2936858860983374,0.2276070214389787,0.3986922202509322,0.9524901295972676,0.3206408378822172,0.8545980335454019,0.9793103448275862,0.8917561873108196,0.4960232586131867,0.5729085729085729,0.5309119422811219,0.2631905408024811,0.2646520146520146,0.3065914130215682,0.7060833157849099,0.1011948561617435,0.1558442663935653,0.2335802305111768,0.9479234380642833,0.0807733971018047,0.3846177177773366,0.798191573926868
align-dinov2+500m-things+hyp-abl20cat-42,0.9701060344827585,0.8129954751131222,0.9850746268656716,0.9629629629629628,0.229648782589959,0.9733333333333334,0.9058651026392962,0.9131670996379404,0.7015451341827054,0.4738298738298738,0.8817439468852398,0.9504759238521836,1.0,0.817577573510741,0.9393939393939394,0.5833687839595156,0.8444111924292587,0.8233748778103616,1.0,0.9952606635071092,0.849895796268998,0.7423996110545588,0.2450815620365793,0.9402356902356904,0.9085158609249652,0.3421455744265605,0.9488281087381872,0.8702933333333333,0.9642857142857142,0.7151353940448012,0.2048492048492048,0.5042402561665082,0.7877352394581221,0.3953728351243879,0.934654537578514,0.4878987838993491,0.936842105263158,0.9863013698630138,0.9372151362046426,0.6882440159323857,0.6730976430976431,0.6669034589078405,0.4297156084656084,0.7707773707773707,0.440124873868902,0.8784473733133726,0.1673637308632696,0.6676111031350017,0.5720861758916398,1.0,0.7135369690036738,0.9721898471898472,0.8295733750279205
align-dinov2+500m-things+hyp-abl20cat-42-random,0.7810842830333086,0.7339890710382514,0.9457364341085271,0.9928057553956836,0.2976765159059554,0.9523809523809524,0.8794341442503484,0.9112842959325292,0.6741805727030149,0.3024747610113463,0.7191417597629214,0.8667648141332353,1.0,0.8432597623089984,0.5200166805671393,0.3172169268315144,0.7371336619108995,0.867441836807357,0.96,0.9346733668341708,0.8703012198157829,0.5938702779757662,0.1389856185173513,0.8872549019607843,0.8796673785025562,0.218001713968846,0.3511748648503988,0.8961082698939423,0.9454545454545454,0.5364570436287155,0.0573470490482938,0.3212971695575932,0.2276070214389787,0.3835895591716863,0.9159844054580896,0.3332501707802429,0.9032231742146064,0.9503546099290782,0.805433856638676,0.4640930113052415,0.5463051568314726,0.5662804348935736,0.2517653075273893,0.2646520146520146,0.3065914130215682,0.6625401033086005,0.1011948561617435,0.1643393771510115,0.2335802305111768,0.9479234380642833,0.251461024442811,0.372611865258924,0.6360610718152617
align-dinov2+500m-things+hyp-abl20cat-7,0.9429273497815912,0.7775444398511783,0.9538461538461538,1.0,0.2390844564757608,0.9868421052631576,0.8924731182795699,0.9649122807017544,0.6741805727030149,0.403778677462888,0.8898154466255137,0.8971125730994152,1.0,0.8401917034985888,0.6975591151792524,0.5917871680523656,0.8677384283275013,0.9449250424494234,0.9935483870967742,0.9658536585365852,0.8752724390727166,0.7547290781620579,0.2000252750336982,0.9737413194444444,0.9484288765010954,0.242722726808858,0.980896371791542,0.9110176091434647,0.976470588235294,0.7395767000790393,0.0772489600941483,0.3673015873015873,0.828465591360927,0.4689268752811978,0.9003512249876664,0.3206408378822172,0.8769675668461092,0.9863013698630138,0.958176655667255,0.5682252113244812,0.8285913320396078,0.6445428169317947,0.2517653075273893,0.3587676342180358,0.319918524696765,0.8090949657214717,0.1923938092812265,0.4241308914869792,0.4952017679290406,1.0,0.7936223530885854,0.9233317894463132,0.8235335860992276
align-dinov2+500m-things+hyp-abl20cat-7-random,0.8760851600620216,0.8056547266851758,0.9457364341085271,0.9855072463768116,0.229648782589959,0.9801324503311258,0.8413819431189159,0.7978490530122775,0.6741805727030149,0.3024747610113463,0.6163040102311136,0.8490001226843332,1.0,0.7657217358912275,0.5236612702366127,0.3172169268315144,0.775412729543903,0.7641372612909615,0.9387755102040816,0.9015544041450776,0.79493643726868,0.6633196721311476,0.0964952910297977,0.8496732026143791,0.8689291101055807,0.218001713968846,0.369330229786022,0.895244435638333,0.9883720930232558,0.437479306919766,0.0918799139572311,0.2961592670894996,0.2276070214389787,0.3835895591716863,0.9515421344689636,0.3206408378822172,0.83215994531784,0.9503546099290782,0.8887278437056497,0.4640930113052415,0.566262777815666,0.4446233258294108,0.2517653075273893,0.2646520146520146,0.3142638953069047,0.7347141099604639,0.1011948561617435,0.1120400226521508,0.2666531655034895,0.9399282836124356,0.1221943033594223,0.4029873381421922,0.6637115927154451
align-dinov2+500m-things+hyp-abl20cat-local-shuffled-218,0.943978287827372,0.7168680616956479,0.9875,0.9941520467836256,0.3804417230254551,0.9896907216494844,0.8143939393939393,0.9298179298179298,0.6196322489391797,0.256333765672287,0.8370822243162669,0.8921135909393737,0.9930069930069928,0.783824640967498,0.7794687327061428,0.4873944353925946,0.8547192353643966,0.9823069403714564,1.0,0.9937106918238994,0.885022945348352,0.698006384567554,0.132667651058037,0.9182680882749008,0.9003325942350333,0.3591734241644249,0.9597242880464356,0.9216588050314464,0.968152866242038,0.7992196341272896,0.6456024306955984,0.4223195333320972,0.9530635975521776,0.4745238095238095,0.9375020383559548,0.7609285792542637,0.8762115077904551,0.9873417721518988,0.9373237909347212,0.5151091831482979,0.5897920604914935,0.6737588652482269,0.3144825687104391,0.8251960805152295,0.5198886507920614,0.90901279900137,0.5574349959389846,0.6157645877405098,0.40625,0.9870944741532978,0.6505276874702578,0.8878588647819416,0.8050505962937913
align-dinov2+500m-things+hyp-abl20cat-local-shuffled-42,0.9713286713286714,0.6980443805874841,0.8904109589041096,1.0,0.2548456010875898,0.9896907216494844,0.8143939393939393,0.9184805060857884,0.6575638959244761,0.256333765672287,0.8381687272742953,0.9381863750284803,0.9859154929577464,0.8392178489135128,0.8729114667449714,0.3000202408663091,0.8483898468223194,0.9646138807429132,1.0,0.967741935483871,0.8455004883849322,0.5814009661835748,0.107718006519518,0.8563418571064481,0.8475131251726996,0.3665534630029844,0.993289195317222,0.960886047168036,0.9746835443037972,0.6499745028046915,0.33138610241314,0.3086683470756611,0.7340777111061836,0.433313321881235,0.9646017699115044,0.4464887640449438,0.8868312757201647,0.9743589743589742,0.9514404190309907,0.4885088004280772,0.6333867871259176,0.5609457544130911,0.2469182075628852,0.8749516084693446,0.5389548608839918,0.8228637796582047,0.152075205640423,0.1804407187255041,0.5025975542129995,0.9473758365621696,0.8121229531743752,0.9679177531279852,0.8793428480939478
align-dinov2+500m-things+hyp-abl20cat-local-shuffled-7,0.9668073214517052,0.7161575337939169,0.9746835443037972,0.9941520467836256,0.2548456010875898,0.9791666666666666,0.8645833333333334,0.9731105711148476,0.6098552051736965,0.4569653975095785,0.8865248226950354,0.936842105263158,0.9930069930069928,0.826112480920512,0.5802860173638752,0.455053487376979,0.8761706555671175,0.9912312312312314,1.0,0.9808917197452228,0.9041857877902932,0.5814009661835748,0.3135623937372718,0.9002137103402926,0.907215007215007,0.2621255883611467,1.0,0.905990566037736,0.9875,0.7693521751348272,0.6184992548435172,0.4428475504083185,0.9858769715319072,0.6143655913978495,0.9639513365946608,0.6522594959718157,0.923088023088023,1.0,0.9887711492301388,0.5811984851860102,0.8367144623276987,0.7182614133833646,0.4049713447954151,0.8858699089854869,0.8480510410342023,0.9586421813642592,0.8429166666666666,0.5859469340062776,0.5295389258044859,0.9473758365621696,0.8095635692294237,0.9808149514718858,0.8855889333596341
align-dinov2+500m-things+hyp-abl20cat-shuffled-218,0.4151359903097423,0.4353672643146327,0.935897435897436,0.9883720930232558,0.3362415647767201,0.9830508474576272,0.8357180710121886,0.6497546897546898,0.696594427244582,0.2023551895674657,0.5706146016310968,0.7950631220187994,0.9935483870967742,0.5620588713611969,0.4826674500587544,0.2762314681970349,0.6526491532645972,0.583188741083478,0.8720930232558138,0.912751677852349,0.8928571428571429,0.5493200663349916,0.0914686599574059,0.8404938271604938,0.7040126540126539,0.1802409037009299,0.4457297088876036,0.4345219665830353,0.9777777777777776,0.3304721030042918,0.104075796769406,0.3025988506732995,0.2903569841504962,0.2927200731038684,0.6465818363273453,0.2747188247644591,0.8427379885572482,0.9555555555555556,0.851321138211382,0.3686224489795918,0.4991452991452991,0.4908566538839413,0.2404907097766412,0.2254689754689754,0.3364072148196295,0.6186216883891303,0.1155395447846733,0.0571316290912213,0.2528373899360541,0.8315003927729772,0.077478202548625,0.3684525233197799,0.3996148778757474
align-dinov2+500m-things+hyp-abl20cat-shuffled-42,0.5957866596741728,0.4378192838147072,0.9220779220779222,0.9580838323353296,0.3162943871706759,0.9830508474576272,0.8141711229946524,0.6862667371388301,0.7140527004985181,0.2023551895674657,0.4977597918774388,0.7812985033647676,0.9668874172185432,0.7184664173036267,0.4722935225728522,0.2737094837935174,0.6854281722529331,0.6230923827823052,0.9162011173184358,0.9615384615384616,0.9240290226205718,0.5493200663349916,0.0914686599574059,0.916166960611405,0.6848947142243232,0.1802409037009299,0.4980839749459412,0.5020405876783208,0.96045197740113,0.3246753246753247,0.0697179468506153,0.3025988506732995,0.2903569841504962,0.2927200731038684,0.6808035714285715,0.262213313443968,0.7855518025780657,0.9555555555555556,0.8157547791694133,0.3858816729718368,0.57374748738954,0.4908566538839413,0.2384063173007897,0.4011180387592539,0.3837463090097882,0.60993242181361,0.1155395447846733,0.1114666666666666,0.2924702830288983,0.904702012383901,0.2018671741961334,0.3864967369392147,0.487049987049987
align-dinov2+500m-things+hyp-abl20cat-shuffled-7,0.54361669222254,0.3947368421052632,0.9220779220779222,0.9454545454545454,0.3162943871706759,0.9655172413793104,0.7831996434937611,0.7163603910591864,0.696594427244582,0.2023551895674657,0.4845919973110476,0.748970755063672,0.9668874172185432,0.5948604428270483,0.4765765765765766,0.288999810450496,0.7210722819163001,0.6121794871794872,0.8720930232558138,0.9411764705882352,0.8851802403204273,0.5493200663349916,0.0914686599574059,0.8518518518518519,0.6777448379882458,0.1802409037009299,0.4898508443393127,0.5361457625229844,0.9777777777777776,0.3275862068965517,0.0939952168573459,0.3025988506732995,0.2903569841504962,0.2927200731038684,0.6517857142857143,0.262213313443968,0.853645219690221,0.9497206703910616,0.8018710324089542,0.3686224489795918,0.5446775446775447,0.4908566538839413,0.2404907097766412,0.2698309223732952,0.3364072148196295,0.6336859017271389,0.1155395447846733,0.0523815306864017,0.2503063063063063,0.8149920255183413,0.0998143303499215,0.3715323252768187,0.4902882595951903
align-dinov2+500m-things+hyp-abl30-218,0.9890472438442875,0.8619612271786186,1.0,0.9654891580983403,0.9230769230769232,0.9119935785403042,0.925178895288395,0.871218487394958,0.8085192697768764,0.723367435231842,0.9429171133976626,0.9568345323741008,0.9808641596001804,0.9259159030879368,0.6874832691861538,0.8375775570020174,0.9014053978645324,0.9803921568627452,0.9644312065361634,0.9839378192157876,0.9448259824819782,0.7502513516657788,0.7985682840710308,0.9405940594059404,0.9421117151029608,0.8190316606402681,0.9912489986793392,0.9568792969796004,0.9343478562990758,0.7942588376484707,0.9886782669383528,0.7753552180303773,0.9521903622293546,0.7357095380525092,0.931695112987302,0.8829493747984666,0.9275875118259224,0.8109821620459917,0.9544083391704092,0.7568438003220611,0.7200000000000001,0.8714514835605452,0.7503036522030491,0.93658699078663,0.7505383954776668,0.9155167232970436,0.7909587680079484,0.9057510011356164,0.8244604316546762,0.9915966386554622,0.9428561183940783,0.9080892739429326,0.8938927620737738
align-dinov2+500m-things+hyp-abl30-218-random,0.929926435850712,0.7673366401028077,0.878623339469785,0.9217638691322904,0.8826498704547484,0.8381410256410255,0.7872932533093386,0.7974025974025974,0.7197239566217549,0.6900453568870852,0.8087614140245719,0.9204011850242692,1.0,0.8722028724611591,0.8077714635091684,0.7629049793433355,0.8963761963713344,0.9310499850519136,0.8722890534697546,0.8792924037460979,0.9124076100520262,0.8083455111680322,0.8038515260483223,0.8174389798823429,0.8535107850533965,0.7820125236781127,0.8739612188365653,0.8843675767417924,0.824878764186762,0.6504746742550083,0.9511696598332212,0.7539604768904132,0.8817769404298569,0.587918514671956,0.8442906574394464,0.8401517067003793,0.7187797619047619,0.7921127973763454,0.9365145308468624,0.6444423156751924,0.7471509971509972,0.7142172229393325,0.5839088549685478,0.649616808748816,0.5259200042459182,0.7638812366085094,0.7329737657606511,0.9015125834446668,0.675317458112201,0.8082637984771374,0.8803368175057931,0.7505405405405405,0.8012422360248447
align-dinov2+500m-things+hyp-abl30-42,0.9868981032886934,0.876960530948261,1.0,0.9875270927902506,0.942132867132867,0.9320571361667253,0.9028971085546008,0.8631361246177202,0.9152026060899948,0.7890276538804639,0.9425837320574164,0.9495925710345028,0.9808641596001804,0.9065314576150352,0.8005071851225698,0.8667575044386638,0.927069168144324,1.0,0.9573520544405204,0.9519842954159592,0.9416013128997888,0.7936858992021651,0.7980930718554482,0.9601702568905538,0.9347627901886292,0.7756661651727206,0.9912489986793392,0.926352176757256,0.9594289390088044,0.7979940851227979,0.9923551335575213,0.8241647241647242,0.9521903622293546,0.7202528267648697,0.912179430983674,0.874707557725562,0.9899396739828006,0.8760203300668193,0.9727919417915124,0.6125580125580126,0.7520998223227265,0.9093764313289276,0.7242264422417043,0.9429580327898808,0.7859504132231405,0.9385913185913184,0.8361830614147081,0.9294302849858406,0.8801247771836008,0.9915966386554622,0.9258542965541277,0.926471419154346,0.9192733515999596
align-dinov2+500m-things+hyp-abl30-42-random,0.9343306527872012,0.7568370467453036,0.9104171841420348,0.9217638691322904,0.8932696906154582,0.7976762820512822,0.8422714502374383,0.7898101382488479,0.7509230965113317,0.7112097657045093,0.865244019138756,0.9204011850242692,0.9701257883414804,0.857447335119982,0.7164404223227753,0.6794619082200781,0.8965006985849261,0.9303377224647896,0.8634497843143037,0.8852490900502904,0.8873812129240338,0.6737224560009566,0.7667077333744,0.7801825192303967,0.8086082857851649,0.6963424718975136,0.8900134952766532,0.8848032815882347,0.8378007800391807,0.7373923106596373,0.9259793552187652,0.7408373904576435,0.7601865778844366,0.6765898286423416,0.8295625942684766,0.8981958252943498,0.7532246633593195,0.8083950555578117,0.7735573411249087,0.6891290527654163,0.8087719298245615,0.7961239154850739,0.6246266630464294,0.6529624508031061,0.6120760959470637,0.7696039340776183,0.6787665058200323,0.8739180025919207,0.7784271917722313,0.8375803395791973,0.8735632183908046,0.7128596338273757,0.8319733973574881
align-dinov2+500m-things+hyp-abl30-7,0.993341335496838,0.8236210847975555,1.0,1.0,0.97124285251915,0.9009372979961217,0.9341704561674424,0.8181273441487829,0.7395224295422577,0.7999573754244479,0.9191584586208486,0.9494805931059812,0.9808641596001804,0.9309840129440232,0.6205128205128204,0.8257835300088822,0.9284697794978064,1.0,0.9574081237911024,0.9679895302773064,0.9416013128997888,0.8551580964548068,0.9196923393708676,0.8971294188242354,0.9568345323741008,0.8439129713470976,0.982536590411502,0.907494061393434,0.959263887389032,0.8102031611252875,0.9923551335575213,0.8181447003103054,0.9323223492961864,0.799873319647331,0.9113212087874308,0.9081315314079256,0.9374342105263156,0.9118609800712428,0.9268355463477416,0.8413035447329626,0.8269470891212736,0.8378371677027434,0.7956065609100915,0.93658699078663,0.7595373376623377,0.9057604365480932,0.7432279939429851,0.945378183287218,0.8244604316546762,0.9747899159663864,0.9428561183940783,0.9080892739429326,0.888042997519374
align-dinov2+500m-things+hyp-abl30-7-random,0.9498512265196852,0.787413279720972,0.9264074202021916,0.9151450053705692,0.8927321594068582,0.8613122171945702,0.812641662169455,0.6771880925727078,0.7197239566217549,0.678194263363755,0.7657376887786245,0.8780804943571867,0.9314947704141456,0.8328496051268328,0.6147002350973024,0.6954423487474783,0.8737580189681776,0.9310499850519136,0.9215974290104608,0.9264607327672568,0.8551778060928992,0.6633822565930062,0.8495373934654294,0.7959612128096774,0.7734679939275337,0.6957211505299703,0.8842695473711039,0.9103760618088368,0.7020507935366753,0.7261481296871106,0.9143618344337706,0.7055626314386423,0.801184990760353,0.6961904450882603,0.8969992855441772,0.8912619915222726,0.8190000000000001,0.8109821620459917,0.8429424378791468,0.6891290527654163,0.6948979591836735,0.8268113134444014,0.6246266630464294,0.8060312732688011,0.5472255017709563,0.6578264713128414,0.7310857835083788,0.8929829655439412,0.7818026170967348,0.8983696042519572,0.8853089522516193,0.8480642804967129,0.8447564453845374
align-dinov2+500m-things+hyp-abl30-local-shuffled-218,0.9739400428984302,0.7806402699629098,0.9620084710542838,0.9864590705355036,0.8469270475581641,0.9822733918128652,0.9479995810640972,0.8781682174785623,0.803472536862838,0.6786516853932584,0.8350228635122918,0.8929662454536307,0.9618671926364234,0.9431055534503812,0.5409938503837585,0.8606158792791136,0.9319274352319727,0.9803652334720296,0.9150430689951746,0.95408585347918,0.8863079248474787,0.7525371221023395,0.8722315235589572,0.8713450292397662,0.9528086594634728,0.8285936422071594,0.9914373483350832,0.9373574778154534,0.962044196996254,0.8337837837837838,0.965204119509108,0.8598379629629629,1.0,0.8433660933660934,0.981132075471698,0.8926421994433923,0.9082223737573124,0.9029126213592232,0.8805114638447973,0.8698559226986455,0.8520026200903315,0.785829967703438,0.7531851851851852,0.8993400377121308,0.8757771167611149,0.9139774425689696,0.8699137931034482,0.916181442524418,0.8272571788639841,0.9357275541795664,0.8756474354030919,0.9165571935970418,0.8368404748052498
align-dinov2+500m-things+hyp-abl30-local-shuffled-42,0.9888360162332764,0.7973258437755053,0.992429950036441,0.9864590705355036,0.9058469618401808,0.9821428571428572,0.8851705060397419,0.9214566340848296,0.7865432812801235,0.725052240538658,0.8700949783792509,0.9311276246785593,0.9747789566755084,0.9435403726708076,0.4819023569023569,0.8199759862163954,0.933729316978048,0.9902386774259556,1.0,0.9847764250768004,0.943917943917944,0.7329894530102403,0.771886980930962,0.9183125599232982,0.9370627179065304,0.8843141859881277,1.0,0.9218818129661503,0.9136078023543394,0.8407668231611893,0.9769695295590718,0.8255563701217133,0.9827586206896552,0.8621087219692166,0.903211175616836,0.871138662448524,0.856238198983297,0.9120825835371702,0.8396708213486737,0.8964432284541723,0.9007397133610726,0.8334792131204676,0.7491228070175439,0.9119225329981144,0.9620355979382348,0.911504424778761,0.913113154960981,0.9241716680853816,0.8924967895798935,0.9517956656346748,0.8815382537412162,0.9510509160391144,0.8845893935770947
align-dinov2+500m-things+hyp-abl30-local-shuffled-7,0.9698169023761204,0.7589211809068334,0.9848202434409332,0.9753086419753086,0.9815840123179572,0.9733153824910245,0.8916797488226059,0.950017901897601,0.7501783930355359,0.7427908056651962,0.8945188365277378,0.9156331633217508,0.9743589743589745,0.926727674865825,0.4275433758638262,0.7820761938408997,0.9316301217441902,0.9712886991169384,0.9616974852718004,0.9771055203992386,0.8647325415991266,0.7623130106851036,0.7828579713348984,0.937319947621126,0.9369213031279636,0.900897185973848,1.0,0.9450487804878048,0.9037300651392632,0.8909378292939937,0.9730679543597592,0.7761144377910846,0.9914153352771466,0.8496679171252929,0.9349937608557974,0.873122599342191,0.9069025585993488,0.8847988904299583,0.9639992360580596,0.7710872162485066,0.8046130321843739,0.779542460425336,0.7002962962962963,0.956190127077224,0.8922865013774105,0.8864851962197094,0.8946777092963533,0.9117650685750428,0.8934285456024588,0.9355693581780538,0.9111598912836774,0.9590738319848308,0.8081632653061225
align-dinov2+500m-things+hyp-abl30-shuffled-218,0.7142959919725856,0.4266013071895425,0.5297829302901307,0.92,0.5197588285960378,0.6927482791298801,0.6951660404584397,0.3154592631032693,0.6394581654697261,0.3859465388611603,0.5165045626321161,0.6193857424626654,0.7824397824397824,0.4171395315000727,0.5254901960784314,0.570291777188329,0.719805966534064,0.5104212612996284,0.5950525276106671,0.4322095983112932,0.8438974738595354,0.5908750934928946,0.3690051020408162,0.5323661190526989,0.4969325438075438,0.4822577298194646,0.7528476848425034,0.4756453098558361,0.4979583958591592,0.4401932480100843,0.580343515137464,0.5349070818684079,0.6056016272883742,0.4068114357131698,0.713170731707317,0.5960727036676404,0.5857390472775088,0.5405628285743738,0.5365994953264385,0.4248165215907151,0.5068565400843882,0.5737037418822801,0.3654513888888889,0.4900335621797475,0.4621461487820934,0.6810852112033574,0.448960666293393,0.4362885438451888,0.4758474239898388,0.5089322963227845,0.5466720238375484,0.4672006102212052,0.4601101494885916
align-dinov2+500m-things+hyp-abl30-shuffled-42,0.6822889482958752,0.3672145328719723,0.5801307892143688,0.9336986301369864,0.615432098765432,0.6531028957918,0.6323822708181797,0.3897971764156011,0.6394581654697261,0.4918188819623058,0.5283415859561766,0.6255720749838397,0.7736625514403292,0.5253350911887498,0.4155844155844156,0.5431534259222238,0.7555758240516154,0.5734758013827781,0.5961086086086087,0.6041602214629295,0.839168642767471,0.5908750934928946,0.4200254941740426,0.5132848802573573,0.4511058272946859,0.3802285862871866,0.6691419141914191,0.4281547753368289,0.5578635244569005,0.4246106654082114,0.5467741547740481,0.6946803196803197,0.6356713629248094,0.4109972041006524,0.729156027192837,0.5475433015199718,0.6087542087542087,0.5547164073191748,0.607400466360799,0.3960573476702509,0.6605860777274856,0.5844626857664038,0.4610072636099395,0.4425594850721754,0.4581679894179894,0.7080916859168261,0.4878242325050836,0.5531897164738937,0.6277938040887997,0.5089322963227845,0.5580316928659333,0.5309047900650503,0.4655456069716983
align-dinov2+500m-things+hyp-abl30-shuffled-7,0.6931847202522551,0.354797258709309,0.5873605306627678,0.926896551724138,0.6315638408822188,0.6927482791298801,0.643830532934749,0.3478386444594204,0.65690038789454,0.4273306456827883,0.5192593485158854,0.6030769230769231,0.8002904865649964,0.560979965581063,0.4546469622331691,0.5734658094681473,0.7663175191954886,0.4843853820598007,0.6360457492532964,0.5579856502587186,0.8246955536675163,0.5864661654135339,0.438827164551969,0.4978868157921863,0.4750747263036589,0.4466148723640399,0.7186085972850679,0.4618620613756064,0.5578635244569005,0.4967770204479065,0.5922706752892367,0.577995867768595,0.6700952380952381,0.4109972041006524,0.6543529411764706,0.589293747188484,0.5863368259351043,0.5810321701413251,0.5372952532436635,0.4010381905821282,0.6027846027846028,0.5600193143408981,0.4275339781668896,0.5215717866093805,0.5779890903729913,0.6309321839607501,0.5679509296530574,0.5070740261916733,0.4922111136944896,0.4972879379328705,0.4935549265605875,0.536404858915045,0.4851922689011292
align-dinov2+500m-things+hyp-abl30cat-218,0.8946543121881682,0.3435636732392634,0.9664247056558312,0.7695340501792115,0.4486091536236184,0.931436861016346,0.9921869952466658,0.2730350963914977,0.8712315029962088,0.3548361237538507,0.636227587899293,0.930868700265252,0.9148617626509632,0.8886550696267296,0.5062453775988167,0.6553725639439926,0.6037467830607804,0.9443473454025184,0.9106675962574026,0.9593884376493071,0.8469881190317566,0.7614937136423343,0.6735265073809593,0.9663865546218487,0.6189184167994511,0.4300784669646037,0.9781420765027322,0.9429063309578792,0.8146078594823088,0.549050780884691,0.943722394151632,0.8057150696206873,0.9591836734693876,0.4965820089446888,0.5786897775049092,0.7405405799425598,0.9190877192982456,0.5885501325568256,0.7415001780274558,0.7771750713566328,0.5059746275727747,0.4688644688644688,0.4600943981914702,0.5022435527529138,0.6321474632374339,0.9160779754985248,0.247799696359756,0.5960020016372343,0.8688629226154582,0.9261382594715928,0.9778158359192374,0.9950248756218908,0.8770949720670391
align-dinov2+500m-things+hyp-abl30cat-218-random,0.7103383239179831,0.3245737702975147,0.4185690216310683,0.7582766439909298,0.5735137865640397,0.7917666933404464,0.8597172020277797,0.2639789053451292,0.7287680939366332,0.3465806950036399,0.0989949561761711,0.4437588223432143,0.938415159345392,0.6540509907277171,0.5062453775988167,0.3915145005370569,0.4537110834587322,0.7452326468344775,0.4108622432396716,0.8453871709685663,0.571143518928329,0.6647005706161501,0.6534504727707496,0.8279673315109176,0.3111760569570185,0.2995679567956795,0.4263433515482696,0.825508464864755,0.5031055900621119,0.3787012987012987,0.849309575868461,0.6858138171929578,0.9148936170212766,0.465602440264362,0.5263713551118383,0.7619637328615656,0.8044323432343236,0.4699691300474444,0.7060300096905117,0.611490245530747,0.4253647010478734,0.5193162393162394,0.324166264800201,0.353422347507645,0.3738544064631021,0.7507304060634289,0.15129374278965,0.1492977151347283,0.7419279320350667,0.3299469936021394,0.7922640771637122,0.9312169312169312,0.7240913951580444
align-dinov2+500m-things+hyp-abl30cat-42,0.9257089570029704,0.4579851789186496,0.9957997377299622,0.7732262382864792,0.5527563258806528,0.902200430327705,0.956568489948574,0.3758463871870936,0.928040999592169,0.6506357955896382,0.6358306092345096,0.8889998286958862,0.9249173532976216,0.7941460019679032,0.5194809340633031,0.7523524752311004,0.5948505502585563,0.9768393315304068,0.9235208647608116,0.9658899020601148,0.7421670936307012,0.6922638924093646,0.6721543126037508,0.957529514873434,0.9032258064516128,0.5389034878165313,0.983621648459276,0.8843506373385666,0.9284465493273016,0.7784571832979474,0.9371521600379868,0.8052110852110853,1.0,0.4839656713749329,0.7669774774224296,0.757886429158459,0.984,0.5110022564311008,0.7834672805652716,0.7192269480271352,0.6284825899736751,0.4688644688644688,0.6498902494232909,0.884711803318614,0.6212715855572998,0.9438759593186498,0.633132444095134,0.7312685638943979,0.9086017347819922,0.9261876006441224,0.9572369093622852,0.984924623115578,0.7739271094889113
align-dinov2+500m-things+hyp-abl30cat-42-random,0.7179150991053045,0.3201996883517738,0.461915268584433,0.7732262382864792,0.3388758654527612,0.7219361060385333,0.939238042269188,0.3166239248954583,0.735506882347031,0.344451399445587,0.1204357448778287,0.466246937646532,0.9454428130265334,0.745251763162211,0.5062453775988167,0.425019688427377,0.0604815108396002,0.751023751023751,0.3580373670681165,0.7386603544239012,0.5601979632625868,0.5949524725318033,0.6619282714788333,0.8464960143582813,0.3111760569570185,0.325520428765354,0.4237543078006893,0.8566676675674774,0.5031055900621119,0.3787012987012987,0.8993883012616286,0.65396083320347,0.847457627118644,0.4710348308934881,0.5161485912931,0.7123383914535947,0.8410554778554779,0.5641172358361224,0.5878893404306782,0.5139179886261598,0.4253647010478734,0.4688644688644688,0.3098591549295774,0.3553932640666566,0.3996778635076506,0.7024793388429752,0.1569106684590003,0.0925887202687033,0.6548642500051237,0.2957159515209905,0.749899658543531,0.9587628865979382,0.7008168630580724
align-dinov2+500m-things+hyp-abl30cat-7,0.9197967741146648,0.5602728277413388,0.9748274309723888,0.7922376348605856,0.476307916302904,0.9014424590240504,0.9825952250774558,0.3355674731729581,0.8609515703768071,0.5703823930403169,0.4804146568422652,0.9157560829974624,0.9249173532976216,0.7904325895060036,0.5062453775988167,0.6436902779759923,0.5134199032581303,0.9284465869460952,0.8852687650136879,0.9529723312939457,0.8810996915436895,0.7637632463168778,0.6375427868599977,0.9395095475990852,0.7952847478983575,0.3872657960193549,0.9616279633776856,0.9272618944506124,0.697983911602734,0.5370254683749494,0.9264013430832124,0.8232215320910973,0.9850746268656716,0.4710348308934881,0.6739445582951193,0.7722981366459627,0.936,0.6311139119474988,0.7920497788648817,0.6228684863523574,0.5422743384057778,0.4688644688644688,0.5639910704797305,0.8233355017731764,0.6167282634511065,0.8936903279369033,0.576567258444355,0.7230760541105369,0.9469198928658388,0.975252409068834,0.94823695047822,0.9950248756218908,0.7933864385851315
align-dinov2+500m-things+hyp-abl30cat-7-random,0.8206865114279231,0.3134982306766538,0.5655715953335605,0.7732262382864792,0.5643173729149978,0.7877444753745394,0.9135764375876576,0.2748829215622385,0.735506882347031,0.4089961223610513,0.2980256796463669,0.3658178825110595,0.8378029191982681,0.7572031339329571,0.5034636318654132,0.3915145005370569,0.3214126885694988,0.8054706003330392,0.3999239366984301,0.7621883774355485,0.5473792384359997,0.6165594757942421,0.5374920948842313,0.7643534903027328,0.3181932717833856,0.3422510822510822,0.6096853212737894,0.8039950315597353,0.5156163746767773,0.3787012987012987,0.8595623750646487,0.6747851851851853,0.9032258064516128,0.4710348308934881,0.5049399417865781,0.7262612776631467,0.7866534653465347,0.6904971098265896,0.6228845876363037,0.5520765159674519,0.4470696005256106,0.4688644688644688,0.3197552620818344,0.3553932640666566,0.3949050949050948,0.7137816521378165,0.1756317872729118,0.1526312876816534,0.6917920411071096,0.3244199490495787,0.8398094458466926,0.984924623115578,0.6565663264338033
align-dinov2+500m-things+hyp-abl30cat-local-shuffled-218,0.9203527948713712,0.4072938657378884,0.8912259870588312,0.8551964831034599,0.7427202555230237,0.8714080021797168,0.9469312977099236,0.4698025862020745,0.7699121682868126,0.4323122029093774,0.7515216665291706,0.9187334820409756,0.8808278793981092,0.866500983742363,0.4983231153739346,0.5200721153846154,0.3709817393117919,0.9370558789645926,0.8341983347360584,0.9760841237958132,0.6417825913683568,0.633316083031453,0.663038665368626,0.9198357788628516,0.5418344227605999,0.3979319852941176,0.7550973370834639,0.946852382714444,0.9124580946254915,0.5865227391769715,0.948547695533542,0.8761513157894738,0.978902953586498,0.5009669621273166,0.7552645801562697,0.7134243878429924,0.9052440230513792,0.5626822157434402,0.8657113681637846,0.6224818927583816,0.4727085053674649,0.4325947600438909,0.6028178243774573,0.3481949712038207,0.4001955849111051,0.8415302802683581,0.482229049833717,0.3361964605854056,0.8274148644997591,0.8841524451280548,0.8970005659309563,0.9879518072289156,0.8112889399496266
align-dinov2+500m-things+hyp-abl30cat-local-shuffled-42,0.9218978869374508,0.3221380449615744,0.991275495589952,0.7630261995878717,0.753285707047677,0.913762151646044,0.9407211936412708,0.3611582146856503,0.8225870827285923,0.4111606767107145,0.801591170861397,0.8566343920610503,0.9129148079643128,0.8550255240408696,0.4983231153739346,0.5384291586193235,0.5579282325435023,0.9402455797305584,0.5219504147812971,0.9839157217829512,0.5418857901726427,0.6238784093385008,0.5552300396491693,0.9254528146190558,0.2648847328450582,0.4116173714007612,0.9883545113082396,0.9289094961922396,0.6840210675139996,0.3985098801425332,0.9553192967827112,0.8268492808785449,0.995850622406639,0.491156462585034,0.8218248233782915,0.8388578108040411,0.8877778126077551,0.5156163746767773,0.8870301036639471,0.5794118737716468,0.519791285812616,0.4325947600438909,0.3636899250904806,0.3579954111721353,0.6566822295109991,0.8821298821298821,0.2069104015389331,0.1967646382066828,0.9088805131257024,0.9196062751581368,0.9284218541785648,1.0,0.8811174384871601
align-dinov2+500m-things+hyp-abl30cat-local-shuffled-7,0.9673564409419834,0.417784239795625,0.8287318686249581,0.8282183850683701,0.7585196890480858,0.9005267397905435,0.9469312977099236,0.5765470963567675,0.7004952129415649,0.372368836112288,0.7903023082650782,0.8160070647612866,0.9129148079643128,0.8720763352856754,0.4983231153739346,0.444045018205892,0.1155063741552528,0.9544505725826198,0.8862318953555448,0.9839157217829512,0.7182284382284382,0.6103642811089619,0.5560090900089595,0.9211652049400394,0.3023495689651598,0.3058933014830297,0.9590357561665588,0.9271998214646155,0.768606508555339,0.3421888053467001,0.9488683878675253,0.7270098322729901,0.995850622406639,0.5009669621273166,0.6472194385440335,0.8122714207424142,0.8919118576191448,0.7601811219498559,0.9212549629544124,0.5794118737716468,0.5467486957599522,0.4325947600438909,0.4150838440620155,0.6626450839562238,0.4872556257122786,0.900482093663912,0.4544524125467355,0.4384392598771186,0.8047166030959201,0.8213158213158213,0.9205574912891986,0.9838709677419356,0.8884709023796434
align-dinov2+500m-things+hyp-abl30cat-shuffled-218,0.7347901593103823,0.3065914130215682,0.5663860790832567,0.700489621819711,0.4213595771824311,0.6633677267321499,0.7266746411483254,0.2777600163152197,0.73302822273074,0.2866722215609253,0.1040858557295975,0.3755201213145031,0.8650549450549451,0.5014636261790322,0.4927601809954751,0.3803951836986723,0.1019264759243067,0.6938932029527369,0.3857679017441369,0.8206726859478283,0.5941360796758677,0.5846611721611721,0.4667413875938795,0.6392678320562762,0.2744772327535665,0.2698679058560303,0.5527008401774757,0.5248241172440299,0.4832899344527251,0.2836018617973505,0.6271864881136404,0.6421383080990146,0.8820960698689956,0.4504893738986433,0.5003700657894736,0.6690196078431373,0.7175377784701666,0.4857763397012544,0.6346243821680503,0.4807692307692308,0.4298245614035088,0.4327916629868409,0.3163440044967908,0.3400922753504543,0.4279452511294037,0.6635813014443236,0.1902592108981445,0.1009785831458206,0.6198215583989172,0.2938461881929916,0.4656014897622141,0.8669950738916257,0.5089427858402945
align-dinov2+500m-things+hyp-abl30cat-shuffled-42,0.7306302349596573,0.3065914130215682,0.4137730025174593,0.7115304729689633,0.4193887340673398,0.6107229123533471,0.7840909090909091,0.2590458570107044,0.73302822273074,0.2866722215609253,0.1040858557295975,0.3392739614718439,0.895042735042735,0.5550936629487193,0.4927601809954751,0.3803951836986723,0.0362255389553803,0.7127192982456141,0.3772671985846558,0.7240413760812242,0.6045532941578392,0.5846611721611721,0.3451570461467143,0.7185485796132729,0.2744772327535665,0.2698679058560303,0.5140394773422297,0.5594154285254042,0.4832899344527251,0.2836018617973505,0.6531812497100954,0.673596784817491,0.8363636363636363,0.4245614035087719,0.464500537056928,0.7058823529411765,0.7116927363050484,0.45,0.5728703115066752,0.4807692307692308,0.4298245614035088,0.4841276187430033,0.3163440044967908,0.3566416437616585,0.3981106191931159,0.7157804721619889,0.1718123547588038,0.1493662029376315,0.6710080043413377,0.3177885234427887,0.6581517655897821,0.963963963963964,0.6091499006458022
align-dinov2+500m-things+hyp-abl30cat-shuffled-7,0.7211382972481369,0.3065914130215682,0.4110571778015594,0.7151511569490824,0.4213595771824311,0.6243817575339313,0.7756944444444445,0.2590458570107044,0.7264694583173261,0.2866722215609253,0.13347627361726,0.3956646335301643,0.8765217391304347,0.5221052631578947,0.4927601809954751,0.3803951836986723,0.0281142604571576,0.6744152046783626,0.3857679017441369,0.7544221564199367,0.6045532941578392,0.5846611721611721,0.3761077209834721,0.5994645559306251,0.2744772327535665,0.2698679058560303,0.5116192600855177,0.4570621544615487,0.4832899344527251,0.2836018617973505,0.5979301767381238,0.6588190507914037,0.9012875536480688,0.4218352572882019,0.464500537056928,0.672610051433999,0.7021028943896951,0.6055044447032336,0.5301573426573427,0.4807692307692308,0.4298245614035088,0.4327916629868409,0.3355576170898368,0.3496796190995654,0.3958401751505199,0.7461568869810197,0.1718123547588038,0.0929118244885334,0.6155285623204246,0.3001329198050509,0.5962774308017674,0.9777777777777776,0.5941494491064649
align-dinov2+500m-things+hyp-abl40cat-218,0.8002317073426725,0.7898578185748171,1.0,0.934959349593496,0.3655425454234101,0.9156626506024096,0.6661121202630754,0.7827368421052633,0.8565904175132725,0.5173443733264038,0.4441024804842753,0.834161937370042,0.9856823838719062,0.7542841168688493,0.7279342406683735,0.8827371449598275,0.8829352725767173,0.9294438502673796,0.974110835401158,0.9705739191999646,0.9168175619788524,0.5333333333333333,0.253745652528001,0.8755029493339583,0.7109257447916602,0.5871470786870104,0.9793601007387897,0.7617211695255913,0.8852561400813356,0.8690903989553994,0.9435819962042789,0.5910186001109656,0.9468218088324156,0.5365696094951291,0.814327889355885,0.4624687656171913,0.9156065148691354,0.8258198494418966,0.8623047913612275,0.7270692381470825,0.6766157028437654,0.5052378545966101,0.632786035817222,0.8972711392105072,0.6756961259079902,0.8630094043887147,0.6853717526307751,0.9002301863454557,0.7318819514661273,0.9387265155588176,0.7919138027717697,0.9280211208532364,0.8709763198312815
align-dinov2+500m-things+hyp-abl40cat-218-random,0.0570174319348146,0.6867390647727579,0.6255186264982183,0.9844961240310078,0.4944987577558389,0.7585304348420341,0.4068839565486005,0.6161006014215418,0.7307477505429724,0.3882759306197505,0.1239707947501192,0.4558386681704818,0.7854496179136307,0.7533974254521753,0.5286246581376994,0.6506533074107836,0.84258153653963,0.5083010960670534,0.908962356792144,0.8825898869402111,0.6229182453481519,0.6956346289650799,0.1791919837970365,0.4881821341675357,0.3523630573060231,0.3352311511014583,0.4509912533108497,0.1143776790677941,0.5244190463606785,0.7762586546199138,0.1211915583407853,0.4206123169364191,0.3301090299133351,0.4911814109742441,0.5490037149611617,0.4444703444703444,0.5507765349641909,0.5003064962248636,0.3559889437720488,0.5461505560307955,0.464405324173465,0.5064334414234639,0.3817348789552902,0.3896397609175596,0.503958298382874,0.5262356001486437,0.1820004891171435,0.7920061069519352,0.3526505381322117,0.381827435846792,0.6930562002368775,0.4621591746499631,0.6368243243243243
align-dinov2+500m-things+hyp-abl40cat-42,0.5063914064809514,0.8171021838475411,0.987745268262402,0.9477911646586346,0.471226254231189,0.905862359041412,0.450355026803348,0.8932574679943102,0.7782336790726052,0.4241670587708095,0.6495606120285059,0.6733805886953194,0.9808645183645184,0.8222495441959196,0.6174092614416539,0.8511727537461967,0.9040289563612388,0.8917347301136364,0.9478129713423832,0.9540168187511182,0.8474127926182721,0.5506172839506174,0.2752757505883472,0.9411128087598676,0.7109257447916602,0.5115086370352935,0.9639121541667308,0.8330716264773633,0.8615355056586625,0.8420424462691254,0.2685279997469664,0.4250539684408111,0.8497244396940445,0.5040625215175928,0.879311516462903,0.6651515151515152,0.9286497608845576,0.7583749583749584,0.8048737064003642,0.8072480316528805,0.4747404844290657,0.5343677541120919,0.4710780141843971,0.6923220337532361,0.4325195216990699,0.8031869637320644,0.3061586286349912,0.9059256350950988,0.6165273492286115,0.6270247645622602,0.9328484848484848,0.7706116347420695,0.8618326478105077
align-dinov2+500m-things+hyp-abl40cat-42-random,0.128941866420937,0.7178047533640057,0.6155068039924892,0.952,0.7667504314609015,0.7366558840291212,0.4101111412306857,0.5201730353280462,0.7527272727272727,0.3862639553429027,0.2725322188772622,0.4724300640377486,0.7229862353408865,0.6021768348423578,0.5286246581376994,0.6929981013750648,0.8747740421585585,0.5315830721003135,0.8549145299145299,0.6229410002994908,0.69919665756222,0.5525532581453634,0.2400309112822175,0.4881821341675357,0.343948434551915,0.3352311511014583,0.4780571988423418,0.1060849629535717,0.5244190463606785,0.8230243612596553,0.1089514866979655,0.4084146815035017,0.3337819051326253,0.4989604269180123,0.5515755453810934,0.4444703444703444,0.5479651162790697,0.4962017847923888,0.307604357798673,0.5536402020204318,0.464405324173465,0.5006937289649015,0.3723404255319149,0.3915145005370569,0.4306923848480494,0.5262356001486437,0.1820004891171435,0.8143451414927155,0.3804046274466801,0.3947036569987389,0.6791275486012327,0.4621591746499631,0.6860366573470023
align-dinov2+500m-things+hyp-abl40cat-7,0.3719050310910118,0.8346405410075554,0.9795754471040032,0.9644268774703556,0.6826568298505097,0.8807589881191218,0.4405566043228511,0.8484806102987922,0.8538461538461538,0.4076980199787217,0.5352548095138608,0.7215540211186104,0.976245018751054,0.8946823795469753,0.5286246581376994,0.8594816382607404,0.8964476831916776,0.8269835762202175,0.9428551246733065,0.9380534740011864,0.8480102516309413,0.5377446994808931,0.2029215578490564,0.8020978371855566,0.3769525983128954,0.3685840940248334,0.9845054494227148,0.6217566448932903,0.6576326865824863,0.8588647993738031,0.9538698655034532,0.4148083253690134,0.8756229838542486,0.5040625215175928,0.8621563703752436,0.6232954545454545,0.8978906291198648,0.5986874025628351,0.8274712037286981,0.8108732216643962,0.5156551509492686,0.5052378545966101,0.37427948370366,0.6046620806464389,0.5043758515878839,0.7789075547696238,0.3849655559425674,0.9082062580522,0.5159806763285024,0.7688980931510607,0.946459572593082,0.4768945397280464,0.9212480081943404
align-dinov2+500m-things+hyp-abl40cat-7-random,0.027191011235955,0.6881947820450494,0.5644795356786177,0.980544747081712,0.6740606114199679,0.7441460758287387,0.5201102703377612,0.5915061920508332,0.7618361836183619,0.4011337411216419,0.2575642748056541,0.4109000276075907,0.7085950051117277,0.6351003977876035,0.5286246581376994,0.695049880434439,0.8530695326494055,0.5201048951048951,0.8699464999024471,0.7793527409439618,0.5634769905040176,0.6660859465737514,0.1791919837970365,0.4881821341675357,0.343948434551915,0.3352311511014583,0.5053093792183405,0.0807059403174759,0.5310350171348761,0.7650831034471448,0.1399505135387488,0.4040893845718672,0.3500428090179702,0.5040625215175928,0.525100820470032,0.4444703444703444,0.5479651162790697,0.4962017847923888,0.3065490526071439,0.5461505560307955,0.465779852964276,0.5052378545966101,0.3703905648076809,0.3915145005370569,0.4859229208924949,0.5303520208604955,0.1786654852445297,0.770435926291269,0.341090726313144,0.3366495295372975,0.7642611761600392,0.4686491019090311,0.5425066091732758
align-dinov2+500m-things+hyp-abl40cat-local-shuffled-218,0.6814145557083267,0.8282321379996059,0.9515370613813328,0.9743589743589745,0.44371921182266,0.94134705696797,0.7942141187470781,0.9016566475961896,0.7263948116560058,0.4071694936460192,0.8295537471655982,0.8719488864778737,0.9044179417941794,0.7614827900153301,0.6223385689354275,0.8247939444911689,0.9278932699737872,0.9153518123667376,0.9703913764089,0.9584843575139051,0.797095601257168,0.6422121601389661,0.3626231675078106,0.8966428142769874,0.579910159897347,0.6665236392901385,0.9362971703397236,0.3315120676231787,0.939661426278076,0.9263917966727448,0.4284770317048325,0.5190605750787923,0.992063492063492,0.5327710843373494,0.9313015235987132,0.7565297557148762,0.8561344358739207,0.9281907954891802,0.7605928008733259,0.8221584705985481,0.7646592762741768,0.4899311075781664,0.6098141809142856,0.7399532591576486,0.554406744885923,0.9266393989253476,0.6946680426556587,0.908943650942801,0.6206033233520027,0.619008706354731,0.8348420830435218,0.7082388899076961,0.9186823681979034
align-dinov2+500m-things+hyp-abl40cat-local-shuffled-42,0.1262488990330259,0.7329528599791235,0.991932329562182,0.9915966386554622,0.4714918476420854,0.9403775731243618,0.712748520544365,0.8455820298925685,0.7090481203938812,0.5049901421527658,0.7015248785985173,0.8190936051204084,0.9759218923153348,0.8999793131375642,0.6618995972699517,0.8360975609756097,0.9013407526883702,0.8204899933405769,0.9703913764089,0.9787238733088331,0.7049173592129422,0.6248268934093926,0.2694537444933921,0.9030761440597506,0.3196784725290118,0.5636503427753633,0.973481119389311,0.8509232152511781,0.7888317133600153,0.8627429117553361,0.7435712422549149,0.510279843976778,0.9482419471650264,0.6285424347231195,0.9310070745741792,0.5094170403587444,0.8550404624277457,0.8770880015751636,0.7287031624267037,0.9238146874221588,0.5205949558587595,0.4899311075781664,0.493679640760408,0.8461891203037186,0.7952558158626292,0.6930023448249134,0.7199938884644768,0.9195516640953664,0.6232656061715891,0.6515085345544548,0.8458974543239535,0.6614973074795348,0.9190752951601552
align-dinov2+500m-things+hyp-abl40cat-local-shuffled-7,0.1010197806295107,0.7218624079999187,0.6999844913151365,0.9090909090909092,0.4496868532471222,0.8246292714377821,0.5034138221985351,0.694292902508228,0.7381412266399098,0.4092314805863759,0.4134944980855686,0.4269727566613025,0.5836347307833613,0.811805725898573,0.5512876971505929,0.6366135868942605,0.8579786480571929,0.5739130434782609,0.9556298773690078,0.9317981181232908,0.6404518390971516,0.6648244387191756,0.2043494023256444,0.5151601933058886,0.3016993221283313,0.2954029304029303,0.6869500572431123,0.1290078561826902,0.5031055900621119,0.8895931142410015,0.0927117233028078,0.4036082768055635,0.3628124070698059,0.549069965487876,0.5532928064842959,0.5473094170403587,0.5918156047217239,0.5239170334757256,0.3460362690716944,0.6061204029344833,0.5084033613445378,0.4986198269475326,0.3773060948517338,0.3872033972506786,0.4218451749734889,0.5902556718201973,0.176200283176728,0.8158310530992586,0.4296785157424067,0.3592180881311091,0.8421510570879435,0.5154340276291496,0.6701797739855289
align-dinov2+500m-things+hyp-abl40cat-shuffled-218,0.037928811817369,0.5646456674080983,0.4212705450490466,0.9743589743589745,0.4339703856749312,0.6602288035759928,0.418631500798977,0.472830703052222,0.7741356482719488,0.3221708611539119,0.143940821731067,0.3416118699106262,0.6143831827401808,0.5395215358049272,0.5407038748666904,0.6540903890160182,0.7664521663212294,0.4817716333845366,0.7379671603998874,0.7401785714285715,0.6304176516942475,0.5711232103246622,0.1542709037638043,0.5067063492063493,0.3183123841342922,0.2942812682357518,0.571291263802277,0.1461912077400338,0.5312632681366583,0.6192251029376582,0.142947173308619,0.4101111412306857,0.405541282368815,0.4554355732109886,0.5943602486769551,0.3810818465024072,0.5742796236401059,0.4915691569156916,0.370925483201307,0.5055871811090028,0.4395692964730857,0.491374681165257,0.3629764065335753,0.3333333333333333,0.4457282913165266,0.5715419501133788,0.1953576547833726,0.5937608854430024,0.3662785432773765,0.3284031037455694,0.5883824546838244,0.5022241732513901,0.6000445723084403
align-dinov2+500m-things+hyp-abl40cat-shuffled-42,0.0405789846742678,0.6024901961693673,0.3825749727565902,0.99581589958159,0.4339703856749312,0.6222211484060878,0.4090888066604995,0.4098502304147465,0.7603318250377074,0.3221708611539119,0.1398007762711243,0.3499354582464501,0.6143831827401808,0.5263123993558776,0.5407038748666904,0.628819584558329,0.7463287389172104,0.4817716333845366,0.8020804890473763,0.6193203381059168,0.6304176516942475,0.6033856571252693,0.1542709037638043,0.5067063492063493,0.3183123841342922,0.3089452382360644,0.5814637088315501,0.1421606930524885,0.5289274967353659,0.5411932540043791,0.110152284752862,0.4101111412306857,0.3988175422840891,0.470882373546308,0.5106154375107443,0.3914915424161795,0.6084890515636037,0.4915691569156916,0.3541940752166221,0.5084033613445378,0.4395692964730857,0.491374681165257,0.3629764065335753,0.3333333333333333,0.4478252194732642,0.5586058717402,0.1953576547833726,0.5965380565930575,0.3730804438010037,0.3284031037455694,0.6114444620448105,0.5022241732513901,0.5077816853517788
align-dinov2+500m-things+hyp-abl40cat-shuffled-7,0.037928811817369,0.5330551350304547,0.4022218594982562,0.9427312775330396,0.4339703856749312,0.6250788759263336,0.4258849981263272,0.418078062804069,0.7603318250377074,0.3221708611539119,0.143940821731067,0.3499354582464501,0.6263957986267074,0.5891093359243116,0.5407038748666904,0.5732128724381119,0.7238043050080084,0.4817716333845366,0.7060165528591982,0.6777448738613788,0.6399099225147076,0.5711232103246622,0.1542709037638043,0.5012187812187813,0.3183123841342922,0.2942812682357518,0.5890206118196986,0.0931956412986061,0.5265780257950631,0.6433193768856598,0.0952741197347529,0.4101111412306857,0.4561735362456516,0.4580127132820341,0.5106154375107443,0.3914915424161795,0.5742796236401059,0.5112338232512635,0.3541940752166221,0.5084033613445378,0.5166228788134754,0.491374681165257,0.3629764065335753,0.3333333333333333,0.4457282913165266,0.5668422975597561,0.206147730455323,0.5151483525361586,0.3662785432773765,0.3594844074844074,0.5234628190899001,0.4998825877656452,0.4193896959854406
align-dinov2+500m-things+hyp-abl50-218,0.9759415265643308,0.7927442651973129,0.989071038251366,0.940771175726928,0.7214615549828178,0.9646956751444706,0.9476819011702732,0.8110843279048346,0.7677813792921707,0.6270896982909563,0.8820316936492356,0.768494176750878,0.9926483830742684,0.9166413098567956,0.8295264173396647,0.8760330578512397,0.9011625790441202,0.9407898641030208,0.944148011591895,0.9721109989836184,0.9111400520937688,0.7710497153120105,0.6817008357944071,0.7444675147182507,0.8936385562925317,0.7471510290005124,0.981871599341184,0.8994822190611664,0.9519093372751908,0.8188349339546114,0.9558123999546252,0.6717255612604449,0.94023997658765,0.8585482034744418,0.8947615531466463,0.7664932980257789,0.883436578828413,0.7412830412830413,0.8684763522476279,0.7067109844887622,0.7934318068701128,0.7841482748788138,0.78927623363518,0.7390545592616391,0.4111356534346319,0.837980695879807,0.918915918915919,0.8736325596982115,0.9001619138748205,0.9125081814736988,0.9080887976244684,0.9480217282594,0.8412236987818383
align-dinov2+500m-things+hyp-abl50-218-random,0.902608325348664,0.7038301148392893,0.8856326394907688,0.9292035398230089,0.8755924487883252,0.8223040117776961,0.8803922173229317,0.3278620131276329,0.7719032047089601,0.527887537993921,0.7975153085818741,0.5726060606060606,0.971190364580842,0.683133012834307,0.6398117321758047,0.7410341951626355,0.8829830452265472,0.8225973422558241,0.7504457021348322,0.8723745788261917,0.8092238470191226,0.7729448535938501,0.630066238965323,0.448573734902583,0.6533387008804509,0.7046218090748052,0.6597384097384098,0.8050806529844196,0.7195757113821137,0.7676025441569806,0.9226716999205938,0.636583285662281,0.8100804424333836,0.7181542454148886,0.7629320563273434,0.7530890036417327,0.8001769922772795,0.7547764482749002,0.742556573788726,0.5814668423364077,0.6758182290110729,0.7133294386836084,0.5929720704310868,0.6103056788753237,0.3867797947908445,0.7895800939609066,0.8721722509344851,0.7141952242752044,0.6779703471257872,0.6468520014128349,0.8906500511522586,0.8560578621761268,0.7554892434667522
align-dinov2+500m-things+hyp-abl50-42,0.9983536992854284,0.7776141746707826,0.9945391615610484,0.9605141171512852,0.6580808665831254,0.878155496352422,0.9335512318460732,0.8295151251824118,0.9168726766040084,0.6437375768909589,0.9109117971221722,0.8951651025965646,0.9785270805929353,0.8933222964230717,0.8237595585461399,0.9002639002639002,0.8745693216405749,0.9631306975906838,0.928768243536944,0.955311833572703,0.9419279907084784,0.7804364649435072,0.7765462643659822,0.9449158388520972,0.8939159798534798,0.8312036672000495,0.9879034914361002,0.8941918095380699,0.9200498972040138,0.8598909940589805,0.9698168121963436,0.7353556822444851,0.8842850644261389,0.916583711874168,0.9319045343890064,0.8069151027637628,0.9326029652421876,0.85741991991992,0.9157148620451044,0.8591023326607908,0.8185205107470931,0.8669764737782689,0.8423965452182297,0.952690143355486,0.4892369256398531,0.8298104762478723,0.9105773286331136,0.8836979655932629,0.877993171832987,0.953846153846154,0.8839403013024051,0.8690843085003669,0.8168037045113457
align-dinov2+500m-things+hyp-abl50-42-random,0.8997439262660893,0.6857747158955665,0.8311719916292303,0.8894385301876555,0.8166394714183746,0.7947821409359871,0.9124347544556488,0.3488304891858598,0.7691034269358706,0.4379713604797591,0.7934029586415251,0.6896047997913134,0.9626757187114314,0.7431501503895588,0.705892424026252,0.6819344338525924,0.8557621484574827,0.841071004264508,0.8183243163156589,0.8674751009113466,0.8957063448568967,0.7758522790780855,0.6162685859909732,0.4142568407960199,0.6401894549999094,0.6964970215457837,0.797223698978085,0.7999990606844142,0.8376493024189501,0.7704269516501544,0.8895622670024528,0.5943725019984013,0.7751636105664195,0.7580845242565315,0.7011526219832515,0.6693769596655504,0.7598122002296832,0.7666381796816579,0.6052714103287464,0.7347992670331502,0.7180160633398043,0.7706575420587397,0.643312067619586,0.6012481210331279,0.417100400076205,0.748842910195196,0.8208275952521477,0.7448591361996961,0.6315769128554517,0.696101164830992,0.7667839851290635,0.7382653750204337,0.7638242894056848
align-dinov2+500m-things+hyp-abl50-7,0.9743892485859976,0.7538327326901337,0.989071038251366,0.9344022897865008,0.8460251217181611,0.9443756601981612,0.9409202245920788,0.8243802207014294,0.9034623540836751,0.6398011291628314,0.8733737437110519,0.9545755469290722,0.9855951822904212,0.8966352242224265,0.8204306605072083,0.9140971114655324,0.8997710366291833,0.9631306975906838,0.9336321740370442,0.960955398577066,0.9419279907084784,0.772,0.7465998932302921,0.9686717967967968,0.9227544695639712,0.8657237623285181,0.9695859399305832,0.8306167079749234,0.9637753261775353,0.836022261635374,0.9748922451314596,0.8039771428571428,0.933038574907087,0.8510762473026623,0.8453854557171936,0.8431185209955572,0.9141577835142596,0.782331345429937,0.8872296232631428,0.8997863247863249,0.8970296490080663,0.8075993761464925,0.8829670968492035,0.9573932824836076,0.6281899887939122,0.9038059213574928,0.9273867339834356,0.8592335308785598,0.8313692480359147,0.9538631485029528,0.920062315538959,0.9634284554146314,0.8604651162790697
align-dinov2+500m-things+hyp-abl50-7-random,0.9301576491198764,0.6694777699364854,0.895253821054873,0.8693051458538185,0.8154963168914877,0.8203571033759712,0.8316052970300939,0.5152078154962078,0.7871329310178231,0.4885448328267477,0.7231354744613855,0.5916872877073093,0.9124087591240876,0.7205387205387206,0.6686696935872366,0.619670399426276,0.8485011767620462,0.7425788053262946,0.8361970837377803,0.8505801591640847,0.7602383669329276,0.7687622022647403,0.5520155561343021,0.4142568407960199,0.7112010796221322,0.7026740451560042,0.6648532356035156,0.6771321946121409,0.6608704227203998,0.6762941420855838,0.8961047381710134,0.5508303605729652,0.8011340496953749,0.8065016744262027,0.7087549567671374,0.7002039234544278,0.7823639230003319,0.7370015631818208,0.7864848501527368,0.5777787587181071,0.6882765485724628,0.7339155822969445,0.6761521806371791,0.4337966522742059,0.4750623221409412,0.6103234071873049,0.7816810475038324,0.6472794608416622,0.6991845957363199,0.7339681111610937,0.8640668870170949,0.6709841253636873,0.7352053454970293
align-dinov2+500m-things+hyp-abl50-local-shuffled-218,0.9743802269417472,0.637987012987013,0.9604976316840724,0.9409225129823848,0.7834421017402945,0.9466145871573104,0.9492643024589756,0.7092057702953531,0.846777527370681,0.5978707333113534,0.8633416539857696,0.9285490955110548,0.958032919117088,0.8533601083453977,0.8147575086576856,0.8116132376325477,0.9203970885853784,0.9216597855878984,0.944929364659666,0.9692475401912812,0.9083890304315212,0.709091656975331,0.5556451200316861,0.8797670132657851,0.8696342964265303,0.8398596335955499,0.966957916396787,0.9079111338183736,0.9655149338463258,0.8667152145098675,0.9719638369285256,0.7261201769882164,0.9759512926061829,0.7926870748299321,0.904739050535796,0.8247697432882619,0.8878968253968254,0.9390243902439024,0.8695842877247631,0.8564143393761228,0.793730407523511,0.8289076511245071,0.7257699179785871,0.9557578140190378,0.706961990248227,0.9167744122114408,0.8856979978590993,0.908884182448628,0.7022315663430646,0.9329736659366488,0.8658490220304724,0.944440788752166,0.8601995802353665
align-dinov2+500m-things+hyp-abl50-local-shuffled-42,0.9790454588097304,0.6541791541791541,0.9261869764349356,0.9244521138912856,0.8146716040041904,0.9413720210989877,0.9231454276971792,0.5426341121607047,0.8344821993350093,0.5694928229665072,0.8482869886399867,0.8559448936807428,0.974571203670233,0.8957524935545197,0.8034505093328622,0.7228246322452426,0.9359862950570156,0.9605263157894736,0.9549830295411692,0.9629773613389102,0.9314907100466144,0.8470596018971741,0.6582736225194181,0.8514590440859858,0.8645292911000441,0.8044209960086812,0.9867549668874172,0.9027977778755948,0.9507053579634224,0.8498514717796382,0.9772079772079773,0.7494043751353693,0.9396135957749572,0.6784265558075082,0.9367088607594936,0.7899658965646505,0.8942652329749103,0.8894539911308205,0.8182033216753678,0.8895395673595649,0.7658086449732879,0.7588165284636381,0.8241220289732871,0.895963944513722,0.7426311040778963,0.748475171082646,0.8387054354178842,0.861304639632813,0.8461538461538461,0.9639242455784368,0.9309198797759906,0.9249970126266314,0.875016835016835
align-dinov2+500m-things+hyp-abl50-local-shuffled-7,0.9806134804301854,0.6231963108047801,0.9661494879626694,0.9556710096474498,0.7486417113500883,0.9534689606653046,0.9299007520234268,0.7557468535453129,0.773390451356553,0.6755027375399598,0.8146296806823959,0.892642114316991,0.958032919117088,0.9221977406720064,0.764715565238441,0.8766556424941518,0.9450631595121964,0.9188818108726576,0.9447956217295688,0.99386923831241,0.934959349593496,0.7639096584300601,0.8819811834527911,0.8681730563289785,0.9170895429375212,0.8438620671092001,0.9933715707464572,0.912886171451009,0.9655149338463258,0.8271496043131442,0.9637082828418204,0.7445983379501385,0.9940001834921672,0.7341904810968743,0.9290855582739423,0.7948643703899123,0.9580723435472038,0.8885985102403396,0.8715895364264638,0.8477232676216794,0.8252451755773489,0.7648420663752232,0.7742962926232623,0.9109152170057948,0.6340633249088373,0.9039704756285856,0.9195999864823268,0.925834212380514,0.8219411185829096,0.9536267493579828,0.8581120062125103,0.9511657535991846,0.901652650561537
align-dinov2+500m-things+hyp-abl50-shuffled-218,0.5925991816402776,0.3681582840236687,0.5102938169646151,0.7912087912087913,0.4739633184158108,0.6895302089943739,0.6045202546901797,0.4436663219197115,0.7508928571428571,0.4196756840435001,0.501771309193618,0.4516759923416282,0.7718257036807918,0.4130563242246051,0.5314318413722732,0.492556076708901,0.7683548397192209,0.6232644628099174,0.5990363109505941,0.442879224264329,0.789888893478171,0.5877850910760752,0.3510581030966579,0.6314766191547887,0.5081388666294326,0.3629701179258036,0.5330398748216036,0.6062801124013332,0.5993306966839064,0.3301993390896492,0.3754081128121243,0.5015688375296549,0.7195706390196219,0.5168542737216028,0.553939393939394,0.5338821458421166,0.7913997676734151,0.6469259581244566,0.5447592871321685,0.6087560558563694,0.5814664348428131,0.5642802658820966,0.4174841698398697,0.3851120745318697,0.4335388116819494,0.650747302210168,0.6253490681613055,0.3743310965769132,0.4948317069829043,0.5401512537382103,0.5607436397950232,0.531654366465003,0.5060742502761023
align-dinov2+500m-things+hyp-abl50-shuffled-42,0.6398220667063729,0.39493376993377,0.5437002652519893,0.8172043010752689,0.5026605837942589,0.7748850235262106,0.5901391730425498,0.3646383659116873,0.7508928571428571,0.3887250538591534,0.5548016755442933,0.5440686296674941,0.7656912532990537,0.4548524650950526,0.5156395891690009,0.4901334371037997,0.7922230645552713,0.539547636259435,0.6302545710695914,0.5992131036119306,0.7576947247791209,0.5985127864095279,0.3510581030966579,0.521969696969697,0.3991551359972413,0.5113605987703822,0.6243195066724478,0.5198517145505097,0.5739311956343123,0.327683615819209,0.520616219923866,0.5673653305060554,0.6121510226300645,0.5061210077138977,0.5261584454409567,0.5338821458421166,0.6802675133418902,0.5455110316207793,0.5908523908523908,0.6837098692033294,0.6059916462624225,0.5608121264043303,0.5908968109810774,0.3733063188552615,0.4223676569832226,0.6603541877772335,0.6137508632514952,0.5074941451990632,0.4662879174581513,0.5818793451446513,0.5477386080834356,0.5271142307256879,0.4835954183653659
align-dinov2+500m-things+hyp-abl50-shuffled-7,0.7211839587983053,0.4523331010571399,0.5411630122438781,0.8106782106782107,0.496026180458158,0.7425824718253077,0.7163112711160343,0.3248784897328056,0.7831790256987108,0.3568414276518131,0.540425902599995,0.5325174908421794,0.7656912532990537,0.3931335610610949,0.5615303983228511,0.5393970542434641,0.793486919842886,0.6257131471539704,0.6391206682626003,0.5546452232842766,0.7558263573740259,0.5924746598160705,0.417478947368421,0.6035556047851129,0.5197290313569384,0.4538241434181521,0.5653214184785109,0.5495864671524833,0.5550328881801873,0.3399806569233649,0.5691410036619348,0.5310176908295392,0.7475691807186919,0.4721485411140583,0.5424174174174174,0.5868235294117647,0.7200155259412602,0.5868532799468529,0.583596716551262,0.5901253918495298,0.5682960494735683,0.5742637046984873,0.5326541207008436,0.5460422273395666,0.4444923712036425,0.6313782991202346,0.6245771872929525,0.5472674941536249,0.5416301489921123,0.5433037648616091,0.6512832173515126,0.5986272471901716,0.5440282044409624
align-dinov2+500m-things+hyp-abl70-218,0.9799153256001656,0.6886836470886668,0.9844329695244246,0.9410481837388402,0.7884925901349259,0.951785714285714,0.881164518934303,0.8580374547479811,0.942093278232268,0.5321850020710504,0.9038985517714988,0.9556657848324516,0.9892182805183256,0.8501530144440872,0.8782556390977443,0.7361969902127856,0.9212274184694464,0.959039370737626,0.9251694543955052,0.9699823310706316,0.9244484572176108,0.5704045058883769,0.6132627371844479,0.9762967687074828,0.8314412053429812,0.8436658321004514,0.9688325470407968,0.8340649692712905,0.9631335042158844,0.7970472307629793,0.9430985416615776,0.5810973640443944,0.9648420373952288,0.7028806021410234,0.9171805890441104,0.8159486866058108,0.9750078622533218,0.7346642468239565,0.7950895361434728,0.8257292188589899,0.7349686719775772,0.68497755126805,0.5306892993131916,0.912305905399018,0.6570806100217865,0.9375333422245932,0.8305424064212739,0.780679662966763,0.686930435274806,0.9662435237987064,0.937256547817689,0.9053792810995536,0.8155762732565242
align-dinov2+500m-things+hyp-abl70-218-random,0.773919725161893,0.5162282860960686,0.5705927088303728,0.8119927629878522,0.693109243697479,0.8508588186007541,0.8041758241758242,0.4479651162790697,0.7449590614688989,0.4307234191627255,0.805253034437442,0.7056921655955474,0.9011819365168102,0.6912069512714782,0.6273324816977832,0.4565723877044869,0.7920054023740375,0.6846836214865955,0.5761840034339677,0.6968128103202459,0.8287756271876868,0.6472992989039201,0.3721997189482233,0.729255610290093,0.3996756821524422,0.5775664780752402,0.557636952924911,0.7423389451256748,0.5244190463606785,0.5955002284148012,0.8764001349527665,0.5243758088314087,0.6610571779013023,0.6179982193203739,0.5645161290322581,0.7413934941881284,0.6764627777286006,0.6061485190211033,0.6415193733585655,0.6736338893153745,0.5077639751552795,0.6656928820593258,0.4648539954537506,0.4578373356999311,0.5283865180058952,0.6192575237911212,0.6307881954912403,0.6456893669667094,0.617478329393223,0.5648208484109049,0.7378798683831901,0.6328454718805636,0.6359250839723942
align-dinov2+500m-things+hyp-abl70-42,0.9364213481353876,0.7313845736531585,0.8697623579782066,0.914755613797167,0.8427383856508269,0.933922229548335,0.9090714502888416,0.791650406504065,0.9073492451716284,0.4935373876407001,0.9083932688412264,0.9406352091977336,0.967654841554977,0.8063253405064689,0.8362522120993641,0.688605898371821,0.9044796890962412,0.9650218465045594,0.8619721938318451,0.9522211787594383,0.9307037732219958,0.5455363350100192,0.4542378231075157,0.8889984565254674,0.7588884914629984,0.6899892620633359,0.9895589066686332,0.9107364897178384,0.6992766536320421,0.7550118550498973,0.9549133719848149,0.6025148436469191,0.9132028789923526,0.6807310115670355,0.8494623655913979,0.7549690452916259,0.9301316397243312,0.9019084478846924,0.8895853514920128,0.8409504760997689,0.6726479660690187,0.7092100473243538,0.6244412940319373,0.7419431130125279,0.622709214404716,0.8366978082122036,0.7312895104895104,0.7758678785039002,0.8065568355423428,0.9282547133693876,0.9401834422342892,0.9214351157754456,0.8420746322375122
align-dinov2+500m-things+hyp-abl70-42-random,0.8085411598134336,0.5809451780244562,0.4035384910651672,0.8585788903124076,0.8268381989114301,0.8007070588694871,0.7735950044603032,0.6342187816231531,0.7802886031216256,0.4310861423220973,0.7690318573519727,0.6657188522152839,0.8972277512650184,0.7578046006066733,0.5817202597814034,0.4565723877044869,0.880960381347991,0.6532019704433497,0.6716733075368274,0.7812998406574584,0.6791895870805995,0.5715600316965312,0.4429887204277448,0.6572310405643739,0.4728984355242266,0.5691720488961868,0.6052403117812821,0.8134806180177306,0.5168239570480542,0.7782995858561201,0.944393519453192,0.5303098066620079,0.7458891142663963,0.6164066496163683,0.6094819159335289,0.797979797979798,0.7210738628460147,0.7525452009437775,0.446455252537947,0.6281909075503381,0.6376605545221012,0.667071038414322,0.4835961558021116,0.5393579781307177,0.4850713012477718,0.6179963310168008,0.6111820118235355,0.7391156129828704,0.502290950744559,0.5665981348598457,0.6986931821408501,0.6411021661014769,0.7188158086180095
align-dinov2+500m-things+hyp-abl70-7,0.985219268869889,0.7550055563683451,0.9688715953307392,0.8792231887922317,0.8192842834713876,0.9232477940549108,0.9367521367521368,0.8238986013986015,0.8970903446215118,0.6789768538994545,0.8669741007552908,0.9261096413874192,0.983889727733998,0.835423848719302,0.901857067417708,0.7655084357446984,0.8970690022426128,0.928937728937729,0.9335275432823008,0.94393667536903,0.9116494309864476,0.6267131032016492,0.5510113287891065,0.9587677880516756,0.7738397271464352,0.7405928614640048,0.9686767200058992,0.8250384660906616,0.7801481521306974,0.8112133572570084,0.9476514535933552,0.7117803675415177,0.9340476003250242,0.6940510899558762,0.9151494800164742,0.8326715430163706,0.9381952435749904,0.8891941391941393,0.8709594963297195,0.8964587560764384,0.6814825148809524,0.6931208669422462,0.7277914734428604,0.8559719737347434,0.6552726353699373,0.7745220930032894,0.8474793995813105,0.8376838468588093,0.6328324285197249,0.9493652856980596,0.9431527919530808,0.933704778957982,0.8386292390994585
align-dinov2+500m-things+hyp-abl70-7-random,0.8576251975350221,0.5810806588630598,0.5619178140592693,0.8458558184585582,0.7554252199413489,0.7658407536456318,0.7424337744040346,0.3951171875,0.7681050675062652,0.4715316393619762,0.6632602435361511,0.5786194172134245,0.6833648393194707,0.5789259049817509,0.6831045355323794,0.5028959329002264,0.7917833496292429,0.734609020323306,0.5746708469576716,0.6512924879015289,0.6954277005143837,0.650472334682861,0.5748080944003212,0.663988332510788,0.4952813573922359,0.5252947719688543,0.7146092925306471,0.7886500509872006,0.5364411774903783,0.7018737223298067,0.8676413462260499,0.552872909767832,0.6673611111111112,0.5737851662404092,0.5471870985855116,0.6657345180490415,0.7402802893309222,0.63,0.5779865417343166,0.6065624516328741,0.4910436051815361,0.6140261120239278,0.5047336328626444,0.4493799488723346,0.5774309723889556,0.6292709073296738,0.5321703183133527,0.6777039978354256,0.4919524252166819,0.5129968224201698,0.7697518013229389,0.6033682874882506,0.5925946904842211
align-dinov2+500m-things+hyp-abl70-local-shuffled-218,0.9283135900479538,0.7786109563046444,0.9755273537986624,0.867434354845299,0.8444020106146977,0.9555446258214968,0.9206635443730342,0.8604618633090086,0.9704472188031183,0.6591872140760552,0.8622591457224545,0.9482219774914477,0.9680058019568768,0.8174493094409068,0.7706499608846901,0.5607050716274017,0.8463795431391407,0.9470054978996788,0.95334154082474,0.9734858281705764,0.8928786377014755,0.7609185272228751,0.5654753277810273,0.947737895106316,0.842795299938157,0.8455471706821749,0.958395533564163,0.9524498888905668,0.9618132455750308,0.9011565617257956,0.9703890160183066,0.7389560786240312,0.9861264891600448,0.6277720862038292,0.883976587668655,0.8709265802905379,0.926617416916674,0.8699023646932672,0.7960709706011154,0.8377156467313843,0.7706823233285416,0.5864615384615385,0.8174014967908098,0.9496803069053708,0.8075645747287538,0.8847943570556919,0.9142263402787,0.8612363855369042,0.779433629900962,0.9603447280841814,0.9061694225628651,0.9620856157435586,0.8903944851648735
align-dinov2+500m-things+hyp-abl70-local-shuffled-42,0.8541160314443891,0.8161568936990543,0.971361485474693,0.9605534058297768,0.8322497764953306,0.9555446258214968,0.935378082849506,0.7405957316077699,0.8679716312056738,0.723400582022427,0.8954752209967289,0.9203414940694424,0.9617051580494976,0.7761217221301373,0.8211287065575512,0.722657852454533,0.9486019905142856,0.9632784106281016,0.9377887210996532,0.9823528585179409,0.9247052277580944,0.6282577925474631,0.7517560664112388,0.9059465100230588,0.8699104949104949,0.8352687010532002,0.9843501991495331,0.9201808208279962,0.9674198256878412,0.8649904761904762,0.9799426211419024,0.8095002138533617,0.9814814814814816,0.6722577737719694,0.903543179983858,0.823742464355204,0.939321368933259,0.8972786206828759,0.9097691722603204,0.8404415111712276,0.7617942209538157,0.5474285714285715,0.8289785209990828,0.9750210437710436,0.9281517542387108,0.9355507404670076,0.9436218328179876,0.8757352454581196,0.7542610496938285,0.9779735682819384,0.9404016184251478,0.966904272101975,0.8943413862525165
align-dinov2+500m-things+hyp-abl70-local-shuffled-7,0.9708036764873008,0.7616558374739071,0.9836652788205584,0.8773237116636599,0.8637108811079302,0.91309464910552,0.9159091978902304,0.7268708101759898,0.9212418835145892,0.7383074426153489,0.8966691491195877,0.9322601487659956,0.9806977718455588,0.8111623759305211,0.8243080518015498,0.801067665867175,0.9037992710606636,0.953353785079572,0.7783426461181979,0.9558097136176272,0.9024202941214112,0.6065354546701412,0.8472945090655868,0.9351606865264428,0.7900902508039155,0.8674631120945523,0.9480853490222462,0.9430705462305576,0.7848637988413658,0.8555833507053019,0.954457065845206,0.6847580303415542,0.986095032724246,0.5634401908911713,0.8750371671847548,0.8777921924755278,0.9260035533840432,0.8947746596942238,0.8193044512632262,0.8730365356244033,0.7648260710612723,0.5689972899728998,0.7608834641092707,0.8996606334841629,0.6788801051905777,0.8787716396977245,0.9141234644209224,0.8914929924170966,0.8287893897088153,0.8614112838499429,0.9310712598784618,0.9714215775641512,0.8430285268001709
align-dinov2+500m-things+hyp-abl70-shuffled-218,0.5486688711600901,0.4250334066397519,0.4768133784754283,0.6923547566928171,0.5679547904485023,0.6790986545894041,0.6150302017096059,0.4949687301908864,0.7862644415917843,0.3448506386122937,0.5174488028845311,0.4858438789134897,0.6336314312055017,0.5265562077420314,0.5693413133721221,0.4556287363430221,0.7639255231398575,0.5113945578231293,0.5823134959137282,0.5391236366090897,0.7175732272506467,0.572366877785597,0.2872612035068534,0.535191637630662,0.3872418053731652,0.4408845480976175,0.6890813707211394,0.5397571770221796,0.5291753093484014,0.4279879600863311,0.3777156122646559,0.4702762615806093,0.5479777686442185,0.5109484334920624,0.5508671699653133,0.5617494075591437,0.6544962812711291,0.4996853146853147,0.5856474027100002,0.5511987026007629,0.474590256160222,0.5443616177636796,0.4088722204204453,0.4659528205128205,0.4745195914160923,0.6324435890999359,0.3452684756002291,0.3509417336948384,0.5898958625813457,0.456049329004373,0.4877871633087247,0.5480597014925374,0.473540903662453
align-dinov2+500m-things+hyp-abl70-shuffled-42,0.697071060749291,0.4180901734175523,0.5836624086587656,0.7695770749957942,0.5327028584653504,0.6790986545894041,0.5334660297239915,0.4888175229412482,0.7862644415917843,0.3464561855670103,0.3808577031578185,0.44192,0.7571803196803196,0.4520529653944586,0.5916004192121879,0.5171486023154627,0.69370217007541,0.5886778428893209,0.5225259157418578,0.5730884431962552,0.7139462479268305,0.5779745262503883,0.3034756757671098,0.604663382594417,0.3727552009423165,0.5242418525680328,0.6890813707211394,0.5379147986905398,0.5486457882330302,0.4718181818181818,0.4131425900475462,0.5102120569161243,0.6174339487119757,0.4651372195904944,0.6266834020680175,0.555599522085788,0.7303733754038014,0.529539806718822,0.5058995798721826,0.5380116959064327,0.5274073476304799,0.5536666018284381,0.4141582863410588,0.4014747474747475,0.4907154460216126,0.5992436004032169,0.4407421339384305,0.4781534572467354,0.5699035354207769,0.4609179536450051,0.5382262996941896,0.5731663944837597,0.4984336361777237
align-dinov2+500m-things+hyp-abl70-shuffled-7,0.6394600574811158,0.4075099947524169,0.5670096293364991,0.8004183585578935,0.5013679437019006,0.7750283157681462,0.4948734135305153,0.488390502796032,0.84050576576147,0.3538101817408864,0.5170707330894854,0.535339485186984,0.6726242553014207,0.4346353459692231,0.5661279971996966,0.438491722263405,0.7307968792696129,0.5246459239433477,0.5794139374538291,0.6003793357577761,0.7629513343799058,0.5912009512485137,0.3221566758078862,0.6089707427686522,0.3953116294038962,0.4560531895618112,0.6438568428260324,0.5768731856893314,0.5825344508271337,0.4644813642981882,0.5586923567193198,0.5328466976105622,0.6914973900204822,0.4651372195904944,0.6516029893876923,0.5636905485081294,0.7871921182266011,0.5916454765157088,0.5180871769578753,0.547835415877824,0.5159315570274474,0.5745791465483492,0.4088722204204453,0.4299800079968012,0.4745195914160923,0.6184425108357656,0.3755053066121959,0.6009436344911118,0.4516646587714712,0.5222694106907971,0.6373426530939138,0.5431831831831831,0.4805221145348921
align-dinov2+500m-things+hyp-abl90-218,0.9229618670128976,0.7194078461630317,1.0,0.9222835491173714,0.6677023175951021,0.9144385026737968,0.777364396241652,0.705277922077922,0.9184471078686816,0.5186848724398131,0.8829890556826956,0.818819210462724,0.9639166848750836,0.7799619513357182,0.8168101490399774,0.8658076311323185,0.7473169745066839,0.8647632519356759,0.9624234753117766,0.9375609841744011,0.919636929731234,0.6907636133775814,0.5613173353557055,0.8428731734922393,0.7862991779243853,0.75157001074864,0.9707669274606394,0.792336880437544,0.9673069622472248,0.5560994310213849,0.9787234668467046,0.6041864399441852,0.95082450319113,0.6604484456074352,0.9107261695047952,0.7703990043194963,0.8508744804742163,0.8098016912870462,0.823867355446076,0.8227263271037759,0.7019105048494428,0.5449750006942776,0.7636787441855668,0.8779061611724316,0.6171829941501195,0.8047777250435058,0.7588515019382827,0.7462145694411991,0.5912413230491033,0.934527303017777,0.8337377970866342,0.9380616857698456,0.8578354263666549
align-dinov2+500m-things+hyp-abl90-218-random,0.4035837246456909,0.570342603209738,0.5906362877362821,0.7893800121443079,0.6701172039383966,0.8141819194450773,0.6901607358543157,0.5346161038961038,0.7670731707317072,0.4680397668278687,0.6470067321778348,0.4896776506172126,0.7715300261935323,0.4427627931602785,0.6368001054330994,0.5718837498634655,0.6186843506849753,0.5420048701298701,0.5357717152132548,0.7144727505302596,0.6899596436625163,0.6115118793763139,0.3859576012659542,0.5045381349729176,0.4367798198416057,0.5379601157095364,0.7570674911464765,0.5232030956712581,0.5515651801029159,0.5233762918807235,0.3417233153056391,0.4488628848321213,0.572742831146511,0.577655289052256,0.6143695014662757,0.5769743681530399,0.5857414190747524,0.6127529992583346,0.5100386864299761,0.6510086771866876,0.5247583118832372,0.5798158891334587,0.4901550623141345,0.5039629935150515,0.5152041726378691,0.628235709868363,0.3725644502629557,0.1946158806190125,0.5233053017484155,0.4393642066069624,0.629899650741342,0.6047623653987148,0.6109770685914722
align-dinov2+500m-things+hyp-abl90-42,0.912436643065554,0.7476183263168555,0.977108604648673,0.8021448598931378,0.731187928805617,0.899078775895385,0.7789537018658198,0.8503846335545625,0.8852618243243243,0.5975234111852943,0.8202052594432192,0.9597533132991852,0.9551033686538104,0.7596213362442993,0.8875480969536553,0.900563870098803,0.7244659309902912,0.9243455360867752,0.939990103506132,0.9376767912938128,0.9175951326637144,0.6566293183940243,0.4406039919344161,0.9074216749265984,0.7147558548905556,0.7943048636528025,0.9802955665024632,0.866067815714527,0.8892692549248556,0.6703314354148757,0.8717125639756879,0.4541194759049522,0.9467666781978834,0.65849667301407,0.9005981485479074,0.738749723415901,0.9143691019384692,0.8987194452430354,0.8391021504721786,0.7816932228940074,0.7392374029285395,0.5829351691098924,0.749625382668861,0.9196406281903016,0.6458246065534125,0.8628606147403141,0.7305658512478379,0.729975872032409,0.704065409947763,0.9653707731271084,0.8464833505509729,0.8591991264615845,0.7900843503653766
align-dinov2+500m-things+hyp-abl90-42-random,0.5069801355650441,0.5117415527317912,0.5534772159177025,0.802710127863502,0.7300064942618855,0.7861877885288698,0.6475481285912662,0.4011146021462512,0.7597172298106878,0.4793347263282509,0.6587417793133377,0.4746063791734114,0.7455143539067178,0.4460192231463021,0.5646324590067415,0.5463833845716779,0.5534505348903475,0.5380827974276527,0.6473693063311579,0.6130926291009667,0.6698128130049428,0.5856912813434553,0.3299658211276391,0.5260869565217391,0.5748271249247652,0.4857764619783728,0.7146008829235013,0.4980085865002461,0.5709645633371044,0.6163593720033711,0.1304104216276789,0.5717409173105376,0.5267830282852846,0.5575215452417382,0.5892741061755147,0.7035463572144895,0.5617593860405362,0.6443867618429591,0.4045507927187316,0.6652171644257362,0.5810458825886596,0.5404760683284076,0.5115143421965621,0.5420508767440333,0.5187150175110833,0.5802404803384769,0.4385073871348152,0.2962308275910616,0.5024661504212427,0.3891072394324907,0.6850408294425153,0.5529794016495636,0.5422955947373261
align-dinov2+500m-things+hyp-abl90-7,0.979338726743079,0.7978435662476613,0.9274206903761852,0.8895206743478479,0.7547107914074964,0.8739056188760003,0.828261599834313,0.8689727475455414,0.8877642580382027,0.5315929176838687,0.6834999304549144,0.750637605125423,0.9551033686538104,0.7869570087566247,0.7100897956278375,0.7029390060524349,0.7538582349228066,0.9192324137097052,0.9551219018970944,0.9382169702057058,0.8384049650572241,0.5856912813434553,0.561097280654351,0.9087127370704444,0.826308913311421,0.7042744632470598,0.9420409604965214,0.8340390773903398,0.8637985414824709,0.4903363837652938,0.9615305868109956,0.6289945242367765,0.910380080661624,0.5826089645452815,0.9117641182804936,0.6809732167124863,0.8748618716091998,0.6264720354272593,0.9082031574173468,0.80594953146134,0.6469786460699682,0.5802950952630174,0.7838396947411622,0.8755807637406363,0.6562415298900767,0.8442794290624037,0.7546767691635564,0.8586167780501639,0.6549511464467477,0.9307282051282052,0.8839561718653819,0.8734443326388083,0.6785931458828655
align-dinov2+500m-things+hyp-abl90-7-random,0.4138610865203688,0.5627956593587982,0.5935524455753464,0.6550454487003945,0.6755756067766562,0.7639907880869667,0.6900713690807608,0.3740972157769092,0.7727272727272727,0.4370629627379735,0.5482535589641799,0.3848038996066343,0.6325110999335801,0.3878881396625321,0.5756458519999863,0.507583197541388,0.6630958585084232,0.5238970588235294,0.5328967133329328,0.7198328108672937,0.5727270185482539,0.6510289052235361,0.5217451181573273,0.5213722956354996,0.5196292726584283,0.4893940896504041,0.6934297229863733,0.5230661889524767,0.5903599175519264,0.5425528630961568,0.1920926781943731,0.5031771426621102,0.5706404477709965,0.5731900172967631,0.5343376359517225,0.6132492430438963,0.6005921701220869,0.625083128226575,0.4870436487608871,0.6289849926871145,0.5370099330640282,0.56863662568699,0.4602649216585186,0.4777163332668274,0.5503608722221925,0.6166180758017493,0.4797678751423593,0.319656180992151,0.5084727999621615,0.4228884268884269,0.6954833092871494,0.603198958136738,0.5753339546442995
align-dinov2+500m-things+hyp-abl90-local-shuffled-218,0.9662885370530564,0.683952119821685,0.9361090919222032,0.9459650529692312,0.951752466140134,0.9555583272076872,0.9050793745702412,0.8573155195505178,0.9039982646474858,0.7728395061728395,0.828858717844018,0.9435640607636084,0.9610261414338545,0.8270804908735943,0.8536053238414396,0.8277867873661816,0.7971027153254813,0.8383673469387756,0.9251779128356968,0.9691992794394816,0.8911636560873897,0.8313847837985769,0.6012585400934916,0.9106225732566392,0.8932706232477399,0.8545591917239428,0.9367180280802678,0.8550882014453688,0.943287419651056,0.7208251283881536,0.7975921153651688,0.4931640625,0.9517608100974227,0.7244560943643512,0.9586337760910816,0.8319327731092437,0.936842105263158,0.9365542363734486,0.9299610894941636,0.8759672065466789,0.7504013308939589,0.6211093120573299,0.6849501092669941,0.928228692821022,0.7229759150115451,0.7783523908523909,0.908142025412441,0.7032324451095459,0.6482333058208545,0.952726568642407,0.9057394265640908,0.977298460336651,0.7841269053111903
align-dinov2+500m-things+hyp-abl90-local-shuffled-42,0.967443859884914,0.7597633456693859,0.9203263137924492,0.959437886996904,0.6800230076669684,0.9509715056012644,0.8570640864616768,0.9088005238322314,0.9347429781609424,0.5670072969391177,0.8206658324918585,0.9225352112676056,0.9391523455186124,0.8521888719419584,0.63255620251588,0.7107059328910315,0.8238288418815801,0.8677551020408162,0.9592169824615344,0.9379667116509222,0.7343081083610058,0.6387798836659152,0.603645329858922,0.9099330687048688,0.8167144764498261,0.7920061271267705,0.9656428789342896,0.860363149754242,0.7599028185191353,0.6249693465446376,0.8767510860415224,0.4706380208333333,0.900146753333073,0.5960530295392681,0.9214477617856064,0.7942143326758713,0.934812030075188,0.9218431001080216,0.822518603252124,0.913243205448,0.7459661314968706,0.5589805777769085,0.5198415408783553,0.9047169191212776,0.5187442021808035,0.8404029012786396,0.9278186999131536,0.6697936210131332,0.5467727352090193,0.9685078434963073,0.9057394265640908,0.97221775955129,0.8221136473044869
align-dinov2+500m-things+hyp-abl90-local-shuffled-7,0.9582837983599098,0.667880177743232,0.9481430112156788,0.9024266871558456,0.8690845684394072,0.9019430112025288,0.8664868784616188,0.7812661850892735,0.9141104294478528,0.5755865982756739,0.8639913921384131,0.9365945674044264,0.9391523455186124,0.7701929985880603,0.8931251763378162,0.7722127187880612,0.741071567370378,0.9428571428571428,0.9217284811843584,0.950023259652756,0.8198944754810678,0.7099723774097958,0.7003596940111376,0.9302263632979714,0.8408661282007218,0.8472333959059622,0.9464537160679188,0.8193096015970354,0.8891469496554084,0.5445028519390339,0.9282110356017038,0.5631223221668211,0.9518044268201784,0.6055745222859371,0.9588407339056154,0.8491704374057315,0.8955957888601509,0.9354866034195164,0.9059502856349058,0.881923297907891,0.6302713604693803,0.5448040331761262,0.6669923256834855,0.9324385280757208,0.5207315504089698,0.7554864361448085,0.7916620637049895,0.8687191563399571,0.5836969131581304,0.9803067120683788,0.9233592015048968,0.972351401465507,0.848991520416113
align-dinov2+500m-things+hyp-abl90-shuffled-218,0.5097851758414816,0.4707548852632067,0.4754696153243575,0.8630524663916784,0.4778186766219493,0.7064243085019002,0.6114157951676884,0.5028209556706966,0.8041237113402062,0.3671097674120996,0.3501265234982296,0.5524619288825647,0.7618325539117619,0.5279274741878619,0.6046334961301562,0.5698680018206645,0.7051311845866958,0.5514078368981111,0.5824863565137516,0.5018424036281179,0.740685723199706,0.6152992052360916,0.4243190505941189,0.6604144878126506,0.3583130575831306,0.3901265475353796,0.6055099755887158,0.4095762005618037,0.5808318957255127,0.4176605250862262,0.340314806906229,0.512972096575889,0.5685761709260123,0.5595238095238094,0.7271916659181717,0.574727688713532,0.7083876404112613,0.5849058380414311,0.5057000313867149,0.5843326733564326,0.4979593043889743,0.5637995350597393,0.4842628588516746,0.4070397058255227,0.5415115799412955,0.709928838293646,0.3056576021353792,0.3226875862437764,0.444543310940072,0.3987559759420141,0.5454545454545454,0.588774204336122,0.4084739907215477
align-dinov2+500m-things+hyp-abl90-shuffled-42,0.6008704374047088,0.4710961379710404,0.5507860065096233,0.7059079423887706,0.5768147641831852,0.7314952806756085,0.5738041351941553,0.3392115976566378,0.7558932878520507,0.3724903459812704,0.4888807551337799,0.500464136155568,0.6658574540927481,0.538027568712348,0.6109159572724933,0.5284106137764675,0.5888657352592944,0.567147912796423,0.5336892886445938,0.4756235827664399,0.6637630505892369,0.5887681159420289,0.5025976773913757,0.6120293847566575,0.3630669439492969,0.380991007694447,0.6047173123553099,0.3955656541462378,0.559080459770115,0.4155320874673308,0.3158332017682117,0.5527565760313821,0.5497186876676525,0.5700096977533538,0.6444008852558482,0.4875822501520826,0.6393515091154085,0.5778157753079384,0.4990856791132634,0.5861459968602826,0.4736024844720496,0.5736853519615565,0.5697548734376865,0.42758852981562,0.4932953505592327,0.6160887872837226,0.5383326063453912,0.4600504095778198,0.4094928815543052,0.4675224646983312,0.5318941275892825,0.5617212473897252,0.4279914325345493
align-dinov2+500m-things+hyp-abl90-shuffled-7,0.7015910202621154,0.4350384778066071,0.5412399338517523,0.8170475833645561,0.5768147641831852,0.7374877223616719,0.5964942731529607,0.3653373207153678,0.7761289385799333,0.437842190016103,0.3691782279059399,0.4785247279689908,0.7051196955617505,0.4839512213021514,0.5954509152219686,0.5442488545936821,0.61429102280102,0.6634401843704169,0.6127501266031096,0.5582330827067669,0.6878408413292134,0.5822303219838788,0.5317282682434991,0.6341263311851547,0.4687056737588652,0.4111275992960286,0.7176324639609019,0.4680948415700531,0.6420822144185087,0.4698918430895656,0.6354559576688754,0.5324410949410949,0.486125249742635,0.5317916183004443,0.6244533415460425,0.5354635962227924,0.5944219585785577,0.5805925925925925,0.6463851371176689,0.624078624078624,0.5330999066293185,0.5961830405551941,0.5363542249091418,0.5638050379881636,0.510804614979894,0.6214275627687462,0.4895666944352141,0.5079279908917722,0.4435479272395507,0.5701830863121186,0.6196314194620236,0.5547493070845824,0.3783031199644618
align-dinov2+500m-things-218,0.7258619336904282,0.6807226156063365,0.9783614182406662,0.8596491228070176,0.7971996035228874,0.8997190872190872,0.4911302753183996,0.5813582011568939,0.8455575759475813,0.5699540143672361,0.7343156592637372,0.8981646827610491,0.9385163581543328,0.7566595354412218,0.7983147880602887,0.8862875908305027,0.0713671573705953,0.8303345388788427,0.839615347752468,0.8296504426115593,0.9146738596073496,0.8023123540906155,0.4382061716394549,0.9226865487590292,0.622227809906965,0.6746101132227836,0.9546104241457252,0.3597094150407335,0.8370374458456361,0.8269732940668,0.9484297168112468,0.5309127027921864,0.8047711875856478,0.7352554070451685,0.8952347148949442,0.7561898928945158,0.8973489787049109,0.6540517007696794,0.861811226554284,0.9021830334921423,0.8051659804426144,0.6680184775424581,0.62089877726482,0.8391813463835212,0.6245659896238442,0.8864300963294529,0.5128826594668535,0.7801925013576233,0.7180232742744651,0.9776865306102306,0.8439061103273021,0.956447191414814,0.8281006791933613
align-dinov2+500m-things-218-random,0.1577705685039248,0.465158784819089,0.4857306899997961,0.6835678068985217,0.7413978494623656,0.8117532855436081,0.6417640939151317,0.3922375373737753,0.593989815678118,0.454076106296275,0.1971211713665149,0.4527502824733895,0.6736040944709525,0.2544352197692284,0.531634059777667,0.5885448660663999,0.5467933057001566,0.5606990881458966,0.5382409878093444,0.6348846249315055,0.686251830930025,0.552756970003611,0.324835275997098,0.5242172956507023,0.5876288659793815,0.5312357890168771,0.4866603395549931,0.1312987859280882,0.5729308325924981,0.5128194926449953,0.1587988472972498,0.4783858181207902,0.5198964076908896,0.602194372546043,0.5349795848365131,0.5966624284806104,0.5028243707785589,0.4395403308446787,0.3904992153369809,0.6417815313520835,0.5289836052334033,0.5862128942486086,0.4225075012905446,0.5179874379971237,0.5531408246925489,0.6780181337902477,0.2262472778878856,0.3048867443122824,0.488021778584392,0.4456907234115285,0.6037159625012696,0.5615241441328398,0.3391424680470169
align-dinov2+500m-things-42,0.7643841671326649,0.7887097980469739,0.9819537109508352,0.8198065256599442,0.6196269587324911,0.9216805398416034,0.4773883777144024,0.8125043363630057,0.8930254022005802,0.6327543029467669,0.8715843221994007,0.9279650265903462,0.9449197745939136,0.6932989506106515,0.8972951584954867,0.7033695546060091,0.5857750105993034,0.9113775290572536,0.8817179146873374,0.7101801295864268,0.9288072409054292,0.631242526087887,0.2686951192698318,0.9479514170040484,0.9065444844767728,0.5632450699215189,0.9681910109948848,0.705880912784687,0.9680695907904884,0.8119209208677679,0.8512374482490449,0.7598499061913696,0.9466967126662944,0.577472782092494,0.9199824353285838,0.8461270478173896,0.9174799458487402,0.7474332102142036,0.8247508924600646,0.9497716542126128,0.8327074500302847,0.5601851851851851,0.7715472027972028,0.7573308569975566,0.5519263103743705,0.8352384247436722,0.784688752186918,0.755835688885541,0.8028773273426911,0.8878283767038414,0.815555925502878,0.9056810096243868,0.6155813718345273
align-dinov2+500m-things-42-random,0.1839305314575214,0.4654811926051956,0.5803082988195167,0.80011655011655,0.7059027387508898,0.7656669350509929,0.6178883450896802,0.511472366809553,0.7880990166560372,0.4304892264881736,0.3458516113706548,0.4889579806265461,0.7069793379837048,0.2415528400756844,0.5431986508942678,0.4967336373721188,0.5101541046987592,0.5323759186549885,0.5638348104095571,0.5008227307467518,0.7244378112557355,0.5578124578253186,0.4023650212694907,0.5539410837123204,0.421206353823091,0.5201972647760064,0.4786098472605521,0.2635635328891132,0.5564772145417306,0.6343575096810515,0.2587129359735833,0.5636516047909984,0.4404521233867081,0.6097487986020097,0.5554598493973877,0.4838505650193961,0.5848336061102019,0.594821873557242,0.3543694208871913,0.6161944978772322,0.5164566099578586,0.6044740351754606,0.4522864449727082,0.4975143770165718,0.5519782361887624,0.6137558712338183,0.2960651902710472,0.4377539154778864,0.5181595070360366,0.366283937999703,0.5516645853315224,0.5298186788359134,0.4953707930775222
align-dinov2+500m-things-7,0.5004299803230658,0.5561089317186878,0.9639272300620132,0.7831396673501936,0.8572693588249363,0.9224175519264308,0.5463857580082251,0.8376422921088172,0.941691418793944,0.611171104077453,0.8860375419844034,0.9052032850426084,0.9366799598930144,0.7941879082412359,0.8961570112266609,0.8234343371400029,0.5498387087299893,0.8514653708587738,0.7999004655712351,0.952419373987871,0.8923551949515439,0.5981548558868146,0.4770244554651185,0.794371383002962,0.8382228067109937,0.6677125573993654,0.9591939452649464,0.7878899009088806,0.7755700985263617,0.5567103949037708,0.9567503335772266,0.6062324619701669,0.9239741624294492,0.786728488552854,0.8820805266380894,0.7342302153769096,0.7529968284685267,0.5919742054813353,0.8679729104388616,0.9107292917166868,0.7900390625,0.5884041331802526,0.8055734217296655,0.5548022342175053,0.6038748965578234,0.9074077086304144,0.4774559437917157,0.7832772491297785,0.6471470358010959,0.9591089369813542,0.9226833867573536,0.9363577072475312,0.7149411485458176
align-dinov2+500m-things-7-random,0.1053742100257504,0.4409960167575627,0.5461769878737388,0.7408724513987672,0.724390594354396,0.7980887532216118,0.6038617291178766,0.4790763620000841,0.7801346297681375,0.463552675249358,0.389632472565238,0.4303447686612658,0.6024479374397049,0.2544352197692284,0.5768214315520072,0.517569775742671,0.5307282123368694,0.5526993865030675,0.5853742858839789,0.4969986739817625,0.5763546798029556,0.6905105379824779,0.2788729737695255,0.5504346451714873,0.5462155439635119,0.5320850298072696,0.5420959138390331,0.2227662301728332,0.6709614721464623,0.551678110816207,0.3771388385782076,0.512833886887353,0.4615192805468673,0.5923748964339169,0.627980974249631,0.5872455561958037,0.5929734553587764,0.6231448840144493,0.3912905184014366,0.5887940012124371,0.5258650882600168,0.5714285714285714,0.42138671875,0.4563925402610563,0.5501741057296613,0.589175816608348,0.2463492139532284,0.3955684743926395,0.4428680373923142,0.412361648595738,0.5747877090389489,0.5714421353264668,0.535077288941736
align-dinov2+500m-things-local-shuffled-218,0.8644751190394884,0.5255350925918448,0.9117552561531876,0.8126055581145402,0.8430429423159167,0.9056977594594384,0.7074329516470622,0.7176467437038095,0.9126168284539328,0.6359455271177608,0.8535230415826731,0.9424099913091764,0.8765819137410388,0.7895923624255934,0.6913758510397167,0.8570618237780563,0.7706565910201998,0.8403755868544601,0.9421889978559398,0.8388610878490165,0.7788389211261552,0.6571267605633803,0.5731153234228361,0.93791379451271,0.7478592187241818,0.4719009284910586,0.8922468305142822,0.7690206286394444,0.9044352245990266,0.504125698862541,0.6884457649224742,0.5054772096750084,0.8986518140422057,0.5707384155455905,0.933562037776952,0.5580601628139829,0.8738072410172122,0.914604358766981,0.8700236598989574,0.8876954137701609,0.5937211449676824,0.5370962305161973,0.6589521384595232,0.8979265796297139,0.5124241060845754,0.801126271714507,0.5513278477892718,0.7435702723549414,0.6271597009109782,0.9312576666235088,0.919128858600946,0.9696412419136308,0.7494181681681682
align-dinov2+500m-things-local-shuffled-42,0.1408914487367993,0.5502093918635108,0.8917136851421619,0.8824312159993738,0.8970620283202856,0.9338768115942028,0.8949606158252774,0.7816233433206468,0.8998685375545287,0.6043771043771043,0.8710019178282666,0.9390082945976816,0.937559378867111,0.7695237281809663,0.6080687877816178,0.7859327234599364,0.6268436330996415,0.7657076479495528,0.9640792563454434,0.9293286219081272,0.8422228699115905,0.6778617733386828,0.4815719086585117,0.9291778985381366,0.4838064073159686,0.8565479056331248,0.9497511971341424,0.4779913321897319,0.8201595882303557,0.6179266557957187,0.6848241045768689,0.5844568467117487,0.9064182862479262,0.7348580339224656,0.9372941547362954,0.8023138304853401,0.856962481962482,0.6734185617019405,0.8854833237642883,0.7624036762106751,0.6472028542779191,0.6008242682725424,0.6112440395095369,0.5433622998788885,0.5639322726609254,0.8375878750302284,0.433534597270861,0.8411820380913041,0.7056457226385764,0.9732719214166766,0.8934134138328936,0.9476079750655516,0.8221017076746306
align-dinov2+500m-things-local-shuffled-7,0.4598749862130442,0.5576852414483325,0.9503259812963468,0.8775565883495867,0.9092806390708424,0.9519370143909568,0.8970452106121379,0.8009632273783216,0.8988190577358773,0.5746479259137487,0.8577257197813619,0.9457851507534948,0.9171611609615016,0.7455584925963181,0.6826147261280218,0.8140660815307538,0.7433781248123602,0.9355624688597504,0.9712634050763548,0.9431322628259604,0.8597404557114834,0.849138071673283,0.6794212438082937,0.9243245017892904,0.7170887840064949,0.5824249165739711,0.9351851851851852,0.7135629723221774,0.9237928471814042,0.7365862734609392,0.8440881389418609,0.6390928486682778,0.9338324046350692,0.7525887505904437,0.9243814608104828,0.8118209657675539,0.8226141485400744,0.941307420377188,0.876818938437995,0.8626652013720486,0.6829317471519307,0.5449750006942776,0.6706288027598126,0.7219889883187556,0.5778246995285534,0.8521814631728425,0.514907276231318,0.8276213918028293,0.705903609015764,0.9389170625811848,0.8011147250003658,0.9449888651916396,0.8583041635961681
align-dinov2+500m-things-shuffled-218,0.2052137779218515,0.469967751546699,0.539539502376293,0.7833528172517643,0.4914772727272727,0.7382506550203096,0.4699469384508755,0.3948100491779276,0.7152795031055901,0.5555958882216524,0.2870196445285233,0.4672883928985306,0.7105264153823446,0.2155000325165653,0.5831756492235417,0.4961225895316803,0.4132933503831417,0.5517241379310345,0.5248278450864658,0.4263496315735121,0.6787455600936689,0.6051754034947312,0.2475447826855794,0.6097464827982755,0.4672405063291139,0.4368237026131763,0.71436346886262,0.1481909363098626,0.6254246670501785,0.4414236282748394,0.5070423713368777,0.5528100874935666,0.5446721137069663,0.5476525727159351,0.5828815828815829,0.4828461000448759,0.6258931815429333,0.6038846062276872,0.4682047725351655,0.5788009216990566,0.5568774562694452,0.5687029819632013,0.5519499982186549,0.4591037887349075,0.5617919842560872,0.6015667455740371,0.4344408837915332,0.3831502234406045,0.455810147299509,0.55384540922511,0.4864895307759935,0.5426004728132388,0.4593846153846154
align-dinov2+500m-things-shuffled-42,0.4515805912987666,0.3960210054381669,0.6197130168443996,0.7654438257451687,0.526219063954913,0.666126103924442,0.5311777397071104,0.4349951637711372,0.662279569892473,0.4322757390417941,0.2337972972869546,0.5262699139817784,0.6966616871086849,0.2738914702953866,0.5889488629096211,0.5140245054481761,0.2739266785690917,0.6833333333333333,0.5654522087855938,0.4133718133718134,0.5881002727467746,0.6597331240188383,0.208322392378159,0.6224646089175327,0.4082137784001524,0.4553198679493095,0.6235613789312813,0.3558702319511333,0.6000640450768328,0.400345780542577,0.4227415869156086,0.4582251082251082,0.6215461493239272,0.4978629991477732,0.5039377456954226,0.5123269915472568,0.6828142729858091,0.6017053784740342,0.4669341289674322,0.5950413223140496,0.5357946280572377,0.5502996208878562,0.4144729277140371,0.5445043078951556,0.5172778402911739,0.5879345369884276,0.2470317182513254,0.4985458881213137,0.4535540372900813,0.4559825406110787,0.6175739073448773,0.5404444444444445,0.3589437466318451
align-dinov2+500m-things-shuffled-7,0.4252282769699617,0.4707624152497248,0.5827516023004745,0.730517444200712,0.5276066733081705,0.7062231777860933,0.4734166942268945,0.3915713809746109,0.43825,0.5172744910559081,0.3287404176579435,0.5263257575757575,0.692146478235011,0.51748758405485,0.6202079068537951,0.60961032853047,0.4127165735951211,0.6604651162790698,0.4940037370477322,0.4793064022233165,0.7194689930353534,0.6634214326462852,0.3380119837235856,0.5771589167092488,0.5439397018344386,0.4765432358805853,0.6349432909828677,0.3580441938272742,0.590317807372071,0.4647936898191913,0.5445164403497736,0.4129237652727585,0.5477931634690849,0.5596087544732478,0.6630810816726309,0.5375711574952562,0.6239780442004911,0.5898559447403798,0.5208071349803632,0.6573426573426574,0.5750518767001043,0.6145188157700604,0.5705131176416056,0.5171471269662484,0.5347664287903332,0.6479988752460399,0.4594709908499624,0.3891089580895102,0.4727417934965104,0.5422535211267606,0.4659979096017221,0.5819092211932433,0.3528787260106165
align-siglip+1b-things-218,0.7342671005852692,0.6105464954654817,0.945482936358997,0.9940904444889878,0.5123938787931485,0.96875,0.5926437248682623,0.9044805196524004,0.9895287958115184,0.6645887434560681,0.6786415277207892,0.9210232313186912,0.9827151277147698,0.6322667113169987,0.925826436590472,0.8987190854383219,0.1386469513962827,0.9430816253146348,0.9528363352124546,0.8783343562626883,0.939523868638929,0.8859775666251234,0.6480043274836702,0.9370947052671048,0.8117729753569657,0.8013584280328545,1.0,0.9459006316320174,0.9722245753139964,0.8362948878144184,0.946806410301078,0.797461256741002,0.9464068217663854,0.9207525353086988,0.8431304809992028,0.8640036730945823,0.9135056715645196,0.9618926720164422,0.92240313293181,0.944336376466524,0.760646217986897,0.7818847072879331,0.800111149110807,0.9527791193558476,0.7972669742581246,0.8477152585736591,0.546744953239914,0.5481158104927544,0.7765860923358918,0.9702528242758656,0.7275375284514598,0.935781877536043,0.7991467319330127
align-siglip+1b-things-42,0.5522361728699287,0.3931833931833932,0.87556465796538,0.8877184452907653,0.5912977359452206,0.969034090909091,0.4680868769243571,0.8106309638255127,0.9555806172523992,0.6033886242323365,0.7911192511256208,0.8733580327158487,0.9741976815491428,0.6910767454030352,0.8777482049790057,0.8428697338268992,0.0303786720692725,0.8139139784946238,0.923812541497042,0.7071429724798296,0.9275160384923816,0.6343929603930297,0.3404729432231875,0.7506555863342568,0.5146184744783089,0.5014795964556445,0.9772239218670248,0.6619062693594067,0.809893869571289,0.7788088638811299,0.6290120657481381,0.565429897931316,0.8874383120861824,0.5751159242766937,0.9006230562363476,0.554268335647814,0.8905000261872161,0.8434154033005551,0.8435161918917295,0.8039580653108149,0.7051555526384877,0.5697954663887441,0.5699412253322594,0.7089096669091386,0.6015913323175892,0.9070025095269078,0.227530135102338,0.5017235857659182,0.6725154878323631,0.84852095446891,0.8203853501884114,0.9420289855072465,0.7886714949735163
align-siglip+1b-things-7,0.6935221090090646,0.3931833931833932,0.8688875347789097,0.830125607052933,0.8264205751273345,0.9071022727272728,0.4680868769243571,0.6017456399335301,0.9281204704841932,0.646941253947797,0.6867510113490484,0.9477124183006536,0.9244020562468388,0.7972899986955382,0.9459134835142736,0.8293656450463294,0.2661788635089177,0.7753639846743294,0.8177346268028511,0.910644138639463,0.9433214427269124,0.7351965801619806,0.281812695605799,0.8068914197787783,0.7316233781187609,0.4963369307515541,0.9635111066303728,0.6331504931834219,0.8610810088624319,0.8058934927936446,0.4180975800719859,0.4991736238646478,0.91146034243998,0.6625122341306441,0.897695508664033,0.5791495603909861,0.909624930243487,0.9212780706420984,0.7516000657678934,0.893650027578599,0.5767701255456059,0.5860783168660627,0.4696694296900667,0.7579072051386466,0.6268135949910298,0.8518548568852828,0.3695575240219629,0.4709958552397273,0.6939043987589428,0.9065755294173744,0.7476514910162965,0.961352657004831,0.8339186957643917
align-siglip+500m-things-218,0.5612697119940799,0.4697465079555222,0.9381302392765788,0.875336489371577,0.448007700741435,0.9244391025641026,0.7778817107899475,0.6326333560228734,0.9097139020043056,0.6318396363848261,0.5584395515456363,0.9412571025411663,0.9532100509631196,0.5759800933513737,0.7875189463766334,0.8625304749894913,0.4865478063164705,0.9287747336377474,0.6639570760436043,0.9071230612576778,0.9000131685384805,0.8036894951005188,0.4132188332149615,0.8837102286788263,0.7427684209846962,0.4352425858552959,0.972558185519341,0.7916754617449996,0.948152332054218,0.6720387490689474,0.8951787159879646,0.488166450762772,0.9464068217663854,0.5668929166355884,0.893730645532797,0.7926116008489599,0.9109212675397852,0.6949268108688398,0.7447397360753569,0.8423987023892102,0.7918394777265746,0.5601851851851851,0.5086335009976721,0.759950443559446,0.5432853598014888,0.9351462018208232,0.7362351955910632,0.6968321950654106,0.7128997831073894,0.820148197415321,0.6059290961153694,0.9416089056920816,0.7594654390949563
align-siglip+500m-things-42,0.6091380030527677,0.4897428635746392,0.9019914607741384,0.8387315291383032,0.7477278093391886,0.9337749062981912,0.9509996677004872,0.7345079091328013,0.8993686586778704,0.5577954314942518,0.6261074329400735,0.9214740219096296,0.9343139369903704,0.5686991869918699,0.7012775574289571,0.6972328630231507,0.0307707013086114,0.7180000000000001,0.9242987579533628,0.7099331402776595,0.8115680127850513,0.595640293131288,0.2593462622175892,0.85390537096445,0.4499439916504037,0.4805974598375403,0.9772239218670248,0.7196011125366031,0.6697176352306249,0.6158846751000533,0.7598957593928678,0.5393309828231188,0.6159633485009037,0.577472782092494,0.8761981124683149,0.4858368557188821,0.8632897603485838,0.8969387693696406,0.7426492763376198,0.8665133251599417,0.5379549590536852,0.5697954663887441,0.5508275020136931,0.7359919327188753,0.5320084551052293,0.5758263725280217,0.261244991252328,0.5758832062062654,0.5203820495812096,0.9330484998137564,0.9135455149862414,0.8999309868875086,0.7315053205389771
align-siglip+500m-things-7,0.8018332205295592,0.416356695527906,0.9422744058755548,0.8618851049191606,0.4026214887055097,0.8554924242424242,0.8566969842807334,0.696861646816949,0.7953163273191156,0.7938931297709924,0.5490649211532168,0.7993794820520301,0.8893317593952845,0.8814005612339938,0.5768214315520072,0.7505052859838227,0.6659993778565279,0.8054152226928507,0.8984759653841967,0.8256203349981863,0.6826132837924084,0.6886130505506384,0.7405582206043022,0.8497519101397218,0.6479057317914724,0.6527377312323391,0.760214870785702,0.8756662525941324,0.9435963296354624,0.5480062324571519,0.9156913575542348,0.5119145187552253,0.7720817291676423,0.6064555200494794,0.9051180543507406,0.6400336181538031,0.9115095430884906,0.8745350194625556,0.78447934308074,0.7076530612244898,0.6043491715863645,0.5601851851851851,0.6618361635345331,0.7315920305266083,0.4692583402260822,0.5874502980975501,0.5808375412209071,0.5421941661941663,0.5912936785869483,0.8058004984473364,0.9457518986957796,0.58945420906568,0.5764293815968391
