idx,score
0,-2.9432342052459717
1,-2.2128212451934814
2,-2.3542962074279785
3,-2.0927605628967285
4,-3.839332103729248
5,-3.0742995738983154
6,-3.1009490489959717
7,-2.8521409034729004
8,-3.4234702587127686
9,-2.668811798095703
10,-2.6668622493743896
11,-2.3603663444519043
12,-4.306999683380127
13,-3.578690528869629
14,-3.581442356109619
15,-3.319998025894165
16,-3.3070099353790283
17,-2.9566781520843506
18,-2.6325650215148926
19,-2.587080240249634
20,-4.514745235443115
21,-4.048886775970459
22,-3.565206527709961
23,-3.3755204677581787
24,-3.183799982070923
25,-2.789557695388794
26,-2.7412807941436768
27,-2.750605821609497
28,-3.7979629039764404
29,-3.9205429553985596
30,-3.1658756732940674
31,-3.1778194904327393
32,-3.2849533557891846
33,-3.008019208908081
34,-2.646770477294922
35,-2.6763195991516113
36,-4.04227352142334
37,-3.9635956287384033
38,-3.2862136363983154
39,-3.32025146484375
40,-4.649931907653809
41,-3.8224971294403076
42,-3.249160051345825
43,-2.7925727367401123
44,-4.3488850593566895
45,-3.4492251873016357
46,-3.5835273265838623
47,-3.0579142570495605
48,-4.501832962036133
49,-3.4543044567108154
50,-3.3159008026123047
51,-3.008622646331787
52,-3.94685435295105
53,-3.280550479888916
54,-3.459716558456421
55,-3.2251322269439697
56,-4.0099663734436035
57,-3.3009769916534424
58,-3.148444652557373
59,-2.8606762886047363
60,-5.225794792175293
61,-4.88249397277832
62,-3.752004861831665
63,-3.399691343307495
64,-4.275627136230469
65,-3.3878400325775146
66,-3.125605344772339
67,-2.767688751220703
68,-4.241574764251709
69,-3.5007731914520264
70,-3.6238648891448975
71,-3.272209405899048
72,-3.655644655227661
73,-3.0596961975097656
74,-2.8031718730926514
75,-2.460322141647339
76,-4.522940158843994
77,-4.15526819229126
78,-3.524670362472534
79,-3.231191396713257
80,-3.9657042026519775
81,-3.24786376953125
82,-3.180479049682617
83,-2.6441245079040527
84,-4.594848155975342
85,-3.621793031692505
86,-3.760239362716675
87,-3.19474458694458
88,-3.626102924346924
89,-3.0698776245117188
90,-2.9840216636657715
91,-2.497917890548706
92,-4.740726470947266
93,-3.9259724617004395
94,-3.9842681884765625
95,-3.434337854385376
96,-4.308749198913574
97,-3.1996512413024902
98,-2.940910816192627
99,-2.612044095993042
100,-5.067160606384277
101,-3.9892191886901855
102,-3.6949985027313232
103,-3.3753738403320312
104,-3.6321163177490234
105,-2.9030656814575195
106,-3.0009121894836426
107,-2.7082462310791016
108,-4.491715431213379
109,-3.955718994140625
110,-3.5724411010742188
111,-3.3104450702667236
112,-4.596035957336426
113,-3.968898296356201
114,-3.1835999488830566
115,-3.1617681980133057
116,-4.45576810836792
117,-4.948114395141602
118,-3.345134735107422
119,-3.3565855026245117
120,-3.0335774421691895
121,-2.4485130310058594
122,-2.3239948749542236
123,-2.2488346099853516
124,-3.8421413898468018
125,-3.4312100410461426
126,-3.1594324111938477
127,-2.998037099838257
128,-3.2843856811523438
129,-2.823552370071411
130,-2.5330066680908203
131,-2.4147818088531494
132,-3.798065185546875
133,-3.406061887741089
134,-3.012153148651123
135,-2.9576406478881836
136,-3.6518733501434326
137,-3.4173409938812256
138,-2.886162519454956
139,-2.797675371170044
140,-4.084718227386475
141,-4.37730598449707
142,-3.2905590534210205
143,-3.3192451000213623
144,-3.5555386543273926
145,-2.7790603637695312
146,-2.811751365661621
147,-2.6564483642578125
148,-4.116337299346924
149,-3.8997135162353516
150,-3.5469350814819336
151,-3.440699815750122
152,-3.36858868598938
153,-2.9111459255218506
154,-2.541124105453491
155,-2.5644302368164062
156,-4.013352394104004
157,-3.4764087200164795
158,-3.2806670665740967
159,-3.2856287956237793
160,-3.6597938537597656
161,-3.0841434001922607
162,-2.911587715148926
163,-2.868878126144409
164,-5.48280143737793
165,-4.3115034103393555
166,-4.155331611633301
167,-3.9191510677337646
168,-3.541935682296753
169,-2.720317840576172
170,-2.562688112258911
171,-2.3934569358825684
172,-3.7333474159240723
173,-3.3570125102996826
174,-3.0854392051696777
175,-2.8364133834838867
176,-4.083669662475586
177,-3.295745611190796
178,-2.9835941791534424
179,-2.7777371406555176
180,-4.613925933837891
181,-3.8546090126037598
182,-3.4464688301086426
183,-3.233396053314209
184,-3.028822660446167
185,-2.6838934421539307
186,-2.3290441036224365
187,-2.307812213897705
188,-4.498659610748291
189,-4.141339302062988
190,-3.677872657775879
191,-3.6651477813720703
192,-3.333916425704956
193,-3.1645138263702393
194,-2.672492742538452
195,-2.656928300857544
196,-4.107983112335205
197,-3.824369430541992
198,-3.339711904525757
199,-3.3440849781036377
200,-4.007126331329346
201,-3.1790425777435303
202,-3.0422794818878174
203,-2.682016134262085
204,-4.2143354415893555
205,-3.925711154937744
206,-3.2357540130615234
207,-2.9499688148498535
208,-4.094786167144775
209,-3.5748291015625
210,-3.070404529571533
211,-2.9824330806732178
212,-4.847116947174072
213,-3.6808228492736816
214,-3.8184895515441895
215,-3.6583962440490723
216,-3.5296053886413574
217,-2.7563791275024414
218,-2.5083305835723877
219,-2.433551549911499
220,-4.157686710357666
221,-3.406733274459839
222,-3.6641383171081543
223,-3.509614944458008
224,-4.072174072265625
225,-3.012775182723999
226,-3.1355667114257812
227,-2.5908260345458984
228,-4.931466102600098
229,-3.7903857231140137
230,-4.015349388122559
231,-3.4848110675811768
232,-3.6892998218536377
233,-3.1082701683044434
234,-3.0842835903167725
235,-2.951256036758423
236,-4.582399845123291
237,-3.7554924488067627
238,-3.554800271987915
239,-3.2756309509277344
240,-3.4791409969329834
241,-2.738922595977783
242,-2.9864442348480225
243,-2.771057367324829
244,-4.7175517082214355
245,-3.8451473712921143
246,-3.68314790725708
247,-3.365198850631714
248,-3.950819253921509
249,-3.724449634552002
250,-2.8527495861053467
251,-2.77657151222229
252,-4.629106521606445
253,-3.896770477294922
254,-3.590759038925171
255,-3.3011817932128906
256,-3.8664188385009766
257,-2.903355598449707
258,-3.017176389694214
259,-2.620985984802246
260,-5.338090896606445
261,-4.26326847076416
262,-3.894886016845703
263,-3.6749379634857178
264,-4.258138656616211
265,-3.3803112506866455
266,-3.0325779914855957
267,-2.7409775257110596
268,-4.940713405609131
269,-4.196898937225342
270,-3.5938661098480225
271,-3.28442120552063
272,-3.7268240451812744
273,-3.0916900634765625
274,-2.653883457183838
275,-2.6222517490386963
276,-4.5491862297058105
277,-3.7209677696228027
278,-3.525170087814331
279,-3.3468339443206787
280,-2.9760780334472656
281,-2.5578596591949463
282,-2.3990392684936523
283,-2.358163833618164
284,-3.5192010402679443
285,-2.95058536529541
286,-3.132080078125
287,-2.9430906772613525
288,-3.2696709632873535
289,-2.712301015853882
290,-2.6178183555603027
291,-2.457343816757202
292,-3.9510726928710938
293,-3.3807666301727295
294,-3.1155471801757812
295,-2.9700379371643066
296,-4.6392083168029785
297,-3.453294038772583
298,-3.466710090637207
299,-2.9275689125061035
300,-4.903555393218994
301,-4.301746845245361
302,-3.98172664642334
303,-3.5600922107696533
304,-3.8892619609832764
305,-2.825915575027466
306,-3.1024367809295654
307,-2.6420724391937256
308,-5.122568130493164
309,-3.6120078563690186
310,-3.7051844596862793
311,-3.158552885055542
312,-4.220560073852539
313,-3.1778924465179443
314,-3.2786364555358887
315,-2.7590444087982178
316,-4.470411777496338
317,-3.2545840740203857
318,-3.4699807167053223
319,-3.003984212875366
320,-3.9541075229644775
321,-3.0808568000793457
322,-2.9349513053894043
323,-2.586369514465332
324,-3.675413131713867
325,-2.8706328868865967
326,-2.9218246936798096
327,-2.6856584548950195
328,-4.597298622131348
329,-3.6562340259552
330,-3.3554370403289795
331,-2.87065052986145
332,-4.570725917816162
333,-3.4658820629119873
334,-3.970811367034912
335,-3.6023244857788086
336,-3.6819071769714355
337,-2.92498517036438
338,-2.8545119762420654
339,-2.5001919269561768
340,-5.226015567779541
341,-4.341366767883301
342,-3.9182677268981934
343,-3.4794118404388428
344,-3.936887264251709
345,-3.275526285171509
346,-3.1697604656219482
347,-2.7362067699432373
348,-4.453643798828125
349,-3.6553077697753906
350,-3.601303815841675
351,-3.2907025814056396
352,-3.4493675231933594
353,-3.8829057216644287
354,-2.666656017303467
355,-3.2424893379211426
356,-3.197134017944336
357,-3.616997718811035
358,-2.7824039459228516
359,-3.334559202194214
360,-2.7888784408569336
361,-2.8376286029815674
362,-2.1758532524108887
363,-2.6416409015655518
364,-4.236784934997559
365,-4.2126569747924805
366,-3.378532886505127
367,-3.8136816024780273
368,-4.576026916503906
369,-3.2845406532287598
370,-3.385732412338257
371,-2.7992138862609863
372,-4.884547710418701
373,-3.7531354427337646
374,-3.796020269393921
375,-3.276885986328125
376,-5.041987895965576
377,-3.9356307983398438
378,-3.8049404621124268
379,-3.5479488372802734
380,-5.247309684753418
381,-4.79604959487915
382,-3.539107084274292
383,-3.0108084678649902
384,-4.478907585144043
385,-3.3768699169158936
386,-3.294250249862671
387,-3.0331149101257324
388,-5.581408500671387
389,-5.092393398284912
390,-3.781294345855713
391,-3.417421340942383
392,-4.747631072998047
393,-3.294898271560669
394,-3.4507267475128174
395,-2.8526294231414795
396,-4.154979228973389
397,-3.187870740890503
398,-3.1916637420654297
399,-2.898559093475342
400,-3.3725454807281494
401,-4.31349515914917
402,-3.0839223861694336
403,-3.186422109603882
404,-4.123414039611816
405,-4.391730308532715
406,-3.3876700401306152
407,-3.308460235595703
408,-4.333434581756592
409,-3.658704996109009
410,-3.2015113830566406
411,-3.0215156078338623
412,-4.478848457336426
413,-4.169197082519531
414,-3.5675206184387207
415,-3.49177622795105
416,-4.004494667053223
417,-3.2333297729492188
418,-3.0518455505371094
419,-2.8185267448425293
420,-3.9912984371185303
421,-3.740419626235962
422,-3.0887489318847656
423,-2.86885929107666
424,-3.368670701980591
425,-2.7131426334381104
426,-2.4684219360351562
427,-2.356861114501953
428,-4.367808818817139
429,-4.337625026702881
430,-3.2372217178344727
431,-3.1607086658477783
432,-3.7579052448272705
433,-3.183835744857788
434,-2.8499722480773926
435,-2.7496392726898193
436,-4.558460712432861
437,-3.8476722240448
438,-3.625070333480835
439,-3.455256700515747
440,-4.183387279510498
441,-3.018592357635498
442,-2.976818799972534
443,-2.6014468669891357
444,-4.290688514709473
445,-3.3946692943573
446,-3.1297061443328857
447,-2.9612088203430176
448,-3.7133841514587402
449,-3.3313674926757812
450,-2.6403608322143555
451,-2.565560817718506
452,-4.18278694152832
453,-3.607752799987793
454,-3.102682113647461
455,-2.908785820007324
456,-3.141629219055176
457,-2.6038334369659424
458,-2.4429283142089844
459,-2.3537464141845703
460,-3.8313636779785156
461,-3.45652437210083
462,-3.355802059173584
463,-3.1567187309265137
464,-3.176701784133911
465,-2.6391260623931885
466,-2.4348514080047607
467,-2.3601138591766357
468,-4.368125915527344
469,-3.793081045150757
470,-3.283766508102417
471,-3.148303508758545
472,-4.1270318031311035
473,-3.517374038696289
474,-3.0238351821899414
475,-2.822937488555908
476,-4.548756122589111
477,-3.6960690021514893
478,-3.5258989334106445
479,-3.3170247077941895
480,-3.941777467727661
481,-3.008073568344116
482,-2.9663360118865967
483,-2.677426815032959
484,-4.462728023529053
485,-4.026222229003906
486,-3.457113265991211
487,-3.272620439529419
488,-4.435033798217773
489,-3.2586724758148193
490,-3.1079931259155273
491,-2.821228265762329
492,-4.635887145996094
493,-3.7348344326019287
494,-3.5292556285858154
495,-3.2844810485839844
496,-3.9777040481567383
497,-3.7013227939605713
498,-2.862653970718384
499,-2.654404878616333
500,-4.035658836364746
501,-3.2744224071502686
502,-3.247715711593628
503,-3.0352210998535156
504,-4.370589733123779
505,-3.490269899368286
506,-2.9680449962615967
507,-2.997102975845337
508,-4.301064491271973
509,-4.117989540100098
510,-3.2789976596832275
511,-3.2290091514587402
512,-4.775516033172607
513,-3.6152846813201904
514,-3.48956298828125
515,-2.9511666297912598
516,-4.128425598144531
517,-3.593413829803467
518,-3.530409336090088
519,-3.08683705329895
520,-3.2672111988067627
521,-3.2473299503326416
522,-2.6602864265441895
523,-2.718956708908081
524,-3.3814125061035156
525,-3.5292224884033203
526,-2.9932470321655273
527,-3.170163631439209
528,-4.283297538757324
529,-3.537015199661255
530,-3.133284091949463
531,-2.981057643890381
532,-4.24418830871582
533,-4.178750038146973
534,-3.3053715229034424
535,-3.1612250804901123
536,-3.4573349952697754
537,-2.7047131061553955
538,-2.694186210632324
539,-2.5278189182281494
540,-4.61247444152832
541,-3.6171650886535645
542,-3.673302173614502
543,-3.4114997386932373
544,-4.412757873535156
545,-3.3384060859680176
546,-3.3196253776550293
547,-2.8064470291137695
548,-4.3565897941589355
549,-3.048713445663452
550,-3.320281744003296
551,-2.735435962677002
552,-4.307531833648682
553,-2.8930935859680176
554,-2.953965663909912
555,-2.49430513381958
556,-4.919728755950928
557,-3.834927797317505
558,-3.819798231124878
559,-3.208122491836548
560,-3.6574013233184814
561,-3.327244997024536
562,-2.9324731826782227
563,-2.7303221225738525
564,-4.549203872680664
565,-4.225846767425537
566,-3.119532346725464
567,-2.774191379547119
568,-3.646589994430542
569,-3.664440870285034
570,-2.577252149581909
571,-2.5862655639648438
572,-4.165398120880127
573,-3.8420841693878174
574,-3.3729708194732666
575,-3.3221962451934814
576,-3.9086415767669678
577,-3.5727460384368896
578,-2.9158902168273926
579,-3.052402973175049
580,-4.076966285705566
581,-3.6474220752716064
582,-3.209019422531128
583,-3.2441725730895996
584,-3.5388259887695312
585,-2.882047176361084
586,-2.9806387424468994
587,-2.9173800945281982
588,-4.591208457946777
589,-4.156792163848877
590,-3.462067127227783
591,-3.4551591873168945
592,-3.4692769050598145
593,-2.4615070819854736
594,-2.851940631866455
595,-2.244546890258789
596,-4.4203009605407715
597,-3.1903038024902344
598,-3.590447425842285
599,-2.893277168273926
600,-3.5474472045898438
601,-3.744469404220581
602,-2.9630045890808105
603,-2.665496349334717
604,-4.287254810333252
605,-3.58823823928833
606,-3.4006943702697754
607,-3.088552713394165
608,-3.322995901107788
609,-2.8122382164001465
610,-2.7730681896209717
611,-2.6259052753448486
612,-4.7373738288879395
613,-4.678499698638916
614,-3.346073865890503
615,-3.135138988494873
616,-3.319033145904541
617,-2.903909683227539
618,-2.7784762382507324
619,-2.6200451850891113
620,-3.8639798164367676
621,-3.3223254680633545
622,-3.084542751312256
623,-2.8654842376708984
624,-4.344104290008545
625,-3.407905101776123
626,-3.156451940536499
627,-2.71085262298584
628,-4.520081043243408
629,-4.204230308532715
630,-3.367375135421753
631,-3.04646372795105
632,-3.7186412811279297
633,-3.1364059448242188
634,-2.94561505317688
635,-2.956728219985962
636,-4.2146315574646
637,-3.90278697013855
638,-3.3724591732025146
639,-3.3735952377319336
640,-3.8951401710510254
641,-3.538081169128418
642,-2.9572906494140625
643,-2.99653959274292
644,-4.057569980621338
645,-3.7977941036224365
646,-3.2554216384887695
647,-3.296778917312622
648,-3.954878568649292
649,-3.8652758598327637
650,-2.948500633239746
651,-2.5679914951324463
652,-4.91739559173584
653,-4.180186748504639
654,-3.6995162963867188
655,-3.3625121116638184
656,-3.87062668800354
657,-3.5273053646087646
658,-2.941565990447998
659,-2.3805270195007324
660,-4.806924343109131
661,-3.786013126373291
662,-3.7573978900909424
663,-3.2092032432556152
664,-4.371570587158203
665,-2.845423936843872
666,-3.079944610595703
667,-2.5080039501190186
668,-4.03582239151001
669,-3.377955198287964
670,-3.4927730560302734
671,-2.9643752574920654
672,-4.014871120452881
673,-3.5524520874023438
674,-3.0512912273406982
675,-2.4750208854675293
676,-4.945921897888184
677,-3.5890865325927734
678,-3.8288609981536865
679,-3.11138916015625
680,-4.318990707397461
681,-3.2312283515930176
682,-3.059692621231079
683,-2.6207141876220703
684,-4.468660831451416
685,-3.6831843852996826
686,-3.7150723934173584
687,-3.254450559616089
688,-3.7179455757141113
689,-3.7802178859710693
690,-2.903968334197998
691,-2.589456558227539
692,-4.141282081604004
693,-3.3289754390716553
694,-3.677483558654785
695,-3.259315252304077
696,-4.075986385345459
697,-4.122164249420166
698,-2.9792957305908203
699,-2.8105111122131348
700,-4.605618000030518
701,-4.475444316864014
702,-3.6107051372528076
703,-3.3044817447662354
704,-4.118311405181885
705,-3.9171817302703857
706,-3.259544849395752
707,-3.134449005126953
708,-3.909447431564331
709,-3.2250566482543945
710,-3.2292935848236084
711,-3.0795395374298096
712,-3.6847403049468994
713,-2.7817931175231934
714,-2.9033164978027344
715,-2.536355972290039
716,-4.667941570281982
717,-4.199382781982422
718,-3.53957462310791
719,-3.1792104244232178
720,-3.3089756965637207
721,-2.8789596557617188
722,-2.889639377593994
723,-2.826853036880493
724,-3.664163589477539
725,-3.9478919506073
726,-3.1474971771240234
727,-3.286745548248291
728,-3.632988929748535
729,-3.512617826461792
730,-2.825226306915283
731,-2.8718907833099365
732,-3.273465871810913
733,-3.3359742164611816
734,-2.8349947929382324
735,-2.940624237060547
736,-3.8864598274230957
737,-3.1762306690216064
738,-2.9872756004333496
739,-2.692849636077881
740,-3.9633865356445312
741,-4.317594051361084
742,-3.462613344192505
743,-3.1182351112365723
744,-3.893155336380005
745,-3.7569026947021484
746,-3.032003402709961
747,-2.706573486328125
748,-4.52935266494751
749,-3.6563634872436523
750,-3.3158226013183594
751,-3.0458037853240967
752,-3.893155336380005
753,-3.7569026947021484
754,-3.032003402709961
755,-2.706573486328125
756,-5.032224178314209
757,-3.8394951820373535
758,-3.660144329071045
759,-3.291734218597412
760,-4.808333396911621
761,-4.186761379241943
762,-3.5687756538391113
763,-3.247695207595825
764,-5.227367401123047
765,-4.08540678024292
766,-3.791600465774536
767,-3.4326624870300293
768,-3.4121437072753906
769,-2.5605201721191406
770,-2.64296293258667
771,-2.200188636779785
772,-3.498061418533325
773,-3.766430616378784
774,-3.198976993560791
775,-2.867548704147339
776,-4.626348495483398
777,-3.3880317211151123
778,-3.4641454219818115
779,-3.0365829467773438
780,-4.544882774353027
781,-3.75396728515625
782,-3.7154459953308105
783,-3.291813850402832
784,-4.262392044067383
785,-3.919755697250366
786,-3.2335822582244873
787,-2.8592255115509033
788,-5.05523157119751
789,-4.797749996185303
790,-3.795238971710205
791,-3.451221466064453
792,-3.939932346343994
793,-3.4267194271087646
794,-3.273116111755371
795,-3.1475818157196045
796,-4.581648826599121
797,-4.541815280914307
798,-3.667980670928955
799,-3.521725654602051
800,-3.951571226119995
801,-3.5838921070098877
802,-3.3840701580047607
803,-2.888637065887451
804,-5.105569362640381
805,-4.59213924407959
806,-3.9520175457000732
807,-3.3163602352142334
808,-4.121992588043213
809,-3.034808874130249
810,-3.158323287963867
811,-2.497736930847168
812,-5.391561508178711
813,-4.827500343322754
814,-4.092566013336182
815,-3.448568105697632
816,-4.338817596435547
817,-3.6169497966766357
818,-3.1746511459350586
819,-2.61179518699646
820,-4.4960713386535645
821,-3.271212100982666
822,-3.690345287322998
823,-3.092810869216919
824,-4.029469013214111
825,-3.576946973800659
826,-2.764850378036499
827,-2.4666354656219482
828,-4.968062400817871
829,-4.594175338745117
830,-3.815962076187134
831,-3.528423309326172
832,-3.926837682723999
833,-2.816122055053711
834,-3.276689291000366
835,-2.820427179336548
836,-5.045830726623535
837,-3.957162618637085
838,-3.621263027191162
839,-3.329122543334961
840,-3.633758544921875
841,-2.610140562057495
842,-2.5960686206817627
843,-2.301543951034546
844,-4.780313014984131
845,-3.7366578578948975
846,-3.6335597038269043
847,-3.3052327632904053
848,-4.162045478820801
849,-3.118007183074951
850,-2.985806941986084
851,-2.6237082481384277
852,-4.977442264556885
853,-4.688713073730469
854,-3.539240598678589
855,-3.228330612182617
856,-3.2669596672058105
857,-2.5124142169952393
858,-2.463433265686035
859,-2.329408884048462
860,-4.139882564544678
861,-3.691847562789917
862,-3.5004279613494873
863,-3.3988664150238037
864,-3.701533317565918
865,-2.995152235031128
866,-2.899756669998169
867,-2.7012240886688232
868,-4.366130828857422
869,-4.196788311004639
870,-3.5492982864379883
871,-3.346609592437744
872,-4.486519813537598
873,-3.619227170944214
874,-2.977008819580078
875,-2.619154214859009
876,-4.7910566329956055
877,-4.261171817779541
878,-3.6933469772338867
879,-3.3392224311828613
880,-3.8358914852142334
881,-3.73767352104187
882,-3.1370511054992676
883,-2.9025044441223145
884,-4.6770806312561035
885,-3.8103654384613037
886,-3.7124133110046387
887,-3.2687270641326904
888,-4.733455181121826
889,-3.6720027923583984
890,-3.4684066772460938
891,-3.0318655967712402
892,-4.140659332275391
893,-4.784451961517334
894,-3.730316162109375
895,-3.433837413787842
896,-3.5586347579956055
897,-2.9552180767059326
898,-2.61435866355896
899,-2.5509564876556396
900,-4.857536315917969
901,-3.894788980484009
902,-3.6052606105804443
903,-3.538508415222168
904,-3.770681381225586
905,-3.2920620441436768
906,-2.96382212638855
907,-2.8867340087890625
908,-4.511599540710449
909,-3.9851040840148926
910,-3.5360023975372314
911,-3.4436018466949463
912,-4.698580741882324
913,-3.427781820297241
914,-3.4145050048828125
915,-2.9462101459503174
916,-5.152355670928955
917,-4.561316013336182
918,-3.9493796825408936
919,-3.4750185012817383
920,-4.122669219970703
921,-3.8358051776885986
922,-3.0190916061401367
923,-3.219888210296631
924,-3.9705734252929688
925,-3.864183187484741
926,-3.2741000652313232
927,-3.4561920166015625
928,-3.4795660972595215
929,-3.181626081466675
930,-2.626431941986084
931,-2.7832210063934326
932,-3.837845802307129
933,-3.588735580444336
934,-3.4829723834991455
935,-3.456486701965332
936,-3.011147975921631
937,-2.8554024696350098
938,-2.419128179550171
939,-2.4918837547302246
940,-4.490728378295898
941,-4.953351974487305
942,-3.258192300796509
943,-3.401822328567505
944,-3.4844958782196045
945,-3.2222933769226074
946,-2.8262839317321777
947,-2.8686327934265137
948,-3.701437473297119
949,-3.6511731147766113
950,-3.085400104522705
951,-3.21331524848938
952,-3.4404103755950928
953,-2.7893435955047607
954,-2.7869873046875
955,-2.568831205368042
956,-4.712124824523926
957,-3.812372922897339
958,-3.434389591217041
959,-3.32909893989563
960,-3.9911108016967773
961,-3.750814914703369
962,-3.0049779415130615
963,-3.2539031505584717
964,-3.7062594890594482
965,-3.486876964569092
966,-2.939797878265381
967,-3.157153367996216
968,-3.218801259994507
969,-3.054152250289917
970,-2.5503766536712646
971,-2.7565391063690186
972,-4.755080699920654
973,-3.9959371089935303
974,-3.41483473777771
975,-3.5590107440948486
976,-4.4563517570495605
977,-3.3204872608184814
978,-3.049320936203003
979,-2.692255973815918
980,-4.933222770690918
981,-3.787677526473999
982,-3.861297130584717
983,-3.2468037605285645
984,-3.960803508758545
985,-2.847447633743286
986,-3.328739881515503
987,-2.7392523288726807
988,-4.661992073059082
989,-3.599639892578125
990,-3.623289108276367
991,-3.136730670928955
992,-3.8463451862335205
993,-3.3910932540893555
994,-2.752415895462036
995,-2.7352986335754395
996,-4.217946529388428
997,-4.185725688934326
998,-3.4739246368408203
999,-3.373575448989868
1000,-3.7747814655303955
1001,-3.1722631454467773
1002,-2.8159821033477783
1003,-2.7356061935424805
1004,-4.089703559875488
1005,-3.76537823677063
1006,-3.4889075756073
1007,-3.320128917694092
1008,-4.322749137878418
1009,-3.967031717300415
1010,-3.100356101989746
1011,-2.811467409133911
1012,-4.155324935913086
1013,-3.516289472579956
1014,-3.80588960647583
1015,-3.2732458114624023
1016,-4.274441242218018
1017,-4.1903767585754395
1018,-3.021346092224121
1019,-3.208646059036255
1020,-4.639785289764404
1021,-4.736917495727539
1022,-3.280324697494507
1023,-3.3508849143981934
1024,-3.5441489219665527
1025,-3.069779634475708
1026,-2.590949773788452
1027,-2.5845954418182373
1028,-4.347317695617676
1029,-3.539487600326538
1030,-3.322319746017456
1031,-3.2597568035125732
1032,-3.979275703430176
1033,-2.92513108253479
1034,-2.923292636871338
1035,-2.501246690750122
1036,-4.372369289398193
1037,-3.221160888671875
1038,-3.5217785835266113
1039,-3.07772159576416
1040,-3.1780593395233154
1041,-2.795597791671753
1042,-2.8050451278686523
1043,-2.7655413150787354
1044,-4.09829568862915
1045,-3.850008487701416
1046,-3.5049948692321777
1047,-3.4788217544555664
1048,-3.475451707839966
1049,-3.0556020736694336
1050,-2.898867130279541
1051,-2.8643548488616943
1052,-4.018333435058594
1053,-3.569793701171875
1054,-3.1771132946014404
1055,-3.203927993774414
1056,-4.498002529144287
1057,-3.606663227081299
1058,-3.1160409450531006
1059,-2.862161636352539
1060,-5.153587341308594
1061,-3.779756546020508
1062,-3.521075963973999
1063,-3.271376609802246
1064,-4.073302268981934
1065,-3.743051767349243
1066,-3.239187717437744
1067,-3.3551695346832275
1068,-4.600825309753418
1069,-4.4380083084106445
1070,-3.6080234050750732
1071,-3.567304849624634
1072,-3.6101276874542236
1073,-4.8422417640686035
1074,-3.240874767303467
1075,-3.279942512512207
1076,-4.326423645019531
1077,-4.233362674713135
1078,-3.303793430328369
1079,-3.1654574871063232
1080,-3.4833807945251465
1081,-2.8975749015808105
1082,-2.6374318599700928
1083,-2.5582730770111084
1084,-3.7297849655151367
1085,-3.328737258911133
1086,-3.4017891883850098
1087,-3.2674150466918945
1088,-3.346245527267456
1089,-2.7895660400390625
1090,-2.5051255226135254
1091,-2.3222477436065674
1092,-4.64321756362915
1093,-4.4967145919799805
1094,-3.564197063446045
1095,-3.4064388275146484
1096,-4.146122932434082
1097,-3.2627172470092773
1098,-3.0824921131134033
1099,-2.9467320442199707
1100,-4.042841911315918
1101,-3.3038883209228516
1102,-3.1761295795440674
1103,-2.9393019676208496
1104,-4.127223491668701
1105,-3.4954817295074463
1106,-3.163743019104004
1107,-2.8629276752471924
1108,-4.218054294586182
1109,-3.4670441150665283
1110,-3.644603967666626
1111,-3.377958297729492
1112,-4.3454179763793945
1113,-3.3179712295532227
1114,-3.2828729152679443
1115,-2.9711296558380127
1116,-4.693013668060303
1117,-3.703712224960327
1118,-3.803297996520996
1119,-3.3625648021698
1120,-4.339108943939209
1121,-3.3668131828308105
1122,-3.290295362472534
1123,-2.7801263332366943
1124,-4.140859127044678
1125,-3.3773486614227295
1126,-3.390352249145508
1127,-2.9768993854522705
1128,-4.40743350982666
1129,-3.387653350830078
1130,-3.254262685775757
1131,-3.017178773880005
1132,-4.7102251052856445
1133,-3.669975757598877
1134,-3.309473752975464
1135,-3.0354204177856445
1136,-4.208569526672363
1137,-3.546940326690674
1138,-3.1333866119384766
1139,-2.756478786468506
1140,-4.513901233673096
1141,-3.6345977783203125
1142,-3.658010482788086
1143,-3.208387851715088
1144,-4.297424793243408
1145,-3.3241264820098877
1146,-3.0545921325683594
1147,-2.7075133323669434
1148,-4.64969539642334
1149,-3.7009034156799316
1150,-3.740065336227417
1151,-3.202979564666748
1152,-3.608757972717285
1153,-2.6675865650177
1154,-2.682279109954834
1155,-2.307056427001953
1156,-3.9021010398864746
1157,-3.3223817348480225
1158,-3.47554087638855
1159,-3.1513171195983887
1160,-3.909219264984131
1161,-3.105978012084961
1162,-3.031590223312378
1163,-2.6783447265625
1164,-4.623261451721191
1165,-4.6179046630859375
1166,-3.5463781356811523
1167,-3.1673545837402344
1168,-3.449791193008423
1169,-3.027858018875122
1170,-2.972972869873047
1171,-2.685124158859253
1172,-4.880854606628418
1173,-4.612346649169922
1174,-3.6324069499969482
1175,-3.269514799118042
1176,-4.004925727844238
1177,-3.5710251331329346
1178,-2.9989349842071533
1179,-2.9229724407196045
1180,-3.7977981567382812
1181,-3.452235460281372
1182,-3.372192144393921
1183,-3.3049697875976562
1184,-3.515155792236328
1185,-2.921834707260132
1186,-2.5679924488067627
1187,-2.553741455078125
1188,-3.8671281337738037
1189,-3.532926321029663
1190,-3.1641757488250732
1191,-3.1659345626831055
1192,-3.937389850616455
1193,-3.0045366287231445
1194,-3.177924394607544
1195,-2.9758880138397217
1196,-4.702103137969971
1197,-3.990816354751587
1198,-3.7215590476989746
1199,-3.5006468296051025
1200,-3.9088804721832275
1201,-3.4062633514404297
1202,-2.9216246604919434
1203,-2.77595853805542
1204,-4.683494567871094
1205,-3.6713814735412598
1206,-3.5802621841430664
1207,-3.393353223800659
1208,-3.7276458740234375
1209,-2.990757942199707
1210,-2.880378484725952
1211,-2.6197593212127686
1212,-4.743839740753174
1213,-4.215370178222656
1214,-3.653425455093384
1215,-3.3648526668548584
1216,-3.8687312602996826
1217,-3.306675672531128
1218,-3.1402554512023926
1219,-2.885634422302246
1220,-4.6184492111206055
1221,-4.036279678344727
1222,-3.5932416915893555
1223,-3.266709804534912
1224,-4.075607776641846
1225,-3.468973159790039
1226,-3.2088000774383545
1227,-2.947448253631592
1228,-4.4608917236328125
1229,-3.8335213661193848
1230,-3.739711284637451
1231,-3.4527721405029297
1232,-3.3446404933929443
1233,-2.662788152694702
1234,-2.8254523277282715
1235,-2.606159210205078
1236,-4.4463067054748535
1237,-4.368096351623535
1238,-3.7428340911865234
1239,-3.547548294067383
1240,-3.7120697498321533
1241,-2.99784779548645
1242,-3.054279088973999
1243,-2.798372745513916
1244,-4.72136116027832
1245,-4.137800693511963
1246,-3.795109272003174
1247,-3.5932459831237793
1248,-4.137537002563477
1249,-3.6294078826904297
1250,-3.388350009918213
1251,-3.2530083656311035
1252,-4.418324947357178
1253,-3.7131636142730713
1254,-3.409257411956787
1255,-3.276907205581665
1256,-4.523641586303711
1257,-3.7181313037872314
1258,-3.3850016593933105
1259,-3.2854514122009277
1260,-4.567017555236816
1261,-3.829699754714966
1262,-3.4875400066375732
1263,-3.325669050216675
1264,-4.217787265777588
1265,-3.7674055099487305
1266,-3.3647823333740234
1267,-3.3420116901397705
1268,-4.6456193923950195
1269,-3.897063732147217
1270,-3.6580190658569336
1271,-3.5331814289093018
1272,-4.483197212219238
1273,-3.9494760036468506
1274,-3.2655036449432373
1275,-2.6696841716766357
1276,-4.4634552001953125
1277,-3.135545492172241
1278,-3.3976261615753174
1279,-2.7622790336608887
1280,-4.2969560623168945
1281,-3.1410770416259766
1282,-3.2927968502044678
1283,-2.6618099212646484
1284,-4.840718746185303
1285,-3.6816768646240234
1286,-3.736111640930176
1287,-3.1921021938323975
1288,-3.9800212383270264
1289,-2.954488754272461
1290,-3.302432060241699
1291,-2.6795108318328857
1292,-4.840718746185303
1293,-3.6816768646240234
1294,-3.736111640930176
1295,-3.1921021938323975
1296,-3.8292698860168457
1297,-2.95898699760437
1298,-2.899601697921753
1299,-2.560368537902832
1300,-4.5305070877075195
1301,-3.7562215328216553
1302,-3.3799846172332764
1303,-3.081934928894043
1304,-4.077489376068115
1305,-3.902691602706909
1306,-3.3300976753234863
1307,-3.03216290473938
1308,-4.361954689025879
1309,-3.6374499797821045
1310,-3.4609732627868652
1311,-3.196629524230957
1312,-3.976983070373535
1313,-3.2462785243988037
1314,-3.057793378829956
1315,-2.782989978790283
1316,-4.2195844650268555
1317,-3.7569515705108643
1318,-3.47114896774292
1319,-3.3192856311798096
1320,-4.0907416343688965
1321,-3.878406524658203
1322,-3.3466920852661133
1323,-3.0805325508117676
1324,-3.7565371990203857
1325,-3.1801211833953857
1326,-3.082820415496826
1327,-2.76755952835083
1328,-4.452106475830078
1329,-3.6396121978759766
1330,-3.5423357486724854
1331,-3.2472376823425293
1332,-4.477230548858643
1333,-4.571939945220947
1334,-3.385789632797241
1335,-3.3161497116088867
1336,-3.892874002456665
1337,-3.209852933883667
1338,-3.023519277572632
1339,-2.7999417781829834
1340,-4.5902605056762695
1341,-4.177501678466797
1342,-3.516512870788574
1343,-3.308257579803467
1344,-3.9860081672668457
1345,-3.5499942302703857
1346,-2.9704697132110596
1347,-2.9506993293762207
1348,-4.163589954376221
1349,-4.106561183929443
1350,-3.280285596847534
1351,-3.18552565574646
1352,-3.4975180625915527
1353,-2.7994611263275146
1354,-2.5441172122955322
1355,-2.516782283782959
1356,-3.7639098167419434
1357,-3.242814302444458
1358,-3.448643445968628
1359,-3.2401294708251953
1360,-3.6251273155212402
1361,-3.5330142974853516
1362,-3.305528163909912
1363,-3.437657356262207
1364,-5.177036285400391
1365,-4.717898845672607
1366,-4.039917945861816
1367,-4.121673107147217
1368,-4.457303524017334
1369,-4.415519714355469
1370,-3.548567533493042
1371,-3.6662824153900146
1372,-4.749776840209961
1373,-5.494839668273926
1374,-3.6352527141571045
1375,-3.867154598236084
1376,-4.1104631423950195
1377,-3.6717350482940674
1378,-3.500729560852051
1379,-3.5966930389404297
1380,-3.967866897583008
1381,-3.663193702697754
1382,-3.037498950958252
1383,-3.1508588790893555
1384,-3.7090914249420166
1385,-2.831589937210083
1386,-2.8098933696746826
1387,-2.5028092861175537
1388,-4.985760688781738
1389,-4.583197593688965
1390,-3.8476977348327637
1391,-3.400510549545288
1392,-3.99641489982605
1393,-2.9901387691497803
1394,-3.077747344970703
1395,-2.6305665969848633
1396,-4.652571201324463
1397,-3.811217784881592
1398,-3.569908857345581
1399,-3.1292691230773926
1400,-3.9296560287475586
1401,-3.289294481277466
1402,-2.757908582687378
1403,-2.6797432899475098
1404,-4.441190242767334
1405,-4.006505489349365
1406,-3.658224105834961
1407,-3.436979055404663
1408,-3.9040415287017822
1409,-3.034349203109741
1410,-2.8546812534332275
1411,-2.492480993270874
1412,-4.6871185302734375
1413,-4.091386795043945
1414,-3.6331787109375
1415,-3.198836326599121
1416,-3.6192855834960938
1417,-2.840346097946167
1418,-2.578946352005005
1419,-2.239763021469116
1420,-4.6871185302734375
1421,-4.091386795043945
1422,-3.6331787109375
1423,-3.198836326599121
1424,-3.6344945430755615
1425,-3.439155340194702
1426,-2.997812032699585
1427,-2.5180768966674805
1428,-3.9352433681488037
1429,-3.409921884536743
1430,-3.297788381576538
1431,-2.824294090270996
1432,-4.107156276702881
1433,-3.113438606262207
1434,-2.9326820373535156
1435,-2.6467864513397217
1436,-3.908959150314331
1437,-3.002866744995117
1438,-3.153961181640625
1439,-2.7645106315612793
1440,-3.8080954551696777
1441,-2.651210069656372
1442,-3.2476892471313477
1443,-2.7735791206359863
1444,-4.347141265869141
1445,-3.3301093578338623
1446,-3.5135107040405273
1447,-3.157010793685913
1448,-4.351080417633057
1449,-3.2269287109375
1450,-3.145894765853882
1451,-2.679749011993408
1452,-5.208734035491943
1453,-4.0979132652282715
1454,-3.9765143394470215
1455,-3.543687343597412
1456,-3.273841142654419
1457,-2.8653438091278076
1458,-2.6214599609375
1459,-2.4972965717315674
1460,-3.8910882472991943
1461,-4.174022197723389
1462,-3.093674898147583
1463,-3.132887840270996
1464,-3.9291152954101562
1465,-3.4810566902160645
1466,-2.686777114868164
1467,-2.3530123233795166
1468,-4.413670063018799
1469,-3.500746488571167
1470,-3.4794156551361084
1471,-3.1500985622406006
1472,-4.433526992797852
1473,-3.5421066284179688
1474,-3.1835670471191406
1475,-2.9548001289367676
1476,-4.79253625869751
1477,-4.413363933563232
1478,-3.1795661449432373
1479,-2.8951830863952637
1480,-3.7419273853302
1481,-2.8649892807006836
1482,-3.1098411083221436
1483,-2.71854305267334
1484,-4.263313293457031
1485,-3.4904887676239014
1486,-3.3519885540008545
1487,-2.8676857948303223
1488,-4.677607536315918
1489,-3.6421070098876953
1490,-3.5885419845581055
1491,-3.23185133934021
1492,-5.572988986968994
1493,-5.019284725189209
1494,-4.09263801574707
1495,-3.6233761310577393
1496,-4.128811359405518
1497,-3.2086238861083984
1498,-3.2161171436309814
1499,-2.7509820461273193
1500,-5.1420745849609375
1501,-3.9728691577911377
1502,-3.9710307121276855
1503,-3.448463201522827
1504,-3.856843948364258
1505,-4.645262718200684
1506,-3.6546101570129395
1507,-3.479299306869507
1508,-3.970576286315918
1509,-3.5708398818969727
1510,-3.396033525466919
1511,-3.2700729370117188
1512,-3.481572389602661
1513,-3.4029767513275146
1514,-2.5962281227111816
1515,-2.558793067932129
1516,-3.7536792755126953
1517,-3.4285926818847656
1518,-3.2050130367279053
1519,-3.1131253242492676
1520,-3.5994343757629395
1521,-2.6341986656188965
1522,-2.7568016052246094
1523,-2.348543643951416
1524,-4.46527624130249
1525,-3.4788405895233154
1526,-3.4148058891296387
1527,-3.007890224456787
1528,-3.4664294719696045
1529,-2.5621001720428467
1530,-2.6606364250183105
1531,-2.2770161628723145
1532,-3.646265745162964
1533,-3.932896375656128
1534,-3.268786668777466
1535,-2.9536490440368652
1536,-3.894352436065674
1537,-3.0163707733154297
1538,-3.290496826171875
1539,-2.9387612342834473
1540,-5.05063533782959
1541,-4.182798862457275
1542,-3.8343491554260254
1543,-3.4209659099578857
1544,-4.429343223571777
1545,-4.413427829742432
1546,-2.8140933513641357
1547,-2.7206027507781982
1548,-4.371699333190918
1549,-4.426536560058594
1550,-3.077707529067993
1551,-2.833142042160034
1552,-4.396088600158691
1553,-3.3365631103515625
1554,-3.013181686401367
1555,-2.714998483657837
1556,-4.748114585876465
1557,-3.8462507724761963
1558,-3.5846168994903564
1559,-3.390146493911743
1560,-3.7167558670043945
1561,-3.3244025707244873
1562,-2.7977542877197266
1563,-2.777338981628418
1564,-4.384920597076416
1565,-3.629899263381958
1566,-3.3507888317108154
1567,-3.28643536567688
1568,-3.5321547985076904
1569,-3.172919511795044
1570,-2.8285722732543945
1571,-2.8861167430877686
1572,-3.919828414916992
1573,-3.5031776428222656
1574,-3.134009599685669
1575,-3.1400575637817383
1576,-4.385416030883789
1577,-3.105945587158203
1578,-3.139836311340332
1579,-2.5557172298431396
1580,-4.508265972137451
1581,-3.7846810817718506
1582,-3.6337225437164307
1583,-3.3581531047821045
1584,-4.117085933685303
1585,-3.6549739837646484
1586,-2.8950254917144775
1587,-2.5630815029144287
1588,-4.218839168548584
1589,-3.518836498260498
1590,-3.5970911979675293
1591,-3.270406723022461
1592,-3.905721664428711
1593,-2.8669097423553467
1594,-3.2710306644439697
1595,-2.9419379234313965
1596,-4.352940559387207
1597,-3.5886645317077637
1598,-3.5035507678985596
1599,-3.1258413791656494
1600,-3.796234607696533
1601,-3.5923995971679688
1602,-2.8861701488494873
1603,-2.4283108711242676
1604,-4.886094570159912
1605,-4.563534736633301
1606,-3.749406337738037
1607,-3.3340985774993896
1608,-4.391042232513428
1609,-3.366061210632324
1610,-3.016389846801758
1611,-2.759104013442993
1612,-4.83054256439209
1613,-3.6152992248535156
1614,-3.8156185150146484
1615,-3.2575063705444336
1616,-3.854968309402466
1617,-2.7910423278808594
1618,-3.2685694694519043
1619,-2.843684673309326
1620,-5.034891128540039
1621,-4.473398685455322
1622,-3.817371129989624
1623,-3.290764570236206
1624,-4.0532331466674805
1625,-3.191516399383545
1626,-2.965984582901001
1627,-2.6151812076568604
1628,-4.638211250305176
1629,-3.7928903102874756
1630,-3.636110782623291
1631,-3.235337734222412
1632,-4.03474760055542
1633,-3.6723170280456543
1634,-3.178825855255127
1635,-3.457101821899414
1636,-5.4727373123168945
1637,-4.992211818695068
1638,-4.136685371398926
1639,-4.465367794036865
1640,-3.9386630058288574
1641,-4.288349628448486
1642,-2.953819990158081
1643,-3.1394784450531006
1644,-4.473891735076904
1645,-4.208869934082031
1646,-3.790566921234131
1647,-4.017160892486572
1648,-3.669147491455078
1649,-2.658708333969116
1650,-3.0593810081481934
1651,-2.5998690128326416
1652,-4.211252689361572
1653,-3.176722288131714
1654,-3.546298027038574
1655,-3.0489842891693115
1656,-4.062917232513428
1657,-2.91367769241333
1658,-3.35172176361084
1659,-2.7150368690490723
1660,-4.589442253112793
1661,-3.472177267074585
1662,-3.7066402435302734
1663,-3.1448869705200195
1664,-4.096873760223389
1665,-4.009533405303955
1666,-3.152132272720337
1667,-3.0764880180358887
1668,-4.739946365356445
1669,-3.873138427734375
1670,-3.68198823928833
1671,-3.470222234725952
1672,-4.514944076538086
1673,-3.506453037261963
1674,-3.1662979125976562
1675,-2.923888921737671
1676,-4.95382022857666
1677,-3.8377625942230225
1678,-3.7246742248535156
1679,-3.249030351638794
1680,-3.903569459915161
1681,-2.9286587238311768
1682,-3.319161891937256
1683,-2.9952728748321533
1684,-4.880924224853516
1685,-4.474618434906006
1686,-3.9906082153320312
1687,-3.4832160472869873
1688,-4.514944076538086
1689,-3.506453037261963
1690,-3.1662979125976562
1691,-2.923888921737671
1692,-4.488978385925293
1693,-3.8026013374328613
1694,-3.4526188373565674
1695,-3.0901827812194824
1696,-3.9185726642608643
1697,-2.8996822834014893
1698,-2.971416473388672
1699,-2.600604295730591
1700,-4.312602996826172
1701,-4.085823059082031
1702,-3.311281442642212
1703,-2.9950950145721436
1704,-3.4118852615356445
1705,-3.335768461227417
1706,-2.601346015930176
1707,-2.8352115154266357
1708,-3.9508209228515625
1709,-3.6973695755004883
1710,-3.2452597618103027
1711,-3.499829053878784
1712,-3.9719786643981934
1713,-3.529698371887207
1714,-2.8918721675872803
1715,-2.702049970626831
1716,-4.457368850708008
1717,-4.402717113494873
1718,-3.565483570098877
1719,-3.415494441986084
1720,-4.014307498931885
1721,-3.2774782180786133
1722,-2.9016528129577637
1723,-2.7927658557891846
1724,-4.102447032928467
1725,-3.488360643386841
1726,-3.3519389629364014
1727,-3.143789291381836
1728,-4.811450004577637
1729,-3.472078800201416
1730,-3.4356930255889893
1731,-2.793581962585449
1732,-5.233433246612549
1733,-4.712356090545654
1734,-3.7705190181732178
1735,-3.2340590953826904
1736,-4.144176959991455
1737,-3.6183815002441406
1738,-3.100809335708618
1739,-2.820267677307129
1740,-4.327279090881348
1741,-3.3052163124084473
1742,-3.314354181289673
1743,-2.965866804122925
1744,-4.304033279418945
1745,-3.218621015548706
1746,-3.3882954120635986
1747,-2.7686173915863037
1748,-4.3414177894592285
1749,-3.4781246185302734
1750,-3.606757402420044
1751,-3.1960253715515137
1752,-3.6259167194366455
1753,-3.252739429473877
1754,-2.709110975265503
1755,-2.622119188308716
1756,-4.21710729598999
1757,-4.1145524978637695
1758,-3.556889533996582
1759,-3.2806203365325928
1760,-3.3141109943389893
1761,-2.6259806156158447
1762,-2.754595994949341
1763,-2.4919590950012207
1764,-3.8044395446777344
1765,-3.821221113204956
1766,-2.8722119331359863
1767,-2.774280071258545
1768,-4.063977241516113
1769,-2.925426959991455
1770,-3.04217267036438
1771,-2.4578006267547607
1772,-4.146116733551025
1773,-3.1279964447021484
1774,-3.5248653888702393
1775,-3.0478928089141846
1776,-3.595921754837036
1777,-3.5078113079071045
1778,-2.7134792804718018
1779,-2.8344123363494873
1780,-3.8647966384887695
1781,-3.466695547103882
1782,-2.9990456104278564
1783,-3.032036304473877
1784,-3.7257609367370605
1785,-3.1211910247802734
1786,-2.466262102127075
1787,-2.594510793685913
1788,-3.9442033767700195
1789,-3.6282799243927
1790,-3.1988043785095215
1791,-3.1387710571289062
1792,-4.70172119140625
1793,-3.538547992706299
1794,-3.3829057216644287
1795,-2.909846544265747
1796,-4.208038330078125
1797,-3.377078056335449
1798,-3.3940043449401855
1799,-3.0390005111694336
1800,-3.330526351928711
1801,-3.2401740550994873
1802,-2.769378662109375
1803,-2.9638264179229736
1804,-3.649792194366455
1805,-3.393136739730835
1806,-3.282062530517578
1807,-3.547614336013794
1808,-2.7100837230682373
1809,-2.806734800338745
1810,-2.2554495334625244
1811,-2.5076911449432373
1812,-3.8307034969329834
1813,-3.7241923809051514
1814,-2.9963741302490234
1815,-3.3047897815704346
1816,-4.277887344360352
1817,-3.1108458042144775
1818,-3.163803815841675
1819,-2.6242308616638184
1820,-4.807648181915283
1821,-3.662954092025757
1822,-3.635460376739502
1823,-3.2737233638763428
1824,-3.973985433578491
1825,-4.013737678527832
1826,-2.801365852355957
1827,-3.2484049797058105
1828,-3.9863204956054688
1829,-3.5487027168273926
1830,-2.992826223373413
1831,-3.1070547103881836
1832,-3.461087465286255
1833,-3.5030505657196045
1834,-2.570162296295166
1835,-2.806278705596924
1836,-4.856263160705566
1837,-4.530370712280273
1838,-3.671776533126831
1839,-3.8072080612182617
1840,-3.577332019805908
1841,-2.7707040309906006
1842,-2.8530123233795166
1843,-2.395360231399536
1844,-3.9912352561950684
1845,-3.3887550830841064
1846,-3.720364809036255
1847,-3.3483848571777344
1848,-3.9087650775909424
1849,-3.0319385528564453
1850,-3.0317084789276123
1851,-2.671766996383667
1852,-5.088559150695801
1853,-3.9937093257904053
1854,-4.094173431396484
1855,-3.479879379272461
1856,-3.720067262649536
1857,-3.803809642791748
1858,-2.7572860717773438
1859,-2.931095838546753
1860,-4.1354289054870605
1861,-4.094724178314209
1862,-3.5091800689697266
1863,-3.539853572845459
1864,-4.289292335510254
1865,-2.8194501399993896
1866,-3.0220768451690674
1867,-2.5139245986938477
1868,-5.200826168060303
1869,-4.278405666351318
1870,-3.8829610347747803
1871,-3.3775203227996826
1872,-4.637720584869385
1873,-3.3032965660095215
1874,-3.4428958892822266
1875,-2.869952917098999
1876,-5.051669597625732
1877,-3.7046191692352295
1878,-3.786159038543701
1879,-3.265090227127075
1880,-4.042298793792725
1881,-3.047987699508667
1882,-3.210294008255005
1883,-2.671970844268799
1884,-4.122580051422119
1885,-3.3592166900634766
1886,-3.7962489128112793
1887,-3.3275458812713623
1888,-3.635064125061035
1889,-3.005692958831787
1890,-2.8028390407562256
1891,-2.5048882961273193
1892,-4.384185314178467
1893,-3.937699794769287
1894,-3.4529507160186768
1895,-3.152658224105835
1896,-3.5332260131835938
1897,-3.419398069381714
1898,-2.6449592113494873
1899,-2.4020440578460693
1900,-3.943458318710327
1901,-3.7946395874023438
1902,-3.202531576156616
1903,-2.87735652923584
1904,-4.716461181640625
1905,-3.4281842708587646
1906,-3.3026788234710693
1907,-2.884413957595825
1908,-4.69770622253418
1909,-3.863953113555908
1910,-3.729970932006836
1911,-3.3369369506835938
1912,-3.790131092071533
1913,-3.3610644340515137
1914,-2.917989730834961
1915,-2.5291450023651123
1916,-4.125208854675293
1917,-3.2815845012664795
1918,-3.3793301582336426
1919,-2.9620180130004883
1920,-3.6788864135742188
1921,-2.6161491870880127
1922,-3.1769137382507324
1923,-2.7813987731933594
1924,-4.1849045753479
1925,-3.761137008666992
1926,-3.4775197505950928
1927,-3.05355167388916
1928,-3.796372652053833
1929,-2.9810516834259033
1930,-3.124739646911621
1931,-2.787020683288574
1932,-4.125208854675293
1933,-3.2815845012664795
1934,-3.3793301582336426
1935,-2.9620180130004883
1936,-3.8386378288269043
1937,-3.4288346767425537
1938,-3.0978870391845703
1939,-2.945392608642578
1940,-4.320975303649902
1941,-4.467875003814697
1942,-3.4583988189697266
1943,-3.3658385276794434
1944,-3.839426279067993
1945,-3.8385303020477295
1946,-2.7837913036346436
1947,-2.9481077194213867
1948,-4.207224369049072
1949,-3.9361698627471924
1950,-3.248903274536133
1951,-3.2914350032806396
1952,-4.4348063468933105
1953,-4.099377632141113
1954,-3.15458345413208
1955,-3.061692714691162
1956,-4.0874924659729
1957,-3.722254753112793
1958,-3.5358171463012695
1959,-3.42604398727417
1960,-4.083585262298584
1961,-3.6726036071777344
1962,-3.2118823528289795
1963,-3.015901565551758
1964,-4.5792083740234375
1965,-4.5900750160217285
1966,-3.4698970317840576
1967,-3.227080821990967
1968,-4.037439346313477
1969,-3.2392659187316895
1970,-3.047775983810425
1971,-2.5161054134368896
1972,-4.166158199310303
1973,-3.2237136363983154
1974,-3.3294036388397217
1975,-2.8144357204437256
1976,-4.151437282562256
1977,-3.0767478942871094
1978,-2.978330373764038
1979,-2.442565679550171
1980,-5.818945407867432
1981,-5.311997890472412
1982,-3.9082958698272705
1983,-3.337247133255005
1984,-3.717987298965454
1985,-3.0619795322418213
1986,-2.78633713722229
1987,-2.5289578437805176
1988,-5.341398239135742
1989,-5.126250743865967
1990,-3.881855010986328
1991,-3.445474624633789
1992,-5.189370632171631
1993,-3.6214799880981445
1994,-3.8096001148223877
1995,-2.9797563552856445
1996,-5.139451503753662
1997,-3.550116539001465
1998,-3.939399480819702
1999,-3.183885335922241
2000,-4.653120994567871
2001,-3.122732400894165
2002,-3.4985363483428955
2003,-2.8106377124786377
2004,-5.490730285644531
2005,-4.360322952270508
2006,-4.359124183654785
2007,-3.7099273204803467
2008,-3.313751697540283
2009,-2.7542331218719482
2010,-2.612781047821045
2011,-2.395756483078003
2012,-4.338993072509766
2013,-3.679009199142456
2014,-3.492856502532959
2015,-3.2098636627197266
2016,-3.747732162475586
2017,-3.109187364578247
2018,-3.044107675552368
2019,-2.747187376022339
2020,-4.141887187957764
2021,-3.210740566253662
2022,-3.702401876449585
2023,-3.2921297550201416
2024,-4.237316131591797
2025,-3.5512118339538574
2026,-3.441987991333008
2027,-3.199699640274048
2028,-4.64124059677124
2029,-3.9416580200195312
2030,-3.7246038913726807
2031,-3.3972327709198
2032,-4.35512113571167
2033,-3.6060612201690674
2034,-2.929360866546631
2035,-2.7938232421875
2036,-4.674888610839844
2037,-3.8639094829559326
2038,-3.64597749710083
2039,-3.3911519050598145
2040,-4.092897891998291
2041,-3.359187364578247
2042,-2.8627874851226807
2043,-2.8333117961883545
2044,-4.717094421386719
2045,-3.9367401599884033
2046,-3.6082677841186523
2047,-3.3897101879119873
2048,-4.674888610839844
2049,-3.8639094829559326
2050,-3.64597749710083
2051,-3.3911519050598145
2052,-4.609540939331055
2053,-3.9488685131073
2054,-3.5893733501434326
2055,-3.3424315452575684
2056,-3.713998556137085
2057,-3.835618019104004
2058,-2.9285104274749756
2059,-3.1892316341400146
2060,-3.8050308227539062
2061,-3.5955684185028076
2062,-3.138383150100708
2063,-3.289564609527588
2064,-3.136622667312622
2065,-3.118528127670288
2066,-2.541687488555908
2067,-2.7300474643707275
2068,-4.00573205947876
2069,-4.016229629516602
2070,-3.2392098903656006
2071,-3.4661672115325928
2072,-3.5092363357543945
2073,-3.2915425300598145
2074,-2.736017942428589
2075,-2.847822904586792
2076,-4.0843892097473145
2077,-3.996371269226074
2078,-3.437501907348633
2079,-3.594698429107666
2080,-4.961343765258789
2081,-3.8115055561065674
2082,-3.5075531005859375
2083,-3.157862663269043
2084,-5.157881259918213
2085,-4.3182878494262695
2086,-3.8398568630218506
2087,-3.5192947387695312
2088,-4.699226379394531
2089,-3.9861950874328613
2090,-3.023918390274048
2091,-2.869502305984497
2092,-5.059101104736328
2093,-4.08197546005249
2094,-3.9361095428466797
2095,-3.459667921066284
2096,-4.971881866455078
2097,-3.757523775100708
2098,-3.79892635345459
2099,-3.3945088386535645
2100,-4.70181941986084
2101,-4.375913143157959
2102,-3.4799344539642334
2103,-3.1391611099243164
2104,-3.4300174713134766
2105,-2.604747772216797
2106,-2.732511281967163
2107,-2.221055030822754
2108,-4.42818021774292
2109,-4.193353652954102
2110,-3.5004160404205322
2111,-3.109437942504883
2112,-4.952337265014648
2113,-3.5745689868927
2114,-3.4325215816497803
2115,-2.899249792098999
2116,-4.840423107147217
2117,-3.632359743118286
2118,-3.6207447052001953
2119,-3.3518478870391846
2120,-3.9427578449249268
2121,-3.823925018310547
2122,-2.8798458576202393
2123,-2.844872236251831
2124,-4.615100860595703
2125,-3.6299872398376465
2126,-3.4635510444641113
2127,-3.359419584274292
2128,-3.9983572959899902
2129,-3.573423385620117
2130,-2.7796993255615234
2131,-2.8007774353027344
2132,-5.2564849853515625
2133,-4.324545860290527
2134,-4.06933069229126
2135,-4.0090179443359375
2136,-4.363519668579102
2137,-3.981235980987549
2138,-3.4011142253875732
2139,-3.1849677562713623
2140,-4.3899664878845215
2141,-3.6766037940979004
2142,-3.3020358085632324
2143,-3.205698013305664
2144,-4.669431209564209
2145,-3.761066436767578
2146,-3.3663816452026367
2147,-3.222302198410034
2148,-4.991147994995117
2149,-4.301066875457764
2150,-4.03185510635376
2151,-3.7784292697906494
2152,-4.243631839752197
2153,-3.6357481479644775
2154,-3.1662063598632812
2155,-2.8139266967773438
2156,-4.599235534667969
2157,-3.9169278144836426
2158,-3.571143388748169
2159,-3.308985471725464
2160,-3.7368876934051514
2161,-3.5096113681793213
2162,-2.912489652633667
2163,-2.6279385089874268
2164,-4.14809513092041
2165,-3.4867069721221924
2166,-3.353606700897217
2167,-3.0282974243164062
2168,-4.053385257720947
2169,-4.177687168121338
2170,-3.112558126449585
2171,-2.912382125854492
2172,-3.572035789489746
2173,-3.149700164794922
2174,-3.3280560970306396
2175,-3.074268341064453
2176,-3.8944125175476074
2177,-4.456370830535889
2178,-3.4374520778656006
2179,-3.1645443439483643
2180,-4.311887741088867
2181,-3.8248536586761475
2182,-3.474205493927002
2183,-3.304262399673462
2184,-4.197382926940918
2185,-3.801625967025757
2186,-3.0608344078063965
2187,-3.042133092880249
2188,-4.654111862182617
2189,-3.8585102558135986
2190,-3.557008981704712
2191,-3.3116462230682373
2192,-3.2898051738739014
2193,-2.809267520904541
2194,-2.7361040115356445
2195,-2.446153402328491
2196,-3.9396378993988037
2197,-3.78497052192688
2198,-3.2109975814819336
2199,-2.8773953914642334
2200,-3.2306625843048096
2201,-2.599379777908325
2202,-2.4412951469421387
2203,-2.3603315353393555
2204,-4.808438301086426
2205,-3.985675811767578
2206,-3.725339412689209
2207,-3.586400032043457
2208,-3.847597122192383
2209,-3.3847029209136963
2210,-2.9299724102020264
2211,-2.7616565227508545
2212,-3.9049534797668457
2213,-3.352116346359253
2214,-3.430668830871582
2215,-3.264812707901001
2216,-3.6301088333129883
2217,-2.937501907348633
2218,-2.991267442703247
2219,-2.609862804412842
2220,-4.718745231628418
2221,-3.6010701656341553
2222,-3.889117956161499
2223,-3.435781717300415
2224,-4.156517505645752
2225,-3.755265474319458
2226,-2.9776036739349365
2227,-2.913698196411133
2228,-4.260866165161133
2229,-4.46654748916626
2230,-3.2589528560638428
2231,-3.351250410079956
2232,-4.299620628356934
2233,-3.2032577991485596
2234,-3.0536224842071533
2235,-2.6341307163238525
2236,-4.923393726348877
2237,-4.537220001220703
2238,-3.7721028327941895
2239,-3.4672372341156006
2240,-4.163339614868164
2241,-3.083383560180664
2242,-3.088468551635742
2243,-2.595453977584839
2244,-4.43098258972168
2245,-3.5260205268859863
2246,-3.561367988586426
2247,-3.0875062942504883
2248,-4.675062656402588
2249,-3.503545045852661
2250,-3.6298584938049316
2251,-3.1034581661224365
2252,-4.487796306610107
2253,-3.3586018085479736
2254,-3.527439832687378
2255,-2.9437155723571777
2256,-3.7834033966064453
2257,-2.9678478240966797
2258,-3.056265354156494
2259,-2.615255355834961
2260,-4.667972087860107
2261,-3.9202821254730225
2262,-3.8182120323181152
2263,-3.222609043121338
2264,-3.4053502082824707
2265,-2.6305882930755615
2266,-3.0560483932495117
2267,-2.686643123626709
2268,-4.194042205810547
2269,-3.9549624919891357
2270,-3.3875393867492676
2271,-3.0762248039245605
2272,-4.022645473480225
2273,-3.153578042984009
2274,-2.996591806411743
2275,-2.7605457305908203
2276,-3.9475395679473877
2277,-3.166048049926758
2278,-3.192063331604004
2279,-2.718287706375122
2280,-3.482006072998047
2281,-2.3478646278381348
2282,-2.929030179977417
2283,-2.552605390548706
2284,-4.542877197265625
2285,-3.6965012550354004
2286,-3.294611930847168
2287,-3.0522115230560303
2288,-4.2584638595581055
2289,-3.624439001083374
2290,-3.204554319381714
2291,-3.0908310413360596
2292,-5.336599349975586
2293,-4.0305328369140625
2294,-3.9650685787200928
2295,-3.650646209716797
2296,-4.706690311431885
2297,-3.4226036071777344
2298,-3.2267229557037354
2299,-2.884568452835083
2300,-5.120526313781738
2301,-3.8229870796203613
2302,-3.5217196941375732
2303,-3.1138970851898193
2304,-4.042903900146484
2305,-3.574892520904541
2306,-2.918445348739624
2307,-2.860328435897827
2308,-4.527955055236816
2309,-3.889979124069214
2310,-3.518561601638794
2311,-3.4259071350097656
2312,-4.2425217628479
2313,-4.001422882080078
2314,-2.9714505672454834
2315,-3.012394428253174
2316,-5.036271095275879
2317,-4.181998252868652
2318,-3.760526657104492
2319,-3.640443801879883
2320,-3.8618531227111816
2321,-3.191765546798706
2322,-2.912891387939453
2323,-2.5973498821258545
2324,-4.344842910766602
2325,-3.6383817195892334
2326,-3.6877517700195312
2327,-3.281587600708008
2328,-4.139703750610352
2329,-3.736341714859009
2330,-2.9072630405426025
2331,-2.5980029106140137
2332,-4.9940924644470215
2333,-3.953247547149658
2334,-3.835641860961914
2335,-3.457718849182129
2336,-3.7842788696289062
2337,-3.498492956161499
2338,-2.808650493621826
2339,-2.9494588375091553
2340,-4.236622333526611
2341,-4.55022668838501
2342,-3.2199912071228027
2343,-3.36129093170166
2344,-3.7494447231292725
2345,-3.782058000564575
2346,-2.6349658966064453
2347,-2.641284465789795
2348,-4.487938404083252
2349,-4.159519195556641
2350,-3.476750612258911
2351,-3.6580283641815186
2352,-3.8726696968078613
2353,-3.8533718585968018
2354,-3.094738483428955
2355,-2.9908628463745117
2356,-4.13653564453125
2357,-3.4666852951049805
2358,-3.7747769355773926
2359,-3.285470962524414
2360,-3.940988779067993
2361,-2.9705827236175537
2362,-3.0249686241149902
2363,-2.4264562129974365
2364,-4.034470558166504
2365,-3.5657010078430176
2366,-3.28749418258667
2367,-2.968736410140991
2368,-4.494476318359375
2369,-3.323007822036743
2370,-3.1903772354125977
2371,-2.7528159618377686
2372,-5.031800746917725
2373,-3.867626190185547
2374,-3.724557876586914
2375,-3.1968910694122314
2376,-4.43091344833374
2377,-3.2183845043182373
2378,-3.2709567546844482
2379,-2.689382553100586
2380,-4.251208305358887
2381,-3.5460591316223145
2382,-3.396639347076416
2383,-2.886676549911499
2384,-4.063849449157715
2385,-3.5472633838653564
2386,-3.10339093208313
2387,-2.833307981491089
2388,-4.653839111328125
2389,-4.121450424194336
2390,-3.8209524154663086
2391,-3.499993324279785
2392,-3.4750237464904785
2393,-3.087733030319214
2394,-2.720900535583496
2395,-2.5096099376678467
2396,-4.388044357299805
2397,-3.79498553276062
2398,-3.5769131183624268
2399,-3.2820699214935303
2400,-3.6671440601348877
2401,-3.356734037399292
2402,-2.984482765197754
2403,-3.0129988193511963
2404,-4.155480861663818
2405,-3.851935386657715
2406,-3.449509859085083
2407,-3.497354507446289
2408,-3.248211622238159
2409,-2.7417478561401367
2410,-2.601754903793335
2411,-2.6441104412078857
2412,-3.9212472438812256
2413,-3.193549156188965
2414,-3.065290927886963
2415,-3.1028478145599365
2416,-3.7260243892669678
2417,-3.2757763862609863
2418,-3.111079692840576
2419,-2.9612417221069336
2420,-4.19585657119751
2421,-4.906622409820557
2422,-3.7814857959747314
2423,-3.5663957595825195
2424,-3.5811710357666016
2425,-3.0263893604278564
2426,-2.973046064376831
2427,-2.9586448669433594
2428,-4.540740013122559
2429,-4.319188117980957
2430,-3.6585514545440674
2431,-3.553684711456299
2432,-3.8471455574035645
2433,-3.7710330486297607
2434,-2.757615566253662
2435,-2.7218759059906006
2436,-3.3675103187561035
2437,-2.965365409851074
2438,-2.8803093433380127
2439,-2.8194758892059326
2440,-3.8457279205322266
2441,-2.905564546585083
2442,-2.778475522994995
2443,-2.4065232276916504
2444,-4.3354692459106445
2445,-3.486905097961426
2446,-3.384563446044922
2447,-3.049776077270508
2448,-4.126806259155273
2449,-3.208381414413452
2450,-3.2832655906677246
2451,-2.9204061031341553
2452,-4.70968770980835
2453,-3.876150608062744
2454,-3.9249837398529053
2455,-3.460002899169922
2456,-4.24300479888916
2457,-3.3395450115203857
2458,-3.392446279525757
2459,-3.0024163722991943
2460,-4.487862586975098
2461,-3.7093617916107178
2462,-3.6904525756835938
2463,-3.3832857608795166
2464,-3.777719259262085
2465,-3.886720657348633
2466,-3.0089175701141357
2467,-3.163966178894043
2468,-3.7205276489257812
2469,-3.408031463623047
2470,-2.9405295848846436
2471,-3.0510871410369873
2472,-3.6439547538757324
2473,-4.369205474853516
2474,-2.4113268852233887
2475,-2.7422657012939453
2476,-4.3675994873046875
2477,-4.97637414932251
2478,-3.6240763664245605
2479,-4.006452560424805
2480,-3.8699772357940674
2481,-3.924891710281372
2482,-2.9348998069763184
2483,-3.2293694019317627
2484,-3.730616331100464
2485,-3.841703414916992
2486,-3.2530925273895264
2487,-3.429612398147583
2488,-3.8091418743133545
2489,-3.6089565753936768
2490,-3.454648971557617
2491,-3.401362657546997
2492,-4.8872809410095215
2493,-4.811408042907715
2494,-3.6387813091278076
2495,-3.5053138732910156
2496,-3.6801934242248535
2497,-2.8238730430603027
2498,-3.134861946105957
2499,-2.865201234817505
2500,-4.466184616088867
2501,-3.7449984550476074
2502,-3.8565499782562256
2503,-3.494499921798706
2504,-3.437067747116089
2505,-3.8770501613616943
2506,-2.690376043319702
2507,-3.048508405685425
2508,-4.663315773010254
2509,-5.555693626403809
2510,-3.5526390075683594
2511,-3.898524284362793
2512,-3.2854533195495605
2513,-3.704843759536743
2514,-2.9529716968536377
2515,-3.1575872898101807
2516,-4.177891254425049
2517,-5.494816780090332
2518,-3.629256010055542
2519,-3.8269991874694824
2520,-4.367610931396484
2521,-3.346879243850708
2522,-2.9074087142944336
2523,-2.651900291442871
2524,-5.304328441619873
2525,-5.292164325714111
2526,-3.9006435871124268
2527,-3.5358729362487793
2528,-4.4071455001831055
2529,-3.521909236907959
2530,-3.1047253608703613
2531,-2.924516201019287
2532,-4.372063636779785
2533,-4.284773826599121
2534,-3.422883987426758
2535,-3.268939971923828
2536,-3.7828617095947266
2537,-2.8722193241119385
2538,-2.7876126766204834
2539,-2.6160247325897217
2540,-4.253176689147949
2541,-3.4139599800109863
2542,-3.3443408012390137
2543,-3.1949610710144043
2544,-4.523085594177246
2545,-3.179333448410034
2546,-3.227236270904541
2547,-2.6298437118530273
2548,-4.866508483886719
2549,-3.7844293117523193
2550,-3.853023052215576
2551,-3.319540023803711
2552,-3.795092821121216
2553,-3.403594970703125
2554,-3.0964012145996094
2555,-2.8823297023773193
2556,-4.672214508056641
2557,-3.6590826511383057
2558,-3.548119068145752
2559,-3.216982364654541
2560,-4.128442764282227
2561,-3.7182388305664062
2562,-2.91283917427063
2563,-3.1077919006347656
2564,-4.283030033111572
2565,-3.7985751628875732
2566,-3.449523448944092
2567,-3.4419732093811035
2568,-3.623202085494995
2569,-3.2677979469299316
2570,-2.8278403282165527
2571,-2.5321526527404785
2572,-4.188190460205078
2573,-3.412271738052368
2574,-3.478031635284424
2575,-3.2904298305511475
2576,-3.426861047744751
2577,-2.455475091934204
2578,-2.435810089111328
2579,-2.2216732501983643
2580,-4.305695533752441
2581,-3.83477783203125
2582,-3.5641257762908936
2583,-3.294851303100586
2584,-3.8858284950256348
2585,-2.930864095687866
2586,-2.8593897819519043
2587,-2.5416431427001953
2588,-4.9781036376953125
2589,-3.8095498085021973
2590,-3.6595993041992188
2591,-3.386843204498291
2592,-3.9731907844543457
2593,-3.3434534072875977
2594,-2.9906697273254395
2595,-2.79603910446167
2596,-5.153249740600586
2597,-5.205358028411865
2598,-3.597262382507324
2599,-3.4118995666503906
2600,-2.684962749481201
2601,-2.5316362380981445
2602,-2.279228687286377
2603,-2.2835164070129395
2604,-3.9318947792053223
2605,-4.5357818603515625
2606,-3.329826593399048
2607,-3.356767416000366
2608,-3.0639028549194336
2609,-2.7452991008758545
2610,-2.5814247131347656
2611,-2.532404899597168
2612,-3.7330965995788574
2613,-3.123411178588867
2614,-3.297055959701538
2615,-3.188065767288208
2616,-3.8995227813720703
2617,-3.7687318325042725
2618,-2.813143730163574
2619,-2.5123467445373535
2620,-4.735437870025635
2621,-3.627497911453247
2622,-3.5774383544921875
2623,-3.119192600250244
2624,-3.872386932373047
2625,-3.104269027709961
2626,-2.840466260910034
2627,-2.4316673278808594
2628,-3.330300807952881
2629,-2.606332302093506
2630,-2.6295993328094482
2631,-2.3692989349365234
2632,-3.7017929553985596
2633,-2.9962430000305176
2634,-3.043379068374634
2635,-2.600914478302002
2636,-4.056582450866699
2637,-3.2420103549957275
2638,-3.096053123474121
2639,-2.7313344478607178
2640,-3.5220844745635986
2641,-3.0864529609680176
2642,-3.0515589714050293
2643,-2.766758680343628
2644,-4.407797336578369
2645,-3.984550952911377
2646,-3.3972623348236084
2647,-2.981458902359009
2648,-3.5038609504699707
2649,-3.957706928253174
2650,-2.7129435539245605
2651,-3.0723721981048584
2652,-4.050423622131348
2653,-5.339780807495117
2654,-3.237840414047241
2655,-3.768238067626953
2656,-2.8164288997650146
2657,-3.034191131591797
2658,-2.3052444458007812
2659,-2.608004093170166
2660,-3.4472389221191406
2661,-3.758843421936035
2662,-2.7001962661743164
2663,-3.1047608852386475
2664,-4.413825035095215
2665,-3.3111252784729004
2666,-3.191819190979004
2667,-2.674887180328369
2668,-4.796513080596924
2669,-3.8198914527893066
2670,-3.8488521575927734
2671,-3.3657844066619873
2672,-3.9958572387695312
2673,-3.4247775077819824
2674,-3.0458922386169434
2675,-2.560908317565918
2676,-4.1767897605896
2677,-3.5375773906707764
2678,-3.6590816974639893
2679,-3.2203404903411865
2680,-3.737474203109741
2681,-3.1979663372039795
2682,-3.0505213737487793
2683,-2.742413282394409
2684,-4.6892828941345215
2685,-4.024416923522949
2686,-3.871577024459839
2687,-3.5303761959075928
2688,-4.628002166748047
2689,-4.060685157775879
2690,-3.3973424434661865
2691,-3.22113037109375
2692,-5.239416122436523
2693,-4.770245552062988
2694,-3.8960444927215576
2695,-3.781684160232544
2696,-3.7851531505584717
2697,-3.2220511436462402
2698,-2.9636433124542236
2699,-2.7955055236816406
2700,-3.95274019241333
2701,-3.5803756713867188
2702,-3.6417622566223145
2703,-3.497525215148926
2704,-3.6148996353149414
2705,-2.8147480487823486
2706,-2.8862571716308594
2707,-2.514479160308838
2708,-4.30368185043335
2709,-3.407379150390625
2710,-3.74465012550354
2711,-3.2869741916656494
2712,-3.452098846435547
2713,-3.0661346912384033
2714,-2.7617108821868896
2715,-2.616837978363037
2716,-4.284248352050781
2717,-3.830303192138672
2718,-3.6952686309814453
2719,-3.5180301666259766
2720,-3.9643795490264893
2721,-3.8992230892181396
2722,-2.9385757446289062
2723,-2.7850942611694336
2724,-4.14873743057251
2725,-3.4597842693328857
2726,-3.2774267196655273
2727,-3.06876802444458
2728,-4.32630729675293
2729,-3.822267770767212
2730,-3.169997215270996
2731,-3.227792739868164
2732,-4.441709995269775
2733,-4.159822463989258
2734,-3.707413673400879
2735,-3.8215463161468506
2736,-3.8342344760894775
2737,-3.1626944541931152
2738,-3.104306936264038
2739,-2.8035171031951904
2740,-4.643104076385498
2741,-3.8204054832458496
2742,-3.6757712364196777
2743,-3.494119644165039
2744,-4.057301998138428
2745,-3.8070244789123535
2746,-3.160745143890381
2747,-2.9471845626831055
2748,-4.38495397567749
2749,-4.015635013580322
2750,-3.392965316772461
2751,-3.0180671215057373
2752,-3.5707755088806152
2753,-3.5255494117736816
2754,-2.620412588119507
2755,-2.7617576122283936
2756,-4.088736057281494
2757,-3.956385850906372
2758,-3.252526044845581
2759,-3.472781181335449
2760,-3.4100072383880615
2761,-3.007321357727051
2762,-2.4664392471313477
2763,-2.4987785816192627
2764,-4.117563247680664
2765,-4.734592437744141
2766,-3.198148250579834
2767,-3.3368823528289795
2768,-4.503178596496582
2769,-3.7742395401000977
2770,-3.308556079864502
2771,-3.1998579502105713
2772,-5.020471096038818
2773,-3.77026629447937
2774,-3.560560703277588
2775,-3.2996249198913574
2776,-4.487118721008301
2777,-4.399660587310791
2778,-3.3808109760284424
2779,-3.1802897453308105
2780,-4.971638202667236
2781,-3.924971342086792
2782,-3.694437026977539
2783,-3.482959508895874
2784,-4.524302959442139
2785,-3.8277809619903564
2786,-3.4979472160339355
2787,-3.395209789276123
2788,-4.582937717437744
2789,-3.9416205883026123
2790,-3.492940902709961
2791,-3.3413119316101074
2792,-4.08950662612915
2793,-3.4573516845703125
2794,-2.9274961948394775
2795,-2.835969924926758
2796,-4.434892654418945
2797,-3.7141501903533936
2798,-3.3364577293395996
2799,-3.1654396057128906
2800,-3.7155821323394775
2801,-3.7442359924316406
2802,-2.939784049987793
2803,-2.7899320125579834
2804,-4.457612991333008
2805,-4.0044450759887695
2806,-3.7039456367492676
2807,-3.4304168224334717
2808,-3.680042266845703
2809,-3.0484509468078613
2810,-2.777988910675049
2811,-2.647408962249756
2812,-4.010167121887207
2813,-3.592820882797241
2814,-3.231576442718506
2815,-3.091557502746582
2816,-3.6115798950195312
2817,-3.0205185413360596
2818,-2.8515048027038574
2819,-2.6739485263824463
2820,-4.009456634521484
2821,-3.388921022415161
2822,-3.129998207092285
2823,-2.9908597469329834
2824,-3.73291277885437
2825,-3.2833287715911865
2826,-3.0739352703094482
2827,-2.929123640060425
2828,-3.6567764282226562
2829,-3.1312434673309326
2830,-2.977825880050659
2831,-2.80668568611145
2832,-4.534435749053955
2833,-3.621467113494873
2834,-3.4601192474365234
2835,-3.270327091217041
2836,-4.52587890625
2837,-3.7178902626037598
2838,-3.4336957931518555
2839,-3.19964861869812
2840,-3.7100491523742676
2841,-3.117185354232788
2842,-2.9602420330047607
2843,-2.752506971359253
2844,-3.6567764282226562
2845,-3.1312434673309326
2846,-2.977825880050659
2847,-2.80668568611145
2848,-4.016053676605225
2849,-3.183896064758301
2850,-2.8823318481445312
2851,-2.3970584869384766
2852,-4.176069259643555
2853,-3.2842907905578613
2854,-3.4535388946533203
2855,-2.965822219848633
2856,-3.8468260765075684
2857,-3.5843582153320312
2858,-3.365633249282837
2859,-3.328822374343872
2860,-5.141371726989746
2861,-4.371835231781006
2862,-3.7558858394622803
2863,-3.7471282482147217
2864,-4.145241737365723
2865,-4.893736839294434
2866,-3.6188857555389404
2867,-3.478487491607666
2868,-5.141371726989746
2869,-4.371835231781006
2870,-3.7558858394622803
2871,-3.7471282482147217
2872,-3.807548999786377
2873,-4.281749248504639
2874,-3.302985668182373
2875,-3.056976795196533
2876,-4.4514312744140625
2877,-3.6788272857666016
2878,-3.542032241821289
2879,-3.1672675609588623
2880,-3.904059648513794
2881,-3.831134796142578
2882,-3.173745632171631
2883,-3.323451280593872
2884,-4.148220539093018
2885,-4.0031938552856445
2886,-3.659444808959961
2887,-3.8545970916748047
2888,-3.037909746170044
2889,-2.5089621543884277
2890,-2.70534348487854
2891,-2.5548031330108643
2892,-4.199299335479736
2893,-3.696023941040039
2894,-3.266392469406128
2895,-3.0247809886932373
2896,-3.73883318901062
2897,-3.0821025371551514
2898,-2.813337802886963
2899,-2.6776206493377686
2900,-3.8832428455352783
2901,-3.9044854640960693
2902,-3.218071699142456
2903,-2.95464825630188
2904,-3.385368824005127
2905,-3.4633407592773438
2906,-2.9956681728363037
2907,-3.312983751296997
2908,-4.276912212371826
2909,-4.932782173156738
2910,-3.308779716491699
2911,-3.6651992797851562
2912,-3.461439847946167
2913,-3.1435911655426025
2914,-2.5503900051116943
2915,-2.5170905590057373
2916,-4.281101226806641
2917,-4.089910507202148
2918,-3.629002094268799
2919,-3.5450103282928467
2920,-4.562445640563965
2921,-3.337765693664551
2922,-3.1235318183898926
2923,-3.1528244018554688
2924,-4.966556072235107
2925,-4.537198543548584
2926,-3.7653281688690186
2927,-3.9241080284118652
2928,-4.577258110046387
2929,-3.57112717628479
2930,-3.286987066268921
2931,-2.8329269886016846
2932,-4.818360805511475
2933,-3.6716394424438477
2934,-3.8212602138519287
2935,-3.2861714363098145
2936,-4.776013374328613
2937,-3.6377720832824707
2938,-3.561579942703247
2939,-3.1199429035186768
2940,-4.905844211578369
2941,-5.116934776306152
2942,-4.134271621704102
2943,-3.7146918773651123
2944,-3.649052858352661
2945,-3.228321075439453
2946,-2.7249789237976074
2947,-2.608933448791504
2948,-3.9676055908203125
2949,-3.077439069747925
2950,-2.995408058166504
2951,-2.789114475250244
2952,-3.664447784423828
2953,-3.3006479740142822
2954,-2.9146440029144287
2955,-2.7713634967803955
2956,-4.018645286560059
2957,-3.459815263748169
2958,-3.2188003063201904
2959,-3.1328160762786865
2960,-3.448392391204834
2961,-2.8610870838165283
2962,-2.5922489166259766
2963,-2.4371986389160156
2964,-4.038459300994873
2965,-3.8279004096984863
2966,-3.4139864444732666
2967,-3.3258304595947266
2968,-2.6352295875549316
2969,-2.3346316814422607
2970,-2.1696746349334717
2971,-2.20514178276062
2972,-3.513230085372925
2973,-3.190075397491455
2974,-2.7297563552856445
2975,-2.8489224910736084
2976,-2.928938627243042
2977,-2.7671124935150146
2978,-2.4956116676330566
2979,-2.5012316703796387
2980,-3.7611305713653564
2981,-4.2458815574646
2982,-2.907620429992676
2983,-3.014453172683716
2984,-4.043019771575928
2985,-3.9045193195343018
2986,-3.0574848651885986
2987,-3.184514284133911
2988,-3.81895112991333
2989,-3.6367175579071045
2990,-3.1877920627593994
2991,-3.288577079772949
2992,-3.3580167293548584
2993,-3.0166635513305664
2994,-2.563140869140625
2995,-2.63574481010437
2996,-4.985602855682373
2997,-4.473928451538086
2998,-3.85420298576355
2999,-3.888021469116211
3000,-4.72576904296875
3001,-3.8213348388671875
3002,-3.566864013671875
3003,-3.245617389678955
3004,-5.401829719543457
3005,-4.774980545043945
3006,-4.011247634887695
3007,-3.6220197677612305
3008,-5.116102695465088
3009,-3.799642324447632
3010,-3.808830976486206
3011,-3.263178825378418
3012,-5.262567520141602
3013,-3.996657133102417
3014,-3.9931674003601074
3015,-3.5578885078430176
3016,-3.643446683883667
3017,-3.238635301589966
3018,-2.669492483139038
3019,-2.7957072257995605
3020,-4.112024784088135
3021,-4.130401611328125
3022,-3.2993083000183105
3023,-3.2509398460388184
3024,-3.000305652618408
3025,-2.8120100498199463
3026,-2.4531314373016357
3027,-2.577347993850708
3028,-3.4500105381011963
3029,-3.1695659160614014
3030,-2.8722429275512695
3031,-2.9302308559417725
3032,-3.0961639881134033
3033,-2.3185112476348877
3034,-2.4809658527374268
3035,-2.162358522415161
3036,-3.56636118888855
3037,-2.8409383296966553
3038,-2.8201396465301514
3039,-2.518787145614624
3040,-3.340838670730591
3041,-2.718155860900879
3042,-2.7548065185546875
3043,-2.4260711669921875
3044,-3.4441654682159424
3045,-2.8573620319366455
3046,-2.7932779788970947
3047,-2.50803542137146
3048,-3.0775418281555176
3049,-2.422788143157959
3050,-2.4374191761016846
3051,-2.2118210792541504
3052,-3.3103158473968506
3053,-2.9418041706085205
3054,-3.1568117141723633
3055,-2.8165481090545654
3056,-3.4899353981018066
3057,-2.7722702026367188
3058,-2.6633756160736084
3059,-2.3820667266845703
3060,-4.104611873626709
3061,-3.411139965057373
3062,-3.341688632965088
3063,-2.999202013015747
3064,-2.996443033218384
3065,-2.3329014778137207
3066,-2.357144832611084
3067,-2.1447765827178955
3068,-4.509849548339844
3069,-3.5047175884246826
3070,-3.581005573272705
3071,-3.317192792892456
3072,-3.3016839027404785
3073,-2.635357618331909
3074,-2.6273391246795654
3075,-2.3904976844787598
3076,-3.8883023262023926
3077,-3.0652122497558594
3078,-3.0216901302337646
3079,-2.7282497882843018
3080,-3.590993642807007
3081,-2.992216110229492
3082,-2.768101215362549
3083,-2.532693862915039
3084,-4.032790184020996
3085,-3.592437505722046
3086,-3.316730260848999
3087,-3.19393253326416
3088,-3.6841466426849365
3089,-3.2932863235473633
3090,-3.168943405151367
3091,-2.9574108123779297
3092,-4.145681381225586
3093,-3.552412748336792
3094,-3.337367057800293
3095,-3.131568670272827
3096,-4.001630783081055
3097,-3.7091548442840576
3098,-3.3366453647613525
3099,-3.0787832736968994
3100,-4.177635192871094
3101,-3.6121604442596436
3102,-3.353881597518921
3103,-3.1741607189178467
3104,-4.166388034820557
3105,-3.5574872493743896
3106,-3.3962159156799316
3107,-3.176607608795166
3108,-4.078281402587891
3109,-3.482710838317871
3110,-3.247652530670166
3111,-3.0733463764190674
3112,-4.382810592651367
3113,-3.71673583984375
3114,-3.270775556564331
3115,-3.136484146118164
3116,-4.697274684906006
3117,-3.9620754718780518
3118,-3.6337499618530273
3119,-3.5221118927001953
3120,-3.7007317543029785
3121,-3.166707754135132
3122,-2.934793472290039
3123,-2.835019588470459
3124,-4.78702974319458
3125,-3.831531524658203
3126,-3.5841612815856934
3127,-3.374016523361206
3128,-3.9208173751831055
3129,-3.1582534313201904
3130,-2.9950497150421143
3131,-2.791133403778076
3132,-4.887782096862793
3133,-4.672349452972412
3134,-3.7140908241271973
3135,-3.540257215499878
3136,-4.287371635437012
3137,-3.5158228874206543
3138,-3.1029295921325684
3139,-2.8258862495422363
3140,-4.528472900390625
3141,-3.715524911880493
3142,-3.6617884635925293
3143,-3.2303626537323
3144,-4.400395393371582
3145,-3.921123743057251
3146,-2.8920814990997314
3147,-2.7067787647247314
3148,-5.22372579574585
3149,-4.458748817443848
3150,-4.044276237487793
3151,-3.8199825286865234
3152,-4.496635437011719
3153,-3.645811080932617
3154,-3.182969808578491
3155,-3.0122230052948
3156,-4.224764347076416
3157,-3.6258130073547363
3158,-3.5416085720062256
3159,-3.2852632999420166
3160,-4.0854291915893555
3161,-3.7266628742218018
3162,-2.9629149436950684
3163,-3.056776762008667
3164,-4.4863505363464355
3165,-3.940953493118286
3166,-3.459151029586792
3167,-3.4443678855895996
3168,-4.473491668701172
3169,-3.773327589035034
3170,-3.533031702041626
3171,-3.3910880088806152
3172,-4.483238220214844
3173,-3.7508058547973633
3174,-3.761383295059204
3175,-3.5622525215148926
3176,-3.5031232833862305
3177,-4.015832901000977
3178,-2.635712146759033
3179,-2.803231716156006
3180,-4.301458835601807
3181,-3.8316543102264404
3182,-3.2961888313293457
3183,-3.3104543685913086
3184,-3.9893360137939453
3185,-3.6831228733062744
3186,-2.936481475830078
3187,-3.0048818588256836
3188,-4.562351226806641
3189,-4.722238063812256
3190,-3.556685209274292
3191,-3.5830609798431396
3192,-3.295466423034668
3193,-3.0056798458099365
3194,-2.826460599899292
3195,-2.8817801475524902
3196,-4.301458835601807
3197,-3.8316543102264404
3198,-3.2961888313293457
3199,-3.3104543685913086
3200,-3.248004198074341
3201,-2.98740816116333
3202,-2.7107646465301514
3203,-2.7311739921569824
3204,-4.359874725341797
3205,-3.792093276977539
3206,-3.378056287765503
3207,-3.341855525970459
3208,-3.1725552082061768
3209,-2.646921157836914
3210,-2.6536850929260254
3211,-2.389986276626587
3212,-4.207427978515625
3213,-3.7159335613250732
3214,-3.4806504249572754
3215,-3.2456777095794678
3216,-4.0581135749816895
3217,-3.87359881401062
3218,-2.9177680015563965
3219,-2.8141980171203613
3220,-4.204875469207764
3221,-4.579038143157959
3222,-3.6832406520843506
3223,-3.374816417694092
3224,-4.208917617797852
3225,-3.1010708808898926
3226,-3.067850351333618
3227,-2.6407792568206787
3228,-4.419472694396973
3229,-3.459777593612671
3230,-3.3899505138397217
3231,-2.973294258117676
3232,-4.980817794799805
3233,-3.9561305046081543
3234,-3.789895534515381
3235,-3.3846800327301025
3236,-3.8811964988708496
3237,-3.065335512161255
3238,-3.3316473960876465
3239,-2.956315517425537
3240,-4.197165012359619
3241,-3.100613832473755
3242,-3.273627996444702
3243,-2.7403645515441895
3244,-4.391783714294434
3245,-3.5852208137512207
3246,-3.4319965839385986
3247,-2.9995126724243164
3248,-3.873520851135254
3249,-2.830371618270874
3250,-2.9776382446289062
3251,-2.5528628826141357
3252,-4.24447774887085
3253,-3.301193952560425
3254,-3.554427146911621
3255,-2.994544506072998
3256,-4.095878601074219
3257,-3.461458444595337
3258,-3.33780837059021
3259,-3.28932785987854
3260,-4.0912766456604
3261,-3.736157178878784
3262,-3.335172176361084
3263,-3.2915143966674805
3264,-3.6759426593780518
3265,-2.972238540649414
3266,-3.081725597381592
3267,-2.837648391723633
3268,-4.716343879699707
3269,-4.058097839355469
3270,-3.459115982055664
3271,-3.4494593143463135
3272,-4.137406349182129
3273,-3.703450918197632
3274,-2.7980029582977295
3275,-2.710461378097534
3276,-4.361173152923584
3277,-4.090976715087891
3278,-3.4979782104492188
3279,-3.3874642848968506
3280,-4.948029518127441
3281,-3.7223353385925293
3282,-3.5210959911346436
3283,-2.9373724460601807
3284,-5.013913154602051
3285,-3.7565743923187256
3286,-3.697509288787842
3287,-3.2072525024414062
3288,-4.977058410644531
3289,-4.038280963897705
3290,-3.340585470199585
3291,-2.9267759323120117
3292,-4.882036209106445
3293,-3.736448287963867
3294,-3.9338138103485107
3295,-3.3926568031311035
3296,-4.703458309173584
3297,-3.7218339443206787
3298,-3.351287603378296
3299,-3.0064539909362793
3300,-5.094352722167969
3301,-3.9571144580841064
3302,-3.7605061531066895
3303,-3.3058853149414062
3304,-3.8648929595947266
3305,-3.116525650024414
3306,-2.7954533100128174
3307,-2.634650468826294
3308,-4.380583763122559
3309,-3.6263270378112793
3310,-3.2767486572265625
3311,-3.1455044746398926
3312,-4.009373664855957
3313,-3.878868818283081
3314,-2.866673231124878
3315,-3.2592287063598633
3316,-4.266746520996094
3317,-4.667409420013428
3318,-3.3608787059783936
3319,-3.499279022216797
3320,-3.6276237964630127
3321,-2.808850049972534
3322,-2.9358057975769043
3323,-2.568519353866577
3324,-5.372491359710693
3325,-4.202505588531494
3326,-4.022881984710693
3327,-3.51143217086792
3328,-3.997800827026367
3329,-3.2115821838378906
3330,-2.7798144817352295
3331,-2.4837255477905273
3332,-4.68648624420166
3333,-3.7953712940216064
3334,-3.834503173828125
3335,-3.3345093727111816
3336,-4.649736404418945
3337,-3.6887779235839844
3338,-3.305398941040039
3339,-2.832207679748535
3340,-5.452462196350098
3341,-4.88329553604126
3342,-4.301078796386719
3343,-3.721857786178589
3344,-4.090481758117676
3345,-3.2273995876312256
3346,-3.1384060382843018
3347,-2.8795669078826904
3348,-3.9920482635498047
3349,-3.324793577194214
3350,-3.2660648822784424
3351,-2.988090991973877
3352,-3.356494426727295
3353,-2.76361346244812
3354,-2.5710065364837646
3355,-2.392380475997925
3356,-4.1778788566589355
3357,-3.6046957969665527
3358,-3.536759614944458
3359,-3.2995896339416504
3360,-3.712986946105957
3361,-3.1016719341278076
3362,-2.926164150238037
3363,-2.740633010864258
3364,-4.389959812164307
3365,-3.7012691497802734
3366,-3.492034435272217
3367,-3.338866710662842
3368,-2.9258177280426025
3369,-2.605458974838257
3370,-2.2886829376220703
3371,-2.3324694633483887
3372,-3.9358773231506348
3373,-3.6704063415527344
3374,-3.3764779567718506
3375,-3.438316822052002
3376,-3.297916889190674
3377,-2.9718360900878906
3378,-2.6944727897644043
3379,-2.7710835933685303
3380,-3.526201009750366
3381,-3.2621095180511475
3382,-2.9351987838745117
3383,-3.0354666709899902
3384,-4.290609359741211
3385,-3.4427080154418945
3386,-3.1419315338134766
3387,-2.8826472759246826
3388,-5.479904651641846
3389,-5.303386211395264
3390,-4.011114120483398
3391,-3.6995108127593994
3392,-3.512737989425659
3393,-3.5877363681793213
3394,-2.679511547088623
3395,-2.949422836303711
3396,-3.795119524002075
3397,-3.6740853786468506
3398,-3.0939605236053467
3399,-3.2628703117370605
3400,-2.889378547668457
3401,-2.7994613647460938
3402,-2.306942939758301
3403,-2.4920907020568848
3404,-3.999692678451538
3405,-3.9690403938293457
3406,-3.461062431335449
3407,-3.5912177562713623
3408,-3.9438493251800537
3409,-2.902714490890503
3410,-2.9367313385009766
3411,-2.601365089416504
3412,-4.457505702972412
3413,-3.400350332260132
3414,-3.755702257156372
3415,-3.3795831203460693
3416,-3.8273229598999023
3417,-3.522294759750366
3418,-2.968090057373047
3419,-3.022879123687744
3420,-4.552255153656006
3421,-4.021304130554199
3422,-3.569408893585205
3423,-3.648651123046875
3424,-4.630702972412109
3425,-3.4162070751190186
3426,-3.5183613300323486
3427,-2.8952479362487793
3428,-4.475884437561035
3429,-3.810758590698242
3430,-3.627882719039917
3431,-3.1521358489990234
3432,-4.188899040222168
3433,-3.270308017730713
3434,-3.12410044670105
3435,-2.4400978088378906
3436,-4.430857181549072
3437,-3.819272756576538
3438,-3.752103805541992
3439,-3.0695860385894775
3440,-3.3882193565368652
3441,-2.977144241333008
3442,-2.74894380569458
3443,-2.6660447120666504
3444,-3.7761502265930176
3445,-3.396153211593628
3446,-3.2513959407806396
3447,-3.174129009246826
3448,-3.226163864135742
3449,-2.913728713989258
3450,-2.8342325687408447
3451,-2.7644052505493164
3452,-3.916978120803833
3453,-3.5113279819488525
3454,-3.1973202228546143
3455,-3.1022450923919678
3456,-3.507733106613159
3457,-3.1198203563690186
3458,-2.8775951862335205
3459,-2.840724468231201
3460,-3.909857988357544
3461,-3.441434621810913
3462,-3.1472158432006836
3463,-3.078199863433838
3464,-4.612616539001465
3465,-3.592290163040161
3466,-3.5903806686401367
3467,-3.0139148235321045
3468,-5.284409523010254
3469,-4.3123064041137695
3470,-4.036787509918213
3471,-3.520514488220215
3472,-3.780181646347046
3473,-3.4681103229522705
3474,-3.0948598384857178
3475,-3.0682809352874756
3476,-4.38759708404541
3477,-3.699303388595581
3478,-3.29168438911438
3479,-3.190925121307373
3480,-4.9181809425354
3481,-3.7110142707824707
3482,-3.8319196701049805
3483,-3.302405834197998
3484,-5.176765441894531
3485,-3.9074666500091553
3486,-3.9241223335266113
3487,-3.4102046489715576
3488,-4.6668381690979
3489,-3.462071657180786
3490,-3.4174954891204834
3491,-2.878606081008911
3492,-4.904642581939697
3493,-3.9313244819641113
3494,-4.0941596031188965
3495,-3.5186617374420166
3496,-4.540639400482178
3497,-3.573625326156616
3498,-3.3079726696014404
3499,-2.9981350898742676
3500,-4.051990985870361
3501,-3.1733198165893555
3502,-3.5302340984344482
3503,-3.0849759578704834
3504,-3.457750082015991
3505,-2.803795337677002
3506,-2.7825610637664795
3507,-2.408421516418457
3508,-4.374678611755371
3509,-3.7606887817382812
3510,-3.414415121078491
3511,-3.050246477127075
3512,-3.9742159843444824
3513,-3.0973355770111084
3514,-3.0397868156433105
3515,-2.7262611389160156
3516,-4.600283622741699
3517,-3.798888921737671
3518,-3.585416793823242
3519,-3.259431838989258
3520,-3.889098644256592
3521,-3.3436312675476074
3522,-3.368499755859375
3523,-3.095205307006836
3524,-4.92516565322876
3525,-4.049154758453369
3526,-4.061336517333984
3527,-3.598815441131592
3528,-3.859853506088257
3529,-3.418328046798706
3530,-3.0561089515686035
3531,-2.9354772567749023
3532,-4.6834588050842285
3533,-4.415470600128174
3534,-3.618880033493042
3535,-3.4919490814208984
3536,-3.733704090118408
3537,-3.3849618434906006
3538,-3.1929001808166504
3539,-3.069429397583008
3540,-4.739856243133545
3541,-4.0900492668151855
3542,-3.4012155532836914
3543,-3.3441295623779297
3544,-3.9461984634399414
3545,-3.496736526489258
3546,-3.231968879699707
3547,-3.1195762157440186
3548,-4.560067176818848
3549,-3.97187876701355
3550,-3.525254249572754
3551,-3.3227546215057373
3552,-4.520269870758057
3553,-3.845256805419922
3554,-3.4573042392730713
3555,-3.176819324493408
3556,-4.418931007385254
3557,-4.53490686416626
3558,-3.4474122524261475
3559,-3.2954835891723633
3560,-3.896591901779175
3561,-3.588310718536377
3562,-2.895561695098877
3563,-2.81536602973938
3564,-4.113656044006348
3565,-3.5578558444976807
3566,-3.036281108856201
3567,-2.985687017440796
3568,-4.243258476257324
3569,-3.3577308654785156
3570,-2.7216484546661377
3571,-2.6326961517333984
3572,-4.126598358154297
3573,-3.5807316303253174
3574,-3.072373628616333
3575,-3.0339527130126953
3576,-3.9914610385894775
3577,-3.593700408935547
3578,-3.2253003120422363
3579,-3.095954418182373
3580,-4.099552154541016
3581,-3.5063581466674805
3582,-3.4344112873077393
3583,-3.3010196685791016
3584,-3.5966153144836426
3585,-2.9801580905914307
3586,-3.1281776428222656
3587,-2.715731143951416
3588,-4.432718276977539
3589,-3.754167079925537
3590,-3.838547468185425
3591,-3.3365137577056885
3592,-3.0264291763305664
3593,-3.0747811794281006
3594,-2.6169400215148926
3595,-2.682690382003784
3596,-4.605748176574707
3597,-4.88747501373291
3598,-3.8203980922698975
3599,-3.9832684993743896
3600,-3.3483684062957764
3601,-3.173699140548706
3602,-2.787130117416382
3603,-2.7992026805877686
3604,-4.221202373504639
3605,-4.078968048095703
3606,-3.6194982528686523
3607,-3.6505393981933594
3608,-4.951887130737305
3609,-3.959444522857666
3610,-3.91723895072937
3611,-3.4629969596862793
3612,-4.81997537612915
3613,-3.954939603805542
3614,-3.6125283241271973
3615,-3.3993217945098877
3616,-3.443493604660034
3617,-2.9074180126190186
3618,-2.70296311378479
3619,-2.5521275997161865
3620,-3.739124298095703
3621,-3.108097791671753
3622,-2.8942954540252686
3623,-2.7046656608581543
3624,-3.9396800994873047
3625,-3.222512722015381
3626,-3.0954270362854004
3627,-2.9569334983825684
3628,-3.714831590652466
3629,-3.3108913898468018
3630,-2.9072835445404053
3631,-2.732966899871826
3632,-3.3903472423553467
3633,-2.893317222595215
3634,-2.6864960193634033
3635,-2.585904359817505
3636,-3.714831590652466
3637,-3.3108913898468018
3638,-2.9072835445404053
3639,-2.732966899871826
3640,-3.9842283725738525
3641,-3.4019076824188232
3642,-3.1681435108184814
3643,-2.7602169513702393
3644,-4.942920207977295
3645,-3.793332099914551
3646,-3.669020652770996
3647,-3.265827178955078
3648,-3.933535099029541
3649,-2.642815589904785
3650,-2.967075824737549
3651,-2.362583637237549
3652,-4.381788730621338
3653,-4.567902088165283
3654,-3.5119504928588867
3655,-3.27071213722229
3656,-3.7846922874450684
3657,-2.991586923599243
3658,-2.7399978637695312
3659,-2.6044933795928955
3660,-4.3366851806640625
3661,-3.956392526626587
3662,-3.5529589653015137
3663,-3.4892616271972656
3664,-4.148863315582275
3665,-3.411287546157837
3666,-3.087972640991211
3667,-2.786853313446045
3668,-4.408223628997803
3669,-4.4932780265808105
3670,-3.5577950477600098
3671,-3.3343942165374756
3672,-3.2823829650878906
3673,-2.5086398124694824
3674,-2.7552123069763184
3675,-2.507117509841919
3676,-4.263368606567383
3677,-3.611497402191162
3678,-3.372730255126953
3679,-3.1137335300445557
3680,-3.629514455795288
3681,-2.772976875305176
3682,-3.018101215362549
3683,-2.698030948638916
3684,-3.9748356342315674
3685,-3.9289824962615967
3686,-3.1206178665161133
3687,-2.8539397716522217
3688,-3.8210721015930176
3689,-3.2435226440429688
3690,-3.314309597015381
3691,-2.9280221462249756
3692,-4.938764572143555
3693,-3.9138100147247314
3694,-3.256052255630493
3695,-3.0562901496887207
3696,-4.366778373718262
3697,-4.181673049926758
3698,-3.235260009765625
3699,-3.1636173725128174
3700,-3.931389331817627
3701,-3.432345390319824
3702,-3.5617425441741943
3703,-3.4205105304718018
3704,-4.209232330322266
3705,-3.212386131286621
3706,-3.2460134029388428
3707,-2.717735767364502
3708,-4.426177501678467
3709,-3.327267646789551
3710,-3.6637802124023438
3711,-3.117295026779175
3712,-4.4512715339660645
3713,-3.7607855796813965
3714,-3.046046495437622
3715,-2.587515354156494
3716,-4.923917770385742
3717,-4.694711208343506
3718,-3.9353866577148438
3719,-3.450930595397949
3720,-3.8024964332580566
3721,-3.5466673374176025
3722,-2.8115947246551514
3723,-2.5983388423919678
3724,-4.691165924072266
3725,-4.123054504394531
3726,-3.730672836303711
3727,-3.517706871032715
3728,-3.5190484523773193
3729,-2.948936939239502
3730,-2.617964267730713
3731,-2.5307693481445312
3732,-4.860878944396973
3733,-3.9350078105926514
3734,-3.4314041137695312
3735,-3.2217140197753906
3736,-3.9947409629821777
3737,-3.324768304824829
3738,-2.9600636959075928
3739,-2.8612654209136963
3740,-4.538388729095459
3741,-3.8868958950042725
3742,-3.5090408325195312
3743,-3.3292768001556396
3744,-5.231822967529297
3745,-4.434341907501221
3746,-3.644733428955078
3747,-3.352025270462036
3748,-4.535152435302734
3749,-3.484898567199707
3750,-3.4950876235961914
3751,-3.140493154525757
3752,-4.040887832641602
3753,-4.239751815795898
3754,-3.2441554069519043
3755,-3.2829408645629883
3756,-4.755367755889893
3757,-4.076501369476318
3758,-3.584615707397461
3759,-3.5080819129943848
3760,-3.844757080078125
3761,-3.373640775680542
3762,-3.0987508296966553
3763,-3.105133295059204
3764,-4.755367755889893
3765,-4.076501369476318
3766,-3.584615707397461
3767,-3.5080819129943848
3768,-3.88456130027771
3769,-3.125054121017456
3770,-3.112236499786377
3771,-2.977600574493408
3772,-5.069110870361328
3773,-4.168546199798584
3774,-3.660586357116699
3775,-3.595113515853882
3776,-3.8067567348480225
3777,-3.8268215656280518
3778,-2.9467363357543945
3779,-2.9435067176818848
3780,-4.789806365966797
3781,-4.258193492889404
3782,-3.592252731323242
3783,-3.528268337249756
3784,-3.341020345687866
3785,-2.421302318572998
3786,-2.587463617324829
3787,-2.2558770179748535
3788,-4.756747245788574
3789,-3.640397787094116
3790,-3.6315560340881348
3791,-3.1693649291992188
3792,-3.9027390480041504
3793,-2.9725799560546875
3794,-2.97188401222229
3795,-2.5875461101531982
3796,-4.500982761383057
3797,-3.927363395690918
3798,-3.6444544792175293
3799,-3.306260824203491
3800,-3.4333810806274414
3801,-2.7554566860198975
3802,-2.8702735900878906
3803,-2.5525012016296387
3804,-4.954864501953125
3805,-4.690492630004883
3806,-3.7580432891845703
3807,-3.322140693664551
3808,-3.5975098609924316
3809,-2.7602903842926025
3810,-2.8115267753601074
3811,-2.559504270553589
3812,-4.5933074951171875
3813,-4.921511173248291
3814,-3.7519731521606445
3815,-3.4730536937713623
3816,-3.8471274375915527
3817,-3.131584882736206
3818,-3.038975954055786
3819,-2.7229604721069336
3820,-4.706996440887451
3821,-4.1199951171875
3822,-3.5885558128356934
3823,-3.268935203552246
3824,-3.4218926429748535
3825,-3.9836602210998535
3826,-2.597555160522461
3827,-2.6923434734344482
3828,-3.4258017539978027
3829,-3.3890082836151123
3830,-3.0167884826660156
3831,-3.0583369731903076
3832,-3.8669042587280273
3833,-3.68068528175354
3834,-2.900312662124634
3835,-2.9614057540893555
3836,-4.00177001953125
3837,-3.554821729660034
3838,-3.1799609661102295
3839,-3.196254253387451
3840,-3.3132121562957764
3841,-3.133807420730591
3842,-2.788309097290039
3843,-2.814093828201294
3844,-4.448829174041748
3845,-4.727949619293213
3846,-3.5202364921569824
3847,-3.5856845378875732
3848,-3.190011501312256
3849,-2.9948346614837646
3850,-2.6804332733154297
3851,-2.671393394470215
3852,-4.74942684173584
3853,-4.241629123687744
3854,-3.6853444576263428
3855,-3.69154691696167
3856,-4.39548397064209
3857,-3.3743717670440674
3858,-3.1161046028137207
3859,-2.642608165740967
3860,-4.881594657897949
3861,-4.14971923828125
3862,-3.7923641204833984
3863,-3.1901299953460693
3864,-4.176251411437988
3865,-3.461568593978882
3866,-3.049999952316284
3867,-2.963780403137207
3868,-5.107543468475342
3869,-4.015664577484131
3870,-3.9358062744140625
3871,-3.6595563888549805
3872,-3.603700876235962
3873,-2.793936252593994
3874,-2.647043466567993
3875,-2.573289632797241
3876,-4.097968578338623
3877,-3.1747217178344727
3878,-3.812648057937622
3879,-3.3446474075317383
3880,-3.6953303813934326
3881,-3.8069491386413574
3882,-2.8798434734344482
3883,-2.6519765853881836
3884,-4.243708610534668
3885,-3.759131908416748
3886,-3.3196582794189453
3887,-3.2108523845672607
3888,-4.458172798156738
3889,-3.6917660236358643
3890,-3.2821316719055176
3891,-3.0786092281341553
3892,-4.866665363311768
3893,-4.216477394104004
3894,-3.630638837814331
3895,-3.5285186767578125
3896,-4.705832481384277
3897,-4.196224212646484
3898,-3.5243079662323
3899,-3.49833345413208
3900,-4.639283180236816
3901,-4.056511878967285
3902,-3.53993821144104
3903,-3.4592251777648926
3904,-4.462840557098389
3905,-3.4108004570007324
3906,-3.317162275314331
3907,-2.7982699871063232
3908,-5.1209397315979
3909,-4.715172290802002
3910,-3.731462001800537
3911,-3.3978710174560547
3912,-4.09091854095459
3913,-3.572580099105835
3914,-3.0816519260406494
3915,-2.9453511238098145
3916,-3.518378973007202
3917,-3.2007787227630615
3918,-3.1318416595458984
3919,-2.9262943267822266
3920,-3.506514310836792
3921,-3.036641836166382
3922,-3.023120880126953
3923,-2.7960269451141357
3924,-4.668610572814941
3925,-4.373648643493652
3926,-3.675320625305176
3927,-3.4823782444000244
3928,-3.6764304637908936
3929,-3.860114574432373
3930,-2.8256995677948
3931,-2.745615005493164
3932,-4.784902572631836
3933,-4.089207649230957
3934,-3.7783749103546143
3935,-3.543887138366699
3936,-3.2220489978790283
3937,-2.8431379795074463
3938,-2.772301197052002
3939,-2.5609354972839355
3940,-4.050355911254883
3941,-3.275515556335449
3942,-3.1323156356811523
3943,-2.9366538524627686
3944,-3.8761696815490723
3945,-3.2368991374969482
3946,-3.067965507507324
3947,-2.8241937160491943
3948,-4.958950519561768
3949,-4.677058696746826
3950,-3.442081928253174
3951,-3.137403964996338
3952,-3.5455856323242188
3953,-3.843196153640747
3954,-3.1075024604797363
3955,-2.8394742012023926
3956,-4.185075283050537
3957,-3.358729362487793
3958,-3.355966567993164
3959,-2.9877266883850098
3960,-4.732085704803467
3961,-3.606036424636841
3962,-3.541807174682617
3963,-3.0661444664001465
3964,-4.572571754455566
3965,-3.5492799282073975
3966,-3.6654412746429443
3967,-3.226747989654541
3968,-4.139811038970947
3969,-2.9907608032226562
3970,-3.23516845703125
3971,-2.8030459880828857
3972,-4.723332405090332
3973,-3.4206607341766357
3974,-3.6551902294158936
3975,-3.189396858215332
3976,-4.553884029388428
3977,-3.2374417781829834
3978,-3.4812464714050293
3979,-3.016421318054199
3980,-4.479125499725342
3981,-3.5103225708007812
3982,-3.6446969509124756
3983,-3.1660735607147217
3984,-3.4818692207336426
3985,-3.0564534664154053
3986,-2.926771879196167
3987,-2.6770663261413574
3988,-4.19044828414917
3989,-3.998404026031494
3990,-3.159095048904419
3991,-2.9400763511657715
3992,-3.2838191986083984
3993,-2.598585844039917
3994,-2.561448335647583
3995,-2.334313154220581
3996,-3.4467945098876953
3997,-2.8182103633880615
3998,-2.867955446243286
3999,-2.601569414138794
4000,-4.383715629577637
4001,-3.54752516746521
4002,-3.1046650409698486
4003,-2.8331727981567383
4004,-4.866663932800293
4005,-4.625827312469482
4006,-3.84959077835083
4007,-3.576828718185425
4008,-3.6210196018218994
4009,-3.0387070178985596
4010,-2.8634400367736816
4011,-2.6339328289031982
4012,-4.612431049346924
4013,-4.32791805267334
4014,-3.59891939163208
4015,-3.29154372215271
4016,-4.153129577636719
4017,-3.1176106929779053
4018,-3.0139479637145996
4019,-2.6480233669281006
4020,-4.560147762298584
4021,-4.327897548675537
4022,-3.6212728023529053
4023,-3.3383190631866455
4024,-4.547334671020508
4025,-4.299585819244385
4026,-3.2572181224823
4027,-3.219273090362549
4028,-4.681983947753906
4029,-4.132594585418701
4030,-3.863685131072998
4031,-3.6963324546813965
4032,-3.5840492248535156
4033,-3.4926488399505615
4034,-2.684133291244507
4035,-2.782608985900879
4036,-4.005413055419922
4037,-3.744882583618164
4038,-3.1680424213409424
4039,-3.2894797325134277
4040,-3.130281925201416
4041,-2.7817459106445312
4042,-2.476452350616455
4043,-2.5439817905426025
4044,-3.8883492946624756
4045,-3.6115660667419434
4046,-3.2015936374664307
4047,-3.2140002250671387
4048,-3.997267484664917
4049,-2.9883522987365723
4050,-2.9746932983398438
4051,-2.532947540283203
4052,-4.557375431060791
4053,-3.567427158355713
4054,-3.504509687423706
4055,-3.023361921310425
4056,-3.5027945041656494
4057,-3.2376480102539062
4058,-2.727696418762207
4059,-2.676912307739258
4060,-3.971876382827759
4061,-3.3453211784362793
4062,-3.091493844985962
4063,-2.8852829933166504
4064,-3.421689987182617
4065,-2.86379075050354
4066,-2.4445443153381348
4067,-2.389659881591797
4068,-4.599601745605469
4069,-3.8557064533233643
4070,-3.187333345413208
4071,-3.195152759552002
4072,-3.8016605377197266
4073,-3.290041446685791
4074,-2.815291404724121
4075,-2.821214199066162
4076,-4.443220615386963
4077,-3.902707099914551
4078,-3.4363296031951904
4079,-3.4134414196014404
4080,-4.132390975952148
4081,-2.983168125152588
4082,-3.1529653072357178
4083,-2.5343291759490967
4084,-4.227203369140625
4085,-3.3502120971679688
4086,-3.4872584342956543
4087,-2.9448299407958984
4088,-4.883142948150635
4089,-3.643947124481201
4090,-3.808917999267578
4091,-3.238584280014038
4092,-4.610586643218994
4093,-3.4824514389038086
4094,-3.610825538635254
4095,-3.0537633895874023
4096,-4.081528663635254
4097,-2.958209991455078
4098,-3.2338368892669678
4099,-2.631174087524414
4100,-4.256020545959473
4101,-3.7386958599090576
4102,-3.443692684173584
4103,-2.9133293628692627
4104,-4.0900349617004395
4105,-4.298971652984619
4106,-3.0009765625
4107,-2.78281307220459
4108,-4.409176349639893
4109,-3.993804454803467
4110,-3.4585063457489014
4111,-3.3126418590545654
4112,-4.083178520202637
4113,-3.4150352478027344
4114,-3.504655599594116
4115,-3.3751003742218018
4116,-4.944591045379639
4117,-5.222219467163086
4118,-3.436063051223755
4119,-3.265172243118286
4120,-3.664421796798706
4121,-3.096475124359131
4122,-3.037463426589966
4123,-2.904409170150757
4124,-4.517320156097412
4125,-4.081902980804443
4126,-3.5005438327789307
4127,-3.3783843517303467
4128,-4.089654922485352
4129,-3.2885797023773193
4130,-3.1408565044403076
4131,-2.702199697494507
4132,-4.163671493530273
4133,-3.4170749187469482
4134,-3.3920602798461914
4135,-3.0139992237091064
4136,-3.726585865020752
4137,-3.2385730743408203
4138,-2.8639440536499023
4139,-2.4902267456054688
4140,-4.547420978546143
4141,-4.1823248863220215
4142,-3.83137583732605
4143,-3.3404324054718018
4144,-3.638627290725708
4145,-3.6211116313934326
4146,-2.8854122161865234
4147,-2.807072639465332
4148,-4.733985900878906
4149,-4.550831317901611
4150,-3.145158052444458
4151,-2.9271230697631836
4152,-4.610084533691406
4153,-3.3019700050354004
4154,-3.4060094356536865
4155,-2.9002997875213623
4156,-4.188567161560059
4157,-3.0860166549682617
4158,-3.3393168449401855
4159,-2.768737316131592
4160,-4.334712028503418
4161,-3.1977148056030273
4162,-3.1658029556274414
4163,-2.9150454998016357
4164,-3.977698564529419
4165,-3.1813809871673584
4166,-3.1725540161132812
4167,-2.788426160812378
4168,-3.3806402683258057
4169,-3.754281759262085
4170,-2.6632885932922363
4171,-3.248124599456787
4172,-3.77571964263916
4173,-4.042139053344727
4174,-3.005842685699463
4175,-3.574735641479492
4176,-2.7692160606384277
4177,-2.9795050621032715
4178,-2.2866733074188232
4179,-2.779088258743286
4180,-3.77571964263916
4181,-4.042139053344727
4182,-3.005842685699463
4183,-3.574735641479492
4184,-4.075989246368408
4185,-3.433117389678955
4186,-2.748143196105957
4187,-2.693753480911255
4188,-4.590479850769043
4189,-3.7348456382751465
4190,-3.7243387699127197
4191,-3.3468668460845947
4192,-3.750016450881958
4193,-2.942456007003784
4194,-2.9833314418792725
4195,-2.792409658432007
4196,-4.682476997375488
4197,-4.058158874511719
4198,-3.6986806392669678
4199,-3.416675090789795
4200,-4.231827735900879
4201,-3.3344318866729736
4202,-3.0265846252441406
4203,-2.738511323928833
4204,-4.414709568023682
4205,-3.7926671504974365
4206,-3.4902195930480957
4207,-3.2956509590148926
4208,-3.8826406002044678
4209,-2.8846304416656494
4210,-2.8643174171447754
4211,-2.456547498703003
4212,-4.370025157928467
4213,-3.091423511505127
4214,-3.290174722671509
4215,-2.6897709369659424
4216,-3.4251880645751953
4217,-2.3521652221679688
4218,-2.8563029766082764
4219,-2.4199540615081787
4220,-4.087224006652832
4221,-2.988879442214966
4222,-3.275029420852661
4223,-2.7780046463012695
4224,-4.250715732574463
4225,-3.44156551361084
4226,-3.138070583343506
4227,-2.847616672515869
4228,-4.493738174438477
4229,-3.981809616088867
4230,-3.6974058151245117
4231,-3.3706464767456055
4232,-3.9885101318359375
4233,-3.5000998973846436
4234,-3.0812342166900635
4235,-2.8664355278015137
4236,-4.815061092376709
4237,-3.878239870071411
4238,-3.8102951049804688
4239,-3.3878540992736816
4240,-4.007601261138916
4241,-3.166013240814209
4242,-2.826918601989746
4243,-2.6838064193725586
4244,-4.500627517700195
4245,-3.993887186050415
4246,-3.2837905883789062
4247,-3.0228610038757324
4248,-3.908665418624878
4249,-3.1117966175079346
4250,-3.1408307552337646
4251,-2.746588706970215
4252,-4.123134136199951
4253,-3.4290006160736084
4254,-3.4136240482330322
4255,-2.9858365058898926
4256,-3.480466842651367
4257,-2.8736073970794678
4258,-3.0367608070373535
4259,-2.6662702560424805
4260,-3.957050323486328
4261,-3.2733588218688965
4262,-3.304145336151123
4263,-2.8648641109466553
4264,-3.6789729595184326
4265,-3.000655174255371
4266,-3.1871187686920166
4267,-2.84916353225708
4268,-4.0589280128479
4269,-3.536320686340332
4270,-3.5318965911865234
4271,-3.107583522796631
4272,-3.7806637287139893
4273,-3.1754956245422363
4274,-3.2156221866607666
4275,-2.7971584796905518
4276,-4.12659215927124
4277,-4.021965980529785
4278,-3.3354744911193848
4279,-2.9902141094207764
4280,-4.289689064025879
4281,-3.684743881225586
4282,-3.0674946308135986
4283,-2.8546571731567383
4284,-4.41958475112915
4285,-3.9348437786102295
4286,-3.5482115745544434
4287,-3.426793336868286
4288,-4.3231048583984375
4289,-3.4354429244995117
4290,-3.208660125732422
4291,-3.1094532012939453
4292,-4.667591571807861
4293,-3.7661356925964355
4294,-3.524087905883789
4295,-3.3578293323516846
4296,-3.0180234909057617
4297,-2.6187140941619873
4298,-2.4500091075897217
4299,-2.3133962154388428
4300,-4.4062089920043945
4301,-4.0919599533081055
4302,-3.3312952518463135
4303,-3.1390464305877686
4304,-3.742459774017334
4305,-3.090075731277466
4306,-2.9176671504974365
4307,-2.6404740810394287
4308,-4.685704708099365
4309,-4.479586124420166
4310,-3.5393500328063965
4311,-3.4242496490478516
4312,-3.402034044265747
4313,-2.906209707260132
4314,-2.647275686264038
4315,-2.538165807723999
4316,-3.821981191635132
4317,-4.476005554199219
4318,-3.3680689334869385
4319,-3.3498504161834717
4320,-3.1852211952209473
4321,-2.336216688156128
4322,-2.4613327980041504
4323,-2.1558330059051514
4324,-3.8915250301361084
4325,-3.5995750427246094
4326,-3.0912415981292725
4327,-2.7790863513946533
4328,-3.4457778930664062
4329,-2.6954574584960938
4330,-2.789044141769409
4331,-2.4184036254882812
4332,-4.067340850830078
4333,-3.322350025177002
4334,-3.147196054458618
4335,-2.8859570026397705
4336,-3.2402992248535156
4337,-2.54839825630188
4338,-2.461282968521118
4339,-2.2610256671905518
4340,-4.155745029449463
4341,-3.9215927124023438
4342,-3.2162816524505615
4343,-3.004624128341675
4344,-3.867055654525757
4345,-4.052027702331543
4346,-2.88655424118042
4347,-2.8286588191986084
4348,-4.184650421142578
4349,-3.8277790546417236
4350,-3.4923899173736572
4351,-3.4564335346221924
4352,-3.876277208328247
4353,-3.4105372428894043
4354,-2.9289357662200928
4355,-2.859149217605591
4356,-4.739166259765625
4357,-4.701687812805176
4358,-3.7093043327331543
4359,-3.6258533000946045
4360,-4.137975215911865
4361,-3.734055280685425
4362,-3.1750552654266357
4363,-2.693146228790283
4364,-4.923105239868164
4365,-3.90094256401062
4366,-3.908783435821533
4367,-3.348275899887085
4368,-4.408205509185791
4369,-3.7212212085723877
4370,-3.7211666107177734
4371,-3.2081706523895264
4372,-4.492971897125244
4373,-4.697565078735352
4374,-3.5940797328948975
4375,-3.4997992515563965
4376,-3.483508348464966
4377,-2.6304643154144287
4378,-2.465759515762329
4379,-2.260993003845215
4380,-4.9580535888671875
4381,-3.988903760910034
4382,-3.810077667236328
4383,-3.458611011505127
4384,-3.9283316135406494
4385,-3.055616617202759
4386,-2.8289504051208496
4387,-2.593700885772705
4388,-4.048382759094238
4389,-3.406687021255493
4390,-3.2094860076904297
4391,-2.953627347946167
4392,-3.2378745079040527
4393,-3.158972978591919
4394,-2.6386303901672363
4395,-2.529221773147583
4396,-3.2327117919921875
4397,-2.8234739303588867
4398,-2.705374002456665
4399,-2.561189889907837
4400,-3.063535690307617
4401,-2.734687328338623
4402,-2.6397969722747803
4403,-2.499295473098755
4404,-3.95181941986084
4405,-4.056580543518066
4406,-3.235779285430908
4407,-3.1050503253936768
4408,-3.5411670207977295
4409,-2.9638402462005615
4410,-2.989645481109619
4411,-2.841595411300659
4412,-3.7029385566711426
4413,-3.2600836753845215
4414,-3.2080934047698975
4415,-3.0462136268615723
4416,-4.694563865661621
4417,-3.594273090362549
4418,-3.265343427658081
4419,-2.731440544128418
4420,-4.899588584899902
4421,-4.325679302215576
4422,-4.036887168884277
4423,-3.491349697113037
4424,-4.1855998039245605
4425,-3.634380340576172
4426,-2.903837203979492
4427,-2.8187944889068604
4428,-5.203542232513428
4429,-4.651628494262695
4430,-3.9224631786346436
4431,-3.529603958129883
4432,-4.2567644119262695
4433,-3.454437732696533
4434,-3.0463483333587646
4435,-2.8567371368408203
4436,-4.6621832847595215
4437,-4.660459995269775
4438,-3.234771490097046
4439,-3.0834453105926514
4440,-4.066359519958496
4441,-2.9451744556427
4442,-3.591703176498413
4443,-3.032409429550171
4444,-4.811183452606201
4445,-4.12961483001709
4446,-3.8114964962005615
4447,-3.4317378997802734
4448,-4.077488422393799
4449,-3.3447506427764893
4450,-3.2577712535858154
4451,-3.048100709915161
4452,-4.746499538421631
4453,-3.6366796493530273
4454,-3.923293113708496
4455,-3.494835615158081
4456,-4.503427028656006
4457,-4.013421058654785
4458,-3.2431752681732178
4459,-3.196645498275757
4460,-5.172108173370361
4461,-5.5288496017456055
4462,-4.156736373901367
4463,-4.06097412109375
4464,-4.185626029968262
4465,-3.202169895172119
4466,-3.0872771739959717
4467,-2.605051040649414
4468,-4.504002571105957
4469,-3.6510305404663086
4470,-3.809436559677124
4471,-3.3381261825561523
4472,-3.4912376403808594
4473,-3.2630326747894287
4474,-2.797764301300049
4475,-2.8388755321502686
4476,-3.5509469509124756
4477,-3.412137746810913
4478,-3.0058999061584473
4479,-3.015181303024292
4480,-3.351447343826294
4481,-3.2536568641662598
4482,-2.8821866512298584
4483,-2.948246717453003
4484,-3.9652695655822754
4485,-4.823269844055176
4486,-3.626643419265747
4487,-3.762057304382324
4488,-3.6276261806488037
4489,-3.5082550048828125
4490,-2.942918539047241
4491,-3.044301986694336
4492,-3.9279847145080566
4493,-3.7488231658935547
4494,-3.5196127891540527
4495,-3.6112687587738037
4496,-3.4843969345092773
4497,-2.420403003692627
4498,-2.497490644454956
4499,-2.253359317779541
4500,-5.078274726867676
4501,-5.110109806060791
4502,-3.834880828857422
4503,-3.5775976181030273
4504,-3.7379069328308105
4505,-2.8895480632781982
4506,-2.929372549057007
4507,-2.587688446044922
4508,-4.541886329650879
4509,-4.088236331939697
4510,-3.6383776664733887
4511,-3.317500591278076
4512,-4.995003700256348
4513,-3.774998426437378
4514,-3.8422389030456543
4515,-3.234464645385742
4516,-4.677131175994873
4517,-3.6437506675720215
4518,-3.7514727115631104
4519,-3.335880756378174
4520,-4.304510116577148
4521,-3.384359836578369
4522,-3.2743678092956543
4523,-3.023159980773926
4524,-4.865320682525635
4525,-3.413813591003418
4526,-3.771052122116089
4527,-3.0582311153411865
4528,-3.7866523265838623
4529,-3.305659532546997
4530,-2.882817029953003
4531,-2.766383409500122
4532,-4.331113815307617
4533,-4.312779903411865
4534,-3.500298023223877
4535,-3.353050947189331
4536,-3.9032249450683594
4537,-3.1905887126922607
4538,-3.101346492767334
4539,-2.8369603157043457
4540,-5.063270568847656
4541,-4.1274333000183105
4542,-3.9388504028320312
4543,-3.600064277648926
4544,-3.1152236461639404
4545,-2.481577157974243
4546,-2.4829978942871094
4547,-2.390371322631836
4548,-4.074859142303467
4549,-3.4263312816619873
4550,-3.6520631313323975
4551,-3.462902545928955
4552,-3.817955732345581
4553,-3.1469666957855225
4554,-2.958925724029541
4555,-2.8229243755340576
4556,-5.193204879760742
4557,-3.9688057899475098
4558,-3.9266889095306396
4559,-3.6973133087158203
4560,-3.6972837448120117
4561,-2.992558240890503
4562,-2.876187801361084
4563,-2.7582786083221436
4564,-4.188551425933838
4565,-3.6773183345794678
4566,-3.421527624130249
4567,-3.277669668197632
4568,-3.4404239654541016
4569,-2.5068089962005615
4570,-2.5560250282287598
4571,-2.290147066116333
4572,-3.9672374725341797
4573,-3.2647624015808105
4574,-3.3943254947662354
4575,-3.07393217086792
4576,-3.615385055541992
4577,-2.8068478107452393
4578,-2.8436803817749023
4579,-2.491663932800293
4580,-4.540640830993652
4581,-3.8322160243988037
4582,-3.6147453784942627
4583,-3.3719706535339355
4584,-3.3224174976348877
4585,-2.7468769550323486
4586,-2.91135573387146
4587,-2.5784835815429688
4588,-4.3501152992248535
4589,-4.137847900390625
4590,-3.615347385406494
4591,-3.2655954360961914
4592,-3.497812271118164
4593,-3.4406421184539795
4594,-2.5644078254699707
4595,-2.5513904094696045
4596,-3.970292568206787
4597,-4.1091389656066895
4598,-2.802676200866699
4599,-2.720701217651367
4600,-3.138127565383911
4601,-2.855290651321411
4602,-2.3743181228637695
4603,-2.3330540657043457
4604,-4.043799877166748
4605,-3.506835699081421
4606,-3.1313393115997314
4607,-2.88672137260437
4608,-3.6646971702575684
4609,-3.3286380767822266
4610,-2.514840602874756
4611,-2.577505588531494
4612,-3.678636312484741
4613,-3.310973644256592
4614,-3.034846305847168
4615,-2.894680976867676
4616,-4.809531211853027
4617,-3.8780782222747803
4618,-3.7984063625335693
4619,-3.5506277084350586
4620,-4.669400215148926
4621,-3.895537853240967
4622,-3.7219057083129883
4623,-3.577770709991455
4624,-4.047554016113281
4625,-2.862312078475952
4626,-3.14430570602417
4627,-2.6283161640167236
4628,-3.9818122386932373
4629,-3.509679079055786
4630,-3.3903441429138184
4631,-2.9302244186401367
4632,-4.680676460266113
4633,-3.1650216579437256
4634,-3.6812076568603516
4635,-2.7796151638031006
4636,-4.941104412078857
4637,-3.0368494987487793
4638,-3.5346033573150635
4639,-2.5701587200164795
4640,-4.46066951751709
4641,-3.140720844268799
4642,-3.503169536590576
4643,-2.7866172790527344
4644,-4.369515895843506
4645,-3.230433940887451
4646,-3.7176995277404785
4647,-2.938983201980591
4648,-4.1283159255981445
4649,-3.6658010482788086
4650,-3.0045998096466064
4651,-2.8386428356170654
4652,-4.824010848999023
4653,-4.235712051391602
4654,-3.756763458251953
4655,-3.662048101425171
4656,-3.4171829223632812
4657,-2.681854248046875
4658,-2.575056552886963
4659,-2.330695867538452
4660,-4.597475528717041
4661,-4.402810096740723
4662,-3.7305426597595215
4663,-3.436042308807373
4664,-4.004201412200928
4665,-3.1305534839630127
4666,-3.028013229370117
4667,-2.7332818508148193
4668,-4.912755966186523
4669,-3.9365074634552
4670,-3.714172124862671
4671,-3.436957836151123
4672,-4.833892822265625
4673,-3.6334614753723145
4674,-3.352269411087036
4675,-2.9047677516937256
4676,-5.564450740814209
4677,-4.362863063812256
4678,-4.026279449462891
4679,-3.6824123859405518
4680,-4.0272955894470215
4681,-3.123962163925171
4682,-3.153432607650757
4683,-2.7378737926483154
4684,-4.566674709320068
4685,-3.5947906970977783
4686,-3.4475955963134766
4687,-3.036773204803467
4688,-3.301009178161621
4689,-2.6681039333343506
4690,-2.851510763168335
4691,-2.6675615310668945
4692,-4.7608561515808105
4693,-3.969510316848755
4694,-4.022328853607178
4695,-3.570270299911499
4696,-3.668501138687134
4697,-2.8088600635528564
4698,-2.8949546813964844
4699,-2.5115368366241455
4700,-5.039372444152832
4701,-3.9797990322113037
4702,-3.971668243408203
4703,-3.5109031200408936
4704,-4.422743797302246
4705,-3.815810441970825
4706,-3.389138698577881
4707,-3.1769371032714844
4708,-4.46173620223999
4709,-4.4997711181640625
4710,-3.6452155113220215
4711,-3.50557279586792
4712,-4.060094833374023
4713,-3.680532217025757
4714,-2.9159915447235107
4715,-2.6531612873077393
4716,-4.505836486816406
4717,-3.8308281898498535
4718,-3.4769275188446045
4719,-3.313882827758789
4720,-4.725637435913086
4721,-3.4375393390655518
4722,-3.317371368408203
4723,-2.865241289138794
4724,-4.434534549713135
4725,-3.5586814880371094
4726,-3.3499534130096436
4727,-3.0635154247283936
4728,-4.695988655090332
4729,-3.5859971046447754
4730,-3.6502437591552734
4731,-3.127685546875
4732,-4.969563007354736
4733,-3.9831604957580566
4734,-4.002269744873047
4735,-3.598886251449585
4736,-4.664186000823975
4737,-4.201489448547363
4738,-3.569859743118286
4739,-3.1439807415008545
4740,-5.024904727935791
4741,-4.379419803619385
4742,-3.888307571411133
4743,-3.4176206588745117
4744,-4.942690849304199
4745,-3.8457725048065186
4746,-3.663100004196167
4747,-3.350719928741455
4748,-5.3526482582092285
4749,-5.190375804901123
4750,-3.6688408851623535
4751,-3.619950771331787
4752,-4.230955600738525
4753,-3.272045850753784
4754,-3.3687591552734375
4755,-3.022170305252075
4756,-4.56706428527832
4757,-3.8113083839416504
4758,-3.5293045043945312
4759,-3.170969009399414
4760,-3.442336320877075
4761,-2.743511438369751
4762,-2.6491963863372803
4763,-2.434969425201416
4764,-4.699141025543213
4765,-3.7595410346984863
4766,-3.683828830718994
4767,-3.218273639678955
4768,-4.003762245178223
4769,-3.415461301803589
4770,-3.4187514781951904
4771,-3.1126914024353027
4772,-5.027598857879639
4773,-4.450535774230957
4774,-3.9749202728271484
4775,-3.7487170696258545
4776,-4.085865497589111
4777,-3.580218553543091
4778,-3.3666627407073975
4779,-3.182209014892578
4780,-4.194529056549072
4781,-3.601093292236328
4782,-3.5190815925598145
4783,-3.2342677116394043
4784,-3.472196578979492
4785,-2.73041033744812
4786,-2.66711688041687
4787,-2.4801108837127686
4788,-5.157936096191406
4789,-4.97344446182251
4790,-3.908362865447998
4791,-3.64290452003479
4792,-3.97430157661438
4793,-3.1488876342773438
4794,-3.039238691329956
4795,-2.781433582305908
4796,-4.137091636657715
4797,-3.262347936630249
4798,-3.6316821575164795
4799,-3.235592842102051
4800,-3.587415933609009
4801,-3.070267677307129
4802,-3.0670387744903564
4803,-2.9112167358398438
4804,-5.153997421264648
4805,-3.8882033824920654
4806,-4.036483287811279
4807,-3.5951943397521973
4808,-3.5940003395080566
4809,-3.036821126937866
4810,-2.7922308444976807
4811,-2.543428421020508
4812,-4.184188365936279
4813,-3.8120319843292236
4814,-3.433833599090576
4815,-3.165675401687622
4816,-3.8978209495544434
4817,-3.075228691101074
4818,-3.0380232334136963
4819,-2.7862555980682373
4820,-4.769863605499268
4821,-3.717988967895508
4822,-3.5685665607452393
4823,-3.3712356090545654
4824,-4.670237064361572
4825,-4.157140254974365
4826,-3.5984809398651123
4827,-3.5271670818328857
4828,-4.835716247558594
4829,-4.644225120544434
4830,-3.58141827583313
4831,-3.6236209869384766
4832,-3.776646852493286
4833,-2.9118971824645996
4834,-3.040886878967285
4835,-2.531503677368164
4836,-3.6375460624694824
4837,-3.34322452545166
4838,-3.0733141899108887
4839,-2.6718339920043945
4840,-3.5001213550567627
4841,-3.7288010120391846
4842,-2.9344334602355957
4843,-2.7129147052764893
4844,-3.6406662464141846
4845,-3.3540096282958984
4846,-3.235671281814575
4847,-2.9962587356567383
4848,-3.968165874481201
4849,-3.5067901611328125
4850,-2.783761978149414
4851,-2.7384538650512695
4852,-4.0062642097473145
4853,-4.302718162536621
4854,-3.0750343799591064
4855,-3.0497710704803467
4856,-4.954154968261719
4857,-3.8185245990753174
4858,-3.4796407222747803
4859,-3.0963399410247803
4860,-5.513815879821777
4861,-4.26434326171875
4862,-4.055783271789551
4863,-3.666748046875
4864,-5.056258678436279
4865,-3.4869182109832764
4866,-3.707892894744873
4867,-2.9813947677612305
4868,-4.580039024353027
4869,-3.8909738063812256
4870,-3.7826316356658936
4871,-3.1206588745117188
4872,-4.21065616607666
4873,-3.595412492752075
4874,-3.2573699951171875
4875,-3.050438404083252
4876,-4.749993801116943
4877,-3.958167314529419
4878,-3.590491771697998
4879,-3.3452136516571045
4880,-4.264374732971191
4881,-3.7944095134735107
4882,-3.1938655376434326
4883,-3.035783290863037
4884,-4.550616264343262
4885,-3.837334394454956
4886,-3.598886013031006
4887,-3.3226258754730225
4888,-4.2321577072143555
4889,-3.368075370788574
4890,-3.2838199138641357
4891,-2.900867462158203
4892,-4.733068943023682
4893,-3.6730728149414062
4894,-3.5534350872039795
4895,-3.054854393005371
4896,-3.322481155395508
4897,-3.0878467559814453
4898,-2.470409393310547
4899,-2.5444507598876953
4900,-4.575482368469238
4901,-3.855555295944214
4902,-3.5781455039978027
4903,-3.6232190132141113
4904,-3.717866897583008
4905,-3.413069725036621
4906,-2.845614433288574
4907,-2.919522523880005
4908,-4.21264123916626
4909,-4.184606075286865
4910,-3.409250259399414
4911,-3.5299644470214844
4912,-3.5152993202209473
4913,-4.311025142669678
4914,-2.908543586730957
4915,-3.2301523685455322
4916,-3.9029648303985596
4917,-4.656367301940918
4918,-2.786524772644043
4919,-3.1127686500549316
4920,-4.513049602508545
4921,-3.090710401535034
4922,-2.9605915546417236
4923,-2.4899585247039795
4924,-5.267167568206787
4925,-3.761705160140991
4926,-3.7964260578155518
4927,-3.205143690109253
4928,-3.9403631687164307
4929,-2.6037802696228027
4930,-3.009293556213379
4931,-2.381077766418457
4932,-4.67888069152832
4933,-3.5653693675994873
4934,-3.6915805339813232
4935,-3.1675844192504883
4936,-3.0720982551574707
4937,-2.902848958969116
4938,-2.450063943862915
4939,-2.557483673095703
4940,-3.9164764881134033
4941,-3.5381202697753906
4942,-3.112868547439575
4943,-3.1491339206695557
4944,-3.7665481567382812
4945,-3.491788148880005
4946,-2.8536860942840576
4947,-3.0004982948303223
4948,-4.280745506286621
4949,-4.047283172607422
4950,-3.233743667602539
4951,-3.321603298187256
4952,-3.8022842407226562
4953,-3.176607608795166
4954,-3.1235849857330322
4955,-2.9021787643432617
4956,-4.8800048828125
4957,-3.625094175338745
4958,-3.6112983226776123
4959,-3.0703177452087402
4960,-3.673172950744629
4961,-3.2019405364990234
4962,-2.6963441371917725
4963,-2.597752571105957
4964,-3.907777786254883
4965,-3.309399366378784
4966,-3.0061635971069336
4967,-2.792118549346924
4968,-3.7993276119232178
4969,-3.8483707904815674
4970,-2.8381290435791016
4971,-2.7053122520446777
4972,-3.2149763107299805
4973,-2.5471839904785156
4974,-2.56379771232605
4975,-2.41011643409729
4976,-4.0204057693481445
4977,-3.4056236743927
4978,-2.978804349899292
4979,-2.8202037811279297
4980,-4.616241455078125
4981,-3.7022533416748047
4982,-3.3721747398376465
4983,-3.1720709800720215
4984,-3.6695103645324707
4985,-2.905965805053711
4986,-2.88022518157959
4987,-2.6872737407684326
4988,-4.138708114624023
4989,-3.4040298461914062
4990,-3.4217891693115234
4991,-3.117611885070801
4992,-3.745938539505005
4993,-2.987334966659546
4994,-2.972445487976074
4995,-2.745771646499634
4996,-3.738358736038208
4997,-2.9584157466888428
4998,-2.9741783142089844
4999,-2.7762231826782227
5000,-3.9531238079071045
5001,-3.492919445037842
5002,-2.882389783859253
5003,-2.887320041656494
5004,-4.360941410064697
5005,-3.548510789871216
5006,-3.3922996520996094
5007,-3.2950007915496826
5008,-3.727771282196045
5009,-3.253697156906128
5010,-2.780521869659424
5011,-2.847456693649292
5012,-4.51235294342041
5013,-4.886723518371582
5014,-3.643601179122925
5015,-3.5836663246154785
5016,-4.257910251617432
5017,-3.6138477325439453
5018,-3.1463623046875
5019,-2.9745302200317383
5020,-4.375710964202881
5021,-3.7282474040985107
5022,-3.5819499492645264
5023,-3.3389339447021484
5024,-4.534156799316406
5025,-3.3443832397460938
5026,-3.4498653411865234
5027,-2.8914742469787598
5028,-4.019623279571533
5029,-3.652862310409546
5030,-3.226670742034912
5031,-3.1281821727752686
5032,-4.2583160400390625
5033,-3.101059675216675
5034,-3.2799651622772217
5035,-2.740905284881592
5036,-4.60435676574707
5037,-3.7650580406188965
5038,-3.5680012702941895
5039,-2.934037923812866
5040,-3.9352526664733887
5041,-2.7474632263183594
5042,-2.9919638633728027
5043,-2.55527663230896
5044,-3.854609489440918
5045,-3.2159931659698486
5046,-3.4440500736236572
5047,-3.170966625213623
5048,-4.206846237182617
5049,-3.530855894088745
5050,-3.094480037689209
5051,-3.030107021331787
5052,-4.859185695648193
5053,-4.838011264801025
5054,-3.5292844772338867
5055,-3.412299633026123
5056,-3.3681485652923584
5057,-2.7590408325195312
5058,-2.6493632793426514
5059,-2.5362558364868164
5060,-4.566806793212891
5061,-3.9105072021484375
5062,-3.3810906410217285
5063,-3.2690012454986572
5064,-4.079473972320557
5065,-3.255019187927246
5066,-3.2360377311706543
5067,-2.838036060333252
5068,-4.7404632568359375
5069,-3.536241292953491
5070,-3.38006329536438
5071,-2.9657187461853027
5072,-3.4821858406066895
5073,-2.6143600940704346
5074,-2.5989809036254883
5075,-2.375490188598633
5076,-4.8420281410217285
5077,-3.999283790588379
5078,-3.9625184535980225
5079,-3.5711302757263184
5080,-4.072276592254639
5081,-3.1357529163360596
5082,-3.061676025390625
5083,-2.7363033294677734
5084,-4.655333518981934
5085,-3.807175636291504
5086,-3.740133762359619
5087,-3.4416091442108154
5088,-3.71458101272583
5089,-3.2366743087768555
5090,-2.7648048400878906
5091,-2.6515843868255615
5092,-4.26445198059082
5093,-3.3505001068115234
5094,-3.4162864685058594
5095,-3.079045534133911
5096,-4.184823513031006
5097,-3.4404778480529785
5098,-3.341013193130493
5099,-3.0417964458465576
5100,-4.891654968261719
5101,-4.738495826721191
5102,-3.4623851776123047
5103,-3.2677597999572754
5104,-4.500611782073975
5105,-3.4147138595581055
5106,-3.5375475883483887
5107,-3.255974054336548
5108,-4.868500709533691
5109,-3.773646593093872
5110,-3.6265759468078613
5111,-3.2382025718688965
5112,-3.6074025630950928
5113,-3.183730125427246
5114,-3.1237800121307373
5115,-2.903073310852051
5116,-4.8155975341796875
5117,-4.300653457641602
5118,-3.6903905868530273
5119,-3.4657514095306396
5120,-4.23461389541626
5121,-3.300739049911499
5122,-3.3136532306671143
5123,-3.0334463119506836
5124,-4.581260681152344
5125,-3.648733139038086
5126,-3.6144251823425293
5127,-3.21797776222229
5128,-3.862678050994873
5129,-4.148513317108154
5130,-3.328824043273926
5131,-3.0074679851531982
5132,-4.411849021911621
5133,-3.649230718612671
5134,-3.263368606567383
5135,-3.007000684738159
5136,-4.133356094360352
5137,-3.4202795028686523
5138,-3.2613868713378906
5139,-3.047440767288208
5140,-4.63724946975708
5141,-3.71171236038208
5142,-3.5179126262664795
5143,-3.2012364864349365
5144,-3.6875126361846924
5145,-3.9856643676757812
5146,-2.9536216259002686
5147,-3.022603750228882
5148,-3.93088960647583
5149,-3.460123062133789
5150,-3.403301477432251
5151,-3.3702497482299805
5152,-4.176024436950684
5153,-3.884449005126953
5154,-3.4207751750946045
5155,-3.1564552783966064
5156,-3.869668483734131
5157,-3.3302035331726074
5158,-3.4360616207122803
5159,-3.204240560531616
5160,-4.456544876098633
5161,-3.68507981300354
5162,-3.2184712886810303
5163,-3.136765241622925
5164,-5.136407852172852
5165,-3.9062647819519043
5166,-3.5959267616271973
5167,-3.427266836166382
5168,-4.175941467285156
5169,-3.2177493572235107
5170,-3.5129222869873047
5171,-3.2705743312835693
5172,-4.125748634338379
5173,-3.465924024581909
5174,-3.7155089378356934
5175,-3.398501396179199
5176,-3.664501190185547
5177,-3.291309118270874
5178,-3.0494985580444336
5179,-2.7455058097839355
5180,-4.411986827850342
5181,-3.5970048904418945
5182,-3.645174026489258
5183,-3.247692346572876
5184,-3.7703185081481934
5185,-3.385791301727295
5186,-3.207918643951416
5187,-3.046970844268799
5188,-4.75398588180542
5189,-5.040804386138916
5190,-3.442084789276123
5191,-3.339310884475708
5192,-3.90055251121521
5193,-3.775352954864502
5194,-3.049311637878418
5195,-2.8874642848968506
5196,-3.9601972103118896
5197,-3.1646831035614014
5198,-3.197781562805176
5199,-2.9729158878326416
5200,-3.960935354232788
5201,-3.2217140197753906
5202,-3.1278367042541504
5203,-2.9926350116729736
5204,-3.7866268157958984
5205,-3.217796802520752
5206,-3.191851854324341
5207,-2.9718236923217773
5208,-4.007702350616455
5209,-3.9100189208984375
5210,-3.1355886459350586
5211,-3.0033340454101562
5212,-4.690371036529541
5213,-3.8198134899139404
5214,-3.5521011352539062
5215,-3.3171119689941406
5216,-4.392525672912598
5217,-3.3002936840057373
5218,-3.1921231746673584
5219,-2.9326767921447754
5220,-4.918342590332031
5221,-3.7060112953186035
5222,-3.4042372703552246
5223,-2.984139919281006
5224,-4.672405242919922
5225,-3.506458282470703
5226,-3.3034675121307373
5227,-2.921903133392334
5228,-4.617195129394531
5229,-3.6344590187072754
5230,-3.5949008464813232
5231,-3.2104296684265137
5232,-4.405688285827637
5233,-3.5814836025238037
5234,-3.408554792404175
5235,-3.2222583293914795
5236,-4.89571475982666
5237,-4.879583835601807
5238,-3.564960241317749
5239,-3.3345279693603516
5240,-3.216358184814453
5241,-2.9780099391937256
5242,-2.4946110248565674
5243,-2.52787709236145
5244,-4.667640686035156
5245,-4.253902912139893
5246,-3.529819965362549
5247,-3.6567628383636475
5248,-3.1331334114074707
5249,-2.421060085296631
5250,-2.415539503097534
5251,-2.2706305980682373
5252,-3.837236166000366
5253,-3.068014144897461
5254,-3.450673818588257
5255,-3.1122097969055176
5256,-3.5705127716064453
5257,-2.88098406791687
5258,-2.7173221111297607
5259,-2.5275826454162598
5260,-4.167253017425537
5261,-4.42065954208374
5262,-3.4766204357147217
5263,-3.2436583042144775
5264,-3.8015551567077637
5265,-3.4634382724761963
5266,-2.9352638721466064
5267,-2.881211757659912
5268,-4.421297073364258
5269,-4.237576484680176
5270,-3.5643279552459717
5271,-3.4741270542144775
5272,-3.7219083309173584
5273,-3.3680641651153564
5274,-2.7028939723968506
5275,-2.643235683441162
5276,-4.209407806396484
5277,-3.975621461868286
5278,-3.3838844299316406
5279,-3.3064868450164795
5280,-4.11420202255249
5281,-3.8645150661468506
5282,-2.8036110401153564
5283,-3.004957914352417
5284,-4.422246932983398
5285,-4.043285846710205
5286,-3.350311040878296
5287,-3.5202460289001465
5288,-3.1962032318115234
5289,-2.9330058097839355
5290,-2.4108898639678955
5291,-2.5970962047576904
5292,-4.275132179260254
5293,-4.656659126281738
5294,-2.9375998973846436
5295,-3.14233136177063
5296,-4.03418493270874
5297,-3.41558837890625
5298,-3.015812397003174
5299,-2.9375739097595215
5300,-4.6294684410095215
5301,-4.207325458526611
5302,-3.454848051071167
5303,-3.358893394470215
5304,-4.895762920379639
5305,-3.9670214653015137
5306,-3.758110761642456
5307,-3.3888869285583496
5308,-5.043214797973633
5309,-4.796996116638184
5310,-3.8673973083496094
5311,-3.58624529838562
5312,-4.822323799133301
5313,-3.8917160034179688
5314,-3.879554510116577
5315,-3.5137012004852295
5316,-5.219785690307617
5317,-3.9572746753692627
5318,-3.783841371536255
5319,-3.4931352138519287
5320,-5.0464253425598145
5321,-4.009536266326904
5322,-4.038532257080078
5323,-3.683711290359497
5324,-4.4870686531066895
5325,-3.4735357761383057
5326,-3.7419755458831787
5327,-3.4179470539093018
5328,-5.396727085113525
5329,-3.7742905616760254
5330,-3.9371702671051025
5331,-3.0960440635681152
5332,-5.061646461486816
5333,-3.5914855003356934
5334,-4.135517120361328
5335,-3.322061538696289
5336,-5.03045654296875
5337,-3.771564483642578
5338,-3.5985946655273438
5339,-2.8764140605926514
5340,-4.8646111488342285
5341,-4.070540904998779
5342,-3.8555712699890137
5343,-3.127107858657837
5344,-3.825531482696533
5345,-3.109243869781494
5346,-3.0401458740234375
5347,-2.748292922973633
5348,-3.9752109050750732
5349,-3.432546377182007
5350,-3.6352758407592773
5351,-3.359584331512451
5352,-3.8140368461608887
5353,-3.6183412075042725
5354,-2.939117193222046
5355,-2.703815221786499
5356,-4.432708740234375
5357,-4.113912582397461
5358,-3.572148323059082
5359,-3.2458925247192383
5360,-3.495354175567627
5361,-3.150609254837036
5362,-2.7296416759490967
5363,-2.55757474899292
5364,-4.305760860443115
5365,-4.764529705047607
5366,-3.293217420578003
5367,-3.3802547454833984
5368,-3.5391409397125244
5369,-3.243394613265991
5370,-2.8510732650756836
5371,-2.5768401622772217
5372,-3.8716955184936523
5373,-3.2979519367218018
5374,-3.297981023788452
5375,-3.022737503051758
5376,-3.78359055519104
5377,-3.9245595932006836
5378,-2.6304564476013184
5379,-2.5409421920776367
5380,-4.323606491088867
5381,-3.487335205078125
5382,-3.31919002532959
5383,-3.105492353439331
5384,-3.905299425125122
5385,-3.2639105319976807
5386,-2.8284811973571777
5387,-2.6356639862060547
5388,-4.783265113830566
5389,-3.700563669204712
5390,-3.606187343597412
5391,-3.380011558532715
5392,-3.349632978439331
5393,-2.7330942153930664
5394,-2.705247402191162
5395,-2.4649178981781006
5396,-4.5714335441589355
5397,-3.6381893157958984
5398,-3.5609488487243652
5399,-3.225970983505249
5400,-3.562582492828369
5401,-2.8682987689971924
5402,-2.686445713043213
5403,-2.5105533599853516
5404,-3.933013916015625
5405,-3.1880786418914795
5406,-3.5778884887695312
5407,-3.1273975372314453
5408,-4.08978796005249
5409,-3.1139118671417236
5410,-3.107367992401123
5411,-2.5539634227752686
5412,-4.180555820465088
5413,-3.261923313140869
5414,-3.342697858810425
5415,-2.87433123588562
5416,-3.488833427429199
5417,-3.264528751373291
5418,-2.8719449043273926
5419,-3.1182327270507812
5420,-4.326401233673096
5421,-4.234189033508301
5422,-3.3981542587280273
5423,-3.738468885421753
5424,-3.5196340084075928
5425,-3.373939037322998
5426,-2.8808634281158447
5427,-3.1391053199768066
5428,-4.201539993286133
5429,-4.140844821929932
5430,-3.546348810195923
5431,-3.8601090908050537
5432,-3.2599740028381348
5433,-2.5302627086639404
5434,-2.447303295135498
5435,-2.195648193359375
5436,-3.9747462272644043
5437,-3.0964436531066895
5438,-3.1154942512512207
5439,-2.855347156524658
5440,-3.7556345462799072
5441,-2.751434087753296
5442,-2.7800917625427246
5443,-2.3703036308288574
5444,-4.887917995452881
5445,-3.6682069301605225
5446,-3.7145705223083496
5447,-3.309624433517456
5448,-4.224462985992432
5449,-3.1270246505737305
5450,-3.175609588623047
5451,-2.7821662425994873
5452,-4.473113536834717
5453,-3.30655574798584
5454,-3.430659055709839
5455,-2.8729825019836426
5456,-4.638321399688721
5457,-3.8360066413879395
5458,-3.344607353210449
5459,-3.162982940673828
5460,-4.084177494049072
5461,-3.4252614974975586
5462,-3.179959774017334
5463,-2.992238998413086
5464,-4.1871337890625
5465,-3.2435142993927
5466,-3.026430368423462
5467,-2.7832143306732178
5468,-4.986043930053711
5469,-4.016213893890381
5470,-3.9173901081085205
5471,-3.565310478210449
5472,-3.5060200691223145
5473,-2.7363178730010986
5474,-3.138352155685425
5475,-2.7707738876342773
5476,-4.863692760467529
5477,-4.198822021484375
5478,-3.875589370727539
5479,-3.3394083976745605
5480,-3.2714481353759766
5481,-2.5302937030792236
5482,-2.7930409908294678
5483,-2.5371875762939453
5484,-3.9358699321746826
5485,-4.468364238739014
5486,-3.569094657897949
5487,-3.3641998767852783
5488,-4.103613376617432
5489,-3.2677674293518066
5490,-2.9729976654052734
5491,-2.654003620147705
5492,-4.828729152679443
5493,-3.9715778827667236
5494,-3.8285884857177734
5495,-3.4497923851013184
5496,-3.889249086380005
5497,-3.6962907314300537
5498,-3.3256924152374268
5499,-3.3244874477386475
5500,-4.424965858459473
5501,-3.9548873901367188
5502,-3.4483797550201416
5503,-3.457345962524414
5504,-3.792724609375
5505,-3.5808792114257812
5506,-3.133202075958252
5507,-3.0303733348846436
5508,-4.129499435424805
5509,-3.844696521759033
5510,-3.4644651412963867
5511,-3.4888393878936768
5512,-3.4392125606536865
5513,-2.8246235847473145
5514,-3.0333073139190674
5515,-2.815551280975342
5516,-4.32309103012085
5517,-3.5338101387023926
5518,-3.318190336227417
5519,-2.8943512439727783
5520,-3.762647867202759
5521,-4.314572811126709
5522,-2.5448288917541504
5523,-2.923551559448242
5524,-3.9791314601898193
5525,-3.4110498428344727
5526,-3.1339895725250244
5527,-2.991074800491333
5528,-4.965356826782227
5529,-4.78173828125
5530,-3.184035539627075
5531,-3.027876853942871
5532,-4.479643821716309
5533,-3.5079212188720703
5534,-3.3451969623565674
5535,-2.9791436195373535
5536,-4.3969244956970215
5537,-4.20742130279541
5538,-3.3137054443359375
5539,-2.8914742469787598
5540,-5.046466827392578
5541,-3.8496506214141846
5542,-3.8310277462005615
5543,-3.280552387237549
5544,-3.568338632583618
5545,-2.937243938446045
5546,-2.71610689163208
5547,-2.4608187675476074
5548,-4.889852523803711
5549,-4.92492151260376
5550,-3.333791971206665
5551,-3.204587936401367
5552,-3.274947166442871
5553,-2.7967183589935303
5554,-2.6656177043914795
5555,-2.4834461212158203
5556,-4.111217021942139
5557,-3.4043819904327393
5558,-3.576355457305908
5559,-3.360732078552246
5560,-3.704451084136963
5561,-2.8605520725250244
5562,-2.796649694442749
5563,-2.5019192695617676
5564,-5.039471626281738
5565,-4.704452991485596
5566,-3.685546875
5567,-3.314703941345215
5568,-4.120574951171875
5569,-3.1427316665649414
5570,-3.0827150344848633
5571,-2.768536329269409
5572,-4.492175102233887
5573,-3.4580695629119873
5574,-3.4962103366851807
5575,-3.1131885051727295
5576,-4.403991222381592
5577,-3.3415396213531494
5578,-3.2761456966400146
5579,-2.824639081954956
5580,-4.177096366882324
5581,-3.3148577213287354
5582,-3.370305299758911
5583,-3.0131518840789795
5584,-4.164472579956055
5585,-3.6268293857574463
5586,-3.1856346130371094
5587,-2.8276851177215576
5588,-4.189228057861328
5589,-3.8492581844329834
5590,-3.7787866592407227
5591,-3.6261723041534424
5592,-3.6106855869293213
5593,-2.9039134979248047
5594,-2.7916018962860107
5595,-2.536351442337036
5596,-4.267019271850586
5597,-3.768289804458618
5598,-3.6496691703796387
5599,-3.238739252090454
5600,-3.7339656352996826
5601,-3.2130300998687744
5602,-3.1304144859313965
5603,-2.85518479347229
5604,-4.499699115753174
5605,-3.9870800971984863
5606,-3.9820048809051514
5607,-3.5657596588134766
5608,-4.088404178619385
5609,-3.384138822555542
5610,-3.112732410430908
5611,-2.845283269882202
5612,-4.669842720031738
5613,-4.1215972900390625
5614,-3.706998109817505
5615,-3.3572306632995605
5616,-4.717209815979004
5617,-4.185571670532227
5618,-3.2104148864746094
5619,-2.657801866531372
5620,-4.358409881591797
5621,-3.267329692840576
5622,-3.599905490875244
5623,-3.1205294132232666
5624,-3.8376858234405518
5625,-3.560211181640625
5626,-3.145620346069336
5627,-2.6329007148742676
5628,-4.358409881591797
5629,-3.267329692840576
5630,-3.599905490875244
5631,-3.1205294132232666
5632,-4.066323757171631
5633,-3.2283830642700195
5634,-3.4807064533233643
5635,-2.9143874645233154
5636,-5.128933429718018
5637,-3.8050904273986816
5638,-3.8139538764953613
5639,-3.173548698425293
5640,-4.2015380859375
5641,-3.85827374458313
5642,-3.154996395111084
5643,-2.6628994941711426
5644,-5.420825481414795
5645,-4.872086524963379
5646,-3.6269774436950684
5647,-3.0604300498962402
5648,-4.810700416564941
5649,-3.81463360786438
5650,-3.7813289165496826
5651,-3.3684041500091553
5652,-4.569215297698975
5653,-3.7450153827667236
5654,-3.6990067958831787
5655,-3.41255521774292
5656,-4.213359355926514
5657,-3.885791063308716
5658,-3.086667776107788
5659,-2.9815402030944824
5660,-4.471100807189941
5661,-4.04095983505249
5662,-3.5141854286193848
5663,-3.3523306846618652
5664,-4.428297996520996
5665,-3.2864983081817627
5666,-3.281048536300659
5667,-2.7948238849639893
5668,-4.744523048400879
5669,-4.2679033279418945
5670,-3.7482528686523438
5671,-3.3316409587860107
5672,-3.571873426437378
5673,-2.8243093490600586
5674,-2.8628711700439453
5675,-2.415508270263672
5676,-4.492302417755127
5677,-4.411596298217773
5678,-3.6754424571990967
5679,-3.1974904537200928
5680,-3.71519136428833
5681,-2.9859249591827393
5682,-3.2300219535827637
5683,-2.9157140254974365
5684,-4.762444496154785
5685,-4.474780559539795
5686,-3.684817314147949
5687,-3.356982946395874
5688,-4.613234996795654
5689,-3.387793779373169
5690,-3.4051899909973145
5691,-3.059513807296753
5692,-4.603787422180176
5693,-4.094420433044434
5694,-3.716362476348877
5695,-3.3074588775634766
5696,-4.144863605499268
5697,-3.2285385131835938
5698,-3.31003737449646
5699,-3.0523841381073
5700,-3.976508378982544
5701,-3.34839129447937
5702,-3.1410751342773438
5703,-2.873396873474121
5704,-4.004383563995361
5705,-4.226667881011963
5706,-3.6467583179473877
5707,-3.3940436840057373
5708,-4.051106929779053
5709,-2.8451755046844482
5710,-3.502976179122925
5711,-3.1063647270202637
5712,-3.186279296875
5713,-2.599799871444702
5714,-2.3523569107055664
5715,-2.3601298332214355
5716,-3.8890044689178467
5717,-3.861974000930786
5718,-3.262894630432129
5719,-3.3255438804626465
5720,-3.4893746376037598
5721,-3.1320087909698486
5722,-2.765402317047119
5723,-2.7046406269073486
5724,-4.195315361022949
5725,-3.766201972961426
5726,-3.3503425121307373
5727,-3.333414316177368
5728,-5.037685394287109
5729,-3.7929179668426514
5730,-3.5032711029052734
5731,-3.2077133655548096
5732,-5.467164039611816
5733,-4.3000054359436035
5734,-4.028295993804932
5735,-3.6971943378448486
5736,-3.61322021484375
5737,-2.8840293884277344
5738,-2.875591993331909
5739,-2.6041080951690674
5740,-4.84451961517334
5741,-4.07816219329834
5742,-3.7917771339416504
5743,-3.469799280166626
5744,-3.346543073654175
5745,-2.727900981903076
5746,-2.6439709663391113
5747,-2.4740359783172607
5748,-3.7783706188201904
5749,-3.0441555976867676
5750,-2.8722238540649414
5751,-2.6478073596954346
5752,-3.188077211380005
5753,-3.3152923583984375
5754,-2.553025722503662
5755,-2.3772354125976562
5756,-3.889840841293335
5757,-3.6610608100891113
5758,-3.157193899154663
5759,-2.9404561519622803
5760,-3.7404258251190186
5761,-3.0447981357574463
5762,-2.904306411743164
5763,-2.6774356365203857
5764,-4.468969345092773
5765,-3.521751880645752
5766,-3.35825777053833
5767,-3.09675669670105
5768,-3.8606767654418945
5769,-3.470900535583496
5770,-2.931518077850342
5771,-2.769554615020752
5772,-4.986141681671143
5773,-3.930333137512207
5774,-3.9163177013397217
5775,-3.603827476501465
5776,-3.736743927001953
5777,-3.2695717811584473
5778,-3.0036168098449707
5779,-2.9201595783233643
5780,-3.9978837966918945
5781,-3.2934792041778564
5782,-3.1593170166015625
5783,-3.0675880908966064
5784,-4.3981852531433105
5785,-3.630610704421997
5786,-3.2214674949645996
5787,-2.9624176025390625
5788,-4.534713268280029
5789,-3.933389186859131
5790,-3.8447959423065186
5791,-3.523057699203491
5792,-4.4130859375
5793,-3.4423229694366455
5794,-3.117159128189087
5795,-2.914274215698242
5796,-3.8983402252197266
5797,-3.388770818710327
5798,-3.6078109741210938
5799,-3.358780860900879
5800,-3.7929093837738037
5801,-3.5071873664855957
5802,-3.0052268505096436
5803,-2.956895112991333
5804,-3.8472237586975098
5805,-3.256796360015869
5806,-3.1266322135925293
5807,-3.029221296310425
5808,-3.8868772983551025
5809,-3.6934897899627686
5810,-2.7279186248779297
5811,-2.5238704681396484
5812,-4.752239227294922
5813,-4.435741424560547
5814,-3.8578171730041504
5815,-3.9022185802459717
5816,-3.9191174507141113
5817,-3.296616792678833
5818,-2.8892810344696045
5819,-2.7984840869903564
5820,-4.291493892669678
5821,-4.208420753479004
5822,-3.4001853466033936
5823,-3.4716897010803223
5824,-4.427597999572754
5825,-3.613922119140625
5826,-3.3019278049468994
5827,-2.9999959468841553
5828,-4.678663730621338
5829,-4.08058500289917
5830,-3.464473247528076
5831,-3.335498809814453
5832,-4.6497273445129395
5833,-4.451429843902588
5834,-3.554746627807617
5835,-3.279327392578125
5836,-4.937808036804199
5837,-4.015779972076416
5838,-3.750251531600952
5839,-3.4764206409454346
5840,-4.3152899742126465
5841,-3.6530568599700928
5842,-3.3708693981170654
5843,-3.151357650756836
5844,-4.543604850769043
5845,-3.9273300170898438
5846,-3.558485746383667
5847,-3.3159937858581543
5848,-3.881359815597534
5849,-2.934921979904175
5850,-3.326286554336548
5851,-3.0091099739074707
5852,-4.151770114898682
5853,-3.5249037742614746
5854,-3.402024269104004
5855,-3.1625890731811523
5856,-4.16533899307251
5857,-3.640981674194336
5858,-3.111268997192383
5859,-2.8359341621398926
5860,-4.6359734535217285
5861,-4.3911309242248535
5862,-3.746577024459839
5863,-3.414560079574585
5864,-4.151259422302246
5865,-3.2123634815216064
5866,-3.132355213165283
5867,-2.611963987350464
5868,-5.217771530151367
5869,-3.898529052734375
5870,-3.941910982131958
5871,-3.4125545024871826
5872,-4.6205949783325195
5873,-3.968630313873291
5874,-3.424805164337158
5875,-3.177189350128174
5876,-5.222981929779053
5877,-5.508719444274902
5878,-3.967238426208496
5879,-3.8310866355895996
5880,-4.018625259399414
5881,-3.3671884536743164
5882,-3.1232681274414062
5883,-2.8228628635406494
5884,-4.717982292175293
5885,-3.816317081451416
5886,-3.6760778427124023
5887,-3.445463180541992
5888,-4.046058177947998
5889,-3.7178802490234375
5890,-3.0252857208251953
5891,-2.721666097640991
5892,-4.959114074707031
5893,-3.8688225746154785
5894,-3.8322761058807373
5895,-3.378645658493042
5896,-3.8878016471862793
5897,-3.4308619499206543
5898,-3.204148054122925
5899,-2.8791563510894775
5900,-4.308687686920166
5901,-3.8628246784210205
5902,-3.6791703701019287
5903,-3.355787515640259
5904,-3.7145283222198486
5905,-3.115957260131836
5906,-2.881549835205078
5907,-2.588955879211426
5908,-4.646265983581543
5909,-4.079075813293457
5910,-3.7424278259277344
5911,-3.2121589183807373
5912,-4.140453815460205
5913,-4.6539130210876465
5914,-3.339472532272339
5915,-3.544743299484253
5916,-4.5982513427734375
5917,-4.495395183563232
5918,-3.5892529487609863
5919,-3.811990261077881
5920,-3.8073806762695312
5921,-3.3420684337615967
5922,-3.159761428833008
5923,-2.7956371307373047
5924,-4.46625280380249
5925,-3.3440511226654053
5926,-3.420306444168091
5927,-3.069509983062744
5928,-4.237375259399414
5929,-3.398211717605591
5930,-3.227903366088867
5931,-2.9319825172424316
5932,-4.41718053817749
5933,-3.9548115730285645
5934,-3.3490302562713623
5935,-3.4209084510803223
5936,-3.502229928970337
5937,-2.51690411567688
5938,-2.5838675498962402
5939,-2.142160415649414
5940,-4.050422191619873
5941,-3.2021493911743164
5942,-3.580406665802002
5943,-3.1037726402282715
5944,-3.7232680320739746
5945,-2.9172980785369873
5946,-2.894512414932251
5947,-2.4190163612365723
5948,-4.104255199432373
5949,-3.540196657180786
5950,-3.4989914894104004
5951,-3.111617088317871
5952,-3.986839771270752
5953,-3.372310161590576
5954,-3.30056095123291
5955,-3.0753653049468994
5956,-4.727222919464111
5957,-3.9841132164001465
5958,-3.6073591709136963
5959,-3.451934337615967
5960,-2.7038726806640625
5961,-2.3761227130889893
5962,-2.233370304107666
5963,-2.2199864387512207
5964,-3.535810708999634
5965,-3.1464805603027344
5966,-3.1403074264526367
5967,-3.070183515548706
5968,-3.0861504077911377
5969,-2.8063151836395264
5970,-2.547280788421631
5971,-2.466547727584839
5972,-4.187549591064453
5973,-4.739303112030029
5974,-3.2490506172180176
5975,-3.2952823638916016
5976,-4.444692611694336
5977,-3.8850202560424805
5978,-3.1274585723876953
5979,-3.316347599029541
5980,-4.019650936126709
5981,-4.972708225250244
5982,-3.6158034801483154
5983,-3.567321300506592
5984,-4.100258827209473
5985,-3.3271090984344482
5986,-3.0923705101013184
5987,-2.8922033309936523
5988,-4.731058597564697
5989,-3.7964043617248535
5990,-3.5110113620758057
5991,-3.0400733947753906
5992,-4.554023742675781
5993,-3.5393173694610596
5994,-3.0066022872924805
5995,-2.917060375213623
5996,-4.953596115112305
5997,-4.358935832977295
5998,-3.631744861602783
5999,-3.2951953411102295
6000,-3.7803285121917725
6001,-2.8710062503814697
6002,-3.161055326461792
6003,-2.8602542877197266
6004,-4.6615142822265625
6005,-3.6461894512176514
6006,-3.432523727416992
6007,-3.0525152683258057
6008,-4.1489715576171875
6009,-3.714891195297241
6010,-3.0202207565307617
6011,-2.888645648956299
6012,-5.179736614227295
6013,-3.858137369155884
6014,-3.6296894550323486
6015,-3.3138320446014404
6016,-3.5485949516296387
6017,-2.9668941497802734
6018,-2.6928553581237793
6019,-2.43432879447937
6020,-4.041164875030518
6021,-3.4779529571533203
6022,-3.2877821922302246
6023,-3.0290920734405518
6024,-4.161769866943359
6025,-3.560523271560669
6026,-3.082310199737549
6027,-2.882814645767212
6028,-4.049198627471924
6029,-3.225851058959961
6030,-3.674708127975464
6031,-3.20841121673584
6032,-3.4617185592651367
6033,-2.5881521701812744
6034,-2.535005569458008
6035,-2.337970733642578
6036,-4.649914741516113
6037,-3.694455862045288
6038,-3.6225407123565674
6039,-3.354348659515381
6040,-3.8961825370788574
6041,-3.082699775695801
6042,-2.9029810428619385
6043,-2.674638032913208
6044,-4.975436210632324
6045,-4.949548721313477
6046,-3.3031628131866455
6047,-3.114269971847534
6048,-3.4004273414611816
6049,-2.7877767086029053
6050,-2.6949305534362793
6051,-2.4710936546325684
6052,-4.878111839294434
6053,-3.837999105453491
6054,-3.5895919799804688
6055,-3.406972885131836
6056,-4.332277297973633
6057,-3.3453495502471924
6058,-3.3377866744995117
6059,-2.7430877685546875
6060,-4.3486762046813965
6061,-3.3920512199401855
6062,-3.443481922149658
6063,-2.919548511505127
6064,-4.304928779602051
6065,-4.952631950378418
6066,-3.102152109146118
6067,-3.3410403728485107
6068,-5.484189987182617
6069,-4.898929595947266
6070,-3.783529281616211
6071,-4.125554084777832
6072,-3.6367712020874023
6073,-2.9037253856658936
6074,-2.839355945587158
6075,-2.6103291511535645
6076,-4.126210689544678
6077,-3.3004767894744873
6078,-3.282282590866089
6079,-3.0737640857696533
6080,-3.848715305328369
6081,-2.972405195236206
6082,-2.9869396686553955
6083,-2.5626301765441895
6084,-5.219488620758057
6085,-3.8228843212127686
6086,-3.953004837036133
6087,-3.450637102127075
6088,-3.748551368713379
6089,-3.6307923793792725
6090,-2.8440282344818115
6091,-2.4529430866241455
6092,-4.376334190368652
6093,-3.4856441020965576
6094,-3.2811975479125977
6095,-2.830207347869873
6096,-3.5357627868652344
6097,-3.0546774864196777
6098,-2.7112207412719727
6099,-2.538437843322754
6100,-4.033122539520264
6101,-3.4319465160369873
6102,-3.4357235431671143
6103,-3.222898006439209
6104,-3.063692331314087
6105,-2.7467474937438965
6106,-2.358649492263794
6107,-2.260815382003784
6108,-4.060707092285156
6109,-3.6687123775482178
6110,-3.0550951957702637
6111,-2.8835575580596924
6112,-3.178616762161255
6113,-2.7313222885131836
6114,-2.651670217514038
6115,-2.472977638244629
6116,-4.558009147644043
6117,-3.8725662231445312
6118,-3.4113805294036865
6119,-3.1846370697021484
6120,-3.3293356895446777
6121,-2.8798630237579346
6122,-2.452941656112671
6123,-2.507995367050171
6124,-3.5854403972625732
6125,-3.270747184753418
6126,-3.3047614097595215
6127,-3.2927486896514893
6128,-3.890420436859131
6129,-3.8224098682403564
6130,-3.1297011375427246
6131,-3.227705955505371
6132,-4.363480567932129
6133,-4.109589576721191
6134,-3.733767032623291
6135,-3.742591381072998
6136,-3.821873426437378
6137,-3.297781229019165
6138,-2.9039485454559326
6139,-2.9297711849212646
6140,-4.385219097137451
6141,-4.030089378356934
6142,-3.456819772720337
6143,-3.4711556434631348
6144,-3.278538942337036
6145,-3.142495632171631
6146,-2.867783308029175
6147,-2.8745713233947754
6148,-4.449665546417236
6149,-4.185750484466553
6150,-3.443345546722412
6151,-3.438462734222412
6152,-3.008615016937256
6153,-2.659579038619995
6154,-2.3282902240753174
6155,-2.3377797603607178
6156,-4.095239639282227
6157,-4.672248363494873
6158,-3.3087265491485596
6159,-3.319676637649536
6160,-3.4307057857513428
6161,-3.0900673866271973
6162,-2.670290470123291
6163,-2.620870590209961
6164,-4.12679386138916
6165,-3.9901013374328613
6166,-3.3010125160217285
6167,-3.2982819080352783
6168,-3.2579739093780518
6169,-2.5588958263397217
6170,-2.536975622177124
6171,-2.3267529010772705
6172,-4.536357879638672
6173,-4.320046424865723
6174,-3.670832633972168
6175,-3.34664249420166
6176,-3.5847911834716797
6177,-2.989100217819214
6178,-2.913241147994995
6179,-2.6370091438293457
6180,-4.102624893188477
6181,-3.4546985626220703
6182,-3.4813451766967773
6183,-3.1337392330169678
6184,-3.189181089401245
6185,-2.990161895751953
6186,-2.5778512954711914
6187,-2.679072856903076
6188,-4.43181037902832
6189,-4.833321571350098
6190,-3.3967502117156982
6191,-3.393854856491089
6192,-4.303106784820557
6193,-3.8665969371795654
6194,-3.307004690170288
6195,-3.412978172302246
6196,-4.43181037902832
6197,-4.833321571350098
6198,-3.3967502117156982
6199,-3.393854856491089
6200,-4.122053146362305
6201,-3.8760037422180176
6202,-2.9916508197784424
6203,-3.043745994567871
6204,-5.130611419677734
6205,-4.706674575805664
6206,-3.8731682300567627
6207,-3.578921318054199
6208,-4.785172462463379
6209,-3.5316033363342285
6210,-3.4914121627807617
6211,-2.8702354431152344
6212,-5.054431438446045
6213,-3.70671010017395
6214,-3.738327980041504
6215,-3.1716675758361816
6216,-4.271269798278809
6217,-2.9429211616516113
6218,-3.152411937713623
6219,-2.6319451332092285
6220,-4.964654922485352
6221,-5.024637222290039
6222,-4.164597988128662
6223,-3.7268760204315186
6224,-4.229976654052734
6225,-3.80096697807312
6226,-3.0811514854431152
6227,-3.151630401611328
6228,-4.578616619110107
6229,-3.994533061981201
6230,-3.5160584449768066
6231,-3.4291577339172363
6232,-3.564764976501465
6233,-2.938805103302002
6234,-2.5323476791381836
6235,-2.6019911766052246
6236,-4.909734725952148
6237,-4.84844446182251
6238,-3.8194212913513184
6239,-3.7384519577026367
6240,-3.96844482421875
6241,-3.473027467727661
6242,-3.0424153804779053
6243,-2.9569547176361084
6244,-4.273767471313477
6245,-3.6769001483917236
6246,-3.3409202098846436
6247,-3.260079860687256
6248,-3.3344032764434814
6249,-2.781092405319214
6250,-2.547229766845703
6251,-2.475396156311035
6252,-4.581309795379639
6253,-3.801527738571167
6254,-3.4896533489227295
6255,-3.414180278778076
6256,-4.072333335876465
6257,-2.972404718399048
6258,-3.113919258117676
6259,-2.557776689529419
6260,-5.146266937255859
6261,-5.278040885925293
6262,-4.38191032409668
6263,-3.90364933013916
6264,-2.616820812225342
6265,-2.309292793273926
6266,-2.1857995986938477
6267,-2.0849392414093018
6268,-3.376424551010132
6269,-3.0335919857025146
6270,-3.1551175117492676
6271,-3.0648162364959717
6272,-3.0875473022460938
6273,-2.614439010620117
6274,-2.611457586288452
6275,-2.4202287197113037
6276,-3.376424551010132
6277,-3.0335919857025146
6278,-3.1551175117492676
6279,-3.0648162364959717
6280,-4.386923789978027
6281,-3.3943755626678467
6282,-3.19158673286438
6283,-2.916199207305908
6284,-4.430001735687256
6285,-3.8365402221679688
6286,-3.6992828845977783
6287,-3.482893228530884
6288,-3.858325242996216
6289,-3.0776333808898926
6290,-2.9702887535095215
6291,-2.7324936389923096
6292,-4.062074184417725
6293,-3.4197757244110107
6294,-3.5042872428894043
6295,-3.2790019512176514
6296,-4.4884138107299805
6297,-3.865065574645996
6298,-3.3968396186828613
6299,-3.155900001525879
6300,-5.452595233917236
6301,-4.92754602432251
6302,-4.384240627288818
6303,-4.261055946350098
6304,-4.1781005859375
6305,-3.2800920009613037
6306,-3.238642454147339
6307,-3.0190277099609375
6308,-4.970861434936523
6309,-5.02510929107666
6310,-3.757059335708618
6311,-3.6371209621429443
6312,-4.046462535858154
6313,-3.92010235786438
6314,-3.017970323562622
6315,-3.317603588104248
6316,-4.904648780822754
6317,-4.834098815917969
6318,-3.676090955734253
6319,-3.9643421173095703
6320,-3.303553581237793
6321,-3.3188891410827637
6322,-2.5218827724456787
6323,-2.808804750442505
6324,-4.0390305519104
6325,-3.971837282180786
6326,-3.298522472381592
6327,-3.676938772201538
6328,-4.429624557495117
6329,-3.3162739276885986
6330,-3.122934103012085
6331,-2.759619951248169
6332,-4.777124404907227
6333,-3.8466973304748535
6334,-3.5645039081573486
6335,-3.219419002532959
6336,-4.182788372039795
6337,-3.7823777198791504
6338,-3.3781118392944336
6339,-3.2747294902801514
6340,-4.578559875488281
6341,-4.721338272094727
6342,-3.48721981048584
6343,-3.558971881866455
6344,-4.715920448303223
6345,-3.6924540996551514
6346,-3.384662389755249
6347,-3.053769588470459
6348,-4.474198341369629
6349,-3.7498321533203125
6350,-3.604217529296875
6351,-3.2592551708221436
6352,-4.202803611755371
6353,-3.5177242755889893
6354,-3.2920360565185547
6355,-2.9778480529785156
6356,-5.465925216674805
6357,-5.664799213409424
6358,-3.851775646209717
6359,-3.5392491817474365
6360,-4.277587890625
6361,-3.906203508377075
6362,-2.9286625385284424
6363,-3.1380622386932373
6364,-4.865573883056641
6365,-4.651310920715332
6366,-3.560513973236084
6367,-3.7849538326263428
6368,-3.6799986362457275
6369,-3.27469801902771
6370,-2.6611175537109375
6371,-2.845426559448242
6372,-4.6455769538879395
6373,-4.300782203674316
6374,-3.472921848297119
6375,-3.6656572818756104
6376,-3.1136257648468018
6377,-2.747196912765503
6378,-2.3460540771484375
6379,-2.4186673164367676
6380,-4.298004150390625
6381,-3.8818414211273193
6382,-3.2188191413879395
6383,-3.3613343238830566
6384,-3.4281702041625977
6385,-3.1430084705352783
6386,-2.6153206825256348
6387,-2.7803256511688232
6388,-4.199709415435791
6389,-3.8425285816192627
6390,-3.067061185836792
6391,-3.24238920211792
6392,-2.847412347793579
6393,-2.264575242996216
6394,-2.3633599281311035
6395,-2.1541407108306885
6396,-3.242079973220825
6397,-2.9865448474884033
6398,-3.2523193359375
6399,-2.9718942642211914
6400,-3.2322630882263184
6401,-2.6819591522216797
6402,-2.7088866233825684
6403,-2.4544990062713623
6404,-3.4453582763671875
6405,-3.0027267932891846
6406,-3.1683452129364014
6407,-2.8666398525238037
6408,-3.418414831161499
6409,-2.704253911972046
6410,-2.6551437377929688
6411,-2.4364895820617676
6412,-5.060751914978027
6413,-4.169064044952393
6414,-3.8561596870422363
6415,-3.516305923461914
6416,-4.40108060836792
6417,-3.6273226737976074
6418,-3.299800157546997
6419,-2.987333297729492
6420,-5.126060485839844
6421,-4.119745254516602
6422,-3.7916150093078613
6423,-3.489596366882324
6424,-5.147398471832275
6425,-4.191435813903809
6426,-3.2412750720977783
6427,-2.815774917602539
6428,-5.622664451599121
6429,-4.526987075805664
6430,-4.043875217437744
6431,-3.9767637252807617
6432,-3.532620668411255
6433,-3.2182371616363525
6434,-2.791243314743042
6435,-2.6155459880828857
6436,-3.8817689418792725
6437,-3.265749454498291
6438,-3.1089560985565186
6439,-2.8740341663360596
6440,-3.514329671859741
6441,-3.392235517501831
6442,-2.510897159576416
6443,-2.379223346710205
6444,-4.1491899490356445
6445,-3.747603178024292
6446,-3.4759299755096436
6447,-3.1811821460723877
6448,-4.475685119628906
6449,-3.7754673957824707
6450,-3.3244473934173584
6451,-3.0149571895599365
6452,-5.030941486358643
6453,-4.549680233001709
6454,-3.9362456798553467
6455,-3.5310094356536865
6456,-4.468932151794434
6457,-4.012678146362305
6458,-2.969472885131836
6459,-2.65645170211792
6460,-5.0623297691345215
6461,-3.980126142501831
6462,-3.763770580291748
6463,-3.3297901153564453
6464,-3.963068723678589
6465,-2.9843547344207764
6466,-3.02284574508667
6467,-2.6181564331054688
6468,-4.8690643310546875
6469,-4.382849216461182
6470,-3.5283639430999756
6471,-3.267054319381714
6472,-3.1147372722625732
6473,-3.172656774520874
6474,-2.6537694931030273
6475,-2.57482647895813
6476,-4.101339340209961
6477,-3.609260082244873
6478,-3.193338394165039
6479,-3.128323554992676
6480,-4.067568302154541
6481,-3.728513479232788
6482,-2.9301979541778564
6483,-2.9116904735565186
6484,-4.083342552185059
6485,-3.4217469692230225
6486,-3.2407846450805664
6487,-2.985974073410034
6488,-4.235471248626709
6489,-4.13772439956665
6490,-3.473447322845459
6491,-3.394688129425049
6492,-4.428434371948242
6493,-3.639791488647461
6494,-3.3756468296051025
6495,-3.199216604232788
6496,-3.979893684387207
6497,-3.165921926498413
6498,-3.181943416595459
6499,-2.91694974899292
6500,-4.271103382110596
6501,-3.624659299850464
6502,-3.2408194541931152
6503,-3.124359130859375
6504,-4.2979326248168945
6505,-3.2678964138031006
6506,-3.436929941177368
6507,-2.9535045623779297
6508,-5.5825042724609375
6509,-4.416622638702393
6510,-3.975959300994873
6511,-3.426943778991699
6512,-3.504826068878174
6513,-3.0162758827209473
6514,-2.9161202907562256
6515,-2.8148910999298096
6516,-4.21047830581665
6517,-3.804443836212158
6518,-3.3334853649139404
6519,-3.111955404281616
6520,-3.490069627761841
6521,-2.752362012863159
6522,-2.9097793102264404
6523,-2.5349137783050537
6524,-4.273983001708984
6525,-3.1953158378601074
6526,-3.2234644889831543
6527,-2.8318488597869873
6528,-3.7548129558563232
6529,-2.9746599197387695
6530,-3.0662150382995605
6531,-2.773465156555176
6532,-4.5780768394470215
6533,-3.797874927520752
6534,-3.5558109283447266
6535,-3.1500375270843506
6536,-3.757481336593628
6537,-3.0388858318328857
6538,-3.0889103412628174
6539,-2.705306053161621
6540,-4.128199100494385
6541,-3.2795252799987793
6542,-3.1225414276123047
6543,-2.7974696159362793
6544,-4.550984859466553
6545,-3.7574195861816406
6546,-3.111447811126709
6547,-2.6254937648773193
6548,-5.180363178253174
6549,-3.7942352294921875
6550,-4.095757484436035
6551,-3.3166491985321045
6552,-3.9919052124023438
6553,-3.099015712738037
6554,-3.134495973587036
6555,-2.8056554794311523
6556,-4.499546527862549
6557,-4.197287082672119
6558,-3.5416934490203857
6559,-3.1579749584198
6560,-4.038715839385986
6561,-3.1584770679473877
6562,-2.967759132385254
6563,-2.610212564468384
6564,-5.167853355407715
6565,-3.8025379180908203
6566,-3.7246203422546387
6567,-3.227126121520996
6568,-4.067122936248779
6569,-3.4899632930755615
6570,-3.357245445251465
6571,-3.183396100997925
6572,-3.9369750022888184
6573,-3.305459499359131
6574,-3.5090577602386475
6575,-3.2057695388793945
6576,-3.646817445755005
6577,-3.7308285236358643
6578,-2.687541961669922
6579,-2.9211552143096924
6580,-4.343410491943359
6581,-4.179888725280762
6582,-3.4980664253234863
6583,-3.5684211254119873
6584,-3.460904359817505
6585,-3.2067086696624756
6586,-2.7234208583831787
6587,-2.8249316215515137
6588,-4.088817596435547
6589,-4.024538040161133
6590,-3.315502643585205
6591,-3.4327573776245117
6592,-3.671459436416626
6593,-2.9963531494140625
6594,-2.7952141761779785
6595,-2.5569827556610107
6596,-4.064959526062012
6597,-3.5506560802459717
6598,-3.2185587882995605
6599,-3.1550254821777344
6600,-3.9371566772460938
6601,-3.8602888584136963
6602,-3.047595977783203
6603,-2.897974729537964
6604,-3.848463535308838
6605,-3.2557835578918457
6606,-3.2618911266326904
6607,-3.0157580375671387
6608,-4.395567893981934
6609,-3.5559709072113037
6610,-3.4001312255859375
6611,-3.2435195446014404
6612,-4.728118896484375
6613,-4.977925777435303
6614,-3.5153470039367676
6615,-3.3527777194976807
6616,-3.7007665634155273
6617,-3.0607030391693115
6618,-2.8746490478515625
6619,-2.6951467990875244
6620,-4.180986404418945
6621,-3.486842632293701
6622,-3.246499538421631
6623,-2.97741961479187
6624,-4.348301887512207
6625,-3.6327056884765625
6626,-3.010868549346924
6627,-2.6894378662109375
6628,-4.356457233428955
6629,-3.5442702770233154
6630,-3.4598376750946045
6631,-3.032160758972168
6632,-3.1424827575683594
6633,-2.3926632404327393
6634,-2.4681475162506104
6635,-2.2461133003234863
6636,-3.233011484146118
6637,-2.838604211807251
6638,-2.93699312210083
6639,-2.714460849761963
6640,-3.5439982414245605
6641,-2.8302626609802246
6642,-2.900752305984497
6643,-2.614607095718384
6644,-4.094301223754883
6645,-3.297978401184082
6646,-3.6638073921203613
6647,-3.319899559020996
6648,-3.973590850830078
6649,-3.036375045776367
6650,-3.1422767639160156
6651,-2.777534008026123
6652,-4.13593864440918
6653,-3.869431972503662
6654,-3.409930467605591
6655,-2.99912691116333
6656,-3.4728498458862305
6657,-3.060120105743408
6658,-2.551206588745117
6659,-2.636251449584961
6660,-3.9109885692596436
6661,-3.3212218284606934
6662,-3.1278223991394043
6663,-3.0016872882843018
6664,-4.839183807373047
6665,-3.794635534286499
6666,-3.6659016609191895
6667,-3.117664337158203
6668,-5.368514060974121
6669,-4.939417839050293
6670,-3.93670654296875
6671,-3.5132107734680176
6672,-3.364027976989746
6673,-2.5618083477020264
6674,-2.787412166595459
6675,-2.304624080657959
6676,-4.348160743713379
6677,-3.2964019775390625
6678,-3.5300254821777344
6679,-2.9997453689575195
6680,-3.253126621246338
6681,-2.6711440086364746
6682,-2.7084453105926514
6683,-2.37353515625
6684,-4.66801643371582
6685,-3.9785983562469482
6686,-3.58796763420105
6687,-3.1583471298217773
6688,-3.8575005531311035
6689,-3.3971264362335205
6690,-2.5691275596618652
6691,-2.2323665618896484
6692,-3.9825451374053955
6693,-3.0125343799591064
6694,-3.2999143600463867
6695,-2.810809850692749
6696,-4.249844551086426
6697,-3.1339595317840576
6698,-2.787614107131958
6699,-2.555490255355835
6700,-4.611887454986572
6701,-3.6748664379119873
6702,-3.395022392272949
6703,-2.9185378551483154
6704,-3.49259352684021
6705,-2.591343879699707
6706,-3.0057640075683594
6707,-2.5084340572357178
6708,-3.9825451374053955
6709,-3.0125343799591064
6710,-3.2999143600463867
6711,-2.810809850692749
6712,-4.634799003601074
6713,-3.638392210006714
6714,-3.346865653991699
6715,-2.904802083969116
6716,-5.361140727996826
6717,-5.003017902374268
6718,-3.913379430770874
6719,-3.520871877670288
6720,-3.9133191108703613
6721,-2.983494997024536
6722,-3.289414405822754
6723,-2.750932455062866
6724,-3.8946502208709717
6725,-3.281602621078491
6726,-3.3291382789611816
6727,-2.949950933456421
6728,-3.30845046043396
6729,-2.9759840965270996
6730,-2.4743595123291016
6731,-2.4656975269317627
6732,-4.27267599105835
6733,-3.898167610168457
6734,-3.260866403579712
6735,-3.287721872329712
6736,-3.815356731414795
6737,-3.3432862758636475
6738,-2.8751943111419678
6739,-2.9063940048217773
6740,-4.562628269195557
6741,-3.9359371662139893
6742,-3.5190701484680176
6743,-3.6055493354797363
6744,-3.8511428833007812
6745,-3.5888619422912598
6746,-2.676755666732788
6747,-2.5669636726379395
6748,-4.007599353790283
6749,-4.005807876586914
6750,-3.2097907066345215
6751,-3.060598134994507
6752,-4.110816955566406
6753,-3.5112035274505615
6754,-2.7893075942993164
6755,-2.844251871109009
6756,-4.149811267852783
6757,-3.475292921066284
6758,-3.372955560684204
6759,-3.2199251651763916
6760,-3.583587646484375
6761,-2.891554594039917
6762,-3.0237205028533936
6763,-2.7722327709198
6764,-4.088396072387695
6765,-3.4761695861816406
6766,-3.0989060401916504
6767,-3.0053083896636963
6768,-4.011669635772705
6769,-3.2993931770324707
6770,-2.8596131801605225
6771,-2.3776755332946777
6772,-4.93997859954834
6773,-3.8411965370178223
6774,-3.7860522270202637
6775,-3.1808509826660156
6776,-4.342435359954834
6777,-3.1868703365325928
6778,-3.049981117248535
6779,-2.6383309364318848
6780,-4.973640441894531
6781,-3.6038107872009277
6782,-3.799288749694824
6783,-3.1658780574798584
6784,-3.649106740951538
6785,-2.6644468307495117
6786,-3.1317834854125977
6787,-2.4790377616882324
6788,-4.068899631500244
6789,-3.1616017818450928
6790,-3.2106051445007324
6791,-2.7694733142852783
6792,-3.232584238052368
6793,-2.7408339977264404
6794,-2.765859365463257
6795,-2.6489579677581787
6796,-4.065347194671631
6797,-3.735450506210327
6798,-3.1907265186309814
6799,-3.131443977355957
6800,-3.838104248046875
6801,-2.6149094104766846
6802,-3.0497612953186035
6803,-2.5287437438964844
6804,-5.329931259155273
6805,-3.683891773223877
6806,-4.039461612701416
6807,-3.375629186630249
6808,-4.4460554122924805
6809,-3.1891300678253174
6810,-3.4871833324432373
6811,-2.843423843383789
6812,-5.789366245269775
6813,-4.290952205657959
6814,-4.310746669769287
6815,-3.5800981521606445
6816,-4.2984747886657715
6817,-3.6518659591674805
6818,-3.4192943572998047
6819,-3.291360855102539
6820,-4.709934711456299
6821,-4.110355377197266
6822,-3.655888557434082
6823,-3.543400526046753
6824,-3.767500400543213
6825,-3.3958241939544678
6826,-2.7457194328308105
6827,-2.5333175659179688
6828,-4.3915581703186035
6829,-4.14966344833374
6830,-3.1004130840301514
6831,-2.8989458084106445
6832,-3.1334950923919678
6833,-2.6598939895629883
6834,-2.8409218788146973
6835,-2.6945979595184326
6836,-4.472686767578125
6837,-3.671725034713745
6838,-3.5810248851776123
6839,-3.3119843006134033
6840,-3.5794310569763184
6841,-2.785646438598633
6842,-3.015296459197998
6843,-2.7613697052001953
6844,-4.283864498138428
6845,-3.2149009704589844
6846,-3.2983815670013428
6847,-3.0795114040374756
6848,-3.478336811065674
6849,-3.2511234283447266
6850,-2.73883318901062
6851,-2.613530397415161
6852,-3.84909987449646
6853,-3.9111244678497314
6854,-3.145071029663086
6855,-3.040754556655884
6856,-4.189271450042725
6857,-3.2432644367218018
6858,-3.081730604171753
6859,-2.6197850704193115
6860,-4.8075947761535645
6861,-3.673062562942505
6862,-3.64044189453125
6863,-3.1120498180389404
6864,-4.332550525665283
6865,-3.448965549468994
6866,-3.3839712142944336
6867,-3.033830404281616
6868,-5.447107315063477
6869,-4.913496494293213
6870,-3.8985869884490967
6871,-3.600142478942871
6872,-2.952327013015747
6873,-2.281952381134033
6874,-2.246744394302368
6875,-2.0903542041778564
6876,-3.87451434135437
6877,-3.391874313354492
6878,-3.2649035453796387
6879,-3.157888174057007
6880,-3.5031635761260986
6881,-2.84903883934021
6882,-2.6851677894592285
6883,-2.537794589996338
6884,-4.084158420562744
6885,-4.152276039123535
6886,-3.163282871246338
6887,-3.0768210887908936
6888,-4.366875648498535
6889,-3.4519894123077393
6890,-3.1485116481781006
6891,-2.7624058723449707
6892,-4.090246677398682
6893,-3.3613061904907227
6894,-3.612786293029785
6895,-3.2944347858428955
6896,-4.830516815185547
6897,-4.366112232208252
6898,-3.0695860385894775
6899,-2.7704968452453613
6900,-4.9572649002075195
6901,-3.928032636642456
6902,-3.88305401802063
6903,-3.519010543823242
6904,-4.942641735076904
6905,-4.498776912689209
6906,-3.752255916595459
6907,-3.4079785346984863
6908,-5.02617073059082
6909,-3.899355411529541
6910,-3.8273539543151855
6911,-3.3650729656219482
6912,-4.223396301269531
6913,-3.4164645671844482
6914,-3.333489418029785
6915,-3.0647106170654297
6916,-5.446497440338135
6917,-5.1140031814575195
6918,-3.9446823596954346
6919,-3.634537935256958
6920,-4.465489387512207
6921,-4.3191609382629395
6922,-3.2421605587005615
6923,-3.0271947383880615
6924,-4.9572649002075195
6925,-3.928032636642456
6926,-3.88305401802063
6927,-3.519010543823242
6928,-4.124717712402344
6929,-3.9197206497192383
6930,-3.1958088874816895
6931,-2.935960531234741
6932,-5.063813209533691
6933,-4.016543388366699
6934,-3.863546371459961
6935,-3.508391857147217
6936,-4.4229841232299805
6937,-3.864300489425659
6938,-3.380235195159912
6939,-2.964857578277588
6940,-4.146883487701416
6941,-3.666691780090332
6942,-3.6933376789093018
6943,-3.393592357635498
6944,-4.039215087890625
6945,-3.3291029930114746
6946,-3.2179720401763916
6947,-3.0752413272857666
6948,-4.596859455108643
6949,-4.505127906799316
6950,-3.360442638397217
6951,-3.2458713054656982
6952,-3.628812074661255
6953,-4.139960289001465
6954,-3.2539403438568115
6955,-3.1100704669952393
6956,-4.6165595054626465
6957,-4.207985877990723
6958,-3.5990264415740967
6959,-3.4135446548461914
6960,-4.253816604614258
6961,-2.6261749267578125
6962,-3.1414384841918945
6963,-2.43135404586792
6964,-5.046985149383545
6965,-3.77736759185791
6966,-4.057777404785156
6967,-3.4544458389282227
6968,-4.542695999145508
6969,-3.0834155082702637
6970,-3.475503444671631
6971,-2.7316503524780273
6972,-4.287228584289551
6973,-3.031986951828003
6974,-3.5351150035858154
6975,-2.7935142517089844
6976,-3.9076991081237793
6977,-3.6573646068573
6978,-2.9762492179870605
6979,-2.5746989250183105
6980,-4.774612903594971
6981,-4.30229377746582
6982,-3.519440174102783
6983,-3.0658881664276123
6984,-4.624708652496338
6985,-4.415855884552002
6986,-3.4275755882263184
6987,-3.289797067642212
6988,-4.718547821044922
6989,-4.966315746307373
6990,-4.0242180824279785
6991,-3.8519012928009033
6992,-4.314957141876221
6993,-3.490687847137451
6994,-3.146641254425049
6995,-2.880387544631958
6996,-4.781730651855469
6997,-4.288305282592773
6998,-3.657397985458374
6999,-3.707209348678589
7000,-4.372719764709473
7001,-3.5204365253448486
7002,-3.2913951873779297
7003,-3.1137924194335938
7004,-3.997559070587158
7005,-3.665994167327881
7006,-3.2105040550231934
7007,-3.1824264526367188
7008,-3.940049171447754
7009,-3.2130165100097656
7010,-3.2498834133148193
7011,-2.8452816009521484
7012,-3.9040048122406006
7013,-3.0656399726867676
7014,-3.1786839962005615
7015,-2.7592263221740723
7016,-3.522197723388672
7017,-2.899373769760132
7018,-2.887047290802002
7019,-2.735839366912842
7020,-4.695301055908203
7021,-4.976673603057861
7022,-3.5970962047576904
7023,-3.5724730491638184
7024,-3.74533748626709
7025,-2.739750862121582
7026,-3.0297276973724365
7027,-2.401867628097534
7028,-3.9625298976898193
7029,-3.469630479812622
7030,-3.1480929851531982
7031,-3.012904167175293
7032,-3.369748115539551
7033,-2.378441333770752
7034,-2.46883487701416
7035,-2.22340726852417
7036,-4.7983880043029785
7037,-3.6138148307800293
7038,-3.562512159347534
7039,-3.2490997314453125
7040,-3.723175048828125
7041,-2.8606979846954346
7042,-2.8322691917419434
7043,-2.4957363605499268
7044,-4.733994960784912
7045,-3.901484966278076
7046,-3.9289278984069824
7047,-3.6194934844970703
7048,-3.4396233558654785
7049,-2.708261251449585
7050,-2.8021254539489746
7051,-2.535741090774536
7052,-4.197739601135254
7053,-3.2794275283813477
7054,-3.4096946716308594
7055,-3.0313215255737305
7056,-4.656267166137695
7057,-3.5725319385528564
7058,-3.4785478115081787
7059,-3.0842556953430176
7060,-4.428727149963379
7061,-3.8047187328338623
7062,-3.6038875579833984
7063,-3.361494302749634
7064,-5.073553562164307
7065,-3.8883941173553467
7066,-3.813122272491455
7067,-3.546499013900757
7068,-4.992236614227295
7069,-3.9058048725128174
7070,-3.506743907928467
7071,-3.441455602645874
7072,-4.36112117767334
7073,-3.2200794219970703
7074,-3.1753530502319336
7075,-2.8009510040283203
7076,-4.728323459625244
7077,-3.7573909759521484
7078,-3.6551413536071777
7079,-3.3744935989379883
7080,-3.974764585494995
7081,-2.9253904819488525
7082,-3.003032684326172
7083,-2.4672353267669678
7084,-4.038489818572998
7085,-3.2635741233825684
7086,-3.4756383895874023
7087,-2.9814391136169434
7088,-4.615016460418701
7089,-3.520766019821167
7090,-3.4395644664764404
7091,-2.9758317470550537
7092,-4.159908294677734
7093,-3.8222761154174805
7094,-3.4815118312835693
7095,-3.1230967044830322
7096,-4.444474220275879
7097,-3.0844082832336426
7098,-3.3237624168395996
7099,-2.7253265380859375
7100,-5.028167724609375
7101,-4.085310459136963
7102,-4.15544319152832
7103,-3.5810186862945557
7104,-3.854588031768799
7105,-3.4183242321014404
7106,-3.226637363433838
7107,-2.9698596000671387
7108,-3.4972074031829834
7109,-3.0941073894500732
7110,-3.012240409851074
7111,-2.8674840927124023
7112,-3.8213605880737305
7113,-3.237325429916382
7114,-2.813173294067383
7115,-2.6287450790405273
7116,-4.66207218170166
7117,-4.107705593109131
7118,-3.577735424041748
7119,-3.3186678886413574
7120,-4.311005592346191
7121,-3.369817018508911
7122,-3.3775954246520996
7123,-2.950815200805664
7124,-4.9491071701049805
7125,-3.9245529174804688
7126,-3.9544339179992676
7127,-3.505460739135742
7128,-4.167008399963379
7129,-3.275010585784912
7130,-3.371737241744995
7131,-2.904198169708252
7132,-4.896060943603516
7133,-4.113312721252441
7134,-3.8146369457244873
7135,-3.4593045711517334
7136,-4.421733856201172
7137,-3.666339635848999
7138,-3.553551435470581
7139,-3.149768590927124
7140,-5.223114490509033
7141,-4.3179521560668945
7142,-3.9220259189605713
7143,-3.4596431255340576
7144,-4.324060440063477
7145,-3.3402183055877686
7146,-3.3767123222351074
7147,-3.01173996925354
7148,-4.529923915863037
7149,-4.820284843444824
7150,-3.432403802871704
7151,-3.2138452529907227
7152,-3.6401705741882324
7153,-3.1238725185394287
7154,-2.6607394218444824
7155,-2.518174886703491
7156,-3.6605002880096436
7157,-3.463165283203125
7158,-3.0812079906463623
7159,-2.9486167430877686
7160,-2.9801266193389893
7161,-2.8129613399505615
7162,-2.5477089881896973
7163,-2.347874402999878
7164,-4.467636585235596
7165,-4.810529708862305
7166,-3.2114500999450684
7167,-3.068704128265381
7168,-3.6774275302886963
7169,-2.7573461532592773
7170,-2.6661176681518555
7171,-2.4839515686035156
7172,-4.180210590362549
7173,-3.3160407543182373
7174,-3.0409836769104004
7175,-2.9725043773651123
7176,-3.456145763397217
7177,-2.7258524894714355
7178,-2.5104775428771973
7179,-2.3407094478607178
7180,-4.568653583526611
7181,-3.654228925704956
7182,-3.6274778842926025
7183,-3.4628984928131104
7184,-3.691537857055664
7185,-3.1073055267333984
7186,-2.8868141174316406
7187,-2.687568187713623
7188,-4.565600395202637
7189,-3.5260605812072754
7190,-3.4142005443573
7191,-3.199359893798828
7192,-4.682812690734863
7193,-3.3123581409454346
7194,-3.473701000213623
7195,-2.7108516693115234
7196,-4.981624603271484
7197,-3.3738958835601807
7198,-3.7449660301208496
7199,-3.0235791206359863
7200,-3.9858272075653076
7201,-3.1485722064971924
7202,-3.0046823024749756
7203,-2.615027904510498
7204,-4.9005632400512695
7205,-4.589727878570557
7206,-3.606221914291382
7207,-3.2960734367370605
7208,-3.4250454902648926
7209,-2.5319769382476807
7210,-2.563305377960205
7211,-2.3020763397216797
7212,-4.639484882354736
7213,-3.7467200756073
7214,-3.939768075942993
7215,-3.432305097579956
7216,-3.8087103366851807
7217,-2.97398042678833
7218,-2.9785289764404297
7219,-2.639315128326416
7220,-4.521578311920166
7221,-3.56485652923584
7222,-3.6625332832336426
7223,-3.2696568965911865
7224,-3.798126220703125
7225,-3.1568057537078857
7226,-3.02632212638855
7227,-2.624654769897461
7228,-4.313379287719727
7229,-3.597055673599243
7230,-3.545261859893799
7231,-3.154562473297119
7232,-3.9789841175079346
7233,-3.2178943157196045
7234,-2.9578826427459717
7235,-2.6141324043273926
7236,-4.022321701049805
7237,-3.7067649364471436
7238,-3.3890984058380127
7239,-3.0395889282226562
7240,-3.8219053745269775
7241,-2.9372055530548096
7242,-3.067075729370117
7243,-2.5484583377838135
7244,-4.498993396759033
7245,-3.82751202583313
7246,-3.750009775161743
7247,-3.1582558155059814
7248,-3.862734794616699
7249,-2.751530170440674
7250,-2.868901014328003
7251,-2.3100364208221436
7252,-4.169748783111572
7253,-3.4542901515960693
7254,-3.5402584075927734
7255,-3.0218849182128906
7256,-4.0210862159729
7257,-3.764058828353882
7258,-3.2267794609069824
7259,-3.0921738147735596
7260,-4.472324371337891
7261,-3.6826624870300293
7262,-3.2966599464416504
7263,-3.1099042892456055
7264,-3.9450128078460693
7265,-3.4184772968292236
7266,-3.0318102836608887
7267,-2.975468635559082
7268,-3.824183702468872
7269,-3.6447651386260986
7270,-3.193572998046875
7271,-3.3550503253936768
7272,-3.663750410079956
7273,-3.3721911907196045
7274,-3.1868786811828613
7275,-3.1260013580322266
7276,-4.238688945770264
7277,-3.7772579193115234
7278,-3.4404799938201904
7279,-3.5240859985351562
7280,-3.8211700916290283
7281,-3.6270864009857178
7282,-3.1332356929779053
7283,-3.1319844722747803
7284,-4.203985691070557
7285,-4.1539788246154785
7286,-3.577270269393921
7287,-3.6228480339050293
7288,-3.8764801025390625
7289,-3.4396114349365234
7290,-3.0051541328430176
7291,-2.9109954833984375
7292,-4.509312152862549
7293,-3.8962812423706055
7294,-3.5523629188537598
7295,-3.483729839324951
7296,-3.8734190464019775
7297,-3.38065505027771
7298,-3.1039671897888184
7299,-2.9564056396484375
7300,-4.588526248931885
7301,-3.8811848163604736
7302,-3.4659762382507324
7303,-3.294027090072632
7304,-3.7515761852264404
7305,-3.250434160232544
7306,-2.994489908218384
7307,-2.8438808917999268
7308,-4.076653480529785
7309,-4.220551490783691
7310,-3.4210948944091797
7311,-3.3581552505493164
7312,-3.9873104095458984
7313,-4.191134929656982
7314,-2.8655049800872803
7315,-2.8489177227020264
7316,-4.052090167999268
7317,-3.5274252891540527
7318,-3.27128267288208
7319,-3.062049388885498
7320,-3.3048598766326904
7321,-3.5370328426361084
7322,-2.658034324645996
7323,-2.58879017829895
7324,-3.691974639892578
7325,-3.4824655055999756
7326,-3.1808080673217773
7327,-3.0717546939849854
7328,-3.4881787300109863
7329,-2.71397066116333
7330,-2.8933486938476562
7331,-2.5248138904571533
7332,-4.094150066375732
7333,-3.2083516120910645
7334,-3.2180159091949463
7335,-2.9575159549713135
7336,-4.102738857269287
7337,-3.483416795730591
7338,-3.084263563156128
7339,-2.7607688903808594
7340,-4.295374870300293
7341,-3.422053098678589
7342,-3.5374622344970703
7343,-3.130589485168457
7344,-4.500156879425049
7345,-3.7359378337860107
7346,-3.4084243774414062
7347,-3.0341598987579346
7348,-4.913326263427734
7349,-4.003365993499756
7350,-3.842449188232422
7351,-3.402848958969116
7352,-3.572781562805176
7353,-2.7978973388671875
7354,-2.8990190029144287
7355,-2.6156985759735107
7356,-4.054353713989258
7357,-3.930586099624634
7358,-3.0477795600891113
7359,-2.8821425437927246
7360,-3.8231019973754883
7361,-3.1509110927581787
7362,-2.6446828842163086
7363,-2.4423987865448
7364,-4.883120536804199
7365,-3.936593770980835
7366,-3.6898350715637207
7367,-3.328296661376953
7368,-4.088139533996582
7369,-3.364384412765503
7370,-3.2163901329040527
7371,-2.9323525428771973
7372,-4.109579086303711
7373,-3.3680968284606934
7374,-3.3358490467071533
7375,-3.0259511470794678
7376,-3.964876651763916
7377,-3.536649703979492
7378,-3.378924608230591
7379,-3.151967763900757
7380,-4.3935770988464355
7381,-3.9143295288085938
7382,-3.686786651611328
7383,-3.379794120788574
7384,-4.155795574188232
7385,-3.9602532386779785
7386,-3.1827950477600098
7387,-2.9046525955200195
7388,-4.5240631103515625
7389,-3.9551563262939453
7390,-3.9159789085388184
7391,-3.601933717727661
7392,-4.806941509246826
7393,-3.994655132293701
7394,-3.8383145332336426
7395,-3.5783748626708984
7396,-4.931888103485107
7397,-4.504432201385498
7398,-3.820578098297119
7399,-3.5065221786499023
7400,-3.7195167541503906
7401,-3.354044198989868
7402,-2.9220550060272217
7403,-2.853076219558716
7404,-3.1813812255859375
7405,-2.9724502563476562
7406,-2.7546346187591553
7407,-2.6907851696014404
7408,-3.0653605461120605
7409,-2.871499538421631
7410,-2.643096685409546
7411,-2.6147994995117188
7412,-4.249155521392822
7413,-3.5631911754608154
7414,-3.1979453563690186
7415,-3.1114003658294678
7416,-4.572878837585449
7417,-3.880573272705078
7418,-3.2938873767852783
7419,-3.0767290592193604
7420,-5.213042259216309
7421,-4.239078521728516
7422,-4.0432939529418945
7423,-3.711932897567749
7424,-4.065007209777832
7425,-3.0583789348602295
7426,-2.965813398361206
7427,-2.728994131088257
7428,-5.321388244628906
7429,-5.002610206604004
7430,-3.9929232597351074
7431,-3.761173725128174
7432,-4.456737518310547
7433,-3.4112040996551514
7434,-3.3065345287323
7435,-3.0672712326049805
7436,-4.28709077835083
7437,-3.5468521118164062
7438,-3.6485486030578613
7439,-3.3861141204833984
7440,-4.395012855529785
7441,-3.305835723876953
7442,-3.0967555046081543
7443,-2.6925346851348877
7444,-5.364105701446533
7445,-4.238102436065674
7446,-4.071513652801514
7447,-3.70796275138855
7448,-3.613499402999878
7449,-3.638540267944336
7450,-2.882275104522705
7451,-2.6128525733947754
7452,-4.143736362457275
7453,-3.525496244430542
7454,-3.4701287746429443
7455,-3.122154951095581
7456,-3.7743568420410156
7457,-3.5659096240997314
7458,-3.084441661834717
7459,-3.3895678520202637
7460,-5.179459571838379
7461,-4.549302577972412
7462,-3.6980443000793457
7463,-4.057103633880615
7464,-3.9898977279663086
7465,-3.5305016040802
7466,-2.8878133296966553
7467,-2.7743422985076904
7468,-3.9347472190856934
7469,-3.379438638687134
7470,-3.382848024368286
7471,-3.3165652751922607
7472,-3.9848814010620117
7473,-3.604231357574463
7474,-3.077402353286743
7475,-2.9663236141204834
7476,-4.587525844573975
7477,-3.972294330596924
7478,-3.866541862487793
7479,-3.442854881286621
7480,-3.9803929328918457
7481,-3.868462085723877
7482,-2.627026319503784
7483,-2.6067302227020264
7484,-4.119288444519043
7485,-3.4758260250091553
7486,-3.353322744369507
7487,-3.1127023696899414
7488,-4.576141357421875
7489,-3.8001298904418945
7490,-3.1696624755859375
7491,-2.9349491596221924
7492,-5.334825038909912
7493,-5.083029747009277
7494,-3.4343349933624268
7495,-3.3998663425445557
7496,-4.104044437408447
7497,-3.5971062183380127
7498,-3.182499647140503
7499,-2.9621105194091797
7500,-4.372007846832275
7501,-5.007607936859131
7502,-3.9119839668273926
7503,-3.8504552841186523
7504,-3.6984405517578125
7505,-3.181400775909424
7506,-2.8024399280548096
7507,-2.5952060222625732
7508,-4.70897912979126
7509,-4.001698970794678
7510,-3.6464314460754395
7511,-3.4330577850341797
7512,-3.842151641845703
7513,-3.4640204906463623
7514,-3.292020559310913
7515,-3.108448028564453
7516,-5.1006879806518555
7517,-4.323611259460449
7518,-3.9819419384002686
7519,-3.7056667804718018
7520,-3.776108980178833
7521,-2.905614137649536
7522,-2.635509967803955
7523,-2.4632229804992676
7524,-3.8442223072052
7525,-3.1840932369232178
7526,-3.107063055038452
7527,-2.882948398590088
7528,-3.7849693298339844
7529,-3.5742721557617188
7530,-3.093730926513672
7531,-3.004636287689209
7532,-4.283501625061035
7533,-3.867194414138794
7534,-3.3566060066223145
7535,-3.2155063152313232
7536,-3.978259563446045
7537,-3.2621569633483887
7538,-2.9198081493377686
7539,-2.625974178314209
7540,-4.5379743576049805
7541,-3.9813992977142334
7542,-3.7672879695892334
7543,-3.6577768325805664
7544,-4.4573893547058105
7545,-3.5814449787139893
7546,-3.371394395828247
7547,-2.9594366550445557
7548,-4.979074478149414
7549,-4.096821308135986
7550,-3.8831593990325928
7551,-3.526397705078125
7552,-4.339723587036133
7553,-3.251997709274292
7554,-3.3369059562683105
7555,-2.978783130645752
7556,-4.577943801879883
7557,-4.091446876525879
7558,-3.816523313522339
7559,-3.4169676303863525
7560,-4.2255754470825195
7561,-3.13043475151062
7562,-3.1557374000549316
7563,-2.835050344467163
7564,-4.192591190338135
7565,-3.8440818786621094
7566,-3.3527350425720215
7567,-3.116313934326172
7568,-4.075588703155518
7569,-3.3476710319519043
7570,-3.3864800930023193
7571,-3.118964195251465
7572,-4.625631332397461
7573,-3.635080099105835
7574,-3.5337886810302734
7575,-3.2330150604248047
7576,-4.2730536460876465
7577,-3.4050679206848145
7578,-3.3126697540283203
7579,-3.037994146347046
7580,-4.7086992263793945
7581,-3.8106930255889893
7582,-3.743255376815796
7583,-3.3653101921081543
7584,-3.5549075603485107
7585,-3.017148733139038
7586,-2.8816418647766113
7587,-2.599025011062622
7588,-3.769570827484131
7589,-2.9245526790618896
7590,-3.270049571990967
7591,-2.9130821228027344
7592,-4.598211288452148
7593,-3.3310723304748535
7594,-3.3507261276245117
7595,-2.8005807399749756
7596,-3.9903831481933594
7597,-4.1181793212890625
7598,-3.636052131652832
7599,-3.1643967628479004
7600,-3.844431161880493
7601,-3.633200168609619
7602,-3.0955519676208496
7603,-2.6767818927764893
7604,-4.366614818572998
7605,-3.101271390914917
7606,-3.457911729812622
7607,-2.9628145694732666
7608,-3.867948532104492
7609,-2.79055118560791
7610,-3.167055606842041
7611,-2.6625049114227295
7612,-4.411021709442139
7613,-3.4936089515686035
7614,-3.7272145748138428
7615,-3.285820722579956
7616,-4.1394147872924805
7617,-3.58831524848938
7618,-3.1959922313690186
7619,-2.809070348739624
7620,-5.087032794952393
7621,-3.8069324493408203
7622,-4.131860733032227
7623,-3.5015618801116943
7624,-4.6533203125
7625,-4.0552978515625
7626,-3.5032453536987305
7627,-3.2444818019866943
7628,-4.960684299468994
7629,-4.9864501953125
7630,-3.812377691268921
7631,-3.625840425491333
7632,-3.774014472961426
7633,-3.323082447052002
7634,-3.0735747814178467
7635,-2.9232442378997803
7636,-5.208503723144531
7637,-4.413318634033203
7638,-3.987483501434326
7639,-3.728041887283325
7640,-4.212332725524902
7641,-3.6958794593811035
7642,-3.339388132095337
7643,-3.093787908554077
7644,-4.43320369720459
7645,-4.0066351890563965
7646,-3.6319377422332764
7647,-3.4666426181793213
7648,-3.3516716957092285
7649,-2.753791093826294
7650,-2.604274272918701
7651,-2.3402998447418213
7652,-3.6408042907714844
7653,-3.067065477371216
7654,-2.9141573905944824
7655,-2.6580870151519775
7656,-2.6571850776672363
7657,-2.3460278511047363
7658,-2.183908462524414
7659,-2.1780307292938232
7660,-3.772827625274658
7661,-3.4863522052764893
7662,-3.0683038234710693
7663,-3.0967321395874023
7664,-3.044759511947632
7665,-2.8128323554992676
7666,-2.457273244857788
7667,-2.4520390033721924
7668,-3.963926076889038
7669,-3.9327807426452637
7670,-3.146928071975708
7671,-3.1415374279022217
7672,-4.013144493103027
7673,-3.586176633834839
7674,-3.0491771697998047
7675,-2.922595739364624
7676,-4.099344730377197
7677,-4.333278179168701
7678,-3.4163432121276855
7679,-3.2936275005340576
7680,-3.3773396015167236
7681,-3.1714987754821777
7682,-2.722900390625
7683,-2.572601795196533
7684,-4.639605522155762
7685,-3.82181453704834
7686,-3.473540782928467
7687,-3.4114861488342285
7688,-3.126157283782959
7689,-2.4309606552124023
7690,-2.5253474712371826
7691,-2.229865312576294
7692,-4.146543979644775
7693,-3.111544609069824
7694,-3.2885584831237793
7695,-2.81998348236084
7696,-3.5576345920562744
7697,-3.5211341381073
7698,-2.623351812362671
7699,-2.698641777038574
7700,-3.3705673217773438
7701,-3.370429754257202
7702,-2.921241283416748
7703,-3.012108325958252
7704,-4.200140476226807
7705,-3.4966347217559814
7706,-3.0720441341400146
7707,-2.971322774887085
7708,-4.319910526275635
7709,-4.511263370513916
7710,-3.5572800636291504
7711,-3.3910341262817383
7712,-3.957803964614868
7713,-3.5050337314605713
7714,-3.000924587249756
7715,-2.936041831970215
7716,-4.048515796661377
7717,-3.9133005142211914
7718,-3.2968082427978516
7719,-3.3622183799743652
7720,-3.739504337310791
7721,-3.5900936126708984
7722,-3.1438419818878174
7723,-3.195596218109131
7724,-4.038061141967773
7725,-4.656332492828369
7726,-3.316023349761963
7727,-3.3720366954803467
7728,-4.391073703765869
7729,-3.5303337574005127
7730,-3.4720678329467773
7731,-3.0029056072235107
7732,-4.3500752449035645
7733,-3.4244565963745117
7734,-3.493617057800293
7735,-3.1897029876708984
7736,-3.9288439750671387
7737,-2.719115734100342
7738,-2.868194580078125
7739,-2.4777603149414062
7740,-5.2623291015625
7741,-4.903322696685791
7742,-3.7252795696258545
7743,-3.3479061126708984
7744,-3.5655434131622314
7745,-2.8257789611816406
7746,-2.938095808029175
7747,-2.7273404598236084
7748,-4.588479995727539
7749,-4.316129207611084
7750,-3.168353796005249
7751,-2.901837110519409
7752,-3.1655383110046387
7753,-2.676518678665161
7754,-2.848726272583008
7755,-2.695927143096924
7756,-4.278914928436279
7757,-3.6610264778137207
7758,-3.4008843898773193
7759,-3.218790054321289
7760,-3.476652145385742
7761,-2.863051176071167
7762,-3.1024351119995117
7763,-2.8220858573913574
7764,-4.029618740081787
7765,-4.210435390472412
7766,-3.24615216255188
7767,-3.249842882156372
7768,-3.919524669647217
7769,-3.0612425804138184
7770,-2.794219732284546
7771,-2.656280517578125
7772,-4.563228130340576
7773,-3.9729936122894287
7774,-3.517404794692993
7775,-3.3698222637176514
7776,-4.1878228187561035
7777,-3.302506685256958
7778,-3.121079444885254
7779,-2.950993061065674
7780,-5.1334733963012695
7781,-4.960333824157715
7782,-3.691014051437378
7783,-3.6076183319091797
7784,-4.281593322753906
7785,-3.620150089263916
7786,-3.141993522644043
7787,-3.018558979034424
7788,-4.633356094360352
7789,-3.8361775875091553
7790,-3.663464069366455
7791,-3.407327651977539
7792,-3.4975860118865967
7793,-2.7493646144866943
7794,-2.5690014362335205
7795,-2.3835062980651855
7796,-4.7075653076171875
7797,-4.498730659484863
7798,-3.678292751312256
7799,-3.488529920578003
7800,-3.5601718425750732
7801,-4.2258734703063965
7802,-2.832749605178833
7803,-3.134779214859009
7804,-4.033261775970459
7805,-3.899620532989502
7806,-3.28727388381958
7807,-3.393064498901367
7808,-3.7599005699157715
7809,-3.5806713104248047
7810,-3.032783031463623
7811,-3.1462948322296143
7812,-4.537193775177002
7813,-4.246665000915527
7814,-3.526791572570801
7815,-3.665531873703003
7816,-3.561955213546753
7817,-4.061553001403809
7818,-2.7681198120117188
7819,-2.915032386779785
7820,-3.4852826595306396
7821,-3.1023757457733154
7822,-2.909696578979492
7823,-2.98374605178833
7824,-4.13601016998291
7825,-2.9866392612457275
7826,-3.045886278152466
7827,-2.5564346313476562
7828,-4.6577558517456055
7829,-3.553907632827759
7830,-3.720000982284546
7831,-3.123734712600708
7832,-4.0108184814453125
7833,-2.9351890087127686
7834,-3.023423194885254
7835,-2.5945563316345215
7836,-4.547768592834473
7837,-3.5862045288085938
7838,-3.5549111366271973
7839,-3.100558280944824
7840,-3.9723596572875977
7841,-3.0370709896087646
7842,-3.195258378982544
7843,-2.8065428733825684
7844,-4.8943963050842285
7845,-3.7889175415039062
7846,-3.8990731239318848
7847,-3.2986021041870117
7848,-3.733844518661499
7849,-3.2256791591644287
7850,-3.156298875808716
7851,-2.975023031234741
7852,-4.290659427642822
7853,-3.490140199661255
7854,-3.2857298851013184
7855,-3.053572177886963
7856,-4.470987319946289
7857,-3.988164186477661
7858,-3.3834056854248047
7859,-3.2883849143981934
7860,-4.68601131439209
7861,-3.84516978263855
7862,-3.4580578804016113
7863,-3.220090389251709
7864,-4.178361415863037
7865,-3.5560402870178223
7866,-2.964423418045044
7867,-2.9312872886657715
7868,-5.044255256652832
7869,-5.010289192199707
7870,-3.3314130306243896
7871,-3.2114737033843994
7872,-3.047879934310913
7873,-2.4968934059143066
7874,-2.406233549118042
7875,-2.335127115249634
7876,-4.2680792808532715
7877,-4.104162216186523
7878,-3.4616947174072266
7879,-3.427776575088501
7880,-3.4689249992370605
7881,-3.0288424491882324
7882,-2.752704620361328
7883,-2.731503486633301
7884,-3.6050503253936768
7885,-3.414876937866211
7886,-2.9581542015075684
7887,-2.92547869682312
7888,-4.318699359893799
7889,-3.892803192138672
7890,-3.628295421600342
7891,-3.2175259590148926
7892,-5.21932315826416
7893,-4.399601936340332
7894,-3.9295520782470703
7895,-3.5300111770629883
7896,-4.095798969268799
7897,-3.168132781982422
7898,-3.3592171669006348
7899,-3.0497727394104004
7900,-5.33604621887207
7901,-4.79489803314209
7902,-3.783331871032715
7903,-3.357255697250366
7904,-4.000332355499268
7905,-2.959989547729492
7906,-3.4611551761627197
7907,-3.0798580646514893
7908,-4.862903594970703
7909,-4.181966304779053
7910,-3.822417736053467
7911,-3.4552159309387207
7912,-4.147961616516113
7913,-3.8255558013916016
7914,-3.3244094848632812
7915,-3.0133297443389893
7916,-4.080813884735107
7917,-3.2591025829315186
7918,-3.6781771183013916
7919,-3.3581418991088867
7920,-4.24656867980957
7921,-3.6393165588378906
7922,-3.231025218963623
7923,-2.87601900100708
7924,-5.390922546386719
7925,-4.054605960845947
7926,-4.0817742347717285
7927,-3.621828556060791
7928,-3.8182263374328613
7929,-3.38993239402771
7930,-2.8895375728607178
7931,-2.841113567352295
7932,-4.436805248260498
7933,-3.5814125537872314
7934,-3.192333936691284
7935,-3.0564489364624023
7936,-4.275731563568115
7937,-3.6445693969726562
7938,-3.309739112854004
7939,-3.2708957195281982
7940,-4.072749137878418
7941,-4.0184807777404785
7942,-3.3132688999176025
7943,-3.2764525413513184
7944,-4.458333969116211
7945,-3.2873916625976562
7946,-3.649388551712036
7947,-2.876007556915283
7948,-4.813202857971191
7949,-3.632112741470337
7950,-4.0434160232543945
7951,-3.3831167221069336
7952,-4.114511966705322
7953,-3.1262526512145996
7954,-3.493241786956787
7955,-2.8383827209472656
7956,-4.954469680786133
7957,-3.7288429737091064
7958,-3.967378854751587
7959,-3.3028149604797363
7960,-3.5030040740966797
7961,-2.798574209213257
7962,-2.6688098907470703
7963,-2.4815213680267334
7964,-4.794060707092285
7965,-4.141071319580078
7966,-3.7153053283691406
7967,-3.491966724395752
7968,-4.040280342102051
7969,-3.3221688270568848
7970,-3.159015655517578
7971,-2.9668941497802734
7972,-4.218825340270996
7973,-3.690129041671753
7974,-3.257343292236328
7975,-3.086557388305664
7976,-4.089203357696533
7977,-3.6967480182647705
7978,-3.1124510765075684
7979,-3.079318046569824
7980,-4.65358829498291
7981,-3.9658164978027344
7982,-3.6107494831085205
7983,-3.441147565841675
7984,-3.566962242126465
7985,-3.0203304290771484
7986,-2.7695186138153076
7987,-2.7331576347351074
7988,-3.9826085567474365
7989,-3.3029682636260986
7990,-3.5365700721740723
7991,-3.328371047973633
7992,-3.830456018447876
7993,-3.281804323196411
7994,-3.0108931064605713
7995,-2.9201133251190186
7996,-4.34862756729126
7997,-3.685917615890503
7998,-3.3623294830322266
7999,-3.262141704559326
8000,-3.4502649307250977
8001,-3.194223165512085
8002,-2.9825215339660645
8003,-2.9408833980560303
8004,-4.8671393394470215
8005,-4.9201836585998535
8006,-3.691784620285034
8007,-3.611443519592285
8008,-4.457893371582031
8009,-3.7113900184631348
8010,-3.1267507076263428
8011,-3.0243537425994873
8012,-4.754276752471924
8013,-4.158775329589844
8014,-3.808156728744507
8015,-3.7246766090393066
8016,-3.0768392086029053
8017,-2.3368046283721924
8018,-2.746540069580078
8019,-2.4182937145233154
8020,-5.245500564575195
8021,-4.939976692199707
8022,-3.874577760696411
8023,-3.4827239513397217
8024,-3.8274364471435547
8025,-3.098273515701294
8026,-3.0463707447052
8027,-2.701023817062378
8028,-4.562726020812988
8029,-3.855661153793335
8030,-3.495257616043091
8031,-3.143219470977783
8032,-4.144006729125977
8033,-3.2635304927825928
8034,-3.053217649459839
8035,-2.9222075939178467
8036,-4.4337005615234375
8037,-4.143922328948975
8038,-3.530555486679077
8039,-3.2434802055358887
8040,-3.861994504928589
8041,-3.063169479370117
8042,-2.942932367324829
8043,-2.711942434310913
8044,-4.247400760650635
8045,-3.5646817684173584
8046,-3.300075054168701
8047,-2.997058868408203
8048,-3.7041122913360596
8049,-2.998239517211914
8050,-2.8438880443573
8051,-2.541611671447754
8052,-3.681443929672241
8053,-3.1320183277130127
8054,-3.0427610874176025
8055,-2.7427854537963867
8056,-3.146915912628174
8057,-2.631105422973633
8058,-2.7706878185272217
8059,-2.645642042160034
8060,-4.60464334487915
8061,-4.900291442871094
8062,-3.1861000061035156
8063,-3.146273136138916
8064,-3.4810028076171875
8065,-3.0868918895721436
8066,-2.647588014602661
8067,-2.6454262733459473
8068,-3.4288697242736816
8069,-3.3886542320251465
8070,-2.9206337928771973
8071,-2.77583909034729
8072,-3.8064260482788086
8073,-3.1268787384033203
8074,-2.999807357788086
8075,-2.721879482269287
8076,-4.237547397613525
8077,-3.729710340499878
8078,-3.7985153198242188
8079,-3.4028146266937256
8080,-3.720669984817505
8081,-3.42861270904541
8082,-2.9561002254486084
8083,-2.724555015563965
8084,-4.584810256958008
8085,-4.524341106414795
8086,-3.5128798484802246
8087,-3.298990488052368
8088,-4.091278076171875
8089,-3.9089691638946533
8090,-3.495021343231201
8091,-3.3763461112976074
8092,-5.1125688552856445
8093,-5.435888290405273
8094,-3.689873218536377
8095,-3.5988993644714355
8096,-3.593806743621826
8097,-3.4151458740234375
8098,-2.920213222503662
8099,-2.817391872406006
8100,-5.263558387756348
8101,-4.539464950561523
8102,-3.9148130416870117
8103,-3.7941036224365234
8104,-3.52062726020813
8105,-3.4570083618164062
8106,-2.7688145637512207
8107,-2.99153995513916
8108,-4.090002536773682
8109,-4.666597366333008
8110,-3.1288132667541504
8111,-3.397568464279175
8112,-3.5991814136505127
8113,-2.754772186279297
8114,-3.0028889179229736
8115,-2.514652967453003
8116,-4.518442153930664
8117,-4.197272300720215
8118,-3.670485019683838
8119,-3.15765118598938
8120,-3.4978787899017334
8121,-2.502368688583374
8122,-2.7387232780456543
8123,-2.2437849044799805
8124,-3.6818110942840576
8125,-3.3108479976654053
8126,-2.965078353881836
8127,-2.5009641647338867
8128,-3.982783794403076
8129,-3.6949398517608643
8130,-3.012383460998535
8131,-2.880887985229492
8132,-4.258113384246826
8133,-3.626408100128174
8134,-3.4001407623291016
8135,-3.106630325317383
8136,-3.183198928833008
8137,-2.756303071975708
8138,-2.6239094734191895
8139,-2.4768142700195312
8140,-3.6194686889648438
8141,-3.1987242698669434
8142,-3.0640552043914795
8143,-2.886986494064331
8144,-4.378805160522461
8145,-3.595851182937622
8146,-3.2372593879699707
8147,-3.0664279460906982
8148,-3.9422850608825684
8149,-3.252902030944824
8150,-3.595346212387085
8151,-3.225325107574463
8152,-3.5729756355285645
8153,-2.774397611618042
8154,-2.8060431480407715
8155,-2.53682279586792
8156,-4.683736801147461
8157,-3.362705945968628
8158,-3.4929823875427246
8159,-3.1077470779418945
8160,-3.957991123199463
8161,-3.0739221572875977
8162,-3.042421340942383
8163,-2.7182564735412598
8164,-4.469934940338135
8165,-3.7223968505859375
8166,-3.5712790489196777
8167,-3.2618629932403564
8168,-3.676360607147217
8169,-3.551633834838867
8170,-3.0618844032287598
8171,-3.3873472213745117
8172,-5.07960319519043
8173,-5.067426681518555
8174,-3.933471441268921
8175,-4.403770923614502
8176,-4.032674789428711
8177,-3.7524254322052
8178,-3.0915629863739014
8179,-3.4597585201263428
8180,-4.861979961395264
8181,-4.217247486114502
8182,-3.64265775680542
8183,-3.989067554473877
8184,-3.9858903884887695
8185,-3.1807456016540527
8186,-2.9124672412872314
8187,-2.7929749488830566
8188,-4.027811050415039
8189,-3.698395252227783
8190,-3.182651996612549
8191,-3.1025359630584717
8192,-3.9327282905578613
8193,-3.7526028156280518
8194,-3.1079018115997314
8195,-3.1425697803497314
8196,-4.487191200256348
8197,-3.765902280807495
8198,-3.455142021179199
8199,-3.3710689544677734
8200,-3.382686138153076
8201,-2.905890703201294
8202,-2.67645525932312
8203,-2.59478759765625
8204,-4.102689743041992
8205,-3.4148592948913574
8206,-3.106410026550293
8207,-3.0192768573760986
8208,-3.247784376144409
8209,-2.774320363998413
8210,-2.5481250286102295
8211,-2.5563793182373047
8212,-4.146486759185791
8213,-4.070694923400879
8214,-3.415031671524048
8215,-3.5852437019348145
8216,-3.4950711727142334
8217,-3.169705629348755
8218,-2.890007734298706
8219,-2.852457284927368
8220,-4.19634485244751
8221,-4.037874698638916
8222,-3.3710381984710693
8223,-3.4603946208953857
8224,-3.3660616874694824
8225,-2.626737356185913
8226,-2.738358974456787
8227,-2.560997486114502
8228,-4.355844974517822
8229,-3.6979026794433594
8230,-3.321209669113159
8231,-3.09999418258667
8232,-4.353067398071289
8233,-3.5348641872406006
8234,-3.1891276836395264
8235,-3.0481419563293457
8236,-4.321024417877197
8237,-4.308088779449463
8238,-3.5124173164367676
8239,-3.477630138397217
8240,-3.530104875564575
8241,-3.7700371742248535
8242,-2.80759859085083
8243,-3.0646674633026123
8244,-3.992406129837036
8245,-4.539839744567871
8246,-3.000924587249756
8247,-3.3102645874023438
8248,-2.9202542304992676
8249,-3.070197343826294
8250,-2.365041732788086
8251,-2.687101125717163
8252,-3.5765392780303955
8253,-3.761442184448242
8254,-2.88337779045105
8255,-3.215369939804077
8256,-3.269266128540039
8257,-3.3207671642303467
8258,-2.599111795425415
8259,-2.891033887863159
8260,-4.220587253570557
8261,-4.865878105163574
8262,-2.924121141433716
8263,-3.1724371910095215
8264,-4.1138224601745605
8265,-3.240234136581421
8266,-3.1870288848876953
8267,-2.8512792587280273
8268,-4.738121032714844
8269,-3.742501974105835
8270,-3.5548229217529297
8271,-3.242412567138672
8272,-4.2505645751953125
8273,-3.2872047424316406
8274,-3.2303614616394043
8275,-2.774120807647705
8276,-4.9979424476623535
8277,-4.620606422424316
8278,-3.7495994567871094
8279,-3.280341863632202
8280,-4.26486873626709
8281,-3.5458738803863525
8282,-2.9084224700927734
8283,-2.4212913513183594
8284,-4.464959144592285
8285,-4.1568756103515625
8286,-3.5754284858703613
8287,-3.236098289489746
8288,-4.071871757507324
8289,-3.6029746532440186
8290,-3.1418471336364746
8291,-2.7228939533233643
8292,-5.170985221862793
8293,-4.045765399932861
8294,-4.024515628814697
8295,-3.4328389167785645
8296,-4.14160680770874
8297,-2.945558547973633
8298,-3.536550998687744
8299,-3.045736074447632
8300,-4.4011149406433105
8301,-3.4138331413269043
8302,-3.7367327213287354
8303,-3.1501142978668213
8304,-4.343991756439209
8305,-3.469155788421631
8306,-3.4753224849700928
8307,-3.0323281288146973
8308,-5.069478511810303
8309,-3.9985814094543457
8310,-4.03692102432251
8311,-3.379720687866211
8312,-4.603381633758545
8313,-3.407106637954712
8314,-3.509911298751831
8315,-3.073805093765259
8316,-4.2854814529418945
8317,-4.439542293548584
8318,-3.6478142738342285
8319,-3.2521607875823975
8320,-2.966477155685425
8321,-2.23297119140625
8322,-2.635009765625
8323,-2.3541622161865234
8324,-4.314455032348633
8325,-3.375803232192993
8326,-3.4192986488342285
8327,-3.012824058532715
8328,-4.159514904022217
8329,-3.198615074157715
8330,-3.1989083290100098
8331,-2.8915789127349854
8332,-3.9599969387054443
8333,-3.247692823410034
8334,-3.0393266677856445
8335,-2.710597038269043
8336,-3.5001370906829834
8337,-2.756013870239258
8338,-3.062295913696289
8339,-2.7938168048858643
8340,-4.3284454345703125
8341,-3.7230427265167236
8342,-3.300058603286743
8343,-3.0259857177734375
8344,-4.125979423522949
8345,-3.4066081047058105
8346,-3.0940895080566406
8347,-2.8601882457733154
8348,-4.2372050285339355
8349,-3.923328399658203
8350,-3.3353939056396484
8351,-3.1392695903778076
8352,-3.7158737182617188
8353,-2.8148152828216553
8354,-2.9358978271484375
8355,-2.5650157928466797
8356,-5.1055426597595215
8357,-3.905085563659668
8358,-3.841745615005493
8359,-3.5351390838623047
8360,-4.21051549911499
8361,-3.2259209156036377
8362,-3.222130537033081
8363,-2.9038398265838623
8364,-5.387485504150391
8365,-4.189027786254883
8366,-3.9851386547088623
8367,-3.6126046180725098
8368,-4.147369384765625
8369,-3.792304277420044
8370,-3.082686185836792
8371,-3.1741111278533936
8372,-4.160612106323242
8373,-3.617192506790161
8374,-3.4441144466400146
8375,-3.365840435028076
8376,-3.389207124710083
8377,-3.0341782569885254
8378,-2.6101200580596924
8379,-2.675194263458252
8380,-4.560853004455566
8381,-4.134190082550049
8382,-3.445251941680908
8383,-3.533724784851074
8384,-4.051069736480713
8385,-2.775959014892578
8386,-2.9934539794921875
8387,-2.2761125564575195
8388,-4.427361488342285
8389,-3.3368093967437744
8390,-3.7419180870056152
8391,-2.9631271362304688
8392,-3.7279534339904785
8393,-3.012012481689453
8394,-3.1895453929901123
8395,-2.976956844329834
8396,-4.8168792724609375
8397,-4.608456611633301
8398,-3.8290858268737793
8399,-3.9901089668273926
8400,-4.012442111968994
8401,-3.347745656967163
8402,-3.2956507205963135
8403,-3.1430633068084717
8404,-5.184844493865967
8405,-5.401937484741211
8406,-3.5784106254577637
8407,-3.4447314739227295
8408,-3.5774435997009277
8409,-2.518784761428833
8410,-2.7094383239746094
8411,-2.3781962394714355
8412,-4.953264236450195
8413,-4.756356239318848
8414,-3.4849870204925537
8415,-3.2399139404296875
8416,-3.9827005863189697
8417,-3.0139920711517334
8418,-3.1314353942871094
8419,-2.693941354751587
8420,-4.569153785705566
8421,-3.8513991832733154
8422,-3.5686635971069336
8423,-3.475543975830078
8424,-3.680837631225586
8425,-3.0959689617156982
8426,-3.0389580726623535
8427,-2.826632022857666
8428,-4.023338317871094
8429,-3.438265085220337
8430,-3.3844377994537354
8431,-3.1404120922088623
8432,-4.494271278381348
8433,-3.4653615951538086
8434,-3.6560535430908203
8435,-3.148314952850342
8436,-5.659038066864014
8437,-4.2437968254089355
8438,-4.399771690368652
8439,-3.7603206634521484
8440,-4.059536933898926
8441,-3.6395177841186523
8442,-3.3480706214904785
8443,-3.219867467880249
8444,-4.460588455200195
8445,-4.572426795959473
8446,-3.557955741882324
8447,-3.324291229248047
8448,-3.5183444023132324
8449,-3.163121223449707
8450,-2.817349672317505
8451,-2.8052895069122314
8452,-4.372794151306152
8453,-4.029745101928711
8454,-3.5711493492126465
8455,-3.4874114990234375
8456,-3.4489829540252686
8457,-2.7357563972473145
8458,-2.5931079387664795
8459,-2.400075912475586
8460,-4.115535259246826
8461,-3.787743330001831
8462,-3.3748488426208496
8463,-3.166069746017456
8464,-3.9068245887756348
8465,-3.237699031829834
8466,-2.9710347652435303
8467,-2.6688003540039062
8468,-4.310807704925537
8469,-5.08850622177124
8470,-3.7335939407348633
8471,-3.518855571746826
8472,-3.631834030151367
8473,-3.9771389961242676
8474,-2.6528244018554688
8475,-2.6493351459503174
8476,-4.626702785491943
8477,-3.8405117988586426
8478,-3.3444461822509766
8479,-3.3855600357055664
8480,-4.096459865570068
8481,-3.701921224594116
8482,-2.978557586669922
8483,-2.9638121128082275
8484,-4.0325236320495605
8485,-3.8446884155273438
8486,-3.2045955657958984
8487,-3.2772490978240967
8488,-3.498626708984375
8489,-3.060530185699463
8490,-2.9000487327575684
8491,-2.8648033142089844
8492,-4.626702785491943
8493,-3.8405117988586426
8494,-3.3444461822509766
8495,-3.3855600357055664
8496,-3.512810468673706
8497,-3.037148952484131
8498,-2.7736918926239014
8499,-2.707674741744995
8500,-4.39090633392334
8501,-3.8301103115081787
8502,-3.3259174823760986
8503,-3.3611652851104736
8504,-4.466274261474609
8505,-3.673583984375
8506,-3.5883586406707764
8507,-3.165332317352295
8508,-4.290871620178223
8509,-3.3336455821990967
8510,-3.5937485694885254
8511,-3.189253807067871
8512,-4.514333724975586
8513,-3.3751068115234375
8514,-3.022372245788574
8515,-2.6621110439300537
8516,-5.0280866622924805
8517,-3.8462913036346436
8518,-3.536752223968506
8519,-3.25272274017334
8520,-4.322931289672852
8521,-3.8048927783966064
8522,-3.1165006160736084
8523,-3.0479114055633545
8524,-4.299261093139648
8525,-4.17580509185791
8526,-3.5423426628112793
8527,-3.563453197479248
8528,-3.8313405513763428
8529,-2.8801956176757812
8530,-3.0156877040863037
8531,-2.646991729736328
8532,-4.963246822357178
8533,-4.5421319007873535
8534,-4.086604118347168
8535,-3.5951130390167236
8536,-3.0290160179138184
8537,-2.5707435607910156
8538,-2.661517381668091
8539,-2.5663576126098633
8540,-4.128597736358643
8541,-3.6306111812591553
8542,-3.230623722076416
8543,-3.1593055725097656
8544,-3.069443464279175
8545,-3.346099853515625
8546,-2.52504563331604
8547,-2.692627429962158
8548,-3.9587528705596924
8549,-4.336780071258545
8550,-2.9265923500061035
8551,-2.8822834491729736
8552,-3.021519422531128
8553,-3.4707558155059814
8554,-2.1657485961914062
8555,-2.372574806213379
8556,-3.743797779083252
8557,-3.6904685497283936
8558,-3.073653221130371
8559,-3.1938986778259277
8560,-4.15558385848999
8561,-4.081225395202637
8562,-3.167165756225586
8563,-3.1652073860168457
8564,-4.530150413513184
8565,-4.522244453430176
8566,-3.8525028228759766
8567,-3.888014316558838
8568,-3.719573497772217
8569,-2.8768649101257324
8570,-3.048311948776245
8571,-2.532850742340088
8572,-4.887143135070801
8573,-3.7153663635253906
8574,-3.8474879264831543
8575,-3.208526611328125
8576,-4.200278282165527
8577,-3.1511669158935547
8578,-3.11680269241333
8579,-2.617617130279541
8580,-4.158148288726807
8581,-3.4039840698242188
8582,-3.38631010055542
8583,-2.9466323852539062
8584,-3.486173391342163
8585,-2.859614849090576
8586,-2.7966244220733643
8587,-2.638716220855713
8588,-4.420036315917969
8589,-3.957092046737671
8590,-3.7796294689178467
8591,-3.4402925968170166
8592,-4.873167514801025
8593,-4.447584629058838
8594,-3.804041862487793
8595,-3.4500279426574707
8596,-4.604436874389648
8597,-3.725982666015625
8598,-3.613373279571533
8599,-3.2588951587677
8600,-4.600258827209473
8601,-3.5759029388427734
8602,-3.382908344268799
8603,-3.0983099937438965
8604,-3.7841553688049316
8605,-2.8962650299072266
8606,-3.3909337520599365
8607,-2.922497034072876
8608,-4.253742218017578
8609,-3.9204604625701904
8610,-3.457763195037842
8611,-3.2190282344818115
8612,-4.913822174072266
8613,-4.088339805603027
8614,-3.7085142135620117
8615,-3.400566816329956
8616,-3.903630256652832
8617,-3.1080257892608643
8618,-3.126070737838745
8619,-2.829123020172119
8620,-4.477121353149414
8621,-3.5869503021240234
8622,-3.4808452129364014
8623,-3.1705939769744873
8624,-3.7283236980438232
8625,-3.4867026805877686
8626,-3.127473831176758
8627,-2.9622864723205566
8628,-3.6090714931488037
8629,-2.9719290733337402
8630,-3.035536289215088
8631,-2.748927116394043
8632,-4.443293571472168
8633,-3.6657307147979736
8634,-3.179401159286499
8635,-2.916187286376953
8636,-4.317635536193848
8637,-3.7579383850097656
8638,-3.4062418937683105
8639,-3.302215099334717
8640,-3.980614185333252
8641,-3.2655224800109863
8642,-2.9556052684783936
8643,-2.7367048263549805
8644,-3.9219882488250732
8645,-3.3551506996154785
8646,-3.049856662750244
8647,-2.894090414047241
8648,-4.400918483734131
8649,-3.972675085067749
8650,-3.460073709487915
8651,-3.367706537246704
8652,-4.086958885192871
8653,-3.9231724739074707
8654,-3.298981189727783
8655,-3.1553726196289062
8656,-2.7456750869750977
8657,-2.6198980808258057
8658,-2.2049598693847656
8659,-2.395486831665039
8660,-3.2217462062835693
8661,-3.2950599193573
8662,-2.726503372192383
8663,-3.017965078353882
8664,-3.264970064163208
8665,-3.2334325313568115
8666,-2.5769429206848145
8667,-2.7929019927978516
8668,-3.6213998794555664
8669,-3.6063249111175537
8670,-2.868166446685791
8671,-3.135948896408081
8672,-3.013967514038086
8673,-2.972546339035034
8674,-2.5417044162750244
8675,-2.7261600494384766
8676,-4.113882541656494
8677,-4.663177013397217
8678,-3.269639730453491
8679,-3.4692394733428955
8680,-3.1916210651397705
8681,-2.594730854034424
8682,-2.5685296058654785
8683,-2.342257261276245
8684,-4.0806803703308105
8685,-4.479084014892578
8686,-3.58504581451416
8687,-3.4085068702697754
8688,-4.162421703338623
8689,-3.8109545707702637
8690,-3.0571789741516113
8691,-3.0779454708099365
8692,-4.723774433135986
8693,-4.111181735992432
8694,-3.7875945568084717
8695,-3.6785993576049805
8696,-3.3814728260040283
8697,-2.9356393814086914
8698,-2.534653902053833
8699,-2.5532634258270264
8700,-4.027914524078369
8701,-3.6530237197875977
8702,-3.310980796813965
8703,-3.289184331893921
8704,-3.8086729049682617
8705,-3.5757479667663574
8706,-3.237055778503418
8707,-3.2277708053588867
8708,-4.345000267028809
8709,-3.9866394996643066
8710,-3.52719783782959
8711,-3.4289710521698
8712,-4.072386741638184
8713,-3.887176513671875
8714,-2.9675686359405518
8715,-3.2384402751922607
8716,-4.2945427894592285
8717,-3.793278932571411
8718,-3.274425983428955
8719,-3.360804557800293
8720,-3.6601860523223877
8721,-2.9749317169189453
8722,-2.8577535152435303
8723,-2.651792287826538
8724,-4.063265323638916
8725,-4.461933612823486
8726,-3.6152331829071045
8727,-3.407250165939331
8728,-3.4776687622070312
8729,-3.2826781272888184
8730,-2.9442129135131836
8731,-2.870408773422241
8732,-4.782426357269287
8733,-3.9923317432403564
8734,-3.649553060531616
8735,-3.3276031017303467
8736,-4.789375305175781
8737,-3.600480318069458
8738,-3.2813708782196045
8739,-2.9394702911376953
8740,-4.519966125488281
8741,-4.474417209625244
8742,-3.637338161468506
8743,-3.437835693359375
8744,-3.943695068359375
8745,-4.637526035308838
8746,-3.5812366008758545
8747,-3.353275775909424
8748,-4.855374336242676
8749,-3.795567035675049
8750,-3.481271743774414
8751,-3.204573392868042
8752,-3.6501827239990234
8753,-2.9741530418395996
8754,-2.934276580810547
8755,-2.5986247062683105
8756,-3.339670181274414
8757,-2.7858383655548096
8758,-3.13014554977417
8759,-2.765122652053833
8760,-3.334329843521118
8761,-2.5609734058380127
8762,-2.7437310218811035
8763,-2.4601340293884277
8764,-3.4461653232574463
8765,-2.912883996963501
8766,-3.1469807624816895
8767,-2.946540594100952
8768,-3.4288649559020996
8769,-2.5702733993530273
8770,-2.860379934310913
8771,-2.52908992767334
8772,-3.484010696411133
8773,-2.8167738914489746
8774,-2.929478168487549
8775,-2.7075958251953125
8776,-3.24980092048645
8777,-3.121152639389038
8778,-2.501791477203369
8779,-2.602107524871826
8780,-3.2566802501678467
8781,-3.160935163497925
8782,-2.8072261810302734
8783,-2.8829898834228516
8784,-3.3692638874053955
8785,-3.57057785987854
8786,-2.2542848587036133
8787,-2.3573079109191895
8788,-3.7324929237365723
8789,-3.452390670776367
8790,-3.0057504177093506
8791,-2.9860665798187256
8792,-4.224705696105957
8793,-3.9813232421875
8794,-3.4834988117218018
8795,-3.6217563152313232
8796,-4.418145179748535
8797,-5.530141353607178
8798,-3.907226085662842
8799,-3.9746036529541016
8800,-3.9939041137695312
8801,-3.6488003730773926
8802,-2.8429784774780273
8803,-3.065082311630249
8804,-4.924690246582031
8805,-5.218269348144531
8806,-3.710542678833008
8807,-3.9109878540039062
8808,-3.9747908115386963
8809,-2.9522018432617188
8810,-3.303541898727417
8811,-2.9810433387756348
8812,-4.852629661560059
8813,-3.9734818935394287
8814,-3.582313299179077
8815,-3.367889404296875
8816,-5.157687664031982
8817,-3.9646975994110107
8818,-3.582449436187744
8819,-3.2166290283203125
8820,-5.278100967407227
8821,-3.940354108810425
8822,-3.7063586711883545
8823,-3.5202136039733887
8824,-4.296563148498535
8825,-3.3784337043762207
8826,-3.0734105110168457
8827,-2.7417991161346436
8828,-4.477308750152588
8829,-3.7693722248077393
8830,-3.647075653076172
8831,-3.3581693172454834
8832,-5.616707801818848
8833,-3.993239164352417
8834,-3.5148067474365234
8835,-2.8225927352905273
8836,-5.273279666900635
8837,-3.871701955795288
8838,-4.093377113342285
8839,-3.269019842147827
8840,-4.673497200012207
8841,-3.9404499530792236
8842,-3.662045955657959
8843,-3.1299688816070557
8844,-5.167042255401611
8845,-4.457499980926514
8846,-3.9859557151794434
8847,-3.403512716293335
8848,-4.800543785095215
8849,-3.6466057300567627
8850,-3.60026216506958
8851,-2.880077362060547
8852,-4.761690139770508
8853,-4.023967742919922
8854,-3.7360281944274902
8855,-3.1569719314575195
8856,-4.438055515289307
8857,-3.180971384048462
8858,-3.391310691833496
8859,-2.8111894130706787
8860,-5.465291500091553
8861,-4.07961368560791
8862,-4.115621566772461
8863,-3.4021339416503906
8864,-3.852022647857666
8865,-3.5983707904815674
8866,-3.1216516494750977
8867,-3.0889453887939453
8868,-4.185910701751709
8869,-4.69394588470459
8870,-3.6411097049713135
8871,-3.533259391784668
8872,-3.766029119491577
8873,-3.395582675933838
8874,-2.7185370922088623
8875,-2.6977972984313965
8876,-3.888871669769287
8877,-3.431875705718994
8878,-3.2315335273742676
8879,-3.0528998374938965
8880,-4.24511194229126
8881,-3.1081950664520264
8882,-3.247535467147827
8883,-2.567660093307495
8884,-4.55845308303833
8885,-3.8270843029022217
8886,-3.7711598873138428
8887,-3.199215888977051
8888,-3.070866823196411
8889,-2.5332391262054443
8890,-2.4349324703216553
8891,-2.2980685234069824
8892,-3.653087615966797
8893,-3.0120902061462402
8894,-2.9217731952667236
8895,-2.7281031608581543
8896,-3.371528148651123
8897,-2.864091634750366
8898,-2.678546667098999
8899,-2.518174409866333
8900,-3.8719050884246826
8901,-3.474036931991577
8902,-3.1918020248413086
8903,-2.9346954822540283
8904,-4.097140312194824
8905,-3.25495982170105
8906,-2.980637788772583
8907,-2.7829642295837402
8908,-3.934007167816162
8909,-3.3141090869903564
8910,-3.2042455673217773
8911,-2.981966733932495
8912,-3.305293321609497
8913,-2.666170835494995
8914,-2.5518875122070312
8915,-2.399470806121826
8916,-4.038654327392578
8917,-3.2593460083007812
8918,-3.0808019638061523
8919,-2.916501998901367
8920,-3.4982388019561768
8921,-2.9503371715545654
8922,-2.899294376373291
8923,-2.6674351692199707
8924,-4.080371856689453
8925,-3.961000919342041
8926,-3.0672147274017334
8927,-2.8617706298828125
8928,-4.434683322906494
8929,-3.4361989498138428
8930,-3.3034467697143555
8931,-2.956310749053955
8932,-4.704779624938965
8933,-3.823704957962036
8934,-3.553518295288086
8935,-3.267869710922241
8936,-3.4119293689727783
8937,-3.1982357501983643
8938,-2.791771411895752
8939,-2.8749539852142334
8940,-4.2019572257995605
8941,-3.7132656574249268
8942,-3.217135429382324
8943,-3.1983134746551514
8944,-4.051450252532959
8945,-4.027101993560791
8946,-3.1249608993530273
8947,-3.088548183441162
8948,-4.480991363525391
8949,-4.045040607452393
8950,-3.70009446144104
8951,-3.638875961303711
8952,-3.28454327583313
8953,-3.3324544429779053
8954,-2.590545654296875
8955,-2.8540236949920654
8956,-4.171084403991699
8957,-4.157143592834473
8958,-3.3131697177886963
8959,-3.691469192504883
8960,-3.074718475341797
8961,-3.198054313659668
8962,-2.490628480911255
8963,-2.8062186241149902
8964,-3.740065813064575
8965,-4.034774303436279
8966,-2.990777015686035
8967,-3.3983569145202637
8968,-3.436891555786133
8969,-3.6162712574005127
8970,-2.707197904586792
8971,-2.992361068725586
8972,-4.319280624389648
8973,-4.644242286682129
8974,-3.328831195831299
8975,-3.6880908012390137
8976,-3.5543785095214844
8977,-2.8966805934906006
8978,-2.727207660675049
8979,-2.5415992736816406
8980,-3.739436388015747
8981,-3.2507951259613037
8982,-3.1659345626831055
8983,-2.973585605621338
8984,-3.662524700164795
8985,-2.909674882888794
8986,-2.6382765769958496
8987,-2.4983410835266113
8988,-3.9784984588623047
8989,-3.5554661750793457
8990,-3.3721444606781006
8991,-3.2752833366394043
8992,-3.6691131591796875
8993,-3.0896875858306885
8994,-2.679091215133667
8995,-2.440317392349243
8996,-4.004392147064209
8997,-3.5408935546875
8998,-3.412316083908081
8999,-3.2038891315460205
9000,-4.187681198120117
9001,-3.3366119861602783
9002,-2.908090591430664
9003,-2.7299418449401855
9004,-5.316361904144287
9005,-5.088998794555664
9006,-3.7442100048065186
9007,-3.4902777671813965
9008,-4.225899696350098
9009,-3.5975501537323
9010,-3.059839963912964
9011,-3.0111923217773438
9012,-3.9404640197753906
9013,-3.3874239921569824
9014,-3.2036330699920654
9015,-2.9468190670013428
9016,-3.661191701889038
9017,-2.791896343231201
9018,-3.0838799476623535
9019,-2.870424509048462
9020,-4.176321506500244
9021,-3.6782119274139404
9022,-3.3424785137176514
9023,-3.1288459300994873
9024,-4.027120113372803
9025,-3.5212395191192627
9026,-3.1846041679382324
9027,-2.9047305583953857
9028,-4.059329032897949
9029,-4.176418304443359
9030,-3.235008716583252
9031,-3.3549575805664062
9032,-3.79842472076416
9033,-3.325138568878174
9034,-3.0849461555480957
9035,-2.9324207305908203
9036,-4.455996990203857
9037,-3.8211967945098877
9038,-3.2236850261688232
9039,-3.206230878829956
9040,-4.165615558624268
9041,-3.667231321334839
9042,-3.320297956466675
9043,-3.0762457847595215
9044,-4.499800682067871
9045,-4.23278284072876
9046,-3.331601619720459
9047,-3.3815510272979736
9048,-3.102597236633301
9049,-2.821842670440674
9050,-2.765681505203247
9051,-2.846388578414917
9052,-3.9395132064819336
9053,-4.219044208526611
9054,-3.1557276248931885
9055,-3.285991907119751
9056,-3.332232713699341
9057,-3.7765095233917236
9058,-2.346257448196411
9059,-2.508511781692505
9060,-3.5003912448883057
9061,-3.567333221435547
9062,-2.8694162368774414
9063,-3.004875659942627
9064,-3.9123661518096924
9065,-3.411635637283325
9066,-3.160160779953003
9067,-2.89164400100708
9068,-4.544552803039551
9069,-3.9308598041534424
9070,-3.388270854949951
9071,-3.272580623626709
9072,-3.884182929992676
9073,-2.8992905616760254
9074,-2.7485454082489014
9075,-2.486327648162842
9076,-4.500922203063965
9077,-3.8729088306427
9078,-3.5301475524902344
9079,-3.278815984725952
9080,-4.313542366027832
9081,-3.4040935039520264
9082,-3.211961030960083
9083,-2.802734375
9084,-4.793471336364746
9085,-4.868971347808838
9086,-3.6740615367889404
9087,-3.4579696655273438
9088,-3.582066297531128
9089,-2.734912395477295
9090,-2.6385390758514404
9091,-2.4713873863220215
9092,-4.853416919708252
9093,-4.08208703994751
9094,-4.183474063873291
9095,-3.803640604019165
9096,-3.817554473876953
9097,-3.225137948989868
9098,-2.973191738128662
9099,-2.713930606842041
9100,-4.9937591552734375
9101,-4.571626663208008
9102,-3.879467010498047
9103,-3.5563840866088867
9104,-4.193532943725586
9105,-3.5414624214172363
9106,-3.157620668411255
9107,-2.976759672164917
9108,-4.253848552703857
9109,-3.8236985206604004
9110,-3.444516658782959
9111,-3.2483081817626953
9112,-3.732922315597534
9113,-2.9302475452423096
9114,-2.7491297721862793
9115,-2.5165390968322754
9116,-4.144739627838135
9117,-3.288875102996826
9118,-3.281355381011963
9119,-3.0693435668945312
9120,-3.8437094688415527
9121,-3.109740734100342
9122,-2.988765239715576
9123,-2.7404611110687256
9124,-4.53621768951416
9125,-3.796254873275757
9126,-3.645886182785034
9127,-3.4263315200805664
9128,-3.097053289413452
9129,-2.9006505012512207
9130,-2.3932502269744873
9131,-2.4568440914154053
9132,-3.9007084369659424
9133,-3.704273223876953
9134,-3.066601514816284
9135,-3.1490421295166016
9136,-3.3975930213928223
9137,-3.1459977626800537
9138,-2.6974852085113525
9139,-2.691417694091797
9140,-3.7450881004333496
9141,-3.5983285903930664
9142,-3.042707681655884
9143,-3.0741019248962402
9144,-3.937113046646118
9145,-3.0583431720733643
9146,-2.821438789367676
9147,-2.4992477893829346
9148,-4.64687967300415
9149,-3.95984148979187
9150,-3.5113089084625244
9151,-3.1892707347869873
9152,-4.460323810577393
9153,-3.921077013015747
9154,-3.5295321941375732
9155,-2.953538179397583
9156,-4.5356597900390625
9157,-4.596474647521973
9158,-3.87644624710083
9159,-3.4264676570892334
9160,-4.312662124633789
9161,-3.8607449531555176
9162,-3.168572187423706
9163,-2.6513185501098633
9164,-4.813131332397461
9165,-3.508747100830078
9166,-3.6391568183898926
9167,-3.042470693588257
9168,-4.53052282333374
9169,-4.123353481292725
9170,-3.155547618865967
9171,-3.3000335693359375
9172,-4.89450740814209
9173,-3.7721328735351562
9174,-3.5234076976776123
9175,-3.16686749458313
9176,-4.00128698348999
9177,-3.2776761054992676
9178,-3.364032506942749
9179,-3.2327980995178223
9180,-4.516456127166748
9181,-3.8340206146240234
9182,-3.514953136444092
9183,-3.259389877319336
9184,-3.715904712677002
9185,-3.4260177612304688
9186,-2.7819628715515137
9187,-2.7258129119873047
9188,-3.8273510932922363
9189,-3.173445463180542
9190,-3.2677762508392334
9191,-3.046243667602539
9192,-3.141390323638916
9193,-2.723262071609497
9194,-2.44235897064209
9195,-2.3948428630828857
9196,-4.339798450469971
9197,-4.141663551330566
9198,-3.4864401817321777
9199,-3.2679221630096436
9200,-3.6387085914611816
9201,-3.0728089809417725
9202,-2.7099311351776123
9203,-2.6449174880981445
9204,-3.7712903022766113
9205,-3.2827658653259277
9206,-3.097940444946289
9207,-2.969463348388672
9208,-3.965764045715332
9209,-3.375304698944092
9210,-3.0374763011932373
9211,-2.7702934741973877
9212,-4.179966449737549
9213,-3.7746498584747314
9214,-3.4286344051361084
9215,-3.2666714191436768
9216,-4.336210250854492
9217,-3.7572083473205566
9218,-3.1359732151031494
9219,-3.129220962524414
9220,-4.491320610046387
9221,-3.7408969402313232
9222,-3.5364670753479004
9223,-3.270916700363159
9224,-3.74119234085083
9225,-3.2836616039276123
9226,-2.792388916015625
9227,-2.890716075897217
9228,-4.62153959274292
9229,-4.759810924530029
9230,-3.592651128768921
9231,-3.5545430183410645
9232,-3.852426052093506
9233,-3.5056774616241455
9234,-2.7037503719329834
9235,-2.762338876724243
9236,-4.25374698638916
9237,-3.5100204944610596
9238,-3.294783592224121
9239,-3.113313674926758
9240,-3.493197441101074
9241,-3.791808605194092
9242,-2.5570287704467773
9243,-2.664489269256592
9244,-4.540105819702148
9245,-4.332841396331787
9246,-3.5437304973602295
9247,-3.3635990619659424
9248,-3.911867141723633
9249,-3.403106689453125
9250,-2.8592023849487305
9251,-2.815101146697998
9252,-4.724377155303955
9253,-3.8868138790130615
9254,-3.625976085662842
9255,-3.44718599319458
9256,-3.337948799133301
9257,-2.8989078998565674
9258,-2.771181106567383
9259,-2.673370122909546
9260,-4.544175624847412
9261,-4.367738723754883
9262,-3.135047674179077
9263,-3.0916173458099365
9264,-3.2866547107696533
9265,-2.89067006111145
9266,-2.7633724212646484
9267,-2.623990058898926
9268,-4.115703105926514
9269,-2.963520050048828
9270,-3.661484956741333
9271,-3.1061949729919434
9272,-3.674581289291382
9273,-3.6759369373321533
9274,-2.8042848110198975
9275,-3.155742645263672
9276,-4.141406059265137
9277,-3.9205660820007324
9278,-3.377366781234741
9279,-3.643204927444458
9280,-3.3630056381225586
9281,-3.3023509979248047
9282,-2.89945650100708
9283,-3.13364315032959
9284,-3.8289387226104736
9285,-4.353992462158203
9286,-3.2349889278411865
9287,-3.516685724258423
9288,-4.507147789001465
9289,-3.390820264816284
9290,-3.4125783443450928
9291,-2.907412528991699
9292,-4.934467315673828
9293,-3.7375295162200928
9294,-3.7847213745117188
9295,-3.2919702529907227
9296,-4.082870960235596
9297,-3.092055320739746
9298,-3.354454278945923
9299,-2.916795015335083
9300,-5.2690958976745605
9301,-3.7304654121398926
9302,-3.778883695602417
9303,-3.2945332527160645
9304,-3.4257240295410156
9305,-2.7370142936706543
9306,-2.709906578063965
9307,-2.435964584350586
9308,-4.501287937164307
9309,-3.9471404552459717
9310,-3.594632863998413
9311,-3.502366304397583
9312,-4.094301700592041
9313,-3.417753219604492
9314,-3.4405131340026855
9315,-3.0983588695526123
9316,-4.6523003578186035
9317,-3.8200623989105225
9318,-3.5641210079193115
9319,-3.1144044399261475
9320,-4.69014835357666
9321,-3.4240944385528564
9322,-3.342510938644409
9323,-2.9526753425598145
9324,-4.6523003578186035
9325,-3.8200623989105225
9326,-3.5641210079193115
9327,-3.1144044399261475
9328,-4.106518745422363
9329,-3.0828237533569336
9330,-3.3451600074768066
9331,-2.9107699394226074
9332,-4.795658111572266
9333,-4.198684215545654
9334,-3.974372625350952
9335,-3.619048595428467
9336,-5.053716659545898
9337,-3.9300529956817627
9338,-4.010061740875244
9339,-3.289607524871826
9340,-5.210221290588379
9341,-4.051003932952881
9342,-4.111817836761475
9343,-3.464550733566284
9344,-4.609893798828125
9345,-3.6554031372070312
9346,-3.33949613571167
9347,-2.797783613204956
9348,-5.50399112701416
9349,-4.93602180480957
9350,-4.310327053070068
9351,-3.6333842277526855
9352,-4.346487045288086
9353,-3.5779638290405273
9354,-3.6250483989715576
9355,-3.3625993728637695
9356,-4.4731903076171875
9357,-4.34310245513916
9358,-3.4593958854675293
9359,-3.249485492706299
9360,-3.870616912841797
9361,-4.42400598526001
9362,-3.4882984161376953
9363,-3.3234703540802
9364,-4.915371894836426
9365,-4.157442092895508
9366,-3.701228380203247
9367,-3.484220504760742
9368,-3.5031235218048096
9369,-3.3672542572021484
9370,-3.0571844577789307
9371,-3.2264177799224854
9372,-4.036275386810303
9373,-3.7674014568328857
9374,-3.339160442352295
9375,-3.4777719974517822
9376,-3.352907657623291
9377,-4.382400035858154
9378,-3.1812307834625244
9379,-3.361365795135498
9380,-3.834759473800659
9381,-3.6568336486816406
9382,-3.1274285316467285
9383,-3.2688400745391846
9384,-3.706508159637451
9385,-2.918349266052246
9386,-2.7680349349975586
9387,-2.4613029956817627
9388,-3.846524238586426
9389,-3.138380289077759
9390,-2.952180862426758
9391,-2.6496646404266357
9392,-3.6380417346954346
9393,-2.9228038787841797
9394,-2.973846435546875
9395,-2.580209493637085
9396,-3.9010257720947266
9397,-3.587592601776123
9398,-3.1671535968780518
9399,-2.7845280170440674
9400,-4.053155899047852
9401,-3.387765884399414
9402,-2.9414029121398926
9403,-2.7051315307617188
9404,-3.927638530731201
9405,-3.230727434158325
9406,-3.2459168434143066
9407,-2.8359832763671875
9408,-3.643601655960083
9409,-2.8969764709472656
9410,-2.7158913612365723
9411,-2.5069990158081055
9412,-4.764008522033691
9413,-5.002604961395264
9414,-3.823211193084717
9415,-3.6062283515930176
9416,-3.6990344524383545
9417,-3.6174511909484863
9418,-2.8972678184509277
9419,-2.552926540374756
9420,-3.6403892040252686
9421,-3.1270406246185303
9422,-3.5104734897613525
9423,-3.173586368560791
9424,-3.9266207218170166
9425,-3.339664936065674
9426,-3.196300506591797
9427,-2.8426475524902344
9428,-4.558121204376221
9429,-4.003602027893066
9430,-3.7234675884246826
9431,-3.3213367462158203
9432,-3.5805001258850098
9433,-2.851339817047119
9434,-3.0635764598846436
9435,-2.582627773284912
9436,-4.525025367736816
9437,-4.080298900604248
9438,-3.422889232635498
9439,-3.0239014625549316
9440,-3.388838052749634
9441,-2.7151973247528076
9442,-2.8574795722961426
9443,-2.4850356578826904
9444,-4.059661388397217
9445,-3.289165496826172
9446,-3.747105121612549
9447,-3.2409026622772217
9448,-4.168811798095703
9449,-3.367394208908081
9450,-3.4007270336151123
9451,-3.0159032344818115
9452,-4.536531925201416
9453,-3.589071273803711
9454,-3.870248556137085
9455,-3.4034268856048584
9456,-4.430546760559082
9457,-3.881303071975708
9458,-3.3748528957366943
9459,-3.134326457977295
9460,-4.666390895843506
9461,-4.72352933883667
9462,-3.561500072479248
9463,-3.504457473754883
9464,-4.806670188903809
9465,-3.8632404804229736
9466,-3.5513129234313965
9467,-3.2476675510406494
9468,-5.028254508972168
9469,-3.871445417404175
9470,-3.891465663909912
9471,-3.5788395404815674
9472,-4.046505451202393
9473,-3.0733325481414795
9474,-3.120922088623047
9475,-2.860494613647461
9476,-4.673888206481934
9477,-3.8823235034942627
9478,-3.7476375102996826
9479,-3.483677864074707
9480,-3.9830565452575684
9481,-3.8295586109161377
9482,-2.8452558517456055
9483,-3.1301863193511963
9484,-4.136007785797119
9485,-4.55832576751709
9486,-3.145446538925171
9487,-3.353656768798828
9488,-3.7327678203582764
9489,-3.0500786304473877
9490,-2.765690326690674
9491,-2.498753070831299
9492,-4.247605323791504
9493,-3.1256327629089355
9494,-3.494536876678467
9495,-2.9743101596832275
9496,-3.1346583366394043
9497,-2.469212055206299
9498,-2.451542377471924
9499,-2.192063570022583
9500,-4.124725341796875
9501,-3.0404372215270996
9502,-3.3347370624542236
9503,-2.8702969551086426
9504,-4.3229780197143555
9505,-3.638648271560669
9506,-3.061253547668457
9507,-2.9571354389190674
9508,-4.9772491455078125
9509,-3.960627317428589
9510,-3.9426326751708984
9511,-3.712183952331543
9512,-3.585423231124878
9513,-2.8790676593780518
9514,-2.5739047527313232
9515,-2.551776170730591
9516,-4.607851982116699
9517,-4.670095920562744
9518,-3.317901611328125
9519,-3.225984811782837
9520,-4.244820594787598
9521,-3.5975265502929688
9522,-3.1323349475860596
9523,-2.998772382736206
9524,-4.4218668937683105
9525,-3.4284250736236572
9526,-3.368856191635132
9527,-3.1497349739074707
9528,-3.6293087005615234
9529,-2.868581533432007
9530,-2.6049211025238037
9531,-2.495764970779419
9532,-5.123953342437744
9533,-4.221279621124268
9534,-3.7718358039855957
9535,-3.437520980834961
9536,-3.0718982219696045
9537,-2.5595524311065674
9538,-2.4223647117614746
9539,-2.3664865493774414
9540,-3.8240344524383545
9541,-3.4528396129608154
9542,-3.1486222743988037
9543,-3.1074459552764893
9544,-3.298868179321289
9545,-2.939563512802124
9546,-2.6977686882019043
9547,-2.6173348426818848
9548,-3.4334614276885986
9549,-3.289410352706909
9550,-2.883862257003784
9551,-2.8784232139587402
9552,-3.3037171363830566
9553,-2.716705322265625
9554,-2.50394344329834
9555,-2.298518657684326
9556,-3.502549886703491
9557,-2.8492228984832764
9558,-2.635287046432495
9559,-2.4638805389404297
9560,-2.8759219646453857
9561,-2.693333387374878
9562,-2.406282901763916
9563,-2.427960157394409
9564,-3.477553367614746
9565,-3.331697940826416
9566,-3.2257819175720215
9567,-3.2283482551574707
9568,-3.3926336765289307
9569,-3.0331332683563232
9570,-2.710864782333374
9571,-2.787198543548584
9572,-3.7161381244659424
9573,-3.6893110275268555
9574,-3.1532552242279053
9575,-3.239920139312744
9576,-3.416120767593384
9577,-2.4872920513153076
9578,-2.4613585472106934
9579,-2.234395742416382
9580,-4.268707275390625
9581,-3.6628661155700684
9582,-3.3771865367889404
9583,-3.1098439693450928
9584,-3.8634042739868164
9585,-3.0082149505615234
9586,-2.9210691452026367
9587,-2.6334352493286133
9588,-4.762888431549072
9589,-4.3095879554748535
9590,-3.6257686614990234
9591,-3.29366135597229
9592,-3.7483088970184326
9593,-3.0303287506103516
9594,-3.0639748573303223
9595,-2.8568012714385986
9596,-5.002435207366943
9597,-4.447582244873047
9598,-3.64721941947937
9599,-3.3641903400421143
9600,-3.7674336433410645
9601,-3.291032075881958
9602,-2.9647932052612305
9603,-2.8157095909118652
9604,-4.462413787841797
9605,-3.7502644062042236
9606,-3.539307117462158
9607,-3.4405829906463623
9608,-3.8917744159698486
9609,-3.4169890880584717
9610,-3.10925555229187
9611,-2.972439765930176
9612,-4.468263149261475
9613,-4.028491497039795
9614,-3.48895001411438
9615,-3.2810752391815186
9616,-3.949782609939575
9617,-3.6126585006713867
9618,-3.124741315841675
9619,-3.3937690258026123
9620,-4.642951011657715
9621,-4.293786525726318
9622,-3.562044858932495
9623,-3.715134382247925
9624,-3.9042670726776123
9625,-3.396923780441284
9626,-3.0926737785339355
9627,-3.3183794021606445
9628,-4.1517558097839355
9629,-3.7961292266845703
9630,-3.3507139682769775
9631,-3.578059673309326
9632,-3.807288646697998
9633,-4.040824890136719
9634,-2.848750114440918
9635,-3.053452491760254
9636,-4.91428279876709
9637,-4.90230655670166
9638,-3.6617724895477295
9639,-3.903630495071411
9640,-3.243356466293335
9641,-2.8774197101593018
9642,-2.29813289642334
9643,-2.41084885597229
9644,-3.159893035888672
9645,-2.7329318523406982
9646,-2.345236301422119
9647,-2.4935076236724854
9648,-3.700425148010254
9649,-3.283742666244507
9650,-2.7535452842712402
9651,-2.849989652633667
9652,-4.382950782775879
9653,-4.008411407470703
9654,-3.6204137802124023
9655,-3.604825735092163
9656,-3.5289077758789062
9657,-3.569735288619995
9658,-2.593552827835083
9659,-2.5961179733276367
9660,-3.965139389038086
9661,-2.8598716259002686
9662,-3.5757923126220703
9663,-3.092256784439087
9664,-3.9601354598999023
9665,-3.3728396892547607
9666,-2.840041399002075
9667,-2.7770323753356934
9668,-4.705801963806152
9669,-3.9196829795837402
9670,-3.6234519481658936
9671,-3.3752100467681885
9672,-3.282494068145752
9673,-2.711338996887207
9674,-2.74688982963562
9675,-2.663912296295166
9676,-4.452208518981934
9677,-4.102468490600586
9678,-3.429332733154297
9679,-3.245340347290039
9680,-3.404296875
9681,-2.9015722274780273
9682,-2.803929090499878
9683,-2.6815097332000732
9684,-4.528510093688965
9685,-4.605538368225098
9686,-3.415861129760742
9687,-3.1504294872283936
9688,-3.96541690826416
9689,-4.190382480621338
9690,-3.02885103225708
9691,-2.842994451522827
9692,-4.090388774871826
9693,-3.4880969524383545
9694,-3.475236654281616
9695,-3.3027844429016113
9696,-4.66948938369751
9697,-3.7149152755737305
9698,-3.4526591300964355
9699,-3.0782272815704346
9700,-4.321281909942627
9701,-3.6540145874023438
9702,-3.639010429382324
9703,-3.285980701446533
9704,-4.338147163391113
9705,-3.351788282394409
9706,-3.057103157043457
9707,-2.6819353103637695
9708,-4.746801376342773
9709,-3.719303846359253
9710,-3.618406295776367
9711,-3.219602584838867
9712,-3.2524328231811523
9713,-3.0142526626586914
9714,-2.862414598464966
9715,-2.7444205284118652
9716,-3.791379690170288
9717,-3.896217107772827
9718,-3.0997931957244873
9719,-2.898505687713623
9720,-3.6955158710479736
9721,-3.1451008319854736
9722,-2.9406354427337646
9723,-2.7333245277404785
9724,-4.08585262298584
9725,-3.4229941368103027
9726,-3.6255202293395996
9727,-3.26938796043396
9728,-3.420366048812866
9729,-3.1510214805603027
9730,-2.786106586456299
9731,-2.997314453125
9732,-4.533661842346191
9733,-4.458028793334961
9734,-3.443588972091675
9735,-3.705406904220581
9736,-3.4644412994384766
9737,-3.3937177658081055
9738,-2.9392783641815186
9739,-3.1162569522857666
9740,-4.408697128295898
9741,-4.52980375289917
9742,-3.4593899250030518
9743,-3.8353238105773926
9744,-3.5438072681427
9745,-2.9516170024871826
9746,-2.7120566368103027
9747,-2.527966260910034
9748,-3.7933032512664795
9749,-3.2066550254821777
9750,-3.4332692623138428
9751,-3.2242519855499268
9752,-5.0489821434021
9753,-3.480271577835083
9754,-3.6290643215179443
9755,-2.8377857208251953
9756,-5.2304229736328125
9757,-3.8137519359588623
9758,-3.8678646087646484
9759,-3.390822172164917
9760,-4.105677604675293
9761,-3.3910133838653564
9762,-2.861330270767212
9763,-2.627707004547119
9764,-4.739190101623535
9765,-4.144050121307373
9766,-3.5441999435424805
9767,-3.143022298812866
9768,-3.5146920680999756
9769,-2.7685787677764893
9770,-2.556119203567505
9771,-2.4102444648742676
9772,-5.271479606628418
9773,-3.6770362854003906
9774,-3.5685527324676514
9775,-3.141899824142456
9776,-3.8685271739959717
9777,-2.767373561859131
9778,-2.7230753898620605
9779,-2.5145270824432373
9780,-4.7104716300964355
9781,-4.065418720245361
9782,-3.7628657817840576
9783,-3.561122417449951
9784,-4.192383289337158
9785,-3.25874924659729
9786,-3.0711162090301514
9787,-2.818769693374634
9788,-4.775032997131348
9789,-4.0288801193237305
9790,-3.70910906791687
9791,-3.4921460151672363
9792,-3.4480552673339844
9793,-2.7296018600463867
9794,-2.5646235942840576
9795,-2.4132983684539795
9796,-4.254743576049805
9797,-3.5576133728027344
9798,-3.2418899536132812
9799,-3.013631820678711
9800,-3.819620132446289
9801,-3.022617816925049
9802,-2.8637471199035645
9803,-2.6414670944213867
9804,-4.512148380279541
9805,-3.434861183166504
9806,-3.215224266052246
9807,-3.0271036624908447
9808,-3.5279409885406494
9809,-3.316901922225952
9810,-2.6397881507873535
9811,-2.9507815837860107
9812,-4.597413063049316
9813,-4.4582977294921875
9814,-3.520263433456421
9815,-3.818413496017456
9816,-3.568105459213257
9817,-2.65543532371521
9818,-3.1808362007141113
9819,-2.737118721008301
9820,-4.847452163696289
9821,-3.923410177230835
9822,-3.8527369499206543
9823,-3.364351272583008
9824,-3.9682369232177734
9825,-2.825718641281128
9826,-3.238569736480713
9827,-2.792466878890991
9828,-5.176674842834473
9829,-3.897508382797241
9830,-4.1736955642700195
9831,-3.56135892868042
9832,-3.6403610706329346
9833,-2.9691011905670166
9834,-3.0476584434509277
9835,-2.8249125480651855
9836,-4.203376770019531
9837,-4.0419769287109375
9838,-3.4258532524108887
9839,-3.1108574867248535
9840,-3.7727675437927246
9841,-2.960181713104248
9842,-3.09205961227417
9843,-2.802187919616699
9844,-4.356985569000244
9845,-3.6678061485290527
9846,-3.781559467315674
9847,-3.492391347885132
9848,-4.493215560913086
9849,-3.7402758598327637
9850,-3.326343059539795
9851,-3.1461098194122314
9852,-4.5272369384765625
9853,-3.6835451126098633
9854,-3.3911895751953125
9855,-3.251448392868042
9856,-3.741351366043091
9857,-2.89916729927063
9858,-2.79471492767334
9859,-2.652329206466675
9860,-4.21488618850708
9861,-3.5830318927764893
9862,-3.2554502487182617
9863,-3.2154433727264404
9864,-4.6369218826293945
9865,-3.4797520637512207
9866,-3.2216930389404297
9867,-2.8703219890594482
9868,-4.359200954437256
9869,-3.7192161083221436
9870,-3.693629741668701
9871,-3.389622688293457
9872,-3.526869297027588
9873,-3.0743138790130615
9874,-2.7931923866271973
9875,-2.7645630836486816
9876,-3.583134174346924
9877,-3.0502405166625977
9878,-3.1914188861846924
9879,-2.987440347671509
9880,-3.507214307785034
9881,-3.0416259765625
9882,-2.5621650218963623
9883,-2.5051345825195312
9884,-3.9372317790985107
9885,-3.3691413402557373
9886,-2.751899242401123
9887,-2.6432418823242188
9888,-3.642009735107422
9889,-4.1082763671875
9890,-3.126814365386963
9891,-3.0493569374084473
9892,-3.7916343212127686
9893,-3.730459690093994
9894,-3.0720760822296143
9895,-2.987534284591675
9896,-3.782327890396118
9897,-3.9043970108032227
9898,-2.824026107788086
9899,-2.7796592712402344
9900,-4.32818603515625
9901,-3.733602523803711
9902,-3.3723301887512207
9903,-3.287348508834839
9904,-3.902350664138794
9905,-4.05227518081665
9906,-2.9819140434265137
9907,-3.200587511062622
9908,-4.095548629760742
9909,-3.726810932159424
9910,-3.145460844039917
9911,-3.2232182025909424
9912,-3.716242551803589
9913,-3.6323835849761963
9914,-2.731189250946045
9915,-3.0015556812286377
9916,-3.9719417095184326
9917,-3.864212989807129
9918,-3.118431568145752
9919,-3.230853319168091
9920,-3.3765926361083984
9921,-2.5253469944000244
9922,-2.4911880493164062
9923,-2.1408424377441406
9924,-4.044524192810059
9925,-3.0436370372772217
9926,-3.463989019393921
9927,-2.980659246444702
9928,-3.673691511154175
9929,-2.8591206073760986
9930,-2.8178417682647705
9931,-2.4263505935668945
9932,-4.466648101806641
9933,-4.12475061416626
9934,-3.3222126960754395
9935,-2.988436222076416
9936,-5.0235419273376465
9937,-4.221479415893555
9938,-3.7393994331359863
9939,-3.428537368774414
9940,-5.251797676086426
9941,-4.599564552307129
9942,-4.171790599822998
9943,-4.036769866943359
9944,-4.2440080642700195
9945,-3.432403326034546
9946,-3.3828742504119873
9947,-3.077707052230835
9948,-5.408783912658691
9949,-4.638761520385742
9950,-4.098584175109863
9951,-3.8214759826660156
9952,-4.462441444396973
9953,-3.7353739738464355
9954,-3.4782962799072266
9955,-3.173933744430542
9956,-4.657358646392822
9957,-3.746638536453247
9958,-3.7869412899017334
9959,-3.4678707122802734
9960,-4.222853183746338
9961,-3.672329902648926
9962,-3.02984619140625
9963,-2.742335081100464
9964,-4.980084419250488
9965,-4.229066371917725
9966,-3.839993476867676
9967,-3.660609006881714
9968,-3.680575370788574
9969,-3.7872211933135986
9970,-2.654425859451294
9971,-2.8998184204101562
9972,-4.291497230529785
9973,-4.1968255043029785
9974,-3.4611904621124268
9975,-3.450812816619873
9976,-3.6088545322418213
9977,-3.406818389892578
9978,-2.707143783569336
9979,-2.864121913909912
9980,-4.267971038818359
9981,-5.368152141571045
9982,-3.6577930450439453
9983,-3.551607131958008
9984,-3.6905019283294678
9985,-3.51430606842041
9986,-2.6654176712036133
9987,-2.8521480560302734
9988,-4.50308895111084
9989,-4.097096920013428
9990,-3.6503195762634277
9991,-3.512568950653076
9992,-3.9518465995788574
9993,-3.732112169265747
9994,-2.9392006397247314
9995,-2.9754910469055176
9996,-4.745726585388184
9997,-4.837690830230713
9998,-3.7023558616638184
9999,-3.6645658016204834
10000,-4.017773628234863
10001,-3.8850767612457275
10002,-3.0201847553253174
10003,-3.2152469158172607
10004,-4.467676639556885
10005,-3.9769623279571533
10006,-3.6098432540893555
10007,-3.720369338989258
10008,-3.365619659423828
10009,-3.002081871032715
10010,-2.417346239089966
10011,-2.593083381652832
10012,-3.9731478691101074
10013,-3.799762010574341
10014,-3.197061061859131
10015,-3.364020824432373
10016,-3.0476770401000977
10017,-2.6836917400360107
10018,-2.3189096450805664
10019,-2.346019983291626
10020,-3.4238650798797607
10021,-3.037433624267578
10022,-3.026928186416626
10023,-3.057175397872925
10024,-3.4279563426971436
10025,-3.057520627975464
10026,-2.665498733520508
10027,-2.717535972595215
10028,-3.6625921726226807
10029,-3.1698317527770996
10030,-3.2207305431365967
10031,-3.117964744567871
10032,-4.451294898986816
10033,-3.7952470779418945
10034,-3.136343002319336
10035,-3.1522624492645264
10036,-4.861051559448242
10037,-3.832054615020752
10038,-3.5099332332611084
10039,-3.3716845512390137
10040,-4.656624794006348
10041,-3.2716259956359863
10042,-3.4831717014312744
10043,-2.59757661819458
10044,-5.202471733093262
10045,-3.415134906768799
10046,-3.8771398067474365
10047,-3.079519510269165
10048,-4.179275035858154
10049,-2.7767674922943115
10050,-3.234041213989258
10051,-2.4533090591430664
10052,-4.094855308532715
10053,-3.16684889793396
10054,-3.54990816116333
10055,-2.868586540222168
10056,-4.3130269050598145
10057,-2.9316234588623047
10058,-3.3772950172424316
10059,-2.7025585174560547
10060,-4.89647912979126
10061,-3.8099539279937744
10062,-3.9329402446746826
10063,-3.1058707237243652
10064,-4.0742340087890625
10065,-3.844879150390625
10066,-2.9957809448242188
10067,-3.1357192993164062
10068,-4.004847049713135
10069,-3.8419251441955566
10070,-3.438065528869629
10071,-3.368147850036621
10072,-3.3101329803466797
10073,-2.9756503105163574
10074,-2.4186463356018066
10075,-2.5608654022216797
10076,-4.544785022735596
10077,-4.002552032470703
10078,-3.407989978790283
10079,-3.495725631713867
10080,-4.509873390197754
10081,-3.64819598197937
10082,-3.2069473266601562
10083,-2.9635026454925537
10084,-5.17734432220459
10085,-4.817140102386475
10086,-3.909496307373047
10087,-3.5848214626312256
10088,-4.526564598083496
10089,-3.8215019702911377
10090,-3.4302008152008057
10091,-3.2189178466796875
10092,-5.5461015701293945
10093,-5.520058631896973
10094,-3.735765218734741
10095,-3.6065731048583984
10096,-3.3691649436950684
10097,-2.735811710357666
10098,-2.562342882156372
10099,-2.3704707622528076
10100,-4.758955001831055
10101,-3.808523654937744
10102,-3.463172674179077
10103,-3.3198297023773193
10104,-3.751655101776123
10105,-3.1030800342559814
10106,-2.8698713779449463
10107,-2.6372570991516113
10108,-3.9772911071777344
10109,-3.4325690269470215
10110,-3.1493029594421387
10111,-3.0085384845733643
10112,-3.760756254196167
10113,-3.095125198364258
10114,-3.2031960487365723
10115,-2.908632755279541
10116,-3.7829952239990234
10117,-3.068591356277466
10118,-3.3710920810699463
10119,-3.069997787475586
10120,-4.4003472328186035
10121,-3.0979549884796143
10122,-3.15238618850708
10123,-2.740790843963623
10124,-5.233621120452881
10125,-4.8839335441589355
10126,-3.5175259113311768
10127,-3.0446689128875732
10128,-4.152647018432617
10129,-3.2071714401245117
10130,-3.3017897605895996
10131,-3.025251626968384
10132,-4.755031108856201
10133,-3.833162546157837
10134,-3.604818105697632
10135,-3.3312184810638428
10136,-3.9311325550079346
10137,-4.225480079650879
10138,-3.544978141784668
10139,-3.1550793647766113
10140,-4.589327335357666
10141,-3.481689214706421
10142,-3.533231019973755
10143,-3.0749897956848145
10144,-3.5602142810821533
10145,-3.1607112884521484
10146,-3.116614818572998
10147,-2.865086317062378
10148,-3.994636058807373
10149,-3.0485172271728516
10150,-3.1259891986846924
10151,-2.8215928077697754
10152,-4.371247291564941
10153,-3.2209370136260986
10154,-3.1696674823760986
10155,-2.82993483543396
10156,-4.550405979156494
10157,-3.56329345703125
10158,-3.300199270248413
10159,-3.001254081726074
10160,-4.276114463806152
10161,-3.3511908054351807
10162,-3.3704211711883545
10163,-3.105971574783325
10164,-4.427173614501953
10165,-3.4333150386810303
10166,-3.258099317550659
10167,-3.063760757446289
10168,-3.9143707752227783
10169,-4.183804512023926
10170,-3.39510440826416
10171,-3.101726531982422
10172,-4.530083656311035
10173,-4.1009392738342285
10174,-3.6862525939941406
10175,-3.3968617916107178
10176,-3.334935188293457
10177,-2.9692933559417725
10178,-2.919771432876587
10179,-2.7196712493896484
10180,-4.591780662536621
10181,-4.4833245277404785
10182,-3.6706314086914062
10183,-3.443397045135498
10184,-3.764864206314087
10185,-3.029919147491455
10186,-2.9094884395599365
10187,-2.658268928527832
10188,-3.917402505874634
10189,-3.371758222579956
10190,-3.1573379039764404
10191,-2.894214391708374
10192,-3.662639617919922
10193,-3.0940163135528564
10194,-3.0307188034057617
10195,-2.913837194442749
10196,-4.6188483238220215
10197,-4.382153511047363
10198,-3.340578556060791
10199,-3.070976734161377
10200,-3.4956111907958984
10201,-3.818713665008545
10202,-3.0560967922210693
10203,-2.8740084171295166
10204,-4.085467338562012
10205,-3.403679847717285
10206,-3.1744000911712646
10207,-3.041503429412842
10208,-3.7313930988311768
10209,-3.852947950363159
10210,-3.1231343746185303
10211,-3.082857608795166
10212,-4.07834005355835
10213,-3.617384910583496
10214,-3.300222396850586
10215,-3.2088756561279297
10216,-2.701789140701294
10217,-2.503366708755493
10218,-2.231285333633423
10219,-2.2184436321258545
10220,-3.7160110473632812
10221,-3.4325320720672607
10222,-3.0112533569335938
10223,-2.986650228500366
10224,-3.302387237548828
10225,-2.877222776412964
10226,-2.671016216278076
10227,-2.607748508453369
10228,-3.6245579719543457
10229,-3.04768705368042
10230,-3.2246782779693604
10231,-3.0574848651885986
10232,-3.917473554611206
10233,-2.763974189758301
10234,-3.4190118312835693
10235,-2.757413625717163
10236,-5.2268757820129395
10237,-4.307810306549072
10238,-4.238156318664551
10239,-3.6535511016845703
10240,-4.3254170417785645
10241,-3.608532667160034
10242,-3.561655044555664
10243,-2.8974533081054688
10244,-5.6796746253967285
10245,-4.2830376625061035
10246,-4.299801349639893
10247,-3.6304681301116943
10248,-5.046384334564209
10249,-3.6684422492980957
10250,-3.7786998748779297
10251,-3.110902786254883
10252,-4.4178996086120605
10253,-3.3803834915161133
10254,-3.6540818214416504
10255,-3.0754828453063965
10256,-4.206063270568848
10257,-3.106297016143799
10258,-3.05859637260437
10259,-2.6942851543426514
10260,-4.612094402313232
10261,-3.484933614730835
10262,-3.4428393840789795
10263,-3.0862979888916016
10264,-3.9047000408172607
10265,-3.7942421436309814
10266,-2.933994770050049
10267,-3.1733107566833496
10268,-4.491206645965576
10269,-4.423283576965332
10270,-3.349647283554077
10271,-3.4755513668060303
10272,-3.8028652667999268
10273,-4.3500542640686035
10274,-2.5086472034454346
10275,-2.850709915161133
10276,-4.295947074890137
10277,-3.8702874183654785
10278,-3.105729103088379
10279,-3.289832592010498
10280,-3.893759250640869
10281,-3.9219937324523926
10282,-3.0393688678741455
10283,-3.2192885875701904
10284,-4.043493747711182
10285,-3.91755747795105
10286,-3.32991099357605
10287,-3.4735145568847656
10288,-3.7509820461273193
10289,-3.382293701171875
10290,-3.055556297302246
10291,-2.675232410430908
10292,-3.941889762878418
10293,-3.139577627182007
10294,-3.346747398376465
10295,-2.956984043121338
10296,-3.97920560836792
10297,-3.097580671310425
10298,-2.992953300476074
10299,-2.5388896465301514
10300,-4.077009677886963
10301,-3.266840696334839
10302,-3.1156132221221924
10303,-2.741297721862793
10304,-2.9090869426727295
10305,-2.6080288887023926
10306,-2.2470245361328125
10307,-2.1907219886779785
10308,-4.069571018218994
10309,-4.385152339935303
10310,-3.139166831970215
10311,-3.126323699951172
10312,-3.2217557430267334
10313,-2.9448184967041016
10314,-2.6657683849334717
10315,-2.6265294551849365
10316,-3.261345624923706
10317,-3.0780906677246094
10318,-2.7377121448516846
10319,-2.821402072906494
10320,-3.140162706375122
10321,-2.717986583709717
10322,-2.5329482555389404
10323,-2.4141592979431152
10324,-3.702080726623535
10325,-3.4429917335510254
10326,-3.2354440689086914
10327,-3.2025725841522217
10328,-3.9391286373138428
10329,-3.3941800594329834
10330,-3.034735918045044
10331,-2.8990230560302734
10332,-4.361625671386719
10333,-3.821099042892456
10334,-3.7336063385009766
10335,-3.2713003158569336
10336,-4.583607196807861
10337,-4.197427749633789
10338,-3.6251087188720703
10339,-3.602081537246704
10340,-4.083687782287598
10341,-4.305718421936035
10342,-3.2885615825653076
10343,-3.200279712677002
10344,-3.984971046447754
10345,-3.3402557373046875
10346,-3.192094326019287
10347,-2.9642128944396973
10348,-4.5374650955200195
10349,-3.8201403617858887
10350,-3.5111680030822754
10351,-3.4399263858795166
10352,-3.880544662475586
10353,-3.4518373012542725
10354,-3.112459421157837
10355,-2.9912564754486084
10356,-3.9620652198791504
10357,-3.853039264678955
10358,-3.4130568504333496
10359,-3.2389719486236572
10360,-3.686537265777588
10361,-3.893483877182007
10362,-2.8445417881011963
10363,-3.2129392623901367
10364,-4.239282608032227
10365,-5.15336275100708
10366,-3.6282989978790283
10367,-3.8442940711975098
10368,-4.139617919921875
10369,-3.461193084716797
10370,-2.9957542419433594
10371,-2.699965238571167
10372,-4.959721088409424
10373,-3.866781234741211
10374,-3.987490653991699
10375,-3.5096726417541504
10376,-4.185578346252441
10377,-3.154233694076538
10378,-2.853306293487549
10379,-2.5913827419281006
10380,-4.501611709594727
10381,-3.35587477684021
10382,-3.3165321350097656
10383,-2.8897204399108887
10384,-3.851884126663208
10385,-3.5909597873687744
10386,-3.0101113319396973
10387,-2.974400043487549
10388,-4.484722137451172
10389,-3.824230670928955
10390,-3.505910634994507
10391,-3.4103055000305176
10392,-4.147263526916504
10393,-3.5695927143096924
10394,-3.1492156982421875
10395,-3.0570905208587646
10396,-4.840948104858398
10397,-4.079958438873291
10398,-3.7823760509490967
10399,-3.603560447692871
10400,-3.4599156379699707
10401,-2.6923930644989014
10402,-2.5455524921417236
10403,-2.4577975273132324
10404,-4.443519592285156
10405,-3.4335341453552246
10406,-3.755951404571533
10407,-3.4313273429870605
10408,-3.8615353107452393
10409,-3.2722997665405273
10410,-2.938387632369995
10411,-2.787728786468506
10412,-4.716278076171875
10413,-3.963628053665161
10414,-3.9185686111450195
10415,-3.668776750564575
10416,-3.503325939178467
10417,-2.9825124740600586
10418,-2.8210973739624023
10419,-2.701476573944092
10420,-4.52029275894165
10421,-3.7446582317352295
10422,-3.714571952819824
10423,-3.442807912826538
10424,-3.126525640487671
10425,-2.773517608642578
10426,-2.316899061203003
10427,-2.3703978061676025
10428,-4.230828285217285
10429,-4.558332920074463
10430,-3.1896443367004395
10431,-3.2703514099121094
10432,-3.5953187942504883
10433,-3.2303013801574707
10434,-2.724285125732422
10435,-2.7652053833007812
10436,-4.1960859298706055
10437,-4.880283355712891
10438,-3.1181187629699707
10439,-3.250890016555786
10440,-4.032896995544434
10441,-3.233975648880005
10442,-2.9258487224578857
10443,-2.67265248298645
10444,-3.340679883956909
10445,-2.892009735107422
10446,-3.021162509918213
10447,-2.817018508911133
10448,-3.529374599456787
10449,-3.2131268978118896
10450,-2.7442502975463867
10451,-2.8042421340942383
10452,-5.0519843101501465
10453,-4.4133100509643555
10454,-3.879276752471924
10455,-3.887464761734009
10456,-3.9162840843200684
10457,-3.3911569118499756
10458,-2.9945762157440186
10459,-3.0449047088623047
10460,-4.576359272003174
10461,-4.812157154083252
10462,-3.5312013626098633
10463,-3.537344217300415
10464,-3.6441285610198975
10465,-3.445261240005493
10466,-2.972965717315674
10467,-3.062610149383545
10468,-4.12129545211792
10469,-3.7906439304351807
10470,-3.354785442352295
10471,-3.3865761756896973
10472,-4.221407413482666
10473,-4.03167200088501
10474,-3.257816791534424
10475,-3.0651192665100098
10476,-5.0562214851379395
10477,-4.03792667388916
10478,-3.7855749130249023
10479,-3.3755054473876953
10480,-4.844010829925537
10481,-3.787741184234619
10482,-3.3270912170410156
10483,-3.0333786010742188
10484,-5.254905700683594
10485,-4.186698913574219
10486,-3.8003101348876953
10487,-3.5843729972839355
10488,-4.439553737640381
10489,-3.448853015899658
10490,-3.295909881591797
10491,-3.0000030994415283
10492,-5.008087158203125
10493,-3.9885971546173096
10494,-3.320147752761841
10495,-2.890317916870117
10496,-4.280472278594971
10497,-3.496331214904785
10498,-3.5023417472839355
10499,-3.154791831970215
10500,-4.723278999328613
10501,-3.8397364616394043
10502,-3.442648410797119
10503,-3.1607120037078857
10504,-4.735121726989746
10505,-3.6566929817199707
10506,-3.500598907470703
10507,-3.0363216400146484
10508,-4.606314659118652
10509,-3.8473193645477295
10510,-3.522404432296753
10511,-3.2752766609191895
10512,-4.065859794616699
10513,-3.2217864990234375
10514,-2.989305019378662
10515,-2.709319829940796
10516,-4.944851398468018
10517,-4.156021595001221
10518,-3.8373005390167236
10519,-3.500452995300293
10520,-4.688839912414551
10521,-3.548813581466675
10522,-3.282783031463623
10523,-2.84035062789917
10524,-4.847895622253418
10525,-3.8740108013153076
10526,-3.9197726249694824
10527,-3.4864251613616943
10528,-4.028022766113281
10529,-3.550483226776123
10530,-3.380451202392578
10531,-3.0107030868530273
10532,-4.378770351409912
10533,-3.4362683296203613
10534,-3.7779393196105957
10535,-3.3026375770568848
10536,-3.3428211212158203
10537,-2.7196342945098877
10538,-2.8990588188171387
10539,-2.5977845191955566
10540,-3.5908565521240234
10541,-3.3285861015319824
10542,-2.9323489665985107
10543,-2.595381259918213
10544,-3.783205509185791
10545,-2.877487897872925
10546,-2.9056122303009033
10547,-2.5379114151000977
10548,-4.5972418785095215
10549,-3.707758903503418
10550,-3.7007243633270264
10551,-3.341172933578491
10552,-3.757155656814575
10553,-3.726168394088745
10554,-2.8021743297576904
10555,-3.0310072898864746
10556,-4.153278350830078
10557,-4.012609481811523
10558,-3.2113900184631348
10559,-3.3589608669281006
10560,-2.9039907455444336
10561,-2.797569751739502
10562,-2.260338544845581
10563,-2.4451630115509033
10564,-3.666869878768921
10565,-4.877389907836914
10566,-3.2719855308532715
10567,-3.4721240997314453
10568,-4.585280895233154
10569,-3.989816665649414
10570,-3.3708131313323975
10571,-3.4605185985565186
10572,-3.7093679904937744
10573,-3.4550139904022217
10574,-3.0253779888153076
10575,-3.094478130340576
10576,-3.682558298110962
10577,-3.4406487941741943
10578,-2.9895124435424805
10579,-2.58154559135437
10580,-3.9124646186828613
10581,-3.2794289588928223
10582,-3.5452098846435547
10583,-3.0774872303009033
10584,-4.193883895874023
10585,-3.3409385681152344
10586,-3.155128240585327
10587,-2.8215272426605225
10588,-4.308567047119141
10589,-3.7217342853546143
10590,-3.3583476543426514
10591,-3.0875258445739746
10592,-4.47662353515625
10593,-3.649338483810425
10594,-3.288790464401245
10595,-3.119753122329712
10596,-4.293923377990723
10597,-4.30271053314209
10598,-3.519239664077759
10599,-3.287550210952759
10600,-3.801931619644165
10601,-3.3153958320617676
10602,-2.72053861618042
10603,-2.8048508167266846
10604,-3.4427096843719482
10605,-3.2092814445495605
10606,-3.0493528842926025
10607,-3.0009851455688477
10608,-4.841706275939941
10609,-3.799504041671753
10610,-3.4629437923431396
10611,-3.034205198287964
10612,-4.947032451629639
10613,-3.6884541511535645
10614,-3.8604736328125
10615,-3.2360177040100098
10616,-5.644296169281006
10617,-4.035428047180176
10618,-4.028825283050537
10619,-3.1995627880096436
10620,-5.732460975646973
10621,-3.68158221244812
10622,-4.008327484130859
10623,-3.2530198097229004
10624,-3.4358322620391846
10625,-3.0439698696136475
10626,-2.7706661224365234
10627,-2.5860555171966553
10628,-3.787325382232666
10629,-3.4145748615264893
10630,-3.2469778060913086
10631,-3.0714821815490723
10632,-3.385465383529663
10633,-2.89064359664917
10634,-2.6596903800964355
10635,-2.5282986164093018
10636,-3.771960735321045
10637,-3.362494707107544
10638,-2.9517321586608887
10639,-2.8209521770477295
10640,-3.2266666889190674
10641,-2.9702093601226807
10642,-2.647818088531494
10643,-2.580630302429199
10644,-4.03065824508667
10645,-3.9827771186828613
10646,-3.212717056274414
10647,-3.1085429191589355
10648,-4.062258720397949
10649,-3.393756151199341
10650,-2.9877312183380127
10651,-2.567078113555908
10652,-4.362674713134766
10653,-3.5218284130096436
10654,-3.498645782470703
10655,-3.0462703704833984
10656,-4.359978199005127
10657,-3.411818027496338
10658,-3.310722589492798
10659,-3.02290678024292
10660,-4.393115520477295
10661,-3.4907872676849365
10662,-3.5634779930114746
10663,-3.108922004699707
10664,-3.799071788787842
10665,-3.110928773880005
10666,-2.9499928951263428
10667,-2.8671557903289795
10668,-4.495828628540039
10669,-3.914421796798706
10670,-3.5328280925750732
10671,-3.345524549484253
10672,-4.295064449310303
10673,-3.844205617904663
10674,-3.4917755126953125
10675,-3.0857205390930176
10676,-4.282180309295654
10677,-3.437944173812866
10678,-3.4822347164154053
10679,-3.2467188835144043
10680,-2.9770889282226562
10681,-1.984323501586914
10682,-2.32177734375
10683,-1.9152848720550537
10684,-4.160211086273193
10685,-3.352778673171997
10686,-3.3564693927764893
10687,-2.91037654876709
10688,-3.5226261615753174
10689,-2.605847120285034
10690,-2.7471542358398438
10691,-2.284156322479248
10692,-4.005392551422119
10693,-3.6261239051818848
10694,-3.0865554809570312
10695,-2.647404193878174
10696,-4.359309196472168
10697,-3.3175110816955566
10698,-2.955620288848877
10699,-2.862959384918213
10700,-4.283392429351807
10701,-3.4706642627716064
10702,-3.243227243423462
10703,-2.978550672531128
10704,-3.740184783935547
10705,-3.6872074604034424
10706,-2.7719273567199707
10707,-3.103006362915039
10708,-4.383544445037842
10709,-3.981501579284668
10710,-3.4316742420196533
10711,-3.67020583152771
10712,-4.133755683898926
10713,-4.659189224243164
10714,-3.0841684341430664
10715,-3.266117572784424
10716,-4.666665554046631
10717,-5.228159427642822
10718,-3.1764533519744873
10719,-3.4428489208221436
10720,-4.642030715942383
10721,-3.9409165382385254
10722,-3.43176531791687
10723,-3.6037373542785645
10724,-3.6786670684814453
10725,-3.554734945297241
10726,-3.1571972370147705
10727,-3.3989129066467285
10728,-4.8808207511901855
10729,-4.026877403259277
10730,-3.705738067626953
10731,-3.411874294281006
10732,-5.114691734313965
10733,-3.9017937183380127
10734,-3.6447548866271973
10735,-3.271059989929199
10736,-4.1118927001953125
10737,-3.915651559829712
10738,-3.1009633541107178
10739,-3.1458561420440674
10740,-3.9212775230407715
10741,-3.618675708770752
10742,-2.9882893562316895
10743,-3.0753536224365234
10744,-3.4726719856262207
10745,-3.097163438796997
10746,-2.5389652252197266
10747,-2.622875213623047
10748,-3.889955520629883
10749,-3.4510040283203125
10750,-2.9333415031433105
10751,-2.9865500926971436
10752,-4.231512546539307
10753,-3.3472561836242676
10754,-3.109391450881958
10755,-2.853152275085449
10756,-4.80584192276001
10757,-4.528319835662842
10758,-3.4837756156921387
10759,-3.064814805984497
10760,-4.616827964782715
10761,-3.8110740184783936
10762,-3.648409605026245
10763,-3.32131028175354
10764,-4.81312894821167
10765,-4.2400126457214355
10766,-3.626626491546631
10767,-3.2961161136627197
10768,-3.658615827560425
10769,-2.7549514770507812
10770,-2.990353584289551
10771,-2.695603609085083
10772,-4.420656681060791
10773,-3.6396749019622803
10774,-3.570706844329834
10775,-3.263246536254883
10776,-3.7841203212738037
10777,-3.253847599029541
10778,-3.0691077709198
10779,-2.8442602157592773
10780,-3.65476393699646
10781,-3.2492148876190186
10782,-3.0781588554382324
10783,-2.921584129333496
10784,-3.5879390239715576
10785,-3.111668109893799
10786,-3.010507106781006
10787,-2.8181324005126953
10788,-4.28981351852417
10789,-3.8529582023620605
10790,-3.498314380645752
10791,-3.325923204421997
10792,-3.7008447647094727
10793,-2.780534267425537
10794,-2.8063297271728516
10795,-2.426448106765747
10796,-4.11191987991333
10797,-3.3956265449523926
10798,-3.3698501586914062
10799,-2.92740797996521
10800,-3.1723434925079346
10801,-2.7805185317993164
10802,-2.5249862670898438
10803,-2.452665090560913
10804,-3.6654863357543945
10805,-3.2242579460144043
10806,-3.2473304271698
10807,-3.072876453399658
10808,-4.410911560058594
10809,-3.834451913833618
10810,-3.2763049602508545
10811,-3.1162948608398438
10812,-4.236388206481934
10813,-3.8049676418304443
10814,-3.559316635131836
10815,-3.3907299041748047
10816,-3.151444673538208
10817,-2.3630001544952393
10818,-2.4699904918670654
10819,-2.2953615188598633
10820,-4.073846817016602
10821,-3.952223539352417
10822,-3.2736403942108154
10823,-3.1133668422698975
10824,-3.619182825088501
10825,-2.8530232906341553
10826,-2.8538014888763428
10827,-2.6180248260498047
10828,-4.460913181304932
10829,-4.007479190826416
10830,-3.3737876415252686
10831,-3.1820099353790283
10832,-4.110762596130371
10833,-3.3210866451263428
10834,-3.002850294113159
10835,-2.659618854522705
10836,-4.733846187591553
10837,-3.819779634475708
10838,-3.6618313789367676
10839,-3.2819037437438965
10840,-3.8591995239257812
10841,-2.8688924312591553
10842,-3.236762046813965
10843,-2.9286108016967773
10844,-4.991722106933594
10845,-3.941279172897339
10846,-4.0551676750183105
10847,-3.637340545654297
10848,-4.201815128326416
10849,-3.298064708709717
10850,-3.298954963684082
10851,-2.980581045150757
10852,-4.551994323730469
10853,-3.7985522747039795
10854,-3.73958158493042
10855,-3.3038134574890137
10856,-3.7819607257843018
10857,-3.7333664894104004
10858,-3.2454581260681152
10859,-3.075629472732544
10860,-4.75547456741333
10861,-4.007443428039551
10862,-3.82544207572937
10863,-3.496243476867676
10864,-3.671950340270996
10865,-3.0313429832458496
10866,-3.140207290649414
10867,-2.7975215911865234
10868,-4.3185577392578125
10869,-3.8498713970184326
10870,-3.0976452827453613
10871,-2.7684457302093506
10872,-3.2703537940979004
10873,-2.8675146102905273
10874,-2.5589005947113037
10875,-2.555433750152588
10876,-3.4579734802246094
10877,-2.9610860347747803
10878,-2.7527084350585938
10879,-2.7315146923065186
10880,-2.7037456035614014
10881,-2.2354557514190674
10882,-2.1493473052978516
10883,-2.142742872238159
10884,-3.360391139984131
10885,-3.005871534347534
10886,-3.126903533935547
10887,-3.14701509475708
10888,-3.424896478652954
10889,-2.992698907852173
10890,-2.7176222801208496
10891,-2.663405418395996
10892,-4.279680252075195
10893,-3.7345383167266846
10894,-3.307861089706421
10895,-3.140036106109619
10896,-3.5439345836639404
10897,-3.2561566829681396
10898,-2.9522526264190674
10899,-2.8659298419952393
10900,-3.916921377182007
10901,-3.4803051948547363
10902,-3.2104902267456055
10903,-3.1445834636688232
10904,-3.6089491844177246
10905,-2.7470924854278564
10906,-2.6486570835113525
10907,-2.4704067707061768
10908,-4.484888553619385
10909,-3.5720198154449463
10910,-3.260782241821289
10911,-3.0032758712768555
10912,-3.9660255908966064
10913,-3.208118438720703
10914,-3.04097580909729
10915,-2.7992563247680664
10916,-4.465208530426025
10917,-3.6445372104644775
10918,-3.495680332183838
10919,-3.2233593463897705
10920,-4.489816665649414
10921,-3.72788405418396
10922,-3.298917055130005
10923,-2.975802183151245
10924,-4.85122013092041
10925,-4.482926845550537
10926,-3.9354395866394043
10927,-3.7294068336486816
10928,-4.2475481033325195
10929,-3.6913483142852783
10930,-3.271928071975708
10931,-3.148977041244507
10932,-4.913886070251465
10933,-4.092802047729492
10934,-3.966576337814331
10935,-3.6325037479400635
10936,-3.901315927505493
10937,-3.18664288520813
10938,-3.0110104084014893
10939,-2.7803266048431396
10940,-4.379046440124512
10941,-3.744790554046631
10942,-3.4606165885925293
10943,-3.208828926086426
10944,-3.7959046363830566
10945,-3.4120357036590576
10946,-2.9262259006500244
10947,-2.790694236755371
10948,-3.8275234699249268
10949,-3.1568429470062256
10950,-3.1818439960479736
10951,-2.850619077682495
10952,-4.107026100158691
10953,-3.1714093685150146
10954,-2.9061875343322754
10955,-2.716709852218628
10956,-4.454032897949219
10957,-3.7025344371795654
10958,-3.625568389892578
10959,-3.2401866912841797
10960,-3.0691020488739014
10961,-2.237642765045166
10962,-2.347895860671997
10963,-2.0802793502807617
10964,-3.3385772705078125
10965,-2.8008627891540527
10966,-2.8823606967926025
10967,-2.595644950866699
10968,-3.5521907806396484
10969,-2.707049608230591
10970,-2.710500717163086
10971,-2.4100425243377686
10972,-4.373783588409424
10973,-4.296123504638672
10974,-3.2284326553344727
10975,-2.901329278945923
10976,-3.0058319568634033
10977,-2.548943281173706
10978,-2.241257429122925
10979,-2.2715442180633545
10980,-4.340794563293457
10981,-4.260743618011475
10982,-3.260862350463867
10983,-3.3861844539642334
10984,-3.409176826477051
10985,-3.1304783821105957
10986,-2.6470437049865723
10987,-2.6813743114471436
10988,-3.234074592590332
10989,-3.169478178024292
10990,-2.642192840576172
10991,-2.7212772369384766
10992,-4.523688793182373
10993,-3.6202452182769775
10994,-3.221686840057373
10995,-3.1301193237304688
10996,-4.874686241149902
10997,-4.160629749298096
10998,-3.8637607097625732
10999,-3.5649871826171875
11000,-4.431813716888428
11001,-3.3328895568847656
11002,-3.302471160888672
11003,-2.772435426712036
11004,-4.395419597625732
11005,-4.854602813720703
11006,-3.8913638591766357
11007,-3.5510222911834717
11008,-4.179406642913818
11009,-3.4728384017944336
11010,-2.9929070472717285
11011,-2.881263017654419
11012,-4.719910621643066
11013,-4.314854145050049
11014,-3.690397262573242
11015,-3.3849425315856934
11016,-3.367029905319214
11017,-2.7733092308044434
11018,-2.518728733062744
11019,-2.5208897590637207
11020,-4.119937419891357
11021,-3.4845666885375977
11022,-3.234020233154297
11023,-3.072329521179199
11024,-4.6062493324279785
11025,-3.9365036487579346
11026,-3.510248899459839
11027,-3.219001531600952
11028,-5.524301052093506
11029,-4.425914764404297
11030,-4.121458530426025
11031,-3.922664165496826
11032,-4.374439239501953
11033,-3.4744277000427246
11034,-3.33840274810791
11035,-3.014521837234497
11036,-5.20144510269165
11037,-4.771677494049072
11038,-3.8490846157073975
11039,-3.3165717124938965
11040,-3.4685871601104736
11041,-2.493837833404541
11042,-2.6968154907226562
11043,-2.184497833251953
11044,-4.789088726043701
11045,-4.32452392578125
11046,-3.6085472106933594
11047,-3.106551170349121
11048,-3.976100206375122
11049,-2.9238274097442627
11050,-3.1206698417663574
11051,-2.6062304973602295
11052,-4.314089775085449
11053,-3.149714946746826
11054,-3.4607577323913574
11055,-3.0355985164642334
11056,-3.394476890563965
11057,-3.331181287765503
11058,-2.4595909118652344
11059,-2.598310947418213
11060,-3.544785737991333
11061,-2.9886183738708496
11062,-3.1707265377044678
11063,-2.989637851715088
11064,-3.7868471145629883
11065,-3.3418140411376953
11066,-3.1033360958099365
11067,-2.7950544357299805
11068,-4.360856056213379
11069,-4.162573337554932
11070,-3.2863311767578125
11071,-2.983701705932617
11072,-4.274860858917236
11073,-4.460176467895508
11074,-3.5559935569763184
11075,-3.445706367492676
11076,-4.124368667602539
11077,-3.6061317920684814
11078,-3.311683177947998
11079,-3.068343162536621
11080,-3.7643868923187256
11081,-3.3143470287323
11082,-3.02392840385437
11083,-2.791421890258789
11084,-4.600470542907715
11085,-4.190242290496826
11086,-3.576903820037842
11087,-3.2916457653045654
11088,-4.311880111694336
11089,-4.146500587463379
11090,-3.0457725524902344
11091,-3.1614880561828613
11092,-4.625032424926758
11093,-4.831780433654785
11094,-3.1297192573547363
11095,-3.240809440612793
11096,-3.688960552215576
11097,-3.3059990406036377
11098,-2.661029577255249
11099,-2.7447988986968994
11100,-4.080909729003906
11101,-3.626692533493042
11102,-3.192970037460327
11103,-3.15199613571167
11104,-4.054934024810791
11105,-4.050429344177246
11106,-3.1024577617645264
11107,-2.8896141052246094
11108,-4.231975078582764
11109,-3.9434101581573486
11110,-3.5612990856170654
11111,-3.314833402633667
11112,-4.108953475952148
11113,-3.7526159286499023
11114,-3.061375856399536
11115,-3.1083426475524902
11116,-4.722224235534668
11117,-4.653839111328125
11118,-3.6517269611358643
11119,-3.740917205810547
11120,-3.7587244510650635
11121,-3.3843746185302734
11122,-2.743579864501953
11123,-2.804482936859131
11124,-4.619845867156982
11125,-4.139875411987305
11126,-3.4264729022979736
11127,-3.5717029571533203
11128,-3.550266981124878
11129,-2.8000271320343018
11130,-2.5965576171875
11131,-2.3156838417053223
11132,-4.525647163391113
11133,-4.83685827255249
11134,-3.863455295562744
11135,-3.5237724781036377
11136,-4.135005950927734
11137,-3.229172468185425
11138,-3.0630500316619873
11139,-2.772393226623535
11140,-4.041038513183594
11141,-3.409656286239624
11142,-3.3736419677734375
11143,-3.086428165435791
11144,-3.8975536823272705
11145,-2.912346601486206
11146,-2.7870850563049316
11147,-2.624856948852539
11148,-4.255401134490967
11149,-3.637993335723877
11150,-3.402510643005371
11151,-3.208007574081421
11152,-4.089561462402344
11153,-3.3648927211761475
11154,-3.103250503540039
11155,-2.9149460792541504
11156,-4.727207183837891
11157,-3.5821950435638428
11158,-3.393003225326538
11159,-3.119331121444702
11160,-4.231396198272705
11161,-3.8587968349456787
11162,-3.392455816268921
11163,-3.0016322135925293
11164,-4.831363201141357
11165,-4.233569145202637
11166,-4.081131935119629
11167,-3.658888816833496
11168,-4.5265727043151855
11169,-4.3908257484436035
11170,-3.4518179893493652
11171,-3.1473774909973145
11172,-5.385012149810791
11173,-4.561600685119629
11174,-4.051121711730957
11175,-3.734600067138672
11176,-3.680966377258301
11177,-3.4947776794433594
11178,-2.826430559158325
11179,-2.956652879714966
11180,-4.06461763381958
11181,-3.6405303478240967
11182,-3.4339489936828613
11183,-3.352238178253174
11184,-3.2363383769989014
11185,-2.9234330654144287
11186,-2.5585296154022217
11187,-2.604121208190918
11188,-4.43186092376709
11189,-4.491856575012207
11190,-3.5040442943573
11191,-3.6061465740203857
11192,-4.218657493591309
11193,-3.7244083881378174
11194,-3.213695526123047
11195,-2.6864001750946045
11196,-4.7352986335754395
11197,-3.585777997970581
11198,-3.7304799556732178
11199,-3.0705480575561523
11200,-3.4720773696899414
11201,-3.516400098800659
11202,-2.669893264770508
11203,-2.82403826713562
11204,-3.8701303005218506
11205,-3.531888961791992
11206,-3.2867133617401123
11207,-3.2818074226379395
11208,-4.1256914138793945
11209,-2.9743857383728027
11210,-2.94982647895813
11211,-2.7025580406188965
11212,-4.823108673095703
11213,-3.923241376876831
11214,-3.678959369659424
11215,-3.4545154571533203
11216,-4.3907318115234375
11217,-3.3110499382019043
11218,-3.270350694656372
11219,-2.999302387237549
11220,-4.373986721038818
11221,-3.917109966278076
11222,-3.415684223175049
11223,-3.3269262313842773
11224,-4.114264965057373
11225,-3.399887800216675
11226,-2.9944939613342285
11227,-2.974442958831787
11228,-4.0664472579956055
11229,-3.663572072982788
11230,-3.4608383178710938
11231,-3.2846217155456543
11232,-4.108645915985107
11233,-3.4850752353668213
11234,-3.183690309524536
11235,-2.944408893585205
11236,-4.220493793487549
11237,-3.3920929431915283
11238,-3.349727153778076
11239,-3.102815628051758
11240,-4.435502052307129
11241,-3.8044161796569824
11242,-3.094045877456665
11243,-2.900796890258789
11244,-4.766499996185303
11245,-3.9732730388641357
11246,-3.6600301265716553
11247,-3.5039286613464355
11248,-3.7180590629577637
11249,-3.1610794067382812
11250,-2.798793315887451
11251,-2.562772750854492
11252,-4.541846752166748
11253,-3.7338759899139404
11254,-3.689788579940796
11255,-3.404550313949585
11256,-3.74355149269104
11257,-3.4700043201446533
11258,-2.9101195335388184
11259,-2.806710720062256
11260,-4.0275726318359375
11261,-3.7954061031341553
11262,-3.5511505603790283
11263,-3.4262731075286865
11264,-4.251471996307373
11265,-3.277123212814331
11266,-3.165958881378174
11267,-2.7452704906463623
11268,-4.467376708984375
11269,-3.534691572189331
11270,-3.5310416221618652
11271,-3.208115577697754
11272,-4.194057464599609
11273,-3.5925979614257812
11274,-3.1949470043182373
11275,-2.9626712799072266
11276,-4.82403564453125
11277,-3.876803159713745
11278,-3.7533156871795654
11279,-3.435365676879883
11280,-3.484086275100708
11281,-2.5512847900390625
11282,-2.487957000732422
11283,-2.3027729988098145
11284,-4.396293640136719
11285,-3.8068807125091553
11286,-3.420999050140381
11287,-3.1825103759765625
11288,-3.9231040477752686
11289,-3.1346046924591064
11290,-2.9520342350006104
11291,-2.667086601257324
11292,-4.539436340332031
11293,-4.481802940368652
11294,-3.396111011505127
11295,-3.201051712036133
11296,-3.539731979370117
11297,-2.932494878768921
11298,-2.9958674907684326
11299,-2.785902738571167
11300,-5.069825649261475
11301,-3.8636085987091064
11302,-3.762197732925415
11303,-3.366055965423584
11304,-2.778083324432373
11305,-2.4146785736083984
11306,-2.1706230640411377
11307,-2.1880879402160645
11308,-3.9923362731933594
11309,-4.3196282386779785
11310,-2.9879531860351562
11311,-3.008141040802002
11312,-3.227797269821167
11313,-2.95914626121521
11314,-2.501370429992676
11315,-2.491896152496338
11316,-3.9496078491210938
11317,-4.09810733795166
11318,-3.126246690750122
11319,-3.0883355140686035
11320,-3.613831043243408
11321,-3.926691770553589
11322,-2.7973527908325195
11323,-2.566979169845581
11324,-4.430614948272705
11325,-3.8211066722869873
11326,-3.6883716583251953
11327,-3.3888278007507324
11328,-4.1991143226623535
11329,-4.364372253417969
11330,-3.4166629314422607
11331,-3.3900725841522217
11332,-4.481197357177734
11333,-4.170998573303223
11334,-3.4501476287841797
11335,-3.3920865058898926
11336,-3.698441982269287
11337,-2.9996299743652344
11338,-2.9206135272979736
11339,-2.608314037322998
11340,-4.244959354400635
11341,-3.285494804382324
11342,-3.5716540813446045
11343,-3.1049697399139404
11344,-4.074705123901367
11345,-3.2737488746643066
11346,-3.0232365131378174
11347,-2.828935384750366
11348,-3.8977890014648438
11349,-3.110163927078247
11350,-3.0800514221191406
11351,-2.876800060272217
11352,-3.390237808227539
11353,-2.6509406566619873
11354,-2.5893404483795166
11355,-2.4363155364990234
11356,-3.928940773010254
11357,-3.0520331859588623
11358,-2.983858823776245
11359,-2.7400736808776855
11360,-4.179829120635986
11361,-3.667200803756714
11362,-3.015432357788086
11363,-2.9512016773223877
11364,-4.153679847717285
11365,-4.5900397300720215
11366,-3.46634840965271
11367,-3.4476842880249023
11368,-3.6206748485565186
11369,-3.30389404296875
11370,-2.6533267498016357
11371,-2.628617286682129
11372,-4.421626567840576
11373,-4.2115960121154785
11374,-3.5515191555023193
11375,-3.5095324516296387
11376,-3.3142406940460205
11377,-3.0935637950897217
11378,-2.8770806789398193
11379,-2.9343559741973877
11380,-3.9357070922851562
11381,-3.8726279735565186
11382,-3.391563892364502
11383,-3.5141849517822266
11384,-3.359952926635742
11385,-2.905759811401367
11386,-2.901550054550171
11387,-2.885732412338257
11388,-3.689289093017578
11389,-3.971202850341797
11390,-3.1817572116851807
11391,-3.228588581085205
11392,-3.474935293197632
11393,-3.40673828125
11394,-2.619251012802124
11395,-2.6817164421081543
11396,-4.305069923400879
11397,-4.254486083984375
11398,-3.340294599533081
11399,-3.3883204460144043
11400,-4.131196022033691
11401,-3.716603994369507
11402,-3.059528112411499
11403,-3.1051290035247803
11404,-4.759803295135498
11405,-3.9899299144744873
11406,-3.6126654148101807
11407,-3.4984309673309326
11408,-3.4041309356689453
11409,-2.876521348953247
11410,-2.660390615463257
11411,-2.6481194496154785
11412,-4.161688327789307
11413,-3.9580836296081543
11414,-2.9915149211883545
11415,-3.0118966102600098
11416,-3.721646785736084
11417,-3.3817873001098633
11418,-2.7815427780151367
11419,-2.865522861480713
11420,-4.182018280029297
11421,-3.9448914527893066
11422,-3.2025952339172363
11423,-3.18259859085083
11424,-4.279990196228027
11425,-4.032718181610107
11426,-3.4353814125061035
11427,-3.5479793548583984
11428,-4.766353607177734
11429,-3.976334810256958
11430,-3.5665884017944336
11431,-3.4564127922058105
11432,-3.46547269821167
11433,-3.0192437171936035
11434,-2.6383655071258545
11435,-2.6063928604125977
11436,-3.961733818054199
11437,-3.6760432720184326
11438,-3.212900400161743
11439,-3.148090124130249
11440,-3.2608742713928223
11441,-3.053877592086792
11442,-2.5388011932373047
11443,-2.6123647689819336
11444,-4.390744209289551
11445,-4.026993274688721
11446,-3.3296704292297363
11447,-3.485293388366699
11448,-3.716914176940918
11449,-3.3255958557128906
11450,-2.808128833770752
11451,-2.8847687244415283
11452,-3.6845409870147705
11453,-3.4429330825805664
11454,-2.8887317180633545
11455,-2.9088003635406494
11456,-3.257875680923462
11457,-3.2080962657928467
11458,-2.805792808532715
11459,-2.836991310119629
11460,-4.390744209289551
11461,-4.026993274688721
11462,-3.3296704292297363
11463,-3.485293388366699
11464,-4.036923408508301
11465,-3.9454662799835205
11466,-3.0322530269622803
11467,-3.27666974067688
11468,-4.165372371673584
11469,-3.924123525619507
11470,-3.1977195739746094
11471,-3.3389394283294678
11472,-3.402927875518799
11473,-3.0511631965637207
11474,-2.4970762729644775
11475,-2.7208900451660156
11476,-3.7127439975738525
11477,-3.54315185546875
11478,-2.9202888011932373
11479,-3.131176710128784
11480,-3.528040885925293
11481,-2.5388123989105225
11482,-2.6157352924346924
11483,-2.299886465072632
11484,-4.245031833648682
11485,-3.2777416706085205
11486,-3.245180368423462
11487,-2.9435441493988037
11488,-4.071565628051758
11489,-3.101743459701538
11490,-3.111750602722168
11491,-2.7776660919189453
11492,-5.148038864135742
11493,-3.7632501125335693
11494,-3.494000196456909
11495,-3.1794254779815674
11496,-3.6839778423309326
11497,-3.299046277999878
11498,-2.851085662841797
11499,-2.7304065227508545
11500,-4.198091983795166
11501,-3.73158597946167
11502,-3.3361897468566895
11503,-3.2486109733581543
11504,-4.296687602996826
11505,-3.929380416870117
11506,-3.476497173309326
11507,-3.3707079887390137
11508,-3.6278061866760254
11509,-3.3586835861206055
11510,-3.028385639190674
11511,-2.8926663398742676
11512,-4.481947898864746
11513,-3.3959996700286865
11514,-3.136406660079956
11515,-2.785951614379883
11516,-4.566776752471924
11517,-3.5339183807373047
11518,-3.362462282180786
11519,-2.928774833679199
11520,-3.2820827960968018
11521,-2.6565089225769043
11522,-2.6997995376586914
11523,-2.4613256454467773
11524,-3.7366862297058105
11525,-3.4939839839935303
11526,-2.8764874935150146
11527,-2.7359619140625
11528,-4.164223670959473
11529,-3.2139744758605957
11530,-3.0764052867889404
11531,-2.5777480602264404
11532,-4.376466274261475
11533,-3.416513681411743
11534,-3.5042366981506348
11535,-2.971243381500244
11536,-4.013554096221924
11537,-3.619570016860962
11538,-3.009445905685425
11539,-3.0462002754211426
11540,-4.150730609893799
11541,-3.919396162033081
11542,-3.4490957260131836
11543,-3.483553886413574
11544,-3.5799386501312256
11545,-3.3266491889953613
11546,-3.022709846496582
11547,-3.065037965774536
11548,-3.8074824810028076
11549,-3.8374269008636475
11550,-3.245695114135742
11551,-3.404169797897339
11552,-4.456323146820068
11553,-3.269646406173706
11554,-3.242400884628296
11555,-2.8768439292907715
11556,-4.122600555419922
11557,-3.331780195236206
11558,-3.2709555625915527
11559,-2.9736006259918213
11560,-4.167608737945557
11561,-3.534802198410034
11562,-3.0180349349975586
11563,-2.6406075954437256
11564,-4.5803680419921875
11565,-3.4367849826812744
11566,-3.4711852073669434
11567,-2.968841314315796
11568,-3.5531957149505615
11569,-2.9333620071411133
11570,-2.788055419921875
11571,-2.5977296829223633
11572,-4.337823867797852
11573,-3.7762091159820557
11574,-3.366271734237671
11575,-3.255033493041992
11576,-3.610814332962036
11577,-3.2614123821258545
11578,-2.8022983074188232
11579,-2.9565236568450928
11580,-3.9736764430999756
11581,-3.75477933883667
11582,-3.187464952468872
11583,-3.233804225921631
11584,-3.3184852600097656
11585,-3.053382635116577
11586,-2.8422446250915527
11587,-2.9268627166748047
11588,-4.388689994812012
11589,-3.8734378814697266
11590,-3.338217258453369
11591,-3.350429058074951
11592,-3.5767838954925537
11593,-3.168087959289551
11594,-2.8197035789489746
11595,-2.853213310241699
11596,-4.551877975463867
11597,-4.122360706329346
11598,-3.455599546432495
11599,-3.5085113048553467
11600,-3.288388252258301
11601,-2.639906644821167
11602,-2.544940710067749
11603,-2.3782808780670166
11604,-4.749392986297607
11605,-4.147449493408203
11606,-3.6484954357147217
11607,-3.42615008354187
11608,-3.592040538787842
11609,-2.994338274002075
11610,-2.720741033554077
11611,-2.584322929382324
11612,-4.282947540283203
11613,-3.5485363006591797
11614,-3.1008517742156982
11615,-2.9710559844970703
11616,-3.633640766143799
11617,-2.955010175704956
11618,-2.924605369567871
11619,-2.537205696105957
11620,-4.3736443519592285
11621,-3.9593255519866943
11622,-3.563927412033081
11623,-3.1923773288726807
11624,-4.575996398925781
11625,-3.5577595233917236
11626,-3.2807812690734863
11627,-2.958730697631836
11628,-5.197027206420898
11629,-5.157295227050781
11630,-3.8504676818847656
11631,-3.4195303916931152
11632,-3.1779565811157227
11633,-2.50787353515625
11634,-2.4048571586608887
11635,-2.2820441722869873
11636,-3.8853988647460938
11637,-3.3966169357299805
11638,-3.169598340988159
11639,-2.998502016067505
11640,-3.6667137145996094
11641,-3.038381338119507
11642,-2.815502166748047
11643,-2.6244378089904785
11644,-4.170437335968018
11645,-4.159274578094482
11646,-3.3399391174316406
11647,-3.1504247188568115
11648,-3.558107614517212
11649,-3.482349157333374
11650,-3.143040418624878
11651,-3.4001810550689697
11652,-4.494231700897217
11653,-4.38480806350708
11654,-3.4852523803710938
11655,-3.706521987915039
11656,-3.676870107650757
11657,-2.8994643688201904
11658,-2.9191441535949707
11659,-2.460973024368286
11660,-3.6289494037628174
11661,-2.9746310710906982
11662,-3.2512259483337402
11663,-2.8865599632263184
11664,-4.503495693206787
11665,-3.325176239013672
11666,-3.246722459793091
11667,-2.762263298034668
11668,-5.355074405670166
11669,-4.285783290863037
11670,-4.064627170562744
11671,-3.5576484203338623
11672,-4.3964996337890625
11673,-3.498884677886963
11674,-3.355447292327881
11675,-3.0237274169921875
11676,-5.348050594329834
11677,-4.864293575286865
11678,-3.4206578731536865
11679,-3.1066062450408936
11680,-3.655056953430176
11681,-3.173147439956665
11682,-3.073150634765625
11683,-3.0087356567382812
11684,-4.702715873718262
11685,-3.756495714187622
11686,-3.646376371383667
11687,-3.3541436195373535
11688,-4.299272060394287
11689,-3.6128485202789307
11690,-3.283604621887207
11691,-3.084446668624878
11692,-4.904559135437012
11693,-4.182506561279297
11694,-3.720261335372925
11695,-3.4549856185913086
11696,-4.062839031219482
11697,-3.0103559494018555
11698,-3.3643405437469482
11699,-2.9082298278808594
11700,-4.380345821380615
11701,-3.5606789588928223
11702,-3.59946870803833
11703,-3.219632387161255
11704,-4.406899452209473
11705,-3.590261697769165
11706,-3.3963706493377686
11707,-2.9822914600372314
11708,-4.215157985687256
11709,-3.3440139293670654
11710,-3.3932456970214844
11711,-3.0135440826416016
11712,-4.674863815307617
11713,-3.4114725589752197
11714,-3.196803331375122
11715,-2.776822328567505
11716,-5.285574436187744
11717,-4.984282493591309
11718,-3.6187126636505127
11719,-3.320711851119995
11720,-4.352506637573242
11721,-3.4559166431427
11722,-3.1744468212127686
11723,-2.6595687866210938
11724,-4.264266490936279
11725,-3.1897189617156982
11726,-3.695570468902588
11727,-3.1315882205963135
11728,-4.105016708374023
11729,-2.953606367111206
11730,-3.1459851264953613
11731,-2.6374776363372803
11732,-4.943601131439209
11733,-3.974398374557495
11734,-3.8782079219818115
11735,-3.4665615558624268
11736,-3.879723072052002
11737,-4.737756729125977
11738,-2.6060829162597656
11739,-3.0209527015686035
11740,-3.7465755939483643
11741,-3.6773014068603516
11742,-2.855358123779297
11743,-3.1554477214813232
11744,-3.3152883052825928
11745,-4.016035556793213
11746,-2.5208070278167725
11747,-2.833635091781616
11748,-3.815992593765259
11749,-3.760782241821289
11750,-2.8870177268981934
11751,-3.105623960494995
11752,-3.89190936088562
11753,-4.116868019104004
11754,-2.592857599258423
11755,-2.6127490997314453
11756,-3.7705724239349365
11757,-3.445424795150757
11758,-3.1074767112731934
11759,-3.1002728939056396
11760,-3.3218002319335938
11761,-3.5580403804779053
11762,-2.5507402420043945
11763,-2.5494165420532227
11764,-3.736398458480835
11765,-3.3666884899139404
11766,-3.0922718048095703
11767,-2.9807169437408447
11768,-4.534921646118164
11769,-3.3410301208496094
11770,-3.391723155975342
11771,-2.8919544219970703
11772,-4.637783050537109
11773,-3.36885929107666
11774,-3.8593945503234863
11775,-3.235556125640869
11776,-4.043161392211914
11777,-2.958836078643799
11778,-3.1536803245544434
11779,-2.709115982055664
11780,-5.183189392089844
11781,-3.9344146251678467
11782,-3.941340923309326
11783,-3.3988444805145264
11784,-4.1722235679626465
11785,-3.5302886962890625
11786,-3.2362964153289795
11787,-3.092878818511963
11788,-4.294838905334473
11789,-3.5128023624420166
11790,-3.5359444618225098
11791,-3.2942287921905518
11792,-3.4109082221984863
11793,-2.7709217071533203
11794,-2.6485323905944824
11795,-2.431979179382324
11796,-4.268961429595947
11797,-3.597888231277466
11798,-3.517416477203369
11799,-3.2775723934173584
11800,-3.6453912258148193
11801,-2.9794318675994873
11802,-2.876807928085327
11803,-2.6741740703582764
11804,-4.305210113525391
11805,-4.212234020233154
11806,-3.524158000946045
11807,-3.291660785675049
11808,-3.1189277172088623
11809,-2.846550226211548
11810,-2.846309185028076
11811,-2.6342544555664062
11812,-4.305210113525391
11813,-4.212234020233154
11814,-3.524158000946045
11815,-3.291660785675049
11816,-4.523541450500488
11817,-3.542299747467041
11818,-3.4419307708740234
11819,-2.9936156272888184
11820,-4.101858139038086
11821,-3.1856510639190674
11822,-3.4834916591644287
11823,-3.0367214679718018
11824,-4.5829386711120605
11825,-4.37803840637207
11826,-3.5180227756500244
11827,-3.1462173461914062
11828,-4.411430835723877
11829,-3.5360946655273438
11830,-3.3367269039154053
11831,-2.945085287094116
11832,-3.9740357398986816
11833,-2.9620132446289062
11834,-2.709620714187622
11835,-2.5368008613586426
11836,-4.477046489715576
11837,-3.897642135620117
11838,-3.5265920162200928
11839,-3.3716530799865723
11840,-4.017006874084473
11841,-3.407907247543335
11842,-3.173677444458008
11843,-2.855377197265625
11844,-5.72698450088501
11845,-5.284502029418945
11846,-4.158365726470947
11847,-3.7586779594421387
11848,-4.060934543609619
11849,-3.4365649223327637
11850,-3.3310606479644775
11851,-3.086350202560425
11852,-4.154835224151611
11853,-3.392453670501709
11854,-3.245319366455078
11855,-2.9629406929016113
11856,-3.7016823291778564
11857,-3.137357711791992
11858,-2.903440475463867
11859,-2.6556403636932373
11860,-4.834484100341797
11861,-4.027618408203125
11862,-3.727969169616699
11863,-3.3873677253723145
11864,-4.193154335021973
11865,-3.2121269702911377
11866,-3.0523974895477295
11867,-2.8018932342529297
11868,-5.274835586547852
11869,-4.22698974609375
11870,-4.0142059326171875
11871,-3.4873244762420654
11872,-4.390132904052734
11873,-3.458733081817627
11874,-3.281586170196533
11875,-2.8551785945892334
11876,-4.917714595794678
11877,-3.9127776622772217
11878,-3.6798665523529053
11879,-3.3181962966918945
11880,-4.8475871086120605
11881,-4.326677322387695
11882,-3.652038335800171
11883,-3.23022723197937
11884,-4.636347770690918
11885,-4.139464378356934
11886,-3.630265712738037
11887,-3.2253198623657227
11888,-4.526537895202637
11889,-4.552751541137695
11890,-3.8236474990844727
11891,-3.3824548721313477
11892,-4.740540981292725
11893,-3.8120622634887695
11894,-3.616690158843994
11895,-3.254194974899292
11896,-4.069952964782715
11897,-4.314356803894043
11898,-3.137730360031128
11899,-3.0201499462127686
11900,-4.13815975189209
11901,-3.5653927326202393
11902,-3.358452558517456
11903,-3.036849021911621
11904,-3.9837257862091064
11905,-3.2269954681396484
11906,-2.850656032562256
11907,-2.704110860824585
11908,-3.7554829120635986
11909,-3.3444385528564453
11910,-3.2984249591827393
11911,-3.0474913120269775
11912,-4.015897274017334
11913,-3.156038999557495
11914,-2.9677023887634277
11915,-2.5787465572357178
11916,-4.456804275512695
11917,-3.5238754749298096
11918,-3.4930267333984375
11919,-2.996645927429199
11920,-3.581747531890869
11921,-2.8053054809570312
11922,-2.5854153633117676
11923,-2.1901044845581055
11924,-4.477880954742432
11925,-4.618307590484619
11926,-3.8282158374786377
11927,-3.451800584793091
11928,-3.8764636516571045
11929,-3.558260679244995
11930,-2.903409957885742
11931,-2.908762216567993
11932,-3.54229736328125
11933,-4.14265251159668
11934,-2.8545236587524414
11935,-3.0586001873016357
11936,-4.52577018737793
11937,-3.3517825603485107
11938,-3.418983221054077
11939,-2.8056721687316895
11940,-4.488051891326904
11941,-3.999213695526123
11942,-3.730800151824951
11943,-3.1872432231903076
11944,-3.9153339862823486
11945,-2.7594430446624756
11946,-3.337822914123535
11947,-2.733304738998413
11948,-4.249801158905029
11949,-3.2459018230438232
11950,-3.343109130859375
11951,-2.8658437728881836
11952,-4.5532145500183105
11953,-3.6857430934906006
11954,-2.8105010986328125
11955,-2.4076786041259766
11956,-5.232686996459961
11957,-3.9384536743164062
11958,-3.80657696723938
11959,-3.2838339805603027
11960,-4.428009510040283
11961,-3.47080397605896
11962,-3.2627768516540527
11963,-2.9127860069274902
11964,-4.3901166915893555
11965,-3.649437665939331
11966,-3.321444272994995
11967,-2.9224853515625
11968,-4.7538299560546875
11969,-3.7688021659851074
11970,-3.4810943603515625
11971,-3.097334861755371
11972,-5.173492908477783
11973,-3.991992473602295
11974,-3.8687474727630615
11975,-3.2881948947906494
11976,-3.8235573768615723
11977,-3.3688440322875977
11978,-2.7492856979370117
11979,-2.5296618938446045
11980,-4.801444053649902
11981,-3.9900028705596924
11982,-3.6863269805908203
11983,-3.4037153720855713
11984,-3.7852768898010254
11985,-3.1381750106811523
11986,-2.7810611724853516
11987,-2.544999122619629
11988,-4.694751739501953
11989,-3.5862743854522705
11990,-3.695342540740967
11991,-3.2638626098632812
11992,-3.0983340740203857
11993,-3.406813144683838
11994,-2.435426712036133
11995,-2.4049744606018066
11996,-4.190219879150391
11997,-3.3810267448425293
11998,-3.3928449153900146
11999,-3.08082914352417
12000,-3.4409701824188232
12001,-3.009965419769287
12002,-2.556320905685425
12003,-2.4152393341064453
12004,-3.918750286102295
12005,-3.4322760105133057
12006,-3.0692005157470703
12007,-2.8565995693206787
12008,-3.3871939182281494
12009,-2.9693427085876465
12010,-2.7756223678588867
12011,-2.584369421005249
12012,-3.7700889110565186
12013,-2.799057722091675
12014,-3.39935564994812
12015,-2.919673204421997
12016,-3.137547016143799
12017,-2.956078290939331
12018,-2.8330161571502686
12019,-2.719097375869751
12020,-3.8922035694122314
12021,-3.26359224319458
12022,-3.086629867553711
12023,-2.8967814445495605
12024,-3.634730815887451
12025,-2.591648578643799
12026,-2.801172971725464
12027,-2.2753748893737793
12028,-3.776935338973999
12029,-3.339613676071167
12030,-3.135554313659668
12031,-2.6587374210357666
12032,-3.261915445327759
12033,-3.7713518142700195
12034,-2.432389497756958
12035,-2.921661376953125
12036,-3.8229401111602783
12037,-4.339418888092041
12038,-3.2440125942230225
12039,-3.7170886993408203
12040,-3.076738119125366
12041,-3.2345664501190186
12042,-2.319282293319702
12043,-2.67244029045105
12044,-3.693143606185913
12045,-4.009939670562744
12046,-3.0120105743408203
12047,-3.491569995880127
12048,-3.809217691421509
12049,-3.156940460205078
12050,-2.9193217754364014
12051,-2.682819366455078
12052,-4.211885452270508
12053,-3.6627438068389893
12054,-3.3197755813598633
12055,-3.0966641902923584
12056,-3.6352741718292236
12057,-3.673191785812378
12058,-2.8572874069213867
12059,-2.6964995861053467
12060,-4.527880668640137
12061,-4.275617599487305
12062,-3.494917154312134
12063,-3.1850852966308594
12064,-4.111408233642578
12065,-3.3413808345794678
12066,-3.1985626220703125
12067,-3.012516975402832
12068,-4.707399845123291
12069,-4.670701503753662
12070,-3.5933780670166016
12071,-3.343071699142456
12072,-2.881477117538452
12073,-2.639484167098999
12074,-2.3881947994232178
12075,-2.3721463680267334
12076,-4.51774263381958
12077,-4.922763824462891
12078,-3.436589002609253
12079,-3.412214994430542
12080,-3.910712480545044
12081,-4.148891448974609
12082,-2.9344987869262695
12083,-2.970959424972534
12084,-4.267290115356445
12085,-3.6738269329071045
12086,-3.531074047088623
12087,-3.4781298637390137
12088,-4.047937870025635
12089,-3.554722785949707
12090,-3.010194778442383
12091,-2.540318250656128
12092,-3.8952760696411133
12093,-3.501113176345825
12094,-3.1067938804626465
12095,-2.669454336166382
12096,-3.8055005073547363
12097,-3.4978785514831543
12098,-2.96766996383667
12099,-2.9706454277038574
12100,-4.2035369873046875
12101,-4.260845184326172
12102,-3.5494847297668457
12103,-3.3471810817718506
12104,-3.213916063308716
12105,-2.9109036922454834
12106,-2.5831637382507324
12107,-2.6215384006500244
12108,-3.865953207015991
12109,-3.4600343704223633
12110,-3.1663455963134766
12111,-3.103803873062134
12112,-3.3253419399261475
12113,-3.6317715644836426
12114,-2.399121046066284
12115,-2.604794979095459
12116,-3.573765993118286
12117,-3.172619342803955
12118,-2.906186819076538
12119,-2.9063639640808105
12120,-3.923215389251709
12121,-3.464618682861328
12122,-2.769550323486328
12123,-2.8471455574035645
12124,-4.412984371185303
12125,-4.403788089752197
12126,-3.235630512237549
12127,-3.1817383766174316
12128,-3.4127392768859863
12129,-3.020186185836792
12130,-2.728116512298584
12131,-2.75730562210083
12132,-3.7709801197052
12133,-3.2801549434661865
12134,-2.9339327812194824
12135,-3.042843818664551
12136,-3.183804750442505
12137,-2.9026870727539062
12138,-2.593029022216797
12139,-2.617971181869507
12140,-4.1362481117248535
12141,-4.112322807312012
12142,-3.092252254486084
12143,-3.0626327991485596
12144,-4.079845905303955
12145,-3.4686012268066406
12146,-3.185375690460205
12147,-2.7362751960754395
12148,-4.754112720489502
12149,-3.7540032863616943
12150,-3.788113832473755
12151,-3.1478419303894043
12152,-4.408869743347168
12153,-3.2339866161346436
12154,-3.231264352798462
12155,-2.7670669555664062
12156,-4.99339485168457
12157,-4.004040241241455
12158,-3.8256468772888184
12159,-3.3225317001342773
12160,-4.576897621154785
12161,-4.024385929107666
12162,-3.555384397506714
12163,-3.088026285171509
12164,-4.787261962890625
12165,-3.6248068809509277
12166,-3.6476943492889404
12167,-3.2239463329315186
12168,-4.496795177459717
12169,-3.268798828125
12170,-3.4425528049468994
12171,-2.903496742248535
12172,-4.220835208892822
12173,-3.1358046531677246
12174,-3.7512760162353516
12175,-3.177245616912842
12176,-4.20247745513916
12177,-3.5073437690734863
12178,-3.3870670795440674
12179,-2.9829654693603516
12180,-5.374943256378174
12181,-4.06219482421875
12182,-3.930135488510132
12183,-3.44327974319458
12184,-4.08590841293335
12185,-3.4043996334075928
12186,-3.0922904014587402
12187,-3.101881742477417
12188,-3.5518221855163574
12189,-3.163879156112671
12190,-2.888578176498413
12191,-2.755647659301758
12192,-3.8893747329711914
12193,-3.4537453651428223
12194,-2.7332358360290527
12195,-2.7372817993164062
12196,-3.6959831714630127
12197,-3.4056122303009033
12198,-3.079296827316284
12199,-2.9685111045837402
12200,-3.3599555492401123
12201,-2.7871992588043213
12202,-2.831531047821045
12203,-2.672431468963623
12204,-3.6403934955596924
12205,-3.717754364013672
12206,-2.5818119049072266
12207,-2.462222099304199
12208,-3.740870237350464
12209,-3.5767440795898438
12210,-2.830195903778076
12211,-2.806478500366211
12212,-4.568940162658691
12213,-3.9480068683624268
12214,-3.6814322471618652
12215,-3.5020041465759277
12216,-4.11553430557251
12217,-2.964646100997925
12218,-3.0586278438568115
12219,-2.437181234359741
12220,-4.914578437805176
12221,-3.669266939163208
12222,-3.8096516132354736
12223,-3.170520544052124
12224,-4.183345317840576
12225,-3.742596387863159
12226,-3.4374566078186035
12227,-3.773040771484375
12228,-5.233282566070557
12229,-5.606342792510986
12230,-3.4607176780700684
12231,-3.563364267349243
12232,-3.8063881397247314
12233,-3.5010955333709717
12234,-3.10904598236084
12235,-3.2762928009033203
12236,-4.70621395111084
12237,-4.323723793029785
12238,-3.175856590270996
12239,-3.580895185470581
12240,-4.053413391113281
12241,-3.7119460105895996
12242,-2.8622376918792725
12243,-3.150521993637085
12244,-4.55925989151001
12245,-4.047828197479248
12246,-3.349475145339966
12247,-3.655031681060791
12248,-4.078544616699219
12249,-3.6356096267700195
12250,-3.075155258178711
12251,-3.306248188018799
12252,-4.455935478210449
12253,-4.112081050872803
12254,-3.4286909103393555
12255,-3.6498677730560303
12256,-4.071786403656006
12257,-3.857801914215088
12258,-2.949528455734253
12259,-3.278062105178833
12260,-4.241559982299805
12261,-3.8630905151367188
12262,-3.250420331954956
12263,-3.463735818862915
12264,-3.76754093170166
12265,-3.707751512527466
12266,-2.8278415203094482
12267,-3.0013797283172607
12268,-4.088111400604248
12269,-3.7538058757781982
12270,-3.179163932800293
12271,-3.2558043003082275
12272,-3.159813404083252
12273,-3.015385866165161
12274,-2.5716018676757812
12275,-2.74086594581604
12276,-4.459067344665527
12277,-3.8670718669891357
12278,-3.4029722213745117
12279,-3.4654674530029297
12280,-4.415353775024414
12281,-4.072945594787598
12282,-3.2768936157226562
12283,-3.294823169708252
12284,-3.8751094341278076
12285,-3.435567617416382
12286,-3.0609073638916016
12287,-3.0003185272216797
12288,-4.291182518005371
12289,-3.883441925048828
12290,-3.3438029289245605
12291,-3.318361282348633
12292,-4.513598918914795
12293,-4.138335227966309
12294,-3.5726709365844727
12295,-3.5437934398651123
12296,-3.5912487506866455
12297,-3.163498878479004
12298,-2.768167495727539
12299,-2.6605899333953857
12300,-4.427146911621094
12301,-3.938584566116333
12302,-3.4136760234832764
12303,-3.346407175064087
12304,-3.9100685119628906
12305,-3.5885708332061768
12306,-3.2303731441497803
12307,-3.159963607788086
12308,-3.7022578716278076
12309,-3.372239828109741
12310,-3.118457794189453
12311,-3.035336494445801
12312,-3.3035943508148193
12313,-3.0157039165496826
12314,-2.701402425765991
12315,-2.644782066345215
12316,-3.702873945236206
12317,-3.2807250022888184
12318,-3.0954012870788574
12319,-3.132519006729126
12320,-3.8205387592315674
12321,-3.0899288654327393
12322,-2.918790817260742
12323,-2.943603515625
12324,-4.167057514190674
12325,-3.8429951667785645
12326,-3.376272439956665
12327,-3.5441722869873047
12328,-4.084674835205078
12329,-3.7340893745422363
12330,-3.0551528930664062
12331,-2.919508457183838
12332,-4.65674352645874
12333,-4.444699764251709
12334,-3.6649303436279297
12335,-3.474558115005493
12336,-3.610865831375122
12337,-3.1468405723571777
12338,-2.707665205001831
12339,-2.632361888885498
12340,-4.597630977630615
12341,-3.6258704662323
12342,-3.4646620750427246
12343,-3.248270034790039
12344,-4.352471828460693
12345,-3.6429107189178467
12346,-3.23240327835083
12347,-3.113534927368164
12348,-5.228215217590332
12349,-4.881155014038086
12350,-3.8731038570404053
12351,-3.742788314819336
12352,-3.537229537963867
12353,-2.9052910804748535
12354,-2.5282273292541504
12355,-2.3361620903015137
12356,-4.762082576751709
12357,-3.8367724418640137
12358,-3.513906240463257
12359,-3.089242935180664
12360,-3.6580731868743896
12361,-2.79593563079834
12362,-2.8508541584014893
12363,-2.414456844329834
12364,-3.988316059112549
12365,-3.670374631881714
12366,-3.2801380157470703
12367,-2.933570384979248
12368,-4.02358865737915
12369,-3.6014976501464844
12370,-3.2908926010131836
12371,-2.908271074295044
12372,-4.2599029541015625
12373,-3.4581313133239746
12374,-3.24751353263855
12375,-2.940326452255249
12376,-4.386085510253906
12377,-3.2216415405273438
12378,-3.4688117504119873
12379,-3.0447611808776855
12380,-4.705824851989746
12381,-3.4228227138519287
12382,-3.4154059886932373
12383,-2.980989456176758
12384,-4.125464916229248
12385,-4.193974018096924
12386,-3.1441586017608643
12387,-2.9953789710998535
12388,-3.6267614364624023
12389,-3.085904836654663
12390,-3.1525988578796387
12391,-2.951676845550537
12392,-3.015831708908081
12393,-3.1622002124786377
12394,-2.421682834625244
12395,-2.418299674987793
12396,-3.270646810531616
12397,-2.9580113887786865
12398,-3.062433958053589
12399,-2.9095213413238525
12400,-2.872403860092163
12401,-2.446031332015991
12402,-2.3825454711914062
12403,-2.252650260925293
12404,-3.7437217235565186
12405,-3.747699737548828
12406,-3.0112404823303223
12407,-2.925703525543213
12408,-2.7739346027374268
12409,-2.3188328742980957
12410,-2.3024063110351562
12411,-2.1922919750213623
12412,-3.491436004638672
12413,-3.1143839359283447
12414,-3.3326642513275146
12415,-3.1338424682617188
12416,-2.9319796562194824
12417,-2.417616128921509
12418,-2.210049867630005
12419,-2.0816943645477295
12420,-3.9001266956329346
12421,-3.366654872894287
12422,-3.1152706146240234
12423,-2.9624528884887695
12424,-3.4111409187316895
12425,-2.7771129608154297
12426,-2.6543450355529785
12427,-2.4959378242492676
12428,-3.9324488639831543
12429,-3.372075319290161
12430,-3.208603858947754
12431,-3.0159735679626465
12432,-3.1817257404327393
12433,-2.7000668048858643
12434,-2.5843892097473145
12435,-2.474313974380493
12436,-4.255019187927246
12437,-3.242828607559204
12438,-3.005354881286621
12439,-3.0433266162872314
12440,-3.1882359981536865
12441,-2.6119344234466553
12442,-2.543170690536499
12443,-2.445668935775757
12444,-3.6255416870117188
12445,-2.9078755378723145
12446,-3.2233846187591553
12447,-3.0386531352996826
12448,-3.4191818237304688
12449,-3.234248161315918
12450,-2.6731579303741455
12451,-2.706861734390259
12452,-3.4420254230499268
12453,-3.1820969581604004
12454,-3.1183366775512695
12455,-3.059451103210449
12456,-3.2053821086883545
12457,-2.8660340309143066
12458,-2.4098942279815674
12459,-2.379970073699951
12460,-3.824026107788086
12461,-3.491550922393799
12462,-3.0629425048828125
12463,-3.007930040359497
12464,-3.333897113800049
12465,-3.4905343055725098
12466,-2.69215989112854
12467,-2.6754581928253174
12468,-3.9447479248046875
12469,-3.774921178817749
12470,-3.2994205951690674
12471,-3.298105478286743
12472,-3.7872912883758545
12473,-3.384500026702881
12474,-3.119065523147583
12475,-3.134373664855957
12476,-4.035977363586426
12477,-3.7028729915618896
12478,-3.3794496059417725
12479,-3.409367322921753
12480,-3.472959518432617
12481,-3.316084623336792
12482,-2.8144583702087402
12483,-2.718385696411133
12484,-3.812819004058838
12485,-3.4090378284454346
12486,-3.0310304164886475
12487,-2.912142515182495
12488,-3.141758680343628
12489,-2.894430637359619
12490,-2.5814528465270996
12491,-2.453850269317627
12492,-4.112889766693115
12493,-3.7888474464416504
12494,-3.3996644020080566
12495,-3.3298707008361816
12496,-3.411074161529541
12497,-3.6435580253601074
12498,-2.850706100463867
12499,-2.7322208881378174
12500,-3.445554256439209
12501,-3.1109392642974854
12502,-2.8847663402557373
12503,-2.7909672260284424
12504,-3.572255849838257
12505,-3.410318613052368
12506,-2.904675006866455
12507,-2.7517457008361816
12508,-4.134705543518066
12509,-3.506847381591797
12510,-3.49910044670105
12511,-3.2198803424835205
12512,-3.6913366317749023
12513,-3.19374680519104
12514,-3.163451671600342
12515,-2.9456353187561035
12516,-4.326532363891602
12517,-3.490133047103882
12518,-3.21113657951355
12519,-2.8979268074035645
12520,-3.539362907409668
12521,-3.1612255573272705
12522,-3.0448787212371826
12523,-2.937077045440674
12524,-4.68391227722168
12525,-4.2222185134887695
12526,-3.986769199371338
12527,-3.7603883743286133
12528,-3.8342878818511963
12529,-2.989992141723633
12530,-3.2159106731414795
12531,-2.845372200012207
12532,-4.342114448547363
12533,-3.6700356006622314
12534,-3.4625446796417236
12535,-3.094907283782959
12536,-3.8656539916992188
12537,-3.0420219898223877
12538,-3.061264753341675
12539,-2.68791127204895
12540,-4.417956829071045
12541,-3.5106353759765625
12542,-3.663743495941162
12543,-3.3137364387512207
12544,-3.5251264572143555
12545,-2.954008102416992
12546,-2.9910926818847656
12547,-2.694425344467163
12548,-4.4206438064575195
12549,-3.6991851329803467
12550,-3.328842878341675
12551,-3.045321226119995
12552,-4.760119915008545
12553,-3.43176007270813
12554,-3.4636411666870117
12555,-2.7923521995544434
12556,-4.2616376876831055
12557,-3.6608688831329346
12558,-3.5341274738311768
12559,-3.0806522369384766
12560,-4.383604526519775
12561,-4.3849568367004395
12562,-3.238237142562866
12563,-3.016592025756836
12564,-4.074619770050049
12565,-3.374648332595825
12566,-3.344865560531616
12567,-3.1230809688568115
12568,-3.9168283939361572
12569,-3.119717597961426
12570,-3.124155282974243
12571,-2.896080732345581
12572,-4.797060489654541
12573,-3.754023790359497
12574,-3.6324851512908936
12575,-3.356708288192749
12576,-3.864262819290161
12577,-3.007307767868042
12578,-3.0292441844940186
12579,-2.787653923034668
12580,-4.995197772979736
12581,-5.116603374481201
12582,-3.9922332763671875
12583,-3.6058895587921143
12584,-4.520394802093506
12585,-3.8457469940185547
12586,-3.759376287460327
12587,-3.493382453918457
12588,-4.504595756530762
12589,-3.7842559814453125
12590,-3.971834182739258
12591,-3.569817066192627
12592,-3.912429094314575
12593,-3.553755521774292
12594,-2.989917516708374
12595,-2.9511830806732178
12596,-4.306248188018799
12597,-4.420525074005127
12598,-3.5262725353240967
12599,-3.4236700534820557
12600,-3.419229030609131
12601,-2.7733216285705566
12602,-2.938079357147217
12603,-2.70749568939209
12604,-4.054861068725586
12605,-3.625269651412964
12606,-3.181671619415283
12607,-2.9976882934570312
12608,-3.5374743938446045
12609,-3.497497320175171
12610,-2.7789571285247803
12611,-2.7567098140716553
12612,-4.278059482574463
12613,-4.0971198081970215
12614,-3.575326442718506
12615,-3.4332046508789062
12616,-3.9521350860595703
12617,-4.05975866317749
12618,-3.018908739089966
12619,-3.281944751739502
12620,-4.430591583251953
12621,-4.012177467346191
12622,-3.3361260890960693
12623,-3.5457797050476074
12624,-4.567602634429932
12625,-4.19227933883667
12626,-3.51513934135437
12627,-3.715909957885742
12628,-4.196119785308838
12629,-3.9606926441192627
12630,-3.1487395763397217
12631,-3.506577253341675
12632,-3.7787606716156006
12633,-3.8828017711639404
12634,-2.9456310272216797
12635,-3.221515655517578
12636,-4.746133804321289
12637,-4.619858741760254
12638,-3.5711703300476074
12639,-3.7885894775390625
12640,-3.360264301300049
12641,-2.5416970252990723
12642,-2.402167320251465
12643,-2.3249051570892334
12644,-5.013463020324707
12645,-4.689400672912598
12646,-3.629650831222534
12647,-3.4176526069641113
12648,-3.8716585636138916
12649,-3.106184482574463
12650,-2.789433240890503
12651,-2.6572482585906982
12652,-4.471101760864258
12653,-3.867762804031372
12654,-3.6149075031280518
12655,-3.4312191009521484
12656,-3.431309938430786
12657,-2.8571341037750244
12658,-2.7643911838531494
12659,-2.602940797805786
12660,-4.896220684051514
12661,-4.907690525054932
12662,-3.6652705669403076
12663,-3.4444472789764404
12664,-4.669839859008789
12665,-3.6986498832702637
12666,-3.1440823078155518
12667,-2.727792263031006
12668,-4.6471028327941895
12669,-3.531916856765747
12670,-3.5479328632354736
12671,-3.1207079887390137
12672,-4.647852897644043
12673,-4.26047945022583
12674,-3.452474594116211
12675,-3.0263984203338623
12676,-4.753620624542236
12677,-4.251742839813232
12678,-3.9402289390563965
12679,-3.528909683227539
12680,-4.30045223236084
12681,-3.239492654800415
12682,-3.019563674926758
12683,-2.7252323627471924
12684,-4.207408428192139
12685,-3.4855451583862305
12686,-3.605576515197754
12687,-3.3327691555023193
12688,-4.090206623077393
12689,-3.181311845779419
12690,-2.7546660900115967
12691,-2.5132439136505127
12692,-4.899598121643066
12693,-4.116390228271484
12694,-3.963188886642456
12695,-3.577749252319336
12696,-3.4242143630981445
12697,-2.7240753173828125
12698,-2.724142074584961
12699,-2.447115898132324
12700,-4.768835067749023
12701,-3.974499225616455
12702,-3.7231414318084717
12703,-3.315418004989624
12704,-3.5019569396972656
12705,-2.653477430343628
12706,-3.056522846221924
12707,-2.6021735668182373
12708,-4.021808624267578
12709,-3.420184850692749
12710,-3.209151029586792
12711,-2.99355149269104
12712,-4.728923797607422
12713,-3.9786691665649414
12714,-2.8799304962158203
12715,-2.4494407176971436
12716,-4.712385177612305
12717,-3.6480417251586914
12718,-3.45165753364563
12719,-2.9342641830444336
12720,-4.788766860961914
12721,-3.5184738636016846
12722,-3.5931646823883057
12723,-2.922330856323242
12724,-5.377112865447998
12725,-4.798584938049316
12726,-4.1174540519714355
12727,-3.614091396331787
12728,-4.481529712677002
12729,-3.461116075515747
12730,-3.4412455558776855
12731,-2.827190399169922
12732,-4.916398048400879
12733,-4.464029312133789
12734,-3.792006254196167
12735,-3.284593343734741
12736,-4.334885597229004
12737,-3.9683024883270264
12738,-3.2527503967285156
12739,-3.4131922721862793
12740,-4.707272529602051
12741,-4.127015113830566
12742,-4.056462287902832
12743,-4.087748050689697
12744,-4.262105464935303
12745,-3.5664589405059814
12746,-3.2506895065307617
12747,-3.298543930053711
12748,-4.712296485900879
12749,-4.159224033355713
12750,-3.7494735717773438
12751,-3.7882144451141357
12752,-3.9889001846313477
12753,-3.8163564205169678
12754,-3.078157424926758
12755,-3.4526565074920654
12756,-5.097108364105225
12757,-5.0324015617370605
12758,-3.705631971359253
12759,-4.128800868988037
12760,-4.027170181274414
12761,-3.3552932739257812
12762,-3.1977379322052
12763,-2.987572431564331
12764,-5.0972900390625
12765,-4.06679630279541
12766,-3.9654574394226074
12767,-3.5902090072631836
12768,-3.30633544921875
12769,-3.20005202293396
12770,-2.661405086517334
12771,-2.7365288734436035
12772,-4.053354263305664
12773,-3.8525564670562744
12774,-3.2014379501342773
12775,-3.2935385704040527
12776,-3.556398868560791
12777,-4.028265476226807
12778,-2.9405550956726074
12779,-3.122131824493408
12780,-4.067554950714111
12781,-3.888713836669922
12782,-3.214827060699463
12783,-3.341588258743286
12784,-3.346858263015747
12785,-3.0985403060913086
12786,-2.710191011428833
12787,-2.7715201377868652
12788,-3.9803364276885986
12789,-3.8254919052124023
12790,-3.4167532920837402
12791,-3.524390697479248
12792,-4.028855323791504
12793,-3.6210122108459473
12794,-3.265887975692749
12795,-3.4247920513153076
12796,-3.8585662841796875
12797,-3.7608048915863037
12798,-3.2215659618377686
12799,-3.327971935272217
12800,-4.149428844451904
12801,-3.2210540771484375
12802,-3.389740228652954
12803,-2.9753339290618896
12804,-5.260403633117676
12805,-3.846705675125122
12806,-3.941636323928833
12807,-3.256124496459961
12808,-3.8100483417510986
12809,-3.273606777191162
12810,-3.1702792644500732
12811,-2.983814001083374
12812,-3.9446728229522705
12813,-3.3368771076202393
12814,-3.309751272201538
12815,-3.080620050430298
12816,-3.1802191734313965
12817,-3.7771172523498535
12818,-2.513543128967285
12819,-2.600400686264038
12820,-3.678148031234741
12821,-3.6799490451812744
12822,-3.062701463699341
12823,-3.2749171257019043
12824,-3.738865375518799
12825,-4.081067085266113
12826,-2.898679733276367
12827,-3.068333625793457
12828,-3.1403656005859375
12829,-3.116281032562256
12830,-2.7127156257629395
12831,-2.8747081756591797
12832,-3.2443687915802
12833,-3.3911960124969482
12834,-2.8517494201660156
12835,-2.9331588745117188
12836,-4.295959949493408
12837,-4.178567886352539
12838,-3.329326629638672
12839,-3.6464059352874756
12840,-3.0651695728302
12841,-3.186711549758911
12842,-2.740705728530884
12843,-2.8534865379333496
12844,-4.336022853851318
12845,-4.273848533630371
12846,-3.5432064533233643
12847,-3.7897520065307617
12848,-4.979408264160156
12849,-3.5048739910125732
12850,-3.4219272136688232
12851,-2.915409564971924
12852,-5.138705253601074
12853,-4.001310348510742
12854,-4.2000017166137695
12855,-3.6108927726745605
12856,-4.260815143585205
12857,-3.117448091506958
12858,-3.18859601020813
12859,-2.670748472213745
12860,-5.013340950012207
12861,-4.0439558029174805
12862,-3.882124662399292
12863,-3.3708066940307617
12864,-4.221867084503174
12865,-3.0256965160369873
12866,-3.3032546043395996
12867,-2.6699345111846924
12868,-4.36573600769043
12869,-3.453601360321045
12870,-3.1795501708984375
12871,-2.9881486892700195
12872,-4.521939277648926
12873,-3.0624427795410156
12874,-3.498469352722168
12875,-2.749403476715088
12876,-5.151731014251709
12877,-3.9756126403808594
12878,-3.710617780685425
12879,-3.418201208114624
12880,-3.9143130779266357
12881,-3.180967092514038
12882,-2.95574951171875
12883,-2.6308958530426025
12884,-4.4179205894470215
12885,-3.816366672515869
12886,-3.711491107940674
12887,-3.6068620681762695
12888,-3.8822126388549805
12889,-3.116860866546631
12890,-2.9358718395233154
12891,-2.6241278648376465
12892,-4.056894302368164
12893,-3.958247423171997
12894,-3.267000198364258
12895,-3.026744842529297
12896,-3.7625410556793213
12897,-3.6521449089050293
12898,-2.687915325164795
12899,-2.4068431854248047
12900,-4.056894302368164
12901,-3.958247423171997
12902,-3.267000198364258
12903,-3.026744842529297
12904,-4.089729309082031
12905,-3.277219533920288
12906,-3.218637704849243
12907,-2.953622817993164
12908,-4.997146129608154
12909,-4.031296730041504
12910,-3.7267568111419678
12911,-3.3616039752960205
12912,-3.77972674369812
12913,-3.2513511180877686
12914,-2.9164206981658936
12915,-2.781529426574707
12916,-4.256697654724121
12917,-3.812349319458008
12918,-3.387742757797241
12919,-3.2256970405578613
12920,-3.6300418376922607
12921,-4.129194259643555
12922,-2.643228530883789
12923,-2.745182752609253
12924,-4.8595147132873535
12925,-4.45596170425415
12926,-3.5276646614074707
12927,-3.553781032562256
12928,-3.906334400177002
12929,-3.6026320457458496
12930,-3.277357578277588
12931,-3.572702407836914
12932,-4.763794422149658
12933,-3.980112075805664
12934,-3.6647348403930664
12935,-3.890639066696167
12936,-4.763443470001221
12937,-5.539987564086914
12938,-2.939495801925659
12939,-3.307161569595337
12940,-4.4656572341918945
12941,-4.435364723205566
12942,-3.3461813926696777
12943,-3.693817138671875
12944,-3.9996376037597656
12945,-4.495209693908691
12946,-3.079944610595703
12947,-3.2181525230407715
12948,-4.617002487182617
12949,-4.422175407409668
12950,-3.663358688354492
12951,-4.008364677429199
12952,-4.2533369064331055
12953,-4.226252555847168
12954,-3.241769313812256
12955,-3.0030412673950195
12956,-4.3036651611328125
12957,-3.4403204917907715
12958,-3.6605498790740967
12959,-3.236994981765747
12960,-3.4673571586608887
12961,-2.6036622524261475
12962,-2.9061665534973145
12963,-2.560739755630493
12964,-4.58597469329834
12965,-3.7336413860321045
12966,-3.9825525283813477
12967,-3.5016868114471436
12968,-3.8637216091156006
12969,-2.846994400024414
12970,-3.016798496246338
12971,-2.587928056716919
12972,-4.70708703994751
12973,-3.5645663738250732
12974,-3.554828405380249
12975,-3.154365301132202
12976,-4.317427158355713
12977,-3.269108533859253
12978,-3.298025131225586
12979,-2.9798331260681152
12980,-5.06845760345459
12981,-3.864388942718506
12982,-3.4828104972839355
12983,-3.3649532794952393
12984,-3.3283016681671143
12985,-2.3801076412200928
12986,-2.3564553260803223
12987,-2.120814800262451
12988,-4.492952823638916
12989,-3.3437535762786865
12990,-3.384547710418701
12991,-2.961984157562256
12992,-3.8578872680664062
12993,-2.9290425777435303
12994,-2.7854812145233154
12995,-2.452721118927002
12996,-4.172704219818115
12997,-3.4878432750701904
12998,-3.345161199569702
12999,-3.060331106185913
13000,-4.001226425170898
13001,-3.5248498916625977
13002,-2.9211575984954834
13003,-2.844277858734131
13004,-4.334001541137695
13005,-4.332558631896973
13006,-3.3938610553741455
13007,-3.370490550994873
13008,-3.6951751708984375
13009,-4.086761474609375
13010,-2.8551788330078125
13011,-2.8108651638031006
13012,-4.7411932945251465
13013,-4.162797451019287
13014,-3.6305508613586426
13015,-3.561828136444092
13016,-3.195885181427002
13017,-2.6689624786376953
13018,-2.625432014465332
13019,-2.349393367767334
13020,-3.9270763397216797
13021,-3.233477830886841
13022,-3.1269936561584473
13023,-2.898810386657715
13024,-3.33836030960083
13025,-3.2678892612457275
13026,-2.8359506130218506
13027,-2.6167545318603516
13028,-3.9455020427703857
13029,-3.541205406188965
13030,-3.229374647140503
13031,-3.075876235961914
13032,-3.8727269172668457
13033,-3.2957987785339355
13034,-3.2300620079040527
13035,-3.0011065006256104
13036,-3.162336826324463
13037,-2.7015483379364014
13038,-2.6562066078186035
13039,-2.441884756088257
13040,-4.29191780090332
13041,-3.467107057571411
13042,-3.468843460083008
13043,-3.0782766342163086
13044,-5.402647972106934
13045,-5.005043983459473
13046,-3.7909324169158936
13047,-3.3944785594940186
13048,-4.3883585929870605
13049,-3.370210647583008
13050,-3.278181791305542
13051,-2.8760876655578613
13052,-4.455437660217285
13053,-3.9552032947540283
13054,-3.4950149059295654
13055,-3.073737621307373
13056,-4.344512939453125
13057,-4.068399429321289
13058,-3.423402786254883
13059,-3.2133846282958984
13060,-4.287415504455566
13061,-3.842231035232544
13062,-3.3929004669189453
13063,-3.306727886199951
13064,-3.6913256645202637
13065,-2.8568050861358643
13066,-2.874269485473633
13067,-2.569262742996216
13068,-3.9568676948547363
13069,-3.346639394760132
13070,-3.2456445693969727
13071,-2.816899061203003
13072,-3.4787204265594482
13073,-2.707871675491333
13074,-2.7175960540771484
13075,-2.4242241382598877
13076,-3.9165241718292236
13077,-3.3575961589813232
13078,-3.1230974197387695
13079,-2.8452422618865967
13080,-3.613253355026245
13081,-2.756969928741455
13082,-3.126378297805786
13083,-2.6573872566223145
13084,-4.602486610412598
13085,-3.646601676940918
13086,-3.67356014251709
13087,-3.1137795448303223
13088,-4.246076583862305
13089,-3.9019432067871094
13090,-2.7729713916778564
13091,-2.493147373199463
13092,-4.636355400085449
13093,-3.8834686279296875
13094,-3.7235195636749268
13095,-3.1736316680908203
13096,-4.378686428070068
13097,-3.471769332885742
13098,-3.099492311477661
13099,-2.841515302658081
13100,-4.2623114585876465
13101,-3.7307958602905273
13102,-3.743557929992676
13103,-3.3889200687408447
13104,-3.6184120178222656
13105,-3.1720263957977295
13106,-3.0349080562591553
13107,-2.717461585998535
13108,-4.464892387390137
13109,-3.9362823963165283
13110,-3.7397656440734863
13111,-3.3804173469543457
13112,-3.2179322242736816
13113,-2.274214506149292
13114,-2.419106960296631
13115,-2.09859561920166
13116,-3.7558512687683105
13117,-3.161349296569824
13118,-3.496777057647705
13119,-3.101175308227539
13120,-3.7388830184936523
13121,-2.8981361389160156
13122,-2.8007800579071045
13123,-2.4451541900634766
13124,-3.546644926071167
13125,-2.747455358505249
13126,-2.744964599609375
13127,-2.3983983993530273
13128,-3.4866461753845215
13129,-3.0353055000305176
13130,-2.824955701828003
13131,-2.782121419906616
13132,-3.9222679138183594
13133,-3.250434160232544
13134,-3.463637351989746
13135,-3.342813730239868
13136,-3.714463949203491
13137,-3.1745290756225586
13138,-2.946767568588257
13139,-2.8685102462768555
13140,-3.976264238357544
13141,-3.5632810592651367
13142,-3.2053725719451904
13143,-3.0431313514709473
13144,-3.864271879196167
13145,-3.8761146068573
13146,-3.0115652084350586
13147,-2.977895498275757
13148,-5.496267318725586
13149,-5.333624839782715
13150,-4.068345546722412
13151,-3.913315534591675
13152,-3.877714157104492
13153,-3.177363395690918
13154,-2.9428791999816895
13155,-2.7161872386932373
13156,-4.602834224700928
13157,-4.580115795135498
13158,-3.7764594554901123
13159,-3.5550408363342285
13160,-3.7508342266082764
13161,-4.119685173034668
13162,-2.777014970779419
13163,-2.8357198238372803
13164,-4.004530429840088
13165,-3.375537633895874
13166,-3.2413997650146484
13167,-3.1308414936065674
13168,-3.3847720623016357
13169,-2.8937337398529053
13170,-2.7581748962402344
13171,-2.6408214569091797
13172,-4.381422996520996
13173,-3.9173991680145264
13174,-3.7096517086029053
13175,-3.588064670562744
13176,-3.273577928543091
13177,-2.867326021194458
13178,-2.658839225769043
13179,-2.5771350860595703
13180,-4.630738735198975
13181,-4.6963210105896
13182,-3.36372447013855
13183,-3.2524497509002686
13184,-3.91731595993042
13185,-2.9986109733581543
13186,-2.910904884338379
13187,-2.6838648319244385
13188,-4.357519626617432
13189,-3.255523681640625
13190,-3.6016974449157715
13191,-3.2301342487335205
13192,-4.265443801879883
13193,-3.886312961578369
13194,-3.250521421432495
13195,-2.8712148666381836
13196,-4.244126796722412
13197,-3.180433750152588
13198,-3.3909718990325928
13199,-3.0079548358917236
13200,-3.6029253005981445
13201,-3.6153030395507812
13202,-2.6706066131591797
13203,-2.3796725273132324
13204,-4.595693111419678
13205,-4.695121765136719
13206,-3.325652599334717
13207,-3.0483193397521973
13208,-3.1837120056152344
13209,-3.0150914192199707
13210,-2.424382448196411
13211,-2.447920799255371
13212,-3.821610689163208
13213,-3.7008655071258545
13214,-3.110661506652832
13215,-3.1853175163269043
13216,-3.596705675125122
13217,-2.8957879543304443
13218,-2.7427756786346436
13219,-2.407039165496826
13220,-4.183862209320068
13221,-3.516106367111206
13222,-3.3596608638763428
13223,-3.030912160873413
13224,-3.3879735469818115
13225,-2.582850933074951
13226,-3.0602355003356934
13227,-2.7261252403259277
13228,-4.013356685638428
13229,-3.3125388622283936
13230,-3.1376395225524902
13231,-2.9133520126342773
13232,-3.963390827178955
13233,-3.8382785320281982
13234,-2.520995616912842
13235,-2.3849754333496094
13236,-4.394967079162598
13237,-3.459594488143921
13238,-3.2154433727264404
13239,-2.964400291442871
13240,-3.485438585281372
13241,-3.5164647102355957
13242,-2.67195987701416
13243,-2.5770745277404785
13244,-3.99857759475708
13245,-3.1829962730407715
13246,-3.0427989959716797
13247,-2.726125478744507
13248,-3.6054320335388184
13249,-2.9405620098114014
13250,-2.9738242626190186
13251,-2.89628005027771
13252,-4.595564842224121
13253,-4.1013617515563965
13254,-3.5359840393066406
13255,-3.4495201110839844
13256,-3.723041534423828
13257,-3.5628018379211426
13258,-2.8500819206237793
13259,-2.728651285171509
13260,-4.036076545715332
13261,-3.716294765472412
13262,-3.5232818126678467
13263,-3.4202091693878174
13264,-3.70996356010437
13265,-3.400653123855591
13266,-2.809512138366699
13267,-2.356677532196045
13268,-4.333698749542236
13269,-3.782052755355835
13270,-3.493577003479004
13271,-3.018859386444092
13272,-3.498720169067383
13273,-2.7195041179656982
13274,-2.909102201461792
13275,-2.5236265659332275
13276,-4.745189189910889
13277,-3.6475651264190674
13278,-3.497319459915161
13279,-3.096663475036621
13280,-4.681098937988281
13281,-4.238746643066406
13282,-2.7849576473236084
13283,-2.5230166912078857
13284,-4.814238548278809
13285,-4.213133335113525
13286,-3.4521634578704834
13287,-3.134505033493042
13288,-4.048458099365234
13289,-3.667733669281006
13290,-3.220633029937744
13291,-3.18332576751709
13292,-4.9132981300354
13293,-5.353288173675537
13294,-3.690037488937378
13295,-3.739300489425659
13296,-4.414248466491699
13297,-3.898151397705078
13298,-3.306732177734375
13299,-2.872504949569702
13300,-4.710660457611084
13301,-3.6305243968963623
13302,-3.8697125911712646
13303,-3.3870458602905273
13304,-3.4965286254882812
13305,-2.963902711868286
13306,-2.722045421600342
13307,-2.573509931564331
13308,-3.6688361167907715
13309,-3.215095281600952
13310,-3.21140456199646
13311,-3.070347309112549
13312,-3.838087320327759
13313,-3.3027572631835938
13314,-3.0597195625305176
13315,-2.9530222415924072
13316,-3.9946529865264893
13317,-3.5098471641540527
13318,-3.343132734298706
13319,-3.132143497467041
13320,-3.463552951812744
13321,-3.381446123123169
13322,-2.6093685626983643
13323,-2.368011236190796
13324,-3.9043474197387695
13325,-3.3203513622283936
13326,-2.976067066192627
13327,-2.695338249206543
13328,-3.970310926437378
13329,-3.4257571697235107
13330,-3.0456180572509766
13331,-2.920156240463257
13332,-4.352455139160156
13333,-3.8073830604553223
13334,-3.3645100593566895
13335,-3.07908034324646
13336,-3.3909552097320557
13337,-2.623934745788574
13338,-3.0999553203582764
13339,-2.733954906463623
13340,-4.1044440269470215
13341,-3.4762179851531982
13342,-3.6680474281311035
13343,-3.2878599166870117
13344,-3.966801166534424
13345,-3.882014751434326
13346,-3.0969133377075195
13347,-3.2979736328125
13348,-4.557224750518799
13349,-4.440370082855225
13350,-3.6219754219055176
13351,-3.849477767944336
13352,-3.759918212890625
13353,-3.544837236404419
13354,-2.9168496131896973
13355,-3.091466188430786
13356,-4.459240913391113
13357,-4.463269233703613
13358,-3.690476179122925
13359,-4.002067565917969
13360,-4.06521463394165
13361,-3.3011128902435303
13362,-3.128929853439331
13363,-2.7587203979492188
13364,-4.519425868988037
13365,-3.683729887008667
13366,-3.647918224334717
13367,-3.160287618637085
13368,-3.936573028564453
13369,-2.905980348587036
13370,-2.93463134765625
13371,-2.5928540229797363
13372,-4.07240104675293
13373,-3.208022117614746
13374,-3.5103418827056885
13375,-3.039246082305908
13376,-3.6674580574035645
13377,-3.412285804748535
13378,-2.8160006999969482
13379,-2.7007253170013428
13380,-4.393420696258545
13381,-4.187244892120361
13382,-3.6954588890075684
13383,-3.717848539352417
13384,-5.0277605056762695
13385,-3.6515512466430664
13386,-3.6808903217315674
13387,-2.952026128768921
13388,-5.137637615203857
13389,-4.056182861328125
13390,-4.342733860015869
13391,-3.7495534420013428
13392,-4.2574591636657715
13393,-2.9467828273773193
13394,-3.2113444805145264
13395,-2.6009812355041504
13396,-4.882814407348633
13397,-3.5459866523742676
13398,-3.79413104057312
13399,-3.1255617141723633
13400,-3.502976655960083
13401,-3.4234635829925537
13402,-2.766589879989624
13403,-2.819425106048584
13404,-3.6930835247039795
13405,-3.6647565364837646
13406,-3.101842164993286
13407,-3.1650562286376953
13408,-4.572610855102539
13409,-3.992471694946289
13410,-3.546299457550049
13411,-2.984036445617676
13412,-4.340058326721191
13413,-3.581268310546875
13414,-3.7208430767059326
13415,-3.2361605167388916
13416,-4.160351753234863
13417,-2.9936416149139404
13418,-3.501723289489746
13419,-3.0550172328948975
13420,-5.163210868835449
13421,-4.2524285316467285
13422,-4.111310005187988
13423,-3.592165946960449
13424,-4.649643421173096
13425,-3.529318332672119
13426,-3.667022466659546
13427,-3.083705425262451
13428,-4.847400665283203
13429,-3.900724172592163
13430,-3.659696578979492
13431,-3.2011430263519287
13432,-4.239426612854004
13433,-3.7835094928741455
13434,-3.1829450130462646
13435,-3.0885534286499023
13436,-4.53203010559082
13437,-3.743771553039551
13438,-3.4038469791412354
13439,-3.398197650909424
13440,-3.6711175441741943
13441,-3.243743658065796
13442,-2.972339391708374
13443,-2.7411444187164307
13444,-4.8977484703063965
13445,-4.041553020477295
13446,-3.6450908184051514
13447,-3.333585739135742
13448,-4.278235912322998
13449,-3.6652395725250244
13450,-3.2803544998168945
13451,-3.019122362136841
13452,-4.8977484703063965
13453,-4.041553020477295
13454,-3.6450908184051514
13455,-3.333585739135742
13456,-4.213599681854248
13457,-3.219613790512085
13458,-3.1635868549346924
13459,-2.73211932182312
13460,-4.091501235961914
13461,-3.3000829219818115
13462,-3.3151233196258545
13463,-2.933863639831543
13464,-3.716752767562866
13465,-2.955979108810425
13466,-3.0266823768615723
13467,-2.6309258937835693
13468,-4.793370246887207
13469,-3.6609954833984375
13470,-3.5285823345184326
13471,-3.090850830078125
13472,-3.534480571746826
13473,-3.1368799209594727
13474,-2.7448692321777344
13475,-2.5594382286071777
13476,-4.167822360992432
13477,-3.777055501937866
13478,-3.3373422622680664
13479,-3.1975555419921875
13480,-4.241374492645264
13481,-3.231689929962158
13482,-3.4870424270629883
13483,-2.8980133533477783
13484,-4.67869758605957
13485,-3.675412893295288
13486,-3.7980449199676514
13487,-3.161774158477783
13488,-3.768895149230957
13489,-3.100121021270752
13490,-2.9271416664123535
13491,-2.6933746337890625
13492,-4.454783916473389
13493,-3.547426462173462
13494,-3.8418233394622803
13495,-3.428354024887085
13496,-5.2889299392700195
13497,-4.007326126098633
13498,-3.751220703125
13499,-3.066218852996826
13500,-5.254085540771484
13501,-4.625743389129639
13502,-3.856525182723999
13503,-3.0870702266693115
13504,-4.521761894226074
13505,-3.201549530029297
13506,-3.433598279953003
13507,-2.727299928665161
13508,-5.004201412200928
13509,-3.5215001106262207
13510,-3.802760601043701
13511,-3.145869016647339
13512,-4.838689804077148
13513,-3.5034823417663574
13514,-3.5922772884368896
13515,-2.904845952987671
13516,-5.187258720397949
13517,-3.9077930450439453
13518,-4.270026206970215
13519,-3.920065402984619
13520,-3.711073398590088
13521,-3.212162971496582
13522,-2.8734068870544434
13523,-2.832120180130005
13524,-4.48893928527832
13525,-3.7081375122070312
13526,-3.450312614440918
13527,-3.199551820755005
13528,-3.754016399383545
13529,-3.3612427711486816
13530,-3.0009613037109375
13531,-2.997432231903076
13532,-4.353714466094971
13533,-3.833674907684326
13534,-3.2111423015594482
13535,-3.1246140003204346
13536,-4.030555725097656
13537,-3.5914177894592285
13538,-2.8574302196502686
13539,-2.878528356552124
13540,-4.610780239105225
13541,-3.897275686264038
13542,-3.826310157775879
13543,-3.677180290222168
13544,-4.141814231872559
13545,-4.049427509307861
13546,-3.1320948600769043
13547,-2.8656511306762695
13548,-4.843826770782471
13549,-4.120743274688721
13550,-3.7595038414001465
13551,-3.468280553817749
13552,-4.049096584320068
13553,-4.046450138092041
13554,-2.9884214401245117
13555,-3.2644078731536865
13556,-4.559191703796387
13557,-5.099792003631592
13558,-3.308094024658203
13559,-3.720615863800049
13560,-3.415799379348755
13561,-3.582642078399658
13562,-2.6212217807769775
13563,-2.907430648803711
13564,-4.376898765563965
13565,-4.1538496017456055
13566,-3.3245291709899902
13567,-3.6868789196014404
13568,-4.314789295196533
13569,-3.8805110454559326
13570,-3.0799360275268555
13571,-3.1921768188476562
13572,-4.980982780456543
13573,-5.086598873138428
13574,-3.7896041870117188
13575,-3.779162883758545
13576,-3.4593591690063477
13577,-3.2749736309051514
13578,-2.6671535968780518
13579,-2.8777737617492676
13580,-4.61932373046875
13581,-4.070240020751953
13582,-3.5109481811523438
13583,-3.6885488033294678
13584,-3.709585666656494
13585,-2.9958789348602295
13586,-2.907782554626465
13587,-2.6145379543304443
13588,-3.713712692260742
13589,-3.3042349815368652
13590,-3.0043113231658936
13591,-2.7840969562530518
13592,-3.5615921020507812
13593,-4.063762664794922
13594,-2.714054822921753
13595,-2.731132984161377
13596,-4.58944034576416
13597,-5.012186527252197
13598,-3.5435023307800293
13599,-3.4737277030944824
13600,-3.8916807174682617
13601,-3.7108681201934814
13602,-2.993162155151367
13603,-2.967944860458374
13604,-4.346731662750244
13605,-4.098908424377441
13606,-3.4190993309020996
13607,-3.4385757446289062
13608,-3.540367603302002
13609,-3.218153715133667
13610,-2.8575830459594727
13611,-2.8552327156066895
13612,-4.18096923828125
13613,-3.7574288845062256
13614,-3.3188891410827637
13615,-3.2869348526000977
13616,-3.4503610134124756
13617,-3.0335423946380615
13618,-2.800114631652832
13619,-2.6879260540008545
13620,-4.383734226226807
13621,-4.715799331665039
13622,-3.536771774291992
13623,-3.5454366207122803
13624,-3.151333808898926
13625,-2.6082801818847656
13626,-2.459596633911133
13627,-2.3281710147857666
13628,-4.26849889755249
13629,-4.743615627288818
13630,-3.435000419616699
13631,-3.3812530040740967
13632,-3.605177402496338
13633,-3.053089141845703
13634,-2.8766119480133057
13635,-2.6937918663024902
13636,-4.039411544799805
13637,-3.6528496742248535
13638,-3.3297412395477295
13639,-3.221724271774292
13640,-4.366255283355713
13641,-3.2326343059539795
13642,-3.3236846923828125
13643,-2.869117259979248
13644,-4.084470748901367
13645,-3.2705190181732178
13646,-3.5022573471069336
13647,-2.992765426635742
13648,-4.558561325073242
13649,-3.731144666671753
13650,-3.571795701980591
13651,-3.2162117958068848
13652,-4.894526958465576
13653,-3.886852979660034
13654,-4.00331974029541
13655,-3.5637049674987793
13656,-4.082448959350586
13657,-3.369900941848755
13658,-3.265857696533203
13659,-3.0978219509124756
13660,-4.708850860595703
13661,-3.7664780616760254
13662,-3.36826229095459
13663,-3.093674659729004
13664,-4.013956069946289
13665,-3.2462005615234375
13666,-2.852829933166504
13667,-2.59765362739563
13668,-4.886838436126709
13669,-3.7481300830841064
13670,-3.4881012439727783
13671,-3.11112117767334
13672,-4.646380424499512
13673,-3.5674636363983154
13674,-3.4191718101501465
13675,-3.054743528366089
13676,-5.028688430786133
13677,-4.010425567626953
13678,-3.9587531089782715
13679,-3.4992384910583496
13680,-4.520082950592041
13681,-4.140669822692871
13682,-3.5893657207489014
13683,-3.2248451709747314
13684,-4.585601806640625
13685,-4.305137634277344
13686,-3.509997844696045
13687,-3.165677309036255
13688,-4.953072547912598
13689,-3.955961227416992
13690,-3.808713436126709
13691,-3.4382190704345703
13692,-4.084629535675049
13693,-3.469595432281494
13694,-3.5244884490966797
13695,-3.2212321758270264
13696,-3.8177311420440674
13697,-2.8899974822998047
13698,-2.9910237789154053
13699,-2.754885673522949
13700,-4.905267715454102
13701,-4.567167282104492
13702,-3.7447378635406494
13703,-3.269850492477417
13704,-3.81988787651062
13705,-4.012364864349365
13706,-3.263216972351074
13707,-2.9585793018341064
13708,-4.346209526062012
13709,-3.395697832107544
13710,-3.3544318675994873
13711,-2.897651195526123
13712,-4.824415683746338
13713,-4.131962299346924
13714,-3.552555561065674
13715,-3.4137234687805176
13716,-5.077005863189697
13717,-4.5118279457092285
13718,-4.075860500335693
13719,-3.9457831382751465
13720,-4.287540435791016
13721,-3.371263027191162
13722,-3.176400661468506
13723,-2.974194049835205
13724,-5.156889915466309
13725,-4.612303256988525
13726,-4.0863356590271
13727,-3.9295156002044678
13728,-3.2317354679107666
13729,-2.5484867095947266
13730,-2.8845250606536865
13731,-2.4536139965057373
13732,-4.210478782653809
13733,-3.513394594192505
13734,-3.612468719482422
13735,-3.144216775894165
13736,-3.2947771549224854
13737,-2.6131885051727295
13738,-2.898162841796875
13739,-2.4701740741729736
13740,-4.380227088928223
13741,-3.3704240322113037
13742,-3.5483548641204834
13743,-3.0408949851989746
13744,-3.667635679244995
13745,-3.3768856525421143
13746,-2.6637210845947266
13747,-2.663156032562256
13748,-4.056434631347656
13749,-3.734809160232544
13750,-3.2468698024749756
13751,-3.2528958320617676
13752,-4.898074150085449
13753,-3.712493896484375
13754,-3.3747382164001465
13755,-3.2354211807250977
13756,-4.959969520568848
13757,-4.218705177307129
13758,-3.795957565307617
13759,-3.630993604660034
13760,-3.8414599895477295
13761,-3.799647331237793
13762,-2.8813648223876953
13763,-2.9179160594940186
13764,-4.023697376251221
13765,-3.549999237060547
13766,-3.2159180641174316
13767,-3.315084457397461
13768,-4.624236583709717
13769,-3.368532657623291
13770,-3.3912670612335205
13771,-2.774055004119873
13772,-4.978450775146484
13773,-3.7948856353759766
13774,-4.092806339263916
13775,-3.47935152053833
13776,-4.436493873596191
13777,-3.9317128658294678
13778,-3.289785146713257
13779,-2.7458629608154297
13780,-4.788715839385986
13781,-4.116680145263672
13782,-3.7011303901672363
13783,-3.1397218704223633
13784,-3.8051178455352783
13785,-2.9884610176086426
13786,-3.1241416931152344
13787,-2.695061445236206
13788,-3.9513702392578125
13789,-3.0574896335601807
13790,-3.0485434532165527
13791,-2.6802117824554443
13792,-4.615165710449219
13793,-3.932610034942627
13794,-3.4307074546813965
13795,-3.038914442062378
13796,-5.016447067260742
13797,-3.9365713596343994
13798,-3.844508171081543
13799,-3.4269111156463623
13800,-3.8523037433624268
13801,-3.4732043743133545
13802,-3.026519775390625
13803,-2.939250946044922
13804,-4.911398887634277
13805,-4.165555477142334
13806,-3.656588315963745
13807,-3.555424928665161
13808,-3.123919725418091
13809,-2.983400583267212
13810,-2.588843822479248
13811,-2.478010654449463
13812,-3.975806951522827
13813,-3.489640712738037
13814,-3.2689900398254395
13815,-3.1071019172668457
13816,-3.4150846004486084
13817,-3.222993850708008
13818,-2.8443117141723633
13819,-2.731832981109619
13820,-3.599278688430786
13821,-2.938521385192871
13822,-2.8102478981018066
13823,-2.6291847229003906
13824,-4.159477233886719
13825,-4.1371965408325195
13826,-2.94706654548645
13827,-3.2222535610198975
13828,-4.451406002044678
13829,-4.145263671875
13830,-3.658564329147339
13831,-3.7054007053375244
13832,-3.534113883972168
13833,-2.718137741088867
13834,-2.912424325942993
13835,-2.5995285511016846
13836,-4.255167484283447
13837,-3.518798828125
13838,-3.382025718688965
13839,-2.9929604530334473
13840,-3.5912833213806152
13841,-2.789175271987915
13842,-3.0816402435302734
13843,-2.7277238368988037
13844,-4.5915141105651855
13845,-3.6766605377197266
13846,-3.4717719554901123
13847,-3.085317850112915
13848,-4.03503942489624
13849,-3.9241714477539062
13850,-2.754422187805176
13851,-2.5055978298187256
13852,-4.206182956695557
13853,-4.082005977630615
13854,-3.3297531604766846
13855,-3.0457656383514404
13856,-4.229310989379883
13857,-4.037541389465332
13858,-3.1730549335479736
13859,-3.3428447246551514
13860,-4.240993976593018
13861,-4.3934855461120605
13862,-3.1599717140197754
13863,-3.3661561012268066
13864,-3.8617172241210938
13865,-3.1078243255615234
13866,-3.0830764770507812
13867,-2.8123347759246826
13868,-4.71989631652832
13869,-4.615451335906982
13870,-3.6412715911865234
13871,-3.3244402408599854
13872,-3.531216621398926
13873,-2.9075100421905518
13874,-2.9487767219543457
13875,-2.666280508041382
13876,-4.652651309967041
13877,-3.8258793354034424
13878,-3.717819929122925
13879,-3.421942710876465
13880,-3.6520612239837646
13881,-3.51544451713562
13882,-2.994544506072998
13883,-3.2704997062683105
13884,-4.93216609954834
13885,-4.8243584632873535
13886,-3.768667697906494
13887,-4.1961140632629395
13888,-3.737859010696411
13889,-3.64189076423645
13890,-3.094996213912964
13891,-3.4529500007629395
13892,-5.034682273864746
13893,-4.528421878814697
13894,-3.886422634124756
13895,-4.123365879058838
13896,-4.975150108337402
13897,-5.7660417556762695
13898,-3.17122483253479
13899,-3.5413129329681396
13900,-4.77638053894043
13901,-4.510562419891357
13902,-3.5737388134002686
13903,-3.824284791946411
13904,-3.853564977645874
13905,-4.326201438903809
13906,-3.102288246154785
13907,-3.206547498703003
13908,-4.376128673553467
13909,-3.994921922683716
13910,-3.411060094833374
13911,-3.491041660308838
13912,-3.8964390754699707
13913,-2.696646213531494
13914,-3.3893144130706787
13915,-2.7005393505096436
13916,-4.397599220275879
13917,-3.5433971881866455
13918,-3.8401432037353516
13919,-3.3884401321411133
13920,-4.549127101898193
13921,-3.6486434936523438
13922,-3.558931350708008
13923,-3.194369316101074
13924,-4.615634918212891
13925,-4.252957344055176
13926,-3.606405735015869
13927,-3.3098058700561523
13928,-3.9678382873535156
13929,-3.193199872970581
13930,-3.1956374645233154
13931,-2.854177713394165
13932,-4.029488563537598
13933,-3.44415283203125
13934,-3.4901068210601807
13935,-3.18139386177063
13936,-4.626274585723877
13937,-3.517066717147827
13938,-3.2935597896575928
13939,-2.9516916275024414
13940,-5.117745876312256
13941,-4.286038398742676
13942,-4.03372049331665
13943,-3.690702199935913
13944,-4.324149131774902
13945,-3.90021014213562
13946,-3.14921236038208
13947,-3.1769332885742188
13948,-4.384016513824463
13949,-4.053544521331787
13950,-3.4951934814453125
13951,-3.4698047637939453
13952,-3.5727121829986572
13953,-2.92519211769104
13954,-2.6125380992889404
13955,-2.67596173286438
13956,-4.088401794433594
13957,-3.6428773403167725
13958,-3.2683627605438232
13959,-3.2856976985931396
13960,-3.5525214672088623
13961,-2.6111278533935547
13962,-3.006027936935425
13963,-2.6335792541503906
13964,-4.478250980377197
13965,-3.5748589038848877
13966,-3.385866403579712
13967,-3.013326406478882
13968,-4.070130825042725
13969,-3.353548765182495
13970,-3.3291187286376953
13971,-2.6445789337158203
13972,-5.169164180755615
13973,-3.7521798610687256
13974,-3.83412766456604
13975,-3.236144781112671
13976,-4.780742645263672
13977,-3.6822569370269775
13978,-3.4417316913604736
13979,-2.9234814643859863
13980,-5.092376708984375
13981,-3.9502315521240234
13982,-4.214095592498779
13983,-3.625415325164795
13984,-4.048915386199951
13985,-3.3240044116973877
13986,-3.1029744148254395
13987,-2.766305685043335
13988,-4.43494987487793
13989,-3.5701777935028076
13990,-3.5650277137756348
13991,-3.2780239582061768
13992,-4.563068389892578
13993,-4.2866950035095215
13994,-3.485809803009033
13995,-3.4401612281799316
13996,-4.852567195892334
13997,-4.498106479644775
13998,-4.0993452072143555
13999,-4.134363651275635
14000,-4.279829502105713
14001,-3.286543846130371
14002,-3.1187589168548584
14003,-2.584895133972168
14004,-4.148922443389893
14005,-3.263648271560669
14006,-3.709210157394409
14007,-3.334319829940796
14008,-3.839770793914795
14009,-3.064816474914551
14010,-2.823725938796997
14011,-2.407416343688965
14012,-4.795451641082764
14013,-3.7798047065734863
14014,-3.735950231552124
14015,-3.1981723308563232
14016,-4.124670505523682
14017,-3.64750337600708
14018,-3.1455299854278564
14019,-2.865816593170166
14020,-4.028589248657227
14021,-3.622584104537964
14022,-3.281794309616089
14023,-3.129636526107788
14024,-4.00717306137085
14025,-3.6156165599823
14026,-3.036613941192627
14027,-3.1295289993286133
14028,-4.619654178619385
14029,-4.031105041503906
14030,-3.5373051166534424
14031,-3.4568774700164795
14032,-4.007137775421143
14033,-2.809051513671875
14034,-3.2675037384033203
14035,-2.7411282062530518
14036,-4.505486011505127
14037,-3.440153121948242
14038,-3.9312329292297363
14039,-3.359116315841675
14040,-4.18794584274292
14041,-3.371701240539551
14042,-3.132380485534668
14043,-2.8414318561553955
14044,-4.188602447509766
14045,-3.8765461444854736
14046,-3.642256736755371
14047,-3.517573356628418
14048,-3.678382396697998
14049,-3.693892002105713
14050,-2.923581838607788
14051,-2.981156826019287
14052,-3.891834259033203
14053,-4.893258571624756
14054,-3.516141176223755
14055,-3.4910640716552734
14056,-3.581822633743286
14057,-3.1580512523651123
14058,-2.6110754013061523
14059,-2.652942657470703
14060,-4.015493869781494
14061,-4.193624019622803
14062,-2.9707038402557373
14063,-3.026838779449463
14064,-3.4887118339538574
14065,-2.8887665271759033
14066,-2.6346518993377686
14067,-2.540935516357422
14068,-3.9325969219207764
14069,-4.404199600219727
14070,-3.4364631175994873
14071,-3.3540079593658447
14072,-3.8080081939697266
14073,-3.181180238723755
14074,-3.064330577850342
14075,-2.903441905975342
14076,-4.655272960662842
14077,-4.012362480163574
14078,-3.793555736541748
14079,-3.521082878112793
14080,-3.751366138458252
14081,-3.743518114089966
14082,-2.770315170288086
14083,-2.506121873855591
14084,-4.013294219970703
14085,-3.9122612476348877
14086,-3.2381324768066406
14087,-2.8705201148986816
14088,-4.2849297523498535
14089,-3.833326816558838
14090,-2.755434036254883
14091,-3.206406354904175
14092,-4.697874069213867
14093,-4.380915641784668
14094,-3.373330593109131
14095,-3.661268949508667
14096,-3.7670705318450928
14097,-3.4637250900268555
14098,-2.992788076400757
14099,-3.2962002754211426
14100,-4.827175617218018
14101,-4.793067932128906
14102,-3.593233346939087
14103,-3.804877758026123
14104,-4.152337074279785
14105,-4.1205902099609375
14106,-3.22198486328125
14107,-3.0557045936584473
14108,-4.8966498374938965
14109,-3.8538131713867188
14110,-3.4511961936950684
14111,-3.161214828491211
14112,-4.374634742736816
14113,-4.553472518920898
14114,-3.516620397567749
14115,-3.330944538116455
14116,-4.1417155265808105
14117,-3.3699862957000732
14118,-3.5170583724975586
14119,-3.325455904006958
14120,-3.9171180725097656
14121,-3.551476240158081
14122,-3.089017868041992
14123,-3.0464415550231934
14124,-5.230229377746582
14125,-4.161807537078857
14126,-3.5972018241882324
14127,-3.4350390434265137
14128,-3.366349220275879
14129,-2.671184539794922
14130,-2.547765016555786
14131,-2.3615128993988037
14132,-4.658726692199707
14133,-4.518102169036865
14134,-3.6355128288269043
14135,-3.4250755310058594
14136,-3.640331983566284
14137,-3.0057427883148193
14138,-2.9004604816436768
14139,-2.6899847984313965
14140,-3.908569574356079
14141,-3.221147298812866
14142,-3.2423131465911865
14143,-3.042815923690796
14144,-3.4311540126800537
14145,-2.825524091720581
14146,-2.8366200923919678
14147,-2.6491763591766357
14148,-4.520772933959961
14149,-4.671107292175293
14150,-3.068831205368042
14151,-3.1066107749938965
14152,-3.6167216300964355
14153,-2.805135726928711
14154,-2.9949357509613037
14155,-2.7632503509521484
14156,-4.033675193786621
14157,-3.251532554626465
14158,-3.4105308055877686
14159,-3.155116319656372
14160,-4.005279541015625
14161,-3.2996864318847656
14162,-2.9316258430480957
14163,-2.7844409942626953
14164,-3.7621116638183594
14165,-3.192509174346924
14166,-3.0157506465911865
14167,-2.899852752685547
14168,-3.260859489440918
14169,-2.721510648727417
14170,-2.590137243270874
14171,-2.4689624309539795
14172,-3.6348037719726562
14173,-2.9517908096313477
14174,-2.946486711502075
14175,-2.585697889328003
14176,-4.445904731750488
14177,-3.1897408962249756
14178,-3.530855417251587
14179,-2.7373969554901123
14180,-4.785104274749756
14181,-4.240275859832764
14182,-3.750476598739624
14183,-3.1296699047088623
14184,-3.5947391986846924
14185,-2.706770420074463
14186,-3.040633201599121
14187,-2.602114200592041
14188,-3.3137412071228027
14189,-2.636491298675537
14190,-2.9355647563934326
14191,-2.5922398567199707
14192,-4.671357154846191
14193,-3.711965560913086
14194,-3.9242007732391357
14195,-3.5294504165649414
14196,-5.164898872375488
14197,-4.093855857849121
14198,-3.909315586090088
14199,-3.508880138397217
14200,-4.170316219329834
14201,-3.0137939453125
14202,-2.9949891567230225
14203,-2.5441689491271973
14204,-4.765755653381348
14205,-3.587132215499878
14206,-3.6095213890075684
14207,-3.126152753829956
14208,-4.1704583168029785
14209,-4.1137261390686035
14210,-3.097553253173828
14211,-2.863893508911133
14212,-4.354924201965332
14213,-3.2408151626586914
14214,-3.6730453968048096
14215,-3.2358498573303223
14216,-4.385465621948242
14217,-3.5151355266571045
14218,-3.176588296890259
14219,-2.8691015243530273
14220,-4.6269330978393555
14221,-4.287397861480713
14222,-3.6118569374084473
14223,-3.263296604156494
14224,-4.046167373657227
14225,-3.3134117126464844
14226,-3.322543144226074
14227,-2.9467592239379883
14228,-4.923746585845947
14229,-3.7226977348327637
14230,-3.7451343536376953
14231,-3.4602770805358887
14232,-3.89896559715271
14233,-3.1707165241241455
14234,-3.278496265411377
14235,-2.947371006011963
14236,-4.966855525970459
14237,-3.869840621948242
14238,-3.674978256225586
14239,-3.293613910675049
14240,-3.6038594245910645
14241,-3.2625579833984375
14242,-2.9145009517669678
14243,-2.6156370639801025
14244,-4.630212306976318
14245,-4.390242576599121
14246,-3.4328246116638184
14247,-3.1353766918182373
14248,-4.091129302978516
14249,-3.7726426124572754
14250,-3.2853386402130127
14251,-2.9511189460754395
14252,-4.222980499267578
14253,-3.5155417919158936
14254,-3.2787089347839355
14255,-2.9203691482543945
14256,-4.1054368019104
14257,-3.223773241043091
14258,-3.2286300659179688
14259,-2.725992202758789
14260,-4.577371120452881
14261,-3.6657421588897705
14262,-3.4220166206359863
14263,-3.241237163543701
14264,-3.2103493213653564
14265,-2.6687183380126953
14266,-2.7161781787872314
14267,-2.5316097736358643
14268,-3.687671184539795
14269,-3.364198923110962
14270,-3.1578776836395264
14271,-3.0328102111816406
14272,-4.367733001708984
14273,-3.8679580688476562
14274,-3.0966522693634033
14275,-2.6684672832489014
14276,-4.545009136199951
14277,-3.683607816696167
14278,-3.5296943187713623
14279,-3.1366424560546875
14280,-4.0979743003845215
14281,-3.3142287731170654
14282,-3.0663440227508545
14283,-2.7996206283569336
14284,-4.974285125732422
14285,-4.94268274307251
14286,-4.0942702293396
14287,-3.7533280849456787
14288,-4.194822788238525
14289,-3.62172794342041
14290,-2.865633487701416
14291,-2.792590379714966
14292,-4.60210657119751
14293,-3.4611637592315674
14294,-3.364337205886841
14295,-3.1075246334075928
14296,-3.0786964893341064
14297,-2.906440258026123
14298,-2.6114368438720703
14299,-2.6770763397216797
14300,-3.5747430324554443
14301,-3.321995258331299
14302,-2.925367832183838
14303,-2.988586187362671
14304,-4.240303993225098
14305,-3.492051839828491
14306,-3.3283746242523193
14307,-2.936166524887085
14308,-3.9506585597991943
14309,-3.158923625946045
14310,-3.334200143814087
14311,-3.090291976928711
14312,-4.118159770965576
14313,-3.6049511432647705
14314,-2.871936321258545
14315,-2.4909567832946777
14316,-4.78727388381958
14317,-4.446377277374268
14318,-3.739189863204956
14319,-3.3153696060180664
14320,-3.6019163131713867
14321,-2.6789066791534424
14322,-2.9410102367401123
14323,-2.613861322402954
14324,-4.265700340270996
14325,-3.2892119884490967
14326,-3.4437954425811768
14327,-3.090937614440918
14328,-3.879549503326416
14329,-3.0490832328796387
14330,-3.0730438232421875
14331,-2.750673770904541
14332,-4.486865997314453
14333,-3.774651288986206
14334,-3.7789151668548584
14335,-3.4183895587921143
14336,-3.5711212158203125
14337,-3.5124192237854004
14338,-2.5393567085266113
14339,-2.7007193565368652
14340,-4.0181474685668945
14341,-3.717837333679199
14342,-3.428884506225586
14343,-3.425872325897217
14344,-2.9520680904388428
14345,-2.5147509574890137
14346,-2.500551462173462
14347,-2.3139731884002686
14348,-3.91582989692688
14349,-3.4652647972106934
14350,-3.2565274238586426
14351,-2.9973676204681396
14352,-4.1400041580200195
14353,-3.542187213897705
14354,-3.433581590652466
14355,-3.3210573196411133
14356,-5.210502624511719
14357,-4.617435455322266
14358,-3.904313802719116
14359,-3.8235294818878174
14360,-4.669595241546631
14361,-3.908245086669922
14362,-3.7143988609313965
14363,-3.629133939743042
14364,-4.952433109283447
14365,-4.079823970794678
14366,-3.668128252029419
14367,-3.5972251892089844
14368,-4.633545398712158
14369,-3.904224395751953
14370,-3.46606707572937
14371,-3.208042860031128
14372,-5.173187255859375
14373,-4.020834445953369
14374,-3.7886178493499756
14375,-3.5600850582122803
14376,-4.271428108215332
14377,-3.256063222885132
14378,-3.151299238204956
14379,-2.8430020809173584
14380,-4.828886032104492
14381,-3.9326202869415283
14382,-3.7229979038238525
14383,-3.3831210136413574
14384,-4.2090630531311035
14385,-3.898590087890625
14386,-3.377781629562378
14387,-3.1216232776641846
14388,-4.884783744812012
14389,-3.9125354290008545
14390,-3.8020763397216797
14391,-3.4934308528900146
14392,-3.380744218826294
14393,-3.0661563873291016
14394,-2.797981023788452
14395,-2.761115074157715
14396,-4.072831153869629
14397,-3.6944825649261475
14398,-3.42279314994812
14399,-3.254899024963379
14400,-3.42332124710083
14401,-2.7876293659210205
14402,-2.751753807067871
14403,-2.504856586456299
14404,-4.038503170013428
14405,-3.946136474609375
14406,-3.1984503269195557
14407,-3.0196821689605713
14408,-4.256962299346924
14409,-4.17959451675415
14410,-3.3712716102600098
14411,-3.096984624862671
14412,-4.4635210037231445
14413,-3.6684162616729736
14414,-3.523923873901367
14415,-3.095655918121338
14416,-4.569092273712158
14417,-3.3441247940063477
14418,-3.2489609718322754
14419,-2.6811928749084473
14420,-4.921879291534424
14421,-4.413740634918213
14422,-4.105323314666748
14423,-3.524073362350464
14424,-4.25382137298584
14425,-3.0810437202453613
14426,-3.1510958671569824
14427,-2.6710364818573
14428,-4.362575531005859
14429,-3.541149616241455
14430,-3.656491279602051
14431,-3.207603693008423
14432,-3.872472047805786
14433,-3.2992026805877686
14434,-2.9570882320404053
14435,-2.7705345153808594
14436,-3.5870046615600586
14437,-3.1059722900390625
14438,-3.1224234104156494
14439,-2.904937744140625
14440,-3.8570072650909424
14441,-3.3313825130462646
14442,-2.966226577758789
14443,-2.7705788612365723
14444,-3.7751715183258057
14445,-3.477025270462036
14446,-3.085653066635132
14447,-2.9095535278320312
14448,-3.3644964694976807
14449,-2.629119634628296
14450,-2.6887168884277344
14451,-2.3004894256591797
14452,-3.9159724712371826
14453,-3.6637113094329834
14454,-3.1210222244262695
14455,-2.766968011856079
14456,-4.057925701141357
14457,-4.786665439605713
14458,-3.019303321838379
14459,-3.340848445892334
14460,-4.4915242195129395
14461,-4.832722187042236
14462,-3.6100497245788574
14463,-3.6587817668914795
14464,-3.8324809074401855
14465,-3.9336421489715576
14466,-2.9714436531066895
14467,-2.9602537155151367
14468,-4.428532600402832
14469,-3.7226176261901855
14470,-3.1585965156555176
14471,-3.1908180713653564
14472,-3.539222240447998
14473,-3.249110460281372
14474,-2.9488916397094727
14475,-2.820016384124756
14476,-4.501628398895264
14477,-3.864938497543335
14478,-3.6673712730407715
14479,-3.480553388595581
14480,-4.0411577224731445
14481,-3.428814649581909
14482,-3.160078763961792
14483,-3.0686659812927246
14484,-4.4756855964660645
14485,-4.36005973815918
14486,-3.7197749614715576
14487,-3.6801702976226807
14488,-3.7979061603546143
14489,-3.5001060962677
14490,-2.929656982421875
14491,-2.5366907119750977
14492,-4.246899604797363
14493,-3.5650649070739746
14494,-3.732734203338623
14495,-3.3299264907836914
14496,-4.748563766479492
14497,-3.8042678833007812
14498,-3.5804245471954346
14499,-3.1889915466308594
14500,-4.496054172515869
14501,-3.904576539993286
14502,-3.634655714035034
14503,-3.382427215576172
14504,-4.178926467895508
14505,-3.6257846355438232
14506,-3.145491361618042
14507,-3.2674169540405273
14508,-3.766676664352417
14509,-3.3207767009735107
14510,-3.2838099002838135
14511,-3.175239086151123
14512,-3.9051315784454346
14513,-3.4777486324310303
14514,-3.002948760986328
14515,-2.948803424835205
14516,-4.6462626457214355
14517,-4.294792652130127
14518,-3.594717264175415
14519,-3.523587226867676
14520,-4.018218517303467
14521,-3.6382434368133545
14522,-3.178668737411499
14523,-2.843341588973999
14524,-4.602608680725098
14525,-3.749368906021118
14526,-3.6433894634246826
14527,-3.2746095657348633
14528,-4.183538913726807
14529,-3.262805938720703
14530,-3.0981504917144775
14531,-2.6198127269744873
14532,-3.9272143840789795
14533,-3.3248953819274902
14534,-3.2489421367645264
14535,-2.8748695850372314
14536,-3.8377580642700195
14537,-3.8360512256622314
14538,-3.1678762435913086
14539,-3.1125361919403076
14540,-4.073931694030762
14541,-3.458346366882324
14542,-3.3532462120056152
14543,-3.178774833679199
14544,-4.586487770080566
14545,-3.874784231185913
14546,-3.6375036239624023
14547,-3.562051296234131
14548,-4.611872673034668
14549,-4.125491619110107
14550,-3.6796185970306396
14551,-3.586285352706909
14552,-4.558300018310547
14553,-3.4847142696380615
14554,-3.231576442718506
14555,-2.873055934906006
14556,-4.495907783508301
14557,-3.6849355697631836
14558,-3.392677068710327
14559,-3.099858283996582
14560,-3.6825172901153564
14561,-3.41758131980896
14562,-2.9988064765930176
14563,-2.8282201290130615
14564,-4.568943023681641
14565,-5.179049015045166
14566,-3.651516914367676
14567,-3.5854945182800293
14568,-3.521864414215088
14569,-2.9450559616088867
14570,-2.997745990753174
14571,-2.7246901988983154
14572,-4.048557281494141
14573,-3.5678608417510986
14574,-3.279788017272949
14575,-2.862412929534912
14576,-4.253252983093262
14577,-4.139331340789795
14578,-3.013617753982544
14579,-2.9692516326904297
14580,-4.423693656921387
14581,-4.155627727508545
14582,-3.35725474357605
14583,-3.529649496078491
14584,-3.879699468612671
14585,-2.981384754180908
14586,-3.2101011276245117
14587,-2.8290600776672363
14588,-3.7730863094329834
14589,-3.9692769050598145
14590,-3.41544246673584
14591,-2.9824647903442383
14592,-3.525423526763916
14593,-2.674470901489258
14594,-2.7484633922576904
14595,-2.3570544719696045
14596,-3.627534866333008
14597,-2.89680552482605
14598,-3.325385093688965
14599,-2.8148059844970703
14600,-4.004171371459961
14601,-3.6078011989593506
14602,-2.854069471359253
14603,-2.5449278354644775
14604,-4.572671890258789
14605,-3.8338735103607178
14606,-3.677321434020996
14607,-3.245817184448242
14608,-3.483163833618164
14609,-2.726323366165161
14610,-3.052894353866577
14611,-2.711989402770996
14612,-4.819606781005859
14613,-3.7507455348968506
14614,-3.5961310863494873
14615,-3.0883989334106445
14616,-3.881451368331909
14617,-2.8932294845581055
14618,-3.3120784759521484
14619,-2.8713643550872803
14620,-4.682175159454346
14621,-3.945253849029541
14622,-3.9319655895233154
14623,-3.487610340118408
14624,-3.759114980697632
14625,-2.7335546016693115
14626,-3.0719265937805176
14627,-2.619389295578003
14628,-4.535428047180176
14629,-3.909555435180664
14630,-3.472503423690796
14631,-3.035032272338867
14632,-4.71400260925293
14633,-3.406832456588745
14634,-3.022536516189575
14635,-2.6064295768737793
14636,-4.552964687347412
14637,-3.185321569442749
14638,-3.3744711875915527
14639,-2.8864424228668213
14640,-4.03419303894043
14641,-2.825434446334839
14642,-3.150456190109253
14643,-2.654451370239258
14644,-5.099909782409668
14645,-3.723689079284668
14646,-4.193061828613281
14647,-3.5929532051086426
14648,-3.0872955322265625
14649,-2.565826416015625
14650,-2.307858943939209
14651,-2.3703269958496094
14652,-3.662487745285034
14653,-3.476952075958252
14654,-2.9660606384277344
14655,-3.054971218109131
14656,-3.4444758892059326
14657,-3.09474515914917
14658,-2.695993423461914
14659,-2.6970105171203613
14660,-4.404924392700195
14661,-4.179566383361816
14662,-3.6259024143218994
14663,-3.6688382625579834
14664,-5.1356964111328125
14665,-4.481385231018066
14666,-4.265530586242676
14667,-3.608893871307373
14668,-5.2853193283081055
14669,-4.003907680511475
14670,-4.208296298980713
14671,-3.555734634399414
14672,-5.0582475662231445
14673,-3.7357125282287598
14674,-3.884889602661133
14675,-3.1626338958740234
14676,-5.335642337799072
14677,-4.178853511810303
14678,-4.154870510101318
14679,-3.431511640548706
14680,-3.8722097873687744
14681,-2.9331719875335693
14682,-3.0566792488098145
14683,-2.5679643154144287
14684,-4.507194519042969
14685,-3.5464651584625244
14686,-3.475370168685913
14687,-3.062197208404541
14688,-4.035764694213867
14689,-3.8386058807373047
14690,-3.003993272781372
14691,-2.8780925273895264
14692,-4.908857345581055
14693,-3.5649185180664062
14694,-3.5929689407348633
14695,-3.2784159183502197
14696,-4.145488262176514
14697,-3.210707426071167
14698,-3.052488327026367
14699,-2.6913676261901855
14700,-4.845999240875244
14701,-4.255159378051758
14702,-3.756767988204956
14703,-3.5299673080444336
14704,-3.7339565753936768
14705,-2.9304356575012207
14706,-2.9644412994384766
14707,-2.5713443756103516
14708,-4.438749313354492
14709,-3.667998790740967
14710,-3.4340808391571045
14711,-3.076441526412964
14712,-3.6397857666015625
14713,-2.828195095062256
14714,-2.9313673973083496
14715,-2.529665470123291
14716,-4.276112079620361
14717,-3.472555637359619
14718,-3.330108165740967
14719,-2.9485435485839844
14720,-3.9930953979492188
14721,-3.209094285964966
14722,-3.168656826019287
14723,-2.8373897075653076
14724,-4.328900337219238
14725,-3.556647539138794
14726,-3.42883038520813
14727,-2.977325201034546
14728,-3.434741258621216
14729,-3.0156171321868896
14730,-2.798642873764038
14731,-2.601630687713623
14732,-4.418788433074951
14733,-3.6340999603271484
14734,-3.467630386352539
14735,-3.263563871383667
14736,-3.5070347785949707
14737,-3.0483455657958984
14738,-2.9382970333099365
14739,-2.7072675228118896
14740,-4.418788433074951
14741,-3.6340999603271484
14742,-3.467630386352539
14743,-3.263563871383667
14744,-3.781047821044922
14745,-3.387934684753418
14746,-2.9742276668548584
14747,-2.7913050651550293
14748,-4.11276912689209
14749,-3.491107702255249
14750,-3.1906628608703613
14751,-3.0535690784454346
14752,-4.373775005340576
14753,-2.635366916656494
14754,-3.6291821002960205
14755,-2.565354824066162
14756,-4.566049098968506
14757,-3.3891849517822266
14758,-3.3547821044921875
14759,-2.4994618892669678
14760,-3.9668877124786377
14761,-3.1622533798217773
14762,-3.377779245376587
14763,-2.826406478881836
14764,-5.214951515197754
14765,-4.297679424285889
14766,-3.7754714488983154
14767,-3.1610050201416016
14768,-4.292909145355225
14769,-3.523991346359253
14770,-3.1104607582092285
14771,-2.935431718826294
14772,-4.101794242858887
14773,-3.497356414794922
14774,-3.298964738845825
14775,-3.111910820007324
14776,-3.2664291858673096
14777,-2.6227028369903564
14778,-2.6803019046783447
14779,-2.467116355895996
14780,-4.532508373260498
14781,-3.676218271255493
14782,-3.441831350326538
14783,-3.2178969383239746
14784,-3.1571640968322754
14785,-2.4538097381591797
14786,-2.4484755992889404
14787,-2.2911763191223145
14788,-4.1967902183532715
14789,-3.592695713043213
14790,-3.498208999633789
14791,-3.2364845275878906
14792,-4.749598503112793
14793,-3.4224069118499756
14794,-3.5495681762695312
14795,-2.8795852661132812
14796,-5.069118499755859
14797,-4.308387756347656
14798,-4.13995361328125
14799,-3.5800933837890625
14800,-4.074605941772461
14801,-3.7889015674591064
14802,-2.8500914573669434
14803,-3.0524799823760986
14804,-4.6183180809021
14805,-3.9067375659942627
14806,-3.3974266052246094
14807,-3.5321879386901855
14808,-4.120553016662598
14809,-4.839725494384766
14810,-3.3793044090270996
14811,-3.524209976196289
14812,-4.02777099609375
14813,-3.8035895824432373
14814,-3.05036997795105
14815,-3.232255458831787
14816,-3.563669443130493
14817,-3.4714183807373047
14818,-2.825864553451538
14819,-2.953202724456787
14820,-3.9636662006378174
14821,-5.137973785400391
14822,-3.535876512527466
14823,-3.7187724113464355
14824,-3.747781753540039
14825,-3.168097734451294
14826,-3.1423728466033936
14827,-3.022597551345825
14828,-3.9956791400909424
14829,-3.6109931468963623
14830,-3.3324484825134277
14831,-3.3413217067718506
14832,-4.438144207000732
14833,-3.728337049484253
14834,-3.3972060680389404
14835,-3.332394599914551
14836,-4.853458881378174
14837,-5.325372219085693
14838,-3.4599838256835938
14839,-3.5793728828430176
14840,-4.312672138214111
14841,-3.6861746311187744
14842,-3.1671142578125
14843,-2.996901750564575
14844,-4.212255001068115
14845,-4.27147912979126
14846,-3.363844633102417
14847,-3.2952070236206055
14848,-3.217909574508667
14849,-2.761138677597046
14850,-2.7325828075408936
14851,-2.614504337310791
14852,-3.510061025619507
14853,-2.9348013401031494
14854,-3.098759412765503
14855,-2.956432342529297
14856,-3.706698417663574
14857,-3.4067704677581787
14858,-3.0848093032836914
14859,-2.9824557304382324
14860,-4.0701680183410645
14861,-3.967013359069824
14862,-3.556334972381592
14863,-3.4396557807922363
14864,-3.3911819458007812
14865,-3.16255521774292
14866,-2.7998571395874023
14867,-2.7842471599578857
14868,-4.0253143310546875
14869,-3.606388568878174
14870,-3.1513209342956543
14871,-3.150425672531128
14872,-4.244181156158447
14873,-3.640645742416382
14874,-2.886209487915039
14875,-2.4631752967834473
14876,-4.96243143081665
14877,-3.627993583679199
14878,-3.7861135005950928
14879,-3.228954792022705
14880,-4.580306053161621
14881,-3.518822431564331
14882,-3.231288433074951
14883,-2.867851972579956
14884,-4.791794776916504
14885,-3.7291977405548096
14886,-3.6736178398132324
14887,-3.239243507385254
14888,-3.970174551010132
14889,-2.817944049835205
14890,-3.3195221424102783
14891,-2.761530876159668
14892,-5.002734184265137
14893,-4.445650100708008
14894,-3.3088557720184326
14895,-2.90911865234375
14896,-3.4925625324249268
14897,-2.4864444732666016
14898,-3.105719566345215
14899,-2.5690464973449707
14900,-4.40366268157959
14901,-3.3264217376708984
14902,-3.530588150024414
14903,-3.0420591831207275
14904,-3.615659713745117
14905,-3.488384962081909
14906,-2.7427940368652344
14907,-2.7928683757781982
14908,-4.44717264175415
14909,-4.731468677520752
14910,-3.4372458457946777
14911,-3.5530402660369873
14912,-3.5361971855163574
14913,-3.3910953998565674
14914,-2.7279040813446045
14915,-2.777848243713379
14916,-4.284620761871338
14917,-3.876127004623413
14918,-3.2989087104797363
14919,-3.424802780151367
14920,-4.033060073852539
14921,-3.3593101501464844
14922,-2.8538434505462646
14923,-2.657510757446289
14924,-4.35912561416626
14925,-3.9064338207244873
14926,-3.319988250732422
14927,-2.9777345657348633
14928,-4.146543979644775
14929,-3.627814769744873
14930,-3.0420920848846436
14931,-2.925022602081299
14932,-4.5034918785095215
14933,-3.7759311199188232
14934,-3.5700881481170654
14935,-3.315490245819092
14936,-3.400786876678467
14937,-2.7839112281799316
14938,-2.575458526611328
14939,-2.37721586227417
14940,-3.850578784942627
14941,-3.5077340602874756
14942,-3.1350278854370117
14943,-3.006782293319702
14944,-3.744968891143799
14945,-3.187633991241455
14946,-2.924588680267334
14947,-2.7553491592407227
14948,-4.064137935638428
14949,-4.7606120109558105
14950,-3.702030897140503
14951,-3.4544663429260254
14952,-3.6994197368621826
14953,-3.3640737533569336
14954,-3.2049834728240967
14955,-2.861651659011841
14956,-4.9626007080078125
14957,-3.951995611190796
14958,-3.7738635540008545
14959,-3.492938995361328
14960,-3.46954607963562
14961,-3.2310516834259033
14962,-2.5747478008270264
14963,-2.6133010387420654
14964,-3.8536581993103027
14965,-3.6422832012176514
14966,-3.0571584701538086
14967,-3.1059417724609375
14968,-4.051488399505615
14969,-3.229268789291382
14970,-2.901426315307617
14971,-2.6403274536132812
14972,-5.851507186889648
14973,-5.551206588745117
14974,-3.737398624420166
14975,-3.410804510116577
14976,-3.8521571159362793
14977,-3.2020745277404785
14978,-3.048210859298706
14979,-2.7824630737304688
14980,-4.58965539932251
14981,-3.8848819732666016
14982,-3.716625213623047
14983,-3.396329879760742
14984,-2.993217945098877
14985,-3.6657395362854004
14986,-2.516695976257324
14987,-2.6649765968322754
14988,-3.2671749591827393
14989,-3.4305920600891113
14990,-2.982663154602051
14991,-3.1077733039855957
14992,-3.9647462368011475
14993,-3.359935760498047
14994,-3.000603675842285
14995,-2.760336399078369
14996,-4.112104892730713
14997,-4.193609714508057
14998,-3.370944023132324
14999,-3.2555909156799316
15000,-3.412642002105713
15001,-3.3440475463867188
15002,-2.842430830001831
15003,-2.8750503063201904
15004,-4.160816192626953
15005,-3.9412777423858643
15006,-3.163747549057007
15007,-3.2930126190185547
15008,-3.4224777221679688
15009,-4.02376651763916
15010,-2.9322144985198975
15011,-3.037067413330078
15012,-3.94706392288208
15013,-3.9470300674438477
15014,-3.226774215698242
15015,-3.3429343700408936
15016,-3.482602596282959
15017,-2.8741707801818848
15018,-2.6215505599975586
15019,-2.3710906505584717
15020,-4.284299373626709
15021,-4.5944342613220215
15022,-3.2936179637908936
15023,-3.073169708251953
15024,-4.001591682434082
15025,-3.1100192070007324
15026,-3.370415449142456
15027,-2.972604274749756
15028,-5.02739953994751
15029,-4.036989212036133
15030,-3.892916202545166
15031,-3.4519567489624023
15032,-3.481022357940674
15033,-2.9072086811065674
15034,-2.728240489959717
15035,-2.419501304626465
15036,-3.4302351474761963
15037,-2.9154293537139893
15038,-3.1861469745635986
15039,-2.946539878845215
15040,-4.181199550628662
15041,-3.2084786891937256
15042,-3.2277514934539795
15043,-2.711188793182373
15044,-4.6097564697265625
15045,-3.453389883041382
15046,-3.439971446990967
15047,-2.9201927185058594
15048,-3.715925931930542
15049,-2.8947865962982178
15050,-2.9588491916656494
15051,-2.490248680114746
15052,-4.754905700683594
15053,-3.6769981384277344
15054,-3.619271755218506
15055,-3.0826213359832764
15056,-3.3584303855895996
15057,-3.295931577682495
15058,-2.6162972450256348
15059,-2.5665316581726074
15060,-3.71718168258667
15061,-3.4160847663879395
15062,-2.8973729610443115
15063,-2.932375907897949
15064,-3.343169689178467
15065,-2.6564579010009766
15066,-2.656784772872925
15067,-2.3576135635375977
15068,-4.424341678619385
15069,-3.4447402954101562
15070,-3.2429442405700684
15071,-2.8829708099365234
15072,-3.637263536453247
15073,-2.7689902782440186
15074,-2.826638698577881
15075,-2.472930669784546
15076,-4.136299133300781
15077,-3.722299575805664
15078,-3.326098680496216
15079,-3.033200740814209
15080,-3.8809964656829834
15081,-3.4230291843414307
15082,-3.3400063514709473
15083,-2.9158413410186768
15084,-4.173388957977295
15085,-3.329771041870117
15086,-3.2434957027435303
15087,-2.977832555770874
15088,-3.599839925765991
15089,-2.7649619579315186
15090,-2.8183705806732178
15091,-2.5211539268493652
15092,-3.9595062732696533
15093,-3.699406385421753
15094,-3.363544225692749
15095,-3.035651206970215
15096,-4.2261199951171875
15097,-3.3688902854919434
15098,-3.44258189201355
15099,-3.122239589691162
15100,-4.173388957977295
15101,-3.329771041870117
15102,-3.2434957027435303
15103,-2.977832555770874
15104,-4.161214828491211
15105,-3.077181100845337
15106,-2.9347963333129883
15107,-2.451293706893921
15108,-5.186426639556885
15109,-3.9145500659942627
15110,-3.9379525184631348
15111,-3.4174964427948
15112,-2.9156153202056885
15113,-2.7817189693450928
15114,-2.4348669052124023
15115,-2.4695606231689453
15116,-3.691265106201172
15117,-3.5037543773651123
15118,-3.147604465484619
15119,-3.095344066619873
15120,-3.583733081817627
15121,-2.5972087383270264
15122,-2.8577499389648438
15123,-2.2938992977142334
15124,-3.937983989715576
15125,-3.1336684226989746
15126,-3.3862743377685547
15127,-2.8246304988861084
15128,-3.7576255798339844
15129,-2.956217050552368
15130,-3.074908494949341
15131,-2.7698469161987305
15132,-5.359234809875488
15133,-5.057150840759277
15134,-3.9936435222625732
15135,-3.735339641571045
15136,-3.9780259132385254
15137,-3.0471999645233154
15138,-3.1683759689331055
15139,-2.8184690475463867
15140,-4.447115898132324
15141,-4.280958652496338
15142,-3.5941789150238037
15143,-3.392995595932007
15144,-4.150518417358398
15145,-3.35642671585083
15146,-3.241697311401367
15147,-2.8353519439697266
15148,-4.449368000030518
15149,-3.667419910430908
15150,-3.5649876594543457
15151,-3.1812798976898193
15152,-3.942509412765503
15153,-3.1140060424804688
15154,-2.8651301860809326
15155,-2.4937350749969482
15156,-4.764697551727295
15157,-4.616330623626709
15158,-3.6198856830596924
15159,-3.155463218688965
15160,-3.847515106201172
15161,-2.932788848876953
15162,-2.8408985137939453
15163,-2.49531888961792
15164,-4.724771499633789
15165,-4.75319766998291
15166,-3.4183430671691895
15167,-3.130221128463745
15168,-3.3725686073303223
15169,-3.0963850021362305
15170,-2.5593245029449463
15171,-2.5655789375305176
15172,-3.7622363567352295
15173,-3.5620102882385254
15174,-3.043485164642334
15175,-3.1559159755706787
15176,-3.913330078125
15177,-3.477530002593994
15178,-3.0342822074890137
15179,-2.730741024017334
15180,-4.877007961273193
15181,-3.8350558280944824
15182,-3.7150046825408936
15183,-3.4685652256011963
15184,-3.8770294189453125
15185,-3.3779282569885254
15186,-2.7415199279785156
15187,-2.3933942317962646
15188,-4.387895584106445
15189,-3.382481336593628
15190,-3.5166826248168945
15191,-3.173125743865967
15192,-3.8371105194091797
15193,-2.7895009517669678
15194,-3.3265459537506104
15195,-2.809114694595337
15196,-4.8115668296813965
15197,-3.6862564086914062
15198,-3.5121798515319824
15199,-3.163602828979492
15200,-3.1696581840515137
15201,-2.7549192905426025
15202,-2.409050941467285
15203,-2.376333713531494
15204,-4.262847423553467
15205,-3.997756242752075
15206,-3.4503097534179688
15207,-3.404345989227295
15208,-3.9018826484680176
15209,-3.654860734939575
15210,-2.99150013923645
15211,-2.994055986404419
15212,-4.332368850708008
15213,-4.431027889251709
15214,-3.3348259925842285
15215,-3.280488967895508
15216,-3.622366189956665
15217,-3.257239818572998
15218,-2.835524320602417
15219,-2.8154494762420654
15220,-3.7944772243499756
15221,-3.3982772827148438
15222,-3.0266265869140625
15223,-3.079845428466797
15224,-3.2266082763671875
15225,-3.0853607654571533
15226,-2.7822699546813965
15227,-2.7876079082489014
15228,-3.594970703125
15229,-3.0958492755889893
15230,-2.904235363006592
15231,-2.842712879180908
15232,-3.668334484100342
15233,-2.996699333190918
15234,-3.0365493297576904
15235,-2.71142578125
15236,-4.569573402404785
15237,-3.496558904647827
15238,-3.621727705001831
15239,-3.099656105041504
15240,-3.8546454906463623
15241,-3.0472233295440674
15242,-3.0376806259155273
15243,-2.735936403274536
15244,-5.117583751678467
15245,-3.9377121925354004
15246,-3.991399049758911
15247,-3.5335280895233154
15248,-3.5641305446624756
15249,-2.9557273387908936
15250,-2.923264265060425
15251,-2.6404528617858887
15252,-4.2702155113220215
15253,-3.4782330989837646
15254,-3.8411357402801514
15255,-3.502406358718872
15256,-3.1390092372894287
15257,-2.5296695232391357
15258,-2.5613889694213867
15259,-2.4113705158233643
15260,-3.1041476726531982
15261,-3.109684705734253
15262,-2.487370014190674
15263,-2.557563066482544
15264,-3.4990458488464355
15265,-2.717541456222534
15266,-2.9579856395721436
15267,-2.730891466140747
15268,-3.9628896713256836
15269,-3.297889232635498
15270,-3.16746187210083
15271,-2.984614610671997
15272,-3.546755313873291
15273,-3.4768218994140625
15274,-2.585369825363159
15275,-2.859172821044922
15276,-3.32332181930542
15277,-3.193627119064331
15278,-2.8035874366760254
15279,-3.0338194370269775
15280,-3.498300313949585
15281,-4.206152439117432
15282,-2.9841630458831787
15283,-3.2265584468841553
15284,-3.9893925189971924
15285,-3.693955898284912
15286,-3.2447800636291504
15287,-3.440138816833496
15288,-3.4343602657318115
15289,-3.263678550720215
15290,-2.8716442584991455
15291,-3.046462059020996
15292,-3.9653079509735107
15293,-3.669881820678711
15294,-3.111431837081909
15295,-3.436746597290039
15296,-3.2974300384521484
15297,-3.8667008876800537
15298,-2.7614948749542236
15299,-2.9633469581604004
15300,-4.004178524017334
15301,-3.78471040725708
15302,-3.260922431945801
15303,-3.5621464252471924
15304,-4.193656921386719
15305,-3.63348650932312
15306,-3.07382869720459
15307,-3.3206706047058105
15308,-3.5262153148651123
15309,-3.512526273727417
15310,-2.9667811393737793
15311,-3.208033561706543
15312,-3.1149203777313232
15313,-2.5219478607177734
15314,-2.619891405105591
15315,-2.249009132385254
15316,-4.147091865539551
15317,-3.430220127105713
15318,-3.4918437004089355
15319,-3.018216371536255
15320,-3.5490009784698486
15321,-2.7776734828948975
15322,-2.8218531608581543
15323,-2.6222753524780273
15324,-4.285237789154053
15325,-3.7077202796936035
15326,-3.451613664627075
15327,-3.27046537399292
15328,-3.719003200531006
15329,-3.1992480754852295
15330,-3.145353078842163
15331,-2.9467122554779053
15332,-4.286416530609131
15333,-3.9832963943481445
15334,-3.757744550704956
15335,-3.778502941131592
15336,-3.367687940597534
15337,-2.9878571033477783
15338,-2.617121696472168
15339,-2.5037965774536133
15340,-3.51243257522583
15341,-3.0777981281280518
15342,-2.8433923721313477
15343,-2.667940139770508
15344,-4.110910415649414
15345,-2.9967687129974365
15346,-3.332242488861084
15347,-2.8280961513519287
15348,-4.810830116271973
15349,-4.110962867736816
15350,-3.9441640377044678
15351,-3.730569362640381
15352,-4.172008037567139
15353,-3.4394242763519287
15354,-3.065220355987549
15355,-2.7640113830566406
15356,-4.381565570831299
15357,-3.8398616313934326
15358,-3.202266216278076
15359,-3.0770156383514404
15360,-3.6663777828216553
15361,-3.5088486671447754
15362,-2.7384674549102783
15363,-2.997654676437378
15364,-3.8506953716278076
15365,-3.574336051940918
15366,-3.3308451175689697
15367,-3.343245506286621
15368,-3.957585334777832
15369,-3.975616455078125
15370,-2.98287296295166
15371,-3.353956460952759
15372,-3.9132606983184814
15373,-3.9940261840820312
15374,-2.970646858215332
15375,-3.372407913208008
15376,-3.642259359359741
15377,-4.017829418182373
15378,-2.9010274410247803
15379,-3.4480080604553223
15380,-3.74660325050354
15381,-3.5543553829193115
15382,-2.782162666320801
15383,-3.1764402389526367
15384,-4.387547016143799
15385,-3.25530743598938
15386,-3.0381669998168945
15387,-2.555821180343628
15388,-5.099680423736572
15389,-4.525204181671143
15390,-3.8856964111328125
15391,-3.337200164794922
15392,-3.8490447998046875
15393,-3.5027084350585938
15394,-2.886295795440674
15395,-3.0736312866210938
15396,-3.8380846977233887
15397,-4.242956638336182
15398,-3.175448417663574
15399,-3.2194132804870605
15400,-3.7584757804870605
15401,-3.3379719257354736
15402,-2.7393405437469482
15403,-2.7517032623291016
15404,-3.7688724994659424
15405,-3.166015625
15406,-3.0038387775421143
15407,-2.9941484928131104
15408,-3.791893482208252
15409,-3.567946672439575
15410,-2.846113920211792
15411,-2.836697578430176
15412,-4.483200550079346
15413,-3.9040744304656982
15414,-3.4847657680511475
15415,-3.3294637203216553
15416,-3.540041446685791
15417,-3.2904040813446045
15418,-2.9283063411712646
15419,-2.91845965385437
15420,-4.543254375457764
15421,-4.074294567108154
15422,-3.684058427810669
15423,-3.5293655395507812
15424,-3.7048747539520264
15425,-3.216341018676758
15426,-2.9109408855438232
15427,-2.6516008377075195
15428,-4.574450969696045
15429,-3.871453046798706
15430,-3.77628231048584
15431,-3.340179443359375
15432,-3.980175495147705
15433,-3.0303328037261963
15434,-3.135272741317749
15435,-2.8494627475738525
15436,-4.090086460113525
15437,-3.7418200969696045
15438,-2.940941572189331
15439,-2.7570295333862305
15440,-3.908597230911255
15441,-3.833871603012085
15442,-3.0804858207702637
15443,-3.0380406379699707
15444,-4.986771583557129
15445,-4.152109622955322
15446,-3.6767737865448
15447,-3.5310580730438232
15448,-4.027536869049072
15449,-3.348378896713257
15450,-3.0012166500091553
15451,-2.790928840637207
15452,-4.677131652832031
15453,-4.123074531555176
15454,-3.609365463256836
15455,-3.526285409927368
15456,-3.820063591003418
15457,-3.3040993213653564
15458,-3.1071383953094482
15459,-2.851797580718994
15460,-3.868983507156372
15461,-3.2990689277648926
15462,-3.0511717796325684
15463,-2.92680287361145
15464,-3.400365114212036
15465,-2.8324341773986816
15466,-2.7065300941467285
15467,-2.4828500747680664
15468,-4.366633892059326
15469,-3.928851366043091
15470,-3.482649564743042
15471,-3.305910348892212
15472,-4.031479835510254
15473,-3.2566025257110596
15474,-3.0945165157318115
15475,-2.7663676738739014
15476,-4.714033603668213
15477,-4.215141296386719
15478,-3.4746694564819336
15479,-3.113629102706909
15480,-4.558389186859131
15481,-3.722400426864624
15482,-3.520902156829834
15483,-3.251893997192383
15484,-4.279869079589844
15485,-3.8106563091278076
15486,-3.6283786296844482
15487,-3.1843457221984863
15488,-4.411550045013428
15489,-3.4213812351226807
15490,-3.167386531829834
15491,-2.861419200897217
15492,-4.786352157592773
15493,-3.673103094100952
15494,-3.6712875366210938
15495,-3.0903146266937256
15496,-3.9200439453125
15497,-2.7304961681365967
15498,-3.3023600578308105
15499,-2.8084464073181152
15500,-5.045210838317871
15501,-3.731200933456421
15502,-3.6698436737060547
15503,-3.110105037689209
15504,-3.996981143951416
15505,-3.1289873123168945
15506,-3.2477428913116455
15507,-2.794154644012451
15508,-4.594855308532715
15509,-3.651427984237671
15510,-3.6344993114471436
15511,-3.0980985164642334
15512,-3.783465623855591
15513,-3.894613027572632
15514,-3.0002713203430176
15515,-2.7264461517333984
15516,-4.739150047302246
15517,-3.9572720527648926
15518,-3.8057658672332764
15519,-3.4134061336517334
15520,-3.2545292377471924
15521,-2.882589817047119
15522,-2.3427982330322266
15523,-2.368803024291992
15524,-4.224558353424072
15525,-4.6851654052734375
15526,-3.3154473304748535
15527,-3.363698959350586
15528,-3.5868561267852783
15529,-3.1871323585510254
15530,-2.6625783443450928
15531,-2.6722934246063232
15532,-4.03490686416626
15533,-3.885479688644409
15534,-3.3663413524627686
15535,-3.404766321182251
15536,-3.560988664627075
15537,-3.4245941638946533
15538,-2.746889591217041
15539,-2.7212016582489014
15540,-3.7723076343536377
15541,-3.4136791229248047
15542,-3.1438395977020264
15543,-2.9304285049438477
15544,-3.8158299922943115
15545,-3.434295415878296
15546,-2.8331241607666016
15547,-2.717180013656616
15548,-4.350770950317383
15549,-3.5291168689727783
15550,-3.4554457664489746
15551,-3.1765060424804688
15552,-3.191887140274048
15553,-2.74957275390625
15554,-2.461141347885132
15555,-2.426872730255127
15556,-4.49000883102417
15557,-3.876131296157837
15558,-3.544402837753296
15559,-3.2679035663604736
15560,-3.180026054382324
15561,-2.9028639793395996
15562,-2.5925049781799316
15563,-2.5957791805267334
15564,-3.79771089553833
15565,-3.792604446411133
15566,-3.0737767219543457
15567,-3.070279121398926
15568,-3.1237363815307617
15569,-2.8086628913879395
15570,-2.6372392177581787
15571,-2.6199493408203125
15572,-3.2744204998016357
15573,-2.993657112121582
15574,-2.750553846359253
15575,-2.753668785095215
15576,-3.254241943359375
15577,-3.1203432083129883
15578,-2.745934247970581
15579,-2.735778331756592
15580,-3.9078280925750732
15581,-3.538893938064575
15582,-3.2765543460845947
15583,-3.2019450664520264
15584,-4.202813148498535
15585,-3.3514626026153564
15586,-2.999675750732422
15587,-2.6415200233459473
15588,-4.335520267486572
15589,-3.557103395462036
15590,-3.413990020751953
15591,-2.9991819858551025
15592,-4.868049144744873
15593,-3.6061487197875977
15594,-3.4249565601348877
15595,-3.017075300216675
15596,-4.919108867645264
15597,-4.468681335449219
15598,-3.7839224338531494
15599,-3.3585453033447266
15600,-4.327683925628662
15601,-3.53121018409729
15602,-3.195068359375
15603,-3.0373029708862305
15604,-4.762199878692627
15605,-4.049617290496826
15606,-3.777468681335449
15607,-3.3981330394744873
15608,-4.099558353424072
15609,-3.727731943130493
15610,-2.943406581878662
15611,-3.04529070854187
15612,-4.640491485595703
15613,-4.030074596405029
15614,-3.4261372089385986
15615,-3.4398059844970703
15616,-2.84130597114563
15617,-2.4576752185821533
15618,-2.272289276123047
15619,-2.2582268714904785
15620,-4.143510341644287
15621,-4.186036109924316
15622,-3.174572467803955
15623,-3.1221511363983154
15624,-3.290661334991455
15625,-2.980302333831787
15626,-2.586197853088379
15627,-2.550278425216675
15628,-4.192678928375244
15629,-4.71625280380249
15630,-3.283946990966797
15631,-3.2831501960754395
15632,-2.946871280670166
15633,-2.7218077182769775
15634,-2.5609002113342285
15635,-2.546294689178467
15636,-3.9598419666290283
15637,-3.484877586364746
15638,-3.274148941040039
15639,-3.1369431018829346
15640,-3.3826937675476074
15641,-2.5730817317962646
15642,-2.5993776321411133
15643,-2.3455350399017334
15644,-4.151609897613525
15645,-3.3924217224121094
15646,-3.328188896179199
15647,-3.041278123855591
15648,-3.704087257385254
15649,-2.904534101486206
15650,-2.8397669792175293
15651,-2.555042266845703
15652,-4.140673637390137
15653,-3.18566632270813
15654,-3.1647467613220215
15655,-2.962146759033203
15656,-3.225713014602661
15657,-2.9474077224731445
15658,-2.7201642990112305
15659,-2.7333199977874756
15660,-4.359682559967041
15661,-3.9060559272766113
15662,-3.4841201305389404
15663,-3.4043290615081787
15664,-3.5812764167785645
15665,-2.8400633335113525
15666,-3.018793821334839
15667,-2.6481149196624756
15668,-4.929947853088379
15669,-4.467165470123291
15670,-3.8276188373565674
15671,-3.3744637966156006
15672,-3.7822391986846924
15673,-2.8689169883728027
15674,-2.985942840576172
15675,-2.55660080909729
15676,-4.197151184082031
15677,-3.3344457149505615
15678,-3.2455387115478516
15679,-2.7777395248413086
15680,-3.877091884613037
15681,-2.7490041255950928
15682,-3.086176872253418
15683,-2.382880687713623
15684,-5.308742523193359
15685,-3.8056657314300537
15686,-3.8331685066223145
15687,-3.489626169204712
15688,-4.171973705291748
15689,-3.1363227367401123
15690,-3.408792734146118
15691,-2.7416627407073975
15692,-5.3003387451171875
15693,-3.886599540710449
15694,-4.037327289581299
15695,-3.3682172298431396
15696,-4.11543083190918
15697,-3.330704927444458
15698,-2.941056728363037
15699,-2.7580270767211914
15700,-4.470668315887451
15701,-4.171250343322754
15702,-3.6238784790039062
15703,-3.405895948410034
15704,-3.4706666469573975
15705,-2.815868377685547
15706,-2.9502131938934326
15707,-2.7049331665039062
15708,-4.254776954650879
15709,-3.4322259426116943
15710,-3.4724173545837402
15711,-3.1516120433807373
15712,-3.879103660583496
15713,-3.096250295639038
15714,-2.811326265335083
15715,-2.5262105464935303
15716,-4.314451694488525
15717,-3.3962039947509766
15718,-3.314336061477661
15719,-3.0652337074279785
15720,-3.783721685409546
15721,-3.249624252319336
15722,-3.0730395317077637
15723,-2.8198025226593018
15724,-3.9942245483398438
15725,-3.338742971420288
15726,-3.304847002029419
15727,-3.1764016151428223
15728,-3.988603353500366
15729,-3.387968063354492
15730,-3.2060203552246094
15731,-3.0572280883789062
15732,-4.179323196411133
15733,-4.010122776031494
15734,-3.221628189086914
15735,-3.153961181640625
15736,-3.703991413116455
15737,-3.0645787715911865
15738,-3.2712810039520264
15739,-2.949920177459717
15740,-5.1158246994018555
15741,-4.343464374542236
15742,-4.086069107055664
15743,-3.6642560958862305
15744,-3.822780132293701
15745,-3.034003257751465
15746,-3.154660940170288
15747,-2.8469109535217285
15748,-4.301326274871826
15749,-3.5078752040863037
15750,-3.6694672107696533
15751,-3.429821729660034
15752,-4.509807109832764
15753,-3.7558822631835938
15754,-3.5668399333953857
15755,-3.1285600662231445
15756,-4.789736747741699
15757,-3.864992618560791
15758,-3.6239089965820312
15759,-3.25990629196167
15760,-4.908486843109131
15761,-3.398146867752075
15762,-3.6424312591552734
15763,-2.8766050338745117
15764,-4.878543376922607
15765,-3.5444540977478027
15766,-4.073909759521484
15767,-3.4249651432037354
15768,-4.498247146606445
15769,-3.0052695274353027
15770,-3.3843274116516113
15771,-2.6835315227508545
15772,-4.7034430503845215
15773,-3.637629270553589
15774,-3.9442386627197266
15775,-3.3012492656707764
15776,-4.963103294372559
15777,-3.447402238845825
15778,-3.6312415599823
15779,-2.784512996673584
15780,-4.56871223449707
15781,-3.223614454269409
15782,-3.598781108856201
15783,-2.892681837081909
15784,-3.437598466873169
15785,-3.2332510948181152
15786,-2.649372100830078
15787,-2.760591506958008
15788,-3.6542491912841797
15789,-3.494368314743042
15790,-3.166508436203003
15791,-3.3089582920074463
15792,-2.8580238819122314
15793,-2.5423684120178223
15794,-2.2285661697387695
15795,-2.373506784439087
15796,-3.7814056873321533
15797,-3.6692466735839844
15798,-2.997518539428711
15799,-3.2591428756713867
15800,-3.2564995288848877
15801,-2.491612672805786
15802,-2.4329049587249756
15803,-2.270784854888916
15804,-3.8409571647644043
15805,-3.04463267326355
15806,-3.3707919120788574
15807,-3.1035163402557373
15808,-3.5789592266082764
15809,-3.0253186225891113
15810,-2.735032558441162
15811,-2.6119861602783203
15812,-3.9818475246429443
15813,-4.116973400115967
15814,-3.12558650970459
15815,-3.032935619354248
15816,-4.037379264831543
15817,-3.1805715560913086
15818,-2.9731078147888184
15819,-2.804441213607788
15820,-4.247584819793701
15821,-3.4481711387634277
15822,-3.2851052284240723
15823,-2.9188523292541504
15824,-3.987243175506592
15825,-3.431511640548706
15826,-3.2451095581054688
15827,-2.9351346492767334
15828,-4.757315158843994
15829,-3.9990594387054443
15830,-3.8030154705047607
15831,-3.418466091156006
15832,-4.453778266906738
15833,-3.7721047401428223
15834,-3.3693740367889404
15835,-2.996103048324585
15836,-5.367887496948242
15837,-4.597478866577148
15838,-4.014727592468262
15839,-3.622533082962036
15840,-4.468101501464844
15841,-3.4332680702209473
15842,-3.2910618782043457
15843,-2.908433675765991
15844,-5.496731758117676
15845,-4.303753852844238
15846,-4.206034183502197
15847,-3.785825729370117
15848,-4.191004753112793
15849,-3.3856635093688965
15850,-3.1177282333374023
15851,-2.7744357585906982
15852,-3.8656816482543945
15853,-3.2543206214904785
15854,-3.0534791946411133
15855,-2.801480293273926
15856,-4.501475811004639
15857,-3.781048536300659
15858,-3.5747690200805664
15859,-3.354414701461792
15860,-4.728952407836914
15861,-4.229723930358887
15862,-3.609180450439453
15863,-3.4091498851776123
15864,-3.618013381958008
15865,-2.7241058349609375
15866,-2.981783628463745
15867,-2.6897730827331543
15868,-4.509449005126953
15869,-3.502445936203003
15870,-3.4941084384918213
15871,-3.077751636505127
15872,-3.9215567111968994
15873,-3.098109483718872
15874,-3.0564053058624268
15875,-2.8400661945343018
15876,-4.118795394897461
15877,-3.287475109100342
15878,-3.1383509635925293
15879,-2.927706003189087
15880,-3.7044143676757812
15881,-3.5884604454040527
15882,-3.009643077850342
15883,-2.779637575149536
15884,-4.186007022857666
15885,-3.4496092796325684
15886,-3.369598388671875
15887,-3.097747325897217
15888,-2.9788737297058105
15889,-2.452018976211548
15890,-2.516317367553711
15891,-2.4244465827941895
15892,-4.192982196807861
15893,-3.4315860271453857
15894,-3.7277772426605225
15895,-3.4830851554870605
15896,-3.7679009437561035
15897,-3.074300527572632
15898,-3.0071582794189453
15899,-2.855757713317871
15900,-4.292537212371826
15901,-3.691937208175659
15902,-3.486260175704956
15903,-3.3184971809387207
15904,-3.584749698638916
15905,-2.9189629554748535
15906,-2.907219171524048
15907,-2.7689552307128906
15908,-3.934915781021118
15909,-3.27374005317688
15910,-3.2567596435546875
15911,-3.1573894023895264
15912,-4.045775413513184
15913,-3.1899735927581787
15914,-3.0488805770874023
15915,-2.7942047119140625
15916,-4.297842502593994
15917,-3.830754041671753
15918,-3.1815788745880127
15919,-3.190462112426758
15920,-3.5622620582580566
15921,-3.1878018379211426
15922,-2.8613553047180176
15923,-2.4384765625
15924,-3.6175570487976074
15925,-2.6491892337799072
15926,-2.87933611869812
15927,-2.387399435043335
15928,-3.957872152328491
15929,-2.8789243698120117
15930,-2.907892942428589
15931,-2.4137370586395264
15932,-4.384406566619873
15933,-3.971564531326294
15934,-3.1536500453948975
15935,-2.662916421890259
15936,-3.2805116176605225
15937,-3.5655229091644287
15938,-2.7320687770843506
15939,-2.6895785331726074
15940,-3.9627304077148438
15941,-3.9995200634002686
15942,-3.3648319244384766
15943,-3.4154815673828125
15944,-3.5080413818359375
15945,-3.31764554977417
15946,-2.7104525566101074
15947,-2.7121098041534424
15948,-3.7108564376831055
15949,-3.442056179046631
15950,-3.353426933288574
15951,-3.366957664489746
15952,-3.663033962249756
15953,-3.322221279144287
15954,-2.772312641143799
15955,-2.736135482788086
15956,-3.8058369159698486
15957,-3.3183960914611816
15958,-2.9696383476257324
15959,-2.8670883178710938
15960,-4.779506683349609
15961,-3.51275897026062
15962,-3.6196768283843994
15963,-2.9276137351989746
15964,-4.895384311676025
15965,-3.914649724960327
15966,-3.9676437377929688
15967,-3.3148257732391357
15968,-4.734564304351807
15969,-3.307509183883667
15970,-3.4330577850341797
15971,-2.717829465866089
15972,-4.870339870452881
15973,-3.5789616107940674
15974,-4.304161071777344
15975,-3.6958272457122803
15976,-3.8865883350372314
15977,-3.2722339630126953
15978,-3.0725650787353516
15979,-2.8825461864471436
15980,-4.623591899871826
15981,-4.62639856338501
15982,-3.8043715953826904
15983,-3.5575168132781982
15984,-3.87646484375
15985,-4.169243335723877
15986,-3.412297248840332
15987,-3.0368964672088623
15988,-4.856172561645508
15989,-4.626339435577393
15990,-3.8038151264190674
15991,-3.477235794067383
15992,-3.8230831623077393
15993,-2.8199591636657715
15994,-2.834974527359009
15995,-2.5113322734832764
15996,-4.075520992279053
15997,-3.277038335800171
15998,-3.318892002105713
15999,-2.813518762588501
16000,-3.9507761001586914
16001,-3.9531712532043457
16002,-2.7938051223754883
16003,-2.8004684448242188
16004,-4.643819808959961
16005,-4.205726623535156
16006,-3.576486825942993
16007,-3.6109771728515625
16008,-3.8848795890808105
16009,-3.489217758178711
16010,-2.7568681240081787
16011,-3.1675961017608643
16012,-3.990656852722168
16013,-3.8256824016571045
16014,-3.3760273456573486
16015,-3.6651835441589355
16016,-3.6151177883148193
16017,-3.5727760791778564
16018,-2.9760265350341797
16019,-3.119121551513672
16020,-4.6916303634643555
16021,-4.3965349197387695
16022,-3.281207323074341
16023,-3.5951547622680664
16024,-3.4892451763153076
16025,-2.980794906616211
16026,-2.8425538539886475
16027,-2.69199538230896
16028,-3.3776891231536865
16029,-3.4291458129882812
16030,-2.9061100482940674
16031,-2.8213088512420654
16032,-4.725980281829834
16033,-3.6530075073242188
16034,-3.4111313819885254
16035,-3.0490572452545166
16036,-4.608588218688965
16037,-3.1862120628356934
16038,-3.387484312057495
16039,-2.903167486190796
16040,-4.540640354156494
16041,-3.6244328022003174
16042,-3.244866132736206
16043,-2.846653461456299
16044,-4.7869110107421875
16045,-3.8074607849121094
16046,-3.7844128608703613
16047,-3.415402889251709
16048,-4.392399311065674
16049,-3.4316673278808594
16050,-3.5273990631103516
16051,-3.016078233718872
16052,-3.871274948120117
16053,-3.3625333309173584
16054,-3.349141836166382
16055,-3.2022600173950195
16056,-4.337095737457275
16057,-3.828352451324463
16058,-3.6292943954467773
16059,-3.324406385421753
16060,-4.314601421356201
16061,-3.9687297344207764
16062,-3.432746171951294
16063,-3.435760021209717
16064,-4.967471599578857
16065,-3.639573812484741
16066,-3.6764800548553467
16067,-2.9221596717834473
16068,-4.710995197296143
16069,-3.772282361984253
16070,-4.007781982421875
16071,-3.233367443084717
16072,-4.138595104217529
16073,-3.4501590728759766
16074,-3.6215434074401855
16075,-3.2448487281799316
16076,-5.410289287567139
16077,-4.64499044418335
16078,-3.813627243041992
16079,-3.59097957611084
16080,-4.854242324829102
16081,-3.970151662826538
16082,-3.8094165325164795
16083,-3.5530624389648438
16084,-4.703254699707031
16085,-3.738574266433716
16086,-3.590578317642212
16087,-3.2654757499694824
16088,-3.65786075592041
16089,-3.3956925868988037
16090,-3.1020448207855225
16091,-3.33851957321167
16092,-3.6305456161499023
16093,-3.4798057079315186
16094,-3.1755104064941406
16095,-3.39036226272583
16096,-3.812445878982544
16097,-3.743736743927002
16098,-2.8531112670898438
16099,-3.164743185043335
16100,-4.372483253479004
16101,-4.2809319496154785
16102,-3.326645612716675
16103,-3.5655691623687744
16104,-4.2956085205078125
16105,-3.7934346199035645
16106,-3.348693370819092
16107,-3.532806158065796
16108,-4.3408660888671875
16109,-4.023049831390381
16110,-3.272548198699951
16111,-3.5969676971435547
16112,-4.814838409423828
16113,-3.848961353302002
16114,-3.606515884399414
16115,-3.1252241134643555
16116,-5.205560684204102
16117,-3.9908623695373535
16118,-3.880624294281006
16119,-3.437049627304077
16120,-3.781240940093994
16121,-2.668736219406128
16122,-2.7544264793395996
16123,-2.501433849334717
16124,-4.4153523445129395
16125,-3.902902364730835
16126,-3.4602103233337402
16127,-3.3307626247406006
16128,-4.047235488891602
16129,-3.1414833068847656
16130,-3.0946991443634033
16131,-2.8291804790496826
16132,-4.3549909591674805
16133,-3.97111439704895
16134,-3.5567843914031982
16135,-3.440751552581787
16136,-4.023031234741211
16137,-3.8003101348876953
16138,-3.0403831005096436
16139,-2.8648791313171387
16140,-4.50309944152832
16141,-4.0849714279174805
16142,-3.780071973800659
16143,-3.487163543701172
16144,-3.6835296154022217
16145,-3.002474546432495
16146,-2.923784017562866
16147,-2.6557281017303467
16148,-3.70436429977417
16149,-3.005323648452759
16150,-2.86716890335083
16151,-2.54685378074646
16152,-4.492748737335205
16153,-3.9543936252593994
16154,-3.207575559616089
16155,-3.0226309299468994
16156,-5.531060695648193
16157,-4.864042282104492
16158,-3.952780246734619
16159,-3.707810163497925
16160,-4.080410480499268
16161,-3.2714176177978516
16162,-3.641634941101074
16163,-3.1321280002593994
16164,-5.54025936126709
16165,-4.305323123931885
16166,-4.327508449554443
16167,-3.7590129375457764
16168,-3.6647350788116455
16169,-3.2487213611602783
16170,-2.8381214141845703
16171,-2.6596121788024902
16172,-4.631758213043213
16173,-5.0603108406066895
16174,-3.3175055980682373
16175,-3.1701676845550537
16176,-4.154538154602051
16177,-4.221364498138428
16178,-3.2679290771484375
16179,-3.1479458808898926
16180,-4.432656764984131
16181,-4.052464962005615
16182,-3.6307997703552246
16183,-3.4823145866394043
16184,-4.242323398590088
16185,-3.9323108196258545
16186,-3.471015453338623
16187,-3.366610527038574
16188,-3.623072862625122
16189,-3.178466558456421
16190,-2.928851842880249
16191,-2.740220785140991
16192,-2.8416574001312256
16193,-2.3352184295654297
16194,-2.3568274974823
16195,-2.119612693786621
16196,-3.7643752098083496
16197,-3.1594064235687256
16198,-3.3799099922180176
16199,-3.058519124984741
16200,-4.006731986999512
16201,-3.605109453201294
16202,-3.0437533855438232
16203,-2.9020824432373047
16204,-4.884958744049072
16205,-5.093878269195557
16206,-3.6227223873138428
16207,-3.4500415325164795
16208,-3.524359941482544
16209,-3.308354139328003
16210,-2.81219744682312
16211,-2.6456375122070312
16212,-4.585709571838379
16213,-4.128659725189209
16214,-3.6365034580230713
16215,-3.435659646987915
16216,-3.4318618774414062
16217,-2.920004367828369
16218,-2.644865036010742
16219,-2.5231049060821533
16220,-4.602381229400635
16221,-4.000499248504639
16222,-3.3921258449554443
16223,-3.3461151123046875
16224,-3.84420108795166
16225,-3.366210699081421
16226,-2.9058034420013428
16227,-2.817455768585205
16228,-4.754886150360107
16229,-4.171149730682373
16230,-3.6107518672943115
16231,-3.4975085258483887
16232,-3.708535671234131
16233,-3.508596181869507
16234,-3.2879128456115723
16235,-3.2301204204559326
16236,-4.387953281402588
16237,-3.912062406539917
16238,-3.399416923522949
16239,-3.3626673221588135
16240,-3.760148763656616
16241,-2.895188808441162
16242,-2.809762477874756
16243,-2.4902286529541016
16244,-4.210094451904297
16245,-3.4512135982513428
16246,-3.477541923522949
16247,-3.2051877975463867
16248,-3.154960870742798
16249,-2.52333664894104
16250,-2.501056671142578
16251,-2.275362253189087
16252,-3.7559773921966553
16253,-3.3028290271759033
16254,-3.2322442531585693
16255,-3.101634979248047
16256,-3.742265462875366
16257,-3.8025641441345215
16258,-2.8921432495117188
16259,-3.0295214653015137
16260,-3.7768752574920654
16261,-3.6370997428894043
16262,-3.1775851249694824
16263,-3.2946889400482178
16264,-3.665451765060425
16265,-3.296436071395874
16266,-2.860497236251831
16267,-2.9211127758026123
16268,-4.532028675079346
16269,-5.382318019866943
16270,-3.5124592781066895
16271,-3.744755983352661
16272,-3.626478433609009
16273,-3.2287235260009766
16274,-2.8708972930908203
16275,-2.8115615844726562
16276,-3.5469703674316406
16277,-3.186873435974121
16278,-3.236936569213867
16279,-3.091876983642578
16280,-3.2660017013549805
16281,-2.4023544788360596
16282,-2.4881341457366943
16283,-2.2104461193084717
16284,-3.9071247577667236
16285,-3.2080445289611816
16286,-3.256469488143921
16287,-2.987572431564331
16288,-3.5399510860443115
16289,-2.773484468460083
16290,-2.7971677780151367
16291,-2.4627158641815186
16292,-4.7156267166137695
16293,-3.8193531036376953
16294,-3.804753065109253
16295,-3.3931286334991455
16296,-3.6661674976348877
16297,-3.204906463623047
16298,-2.486398220062256
16299,-2.491641044616699
16300,-4.372451305389404
16301,-3.6837170124053955
16302,-3.249905586242676
16303,-3.137765884399414
16304,-3.3703789710998535
16305,-3.6349027156829834
16306,-2.735245943069458
16307,-3.084892749786377
16308,-4.156565189361572
16309,-4.199657440185547
16310,-3.4225242137908936
16311,-3.8130242824554443
16312,-2.75223970413208
16313,-2.9218835830688477
16314,-2.3630712032318115
16315,-2.653607130050659
16316,-3.0176618099212646
16317,-3.2837753295898438
16318,-2.6234943866729736
16319,-2.865333080291748
