concept,category,question,label,predicted,correct
aardvark,mammal,Is an aardvark a mammal? Answer only in yes or no.,Yes,yes,True
aardvark,body part,Is an aardvark a body part? Answer only in yes or no.,No,yes,False
aardvark,animal,Is an aardvark an animal? Answer only in yes or no.,Yes,yes,True
aardvark,hardware,Is an aardvark a hardware? Answer only in yes or no.,No,no,True
accordion,musical instrument,Is an accordion a musical instrument? Answer only in yes or no.,Yes,yes,True
accordion,clothing accessory,Is an accordion a clothing accessory? Answer only in yes or no.,No,yes,False
air_conditioner,electronic device,Is an air conditioner an electronic device? Answer only in yes or no.,Yes,yes,True
air_conditioner,sports equipment,Is an air conditioner a sports equipment? Answer only in yes or no.,No,no,True
air_conditioner,home appliance,Is an air conditioner a home appliance? Answer only in yes or no.,Yes,yes,True
air_conditioner,game,Is an air conditioner a game? Answer only in yes or no.,No,yes,False
air_mattress,furniture,Is an air mattress a furniture? Answer only in yes or no.,Yes,yes,True
air_mattress,musical instrument,Is an air mattress a musical instrument? Answer only in yes or no.,No,yes,False
air_pump,tool,Is an air pump a tool? Answer only in yes or no.,Yes,yes,True
air_pump,women's clothing,Is an air pump a women's clothing? Answer only in yes or no.,No,no,True
airbag,part of car,Is an airbag a part of car? Answer only in yes or no.,Yes,yes,True
airbag,footwear,Is an airbag a footwear? Answer only in yes or no.,No,no,True
airboat,vehicle,Is an airboat a vehicle? Answer only in yes or no.,Yes,yes,True
airboat,women's clothing,Is an airboat a women's clothing? Answer only in yes or no.,No,no,True
airboat,watercraft,Is an airboat a watercraft? Answer only in yes or no.,Yes,yes,True
airboat,sports equipment,Is an airboat a sports equipment? Answer only in yes or no.,No,yes,False
aircraft_carrier,vehicle,Is an aircraft carrier a vehicle? Answer only in yes or no.,Yes,yes,True
aircraft_carrier,vegetable,Is an aircraft carrier a vegetable? Answer only in yes or no.,No,no,True
aircraft_carrier,watercraft,Is an aircraft carrier a watercraft? Answer only in yes or no.,Yes,yes,True
aircraft_carrier,home appliance,Is an aircraft carrier a home appliance? Answer only in yes or no.,No,no,True
airplane,vehicle,Is an airplane a vehicle? Answer only in yes or no.,Yes,yes,True
airplane,game,Is an airplane a game? Answer only in yes or no.,No,yes,False
alligator,animal,Is an alligator an animal? Answer only in yes or no.,Yes,yes,True
alligator,outerwear,Is an alligator an outerwear? Answer only in yes or no.,No,no,True
almond,food,Is an almond a food? Answer only in yes or no.,Yes,yes,True
almond,seafood,Is an almond a seafood? Answer only in yes or no.,No,no,True
alpaca,mammal,Is an alpaca a mammal? Answer only in yes or no.,Yes,yes,True
alpaca,weapon,Is an alpaca a weapon? Answer only in yes or no.,No,no,True
alpaca,animal,Is an alpaca an animal? Answer only in yes or no.,Yes,yes,True
alpaca,clothing accessory,Is an alpaca a clothing accessory? Answer only in yes or no.,No,yes,False
ambulance,vehicle,Is an ambulance a vehicle? Answer only in yes or no.,Yes,yes,True
ambulance,sports equipment,Is an ambulance a sports equipment? Answer only in yes or no.,No,yes,False
anklet,jewelry,Is an anklet a jewelry? Answer only in yes or no.,Yes,yes,True
anklet,farm animal,Is an anklet a farm animal? Answer only in yes or no.,No,no,True
ant,insect,Is an ant an insect? Answer only in yes or no.,Yes,yes,True
ant,plant,Is an ant a plant? Answer only in yes or no.,No,no,True
ant,animal,Is an ant an animal? Answer only in yes or no.,Yes,yes,True
ant,hardware,Is an ant a hardware? Answer only in yes or no.,No,no,True
anteater,mammal,Is an anteater a mammal? Answer only in yes or no.,Yes,yes,True
anteater,insect,Is an anteater an insect? Answer only in yes or no.,No,no,True
anteater,animal,Is an anteater an animal? Answer only in yes or no.,Yes,yes,True
anteater,vehicle,Is an anteater a vehicle? Answer only in yes or no.,No,no,True
antelope,mammal,Is an antelope a mammal? Answer only in yes or no.,Yes,yes,True
antelope,hardware,Is an antelope a hardware? Answer only in yes or no.,No,no,True
antelope,animal,Is an antelope an animal? Answer only in yes or no.,Yes,yes,True
antelope,garden tool,Is an antelope a garden tool? Answer only in yes or no.,No,no,True
anvil,tool,Is an anvil a tool? Answer only in yes or no.,Yes,yes,True
anvil,sports equipment,Is an anvil a sports equipment? Answer only in yes or no.,No,yes,False
apple,food,Is an apple a food? Answer only in yes or no.,Yes,yes,True
apple,part of car,Is an apple a part of car? Answer only in yes or no.,No,no,True
apple,fruit,Is an apple a fruit? Answer only in yes or no.,Yes,yes,True
apple,lighting,Is an apple a lighting? Answer only in yes or no.,No,no,True
apple_tree,plant,Is an apple tree a plant? Answer only in yes or no.,Yes,yes,True
apple_tree,office supply,Is an apple tree an office supply? Answer only in yes or no.,No,no,True
apron,protective clothing,Is an apron a protective clothing? Answer only in yes or no.,Yes,yes,True
apron,dessert,Is an apron a dessert? Answer only in yes or no.,No,no,True
apron,clothing,Is an apron a clothing? Answer only in yes or no.,Yes,yes,True
apron,drink,Is an apron a drink? Answer only in yes or no.,No,no,True
apron,outerwear,Is an apron an outerwear? Answer only in yes or no.,Yes,no,False
apron,game,Is an apron a game? Answer only in yes or no.,No,yes,False
arm,body part,Is an arm a body part? Answer only in yes or no.,Yes,yes,True
arm,dessert,Is an arm a dessert? Answer only in yes or no.,No,no,True
arrow,weapon,Is an arrow a weapon? Answer only in yes or no.,Yes,yes,True
arrow,furniture,Is an arrow a furniture? Answer only in yes or no.,No,no,True
artichoke,food,Is an artichoke a food? Answer only in yes or no.,Yes,yes,True
artichoke,hardware,Is an artichoke a hardware? Answer only in yes or no.,No,no,True
artichoke,vegetable,Is an artichoke a vegetable? Answer only in yes or no.,Yes,yes,True
artichoke,women's clothing,Is an artichoke a women's clothing? Answer only in yes or no.,No,no,True
artichoke,plant,Is an artichoke a plant? Answer only in yes or no.,Yes,yes,True
artichoke,watercraft,Is an artichoke a watercraft? Answer only in yes or no.,No,no,True
arugula,food,Is an arugula a food? Answer only in yes or no.,Yes,yes,True
arugula,medical equipment,Is an arugula a medical equipment? Answer only in yes or no.,No,no,True
arugula,vegetable,Is an arugula a vegetable? Answer only in yes or no.,Yes,yes,True
arugula,drink,Is an arugula a drink? Answer only in yes or no.,No,no,True
arugula,plant,Is an arugula a plant? Answer only in yes or no.,Yes,yes,True
arugula,bird,Is an arugula a bird? Answer only in yes or no.,No,no,True
ashtray,container,Is an ashtray a container? Answer only in yes or no.,Yes,yes,True
ashtray,arts and crafts supply,Is an ashtray an arts and crafts supply? Answer only in yes or no.,No,yes,False
asparagus,food,Is an asparagus a food? Answer only in yes or no.,Yes,yes,True
asparagus,lighting,Is an asparagus a lighting? Answer only in yes or no.,No,no,True
asparagus,vegetable,Is an asparagus a vegetable? Answer only in yes or no.,Yes,yes,True
asparagus,furniture,Is an asparagus a furniture? Answer only in yes or no.,No,no,True
asparagus,plant,Is an asparagus a plant? Answer only in yes or no.,Yes,yes,True
asparagus,jewelry,Is an asparagus a jewelry? Answer only in yes or no.,No,no,True
avocado,food,Is an avocado a food? Answer only in yes or no.,Yes,yes,True
avocado,insect,Is an avocado an insect? Answer only in yes or no.,No,no,True
avocado,fruit,Is an avocado a fruit? Answer only in yes or no.,Yes,yes,True
avocado,home decor,Is an avocado a home decor? Answer only in yes or no.,No,yes,False
axe,tool,Is an axe a tool? Answer only in yes or no.,Yes,yes,True
axe,kitchen appliance,Is an axe a kitchen appliance? Answer only in yes or no.,No,yes,False
axe,hardware,Is an axe a hardware? Answer only in yes or no.,Yes,yes,True
axe,headwear,Is an axe a headwear? Answer only in yes or no.,No,no,True
axe,garden tool,Is an axe a garden tool? Answer only in yes or no.,Yes,yes,True
axe,footwear,Is an axe a footwear? Answer only in yes or no.,No,no,True
axe,weapon,Is an axe a weapon? Answer only in yes or no.,Yes,yes,True
axe,musical instrument,Is an axe a musical instrument? Answer only in yes or no.,No,yes,False
backpack,school supply,Is a backpack a school supply? Answer only in yes or no.,Yes,yes,True
backpack,construction equipment,Is a backpack a construction equipment? Answer only in yes or no.,No,no,True
backpack,container,Is a backpack a container? Answer only in yes or no.,Yes,yes,True
backpack,game,Is a backpack a game? Answer only in yes or no.,No,yes,False
backscratcher,tool,Is a backscratcher a tool? Answer only in yes or no.,Yes,yes,True
backscratcher,sports equipment,Is a backscratcher a sports equipment? Answer only in yes or no.,No,yes,False
badger,mammal,Is a badger a mammal? Answer only in yes or no.,Yes,yes,True
badger,sports equipment,Is a badger a sports equipment? Answer only in yes or no.,No,no,True
badger,animal,Is a badger an animal? Answer only in yes or no.,Yes,yes,True
badger,kitchen tool,Is a badger a kitchen tool? Answer only in yes or no.,No,no,True
bag,container,Is a bag a container? Answer only in yes or no.,Yes,yes,True
bag,clothing accessory,Is a bag a clothing accessory? Answer only in yes or no.,No,yes,False
bagel,food,Is a bagel a food? Answer only in yes or no.,Yes,yes,True
bagel,clothing accessory,Is a bagel a clothing accessory? Answer only in yes or no.,No,no,True
bagel,breakfast food,Is a bagel a breakfast food? Answer only in yes or no.,Yes,yes,True
bagel,sea animal,Is a bagel a sea animal? Answer only in yes or no.,No,no,True
bagpipe,musical instrument,Is a bagpipe a musical instrument? Answer only in yes or no.,Yes,yes,True
bagpipe,vehicle,Is a bagpipe a vehicle? Answer only in yes or no.,No,no,True
baklava,food,Is a baklava a food? Answer only in yes or no.,Yes,yes,True
baklava,toy,Is a baklava a toy? Answer only in yes or no.,No,no,True
baklava,dessert,Is a baklava a dessert? Answer only in yes or no.,Yes,yes,True
baklava,outerwear,Is a baklava an outerwear? Answer only in yes or no.,No,no,True
ball,toy,Is a ball a toy? Answer only in yes or no.,Yes,yes,True
ball,bird,Is a ball a bird? Answer only in yes or no.,No,no,True
ball,sports equipment,Is a ball a sports equipment? Answer only in yes or no.,Yes,yes,True
ball,musical instrument,Is a ball a musical instrument? Answer only in yes or no.,No,yes,False
balloon,toy,Is a balloon a toy? Answer only in yes or no.,Yes,yes,True
balloon,medical equipment,Is a balloon a medical equipment? Answer only in yes or no.,No,yes,False
ballot_box,container,Is a ballot box a container? Answer only in yes or no.,Yes,yes,True
ballot_box,electronic device,Is a ballot box an electronic device? Answer only in yes or no.,No,no,True
bamboo,plant,Is a bamboo a plant? Answer only in yes or no.,Yes,yes,True
bamboo,animal,Is a bamboo an animal? Answer only in yes or no.,No,no,True
banana,food,Is a banana a food? Answer only in yes or no.,Yes,yes,True
banana,sports equipment,Is a banana a sports equipment? Answer only in yes or no.,No,no,True
banana,fruit,Is a banana a fruit? Answer only in yes or no.,Yes,yes,True
banana,kitchen tool,Is a banana a kitchen tool? Answer only in yes or no.,No,yes,False
banana_split,food,Is a banana split a food? Answer only in yes or no.,Yes,yes,True
banana_split,fruit,Is a banana split a fruit? Answer only in yes or no.,No,yes,False
banana_split,dessert,Is a banana split a dessert? Answer only in yes or no.,Yes,yes,True
banana_split,clothing accessory,Is a banana split a clothing accessory? Answer only in yes or no.,No,no,True
bandage,medical equipment,Is a bandage a medical equipment? Answer only in yes or no.,Yes,yes,True
bandage,headwear,Is a bandage a headwear? Answer only in yes or no.,No,no,True
bandanna,headwear,Is a bandanna a headwear? Answer only in yes or no.,Yes,yes,True
bandanna,watercraft,Is a bandanna a watercraft? Answer only in yes or no.,No,no,True
bandanna,clothing accessory,Is a bandanna a clothing accessory? Answer only in yes or no.,Yes,yes,True
bandanna,weapon,Is a bandanna a weapon? Answer only in yes or no.,No,yes,False
bandanna,clothing,Is a bandanna a clothing? Answer only in yes or no.,Yes,yes,True
bandanna,vehicle,Is a bandanna a vehicle? Answer only in yes or no.,No,no,True
banjo,musical instrument,Is a banjo a musical instrument? Answer only in yes or no.,Yes,yes,True
banjo,breakfast food,Is a banjo a breakfast food? Answer only in yes or no.,No,no,True
barbell,sports equipment,Is a barbell a sports equipment? Answer only in yes or no.,Yes,yes,True
barbell,hardware,Is a barbell a hardware? Answer only in yes or no.,No,yes,False
barnacle,animal,Is a barnacle an animal? Answer only in yes or no.,Yes,yes,True
barnacle,footwear,Is a barnacle a footwear? Answer only in yes or no.,No,no,True
barnacle,sea animal,Is a barnacle a sea animal? Answer only in yes or no.,Yes,yes,True
barnacle,fastener,Is a barnacle a fastener? Answer only in yes or no.,No,yes,False
barrel,container,Is a barrel a container? Answer only in yes or no.,Yes,yes,True
barrel,sports equipment,Is a barrel a sports equipment? Answer only in yes or no.,No,yes,False
barrette,jewelry,Is a barrette a jewelry? Answer only in yes or no.,Yes,yes,True
barrette,kitchen tool,Is a barrette a kitchen tool? Answer only in yes or no.,No,no,True
barrette,fastener,Is a barrette a fastener? Answer only in yes or no.,Yes,yes,True
barrette,garden tool,Is a barrette a garden tool? Answer only in yes or no.,No,no,True
baseball,sports equipment,Is a baseball a sports equipment? Answer only in yes or no.,Yes,yes,True
baseball,dessert,Is a baseball a dessert? Answer only in yes or no.,No,no,True
baseball_bat,sports equipment,Is a baseball bat a sports equipment? Answer only in yes or no.,Yes,yes,True
baseball_bat,dessert,Is a baseball bat a dessert? Answer only in yes or no.,No,no,True
baseball_bat,weapon,Is a baseball bat a weapon? Answer only in yes or no.,Yes,yes,True
baseball_bat,fastener,Is a baseball bat a fastener? Answer only in yes or no.,No,no,True
baseball_glove,sports equipment,Is a baseball glove a sports equipment? Answer only in yes or no.,Yes,yes,True
baseball_glove,vegetable,Is a baseball glove a vegetable? Answer only in yes or no.,No,no,True
basket,container,Is a basket a container? Answer only in yes or no.,Yes,yes,True
basket,home appliance,Is a basket a home appliance? Answer only in yes or no.,No,yes,False
basketball,sports equipment,Is a basketball a sports equipment? Answer only in yes or no.,Yes,yes,True
basketball,lighting,Is a basketball a lighting? Answer only in yes or no.,No,no,True
basketball_hoop,sports equipment,Is a basketball hoop a sports equipment? Answer only in yes or no.,Yes,yes,True
basketball_hoop,scientific equipment,Is a basketball hoop a scientific equipment? Answer only in yes or no.,No,yes,False
bassinet,furniture,Is a bassinet a furniture? Answer only in yes or no.,Yes,yes,True
bassinet,arts and crafts supply,Is a bassinet an arts and crafts supply? Answer only in yes or no.,No,no,True
bassoon,musical instrument,Is a bassoon a musical instrument? Answer only in yes or no.,Yes,yes,True
bassoon,medical equipment,Is a bassoon a medical equipment? Answer only in yes or no.,No,no,True
bathrobe,clothing,Is a bathrobe a clothing? Answer only in yes or no.,Yes,yes,True
bathrobe,medical equipment,Is a bathrobe a medical equipment? Answer only in yes or no.,No,no,True
bathtub,container,Is a bathtub a container? Answer only in yes or no.,Yes,yes,True
bathtub,musical instrument,Is a bathtub a musical instrument? Answer only in yes or no.,No,yes,False
baton2,weapon,Is a baton2 a weapon? Answer only in yes or no.,Yes,yes,True
baton2,school supply,Is a baton2 a school supply? Answer only in yes or no.,No,yes,False
baton3,sports equipment,Is a baton3 a sports equipment? Answer only in yes or no.,Yes,yes,True
baton3,breakfast food,Is a baton3 a breakfast food? Answer only in yes or no.,No,yes,False
baton4,sports equipment,Is a baton4 a sports equipment? Answer only in yes or no.,Yes,yes,True
baton4,game,Is a baton4 a game? Answer only in yes or no.,No,yes,False
batter,food,Is a batter a food? Answer only in yes or no.,Yes,no,False
batter,weapon,Is a batter a weapon? Answer only in yes or no.,No,yes,False
bazooka,weapon,Is a bazooka a weapon? Answer only in yes or no.,Yes,yes,True
bazooka,school supply,Is a bazooka a school supply? Answer only in yes or no.,No,no,True
beachball,toy,Is a beachball a toy? Answer only in yes or no.,Yes,yes,True
beachball,electronic device,Is a beachball an electronic device? Answer only in yes or no.,No,no,True
beachball,sports equipment,Is a beachball a sports equipment? Answer only in yes or no.,Yes,yes,True
beachball,candy,Is a beachball a candy? Answer only in yes or no.,No,no,True
bead,arts and crafts supply,Is a bead an arts and crafts supply? Answer only in yes or no.,Yes,yes,True
bead,body part,Is a bead a body part? Answer only in yes or no.,No,yes,False
beaker,scientific equipment,Is a beaker a scientific equipment? Answer only in yes or no.,Yes,yes,True
beaker,candy,Is a beaker a candy? Answer only in yes or no.,No,no,True
beaker,container,Is a beaker a container? Answer only in yes or no.,Yes,yes,True
beaker,footwear,Is a beaker a footwear? Answer only in yes or no.,No,no,True
beanbag,furniture,Is a beanbag a furniture? Answer only in yes or no.,Yes,yes,True
beanbag,jewelry,Is a beanbag a jewelry? Answer only in yes or no.,No,no,True
beanie,headwear,Is a beanie a headwear? Answer only in yes or no.,Yes,yes,True
beanie,furniture,Is a beanie a furniture? Answer only in yes or no.,No,yes,False
beanie,clothing,Is a beanie a clothing? Answer only in yes or no.,Yes,yes,True
beanie,dessert,Is a beanie a dessert? Answer only in yes or no.,No,no,True
bear,mammal,Is a bear a mammal? Answer only in yes or no.,Yes,yes,True
bear,home appliance,Is a bear a home appliance? Answer only in yes or no.,No,no,True
bear,animal,Is a bear an animal? Answer only in yes or no.,Yes,yes,True
bear,candy,Is a bear a candy? Answer only in yes or no.,No,no,True
beaver,mammal,Is a beaver a mammal? Answer only in yes or no.,Yes,yes,True
beaver,personal hygiene item,Is a beaver a personal hygiene item? Answer only in yes or no.,No,no,True
beaver,animal,Is a beaver an animal? Answer only in yes or no.,Yes,yes,True
beaver,safety equipment,Is a beaver a safety equipment? Answer only in yes or no.,No,no,True
bed,furniture,Is a bed a furniture? Answer only in yes or no.,Yes,yes,True
bed,outerwear,Is a bed an outerwear? Answer only in yes or no.,No,no,True
bedpan,medical equipment,Is a bedpan a medical equipment? Answer only in yes or no.,Yes,yes,True
bedpan,toy,Is a bedpan a toy? Answer only in yes or no.,No,yes,False
bedpan,container,Is a bedpan a container? Answer only in yes or no.,Yes,yes,True
bedpan,school supply,Is a bedpan a school supply? Answer only in yes or no.,No,no,True
bee,insect,Is a bee an insect? Answer only in yes or no.,Yes,yes,True
bee,toy,Is a bee a toy? Answer only in yes or no.,No,yes,False
bee,animal,Is a bee an animal? Answer only in yes or no.,Yes,yes,True
bee,vehicle,Is a bee a vehicle? Answer only in yes or no.,No,yes,False
beer,drink,Is a beer a drink? Answer only in yes or no.,Yes,yes,True
beer,medical equipment,Is a beer a medical equipment? Answer only in yes or no.,No,no,True
beet,food,Is a beet a food? Answer only in yes or no.,Yes,yes,True
beet,sea animal,Is a beet a sea animal? Answer only in yes or no.,No,no,True
beet,vegetable,Is a beet a vegetable? Answer only in yes or no.,Yes,yes,True
beet,women's clothing,Is a beet a women's clothing? Answer only in yes or no.,No,no,True
beetle,insect,Is a beetle an insect? Answer only in yes or no.,Yes,yes,True
beetle,candy,Is a beetle a candy? Answer only in yes or no.,No,no,True
beetle,animal,Is a beetle an animal? Answer only in yes or no.,Yes,yes,True
beetle,vegetable,Is a beetle a vegetable? Answer only in yes or no.,No,no,True
bell,musical instrument,Is a bell a musical instrument? Answer only in yes or no.,Yes,yes,True
bell,vegetable,Is a bell a vegetable? Answer only in yes or no.,No,no,True
bell_pepper,food,Is a bell pepper a food? Answer only in yes or no.,Yes,yes,True
bell_pepper,breakfast food,Is a bell pepper a breakfast food? Answer only in yes or no.,No,no,True
bell_pepper,vegetable,Is a bell pepper a vegetable? Answer only in yes or no.,Yes,yes,True
bell_pepper,protective clothing,Is a bell pepper a protective clothing? Answer only in yes or no.,No,no,True
belt,clothing accessory,Is a belt a clothing accessory? Answer only in yes or no.,Yes,yes,True
belt,home appliance,Is a belt a home appliance? Answer only in yes or no.,No,yes,False
belt,clothing,Is a belt a clothing? Answer only in yes or no.,Yes,yes,True
belt,condiment,Is a belt a condiment? Answer only in yes or no.,No,no,True
belt_buckle,clothing accessory,Is a belt buckle a clothing accessory? Answer only in yes or no.,Yes,yes,True
belt_buckle,scientific equipment,Is a belt buckle a scientific equipment? Answer only in yes or no.,No,yes,False
belt_buckle,fastener,Is a belt buckle a fastener? Answer only in yes or no.,Yes,yes,True
belt_buckle,farm animal,Is a belt buckle a farm animal? Answer only in yes or no.,No,no,True
bench,furniture,Is a bench a furniture? Answer only in yes or no.,Yes,yes,True
bench,lighting,Is a bench a lighting? Answer only in yes or no.,No,no,True
berry,food,Is a berry a food? Answer only in yes or no.,Yes,yes,True
berry,candy,Is a berry a candy? Answer only in yes or no.,No,yes,False
berry,fruit,Is a berry a fruit? Answer only in yes or no.,Yes,yes,True
berry,animal,Is a berry an animal? Answer only in yes or no.,No,no,True
bike,vehicle,Is a bike a vehicle? Answer only in yes or no.,Yes,yes,True
bike,arts and crafts supply,Is a bike an arts and crafts supply? Answer only in yes or no.,No,yes,False
bikini,women's clothing,Is a bikini a women's clothing? Answer only in yes or no.,Yes,yes,True
bikini,sea animal,Is a bikini a sea animal? Answer only in yes or no.,No,no,True
bikini,clothing,Is a bikini a clothing? Answer only in yes or no.,Yes,yes,True
bikini,body part,Is a bikini a body part? Answer only in yes or no.,No,yes,False
bin,container,Is a bin a container? Answer only in yes or no.,Yes,yes,True
bin,mammal,Is a bin a mammal? Answer only in yes or no.,No,no,True
binder,office supply,Is a binder an office supply? Answer only in yes or no.,Yes,yes,True
binder,vehicle,Is a binder a vehicle? Answer only in yes or no.,No,no,True
binder,school supply,Is a binder a school supply? Answer only in yes or no.,Yes,yes,True
binder,outerwear,Is a binder an outerwear? Answer only in yes or no.,No,yes,False
bird,bird,Is a bird a bird? Answer only in yes or no.,Yes,yes,True
bird,women's clothing,Is a bird a women's clothing? Answer only in yes or no.,No,no,True
bird,animal,Is a bird an animal? Answer only in yes or no.,Yes,yes,True
bird,scientific equipment,Is a bird a scientific equipment? Answer only in yes or no.,No,no,True
birdbath,home decor,Is a birdbath a home decor? Answer only in yes or no.,Yes,yes,True
birdbath,mammal,Is a birdbath a mammal? Answer only in yes or no.,No,no,True
birdbath,container,Is a birdbath a container? Answer only in yes or no.,Yes,yes,True
birdbath,office supply,Is a birdbath an office supply? Answer only in yes or no.,No,no,True
birdcage,home decor,Is a birdcage a home decor? Answer only in yes or no.,Yes,yes,True
birdcage,part of car,Is a birdcage a part of car? Answer only in yes or no.,No,no,True
birdcage,container,Is a birdcage a container? Answer only in yes or no.,Yes,yes,True
birdcage,animal,Is a birdcage an animal? Answer only in yes or no.,No,yes,False
birdhouse,home decor,Is a birdhouse a home decor? Answer only in yes or no.,Yes,yes,True
birdhouse,clothing accessory,Is a birdhouse a clothing accessory? Answer only in yes or no.,No,no,True
birthday_cake,food,Is a birthday cake a food? Answer only in yes or no.,Yes,yes,True
birthday_cake,body part,Is a birthday cake a body part? Answer only in yes or no.,No,yes,False
birthday_cake,dessert,Is a birthday cake a dessert? Answer only in yes or no.,Yes,yes,True
birthday_cake,weapon,Is a birthday cake a weapon? Answer only in yes or no.,No,yes,False
bison,mammal,Is a bison a mammal? Answer only in yes or no.,Yes,yes,True
bison,women's clothing,Is a bison a women's clothing? Answer only in yes or no.,No,no,True
bison,animal,Is a bison an animal? Answer only in yes or no.,Yes,yes,True
bison,seafood,Is a bison a seafood? Answer only in yes or no.,No,no,True
bison,farm animal,Is a bison a farm animal? Answer only in yes or no.,Yes,yes,True
bison,candy,Is a bison a candy? Answer only in yes or no.,No,no,True
blackberry,food,Is a blackberry a food? Answer only in yes or no.,Yes,yes,True
blackberry,women's clothing,Is a blackberry a women's clothing? Answer only in yes or no.,No,no,True
blackberry,fruit,Is a blackberry a fruit? Answer only in yes or no.,Yes,yes,True
blackberry,insect,Is a blackberry an insect? Answer only in yes or no.,No,no,True
blazer,clothing,Is a blazer a clothing? Answer only in yes or no.,Yes,yes,True
blazer,home appliance,Is a blazer a home appliance? Answer only in yes or no.,No,no,True
blazer,outerwear,Is a blazer an outerwear? Answer only in yes or no.,Yes,yes,True
blazer,home decor,Is a blazer a home decor? Answer only in yes or no.,No,yes,False
blender,kitchen appliance,Is a blender a kitchen appliance? Answer only in yes or no.,Yes,yes,True
blender,furniture,Is a blender a furniture? Answer only in yes or no.,No,yes,False
blender,electronic device,Is a blender an electronic device? Answer only in yes or no.,Yes,yes,True
blender,vehicle,Is a blender a vehicle? Answer only in yes or no.,No,no,True
blender,home appliance,Is a blender a home appliance? Answer only in yes or no.,Yes,yes,True
blender,part of car,Is a blender a part of car? Answer only in yes or no.,No,no,True
blouse,women's clothing,Is a blouse a women's clothing? Answer only in yes or no.,Yes,yes,True
blouse,medical equipment,Is a blouse a medical equipment? Answer only in yes or no.,No,no,True
blouse,clothing,Is a blouse a clothing? Answer only in yes or no.,Yes,yes,True
blouse,home appliance,Is a blouse a home appliance? Answer only in yes or no.,No,no,True
blower,electronic device,Is a blower an electronic device? Answer only in yes or no.,Yes,yes,True
blower,kitchen tool,Is a blower a kitchen tool? Answer only in yes or no.,No,yes,False
blower,tool,Is a blower a tool? Answer only in yes or no.,Yes,yes,True
blower,bird,Is a blower a bird? Answer only in yes or no.,No,no,True
blower,home appliance,Is a blower a home appliance? Answer only in yes or no.,Yes,yes,True
blower,home decor,Is a blower a home decor? Answer only in yes or no.,No,yes,False
blowfish,seafood,Is a blowfish a seafood? Answer only in yes or no.,Yes,yes,True
blowfish,vegetable,Is a blowfish a vegetable? Answer only in yes or no.,No,no,True
blowfish,animal,Is a blowfish an animal? Answer only in yes or no.,Yes,yes,True
blowfish,personal hygiene item,Is a blowfish a personal hygiene item? Answer only in yes or no.,No,no,True
blowfish,sea animal,Is a blowfish a sea animal? Answer only in yes or no.,Yes,yes,True
blowfish,personal hygiene item,Is a blowfish a personal hygiene item? Answer only in yes or no.,No,no,True
blowgun,weapon,Is a blowgun a weapon? Answer only in yes or no.,Yes,yes,True
blowgun,food,Is a blowgun a food? Answer only in yes or no.,No,no,True
blowtorch,construction equipment,Is a blowtorch a construction equipment? Answer only in yes or no.,Yes,yes,True
blowtorch,vegetable,Is a blowtorch a vegetable? Answer only in yes or no.,No,no,True
blowtorch,tool,Is a blowtorch a tool? Answer only in yes or no.,Yes,yes,True
blowtorch,breakfast food,Is a blowtorch a breakfast food? Answer only in yes or no.,No,no,True
blowtorch,scientific equipment,Is a blowtorch a scientific equipment? Answer only in yes or no.,Yes,yes,True
blowtorch,kitchen appliance,Is a blowtorch a kitchen appliance? Answer only in yes or no.,No,yes,False
blowtorch,hardware,Is a blowtorch a hardware? Answer only in yes or no.,Yes,yes,True
blowtorch,candy,Is a blowtorch a candy? Answer only in yes or no.,No,no,True
blowtorch,weapon,Is a blowtorch a weapon? Answer only in yes or no.,Yes,yes,True
blowtorch,outerwear,Is a blowtorch an outerwear? Answer only in yes or no.,No,no,True
blueberry,food,Is a blueberry a food? Answer only in yes or no.,Yes,yes,True
blueberry,sports equipment,Is a blueberry a sports equipment? Answer only in yes or no.,No,no,True
blueberry,fruit,Is a blueberry a fruit? Answer only in yes or no.,Yes,yes,True
blueberry,women's clothing,Is a blueberry a women's clothing? Answer only in yes or no.,No,no,True
boa,women's clothing,Is a boa a women's clothing? Answer only in yes or no.,Yes,no,False
boa,hardware,Is a boa a hardware? Answer only in yes or no.,No,no,True
boa,clothing accessory,Is a boa a clothing accessory? Answer only in yes or no.,Yes,no,False
boa,scientific equipment,Is a boa a scientific equipment? Answer only in yes or no.,No,no,True
boa,clothing,Is a boa a clothing? Answer only in yes or no.,Yes,no,False
boa,bird,Is a boa a bird? Answer only in yes or no.,No,no,True
boar,mammal,Is a boar a mammal? Answer only in yes or no.,Yes,yes,True
boar,safety equipment,Is a boar a safety equipment? Answer only in yes or no.,No,no,True
boar,animal,Is a boar an animal? Answer only in yes or no.,Yes,yes,True
boar,outerwear,Is a boar an outerwear? Answer only in yes or no.,No,no,True
board_game,game,Is a board game a game? Answer only in yes or no.,Yes,yes,True
board_game,sea animal,Is a board game a sea animal? Answer only in yes or no.,No,no,True
boat,vehicle,Is a boat a vehicle? Answer only in yes or no.,Yes,yes,True
boat,outerwear,Is a boat an outerwear? Answer only in yes or no.,No,no,True
boat,watercraft,Is a boat a watercraft? Answer only in yes or no.,Yes,yes,True
boat,outerwear,Is a boat an outerwear? Answer only in yes or no.,No,no,True
bobsled,sports equipment,Is a bobsled a sports equipment? Answer only in yes or no.,Yes,yes,True
bobsled,food,Is a bobsled a food? Answer only in yes or no.,No,no,True
bolo_tie,clothing accessory,Is a bolo tie a clothing accessory? Answer only in yes or no.,Yes,yes,True
bolo_tie,musical instrument,Is a bolo tie a musical instrument? Answer only in yes or no.,No,yes,False
bolo_tie,clothing,Is a bolo tie a clothing? Answer only in yes or no.,Yes,yes,True
bolo_tie,condiment,Is a bolo tie a condiment? Answer only in yes or no.,No,no,True
bomb,weapon,Is a bomb a weapon? Answer only in yes or no.,Yes,yes,True
bomb,hardware,Is a bomb a hardware? Answer only in yes or no.,No,yes,False
bongo,musical instrument,Is a bongo a musical instrument? Answer only in yes or no.,Yes,yes,True
bongo,sports equipment,Is a bongo a sports equipment? Answer only in yes or no.,No,no,True
bonnet,headwear,Is a bonnet a headwear? Answer only in yes or no.,Yes,yes,True
bonnet,body part,Is a bonnet a body part? Answer only in yes or no.,No,yes,False
bonnet,clothing accessory,Is a bonnet a clothing accessory? Answer only in yes or no.,Yes,yes,True
bonnet,footwear,Is a bonnet a footwear? Answer only in yes or no.,No,no,True
bonnet,clothing,Is a bonnet a clothing? Answer only in yes or no.,Yes,yes,True
bonnet,watercraft,Is a bonnet a watercraft? Answer only in yes or no.,No,yes,False
bonsai,home decor,Is a bonsai a home decor? Answer only in yes or no.,Yes,yes,True
bonsai,safety equipment,Is a bonsai a safety equipment? Answer only in yes or no.,No,no,True
bonsai,plant,Is a bonsai a plant? Answer only in yes or no.,Yes,yes,True
bonsai,drink,Is a bonsai a drink? Answer only in yes or no.,No,no,True
book,school supply,Is a book a school supply? Answer only in yes or no.,Yes,yes,True
book,weapon,Is a book a weapon? Answer only in yes or no.,No,yes,False
bookshelf,furniture,Is a bookshelf a furniture? Answer only in yes or no.,Yes,yes,True
bookshelf,garden tool,Is a bookshelf a garden tool? Answer only in yes or no.,No,no,True
boomerang,toy,Is a boomerang a toy? Answer only in yes or no.,Yes,yes,True
boomerang,protective clothing,Is a boomerang a protective clothing? Answer only in yes or no.,No,no,True
boomerang,weapon,Is a boomerang a weapon? Answer only in yes or no.,Yes,yes,True
boomerang,school supply,Is a boomerang a school supply? Answer only in yes or no.,No,yes,False
boot,clothing,Is a boot a clothing? Answer only in yes or no.,Yes,yes,True
boot,toy,Is a boot a toy? Answer only in yes or no.,No,yes,False
boot,footwear,Is a boot a footwear? Answer only in yes or no.,Yes,yes,True
boot,headwear,Is a boot a headwear? Answer only in yes or no.,No,yes,False
bottle,container,Is a bottle a container? Answer only in yes or no.,Yes,yes,True
bottle,toy,Is a bottle a toy? Answer only in yes or no.,No,yes,False
bottle_opener,tool,Is a bottle opener a tool? Answer only in yes or no.,Yes,yes,True
bottle_opener,hardware,Is a bottle opener a hardware? Answer only in yes or no.,No,yes,False
bottle_opener,kitchen tool,Is a bottle opener a kitchen tool? Answer only in yes or no.,Yes,yes,True
bottle_opener,home decor,Is a bottle opener a home decor? Answer only in yes or no.,No,yes,False
bowl,container,Is a bowl a container? Answer only in yes or no.,Yes,yes,True
bowl,home appliance,Is a bowl a home appliance? Answer only in yes or no.,No,yes,False
bowler_hat,headwear,Is a bowler hat a headwear? Answer only in yes or no.,Yes,yes,True
bowler_hat,personal hygiene item,Is a bowler hat a personal hygiene item? Answer only in yes or no.,No,yes,False
bowler_hat,clothing,Is a bowler hat a clothing? Answer only in yes or no.,Yes,yes,True
bowler_hat,electronic device,Is a bowler hat an electronic device? Answer only in yes or no.,No,no,True
bowling_ball,sports equipment,Is a bowling ball a sports equipment? Answer only in yes or no.,Yes,yes,True
bowling_ball,seafood,Is a bowling ball a seafood? Answer only in yes or no.,No,no,True
bowtie,clothing accessory,Is a bowtie a clothing accessory? Answer only in yes or no.,Yes,yes,True
bowtie,insect,Is a bowtie an insect? Answer only in yes or no.,No,no,True
bowtie,clothing,Is a bowtie a clothing? Answer only in yes or no.,Yes,yes,True
bowtie,candy,Is a bowtie a candy? Answer only in yes or no.,No,no,True
box,container,Is a box a container? Answer only in yes or no.,Yes,yes,True
box,vehicle,Is a box a vehicle? Answer only in yes or no.,No,yes,False
boxer_shorts,clothing,Is a boxer shorts a clothing? Answer only in yes or no.,Yes,yes,True
boxer_shorts,drink,Is a boxer shorts a drink? Answer only in yes or no.,No,no,True
boxing_gloves,sports equipment,Is a boxing gloves a sports equipment? Answer only in yes or no.,Yes,yes,True
boxing_gloves,lighting,Is a boxing gloves a lighting? Answer only in yes or no.,No,no,True
bra,women's clothing,Is a bra a women's clothing? Answer only in yes or no.,Yes,yes,True
bra,personal hygiene item,Is a bra a personal hygiene item? Answer only in yes or no.,No,yes,False
bra,clothing,Is a bra a clothing? Answer only in yes or no.,Yes,yes,True
bra,kitchen appliance,Is a bra a kitchen appliance? Answer only in yes or no.,No,no,True
brace,medical equipment,Is a brace a medical equipment? Answer only in yes or no.,Yes,yes,True
brace,farm animal,Is a brace a farm animal? Answer only in yes or no.,No,no,True
bracelet1,clothing accessory,Is a bracelet1 a clothing accessory? Answer only in yes or no.,Yes,yes,True
bracelet1,animal,Is a bracelet1 an animal? Answer only in yes or no.,No,no,True
bracelet1,clothing,Is a bracelet1 a clothing? Answer only in yes or no.,Yes,no,False
bracelet1,construction equipment,Is a bracelet1 a construction equipment? Answer only in yes or no.,No,no,True
bracelet2,clothing accessory,Is a bracelet2 a clothing accessory? Answer only in yes or no.,Yes,yes,True
bracelet2,outerwear,Is a bracelet2 an outerwear? Answer only in yes or no.,No,no,True
bracelet2,jewelry,Is a bracelet2 a jewelry? Answer only in yes or no.,Yes,yes,True
bracelet2,sports equipment,Is a bracelet2 a sports equipment? Answer only in yes or no.,No,no,True
brass_knuckles,weapon,Is a brass knuckles a weapon? Answer only in yes or no.,Yes,yes,True
brass_knuckles,office supply,Is a brass knuckles an office supply? Answer only in yes or no.,No,no,True
bread,food,Is a bread a food? Answer only in yes or no.,Yes,yes,True
bread,watercraft,Is a bread a watercraft? Answer only in yes or no.,No,no,True
bread,breakfast food,Is a bread a breakfast food? Answer only in yes or no.,Yes,yes,True
bread,musical instrument,Is a bread a musical instrument? Answer only in yes or no.,No,yes,False
breadbox,container,Is a breadbox a container? Answer only in yes or no.,Yes,yes,True
breadbox,headwear,Is a breadbox a headwear? Answer only in yes or no.,No,no,True
breadstick,food,Is a breadstick a food? Answer only in yes or no.,Yes,yes,True
breadstick,arts and crafts supply,Is a breadstick an arts and crafts supply? Answer only in yes or no.,No,no,True
briefcase,container,Is a briefcase a container? Answer only in yes or no.,Yes,yes,True
briefcase,personal hygiene item,Is a briefcase a personal hygiene item? Answer only in yes or no.,No,no,True
brooch,clothing accessory,Is a brooch a clothing accessory? Answer only in yes or no.,Yes,yes,True
brooch,construction equipment,Is a brooch a construction equipment? Answer only in yes or no.,No,no,True
brooch,jewelry,Is a brooch a jewelry? Answer only in yes or no.,Yes,yes,True
brooch,headwear,Is a brooch a headwear? Answer only in yes or no.,No,no,True
broom,tool,Is a broom a tool? Answer only in yes or no.,Yes,yes,True
broom,office supply,Is a broom an office supply? Answer only in yes or no.,No,yes,False
brownie,food,Is a brownie a food? Answer only in yes or no.,Yes,yes,True
brownie,fruit,Is a brownie a fruit? Answer only in yes or no.,No,no,True
brownie,dessert,Is a brownie a dessert? Answer only in yes or no.,Yes,yes,True
brownie,plant,Is a brownie a plant? Answer only in yes or no.,No,no,True
brush,tool,Is a brush a tool? Answer only in yes or no.,Yes,yes,True
brush,personal hygiene item,Is a brush a personal hygiene item? Answer only in yes or no.,No,yes,False
brussels_sprouts,food,Is a brussels sprouts a food? Answer only in yes or no.,Yes,yes,True
brussels_sprouts,lighting,Is a brussels sprouts a lighting? Answer only in yes or no.,No,no,True
brussels_sprouts,vegetable,Is a brussels sprouts a vegetable? Answer only in yes or no.,Yes,yes,True
brussels_sprouts,toy,Is a brussels sprouts a toy? Answer only in yes or no.,No,no,True
bucket,container,Is a bucket a container? Answer only in yes or no.,Yes,yes,True
bucket,condiment,Is a bucket a condiment? Answer only in yes or no.,No,yes,False
buckle,clothing accessory,Is a buckle a clothing accessory? Answer only in yes or no.,Yes,yes,True
buckle,jewelry,Is a buckle a jewelry? Answer only in yes or no.,No,no,True
buckle,fastener,Is a buckle a fastener? Answer only in yes or no.,Yes,yes,True
buckle,drink,Is a buckle a drink? Answer only in yes or no.,No,no,True
bug,insect,Is a bug an insect? Answer only in yes or no.,Yes,yes,True
bug,women's clothing,Is a bug a women's clothing? Answer only in yes or no.,No,no,True
bug,animal,Is a bug an animal? Answer only in yes or no.,Yes,yes,True
bug,hardware,Is a bug a hardware? Answer only in yes or no.,No,yes,False
buggy,vehicle,Is a buggy a vehicle? Answer only in yes or no.,Yes,yes,True
buggy,sea animal,Is a buggy a sea animal? Answer only in yes or no.,No,no,True
bull,mammal,Is a bull a mammal? Answer only in yes or no.,Yes,yes,True
bull,outerwear,Is a bull an outerwear? Answer only in yes or no.,No,no,True
bull,animal,Is a bull an animal? Answer only in yes or no.,Yes,yes,True
bull,arts and crafts supply,Is a bull an arts and crafts supply? Answer only in yes or no.,No,no,True
bull,farm animal,Is a bull a farm animal? Answer only in yes or no.,Yes,yes,True
bull,women's clothing,Is a bull a women's clothing? Answer only in yes or no.,No,no,True
bulldozer,vehicle,Is a bulldozer a vehicle? Answer only in yes or no.,Yes,yes,True
bulldozer,outerwear,Is a bulldozer an outerwear? Answer only in yes or no.,No,no,True
bulldozer,construction equipment,Is a bulldozer a construction equipment? Answer only in yes or no.,Yes,yes,True
bulldozer,medical equipment,Is a bulldozer a medical equipment? Answer only in yes or no.,No,no,True
bullet,weapon,Is a bullet a weapon? Answer only in yes or no.,Yes,yes,True
bullet,kitchen appliance,Is a bullet a kitchen appliance? Answer only in yes or no.,No,no,True
bulletproof_vest,safety equipment,Is a bulletproof vest a safety equipment? Answer only in yes or no.,Yes,yes,True
bulletproof_vest,body part,Is a bulletproof vest a body part? Answer only in yes or no.,No,yes,False
bulletproof_vest,clothing,Is a bulletproof vest a clothing? Answer only in yes or no.,Yes,yes,True
bulletproof_vest,scientific equipment,Is a bulletproof vest a scientific equipment? Answer only in yes or no.,No,yes,False
bulletproof_vest,protective clothing,Is a bulletproof vest a protective clothing? Answer only in yes or no.,Yes,yes,True
bulletproof_vest,body part,Is a bulletproof vest a body part? Answer only in yes or no.,No,yes,False
bumper,part of car,Is a bumper a part of car? Answer only in yes or no.,Yes,yes,True
bumper,construction equipment,Is a bumper a construction equipment? Answer only in yes or no.,No,yes,False
bun,food,Is a bun a food? Answer only in yes or no.,Yes,yes,True
bun,electronic device,Is a bun an electronic device? Answer only in yes or no.,No,no,True
bunkbed,furniture,Is a bunkbed a furniture? Answer only in yes or no.,Yes,yes,True
bunkbed,women's clothing,Is a bunkbed a women's clothing? Answer only in yes or no.,No,no,True
burner,kitchen appliance,Is a burner a kitchen appliance? Answer only in yes or no.,Yes,yes,True
burner,sports equipment,Is a burner a sports equipment? Answer only in yes or no.,No,no,True
burrito,food,Is a burrito a food? Answer only in yes or no.,Yes,yes,True
burrito,mammal,Is a burrito a mammal? Answer only in yes or no.,No,no,True
bus,vehicle,Is a bus a vehicle? Answer only in yes or no.,Yes,yes,True
bus,footwear,Is a bus a footwear? Answer only in yes or no.,No,no,True
bush,plant,Is a bush a plant? Answer only in yes or no.,Yes,yes,True
bush,footwear,Is a bush a footwear? Answer only in yes or no.,No,yes,False
butter,food,Is a butter a food? Answer only in yes or no.,Yes,yes,True
butter,fruit,Is a butter a fruit? Answer only in yes or no.,No,no,True
butter,condiment,Is a butter a condiment? Answer only in yes or no.,Yes,yes,True
butter,home appliance,Is a butter a home appliance? Answer only in yes or no.,No,no,True
butterfly,insect,Is a butterfly an insect? Answer only in yes or no.,Yes,yes,True
butterfly,breakfast food,Is a butterfly a breakfast food? Answer only in yes or no.,No,no,True
butterfly,animal,Is a butterfly an animal? Answer only in yes or no.,Yes,yes,True
butterfly,lighting,Is a butterfly a lighting? Answer only in yes or no.,No,no,True
button1,arts and crafts supply,Is a button1 an arts and crafts supply? Answer only in yes or no.,Yes,yes,True
button1,sea animal,Is a button1 a sea animal? Answer only in yes or no.,No,no,True
button1,clothing accessory,Is a button1 a clothing accessory? Answer only in yes or no.,Yes,yes,True
button1,hardware,Is a button1 a hardware? Answer only in yes or no.,No,yes,False
button1,fastener,Is a button1 a fastener? Answer only in yes or no.,Yes,yes,True
button1,kitchen tool,Is a button1 a kitchen tool? Answer only in yes or no.,No,yes,False
button2,hardware,Is a button2 a hardware? Answer only in yes or no.,Yes,yes,True
button2,kitchen appliance,Is a button2 a kitchen appliance? Answer only in yes or no.,No,yes,False
cabbage,food,Is a cabbage a food? Answer only in yes or no.,Yes,yes,True
cabbage,arts and crafts supply,Is a cabbage an arts and crafts supply? Answer only in yes or no.,No,no,True
cabbage,vegetable,Is a cabbage a vegetable? Answer only in yes or no.,Yes,yes,True
cabbage,toy,Is a cabbage a toy? Answer only in yes or no.,No,yes,False
cabbage,plant,Is a cabbage a plant? Answer only in yes or no.,Yes,yes,True
cabbage,office supply,Is a cabbage an office supply? Answer only in yes or no.,No,no,True
cabinet,container,Is a cabinet a container? Answer only in yes or no.,Yes,yes,True
cabinet,vehicle,Is a cabinet a vehicle? Answer only in yes or no.,No,no,True
cabinet,furniture,Is a cabinet a furniture? Answer only in yes or no.,Yes,yes,True
cabinet,weapon,Is a cabinet a weapon? Answer only in yes or no.,No,yes,False
cable,hardware,Is a cable a hardware? Answer only in yes or no.,Yes,yes,True
cable,sports equipment,Is a cable a sports equipment? Answer only in yes or no.,No,yes,False
cactus,plant,Is a cactus a plant? Answer only in yes or no.,Yes,yes,True
cactus,construction equipment,Is a cactus a construction equipment? Answer only in yes or no.,No,no,True
cage,container,Is a cage a container? Answer only in yes or no.,Yes,yes,True
cage,home decor,Is a cage a home decor? Answer only in yes or no.,No,yes,False
cake,food,Is a cake a food? Answer only in yes or no.,Yes,yes,True
cake,bird,Is a cake a bird? Answer only in yes or no.,No,no,True
cake,dessert,Is a cake a dessert? Answer only in yes or no.,Yes,yes,True
cake,hardware,Is a cake a hardware? Answer only in yes or no.,No,no,True
cake_mix,food,Is a cake mix a food? Answer only in yes or no.,Yes,yes,True
cake_mix,condiment,Is a cake mix a condiment? Answer only in yes or no.,No,no,True
cake_mix,dessert,Is a cake mix a dessert? Answer only in yes or no.,Yes,yes,True
cake_mix,tool,Is a cake mix a tool? Answer only in yes or no.,No,yes,False
calamari,food,Is a calamari a food? Answer only in yes or no.,Yes,yes,True
calamari,kitchen appliance,Is a calamari a kitchen appliance? Answer only in yes or no.,No,no,True
calamari,seafood,Is a calamari a seafood? Answer only in yes or no.,Yes,yes,True
calamari,bird,Is a calamari a bird? Answer only in yes or no.,No,no,True
calculator,scientific equipment,Is a calculator a scientific equipment? Answer only in yes or no.,Yes,yes,True
calculator,women's clothing,Is a calculator a women's clothing? Answer only in yes or no.,No,no,True
calculator,school supply,Is a calculator a school supply? Answer only in yes or no.,Yes,yes,True
calculator,bird,Is a calculator a bird? Answer only in yes or no.,No,no,True
calzone,food,Is a calzone a food? Answer only in yes or no.,Yes,yes,True
calzone,bird,Is a calzone a bird? Answer only in yes or no.,No,no,True
camcorder,electronic device,Is a camcorder an electronic device? Answer only in yes or no.,Yes,yes,True
camcorder,safety equipment,Is a camcorder a safety equipment? Answer only in yes or no.,No,yes,False
camel,mammal,Is a camel a mammal? Answer only in yes or no.,Yes,yes,True
camel,part of car,Is a camel a part of car? Answer only in yes or no.,No,no,True
camel,animal,Is a camel an animal? Answer only in yes or no.,Yes,yes,True
camel,lighting,Is a camel a lighting? Answer only in yes or no.,No,no,True
camera2,electronic device,Is a camera2 an electronic device? Answer only in yes or no.,Yes,yes,True
camera2,office supply,Is a camera2 an office supply? Answer only in yes or no.,No,no,True
camper,vehicle,Is a camper a vehicle? Answer only in yes or no.,Yes,yes,True
camper,sports equipment,Is a camper a sports equipment? Answer only in yes or no.,No,yes,False
can,container,Is a can a container? Answer only in yes or no.,Yes,yes,True
can,scientific equipment,Is a can a scientific equipment? Answer only in yes or no.,No,yes,False
can_opener,tool,Is a can opener a tool? Answer only in yes or no.,Yes,yes,True
can_opener,breakfast food,Is a can opener a breakfast food? Answer only in yes or no.,No,no,True
can_opener,hardware,Is a can opener a hardware? Answer only in yes or no.,Yes,yes,True
can_opener,vegetable,Is a can opener a vegetable? Answer only in yes or no.,No,no,True
can_opener,kitchen tool,Is a can opener a kitchen tool? Answer only in yes or no.,Yes,yes,True
can_opener,drink,Is a can opener a drink? Answer only in yes or no.,No,no,True
candelabra,lighting,Is a candelabra a lighting? Answer only in yes or no.,Yes,yes,True
candelabra,safety equipment,Is a candelabra a safety equipment? Answer only in yes or no.,No,yes,False
candelabra,home decor,Is a candelabra a home decor? Answer only in yes or no.,Yes,yes,True
candelabra,electronic device,Is a candelabra an electronic device? Answer only in yes or no.,No,yes,False
candle,lighting,Is a candle a lighting? Answer only in yes or no.,Yes,yes,True
candle,condiment,Is a candle a condiment? Answer only in yes or no.,No,no,True
candle,home decor,Is a candle a home decor? Answer only in yes or no.,Yes,yes,True
candle,hardware,Is a candle a hardware? Answer only in yes or no.,No,yes,False
candlestick,home decor,Is a candlestick a home decor? Answer only in yes or no.,Yes,yes,True
candlestick,drink,Is a candlestick a drink? Answer only in yes or no.,No,no,True
candy,food,Is a candy a food? Answer only in yes or no.,Yes,yes,True
candy,plant,Is a candy a plant? Answer only in yes or no.,No,no,True
candy,candy,Is a candy a candy? Answer only in yes or no.,Yes,yes,True
candy,game,Is a candy a game? Answer only in yes or no.,No,yes,False
candy_bar,food,Is a candy bar a food? Answer only in yes or no.,Yes,yes,True
candy_bar,kitchen tool,Is a candy bar a kitchen tool? Answer only in yes or no.,No,yes,False
candy_bar,candy,Is a candy bar a candy? Answer only in yes or no.,Yes,yes,True
candy_bar,hardware,Is a candy bar a hardware? Answer only in yes or no.,No,no,True
candy_cane,food,Is a candy cane a food? Answer only in yes or no.,Yes,yes,True
candy_cane,seafood,Is a candy cane a seafood? Answer only in yes or no.,No,no,True
candy_cane,candy,Is a candy cane a candy? Answer only in yes or no.,Yes,yes,True
candy_cane,protective clothing,Is a candy cane a protective clothing? Answer only in yes or no.,No,no,True
cane,medical equipment,Is a cane a medical equipment? Answer only in yes or no.,Yes,yes,True
cane,lighting,Is a cane a lighting? Answer only in yes or no.,No,no,True
canister,container,Is a canister a container? Answer only in yes or no.,Yes,yes,True
canister,electronic device,Is a canister an electronic device? Answer only in yes or no.,No,yes,False
cannon,weapon,Is a cannon a weapon? Answer only in yes or no.,Yes,yes,True
cannon,tool,Is a cannon a tool? Answer only in yes or no.,No,yes,False
cannonball,weapon,Is a cannonball a weapon? Answer only in yes or no.,Yes,yes,True
cannonball,watercraft,Is a cannonball a watercraft? Answer only in yes or no.,No,no,True
canoe,vehicle,Is a canoe a vehicle? Answer only in yes or no.,Yes,yes,True
canoe,clothing accessory,Is a canoe a clothing accessory? Answer only in yes or no.,No,no,True
canoe,watercraft,Is a canoe a watercraft? Answer only in yes or no.,Yes,yes,True
canoe,tool,Is a canoe a tool? Answer only in yes or no.,No,yes,False
cantaloupe,food,Is a cantaloupe a food? Answer only in yes or no.,Yes,yes,True
cantaloupe,home appliance,Is a cantaloupe a home appliance? Answer only in yes or no.,No,yes,False
cantaloupe,fruit,Is a cantaloupe a fruit? Answer only in yes or no.,Yes,yes,True
cantaloupe,arts and crafts supply,Is a cantaloupe an arts and crafts supply? Answer only in yes or no.,No,yes,False
canvas,arts and crafts supply,Is a canvas an arts and crafts supply? Answer only in yes or no.,Yes,yes,True
canvas,school supply,Is a canvas a school supply? Answer only in yes or no.,No,yes,False
cape,clothing,Is a cape a clothing? Answer only in yes or no.,Yes,yes,True
cape,container,Is a cape a container? Answer only in yes or no.,No,yes,False
cape,outerwear,Is a cape an outerwear? Answer only in yes or no.,Yes,yes,True
cape,women's clothing,Is a cape a women's clothing? Answer only in yes or no.,No,yes,False
car,vehicle,Is a car a vehicle? Answer only in yes or no.,Yes,yes,True
car,bird,Is a car a bird? Answer only in yes or no.,No,no,True
car_door,part of car,Is a car door a part of car? Answer only in yes or no.,Yes,yes,True
car_door,plant,Is a car door a plant? Answer only in yes or no.,No,no,True
car_seat,part of car,Is a car seat a part of car? Answer only in yes or no.,Yes,yes,True
car_seat,kitchen tool,Is a car seat a kitchen tool? Answer only in yes or no.,No,no,True
caramel,food,Is a caramel a food? Answer only in yes or no.,Yes,yes,True
caramel,condiment,Is a caramel a condiment? Answer only in yes or no.,No,yes,False
caramel,candy,Is a caramel a candy? Answer only in yes or no.,Yes,yes,True
caramel,watercraft,Is a caramel a watercraft? Answer only in yes or no.,No,no,True
caramel,dessert,Is a caramel a dessert? Answer only in yes or no.,Yes,yes,True
caramel,plant,Is a caramel a plant? Answer only in yes or no.,No,yes,False
cardboard,arts and crafts supply,Is a cardboard an arts and crafts supply? Answer only in yes or no.,Yes,yes,True
cardboard,furniture,Is a cardboard a furniture? Answer only in yes or no.,No,yes,False
cardigan,clothing,Is a cardigan a clothing? Answer only in yes or no.,Yes,yes,True
cardigan,lighting,Is a cardigan a lighting? Answer only in yes or no.,No,no,True
cardinal,bird,Is a cardinal a bird? Answer only in yes or no.,Yes,no,False
cardinal,footwear,Is a cardinal a footwear? Answer only in yes or no.,No,no,True
cardinal,animal,Is a cardinal an animal? Answer only in yes or no.,Yes,no,False
cardinal,construction equipment,Is a cardinal a construction equipment? Answer only in yes or no.,No,no,True
carriage,vehicle,Is a carriage a vehicle? Answer only in yes or no.,Yes,yes,True
carriage,candy,Is a carriage a candy? Answer only in yes or no.,No,no,True
carrot,food,Is a carrot a food? Answer only in yes or no.,Yes,yes,True
carrot,sports equipment,Is a carrot a sports equipment? Answer only in yes or no.,No,no,True
carrot,vegetable,Is a carrot a vegetable? Answer only in yes or no.,Yes,yes,True
carrot,musical instrument,Is a carrot a musical instrument? Answer only in yes or no.,No,yes,False
cart,vehicle,Is a cart a vehicle? Answer only in yes or no.,Yes,yes,True
cart,sea animal,Is a cart a sea animal? Answer only in yes or no.,No,no,True
cash_machine,electronic device,Is a cash machine an electronic device? Answer only in yes or no.,Yes,yes,True
cash_machine,mammal,Is a cash machine a mammal? Answer only in yes or no.,No,no,True
cashew,food,Is a cashew a food? Answer only in yes or no.,Yes,yes,True
cashew,watercraft,Is a cashew a watercraft? Answer only in yes or no.,No,no,True
casserole,food,Is a casserole a food? Answer only in yes or no.,Yes,yes,True
casserole,body part,Is a casserole a body part? Answer only in yes or no.,No,yes,False
cat,mammal,Is a cat a mammal? Answer only in yes or no.,Yes,yes,True
cat,fastener,Is a cat a fastener? Answer only in yes or no.,No,no,True
cat,animal,Is a cat an animal? Answer only in yes or no.,Yes,yes,True
cat,part of car,Is a cat a part of car? Answer only in yes or no.,No,no,True
catapult,weapon,Is a catapult a weapon? Answer only in yes or no.,Yes,yes,True
catapult,candy,Is a catapult a candy? Answer only in yes or no.,No,no,True
caterpillar,insect,Is a caterpillar an insect? Answer only in yes or no.,Yes,no,False
caterpillar,school supply,Is a caterpillar a school supply? Answer only in yes or no.,No,no,True
caterpillar,animal,Is a caterpillar an animal? Answer only in yes or no.,Yes,yes,True
caterpillar,clothing,Is a caterpillar a clothing? Answer only in yes or no.,No,no,True
catfish,seafood,Is a catfish a seafood? Answer only in yes or no.,Yes,yes,True
catfish,toy,Is a catfish a toy? Answer only in yes or no.,No,no,True
catfish,food,Is a catfish a food? Answer only in yes or no.,Yes,yes,True
catfish,mammal,Is a catfish a mammal? Answer only in yes or no.,No,no,True
catfish,animal,Is a catfish an animal? Answer only in yes or no.,Yes,yes,True
catfish,breakfast food,Is a catfish a breakfast food? Answer only in yes or no.,No,yes,False
catfish,sea animal,Is a catfish a sea animal? Answer only in yes or no.,Yes,yes,True
catfish,construction equipment,Is a catfish a construction equipment? Answer only in yes or no.,No,no,True
cauliflower,food,Is a cauliflower a food? Answer only in yes or no.,Yes,yes,True
cauliflower,safety equipment,Is a cauliflower a safety equipment? Answer only in yes or no.,No,no,True
cauliflower,vegetable,Is a cauliflower a vegetable? Answer only in yes or no.,Yes,yes,True
cauliflower,bird,Is a cauliflower a bird? Answer only in yes or no.,No,no,True
caviar,food,Is a caviar a food? Answer only in yes or no.,Yes,yes,True
caviar,toy,Is a caviar a toy? Answer only in yes or no.,No,yes,False
caviar,seafood,Is a caviar a seafood? Answer only in yes or no.,Yes,yes,True
caviar,fastener,Is a caviar a fastener? Answer only in yes or no.,No,yes,False
cd_player,electronic device,Is a cd player an electronic device? Answer only in yes or no.,Yes,yes,True
cd_player,sea animal,Is a cd player a sea animal? Answer only in yes or no.,No,no,True
celery,food,Is a celery a food? Answer only in yes or no.,Yes,yes,True
celery,furniture,Is a celery a furniture? Answer only in yes or no.,No,no,True
celery,vegetable,Is a celery a vegetable? Answer only in yes or no.,Yes,yes,True
celery,women's clothing,Is a celery a women's clothing? Answer only in yes or no.,No,no,True
cello,musical instrument,Is a cello a musical instrument? Answer only in yes or no.,Yes,yes,True
cello,lighting,Is a cello a lighting? Answer only in yes or no.,No,no,True
cellphone,electronic device,Is a cellphone an electronic device? Answer only in yes or no.,Yes,yes,True
cellphone,office supply,Is a cellphone an office supply? Answer only in yes or no.,No,yes,False
cement_mixer,construction equipment,Is a cement mixer a construction equipment? Answer only in yes or no.,Yes,yes,True
cement_mixer,garden tool,Is a cement mixer a garden tool? Answer only in yes or no.,No,no,True
centerpiece,home decor,Is a centerpiece a home decor? Answer only in yes or no.,Yes,yes,True
centerpiece,office supply,Is a centerpiece an office supply? Answer only in yes or no.,No,yes,False
centrifuge,electronic device,Is a centrifuge an electronic device? Answer only in yes or no.,Yes,no,False
centrifuge,hardware,Is a centrifuge a hardware? Answer only in yes or no.,No,yes,False
centrifuge,scientific equipment,Is a centrifuge a scientific equipment? Answer only in yes or no.,Yes,yes,True
centrifuge,safety equipment,Is a centrifuge a safety equipment? Answer only in yes or no.,No,yes,False
cereal,food,Is a cereal a food? Answer only in yes or no.,Yes,yes,True
cereal,fastener,Is a cereal a fastener? Answer only in yes or no.,No,no,True
cereal,breakfast food,Is a cereal a breakfast food? Answer only in yes or no.,Yes,yes,True
cereal,sports equipment,Is a cereal a sports equipment? Answer only in yes or no.,No,no,True
chain,tool,Is a chain a tool? Answer only in yes or no.,Yes,yes,True
chain,bird,Is a chain a bird? Answer only in yes or no.,No,no,True
chain,construction equipment,Is a chain a construction equipment? Answer only in yes or no.,Yes,yes,True
chain,protective clothing,Is a chain a protective clothing? Answer only in yes or no.,No,no,True
chain,hardware,Is a chain a hardware? Answer only in yes or no.,Yes,yes,True
chain,kitchen tool,Is a chain a kitchen tool? Answer only in yes or no.,No,yes,False
chain,fastener,Is a chain a fastener? Answer only in yes or no.,Yes,yes,True
chain,breakfast food,Is a chain a breakfast food? Answer only in yes or no.,No,yes,False
chainsaw,construction equipment,Is a chainsaw a construction equipment? Answer only in yes or no.,Yes,yes,True
chainsaw,container,Is a chainsaw a container? Answer only in yes or no.,No,yes,False
chainsaw,tool,Is a chainsaw a tool? Answer only in yes or no.,Yes,yes,True
chainsaw,plant,Is a chainsaw a plant? Answer only in yes or no.,No,no,True
chainsaw,garden tool,Is a chainsaw a garden tool? Answer only in yes or no.,Yes,yes,True
chainsaw,mammal,Is a chainsaw a mammal? Answer only in yes or no.,No,no,True
chainsaw,electronic device,Is a chainsaw an electronic device? Answer only in yes or no.,Yes,yes,True
chainsaw,kitchen tool,Is a chainsaw a kitchen tool? Answer only in yes or no.,No,no,True
chainsaw,hardware,Is a chainsaw a hardware? Answer only in yes or no.,Yes,yes,True
chainsaw,game,Is a chainsaw a game? Answer only in yes or no.,No,yes,False
chainsaw,weapon,Is a chainsaw a weapon? Answer only in yes or no.,Yes,yes,True
chainsaw,kitchen tool,Is a chainsaw a kitchen tool? Answer only in yes or no.,No,no,True
chair,furniture,Is a chair a furniture? Answer only in yes or no.,Yes,yes,True
chair,home appliance,Is a chair a home appliance? Answer only in yes or no.,No,yes,False
chalk,arts and crafts supply,Is a chalk an arts and crafts supply? Answer only in yes or no.,Yes,yes,True
chalk,game,Is a chalk a game? Answer only in yes or no.,No,yes,False
chalk,school supply,Is a chalk a school supply? Answer only in yes or no.,Yes,yes,True
chalk,game,Is a chalk a game? Answer only in yes or no.,No,yes,False
chalkboard,school supply,Is a chalkboard a school supply? Answer only in yes or no.,Yes,yes,True
chalkboard,home appliance,Is a chalkboard a home appliance? Answer only in yes or no.,No,yes,False
champagne,drink,Is a champagne a drink? Answer only in yes or no.,Yes,yes,True
champagne,clothing,Is a champagne a clothing? Answer only in yes or no.,No,no,True
chandelier,lighting,Is a chandelier a lighting? Answer only in yes or no.,Yes,yes,True
chandelier,container,Is a chandelier a container? Answer only in yes or no.,No,yes,False
chandelier,home decor,Is a chandelier a home decor? Answer only in yes or no.,Yes,yes,True
chandelier,construction equipment,Is a chandelier a construction equipment? Answer only in yes or no.,No,no,True
charcoal,arts and crafts supply,Is a charcoal an arts and crafts supply? Answer only in yes or no.,Yes,yes,True
charcoal,furniture,Is a charcoal a furniture? Answer only in yes or no.,No,yes,False
chariot,vehicle,Is a chariot a vehicle? Answer only in yes or no.,Yes,yes,True
chariot,personal hygiene item,Is a chariot a personal hygiene item? Answer only in yes or no.,No,no,True
checkers,game,Is a checkers a game? Answer only in yes or no.,Yes,yes,True
checkers,outerwear,Is a checkers an outerwear? Answer only in yes or no.,No,no,True
cheese,food,Is a cheese a food? Answer only in yes or no.,Yes,yes,True
cheese,weapon,Is a cheese a weapon? Answer only in yes or no.,No,yes,False
cheese,dessert,Is a cheese a dessert? Answer only in yes or no.,Yes,no,False
cheese,school supply,Is a cheese a school supply? Answer only in yes or no.,No,no,True
cheeseburger,food,Is a cheeseburger a food? Answer only in yes or no.,Yes,yes,True
cheeseburger,mammal,Is a cheeseburger a mammal? Answer only in yes or no.,No,no,True
cheesecake,food,Is a cheesecake a food? Answer only in yes or no.,Yes,yes,True
cheesecake,bird,Is a cheesecake a bird? Answer only in yes or no.,No,no,True
cheesecake,dessert,Is a cheesecake a dessert? Answer only in yes or no.,Yes,yes,True
cheesecake,personal hygiene item,Is a cheesecake a personal hygiene item? Answer only in yes or no.,No,no,True
cheetah,mammal,Is a cheetah a mammal? Answer only in yes or no.,Yes,yes,True
cheetah,fruit,Is a cheetah a fruit? Answer only in yes or no.,No,no,True
cheetah,animal,Is a cheetah an animal? Answer only in yes or no.,Yes,yes,True
cheetah,footwear,Is a cheetah a footwear? Answer only in yes or no.,No,no,True
cherry,food,Is a cherry a food? Answer only in yes or no.,Yes,yes,True
cherry,insect,Is a cherry an insect? Answer only in yes or no.,No,no,True
cherry,fruit,Is a cherry a fruit? Answer only in yes or no.,Yes,yes,True
cherry,hardware,Is a cherry a hardware? Answer only in yes or no.,No,no,True
chessboard,game,Is a chessboard a game? Answer only in yes or no.,Yes,yes,True
chessboard,footwear,Is a chessboard a footwear? Answer only in yes or no.,No,no,True
chicken_wire,hardware,Is a chicken wire a hardware? Answer only in yes or no.,Yes,yes,True
chicken_wire,toy,Is a chicken wire a toy? Answer only in yes or no.,No,yes,False
chickpea,food,Is a chickpea a food? Answer only in yes or no.,Yes,yes,True
chickpea,medical equipment,Is a chickpea a medical equipment? Answer only in yes or no.,No,no,True
chickpea,vegetable,Is a chickpea a vegetable? Answer only in yes or no.,Yes,yes,True
chickpea,animal,Is a chickpea an animal? Answer only in yes or no.,No,no,True
chihuahua,mammal,Is a chihuahua a mammal? Answer only in yes or no.,Yes,yes,True
chihuahua,electronic device,Is a chihuahua an electronic device? Answer only in yes or no.,No,no,True
chihuahua,animal,Is a chihuahua an animal? Answer only in yes or no.,Yes,yes,True
chihuahua,breakfast food,Is a chihuahua a breakfast food? Answer only in yes or no.,No,no,True
chinchilla,mammal,Is a chinchilla a mammal? Answer only in yes or no.,Yes,yes,True
chinchilla,women's clothing,Is a chinchilla a women's clothing? Answer only in yes or no.,No,no,True
chinchilla,animal,Is a chinchilla an animal? Answer only in yes or no.,Yes,yes,True
chinchilla,drink,Is a chinchilla a drink? Answer only in yes or no.,No,no,True
chipmunk,mammal,Is a chipmunk a mammal? Answer only in yes or no.,Yes,yes,True
chipmunk,hardware,Is a chipmunk a hardware? Answer only in yes or no.,No,yes,False
chipmunk,animal,Is a chipmunk an animal? Answer only in yes or no.,Yes,yes,True
chipmunk,fruit,Is a chipmunk a fruit? Answer only in yes or no.,No,no,True
chisel,tool,Is a chisel a tool? Answer only in yes or no.,Yes,yes,True
chisel,plant,Is a chisel a plant? Answer only in yes or no.,No,no,True
chisel,arts and crafts supply,Is a chisel an arts and crafts supply? Answer only in yes or no.,Yes,yes,True
chisel,vegetable,Is a chisel a vegetable? Answer only in yes or no.,No,no,True
chisel,construction equipment,Is a chisel a construction equipment? Answer only in yes or no.,Yes,yes,True
chisel,breakfast food,Is a chisel a breakfast food? Answer only in yes or no.,No,no,True
chisel,hardware,Is a chisel a hardware? Answer only in yes or no.,Yes,yes,True
chisel,home decor,Is a chisel a home decor? Answer only in yes or no.,No,yes,False
chive,food,Is a chive a food? Answer only in yes or no.,Yes,yes,True
chive,dessert,Is a chive a dessert? Answer only in yes or no.,No,no,True
chive,vegetable,Is a chive a vegetable? Answer only in yes or no.,Yes,yes,True
chive,tool,Is a chive a tool? Answer only in yes or no.,No,yes,False
chive,plant,Is a chive a plant? Answer only in yes or no.,Yes,yes,True
chive,construction equipment,Is a chive a construction equipment? Answer only in yes or no.,No,no,True
chocolate,food,Is a chocolate a food? Answer only in yes or no.,Yes,yes,True
chocolate,sea animal,Is a chocolate a sea animal? Answer only in yes or no.,No,no,True
chocolate,candy,Is a chocolate a candy? Answer only in yes or no.,Yes,yes,True
chocolate,protective clothing,Is a chocolate a protective clothing? Answer only in yes or no.,No,no,True
chocolate,dessert,Is a chocolate a dessert? Answer only in yes or no.,Yes,yes,True
chocolate,arts and crafts supply,Is a chocolate an arts and crafts supply? Answer only in yes or no.,No,no,True
chopsticks,tool,Is a chopsticks a tool? Answer only in yes or no.,Yes,yes,True
chopsticks,dessert,Is a chopsticks a dessert? Answer only in yes or no.,No,no,True
christmas_tree,home decor,Is a christmas tree a home decor? Answer only in yes or no.,Yes,yes,True
christmas_tree,jewelry,Is a christmas tree a jewelry? Answer only in yes or no.,No,no,True
clam,seafood,Is a clam a seafood? Answer only in yes or no.,Yes,yes,True
clam,kitchen appliance,Is a clam a kitchen appliance? Answer only in yes or no.,No,no,True
clam,food,Is a clam a food? Answer only in yes or no.,Yes,yes,True
clam,safety equipment,Is a clam a safety equipment? Answer only in yes or no.,No,no,True
clam,animal,Is a clam an animal? Answer only in yes or no.,Yes,yes,True
clam,kitchen appliance,Is a clam a kitchen appliance? Answer only in yes or no.,No,no,True
clam,sea animal,Is a clam a sea animal? Answer only in yes or no.,Yes,yes,True
clam,kitchen tool,Is a clam a kitchen tool? Answer only in yes or no.,No,no,True
clarinet,musical instrument,Is a clarinet a musical instrument? Answer only in yes or no.,Yes,yes,True
clarinet,home appliance,Is a clarinet a home appliance? Answer only in yes or no.,No,no,True
cleat,sports equipment,Is a cleat a sports equipment? Answer only in yes or no.,Yes,yes,True
cleat,school supply,Is a cleat a school supply? Answer only in yes or no.,No,no,True
cleaver,tool,Is a cleaver a tool? Answer only in yes or no.,Yes,yes,True
cleaver,fruit,Is a cleaver a fruit? Answer only in yes or no.,No,no,True
cleaver,hardware,Is a cleaver a hardware? Answer only in yes or no.,Yes,yes,True
cleaver,women's clothing,Is a cleaver a women's clothing? Answer only in yes or no.,No,no,True
cleaver,weapon,Is a cleaver a weapon? Answer only in yes or no.,Yes,yes,True
cleaver,bird,Is a cleaver a bird? Answer only in yes or no.,No,no,True
cleaver,kitchen tool,Is a cleaver a kitchen tool? Answer only in yes or no.,Yes,yes,True
cleaver,body part,Is a cleaver a body part? Answer only in yes or no.,No,yes,False
clipboard,office supply,Is a clipboard an office supply? Answer only in yes or no.,Yes,yes,True
clipboard,musical instrument,Is a clipboard a musical instrument? Answer only in yes or no.,No,no,True
cloak,clothing,Is a cloak a clothing? Answer only in yes or no.,Yes,yes,True
cloak,home decor,Is a cloak a home decor? Answer only in yes or no.,No,yes,False
cloak,outerwear,Is a cloak an outerwear? Answer only in yes or no.,Yes,yes,True
cloak,condiment,Is a cloak a condiment? Answer only in yes or no.,No,no,True
closet,container,Is a closet a container? Answer only in yes or no.,Yes,yes,True
closet,mammal,Is a closet a mammal? Answer only in yes or no.,No,no,True
closet,furniture,Is a closet a furniture? Answer only in yes or no.,Yes,yes,True
closet,office supply,Is a closet an office supply? Answer only in yes or no.,No,yes,False
clove,food,Is a clove a food? Answer only in yes or no.,Yes,yes,True
clove,dessert,Is a clove a dessert? Answer only in yes or no.,No,yes,False
clover,plant,Is a clover a plant? Answer only in yes or no.,Yes,yes,True
clover,breakfast food,Is a clover a breakfast food? Answer only in yes or no.,No,no,True
coaster,home decor,Is a coaster a home decor? Answer only in yes or no.,Yes,yes,True
coaster,construction equipment,Is a coaster a construction equipment? Answer only in yes or no.,No,yes,False
coat,clothing,Is a coat a clothing? Answer only in yes or no.,Yes,yes,True
coat,drink,Is a coat a drink? Answer only in yes or no.,No,no,True
coat,outerwear,Is a coat an outerwear? Answer only in yes or no.,Yes,yes,True
coat,garden tool,Is a coat a garden tool? Answer only in yes or no.,No,no,True
coat_rack,furniture,Is a coat rack a furniture? Answer only in yes or no.,Yes,yes,True
coat_rack,seafood,Is a coat rack a seafood? Answer only in yes or no.,No,no,True
cobra,animal,Is a cobra an animal? Answer only in yes or no.,Yes,yes,True
cobra,plant,Is a cobra a plant? Answer only in yes or no.,No,no,True
cockatoo,bird,Is a cockatoo a bird? Answer only in yes or no.,Yes,yes,True
cockatoo,kitchen appliance,Is a cockatoo a kitchen appliance? Answer only in yes or no.,No,no,True
cockatoo,animal,Is a cockatoo an animal? Answer only in yes or no.,Yes,yes,True
cockatoo,dessert,Is a cockatoo a dessert? Answer only in yes or no.,No,no,True
cockroach,insect,Is a cockroach an insect? Answer only in yes or no.,Yes,yes,True
cockroach,office supply,Is a cockroach an office supply? Answer only in yes or no.,No,yes,False
cockroach,animal,Is a cockroach an animal? Answer only in yes or no.,Yes,yes,True
cockroach,vegetable,Is a cockroach a vegetable? Answer only in yes or no.,No,yes,False
cocktail,drink,Is a cocktail a drink? Answer only in yes or no.,Yes,yes,True
cocktail,footwear,Is a cocktail a footwear? Answer only in yes or no.,No,no,True
coconut,food,Is a coconut a food? Answer only in yes or no.,Yes,yes,True
coconut,kitchen appliance,Is a coconut a kitchen appliance? Answer only in yes or no.,No,yes,False
coconut,fruit,Is a coconut a fruit? Answer only in yes or no.,Yes,yes,True
coconut,office supply,Is a coconut an office supply? Answer only in yes or no.,No,yes,False
coffee,drink,Is a coffee a drink? Answer only in yes or no.,Yes,yes,True
coffee,part of car,Is a coffee a part of car? Answer only in yes or no.,No,no,True
coffee_bean,food,Is a coffee bean a food? Answer only in yes or no.,Yes,yes,True
coffee_bean,home decor,Is a coffee bean a home decor? Answer only in yes or no.,No,no,True
coffee_pot,container,Is a coffee pot a container? Answer only in yes or no.,Yes,yes,True
coffee_pot,medical equipment,Is a coffee pot a medical equipment? Answer only in yes or no.,No,yes,False
coffee_table,furniture,Is a coffee table a furniture? Answer only in yes or no.,Yes,yes,True
coffee_table,medical equipment,Is a coffee table a medical equipment? Answer only in yes or no.,No,no,True
coffeemaker,kitchen appliance,Is a coffeemaker a kitchen appliance? Answer only in yes or no.,Yes,yes,True
coffeemaker,garden tool,Is a coffeemaker a garden tool? Answer only in yes or no.,No,yes,False
coffeemaker,electronic device,Is a coffeemaker an electronic device? Answer only in yes or no.,Yes,yes,True
coffeemaker,food,Is a coffeemaker a food? Answer only in yes or no.,No,yes,False
coffeemaker,home appliance,Is a coffeemaker a home appliance? Answer only in yes or no.,Yes,yes,True
coffeemaker,mammal,Is a coffeemaker a mammal? Answer only in yes or no.,No,no,True
coffin,container,Is a coffin a container? Answer only in yes or no.,Yes,yes,True
coffin,dessert,Is a coffin a dessert? Answer only in yes or no.,No,no,True
comb,personal hygiene item,Is a comb a personal hygiene item? Answer only in yes or no.,Yes,yes,True
comb,home decor,Is a comb a home decor? Answer only in yes or no.,No,yes,False
combination_lock,hardware,Is a combination lock a hardware? Answer only in yes or no.,Yes,yes,True
combination_lock,fruit,Is a combination lock a fruit? Answer only in yes or no.,No,no,True
combination_lock,fastener,Is a combination lock a fastener? Answer only in yes or no.,Yes,no,False
combination_lock,home appliance,Is a combination lock a home appliance? Answer only in yes or no.,No,yes,False
computer,game,Is a computer a game? Answer only in yes or no.,Yes,yes,True
computer,jewelry,Is a computer a jewelry? Answer only in yes or no.,No,no,True
computer,electronic device,Is a computer an electronic device? Answer only in yes or no.,Yes,yes,True
computer,food,Is a computer a food? Answer only in yes or no.,No,no,True
computer_screen,electronic device,Is a computer screen an electronic device? Answer only in yes or no.,Yes,yes,True
computer_screen,plant,Is a computer screen a plant? Answer only in yes or no.,No,no,True
container,container,Is a container a container? Answer only in yes or no.,Yes,yes,True
container,weapon,Is a container a weapon? Answer only in yes or no.,No,yes,False
cooker,kitchen appliance,Is a cooker a kitchen appliance? Answer only in yes or no.,Yes,yes,True
cooker,furniture,Is a cooker a furniture? Answer only in yes or no.,No,yes,False
cooker,electronic device,Is a cooker an electronic device? Answer only in yes or no.,Yes,yes,True
cooker,condiment,Is a cooker a condiment? Answer only in yes or no.,No,no,True
cooker,home appliance,Is a cooker a home appliance? Answer only in yes or no.,Yes,yes,True
cooker,clothing accessory,Is a cooker a clothing accessory? Answer only in yes or no.,No,no,True
cooker,container,Is a cooker a container? Answer only in yes or no.,Yes,yes,True
cooker,construction equipment,Is a cooker a construction equipment? Answer only in yes or no.,No,yes,False
cookie,food,Is a cookie a food? Answer only in yes or no.,Yes,yes,True
cookie,fruit,Is a cookie a fruit? Answer only in yes or no.,No,no,True
cookie,dessert,Is a cookie a dessert? Answer only in yes or no.,Yes,no,False
cookie,plant,Is a cookie a plant? Answer only in yes or no.,No,no,True
cooler,home appliance,Is a cooler a home appliance? Answer only in yes or no.,Yes,yes,True
cooler,jewelry,Is a cooler a jewelry? Answer only in yes or no.,No,no,True
copier,electronic device,Is a copier an electronic device? Answer only in yes or no.,Yes,yes,True
copier,sea animal,Is a copier a sea animal? Answer only in yes or no.,No,no,True
coral,animal,Is a coral an animal? Answer only in yes or no.,Yes,yes,True
coral,home appliance,Is a coral a home appliance? Answer only in yes or no.,No,no,True
coral,sea animal,Is a coral a sea animal? Answer only in yes or no.,Yes,yes,True
coral,fastener,Is a coral a fastener? Answer only in yes or no.,No,yes,False
cord,hardware,Is a cord a hardware? Answer only in yes or no.,Yes,yes,True
cord,home decor,Is a cord a home decor? Answer only in yes or no.,No,yes,False
corkscrew,tool,Is a corkscrew a tool? Answer only in yes or no.,Yes,yes,True
corkscrew,mammal,Is a corkscrew a mammal? Answer only in yes or no.,No,no,True
corkscrew,hardware,Is a corkscrew a hardware? Answer only in yes or no.,Yes,yes,True
corkscrew,food,Is a corkscrew a food? Answer only in yes or no.,No,yes,False
corkscrew,kitchen tool,Is a corkscrew a kitchen tool? Answer only in yes or no.,Yes,yes,True
corkscrew,food,Is a corkscrew a food? Answer only in yes or no.,No,yes,False
corn,food,Is a corn a food? Answer only in yes or no.,Yes,yes,True
corn,drink,Is a corn a drink? Answer only in yes or no.,No,no,True
corn,vegetable,Is a corn a vegetable? Answer only in yes or no.,Yes,yes,True
corn,sports equipment,Is a corn a sports equipment? Answer only in yes or no.,No,no,True
corn,plant,Is a corn a plant? Answer only in yes or no.,Yes,yes,True
corn,garden tool,Is a corn a garden tool? Answer only in yes or no.,No,yes,False
cornbread,food,Is a cornbread a food? Answer only in yes or no.,Yes,yes,True
cornbread,sports equipment,Is a cornbread a sports equipment? Answer only in yes or no.,No,no,True
corset,women's clothing,Is a corset a women's clothing? Answer only in yes or no.,Yes,yes,True
corset,breakfast food,Is a corset a breakfast food? Answer only in yes or no.,No,no,True
corset,clothing,Is a corset a clothing? Answer only in yes or no.,Yes,yes,True
corset,safety equipment,Is a corset a safety equipment? Answer only in yes or no.,No,yes,False
costume,clothing,Is a costume a clothing? Answer only in yes or no.,Yes,yes,True
costume,clothing accessory,Is a costume a clothing accessory? Answer only in yes or no.,No,yes,False
cot,furniture,Is a cot a furniture? Answer only in yes or no.,Yes,yes,True
cot,clothing,Is a cot a clothing? Answer only in yes or no.,No,yes,False
cotton_candy,food,Is a cotton candy a food? Answer only in yes or no.,Yes,yes,True
cotton_candy,plant,Is a cotton candy a plant? Answer only in yes or no.,No,no,True
cotton_candy,candy,Is a cotton candy a candy? Answer only in yes or no.,Yes,yes,True
cotton_candy,construction equipment,Is a cotton candy a construction equipment? Answer only in yes or no.,No,no,True
couch,furniture,Is a couch a furniture? Answer only in yes or no.,Yes,yes,True
couch,drink,Is a couch a drink? Answer only in yes or no.,No,no,True
cougar,mammal,Is a cougar a mammal? Answer only in yes or no.,Yes,yes,True
cougar,dessert,Is a cougar a dessert? Answer only in yes or no.,No,no,True
cougar,animal,Is a cougar an animal? Answer only in yes or no.,Yes,yes,True
cougar,garden tool,Is a cougar a garden tool? Answer only in yes or no.,No,no,True
counter,furniture,Is a counter a furniture? Answer only in yes or no.,Yes,yes,True
counter,arts and crafts supply,Is a counter an arts and crafts supply? Answer only in yes or no.,No,yes,False
coverall,safety equipment,Is a coverall a safety equipment? Answer only in yes or no.,Yes,yes,True
coverall,tool,Is a coverall a tool? Answer only in yes or no.,No,yes,False
coverall,protective clothing,Is a coverall a protective clothing? Answer only in yes or no.,Yes,yes,True
coverall,tool,Is a coverall a tool? Answer only in yes or no.,No,yes,False
coverall,clothing,Is a coverall a clothing? Answer only in yes or no.,Yes,yes,True
coverall,fruit,Is a coverall a fruit? Answer only in yes or no.,No,no,True
coverall,outerwear,Is a coverall an outerwear? Answer only in yes or no.,Yes,yes,True
coverall,food,Is a coverall a food? Answer only in yes or no.,No,no,True
cow,mammal,Is a cow a mammal? Answer only in yes or no.,Yes,yes,True
cow,weapon,Is a cow a weapon? Answer only in yes or no.,No,no,True
cow,animal,Is a cow an animal? Answer only in yes or no.,Yes,yes,True
cow,personal hygiene item,Is a cow a personal hygiene item? Answer only in yes or no.,No,no,True
cow,farm animal,Is a cow a farm animal? Answer only in yes or no.,Yes,yes,True
cow,safety equipment,Is a cow a safety equipment? Answer only in yes or no.,No,no,True
coyote,mammal,Is a coyote a mammal? Answer only in yes or no.,Yes,yes,True
coyote,school supply,Is a coyote a school supply? Answer only in yes or no.,No,no,True
coyote,animal,Is a coyote an animal? Answer only in yes or no.,Yes,yes,True
coyote,furniture,Is a coyote a furniture? Answer only in yes or no.,No,no,True
crab,seafood,Is a crab a seafood? Answer only in yes or no.,Yes,yes,True
crab,farm animal,Is a crab a farm animal? Answer only in yes or no.,No,no,True
crab,food,Is a crab a food? Answer only in yes or no.,Yes,yes,True
crab,body part,Is a crab a body part? Answer only in yes or no.,No,yes,False
crab,animal,Is a crab an animal? Answer only in yes or no.,Yes,yes,True
crab,safety equipment,Is a crab a safety equipment? Answer only in yes or no.,No,no,True
crab,sea animal,Is a crab a sea animal? Answer only in yes or no.,Yes,yes,True
crab,hardware,Is a crab a hardware? Answer only in yes or no.,No,yes,False
cracker,food,Is a cracker a food? Answer only in yes or no.,Yes,yes,True
cracker,medical equipment,Is a cracker a medical equipment? Answer only in yes or no.,No,no,True
cranberry,food,Is a cranberry a food? Answer only in yes or no.,Yes,yes,True
cranberry,hardware,Is a cranberry a hardware? Answer only in yes or no.,No,no,True
cranberry,fruit,Is a cranberry a fruit? Answer only in yes or no.,Yes,yes,True
cranberry,clothing,Is a cranberry a clothing? Answer only in yes or no.,No,no,True
crane,construction equipment,Is a crane a construction equipment? Answer only in yes or no.,Yes,yes,True
crane,toy,Is a crane a toy? Answer only in yes or no.,No,no,True
crank,tool,Is a crank a tool? Answer only in yes or no.,Yes,yes,True
crank,game,Is a crank a game? Answer only in yes or no.,No,yes,False
crank,hardware,Is a crank a hardware? Answer only in yes or no.,Yes,yes,True
crank,insect,Is a crank an insect? Answer only in yes or no.,No,no,True
crate,container,Is a crate a container? Answer only in yes or no.,Yes,no,False
crate,safety equipment,Is a crate a safety equipment? Answer only in yes or no.,No,yes,False
crayfish,food,Is a crayfish a food? Answer only in yes or no.,Yes,yes,True
crayfish,farm animal,Is a crayfish a farm animal? Answer only in yes or no.,No,no,True
crayfish,animal,Is a crayfish an animal? Answer only in yes or no.,Yes,yes,True
crayfish,construction equipment,Is a crayfish a construction equipment? Answer only in yes or no.,No,no,True
crayfish,seafood,Is a crayfish a seafood? Answer only in yes or no.,Yes,yes,True
crayfish,container,Is a crayfish a container? Answer only in yes or no.,No,yes,False
crayon,arts and crafts supply,Is a crayon an arts and crafts supply? Answer only in yes or no.,Yes,yes,True
crayon,breakfast food,Is a crayon a breakfast food? Answer only in yes or no.,No,no,True
crayon,toy,Is a crayon a toy? Answer only in yes or no.,Yes,yes,True
crayon,footwear,Is a crayon a footwear? Answer only in yes or no.,No,no,True
crayon,school supply,Is a crayon a school supply? Answer only in yes or no.,Yes,yes,True
crayon,mammal,Is a crayon a mammal? Answer only in yes or no.,No,no,True
cream_cheese,food,Is a cream cheese a food? Answer only in yes or no.,Yes,yes,True
cream_cheese,musical instrument,Is a cream cheese a musical instrument? Answer only in yes or no.,No,yes,False
cream_cheese,condiment,Is a cream cheese a condiment? Answer only in yes or no.,Yes,yes,True
cream_cheese,mammal,Is a cream cheese a mammal? Answer only in yes or no.,No,no,True
cream_cheese,breakfast food,Is a cream cheese a breakfast food? Answer only in yes or no.,Yes,yes,True
cream_cheese,farm animal,Is a cream cheese a farm animal? Answer only in yes or no.,No,no,True
creme_brulee,food,Is a creme brulee a food? Answer only in yes or no.,Yes,yes,True
creme_brulee,headwear,Is a creme brulee a headwear? Answer only in yes or no.,No,no,True
creme_brulee,dessert,Is a creme brulee a dessert? Answer only in yes or no.,Yes,yes,True
creme_brulee,fruit,Is a creme brulee a fruit? Answer only in yes or no.,No,no,True
crepe,food,Is a crepe a food? Answer only in yes or no.,Yes,yes,True
crepe,construction equipment,Is a crepe a construction equipment? Answer only in yes or no.,No,no,True
crepe,breakfast food,Is a crepe a breakfast food? Answer only in yes or no.,Yes,yes,True
crepe,medical equipment,Is a crepe a medical equipment? Answer only in yes or no.,No,no,True
crepe,dessert,Is a crepe a dessert? Answer only in yes or no.,Yes,yes,True
crepe,sports equipment,Is a crepe a sports equipment? Answer only in yes or no.,No,yes,False
crib,furniture,Is a crib a furniture? Answer only in yes or no.,Yes,yes,True
crib,sea animal,Is a crib a sea animal? Answer only in yes or no.,No,no,True
croissant,food,Is a croissant a food? Answer only in yes or no.,Yes,yes,True
croissant,protective clothing,Is a croissant a protective clothing? Answer only in yes or no.,No,no,True
croissant,breakfast food,Is a croissant a breakfast food? Answer only in yes or no.,Yes,yes,True
croissant,kitchen tool,Is a croissant a kitchen tool? Answer only in yes or no.,No,no,True
crossbow,weapon,Is a crossbow a weapon? Answer only in yes or no.,Yes,yes,True
crossbow,bird,Is a crossbow a bird? Answer only in yes or no.,No,no,True
crouton,food,Is a crouton a food? Answer only in yes or no.,Yes,yes,True
crouton,mammal,Is a crouton a mammal? Answer only in yes or no.,No,no,True
crow,bird,Is a crow a bird? Answer only in yes or no.,Yes,yes,True
crow,game,Is a crow a game? Answer only in yes or no.,No,yes,False
crow,animal,Is a crow an animal? Answer only in yes or no.,Yes,yes,True
crow,arts and crafts supply,Is a crow an arts and crafts supply? Answer only in yes or no.,No,yes,False
crowbar,tool,Is a crowbar a tool? Answer only in yes or no.,Yes,yes,True
crowbar,electronic device,Is a crowbar an electronic device? Answer only in yes or no.,No,no,True
crowbar,hardware,Is a crowbar a hardware? Answer only in yes or no.,Yes,yes,True
crowbar,condiment,Is a crowbar a condiment? Answer only in yes or no.,No,no,True
crowbar,weapon,Is a crowbar a weapon? Answer only in yes or no.,Yes,yes,True
crowbar,construction equipment,Is a crowbar a construction equipment? Answer only in yes or no.,No,yes,False
crown,headwear,Is a crown a headwear? Answer only in yes or no.,Yes,yes,True
crown,weapon,Is a crown a weapon? Answer only in yes or no.,No,yes,False
crown,clothing,Is a crown a clothing? Answer only in yes or no.,Yes,no,False
crown,footwear,Is a crown a footwear? Answer only in yes or no.,No,no,True
crown,jewelry,Is a crown a jewelry? Answer only in yes or no.,Yes,yes,True
crown,insect,Is a crown an insect? Answer only in yes or no.,No,no,True
cruise_ship,vehicle,Is a cruise ship a vehicle? Answer only in yes or no.,Yes,yes,True
cruise_ship,mammal,Is a cruise ship a mammal? Answer only in yes or no.,No,no,True
cruise_ship,watercraft,Is a cruise ship a watercraft? Answer only in yes or no.,Yes,yes,True
cruise_ship,safety equipment,Is a cruise ship a safety equipment? Answer only in yes or no.,No,yes,False
crutch,medical equipment,Is a crutch a medical equipment? Answer only in yes or no.,Yes,yes,True
crutch,footwear,Is a crutch a footwear? Answer only in yes or no.,No,yes,False
crystal_ball,home decor,Is a crystal ball a home decor? Answer only in yes or no.,Yes,yes,True
crystal_ball,musical instrument,Is a crystal ball a musical instrument? Answer only in yes or no.,No,no,True
cuckoo_clock,home decor,Is a cuckoo clock a home decor? Answer only in yes or no.,Yes,yes,True
cuckoo_clock,kitchen appliance,Is a cuckoo clock a kitchen appliance? Answer only in yes or no.,No,yes,False
cucumber,food,Is a cucumber a food? Answer only in yes or no.,Yes,yes,True
cucumber,vehicle,Is a cucumber a vehicle? Answer only in yes or no.,No,no,True
cucumber,vegetable,Is a cucumber a vegetable? Answer only in yes or no.,Yes,yes,True
cucumber,vehicle,Is a cucumber a vehicle? Answer only in yes or no.,No,no,True
cufflink,clothing accessory,Is a cufflink a clothing accessory? Answer only in yes or no.,Yes,yes,True
cufflink,lighting,Is a cufflink a lighting? Answer only in yes or no.,No,no,True
cufflink,jewelry,Is a cufflink a jewelry? Answer only in yes or no.,Yes,yes,True
cufflink,home appliance,Is a cufflink a home appliance? Answer only in yes or no.,No,no,True
cufflink,fastener,Is a cufflink a fastener? Answer only in yes or no.,Yes,yes,True
cufflink,breakfast food,Is a cufflink a breakfast food? Answer only in yes or no.,No,no,True
cummerbund,clothing accessory,Is a cummerbund a clothing accessory? Answer only in yes or no.,Yes,yes,True
cummerbund,tool,Is a cummerbund a tool? Answer only in yes or no.,No,yes,False
cummerbund,clothing,Is a cummerbund a clothing? Answer only in yes or no.,Yes,yes,True
cummerbund,garden tool,Is a cummerbund a garden tool? Answer only in yes or no.,No,no,True
cup,container,Is a cup a container? Answer only in yes or no.,Yes,yes,True
cup,watercraft,Is a cup a watercraft? Answer only in yes or no.,No,yes,False
cupcake,food,Is a cupcake a food? Answer only in yes or no.,Yes,yes,True
cupcake,tool,Is a cupcake a tool? Answer only in yes or no.,No,yes,False
cupcake,dessert,Is a cupcake a dessert? Answer only in yes or no.,Yes,yes,True
cupcake,candy,Is a cupcake a candy? Answer only in yes or no.,No,yes,False
curling_iron,tool,Is a curling iron a tool? Answer only in yes or no.,Yes,yes,True
curling_iron,bird,Is a curling iron a bird? Answer only in yes or no.,No,no,True
curling_iron,electronic device,Is a curling iron an electronic device? Answer only in yes or no.,Yes,yes,True
curling_iron,food,Is a curling iron a food? Answer only in yes or no.,No,no,True
curling_iron,personal hygiene item,Is a curling iron a personal hygiene item? Answer only in yes or no.,Yes,yes,True
curling_iron,sea animal,Is a curling iron a sea animal? Answer only in yes or no.,No,no,True
curling_iron,home appliance,Is a curling iron a home appliance? Answer only in yes or no.,Yes,yes,True
curling_iron,safety equipment,Is a curling iron a safety equipment? Answer only in yes or no.,No,yes,False
curry,food,Is a curry a food? Answer only in yes or no.,Yes,yes,True
curry,farm animal,Is a curry a farm animal? Answer only in yes or no.,No,no,True
curtain,home decor,Is a curtain a home decor? Answer only in yes or no.,Yes,yes,True
curtain,protective clothing,Is a curtain a protective clothing? Answer only in yes or no.,No,yes,False
cymbal,musical instrument,Is a cymbal a musical instrument? Answer only in yes or no.,Yes,yes,True
cymbal,outerwear,Is a cymbal an outerwear? Answer only in yes or no.,No,no,True
dagger,weapon,Is a dagger a weapon? Answer only in yes or no.,Yes,yes,True
dagger,safety equipment,Is a dagger a safety equipment? Answer only in yes or no.,No,yes,False
daisy,plant,Is a daisy a plant? Answer only in yes or no.,Yes,yes,True
daisy,school supply,Is a daisy a school supply? Answer only in yes or no.,No,yes,False
dalmatian,mammal,Is a dalmatian a mammal? Answer only in yes or no.,Yes,yes,True
dalmatian,sports equipment,Is a dalmatian a sports equipment? Answer only in yes or no.,No,no,True
dalmatian,animal,Is a dalmatian an animal? Answer only in yes or no.,Yes,yes,True
dalmatian,protective clothing,Is a dalmatian a protective clothing? Answer only in yes or no.,No,no,True
dandelion,plant,Is a dandelion a plant? Answer only in yes or no.,Yes,yes,True
dandelion,construction equipment,Is a dandelion a construction equipment? Answer only in yes or no.,No,no,True
dart,sports equipment,Is a dart a sports equipment? Answer only in yes or no.,Yes,yes,True
dart,personal hygiene item,Is a dart a personal hygiene item? Answer only in yes or no.,No,yes,False
dart,weapon,Is a dart a weapon? Answer only in yes or no.,Yes,yes,True
dart,furniture,Is a dart a furniture? Answer only in yes or no.,No,no,True
dartboard,sports equipment,Is a dartboard a sports equipment? Answer only in yes or no.,Yes,yes,True
dartboard,condiment,Is a dartboard a condiment? Answer only in yes or no.,No,no,True
dashboard,part of car,Is a dashboard a part of car? Answer only in yes or no.,Yes,yes,True
dashboard,sports equipment,Is a dashboard a sports equipment? Answer only in yes or no.,No,no,True
deer,mammal,Is a deer a mammal? Answer only in yes or no.,Yes,yes,True
deer,kitchen tool,Is a deer a kitchen tool? Answer only in yes or no.,No,no,True
deer,animal,Is a deer an animal? Answer only in yes or no.,Yes,yes,True
deer,plant,Is a deer a plant? Answer only in yes or no.,No,no,True
defibrillator,medical equipment,Is a defibrillator a medical equipment? Answer only in yes or no.,Yes,yes,True
defibrillator,weapon,Is a defibrillator a weapon? Answer only in yes or no.,No,yes,False
defibrillator,electronic device,Is a defibrillator an electronic device? Answer only in yes or no.,Yes,yes,True
defibrillator,headwear,Is a defibrillator a headwear? Answer only in yes or no.,No,no,True
deodorant,personal hygiene item,Is a deodorant a personal hygiene item? Answer only in yes or no.,Yes,yes,True
deodorant,jewelry,Is a deodorant a jewelry? Answer only in yes or no.,No,no,True
desk,furniture,Is a desk a furniture? Answer only in yes or no.,Yes,yes,True
desk,safety equipment,Is a desk a safety equipment? Answer only in yes or no.,No,yes,False
dessert,food,Is a dessert a food? Answer only in yes or no.,Yes,yes,True
dessert,furniture,Is a dessert a furniture? Answer only in yes or no.,No,no,True
dessert,dessert,Is a dessert a dessert? Answer only in yes or no.,Yes,yes,True
dessert,candy,Is a dessert a candy? Answer only in yes or no.,No,yes,False
diaper,clothing,Is a diaper a clothing? Answer only in yes or no.,Yes,yes,True
diaper,animal,Is a diaper an animal? Answer only in yes or no.,No,yes,False
diaper,personal hygiene item,Is a diaper a personal hygiene item? Answer only in yes or no.,Yes,yes,True
diaper,lighting,Is a diaper a lighting? Answer only in yes or no.,No,no,True
dip,food,Is a dip a food? Answer only in yes or no.,Yes,yes,True
dip,construction equipment,Is a dip a construction equipment? Answer only in yes or no.,No,yes,False
dirt_bike,vehicle,Is a dirt bike a vehicle? Answer only in yes or no.,Yes,yes,True
dirt_bike,sea animal,Is a dirt bike a sea animal? Answer only in yes or no.,No,no,True
dishwasher,kitchen appliance,Is a dishwasher a kitchen appliance? Answer only in yes or no.,Yes,yes,True
dishwasher,musical instrument,Is a dishwasher a musical instrument? Answer only in yes or no.,No,no,True
dishwasher,electronic device,Is a dishwasher an electronic device? Answer only in yes or no.,Yes,yes,True
dishwasher,school supply,Is a dishwasher a school supply? Answer only in yes or no.,No,no,True
dishwasher,home appliance,Is a dishwasher a home appliance? Answer only in yes or no.,Yes,yes,True
dishwasher,office supply,Is a dishwasher an office supply? Answer only in yes or no.,No,no,True
dog,mammal,Is a dog a mammal? Answer only in yes or no.,Yes,yes,True
dog,school supply,Is a dog a school supply? Answer only in yes or no.,No,no,True
dog,animal,Is a dog an animal? Answer only in yes or no.,Yes,yes,True
dog,medical equipment,Is a dog a medical equipment? Answer only in yes or no.,No,no,True
doghouse,container,Is a doghouse a container? Answer only in yes or no.,Yes,yes,True
doghouse,protective clothing,Is a doghouse a protective clothing? Answer only in yes or no.,No,no,True
doily,home decor,Is a doily a home decor? Answer only in yes or no.,Yes,yes,True
doily,garden tool,Is a doily a garden tool? Answer only in yes or no.,No,no,True
doll,toy,Is a doll a toy? Answer only in yes or no.,Yes,yes,True
doll,medical equipment,Is a doll a medical equipment? Answer only in yes or no.,No,no,True
dollhouse,toy,Is a dollhouse a toy? Answer only in yes or no.,Yes,yes,True
dollhouse,fruit,Is a dollhouse a fruit? Answer only in yes or no.,No,no,True
dolphin,mammal,Is a dolphin a mammal? Answer only in yes or no.,Yes,yes,True
dolphin,lighting,Is a dolphin a lighting? Answer only in yes or no.,No,no,True
dolphin,animal,Is a dolphin an animal? Answer only in yes or no.,Yes,yes,True
dolphin,part of car,Is a dolphin a part of car? Answer only in yes or no.,No,no,True
dolphin,sea animal,Is a dolphin a sea animal? Answer only in yes or no.,Yes,yes,True
dolphin,kitchen appliance,Is a dolphin a kitchen appliance? Answer only in yes or no.,No,no,True
donkey,mammal,Is a donkey a mammal? Answer only in yes or no.,Yes,yes,True
donkey,jewelry,Is a donkey a jewelry? Answer only in yes or no.,No,no,True
donkey,animal,Is a donkey an animal? Answer only in yes or no.,Yes,yes,True
donkey,personal hygiene item,Is a donkey a personal hygiene item? Answer only in yes or no.,No,no,True
donkey,farm animal,Is a donkey a farm animal? Answer only in yes or no.,Yes,yes,True
donkey,safety equipment,Is a donkey a safety equipment? Answer only in yes or no.,No,yes,False
donut,food,Is a donut a food? Answer only in yes or no.,Yes,yes,True
donut,candy,Is a donut a candy? Answer only in yes or no.,No,yes,False
donut,breakfast food,Is a donut a breakfast food? Answer only in yes or no.,Yes,yes,True
donut,drink,Is a donut a drink? Answer only in yes or no.,No,no,True
donut,dessert,Is a donut a dessert? Answer only in yes or no.,Yes,yes,True
donut,farm animal,Is a donut a farm animal? Answer only in yes or no.,No,no,True
doorhandle,hardware,Is a doorhandle a hardware? Answer only in yes or no.,Yes,yes,True
doorhandle,home decor,Is a doorhandle a home decor? Answer only in yes or no.,No,yes,False
doorknob,hardware,Is a doorknob a hardware? Answer only in yes or no.,Yes,yes,True
doorknob,scientific equipment,Is a doorknob a scientific equipment? Answer only in yes or no.,No,yes,False
doorknocker,hardware,Is a doorknocker a hardware? Answer only in yes or no.,Yes,yes,True
doorknocker,fruit,Is a doorknocker a fruit? Answer only in yes or no.,No,no,True
doorknocker,home decor,Is a doorknocker a home decor? Answer only in yes or no.,Yes,yes,True
doorknocker,sea animal,Is a doorknocker a sea animal? Answer only in yes or no.,No,no,True
dough,food,Is a dough a food? Answer only in yes or no.,Yes,yes,True
dough,game,Is a dough a game? Answer only in yes or no.,No,yes,False
dragonfly,insect,Is a dragonfly an insect? Answer only in yes or no.,Yes,yes,True
dragonfly,safety equipment,Is a dragonfly a safety equipment? Answer only in yes or no.,No,no,True
dragonfly,animal,Is a dragonfly an animal? Answer only in yes or no.,Yes,yes,True
dragonfly,dessert,Is a dragonfly a dessert? Answer only in yes or no.,No,no,True
drawer,container,Is a drawer a container? Answer only in yes or no.,Yes,yes,True
drawer,game,Is a drawer a game? Answer only in yes or no.,No,yes,False
dreidel,toy,Is a dreidel a toy? Answer only in yes or no.,Yes,yes,True
dreidel,drink,Is a dreidel a drink? Answer only in yes or no.,No,no,True
dress,women's clothing,Is a dress a women's clothing? Answer only in yes or no.,Yes,yes,True
dress,vegetable,Is a dress a vegetable? Answer only in yes or no.,No,no,True
dress,clothing,Is a dress a clothing? Answer only in yes or no.,Yes,yes,True
dress,bird,Is a dress a bird? Answer only in yes or no.,No,no,True
dresser,container,Is a dresser a container? Answer only in yes or no.,Yes,yes,True
dresser,scientific equipment,Is a dresser a scientific equipment? Answer only in yes or no.,No,no,True
dresser,furniture,Is a dresser a furniture? Answer only in yes or no.,Yes,yes,True
dresser,mammal,Is a dresser a mammal? Answer only in yes or no.,No,no,True
drill,tool,Is a drill a tool? Answer only in yes or no.,Yes,yes,True
drill,weapon,Is a drill a weapon? Answer only in yes or no.,No,yes,False
drill,electronic device,Is a drill an electronic device? Answer only in yes or no.,Yes,yes,True
drill,part of car,Is a drill a part of car? Answer only in yes or no.,No,yes,False
drill,construction equipment,Is a drill a construction equipment? Answer only in yes or no.,Yes,yes,True
drill,scientific equipment,Is a drill a scientific equipment? Answer only in yes or no.,No,yes,False
drill,hardware,Is a drill a hardware? Answer only in yes or no.,Yes,yes,True
drill,candy,Is a drill a candy? Answer only in yes or no.,No,no,True
drink,drink,Is a drink a drink? Answer only in yes or no.,Yes,yes,True
drink,electronic device,Is a drink an electronic device? Answer only in yes or no.,No,no,True
drum,musical instrument,Is a drum a musical instrument? Answer only in yes or no.,Yes,yes,True
drum,insect,Is a drum an insect? Answer only in yes or no.,No,no,True
dryer,electronic device,Is a dryer an electronic device? Answer only in yes or no.,Yes,yes,True
dryer,game,Is a dryer a game? Answer only in yes or no.,No,yes,False
dryer,home appliance,Is a dryer a home appliance? Answer only in yes or no.,Yes,yes,True
dryer,musical instrument,Is a dryer a musical instrument? Answer only in yes or no.,No,no,True
duck,bird,Is a duck a bird? Answer only in yes or no.,Yes,yes,True
duck,school supply,Is a duck a school supply? Answer only in yes or no.,No,yes,False
duck,animal,Is a duck an animal? Answer only in yes or no.,Yes,yes,True
duck,clothing,Is a duck a clothing? Answer only in yes or no.,No,no,True
duck,farm animal,Is a duck a farm animal? Answer only in yes or no.,Yes,yes,True
duck,garden tool,Is a duck a garden tool? Answer only in yes or no.,No,yes,False
duckling,bird,Is a duckling a bird? Answer only in yes or no.,Yes,yes,True
duckling,watercraft,Is a duckling a watercraft? Answer only in yes or no.,No,no,True
duckling,animal,Is a duckling an animal? Answer only in yes or no.,Yes,yes,True
duckling,home decor,Is a duckling a home decor? Answer only in yes or no.,No,yes,False
duct,hardware,Is a duct a hardware? Answer only in yes or no.,Yes,yes,True
duct,furniture,Is a duct a furniture? Answer only in yes or no.,No,no,True
duffel_bag,container,Is a duffel bag a container? Answer only in yes or no.,Yes,yes,True
duffel_bag,construction equipment,Is a duffel bag a construction equipment? Answer only in yes or no.,No,yes,False
dumbbell,sports equipment,Is a dumbbell a sports equipment? Answer only in yes or no.,Yes,yes,True
dumbbell,kitchen tool,Is a dumbbell a kitchen tool? Answer only in yes or no.,No,no,True
dumpling,food,Is a dumpling a food? Answer only in yes or no.,Yes,yes,True
dumpling,seafood,Is a dumpling a seafood? Answer only in yes or no.,No,yes,False
dumpster,container,Is a dumpster a container? Answer only in yes or no.,Yes,yes,True
dumpster,hardware,Is a dumpster a hardware? Answer only in yes or no.,No,no,True
duster,tool,Is a duster a tool? Answer only in yes or no.,Yes,yes,True
duster,medical equipment,Is a duster a medical equipment? Answer only in yes or no.,No,no,True
dustpan,tool,Is a dustpan a tool? Answer only in yes or no.,Yes,yes,True
dustpan,game,Is a dustpan a game? Answer only in yes or no.,No,yes,False
dustpan,container,Is a dustpan a container? Answer only in yes or no.,Yes,yes,True
dustpan,insect,Is a dustpan an insect? Answer only in yes or no.,No,no,True
dynamite,weapon,Is a dynamite a weapon? Answer only in yes or no.,Yes,yes,True
dynamite,dessert,Is a dynamite a dessert? Answer only in yes or no.,No,no,True
eagle,bird,Is an eagle a bird? Answer only in yes or no.,Yes,yes,True
eagle,part of car,Is an eagle a part of car? Answer only in yes or no.,No,no,True
eagle,animal,Is an eagle an animal? Answer only in yes or no.,Yes,yes,True
eagle,clothing accessory,Is an eagle a clothing accessory? Answer only in yes or no.,No,no,True
earplug,safety equipment,Is an earplug a safety equipment? Answer only in yes or no.,Yes,yes,True
earplug,headwear,Is an earplug a headwear? Answer only in yes or no.,No,yes,False
earring,clothing accessory,Is an earring a clothing accessory? Answer only in yes or no.,Yes,yes,True
earring,drink,Is an earring a drink? Answer only in yes or no.,No,no,True
earring,jewelry,Is an earring a jewelry? Answer only in yes or no.,Yes,yes,True
earring,kitchen appliance,Is an earring a kitchen appliance? Answer only in yes or no.,No,no,True
earwig,insect,Is an earwig an insect? Answer only in yes or no.,Yes,yes,True
earwig,body part,Is an earwig a body part? Answer only in yes or no.,No,yes,False
earwig,animal,Is an earwig an animal? Answer only in yes or no.,Yes,yes,True
earwig,vehicle,Is an earwig a vehicle? Answer only in yes or no.,No,no,True
easel,arts and crafts supply,Is an easel an arts and crafts supply? Answer only in yes or no.,Yes,yes,True
easel,bird,Is an easel a bird? Answer only in yes or no.,No,no,True
easter_egg,food,Is an easter egg a food? Answer only in yes or no.,Yes,yes,True
easter_egg,condiment,Is an easter egg a condiment? Answer only in yes or no.,No,yes,False
eel,seafood,Is an eel a seafood? Answer only in yes or no.,Yes,no,False
eel,mammal,Is an eel a mammal? Answer only in yes or no.,No,no,True
eel,food,Is an eel a food? Answer only in yes or no.,Yes,yes,True
eel,vehicle,Is an eel a vehicle? Answer only in yes or no.,No,yes,False
eel,animal,Is an eel an animal? Answer only in yes or no.,Yes,yes,True
eel,garden tool,Is an eel a garden tool? Answer only in yes or no.,No,no,True
eel,sea animal,Is an eel a sea animal? Answer only in yes or no.,Yes,yes,True
eel,insect,Is an eel an insect? Answer only in yes or no.,No,no,True
egg,food,Is an egg a food? Answer only in yes or no.,Yes,yes,True
egg,kitchen tool,Is an egg a kitchen tool? Answer only in yes or no.,No,yes,False
egg,breakfast food,Is an egg a breakfast food? Answer only in yes or no.,Yes,yes,True
egg,school supply,Is an egg a school supply? Answer only in yes or no.,No,yes,False
egg_roll,food,Is an egg roll a food? Answer only in yes or no.,Yes,yes,True
egg_roll,farm animal,Is an egg roll a farm animal? Answer only in yes or no.,No,no,True
eggbeater,tool,Is an eggbeater a tool? Answer only in yes or no.,Yes,yes,True
eggbeater,plant,Is an eggbeater a plant? Answer only in yes or no.,No,no,True
eggbeater,kitchen tool,Is an eggbeater a kitchen tool? Answer only in yes or no.,Yes,yes,True
eggbeater,medical equipment,Is an eggbeater a medical equipment? Answer only in yes or no.,No,yes,False
eggnog,drink,Is an eggnog a drink? Answer only in yes or no.,Yes,yes,True
eggnog,women's clothing,Is an eggnog a women's clothing? Answer only in yes or no.,No,no,True
eggplant,food,Is an eggplant a food? Answer only in yes or no.,Yes,yes,True
eggplant,footwear,Is an eggplant a footwear? Answer only in yes or no.,No,no,True
eggplant,vegetable,Is an eggplant a vegetable? Answer only in yes or no.,Yes,yes,True
eggplant,clothing accessory,Is an eggplant a clothing accessory? Answer only in yes or no.,No,no,True
electric_chair,electronic device,Is an electric chair an electronic device? Answer only in yes or no.,Yes,yes,True
electric_chair,weapon,Is an electric chair a weapon? Answer only in yes or no.,No,yes,False
elephant,mammal,Is an elephant a mammal? Answer only in yes or no.,Yes,yes,True
elephant,container,Is an elephant a container? Answer only in yes or no.,No,yes,False
elephant,animal,Is an elephant an animal? Answer only in yes or no.,Yes,yes,True
elephant,weapon,Is an elephant a weapon? Answer only in yes or no.,No,yes,False
enchilada,food,Is an enchilada a food? Answer only in yes or no.,Yes,yes,True
enchilada,insect,Is an enchilada an insect? Answer only in yes or no.,No,no,True
engine,part of car,Is an engine a part of car? Answer only in yes or no.,Yes,yes,True
engine,sports equipment,Is an engine a sports equipment? Answer only in yes or no.,No,yes,False
envelope,office supply,Is an envelope an office supply? Answer only in yes or no.,Yes,yes,True
envelope,condiment,Is an envelope a condiment? Answer only in yes or no.,No,no,True
eraser,arts and crafts supply,Is an eraser an arts and crafts supply? Answer only in yes or no.,Yes,yes,True
eraser,outerwear,Is an eraser an outerwear? Answer only in yes or no.,No,no,True
eraser,office supply,Is an eraser an office supply? Answer only in yes or no.,Yes,yes,True
eraser,home appliance,Is an eraser a home appliance? Answer only in yes or no.,No,yes,False
eraser,school supply,Is an eraser a school supply? Answer only in yes or no.,Yes,yes,True
eraser,clothing accessory,Is an eraser a clothing accessory? Answer only in yes or no.,No,no,True
exhaust_pipe,part of car,Is an exhaust pipe a part of car? Answer only in yes or no.,Yes,yes,True
exhaust_pipe,kitchen appliance,Is an exhaust pipe a kitchen appliance? Answer only in yes or no.,No,no,True
extinguisher,safety equipment,Is an extinguisher a safety equipment? Answer only in yes or no.,Yes,yes,True
extinguisher,clothing,Is an extinguisher a clothing? Answer only in yes or no.,No,no,True
eye_patch,medical equipment,Is an eye patch a medical equipment? Answer only in yes or no.,Yes,yes,True
eye_patch,women's clothing,Is an eye patch a women's clothing? Answer only in yes or no.,No,no,True
eye_patch,clothing accessory,Is an eye patch a clothing accessory? Answer only in yes or no.,Yes,yes,True
eye_patch,mammal,Is an eye patch a mammal? Answer only in yes or no.,No,no,True
eye_patch,clothing,Is an eye patch a clothing? Answer only in yes or no.,Yes,yes,True
eye_patch,lighting,Is an eye patch a lighting? Answer only in yes or no.,No,no,True
eyedropper,medical equipment,Is an eyedropper a medical equipment? Answer only in yes or no.,Yes,yes,True
eyedropper,home appliance,Is an eyedropper a home appliance? Answer only in yes or no.,No,yes,False
eyeliner,personal hygiene item,Is an eyeliner a personal hygiene item? Answer only in yes or no.,Yes,yes,True
eyeliner,footwear,Is an eyeliner a footwear? Answer only in yes or no.,No,no,True
face_mask,safety equipment,Is a face mask a safety equipment? Answer only in yes or no.,Yes,yes,True
face_mask,jewelry,Is a face mask a jewelry? Answer only in yes or no.,No,no,True
face_mask,protective clothing,Is a face mask a protective clothing? Answer only in yes or no.,Yes,yes,True
face_mask,arts and crafts supply,Is a face mask an arts and crafts supply? Answer only in yes or no.,No,yes,False
face_mask,sports equipment,Is a face mask a sports equipment? Answer only in yes or no.,Yes,yes,True
face_mask,game,Is a face mask a game? Answer only in yes or no.,No,yes,False
fan,electronic device,Is a fan an electronic device? Answer only in yes or no.,Yes,no,False
fan,watercraft,Is a fan a watercraft? Answer only in yes or no.,No,no,True
fan,home appliance,Is a fan a home appliance? Answer only in yes or no.,Yes,yes,True
fan,part of car,Is a fan a part of car? Answer only in yes or no.,No,yes,False
faucet,hardware,Is a faucet a hardware? Answer only in yes or no.,Yes,yes,True
faucet,headwear,Is a faucet a headwear? Answer only in yes or no.,No,no,True
fern,plant,Is a fern a plant? Answer only in yes or no.,Yes,yes,True
fern,protective clothing,Is a fern a protective clothing? Answer only in yes or no.,No,no,True
ferret,mammal,Is a ferret a mammal? Answer only in yes or no.,Yes,yes,True
ferret,clothing,Is a ferret a clothing? Answer only in yes or no.,No,no,True
ferret,animal,Is a ferret an animal? Answer only in yes or no.,Yes,yes,True
ferret,scientific equipment,Is a ferret a scientific equipment? Answer only in yes or no.,No,no,True
ferry,vehicle,Is a ferry a vehicle? Answer only in yes or no.,Yes,yes,True
ferry,plant,Is a ferry a plant? Answer only in yes or no.,No,no,True
ferry,watercraft,Is a ferry a watercraft? Answer only in yes or no.,Yes,yes,True
ferry,container,Is a ferry a container? Answer only in yes or no.,No,no,True
fig,food,Is a fig a food? Answer only in yes or no.,Yes,yes,True
fig,toy,Is a fig a toy? Answer only in yes or no.,No,yes,False
fig,fruit,Is a fig a fruit? Answer only in yes or no.,Yes,yes,True
fig,candy,Is a fig a candy? Answer only in yes or no.,No,yes,False
figurine,home decor,Is a figurine a home decor? Answer only in yes or no.,Yes,yes,True
figurine,outerwear,Is a figurine an outerwear? Answer only in yes or no.,No,no,True
file1,tool,Is a file1 a tool? Answer only in yes or no.,Yes,yes,True
file1,sports equipment,Is a file1 a sports equipment? Answer only in yes or no.,No,no,True
file1,hardware,Is a file1 a hardware? Answer only in yes or no.,Yes,no,False
file1,mammal,Is a file1 a mammal? Answer only in yes or no.,No,no,True
file2,office supply,Is a file2 an office supply? Answer only in yes or no.,Yes,yes,True
file2,lighting,Is a file2 a lighting? Answer only in yes or no.,No,no,True
filing_cabinet,container,Is a filing cabinet a container? Answer only in yes or no.,Yes,yes,True
filing_cabinet,kitchen tool,Is a filing cabinet a kitchen tool? Answer only in yes or no.,No,no,True
filing_cabinet,furniture,Is a filing cabinet a furniture? Answer only in yes or no.,Yes,yes,True
filing_cabinet,medical equipment,Is a filing cabinet a medical equipment? Answer only in yes or no.,No,yes,False
finger,body part,Is a finger a body part? Answer only in yes or no.,Yes,yes,True
finger,women's clothing,Is a finger a women's clothing? Answer only in yes or no.,No,no,True
fire_alarm,safety equipment,Is a fire alarm a safety equipment? Answer only in yes or no.,Yes,yes,True
fire_alarm,construction equipment,Is a fire alarm a construction equipment? Answer only in yes or no.,No,no,True
firetruck,vehicle,Is a firetruck a vehicle? Answer only in yes or no.,Yes,yes,True
firetruck,candy,Is a firetruck a candy? Answer only in yes or no.,No,yes,False
first-aid_kit,medical equipment,Is a first-aid kit a medical equipment? Answer only in yes or no.,Yes,yes,True
first-aid_kit,protective clothing,Is a first-aid kit a protective clothing? Answer only in yes or no.,No,no,True
fish,seafood,Is a fish a seafood? Answer only in yes or no.,Yes,yes,True
fish,arts and crafts supply,Is a fish an arts and crafts supply? Answer only in yes or no.,No,no,True
fish,food,Is a fish a food? Answer only in yes or no.,Yes,yes,True
fish,home decor,Is a fish a home decor? Answer only in yes or no.,No,yes,False
fish,animal,Is a fish an animal? Answer only in yes or no.,Yes,yes,True
fish,kitchen tool,Is a fish a kitchen tool? Answer only in yes or no.,No,yes,False
fish,sea animal,Is a fish a sea animal? Answer only in yes or no.,Yes,yes,True
fish,clothing,Is a fish a clothing? Answer only in yes or no.,No,no,True
fishbowl,container,Is a fishbowl a container? Answer only in yes or no.,Yes,yes,True
fishbowl,condiment,Is a fishbowl a condiment? Answer only in yes or no.,No,no,True
fishnet_stockings,women's clothing,Is a fishnet stockings a women's clothing? Answer only in yes or no.,Yes,no,False
fishnet_stockings,vegetable,Is a fishnet stockings a vegetable? Answer only in yes or no.,No,no,True
fishnet_stockings,clothing,Is a fishnet stockings a clothing? Answer only in yes or no.,Yes,yes,True
fishnet_stockings,farm animal,Is a fishnet stockings a farm animal? Answer only in yes or no.,No,no,True
flamethrower,weapon,Is a flamethrower a weapon? Answer only in yes or no.,Yes,yes,True
flamethrower,home decor,Is a flamethrower a home decor? Answer only in yes or no.,No,no,True
flamingo,bird,Is a flamingo a bird? Answer only in yes or no.,Yes,yes,True
flamingo,toy,Is a flamingo a toy? Answer only in yes or no.,No,yes,False
flamingo,animal,Is a flamingo an animal? Answer only in yes or no.,Yes,yes,True
flamingo,condiment,Is a flamingo a condiment? Answer only in yes or no.,No,yes,False
flan,food,Is a flan a food? Answer only in yes or no.,Yes,yes,True
flan,breakfast food,Is a flan a breakfast food? Answer only in yes or no.,No,yes,False
flan,dessert,Is a flan a dessert? Answer only in yes or no.,Yes,yes,True
flan,container,Is a flan a container? Answer only in yes or no.,No,yes,False
flashbulb,lighting,Is a flashbulb a lighting? Answer only in yes or no.,Yes,yes,True
flashbulb,outerwear,Is a flashbulb an outerwear? Answer only in yes or no.,No,no,True
flashlight,lighting,Is a flashlight a lighting? Answer only in yes or no.,Yes,yes,True
flashlight,school supply,Is a flashlight a school supply? Answer only in yes or no.,No,yes,False
flask,container,Is a flask a container? Answer only in yes or no.,Yes,yes,True
flask,vegetable,Is a flask a vegetable? Answer only in yes or no.,No,yes,False
flatiron,personal hygiene item,Is a flatiron a personal hygiene item? Answer only in yes or no.,Yes,yes,True
flatiron,hardware,Is a flatiron a hardware? Answer only in yes or no.,No,yes,False
flatiron,home appliance,Is a flatiron a home appliance? Answer only in yes or no.,Yes,yes,True
flatiron,part of car,Is a flatiron a part of car? Answer only in yes or no.,No,no,True
flip_flop,clothing,Is a flip flop a clothing? Answer only in yes or no.,Yes,yes,True
flip_flop,game,Is a flip flop a game? Answer only in yes or no.,No,yes,False
flip_flop,footwear,Is a flip flop a footwear? Answer only in yes or no.,Yes,no,False
flip_flop,breakfast food,Is a flip flop a breakfast food? Answer only in yes or no.,No,yes,False
flipper,footwear,Is a flipper a footwear? Answer only in yes or no.,Yes,no,False
flipper,plant,Is a flipper a plant? Answer only in yes or no.,No,yes,False
flipper,sports equipment,Is a flipper a sports equipment? Answer only in yes or no.,Yes,yes,True
flipper,drink,Is a flipper a drink? Answer only in yes or no.,No,yes,False
flower,plant,Is a flower a plant? Answer only in yes or no.,Yes,yes,True
flower,headwear,Is a flower a headwear? Answer only in yes or no.,No,no,True
flute,musical instrument,Is a flute a musical instrument? Answer only in yes or no.,Yes,yes,True
flute,lighting,Is a flute a lighting? Answer only in yes or no.,No,no,True
fly,insect,Is a fly an insect? Answer only in yes or no.,Yes,yes,True
fly,seafood,Is a fly a seafood? Answer only in yes or no.,No,no,True
fly,animal,Is a fly an animal? Answer only in yes or no.,Yes,yes,True
fly,musical instrument,Is a fly a musical instrument? Answer only in yes or no.,No,yes,False
flyswatter,tool,Is a flyswatter a tool? Answer only in yes or no.,Yes,yes,True
flyswatter,personal hygiene item,Is a flyswatter a personal hygiene item? Answer only in yes or no.,No,no,True
fondue,food,Is a fondue a food? Answer only in yes or no.,Yes,yes,True
fondue,clothing,Is a fondue a clothing? Answer only in yes or no.,No,no,True
food_processor,kitchen appliance,Is a food processor a kitchen appliance? Answer only in yes or no.,Yes,yes,True
food_processor,watercraft,Is a food processor a watercraft? Answer only in yes or no.,No,no,True
food_processor,electronic device,Is a food processor an electronic device? Answer only in yes or no.,Yes,yes,True
food_processor,farm animal,Is a food processor a farm animal? Answer only in yes or no.,No,no,True
food_processor,home appliance,Is a food processor a home appliance? Answer only in yes or no.,Yes,yes,True
food_processor,furniture,Is a food processor a furniture? Answer only in yes or no.,No,no,True
football_helmet,headwear,Is a football helmet a headwear? Answer only in yes or no.,Yes,yes,True
football_helmet,jewelry,Is a football helmet a jewelry? Answer only in yes or no.,No,no,True
football_helmet,safety equipment,Is a football helmet a safety equipment? Answer only in yes or no.,Yes,yes,True
football_helmet,jewelry,Is a football helmet a jewelry? Answer only in yes or no.,No,no,True
football_helmet,protective clothing,Is a football helmet a protective clothing? Answer only in yes or no.,Yes,yes,True
football_helmet,vehicle,Is a football helmet a vehicle? Answer only in yes or no.,No,no,True
football_helmet,sports equipment,Is a football helmet a sports equipment? Answer only in yes or no.,Yes,yes,True
football_helmet,footwear,Is a football helmet a footwear? Answer only in yes or no.,No,no,True
footbath,container,Is a footbath a container? Answer only in yes or no.,Yes,yes,True
footbath,weapon,Is a footbath a weapon? Answer only in yes or no.,No,yes,False
footrest,furniture,Is a footrest a furniture? Answer only in yes or no.,Yes,yes,True
footrest,animal,Is a footrest an animal? Answer only in yes or no.,No,no,True
fork,tool,Is a fork a tool? Answer only in yes or no.,Yes,yes,True
fork,scientific equipment,Is a fork a scientific equipment? Answer only in yes or no.,No,yes,False
forklift,vehicle,Is a forklift a vehicle? Answer only in yes or no.,Yes,yes,True
forklift,seafood,Is a forklift a seafood? Answer only in yes or no.,No,no,True
fountain_pen,arts and crafts supply,Is a fountain pen an arts and crafts supply? Answer only in yes or no.,Yes,yes,True
fountain_pen,headwear,Is a fountain pen a headwear? Answer only in yes or no.,No,no,True
fountain_pen,tool,Is a fountain pen a tool? Answer only in yes or no.,Yes,yes,True
fountain_pen,furniture,Is a fountain pen a furniture? Answer only in yes or no.,No,no,True
fountain_pen,office supply,Is a fountain pen an office supply? Answer only in yes or no.,Yes,yes,True
fountain_pen,personal hygiene item,Is a fountain pen a personal hygiene item? Answer only in yes or no.,No,yes,False
fountain_pen,school supply,Is a fountain pen a school supply? Answer only in yes or no.,Yes,yes,True
fountain_pen,clothing,Is a fountain pen a clothing? Answer only in yes or no.,No,no,True
fox,mammal,Is a fox a mammal? Answer only in yes or no.,Yes,yes,True
fox,watercraft,Is a fox a watercraft? Answer only in yes or no.,No,no,True
fox,animal,Is a fox an animal? Answer only in yes or no.,Yes,yes,True
fox,toy,Is a fox a toy? Answer only in yes or no.,No,no,True
frame,home decor,Is a frame a home decor? Answer only in yes or no.,Yes,yes,True
frame,drink,Is a frame a drink? Answer only in yes or no.,No,no,True
french_horn,musical instrument,Is a french horn a musical instrument? Answer only in yes or no.,Yes,yes,True
french_horn,clothing accessory,Is a french horn a clothing accessory? Answer only in yes or no.,No,no,True
frisbee,toy,Is a frisbee a toy? Answer only in yes or no.,Yes,yes,True
frisbee,game,Is a frisbee a game? Answer only in yes or no.,No,yes,False
frisbee,sports equipment,Is a frisbee a sports equipment? Answer only in yes or no.,Yes,yes,True
frisbee,furniture,Is a frisbee a furniture? Answer only in yes or no.,No,no,True
frog,animal,Is a frog an animal? Answer only in yes or no.,Yes,yes,True
frog,fruit,Is a frog a fruit? Answer only in yes or no.,No,no,True
fruit,food,Is a fruit a food? Answer only in yes or no.,Yes,yes,True
fruit,part of car,Is a fruit a part of car? Answer only in yes or no.,No,no,True
fruit,fruit,Is a fruit a fruit? Answer only in yes or no.,Yes,yes,True
fruit,condiment,Is a fruit a condiment? Answer only in yes or no.,No,no,True
fruitcake,food,Is a fruitcake a food? Answer only in yes or no.,Yes,yes,True
fruitcake,sea animal,Is a fruitcake a sea animal? Answer only in yes or no.,No,no,True
fruitcake,dessert,Is a fruitcake a dessert? Answer only in yes or no.,Yes,yes,True
fruitcake,women's clothing,Is a fruitcake a women's clothing? Answer only in yes or no.,No,no,True
fudge,food,Is a fudge a food? Answer only in yes or no.,Yes,yes,True
fudge,condiment,Is a fudge a condiment? Answer only in yes or no.,No,yes,False
fudge,candy,Is a fudge a candy? Answer only in yes or no.,Yes,yes,True
fudge,hardware,Is a fudge a hardware? Answer only in yes or no.,No,no,True
fudge,dessert,Is a fudge a dessert? Answer only in yes or no.,Yes,yes,True
fudge,clothing accessory,Is a fudge a clothing accessory? Answer only in yes or no.,No,yes,False
funnel,tool,Is a funnel a tool? Answer only in yes or no.,Yes,yes,True
funnel,condiment,Is a funnel a condiment? Answer only in yes or no.,No,no,True
funnel,scientific equipment,Is a funnel a scientific equipment? Answer only in yes or no.,Yes,yes,True
funnel,protective clothing,Is a funnel a protective clothing? Answer only in yes or no.,No,no,True
funnel,kitchen tool,Is a funnel a kitchen tool? Answer only in yes or no.,Yes,yes,True
funnel,vegetable,Is a funnel a vegetable? Answer only in yes or no.,No,no,True
fur_coat,clothing,Is a fur coat a clothing? Answer only in yes or no.,Yes,yes,True
fur_coat,musical instrument,Is a fur coat a musical instrument? Answer only in yes or no.,No,no,True
fur_coat,outerwear,Is a fur coat an outerwear? Answer only in yes or no.,Yes,yes,True
fur_coat,construction equipment,Is a fur coat a construction equipment? Answer only in yes or no.,No,no,True
garbage_truck,vehicle,Is a garbage truck a vehicle? Answer only in yes or no.,Yes,yes,True
garbage_truck,drink,Is a garbage truck a drink? Answer only in yes or no.,No,no,True
garlic,food,Is a garlic a food? Answer only in yes or no.,Yes,yes,True
garlic,safety equipment,Is a garlic a safety equipment? Answer only in yes or no.,No,no,True
garlic,vegetable,Is a garlic a vegetable? Answer only in yes or no.,Yes,yes,True
garlic,weapon,Is a garlic a weapon? Answer only in yes or no.,No,yes,False
gas_mask,safety equipment,Is a gas mask a safety equipment? Answer only in yes or no.,Yes,yes,True
gas_mask,drink,Is a gas mask a drink? Answer only in yes or no.,No,no,True
gasket,part of car,Is a gasket a part of car? Answer only in yes or no.,Yes,yes,True
gasket,sea animal,Is a gasket a sea animal? Answer only in yes or no.,No,no,True
gasket,fastener,Is a gasket a fastener? Answer only in yes or no.,Yes,no,False
gasket,vehicle,Is a gasket a vehicle? Answer only in yes or no.,No,no,True
gauge,scientific equipment,Is a gauge a scientific equipment? Answer only in yes or no.,Yes,yes,True
gauge,vegetable,Is a gauge a vegetable? Answer only in yes or no.,No,no,True
gauze,medical equipment,Is a gauze a medical equipment? Answer only in yes or no.,Yes,yes,True
gauze,mammal,Is a gauze a mammal? Answer only in yes or no.,No,no,True
gavel,tool,Is a gavel a tool? Answer only in yes or no.,Yes,yes,True
gavel,dessert,Is a gavel a dessert? Answer only in yes or no.,No,no,True
gazelle,mammal,Is a gazelle a mammal? Answer only in yes or no.,Yes,yes,True
gazelle,lighting,Is a gazelle a lighting? Answer only in yes or no.,No,no,True
gazelle,animal,Is a gazelle an animal? Answer only in yes or no.,Yes,yes,True
gazelle,fastener,Is a gazelle a fastener? Answer only in yes or no.,No,no,True
gearshift,part of car,Is a gearshift a part of car? Answer only in yes or no.,Yes,yes,True
gearshift,kitchen appliance,Is a gearshift a kitchen appliance? Answer only in yes or no.,No,no,True
giraffe,mammal,Is a giraffe a mammal? Answer only in yes or no.,Yes,yes,True
giraffe,clothing,Is a giraffe a clothing? Answer only in yes or no.,No,no,True
giraffe,animal,Is a giraffe an animal? Answer only in yes or no.,Yes,yes,True
giraffe,headwear,Is a giraffe a headwear? Answer only in yes or no.,No,no,True
globe,home decor,Is a globe a home decor? Answer only in yes or no.,Yes,yes,True
globe,school supply,Is a globe a school supply? Answer only in yes or no.,No,yes,False
glove,protective clothing,Is a glove a protective clothing? Answer only in yes or no.,Yes,yes,True
glove,watercraft,Is a glove a watercraft? Answer only in yes or no.,No,no,True
glove,clothing accessory,Is a glove a clothing accessory? Answer only in yes or no.,Yes,yes,True
glove,furniture,Is a glove a furniture? Answer only in yes or no.,No,yes,False
glove,clothing,Is a glove a clothing? Answer only in yes or no.,Yes,yes,True
glove,animal,Is a glove an animal? Answer only in yes or no.,No,no,True
glove,outerwear,Is a glove an outerwear? Answer only in yes or no.,Yes,yes,True
glove,game,Is a glove a game? Answer only in yes or no.,No,yes,False
go-kart,vehicle,Is a go-kart a vehicle? Answer only in yes or no.,Yes,yes,True
go-kart,weapon,Is a go-kart a weapon? Answer only in yes or no.,No,yes,False
goat,food,Is a goat a food? Answer only in yes or no.,Yes,yes,True
goat,clothing,Is a goat a clothing? Answer only in yes or no.,No,no,True
goat,mammal,Is a goat a mammal? Answer only in yes or no.,Yes,yes,True
goat,kitchen tool,Is a goat a kitchen tool? Answer only in yes or no.,No,yes,False
goat,animal,Is a goat an animal? Answer only in yes or no.,Yes,yes,True
goat,headwear,Is a goat a headwear? Answer only in yes or no.,No,yes,False
goat,farm animal,Is a goat a farm animal? Answer only in yes or no.,Yes,yes,True
goat,toy,Is a goat a toy? Answer only in yes or no.,No,yes,False
goblet,container,Is a goblet a container? Answer only in yes or no.,Yes,yes,True
goblet,condiment,Is a goblet a condiment? Answer only in yes or no.,No,yes,False
goggles,sports equipment,Is a goggles a sports equipment? Answer only in yes or no.,Yes,yes,True
goggles,drink,Is a goggles a drink? Answer only in yes or no.,No,no,True
goldfish,animal,Is a goldfish an animal? Answer only in yes or no.,Yes,yes,True
goldfish,arts and crafts supply,Is a goldfish an arts and crafts supply? Answer only in yes or no.,No,yes,False
golf_cart,vehicle,Is a golf cart a vehicle? Answer only in yes or no.,Yes,yes,True
golf_cart,hardware,Is a golf cart a hardware? Answer only in yes or no.,No,yes,False
golf_club,sports equipment,Is a golf club a sports equipment? Answer only in yes or no.,Yes,yes,True
golf_club,watercraft,Is a golf club a watercraft? Answer only in yes or no.,No,no,True
gondola,vehicle,Is a gondola a vehicle? Answer only in yes or no.,Yes,yes,True
gondola,office supply,Is a gondola an office supply? Answer only in yes or no.,No,no,True
gondola,watercraft,Is a gondola a watercraft? Answer only in yes or no.,Yes,yes,True
gondola,furniture,Is a gondola a furniture? Answer only in yes or no.,No,no,True
gong,musical instrument,Is a gong a musical instrument? Answer only in yes or no.,Yes,yes,True
gong,vehicle,Is a gong a vehicle? Answer only in yes or no.,No,no,True
goose,bird,Is a goose a bird? Answer only in yes or no.,Yes,yes,True
goose,women's clothing,Is a goose a women's clothing? Answer only in yes or no.,No,no,True
goose,food,Is a goose a food? Answer only in yes or no.,Yes,yes,True
goose,office supply,Is a goose an office supply? Answer only in yes or no.,No,yes,False
goose,animal,Is a goose an animal? Answer only in yes or no.,Yes,yes,True
goose,personal hygiene item,Is a goose a personal hygiene item? Answer only in yes or no.,No,no,True
goose,farm animal,Is a goose a farm animal? Answer only in yes or no.,Yes,yes,True
goose,outerwear,Is a goose an outerwear? Answer only in yes or no.,No,no,True
gopher,mammal,Is a gopher a mammal? Answer only in yes or no.,Yes,yes,True
gopher,scientific equipment,Is a gopher a scientific equipment? Answer only in yes or no.,No,no,True
gopher,animal,Is a gopher an animal? Answer only in yes or no.,Yes,yes,True
gopher,clothing accessory,Is a gopher a clothing accessory? Answer only in yes or no.,No,no,True
gorilla,mammal,Is a gorilla a mammal? Answer only in yes or no.,Yes,yes,True
gorilla,safety equipment,Is a gorilla a safety equipment? Answer only in yes or no.,No,no,True
gorilla,animal,Is a gorilla an animal? Answer only in yes or no.,Yes,yes,True
gorilla,garden tool,Is a gorilla a garden tool? Answer only in yes or no.,No,no,True
gourd,vegetable,Is a gourd a vegetable? Answer only in yes or no.,Yes,yes,True
gourd,footwear,Is a gourd a footwear? Answer only in yes or no.,No,no,True
gourd,home decor,Is a gourd a home decor? Answer only in yes or no.,Yes,yes,True
gourd,footwear,Is a gourd a footwear? Answer only in yes or no.,No,no,True
grain,food,Is a grain a food? Answer only in yes or no.,Yes,yes,True
grain,furniture,Is a grain a furniture? Answer only in yes or no.,No,no,True
granola,food,Is a granola a food? Answer only in yes or no.,Yes,yes,True
granola,mammal,Is a granola a mammal? Answer only in yes or no.,No,no,True
granola,breakfast food,Is a granola a breakfast food? Answer only in yes or no.,Yes,yes,True
granola,school supply,Is a granola a school supply? Answer only in yes or no.,No,no,True
grape,food,Is a grape a food? Answer only in yes or no.,Yes,yes,True
grape,tool,Is a grape a tool? Answer only in yes or no.,No,yes,False
grape,fruit,Is a grape a fruit? Answer only in yes or no.,Yes,yes,True
grape,scientific equipment,Is a grape a scientific equipment? Answer only in yes or no.,No,no,True
grapefruit,food,Is a grapefruit a food? Answer only in yes or no.,Yes,yes,True
grapefruit,toy,Is a grapefruit a toy? Answer only in yes or no.,No,yes,False
grapefruit,fruit,Is a grapefruit a fruit? Answer only in yes or no.,Yes,yes,True
grapefruit,home decor,Is a grapefruit a home decor? Answer only in yes or no.,No,yes,False
grass,plant,Is a grass a plant? Answer only in yes or no.,Yes,yes,True
grass,school supply,Is a grass a school supply? Answer only in yes or no.,No,no,True
grasshopper,insect,Is a grasshopper an insect? Answer only in yes or no.,Yes,yes,True
grasshopper,women's clothing,Is a grasshopper a women's clothing? Answer only in yes or no.,No,no,True
grasshopper,animal,Is a grasshopper an animal? Answer only in yes or no.,Yes,yes,True
grasshopper,women's clothing,Is a grasshopper a women's clothing? Answer only in yes or no.,No,no,True
grater,tool,Is a grater a tool? Answer only in yes or no.,Yes,yes,True
grater,protective clothing,Is a grater a protective clothing? Answer only in yes or no.,No,no,True
grater,kitchen tool,Is a grater a kitchen tool? Answer only in yes or no.,Yes,yes,True
grater,jewelry,Is a grater a jewelry? Answer only in yes or no.,No,no,True
gravy,food,Is a gravy a food? Answer only in yes or no.,Yes,yes,True
gravy,hardware,Is a gravy a hardware? Answer only in yes or no.,No,no,True
gravy,condiment,Is a gravy a condiment? Answer only in yes or no.,Yes,yes,True
gravy,candy,Is a gravy a candy? Answer only in yes or no.,No,no,True
green_beans,food,Is a green beans a food? Answer only in yes or no.,Yes,yes,True
green_beans,outerwear,Is a green beans an outerwear? Answer only in yes or no.,No,no,True
green_beans,vegetable,Is a green beans a vegetable? Answer only in yes or no.,Yes,yes,True
green_beans,fastener,Is a green beans a fastener? Answer only in yes or no.,No,no,True
grenade,weapon,Is a grenade a weapon? Answer only in yes or no.,Yes,yes,True
grenade,condiment,Is a grenade a condiment? Answer only in yes or no.,No,no,True
grille,part of car,Is a grille a part of car? Answer only in yes or no.,Yes,yes,True
grille,sports equipment,Is a grille a sports equipment? Answer only in yes or no.,No,yes,False
grinder,tool,Is a grinder a tool? Answer only in yes or no.,Yes,yes,True
grinder,body part,Is a grinder a body part? Answer only in yes or no.,No,yes,False
grinder,kitchen tool,Is a grinder a kitchen tool? Answer only in yes or no.,Yes,yes,True
grinder,footwear,Is a grinder a footwear? Answer only in yes or no.,No,no,True
grits,food,Is a grits a food? Answer only in yes or no.,Yes,yes,True
grits,watercraft,Is a grits a watercraft? Answer only in yes or no.,No,no,True
grits,breakfast food,Is a grits a breakfast food? Answer only in yes or no.,Yes,yes,True
grits,jewelry,Is a grits a jewelry? Answer only in yes or no.,No,no,True
groundhog,mammal,Is a groundhog a mammal? Answer only in yes or no.,Yes,yes,True
groundhog,dessert,Is a groundhog a dessert? Answer only in yes or no.,No,no,True
groundhog,animal,Is a groundhog an animal? Answer only in yes or no.,Yes,yes,True
groundhog,game,Is a groundhog a game? Answer only in yes or no.,No,yes,False
guinea_pig,mammal,Is a guinea pig a mammal? Answer only in yes or no.,Yes,yes,True
guinea_pig,women's clothing,Is a guinea pig a women's clothing? Answer only in yes or no.,No,no,True
guinea_pig,animal,Is a guinea pig an animal? Answer only in yes or no.,Yes,yes,True
guinea_pig,jewelry,Is a guinea pig a jewelry? Answer only in yes or no.,No,no,True
guitar,musical instrument,Is a guitar a musical instrument? Answer only in yes or no.,Yes,yes,True
guitar,container,Is a guitar a container? Answer only in yes or no.,No,yes,False
gum,food,Is a gum a food? Answer only in yes or no.,Yes,yes,True
gum,electronic device,Is a gum an electronic device? Answer only in yes or no.,No,no,True
gum,candy,Is a gum a candy? Answer only in yes or no.,Yes,yes,True
gum,hardware,Is a gum a hardware? Answer only in yes or no.,No,yes,False
gumball,food,Is a gumball a food? Answer only in yes or no.,Yes,yes,True
gumball,condiment,Is a gumball a condiment? Answer only in yes or no.,No,yes,False
gumball,candy,Is a gumball a candy? Answer only in yes or no.,Yes,yes,True
gumball,watercraft,Is a gumball a watercraft? Answer only in yes or no.,No,no,True
gumdrop,food,Is a gumdrop a food? Answer only in yes or no.,Yes,yes,True
gumdrop,construction equipment,Is a gumdrop a construction equipment? Answer only in yes or no.,No,no,True
gumdrop,candy,Is a gumdrop a candy? Answer only in yes or no.,Yes,yes,True
gumdrop,kitchen appliance,Is a gumdrop a kitchen appliance? Answer only in yes or no.,No,yes,False
gun,weapon,Is a gun a weapon? Answer only in yes or no.,Yes,yes,True
gun,candy,Is a gun a candy? Answer only in yes or no.,No,no,True
gurney,medical equipment,Is a gurney a medical equipment? Answer only in yes or no.,Yes,yes,True
gurney,game,Is a gurney a game? Answer only in yes or no.,No,yes,False
gyro,food,Is a gyro a food? Answer only in yes or no.,Yes,yes,True
gyro,musical instrument,Is a gyro a musical instrument? Answer only in yes or no.,No,yes,False
gyroscope,scientific equipment,Is a gyroscope a scientific equipment? Answer only in yes or no.,Yes,yes,True
gyroscope,tool,Is a gyroscope a tool? Answer only in yes or no.,No,yes,False
gyroscope,toy,Is a gyroscope a toy? Answer only in yes or no.,Yes,no,False
gyroscope,watercraft,Is a gyroscope a watercraft? Answer only in yes or no.,No,no,True
hair,body part,Is a hair a body part? Answer only in yes or no.,Yes,yes,True
hair,outerwear,Is a hair an outerwear? Answer only in yes or no.,No,no,True
hairbrush,personal hygiene item,Is a hairbrush a personal hygiene item? Answer only in yes or no.,Yes,yes,True
hairbrush,vehicle,Is a hairbrush a vehicle? Answer only in yes or no.,No,no,True
hairdryer,electronic device,Is a hairdryer an electronic device? Answer only in yes or no.,Yes,yes,True
hairdryer,mammal,Is a hairdryer a mammal? Answer only in yes or no.,No,no,True
hairdryer,personal hygiene item,Is a hairdryer a personal hygiene item? Answer only in yes or no.,Yes,yes,True
hairdryer,outerwear,Is a hairdryer an outerwear? Answer only in yes or no.,No,no,True
hairdryer,home appliance,Is a hairdryer a home appliance? Answer only in yes or no.,Yes,yes,True
hairdryer,clothing accessory,Is a hairdryer a clothing accessory? Answer only in yes or no.,No,yes,False
hairnet,headwear,Is a hairnet a headwear? Answer only in yes or no.,Yes,yes,True
hairnet,insect,Is a hairnet an insect? Answer only in yes or no.,No,no,True
hairpin,jewelry,Is a hairpin a jewelry? Answer only in yes or no.,Yes,yes,True
hairpin,construction equipment,Is a hairpin a construction equipment? Answer only in yes or no.,No,no,True
hairpin,fastener,Is a hairpin a fastener? Answer only in yes or no.,Yes,yes,True
hairpin,drink,Is a hairpin a drink? Answer only in yes or no.,No,no,True
hairspray,personal hygiene item,Is a hairspray a personal hygiene item? Answer only in yes or no.,Yes,yes,True
hairspray,arts and crafts supply,Is a hairspray an arts and crafts supply? Answer only in yes or no.,No,yes,False
hamburger,food,Is a hamburger a food? Answer only in yes or no.,Yes,yes,True
hamburger,container,Is a hamburger a container? Answer only in yes or no.,No,yes,False
hamburger,breakfast food,Is a hamburger a breakfast food? Answer only in yes or no.,Yes,yes,True
hamburger,plant,Is a hamburger a plant? Answer only in yes or no.,No,no,True
hammer,tool,Is a hammer a tool? Answer only in yes or no.,Yes,yes,True
hammer,home decor,Is a hammer a home decor? Answer only in yes or no.,No,yes,False
hammer,construction equipment,Is a hammer a construction equipment? Answer only in yes or no.,Yes,yes,True
hammer,jewelry,Is a hammer a jewelry? Answer only in yes or no.,No,no,True
hammer,hardware,Is a hammer a hardware? Answer only in yes or no.,Yes,yes,True
hammer,seafood,Is a hammer a seafood? Answer only in yes or no.,No,no,True
hammer,weapon,Is a hammer a weapon? Answer only in yes or no.,Yes,yes,True
hammer,bird,Is a hammer a bird? Answer only in yes or no.,No,no,True
hammock,furniture,Is a hammock a furniture? Answer only in yes or no.,Yes,yes,True
hammock,food,Is a hammock a food? Answer only in yes or no.,No,no,True
hamster,mammal,Is a hamster a mammal? Answer only in yes or no.,Yes,yes,True
hamster,farm animal,Is a hamster a farm animal? Answer only in yes or no.,No,yes,False
hamster,animal,Is a hamster an animal? Answer only in yes or no.,Yes,yes,True
hamster,lighting,Is a hamster a lighting? Answer only in yes or no.,No,no,True
handbrake,part of car,Is a handbrake a part of car? Answer only in yes or no.,Yes,yes,True
handbrake,construction equipment,Is a handbrake a construction equipment? Answer only in yes or no.,No,yes,False
handkerchief,clothing accessory,Is a handkerchief a clothing accessory? Answer only in yes or no.,Yes,yes,True
handkerchief,drink,Is a handkerchief a drink? Answer only in yes or no.,No,no,True
handle,hardware,Is a handle a hardware? Answer only in yes or no.,Yes,no,False
handle,seafood,Is a handle a seafood? Answer only in yes or no.,No,no,True
harmonica,musical instrument,Is a harmonica a musical instrument? Answer only in yes or no.,Yes,yes,True
harmonica,kitchen tool,Is a harmonica a kitchen tool? Answer only in yes or no.,No,no,True
harp,musical instrument,Is a harp a musical instrument? Answer only in yes or no.,Yes,yes,True
harp,furniture,Is a harp a furniture? Answer only in yes or no.,No,no,True
hat,headwear,Is a hat a headwear? Answer only in yes or no.,Yes,yes,True
hat,jewelry,Is a hat a jewelry? Answer only in yes or no.,No,yes,False
hat,clothing accessory,Is a hat a clothing accessory? Answer only in yes or no.,Yes,yes,True
hat,watercraft,Is a hat a watercraft? Answer only in yes or no.,No,yes,False
hat,clothing,Is a hat a clothing? Answer only in yes or no.,Yes,yes,True
hat,jewelry,Is a hat a jewelry? Answer only in yes or no.,No,yes,False
hatbox,container,Is a hatbox a container? Answer only in yes or no.,Yes,yes,True
hatbox,seafood,Is a hatbox a seafood? Answer only in yes or no.,No,no,True
hatchet,garden tool,Is a hatchet a garden tool? Answer only in yes or no.,Yes,yes,True
hatchet,arts and crafts supply,Is a hatchet an arts and crafts supply? Answer only in yes or no.,No,yes,False
hawk,bird,Is a hawk a bird? Answer only in yes or no.,Yes,yes,True
hawk,vehicle,Is a hawk a vehicle? Answer only in yes or no.,No,yes,False
hawk,animal,Is a hawk an animal? Answer only in yes or no.,Yes,yes,True
hawk,home decor,Is a hawk a home decor? Answer only in yes or no.,No,yes,False
headband,headwear,Is a headband a headwear? Answer only in yes or no.,Yes,yes,True
headband,safety equipment,Is a headband a safety equipment? Answer only in yes or no.,No,yes,False
headband,clothing accessory,Is a headband a clothing accessory? Answer only in yes or no.,Yes,yes,True
headband,protective clothing,Is a headband a protective clothing? Answer only in yes or no.,No,yes,False
headband,clothing,Is a headband a clothing? Answer only in yes or no.,Yes,yes,True
headband,fastener,Is a headband a fastener? Answer only in yes or no.,No,yes,False
headdress,headwear,Is a headdress a headwear? Answer only in yes or no.,Yes,yes,True
headdress,insect,Is a headdress an insect? Answer only in yes or no.,No,no,True
headdress,clothing accessory,Is a headdress a clothing accessory? Answer only in yes or no.,Yes,yes,True
headdress,part of car,Is a headdress a part of car? Answer only in yes or no.,No,no,True
headdress,clothing,Is a headdress a clothing? Answer only in yes or no.,Yes,yes,True
headdress,musical instrument,Is a headdress a musical instrument? Answer only in yes or no.,No,no,True
headlamp,lighting,Is a headlamp a lighting? Answer only in yes or no.,Yes,yes,True
headlamp,watercraft,Is a headlamp a watercraft? Answer only in yes or no.,No,no,True
headlight,lighting,Is a headlight a lighting? Answer only in yes or no.,Yes,yes,True
headlight,hardware,Is a headlight a hardware? Answer only in yes or no.,No,yes,False
headlight,part of car,Is a headlight a part of car? Answer only in yes or no.,Yes,yes,True
headlight,dessert,Is a headlight a dessert? Answer only in yes or no.,No,no,True
headrest,part of car,Is a headrest a part of car? Answer only in yes or no.,Yes,yes,True
headrest,tool,Is a headrest a tool? Answer only in yes or no.,No,yes,False
headscarf,headwear,Is a headscarf a headwear? Answer only in yes or no.,Yes,yes,True
headscarf,footwear,Is a headscarf a footwear? Answer only in yes or no.,No,no,True
headscarf,women's clothing,Is a headscarf a women's clothing? Answer only in yes or no.,Yes,yes,True
headscarf,game,Is a headscarf a game? Answer only in yes or no.,No,yes,False
headscarf,clothing,Is a headscarf a clothing? Answer only in yes or no.,Yes,yes,True
headscarf,condiment,Is a headscarf a condiment? Answer only in yes or no.,No,no,True
hearing_aid,medical equipment,Is a hearing aid a medical equipment? Answer only in yes or no.,Yes,yes,True
hearing_aid,sports equipment,Is a hearing aid a sports equipment? Answer only in yes or no.,No,yes,False
hearse,vehicle,Is a hearse a vehicle? Answer only in yes or no.,Yes,yes,True
hearse,bird,Is a hearse a bird? Answer only in yes or no.,No,yes,False
heater,home appliance,Is a heater a home appliance? Answer only in yes or no.,Yes,yes,True
heater,headwear,Is a heater a headwear? Answer only in yes or no.,No,no,True
hedgehog,mammal,Is a hedgehog a mammal? Answer only in yes or no.,Yes,yes,True
hedgehog,home appliance,Is a hedgehog a home appliance? Answer only in yes or no.,No,no,True
hedgehog,animal,Is a hedgehog an animal? Answer only in yes or no.,Yes,yes,True
hedgehog,candy,Is a hedgehog a candy? Answer only in yes or no.,No,no,True
helicopter,vehicle,Is a helicopter a vehicle? Answer only in yes or no.,Yes,yes,True
helicopter,women's clothing,Is a helicopter a women's clothing? Answer only in yes or no.,No,no,True
helmet,headwear,Is a helmet a headwear? Answer only in yes or no.,Yes,yes,True
helmet,farm animal,Is a helmet a farm animal? Answer only in yes or no.,No,no,True
helmet,construction equipment,Is a helmet a construction equipment? Answer only in yes or no.,Yes,no,False
helmet,garden tool,Is a helmet a garden tool? Answer only in yes or no.,No,no,True
helmet,protective clothing,Is a helmet a protective clothing? Answer only in yes or no.,Yes,yes,True
helmet,candy,Is a helmet a candy? Answer only in yes or no.,No,no,True
helmet,sports equipment,Is a helmet a sports equipment? Answer only in yes or no.,Yes,yes,True
helmet,farm animal,Is a helmet a farm animal? Answer only in yes or no.,No,no,True
helmet,safety equipment,Is a helmet a safety equipment? Answer only in yes or no.,Yes,yes,True
helmet,kitchen tool,Is a helmet a kitchen tool? Answer only in yes or no.,No,no,True
highchair,furniture,Is a highchair a furniture? Answer only in yes or no.,Yes,yes,True
highchair,personal hygiene item,Is a highchair a personal hygiene item? Answer only in yes or no.,No,yes,False
highlighter,office supply,Is a highlighter an office supply? Answer only in yes or no.,Yes,yes,True
highlighter,candy,Is a highlighter a candy? Answer only in yes or no.,No,no,True
highlighter,school supply,Is a highlighter a school supply? Answer only in yes or no.,Yes,yes,True
highlighter,outerwear,Is a highlighter an outerwear? Answer only in yes or no.,No,no,True
hippopotamus,mammal,Is a hippopotamus a mammal? Answer only in yes or no.,Yes,yes,True
hippopotamus,personal hygiene item,Is a hippopotamus a personal hygiene item? Answer only in yes or no.,No,no,True
hippopotamus,animal,Is a hippopotamus an animal? Answer only in yes or no.,Yes,yes,True
hippopotamus,farm animal,Is a hippopotamus a farm animal? Answer only in yes or no.,No,no,True
hockey_stick,sports equipment,Is a hockey stick a sports equipment? Answer only in yes or no.,Yes,yes,True
hockey_stick,candy,Is a hockey stick a candy? Answer only in yes or no.,No,no,True
home_plate,sports equipment,Is a home plate a sports equipment? Answer only in yes or no.,Yes,yes,True
home_plate,school supply,Is a home plate a school supply? Answer only in yes or no.,No,no,True
honey,food,Is a honey a food? Answer only in yes or no.,Yes,yes,True
honey,toy,Is a honey a toy? Answer only in yes or no.,No,yes,False
honey,breakfast food,Is a honey a breakfast food? Answer only in yes or no.,Yes,yes,True
honey,insect,Is a honey an insect? Answer only in yes or no.,No,no,True
honeypot,container,Is a honeypot a container? Answer only in yes or no.,Yes,yes,True
honeypot,weapon,Is a honeypot a weapon? Answer only in yes or no.,No,yes,False
hoodie,clothing,Is a hoodie a clothing? Answer only in yes or no.,Yes,yes,True
hoodie,candy,Is a hoodie a candy? Answer only in yes or no.,No,no,True
horn,musical instrument,Is a horn a musical instrument? Answer only in yes or no.,Yes,yes,True
horn,body part,Is a horn a body part? Answer only in yes or no.,No,yes,False
horse,mammal,Is a horse a mammal? Answer only in yes or no.,Yes,yes,True
horse,toy,Is a horse a toy? Answer only in yes or no.,No,yes,False
horse,animal,Is a horse an animal? Answer only in yes or no.,Yes,yes,True
horse,office supply,Is a horse an office supply? Answer only in yes or no.,No,no,True
horse,farm animal,Is a horse a farm animal? Answer only in yes or no.,Yes,yes,True
horse,vegetable,Is a horse a vegetable? Answer only in yes or no.,No,no,True
hose,tool,Is a hose a tool? Answer only in yes or no.,Yes,yes,True
hose,personal hygiene item,Is a hose a personal hygiene item? Answer only in yes or no.,No,yes,False
hose,hardware,Is a hose a hardware? Answer only in yes or no.,Yes,yes,True
hose,home decor,Is a hose a home decor? Answer only in yes or no.,No,yes,False
hose,garden tool,Is a hose a garden tool? Answer only in yes or no.,Yes,yes,True
hose,protective clothing,Is a hose a protective clothing? Answer only in yes or no.,No,no,True
hot-air_balloon,vehicle,Is a hot-air balloon a vehicle? Answer only in yes or no.,Yes,yes,True
hot-air_balloon,farm animal,Is a hot-air balloon a farm animal? Answer only in yes or no.,No,no,True
hot-water_bottle,container,Is a hot-water bottle a container? Answer only in yes or no.,Yes,yes,True
hot-water_bottle,scientific equipment,Is a hot-water bottle a scientific equipment? Answer only in yes or no.,No,yes,False
hot_chocolate,drink,Is a hot chocolate a drink? Answer only in yes or no.,Yes,yes,True
hot_chocolate,container,Is a hot chocolate a container? Answer only in yes or no.,No,yes,False
hot_tub,container,Is a hot tub a container? Answer only in yes or no.,Yes,yes,True
hot_tub,electronic device,Is a hot tub an electronic device? Answer only in yes or no.,No,no,True
hotdog,food,Is a hotdog a food? Answer only in yes or no.,Yes,yes,True
hotdog,furniture,Is a hotdog a furniture? Answer only in yes or no.,No,no,True
hotplate,kitchen appliance,Is a hotplate a kitchen appliance? Answer only in yes or no.,Yes,yes,True
hotplate,toy,Is a hotplate a toy? Answer only in yes or no.,No,yes,False
hotplate,electronic device,Is a hotplate an electronic device? Answer only in yes or no.,Yes,yes,True
hotplate,food,Is a hotplate a food? Answer only in yes or no.,No,no,True
hotplate,home appliance,Is a hotplate a home appliance? Answer only in yes or no.,Yes,yes,True
hotplate,furniture,Is a hotplate a furniture? Answer only in yes or no.,No,yes,False
hourglass,home decor,Is a hourglass a home decor? Answer only in yes or no.,Yes,yes,True
hourglass,headwear,Is a hourglass a headwear? Answer only in yes or no.,No,no,True
hovercraft,vehicle,Is a hovercraft a vehicle? Answer only in yes or no.,Yes,yes,True
hovercraft,electronic device,Is a hovercraft an electronic device? Answer only in yes or no.,No,no,True
hovercraft,watercraft,Is a hovercraft a watercraft? Answer only in yes or no.,Yes,yes,True
hovercraft,footwear,Is a hovercraft a footwear? Answer only in yes or no.,No,no,True
hula_hoop,toy,Is a hula hoop a toy? Answer only in yes or no.,Yes,yes,True
hula_hoop,dessert,Is a hula hoop a dessert? Answer only in yes or no.,No,no,True
hummingbird,bird,Is a hummingbird a bird? Answer only in yes or no.,Yes,yes,True
hummingbird,home decor,Is a hummingbird a home decor? Answer only in yes or no.,No,yes,False
hummingbird,animal,Is a hummingbird an animal? Answer only in yes or no.,Yes,yes,True
hummingbird,toy,Is a hummingbird a toy? Answer only in yes or no.,No,no,True
hummus,food,Is a hummus a food? Answer only in yes or no.,Yes,yes,True
hummus,drink,Is a hummus a drink? Answer only in yes or no.,No,no,True
humvee,vehicle,Is a humvee a vehicle? Answer only in yes or no.,Yes,yes,True
humvee,candy,Is a humvee a candy? Answer only in yes or no.,No,no,True
hyena,mammal,Is a hyena a mammal? Answer only in yes or no.,Yes,yes,True
hyena,office supply,Is a hyena an office supply? Answer only in yes or no.,No,no,True
hyena,animal,Is a hyena an animal? Answer only in yes or no.,Yes,yes,True
hyena,home appliance,Is a hyena a home appliance? Answer only in yes or no.,No,no,True
ice-cream_cone,food,Is an ice-cream cone a food? Answer only in yes or no.,Yes,yes,True
ice-cream_cone,protective clothing,Is an ice-cream cone a protective clothing? Answer only in yes or no.,No,no,True
ice-cream_cone,dessert,Is an ice-cream cone a dessert? Answer only in yes or no.,Yes,yes,True
ice-cream_cone,scientific equipment,Is an ice-cream cone a scientific equipment? Answer only in yes or no.,No,yes,False
ice_cream,food,Is an ice cream a food? Answer only in yes or no.,Yes,yes,True
ice_cream,container,Is an ice cream a container? Answer only in yes or no.,No,yes,False
ice_cream,dessert,Is an ice cream a dessert? Answer only in yes or no.,Yes,no,False
ice_cream,electronic device,Is an ice cream an electronic device? Answer only in yes or no.,No,no,True
ice_pack,medical equipment,Is an ice pack a medical equipment? Answer only in yes or no.,Yes,yes,True
ice_pack,condiment,Is an ice pack a condiment? Answer only in yes or no.,No,no,True
icemaker,kitchen appliance,Is an icemaker a kitchen appliance? Answer only in yes or no.,Yes,yes,True
icemaker,musical instrument,Is an icemaker a musical instrument? Answer only in yes or no.,No,no,True
icemaker,electronic device,Is an icemaker an electronic device? Answer only in yes or no.,Yes,yes,True
icemaker,home decor,Is an icemaker a home decor? Answer only in yes or no.,No,yes,False
icemaker,home appliance,Is an icemaker a home appliance? Answer only in yes or no.,Yes,yes,True
icemaker,plant,Is an icemaker a plant? Answer only in yes or no.,No,yes,False
icepick,tool,Is an icepick a tool? Answer only in yes or no.,Yes,yes,True
icepick,hardware,Is an icepick a hardware? Answer only in yes or no.,No,yes,False
icepick,weapon,Is an icepick a weapon? Answer only in yes or no.,Yes,yes,True
icepick,dessert,Is an icepick a dessert? Answer only in yes or no.,No,yes,False
icepick,kitchen tool,Is an icepick a kitchen tool? Answer only in yes or no.,Yes,yes,True
icepick,construction equipment,Is an icepick a construction equipment? Answer only in yes or no.,No,no,True
iceskate,footwear,Is an iceskate a footwear? Answer only in yes or no.,Yes,yes,True
iceskate,drink,Is an iceskate a drink? Answer only in yes or no.,No,no,True
iceskate,sports equipment,Is an iceskate a sports equipment? Answer only in yes or no.,Yes,yes,True
iceskate,vegetable,Is an iceskate a vegetable? Answer only in yes or no.,No,no,True
iguana,animal,Is an iguana an animal? Answer only in yes or no.,Yes,yes,True
iguana,body part,Is an iguana a body part? Answer only in yes or no.,No,yes,False
inhaler,medical equipment,Is an inhaler a medical equipment? Answer only in yes or no.,Yes,yes,True
inhaler,body part,Is an inhaler a body part? Answer only in yes or no.,No,yes,False
insole,clothing accessory,Is an insole a clothing accessory? Answer only in yes or no.,Yes,yes,True
insole,weapon,Is an insole a weapon? Answer only in yes or no.,No,yes,False
jacket,clothing,Is a jacket a clothing? Answer only in yes or no.,Yes,yes,True
jacket,headwear,Is a jacket a headwear? Answer only in yes or no.,No,no,True
jacket,outerwear,Is a jacket an outerwear? Answer only in yes or no.,Yes,yes,True
jacket,bird,Is a jacket a bird? Answer only in yes or no.,No,no,True
jackhammer,tool,Is a jackhammer a tool? Answer only in yes or no.,Yes,yes,True
jackhammer,garden tool,Is a jackhammer a garden tool? Answer only in yes or no.,No,no,True
jackhammer,electronic device,Is a jackhammer an electronic device? Answer only in yes or no.,Yes,yes,True
jackhammer,plant,Is a jackhammer a plant? Answer only in yes or no.,No,no,True
jackhammer,construction equipment,Is a jackhammer a construction equipment? Answer only in yes or no.,Yes,yes,True
jackhammer,protective clothing,Is a jackhammer a protective clothing? Answer only in yes or no.,No,no,True
jackhammer,hardware,Is a jackhammer a hardware? Answer only in yes or no.,Yes,yes,True
jackhammer,furniture,Is a jackhammer a furniture? Answer only in yes or no.,No,no,True
jalapeno,food,Is a jalapeno a food? Answer only in yes or no.,Yes,yes,True
jalapeno,plant,Is a jalapeno a plant? Answer only in yes or no.,No,yes,False
jalapeno,vegetable,Is a jalapeno a vegetable? Answer only in yes or no.,Yes,yes,True
jalapeno,drink,Is a jalapeno a drink? Answer only in yes or no.,No,no,True
jam,food,Is a jam a food? Answer only in yes or no.,Yes,yes,True
jam,farm animal,Is a jam a farm animal? Answer only in yes or no.,No,no,True
jam,condiment,Is a jam a condiment? Answer only in yes or no.,Yes,yes,True
jam,construction equipment,Is a jam a construction equipment? Answer only in yes or no.,No,no,True
jam,breakfast food,Is a jam a breakfast food? Answer only in yes or no.,Yes,yes,True
jam,arts and crafts supply,Is a jam an arts and crafts supply? Answer only in yes or no.,No,yes,False
jar,container,Is a jar a container? Answer only in yes or no.,Yes,yes,True
jar,bird,Is a jar a bird? Answer only in yes or no.,No,no,True
javelin,sports equipment,Is a javelin a sports equipment? Answer only in yes or no.,Yes,yes,True
javelin,body part,Is a javelin a body part? Answer only in yes or no.,No,yes,False
jeans,clothing,Is a jeans a clothing? Answer only in yes or no.,Yes,yes,True
jeans,game,Is a jeans a game? Answer only in yes or no.,No,yes,False
jeep,vehicle,Is a jeep a vehicle? Answer only in yes or no.,Yes,yes,True
jeep,women's clothing,Is a jeep a women's clothing? Answer only in yes or no.,No,no,True
jelly_bean,food,Is a jelly bean a food? Answer only in yes or no.,Yes,yes,True
jelly_bean,watercraft,Is a jelly bean a watercraft? Answer only in yes or no.,No,no,True
jelly_bean,candy,Is a jelly bean a candy? Answer only in yes or no.,Yes,yes,True
jelly_bean,sea animal,Is a jelly bean a sea animal? Answer only in yes or no.,No,no,True
jet,vehicle,Is a jet a vehicle? Answer only in yes or no.,Yes,yes,True
jet,candy,Is a jet a candy? Answer only in yes or no.,No,no,True
jetski,vehicle,Is a jetski a vehicle? Answer only in yes or no.,Yes,yes,True
jetski,school supply,Is a jetski a school supply? Answer only in yes or no.,No,no,True
jetski,watercraft,Is a jetski a watercraft? Answer only in yes or no.,Yes,yes,True
jetski,tool,Is a jetski a tool? Answer only in yes or no.,No,yes,False
jewelry,jewelry,Is a jewelry a jewelry? Answer only in yes or no.,Yes,yes,True
jewelry,hardware,Is a jewelry a hardware? Answer only in yes or no.,No,yes,False
jigsaw_puzzle,game,Is a jigsaw puzzle a game? Answer only in yes or no.,Yes,yes,True
jigsaw_puzzle,breakfast food,Is a jigsaw puzzle a breakfast food? Answer only in yes or no.,No,no,True
joystick,electronic device,Is a joystick an electronic device? Answer only in yes or no.,Yes,yes,True
joystick,garden tool,Is a joystick a garden tool? Answer only in yes or no.,No,no,True
jug,container,Is a jug a container? Answer only in yes or no.,Yes,yes,True
jug,part of car,Is a jug a part of car? Answer only in yes or no.,No,no,True
juice,drink,Is a juice a drink? Answer only in yes or no.,Yes,yes,True
juice,electronic device,Is a juice an electronic device? Answer only in yes or no.,No,no,True
juicer1,kitchen tool,Is a juicer1 a kitchen tool? Answer only in yes or no.,Yes,yes,True
juicer1,watercraft,Is a juicer1 a watercraft? Answer only in yes or no.,No,no,True
juicer2,kitchen appliance,Is a juicer2 a kitchen appliance? Answer only in yes or no.,Yes,yes,True
juicer2,medical equipment,Is a juicer2 a medical equipment? Answer only in yes or no.,No,yes,False
juicer2,electronic device,Is a juicer2 an electronic device? Answer only in yes or no.,Yes,yes,True
juicer2,food,Is a juicer2 a food? Answer only in yes or no.,No,yes,False
juicer2,home appliance,Is a juicer2 a home appliance? Answer only in yes or no.,Yes,yes,True
juicer2,drink,Is a juicer2 a drink? Answer only in yes or no.,No,no,True
jukebox,electronic device,Is a jukebox an electronic device? Answer only in yes or no.,Yes,yes,True
jukebox,women's clothing,Is a jukebox a women's clothing? Answer only in yes or no.,No,no,True
jump_rope,game,Is a jump rope a game? Answer only in yes or no.,Yes,yes,True
jump_rope,school supply,Is a jump rope a school supply? Answer only in yes or no.,No,yes,False
jump_rope,sports equipment,Is a jump rope a sports equipment? Answer only in yes or no.,Yes,yes,True
jump_rope,jewelry,Is a jump rope a jewelry? Answer only in yes or no.,No,no,True
jumpsuit,clothing,Is a jumpsuit a clothing? Answer only in yes or no.,Yes,yes,True
jumpsuit,protective clothing,Is a jumpsuit a protective clothing? Answer only in yes or no.,No,yes,False
jumpsuit,outerwear,Is a jumpsuit an outerwear? Answer only in yes or no.,Yes,no,False
jumpsuit,part of car,Is a jumpsuit a part of car? Answer only in yes or no.,No,no,True
kale,food,Is a kale a food? Answer only in yes or no.,Yes,yes,True
kale,sports equipment,Is a kale a sports equipment? Answer only in yes or no.,No,no,True
kale,vegetable,Is a kale a vegetable? Answer only in yes or no.,Yes,yes,True
kale,toy,Is a kale a toy? Answer only in yes or no.,No,yes,False
kale,plant,Is a kale a plant? Answer only in yes or no.,Yes,yes,True
kale,farm animal,Is a kale a farm animal? Answer only in yes or no.,No,no,True
kaleidoscope,toy,Is a kaleidoscope a toy? Answer only in yes or no.,Yes,yes,True
kaleidoscope,food,Is a kaleidoscope a food? Answer only in yes or no.,No,no,True
kangaroo,mammal,Is a kangaroo a mammal? Answer only in yes or no.,Yes,yes,True
kangaroo,body part,Is a kangaroo a body part? Answer only in yes or no.,No,yes,False
kangaroo,animal,Is a kangaroo an animal? Answer only in yes or no.,Yes,yes,True
kangaroo,outerwear,Is a kangaroo an outerwear? Answer only in yes or no.,No,no,True
kayak,vehicle,Is a kayak a vehicle? Answer only in yes or no.,Yes,yes,True
kayak,medical equipment,Is a kayak a medical equipment? Answer only in yes or no.,No,no,True
kayak,watercraft,Is a kayak a watercraft? Answer only in yes or no.,Yes,yes,True
kayak,home decor,Is a kayak a home decor? Answer only in yes or no.,No,no,True
kazoo,musical instrument,Is a kazoo a musical instrument? Answer only in yes or no.,Yes,yes,True
kazoo,garden tool,Is a kazoo a garden tool? Answer only in yes or no.,No,no,True
kebab,food,Is a kebab a food? Answer only in yes or no.,Yes,yes,True
kebab,vegetable,Is a kebab a vegetable? Answer only in yes or no.,No,yes,False
keg,container,Is a keg a container? Answer only in yes or no.,Yes,yes,True
keg,construction equipment,Is a keg a construction equipment? Answer only in yes or no.,No,no,True
kettle,container,Is a kettle a container? Answer only in yes or no.,Yes,yes,True
kettle,animal,Is a kettle an animal? Answer only in yes or no.,No,no,True
kettle,kitchen tool,Is a kettle a kitchen tool? Answer only in yes or no.,Yes,yes,True
kettle,construction equipment,Is a kettle a construction equipment? Answer only in yes or no.,No,yes,False
key,hardware,Is a key a hardware? Answer only in yes or no.,Yes,yes,True
key,lighting,Is a key a lighting? Answer only in yes or no.,No,yes,False
keyboard,musical instrument,Is a keyboard a musical instrument? Answer only in yes or no.,Yes,no,False
keyboard,headwear,Is a keyboard a headwear? Answer only in yes or no.,No,no,True
kilt,clothing,Is a kilt a clothing? Answer only in yes or no.,Yes,yes,True
kilt,footwear,Is a kilt a footwear? Answer only in yes or no.,No,no,True
kimono,women's clothing,Is a kimono a women's clothing? Answer only in yes or no.,Yes,yes,True
kimono,condiment,Is a kimono a condiment? Answer only in yes or no.,No,no,True
kimono,clothing,Is a kimono a clothing? Answer only in yes or no.,Yes,yes,True
kimono,sports equipment,Is a kimono a sports equipment? Answer only in yes or no.,No,no,True
kitten,mammal,Is a kitten a mammal? Answer only in yes or no.,Yes,yes,True
kitten,breakfast food,Is a kitten a breakfast food? Answer only in yes or no.,No,yes,False
kitten,animal,Is a kitten an animal? Answer only in yes or no.,Yes,yes,True
kitten,candy,Is a kitten a candy? Answer only in yes or no.,No,yes,False
kiwi,food,Is a kiwi a food? Answer only in yes or no.,Yes,yes,True
kiwi,home appliance,Is a kiwi a home appliance? Answer only in yes or no.,No,yes,False
kiwi,fruit,Is a kiwi a fruit? Answer only in yes or no.,Yes,yes,True
kiwi,safety equipment,Is a kiwi a safety equipment? Answer only in yes or no.,No,yes,False
kneepad,safety equipment,Is a kneepad a safety equipment? Answer only in yes or no.,Yes,yes,True
kneepad,fastener,Is a kneepad a fastener? Answer only in yes or no.,No,yes,False
kneepad,protective clothing,Is a kneepad a protective clothing? Answer only in yes or no.,Yes,yes,True
kneepad,insect,Is a kneepad an insect? Answer only in yes or no.,No,yes,False
kneepad,sports equipment,Is a kneepad a sports equipment? Answer only in yes or no.,Yes,yes,True
kneepad,women's clothing,Is a kneepad a women's clothing? Answer only in yes or no.,No,yes,False
knife,tool,Is a knife a tool? Answer only in yes or no.,Yes,yes,True
knife,animal,Is a knife an animal? Answer only in yes or no.,No,no,True
knife,weapon,Is a knife a weapon? Answer only in yes or no.,Yes,yes,True
knife,toy,Is a knife a toy? Answer only in yes or no.,No,yes,False
knife,kitchen tool,Is a knife a kitchen tool? Answer only in yes or no.,Yes,yes,True
knife,insect,Is a knife an insect? Answer only in yes or no.,No,no,True
knitting_needle,arts and crafts supply,Is a knitting needle an arts and crafts supply? Answer only in yes or no.,Yes,yes,True
knitting_needle,weapon,Is a knitting needle a weapon? Answer only in yes or no.,No,yes,False
knob,hardware,Is a knob a hardware? Answer only in yes or no.,Yes,yes,True
knob,clothing accessory,Is a knob a clothing accessory? Answer only in yes or no.,No,yes,False
knot,fastener,Is a knot a fastener? Answer only in yes or no.,Yes,yes,True
knot,candy,Is a knot a candy? Answer only in yes or no.,No,no,True
koala,mammal,Is a koala a mammal? Answer only in yes or no.,Yes,yes,True
koala,outerwear,Is a koala an outerwear? Answer only in yes or no.,No,no,True
koala,animal,Is a koala an animal? Answer only in yes or no.,Yes,yes,True
koala,food,Is a koala a food? Answer only in yes or no.,No,yes,False
lab_coat,scientific equipment,Is a lab coat a scientific equipment? Answer only in yes or no.,Yes,yes,True
lab_coat,furniture,Is a lab coat a furniture? Answer only in yes or no.,No,no,True
lab_coat,protective clothing,Is a lab coat a protective clothing? Answer only in yes or no.,Yes,yes,True
lab_coat,footwear,Is a lab coat a footwear? Answer only in yes or no.,No,no,True
lab_coat,clothing,Is a lab coat a clothing? Answer only in yes or no.,Yes,yes,True
lab_coat,food,Is a lab coat a food? Answer only in yes or no.,No,no,True
lab_coat,safety equipment,Is a lab coat a safety equipment? Answer only in yes or no.,Yes,yes,True
lab_coat,personal hygiene item,Is a lab coat a personal hygiene item? Answer only in yes or no.,No,yes,False
lab_coat,outerwear,Is a lab coat an outerwear? Answer only in yes or no.,Yes,no,False
lab_coat,dessert,Is a lab coat a dessert? Answer only in yes or no.,No,no,True
ladder,tool,Is a ladder a tool? Answer only in yes or no.,Yes,yes,True
ladder,mammal,Is a ladder a mammal? Answer only in yes or no.,No,no,True
ladder,hardware,Is a ladder a hardware? Answer only in yes or no.,Yes,yes,True
ladder,food,Is a ladder a food? Answer only in yes or no.,No,no,True
ladle,tool,Is a ladle a tool? Answer only in yes or no.,Yes,yes,True
ladle,hardware,Is a ladle a hardware? Answer only in yes or no.,No,yes,False
ladle,kitchen tool,Is a ladle a kitchen tool? Answer only in yes or no.,Yes,yes,True
ladle,dessert,Is a ladle a dessert? Answer only in yes or no.,No,no,True
ladybug,insect,Is a ladybug an insect? Answer only in yes or no.,Yes,yes,True
ladybug,outerwear,Is a ladybug an outerwear? Answer only in yes or no.,No,no,True
ladybug,animal,Is a ladybug an animal? Answer only in yes or no.,Yes,yes,True
ladybug,food,Is a ladybug a food? Answer only in yes or no.,No,yes,False
lamb,food,Is a lamb a food? Answer only in yes or no.,Yes,yes,True
lamb,weapon,Is a lamb a weapon? Answer only in yes or no.,No,yes,False
lamb,mammal,Is a lamb a mammal? Answer only in yes or no.,Yes,yes,True
lamb,clothing,Is a lamb a clothing? Answer only in yes or no.,No,no,True
lamb,animal,Is a lamb an animal? Answer only in yes or no.,Yes,yes,True
lamb,breakfast food,Is a lamb a breakfast food? Answer only in yes or no.,No,yes,False
lamb,farm animal,Is a lamb a farm animal? Answer only in yes or no.,Yes,yes,True
lamb,safety equipment,Is a lamb a safety equipment? Answer only in yes or no.,No,no,True
lamb_chop,food,Is a lamb chop a food? Answer only in yes or no.,Yes,yes,True
lamb_chop,protective clothing,Is a lamb chop a protective clothing? Answer only in yes or no.,No,no,True
lamp,lighting,Is a lamp a lighting? Answer only in yes or no.,Yes,yes,True
lamp,seafood,Is a lamp a seafood? Answer only in yes or no.,No,no,True
lamp,electronic device,Is a lamp an electronic device? Answer only in yes or no.,Yes,yes,True
lamp,food,Is a lamp a food? Answer only in yes or no.,No,no,True
lamp,home decor,Is a lamp a home decor? Answer only in yes or no.,Yes,yes,True
lamp,scientific equipment,Is a lamp a scientific equipment? Answer only in yes or no.,No,yes,False
lampshade,home decor,Is a lampshade a home decor? Answer only in yes or no.,Yes,yes,True
lampshade,tool,Is a lampshade a tool? Answer only in yes or no.,No,yes,False
landmine,weapon,Is a landmine a weapon? Answer only in yes or no.,Yes,yes,True
landmine,electronic device,Is a landmine an electronic device? Answer only in yes or no.,No,yes,False
lantern,lighting,Is a lantern a lighting? Answer only in yes or no.,Yes,yes,True
lantern,headwear,Is a lantern a headwear? Answer only in yes or no.,No,no,True
lanyard,clothing accessory,Is a lanyard a clothing accessory? Answer only in yes or no.,Yes,yes,True
lanyard,medical equipment,Is a lanyard a medical equipment? Answer only in yes or no.,No,no,True
laptop,electronic device,Is a laptop an electronic device? Answer only in yes or no.,Yes,yes,True
laptop,farm animal,Is a laptop a farm animal? Answer only in yes or no.,No,no,True
lasagna,food,Is a lasagna a food? Answer only in yes or no.,Yes,yes,True
lasagna,candy,Is a lasagna a candy? Answer only in yes or no.,No,no,True
latch,hardware,Is a latch a hardware? Answer only in yes or no.,Yes,yes,True
latch,footwear,Is a latch a footwear? Answer only in yes or no.,No,no,True
latch,fastener,Is a latch a fastener? Answer only in yes or no.,Yes,yes,True
latch,drink,Is a latch a drink? Answer only in yes or no.,No,no,True
latte,drink,Is a latte a drink? Answer only in yes or no.,Yes,yes,True
latte,candy,Is a latte a candy? Answer only in yes or no.,No,no,True
lawnmower,home appliance,Is a lawnmower a home appliance? Answer only in yes or no.,Yes,yes,True
lawnmower,seafood,Is a lawnmower a seafood? Answer only in yes or no.,No,no,True
lawnmower,garden tool,Is a lawnmower a garden tool? Answer only in yes or no.,Yes,yes,True
lawnmower,sports equipment,Is a lawnmower a sports equipment? Answer only in yes or no.,No,yes,False
lectern,furniture,Is a lectern a furniture? Answer only in yes or no.,Yes,yes,True
lectern,fastener,Is a lectern a fastener? Answer only in yes or no.,No,no,True
leech,animal,Is a leech an animal? Answer only in yes or no.,Yes,yes,True
leech,vegetable,Is a leech a vegetable? Answer only in yes or no.,No,yes,False
leek,food,Is a leek a food? Answer only in yes or no.,Yes,yes,True
leek,women's clothing,Is a leek a women's clothing? Answer only in yes or no.,No,no,True
leek,vegetable,Is a leek a vegetable? Answer only in yes or no.,Yes,yes,True
leek,body part,Is a leek a body part? Answer only in yes or no.,No,yes,False
leek,plant,Is a leek a plant? Answer only in yes or no.,Yes,yes,True
leek,electronic device,Is a leek an electronic device? Answer only in yes or no.,No,no,True
leggings,women's clothing,Is a leggings a women's clothing? Answer only in yes or no.,Yes,yes,True
leggings,weapon,Is a leggings a weapon? Answer only in yes or no.,No,yes,False
leggings,clothing,Is a leggings a clothing? Answer only in yes or no.,Yes,yes,True
leggings,protective clothing,Is a leggings a protective clothing? Answer only in yes or no.,No,yes,False
lego,toy,Is a lego a toy? Answer only in yes or no.,Yes,yes,True
lego,food,Is a lego a food? Answer only in yes or no.,No,no,True
lemon,food,Is a lemon a food? Answer only in yes or no.,Yes,yes,True
lemon,drink,Is a lemon a drink? Answer only in yes or no.,No,yes,False
lemon,fruit,Is a lemon a fruit? Answer only in yes or no.,Yes,yes,True
lemon,bird,Is a lemon a bird? Answer only in yes or no.,No,no,True
leopard,mammal,Is a leopard a mammal? Answer only in yes or no.,Yes,yes,True
leopard,personal hygiene item,Is a leopard a personal hygiene item? Answer only in yes or no.,No,no,True
leopard,animal,Is a leopard an animal? Answer only in yes or no.,Yes,yes,True
leopard,drink,Is a leopard a drink? Answer only in yes or no.,No,no,True
leotard,clothing,Is a leotard a clothing? Answer only in yes or no.,Yes,yes,True
leotard,vehicle,Is a leotard a vehicle? Answer only in yes or no.,No,no,True
letter_opener,tool,Is a letter opener a tool? Answer only in yes or no.,Yes,yes,True
letter_opener,construction equipment,Is a letter opener a construction equipment? Answer only in yes or no.,No,yes,False
lettuce,food,Is a lettuce a food? Answer only in yes or no.,Yes,yes,True
lettuce,candy,Is a lettuce a candy? Answer only in yes or no.,No,no,True
lettuce,vegetable,Is a lettuce a vegetable? Answer only in yes or no.,Yes,yes,True
lettuce,bird,Is a lettuce a bird? Answer only in yes or no.,No,no,True
lettuce,plant,Is a lettuce a plant? Answer only in yes or no.,Yes,yes,True
lettuce,headwear,Is a lettuce a headwear? Answer only in yes or no.,No,no,True
license_plate,part of car,Is a license plate a part of car? Answer only in yes or no.,Yes,yes,True
license_plate,bird,Is a license plate a bird? Answer only in yes or no.,No,no,True
licorice,food,Is a licorice a food? Answer only in yes or no.,Yes,yes,True
licorice,footwear,Is a licorice a footwear? Answer only in yes or no.,No,no,True
licorice,candy,Is a licorice a candy? Answer only in yes or no.,Yes,yes,True
licorice,sports equipment,Is a licorice a sports equipment? Answer only in yes or no.,No,no,True
life_jacket,safety equipment,Is a life jacket a safety equipment? Answer only in yes or no.,Yes,yes,True
life_jacket,part of car,Is a life jacket a part of car? Answer only in yes or no.,No,no,True
life_jacket,clothing,Is a life jacket a clothing? Answer only in yes or no.,Yes,yes,True
life_jacket,lighting,Is a life jacket a lighting? Answer only in yes or no.,No,no,True
life_jacket,protective clothing,Is a life jacket a protective clothing? Answer only in yes or no.,Yes,yes,True
life_jacket,container,Is a life jacket a container? Answer only in yes or no.,No,yes,False
light_switch,hardware,Is a light switch a hardware? Answer only in yes or no.,Yes,yes,True
light_switch,school supply,Is a light switch a school supply? Answer only in yes or no.,No,no,True
lightbulb,lighting,Is a lightbulb a lighting? Answer only in yes or no.,Yes,yes,True
lightbulb,drink,Is a lightbulb a drink? Answer only in yes or no.,No,no,True
lightbulb,hardware,Is a lightbulb a hardware? Answer only in yes or no.,Yes,yes,True
lightbulb,clothing accessory,Is a lightbulb a clothing accessory? Answer only in yes or no.,No,no,True
lighter,lighting,Is a lighter a lighting? Answer only in yes or no.,Yes,yes,True
lighter,container,Is a lighter a container? Answer only in yes or no.,No,yes,False
lighter,tool,Is a lighter a tool? Answer only in yes or no.,Yes,yes,True
lighter,body part,Is a lighter a body part? Answer only in yes or no.,No,yes,False
lightning_bug,insect,Is a lightning bug an insect? Answer only in yes or no.,Yes,yes,True
lightning_bug,home decor,Is a lightning bug a home decor? Answer only in yes or no.,No,yes,False
lightning_bug,animal,Is a lightning bug an animal? Answer only in yes or no.,Yes,yes,True
lightning_bug,protective clothing,Is a lightning bug a protective clothing? Answer only in yes or no.,No,no,True
lime,food,Is a lime a food? Answer only in yes or no.,Yes,yes,True
lime,jewelry,Is a lime a jewelry? Answer only in yes or no.,No,no,True
lime,fruit,Is a lime a fruit? Answer only in yes or no.,Yes,yes,True
lime,vehicle,Is a lime a vehicle? Answer only in yes or no.,No,no,True
limousine,vehicle,Is a limousine a vehicle? Answer only in yes or no.,Yes,yes,True
limousine,weapon,Is a limousine a weapon? Answer only in yes or no.,No,yes,False
lingerie,women's clothing,Is a lingerie a women's clothing? Answer only in yes or no.,Yes,yes,True
lingerie,vegetable,Is a lingerie a vegetable? Answer only in yes or no.,No,no,True
lingerie,clothing,Is a lingerie a clothing? Answer only in yes or no.,Yes,yes,True
lingerie,footwear,Is a lingerie a footwear? Answer only in yes or no.,No,no,True
lion,mammal,Is a lion a mammal? Answer only in yes or no.,Yes,yes,True
lion,seafood,Is a lion a seafood? Answer only in yes or no.,No,no,True
lion,animal,Is a lion an animal? Answer only in yes or no.,Yes,yes,True
lion,condiment,Is a lion a condiment? Answer only in yes or no.,No,no,True
lip_balm,personal hygiene item,Is a lip balm a personal hygiene item? Answer only in yes or no.,Yes,yes,True
lip_balm,kitchen tool,Is a lip balm a kitchen tool? Answer only in yes or no.,No,yes,False
lip_gloss,personal hygiene item,Is a lip gloss a personal hygiene item? Answer only in yes or no.,Yes,yes,True
lip_gloss,hardware,Is a lip gloss a hardware? Answer only in yes or no.,No,yes,False
lipstick,personal hygiene item,Is a lipstick a personal hygiene item? Answer only in yes or no.,Yes,yes,True
lipstick,sports equipment,Is a lipstick a sports equipment? Answer only in yes or no.,No,no,True
lizard,animal,Is a lizard an animal? Answer only in yes or no.,Yes,yes,True
lizard,kitchen tool,Is a lizard a kitchen tool? Answer only in yes or no.,No,no,True
llama,mammal,Is a llama a mammal? Answer only in yes or no.,Yes,yes,True
llama,condiment,Is a llama a condiment? Answer only in yes or no.,No,no,True
llama,animal,Is a llama an animal? Answer only in yes or no.,Yes,yes,True
llama,school supply,Is a llama a school supply? Answer only in yes or no.,No,no,True
lobster,seafood,Is a lobster a seafood? Answer only in yes or no.,Yes,yes,True
lobster,home decor,Is a lobster a home decor? Answer only in yes or no.,No,yes,False
lobster,food,Is a lobster a food? Answer only in yes or no.,Yes,yes,True
lobster,electronic device,Is a lobster an electronic device? Answer only in yes or no.,No,no,True
lobster,animal,Is a lobster an animal? Answer only in yes or no.,Yes,yes,True
lobster,home decor,Is a lobster a home decor? Answer only in yes or no.,No,yes,False
lobster,sea animal,Is a lobster a sea animal? Answer only in yes or no.,Yes,yes,True
lobster,toy,Is a lobster a toy? Answer only in yes or no.,No,yes,False
lock,hardware,Is a lock a hardware? Answer only in yes or no.,Yes,yes,True
lock,clothing,Is a lock a clothing? Answer only in yes or no.,No,no,True
lock,fastener,Is a lock a fastener? Answer only in yes or no.,Yes,yes,True
lock,condiment,Is a lock a condiment? Answer only in yes or no.,No,no,True
locker,container,Is a locker a container? Answer only in yes or no.,Yes,yes,True
locker,plant,Is a locker a plant? Answer only in yes or no.,No,no,True
locket,jewelry,Is a locket a jewelry? Answer only in yes or no.,Yes,yes,True
locket,construction equipment,Is a locket a construction equipment? Answer only in yes or no.,No,no,True
loincloth,clothing,Is a loincloth a clothing? Answer only in yes or no.,Yes,yes,True
loincloth,drink,Is a loincloth a drink? Answer only in yes or no.,No,no,True
lollipop,food,Is a lollipop a food? Answer only in yes or no.,Yes,yes,True
lollipop,headwear,Is a lollipop a headwear? Answer only in yes or no.,No,no,True
lollipop,candy,Is a lollipop a candy? Answer only in yes or no.,Yes,yes,True
lollipop,game,Is a lollipop a game? Answer only in yes or no.,No,yes,False
loveseat,furniture,Is a loveseat a furniture? Answer only in yes or no.,Yes,yes,True
loveseat,food,Is a loveseat a food? Answer only in yes or no.,No,no,True
machete,weapon,Is a machete a weapon? Answer only in yes or no.,Yes,yes,True
machete,drink,Is a machete a drink? Answer only in yes or no.,No,no,True
machine_gun,weapon,Is a machine gun a weapon? Answer only in yes or no.,Yes,yes,True
machine_gun,electronic device,Is a machine gun an electronic device? Answer only in yes or no.,No,yes,False
maggot,animal,Is a maggot an animal? Answer only in yes or no.,Yes,yes,True
maggot,part of car,Is a maggot a part of car? Answer only in yes or no.,No,no,True
magnet,scientific equipment,Is a magnet a scientific equipment? Answer only in yes or no.,Yes,yes,True
magnet,fruit,Is a magnet a fruit? Answer only in yes or no.,No,no,True
magnifier,tool,Is a magnifier a tool? Answer only in yes or no.,Yes,yes,True
magnifier,lighting,Is a magnifier a lighting? Answer only in yes or no.,No,yes,False
magnifier,scientific equipment,Is a magnifier a scientific equipment? Answer only in yes or no.,Yes,yes,True
magnifier,game,Is a magnifier a game? Answer only in yes or no.,No,yes,False
magnifying_glass,tool,Is a magnifying glass a tool? Answer only in yes or no.,Yes,yes,True
magnifying_glass,drink,Is a magnifying glass a drink? Answer only in yes or no.,No,no,True
magnifying_glass,scientific equipment,Is a magnifying glass a scientific equipment? Answer only in yes or no.,Yes,yes,True
magnifying_glass,musical instrument,Is a magnifying glass a musical instrument? Answer only in yes or no.,No,yes,False
mailbox,container,Is a mailbox a container? Answer only in yes or no.,Yes,yes,True
mailbox,kitchen appliance,Is a mailbox a kitchen appliance? Answer only in yes or no.,No,yes,False
mallet,tool,Is a mallet a tool? Answer only in yes or no.,Yes,yes,True
mallet,weapon,Is a mallet a weapon? Answer only in yes or no.,No,yes,False
mallet,hardware,Is a mallet a hardware? Answer only in yes or no.,Yes,yes,True
mallet,food,Is a mallet a food? Answer only in yes or no.,No,no,True
manatee,mammal,Is a manatee a mammal? Answer only in yes or no.,Yes,yes,True
manatee,vegetable,Is a manatee a vegetable? Answer only in yes or no.,No,no,True
manatee,animal,Is a manatee an animal? Answer only in yes or no.,Yes,yes,True
manatee,fruit,Is a manatee a fruit? Answer only in yes or no.,No,no,True
manatee,sea animal,Is a manatee a sea animal? Answer only in yes or no.,Yes,yes,True
manatee,safety equipment,Is a manatee a safety equipment? Answer only in yes or no.,No,no,True
mandolin,musical instrument,Is a mandolin a musical instrument? Answer only in yes or no.,Yes,yes,True
mandolin,school supply,Is a mandolin a school supply? Answer only in yes or no.,No,no,True
mango,food,Is a mango a food? Answer only in yes or no.,Yes,yes,True
mango,part of car,Is a mango a part of car? Answer only in yes or no.,No,no,True
mango,fruit,Is a mango a fruit? Answer only in yes or no.,Yes,yes,True
mango,arts and crafts supply,Is a mango an arts and crafts supply? Answer only in yes or no.,No,yes,False
marble,arts and crafts supply,Is a marble an arts and crafts supply? Answer only in yes or no.,Yes,yes,True
marble,kitchen appliance,Is a marble a kitchen appliance? Answer only in yes or no.,No,no,True
marble,toy,Is a marble a toy? Answer only in yes or no.,Yes,yes,True
marble,breakfast food,Is a marble a breakfast food? Answer only in yes or no.,No,no,True
margarita,drink,Is a margarita a drink? Answer only in yes or no.,Yes,yes,True
margarita,school supply,Is a margarita a school supply? Answer only in yes or no.,No,no,True
marker,arts and crafts supply,Is a marker an arts and crafts supply? Answer only in yes or no.,Yes,yes,True
marker,container,Is a marker a container? Answer only in yes or no.,No,yes,False
marker,tool,Is a marker a tool? Answer only in yes or no.,Yes,yes,True
marker,scientific equipment,Is a marker a scientific equipment? Answer only in yes or no.,No,yes,False
marker,school supply,Is a marker a school supply? Answer only in yes or no.,Yes,yes,True
marker,weapon,Is a marker a weapon? Answer only in yes or no.,No,yes,False
marmalade,food,Is a marmalade a food? Answer only in yes or no.,Yes,yes,True
marmalade,vegetable,Is a marmalade a vegetable? Answer only in yes or no.,No,no,True
marmalade,condiment,Is a marmalade a condiment? Answer only in yes or no.,Yes,yes,True
marmalade,arts and crafts supply,Is a marmalade an arts and crafts supply? Answer only in yes or no.,No,yes,False
marmalade,breakfast food,Is a marmalade a breakfast food? Answer only in yes or no.,Yes,yes,True
marmalade,dessert,Is a marmalade a dessert? Answer only in yes or no.,No,yes,False
marshmallow,food,Is a marshmallow a food? Answer only in yes or no.,Yes,yes,True
marshmallow,farm animal,Is a marshmallow a farm animal? Answer only in yes or no.,No,no,True
marshmallow,candy,Is a marshmallow a candy? Answer only in yes or no.,Yes,yes,True
marshmallow,fastener,Is a marshmallow a fastener? Answer only in yes or no.,No,no,True
mascara,personal hygiene item,Is a mascara a personal hygiene item? Answer only in yes or no.,Yes,yes,True
mascara,school supply,Is a mascara a school supply? Answer only in yes or no.,No,no,True
mashed_potato,food,Is a mashed potato a food? Answer only in yes or no.,Yes,yes,True
mashed_potato,safety equipment,Is a mashed potato a safety equipment? Answer only in yes or no.,No,no,True
match,lighting,Is a match a lighting? Answer only in yes or no.,Yes,yes,True
match,plant,Is a match a plant? Answer only in yes or no.,No,no,True
match,tool,Is a match a tool? Answer only in yes or no.,Yes,yes,True
match,mammal,Is a match a mammal? Answer only in yes or no.,No,no,True
matchbox,container,Is a matchbox a container? Answer only in yes or no.,Yes,yes,True
matchbox,home appliance,Is a matchbox a home appliance? Answer only in yes or no.,No,yes,False
mattress,furniture,Is a mattress a furniture? Answer only in yes or no.,Yes,yes,True
mattress,tool,Is a mattress a tool? Answer only in yes or no.,No,yes,False
measuring_cup,scientific equipment,Is a measuring cup a scientific equipment? Answer only in yes or no.,Yes,yes,True
measuring_cup,safety equipment,Is a measuring cup a safety equipment? Answer only in yes or no.,No,yes,False
measuring_cup,container,Is a measuring cup a container? Answer only in yes or no.,Yes,yes,True
measuring_cup,medical equipment,Is a measuring cup a medical equipment? Answer only in yes or no.,No,yes,False
measuring_cup,kitchen tool,Is a measuring cup a kitchen tool? Answer only in yes or no.,Yes,yes,True
measuring_cup,vehicle,Is a measuring cup a vehicle? Answer only in yes or no.,No,no,True
meat_grinder,home appliance,Is a meat grinder a home appliance? Answer only in yes or no.,Yes,yes,True
meat_grinder,school supply,Is a meat grinder a school supply? Answer only in yes or no.,No,no,True
meatball,food,Is a meatball a food? Answer only in yes or no.,Yes,yes,True
meatball,animal,Is a meatball an animal? Answer only in yes or no.,No,no,True
meatloaf,food,Is a meatloaf a food? Answer only in yes or no.,Yes,yes,True
meatloaf,watercraft,Is a meatloaf a watercraft? Answer only in yes or no.,No,no,True
meerkat,mammal,Is a meerkat a mammal? Answer only in yes or no.,Yes,yes,True
meerkat,musical instrument,Is a meerkat a musical instrument? Answer only in yes or no.,No,yes,False
meerkat,animal,Is a meerkat an animal? Answer only in yes or no.,Yes,yes,True
meerkat,tool,Is a meerkat a tool? Answer only in yes or no.,No,yes,False
melon,food,Is a melon a food? Answer only in yes or no.,Yes,yes,True
melon,animal,Is a melon an animal? Answer only in yes or no.,No,no,True
melon,fruit,Is a melon a fruit? Answer only in yes or no.,Yes,yes,True
melon,breakfast food,Is a melon a breakfast food? Answer only in yes or no.,No,yes,False
metal_detector,electronic device,Is a metal detector an electronic device? Answer only in yes or no.,Yes,yes,True
metal_detector,medical equipment,Is a metal detector a medical equipment? Answer only in yes or no.,No,no,True
metal_detector,tool,Is a metal detector a tool? Answer only in yes or no.,Yes,yes,True
metal_detector,fruit,Is a metal detector a fruit? Answer only in yes or no.,No,no,True
microphone,electronic device,Is a microphone an electronic device? Answer only in yes or no.,Yes,yes,True
microphone,weapon,Is a microphone a weapon? Answer only in yes or no.,No,yes,False
microscope,scientific equipment,Is a microscope a scientific equipment? Answer only in yes or no.,Yes,yes,True
microscope,personal hygiene item,Is a microscope a personal hygiene item? Answer only in yes or no.,No,no,True
microwave,kitchen appliance,Is a microwave a kitchen appliance? Answer only in yes or no.,Yes,yes,True
microwave,hardware,Is a microwave a hardware? Answer only in yes or no.,No,yes,False
microwave,electronic device,Is a microwave an electronic device? Answer only in yes or no.,Yes,yes,True
microwave,condiment,Is a microwave a condiment? Answer only in yes or no.,No,no,True
microwave,home appliance,Is a microwave a home appliance? Answer only in yes or no.,Yes,yes,True
microwave,outerwear,Is a microwave an outerwear? Answer only in yes or no.,No,no,True
milkshake,drink,Is a milkshake a drink? Answer only in yes or no.,Yes,yes,True
milkshake,vegetable,Is a milkshake a vegetable? Answer only in yes or no.,No,no,True
milkshake,dessert,Is a milkshake a dessert? Answer only in yes or no.,Yes,no,False
milkshake,personal hygiene item,Is a milkshake a personal hygiene item? Answer only in yes or no.,No,no,True
minivan,vehicle,Is a minivan a vehicle? Answer only in yes or no.,Yes,yes,True
minivan,sea animal,Is a minivan a sea animal? Answer only in yes or no.,No,no,True
missile,weapon,Is a missile a weapon? Answer only in yes or no.,Yes,yes,True
missile,candy,Is a missile a candy? Answer only in yes or no.,No,yes,False
mitten,clothing accessory,Is a mitten a clothing accessory? Answer only in yes or no.,Yes,yes,True
mitten,musical instrument,Is a mitten a musical instrument? Answer only in yes or no.,No,yes,False
mitten,clothing,Is a mitten a clothing? Answer only in yes or no.,Yes,yes,True
mitten,electronic device,Is a mitten an electronic device? Answer only in yes or no.,No,yes,False
mixer,kitchen appliance,Is a mixer a kitchen appliance? Answer only in yes or no.,Yes,yes,True
mixer,food,Is a mixer a food? Answer only in yes or no.,No,yes,False
mixer,electronic device,Is a mixer an electronic device? Answer only in yes or no.,Yes,yes,True
mixer,mammal,Is a mixer a mammal? Answer only in yes or no.,No,no,True
mixer,home appliance,Is a mixer a home appliance? Answer only in yes or no.,Yes,yes,True
mixer,dessert,Is a mixer a dessert? Answer only in yes or no.,No,no,True
moccasin,clothing,Is a moccasin a clothing? Answer only in yes or no.,Yes,yes,True
moccasin,safety equipment,Is a moccasin a safety equipment? Answer only in yes or no.,No,yes,False
moccasin,footwear,Is a moccasin a footwear? Answer only in yes or no.,Yes,yes,True
moccasin,electronic device,Is a moccasin an electronic device? Answer only in yes or no.,No,yes,False
modem,electronic device,Is a modem an electronic device? Answer only in yes or no.,Yes,yes,True
modem,watercraft,Is a modem a watercraft? Answer only in yes or no.,No,no,True
mongoose,mammal,Is a mongoose a mammal? Answer only in yes or no.,Yes,yes,True
mongoose,fastener,Is a mongoose a fastener? Answer only in yes or no.,No,no,True
mongoose,animal,Is a mongoose an animal? Answer only in yes or no.,Yes,yes,True
mongoose,medical equipment,Is a mongoose a medical equipment? Answer only in yes or no.,No,no,True
monkey,mammal,Is a monkey a mammal? Answer only in yes or no.,Yes,yes,True
monkey,office supply,Is a monkey an office supply? Answer only in yes or no.,No,yes,False
monkey,animal,Is a monkey an animal? Answer only in yes or no.,Yes,yes,True
monkey,construction equipment,Is a monkey a construction equipment? Answer only in yes or no.,No,yes,False
mop,tool,Is a mop a tool? Answer only in yes or no.,Yes,yes,True
mop,sea animal,Is a mop a sea animal? Answer only in yes or no.,No,no,True
mosquito,insect,Is a mosquito an insect? Answer only in yes or no.,Yes,yes,True
mosquito,plant,Is a mosquito a plant? Answer only in yes or no.,No,no,True
mosquito,animal,Is a mosquito an animal? Answer only in yes or no.,Yes,yes,True
mosquito,condiment,Is a mosquito a condiment? Answer only in yes or no.,No,yes,False
moth,insect,Is a moth an insect? Answer only in yes or no.,Yes,yes,True
moth,condiment,Is a moth a condiment? Answer only in yes or no.,No,no,True
moth,animal,Is a moth an animal? Answer only in yes or no.,Yes,yes,True
moth,plant,Is a moth a plant? Answer only in yes or no.,No,no,True
motorcycle,vehicle,Is a motorcycle a vehicle? Answer only in yes or no.,Yes,yes,True
motorcycle,outerwear,Is a motorcycle an outerwear? Answer only in yes or no.,No,no,True
mouthpiece,safety equipment,Is a mouthpiece a safety equipment? Answer only in yes or no.,Yes,yes,True
mouthpiece,school supply,Is a mouthpiece a school supply? Answer only in yes or no.,No,yes,False
mouthpiece,sports equipment,Is a mouthpiece a sports equipment? Answer only in yes or no.,Yes,yes,True
mouthpiece,weapon,Is a mouthpiece a weapon? Answer only in yes or no.,No,yes,False
muff,clothing accessory,Is a muff a clothing accessory? Answer only in yes or no.,Yes,yes,True
muff,fruit,Is a muff a fruit? Answer only in yes or no.,No,yes,False
muff,clothing,Is a muff a clothing? Answer only in yes or no.,Yes,yes,True
muff,condiment,Is a muff a condiment? Answer only in yes or no.,No,yes,False
muffin,food,Is a muffin a food? Answer only in yes or no.,Yes,yes,True
muffin,women's clothing,Is a muffin a women's clothing? Answer only in yes or no.,No,no,True
muffin,breakfast food,Is a muffin a breakfast food? Answer only in yes or no.,Yes,yes,True
muffin,construction equipment,Is a muffin a construction equipment? Answer only in yes or no.,No,no,True
muffin,dessert,Is a muffin a dessert? Answer only in yes or no.,Yes,yes,True
muffin,condiment,Is a muffin a condiment? Answer only in yes or no.,No,no,True
mug,container,Is a mug a container? Answer only in yes or no.,Yes,yes,True
mug,tool,Is a mug a tool? Answer only in yes or no.,No,yes,False
mulberry,food,Is a mulberry a food? Answer only in yes or no.,Yes,yes,True
mulberry,jewelry,Is a mulberry a jewelry? Answer only in yes or no.,No,no,True
mulberry,fruit,Is a mulberry a fruit? Answer only in yes or no.,Yes,yes,True
mulberry,sports equipment,Is a mulberry a sports equipment? Answer only in yes or no.,No,yes,False
mushroom,food,Is a mushroom a food? Answer only in yes or no.,Yes,yes,True
mushroom,fastener,Is a mushroom a fastener? Answer only in yes or no.,No,yes,False
mussel,seafood,Is a mussel a seafood? Answer only in yes or no.,Yes,yes,True
mussel,safety equipment,Is a mussel a safety equipment? Answer only in yes or no.,No,yes,False
mussel,food,Is a mussel a food? Answer only in yes or no.,Yes,yes,True
mussel,hardware,Is a mussel a hardware? Answer only in yes or no.,No,no,True
mussel,animal,Is a mussel an animal? Answer only in yes or no.,Yes,yes,True
mussel,candy,Is a mussel a candy? Answer only in yes or no.,No,no,True
mussel,sea animal,Is a mussel a sea animal? Answer only in yes or no.,Yes,yes,True
mussel,clothing,Is a mussel a clothing? Answer only in yes or no.,No,no,True
nail_clippers,tool,Is a nail clippers a tool? Answer only in yes or no.,Yes,yes,True
nail_clippers,lighting,Is a nail clippers a lighting? Answer only in yes or no.,No,no,True
nail_clippers,personal hygiene item,Is a nail clippers a personal hygiene item? Answer only in yes or no.,Yes,yes,True
nail_clippers,scientific equipment,Is a nail clippers a scientific equipment? Answer only in yes or no.,No,yes,False
nail_file,tool,Is a nail file a tool? Answer only in yes or no.,Yes,yes,True
nail_file,breakfast food,Is a nail file a breakfast food? Answer only in yes or no.,No,no,True
nail_file,personal hygiene item,Is a nail file a personal hygiene item? Answer only in yes or no.,Yes,yes,True
nail_file,hardware,Is a nail file a hardware? Answer only in yes or no.,No,yes,False
necklace,jewelry,Is a necklace a jewelry? Answer only in yes or no.,Yes,yes,True
necklace,protective clothing,Is a necklace a protective clothing? Answer only in yes or no.,No,no,True
needle,arts and crafts supply,Is a needle an arts and crafts supply? Answer only in yes or no.,Yes,yes,True
needle,watercraft,Is a needle a watercraft? Answer only in yes or no.,No,no,True
needle,tool,Is a needle a tool? Answer only in yes or no.,Yes,yes,True
needle,watercraft,Is a needle a watercraft? Answer only in yes or no.,No,no,True
nightshirt,clothing,Is a nightshirt a clothing? Answer only in yes or no.,Yes,yes,True
nightshirt,plant,Is a nightshirt a plant? Answer only in yes or no.,No,no,True
nightstand,container,Is a nightstand a container? Answer only in yes or no.,Yes,yes,True
nightstand,toy,Is a nightstand a toy? Answer only in yes or no.,No,no,True
nightstand,furniture,Is a nightstand a furniture? Answer only in yes or no.,Yes,yes,True
nightstand,seafood,Is a nightstand a seafood? Answer only in yes or no.,No,no,True
notebook,office supply,Is a notebook an office supply? Answer only in yes or no.,Yes,yes,True
notebook,sports equipment,Is a notebook a sports equipment? Answer only in yes or no.,No,yes,False
notebook,school supply,Is a notebook a school supply? Answer only in yes or no.,Yes,yes,True
notebook,bird,Is a notebook a bird? Answer only in yes or no.,No,yes,False
notepad,office supply,Is a notepad an office supply? Answer only in yes or no.,Yes,yes,True
notepad,protective clothing,Is a notepad a protective clothing? Answer only in yes or no.,No,no,True
notepad,school supply,Is a notepad a school supply? Answer only in yes or no.,Yes,yes,True
notepad,condiment,Is a notepad a condiment? Answer only in yes or no.,No,no,True
nutcracker,tool,Is a nutcracker a tool? Answer only in yes or no.,Yes,yes,True
nutcracker,food,Is a nutcracker a food? Answer only in yes or no.,No,yes,False
nutcracker,kitchen tool,Is a nutcracker a kitchen tool? Answer only in yes or no.,Yes,yes,True
nutcracker,medical equipment,Is a nutcracker a medical equipment? Answer only in yes or no.,No,yes,False
oatmeal,food,Is an oatmeal a food? Answer only in yes or no.,Yes,yes,True
oatmeal,plant,Is an oatmeal a plant? Answer only in yes or no.,No,yes,False
oatmeal,breakfast food,Is an oatmeal a breakfast food? Answer only in yes or no.,Yes,yes,True
oatmeal,safety equipment,Is an oatmeal a safety equipment? Answer only in yes or no.,No,no,True
octopus,seafood,Is an octopus a seafood? Answer only in yes or no.,Yes,no,False
octopus,women's clothing,Is an octopus a women's clothing? Answer only in yes or no.,No,no,True
octopus,food,Is an octopus a food? Answer only in yes or no.,Yes,yes,True
octopus,construction equipment,Is an octopus a construction equipment? Answer only in yes or no.,No,no,True
octopus,animal,Is an octopus an animal? Answer only in yes or no.,Yes,yes,True
octopus,sports equipment,Is an octopus a sports equipment? Answer only in yes or no.,No,no,True
octopus,sea animal,Is an octopus a sea animal? Answer only in yes or no.,Yes,yes,True
octopus,lighting,Is an octopus a lighting? Answer only in yes or no.,No,no,True
odometer,part of car,Is an odometer a part of car? Answer only in yes or no.,Yes,yes,True
odometer,office supply,Is an odometer an office supply? Answer only in yes or no.,No,yes,False
oilcan,container,Is an oilcan a container? Answer only in yes or no.,Yes,yes,True
oilcan,outerwear,Is an oilcan an outerwear? Answer only in yes or no.,No,no,True
okra,food,Is an okra a food? Answer only in yes or no.,Yes,yes,True
okra,personal hygiene item,Is an okra a personal hygiene item? Answer only in yes or no.,No,no,True
okra,vegetable,Is an okra a vegetable? Answer only in yes or no.,Yes,yes,True
okra,farm animal,Is an okra a farm animal? Answer only in yes or no.,No,no,True
olive,food,Is an olive a food? Answer only in yes or no.,Yes,yes,True
olive,sports equipment,Is an olive a sports equipment? Answer only in yes or no.,No,yes,False
omelet,food,Is an omelet a food? Answer only in yes or no.,Yes,yes,True
omelet,garden tool,Is an omelet a garden tool? Answer only in yes or no.,No,no,True
omelet,breakfast food,Is an omelet a breakfast food? Answer only in yes or no.,Yes,yes,True
omelet,body part,Is an omelet a body part? Answer only in yes or no.,No,yes,False
onion,food,Is an onion a food? Answer only in yes or no.,Yes,yes,True
onion,part of car,Is an onion a part of car? Answer only in yes or no.,No,no,True
onion,vegetable,Is an onion a vegetable? Answer only in yes or no.,Yes,yes,True
onion,seafood,Is an onion a seafood? Answer only in yes or no.,No,no,True
orange,food,Is an orange a food? Answer only in yes or no.,Yes,yes,True
orange,weapon,Is an orange a weapon? Answer only in yes or no.,No,yes,False
orange,fruit,Is an orange a fruit? Answer only in yes or no.,Yes,yes,True
orange,outerwear,Is an orange an outerwear? Answer only in yes or no.,No,no,True
orangutan,mammal,Is an orangutan a mammal? Answer only in yes or no.,Yes,yes,True
orangutan,home appliance,Is an orangutan a home appliance? Answer only in yes or no.,No,no,True
orangutan,animal,Is an orangutan an animal? Answer only in yes or no.,Yes,yes,True
orangutan,plant,Is an orangutan a plant? Answer only in yes or no.,No,no,True
orchid,plant,Is an orchid a plant? Answer only in yes or no.,Yes,yes,True
orchid,mammal,Is an orchid a mammal? Answer only in yes or no.,No,no,True
ostrich,bird,Is an ostrich a bird? Answer only in yes or no.,Yes,yes,True
ostrich,women's clothing,Is an ostrich a women's clothing? Answer only in yes or no.,No,no,True
ostrich,animal,Is an ostrich an animal? Answer only in yes or no.,Yes,yes,True
ostrich,fastener,Is an ostrich a fastener? Answer only in yes or no.,No,no,True
otter,mammal,Is an otter a mammal? Answer only in yes or no.,Yes,yes,True
otter,breakfast food,Is an otter a breakfast food? Answer only in yes or no.,No,yes,False
otter,animal,Is an otter an animal? Answer only in yes or no.,Yes,yes,True
otter,construction equipment,Is an otter a construction equipment? Answer only in yes or no.,No,no,True
outfit,clothing,Is an outfit a clothing? Answer only in yes or no.,Yes,yes,True
outfit,food,Is an outfit a food? Answer only in yes or no.,No,no,True
oven,kitchen appliance,Is an oven a kitchen appliance? Answer only in yes or no.,Yes,yes,True
oven,home decor,Is an oven a home decor? Answer only in yes or no.,No,yes,False
oven,home appliance,Is an oven a home appliance? Answer only in yes or no.,Yes,yes,True
oven,food,Is an oven a food? Answer only in yes or no.,No,yes,False
overalls,protective clothing,Is an overalls a protective clothing? Answer only in yes or no.,Yes,yes,True
overalls,watercraft,Is an overalls a watercraft? Answer only in yes or no.,No,no,True
overalls,clothing,Is an overalls a clothing? Answer only in yes or no.,Yes,yes,True
overalls,arts and crafts supply,Is an overalls an arts and crafts supply? Answer only in yes or no.,No,yes,False
overalls,outerwear,Is an overalls an outerwear? Answer only in yes or no.,Yes,yes,True
overalls,furniture,Is an overalls a furniture? Answer only in yes or no.,No,no,True
owl,bird,Is an owl a bird? Answer only in yes or no.,Yes,yes,True
owl,mammal,Is an owl a mammal? Answer only in yes or no.,No,no,True
owl,animal,Is an owl an animal? Answer only in yes or no.,Yes,yes,True
owl,garden tool,Is an owl a garden tool? Answer only in yes or no.,No,no,True
oyster,seafood,Is an oyster a seafood? Answer only in yes or no.,Yes,yes,True
oyster,clothing,Is an oyster a clothing? Answer only in yes or no.,No,no,True
oyster,food,Is an oyster a food? Answer only in yes or no.,Yes,yes,True
oyster,hardware,Is an oyster a hardware? Answer only in yes or no.,No,no,True
oyster,animal,Is an oyster an animal? Answer only in yes or no.,Yes,yes,True
oyster,furniture,Is an oyster a furniture? Answer only in yes or no.,No,no,True
oyster,sea animal,Is an oyster a sea animal? Answer only in yes or no.,Yes,yes,True
oyster,headwear,Is an oyster a headwear? Answer only in yes or no.,No,no,True
paddle,sports equipment,Is a paddle a sports equipment? Answer only in yes or no.,Yes,yes,True
paddle,lighting,Is a paddle a lighting? Answer only in yes or no.,No,no,True
padlock,hardware,Is a padlock a hardware? Answer only in yes or no.,Yes,yes,True
padlock,farm animal,Is a padlock a farm animal? Answer only in yes or no.,No,no,True
padlock,fastener,Is a padlock a fastener? Answer only in yes or no.,Yes,yes,True
padlock,toy,Is a padlock a toy? Answer only in yes or no.,No,no,True
paintbrush,arts and crafts supply,Is a paintbrush an arts and crafts supply? Answer only in yes or no.,Yes,yes,True
paintbrush,sports equipment,Is a paintbrush a sports equipment? Answer only in yes or no.,No,yes,False
paintbrush,tool,Is a paintbrush a tool? Answer only in yes or no.,Yes,yes,True
paintbrush,lighting,Is a paintbrush a lighting? Answer only in yes or no.,No,no,True
pajamas,clothing,Is a pajamas a clothing? Answer only in yes or no.,Yes,yes,True
pajamas,vehicle,Is a pajamas a vehicle? Answer only in yes or no.,No,no,True
palette,arts and crafts supply,Is a palette an arts and crafts supply? Answer only in yes or no.,Yes,yes,True
palette,dessert,Is a palette a dessert? Answer only in yes or no.,No,no,True
palm_tree,plant,Is a palm tree a plant? Answer only in yes or no.,Yes,yes,True
palm_tree,lighting,Is a palm tree a lighting? Answer only in yes or no.,No,yes,False
pan,container,Is a pan a container? Answer only in yes or no.,Yes,yes,True
pan,hardware,Is a pan a hardware? Answer only in yes or no.,No,yes,False
pancake,food,Is a pancake a food? Answer only in yes or no.,Yes,yes,True
pancake,medical equipment,Is a pancake a medical equipment? Answer only in yes or no.,No,no,True
pancake,breakfast food,Is a pancake a breakfast food? Answer only in yes or no.,Yes,yes,True
pancake,game,Is a pancake a game? Answer only in yes or no.,No,yes,False
panda,mammal,Is a panda a mammal? Answer only in yes or no.,Yes,yes,True
panda,kitchen tool,Is a panda a kitchen tool? Answer only in yes or no.,No,no,True
panda,animal,Is a panda an animal? Answer only in yes or no.,Yes,yes,True
panda,tool,Is a panda a tool? Answer only in yes or no.,No,yes,False
panther,mammal,Is a panther a mammal? Answer only in yes or no.,Yes,yes,True
panther,food,Is a panther a food? Answer only in yes or no.,No,yes,False
panther,animal,Is a panther an animal? Answer only in yes or no.,Yes,yes,True
panther,home decor,Is a panther a home decor? Answer only in yes or no.,No,yes,False
pants,clothing,Is a pants a clothing? Answer only in yes or no.,Yes,yes,True
pants,weapon,Is a pants a weapon? Answer only in yes or no.,No,yes,False
pantsuit,women's clothing,Is a pantsuit a women's clothing? Answer only in yes or no.,Yes,yes,True
pantsuit,food,Is a pantsuit a food? Answer only in yes or no.,No,no,True
pantsuit,clothing,Is a pantsuit a clothing? Answer only in yes or no.,Yes,yes,True
pantsuit,toy,Is a pantsuit a toy? Answer only in yes or no.,No,yes,False
pantyhose,women's clothing,Is a pantyhose a women's clothing? Answer only in yes or no.,Yes,no,False
pantyhose,sports equipment,Is a pantyhose a sports equipment? Answer only in yes or no.,No,yes,False
pantyhose,clothing,Is a pantyhose a clothing? Answer only in yes or no.,Yes,yes,True
pantyhose,farm animal,Is a pantyhose a farm animal? Answer only in yes or no.,No,no,True
papaya,food,Is a papaya a food? Answer only in yes or no.,Yes,yes,True
papaya,dessert,Is a papaya a dessert? Answer only in yes or no.,No,yes,False
papaya,fruit,Is a papaya a fruit? Answer only in yes or no.,Yes,yes,True
papaya,bird,Is a papaya a bird? Answer only in yes or no.,No,no,True
paper_bag,container,Is a paper bag a container? Answer only in yes or no.,Yes,yes,True
paper_bag,sea animal,Is a paper bag a sea animal? Answer only in yes or no.,No,no,True
paperclip,office supply,Is a paperclip an office supply? Answer only in yes or no.,Yes,yes,True
paperclip,women's clothing,Is a paperclip a women's clothing? Answer only in yes or no.,No,no,True
paperclip,fastener,Is a paperclip a fastener? Answer only in yes or no.,Yes,yes,True
paperclip,clothing accessory,Is a paperclip a clothing accessory? Answer only in yes or no.,No,yes,False
paperclip,school supply,Is a paperclip a school supply? Answer only in yes or no.,Yes,yes,True
paperclip,medical equipment,Is a paperclip a medical equipment? Answer only in yes or no.,No,no,True
parachute,safety equipment,Is a parachute a safety equipment? Answer only in yes or no.,Yes,yes,True
parachute,kitchen appliance,Is a parachute a kitchen appliance? Answer only in yes or no.,No,yes,False
parfait,food,Is a parfait a food? Answer only in yes or no.,Yes,yes,True
parfait,drink,Is a parfait a drink? Answer only in yes or no.,No,yes,False
parfait,dessert,Is a parfait a dessert? Answer only in yes or no.,Yes,yes,True
parfait,fruit,Is a parfait a fruit? Answer only in yes or no.,No,yes,False
parrot,bird,Is a parrot a bird? Answer only in yes or no.,Yes,yes,True
parrot,clothing,Is a parrot a clothing? Answer only in yes or no.,No,no,True
parrot,animal,Is a parrot an animal? Answer only in yes or no.,Yes,yes,True
parrot,sports equipment,Is a parrot a sports equipment? Answer only in yes or no.,No,no,True
parsley,food,Is a parsley a food? Answer only in yes or no.,Yes,yes,True
parsley,protective clothing,Is a parsley a protective clothing? Answer only in yes or no.,No,no,True
parsley,vegetable,Is a parsley a vegetable? Answer only in yes or no.,Yes,yes,True
parsley,tool,Is a parsley a tool? Answer only in yes or no.,No,yes,False
parsley,plant,Is a parsley a plant? Answer only in yes or no.,Yes,yes,True
parsley,musical instrument,Is a parsley a musical instrument? Answer only in yes or no.,No,yes,False
pasta,food,Is a pasta a food? Answer only in yes or no.,Yes,yes,True
pasta,protective clothing,Is a pasta a protective clothing? Answer only in yes or no.,No,no,True
pastry,food,Is a pastry a food? Answer only in yes or no.,Yes,yes,True
pastry,plant,Is a pastry a plant? Answer only in yes or no.,No,no,True
pastry,breakfast food,Is a pastry a breakfast food? Answer only in yes or no.,Yes,yes,True
pastry,school supply,Is a pastry a school supply? Answer only in yes or no.,No,no,True
pastry,dessert,Is a pastry a dessert? Answer only in yes or no.,Yes,yes,True
pastry,garden tool,Is a pastry a garden tool? Answer only in yes or no.,No,no,True
patty,food,Is a patty a food? Answer only in yes or no.,Yes,yes,True
patty,safety equipment,Is a patty a safety equipment? Answer only in yes or no.,No,yes,False
peach,food,Is a peach a food? Answer only in yes or no.,Yes,yes,True
peach,part of car,Is a peach a part of car? Answer only in yes or no.,No,no,True
peach,fruit,Is a peach a fruit? Answer only in yes or no.,Yes,yes,True
peach,sea animal,Is a peach a sea animal? Answer only in yes or no.,No,no,True
peacock,bird,Is a peacock a bird? Answer only in yes or no.,Yes,yes,True
peacock,clothing,Is a peacock a clothing? Answer only in yes or no.,No,no,True
peacock,animal,Is a peacock an animal? Answer only in yes or no.,Yes,yes,True
peacock,lighting,Is a peacock a lighting? Answer only in yes or no.,No,no,True
peanut,food,Is a peanut a food? Answer only in yes or no.,Yes,yes,True
peanut,toy,Is a peanut a toy? Answer only in yes or no.,No,yes,False
peanut_butter,food,Is a peanut butter a food? Answer only in yes or no.,Yes,yes,True
peanut_butter,drink,Is a peanut butter a drink? Answer only in yes or no.,No,no,True
peanut_butter,condiment,Is a peanut butter a condiment? Answer only in yes or no.,Yes,yes,True
peanut_butter,plant,Is a peanut butter a plant? Answer only in yes or no.,No,yes,False
peanut_butter,breakfast food,Is a peanut butter a breakfast food? Answer only in yes or no.,Yes,yes,True
peanut_butter,vehicle,Is a peanut butter a vehicle? Answer only in yes or no.,No,no,True
pear,food,Is a pear a food? Answer only in yes or no.,Yes,yes,True
pear,fastener,Is a pear a fastener? Answer only in yes or no.,No,no,True
pear,fruit,Is a pear a fruit? Answer only in yes or no.,Yes,yes,True
pear,toy,Is a pear a toy? Answer only in yes or no.,No,yes,False
pecan,food,Is a pecan a food? Answer only in yes or no.,Yes,yes,True
pecan,scientific equipment,Is a pecan a scientific equipment? Answer only in yes or no.,No,no,True
pedal,part of car,Is a pedal a part of car? Answer only in yes or no.,Yes,yes,True
pedal,seafood,Is a pedal a seafood? Answer only in yes or no.,No,no,True
pelican,bird,Is a pelican a bird? Answer only in yes or no.,Yes,yes,True
pelican,protective clothing,Is a pelican a protective clothing? Answer only in yes or no.,No,no,True
pelican,animal,Is a pelican an animal? Answer only in yes or no.,Yes,yes,True
pelican,watercraft,Is a pelican a watercraft? Answer only in yes or no.,No,no,True
pen,arts and crafts supply,Is a pen an arts and crafts supply? Answer only in yes or no.,Yes,yes,True
pen,women's clothing,Is a pen a women's clothing? Answer only in yes or no.,No,no,True
pen,tool,Is a pen a tool? Answer only in yes or no.,Yes,yes,True
pen,footwear,Is a pen a footwear? Answer only in yes or no.,No,no,True
pen,office supply,Is a pen an office supply? Answer only in yes or no.,Yes,yes,True
pen,protective clothing,Is a pen a protective clothing? Answer only in yes or no.,No,no,True
pen,school supply,Is a pen a school supply? Answer only in yes or no.,Yes,yes,True
pen,plant,Is a pen a plant? Answer only in yes or no.,No,no,True
pencil,arts and crafts supply,Is a pencil an arts and crafts supply? Answer only in yes or no.,Yes,yes,True
pencil,musical instrument,Is a pencil a musical instrument? Answer only in yes or no.,No,no,True
pencil,tool,Is a pencil a tool? Answer only in yes or no.,Yes,yes,True
pencil,bird,Is a pencil a bird? Answer only in yes or no.,No,no,True
pencil,office supply,Is a pencil an office supply? Answer only in yes or no.,Yes,yes,True
pencil,vegetable,Is a pencil a vegetable? Answer only in yes or no.,No,yes,False
pencil,school supply,Is a pencil a school supply? Answer only in yes or no.,Yes,yes,True
pencil,scientific equipment,Is a pencil a scientific equipment? Answer only in yes or no.,No,yes,False
pencil_sharpener,arts and crafts supply,Is a pencil sharpener an arts and crafts supply? Answer only in yes or no.,Yes,yes,True
pencil_sharpener,seafood,Is a pencil sharpener a seafood? Answer only in yes or no.,No,no,True
pencil_sharpener,tool,Is a pencil sharpener a tool? Answer only in yes or no.,Yes,yes,True
pencil_sharpener,animal,Is a pencil sharpener an animal? Answer only in yes or no.,No,no,True
pencil_sharpener,office supply,Is a pencil sharpener an office supply? Answer only in yes or no.,Yes,yes,True
pencil_sharpener,headwear,Is a pencil sharpener a headwear? Answer only in yes or no.,No,no,True
pencil_sharpener,school supply,Is a pencil sharpener a school supply? Answer only in yes or no.,Yes,yes,True
pencil_sharpener,condiment,Is a pencil sharpener a condiment? Answer only in yes or no.,No,no,True
pendulum,scientific equipment,Is a pendulum a scientific equipment? Answer only in yes or no.,Yes,yes,True
pendulum,home appliance,Is a pendulum a home appliance? Answer only in yes or no.,No,yes,False
penguin,bird,Is a penguin a bird? Answer only in yes or no.,Yes,no,False
penguin,breakfast food,Is a penguin a breakfast food? Answer only in yes or no.,No,yes,False
penguin,animal,Is a penguin an animal? Answer only in yes or no.,Yes,yes,True
penguin,clothing,Is a penguin a clothing? Answer only in yes or no.,No,no,True
penlight,lighting,Is a penlight a lighting? Answer only in yes or no.,Yes,yes,True
penlight,condiment,Is a penlight a condiment? Answer only in yes or no.,No,no,True
penlight,medical equipment,Is a penlight a medical equipment? Answer only in yes or no.,Yes,yes,True
penlight,dessert,Is a penlight a dessert? Answer only in yes or no.,No,no,True
penlight,tool,Is a penlight a tool? Answer only in yes or no.,Yes,yes,True
penlight,arts and crafts supply,Is a penlight an arts and crafts supply? Answer only in yes or no.,No,yes,False
pepper_mill,kitchen tool,Is a pepper mill a kitchen tool? Answer only in yes or no.,Yes,yes,True
pepper_mill,toy,Is a pepper mill a toy? Answer only in yes or no.,No,no,True
peppermint,food,Is a peppermint a food? Answer only in yes or no.,Yes,yes,True
peppermint,furniture,Is a peppermint a furniture? Answer only in yes or no.,No,no,True
peppermint,candy,Is a peppermint a candy? Answer only in yes or no.,Yes,yes,True
peppermint,drink,Is a peppermint a drink? Answer only in yes or no.,No,yes,False
perfume,personal hygiene item,Is a perfume a personal hygiene item? Answer only in yes or no.,Yes,no,False
perfume,body part,Is a perfume a body part? Answer only in yes or no.,No,yes,False
petri_dish,scientific equipment,Is a petri dish a scientific equipment? Answer only in yes or no.,Yes,yes,True
petri_dish,jewelry,Is a petri dish a jewelry? Answer only in yes or no.,No,no,True
petri_dish,container,Is a petri dish a container? Answer only in yes or no.,Yes,yes,True
petri_dish,condiment,Is a petri dish a condiment? Answer only in yes or no.,No,no,True
pheasant,bird,Is a pheasant a bird? Answer only in yes or no.,Yes,yes,True
pheasant,footwear,Is a pheasant a footwear? Answer only in yes or no.,No,no,True
pheasant,animal,Is a pheasant an animal? Answer only in yes or no.,Yes,yes,True
pheasant,vegetable,Is a pheasant a vegetable? Answer only in yes or no.,No,no,True
piano,musical instrument,Is a piano a musical instrument? Answer only in yes or no.,Yes,yes,True
piano,farm animal,Is a piano a farm animal? Answer only in yes or no.,No,no,True
pickax,tool,Is a pickax a tool? Answer only in yes or no.,Yes,yes,True
pickax,fastener,Is a pickax a fastener? Answer only in yes or no.,No,yes,False
pickax,hardware,Is a pickax a hardware? Answer only in yes or no.,Yes,yes,True
pickax,sports equipment,Is a pickax a sports equipment? Answer only in yes or no.,No,yes,False
pickax,garden tool,Is a pickax a garden tool? Answer only in yes or no.,Yes,yes,True
pickax,home decor,Is a pickax a home decor? Answer only in yes or no.,No,yes,False
pickax,weapon,Is a pickax a weapon? Answer only in yes or no.,Yes,yes,True
pickax,watercraft,Is a pickax a watercraft? Answer only in yes or no.,No,no,True
pickle,food,Is a pickle a food? Answer only in yes or no.,Yes,yes,True
pickle,school supply,Is a pickle a school supply? Answer only in yes or no.,No,yes,False
pie,food,Is a pie a food? Answer only in yes or no.,Yes,yes,True
pie,office supply,Is a pie an office supply? Answer only in yes or no.,No,no,True
pie,dessert,Is a pie a dessert? Answer only in yes or no.,Yes,yes,True
pie,mammal,Is a pie a mammal? Answer only in yes or no.,No,no,True
piecrust,food,Is a piecrust a food? Answer only in yes or no.,Yes,yes,True
piecrust,drink,Is a piecrust a drink? Answer only in yes or no.,No,no,True
pig,food,Is a pig a food? Answer only in yes or no.,Yes,yes,True
pig,drink,Is a pig a drink? Answer only in yes or no.,No,no,True
pig,mammal,Is a pig a mammal? Answer only in yes or no.,Yes,yes,True
pig,lighting,Is a pig a lighting? Answer only in yes or no.,No,no,True
pig,animal,Is a pig an animal? Answer only in yes or no.,Yes,yes,True
pig,office supply,Is a pig an office supply? Answer only in yes or no.,No,no,True
pig,farm animal,Is a pig a farm animal? Answer only in yes or no.,Yes,yes,True
pig,home appliance,Is a pig a home appliance? Answer only in yes or no.,No,no,True
pigeon,bird,Is a pigeon a bird? Answer only in yes or no.,Yes,yes,True
pigeon,sports equipment,Is a pigeon a sports equipment? Answer only in yes or no.,No,yes,False
pigeon,animal,Is a pigeon an animal? Answer only in yes or no.,Yes,yes,True
pigeon,seafood,Is a pigeon a seafood? Answer only in yes or no.,No,no,True
piggy_bank,container,Is a piggy bank a container? Answer only in yes or no.,Yes,yes,True
piggy_bank,women's clothing,Is a piggy bank a women's clothing? Answer only in yes or no.,No,no,True
piglet,mammal,Is a piglet a mammal? Answer only in yes or no.,Yes,yes,True
piglet,hardware,Is a piglet a hardware? Answer only in yes or no.,No,no,True
piglet,animal,Is a piglet an animal? Answer only in yes or no.,Yes,yes,True
piglet,medical equipment,Is a piglet a medical equipment? Answer only in yes or no.,No,no,True
piglet,farm animal,Is a piglet a farm animal? Answer only in yes or no.,Yes,yes,True
piglet,sea animal,Is a piglet a sea animal? Answer only in yes or no.,No,no,True
pillbox,medical equipment,Is a pillbox a medical equipment? Answer only in yes or no.,Yes,yes,True
pillbox,insect,Is a pillbox an insect? Answer only in yes or no.,No,no,True
pillbox,container,Is a pillbox a container? Answer only in yes or no.,Yes,yes,True
pillbox,drink,Is a pillbox a drink? Answer only in yes or no.,No,no,True
pillow,home decor,Is a pillow a home decor? Answer only in yes or no.,Yes,yes,True
pillow,furniture,Is a pillow a furniture? Answer only in yes or no.,No,yes,False
pin,arts and crafts supply,Is a pin an arts and crafts supply? Answer only in yes or no.,Yes,yes,True
pin,bird,Is a pin a bird? Answer only in yes or no.,No,yes,False
pin,tool,Is a pin a tool? Answer only in yes or no.,Yes,yes,True
pin,animal,Is a pin an animal? Answer only in yes or no.,No,no,True
pin,fastener,Is a pin a fastener? Answer only in yes or no.,Yes,yes,True
pin,kitchen appliance,Is a pin a kitchen appliance? Answer only in yes or no.,No,yes,False
pinball,game,Is a pinball a game? Answer only in yes or no.,Yes,yes,True
pinball,part of car,Is a pinball a part of car? Answer only in yes or no.,No,no,True
pinball,electronic device,Is a pinball an electronic device? Answer only in yes or no.,Yes,yes,True
pinball,jewelry,Is a pinball a jewelry? Answer only in yes or no.,No,no,True
pincushion,arts and crafts supply,Is a pincushion an arts and crafts supply? Answer only in yes or no.,Yes,yes,True
pincushion,sports equipment,Is a pincushion a sports equipment? Answer only in yes or no.,No,yes,False
pine_tree,plant,Is a pine tree a plant? Answer only in yes or no.,Yes,yes,True
pine_tree,kitchen tool,Is a pine tree a kitchen tool? Answer only in yes or no.,No,no,True
pineapple,food,Is a pineapple a food? Answer only in yes or no.,Yes,yes,True
pineapple,protective clothing,Is a pineapple a protective clothing? Answer only in yes or no.,No,no,True
pineapple,fruit,Is a pineapple a fruit? Answer only in yes or no.,Yes,yes,True
pineapple,school supply,Is a pineapple a school supply? Answer only in yes or no.,No,yes,False
pinecone,home decor,Is a pinecone a home decor? Answer only in yes or no.,Yes,yes,True
pinecone,insect,Is a pinecone an insect? Answer only in yes or no.,No,no,True
ping-pong_table,sports equipment,Is a ping-pong table a sports equipment? Answer only in yes or no.,Yes,yes,True
ping-pong_table,fastener,Is a ping-pong table a fastener? Answer only in yes or no.,No,no,True
pinwheel,toy,Is a pinwheel a toy? Answer only in yes or no.,Yes,yes,True
pinwheel,vehicle,Is a pinwheel a vehicle? Answer only in yes or no.,No,yes,False
pinwheel,home decor,Is a pinwheel a home decor? Answer only in yes or no.,Yes,yes,True
pinwheel,medical equipment,Is a pinwheel a medical equipment? Answer only in yes or no.,No,yes,False
pistachio,food,Is a pistachio a food? Answer only in yes or no.,Yes,yes,True
pistachio,sea animal,Is a pistachio a sea animal? Answer only in yes or no.,No,no,True
pita,food,Is a pita a food? Answer only in yes or no.,Yes,yes,True
pita,kitchen appliance,Is a pita a kitchen appliance? Answer only in yes or no.,No,yes,False
pitcher,container,Is a pitcher a container? Answer only in yes or no.,Yes,yes,True
pitcher,arts and crafts supply,Is a pitcher an arts and crafts supply? Answer only in yes or no.,No,yes,False
pitchfork,tool,Is a pitchfork a tool? Answer only in yes or no.,Yes,yes,True
pitchfork,body part,Is a pitchfork a body part? Answer only in yes or no.,No,yes,False
pitchfork,garden tool,Is a pitchfork a garden tool? Answer only in yes or no.,Yes,yes,True
pitchfork,animal,Is a pitchfork an animal? Answer only in yes or no.,No,yes,False
pitchfork,weapon,Is a pitchfork a weapon? Answer only in yes or no.,Yes,yes,True
pitchfork,outerwear,Is a pitchfork an outerwear? Answer only in yes or no.,No,yes,False
pizza,food,Is a pizza a food? Answer only in yes or no.,Yes,yes,True
pizza,kitchen appliance,Is a pizza a kitchen appliance? Answer only in yes or no.,No,yes,False
place_mat,home decor,Is a place mat a home decor? Answer only in yes or no.,Yes,yes,True
place_mat,musical instrument,Is a place mat a musical instrument? Answer only in yes or no.,No,no,True
plant,plant,Is a plant a plant? Answer only in yes or no.,Yes,yes,True
plant,clothing accessory,Is a plant a clothing accessory? Answer only in yes or no.,No,yes,False
plaster_cast,medical equipment,Is a plaster cast a medical equipment? Answer only in yes or no.,Yes,yes,True
plaster_cast,jewelry,Is a plaster cast a jewelry? Answer only in yes or no.,No,no,True
platypus,mammal,Is a platypus a mammal? Answer only in yes or no.,Yes,yes,True
platypus,personal hygiene item,Is a platypus a personal hygiene item? Answer only in yes or no.,No,no,True
platypus,animal,Is a platypus an animal? Answer only in yes or no.,Yes,yes,True
platypus,seafood,Is a platypus a seafood? Answer only in yes or no.,No,no,True
playing_card,game,Is a playing card a game? Answer only in yes or no.,Yes,yes,True
playing_card,weapon,Is a playing card a weapon? Answer only in yes or no.,No,yes,False
pliers,tool,Is a pliers a tool? Answer only in yes or no.,Yes,yes,True
pliers,personal hygiene item,Is a pliers a personal hygiene item? Answer only in yes or no.,No,no,True
pliers,construction equipment,Is a pliers a construction equipment? Answer only in yes or no.,Yes,no,False
pliers,headwear,Is a pliers a headwear? Answer only in yes or no.,No,no,True
pliers,hardware,Is a pliers a hardware? Answer only in yes or no.,Yes,yes,True
pliers,women's clothing,Is a pliers a women's clothing? Answer only in yes or no.,No,no,True
plug,hardware,Is a plug a hardware? Answer only in yes or no.,Yes,yes,True
plug,fruit,Is a plug a fruit? Answer only in yes or no.,No,no,True
plum,food,Is a plum a food? Answer only in yes or no.,Yes,yes,True
plum,animal,Is a plum an animal? Answer only in yes or no.,No,no,True
plum,fruit,Is a plum a fruit? Answer only in yes or no.,Yes,yes,True
plum,mammal,Is a plum a mammal? Answer only in yes or no.,No,no,True
plunger,tool,Is a plunger a tool? Answer only in yes or no.,Yes,yes,True
plunger,headwear,Is a plunger a headwear? Answer only in yes or no.,No,no,True
plunger,hardware,Is a plunger a hardware? Answer only in yes or no.,Yes,yes,True
plunger,outerwear,Is a plunger an outerwear? Answer only in yes or no.,No,no,True
pocket_watch,jewelry,Is a pocket watch a jewelry? Answer only in yes or no.,Yes,yes,True
pocket_watch,farm animal,Is a pocket watch a farm animal? Answer only in yes or no.,No,no,True
pocketknife,tool,Is a pocketknife a tool? Answer only in yes or no.,Yes,yes,True
pocketknife,musical instrument,Is a pocketknife a musical instrument? Answer only in yes or no.,No,no,True
pocketknife,weapon,Is a pocketknife a weapon? Answer only in yes or no.,Yes,yes,True
pocketknife,breakfast food,Is a pocketknife a breakfast food? Answer only in yes or no.,No,no,True
pogo_stick,toy,Is a pogo stick a toy? Answer only in yes or no.,Yes,yes,True
pogo_stick,plant,Is a pogo stick a plant? Answer only in yes or no.,No,no,True
poinsettia,plant,Is a poinsettia a plant? Answer only in yes or no.,Yes,yes,True
poinsettia,lighting,Is a poinsettia a lighting? Answer only in yes or no.,No,no,True
poker,tool,Is a poker a tool? Answer only in yes or no.,Yes,yes,True
poker,body part,Is a poker a body part? Answer only in yes or no.,No,no,True
polar_bear,mammal,Is a polar bear a mammal? Answer only in yes or no.,Yes,yes,True
polar_bear,construction equipment,Is a polar bear a construction equipment? Answer only in yes or no.,No,no,True
polar_bear,animal,Is a polar bear an animal? Answer only in yes or no.,Yes,yes,True
polar_bear,medical equipment,Is a polar bear a medical equipment? Answer only in yes or no.,No,no,True
police_car,vehicle,Is a police car a vehicle? Answer only in yes or no.,Yes,yes,True
police_car,insect,Is a police car an insect? Answer only in yes or no.,No,no,True
polo_shirt,clothing,Is a polo shirt a clothing? Answer only in yes or no.,Yes,yes,True
polo_shirt,insect,Is a polo shirt an insect? Answer only in yes or no.,No,no,True
polygraph,electronic device,Is a polygraph an electronic device? Answer only in yes or no.,Yes,yes,True
polygraph,garden tool,Is a polygraph a garden tool? Answer only in yes or no.,No,no,True
polygraph,scientific equipment,Is a polygraph a scientific equipment? Answer only in yes or no.,Yes,yes,True
polygraph,home appliance,Is a polygraph a home appliance? Answer only in yes or no.,No,yes,False
pom-pom,arts and crafts supply,Is a pom-pom an arts and crafts supply? Answer only in yes or no.,Yes,yes,True
pom-pom,candy,Is a pom-pom a candy? Answer only in yes or no.,No,yes,False
pomegranate,food,Is a pomegranate a food? Answer only in yes or no.,Yes,yes,True
pomegranate,drink,Is a pomegranate a drink? Answer only in yes or no.,No,yes,False
pomegranate,fruit,Is a pomegranate a fruit? Answer only in yes or no.,Yes,yes,True
pomegranate,lighting,Is a pomegranate a lighting? Answer only in yes or no.,No,no,True
pony,mammal,Is a pony a mammal? Answer only in yes or no.,Yes,yes,True
pony,watercraft,Is a pony a watercraft? Answer only in yes or no.,No,yes,False
pony,animal,Is a pony an animal? Answer only in yes or no.,Yes,yes,True
pony,musical instrument,Is a pony a musical instrument? Answer only in yes or no.,No,yes,False
poodle,mammal,Is a poodle a mammal? Answer only in yes or no.,Yes,yes,True
poodle,kitchen appliance,Is a poodle a kitchen appliance? Answer only in yes or no.,No,no,True
poodle,animal,Is a poodle an animal? Answer only in yes or no.,Yes,yes,True
poodle,body part,Is a poodle a body part? Answer only in yes or no.,No,yes,False
popcorn,food,Is a popcorn a food? Answer only in yes or no.,Yes,yes,True
popcorn,container,Is a popcorn a container? Answer only in yes or no.,No,yes,False
poppy,food,Is a poppy a food? Answer only in yes or no.,Yes,yes,True
poppy,home appliance,Is a poppy a home appliance? Answer only in yes or no.,No,no,True
poppy,plant,Is a poppy a plant? Answer only in yes or no.,Yes,yes,True
poppy,clothing accessory,Is a poppy a clothing accessory? Answer only in yes or no.,No,yes,False
popsicle,food,Is a popsicle a food? Answer only in yes or no.,Yes,yes,True
popsicle,vegetable,Is a popsicle a vegetable? Answer only in yes or no.,No,no,True
popsicle,dessert,Is a popsicle a dessert? Answer only in yes or no.,Yes,no,False
popsicle,insect,Is a popsicle an insect? Answer only in yes or no.,No,no,True
porcupine,mammal,Is a porcupine a mammal? Answer only in yes or no.,Yes,yes,True
porcupine,farm animal,Is a porcupine a farm animal? Answer only in yes or no.,No,no,True
porcupine,animal,Is a porcupine an animal? Answer only in yes or no.,Yes,yes,True
porcupine,headwear,Is a porcupine a headwear? Answer only in yes or no.,No,no,True
possum,mammal,Is a possum a mammal? Answer only in yes or no.,Yes,yes,True
possum,furniture,Is a possum a furniture? Answer only in yes or no.,No,no,True
possum,animal,Is a possum an animal? Answer only in yes or no.,Yes,yes,True
possum,insect,Is a possum an insect? Answer only in yes or no.,No,no,True
poster,home decor,Is a poster a home decor? Answer only in yes or no.,Yes,yes,True
poster,kitchen appliance,Is a poster a kitchen appliance? Answer only in yes or no.,No,no,True
pot,container,Is a pot a container? Answer only in yes or no.,Yes,yes,True
pot,school supply,Is a pot a school supply? Answer only in yes or no.,No,yes,False
potato,food,Is a potato a food? Answer only in yes or no.,Yes,yes,True
potato,scientific equipment,Is a potato a scientific equipment? Answer only in yes or no.,No,no,True
potato,vegetable,Is a potato a vegetable? Answer only in yes or no.,Yes,yes,True
potato,insect,Is a potato an insect? Answer only in yes or no.,No,no,True
potpie,food,Is a potpie a food? Answer only in yes or no.,Yes,yes,True
potpie,protective clothing,Is a potpie a protective clothing? Answer only in yes or no.,No,no,True
potpourri,home decor,Is a potpourri a home decor? Answer only in yes or no.,Yes,yes,True
potpourri,footwear,Is a potpourri a footwear? Answer only in yes or no.,No,no,True
praying_mantis,insect,Is a praying mantis an insect? Answer only in yes or no.,Yes,yes,True
praying_mantis,footwear,Is a praying mantis a footwear? Answer only in yes or no.,No,no,True
praying_mantis,animal,Is a praying mantis an animal? Answer only in yes or no.,Yes,yes,True
praying_mantis,home decor,Is a praying mantis a home decor? Answer only in yes or no.,No,yes,False
pretzel,food,Is a pretzel a food? Answer only in yes or no.,Yes,yes,True
pretzel,clothing,Is a pretzel a clothing? Answer only in yes or no.,No,no,True
printer,electronic device,Is a printer an electronic device? Answer only in yes or no.,Yes,yes,True
printer,medical equipment,Is a printer a medical equipment? Answer only in yes or no.,No,yes,False
prism,scientific equipment,Is a prism a scientific equipment? Answer only in yes or no.,Yes,yes,True
prism,electronic device,Is a prism an electronic device? Answer only in yes or no.,No,no,True
projector,electronic device,Is a projector an electronic device? Answer only in yes or no.,Yes,yes,True
projector,game,Is a projector a game? Answer only in yes or no.,No,yes,False
prune,food,Is a prune a food? Answer only in yes or no.,Yes,yes,True
prune,candy,Is a prune a candy? Answer only in yes or no.,No,yes,False
prune,fruit,Is a prune a fruit? Answer only in yes or no.,Yes,yes,True
prune,arts and crafts supply,Is a prune an arts and crafts supply? Answer only in yes or no.,No,yes,False
puck,sports equipment,Is a puck a sports equipment? Answer only in yes or no.,Yes,yes,True
puck,electronic device,Is a puck an electronic device? Answer only in yes or no.,No,no,True
pudding,food,Is a pudding a food? Answer only in yes or no.,Yes,yes,True
pudding,vehicle,Is a pudding a vehicle? Answer only in yes or no.,No,no,True
pudding,dessert,Is a pudding a dessert? Answer only in yes or no.,Yes,yes,True
pudding,game,Is a pudding a game? Answer only in yes or no.,No,yes,False
puffin,bird,Is a puffin a bird? Answer only in yes or no.,Yes,yes,True
puffin,school supply,Is a puffin a school supply? Answer only in yes or no.,No,no,True
puffin,animal,Is a puffin an animal? Answer only in yes or no.,Yes,yes,True
puffin,farm animal,Is a puffin a farm animal? Answer only in yes or no.,No,no,True
pug,mammal,Is a pug a mammal? Answer only in yes or no.,Yes,yes,True
pug,vegetable,Is a pug a vegetable? Answer only in yes or no.,No,no,True
pug,animal,Is a pug an animal? Answer only in yes or no.,Yes,yes,True
pug,arts and crafts supply,Is a pug an arts and crafts supply? Answer only in yes or no.,No,no,True
pulley,construction equipment,Is a pulley a construction equipment? Answer only in yes or no.,Yes,no,False
pulley,condiment,Is a pulley a condiment? Answer only in yes or no.,No,no,True
pump,construction equipment,Is a pump a construction equipment? Answer only in yes or no.,Yes,yes,True
pump,dessert,Is a pump a dessert? Answer only in yes or no.,No,no,True
pumpkin,food,Is a pumpkin a food? Answer only in yes or no.,Yes,yes,True
pumpkin,jewelry,Is a pumpkin a jewelry? Answer only in yes or no.,No,no,True
pumpkin,vegetable,Is a pumpkin a vegetable? Answer only in yes or no.,Yes,yes,True
pumpkin,furniture,Is a pumpkin a furniture? Answer only in yes or no.,No,no,True
punching_bag,sports equipment,Is a punching bag a sports equipment? Answer only in yes or no.,Yes,yes,True
punching_bag,fruit,Is a punching bag a fruit? Answer only in yes or no.,No,no,True
puppet,toy,Is a puppet a toy? Answer only in yes or no.,Yes,yes,True
puppet,jewelry,Is a puppet a jewelry? Answer only in yes or no.,No,no,True
puppy,mammal,Is a puppy a mammal? Answer only in yes or no.,Yes,yes,True
puppy,body part,Is a puppy a body part? Answer only in yes or no.,No,yes,False
puppy,animal,Is a puppy an animal? Answer only in yes or no.,Yes,yes,True
puppy,food,Is a puppy a food? Answer only in yes or no.,No,yes,False
purse,clothing accessory,Is a purse a clothing accessory? Answer only in yes or no.,Yes,yes,True
purse,kitchen appliance,Is a purse a kitchen appliance? Answer only in yes or no.,No,yes,False
purse,container,Is a purse a container? Answer only in yes or no.,Yes,yes,True
purse,body part,Is a purse a body part? Answer only in yes or no.,No,yes,False
quad,vehicle,Is a quad a vehicle? Answer only in yes or no.,Yes,yes,True
quad,protective clothing,Is a quad a protective clothing? Answer only in yes or no.,No,yes,False
quesadilla,food,Is a quesadilla a food? Answer only in yes or no.,Yes,yes,True
quesadilla,hardware,Is a quesadilla a hardware? Answer only in yes or no.,No,no,True
quiche,food,Is a quiche a food? Answer only in yes or no.,Yes,yes,True
quiche,sea animal,Is a quiche a sea animal? Answer only in yes or no.,No,no,True
quill,tool,Is a quill a tool? Answer only in yes or no.,Yes,yes,True
quill,part of car,Is a quill a part of car? Answer only in yes or no.,No,no,True
rabbit,food,Is a rabbit a food? Answer only in yes or no.,Yes,yes,True
rabbit,kitchen tool,Is a rabbit a kitchen tool? Answer only in yes or no.,No,no,True
rabbit,mammal,Is a rabbit a mammal? Answer only in yes or no.,Yes,yes,True
rabbit,clothing accessory,Is a rabbit a clothing accessory? Answer only in yes or no.,No,no,True
rabbit,animal,Is a rabbit an animal? Answer only in yes or no.,Yes,yes,True
rabbit,seafood,Is a rabbit a seafood? Answer only in yes or no.,No,no,True
rabbit,farm animal,Is a rabbit a farm animal? Answer only in yes or no.,Yes,yes,True
rabbit,garden tool,Is a rabbit a garden tool? Answer only in yes or no.,No,no,True
raccoon,mammal,Is a raccoon a mammal? Answer only in yes or no.,Yes,yes,True
raccoon,candy,Is a raccoon a candy? Answer only in yes or no.,No,no,True
raccoon,animal,Is a raccoon an animal? Answer only in yes or no.,Yes,yes,True
raccoon,medical equipment,Is a raccoon a medical equipment? Answer only in yes or no.,No,no,True
racket,sports equipment,Is a racket a sports equipment? Answer only in yes or no.,Yes,yes,True
racket,part of car,Is a racket a part of car? Answer only in yes or no.,No,no,True
radar,scientific equipment,Is a radar a scientific equipment? Answer only in yes or no.,Yes,yes,True
radar,animal,Is a radar an animal? Answer only in yes or no.,No,no,True
radio,electronic device,Is a radio an electronic device? Answer only in yes or no.,Yes,yes,True
radio,clothing,Is a radio a clothing? Answer only in yes or no.,No,no,True
radish,food,Is a radish a food? Answer only in yes or no.,Yes,yes,True
radish,musical instrument,Is a radish a musical instrument? Answer only in yes or no.,No,yes,False
radish,vegetable,Is a radish a vegetable? Answer only in yes or no.,Yes,yes,True
radish,mammal,Is a radish a mammal? Answer only in yes or no.,No,no,True
raft,vehicle,Is a raft a vehicle? Answer only in yes or no.,Yes,yes,True
raft,scientific equipment,Is a raft a scientific equipment? Answer only in yes or no.,No,yes,False
raft,watercraft,Is a raft a watercraft? Answer only in yes or no.,Yes,yes,True
raft,condiment,Is a raft a condiment? Answer only in yes or no.,No,no,True
raincoat,protective clothing,Is a raincoat a protective clothing? Answer only in yes or no.,Yes,yes,True
raincoat,farm animal,Is a raincoat a farm animal? Answer only in yes or no.,No,no,True
raincoat,clothing,Is a raincoat a clothing? Answer only in yes or no.,Yes,yes,True
raincoat,medical equipment,Is a raincoat a medical equipment? Answer only in yes or no.,No,no,True
raincoat,outerwear,Is a raincoat an outerwear? Answer only in yes or no.,Yes,yes,True
raincoat,furniture,Is a raincoat a furniture? Answer only in yes or no.,No,no,True
raisin,food,Is a raisin a food? Answer only in yes or no.,Yes,yes,True
raisin,game,Is a raisin a game? Answer only in yes or no.,No,yes,False
raisin,fruit,Is a raisin a fruit? Answer only in yes or no.,Yes,yes,True
raisin,candy,Is a raisin a candy? Answer only in yes or no.,No,yes,False
rake,tool,Is a rake a tool? Answer only in yes or no.,Yes,yes,True
rake,watercraft,Is a rake a watercraft? Answer only in yes or no.,No,yes,False
rake,hardware,Is a rake a hardware? Answer only in yes or no.,Yes,yes,True
rake,drink,Is a rake a drink? Answer only in yes or no.,No,no,True
rake,garden tool,Is a rake a garden tool? Answer only in yes or no.,Yes,yes,True
rake,plant,Is a rake a plant? Answer only in yes or no.,No,no,True
ram,mammal,Is a ram a mammal? Answer only in yes or no.,Yes,yes,True
ram,toy,Is a ram a toy? Answer only in yes or no.,No,yes,False
ram,animal,Is a ram an animal? Answer only in yes or no.,Yes,yes,True
ram,bird,Is a ram a bird? Answer only in yes or no.,No,no,True
ram,farm animal,Is a ram a farm animal? Answer only in yes or no.,Yes,yes,True
ram,toy,Is a ram a toy? Answer only in yes or no.,No,yes,False
raspberry,food,Is a raspberry a food? Answer only in yes or no.,Yes,yes,True
raspberry,electronic device,Is a raspberry an electronic device? Answer only in yes or no.,No,no,True
raspberry,fruit,Is a raspberry a fruit? Answer only in yes or no.,Yes,yes,True
raspberry,breakfast food,Is a raspberry a breakfast food? Answer only in yes or no.,No,yes,False
rat,mammal,Is a rat a mammal? Answer only in yes or no.,Yes,yes,True
rat,musical instrument,Is a rat a musical instrument? Answer only in yes or no.,No,yes,False
rat,animal,Is a rat an animal? Answer only in yes or no.,Yes,yes,True
rat,game,Is a rat a game? Answer only in yes or no.,No,yes,False
ratchet,tool,Is a ratchet a tool? Answer only in yes or no.,Yes,yes,True
ratchet,home decor,Is a ratchet a home decor? Answer only in yes or no.,No,yes,False
ratchet,hardware,Is a ratchet a hardware? Answer only in yes or no.,Yes,yes,True
ratchet,garden tool,Is a ratchet a garden tool? Answer only in yes or no.,No,no,True
rattle,toy,Is a rattle a toy? Answer only in yes or no.,Yes,yes,True
rattle,tool,Is a rattle a tool? Answer only in yes or no.,No,yes,False
rattlesnake,animal,Is a rattlesnake an animal? Answer only in yes or no.,Yes,yes,True
rattlesnake,sports equipment,Is a rattlesnake a sports equipment? Answer only in yes or no.,No,no,True
ravioli,food,Is a ravioli a food? Answer only in yes or no.,Yes,yes,True
ravioli,watercraft,Is a ravioli a watercraft? Answer only in yes or no.,No,no,True
razor,tool,Is a razor a tool? Answer only in yes or no.,Yes,yes,True
razor,part of car,Is a razor a part of car? Answer only in yes or no.,No,yes,False
razor,personal hygiene item,Is a razor a personal hygiene item? Answer only in yes or no.,Yes,yes,True
razor,farm animal,Is a razor a farm animal? Answer only in yes or no.,No,no,True
razor_blade,weapon,Is a razor blade a weapon? Answer only in yes or no.,Yes,yes,True
razor_blade,electronic device,Is a razor blade an electronic device? Answer only in yes or no.,No,yes,False
recliner,furniture,Is a recliner a furniture? Answer only in yes or no.,Yes,yes,True
recliner,mammal,Is a recliner a mammal? Answer only in yes or no.,No,no,True
recorder,musical instrument,Is a recorder a musical instrument? Answer only in yes or no.,Yes,yes,True
recorder,toy,Is a recorder a toy? Answer only in yes or no.,No,yes,False
refrigerator,kitchen appliance,Is a refrigerator a kitchen appliance? Answer only in yes or no.,Yes,yes,True
refrigerator,vehicle,Is a refrigerator a vehicle? Answer only in yes or no.,No,no,True
refrigerator,electronic device,Is a refrigerator an electronic device? Answer only in yes or no.,Yes,yes,True
refrigerator,clothing accessory,Is a refrigerator a clothing accessory? Answer only in yes or no.,No,no,True
refrigerator,home appliance,Is a refrigerator a home appliance? Answer only in yes or no.,Yes,yes,True
refrigerator,drink,Is a refrigerator a drink? Answer only in yes or no.,No,no,True
reindeer,mammal,Is a reindeer a mammal? Answer only in yes or no.,Yes,yes,True
reindeer,container,Is a reindeer a container? Answer only in yes or no.,No,yes,False
reindeer,animal,Is a reindeer an animal? Answer only in yes or no.,Yes,yes,True
reindeer,vehicle,Is a reindeer a vehicle? Answer only in yes or no.,No,yes,False
remote_control,electronic device,Is a remote control an electronic device? Answer only in yes or no.,Yes,yes,True
remote_control,scientific equipment,Is a remote control a scientific equipment? Answer only in yes or no.,No,yes,False
revolver,weapon,Is a revolver a weapon? Answer only in yes or no.,Yes,yes,True
revolver,candy,Is a revolver a candy? Answer only in yes or no.,No,no,True
rhinoceros,mammal,Is a rhinoceros a mammal? Answer only in yes or no.,Yes,yes,True
rhinoceros,watercraft,Is a rhinoceros a watercraft? Answer only in yes or no.,No,no,True
rhinoceros,animal,Is a rhinoceros an animal? Answer only in yes or no.,Yes,yes,True
rhinoceros,construction equipment,Is a rhinoceros a construction equipment? Answer only in yes or no.,No,no,True
ribbon,arts and crafts supply,Is a ribbon an arts and crafts supply? Answer only in yes or no.,Yes,yes,True
ribbon,insect,Is a ribbon an insect? Answer only in yes or no.,No,no,True
rickshaw,vehicle,Is a rickshaw a vehicle? Answer only in yes or no.,Yes,yes,True
rickshaw,women's clothing,Is a rickshaw a women's clothing? Answer only in yes or no.,No,no,True
rifle,weapon,Is a rifle a weapon? Answer only in yes or no.,Yes,yes,True
rifle,container,Is a rifle a container? Answer only in yes or no.,No,yes,False
rim,part of car,Is a rim a part of car? Answer only in yes or no.,Yes,yes,True
rim,headwear,Is a rim a headwear? Answer only in yes or no.,No,yes,False
ring,jewelry,Is a ring a jewelry? Answer only in yes or no.,Yes,no,False
ring,garden tool,Is a ring a garden tool? Answer only in yes or no.,No,no,True
roadsweeper,vehicle,Is a roadsweeper a vehicle? Answer only in yes or no.,Yes,yes,True
roadsweeper,food,Is a roadsweeper a food? Answer only in yes or no.,No,no,True
robe,clothing,Is a robe a clothing? Answer only in yes or no.,Yes,yes,True
robe,arts and crafts supply,Is a robe an arts and crafts supply? Answer only in yes or no.,No,yes,False
robot,toy,Is a robot a toy? Answer only in yes or no.,Yes,yes,True
robot,musical instrument,Is a robot a musical instrument? Answer only in yes or no.,No,yes,False
rocket,vehicle,Is a rocket a vehicle? Answer only in yes or no.,Yes,yes,True
rocket,candy,Is a rocket a candy? Answer only in yes or no.,No,no,True
rocking_chair,furniture,Is a rocking chair a furniture? Answer only in yes or no.,Yes,yes,True
rocking_chair,lighting,Is a rocking chair a lighting? Answer only in yes or no.,No,no,True
rocking_horse,toy,Is a rocking horse a toy? Answer only in yes or no.,Yes,yes,True
rocking_horse,protective clothing,Is a rocking horse a protective clothing? Answer only in yes or no.,No,no,True
rollerblade,footwear,Is a rollerblade a footwear? Answer only in yes or no.,Yes,no,False
rollerblade,toy,Is a rollerblade a toy? Answer only in yes or no.,No,yes,False
rollerblade,sports equipment,Is a rollerblade a sports equipment? Answer only in yes or no.,Yes,yes,True
rollerblade,vehicle,Is a rollerblade a vehicle? Answer only in yes or no.,No,yes,False
rollerskate,footwear,Is a rollerskate a footwear? Answer only in yes or no.,Yes,yes,True
rollerskate,protective clothing,Is a rollerskate a protective clothing? Answer only in yes or no.,No,no,True
rollerskate,sports equipment,Is a rollerskate a sports equipment? Answer only in yes or no.,Yes,yes,True
rollerskate,home appliance,Is a rollerskate a home appliance? Answer only in yes or no.,No,yes,False
rolling_pin,tool,Is a rolling pin a tool? Answer only in yes or no.,Yes,yes,True
rolling_pin,lighting,Is a rolling pin a lighting? Answer only in yes or no.,No,no,True
rolling_pin,kitchen tool,Is a rolling pin a kitchen tool? Answer only in yes or no.,Yes,yes,True
rolling_pin,drink,Is a rolling pin a drink? Answer only in yes or no.,No,no,True
roof_rack,part of car,Is a roof rack a part of car? Answer only in yes or no.,Yes,yes,True
roof_rack,arts and crafts supply,Is a roof rack an arts and crafts supply? Answer only in yes or no.,No,no,True
rooster,bird,Is a rooster a bird? Answer only in yes or no.,Yes,yes,True
rooster,container,Is a rooster a container? Answer only in yes or no.,No,yes,False
rooster,animal,Is a rooster an animal? Answer only in yes or no.,Yes,yes,True
rooster,safety equipment,Is a rooster a safety equipment? Answer only in yes or no.,No,yes,False
rooster,farm animal,Is a rooster a farm animal? Answer only in yes or no.,Yes,yes,True
rooster,safety equipment,Is a rooster a safety equipment? Answer only in yes or no.,No,yes,False
rope,tool,Is a rope a tool? Answer only in yes or no.,Yes,yes,True
rope,lighting,Is a rope a lighting? Answer only in yes or no.,No,no,True
rope,construction equipment,Is a rope a construction equipment? Answer only in yes or no.,Yes,no,False
rope,garden tool,Is a rope a garden tool? Answer only in yes or no.,No,yes,False
rose,plant,Is a rose a plant? Answer only in yes or no.,Yes,yes,True
rose,personal hygiene item,Is a rose a personal hygiene item? Answer only in yes or no.,No,no,True
router,electronic device,Is a router an electronic device? Answer only in yes or no.,Yes,yes,True
router,footwear,Is a router a footwear? Answer only in yes or no.,No,no,True
rubber_band,office supply,Is a rubber band an office supply? Answer only in yes or no.,Yes,yes,True
rubber_band,garden tool,Is a rubber band a garden tool? Answer only in yes or no.,No,yes,False
rubber_band,fastener,Is a rubber band a fastener? Answer only in yes or no.,Yes,yes,True
rubber_band,drink,Is a rubber band a drink? Answer only in yes or no.,No,no,True
rug,home decor,Is a rug a home decor? Answer only in yes or no.,Yes,yes,True
rug,container,Is a rug a container? Answer only in yes or no.,No,yes,False
ruler,tool,Is a ruler a tool? Answer only in yes or no.,Yes,yes,True
ruler,breakfast food,Is a ruler a breakfast food? Answer only in yes or no.,No,no,True
ruler,scientific equipment,Is a ruler a scientific equipment? Answer only in yes or no.,Yes,yes,True
ruler,office supply,Is a ruler an office supply? Answer only in yes or no.,No,yes,False
ruler,school supply,Is a ruler a school supply? Answer only in yes or no.,Yes,yes,True
ruler,plant,Is a ruler a plant? Answer only in yes or no.,No,no,True
saddle,sports equipment,Is a saddle a sports equipment? Answer only in yes or no.,Yes,yes,True
saddle,farm animal,Is a saddle a farm animal? Answer only in yes or no.,No,yes,False
safety_pin,fastener,Is a safety pin a fastener? Answer only in yes or no.,Yes,yes,True
safety_pin,arts and crafts supply,Is a safety pin an arts and crafts supply? Answer only in yes or no.,No,yes,False
sailboat,vehicle,Is a sailboat a vehicle? Answer only in yes or no.,Yes,yes,True
sailboat,tool,Is a sailboat a tool? Answer only in yes or no.,No,yes,False
sailboat,watercraft,Is a sailboat a watercraft? Answer only in yes or no.,Yes,yes,True
sailboat,school supply,Is a sailboat a school supply? Answer only in yes or no.,No,no,True
salami,food,Is a salami a food? Answer only in yes or no.,Yes,yes,True
salami,seafood,Is a salami a seafood? Answer only in yes or no.,No,no,True
saltshaker,container,Is a saltshaker a container? Answer only in yes or no.,Yes,yes,True
saltshaker,safety equipment,Is a saltshaker a safety equipment? Answer only in yes or no.,No,yes,False
sandal,clothing,Is a sandal a clothing? Answer only in yes or no.,Yes,yes,True
sandal,musical instrument,Is a sandal a musical instrument? Answer only in yes or no.,No,yes,False
sandal,footwear,Is a sandal a footwear? Answer only in yes or no.,Yes,yes,True
sandal,vehicle,Is a sandal a vehicle? Answer only in yes or no.,No,no,True
sandbag,container,Is a sandbag a container? Answer only in yes or no.,Yes,yes,True
sandbag,animal,Is a sandbag an animal? Answer only in yes or no.,No,no,True
sandpaper,tool,Is a sandpaper a tool? Answer only in yes or no.,Yes,yes,True
sandpaper,dessert,Is a sandpaper a dessert? Answer only in yes or no.,No,no,True
sandwich,food,Is a sandwich a food? Answer only in yes or no.,Yes,yes,True
sandwich,protective clothing,Is a sandwich a protective clothing? Answer only in yes or no.,No,no,True
sandwich,breakfast food,Is a sandwich a breakfast food? Answer only in yes or no.,Yes,yes,True
sandwich,garden tool,Is a sandwich a garden tool? Answer only in yes or no.,No,no,True
sardine,seafood,Is a sardine a seafood? Answer only in yes or no.,Yes,yes,True
sardine,garden tool,Is a sardine a garden tool? Answer only in yes or no.,No,no,True
sardine,food,Is a sardine a food? Answer only in yes or no.,Yes,yes,True
sardine,tool,Is a sardine a tool? Answer only in yes or no.,No,yes,False
sardine,animal,Is a sardine an animal? Answer only in yes or no.,Yes,yes,True
sardine,clothing,Is a sardine a clothing? Answer only in yes or no.,No,no,True
sardine,sea animal,Is a sardine a sea animal? Answer only in yes or no.,Yes,yes,True
sardine,weapon,Is a sardine a weapon? Answer only in yes or no.,No,yes,False
sauerkraut,food,Is a sauerkraut a food? Answer only in yes or no.,Yes,yes,True
sauerkraut,sports equipment,Is a sauerkraut a sports equipment? Answer only in yes or no.,No,no,True
sausage,food,Is a sausage a food? Answer only in yes or no.,Yes,yes,True
sausage,home appliance,Is a sausage a home appliance? Answer only in yes or no.,No,yes,False
sausage,breakfast food,Is a sausage a breakfast food? Answer only in yes or no.,Yes,yes,True
sausage,kitchen tool,Is a sausage a kitchen tool? Answer only in yes or no.,No,yes,False
sawhorse,tool,Is a sawhorse a tool? Answer only in yes or no.,Yes,yes,True
sawhorse,condiment,Is a sawhorse a condiment? Answer only in yes or no.,No,no,True
sawhorse,construction equipment,Is a sawhorse a construction equipment? Answer only in yes or no.,Yes,yes,True
sawhorse,outerwear,Is a sawhorse an outerwear? Answer only in yes or no.,No,yes,False
sawhorse,hardware,Is a sawhorse a hardware? Answer only in yes or no.,Yes,yes,True
sawhorse,candy,Is a sawhorse a candy? Answer only in yes or no.,No,no,True
saxophone,musical instrument,Is a saxophone a musical instrument? Answer only in yes or no.,Yes,yes,True
saxophone,footwear,Is a saxophone a footwear? Answer only in yes or no.,No,no,True
scaffold,construction equipment,Is a scaffold a construction equipment? Answer only in yes or no.,Yes,yes,True
scaffold,jewelry,Is a scaffold a jewelry? Answer only in yes or no.,No,no,True
scaffolding,construction equipment,Is a scaffolding a construction equipment? Answer only in yes or no.,Yes,yes,True
scaffolding,safety equipment,Is a scaffolding a safety equipment? Answer only in yes or no.,No,yes,False
scallion,food,Is a scallion a food? Answer only in yes or no.,Yes,yes,True
scallion,medical equipment,Is a scallion a medical equipment? Answer only in yes or no.,No,no,True
scallion,vegetable,Is a scallion a vegetable? Answer only in yes or no.,Yes,yes,True
scallion,farm animal,Is a scallion a farm animal? Answer only in yes or no.,No,no,True
scallop,seafood,Is a scallop a seafood? Answer only in yes or no.,Yes,yes,True
scallop,farm animal,Is a scallop a farm animal? Answer only in yes or no.,No,no,True
scallop,food,Is a scallop a food? Answer only in yes or no.,Yes,yes,True
scallop,medical equipment,Is a scallop a medical equipment? Answer only in yes or no.,No,no,True
scallop,animal,Is a scallop an animal? Answer only in yes or no.,Yes,yes,True
scallop,body part,Is a scallop a body part? Answer only in yes or no.,No,yes,False
scallop,sea animal,Is a scallop a sea animal? Answer only in yes or no.,Yes,yes,True
scallop,sports equipment,Is a scallop a sports equipment? Answer only in yes or no.,No,no,True
scalpel,medical equipment,Is a scalpel a medical equipment? Answer only in yes or no.,Yes,yes,True
scalpel,animal,Is a scalpel an animal? Answer only in yes or no.,No,no,True
scalpel,tool,Is a scalpel a tool? Answer only in yes or no.,Yes,yes,True
scalpel,vehicle,Is a scalpel a vehicle? Answer only in yes or no.,No,no,True
scalpel,scientific equipment,Is a scalpel a scientific equipment? Answer only in yes or no.,Yes,yes,True
scalpel,home decor,Is a scalpel a home decor? Answer only in yes or no.,No,no,True
scalpel,weapon,Is a scalpel a weapon? Answer only in yes or no.,Yes,yes,True
scalpel,clothing,Is a scalpel a clothing? Answer only in yes or no.,No,no,True
scanner,electronic device,Is a scanner an electronic device? Answer only in yes or no.,Yes,yes,True
scanner,game,Is a scanner a game? Answer only in yes or no.,No,yes,False
scarecrow,home decor,Is a scarecrow a home decor? Answer only in yes or no.,Yes,yes,True
scarecrow,animal,Is a scarecrow an animal? Answer only in yes or no.,No,no,True
scarf,clothing accessory,Is a scarf a clothing accessory? Answer only in yes or no.,Yes,yes,True
scarf,musical instrument,Is a scarf a musical instrument? Answer only in yes or no.,No,yes,False
scarf,clothing,Is a scarf a clothing? Answer only in yes or no.,Yes,yes,True
scarf,headwear,Is a scarf a headwear? Answer only in yes or no.,No,yes,False
scarf,outerwear,Is a scarf an outerwear? Answer only in yes or no.,Yes,yes,True
scarf,part of car,Is a scarf a part of car? Answer only in yes or no.,No,no,True
school_bus,vehicle,Is a school bus a vehicle? Answer only in yes or no.,Yes,yes,True
school_bus,fruit,Is a school bus a fruit? Answer only in yes or no.,No,no,True
scissors,office supply,Is a scissors an office supply? Answer only in yes or no.,Yes,yes,True
scissors,headwear,Is a scissors a headwear? Answer only in yes or no.,No,no,True
scissors,arts and crafts supply,Is a scissors an arts and crafts supply? Answer only in yes or no.,Yes,yes,True
scissors,bird,Is a scissors a bird? Answer only in yes or no.,No,yes,False
scissors,tool,Is a scissors a tool? Answer only in yes or no.,Yes,yes,True
scissors,vegetable,Is a scissors a vegetable? Answer only in yes or no.,No,yes,False
scissors,garden tool,Is a scissors a garden tool? Answer only in yes or no.,Yes,yes,True
scissors,home appliance,Is a scissors a home appliance? Answer only in yes or no.,No,yes,False
scissors,weapon,Is a scissors a weapon? Answer only in yes or no.,Yes,yes,True
scissors,kitchen appliance,Is a scissors a kitchen appliance? Answer only in yes or no.,No,yes,False
scone,food,Is a scone a food? Answer only in yes or no.,Yes,yes,True
scone,electronic device,Is a scone an electronic device? Answer only in yes or no.,No,no,True
scone,breakfast food,Is a scone a breakfast food? Answer only in yes or no.,Yes,yes,True
scone,home decor,Is a scone a home decor? Answer only in yes or no.,No,yes,False
scoop,tool,Is a scoop a tool? Answer only in yes or no.,Yes,yes,True
scoop,musical instrument,Is a scoop a musical instrument? Answer only in yes or no.,No,yes,False
scoop,kitchen tool,Is a scoop a kitchen tool? Answer only in yes or no.,Yes,yes,True
scoop,sea animal,Is a scoop a sea animal? Answer only in yes or no.,No,no,True
scooter,vehicle,Is a scooter a vehicle? Answer only in yes or no.,Yes,yes,True
scooter,game,Is a scooter a game? Answer only in yes or no.,No,yes,False
scooter,toy,Is a scooter a toy? Answer only in yes or no.,Yes,yes,True
scooter,musical instrument,Is a scooter a musical instrument? Answer only in yes or no.,No,no,True
scorpion,animal,Is a scorpion an animal? Answer only in yes or no.,Yes,yes,True
scorpion,jewelry,Is a scorpion a jewelry? Answer only in yes or no.,No,no,True
scrabble,game,Is a scrabble a game? Answer only in yes or no.,Yes,yes,True
scrabble,kitchen tool,Is a scrabble a kitchen tool? Answer only in yes or no.,No,no,True
scrambled_egg,food,Is a scrambled egg a food? Answer only in yes or no.,Yes,yes,True
scrambled_egg,medical equipment,Is a scrambled egg a medical equipment? Answer only in yes or no.,No,no,True
scrambled_egg,breakfast food,Is a scrambled egg a breakfast food? Answer only in yes or no.,Yes,yes,True
scrambled_egg,drink,Is a scrambled egg a drink? Answer only in yes or no.,No,no,True
screw,hardware,Is a screw a hardware? Answer only in yes or no.,Yes,yes,True
screw,outerwear,Is a screw an outerwear? Answer only in yes or no.,No,no,True
screw,fastener,Is a screw a fastener? Answer only in yes or no.,Yes,yes,True
screw,insect,Is a screw an insect? Answer only in yes or no.,No,no,True
screwdriver,tool,Is a screwdriver a tool? Answer only in yes or no.,Yes,yes,True
screwdriver,medical equipment,Is a screwdriver a medical equipment? Answer only in yes or no.,No,yes,False
screwdriver,construction equipment,Is a screwdriver a construction equipment? Answer only in yes or no.,Yes,yes,True
screwdriver,clothing accessory,Is a screwdriver a clothing accessory? Answer only in yes or no.,No,yes,False
screwdriver,hardware,Is a screwdriver a hardware? Answer only in yes or no.,Yes,yes,True
screwdriver,game,Is a screwdriver a game? Answer only in yes or no.,No,yes,False
scuba,sports equipment,Is a scuba a sports equipment? Answer only in yes or no.,Yes,yes,True
scuba,women's clothing,Is a scuba a women's clothing? Answer only in yes or no.,No,no,True
sea_urchin,seafood,Is a sea urchin a seafood? Answer only in yes or no.,Yes,yes,True
sea_urchin,women's clothing,Is a sea urchin a women's clothing? Answer only in yes or no.,No,no,True
sea_urchin,animal,Is a sea urchin an animal? Answer only in yes or no.,Yes,yes,True
sea_urchin,safety equipment,Is a sea urchin a safety equipment? Answer only in yes or no.,No,no,True
sea_urchin,sea animal,Is a sea urchin a sea animal? Answer only in yes or no.,Yes,yes,True
sea_urchin,lighting,Is a sea urchin a lighting? Answer only in yes or no.,No,no,True
seagull,bird,Is a seagull a bird? Answer only in yes or no.,Yes,yes,True
seagull,kitchen appliance,Is a seagull a kitchen appliance? Answer only in yes or no.,No,no,True
seagull,animal,Is a seagull an animal? Answer only in yes or no.,Yes,yes,True
seagull,arts and crafts supply,Is a seagull an arts and crafts supply? Answer only in yes or no.,No,no,True
seahorse,animal,Is a seahorse an animal? Answer only in yes or no.,Yes,yes,True
seahorse,home decor,Is a seahorse a home decor? Answer only in yes or no.,No,yes,False
seahorse,sea animal,Is a seahorse a sea animal? Answer only in yes or no.,Yes,yes,True
seahorse,clothing,Is a seahorse a clothing? Answer only in yes or no.,No,no,True
seaplane,vehicle,Is a seaplane a vehicle? Answer only in yes or no.,Yes,yes,True
seaplane,women's clothing,Is a seaplane a women's clothing? Answer only in yes or no.,No,no,True
seaplane,watercraft,Is a seaplane a watercraft? Answer only in yes or no.,Yes,yes,True
seaplane,tool,Is a seaplane a tool? Answer only in yes or no.,No,yes,False
seatbelt,safety equipment,Is a seatbelt a safety equipment? Answer only in yes or no.,Yes,yes,True
seatbelt,home appliance,Is a seatbelt a home appliance? Answer only in yes or no.,No,yes,False
seatbelt,part of car,Is a seatbelt a part of car? Answer only in yes or no.,Yes,yes,True
seatbelt,kitchen appliance,Is a seatbelt a kitchen appliance? Answer only in yes or no.,No,yes,False
seaweed,food,Is a seaweed a food? Answer only in yes or no.,Yes,yes,True
seaweed,breakfast food,Is a seaweed a breakfast food? Answer only in yes or no.,No,yes,False
seaweed,plant,Is a seaweed a plant? Answer only in yes or no.,Yes,yes,True
seaweed,kitchen tool,Is a seaweed a kitchen tool? Answer only in yes or no.,No,yes,False
seaweed,seafood,Is a seaweed a seafood? Answer only in yes or no.,Yes,no,False
seaweed,fruit,Is a seaweed a fruit? Answer only in yes or no.,No,no,True
seismograph,scientific equipment,Is a seismograph a scientific equipment? Answer only in yes or no.,Yes,yes,True
seismograph,part of car,Is a seismograph a part of car? Answer only in yes or no.,No,no,True
sequin,arts and crafts supply,Is a sequin an arts and crafts supply? Answer only in yes or no.,Yes,yes,True
sequin,fruit,Is a sequin a fruit? Answer only in yes or no.,No,no,True
sewing_kit,arts and crafts supply,Is a sewing kit an arts and crafts supply? Answer only in yes or no.,Yes,yes,True
sewing_kit,sea animal,Is a sewing kit a sea animal? Answer only in yes or no.,No,no,True
sewing_machine,arts and crafts supply,Is a sewing machine an arts and crafts supply? Answer only in yes or no.,Yes,yes,True
sewing_machine,vehicle,Is a sewing machine a vehicle? Answer only in yes or no.,No,no,True
sewing_machine,home appliance,Is a sewing machine a home appliance? Answer only in yes or no.,Yes,yes,True
sewing_machine,part of car,Is a sewing machine a part of car? Answer only in yes or no.,No,no,True
sewing_machine,electronic device,Is a sewing machine an electronic device? Answer only in yes or no.,Yes,yes,True
sewing_machine,furniture,Is a sewing machine a furniture? Answer only in yes or no.,No,no,True
shaker,container,Is a shaker a container? Answer only in yes or no.,Yes,yes,True
shaker,animal,Is a shaker an animal? Answer only in yes or no.,No,yes,False
shark,seafood,Is a shark a seafood? Answer only in yes or no.,Yes,no,False
shark,plant,Is a shark a plant? Answer only in yes or no.,No,no,True
shark,animal,Is a shark an animal? Answer only in yes or no.,Yes,yes,True
shark,weapon,Is a shark a weapon? Answer only in yes or no.,No,yes,False
shark,sea animal,Is a shark a sea animal? Answer only in yes or no.,Yes,yes,True
shark,school supply,Is a shark a school supply? Answer only in yes or no.,No,no,True
shaving_cream,personal hygiene item,Is a shaving cream a personal hygiene item? Answer only in yes or no.,Yes,yes,True
shaving_cream,arts and crafts supply,Is a shaving cream an arts and crafts supply? Answer only in yes or no.,No,yes,False
shawl,clothing accessory,Is a shawl a clothing accessory? Answer only in yes or no.,Yes,yes,True
shawl,scientific equipment,Is a shawl a scientific equipment? Answer only in yes or no.,No,no,True
shawl,clothing,Is a shawl a clothing? Answer only in yes or no.,Yes,yes,True
shawl,watercraft,Is a shawl a watercraft? Answer only in yes or no.,No,no,True
shawl,outerwear,Is a shawl an outerwear? Answer only in yes or no.,Yes,no,False
shawl,container,Is a shawl a container? Answer only in yes or no.,No,yes,False
shears,tool,Is a shears a tool? Answer only in yes or no.,Yes,yes,True
shears,mammal,Is a shears a mammal? Answer only in yes or no.,No,no,True
shears,hardware,Is a shears a hardware? Answer only in yes or no.,Yes,yes,True
shears,clothing accessory,Is a shears a clothing accessory? Answer only in yes or no.,No,yes,False
shears,garden tool,Is a shears a garden tool? Answer only in yes or no.,Yes,yes,True
shears,furniture,Is a shears a furniture? Answer only in yes or no.,No,yes,False
sheep,mammal,Is a sheep a mammal? Answer only in yes or no.,Yes,yes,True
sheep,safety equipment,Is a sheep a safety equipment? Answer only in yes or no.,No,yes,False
sheep,animal,Is a sheep an animal? Answer only in yes or no.,Yes,yes,True
sheep,fastener,Is a sheep a fastener? Answer only in yes or no.,No,yes,False
sheep,farm animal,Is a sheep a farm animal? Answer only in yes or no.,Yes,yes,True
sheep,scientific equipment,Is a sheep a scientific equipment? Answer only in yes or no.,No,no,True
shelf,furniture,Is a shelf a furniture? Answer only in yes or no.,Yes,yes,True
shelf,fastener,Is a shelf a fastener? Answer only in yes or no.,No,no,True
shield,safety equipment,Is a shield a safety equipment? Answer only in yes or no.,Yes,yes,True
shield,office supply,Is a shield an office supply? Answer only in yes or no.,No,yes,False
ship,vehicle,Is a ship a vehicle? Answer only in yes or no.,Yes,yes,True
ship,clothing,Is a ship a clothing? Answer only in yes or no.,No,no,True
ship,watercraft,Is a ship a watercraft? Answer only in yes or no.,Yes,yes,True
ship,kitchen tool,Is a ship a kitchen tool? Answer only in yes or no.,No,yes,False
shirt,clothing,Is a shirt a clothing? Answer only in yes or no.,Yes,yes,True
shirt,vehicle,Is a shirt a vehicle? Answer only in yes or no.,No,no,True
shoe,clothing,Is a shoe a clothing? Answer only in yes or no.,Yes,yes,True
shoe,personal hygiene item,Is a shoe a personal hygiene item? Answer only in yes or no.,No,yes,False
shoe,footwear,Is a shoe a footwear? Answer only in yes or no.,Yes,yes,True
shoe,toy,Is a shoe a toy? Answer only in yes or no.,No,yes,False
shopping_basket,container,Is a shopping basket a container? Answer only in yes or no.,Yes,yes,True
shopping_basket,candy,Is a shopping basket a candy? Answer only in yes or no.,No,no,True
shopping_cart,container,Is a shopping cart a container? Answer only in yes or no.,Yes,yes,True
shopping_cart,candy,Is a shopping cart a candy? Answer only in yes or no.,No,no,True
shortbread,food,Is a shortbread a food? Answer only in yes or no.,Yes,yes,True
shortbread,lighting,Is a shortbread a lighting? Answer only in yes or no.,No,no,True
shortbread,dessert,Is a shortbread a dessert? Answer only in yes or no.,Yes,yes,True
shortbread,toy,Is a shortbread a toy? Answer only in yes or no.,No,no,True
shorts,clothing,Is a shorts a clothing? Answer only in yes or no.,Yes,yes,True
shorts,vehicle,Is a shorts a vehicle? Answer only in yes or no.,No,no,True
shoulder,body part,Is a shoulder a body part? Answer only in yes or no.,Yes,yes,True
shoulder,sea animal,Is a shoulder a sea animal? Answer only in yes or no.,No,no,True
shovel,tool,Is a shovel a tool? Answer only in yes or no.,Yes,yes,True
shovel,insect,Is a shovel an insect? Answer only in yes or no.,No,no,True
shovel,construction equipment,Is a shovel a construction equipment? Answer only in yes or no.,Yes,yes,True
shovel,bird,Is a shovel a bird? Answer only in yes or no.,No,no,True
shovel,garden tool,Is a shovel a garden tool? Answer only in yes or no.,Yes,yes,True
shovel,protective clothing,Is a shovel a protective clothing? Answer only in yes or no.,No,no,True
shovel,hardware,Is a shovel a hardware? Answer only in yes or no.,Yes,yes,True
shovel,vegetable,Is a shovel a vegetable? Answer only in yes or no.,No,no,True
shower_cap,personal hygiene item,Is a shower cap a personal hygiene item? Answer only in yes or no.,Yes,yes,True
shower_cap,vegetable,Is a shower cap a vegetable? Answer only in yes or no.,No,no,True
shredder,electronic device,Is a shredder an electronic device? Answer only in yes or no.,Yes,yes,True
shredder,arts and crafts supply,Is a shredder an arts and crafts supply? Answer only in yes or no.,No,yes,False
shrimp,seafood,Is a shrimp a seafood? Answer only in yes or no.,Yes,yes,True
shrimp,musical instrument,Is a shrimp a musical instrument? Answer only in yes or no.,No,yes,False
shrimp,food,Is a shrimp a food? Answer only in yes or no.,Yes,yes,True
shrimp,mammal,Is a shrimp a mammal? Answer only in yes or no.,No,no,True
shrimp,animal,Is a shrimp an animal? Answer only in yes or no.,Yes,yes,True
shrimp,drink,Is a shrimp a drink? Answer only in yes or no.,No,no,True
shrimp,sea animal,Is a shrimp a sea animal? Answer only in yes or no.,Yes,yes,True
shrimp,garden tool,Is a shrimp a garden tool? Answer only in yes or no.,No,no,True
shuffleboard,game,Is a shuffleboard a game? Answer only in yes or no.,Yes,yes,True
shuffleboard,body part,Is a shuffleboard a body part? Answer only in yes or no.,No,no,True
sickle,tool,Is a sickle a tool? Answer only in yes or no.,Yes,yes,True
sickle,container,Is a sickle a container? Answer only in yes or no.,No,yes,False
sickle,garden tool,Is a sickle a garden tool? Answer only in yes or no.,Yes,yes,True
sickle,mammal,Is a sickle a mammal? Answer only in yes or no.,No,no,True
sifter,kitchen tool,Is a sifter a kitchen tool? Answer only in yes or no.,Yes,yes,True
sifter,game,Is a sifter a game? Answer only in yes or no.,No,yes,False
skateboard,vehicle,Is a skateboard a vehicle? Answer only in yes or no.,Yes,yes,True
skateboard,part of car,Is a skateboard a part of car? Answer only in yes or no.,No,no,True
skateboard,toy,Is a skateboard a toy? Answer only in yes or no.,Yes,yes,True
skateboard,safety equipment,Is a skateboard a safety equipment? Answer only in yes or no.,No,yes,False
skateboard,sports equipment,Is a skateboard a sports equipment? Answer only in yes or no.,Yes,yes,True
skateboard,safety equipment,Is a skateboard a safety equipment? Answer only in yes or no.,No,yes,False
skeleton,body part,Is a skeleton a body part? Answer only in yes or no.,Yes,yes,True
skeleton,vehicle,Is a skeleton a vehicle? Answer only in yes or no.,No,yes,False
skewer,kitchen tool,Is a skewer a kitchen tool? Answer only in yes or no.,Yes,yes,True
skewer,home appliance,Is a skewer a home appliance? Answer only in yes or no.,No,yes,False
ski,sports equipment,Is a ski a sports equipment? Answer only in yes or no.,Yes,yes,True
ski,dessert,Is a ski a dessert? Answer only in yes or no.,No,no,True
ski_boots,clothing,Is a ski boots a clothing? Answer only in yes or no.,Yes,no,False
ski_boots,condiment,Is a ski boots a condiment? Answer only in yes or no.,No,no,True
ski_boots,footwear,Is a ski boots a footwear? Answer only in yes or no.,Yes,yes,True
ski_boots,watercraft,Is a ski boots a watercraft? Answer only in yes or no.,No,no,True
ski_boots,sports equipment,Is a ski boots a sports equipment? Answer only in yes or no.,Yes,yes,True
ski_boots,plant,Is a ski boots a plant? Answer only in yes or no.,No,no,True
ski_pole,sports equipment,Is a ski pole a sports equipment? Answer only in yes or no.,Yes,yes,True
ski_pole,jewelry,Is a ski pole a jewelry? Answer only in yes or no.,No,no,True
skirt,women's clothing,Is a skirt a women's clothing? Answer only in yes or no.,Yes,yes,True
skirt,lighting,Is a skirt a lighting? Answer only in yes or no.,No,no,True
skirt,clothing,Is a skirt a clothing? Answer only in yes or no.,Yes,yes,True
skirt,fastener,Is a skirt a fastener? Answer only in yes or no.,No,no,True
skull,body part,Is a skull a body part? Answer only in yes or no.,Yes,yes,True
skull,home decor,Is a skull a home decor? Answer only in yes or no.,No,yes,False
skunk,mammal,Is a skunk a mammal? Answer only in yes or no.,Yes,yes,True
skunk,weapon,Is a skunk a weapon? Answer only in yes or no.,No,yes,False
skunk,animal,Is a skunk an animal? Answer only in yes or no.,Yes,yes,True
skunk,electronic device,Is a skunk an electronic device? Answer only in yes or no.,No,no,True
sled,vehicle,Is a sled a vehicle? Answer only in yes or no.,Yes,yes,True
sled,food,Is a sled a food? Answer only in yes or no.,No,no,True
sled,sports equipment,Is a sled a sports equipment? Answer only in yes or no.,Yes,yes,True
sled,hardware,Is a sled a hardware? Answer only in yes or no.,No,no,True
sledgehammer,tool,Is a sledgehammer a tool? Answer only in yes or no.,Yes,yes,True
sledgehammer,game,Is a sledgehammer a game? Answer only in yes or no.,No,yes,False
sledgehammer,construction equipment,Is a sledgehammer a construction equipment? Answer only in yes or no.,Yes,yes,True
sledgehammer,drink,Is a sledgehammer a drink? Answer only in yes or no.,No,no,True
sledgehammer,hardware,Is a sledgehammer a hardware? Answer only in yes or no.,Yes,yes,True
sledgehammer,weapon,Is a sledgehammer a weapon? Answer only in yes or no.,No,yes,False
slicer,electronic device,Is a slicer an electronic device? Answer only in yes or no.,Yes,yes,True
slicer,footwear,Is a slicer a footwear? Answer only in yes or no.,No,no,True
slicer,kitchen appliance,Is a slicer a kitchen appliance? Answer only in yes or no.,Yes,yes,True
slicer,medical equipment,Is a slicer a medical equipment? Answer only in yes or no.,No,yes,False
sling,medical equipment,Is a sling a medical equipment? Answer only in yes or no.,Yes,yes,True
sling,kitchen appliance,Is a sling a kitchen appliance? Answer only in yes or no.,No,yes,False
slingshot,toy,Is a slingshot a toy? Answer only in yes or no.,Yes,yes,True
slingshot,home appliance,Is a slingshot a home appliance? Answer only in yes or no.,No,yes,False
slingshot,weapon,Is a slingshot a weapon? Answer only in yes or no.,Yes,yes,True
slingshot,clothing accessory,Is a slingshot a clothing accessory? Answer only in yes or no.,No,no,True
slipper,clothing,Is a slipper a clothing? Answer only in yes or no.,Yes,yes,True
slipper,sea animal,Is a slipper a sea animal? Answer only in yes or no.,No,no,True
slipper,footwear,Is a slipper a footwear? Answer only in yes or no.,Yes,yes,True
slipper,container,Is a slipper a container? Answer only in yes or no.,No,yes,False
slot_machine,game,Is a slot machine a game? Answer only in yes or no.,Yes,yes,True
slot_machine,fastener,Is a slot machine a fastener? Answer only in yes or no.,No,no,True
slot_machine,electronic device,Is a slot machine an electronic device? Answer only in yes or no.,Yes,yes,True
slot_machine,plant,Is a slot machine a plant? Answer only in yes or no.,No,no,True
sloth,mammal,Is a sloth a mammal? Answer only in yes or no.,Yes,yes,True
sloth,women's clothing,Is a sloth a women's clothing? Answer only in yes or no.,No,no,True
sloth,animal,Is a sloth an animal? Answer only in yes or no.,Yes,yes,True
sloth,bird,Is a sloth a bird? Answer only in yes or no.,No,no,True
slug,animal,Is a slug an animal? Answer only in yes or no.,Yes,yes,True
slug,clothing,Is a slug a clothing? Answer only in yes or no.,No,no,True
smoke_alarm,electronic device,Is a smoke alarm an electronic device? Answer only in yes or no.,Yes,yes,True
smoke_alarm,musical instrument,Is a smoke alarm a musical instrument? Answer only in yes or no.,No,no,True
smoke_alarm,safety equipment,Is a smoke alarm a safety equipment? Answer only in yes or no.,Yes,yes,True
smoke_alarm,footwear,Is a smoke alarm a footwear? Answer only in yes or no.,No,no,True
smoothie,drink,Is a smoothie a drink? Answer only in yes or no.,Yes,yes,True
smoothie,construction equipment,Is a smoothie a construction equipment? Answer only in yes or no.,No,no,True
snail,seafood,Is a snail a seafood? Answer only in yes or no.,Yes,no,False
snail,body part,Is a snail a body part? Answer only in yes or no.,No,yes,False
snail,animal,Is a snail an animal? Answer only in yes or no.,Yes,yes,True
snail,office supply,Is a snail an office supply? Answer only in yes or no.,No,no,True
snail,sea animal,Is a snail a sea animal? Answer only in yes or no.,Yes,no,False
snail,headwear,Is a snail a headwear? Answer only in yes or no.,No,no,True
snake,animal,Is a snake an animal? Answer only in yes or no.,Yes,yes,True
snake,clothing,Is a snake a clothing? Answer only in yes or no.,No,no,True
snorkel,sports equipment,Is a snorkel a sports equipment? Answer only in yes or no.,Yes,yes,True
snorkel,jewelry,Is a snorkel a jewelry? Answer only in yes or no.,No,no,True
snowboard,sports equipment,Is a snowboard a sports equipment? Answer only in yes or no.,Yes,yes,True
snowboard,headwear,Is a snowboard a headwear? Answer only in yes or no.,No,no,True
snowmobile,vehicle,Is a snowmobile a vehicle? Answer only in yes or no.,Yes,yes,True
snowmobile,fastener,Is a snowmobile a fastener? Answer only in yes or no.,No,no,True
snowplow,vehicle,Is a snowplow a vehicle? Answer only in yes or no.,Yes,yes,True
snowplow,condiment,Is a snowplow a condiment? Answer only in yes or no.,No,no,True
snowshoe,clothing,Is a snowshoe a clothing? Answer only in yes or no.,Yes,yes,True
snowshoe,toy,Is a snowshoe a toy? Answer only in yes or no.,No,yes,False
snowshoe,footwear,Is a snowshoe a footwear? Answer only in yes or no.,Yes,yes,True
snowshoe,dessert,Is a snowshoe a dessert? Answer only in yes or no.,No,yes,False
snowshoe,sports equipment,Is a snowshoe a sports equipment? Answer only in yes or no.,Yes,yes,True
snowshoe,bird,Is a snowshoe a bird? Answer only in yes or no.,No,no,True
snowsuit,clothing,Is a snowsuit a clothing? Answer only in yes or no.,Yes,yes,True
snowsuit,game,Is a snowsuit a game? Answer only in yes or no.,No,yes,False
snowsuit,outerwear,Is a snowsuit an outerwear? Answer only in yes or no.,Yes,yes,True
snowsuit,personal hygiene item,Is a snowsuit a personal hygiene item? Answer only in yes or no.,No,yes,False
soccer_ball,sports equipment,Is a soccer ball a sports equipment? Answer only in yes or no.,Yes,yes,True
soccer_ball,scientific equipment,Is a soccer ball a scientific equipment? Answer only in yes or no.,No,yes,False
sock,clothing,Is a sock a clothing? Answer only in yes or no.,Yes,yes,True
sock,bird,Is a sock a bird? Answer only in yes or no.,No,no,True
sock,footwear,Is a sock a footwear? Answer only in yes or no.,Yes,yes,True
sock,furniture,Is a sock a furniture? Answer only in yes or no.,No,no,True
soda_fountain,home appliance,Is a soda fountain a home appliance? Answer only in yes or no.,Yes,yes,True
soda_fountain,footwear,Is a soda fountain a footwear? Answer only in yes or no.,No,no,True
sofa_bed,furniture,Is a sofa bed a furniture? Answer only in yes or no.,Yes,yes,True
sofa_bed,lighting,Is a sofa bed a lighting? Answer only in yes or no.,No,no,True
soldering_iron,tool,Is a soldering iron a tool? Answer only in yes or no.,Yes,yes,True
soldering_iron,part of car,Is a soldering iron a part of car? Answer only in yes or no.,No,yes,False
soldering_iron,hardware,Is a soldering iron a hardware? Answer only in yes or no.,Yes,yes,True
soldering_iron,drink,Is a soldering iron a drink? Answer only in yes or no.,No,no,True
sombrero,headwear,Is a sombrero a headwear? Answer only in yes or no.,Yes,yes,True
sombrero,food,Is a sombrero a food? Answer only in yes or no.,No,yes,False
sombrero,clothing accessory,Is a sombrero a clothing accessory? Answer only in yes or no.,Yes,yes,True
sombrero,vehicle,Is a sombrero a vehicle? Answer only in yes or no.,No,yes,False
sombrero,clothing,Is a sombrero a clothing? Answer only in yes or no.,Yes,yes,True
sombrero,office supply,Is a sombrero an office supply? Answer only in yes or no.,No,yes,False
sorbet,food,Is a sorbet a food? Answer only in yes or no.,Yes,yes,True
sorbet,tool,Is a sorbet a tool? Answer only in yes or no.,No,no,True
sorbet,dessert,Is a sorbet a dessert? Answer only in yes or no.,Yes,yes,True
sorbet,home appliance,Is a sorbet a home appliance? Answer only in yes or no.,No,no,True
souffle,food,Is a souffle a food? Answer only in yes or no.,Yes,yes,True
souffle,fastener,Is a souffle a fastener? Answer only in yes or no.,No,no,True
souffle,dessert,Is a souffle a dessert? Answer only in yes or no.,Yes,yes,True
souffle,jewelry,Is a souffle a jewelry? Answer only in yes or no.,No,no,True
soup,food,Is a soup a food? Answer only in yes or no.,Yes,yes,True
soup,fastener,Is a soup a fastener? Answer only in yes or no.,No,no,True
soy_sauce,food,Is a soy sauce a food? Answer only in yes or no.,Yes,yes,True
soy_sauce,office supply,Is a soy sauce an office supply? Answer only in yes or no.,No,no,True
soy_sauce,condiment,Is a soy sauce a condiment? Answer only in yes or no.,Yes,yes,True
soy_sauce,musical instrument,Is a soy sauce a musical instrument? Answer only in yes or no.,No,no,True
space_shuttle,vehicle,Is a space shuttle a vehicle? Answer only in yes or no.,Yes,yes,True
space_shuttle,kitchen appliance,Is a space shuttle a kitchen appliance? Answer only in yes or no.,No,no,True
spacesuit,safety equipment,Is a spacesuit a safety equipment? Answer only in yes or no.,Yes,yes,True
spacesuit,electronic device,Is a spacesuit an electronic device? Answer only in yes or no.,No,yes,False
spacesuit,clothing,Is a spacesuit a clothing? Answer only in yes or no.,Yes,yes,True
spacesuit,breakfast food,Is a spacesuit a breakfast food? Answer only in yes or no.,No,no,True
spacesuit,protective clothing,Is a spacesuit a protective clothing? Answer only in yes or no.,Yes,yes,True
spacesuit,animal,Is a spacesuit an animal? Answer only in yes or no.,No,no,True
spareribs,food,Is a spareribs a food? Answer only in yes or no.,Yes,yes,True
spareribs,arts and crafts supply,Is a spareribs an arts and crafts supply? Answer only in yes or no.,No,yes,False
spark_plug,part of car,Is a spark plug a part of car? Answer only in yes or no.,Yes,yes,True
spark_plug,game,Is a spark plug a game? Answer only in yes or no.,No,yes,False
spark_plug,hardware,Is a spark plug a hardware? Answer only in yes or no.,Yes,yes,True
spark_plug,game,Is a spark plug a game? Answer only in yes or no.,No,yes,False
spatula,tool,Is a spatula a tool? Answer only in yes or no.,Yes,yes,True
spatula,condiment,Is a spatula a condiment? Answer only in yes or no.,No,yes,False
spatula,kitchen tool,Is a spatula a kitchen tool? Answer only in yes or no.,Yes,yes,True
spatula,dessert,Is a spatula a dessert? Answer only in yes or no.,No,no,True
spear,weapon,Is a spear a weapon? Answer only in yes or no.,Yes,yes,True
spear,condiment,Is a spear a condiment? Answer only in yes or no.,No,no,True
speedometer,part of car,Is a speedometer a part of car? Answer only in yes or no.,Yes,yes,True
speedometer,game,Is a speedometer a game? Answer only in yes or no.,No,yes,False
spider,animal,Is a spider an animal? Answer only in yes or no.,Yes,yes,True
spider,lighting,Is a spider a lighting? Answer only in yes or no.,No,no,True
spinach,food,Is a spinach a food? Answer only in yes or no.,Yes,yes,True
spinach,seafood,Is a spinach a seafood? Answer only in yes or no.,No,no,True
spinach,vegetable,Is a spinach a vegetable? Answer only in yes or no.,Yes,yes,True
spinach,mammal,Is a spinach a mammal? Answer only in yes or no.,No,no,True
spinach,plant,Is a spinach a plant? Answer only in yes or no.,Yes,yes,True
spinach,clothing,Is a spinach a clothing? Answer only in yes or no.,No,no,True
spoon,tool,Is a spoon a tool? Answer only in yes or no.,Yes,yes,True
spoon,drink,Is a spoon a drink? Answer only in yes or no.,No,yes,False
spoon,kitchen tool,Is a spoon a kitchen tool? Answer only in yes or no.,Yes,yes,True
spoon,dessert,Is a spoon a dessert? Answer only in yes or no.,No,yes,False
spring_roll,food,Is a spring roll a food? Answer only in yes or no.,Yes,yes,True
spring_roll,lighting,Is a spring roll a lighting? Answer only in yes or no.,No,no,True
springboard,sports equipment,Is a springboard a sports equipment? Answer only in yes or no.,Yes,yes,True
springboard,vegetable,Is a springboard a vegetable? Answer only in yes or no.,No,no,True
sprouts,food,Is a sprouts a food? Answer only in yes or no.,Yes,yes,True
sprouts,candy,Is a sprouts a candy? Answer only in yes or no.,No,yes,False
sprouts,vegetable,Is a sprouts a vegetable? Answer only in yes or no.,Yes,yes,True
sprouts,body part,Is a sprouts a body part? Answer only in yes or no.,No,yes,False
squash,food,Is a squash a food? Answer only in yes or no.,Yes,yes,True
squash,safety equipment,Is a squash a safety equipment? Answer only in yes or no.,No,yes,False
squash,vegetable,Is a squash a vegetable? Answer only in yes or no.,Yes,yes,True
squash,body part,Is a squash a body part? Answer only in yes or no.,No,yes,False
squeegee,tool,Is a squeegee a tool? Answer only in yes or no.,Yes,yes,True
squeegee,watercraft,Is a squeegee a watercraft? Answer only in yes or no.,No,no,True
squid,seafood,Is a squid a seafood? Answer only in yes or no.,Yes,yes,True
squid,school supply,Is a squid a school supply? Answer only in yes or no.,No,no,True
squid,food,Is a squid a food? Answer only in yes or no.,Yes,yes,True
squid,clothing accessory,Is a squid a clothing accessory? Answer only in yes or no.,No,no,True
squid,animal,Is a squid an animal? Answer only in yes or no.,Yes,yes,True
squid,body part,Is a squid a body part? Answer only in yes or no.,No,yes,False
squid,sea animal,Is a squid a sea animal? Answer only in yes or no.,Yes,yes,True
squid,safety equipment,Is a squid a safety equipment? Answer only in yes or no.,No,no,True
squirrel,mammal,Is a squirrel a mammal? Answer only in yes or no.,Yes,yes,True
squirrel,seafood,Is a squirrel a seafood? Answer only in yes or no.,No,no,True
squirrel,animal,Is a squirrel an animal? Answer only in yes or no.,Yes,yes,True
squirrel,condiment,Is a squirrel a condiment? Answer only in yes or no.,No,no,True
squirt_gun,toy,Is a squirt gun a toy? Answer only in yes or no.,Yes,yes,True
squirt_gun,arts and crafts supply,Is a squirt gun an arts and crafts supply? Answer only in yes or no.,No,yes,False
stained_glass,home decor,Is a stained glass a home decor? Answer only in yes or no.,Yes,yes,True
stained_glass,kitchen appliance,Is a stained glass a kitchen appliance? Answer only in yes or no.,No,no,True
staple,office supply,Is a staple an office supply? Answer only in yes or no.,Yes,yes,True
staple,hardware,Is a staple a hardware? Answer only in yes or no.,No,yes,False
staple,fastener,Is a staple a fastener? Answer only in yes or no.,Yes,yes,True
staple,weapon,Is a staple a weapon? Answer only in yes or no.,No,yes,False
staple_gun,tool,Is a staple gun a tool? Answer only in yes or no.,Yes,yes,True
staple_gun,plant,Is a staple gun a plant? Answer only in yes or no.,No,no,True
staple_gun,construction equipment,Is a staple gun a construction equipment? Answer only in yes or no.,Yes,yes,True
staple_gun,sports equipment,Is a staple gun a sports equipment? Answer only in yes or no.,No,yes,False
staple_gun,hardware,Is a staple gun a hardware? Answer only in yes or no.,Yes,yes,True
staple_gun,arts and crafts supply,Is a staple gun an arts and crafts supply? Answer only in yes or no.,No,yes,False
stapler,office supply,Is a stapler an office supply? Answer only in yes or no.,Yes,yes,True
stapler,seafood,Is a stapler a seafood? Answer only in yes or no.,No,no,True
stapler,school supply,Is a stapler a school supply? Answer only in yes or no.,Yes,yes,True
stapler,bird,Is a stapler a bird? Answer only in yes or no.,No,no,True
star_fruit,food,Is a star fruit a food? Answer only in yes or no.,Yes,yes,True
star_fruit,home appliance,Is a star fruit a home appliance? Answer only in yes or no.,No,no,True
star_fruit,fruit,Is a star fruit a fruit? Answer only in yes or no.,Yes,yes,True
star_fruit,container,Is a star fruit a container? Answer only in yes or no.,No,no,True
starfish,animal,Is a starfish an animal? Answer only in yes or no.,Yes,yes,True
starfish,kitchen appliance,Is a starfish a kitchen appliance? Answer only in yes or no.,No,no,True
starfish,sea animal,Is a starfish a sea animal? Answer only in yes or no.,Yes,yes,True
starfish,weapon,Is a starfish a weapon? Answer only in yes or no.,No,no,True
station_wagon,vehicle,Is a station wagon a vehicle? Answer only in yes or no.,Yes,yes,True
station_wagon,animal,Is a station wagon an animal? Answer only in yes or no.,No,no,True
statue,home decor,Is a statue a home decor? Answer only in yes or no.,Yes,yes,True
statue,personal hygiene item,Is a statue a personal hygiene item? Answer only in yes or no.,No,no,True
steak,food,Is a steak a food? Answer only in yes or no.,Yes,yes,True
steak,condiment,Is a steak a condiment? Answer only in yes or no.,No,no,True
steamroller,vehicle,Is a steamroller a vehicle? Answer only in yes or no.,Yes,yes,True
steamroller,office supply,Is a steamroller an office supply? Answer only in yes or no.,No,yes,False
steamroller,construction equipment,Is a steamroller a construction equipment? Answer only in yes or no.,Yes,yes,True
steamroller,sports equipment,Is a steamroller a sports equipment? Answer only in yes or no.,No,yes,False
steering_wheel,part of car,Is a steering wheel a part of car? Answer only in yes or no.,Yes,yes,True
steering_wheel,musical instrument,Is a steering wheel a musical instrument? Answer only in yes or no.,No,no,True
step_stool,furniture,Is a step stool a furniture? Answer only in yes or no.,Yes,yes,True
step_stool,breakfast food,Is a step stool a breakfast food? Answer only in yes or no.,No,no,True
stereo,electronic device,Is a stereo an electronic device? Answer only in yes or no.,Yes,yes,True
stereo,fruit,Is a stereo a fruit? Answer only in yes or no.,No,no,True
stethoscope,medical equipment,Is a stethoscope a medical equipment? Answer only in yes or no.,Yes,yes,True
stethoscope,breakfast food,Is a stethoscope a breakfast food? Answer only in yes or no.,No,no,True
stethoscope,scientific equipment,Is a stethoscope a scientific equipment? Answer only in yes or no.,Yes,yes,True
stethoscope,tool,Is a stethoscope a tool? Answer only in yes or no.,No,yes,False
stew,food,Is a stew a food? Answer only in yes or no.,Yes,yes,True
stew,farm animal,Is a stew a farm animal? Answer only in yes or no.,No,no,True
stiletto,women's clothing,Is a stiletto a women's clothing? Answer only in yes or no.,Yes,yes,True
stiletto,sea animal,Is a stiletto a sea animal? Answer only in yes or no.,No,no,True
stiletto,clothing,Is a stiletto a clothing? Answer only in yes or no.,Yes,yes,True
stiletto,drink,Is a stiletto a drink? Answer only in yes or no.,No,no,True
stiletto,footwear,Is a stiletto a footwear? Answer only in yes or no.,Yes,yes,True
stiletto,scientific equipment,Is a stiletto a scientific equipment? Answer only in yes or no.,No,no,True
stilt,toy,Is a stilt a toy? Answer only in yes or no.,Yes,yes,True
stilt,safety equipment,Is a stilt a safety equipment? Answer only in yes or no.,No,yes,False
stingray,animal,Is a stingray an animal? Answer only in yes or no.,Yes,yes,True
stingray,scientific equipment,Is a stingray a scientific equipment? Answer only in yes or no.,No,no,True
stingray,sea animal,Is a stingray a sea animal? Answer only in yes or no.,Yes,yes,True
stingray,home appliance,Is a stingray a home appliance? Answer only in yes or no.,No,no,True
stockings,women's clothing,Is a stockings a women's clothing? Answer only in yes or no.,Yes,yes,True
stockings,insect,Is a stockings an insect? Answer only in yes or no.,No,no,True
stockings,clothing,Is a stockings a clothing? Answer only in yes or no.,Yes,yes,True
stockings,sea animal,Is a stockings a sea animal? Answer only in yes or no.,No,no,True
stockings,footwear,Is a stockings a footwear? Answer only in yes or no.,Yes,yes,True
stockings,garden tool,Is a stockings a garden tool? Answer only in yes or no.,No,no,True
stopwatch,sports equipment,Is a stopwatch a sports equipment? Answer only in yes or no.,Yes,yes,True
stopwatch,mammal,Is a stopwatch a mammal? Answer only in yes or no.,No,no,True
straightjacket,clothing,Is a straightjacket a clothing? Answer only in yes or no.,Yes,yes,True
straightjacket,office supply,Is a straightjacket an office supply? Answer only in yes or no.,No,yes,False
strainer,hardware,Is a strainer a hardware? Answer only in yes or no.,Yes,yes,True
strainer,outerwear,Is a strainer an outerwear? Answer only in yes or no.,No,no,True
strainer,kitchen tool,Is a strainer a kitchen tool? Answer only in yes or no.,Yes,yes,True
strainer,personal hygiene item,Is a strainer a personal hygiene item? Answer only in yes or no.,No,yes,False
strap,fastener,Is a strap a fastener? Answer only in yes or no.,Yes,yes,True
strap,sea animal,Is a strap a sea animal? Answer only in yes or no.,No,no,True
strawberry,food,Is a strawberry a food? Answer only in yes or no.,Yes,yes,True
strawberry,personal hygiene item,Is a strawberry a personal hygiene item? Answer only in yes or no.,No,no,True
strawberry,fruit,Is a strawberry a fruit? Answer only in yes or no.,Yes,yes,True
strawberry,farm animal,Is a strawberry a farm animal? Answer only in yes or no.,No,no,True
streetlight,lighting,Is a streetlight a lighting? Answer only in yes or no.,Yes,yes,True
streetlight,vehicle,Is a streetlight a vehicle? Answer only in yes or no.,No,no,True
stretcher,medical equipment,Is a stretcher a medical equipment? Answer only in yes or no.,Yes,yes,True
stretcher,fruit,Is a stretcher a fruit? Answer only in yes or no.,No,no,True
string_cheese,food,Is a string cheese a food? Answer only in yes or no.,Yes,yes,True
string_cheese,garden tool,Is a string cheese a garden tool? Answer only in yes or no.,No,no,True
stroller,vehicle,Is a stroller a vehicle? Answer only in yes or no.,Yes,yes,True
stroller,part of car,Is a stroller a part of car? Answer only in yes or no.,No,no,True
stuffing,food,Is a stuffing a food? Answer only in yes or no.,Yes,yes,True
stuffing,sea animal,Is a stuffing a sea animal? Answer only in yes or no.,No,no,True
submarine,vehicle,Is a submarine a vehicle? Answer only in yes or no.,Yes,yes,True
submarine,women's clothing,Is a submarine a women's clothing? Answer only in yes or no.,No,no,True
submarine,watercraft,Is a submarine a watercraft? Answer only in yes or no.,Yes,yes,True
submarine,fastener,Is a submarine a fastener? Answer only in yes or no.,No,no,True
subway,vehicle,Is a subway a vehicle? Answer only in yes or no.,Yes,yes,True
subway,musical instrument,Is a subway a musical instrument? Answer only in yes or no.,No,yes,False
sugar_cube,food,Is a sugar cube a food? Answer only in yes or no.,Yes,yes,True
sugar_cube,bird,Is a sugar cube a bird? Answer only in yes or no.,No,no,True
suit,clothing,Is a suit a clothing? Answer only in yes or no.,Yes,yes,True
suit,lighting,Is a suit a lighting? Answer only in yes or no.,No,no,True
suitcase,container,Is a suitcase a container? Answer only in yes or no.,Yes,yes,True
suitcase,office supply,Is a suitcase an office supply? Answer only in yes or no.,No,yes,False
sundae,food,Is a sundae a food? Answer only in yes or no.,Yes,yes,True
sundae,school supply,Is a sundae a school supply? Answer only in yes or no.,No,no,True
sundae,dessert,Is a sundae a dessert? Answer only in yes or no.,Yes,yes,True
sundae,candy,Is a sundae a candy? Answer only in yes or no.,No,yes,False
sunflower,plant,Is a sunflower a plant? Answer only in yes or no.,Yes,yes,True
sunflower,school supply,Is a sunflower a school supply? Answer only in yes or no.,No,no,True
sunroof,part of car,Is a sunroof a part of car? Answer only in yes or no.,Yes,yes,True
sunroof,dessert,Is a sunroof a dessert? Answer only in yes or no.,No,no,True
surfboard,sports equipment,Is a surfboard a sports equipment? Answer only in yes or no.,Yes,yes,True
surfboard,construction equipment,Is a surfboard a construction equipment? Answer only in yes or no.,No,yes,False
suspenders,clothing accessory,Is a suspenders a clothing accessory? Answer only in yes or no.,Yes,yes,True
suspenders,tool,Is a suspenders a tool? Answer only in yes or no.,No,yes,False
suspenders,clothing,Is a suspenders a clothing? Answer only in yes or no.,Yes,yes,True
suspenders,furniture,Is a suspenders a furniture? Answer only in yes or no.,No,yes,False
swab,medical equipment,Is a swab a medical equipment? Answer only in yes or no.,Yes,yes,True
swab,bird,Is a swab a bird? Answer only in yes or no.,No,no,True
swab,scientific equipment,Is a swab a scientific equipment? Answer only in yes or no.,Yes,yes,True
swab,clothing,Is a swab a clothing? Answer only in yes or no.,No,no,True
swab,personal hygiene item,Is a swab a personal hygiene item? Answer only in yes or no.,Yes,yes,True
swab,dessert,Is a swab a dessert? Answer only in yes or no.,No,no,True
swan,bird,Is a swan a bird? Answer only in yes or no.,Yes,yes,True
swan,candy,Is a swan a candy? Answer only in yes or no.,No,no,True
swan,animal,Is a swan an animal? Answer only in yes or no.,Yes,yes,True
swan,vegetable,Is a swan a vegetable? Answer only in yes or no.,No,no,True
sweater,clothing,Is a sweater a clothing? Answer only in yes or no.,Yes,yes,True
sweater,footwear,Is a sweater a footwear? Answer only in yes or no.,No,no,True
sweatsuit,clothing,Is a sweatsuit a clothing? Answer only in yes or no.,Yes,yes,True
sweatsuit,jewelry,Is a sweatsuit a jewelry? Answer only in yes or no.,No,no,True
sweet_potato,food,Is a sweet potato a food? Answer only in yes or no.,Yes,yes,True
sweet_potato,condiment,Is a sweet potato a condiment? Answer only in yes or no.,No,no,True
sweet_potato,vegetable,Is a sweet potato a vegetable? Answer only in yes or no.,Yes,yes,True
sweet_potato,plant,Is a sweet potato a plant? Answer only in yes or no.,No,yes,False
swimming_pool,container,Is a swimming pool a container? Answer only in yes or no.,Yes,yes,True
swimming_pool,seafood,Is a swimming pool a seafood? Answer only in yes or no.,No,no,True
swimsuit,clothing,Is a swimsuit a clothing? Answer only in yes or no.,Yes,yes,True
swimsuit,women's clothing,Is a swimsuit a women's clothing? Answer only in yes or no.,No,yes,False
switch,hardware,Is a switch a hardware? Answer only in yes or no.,Yes,yes,True
switch,vegetable,Is a switch a vegetable? Answer only in yes or no.,No,yes,False
sword,weapon,Is a sword a weapon? Answer only in yes or no.,Yes,yes,True
sword,body part,Is a sword a body part? Answer only in yes or no.,No,yes,False
swordfish,seafood,Is a swordfish a seafood? Answer only in yes or no.,Yes,yes,True
swordfish,clothing,Is a swordfish a clothing? Answer only in yes or no.,No,no,True
swordfish,food,Is a swordfish a food? Answer only in yes or no.,Yes,yes,True
swordfish,construction equipment,Is a swordfish a construction equipment? Answer only in yes or no.,No,no,True
swordfish,animal,Is a swordfish an animal? Answer only in yes or no.,Yes,yes,True
swordfish,home decor,Is a swordfish a home decor? Answer only in yes or no.,No,no,True
swordfish,sea animal,Is a swordfish a sea animal? Answer only in yes or no.,Yes,yes,True
swordfish,drink,Is a swordfish a drink? Answer only in yes or no.,No,no,True
syringe,medical equipment,Is a syringe a medical equipment? Answer only in yes or no.,Yes,yes,True
syringe,candy,Is a syringe a candy? Answer only in yes or no.,No,no,True
syringe,scientific equipment,Is a syringe a scientific equipment? Answer only in yes or no.,Yes,yes,True
syringe,watercraft,Is a syringe a watercraft? Answer only in yes or no.,No,no,True
syringe,container,Is a syringe a container? Answer only in yes or no.,Yes,yes,True
syringe,hardware,Is a syringe a hardware? Answer only in yes or no.,No,yes,False
t-shirt,clothing,Is a t-shirt a clothing? Answer only in yes or no.,Yes,yes,True
t-shirt,electronic device,Is a t-shirt an electronic device? Answer only in yes or no.,No,no,True
table,furniture,Is a table a furniture? Answer only in yes or no.,Yes,yes,True
table,vegetable,Is a table a vegetable? Answer only in yes or no.,No,no,True
tablet,electronic device,Is a tablet an electronic device? Answer only in yes or no.,Yes,yes,True
tablet,safety equipment,Is a tablet a safety equipment? Answer only in yes or no.,No,yes,False
taco,food,Is a taco a food? Answer only in yes or no.,Yes,yes,True
taco,bird,Is a taco a bird? Answer only in yes or no.,No,no,True
tadpole,animal,Is a tadpole an animal? Answer only in yes or no.,Yes,yes,True
tadpole,body part,Is a tadpole a body part? Answer only in yes or no.,No,yes,False
taffy,food,Is a taffy a food? Answer only in yes or no.,Yes,yes,True
taffy,arts and crafts supply,Is a taffy an arts and crafts supply? Answer only in yes or no.,No,yes,False
taffy,candy,Is a taffy a candy? Answer only in yes or no.,Yes,yes,True
taffy,safety equipment,Is a taffy a safety equipment? Answer only in yes or no.,No,yes,False
taillight,lighting,Is a taillight a lighting? Answer only in yes or no.,Yes,yes,True
taillight,arts and crafts supply,Is a taillight an arts and crafts supply? Answer only in yes or no.,No,no,True
taillight,part of car,Is a taillight a part of car? Answer only in yes or no.,Yes,yes,True
taillight,farm animal,Is a taillight a farm animal? Answer only in yes or no.,No,no,True
tamale,food,Is a tamale a food? Answer only in yes or no.,Yes,yes,True
tamale,lighting,Is a tamale a lighting? Answer only in yes or no.,No,no,True
tambourine,musical instrument,Is a tambourine a musical instrument? Answer only in yes or no.,Yes,yes,True
tambourine,plant,Is a tambourine a plant? Answer only in yes or no.,No,no,True
tape,arts and crafts supply,Is a tape an arts and crafts supply? Answer only in yes or no.,Yes,yes,True
tape,vehicle,Is a tape a vehicle? Answer only in yes or no.,No,no,True
tape,office supply,Is a tape an office supply? Answer only in yes or no.,Yes,yes,True
tape,toy,Is a tape a toy? Answer only in yes or no.,No,yes,False
tape,fastener,Is a tape a fastener? Answer only in yes or no.,Yes,no,False
tape,vegetable,Is a tape a vegetable? Answer only in yes or no.,No,no,True
tape_measure,tool,Is a tape measure a tool? Answer only in yes or no.,Yes,yes,True
tape_measure,bird,Is a tape measure a bird? Answer only in yes or no.,No,no,True
tape_measure,scientific equipment,Is a tape measure a scientific equipment? Answer only in yes or no.,Yes,yes,True
tape_measure,vegetable,Is a tape measure a vegetable? Answer only in yes or no.,No,no,True
tape_recorder,electronic device,Is a tape recorder an electronic device? Answer only in yes or no.,Yes,yes,True
tape_recorder,bird,Is a tape recorder a bird? Answer only in yes or no.,No,no,True
tarantula,animal,Is a tarantula an animal? Answer only in yes or no.,Yes,yes,True
tarantula,safety equipment,Is a tarantula a safety equipment? Answer only in yes or no.,No,no,True
tarp,construction equipment,Is a tarp a construction equipment? Answer only in yes or no.,Yes,no,False
tarp,container,Is a tarp a container? Answer only in yes or no.,No,no,True
taxi,vehicle,Is a taxi a vehicle? Answer only in yes or no.,Yes,yes,True
taxi,safety equipment,Is a taxi a safety equipment? Answer only in yes or no.,No,yes,False
tea,drink,Is a tea a drink? Answer only in yes or no.,Yes,yes,True
tea,sea animal,Is a tea a sea animal? Answer only in yes or no.,No,no,True
teacup,container,Is a teacup a container? Answer only in yes or no.,Yes,yes,True
teacup,jewelry,Is a teacup a jewelry? Answer only in yes or no.,No,yes,False
teapot,container,Is a teapot a container? Answer only in yes or no.,Yes,yes,True
teapot,watercraft,Is a teapot a watercraft? Answer only in yes or no.,No,yes,False
teddy_bear,toy,Is a teddy bear a toy? Answer only in yes or no.,Yes,yes,True
teddy_bear,safety equipment,Is a teddy bear a safety equipment? Answer only in yes or no.,No,yes,False
tee,sports equipment,Is a tee a sports equipment? Answer only in yes or no.,Yes,yes,True
tee,scientific equipment,Is a tee a scientific equipment? Answer only in yes or no.,No,yes,False
telescope,scientific equipment,Is a telescope a scientific equipment? Answer only in yes or no.,Yes,yes,True
telescope,home decor,Is a telescope a home decor? Answer only in yes or no.,No,no,True
television,electronic device,Is a television an electronic device? Answer only in yes or no.,Yes,yes,True
television,garden tool,Is a television a garden tool? Answer only in yes or no.,No,no,True
television,home appliance,Is a television a home appliance? Answer only in yes or no.,Yes,yes,True
television,insect,Is a television an insect? Answer only in yes or no.,No,no,True
tennis_ball,sports equipment,Is a tennis ball a sports equipment? Answer only in yes or no.,Yes,yes,True
tennis_ball,office supply,Is a tennis ball an office supply? Answer only in yes or no.,No,yes,False
tent,container,Is a tent a container? Answer only in yes or no.,Yes,yes,True
tent,condiment,Is a tent a condiment? Answer only in yes or no.,No,no,True
terrarium,home decor,Is a terrarium a home decor? Answer only in yes or no.,Yes,yes,True
terrarium,lighting,Is a terrarium a lighting? Answer only in yes or no.,No,no,True
terrarium,container,Is a terrarium a container? Answer only in yes or no.,Yes,yes,True
terrarium,outerwear,Is a terrarium an outerwear? Answer only in yes or no.,No,no,True
test_tube,scientific equipment,Is a test tube a scientific equipment? Answer only in yes or no.,Yes,yes,True
test_tube,breakfast food,Is a test tube a breakfast food? Answer only in yes or no.,No,no,True
test_tube,container,Is a test tube a container? Answer only in yes or no.,Yes,yes,True
test_tube,electronic device,Is a test tube an electronic device? Answer only in yes or no.,No,no,True
thermometer,scientific equipment,Is a thermometer a scientific equipment? Answer only in yes or no.,Yes,yes,True
thermometer,arts and crafts supply,Is a thermometer an arts and crafts supply? Answer only in yes or no.,No,no,True
thermometer,hardware,Is a thermometer a hardware? Answer only in yes or no.,Yes,yes,True
thermometer,breakfast food,Is a thermometer a breakfast food? Answer only in yes or no.,No,no,True
thermos,container,Is a thermos a container? Answer only in yes or no.,Yes,yes,True
thermos,clothing accessory,Is a thermos a clothing accessory? Answer only in yes or no.,No,no,True
thermostat,home appliance,Is a thermostat a home appliance? Answer only in yes or no.,Yes,yes,True
thermostat,headwear,Is a thermostat a headwear? Answer only in yes or no.,No,no,True
thimble,arts and crafts supply,Is a thimble an arts and crafts supply? Answer only in yes or no.,Yes,yes,True
thimble,scientific equipment,Is a thimble a scientific equipment? Answer only in yes or no.,No,yes,False
throne,furniture,Is a throne a furniture? Answer only in yes or no.,Yes,yes,True
throne,clothing accessory,Is a throne a clothing accessory? Answer only in yes or no.,No,yes,False
thumbtack,office supply,Is a thumbtack an office supply? Answer only in yes or no.,Yes,yes,True
thumbtack,school supply,Is a thumbtack a school supply? Answer only in yes or no.,No,yes,False
thumbtack,fastener,Is a thumbtack a fastener? Answer only in yes or no.,Yes,yes,True
thumbtack,women's clothing,Is a thumbtack a women's clothing? Answer only in yes or no.,No,no,True
tiara,headwear,Is a tiara a headwear? Answer only in yes or no.,Yes,yes,True
tiara,kitchen tool,Is a tiara a kitchen tool? Answer only in yes or no.,No,no,True
tiara,women's clothing,Is a tiara a women's clothing? Answer only in yes or no.,Yes,no,False
tiara,fruit,Is a tiara a fruit? Answer only in yes or no.,No,no,True
tiara,clothing,Is a tiara a clothing? Answer only in yes or no.,Yes,no,False
tiara,office supply,Is a tiara an office supply? Answer only in yes or no.,No,no,True
tiara,jewelry,Is a tiara a jewelry? Answer only in yes or no.,Yes,yes,True
tiara,food,Is a tiara a food? Answer only in yes or no.,No,no,True
tie,clothing accessory,Is a tie a clothing accessory? Answer only in yes or no.,Yes,yes,True
tie,jewelry,Is a tie a jewelry? Answer only in yes or no.,No,yes,False
tie,clothing,Is a tie a clothing? Answer only in yes or no.,Yes,yes,True
tie,office supply,Is a tie an office supply? Answer only in yes or no.,No,yes,False
tiger,mammal,Is a tiger a mammal? Answer only in yes or no.,Yes,yes,True
tiger,insect,Is a tiger an insect? Answer only in yes or no.,No,no,True
tiger,animal,Is a tiger an animal? Answer only in yes or no.,Yes,yes,True
tiger,office supply,Is a tiger an office supply? Answer only in yes or no.,No,no,True
timer,scientific equipment,Is a timer a scientific equipment? Answer only in yes or no.,Yes,yes,True
timer,farm animal,Is a timer a farm animal? Answer only in yes or no.,No,no,True
timer,kitchen tool,Is a timer a kitchen tool? Answer only in yes or no.,Yes,yes,True
timer,food,Is a timer a food? Answer only in yes or no.,No,no,True
toad,animal,Is a toad an animal? Answer only in yes or no.,Yes,yes,True
toad,kitchen appliance,Is a toad a kitchen appliance? Answer only in yes or no.,No,no,True
toast,food,Is a toast a food? Answer only in yes or no.,Yes,yes,True
toast,arts and crafts supply,Is a toast an arts and crafts supply? Answer only in yes or no.,No,no,True
toast,breakfast food,Is a toast a breakfast food? Answer only in yes or no.,Yes,no,False
toast,home appliance,Is a toast a home appliance? Answer only in yes or no.,No,yes,False
toaster,kitchen appliance,Is a toaster a kitchen appliance? Answer only in yes or no.,Yes,yes,True
toaster,bird,Is a toaster a bird? Answer only in yes or no.,No,no,True
toaster,electronic device,Is a toaster an electronic device? Answer only in yes or no.,Yes,yes,True
toaster,condiment,Is a toaster a condiment? Answer only in yes or no.,No,no,True
toaster,home appliance,Is a toaster a home appliance? Answer only in yes or no.,Yes,yes,True
toaster,tool,Is a toaster a tool? Answer only in yes or no.,No,yes,False
toaster_oven,kitchen appliance,Is a toaster oven a kitchen appliance? Answer only in yes or no.,Yes,yes,True
toaster_oven,fruit,Is a toaster oven a fruit? Answer only in yes or no.,No,no,True
toaster_oven,electronic device,Is a toaster oven an electronic device? Answer only in yes or no.,Yes,yes,True
toaster_oven,fruit,Is a toaster oven a fruit? Answer only in yes or no.,No,no,True
toaster_oven,home appliance,Is a toaster oven a home appliance? Answer only in yes or no.,Yes,yes,True
toaster_oven,breakfast food,Is a toaster oven a breakfast food? Answer only in yes or no.,No,yes,False
toga,clothing,Is a toga a clothing? Answer only in yes or no.,Yes,yes,True
toga,outerwear,Is a toga an outerwear? Answer only in yes or no.,No,yes,False
toilet_paper,personal hygiene item,Is a toilet paper a personal hygiene item? Answer only in yes or no.,Yes,yes,True
toilet_paper,candy,Is a toilet paper a candy? Answer only in yes or no.,No,no,True
tomato,food,Is a tomato a food? Answer only in yes or no.,Yes,yes,True
tomato,arts and crafts supply,Is a tomato an arts and crafts supply? Answer only in yes or no.,No,yes,False
tomato,vegetable,Is a tomato a vegetable? Answer only in yes or no.,Yes,yes,True
tomato,drink,Is a tomato a drink? Answer only in yes or no.,No,no,True
tomato,fruit,Is a tomato a fruit? Answer only in yes or no.,Yes,yes,True
tomato,fastener,Is a tomato a fastener? Answer only in yes or no.,No,no,True
tomato_sauce,food,Is a tomato sauce a food? Answer only in yes or no.,Yes,yes,True
tomato_sauce,watercraft,Is a tomato sauce a watercraft? Answer only in yes or no.,No,no,True
tongs,tool,Is a tongs a tool? Answer only in yes or no.,Yes,yes,True
tongs,hardware,Is a tongs a hardware? Answer only in yes or no.,No,yes,False
tongs,scientific equipment,Is a tongs a scientific equipment? Answer only in yes or no.,Yes,yes,True
tongs,fastener,Is a tongs a fastener? Answer only in yes or no.,No,yes,False
tongs,kitchen tool,Is a tongs a kitchen tool? Answer only in yes or no.,Yes,yes,True
tongs,school supply,Is a tongs a school supply? Answer only in yes or no.,No,yes,False
tool,tool,Is a tool a tool? Answer only in yes or no.,Yes,yes,True
tool,lighting,Is a tool a lighting? Answer only in yes or no.,No,no,True
tool,hardware,Is a tool a hardware? Answer only in yes or no.,Yes,yes,True
tool,headwear,Is a tool a headwear? Answer only in yes or no.,No,no,True
toolbox,container,Is a toolbox a container? Answer only in yes or no.,Yes,yes,True
toolbox,medical equipment,Is a toolbox a medical equipment? Answer only in yes or no.,No,yes,False
toothbrush,personal hygiene item,Is a toothbrush a personal hygiene item? Answer only in yes or no.,Yes,yes,True
toothbrush,women's clothing,Is a toothbrush a women's clothing? Answer only in yes or no.,No,no,True
toothpaste,personal hygiene item,Is a toothpaste a personal hygiene item? Answer only in yes or no.,Yes,yes,True
toothpaste,fastener,Is a toothpaste a fastener? Answer only in yes or no.,No,no,True
toothpick,personal hygiene item,Is a toothpick a personal hygiene item? Answer only in yes or no.,Yes,yes,True
toothpick,home decor,Is a toothpick a home decor? Answer only in yes or no.,No,yes,False
top_hat,headwear,Is a top hat a headwear? Answer only in yes or no.,Yes,yes,True
top_hat,body part,Is a top hat a body part? Answer only in yes or no.,No,yes,False
top_hat,clothing accessory,Is a top hat a clothing accessory? Answer only in yes or no.,Yes,yes,True
top_hat,weapon,Is a top hat a weapon? Answer only in yes or no.,No,yes,False
top_hat,clothing,Is a top hat a clothing? Answer only in yes or no.,Yes,yes,True
top_hat,footwear,Is a top hat a footwear? Answer only in yes or no.,No,no,True
torch,lighting,Is a torch a lighting? Answer only in yes or no.,Yes,yes,True
torch,jewelry,Is a torch a jewelry? Answer only in yes or no.,No,no,True
torpedo,watercraft,Is a torpedo a watercraft? Answer only in yes or no.,Yes,yes,True
torpedo,furniture,Is a torpedo a furniture? Answer only in yes or no.,No,no,True
torpedo,weapon,Is a torpedo a weapon? Answer only in yes or no.,Yes,yes,True
torpedo,part of car,Is a torpedo a part of car? Answer only in yes or no.,No,no,True
tortilla,food,Is a tortilla a food? Answer only in yes or no.,Yes,yes,True
tortilla,outerwear,Is a tortilla an outerwear? Answer only in yes or no.,No,no,True
tostada,food,Is a tostada a food? Answer only in yes or no.,Yes,yes,True
tostada,container,Is a tostada a container? Answer only in yes or no.,No,yes,False
toucan,bird,Is a toucan a bird? Answer only in yes or no.,Yes,yes,True
toucan,plant,Is a toucan a plant? Answer only in yes or no.,No,no,True
toucan,animal,Is a toucan an animal? Answer only in yes or no.,Yes,yes,True
toucan,school supply,Is a toucan a school supply? Answer only in yes or no.,No,no,True
toy,toy,Is a toy a toy? Answer only in yes or no.,Yes,yes,True
toy,hardware,Is a toy a hardware? Answer only in yes or no.,No,yes,False
tractor,vehicle,Is a tractor a vehicle? Answer only in yes or no.,Yes,yes,True
tractor,plant,Is a tractor a plant? Answer only in yes or no.,No,no,True
train,vehicle,Is a train a vehicle? Answer only in yes or no.,Yes,yes,True
train,footwear,Is a train a footwear? Answer only in yes or no.,No,no,True
train_set,toy,Is a train set a toy? Answer only in yes or no.,Yes,yes,True
train_set,breakfast food,Is a train set a breakfast food? Answer only in yes or no.,No,no,True
trampoline,sports equipment,Is a trampoline a sports equipment? Answer only in yes or no.,Yes,yes,True
trampoline,farm animal,Is a trampoline a farm animal? Answer only in yes or no.,No,no,True
trashcan,container,Is a trashcan a container? Answer only in yes or no.,Yes,yes,True
trashcan,construction equipment,Is a trashcan a construction equipment? Answer only in yes or no.,No,yes,False
treadmill,electronic device,Is a treadmill an electronic device? Answer only in yes or no.,Yes,yes,True
treadmill,clothing accessory,Is a treadmill a clothing accessory? Answer only in yes or no.,No,no,True
treadmill,sports equipment,Is a treadmill a sports equipment? Answer only in yes or no.,Yes,yes,True
treadmill,food,Is a treadmill a food? Answer only in yes or no.,No,no,True
tree,plant,Is a tree a plant? Answer only in yes or no.,Yes,yes,True
tree,sports equipment,Is a tree a sports equipment? Answer only in yes or no.,No,no,True
triangle,musical instrument,Is a triangle a musical instrument? Answer only in yes or no.,Yes,yes,True
triangle,dessert,Is a triangle a dessert? Answer only in yes or no.,No,no,True
tricycle,vehicle,Is a tricycle a vehicle? Answer only in yes or no.,Yes,yes,True
tricycle,women's clothing,Is a tricycle a women's clothing? Answer only in yes or no.,No,no,True
trident,tool,Is a trident a tool? Answer only in yes or no.,Yes,yes,True
trident,insect,Is a trident an insect? Answer only in yes or no.,No,no,True
trident,weapon,Is a trident a weapon? Answer only in yes or no.,Yes,yes,True
trident,dessert,Is a trident a dessert? Answer only in yes or no.,No,no,True
trolley,vehicle,Is a trolley a vehicle? Answer only in yes or no.,Yes,yes,True
trolley,mammal,Is a trolley a mammal? Answer only in yes or no.,No,no,True
trombone,musical instrument,Is a trombone a musical instrument? Answer only in yes or no.,Yes,yes,True
trombone,bird,Is a trombone a bird? Answer only in yes or no.,No,no,True
trowel,tool,Is a trowel a tool? Answer only in yes or no.,Yes,yes,True
trowel,outerwear,Is a trowel an outerwear? Answer only in yes or no.,No,no,True
trowel,construction equipment,Is a trowel a construction equipment? Answer only in yes or no.,Yes,yes,True
trowel,vegetable,Is a trowel a vegetable? Answer only in yes or no.,No,no,True
trowel,garden tool,Is a trowel a garden tool? Answer only in yes or no.,Yes,yes,True
trowel,medical equipment,Is a trowel a medical equipment? Answer only in yes or no.,No,yes,False
trowel,hardware,Is a trowel a hardware? Answer only in yes or no.,Yes,yes,True
trowel,vegetable,Is a trowel a vegetable? Answer only in yes or no.,No,no,True
truck,vehicle,Is a truck a vehicle? Answer only in yes or no.,Yes,yes,True
truck,fruit,Is a truck a fruit? Answer only in yes or no.,No,no,True
trumpet,musical instrument,Is a trumpet a musical instrument? Answer only in yes or no.,Yes,yes,True
trumpet,sea animal,Is a trumpet a sea animal? Answer only in yes or no.,No,no,True
tuba,musical instrument,Is a tuba a musical instrument? Answer only in yes or no.,Yes,yes,True
tuba,farm animal,Is a tuba a farm animal? Answer only in yes or no.,No,no,True
tube_top,women's clothing,Is a tube top a women's clothing? Answer only in yes or no.,Yes,yes,True
tube_top,candy,Is a tube top a candy? Answer only in yes or no.,No,no,True
tube_top,clothing,Is a tube top a clothing? Answer only in yes or no.,Yes,yes,True
tube_top,medical equipment,Is a tube top a medical equipment? Answer only in yes or no.,No,yes,False
tugboat,vehicle,Is a tugboat a vehicle? Answer only in yes or no.,Yes,yes,True
tugboat,bird,Is a tugboat a bird? Answer only in yes or no.,No,no,True
tugboat,watercraft,Is a tugboat a watercraft? Answer only in yes or no.,Yes,yes,True
tugboat,seafood,Is a tugboat a seafood? Answer only in yes or no.,No,no,True
tulip,plant,Is a tulip a plant? Answer only in yes or no.,Yes,yes,True
tulip,footwear,Is a tulip a footwear? Answer only in yes or no.,No,no,True
tumbleweed,plant,Is a tumbleweed a plant? Answer only in yes or no.,Yes,yes,True
tumbleweed,arts and crafts supply,Is a tumbleweed an arts and crafts supply? Answer only in yes or no.,No,no,True
tupperware,container,Is a tupperware a container? Answer only in yes or no.,Yes,yes,True
tupperware,hardware,Is a tupperware a hardware? Answer only in yes or no.,No,yes,False
turban,headwear,Is a turban a headwear? Answer only in yes or no.,Yes,yes,True
turban,protective clothing,Is a turban a protective clothing? Answer only in yes or no.,No,yes,False
turban,clothing,Is a turban a clothing? Answer only in yes or no.,Yes,yes,True
turban,dessert,Is a turban a dessert? Answer only in yes or no.,No,no,True
turkey,bird,Is a turkey a bird? Answer only in yes or no.,Yes,yes,True
turkey,tool,Is a turkey a tool? Answer only in yes or no.,No,yes,False
turkey,food,Is a turkey a food? Answer only in yes or no.,Yes,yes,True
turkey,medical equipment,Is a turkey a medical equipment? Answer only in yes or no.,No,no,True
turkey,animal,Is a turkey an animal? Answer only in yes or no.,Yes,yes,True
turkey,plant,Is a turkey a plant? Answer only in yes or no.,No,no,True
turkey,farm animal,Is a turkey a farm animal? Answer only in yes or no.,Yes,yes,True
turkey,musical instrument,Is a turkey a musical instrument? Answer only in yes or no.,No,no,True
turntable,electronic device,Is a turntable an electronic device? Answer only in yes or no.,Yes,yes,True
turntable,garden tool,Is a turntable a garden tool? Answer only in yes or no.,No,yes,False
turtle,animal,Is a turtle an animal? Answer only in yes or no.,Yes,yes,True
turtle,part of car,Is a turtle a part of car? Answer only in yes or no.,No,no,True
turtle,sea animal,Is a turtle a sea animal? Answer only in yes or no.,Yes,yes,True
turtle,lighting,Is a turtle a lighting? Answer only in yes or no.,No,no,True
turtleneck,clothing,Is a turtleneck a clothing? Answer only in yes or no.,Yes,yes,True
turtleneck,outerwear,Is a turtleneck an outerwear? Answer only in yes or no.,No,yes,False
tuxedo,clothing,Is a tuxedo a clothing? Answer only in yes or no.,Yes,yes,True
tuxedo,breakfast food,Is a tuxedo a breakfast food? Answer only in yes or no.,No,no,True
tweezers,tool,Is a tweezers a tool? Answer only in yes or no.,Yes,yes,True
tweezers,jewelry,Is a tweezers a jewelry? Answer only in yes or no.,No,no,True
tweezers,scientific equipment,Is a tweezers a scientific equipment? Answer only in yes or no.,Yes,yes,True
tweezers,sea animal,Is a tweezers a sea animal? Answer only in yes or no.,No,no,True
tweezers,personal hygiene item,Is a tweezers a personal hygiene item? Answer only in yes or no.,Yes,yes,True
tweezers,protective clothing,Is a tweezers a protective clothing? Answer only in yes or no.,No,no,True
tweezers,medical equipment,Is a tweezers a medical equipment? Answer only in yes or no.,Yes,yes,True
tweezers,part of car,Is a tweezers a part of car? Answer only in yes or no.,No,no,True
tweezers,hardware,Is a tweezers a hardware? Answer only in yes or no.,Yes,yes,True
tweezers,kitchen appliance,Is a tweezers a kitchen appliance? Answer only in yes or no.,No,yes,False
ukulele,musical instrument,Is an ukulele a musical instrument? Answer only in yes or no.,Yes,yes,True
ukulele,clothing accessory,Is an ukulele a clothing accessory? Answer only in yes or no.,No,yes,False
undershirt,clothing,Is an undershirt a clothing? Answer only in yes or no.,Yes,yes,True
undershirt,home appliance,Is an undershirt a home appliance? Answer only in yes or no.,No,yes,False
underwear,clothing,Is an underwear a clothing? Answer only in yes or no.,Yes,yes,True
underwear,farm animal,Is an underwear a farm animal? Answer only in yes or no.,No,no,True
unicycle,vehicle,Is an unicycle a vehicle? Answer only in yes or no.,Yes,yes,True
unicycle,watercraft,Is an unicycle a watercraft? Answer only in yes or no.,No,no,True
uniform,clothing,Is an uniform a clothing? Answer only in yes or no.,Yes,yes,True
uniform,farm animal,Is an uniform a farm animal? Answer only in yes or no.,No,no,True
urn,container,Is an urn a container? Answer only in yes or no.,Yes,yes,True
urn,clothing accessory,Is an urn a clothing accessory? Answer only in yes or no.,No,no,True
vacuum,electronic device,Is a vacuum an electronic device? Answer only in yes or no.,Yes,yes,True
vacuum,jewelry,Is a vacuum a jewelry? Answer only in yes or no.,No,no,True
vacuum,tool,Is a vacuum a tool? Answer only in yes or no.,Yes,yes,True
vacuum,bird,Is a vacuum a bird? Answer only in yes or no.,No,no,True
vacuum,home appliance,Is a vacuum a home appliance? Answer only in yes or no.,Yes,yes,True
vacuum,mammal,Is a vacuum a mammal? Answer only in yes or no.,No,no,True
van,vehicle,Is a van a vehicle? Answer only in yes or no.,Yes,yes,True
van,scientific equipment,Is a van a scientific equipment? Answer only in yes or no.,No,yes,False
vase,home decor,Is a vase a home decor? Answer only in yes or no.,Yes,yes,True
vase,sports equipment,Is a vase a sports equipment? Answer only in yes or no.,No,no,True
vase,container,Is a vase a container? Answer only in yes or no.,Yes,yes,True
vase,arts and crafts supply,Is a vase an arts and crafts supply? Answer only in yes or no.,No,yes,False
vegetable,food,Is a vegetable a food? Answer only in yes or no.,Yes,yes,True
vegetable,bird,Is a vegetable a bird? Answer only in yes or no.,No,no,True
vegetable,vegetable,Is a vegetable a vegetable? Answer only in yes or no.,Yes,yes,True
vegetable,toy,Is a vegetable a toy? Answer only in yes or no.,No,yes,False
vending_machine,electronic device,Is a vending machine an electronic device? Answer only in yes or no.,Yes,yes,True
vending_machine,insect,Is a vending machine an insect? Answer only in yes or no.,No,no,True
vest,clothing,Is a vest a clothing? Answer only in yes or no.,Yes,yes,True
vest,outerwear,Is a vest an outerwear? Answer only in yes or no.,No,yes,False
vial,medical equipment,Is a vial a medical equipment? Answer only in yes or no.,Yes,yes,True
vial,game,Is a vial a game? Answer only in yes or no.,No,yes,False
vial,container,Is a vial a container? Answer only in yes or no.,Yes,yes,True
vial,watercraft,Is a vial a watercraft? Answer only in yes or no.,No,no,True
videogame,game,Is a videogame a game? Answer only in yes or no.,Yes,yes,True
videogame,musical instrument,Is a videogame a musical instrument? Answer only in yes or no.,No,yes,False
violin,musical instrument,Is a violin a musical instrument? Answer only in yes or no.,Yes,yes,True
violin,vehicle,Is a violin a vehicle? Answer only in yes or no.,No,no,True
vise,tool,Is a vise a tool? Answer only in yes or no.,Yes,yes,True
vise,outerwear,Is a vise an outerwear? Answer only in yes or no.,No,no,True
vise,hardware,Is a vise a hardware? Answer only in yes or no.,Yes,yes,True
vise,home appliance,Is a vise a home appliance? Answer only in yes or no.,No,yes,False
visor,clothing accessory,Is a visor a clothing accessory? Answer only in yes or no.,Yes,yes,True
visor,vegetable,Is a visor a vegetable? Answer only in yes or no.,No,no,True
visor,clothing,Is a visor a clothing? Answer only in yes or no.,Yes,yes,True
visor,fruit,Is a visor a fruit? Answer only in yes or no.,No,yes,False
visor,protective clothing,Is a visor a protective clothing? Answer only in yes or no.,Yes,yes,True
visor,kitchen appliance,Is a visor a kitchen appliance? Answer only in yes or no.,No,yes,False
volleyball,sports equipment,Is a volleyball a sports equipment? Answer only in yes or no.,Yes,yes,True
volleyball,container,Is a volleyball a container? Answer only in yes or no.,No,yes,False
vulture,bird,Is a vulture a bird? Answer only in yes or no.,Yes,yes,True
vulture,scientific equipment,Is a vulture a scientific equipment? Answer only in yes or no.,No,no,True
vulture,animal,Is a vulture an animal? Answer only in yes or no.,Yes,yes,True
vulture,personal hygiene item,Is a vulture a personal hygiene item? Answer only in yes or no.,No,no,True
wafer,food,Is a wafer a food? Answer only in yes or no.,Yes,yes,True
wafer,plant,Is a wafer a plant? Answer only in yes or no.,No,no,True
waffle,food,Is a waffle a food? Answer only in yes or no.,Yes,yes,True
waffle,toy,Is a waffle a toy? Answer only in yes or no.,No,yes,False
waffle,breakfast food,Is a waffle a breakfast food? Answer only in yes or no.,Yes,yes,True
waffle,clothing accessory,Is a waffle a clothing accessory? Answer only in yes or no.,No,yes,False
waffle_iron,kitchen appliance,Is a waffle iron a kitchen appliance? Answer only in yes or no.,Yes,yes,True
waffle_iron,furniture,Is a waffle iron a furniture? Answer only in yes or no.,No,yes,False
waffle_iron,electronic device,Is a waffle iron an electronic device? Answer only in yes or no.,Yes,yes,True
waffle_iron,kitchen tool,Is a waffle iron a kitchen tool? Answer only in yes or no.,No,yes,False
waffle_iron,home appliance,Is a waffle iron a home appliance? Answer only in yes or no.,Yes,yes,True
waffle_iron,protective clothing,Is a waffle iron a protective clothing? Answer only in yes or no.,No,no,True
wagon,vehicle,Is a wagon a vehicle? Answer only in yes or no.,Yes,yes,True
wagon,animal,Is a wagon an animal? Answer only in yes or no.,No,no,True
wallet,container,Is a wallet a container? Answer only in yes or no.,Yes,yes,True
wallet,construction equipment,Is a wallet a construction equipment? Answer only in yes or no.,No,no,True
wallpaper,home decor,Is a wallpaper a home decor? Answer only in yes or no.,Yes,yes,True
wallpaper,sea animal,Is a wallpaper a sea animal? Answer only in yes or no.,No,yes,False
walnut,food,Is a walnut a food? Answer only in yes or no.,Yes,yes,True
walnut,drink,Is a walnut a drink? Answer only in yes or no.,No,no,True
walrus,mammal,Is a walrus a mammal? Answer only in yes or no.,Yes,yes,True
walrus,medical equipment,Is a walrus a medical equipment? Answer only in yes or no.,No,no,True
walrus,animal,Is a walrus an animal? Answer only in yes or no.,Yes,yes,True
walrus,footwear,Is a walrus a footwear? Answer only in yes or no.,No,no,True
walrus,sea animal,Is a walrus a sea animal? Answer only in yes or no.,Yes,yes,True
walrus,garden tool,Is a walrus a garden tool? Answer only in yes or no.,No,no,True
warthog,mammal,Is a warthog a mammal? Answer only in yes or no.,Yes,yes,True
warthog,kitchen appliance,Is a warthog a kitchen appliance? Answer only in yes or no.,No,no,True
warthog,animal,Is a warthog an animal? Answer only in yes or no.,Yes,yes,True
warthog,arts and crafts supply,Is a warthog an arts and crafts supply? Answer only in yes or no.,No,no,True
washcloth,personal hygiene item,Is a washcloth a personal hygiene item? Answer only in yes or no.,Yes,yes,True
washcloth,game,Is a washcloth a game? Answer only in yes or no.,No,yes,False
washing_machine,electronic device,Is a washing machine an electronic device? Answer only in yes or no.,Yes,yes,True
washing_machine,candy,Is a washing machine a candy? Answer only in yes or no.,No,no,True
washing_machine,home appliance,Is a washing machine a home appliance? Answer only in yes or no.,Yes,yes,True
washing_machine,watercraft,Is a washing machine a watercraft? Answer only in yes or no.,No,no,True
wasp,insect,Is a wasp an insect? Answer only in yes or no.,Yes,yes,True
wasp,home decor,Is a wasp a home decor? Answer only in yes or no.,No,yes,False
wasp,animal,Is a wasp an animal? Answer only in yes or no.,Yes,yes,True
wasp,kitchen tool,Is a wasp a kitchen tool? Answer only in yes or no.,No,yes,False
watch,clothing accessory,Is a watch a clothing accessory? Answer only in yes or no.,Yes,yes,True
watch,scientific equipment,Is a watch a scientific equipment? Answer only in yes or no.,No,yes,False
watch,jewelry,Is a watch a jewelry? Answer only in yes or no.,Yes,yes,True
watch,kitchen tool,Is a watch a kitchen tool? Answer only in yes or no.,No,yes,False
water_bottle,container,Is a water bottle a container? Answer only in yes or no.,Yes,yes,True
water_bottle,fruit,Is a water bottle a fruit? Answer only in yes or no.,No,no,True
water_cooler,home appliance,Is a water cooler a home appliance? Answer only in yes or no.,Yes,yes,True
water_cooler,personal hygiene item,Is a water cooler a personal hygiene item? Answer only in yes or no.,No,no,True
water_filter,kitchen appliance,Is a water filter a kitchen appliance? Answer only in yes or no.,Yes,yes,True
water_filter,medical equipment,Is a water filter a medical equipment? Answer only in yes or no.,No,yes,False
water_heater,electronic device,Is a water heater an electronic device? Answer only in yes or no.,Yes,yes,True
water_heater,outerwear,Is a water heater an outerwear? Answer only in yes or no.,No,no,True
water_heater,home appliance,Is a water heater a home appliance? Answer only in yes or no.,Yes,yes,True
water_heater,personal hygiene item,Is a water heater a personal hygiene item? Answer only in yes or no.,No,no,True
water_heater,container,Is a water heater a container? Answer only in yes or no.,Yes,yes,True
water_heater,furniture,Is a water heater a furniture? Answer only in yes or no.,No,no,True
watering_can,tool,Is a watering can a tool? Answer only in yes or no.,Yes,yes,True
watering_can,office supply,Is a watering can an office supply? Answer only in yes or no.,No,yes,False
watering_can,garden tool,Is a watering can a garden tool? Answer only in yes or no.,Yes,yes,True
watering_can,protective clothing,Is a watering can a protective clothing? Answer only in yes or no.,No,no,True
watering_can,container,Is a watering can a container? Answer only in yes or no.,Yes,yes,True
watering_can,kitchen tool,Is a watering can a kitchen tool? Answer only in yes or no.,No,yes,False
watermelon,food,Is a watermelon a food? Answer only in yes or no.,Yes,yes,True
watermelon,personal hygiene item,Is a watermelon a personal hygiene item? Answer only in yes or no.,No,no,True
watermelon,fruit,Is a watermelon a fruit? Answer only in yes or no.,Yes,yes,True
watermelon,toy,Is a watermelon a toy? Answer only in yes or no.,No,yes,False
weasel,mammal,Is a weasel a mammal? Answer only in yes or no.,Yes,yes,True
weasel,clothing,Is a weasel a clothing? Answer only in yes or no.,No,no,True
weasel,animal,Is a weasel an animal? Answer only in yes or no.,Yes,yes,True
weasel,sports equipment,Is a weasel a sports equipment? Answer only in yes or no.,No,yes,False
weather_vane,home decor,Is a weather vane a home decor? Answer only in yes or no.,Yes,yes,True
weather_vane,fastener,Is a weather vane a fastener? Answer only in yes or no.,No,yes,False
webcam,electronic device,Is a webcam an electronic device? Answer only in yes or no.,Yes,yes,True
webcam,garden tool,Is a webcam a garden tool? Answer only in yes or no.,No,no,True
wedding_cake,food,Is a wedding cake a food? Answer only in yes or no.,Yes,yes,True
wedding_cake,outerwear,Is a wedding cake an outerwear? Answer only in yes or no.,No,no,True
wedding_cake,dessert,Is a wedding cake a dessert? Answer only in yes or no.,Yes,yes,True
wedding_cake,protective clothing,Is a wedding cake a protective clothing? Answer only in yes or no.,No,no,True
wedge,tool,Is a wedge a tool? Answer only in yes or no.,Yes,yes,True
wedge,fastener,Is a wedge a fastener? Answer only in yes or no.,No,no,True
wedge,hardware,Is a wedge a hardware? Answer only in yes or no.,Yes,yes,True
wedge,drink,Is a wedge a drink? Answer only in yes or no.,No,yes,False
wetsuit,clothing,Is a wetsuit a clothing? Answer only in yes or no.,Yes,yes,True
wetsuit,part of car,Is a wetsuit a part of car? Answer only in yes or no.,No,no,True
wetsuit,protective clothing,Is a wetsuit a protective clothing? Answer only in yes or no.,Yes,yes,True
wetsuit,mammal,Is a wetsuit a mammal? Answer only in yes or no.,No,no,True
wetsuit,sports equipment,Is a wetsuit a sports equipment? Answer only in yes or no.,Yes,yes,True
wetsuit,weapon,Is a wetsuit a weapon? Answer only in yes or no.,No,yes,False
whale,mammal,Is a whale a mammal? Answer only in yes or no.,Yes,yes,True
whale,clothing,Is a whale a clothing? Answer only in yes or no.,No,no,True
whale,animal,Is a whale an animal? Answer only in yes or no.,Yes,yes,True
whale,kitchen appliance,Is a whale a kitchen appliance? Answer only in yes or no.,No,no,True
whale,sea animal,Is a whale a sea animal? Answer only in yes or no.,Yes,yes,True
whale,plant,Is a whale a plant? Answer only in yes or no.,No,no,True
wheel,part of car,Is a wheel a part of car? Answer only in yes or no.,Yes,yes,True
wheel,body part,Is a wheel a body part? Answer only in yes or no.,No,yes,False
wheelbarrow,construction equipment,Is a wheelbarrow a construction equipment? Answer only in yes or no.,Yes,yes,True
wheelbarrow,tool,Is a wheelbarrow a tool? Answer only in yes or no.,No,yes,False
wheelbarrow,container,Is a wheelbarrow a container? Answer only in yes or no.,Yes,yes,True
wheelbarrow,footwear,Is a wheelbarrow a footwear? Answer only in yes or no.,No,no,True
wheelchair,medical equipment,Is a wheelchair a medical equipment? Answer only in yes or no.,Yes,yes,True
wheelchair,sea animal,Is a wheelchair a sea animal? Answer only in yes or no.,No,no,True
wheelchair,vehicle,Is a wheelchair a vehicle? Answer only in yes or no.,Yes,yes,True
wheelchair,jewelry,Is a wheelchair a jewelry? Answer only in yes or no.,No,no,True
whip,weapon,Is a whip a weapon? Answer only in yes or no.,Yes,yes,True
whip,garden tool,Is a whip a garden tool? Answer only in yes or no.,No,yes,False
whipped_cream,food,Is a whipped cream a food? Answer only in yes or no.,Yes,yes,True
whipped_cream,electronic device,Is a whipped cream an electronic device? Answer only in yes or no.,No,no,True
whipped_cream,dessert,Is a whipped cream a dessert? Answer only in yes or no.,Yes,yes,True
whipped_cream,lighting,Is a whipped cream a lighting? Answer only in yes or no.,No,no,True
whisk,kitchen tool,Is a whisk a kitchen tool? Answer only in yes or no.,Yes,yes,True
whisk,construction equipment,Is a whisk a construction equipment? Answer only in yes or no.,No,yes,False
whiteboard,school supply,Is a whiteboard a school supply? Answer only in yes or no.,Yes,yes,True
whiteboard,candy,Is a whiteboard a candy? Answer only in yes or no.,No,no,True
whoopee_cushion,toy,Is a whoopee cushion a toy? Answer only in yes or no.,Yes,yes,True
whoopee_cushion,vehicle,Is a whoopee cushion a vehicle? Answer only in yes or no.,No,no,True
wig,headwear,Is a wig a headwear? Answer only in yes or no.,Yes,yes,True
wig,game,Is a wig a game? Answer only in yes or no.,No,yes,False
wind_chimes,home decor,Is a wind chimes a home decor? Answer only in yes or no.,Yes,yes,True
wind_chimes,clothing,Is a wind chimes a clothing? Answer only in yes or no.,No,no,True
windshield,part of car,Is a windshield a part of car? Answer only in yes or no.,Yes,yes,True
windshield,clothing accessory,Is a windshield a clothing accessory? Answer only in yes or no.,No,yes,False
windshield_wiper,part of car,Is a windshield wiper a part of car? Answer only in yes or no.,Yes,yes,True
windshield_wiper,safety equipment,Is a windshield wiper a safety equipment? Answer only in yes or no.,No,yes,False
wine,drink,Is a wine a drink? Answer only in yes or no.,Yes,yes,True
wine,fruit,Is a wine a fruit? Answer only in yes or no.,No,no,True
wine_bottle,container,Is a wine bottle a container? Answer only in yes or no.,Yes,yes,True
wine_bottle,vegetable,Is a wine bottle a vegetable? Answer only in yes or no.,No,no,True
wine_cooler,home appliance,Is a wine cooler a home appliance? Answer only in yes or no.,Yes,yes,True
wine_cooler,arts and crafts supply,Is a wine cooler an arts and crafts supply? Answer only in yes or no.,No,no,True
wine_cooler,container,Is a wine cooler a container? Answer only in yes or no.,Yes,yes,True
wine_cooler,clothing accessory,Is a wine cooler a clothing accessory? Answer only in yes or no.,No,yes,False
wineglass,container,Is a wineglass a container? Answer only in yes or no.,Yes,yes,True
wineglass,personal hygiene item,Is a wineglass a personal hygiene item? Answer only in yes or no.,No,no,True
wire,arts and crafts supply,Is a wire an arts and crafts supply? Answer only in yes or no.,Yes,yes,True
wire,outerwear,Is a wire an outerwear? Answer only in yes or no.,No,no,True
wire,hardware,Is a wire a hardware? Answer only in yes or no.,Yes,yes,True
wire,garden tool,Is a wire a garden tool? Answer only in yes or no.,No,no,True
wire_cutters,arts and crafts supply,Is a wire cutters an arts and crafts supply? Answer only in yes or no.,Yes,yes,True
wire_cutters,women's clothing,Is a wire cutters a women's clothing? Answer only in yes or no.,No,no,True
wire_cutters,tool,Is a wire cutters a tool? Answer only in yes or no.,Yes,yes,True
wire_cutters,outerwear,Is a wire cutters an outerwear? Answer only in yes or no.,No,no,True
wire_cutters,hardware,Is a wire cutters a hardware? Answer only in yes or no.,Yes,yes,True
wire_cutters,food,Is a wire cutters a food? Answer only in yes or no.,No,no,True
wok,container,Is a wok a container? Answer only in yes or no.,Yes,yes,True
wok,game,Is a wok a game? Answer only in yes or no.,No,yes,False
wolf,mammal,Is a wolf a mammal? Answer only in yes or no.,Yes,yes,True
wolf,electronic device,Is a wolf an electronic device? Answer only in yes or no.,No,no,True
wolf,animal,Is a wolf an animal? Answer only in yes or no.,Yes,yes,True
wolf,watercraft,Is a wolf a watercraft? Answer only in yes or no.,No,no,True
workbench,furniture,Is a workbench a furniture? Answer only in yes or no.,Yes,yes,True
workbench,insect,Is a workbench an insect? Answer only in yes or no.,No,no,True
worm,animal,Is a worm an animal? Answer only in yes or no.,Yes,yes,True
worm,mammal,Is a worm a mammal? Answer only in yes or no.,No,no,True
wrap,food,Is a wrap a food? Answer only in yes or no.,Yes,yes,True
wrap,furniture,Is a wrap a furniture? Answer only in yes or no.,No,yes,False
wrapping_paper,arts and crafts supply,Is a wrapping paper an arts and crafts supply? Answer only in yes or no.,Yes,yes,True
wrapping_paper,drink,Is a wrapping paper a drink? Answer only in yes or no.,No,no,True
wrench,tool,Is a wrench a tool? Answer only in yes or no.,Yes,yes,True
wrench,headwear,Is a wrench a headwear? Answer only in yes or no.,No,no,True
wrench,construction equipment,Is a wrench a construction equipment? Answer only in yes or no.,Yes,yes,True
wrench,farm animal,Is a wrench a farm animal? Answer only in yes or no.,No,no,True
wrench,hardware,Is a wrench a hardware? Answer only in yes or no.,Yes,yes,True
wrench,fastener,Is a wrench a fastener? Answer only in yes or no.,No,yes,False
xylophone,musical instrument,Is a xylophone a musical instrument? Answer only in yes or no.,Yes,yes,True
xylophone,clothing,Is a xylophone a clothing? Answer only in yes or no.,No,no,True
yacht,vehicle,Is a yacht a vehicle? Answer only in yes or no.,Yes,yes,True
yacht,headwear,Is a yacht a headwear? Answer only in yes or no.,No,no,True
yacht,watercraft,Is a yacht a watercraft? Answer only in yes or no.,Yes,yes,True
yacht,fruit,Is a yacht a fruit? Answer only in yes or no.,No,no,True
yak,mammal,Is a yak a mammal? Answer only in yes or no.,Yes,yes,True
yak,kitchen appliance,Is a yak a kitchen appliance? Answer only in yes or no.,No,no,True
yak,animal,Is a yak an animal? Answer only in yes or no.,Yes,yes,True
yak,kitchen tool,Is a yak a kitchen tool? Answer only in yes or no.,No,no,True
yarn,arts and crafts supply,Is a yarn an arts and crafts supply? Answer only in yes or no.,Yes,yes,True
yarn,home decor,Is a yarn a home decor? Answer only in yes or no.,No,yes,False
yo-yo,game,Is a yo-yo a game? Answer only in yes or no.,Yes,yes,True
yo-yo,hardware,Is a yo-yo a hardware? Answer only in yes or no.,No,yes,False
yo-yo,toy,Is a yo-yo a toy? Answer only in yes or no.,Yes,yes,True
yo-yo,personal hygiene item,Is a yo-yo a personal hygiene item? Answer only in yes or no.,No,yes,False
yogurt,food,Is a yogurt a food? Answer only in yes or no.,Yes,yes,True
yogurt,musical instrument,Is a yogurt a musical instrument? Answer only in yes or no.,No,yes,False
yogurt,breakfast food,Is a yogurt a breakfast food? Answer only in yes or no.,Yes,yes,True
yogurt,headwear,Is a yogurt a headwear? Answer only in yes or no.,No,no,True
yolk,food,Is a yolk a food? Answer only in yes or no.,Yes,yes,True
yolk,arts and crafts supply,Is a yolk an arts and crafts supply? Answer only in yes or no.,No,yes,False
zebra,mammal,Is a zebra a mammal? Answer only in yes or no.,Yes,yes,True
zebra,jewelry,Is a zebra a jewelry? Answer only in yes or no.,No,no,True
zebra,animal,Is a zebra an animal? Answer only in yes or no.,Yes,yes,True
zebra,hardware,Is a zebra a hardware? Answer only in yes or no.,No,no,True
zipper,fastener,Is a zipper a fastener? Answer only in yes or no.,Yes,yes,True
zipper,hardware,Is a zipper a hardware? Answer only in yes or no.,No,yes,False
zucchini,food,Is a zucchini a food? Answer only in yes or no.,Yes,yes,True
zucchini,hardware,Is a zucchini a hardware? Answer only in yes or no.,No,no,True
zucchini,vegetable,Is a zucchini a vegetable? Answer only in yes or no.,Yes,yes,True
zucchini,plant,Is a zucchini a plant? Answer only in yes or no.,No,yes,False
