run_name,animal,arts and crafts item,bird,body part,breakfast food,candy,car part,clothing accessory,condiment,construction equipment,container,dessert,drink,electronic device,farm animal,fastener,food,footwear,fruit,furniture,game,garden tool,hardware item,headwear,home appliance,home decor item,insect,item of clothing,kitchen appliance,kitchen tool,mammal,medical equipment,musical,office supply item,outerwear,personal hygiene item,piece of jewelry,piece of women's clothing,plant,protective clothing item,safety equipment,school supply,scientific equipment,sea animal,seafood,source of light,sports equipment,tool,toy,vegetable,vehicle,watercraft,weapon
align-dinov2+1b-things+hyp-abl10-218,1.0,0.9621318373071528,1.0,0.982947344164074,0.9691273758269452,0.9751065643648764,0.9801932367149758,0.973765899454876,1.0,0.964598392137217,0.9888989351014668,0.9750517598343684,0.9937570394207562,0.9749289028588536,0.9787107466111418,0.9677162849872774,0.9568919964681778,0.9928533289522324,0.9821626763913112,0.9876534846303666,0.9846363636363636,0.9699514744307578,0.9534100004212478,0.9847289644012944,0.9782685087573286,0.95998094960907,1.0,0.9968199589820796,0.9501920355771174,0.960771973987833,0.9970215765182002,0.9442969291156776,1.0,0.9851950354609929,0.9559438838296824,0.9840901295480332,0.9926792289365388,0.9752502780867632,0.9873893922534838,0.9779281529588084,0.979979777553084,0.9876048817696416,0.9709837877671332,0.9797222222222224,0.9856636869623884,0.9612142857142856,0.9935754299369296,0.966999299719888,0.9906046107003044,0.9954334090956484,0.9937841530054644,0.9693952932071622,0.948894217958966
align-dinov2+1b-things+hyp-abl10-218-random,0.994419461009548,0.9572098346943716,1.0,0.9649621212121212,0.9793771043771043,0.967035448182434,0.980089355089355,0.9301587301587302,0.9611721611721612,0.9309895833333331,0.9551633191316696,0.9750310816411109,0.9754056795131848,0.98119667714414,0.9857264957264956,0.9619697577947276,0.9427745193874226,0.9651260672625968,0.9643874643874644,1.0,0.9774436090225564,0.9477393925341988,0.9569243029559492,0.9923213831680652,0.9826772814388912,0.95998094960907,0.9931504005977831,0.993619972260749,0.9852842809364548,0.9386428038777032,0.9970215765182002,0.932752613240418,1.0,0.98499820337765,0.968259034649076,0.9682631578947368,0.9551961823966066,0.9813671098084372,0.9873893922534838,0.9851973684210528,0.953653545202841,0.9876048817696416,0.961400606561897,0.984839744329326,0.992787747656018,0.986803732866725,0.9935754299369296,0.9633751070838744,0.9436276642018268,0.9863013698630136,0.9906958514744348,1.0,0.9562020460358056
align-dinov2+1b-things+hyp-abl10-42,0.9972415181717508,0.9762276859413176,1.0,0.982947344164074,0.9691273758269452,0.9579177955842508,0.9850876554884702,0.9780772515896364,0.986553911205074,0.9698863636363636,0.9806192567165488,0.9791828625723418,0.993690441343871,0.9811444652908068,0.9714529914529916,0.9784775233248516,0.9385630350964258,1.0,0.9910813381956556,0.9958822632301356,0.992373990343396,0.9699514744307578,0.94642932824751,0.9923213831680652,0.9782685087573286,0.95998094960907,1.0,0.9968199589820796,0.95703125,0.9776369289643626,1.0,0.966164095371669,0.9955156950672646,0.992548967117298,0.968259034649076,0.9632493143528796,0.9783120160841854,0.9691774891774892,0.9831885286430742,0.9779281529588084,0.973196881091618,0.9877296753083312,0.9565267395054629,0.9899245491350754,0.9716666666666668,0.986803732866725,0.9903769986797712,0.9668040293040292,0.9764269344101276,0.9954334090956484,0.9906563647098084,0.9876420454545456,0.963501705029838
align-dinov2+1b-things+hyp-abl10-42-random,1.0,0.9617800583915774,1.0,0.9649621212121212,0.9587542087542088,0.967035448182434,0.980089355089355,0.9388888888888888,0.986553911205074,0.9397727272727272,0.957435334450415,0.9709042617409152,0.9746239372138652,0.974859287054409,0.949752847625188,0.9675096030729832,0.9333126966929784,1.0,0.9777337951509152,0.991766061263215,0.9532115171650056,0.9319622482039724,0.9635513332704184,0.9772190093034951,0.9783709157846296,0.9636243386243386,0.9863636363636364,0.9904598769462388,0.95703125,0.9220833333333334,1.0,0.9097709209911172,0.9955156950672646,0.9636782809169604,0.9742594190394018,0.9531795946890288,0.9705266829438436,0.9813671098084372,0.9873893922534838,0.97074227921257,0.9601192394456975,0.9937701670873136,0.9660186319609791,0.9849329205366356,0.992787747656018,0.9675173181149276,0.9871508598738592,0.9668040293040292,0.962418442801218,0.9954334090956484,0.987620310852634,0.9683256271161758,0.9232339403642184
align-dinov2+1b-things+hyp-abl10-7,1.0,0.9761520966281714,1.0,0.982947344164074,0.9741935483870968,0.983517724091217,0.9900446775446776,0.9650211992731678,0.986553911205074,0.9290088021431304,0.9917329093799684,0.9750517598343684,0.9937570394207562,0.9715943885963012,0.9928218353750268,0.978609062170706,0.9626397302724208,1.0,0.9955428775182742,0.9958836582928192,1.0,0.9391304347826086,0.9568010936431988,0.9923213831680652,0.974015922158337,0.96,1.0,0.9936596422445478,0.9709714662708232,0.9831879888519284,1.0,0.9439605110336816,0.9955153343388636,0.9779343756881744,0.9613891285591026,0.9632493143528796,0.9926792289365388,0.9875297744150204,0.9957946815089672,0.985013876040703,0.986808442596738,0.9694749694749696,0.9422230374174616,0.9849329205366356,0.978363242968054,0.9741428571428572,0.9871508598738592,0.970385692964311,0.9764269344101276,0.9954334090956484,0.993810155426317,0.9875589875589876,0.9379355371680592
align-dinov2+1b-things+hyp-abl10-7-random,1.0,0.9762276859413176,1.0,0.9459525258673158,0.9487179487179488,0.9512032085561496,0.979968731678718,0.9561969053398058,1.0,0.9259069409818494,0.9806192567165488,0.9708821651103784,0.9810713240316128,0.98119667714414,0.9787107466111418,0.956679470763978,0.9391115926327194,1.0,0.964409996836444,0.9876467896904072,0.9767825250721254,0.9549272116461368,0.9568010936431988,0.9847289644012944,0.9696500064574456,0.9563353445538266,0.9931504005977831,0.9968199589820796,0.9780794619504296,0.9120207010115268,1.0,0.9108750865850844,0.9910312097812096,0.9703900709219858,0.9620762711864408,0.9576842105263156,0.9777485187623436,0.968945183014062,0.9831885286430742,0.9703947368421052,0.9607142857142856,0.9749486125385406,0.9757902746074566,0.9899245491350754,0.9713273739247764,0.9741428571428572,0.971212076884819,0.9769666500833528,0.94375,0.9863013698630136,0.9875683060109288,0.974942396313364,0.9452547452547452
align-dinov2+1b-things+hyp-abl10-local-shuffled-218,1.0,0.9613553113553114,1.0,0.98275643463928,0.9845792563600784,0.992156862745098,0.9860708782742682,0.9847700038654812,0.9585083495543488,0.9628824913996016,0.9598958333333334,0.9793217535153018,0.9791319933427218,0.9832171175009612,0.9667565139263252,0.9834311060237516,0.9694570247525568,1.0,0.9912860576923076,1.0,0.960679131295245,0.975644905605995,0.9309898159728428,0.9842054263565893,0.9774897543052108,0.9884996695307336,1.0,0.990773645293014,0.9850513573000734,0.9654333632057356,0.9968899158118598,0.9544012222352802,1.0,0.9717178209866624,0.9872546346782988,0.959433601224646,0.9707633053221288,0.9751768317095956,0.9957397436594696,0.9857645798255013,0.9624788015828152,0.9576644184794656,0.960536398467433,1.0,0.9856770833333331,0.9872196139801774,0.9927830188679244,0.9515562403697996,0.9633387888707038,0.9953245504795613,0.9873879508025848,0.9942228903233412,0.9684523073116418
align-dinov2+1b-things+hyp-abl10-local-shuffled-42,1.0,0.9469328028900016,0.9953910230660268,0.9482693039178396,0.989707419017764,0.9768297669347143,0.9813899868247696,0.9949238578680204,0.9861694498514496,0.9736429324487644,0.9658022228555144,0.991720735333874,0.9791319933427218,0.9666184373708144,0.9864647351477904,0.9725329462328864,0.9694570247525568,1.0,0.9869170473129194,0.9958326821899256,0.9691080196399344,0.983624031007752,0.959000442282176,0.9842054263565893,0.9684474359751784,0.992331648842402,0.9865612648221344,0.9876623376623376,0.9852355072463768,0.9771428571428572,0.9906208559373116,0.9664746543778802,0.9958507641082558,0.9648660518225736,0.9809785372800326,0.9744350384680318,0.9561449579831932,0.981119945863644,0.9957419050897824,0.9646589397681932,0.9563932002956392,0.9632126348228044,0.9559358288770052,1.0,1.0,0.9741390684786913,0.9746841427237594,0.9576117103235748,0.9862314831888868,1.0,0.9936939754012926,0.9942674972946096,0.9724115546900356
align-dinov2+1b-things+hyp-abl10-local-shuffled-7,1.0,0.9565813841827284,1.0,1.0,0.9845792563600784,0.992156862745098,0.9814647748708276,0.9796907216494846,0.9728479485116652,0.9581803345573234,0.9539254954318176,0.983441470667748,0.9791319933427218,0.9866946778711484,0.9931907688910157,0.9615461247260412,0.9668197323537128,1.0,0.9869406135660006,0.9916666666666668,0.9691080196399344,0.975644905605995,0.9658337019018134,0.9921608233540132,0.9640380583776812,0.9884949380666206,0.9932483418721952,0.9907195666170822,0.9852355072463768,0.9885714285714288,0.9906208559373116,0.9664746543778802,0.9916951469583049,0.948852077884336,0.9809785372800326,0.9592111592111592,0.9782069685501762,0.9812971342383108,1.0,0.992831541218638,0.9749858677218768,0.9756997455470736,0.960536398467433,1.0,0.9856770833333331,0.993572716838826,0.985501066098081,0.9542487718181748,0.9681397947780148,1.0,0.9906034014133728,0.9828024918838292,0.9763655462184874
align-dinov2+1b-things+hyp-abl10-shuffled-218,0.9192186731135406,0.9524673753348888,0.9510786559755632,0.9757264957264956,0.9405263157894737,0.9723173515981736,0.9301207393952344,0.9329440744457622,0.9715277777777778,0.952280701754386,0.8904895104895105,0.9389811320754716,0.9774270777348903,0.9197887037789516,0.9620071684587814,0.9421465761027564,0.8766961675835871,0.9319863552873262,0.9564814814814816,0.934090603833682,0.9778130614632516,0.9656633221850612,0.9201397980441934,1.0,0.960613810741688,0.9251170770158113,0.9804868029167096,0.9275606469002696,0.9653300069706864,0.9602867105772956,0.92681595222862,0.942121212121212,0.9523416129683684,0.9605657500394342,0.9590930711907404,0.9069340947605452,0.96294892846617,0.9037708339289288,0.9716350013379716,0.9294005544005544,0.9512813292030414,0.971869918699187,0.9170892494929006,0.9737160821501276,0.9793134294979312,0.967824967824968,0.9241394927536232,0.9318987902970424,0.9575067053842572,0.9230201823583648,0.9437921176230344,0.9485183547103052,0.9377836334358074
align-dinov2+1b-things+hyp-abl10-shuffled-42,0.8945573615482605,0.9480140061437992,0.9407171775592827,0.9420076778567344,0.9560833423296988,0.944634703196347,0.948868845817608,0.9331818181818182,0.9453879453879456,0.982079482764679,0.8725534332325766,0.9217479674796748,0.9623784628914838,0.9238770685579196,0.9535087719298244,0.9322011688549938,0.834949904726781,0.9548494983277592,0.9565908083345648,0.9296466973886328,0.9710310965630116,0.9831140350877192,0.926060606060606,0.9843628593628594,0.9736662106703148,0.9132438451070148,0.967099567099567,0.9016833862070937,0.9441489361702128,0.9247595977391176,0.9097362265064128,0.959904033588244,0.952215288898706,0.945457378837463,0.9732711732711732,0.9167305058383824,0.9501920355771174,0.9144462048106006,0.957432568101198,0.9379782691413352,0.963034188034188,0.9578048780487805,0.9355846348670324,0.9735689668575576,0.965069294966202,0.9482517482517484,0.890421765566074,0.9056467181467182,0.9477999331625264,0.923070622683621,0.9316040932502032,0.9602400819792124,0.9452692751661824
align-dinov2+1b-things+hyp-abl10-shuffled-7,0.9185435435435436,0.9257007767646066,0.9656936575103396,0.9876682587928788,0.9603508771929824,0.9715041128084608,0.903211484386562,0.9616823282547212,1.0,0.982079482764679,0.9081334432416598,0.9522053982883476,0.9925571504518872,0.9223299974339236,0.9446185997910136,0.9367450731087096,0.8633660235385694,0.9375,0.9564814814814816,0.9517294241640318,0.9404040404040404,0.9744624398872368,0.9550070921985816,1.0,0.9650211992731678,0.9329206963249516,0.9482570806100218,0.937508218049952,0.9716811507341924,0.949921829196795,0.9196293902176256,0.9536969696969696,0.9695915474809946,0.9535219995868622,0.9735221674876848,0.9164278558281492,0.9644228825550838,0.9264129906515336,0.957272421901243,0.9858801108801108,0.9453396524486573,0.9646260172575962,0.9262080054159264,0.9524241403436032,0.9588888888888888,0.9674856761221836,0.9271911174108196,0.9264576802507838,0.9480637510252036,0.9501241254795756,0.9465532454404496,0.9658009166764604,0.9416445623342176
align-dinov2+1b-things+hyp-abl10cat-218,1.0,0.9648344927757816,1.0,0.9852142044736508,1.0,0.9670249145090376,1.0,0.96875,1.0,0.9253968253968254,1.0,1.0,1.0,0.9834967142106672,0.9721062618595826,0.9778674492540964,0.959606046676283,1.0,0.986142033750182,1.0,0.984845423317842,1.0,0.9668560606060606,0.9809469911337484,0.9899434000404286,0.9782507667998884,1.0,1.0,0.9795254237288136,0.982125859333686,1.0,0.9869849888214628,1.0,0.9794963533782854,1.0,0.4975845410628019,0.9842403628117914,1.0,1.0,1.0,0.9823863636363636,0.9935249210599943,1.0,0.4978165938864629,0.9813328966759456,1.0,0.9963219360204284,0.981853281853282,0.9800395256916996,0.995244521560311,0.9933335716328282,1.0,0.9600614439324116
align-dinov2+1b-things+hyp-abl10cat-218-random,0.9864117364117364,0.9382147517077288,1.0,0.9698453608247424,1.0,0.9670249145090376,1.0,0.960730842650668,0.956103678929766,0.9146521393712406,1.0,1.0,1.0,0.990174382579446,0.979032948224219,0.961207556412847,0.9488820241247424,0.9813068651778328,0.9769033895836368,1.0,0.954536269953526,0.4972972972972973,0.9674399674399674,0.9608527131782946,0.9698302001212856,0.9740384615384616,1.0,1.0,0.966029246344207,0.9643459915611814,1.0,0.9345065895210544,0.990693306010929,0.979329479768786,1.0,1.0,1.0,1.0,0.9952296159511091,1.0,0.9651195499296764,0.9805747631799832,1.0,1.0,0.9802460578755848,0.9612772882877828,0.9779906542056076,0.9443881000676132,0.9344728633811604,0.9857944244182326,0.9932937792161094,0.9811872427191936,0.9373086344151867
align-dinov2+1b-things+hyp-abl10cat-42,1.0,0.9648344927757816,1.0,0.9698453608247424,1.0,0.9666666666666668,1.0,0.9766826793328656,1.0,0.9572727272727272,1.0,1.0,0.9929738196464534,0.980156523120928,0.965207100591716,0.9723216197204636,0.9778398945667884,1.0,0.9861811391223156,1.0,0.9773857982813208,0.4972972972972973,0.945974025974026,0.9809469911337484,0.9849109061038795,0.973986511524494,0.994070940674734,1.0,0.966029246344207,0.9466259606274344,1.0,0.9598522167487684,0.9953517132561462,0.9794963533782854,1.0,1.0,0.9920829298855158,1.0,1.0,1.0,0.9734418505033198,0.987012987012987,1.0,1.0,1.0,0.9697699890470974,0.9926635514018692,0.9820395239654984,0.97000297000297,0.9904680120223271,0.9933335716328282,0.993771256066338,0.9421089691133652
align-dinov2+1b-things+hyp-abl10cat-42-random,0.9966871723207872,0.9736258695818364,0.9907190635451504,0.9698453608247424,1.0,0.9333333333333332,1.0,0.9368282518096074,0.9587912087912088,0.8989104287533607,1.0,1.0,0.985886371808702,0.9868233618233616,0.965207100591716,0.977845777233782,0.9402150537634408,1.0,0.9815492021276596,1.0,0.9306803594351734,0.4945652173913043,0.9289032277337156,0.9608527131782946,0.984918529746116,0.9609385143281092,0.988157894736842,1.0,0.9795254237288136,0.9466259606274344,1.0,0.9219099329287768,0.995341382626349,0.9794963533782854,1.0,1.0,0.9920829298855158,1.0,0.9808844256518676,1.0,0.938030984507746,0.9934874371859296,1.0,1.0,0.9813328966759456,0.9691413237924866,0.9782186459489456,0.9637065637065636,0.905660841137576,0.980848861283644,0.9865060415310036,1.0,0.9418966669850062
align-dinov2+1b-things+hyp-abl10cat-7,1.0,0.9692013390722144,1.0,1.0,1.0,0.9753963914707492,1.0,0.960730842650668,0.978749241044323,0.9306922269801208,1.0,0.4976525821596244,1.0,0.980156523120928,0.9721062618595826,0.9668011738811446,0.9707897280712814,1.0,0.9814953738434607,1.0,0.985,0.4945652173913043,0.9502840909090908,0.9809469911337484,0.9849109061038795,0.9782507667998884,0.994070940674734,1.0,0.966029246344207,0.9525280898876404,0.992254833449802,0.967143721023987,1.0,0.98624953857512,1.0,0.4975845410628019,0.9764685965803284,1.0,1.0,1.0,1.0,0.9935249210599943,1.0,1.0,0.9813328966759456,1.0,0.9779906542056076,0.9633221850613156,0.96000396000396,0.9904680120223271,0.9933724235963042,0.993771256066338,0.9329576926750072
align-dinov2+1b-things+hyp-abl10cat-7-random,1.0,0.9693093654091768,0.986056152251743,0.9371643394199785,1.0,0.9751365952483272,1.0,0.9361135758651288,0.978749241044323,0.9254559873116576,1.0,1.0,1.0,0.986874260938116,0.9512899408284023,0.9336510263929618,0.9476881720430108,1.0,0.9815492021276596,1.0,0.9090725399070518,1.0,0.9542857142857144,0.9809469911337484,0.9748515101731328,0.9738703193627634,0.994070940674734,0.4973821989528796,0.9591450216450216,0.9463775780010576,0.9961451137626202,0.9472491909385112,0.985990617569565,0.9863051470588236,1.0,1.0,0.9920829298855158,0.4943820224719101,1.0,0.961512027491409,0.955736417505533,0.9935249210599943,1.0,1.0,0.9066644833797282,0.9923685229220816,0.963317757009346,0.9597936044537988,0.954958749349652,0.9857335646809332,0.9899102835760336,0.9562583860456202,0.9470108695652174
align-dinov2+1b-things+hyp-abl10cat-local-shuffled-218,1.0,0.9450721649484536,1.0,0.9536019536019535,1.0,0.9840799297321036,1.0,1.0,0.978688185392096,0.9669277108433736,0.4921465968586387,1.0,0.9844155844155844,0.9960041810555842,0.9738709677419356,0.9771991190568728,0.9591442491901958,1.0,1.0,1.0,0.958823907868494,1.0,0.9247762671322326,0.9802460578755848,0.9842790469172192,0.9752082909977646,0.9941142250966704,1.0,0.9930109827414064,0.9755770662695458,0.9957185671471386,0.9553793129007152,1.0,0.9870854591836736,1.0,1.0,0.984177940839257,0.4977777777777777,0.9799620132953466,1.0,0.966897233201581,0.993445191078864,0.4943181818181818,1.0,1.0,0.9789269553975436,0.9963109665976944,0.955512158832008,0.9640969564425004,1.0,0.9926672592113768,0.99374106556427,0.9826530612244898
align-dinov2+1b-things+hyp-abl10cat-local-shuffled-42,0.9957028010161766,0.9310887155184902,1.0,1.0,1.0,1.0,0.4954954954954955,0.9911562160202972,0.978688185392096,0.9725167452617668,0.4867724867724867,1.0,1.0,0.984069209263069,0.973529411764706,0.9771991190568728,0.9669562740350376,1.0,0.9905074365704288,0.4976525821596244,0.967405143875732,1.0,0.9334194601210308,1.0,0.9895276535398712,0.9752752820374248,1.0,1.0,0.9930109827414064,0.9755770662695458,0.9957185671471386,0.9491950967360804,0.9957778846667736,0.9674371859296482,1.0,1.0,0.9921246361924329,1.0,0.9899810066476732,1.0,0.9752995391705068,0.9605654761904762,1.0,1.0,0.9813584049278652,0.9930439977809072,0.9814548437332826,0.955512158832008,0.9639316820547694,0.9950356738784086,0.996346949249766,0.99374106556427,0.9739795918367348
align-dinov2+1b-things+hyp-abl10cat-local-shuffled-7,0.9957028010161766,0.940562248995984,1.0,0.9856693903205532,1.0,1.0,1.0,1.0,0.978688185392096,0.9615234433664734,0.4894736842105263,0.4953703703703703,0.9921870375850844,0.995977355977356,0.9803421914816164,0.97716658017644,0.9643025665223725,1.0,0.99047577247191,0.4976525821596244,0.9834668044432964,1.0,0.9453125,1.0,0.979020979020979,0.9917584273458082,1.0,1.0,0.9930109827414064,0.9877757901013716,1.0,0.9613019349032548,0.9957757775599324,0.980679785330948,1.0,1.0,0.984177940839257,1.0,0.9950020134069214,1.0,0.9588325652841784,0.980435585086748,1.0,1.0,0.9813584049278652,0.986153584777438,0.9963109665976944,0.9522379204212555,0.9795047856845608,0.9950356738784086,1.0,0.9937216602720612,0.9607828777531628
align-dinov2+1b-things+hyp-abl10cat-shuffled-218,0.8817660049581998,0.93251716930427,0.9482556278672784,0.9769345238095238,1.0,0.9854128440366972,1.0,0.9646959932754272,1.0,0.9670443286089692,1.0,1.0,0.9688573883161512,0.9230898144925296,0.969797912502776,0.9527777777777776,0.8237925007524594,0.9814471243042672,0.926396788223486,1.0,0.9926032083583746,1.0,0.952513509087932,1.0,0.9494616009752131,0.8936274509803921,0.942388938676226,1.0,0.9618224666142968,0.9601642577682932,0.8687628161312372,0.9723706023208694,0.9378779549202858,0.9218442932728648,1.0,1.0,0.9603152265690964,0.4975609756097561,0.95236013986014,0.9819245082402976,0.9769623169326972,0.9599869876382564,1.0,1.0,0.9792393290151138,0.9481481481481482,0.8738486183420104,0.9216668060850132,0.953626448356132,0.93632983815312,0.9029472139202944,0.9634093219108464,0.91992891596852
align-dinov2+1b-things+hyp-abl10cat-shuffled-42,0.912006812375816,0.8967565098218364,0.963700515891048,0.9883184173339614,1.0,0.9433962264150944,1.0,0.9823479966377135,1.0,0.9600313479623824,1.0,1.0,0.9847368421052632,0.9149940054917431,0.977402381611742,0.946747415683408,0.8397652900022569,0.9822660098522168,0.9449035812672176,1.0,0.9705828277256848,1.0,0.93131695899915,1.0,0.9949565349621106,0.92353770260747,0.9595829991980752,1.0,0.949096622152396,0.9772256728778468,0.8944117771479335,0.9862536656891496,0.955696698815965,0.9289027833803952,1.0,1.0,0.9677345537757438,1.0,0.9428321678321678,1.0,0.9769623169326972,0.9073446327683616,1.0,1.0,0.957074175824176,0.9613911444767886,0.8911111111111112,0.9194608608042856,0.9380892520427404,0.9316102673416822,0.93708746920277,0.9454053078172956,0.910824223613077
align-dinov2+1b-things+hyp-abl10cat-shuffled-7,0.9170346581025024,0.9373465346534652,0.9585470085470086,0.9883184173339614,1.0,0.9422657952069716,1.0,0.9823479966377135,1.0,0.9669589254092342,1.0,1.0,0.9845875850340136,0.8988023874901703,0.984898956251388,0.9587878787878787,0.8184418037877246,0.9443413729128014,0.9582621893378864,1.0,0.9698738467331952,1.0,0.91243961352657,0.982409460458241,0.9596757852077,0.9370101596516692,0.9532467532467532,1.0,0.9551477277221848,0.9659046881053855,0.8862896061593131,0.9657142857142856,0.946836038579158,0.9146833400564744,1.0,1.0,0.9347222222222222,1.0,0.9573506075690716,0.962936046511628,0.9694055944055944,0.9665237803633396,1.0,1.0,0.9141483516483516,0.9544592030360532,0.9084568439407148,0.8996898623764296,0.9330159809588576,0.915824536922419,0.9427235351347958,0.9635416666666669,0.9363030168664837
align-dinov2+1b-things+hyp-abl20cat-218,1.0,0.977844148791746,1.0,0.954097863960006,1.0,0.9652147610405324,1.0,0.9624115566037736,1.0,0.4924242424242424,1.0,0.976911976911977,0.9619443002940667,0.9851346458043492,0.9618163054695562,1.0,0.960344827586207,1.0,0.9835251262521733,1.0,0.9896254798215582,0.9696842105263156,1.0,1.0,0.9808768483860208,1.0,1.0,1.0,0.976910780889231,0.968944099378882,1.0,1.0,1.0,0.4964539007092198,0.9692412850307588,1.0,0.9898280948021564,0.9849615558570782,1.0,0.495575221238938,0.9753968253968254,0.9841854752034392,1.0,1.0,1.0,1.0,1.0,0.496,1.0,0.9943394608193488,1.0,1.0,0.9759154929577464
align-dinov2+1b-things+hyp-abl20cat-218-random,1.0,0.9480547825612484,1.0,0.9155518394648828,1.0,0.9652147610405324,0.972495446265938,0.9430697674418604,1.0,0.4962406015037593,0.9608815426997246,0.9656119402985076,0.9695220503347955,0.9852716252195096,0.9795974634684312,1.0,0.926431433841904,0.9342751842751842,0.9837263186588524,1.0,0.979330301777594,0.9696842105263156,1.0,0.9745305417655946,0.9936725159106794,1.0,1.0,0.9947976162622664,0.9846117424242424,0.9678571428571427,1.0,1.0,1.0,1.0,0.949270460914098,1.0,0.9696325539022168,0.9849615558570782,0.9883258817685048,1.0,0.937942079273989,0.9835279066048296,1.0,1.0,1.0,0.9758064516129032,1.0,1.0,1.0,0.97125685915861,1.0,1.0,0.9141073478760048
align-dinov2+1b-things+hyp-abl20cat-42,1.0,0.977844148791746,1.0,0.954097863960006,1.0,0.9739051508963013,1.0,0.943440168570478,1.0,1.0,0.9887344503681136,0.9651120533010298,0.9695220503347955,0.9950905417398366,0.9618163054695562,1.0,0.9612563607650464,0.9893053473263368,0.9836281365693132,0.9874401913875598,0.9896254798215582,1.0,0.4928571428571429,0.9914954954954956,0.9936725159106794,0.4968553459119497,1.0,1.0,0.976910780889231,0.9699197860962568,0.4965986394557823,1.0,1.0,1.0,0.9592074592074592,1.0,1.0,0.9849615558570782,1.0,1.0,0.9753968253968254,0.9841854752034392,1.0,1.0,1.0,1.0,1.0,0.496,1.0,0.9943394608193488,1.0,1.0,0.976010101010101
align-dinov2+1b-things+hyp-abl20cat-42-random,0.9880150173276858,0.985178727114211,0.9795458993932276,0.9398809523809524,1.0,0.9738814444696796,0.9795254237288136,0.9495623794689216,1.0,1.0,0.9397733441910968,0.9285359801488834,1.0,0.9704074664238562,0.9805006587615284,1.0,0.9612563607650464,0.9561834561834562,0.9782370953630796,0.9681141815973276,0.9791666666666666,1.0,1.0,0.9914954954954956,0.9937168949771688,1.0,0.4958677685950413,0.9948721427117956,0.9846117424242424,0.9847224579867596,0.4965986394557823,1.0,0.4957983193277311,1.0,0.9692412850307588,1.0,1.0,0.9849615558570782,0.9882426516572858,1.0,0.9627652475643936,1.0,1.0,0.4969325153374233,0.4964028776978417,0.9749461206896552,1.0,1.0,1.0,0.9943394608193488,1.0,0.8665254237288136,0.9395332390381896
align-dinov2+1b-things+hyp-abl20cat-7,1.0,0.9704283539899978,1.0,0.9846992879866688,1.0,0.9826073805202662,1.0,0.955720930232558,1.0,1.0,1.0,0.976911976911977,0.9619443002940667,0.9901358221412856,0.9618163054695562,1.0,0.9694593136644674,1.0,0.9891185476815398,1.0,1.0,0.9696842105263156,0.4964539007092198,0.9914954954954956,0.98729877418402,1.0,1.0,1.0,0.976910780889231,0.9699197860962568,1.0,1.0,1.0,0.4964539007092198,0.9296583405110536,0.4962962962962963,1.0,0.9849615558570782,0.9941423897803396,1.0,0.9627652475643936,0.9525564256103178,1.0,1.0,1.0,1.0,1.0,0.496,1.0,0.9943394608193488,1.0,1.0,0.9640151515151516
align-dinov2+1b-things+hyp-abl20cat-7-random,0.9940483304252216,0.9777959183673468,0.9898247322297956,0.9688271604938272,0.4961832061068702,0.9739051508963013,1.0,0.9360806136261092,1.0,1.0,0.9650819672131148,0.976911976911977,1.0,0.9901358221412856,0.9618163054695562,1.0,0.9297752565336942,1.0,0.994542712189771,0.9875625164516978,0.969309462915601,1.0,1.0,0.9914954954954956,0.98729877418402,1.0,1.0,0.9898168103448276,1.0,0.968944099378882,1.0,1.0,1.0,1.0,0.9394230769230768,1.0,0.9898280948021564,0.962371979856278,0.9580557768924304,1.0,0.9498922413793104,0.9835279066048296,1.0,1.0,1.0,0.9627652475643936,1.0,1.0,1.0,0.9943394608193488,1.0,0.4836065573770491,0.9454584115958464
align-dinov2+1b-things+hyp-abl20cat-local-shuffled-218,1.0,0.9924028776978416,1.0,0.9510179399314654,1.0,0.9815753887762,0.9941158146135474,0.9851923076923076,1.0,1.0,0.9550385728061715,0.9625658440065242,0.9827380952380952,0.98232208302393,1.0,1.0,0.9412140065406396,1.0,0.994086707541004,1.0,0.9677898343803542,1.0,1.0,0.9841523341523342,0.987878787878788,1.0,1.0,0.9901090342679127,0.9831649831649832,0.9508095921295348,1.0,1.0,1.0,1.0,0.9693617021276596,1.0,0.9817870485678704,0.9576119402985076,0.9940493422110714,0.4972375690607735,1.0,1.0,1.0,1.0,1.0,1.0,0.4960629921259842,1.0,0.4964028776978417,1.0,1.0,1.0,1.0
align-dinov2+1b-things+hyp-abl20cat-local-shuffled-42,1.0,0.9924028776978416,1.0,0.9678571428571427,1.0,0.9815254237288136,0.9941158146135474,0.977671451355662,1.0,1.0,0.9778957723442334,0.9732613171475172,0.9740897922716104,0.9941073610079768,1.0,1.0,0.9687883792825986,1.0,1.0,1.0,1.0,1.0,1.0,0.9920941349512776,0.987878787878788,1.0,1.0,0.9950207143510592,0.9915960501435674,0.9836031973765116,1.0,0.4961240310077519,1.0,1.0,0.9693617021276596,1.0,0.9908515130190008,0.9647029579915486,0.9940493422110714,1.0,1.0,1.0,1.0,1.0,1.0,0.9886976886264128,0.492063492063492,1.0,1.0,1.0,1.0,1.0,1.0
align-dinov2+1b-things+hyp-abl20cat-local-shuffled-7,1.0,0.9924028776978416,1.0,0.9687981510015408,1.0,0.9907760006769908,0.9941158146135474,0.9851923076923076,1.0,1.0,0.964435545385202,0.968,0.9827380952380952,1.0,1.0,1.0,0.9644990366088632,1.0,0.982260122623012,1.0,0.9892632781267848,1.0,1.0,0.9920941349512776,0.987878787878788,1.0,1.0,1.0,0.9831649831649832,0.9840985887497516,0.4961240310077519,1.0,1.0,0.4962962962962963,0.9897872340425532,1.0,0.9817870485678704,0.957670906200318,0.9940493422110714,1.0,1.0,1.0,1.0,1.0,1.0,0.9771604938271604,0.492063492063492,0.4965034965034965,1.0,1.0,1.0,1.0,0.987205651491366
align-dinov2+1b-things+hyp-abl20cat-shuffled-218,0.9493156544054748,0.9626345435279684,0.9528188059080508,0.9865612648221344,1.0,0.9321987622861304,0.9715089034676664,0.9202861522738884,1.0,1.0,0.8517822464449039,0.9130636913063692,0.9722198405213068,0.9088180112570357,0.9791089856531588,1.0,0.8101053639846743,0.9664765452217436,0.915134992524844,0.9151515151515152,0.9804029304029304,1.0,1.0,0.8876476630713919,0.9523056653491436,1.0,1.0,0.8865248226950355,0.9012321144674086,0.9867635189669088,1.0,1.0,1.0,1.0,0.9575883575883576,1.0,0.9530067702110712,0.9057725400219012,0.9604321907600596,1.0,0.9762032085561496,0.9825494786124708,1.0,1.0,1.0,0.977377461248429,1.0,1.0,1.0,0.8871527777777778,1.0,1.0,0.9337876638876396
align-dinov2+1b-things+hyp-abl20cat-shuffled-42,0.9587539157674904,0.902979671400724,0.9733421095935496,0.9722946544980444,1.0,0.9517687861271676,0.9572633552014996,0.9482145397638356,1.0,1.0,0.8377070063694267,0.9174653215636824,0.9722198405213068,0.8835202761000862,0.9791089856531588,1.0,0.8254649499284692,0.9333333333333332,0.9497177594442032,0.9317278163892032,0.9900677619975864,1.0,1.0,0.9756002342377512,0.9581309275965764,1.0,1.0,0.8932197513743747,0.9506822128504092,0.9867635189669088,1.0,1.0,1.0,1.0,0.9466694551918854,1.0,0.9907079297582486,0.8906372934697089,0.9472429210134128,1.0,1.0,1.0,1.0,1.0,1.0,0.96698930208864,1.0,1.0,1.0,0.9052899424132852,1.0,1.0,0.9460947988021068
align-dinov2+1b-things+hyp-abl20cat-shuffled-7,0.9587539157674904,0.9402852049910874,0.918796992481203,0.9865612648221344,1.0,0.9513003688658542,0.9430178069353328,0.9027571325821148,1.0,1.0,0.8212513758360851,0.9225031081641112,0.98147512864494,0.9344892588514156,0.959313725490196,1.0,0.7810501127421656,0.9888255150739146,0.9085524757166548,0.9001949317738791,0.9800373134328356,1.0,1.0,0.9675324675324676,0.9646668401874025,1.0,1.0,0.9066310975609756,0.9506822128504092,0.9865551729791768,1.0,1.0,1.0,1.0,1.0,1.0,0.8890977443609023,0.9133056133056132,0.9611842105263158,1.0,1.0,1.0,1.0,1.0,1.0,0.977796052631579,1.0,1.0,1.0,0.9060548898748638,1.0,0.9409961685823754,0.9011363636363636
align-dinov2+1b-things+hyp-abl30-218,1.0,0.9381210266070168,1.0,0.9816637714726888,0.972027972027972,0.9841011743450768,0.9925335988053758,0.9578125,1.0,0.9707792207792209,0.9768168832917036,0.9580778196162812,0.9903573888421212,0.9748883254859352,1.0,0.975229190698804,0.9920051353874884,1.0,0.9850877192982456,0.9824465355004276,1.0,0.9384920634920636,0.956634669678148,0.9456654456654456,0.980221210149642,0.9668011738811446,1.0,0.988371019843101,0.9514713474445018,0.9844155844155844,1.0,0.978400851797394,1.0,0.9698613622664256,0.9456148946594808,0.9843825665859564,1.0,0.9900220750551876,0.987450980392157,0.979728317659352,0.9671794871794872,0.9724994455533378,0.975414522584334,0.9889784199314624,0.9869281045751634,1.0,0.9888593858231356,0.9686813186813188,0.9810239885427856,1.0,1.0,1.0,0.9422021704670164
align-dinov2+1b-things+hyp-abl30-218-random,1.0,0.9654797370785454,0.9934595819262172,0.9314574314574314,0.944055944055944,1.0,0.985046521931768,0.9004542761208769,1.0,0.9561688311688312,0.9193548387096776,0.9760401721664276,0.952542372881356,0.980030721966206,1.0,0.9833943833943836,0.9877910214993872,1.0,0.970273224043716,0.9824465355004276,0.9146881287726358,0.9837781266352694,0.9452991452991452,0.9855449082345298,0.9933979064413848,0.9391968239425867,0.957516339869281,0.9941470212518873,1.0,0.9384902143522832,1.0,0.9429375125577656,0.9870064967516242,0.9846602239607302,0.9560917721518988,0.9532608695652174,0.987468671679198,1.0,0.9685423302268884,0.979728317659352,0.945793337097685,0.9907123061942926,0.967091836734694,0.9889784199314624,1.0,0.9674695026587424,0.9832392531480676,0.9417065373640284,0.9558631082206448,0.9733143568760008,0.9722679640718564,0.9869689154336908,0.942370820668693
align-dinov2+1b-things+hyp-abl30-42,0.99544315333789,0.9654797370785454,1.0,0.9824884792626728,0.95119825708061,0.9835298521429908,0.9551395657953036,0.971875,0.9414858645627876,0.9703703703703704,0.9813578687834504,0.9700555854402008,0.9903573888421212,0.9698025551684089,1.0,0.9667887667887668,0.9590555887627016,0.9870695342393456,0.9925565103168956,1.0,1.0,0.9681506849315068,0.9402427637721756,0.9721875,0.9867849069727004,0.9502519468621164,1.0,0.9942232308644524,0.9831752282083408,0.9844155844155844,1.0,0.978488107862445,0.9934932221063608,0.9698613622664256,0.9456148946594808,0.9687651331719128,0.9751828631138976,0.9801754385964913,0.987450980392157,0.979728317659352,0.956442831215971,0.963095238095238,0.9430535410228922,0.9669352597943872,0.96078431372549,0.9784679089026916,0.9833376500043168,0.9417065373640284,0.9620826709062004,0.993325917686318,0.9954219413192964,1.0,0.9616318601262748
align-dinov2+1b-things+hyp-abl30-42-random,0.9953882935472518,0.9039473684210526,1.0,0.9474654377880184,0.9789381307591049,0.9676470588235294,1.0,0.936616618574852,1.0,0.933575931525806,0.9467678234127912,0.9520940906483076,0.9903573888421212,0.9900153609831028,1.0,0.9746505125815472,0.9794020582906716,0.9867478025693036,0.9775910364145658,0.9707442258340462,0.957936507936508,0.8596014492753623,0.9399710087258052,1.0,0.9868055555555556,0.93910756338502,0.9784679089026916,0.9824410637556612,0.9514713474445018,0.9458477407255466,0.9951472519644724,0.9572031344183244,0.9803419162431216,0.9698613622664256,0.9776209677419356,0.9375302663438256,0.9872053872053872,1.0,0.9686015934691314,1.0,0.924722751204212,0.9724994455533378,0.9502314814814814,0.9777153558052434,0.986570111915734,0.9891565008862476,0.9667699724517906,0.9740289781927534,0.9119183285849952,0.9933306655995732,0.9954219413192964,1.0,0.9553942327082072
align-dinov2+1b-things+hyp-abl30-7,1.0,0.9722697056030388,1.0,0.9816637714726888,0.9719571567672832,1.0,0.9850861688024746,0.9717813051146384,0.9414858645627876,0.9780119102153,0.9906789343917252,0.9880028735632184,1.0,0.9698025551684089,1.0,0.9749493461042548,0.9757285853485692,1.0,0.9925565103168956,1.0,0.989683698296837,1.0,0.951513791071579,0.9859199493750987,0.9868055555555556,0.9723216197204636,1.0,0.988371019843101,0.9514713474445018,0.9764271682838264,1.0,0.9567073170731708,0.9934714375392342,0.955562138942379,0.9353146853146852,0.9766035910767183,0.962406015037594,0.9900220750551876,0.9937301618401976,1.0,0.9340357306459002,0.9815476190476192,0.983545918367347,0.9781891495601174,0.9741902834008096,0.9784679089026916,0.9889233241505968,0.9740289781927534,0.9747217806041336,1.0,1.0,0.9869689154336908,0.9552932616516432
align-dinov2+1b-things+hyp-abl30-7-random,1.0,0.951543312313309,1.0,0.9036315682694258,0.9371331554693184,0.9676470588235294,0.985046521931768,0.9435626102292768,1.0,0.9348580045237496,0.9518753104818678,0.9461000537923614,1.0,0.9748883254859352,0.9468531468531468,0.9572192513368984,0.9585489092614444,0.9591836734693876,0.9776695309506868,0.9824465355004276,0.9477678131467429,0.9681506849315068,0.9508853707756588,0.9859199493750987,0.980221210149642,0.9502215431627196,1.0,0.9885204081632653,1.0,0.9228070175438596,1.0,0.9211230621622986,0.9934714375392342,0.96875,0.943488443132064,0.9455269349098148,0.9751828631138976,0.9898827110752976,0.9937301618401976,0.9784874695054336,0.9340357306459002,1.0,0.9250242169841782,0.9781891495601174,0.9741902834008096,0.989308111442377,0.9834311060237516,0.9632791759583732,0.9116666666666666,0.9799777530589544,0.9768140429925842,1.0,0.9618725868725868
align-dinov2+1b-things+hyp-abl30-local-shuffled-218,0.9953806378885716,0.9448327980351408,1.0,1.0,0.965279440639816,0.97212441314554,0.9861111111111112,0.9919670972302552,0.8931506849315068,0.9475103846361332,0.9412530210076222,0.9817066369213608,0.9805585012371862,0.9891782025928368,1.0,0.9822188449848024,0.9820651284568812,1.0,1.0,1.0,0.9697746354396818,1.0,0.9373276776246025,0.9714115544967242,0.9707639778062314,0.9943135924525864,1.0,0.9834388388004348,1.0,0.9738089862271392,0.9889658848614072,0.9544534412955464,0.9882844614963004,0.9455128205128204,0.9783509036144578,0.9496019875272524,0.9729577464788732,1.0,0.993738014167743,0.98107767165255,0.978968253968254,0.9643738010413812,0.9683720930232558,1.0,0.9867284337047704,1.0,0.9737160821501276,0.9546181666434832,0.979557780559032,0.9926442953020134,1.0,1.0,0.9710363301523522
align-dinov2+1b-things+hyp-abl30-local-shuffled-42,1.0,0.951543312313309,1.0,1.0,0.9791156560564598,1.0,0.9860531309297912,0.9919815254346014,0.9410430839002268,0.939433551198257,0.9507753310203216,0.9878030641082848,0.9805585012371862,0.9892349726775956,1.0,1.0,0.9866409887618536,1.0,0.9931157214442936,0.9932820216221026,0.97999297999298,1.0,0.9424481449021326,1.0,0.9780835066389376,0.9943135924525864,1.0,0.9888917481557729,0.9671052631578948,0.9825721153846154,0.9944612420731544,0.9621318373071528,0.9941448382126348,0.9455128205128204,0.9783509036144578,0.9356981132075473,0.9729577464788732,0.9902658486707568,0.993738014167743,0.98107767165255,0.9360160965794768,0.9643738010413812,0.9920593215390904,0.9882996172772008,0.9503047351148616,0.990033769870686,0.9894573643410852,0.9546181666434832,0.9727575982209044,0.9926442953020134,1.0,0.9878035008469792,0.9768158670597696
align-dinov2+1b-things+hyp-abl30-local-shuffled-7,0.995324031007752,0.9585227272727272,1.0,1.0,0.9721153846153846,0.9587494572297004,0.9861111111111112,0.9919815254346014,0.8266666666666667,0.932088377395364,0.9165639852138708,0.9878030641082848,0.9805585012371862,0.9891782025928368,1.0,0.9734191594093148,0.9692487754823916,1.0,0.9931157214442936,0.986541889483066,0.9802631578947368,0.9676601141407736,0.9260351855824932,0.9705159705159704,0.9853944562899788,0.988623141564318,1.0,0.9944796129334784,0.9832185126302774,0.9739032620922384,0.9944612420731544,0.9772791023842916,0.9941448382126348,0.9205194805194804,0.9783509036144578,0.9076769192298076,0.9599499374217773,0.9904009034443816,0.987468671679198,0.9611111111111112,0.9682349415642793,0.9551693220222084,0.9606276417115396,1.0,0.9870904883692608,1.0,0.9894573643410852,0.9681179652735364,0.965961191126754,1.0,0.9951409135082604,0.9878035008469792,0.9652889245585876
align-dinov2+1b-things+hyp-abl30-shuffled-218,0.928515471993733,0.9390216360269208,0.9671122994652406,0.9723173515981736,0.9183933018917916,0.986243386243386,0.9586187214611872,0.967899332306112,1.0,0.9713870469615768,0.8738132911392404,0.9493346160012828,0.9656119402985076,0.9172218857258227,1.0,0.9421677267064454,0.8306372175679106,0.9454094292803972,0.9216610662520688,0.9547094687072292,0.9706678306416412,1.0,0.963738047988454,1.0,0.9552323923581408,0.957315486149842,0.9554307116104868,0.9494396056422468,0.9401858304297328,0.9701226309921962,0.9464807852965748,0.9534495106230604,0.966991341991342,0.8863636363636365,0.9764082811747712,0.957575158227848,0.9479518072289156,0.9639953542392566,0.9720787913558998,0.9842555105713,0.9709788057338844,0.9140774836977368,0.907859078590786,0.9797008547008548,0.9645933014354068,0.9313666465984348,0.9298452266812766,0.8911383511749589,0.966864165020847,0.9457875457875458,0.9619047619047618,0.9653738171987106,0.9712935927298972
align-dinov2+1b-things+hyp-abl30-shuffled-42,0.9268493958149132,0.9522097310090574,0.926342404684277,1.0,0.9704079475797928,0.986243386243386,0.9448249619482496,0.951848998459168,1.0,0.9904623489871924,0.8934749215254124,0.9493346160012828,0.9544592030360532,0.9272017045454546,1.0,0.9421677267064454,0.8556789527335158,0.9595029912563277,0.9137826350941104,0.9545889300120596,0.960660344221988,1.0,0.9634212920837124,0.9715041128084608,0.9871437929905011,0.957315486149842,0.988732127639428,0.9397329302091206,0.9689759036144578,0.977580726116781,0.929737140446624,0.9534495106230604,0.9451570366818508,0.9446153846153846,0.9654726952436876,0.9432539682539682,0.924015009380863,0.9635615633264768,0.9719662058371736,0.9545388945013712,1.0,0.94581519109821,0.9377289377289376,0.9697746354396818,0.9645933014354068,0.9521289997480472,0.9009054325955734,0.8946028894378322,0.9403030968592136,0.9186813186813187,0.942414004914005,0.9533221194280908,0.9598110298218564
align-dinov2+1b-things+hyp-abl30-shuffled-7,0.9300565296541152,0.9726327312534208,0.9425425425425424,0.9600987248046072,0.9550802139037432,0.923695652173913,0.931031202435312,0.9517498713329902,0.8974619289340102,0.9904449904449903,0.9052373264449468,0.9619704749679076,0.9296875,0.948513160538477,1.0,0.9580977718656468,0.8787703202961532,0.9865009970854426,0.9499874213836478,0.9222591362126246,0.960660344221988,1.0,0.9379629629629628,1.0,0.9616574405731032,0.9390153205414248,0.9563782991202344,0.943627450980392,0.9663398692810458,0.9552139037433156,0.951677535947199,0.9375150204277818,0.9451570366818508,0.943181818181818,0.9764082811747712,0.9360496894409938,0.9358288770053476,0.9552508119812342,0.9859831029185868,1.0,0.9706901145750066,0.9690693178679922,0.9291297550807712,0.9294741493592577,0.9645933014354068,0.9701960784313726,0.9113610798650168,0.9195370421727956,0.9336322081575246,0.9323830409356726,0.9718489602882666,0.9645933014354068,0.9713687379339682
align-dinov2+1b-things+hyp-abl30cat-218,1.0,1.0,1.0,1.0,1.0,1.0,1.0,1.0,1.0,1.0,1.0,1.0,1.0,0.984845423317842,1.0,0.4893617021276595,1.0,1.0,1.0,0.9918954248366012,1.0,1.0,0.9334543254688444,0.9840985442329226,1.0,1.0,1.0,0.9741413782378816,1.0,1.0,1.0,0.967476002258611,0.9914656771799628,1.0,1.0,1.0,0.9843014128728416,1.0,1.0,1.0,1.0,1.0,1.0,0.4947368421052631,1.0,1.0,1.0,1.0,0.9793040293040294,1.0,0.9818946831569552,0.9686606878880456,0.980952380952381
align-dinov2+1b-things+hyp-abl30cat-218-random,1.0,1.0,1.0,1.0,1.0,0.4912280701754385,0.9791013584117032,1.0,1.0,1.0,0.4952380952380952,1.0,0.9899507587177168,0.9924619327604404,1.0,1.0,0.4933333333333333,0.9845419413503068,0.4939759036144578,0.9668378262729996,0.4943820224719101,1.0,0.9339566000514624,0.9837342497136312,1.0,1.0,1.0,0.9821691176470588,1.0,1.0,1.0,0.9333333333333332,0.9463333333333332,1.0,0.4936708860759494,0.9898436722094992,0.9843014128728416,1.0,0.9480448455017774,1.0,1.0,1.0,1.0,1.0,1.0,0.9859043081199126,1.0,1.0,0.9346064814814814,1.0,0.9009486607142856,0.9892571196919024,0.8260329294812053
align-dinov2+1b-things+hyp-abl30cat-42,1.0,1.0,1.0,1.0,1.0,1.0,1.0,0.4945054945054945,1.0,1.0,1.0,1.0,1.0,1.0,1.0,0.4947368421052631,1.0,1.0,0.4939759036144578,1.0,1.0,1.0,0.9037114845938377,1.0,1.0,1.0,1.0,1.0,1.0,1.0,1.0,0.9357142857142856,0.9827770646127514,1.0,1.0,0.9695310166284974,1.0,1.0,1.0,1.0,1.0,1.0,1.0,1.0,1.0,1.0,1.0,1.0,0.9681779780343563,1.0,1.0,0.9783496732026143,0.9207023506088928
align-dinov2+1b-things+hyp-abl30cat-42-random,0.9731941787539048,1.0,1.0,1.0,1.0,1.0,0.9896471400224311,1.0,1.0,1.0,1.0,1.0,1.0,0.9693627450980392,1.0,1.0,1.0,0.9845419413503068,1.0,0.9918954248366012,1.0,1.0,0.9524673753348888,0.9837342497136312,1.0,1.0,1.0,0.9821691176470588,1.0,1.0,1.0,0.9452991452991452,0.9830811265237496,1.0,1.0,0.9898436722094992,0.9843014128728416,1.0,1.0,0.4936708860759494,1.0,0.4943820224719101,1.0,1.0,1.0,0.9859043081199126,1.0,1.0,0.9357954545454544,1.0,0.9818946831569552,1.0,0.9207023506088928
align-dinov2+1b-things+hyp-abl30cat-7,1.0,1.0,1.0,1.0,1.0,1.0,0.969488939740656,1.0,1.0,1.0,1.0,1.0,1.0,0.9773857982813208,1.0,0.4947368421052631,0.4933333333333333,1.0,1.0,1.0,0.4943820224719101,1.0,0.9718885765397394,1.0,1.0,1.0,1.0,0.9911862250692836,1.0,1.0,1.0,0.9571428571428572,0.9914656771799628,1.0,1.0,0.9898436722094992,1.0,1.0,1.0,1.0,1.0,1.0,1.0,0.4947368421052631,1.0,0.9718253968253968,1.0,1.0,0.9571969696969698,1.0,0.9910733930535912,1.0,0.9611542730299668
align-dinov2+1b-things+hyp-abl30cat-7-random,1.0,1.0,1.0,1.0,1.0,0.4912280701754385,1.0,1.0,1.0,1.0,1.0,1.0,1.0,0.9771469199126503,1.0,1.0,1.0,0.9536258240509208,1.0,0.9918954248366012,1.0,1.0,0.943181818181818,0.9840985442329226,1.0,1.0,1.0,0.9821691176470588,1.0,1.0,1.0,0.9782214156079856,0.9827770646127514,1.0,0.4871794871794871,0.9796081567373052,0.953734302709848,1.0,0.9797008547008548,1.0,1.0,1.0,1.0,1.0,1.0,0.9717806041335452,1.0,1.0,0.9045339341030696,1.0,0.9724512561839168,0.9686606878880456,0.9008779382611158
align-dinov2+1b-things+hyp-abl30cat-local-shuffled-218,1.0,0.4935064935064935,1.0,1.0,1.0,1.0,0.9751365952483272,0.4915254237288136,1.0,1.0,0.4936708860759494,1.0,1.0,0.9825,1.0,0.4947368421052631,1.0,0.9842424242424244,1.0,0.99262313860252,1.0,1.0,0.9679243343271308,1.0,1.0,1.0,0.4942528735632184,1.0,1.0,1.0,0.9755286291280588,0.9649865332820317,1.0,1.0,1.0,1.0,1.0,0.4936708860759494,1.0,1.0,0.4929577464788732,1.0,1.0,1.0,1.0,0.9871609693468144,1.0,1.0,0.9729546991210276,1.0,0.9855158730158732,0.9892571196919024,0.9827380952380952
align-dinov2+1b-things+hyp-abl30cat-local-shuffled-42,1.0,1.0,1.0,1.0,1.0,1.0,0.9835124572545187,1.0,1.0,1.0,0.4936708860759494,1.0,1.0,0.9825,1.0,1.0,1.0,0.9842424242424244,1.0,0.9851585545722714,1.0,1.0,0.9569358178053832,1.0,1.0,1.0,1.0,1.0,1.0,1.0,0.9755286291280588,0.9530443756449948,1.0,0.4941176470588235,1.0,0.9898436722094992,1.0,1.0,1.0,1.0,0.4857142857142857,1.0,1.0,1.0,1.0,0.9872591176939004,1.0,1.0,0.9908918406072108,1.0,1.0,0.9892571196919024,0.9473875181422352
align-dinov2+1b-things+hyp-abl30cat-local-shuffled-7,1.0,0.4935064935064935,1.0,1.0,1.0,1.0,0.9751365952483272,1.0,1.0,1.0,0.4871794871794871,1.0,1.0,0.9911833238868948,1.0,0.4947368421052631,0.4942528735632184,1.0,1.0,1.0,1.0,1.0,0.9229384989943898,0.9818990155604954,1.0,1.0,1.0,0.9796722009365688,1.0,0.4935064935064935,0.9838894681960376,0.9765221878224974,0.9922120572366876,1.0,0.4947368421052631,0.9798975167520694,0.9657142857142856,1.0,1.0,1.0,0.4929577464788732,1.0,1.0,1.0,1.0,0.9746031746031746,0.4852941176470588,1.0,0.9729546991210276,1.0,0.9926807870660485,0.9892571196919024,0.9649250120948234
align-dinov2+1b-things+hyp-abl30cat-shuffled-218,0.7988221884498481,1.0,1.0,1.0,1.0,1.0,0.9259259259259258,1.0,1.0,1.0,0.4947368421052631,1.0,0.9643005396430052,0.8955539872971066,1.0,1.0,1.0,0.9499861072520144,1.0,0.9192072282133488,1.0,0.9365079365079364,0.913024726854514,0.9831888626214866,1.0,1.0,1.0,0.8581560283687943,1.0,1.0,0.8735632183908046,0.9427597125806844,0.9430633928117532,1.0,1.0,0.9027777777777778,0.8792756539235412,0.4947368421052631,0.9478398314014752,1.0,1.0,1.0,0.4938271604938271,1.0,1.0,0.9770525242223356,1.0,1.0,0.9601853011143108,1.0,0.7961245104102247,0.9487466219364458,0.94375
align-dinov2+1b-things+hyp-abl30cat-shuffled-42,0.8203562340966921,1.0,1.0,1.0,1.0,1.0,0.890625,1.0,1.0,1.0,1.0,1.0,0.9518207282913164,0.8895205282802181,1.0,1.0,0.4943820224719101,0.9832915622389308,1.0,0.9301270417422868,1.0,1.0,0.9214115609439272,0.9666666666666668,1.0,1.0,0.4948453608247423,0.8879573170731707,1.0,1.0,0.8264386553071079,0.9308823529411764,0.9031476997578692,1.0,1.0,0.9120034919249236,0.8792756539235412,0.4947368421052631,1.0,1.0,1.0,1.0,1.0,1.0,1.0,0.9772267206477732,1.0,1.0,0.9601853011143108,1.0,0.90727707874221,0.9696551724137932,0.9308700033590864
align-dinov2+1b-things+hyp-abl30cat-shuffled-7,0.8497232865048957,1.0,1.0,0.4927536231884058,1.0,1.0,0.8488232579603139,1.0,1.0,1.0,1.0,1.0,0.9761111111111112,0.903457273320287,1.0,0.4931506849315068,0.4943820224719101,0.9832915622389308,1.0,0.8549905838041432,1.0,1.0,0.905982905982906,0.9666666666666668,1.0,1.0,0.4895833333333333,0.898565043519172,1.0,1.0,0.7958030669895076,0.8861985472154963,0.936394354999006,1.0,1.0,0.8638888888888889,0.9147485080988916,1.0,0.9253018108651913,1.0,1.0,1.0,0.4938271604938271,1.0,1.0,0.9885714285714288,1.0,0.4945054945054945,0.827922077922078,1.0,0.8248450347881088,0.9592743428359868,0.9130120323492668
align-dinov2+1b-things+hyp-abl40cat-218,1.0,0.9739199157007375,1.0,1.0,1.0,1.0,1.0,0.9828737300435414,1.0,1.0,1.0,1.0,1.0,0.9876835156173022,1.0,1.0,1.0,0.4893617021276595,0.9742286115007012,0.9855826558265582,1.0,1.0,1.0,1.0,1.0,1.0,1.0,1.0,0.48,0.96415770609319,1.0,1.0,1.0,1.0,0.4897959183673469,1.0,1.0,1.0,1.0,1.0,1.0,1.0,1.0,1.0,1.0,1.0,1.0,0.9751016260162602,0.4918032786885246,0.4897959183673469,1.0,1.0,0.974621212121212
align-dinov2+1b-things+hyp-abl40cat-218-random,1.0,0.9464864864864866,1.0,0.9749843652282676,1.0,1.0,1.0,0.9828737300435414,1.0,1.0,1.0,1.0,1.0,0.9484323432343232,1.0,0.9801125703564728,1.0,1.0,0.934404283801874,0.9248842200384052,1.0,0.4629629629629629,1.0,1.0,1.0,1.0,1.0,1.0,1.0,0.8999749937484371,1.0,1.0,1.0,1.0,0.4791666666666667,1.0,1.0,1.0,1.0,1.0,1.0,1.0,1.0,1.0,0.4918032786885246,1.0,0.4909090909090909,0.8503875362091913,1.0,1.0,0.8696684715493492,1.0,0.9238636363636364
align-dinov2+1b-things+hyp-abl40cat-42,1.0,0.9339735894357744,1.0,1.0,1.0,1.0,1.0,0.9828737300435414,1.0,1.0,1.0,1.0,1.0,0.975,1.0,1.0,1.0,1.0,0.9620122318890516,0.9855826558265582,1.0,1.0,1.0,1.0,1.0,1.0,1.0,1.0,0.48,1.0,1.0,1.0,1.0,1.0,1.0,1.0,1.0,1.0,1.0,1.0,1.0,1.0,1.0,1.0,1.0,1.0,1.0,0.9620122318890516,1.0,0.4897959183673469,1.0,1.0,0.9508256880733944
align-dinov2+1b-things+hyp-abl40cat-42-random,1.0,0.9355888093689004,0.4754098360655737,0.8749218261413383,1.0,1.0,1.0,0.9656177156177156,1.0,1.0,0.4915254237288136,1.0,1.0,0.975,1.0,0.8795454545454545,0.9755419677598666,1.0,0.884251968503937,0.7991763898421413,1.0,0.4528301886792453,1.0,1.0,1.0,1.0,1.0,1.0,1.0,0.8879551820728291,1.0,1.0,1.0,1.0,1.0,0.4883720930232558,1.0,1.0,1.0,1.0,1.0,1.0,1.0,1.0,1.0,1.0,1.0,0.9502032520325204,1.0,0.4680851063829787,0.967794939204732,1.0,0.8023598820058997
align-dinov2+1b-things+hyp-abl40cat-7,1.0,0.9197297297297298,1.0,0.9749843652282676,1.0,0.4901960784313725,1.0,0.9828737300435414,1.0,1.0,1.0,1.0,1.0,0.975,1.0,1.0,1.0,1.0,0.9484572230014026,0.9855826558265582,1.0,1.0,1.0,1.0,1.0,1.0,1.0,1.0,1.0,1.0,1.0,1.0,1.0,1.0,1.0,0.4761904761904761,1.0,1.0,1.0,1.0,1.0,1.0,1.0,1.0,1.0,1.0,1.0,0.9620122318890516,1.0,1.0,1.0,1.0,0.974621212121212
align-dinov2+1b-things+hyp-abl40cat-7-random,1.0,0.9603841536614646,0.4838709677419355,1.0,1.0,1.0,1.0,0.9656177156177156,1.0,1.0,0.4827586206896552,1.0,1.0,0.9619250685348766,1.0,1.0,0.9532467532467532,1.0,0.9742286115007012,0.8443230589153337,1.0,0.4629629629629629,1.0,1.0,1.0,1.0,1.0,1.0,1.0,0.921875,1.0,1.0,1.0,1.0,1.0,0.4883720930232558,1.0,1.0,0.4642857142857143,1.0,1.0,1.0,1.0,1.0,0.4918032786885246,1.0,1.0,0.9406923263132414,0.4918032786885246,1.0,0.9694132334581772,1.0,0.8236842105263158
align-dinov2+1b-things+hyp-abl40cat-local-shuffled-218,1.0,0.9859134262655906,1.0,1.0,1.0,1.0,1.0,1.0,1.0,1.0,1.0,0.4931506849315068,1.0,1.0,1.0,1.0,1.0,1.0,0.9665231946437112,0.9903150912106136,1.0,1.0,1.0,1.0,1.0,1.0,1.0,1.0,1.0,0.9671875,1.0,1.0,1.0,1.0,1.0,1.0,1.0,1.0,1.0,1.0,1.0,1.0,1.0,1.0,1.0,1.0,1.0,0.917962587333784,1.0,1.0,1.0,1.0,0.9397696298250242
align-dinov2+1b-things+hyp-abl40cat-local-shuffled-42,1.0,0.9859134262655906,1.0,1.0,1.0,0.4864864864864865,1.0,1.0,1.0,1.0,0.4897959183673469,1.0,1.0,1.0,1.0,0.9813213420961604,1.0,0.4888888888888889,0.9665231946437112,1.0,1.0,1.0,1.0,1.0,1.0,1.0,1.0,1.0,1.0,1.0,1.0,1.0,1.0,1.0,1.0,1.0,0.4897959183673469,1.0,0.4888888888888889,1.0,1.0,1.0,1.0,1.0,1.0,1.0,1.0,0.9076923076923076,1.0,1.0,1.0,1.0,0.9510714285714286
align-dinov2+1b-things+hyp-abl40cat-local-shuffled-7,1.0,0.9444444444444444,1.0,1.0,0.4838709677419355,1.0,1.0,1.0,1.0,1.0,0.4897959183673469,0.4931506849315068,1.0,0.9864013266998342,1.0,1.0,1.0,1.0,0.9828241933505092,0.9903150912106136,1.0,1.0,1.0,0.4888888888888889,1.0,1.0,1.0,1.0,1.0,0.9319838056680162,1.0,1.0,1.0,1.0,1.0,1.0,1.0,1.0,1.0,1.0,0.4883720930232558,1.0,1.0,1.0,1.0,1.0,0.4893617021276595,0.8371738257727821,1.0,1.0,1.0,1.0,0.9525294525294524
align-dinov2+1b-things+hyp-abl40cat-shuffled-218,1.0,0.919133017933766,1.0,0.9807050092764378,1.0,1.0,1.0,0.975848188614146,1.0,1.0,1.0,1.0,1.0,0.8818181818181818,1.0,0.9804143126177024,0.7536611772750583,1.0,0.8529100529100528,0.8848484848484849,1.0,1.0,1.0,1.0,1.0,1.0,1.0,1.0,1.0,0.9376750700280112,1.0,1.0,1.0,1.0,1.0,1.0,1.0,1.0,1.0,1.0,1.0,1.0,1.0,1.0,1.0,1.0,1.0,0.8537815126050421,1.0,1.0,0.7111436950146628,1.0,0.8603449785482882
align-dinov2+1b-things+hyp-abl40cat-shuffled-42,1.0,1.0,1.0,0.9807621161672216,1.0,1.0,1.0,0.975848188614146,1.0,1.0,0.490566037735849,1.0,1.0,0.8340874811463046,1.0,0.9610194902548724,0.7661827701094717,0.4864864864864865,0.9707983193277312,0.8848484848484849,1.0,1.0,1.0,1.0,1.0,1.0,1.0,1.0,0.4909090909090909,0.9355072463768116,1.0,1.0,1.0,1.0,1.0,1.0,1.0,1.0,1.0,1.0,1.0,1.0,1.0,1.0,1.0,0.4918032786885246,1.0,0.9048556430446196,1.0,0.4893617021276595,0.8352842809364549,1.0,0.8929362539995077
align-dinov2+1b-things+hyp-abl40cat-shuffled-7,1.0,0.9460376194881284,1.0,1.0,1.0,1.0,1.0,0.975848188614146,1.0,1.0,1.0,1.0,1.0,0.9148099606815204,1.0,1.0,0.843238930993219,1.0,0.9570855202222908,0.9215154018647468,1.0,1.0,1.0,1.0,1.0,1.0,1.0,1.0,0.4909090909090909,0.9688375350140056,0.4923076923076923,1.0,1.0,1.0,1.0,1.0,0.4909090909090909,1.0,1.0,1.0,1.0,1.0,1.0,1.0,1.0,0.4918032786885246,1.0,0.9091478696741856,1.0,1.0,0.7736499425507468,1.0,0.9336080586080586
align-dinov2+1b-things+hyp-abl50-218,1.0,0.9403508771929824,0.989331517421405,1.0,0.9420393559928444,0.9731506849315068,0.9887203910264444,0.9413533834586466,1.0,0.9676573426573428,0.9927511085405822,0.9762824048538334,0.9763739085772984,0.9731485148514852,0.947878787878788,0.9462585034013604,0.9847741577193632,1.0,1.0,0.9912620621533318,1.0,0.9542857142857144,0.9230139230139228,0.9282407407407408,1.0,0.911690496215307,1.0,1.0,0.9762651141961488,0.949812734082397,0.9913811374072764,0.9715544871794872,0.9905652285787804,0.9571220930232558,0.9126050420168068,0.9702586206896552,0.9841858166543118,0.9808503732554366,0.9890982343879606,1.0,0.9611436950146628,0.9631313131313132,0.9721798780487804,0.9735879723689558,0.9392898052691868,0.983479349186483,0.9920913394597604,0.9716958880415127,0.9898824731732244,1.0,0.9778948721244056,0.9659863945578232,0.9597367402245452
align-dinov2+1b-things+hyp-abl50-218-random,1.0,0.9696428571428573,1.0,0.943907156673114,0.9420393559928444,0.95,0.9887203910264444,0.9390815370196812,1.0,0.9676573426573428,0.9246190858059342,0.9764254385964912,0.9881060116354234,0.9910805904175546,0.8868421052631579,0.9290206648697216,0.96147992038403,1.0,0.9871609693468144,0.9737142857142858,0.961111111111111,1.0,0.9216200119118524,0.957033957033957,0.9605575795976556,0.9324510614833196,0.9649702577660276,0.971830985915493,0.9751523675574308,0.8828963795255931,1.0,0.9857343781394414,0.9214285714285716,0.9553030303030304,0.931064958020327,0.9702586206896552,0.967967967967968,0.9621794871794872,0.9781680113906028,1.0,0.8834310850439883,0.9631313131313132,0.9022757697456492,0.9735879723689558,1.0,1.0,0.9760175646005742,0.9444272923741897,0.9087557603686636,0.9727941176470588,0.9925292099205144,0.9822289921299824,0.8839167935058345
align-dinov2+1b-things+hyp-abl50-42,1.0,0.9550957517059212,1.0,1.0,0.9420393559928444,1.0,1.0,0.960171568627451,1.0,0.9676573426573428,0.9926398621931644,1.0,0.9763739085772984,0.982063492063492,0.947878787878788,0.986054721977052,0.9851238922047388,1.0,1.0,0.9912620621533318,0.9811257162116616,0.9331243469174504,0.9223598820058996,0.8977460142935678,1.0,0.9416666666666668,1.0,1.0,0.9762651141961488,0.949812734082397,1.0,0.9857343781394414,1.0,0.9571220930232558,0.9770216526734424,0.9850552306692656,0.9841858166543118,0.9808503732554366,1.0,0.970166379804934,0.9806921675774134,0.9456979915695513,1.0,0.9752380952380952,1.0,1.0,0.992005854866858,0.9534125320288842,0.9797463175122748,1.0,0.9775876297615428,0.9659863945578232,0.9489745854185064
align-dinov2+1b-things+hyp-abl50-42-random,1.0,0.9701754385964912,0.9354395604395604,0.9186535764375876,0.9420393559928444,0.903921568627451,0.9776007964161274,0.9390815370196812,1.0,1.0,0.9547714514835606,0.9764254385964912,0.9763739085772984,0.9730374612264376,0.8138528138528138,0.9437321937321936,0.9680272108843536,0.95625,0.9871609693468144,0.9648962148962148,0.9038131226382686,0.9331243469174504,0.9223598820058996,0.957033957033957,0.973499361430396,0.9517507582023712,0.9649702577660276,0.9613289760348585,0.9762651141961488,0.916354556803995,0.9913811374072764,0.9431089743589745,0.9516313428898074,0.9781238413051538,0.9760919540229884,0.9702586206896552,0.9682539682539684,0.9611842105263158,0.9890982343879606,0.9162640901771336,0.9021779254337394,0.9812097812097812,0.9577627772420444,1.0,1.0,0.8665318503538928,0.9341372912801484,0.952826480069188,0.8574074074074074,0.9728937728937728,0.9527472527472528,1.0,0.9298313253012048
align-dinov2+1b-things+hyp-abl50-7,1.0,0.9554098360655736,1.0,1.0,0.9616477272727272,0.9744392279603546,0.9773755656108596,0.9413533834586466,1.0,0.983610188261351,1.0,1.0,0.9881060116354234,0.982063492063492,0.947878787878788,0.9727586206896552,0.9847741577193632,1.0,0.9870445344129556,0.9912620621533318,0.9807626245276536,0.9765309864319764,0.9216200119118524,1.0,1.0,0.9613117170228443,1.0,0.9906103286384976,0.9762651141961488,0.9828775875287504,1.0,1.0,1.0,0.9571220930232558,0.9548611111111112,0.9851963098047628,1.0,0.9808503732554366,0.9890982343879606,1.0,0.9806921675774134,0.9631313131313132,0.9584045584045584,0.9752380952380952,1.0,0.9837718219818048,1.0,0.98125,0.9797794117647058,1.0,0.9849518810148732,0.9659863945578232,0.9597367402245452
align-dinov2+1b-things+hyp-abl50-7-random,1.0,0.9699381078691424,0.9679071355411404,0.9709273182957392,0.9058249040809208,0.9476495726495726,0.9661611730793332,0.9133333333333332,0.9234167893961708,0.8932178932178931,0.93270492781291,0.940500899405009,1.0,0.9731485148514852,0.8868421052631579,0.9581641659311562,0.9695483154387264,1.0,0.9870445344129556,0.9122405372405372,0.944278606965174,0.9129251700680272,0.9108582266477004,0.957033957033957,0.9866409142121358,0.9321266968325792,0.9611721611721612,0.9613289760348585,1.0,0.900691699604743,0.9826950354609928,0.9431089743589745,1.0,0.9781238413051538,0.9063063063063064,0.9259815490238146,0.9684729064039408,0.9409409409409408,0.9890982343879606,1.0,0.9238505747126436,0.9804237060874228,0.9151162790697674,0.9735879723689558,0.8895833333333334,1.0,0.9839221014492754,0.915087664124538,0.8684721512519162,0.9593927199561002,0.9694602272727272,0.93,0.949450763099057
align-dinov2+1b-things+hyp-abl50-local-shuffled-218,1.0,0.9493116395494368,1.0,1.0,0.9647727272727272,1.0,0.9708628005657708,0.9776021080368906,1.0,0.90990990990991,0.9631180223285488,1.0,0.971875,1.0,1.0,0.9868527836390196,0.9654055183946488,1.0,0.986919335904746,1.0,0.983623078861174,0.9733103745157125,0.9712617461910408,1.0,0.9568913175470553,0.990157668418538,0.9716033202271734,0.9803030303030305,0.978675645342312,0.9653209109730848,0.9903151813779628,0.9558733401430032,1.0,0.9688269073010664,1.0,0.9421296296296297,0.9866710547967747,0.981138211382114,0.9780193236714976,0.9718426501035196,0.94956658786446,1.0,0.9258823529411764,1.0,1.0,1.0,1.0,0.9675716440422324,0.957679421618762,1.0,1.0,1.0,0.9776365348399249
align-dinov2+1b-things+hyp-abl50-local-shuffled-42,1.0,0.9618224666142968,1.0,0.968944099378882,0.9486045869024592,0.9544715447154472,0.9902765977532332,0.9776021080368906,1.0,0.945945945945946,0.9726614452490026,0.9895536562203228,1.0,1.0,1.0,0.9868527836390196,0.9831706324994915,1.0,0.9610194902548724,0.9916660879227724,0.9508692365835224,0.9733103745157125,0.9808114035087718,1.0,0.9431089743589745,0.9802681992337164,0.9452861952861952,0.9900452488687784,0.9580882352941176,0.982428533962759,0.9805128205128204,0.9264555669050052,1.0,0.939102564102564,1.0,0.9270569928029566,0.9866710547967747,0.981138211382114,1.0,0.9718426501035196,0.9831888626214866,1.0,0.913107728683316,1.0,1.0,0.983985358041638,1.0,0.9262435677530017,0.957679421618762,1.0,1.0,0.9490196078431372,0.9776365348399249
align-dinov2+1b-things+hyp-abl50-local-shuffled-7,1.0,0.9245341614906832,1.0,0.968944099378882,1.0,0.9544715447154472,1.0,0.9776021080368906,1.0,0.9129616560809222,0.9815590111642744,0.9895536562203228,0.9858906525573192,0.9799242424242424,1.0,0.9868527836390196,0.940291199587682,1.0,1.0,1.0,0.9669715447154472,0.9733103745157125,0.9904205820636804,1.0,0.9713709677419357,0.9802681992337164,0.9452861952861952,0.9803030303030305,0.978675645342312,0.948632762586251,0.9903151813779628,0.9253576612067178,0.9832589285714286,0.9688269073010664,1.0,0.9411302982731554,0.973529411764706,0.981138211382114,0.9780193236714976,0.9718426501035196,0.9504004133298888,1.0,0.9372666168782674,1.0,1.0,0.9682971014492754,0.979585326953748,0.9593239578734944,0.9430199430199432,1.0,0.9913419913419914,0.9656448202959832,0.9776365348399249
align-dinov2+1b-things+hyp-abl50-shuffled-218,0.9506350347471844,0.9470108695652174,0.9572031344183244,0.9703081232492996,0.977988614800759,0.9568627450980391,0.9057744198596872,0.9559294871794872,1.0,0.9605654761904762,0.8363897878460985,1.0,0.9676113360323888,0.938467492260062,1.0,0.9045954918748907,0.8105767694519892,1.0,0.9569292123629112,0.950901708998206,0.9394654088050314,1.0,0.9171247357293868,1.0,0.9682459677419356,0.9735846141963388,0.961904761904762,0.9392616117506948,0.9576388888888888,0.979967159277504,0.9540229885057472,0.9672043010752688,0.958666393386623,0.9785193709244342,0.9776039815143976,0.9327006039689388,0.9151785714285714,0.911551862771375,0.930905695611578,0.9772043010752688,0.9454941860465116,0.9798319327731092,0.9038901601830664,1.0,1.0,0.904170363797693,0.9198789780367548,0.9243589743589744,0.9321266968325792,0.9581684567552288,0.9157361455748552,0.9556262872121326,0.969012658227848
align-dinov2+1b-things+hyp-abl50-shuffled-42,0.9440217391304347,0.9596203623813632,1.0,1.0,0.936473165388828,0.9568627450980391,0.9057744198596872,1.0,1.0,1.0,0.8650738735805283,0.9865132170472936,0.9838993710691823,0.939150401836969,1.0,0.9604395604395604,0.8626760563380282,1.0,0.956442831215971,0.9603507434235607,0.984688804931398,1.0,0.9792811839323468,1.0,0.9841109709962168,0.9558652729384436,1.0,0.9827935222672064,0.97837646224743,1.0,0.9260911118190508,0.9344086021505376,0.9338436303991252,0.9785193709244342,1.0,0.906810035842294,0.944927536231884,0.9454094292803972,0.972470238095238,0.9552364864864864,0.9863163656267104,0.9798319327731092,0.9045454545454544,1.0,1.0,0.96875,0.9189342403628118,0.925245486221096,0.9082100968893422,0.916729182295574,0.9494416873449132,0.9700757575757576,0.9363825363825364
align-dinov2+1b-things+hyp-abl50-shuffled-7,0.9724340960792186,0.8661633493479752,0.9715544871794872,1.0,0.977988614800759,1.0,0.9168096054888508,0.9775418538178848,1.0,1.0,0.8584677419354838,0.959539651141881,0.9838993710691823,0.9082251082251084,0.9607843137254902,0.9470108695652174,0.8938085955629815,1.0,0.942261427425822,0.930844495107818,0.9697327044025156,1.0,0.9487179487179488,1.0,0.9841109709962168,0.9824074074074074,0.961904761904762,0.9483805668016194,1.0,0.979967159277504,0.9721488595438176,0.918032786885246,0.9751794871794872,0.9577677224736048,0.9776039815143976,0.986370784553556,0.9578947368421052,0.9061166429587482,0.9722430607651912,0.933997509339975,0.9592760180995475,0.9603174603174602,0.8921078921078921,0.975599128540305,1.0,0.9375,0.9442308763719428,0.9356447214647448,0.9428571428571428,0.903985171455051,0.9511195521791284,0.9556262872121326,0.9584859584859584
align-dinov2+1b-things+hyp-abl70-218,0.955562138942379,0.7996041563582384,0.4594594594594595,0.7807017543859649,0.8722222222222222,0.9111111111111112,0.8914488258750555,0.9041394335511984,0.7362637362637363,0.3928571428571428,0.7633868808567603,0.9428571428571428,0.9537037037037036,0.8449248120300752,1.0,0.4166666666666667,0.9576923076923076,0.8903508771929824,0.6629787234042553,0.8559814169570268,0.681159420289855,1.0,0.858974358974359,0.9017857142857144,0.8602375960866526,0.8748072772124575,0.9035714285714284,0.9854406130268198,0.48,0.8210526315789474,0.9648268398268398,0.8357487922705313,0.8972826086956522,0.744360902255639,0.9333333333333332,0.6442048517520216,0.9353146853146852,0.7666666666666666,0.9158730158730158,0.7142857142857142,0.8545454545454545,1.0,0.8095238095238095,1.0,0.88,0.8274374460742019,0.8509803921568628,0.7355769230769231,0.7963800904977376,0.8303287380699894,0.8909313725490196,0.9463869463869464,0.8507078507078507
align-dinov2+1b-things+hyp-abl70-218-random,0.9539806718821906,0.9553571428571428,1.0,0.9523809523809524,0.9309309309309308,0.9544592030360532,0.979032948224219,0.9476190476190476,0.9316239316239316,0.7861635220125787,0.8985943775100402,0.972027972027972,0.9515086206896552,0.888162672476398,0.7948717948717949,1.0,0.8904214559386974,0.8251748251748252,0.7777777777777777,0.7942684766214179,0.9544513457556936,0.4772727272727273,0.97716658017644,1.0,0.969488939740656,0.9644607843137256,1.0,0.9575955958934684,0.4901960784313725,0.9705627705627706,0.982624966586474,0.9051162790697674,0.9499072356215214,0.8573426573426574,0.7857142857142857,0.9536842105263156,0.96845694799659,1.0,0.9133986928104576,1.0,0.9515151515151516,0.8733766233766234,0.8497316636851521,1.0,1.0,0.92831541218638,0.936026936026936,0.92296918767507,0.8221343873517787,0.9352226720647774,0.8698014629049111,1.0,0.7170731707317073
align-dinov2+1b-things+hyp-abl70-42,1.0,0.9777337951509152,1.0,1.0,0.9309309309309308,1.0,1.0,1.0,1.0,0.8904403866809882,0.9841120025169106,1.0,0.9537037037037036,0.984561403508772,1.0,0.4878048780487805,0.9576923076923076,1.0,0.8844919786096257,1.0,1.0,0.4772727272727273,0.9073684210526316,0.9494252873563218,0.9373040752351096,0.9455399061032864,0.949343339587242,1.0,1.0,0.9705627705627706,1.0,1.0,1.0,0.9524475524475524,0.8287526427061311,1.0,1.0,0.9292929292929292,1.0,0.933806146572104,0.90625,1.0,1.0,1.0,0.88,0.9333333333333332,1.0,0.9805585012371862,0.9328023892483824,0.967967967967968,1.0,1.0,0.9815227779547626
align-dinov2+1b-things+hyp-abl70-42-random,0.9397227245328512,0.9555335968379448,0.4594594594594595,1.0,0.7444444444444445,0.9544592030360532,0.9583333333333331,0.9494252873563218,1.0,0.8573426573426574,0.778552920071756,1.0,1.0,0.9048076923076924,0.8333333333333333,1.0,0.9153846153846156,0.8571428571428572,0.9196428571428572,0.7534090909090909,0.8633540372670807,0.4888888888888889,1.0,1.0,1.0,0.927950310559006,1.0,0.931249095382834,1.0,0.880701754385965,1.0,0.9683720930232558,0.966842105263158,0.8716981132075472,0.9333333333333332,0.9309262166405023,0.9667565139263252,0.9142857142857144,0.9133986928104576,0.7495527728085868,0.8991596638655461,1.0,0.8497316636851521,0.9322493224932248,1.0,0.9654874892148404,0.8895119418483904,0.8343927735028438,1.0,0.8398398398398399,0.7995495495495495,1.0,0.7420458433116661
align-dinov2+1b-things+hyp-abl70-7,1.0,0.9777337951509152,1.0,1.0,0.9309309309309308,1.0,1.0,1.0,1.0,1.0,1.0,1.0,0.9311575726670068,0.984561403508772,1.0,0.4878048780487805,0.9090330788804072,1.0,1.0,0.9828681956341532,1.0,0.4772727272727273,1.0,0.9017857142857144,0.9404761904761904,0.9455399061032864,1.0,1.0,1.0,1.0,1.0,0.9683720930232558,1.0,0.9524475524475524,0.9333333333333332,0.976975405546834,0.9093877551020408,0.9292929292929292,0.9792401096748924,0.933806146572104,1.0,1.0,1.0,1.0,1.0,0.9677158999192896,0.9845997973657548,0.9805585012371862,0.955,1.0,0.983582364877329,1.0,0.9815227779547626
align-dinov2+1b-things+hyp-abl70-7-random,0.9397227245328512,0.9555335968379448,0.4736842105263157,1.0,0.8722222222222222,0.9544592030360532,0.9792811839323468,1.0,1.0,0.8201058201058201,0.7382898146302571,1.0,0.8633603238866396,0.9689849624060152,0.7257142857142858,1.0,0.9576923076923076,0.8571428571428572,1.0,0.8559814169570268,0.9544513457556936,0.4888888888888889,0.97716658017644,1.0,1.0,0.9267676767676768,1.0,0.971316425120773,1.0,0.911072362685266,0.9648268398268398,0.9377289377289376,0.983529411764706,1.0,1.0,0.9317829457364342,0.96845694799659,0.9292929292929292,0.9792401096748924,0.8782608695652174,0.90625,0.9652096342551292,0.8497316636851521,1.0,1.0,0.908466819221968,1.0,0.8307692307692308,0.9107142857142856,0.967967967967968,0.9110889110889112,0.9463869463869464,0.843454790823212
align-dinov2+1b-things+hyp-abl70-local-shuffled-218,1.0,0.9403508771929824,1.0,0.9457735247208932,0.9206349206349206,1.0,0.9499861072520144,0.9600614439324116,1.0,1.0,0.9139515455304928,0.976975405546834,1.0,0.9660087719298246,0.8928571428571428,0.4761904761904761,1.0,1.0,1.0,1.0,0.964747356051704,1.0,0.9781680113906028,0.9265873015873016,0.9678048780487803,0.981329839502129,1.0,0.9859134262655906,1.0,1.0,1.0,0.9415584415584416,0.9857343781394414,0.8,1.0,0.959030100334448,1.0,1.0,1.0,1.0,0.9047619047619048,1.0,0.9244444444444444,1.0,1.0,0.9686609686609686,1.0,0.903846153846154,0.9762803234501348,0.9713349713349714,0.98506083474511,1.0,0.9365949119373776
align-dinov2+1b-things+hyp-abl70-local-shuffled-42,1.0,0.9600313479623824,1.0,1.0,1.0,1.0,0.9832915622389308,0.9610194902548724,1.0,0.9667565139263252,0.9295485636114912,0.976975405546834,1.0,0.9660087719298246,0.8480300187617261,1.0,0.983882783882784,1.0,1.0,1.0,1.0,1.0,1.0,1.0,1.0,1.0,1.0,0.9859134262655906,0.4857142857142857,1.0,1.0,1.0,1.0,1.0,1.0,0.959030100334448,0.9625730994152046,1.0,1.0,0.71875,0.9544715447154472,0.9538461538461538,0.8904403866809882,1.0,1.0,0.93796992481203,0.9808685089583966,0.9522175937270276,0.9073684210526316,1.0,1.0,0.948849104859335,0.9794442329653598
align-dinov2+1b-things+hyp-abl70-local-shuffled-7,1.0,0.9403508771929824,1.0,1.0,0.9206349206349206,1.0,0.9832915622389308,1.0,1.0,0.9667565139263252,0.9139515455304928,0.976975405546834,1.0,0.9660087719298246,0.8928571428571428,1.0,0.983882783882784,1.0,1.0,0.980330172110994,1.0,1.0,0.9781680113906028,1.0,1.0,0.9809555629802872,1.0,0.9722222222222224,0.4857142857142857,1.0,1.0,1.0,0.9857343781394414,0.917933130699088,1.0,1.0,0.964562569213732,1.0,1.0,1.0,0.9544715447154472,1.0,0.96078431372549,1.0,1.0,1.0,1.0,0.9686293436293436,0.9300476947535772,1.0,0.98506083474511,1.0,0.9794442329653598
align-dinov2+1b-things+hyp-abl70-shuffled-218,0.9232142857142858,0.9777777777777776,1.0,1.0,1.0,0.9630459126539752,0.8935245545415037,0.9639751552795032,1.0,0.8888888888888888,0.904384778829438,0.9205574912891986,0.9687194525904204,0.9798198198198198,0.7261904761904762,1.0,0.8888888888888888,0.9570747217806042,1.0,0.8917748917748918,0.96845694799659,1.0,0.9583333333333331,1.0,0.9166666666666669,0.9403377110694184,0.8353344768439108,0.8870776023093904,1.0,1.0,0.9027925061859314,0.907735321528425,0.9377394636015326,0.9157509157509156,1.0,0.9454545454545454,0.8759398496240601,0.8166666666666667,0.9709090909090908,1.0,1.0,1.0,1.0,1.0,1.0,0.96845694799659,0.9337121212121212,0.9038131226382686,0.9337606837606838,0.9765411893071468,0.9222458667539696,0.9575551782682512,0.9343589743589744
align-dinov2+1b-things+hyp-abl70-shuffled-42,0.8187565858798735,0.9110671936758892,1.0,0.948024948024948,1.0,0.9603841536614646,0.8888888888888888,0.9267676767676768,0.9365079365079364,0.8888888888888888,0.7920168067226891,0.919661733615222,0.9687194525904204,0.8925968546221711,1.0,0.4848484848484848,0.8250932835820896,1.0,0.9499105545617174,0.9783549783549784,0.96845694799659,1.0,0.9792811839323468,1.0,0.9227053140096618,0.9222873900293256,1.0,0.7983014861995754,0.4912280701754385,0.9749843652282676,0.9587087087087088,1.0,0.8885077186963979,1.0,0.855,0.8363636363636363,0.8730769230769231,0.4761904761904761,0.9188640973630832,1.0,1.0,1.0,0.9594771241830063,1.0,0.8602941176470589,0.9383333333333332,0.935245143385754,0.8444444444444444,0.9664864864864864,0.9534632034632036,0.8816936488169365,1.0,0.902834008097166
align-dinov2+1b-things+hyp-abl70-shuffled-7,0.8462324393358875,0.933201385452746,0.4848484848484848,0.948024948024948,1.0,0.9603841536614646,0.9333333333333332,0.928921568627451,1.0,0.941031941031941,0.8091148115687993,0.9732205778717408,0.9687194525904204,0.90165086055497,0.9157509157509156,1.0,0.8808307797071842,0.9570747217806042,0.9499105545617174,0.937142857142857,0.8489795918367347,1.0,0.9370988446726572,1.0,0.9227053140096618,0.9211309523809524,1.0,0.9193411445067076,1.0,1.0,0.9597953216374268,0.9692451071761417,0.9377394636015326,1.0,1.0,0.8725587553790135,0.9678048780487803,0.7155172413793103,0.9709090909090908,1.0,0.9515151515151516,0.9538461538461538,0.9594771241830063,0.9200968523002422,1.0,0.9093877551020408,1.0,0.8496355964710395,0.9671957671957672,0.9069264069264068,0.8870776023093904,0.9166666666666669,0.9343589743589744
align-dinov2+1b-things+hyp-abl90-218,1.0,0.9206349206349206,1.0,0.873015873015873,0.4615384615384615,1.0,1.0,1.0,1.0,1.0,0.9309309309309308,1.0,0.9111111111111112,1.0,1.0,1.0,0.9350104821802936,1.0,1.0,1.0,1.0,1.0,0.9536842105263156,1.0,1.0,1.0,1.0,1.0,1.0,1.0,0.4705882352941176,1.0,1.0,1.0,1.0,1.0,1.0,1.0,1.0,0.4444444444444444,1.0,1.0,0.9230769230769232,1.0,1.0,1.0,1.0,1.0,1.0,1.0,1.0,1.0,1.0
align-dinov2+1b-things+hyp-abl90-218-random,0.893939393939394,1.0,0.9321266968325792,0.7333333333333334,0.4615384615384615,0.375,1.0,1.0,1.0,1.0,0.7418630751964085,1.0,0.8285714285714285,0.6545454545454545,1.0,0.8035714285714286,0.8807692307692307,1.0,0.898989898989899,0.9134199134199136,0.1428571428571428,1.0,0.9083333333333332,1.0,0.6904761904761905,0.7777777777777777,0.906832298136646,0.8193979933110368,0.4444444444444444,1.0,0.4375,0.4705882352941176,1.0,1.0,0.4444444444444444,0.8901098901098901,1.0,1.0,0.8615384615384616,0.2857142857142857,1.0,1.0,0.8452380952380952,1.0,1.0,1.0,0.8055555555555556,0.8,1.0,0.8831168831168831,0.8784313725490196,1.0,0.8391608391608392
align-dinov2+1b-things+hyp-abl90-42,1.0,0.9206349206349206,1.0,1.0,0.4615384615384615,1.0,0.9282296650717704,1.0,1.0,1.0,1.0,1.0,1.0,1.0,1.0,1.0,1.0,1.0,1.0,1.0,1.0,1.0,0.8562091503267973,1.0,1.0,1.0,1.0,1.0,1.0,1.0,1.0,1.0,1.0,0.4444444444444444,1.0,1.0,1.0,1.0,1.0,0.4444444444444444,0.4545454545454545,1.0,0.9230769230769232,1.0,1.0,1.0,1.0,1.0,1.0,1.0,1.0,1.0,1.0
align-dinov2+1b-things+hyp-abl90-42-random,0.9434343434343434,1.0,0.8,0.5636363636363637,0.4615384615384615,0.375,0.784688995215311,0.775,0.4761904761904761,1.0,0.6973684210526316,1.0,0.8991596638655461,0.8020833333333333,0.375,0.905982905982906,0.9350104821802936,1.0,0.898989898989899,0.9134199134199136,0.25,1.0,0.9536842105263156,0.4545454545454545,0.8375,0.6974789915966386,1.0,0.6727272727272727,1.0,0.4444444444444444,1.0,0.4375,0.8838709677419355,1.0,0.2857142857142857,0.8901098901098901,1.0,1.0,0.75,0.375,1.0,0.4583333333333333,0.9230769230769232,0.925133689839572,1.0,1.0,0.8455882352941176,1.0,1.0,0.8615384615384616,0.9217171717171716,0.898989898989899,0.6247086247086246
align-dinov2+1b-things+hyp-abl90-7,1.0,1.0,1.0,0.7333333333333334,0.4615384615384615,1.0,1.0,1.0,1.0,1.0,0.9639215686274508,1.0,1.0,1.0,1.0,1.0,0.9350104821802936,1.0,1.0,1.0,1.0,1.0,0.905982905982906,1.0,0.915032679738562,1.0,1.0,1.0,1.0,1.0,0.4705882352941176,0.4705882352941176,1.0,0.4444444444444444,1.0,1.0,1.0,1.0,1.0,0.4444444444444444,0.4545454545454545,0.48,1.0,1.0,1.0,1.0,1.0,1.0,1.0,1.0,1.0,1.0,1.0
align-dinov2+1b-things+hyp-abl90-7-random,0.9499105545617174,0.9282296650717704,0.8,0.8545454545454545,0.4615384615384615,0.375,1.0,1.0,0.4761904761904761,1.0,0.7678442682047584,1.0,0.5804195804195804,0.912442396313364,1.0,0.905982905982906,0.9350104821802936,0.4285714285714285,1.0,1.0,0.4,1.0,1.0,1.0,1.0,0.6210526315789473,1.0,0.9428571428571428,1.0,1.0,0.4705882352941176,0.3571428571428571,1.0,1.0,1.0,0.8901098901098901,1.0,1.0,1.0,1.0,0.4545454545454545,1.0,1.0,1.0,1.0,1.0,0.8455882352941176,1.0,1.0,1.0,0.9217171717171716,0.696969696969697,0.8391608391608392
align-dinov2+1b-things+hyp-abl90-local-shuffled-218,1.0,0.9428571428571428,1.0,1.0,1.0,1.0,1.0,1.0,1.0,0.8285714285714285,1.0,1.0,0.8952380952380952,1.0,0.4285714285714285,0.8615384615384616,1.0,1.0,0.8545454545454545,1.0,0.4705882352941176,1.0,0.7451737451737452,1.0,1.0,1.0,1.0,1.0,0.4,1.0,1.0,1.0,1.0,1.0,0.4285714285714285,0.9282296650717704,1.0,1.0,0.9333333333333332,1.0,1.0,0.4782608695652174,1.0,1.0,1.0,1.0,1.0,1.0,0.4444444444444444,1.0,1.0,1.0,0.9544592030360532
align-dinov2+1b-things+hyp-abl90-local-shuffled-42,1.0,1.0,1.0,0.906832298136646,1.0,1.0,1.0,1.0,1.0,0.7777777777777777,1.0,1.0,1.0,1.0,1.0,0.8831168831168831,1.0,1.0,0.8545454545454545,1.0,1.0,1.0,1.0,1.0,1.0,1.0,1.0,1.0,0.4,1.0,1.0,1.0,1.0,1.0,1.0,0.9282296650717704,0.4666666666666667,1.0,0.9333333333333332,1.0,1.0,1.0,0.9282051282051282,1.0,1.0,1.0,1.0,1.0,1.0,0.873015873015873,1.0,1.0,1.0
align-dinov2+1b-things+hyp-abl90-local-shuffled-7,1.0,0.9428571428571428,1.0,0.9206349206349206,1.0,1.0,1.0,1.0,1.0,0.6210526315789473,1.0,1.0,1.0,1.0,0.4285714285714285,1.0,1.0,1.0,0.8545454545454545,1.0,1.0,0.4736842105263157,1.0,1.0,1.0,1.0,1.0,1.0,0.4,1.0,1.0,1.0,1.0,1.0,0.4285714285714285,0.8500000000000001,1.0,1.0,1.0,0.4666666666666667,1.0,1.0,1.0,1.0,1.0,1.0,1.0,1.0,1.0,1.0,1.0,1.0,1.0
align-dinov2+1b-things+hyp-abl90-shuffled-218,1.0,0.7,1.0,0.7619047619047619,0.4375,0.4666666666666667,0.936026936026936,0.6666666666666666,1.0,0.717948717948718,1.0,0.4666666666666667,0.625,0.9466666666666668,1.0,0.873015873015873,0.8807692307692307,1.0,0.8952380952380952,1.0,0.4285714285714285,0.4285714285714285,1.0,1.0,0.7,0.775,0.8375,0.9352226720647774,0.4705882352941176,0.4375,1.0,0.4545454545454545,1.0,0.4,1.0,0.6640316205533596,1.0,0.3333333333333333,1.0,1.0,1.0,1.0,0.6571428571428571,1.0,0.2857142857142857,0.3333333333333333,0.8705882352941177,0.9090909090909092,1.0,0.5555555555555556,1.0,0.5333333333333333,0.8973214285714286
align-dinov2+1b-things+hyp-abl90-shuffled-42,1.0,0.8958333333333333,1.0,0.7619047619047619,1.0,0.4666666666666667,0.8246153846153846,1.0,1.0,1.0,1.0,0.4666666666666667,0.8285714285714285,1.0,1.0,1.0,1.0,1.0,1.0,0.8444444444444444,1.0,0.4285714285714285,1.0,1.0,1.0,1.0,1.0,1.0,1.0,1.0,1.0,1.0,1.0,0.4705882352941176,1.0,1.0,1.0,0.3846153846153846,1.0,1.0,1.0,0.4705882352941176,1.0,0.8831168831168831,1.0,1.0,1.0,0.8166666666666667,0.4545454545454545,0.9111111111111112,0.7291666666666667,1.0,0.9505376344086022
align-dinov2+1b-things+hyp-abl90-shuffled-7,1.0,0.8958333333333333,1.0,0.8500000000000001,1.0,1.0,0.8246153846153846,0.7482517482517483,0.4,0.8952380952380952,1.0,0.4666666666666667,1.0,0.8400000000000001,1.0,0.873015873015873,1.0,1.0,1.0,0.8444444444444444,0.4285714285714285,0.4285714285714285,0.936026936026936,1.0,0.906832298136646,0.875,0.9212121212121211,0.9307359307359306,1.0,1.0,1.0,1.0,1.0,1.0,1.0,1.0,1.0,1.0,0.6703296703296704,1.0,1.0,1.0,1.0,1.0,1.0,1.0,0.915057915057915,0.9090909090909092,1.0,1.0,1.0,0.8571428571428571,0.8973214285714286
align-dinov2+500m-things+hyp-abl10-218,1.0,0.9480030637925376,1.0,0.9837985769020252,0.9794182505512968,0.9918138491729744,0.9801433552886478,0.9650793650793652,0.972567287784679,0.9697344627391262,0.986090393560041,0.9833540544274072,0.9937570394207562,0.9843089865010444,0.9857264957264956,0.967913593256059,0.957267845616786,0.992941462820981,0.991089814668145,0.9876534846303666,1.0,0.9617049617049616,0.9571579046168928,0.9697879151660664,0.9610676484123332,0.9599978841856098,1.0,0.9968199589820796,0.9780794619504296,0.972110365398956,0.9970215765182002,0.9497177594442032,0.9955156950672646,0.9707633053221288,0.9247899159663866,0.9628769689454104,1.0,0.9812203270617196,0.978988258144257,0.9703947368421052,0.9801372336583604,0.9877296753083312,0.9422230374174616,0.9899245491350754,0.9856636869623884,0.9675173181149276,0.9871508598738592,0.9801995798319328,0.9858561606460766,0.9863013698630136,0.987620310852634,0.9938005486870702,0.9488805970149252
align-dinov2+500m-things+hyp-abl10-218-random,0.9972415181717508,0.946972571250028,0.9958156065619692,0.9335428828019756,0.964075305700296,0.967035448182434,0.9652045294730972,0.9342317547689096,0.9611721611721612,0.9061487919103428,0.9665362776025236,0.9750517598343684,0.9937570394207562,0.9684842327086628,0.9576572008113592,0.946193808312129,0.9268607560671736,0.9588587641866332,0.9644268774703556,1.0,0.9607068123692164,0.9197807673143996,0.9634470792365528,0.9845540098199672,0.9783214331838896,0.952704758628901,0.9932123904726644,0.993619972260749,0.9639565840671718,0.939165409753645,1.0,0.9123325005677948,0.9820624195624196,0.9851950354609929,0.9617412368196068,0.9522703886440992,0.9705266829438436,0.9752502780867632,0.9873893922534838,0.9851973684210528,0.9329922027290448,0.9816849816849818,0.9365278649647764,0.9849329205366356,0.9716666666666668,0.94265094173561,0.9774138015837884,0.9769666500833528,0.9385490753911808,0.9725975975975976,0.993835523641783,0.9937578475336324,0.9415933919531042
align-dinov2+500m-things+hyp-abl10-42,0.9972415181717508,0.9572098346943716,1.0,0.9227799227799228,0.9793771043771043,0.9754415475189236,0.9900446775446776,0.9693662972435352,0.9714028776978416,0.9592111592111592,0.9748410966701452,0.9708821651103784,0.9875784351389424,0.9811444652908068,0.9857264957264956,0.9731800766283524,0.965360909464457,0.9857959183673468,0.9955382815443494,0.9958836582928192,0.992373990343396,0.955475663716814,0.9635513332704184,0.9847289644012944,0.9826772814388912,0.9781815296731196,1.0,0.9904598769462388,0.9639565840671718,0.9719799814198808,1.0,0.9608915906788248,0.9955156950672646,0.9779343756881744,0.9313387034906022,0.978842105263158,0.9926792289365388,0.968945183014062,0.9831885286430742,0.977660307975178,0.9734128262971318,0.9938339920948616,0.9807003032809484,0.9899245491350754,0.9856636869623884,0.9738816738816738,0.9872229363873632,0.9867997198879552,0.9764269344101276,0.9863013698630136,0.993810155426317,0.9938005486870702,0.9562020460358056
align-dinov2+500m-things+hyp-abl10-42-random,0.997220430042079,0.9663813229571984,1.0,0.9649621212121212,0.9487179487179488,0.95959484142359,0.9698529411764706,0.9386756674757282,0.973623092236231,0.9255879255879256,0.9748410966701452,0.9708560076012784,0.9874482401656316,0.9715943885963012,0.9714529914529916,0.9447167755991286,0.9275138007532372,0.9719354838709676,0.9688273132112816,0.991766061263215,0.9848566308243728,0.9399029488615156,0.9328231292517006,0.9847289644012944,0.974015922158337,0.96,0.9864842726081258,0.9904598769462388,0.9709714662708232,0.9329107868930878,1.0,0.9044359653977224,0.9955156950672646,0.992548967117298,0.974494157879738,0.912287907179711,0.9852633414719218,0.95715710208713,0.978988258144257,0.9636363636363636,0.9673771204871684,0.9749486125385406,0.9469830850795252,0.9797222222222224,0.9579831932773109,0.980309678355151,0.9678771496846476,0.970385692964311,0.933910306845004,0.9497045743992316,0.974920766156814,0.9875589875589876,0.912291933418694
align-dinov2+500m-things+hyp-abl10-7,1.0,0.9762276859413176,1.0,1.0,0.958909853249476,0.9754415475189236,0.9850876554884702,0.960613810741688,0.9208692767086928,0.9539830692424572,0.9835041799363058,0.9792015465074132,0.9874482401656316,0.9843089865010444,0.9787107466111418,0.962216490733601,0.9565082804519424,0.9928533289522324,0.9910813381956556,0.9917682926829268,1.0,0.977320749401324,0.966910994764398,0.9923213831680652,0.9697192820984812,0.9599978841856098,1.0,0.9936596422445478,0.9780794619504296,0.9775294400384522,0.9940295333009236,0.949407275798794,1.0,0.9779343756881744,0.9559438838296824,0.9632493143528796,0.9926792289365388,0.9874293785310736,0.9873893922534838,0.9779281529588084,0.9801372336583604,0.9876048817696416,0.9806558585114222,0.9849329205366356,0.9856636869623884,0.9805103908689566,0.9903490618778136,0.9836418387093976,0.990582490408092,0.9954334090956484,0.9844930857907248,0.9814016460612108,0.9342505199168132
align-dinov2+500m-things+hyp-abl10-7-random,1.0,0.946972571250028,1.0,0.9299242424242424,0.9794182505512968,1.0,0.9647671192516388,0.9604579949407536,0.986553911205074,0.9647798742138364,0.9498044164037855,0.9666758849557522,0.9937570394207562,0.9780325811014624,0.9576572008113592,0.9728355412819484,0.9471009036144578,0.9445241511238642,0.9910813381956556,0.9917682926829268,0.961304208453542,0.9843628593628594,0.9801465968586388,0.9923213831680652,0.9825925925925926,0.9308505710617913,0.9932123904726644,0.9871588089330025,0.96294892846617,0.923018113385086,0.9970215765182002,0.9118721461187216,0.9775766716943188,0.9703900709219858,0.9494350282485876,0.9476235146966854,0.9705266829438436,0.9687005451028662,0.991591294516676,0.992553435991726,0.973616885193476,1.0,0.9419675755342668,0.9798490982701508,0.9926960257787324,0.9612142857142856,0.9774811443815652,0.970385692964311,0.9070167886353852,0.9771670454782408,0.9875683060109288,0.9690027434353512,0.9159677311820787
align-dinov2+500m-things+hyp-abl10-local-shuffled-218,0.9935853379152348,0.9423182066703116,1.0,0.9663865546218487,0.9845792563600784,0.9693362193362194,0.9813899868247696,0.9695423623995052,0.9856214719352434,0.9684615384615384,0.9509157364936248,0.9793593826349224,0.9720411663807892,0.9731972450419052,0.9732504337767496,0.9665781574694066,0.9721163769151384,1.0,0.9956390157709732,0.9874997829823436,0.9687370600414078,0.9600755965036616,0.9556529515019706,1.0,0.9685187052536048,0.9808147483865276,0.9932483418721952,0.987733662000763,0.9852355072463768,0.9712561080770336,0.9906208559373116,0.9430015277941004,1.0,0.9713541666666669,0.9617639040348964,0.9589783281733746,0.9632239594802908,0.9874730603448276,0.9957419050897824,0.98555900621118,0.9383876357560568,0.9632126348228044,0.9607170099160948,1.0,1.0,0.9872196139801774,0.9783490566037736,0.948148608060598,0.9725826193390452,0.9906509392747924,0.9937491389998624,0.9942674972946096,0.9763655462184874
align-dinov2+500m-things+hyp-abl10-local-shuffled-42,1.0,0.9467916829050228,1.0,0.8905117883841288,0.979462051709758,0.9467299341958012,0.9813899868247696,0.9796949082663368,1.0,0.952557278407776,0.9687320322240958,0.9711517435112448,0.9791319933427218,0.9765905678935652,0.9798189156757936,0.9615461247260412,0.9838137784490923,1.0,0.9912860576923076,1.0,0.9531055900621118,0.967797256097561,0.9762633744855966,1.0,0.9594815577493792,0.9923280423280424,0.9932483418721952,0.987733662000763,0.9708199069101324,0.9771428571428572,0.9968899158118598,0.9547152194211016,0.9916951469583049,0.9644228825550838,0.9556165869867426,0.974130567419158,0.9641091768751344,0.9874730603448276,0.9957419050897824,0.9711180124223604,0.9563932002956392,0.969760298913904,0.9557591810437396,0.9948300056623748,0.9789196310935442,0.993572716838826,0.9782515991471216,0.9574043106651802,0.98172174622603,1.0,0.9937491389998624,0.9884908984145626,0.9646275488972118
align-dinov2+500m-things+hyp-abl10-local-shuffled-7,1.0,0.9612488521579432,0.9953847782364772,0.9645833333333332,0.9742987606001304,0.98443508514924,0.9860708782742682,0.9847715736040608,0.9728479485116652,0.9633076785394666,0.9571425788479146,0.9793593826349224,0.9655434828562972,0.9832789770668324,0.9864647351477904,0.9725329462328864,0.978062870823358,0.9930252134525192,0.9869170473129194,0.9958332609941144,0.938915857605178,0.9594081760099916,0.9658337019018134,0.9921608233540132,0.9595240496117776,0.976970588235294,0.9932483418721952,0.990773645293014,0.9852355072463768,0.9655787863335032,0.9906697474355796,0.9776497695852536,0.995844235801139,0.9786537295330504,0.9686083599127078,0.9640006792324674,0.9782069685501762,0.9749461206896552,0.9957419050897824,0.96415770609319,0.9196157205240174,0.9756997455470736,0.9655904741451308,1.0,1.0,0.9809381787532012,0.985501066098081,0.9449614091871033,0.977183368305254,1.0,0.9905620314598952,0.9885780885780886,0.9842592592592592
align-dinov2+500m-things+hyp-abl10-shuffled-218,0.8995735027223231,0.9383288409703504,0.9558918453704368,0.9420076778567344,0.936564827809565,0.9578810247503255,0.9208035046479324,0.895,1.0,0.9639881372687472,0.875883152173913,0.95202129869149,0.977671451355662,0.9235849532946224,0.9446185997910136,0.9578300487391396,0.8292202630437924,0.939278937381404,0.9181469871125044,0.9430184706670496,0.9559409226684368,0.958122586610105,0.931503772906935,0.9763756419662508,0.9606823382567088,0.937091402491674,0.9607492080980582,0.9078281745691504,0.9575217261012886,0.9305017435102674,0.91129138810348,0.9491073807620568,0.9344626492640932,0.9523809523809524,0.8992777669334375,0.902836618161724,0.9713541666666669,0.9377340690128362,0.9289782244556114,0.9435204435204436,0.9450386529704542,0.9504764241606348,0.9258503401360544,0.9735689668575576,0.9583583433373348,0.9554078716297648,0.8907999693204479,0.9061539938556068,0.9242801279772483,0.954705689457288,0.9378219029547304,0.9492249978189432,0.9599236894052808
align-dinov2+500m-things+hyp-abl10-shuffled-42,0.8995735027223231,0.929110008377908,0.9363673264726248,0.9749293785310736,0.945657638752268,0.944634703196347,0.9257050353582688,0.9236987918975385,1.0,0.946071692925875,0.8618570087719917,0.9174456879526004,0.9700680272108844,0.9067913226485348,0.945390314508611,0.9580168776371308,0.871189886284226,0.9313813734314608,0.9650920974450384,0.938525847522626,0.9624761500953996,0.9422757697456492,0.9344464429135416,0.9682696097753252,0.9607446989294008,0.9370370370370372,0.9611928104575164,0.9247594050743656,0.945611510791367,0.9552629664654106,0.8903263745957071,0.948093124377208,0.9526752347096892,0.9380293327824828,0.9190207156308852,0.8974898785425101,0.9709714662708232,0.9443882709807888,0.9144778126400716,0.9294005544005544,0.9756406646015208,0.9587571519389702,0.9170892494929006,0.9573355641535084,0.9722388955582232,0.9554078716297648,0.9002641056422569,0.9014492753623188,0.952590811965812,0.9365879652402034,0.9435384615384615,0.9547152194211016,0.9452198509979948
align-dinov2+500m-things+hyp-abl10-shuffled-7,0.9308755760368664,0.957763604172444,0.96577221228384,0.9757264957264956,0.9704523664255208,0.9584760273972605,0.94403080872914,0.9379813262454848,1.0,0.9580557611645696,0.8627917646384127,0.921830350428636,0.9407692307692308,0.9106382978723404,0.9615142566684416,0.952220888355342,0.8567070513379238,0.939278937381404,0.9353792003519772,0.9159470684825656,0.9624761500953996,0.966760198575437,0.9585334904377776,0.9922360997251288,0.9607446989294008,0.9213642531145924,0.9607492080980582,0.9028495580219718,0.9860372340425532,0.9402680652680652,0.9287079510703364,0.9713600239916028,0.9309335674568336,0.960061771127323,0.9470443349753694,0.9164278558281492,0.9495392176940404,0.9606641123882504,0.9574705213650448,0.924195662283854,0.9574863963489556,0.9443908711025392,0.9033259423503326,0.9478474281623888,0.9655223824965522,0.948781838316722,0.8606718316261884,0.9034980913518492,0.9433811802232854,0.945611156685808,0.9558833630993268,0.9717916654549684,0.9562334217506632
align-dinov2+500m-things+hyp-abl10cat-218,0.9966871723207872,0.946923076923077,1.0,1.0,1.0,0.9589939857845816,1.0,0.984375,0.9587912087912088,0.9518209516216294,1.0,0.4976525821596244,1.0,0.9868233618233616,0.9859893252001524,0.9723453017570663,0.9517074761209904,1.0,0.9861811391223156,1.0,0.99238230663755,0.4972972972972973,0.9511599511599512,0.9628676470588236,0.9748515101731328,0.9694784504444072,1.0,1.0,0.9727633477633476,0.9525280898876404,0.9961451137626202,0.9666707561444404,0.9813436029097132,0.9727106227106228,1.0,0.4975845410628019,1.0,1.0,1.0,1.0,0.9737121051515794,0.980679785330948,1.0,1.0,1.0,1.0,0.9854041742202388,0.9589553790493616,0.9750265806196374,0.995244521560311,0.9933335716328282,0.9626831501831502,0.9600614439324116
align-dinov2+500m-things+hyp-abl10cat-218-random,0.9966871723207872,0.9780412823891084,0.986056152251743,0.953846153846154,1.0,0.9833333333333334,1.0,0.9361135758651288,1.0,0.8989104287533607,1.0,1.0,0.9722418670438472,0.9868233618233616,0.9721062618595826,0.961207556412847,0.9551612903225808,0.9813068651778328,0.943735743854017,1.0,0.97,0.4945652173913043,0.945631880031665,0.9809469911337484,0.9748515101731328,0.9520375649840684,0.9881873445703232,1.0,0.966029246344207,0.9170871881132604,0.992254833449802,0.928636815920398,0.9576232748007516,0.9523243589157564,0.4975369458128079,0.4975845410628019,0.9840888278388278,1.0,0.9856370656370655,0.9591836734693876,0.9476793248945148,0.980679785330948,1.0,1.0,0.9802460578755848,0.9771055687662444,0.9889658080612856,0.948743006869202,0.959920634920635,0.9711363439368988,0.9865875584322186,0.98756105006105,0.9425028824163154
align-dinov2+500m-things+hyp-abl10cat-42,0.9966871723207872,0.9736258695818364,1.0,1.0,1.0,0.9836798839458414,1.0,0.9766826793328656,0.9587912087912088,0.9251166495959942,1.0,1.0,1.0,0.9768025078369906,0.9721062618595826,0.9722911117234624,0.9630664909446476,1.0,0.9861811391223156,1.0,0.9626847106821236,1.0,0.95906432748538,0.9809469911337484,0.9899434000404286,0.9695510735198438,1.0,1.0,0.9863175063428778,0.9643459915611814,0.9961451137626202,0.9468709256844848,0.995341382626349,0.9794963533782854,0.4975369458128079,1.0,1.0,1.0,0.9952296159511091,1.0,0.9737121051515794,0.9934874371859296,1.0,1.0,0.9813328966759456,0.9923685229220816,0.9852478271082924,0.968407479045777,0.96000396000396,0.995244521560311,1.0,0.981313768199014,0.955547112462006
align-dinov2+500m-things+hyp-abl10cat-42-random,0.9966540824635428,0.9559589460784312,0.9953667953667954,0.953846153846154,0.4972067039106145,0.9673597678916828,1.0,0.96875,1.0,0.9357045143638852,1.0,1.0,0.9929116438665402,0.990174382579446,0.9446536144578312,0.9668255131964808,0.9353385762993852,0.946773433820066,0.9629907476869216,0.4976076555023923,0.9619115331877508,1.0,0.9496523615439942,0.9608527131782946,0.9748515101731328,0.956644185874157,1.0,1.0,0.9593211206896552,0.922687123904705,0.992254833449802,0.9032564396787084,0.995341382626349,0.9727106227106228,1.0,0.4975845410628019,0.9840888278388278,1.0,0.9952296159511091,1.0,0.9651195499296764,0.9870854591836736,1.0,1.0,0.9616161616161616,0.9846836847946726,0.9668974241838564,0.9546332046332048,0.91000891000891,0.980848861283644,0.973012083062007,0.9875229638701776,0.9377659574468084
align-dinov2+500m-things+hyp-abl10cat-7,1.0,0.9604743083003952,1.0,0.9698453608247424,1.0,0.9835124572545187,1.0,0.9766826793328656,0.939988569251286,0.9412082444918266,1.0,1.0,1.0,0.993437130469058,0.965207100591716,0.9723453017570663,0.9626344086021504,1.0,0.9815492021276596,1.0,0.9771469199126503,0.4945652173913043,0.946305556784824,0.9628676470588236,0.979886800080857,0.9782507667998884,1.0,1.0,0.966029246344207,0.9584343487579494,1.0,0.9476052716168436,0.9906718014548566,0.9659459706541116,1.0,1.0,1.0,1.0,1.0,1.0,0.9734418505033198,0.9935249210599943,1.0,1.0,1.0,0.9923685229220816,0.9890244328707748,0.9724916387959868,0.9800395256916996,0.9904680120223271,0.9932937792161094,0.9875229638701776,0.9381793478260868
align-dinov2+500m-things+hyp-abl10cat-7-random,0.9932744767384188,0.9604743083003952,1.0,0.9160287081339712,0.4972067039106145,0.9670249145090376,1.0,0.9353535353535354,0.9772972972972972,0.9040816326530612,0.4909909909909909,0.4880382775119617,0.9929116438665402,0.9768025078369906,0.9650549137070318,0.9336996336996336,0.9429458026171048,0.9154824233358264,0.99077460106383,1.0,0.9328324792278224,0.4918032786885246,0.9714281549293722,0.9608527131782946,0.9798745954692556,0.9521516869597546,0.988157894736842,1.0,0.9593211206896552,0.9289318755256518,1.0,0.9604368932038836,0.9766510292826084,0.97249907715024,1.0,0.4951456310679611,0.9687640449438202,1.0,0.9904422128259338,1.0,0.9386615786870186,0.987012987012987,1.0,1.0,1.0,0.95371198568873,0.974523326572008,0.9597936044537988,0.9550478451153476,0.9904680120223271,0.9691602436313194,0.9750459277403551,0.9425028824163154
align-dinov2+500m-things+hyp-abl10cat-local-shuffled-218,1.0,0.935917525773196,0.995145521461311,0.95539324377201,1.0,0.9673717371737174,1.0,0.9732044805622666,0.978688185392096,0.967046818727491,0.4840425531914893,1.0,1.0,0.963547604039537,0.961038961038961,0.982909855963748,0.9605147115706956,1.0,0.995245919596889,1.0,0.991700706736692,1.0,0.9251876461178786,1.0,0.973798411528699,0.9876582758678828,0.9941142250966704,1.0,0.9930109827414064,0.975551580202743,1.0,0.9613019349032548,1.0,0.9677996422182468,1.0,1.0,0.984177940839257,1.0,0.984936103376883,1.0,0.966541822721598,0.993445191078864,1.0,1.0,1.0,0.9725589225589226,0.9889912141420556,0.9450746268656716,0.9641678576068596,0.9950598561613934,0.9927201989411198,0.9937216602720612,0.9784119151715256
align-dinov2+500m-things+hyp-abl10cat-local-shuffled-42,0.9957028010161766,0.9497065183812172,0.995145521461311,0.95539324377201,1.0,0.9838888888888888,1.0,0.9911562160202972,0.978688185392096,0.9452227011494252,0.4894736842105263,1.0,1.0,0.987932067932068,0.9544120603015076,0.97716658017644,0.9596132238206015,1.0,0.985737758790667,1.0,0.991700706736692,1.0,0.9375,0.9813328966759456,0.9790553070797424,0.9917584273458082,0.9941142250966704,1.0,0.9860531309297912,0.957302785732882,0.991390348359751,0.968128080643368,0.9873191959906544,0.9616477272727272,1.0,1.0,0.9921246361924329,1.0,0.9798664122137404,0.9803431617524572,0.9266200182537268,0.98678084469571,0.4914285714285714,1.0,1.0,0.9720411663807892,0.9851230211710852,0.9410828475367996,0.9640182648401826,1.0,0.9854403978822396,0.9937216602720612,0.9697766812401356
align-dinov2+500m-things+hyp-abl10cat-local-shuffled-7,1.0,0.9360599078341014,1.0,0.9696808510638296,1.0,0.976256754543966,1.0,0.9823953823953824,0.978688185392096,0.9447597198744264,0.4840425531914893,0.4953703703703703,1.0,0.980277679819234,0.9803421914816164,0.982861038075762,0.967329908467416,1.0,1.0,1.0,0.9669336088865924,0.4955357142857143,0.9015626922603668,0.9813328966759456,0.9686274509803922,0.9752435064935066,0.9941142250966704,1.0,0.9930109827414064,0.98167393004805,1.0,0.9613019349032548,1.0,0.9679626626587036,1.0,1.0,0.9680555555555556,1.0,0.9899810066476732,1.0,0.966897233201581,0.98678084469571,0.4971751412429379,1.0,0.9813584049278652,0.972307169554876,0.9775593382881804,0.94182359231878,0.9691222570532916,1.0,0.996346949249766,0.9874632409843678,0.9651970461358486
align-dinov2+500m-things+hyp-abl10cat-shuffled-218,0.8709677419354839,0.9151969981238276,0.937720706260032,0.9658308073849544,1.0,0.9422657952069716,1.0,0.9646959932754272,1.0,0.9467084639498432,1.0,1.0,0.9769950817071236,0.9321857333418028,0.9619495271669184,0.928780896522832,0.8114269930307666,0.9822660098522168,0.9209486166007904,1.0,0.9630160417918728,1.0,0.9329169558177192,1.0,0.9293467234733211,0.9028822055137844,0.9480352846832398,1.0,0.9486122125297384,0.9600713012477716,0.886049914557901,0.9587609970674488,0.929153605015674,0.9146833400564744,1.0,1.0,0.952127659574468,1.0,0.9526909722222222,0.9819245082402976,0.9845781009032826,0.9667841374002512,1.0,1.0,0.9333333333333332,0.9481481481481482,0.8501952342811374,0.9230353767215772,0.9485370950888192,0.9205489346334416,0.8977283340770643,0.9818594104308388,0.8929621541688877
align-dinov2+500m-things+hyp-abl10cat-shuffled-42,0.8853835316916447,0.92368959421614,0.9483162830349532,0.9883184173339614,1.0,0.9714234363767074,1.0,0.9301552106430157,0.9776958525345624,0.9405260657366216,1.0,1.0,0.9527789839339992,0.8922949882487454,0.9549071618037136,0.9350220646999547,0.799068268895855,0.9822660098522168,0.8879076086956521,1.0,0.9709090909090908,1.0,0.9050270181758636,1.0,0.959626699127612,0.8936274509803921,0.9242203439230544,1.0,0.9360795454545454,0.9090439276485788,0.869598080778205,0.952,0.9380094043887148,0.9290458937198068,1.0,0.4974358974358974,0.976189135941458,0.4975609756097561,0.9430363208779724,0.9819245082402976,0.9769623169326972,0.9216934585389144,1.0,1.0,0.9377179870453412,0.9481481481481482,0.8720914493841441,0.8662531498352395,0.9385143570536828,0.925727532578605,0.8741704731534948,0.945578231292517,0.9196296610889324
align-dinov2+500m-things+hyp-abl10cat-shuffled-7,0.8984534032148623,0.924350719672357,0.9220820949473854,0.9769345238095238,1.0,0.9854128440366972,1.0,0.9733709052483268,1.0,0.9801753552455406,0.4921465968586387,1.0,0.9845875850340136,0.9068981964909566,0.9772917014526632,0.9410459148286864,0.8167781338035741,0.9822660098522168,0.9068664803996276,1.0,0.9778096250751236,1.0,0.9129414333278753,1.0,0.9496457489878544,0.8834586466165413,0.9418529525778524,1.0,0.9298508050230287,0.982927539043554,0.8725046690184686,0.9726327312534208,0.9289308176100628,0.936157367812044,1.0,1.0,0.952127659574468,1.0,0.9432291666666668,0.9827557058326288,0.9922562088611095,0.9466493168510084,1.0,1.0,0.957074175824176,0.9547953103978474,0.871112929623568,0.9004329004329004,0.9587261680284936,0.945217883418223,0.9101575319986872,0.9575374616356744,0.9067606209150328
align-dinov2+500m-things+hyp-abl20cat-218,1.0,0.9852141769949988,1.0,1.0,1.0,0.9826073805202662,1.0,0.943440168570478,1.0,1.0,0.9885513415892672,0.9827457088937483,0.992350043465662,0.9950905417398366,0.9618163054695562,1.0,0.9412093617701094,1.0,0.9890514964788732,0.993688428786108,0.9896254798215582,0.9696842105263156,1.0,0.9745305417655946,0.9936725159106794,0.4968553459119497,1.0,1.0,0.9846117424242424,0.968944099378882,1.0,1.0,1.0,1.0,0.949270460914098,1.0,1.0,0.9849615558570782,0.9941423897803396,1.0,0.9758064516129032,0.9841854752034392,1.0,1.0,1.0,1.0,1.0,0.4919354838709677,1.0,0.9943394608193488,1.0,1.0,0.9699546684471309
align-dinov2+500m-things+hyp-abl20cat-218-random,1.0,0.9483926925787391,1.0,0.9285208775654636,0.4923076923076923,0.9826073805202662,0.993175141242938,0.936952974336152,1.0,0.4962406015037593,0.9250738708315744,0.9651120533010298,0.9771137952956136,0.9901358221412856,0.9618163054695562,1.0,0.9206896551724136,0.9784448025785656,0.9387812176636744,0.9619360902255638,0.9791666666666666,0.9696842105263156,1.0,0.9914954954954956,0.9810175477320384,1.0,1.0,0.9796336206896552,0.976910780889231,0.9699197860962568,1.0,0.4964028776978417,1.0,1.0,0.949270460914098,1.0,0.9796001631986944,0.962371979856278,0.9641904761904762,0.495575221238938,0.9627652475643936,0.9663398692810458,1.0,1.0,1.0,0.9878032786885246,1.0,1.0,1.0,0.97125685915861,0.4965986394557823,1.0,0.951830985915493
align-dinov2+500m-things+hyp-abl20cat-42,1.0,0.9556425309849969,1.0,0.9846992879866688,1.0,0.9652147610405324,0.9864403735632185,0.9560090199992606,1.0,1.0,0.9834937462221602,0.97103460760945,0.954377880184332,0.9902255639097745,0.9618163054695562,1.0,0.9297752565336942,0.989135952888618,0.9891185476815398,0.993688428786108,0.9896254798215582,0.9163763066202092,0.4964539007092198,0.9914954954954956,0.9808768483860208,0.4936708860759494,1.0,0.9896704377766848,0.9923072371146222,0.9847224579867596,1.0,1.0,1.0,1.0,0.9103500616639788,0.4962962962962963,0.9794745484400657,0.9924795024031664,0.9941423897803396,1.0,0.9639953542392566,0.9841854752034392,1.0,0.4969325153374233,1.0,0.9875884158547978,1.0,0.496,1.0,0.9943394608193488,0.4965986394557823,1.0,0.9880050505050506
align-dinov2+500m-things+hyp-abl20cat-42-random,0.9940483304252216,0.9483926925787391,0.9898247322297956,0.9709436133486766,0.484375,0.9651937046004844,1.0,0.9373525943396226,1.0,0.4962406015037593,0.9471804790953726,0.953125,0.992350043465662,0.9704074664238562,0.9601293103448276,1.0,0.926431433841904,0.9679160419790104,0.9556298773690076,1.0,0.979330301777594,0.9419354838709676,1.0,0.9914758361626816,0.9747800586510263,1.0,1.0,0.9848320693391116,0.9614814814814814,0.9842077557466222,1.0,1.0,1.0,1.0,0.9394230769230768,1.0,0.989769820971867,0.9849615558570782,0.970711948901698,1.0,0.9498922413793104,0.9835279066048296,1.0,1.0,1.0,0.9749461206896552,1.0,1.0,0.4965986394557823,0.9943394608193488,0.4965986394557823,0.7731092436974789,0.9516265912305516
align-dinov2+500m-things+hyp-abl20cat-7,1.0,0.9777959183673468,1.0,1.0,0.4961832061068702,0.9826073805202662,0.9932058492688414,0.955720930232558,1.0,0.4962406015037593,0.9944116489571037,0.95944845065323,0.9771137952956136,0.9852716252195096,0.9618163054695562,1.0,0.9412093617701094,1.0,0.9836281365693132,0.993688428786108,0.9791666666666666,0.9696842105263156,1.0,0.9914954954954956,0.9808768483860208,0.4968553459119497,0.4958677685950413,1.0,0.976910780889231,0.9236122899337972,1.0,1.0,1.0,0.4964539007092198,0.919969512195122,1.0,0.9796001631986944,0.9849615558570782,0.9882426516572858,1.0,0.9634098360655736,1.0,1.0,1.0,1.0,1.0,1.0,0.496,1.0,0.9886363636363636,0.4965986394557823,1.0,0.9820409592158236
align-dinov2+500m-things+hyp-abl20cat-7-random,0.9698291530352598,0.9630735813195764,0.9949248439814478,0.9205600125845524,1.0,0.9739130434782608,0.993175141242938,0.9365292712066906,1.0,1.0,0.9408096571962118,0.9651120533010298,0.992325135182278,0.9754527086991824,1.0,0.496551724137931,0.9339080459770116,0.9679160419790104,0.972877197764754,0.9808685089583966,0.9267705826969348,1.0,1.0,0.9829725829725828,0.9808768483860208,1.0,0.4958677685950413,0.9843928487867986,0.9846117424242424,0.9678571428571427,1.0,1.0,1.0,1.0,0.9592074592074592,1.0,0.969309462915601,0.9548846675712348,0.9941423897803396,1.0,0.9627652475643936,1.0,1.0,1.0,0.4964028776978417,0.9639953542392566,1.0,1.0,1.0,0.9886363636363636,1.0,0.687603305785124,0.926377726750861
align-dinov2+500m-things+hyp-abl20cat-local-shuffled-218,1.0,0.9772086330935252,1.0,0.9668032786885246,1.0,0.9815254237288136,0.988233665559247,0.9851923076923076,1.0,1.0,0.9733266590389016,0.9732613171475172,0.9827380952380952,0.976273148148148,0.9801115692456948,1.0,0.956303730995638,0.9886613444405876,0.9940392156862744,1.0,0.9676419965576591,1.0,1.0,0.9920941349512776,0.9756063756063756,1.0,0.4962406015037593,0.9950207143510592,0.9747031129224932,0.9840985887497516,0.4921875,1.0,1.0,1.0,0.959866220735786,1.0,0.9632306725329982,0.957670906200318,0.9940493422110714,1.0,0.941213258286429,1.0,1.0,1.0,1.0,0.9667565139263252,0.4960629921259842,0.4893617021276595,1.0,0.9926043538210838,1.0,1.0,1.0
align-dinov2+500m-things+hyp-abl20cat-local-shuffled-42,1.0,0.9621016365202412,1.0,0.9836726466438218,0.4960629921259842,0.9815753887762,0.9941158146135474,0.9851923076923076,1.0,1.0,0.9496743490046486,0.9568547082299644,0.9567390169314538,0.9941831595374904,1.0,1.0,0.9553151498878332,1.0,0.994086707541004,0.9890977443609024,0.9674627898926964,1.0,1.0,0.9920941349512776,0.9756063756063756,1.0,1.0,0.9901090342679127,0.9831649831649832,1.0,1.0,1.0,1.0,1.0,0.9697281136130056,1.0,0.9632306725329982,0.9436172324796506,0.9940493422110714,1.0,0.9763104838709676,0.9844491733507938,1.0,0.4970414201183432,1.0,0.9886976886264128,1.0,0.4965034965034965,1.0,0.9926043538210838,1.0,1.0,0.9872696032489848
align-dinov2+500m-things+hyp-abl20cat-local-shuffled-7,1.0,0.9772400712684636,1.0,0.9836726466438218,1.0,0.9815254237288136,0.9941125541125542,0.977671451355662,1.0,1.0,0.9640308582449372,0.9573333333333334,0.9827380952380952,0.9882912898619703,1.0,1.0,0.9621274409044194,1.0,0.994086707541004,0.9945671082563896,0.9679071355411404,0.9631205673758864,0.4963503649635036,0.9762824048538334,0.9817622880038686,1.0,1.0,1.0,0.9831649831649832,0.9836031973765116,1.0,1.0,1.0,1.0,0.9897872340425532,1.0,0.972554539057002,0.950584141188168,1.0,1.0,0.988063492063492,1.0,1.0,1.0,1.0,0.9667565139263252,0.4960629921259842,0.4965034965034965,0.4964028776978417,0.9926043538210838,1.0,0.9409479409479408,0.9872696032489848
align-dinov2+500m-things+hyp-abl20cat-shuffled-218,0.9007121910347717,0.9328021396333648,0.8980832948873884,1.0,0.4968944099378882,0.965214549189896,0.9717261904761904,0.915746059802622,1.0,1.0,0.8608917197452229,0.9008205160203412,0.98147512864494,0.8999824530619407,1.0,1.0,0.7926651031576085,0.9775175644028102,0.8468253968253968,0.8808738529863174,0.9804029304029304,1.0,1.0,0.9510954616588418,0.9706407137064073,1.0,0.4966887417218543,0.8715144157814871,0.9717806041335452,1.0,1.0,1.0,1.0,1.0,0.9570707070707072,1.0,0.9325328759291024,0.8986458333333334,0.9403482493914996,0.4964028776978417,0.9881664672251032,0.92579185520362,1.0,1.0,1.0,0.96698930208864,1.0,1.0,1.0,0.9074902545587736,1.0,1.0,0.9145622895622896
align-dinov2+500m-things+hyp-abl20cat-shuffled-42,0.948442394709363,0.9400849541694613,0.9538330008549444,0.96040987424313,1.0,0.965214549189896,0.9230733839429492,0.9390981846574272,0.4885496183206106,1.0,0.8123555333832211,0.9180440771349864,0.9629629629629628,0.9115463016889924,1.0,1.0,0.7937313044609182,0.9544592030360532,0.8997344724082198,0.9452037418741082,0.9800373134328356,1.0,1.0,0.9596279310122086,0.9304737516005122,1.0,0.4933333333333333,0.8865248226950355,0.9295774647887324,0.9867635189669088,1.0,1.0,1.0,1.0,0.9787941787941788,1.0,0.9445488721804512,0.8838763575605681,0.9472429210134128,1.0,0.9881664672251032,0.9825494786124708,1.0,0.4926470588235294,1.0,0.977377461248429,1.0,0.4931506849315068,1.0,0.8923395445134575,1.0,1.0,0.9402472527472528
align-dinov2+500m-things+hyp-abl20cat-shuffled-7,0.9587539157674904,0.9477349974926172,0.9535150645624104,0.9733709273182958,1.0,0.938702747177401,0.9578947368421052,0.9229249011857708,1.0,1.0,0.8233331311047746,0.9422268907563024,0.9166595215639202,0.910510615897526,0.9791089856531588,1.0,0.8039285714285714,0.9777777777777776,0.84921875,0.904959904959905,0.9600746268656716,1.0,1.0,0.9432886123533606,0.9342057433660488,1.0,0.4829931972789115,0.8876132779876096,0.9718086162398252,0.9867635189669088,1.0,1.0,1.0,1.0,0.9356060606060606,1.0,0.9180745197870864,0.8838763575605681,0.9743552593451174,1.0,1.0,0.9644097222222222,1.0,1.0,1.0,0.9254658385093169,1.0,0.4965986394557823,1.0,0.90365910143585,0.4929577464788732,0.9251700680272108,0.9286202652810064
align-dinov2+500m-things+hyp-abl30-218,1.0,0.9381210266070168,1.0,0.9816637714726888,0.9511035653650256,0.9841011743450768,1.0,0.9648968845985082,0.9414858645627876,0.9352226720647774,0.9717428293631504,0.97602641401091,0.9808685089583966,0.9595606104792456,1.0,0.975229190698804,0.995978837531828,1.0,0.9776695309506868,0.9883036935704514,0.9792401096748924,0.9530698065601346,0.956442831215971,1.0,0.980221210149642,0.9613070697816462,1.0,1.0,0.9831752282083408,0.9844155844155844,1.0,0.9641468464374086,1.0,0.9698613622664256,0.9353146853146852,0.9610906677927248,1.0,1.0,1.0,0.979728317659352,0.9782214156079856,0.981028151774786,0.9595991230817412,0.9781891495601174,0.9496296296296296,0.9891565008862476,0.9888593858231356,0.9410948509485096,0.9684285771017832,0.993325917686318,0.9954219413192964,1.0,0.9488424801683664
align-dinov2+500m-things+hyp-abl30-218-random,0.9863294600136704,0.9652827317258764,0.9934595819262172,0.9624208860759492,0.944055944055944,0.9835298521429908,0.9925335988053758,0.922773146116718,1.0,0.9479527030515826,0.9578365144851976,0.9401176133103843,0.9903573888421212,0.9749897794771902,0.9743849005729692,0.958248910173758,0.9757285853485692,0.925,0.9115926327193932,0.9648533844889012,0.9792401096748924,0.8844720496894409,0.934952004517222,1.0,0.9735698139454008,0.9392190982080166,0.9889912141420556,0.9885204081632653,0.9656432748538012,0.93796992481203,0.9951472519644724,0.9144062688366486,0.9739304812834224,0.9846602239607302,0.9445941898772088,0.9607783520827,0.9746801705756928,1.0,0.9937301618401976,0.979728317659352,0.9555555555555556,0.95146771037182,0.9416855020988052,0.9358836206896552,1.0,0.9683409436834094,0.9722294166738612,0.9422958479345864,0.8990476190476191,1.0,0.9768140429925842,0.9869689154336908,0.9228138739618954
align-dinov2+500m-things+hyp-abl30-42,1.0,0.9313005834744964,1.0,0.9641779788838613,0.9649924636553704,0.9523035230352304,1.0,0.9648968845985082,1.0,0.9561688311688312,0.9811618862421,0.9700555854402008,0.9903573888421212,0.9698025551684089,1.0,0.9749493461042548,0.9711628816069402,1.0,0.9850877192982456,0.9765881708652792,0.989683698296837,0.9681506849315068,0.945793337097685,1.0,0.980193719324154,0.9723216197204636,1.0,0.9942232308644524,0.9514713474445018,0.976682564917859,0.9951472519644724,0.971138211382114,0.9934714375392342,0.9846602239607302,0.9251805488685604,0.9922011970255727,0.987468671679198,1.0,0.987450980392157,0.979728317659352,0.9668470127777138,0.9907123061942926,0.9506377551020408,0.9781891495601174,0.9869281045751634,0.989308111442377,0.9944458833347722,0.957821038251366,0.968473648729032,0.9866452991452992,1.0,1.0,0.9358766233766234
align-dinov2+500m-things+hyp-abl30-42-random,1.0,0.9176691729323307,0.986923076923077,0.9624208860759492,0.9442724458204336,0.968727789623312,0.9925335988053758,0.922773146116718,0.8691176470588236,0.9558733401430032,0.9615002483854944,0.9760401721664276,1.0,0.9748883254859352,1.0,0.9319829957489372,0.966421568627451,1.0,0.970357454228422,0.9766073871409028,0.9470582359404656,0.9243779476337616,0.9508853707756588,1.0,0.9604647130223688,0.9004035216434336,0.9889912141420556,0.9770408163265306,0.9831752282083408,0.930668222935512,0.9951472519644724,0.90014064697609,0.9804143126177024,0.9846602239607302,0.9776209677419356,0.9299632020269047,0.9872053872053872,0.9900220750551876,0.9811904855205924,0.979728317659352,0.9005410383331415,0.963095238095238,0.9426338860301124,0.9676190476190476,0.9869281045751634,0.9580475998386446,0.9663763066202092,0.9467305037957212,0.930718954248366,0.9799563493831008,0.9768140429925842,0.9866499791405924,0.9293582083485754
align-dinov2+500m-things+hyp-abl30-7,1.0,0.9381210266070168,0.9934595819262172,0.9816637714726888,0.9649924636553704,0.9841011743450768,0.9776551724137932,0.9439143135345668,1.0,0.941164453524004,0.995410059373103,0.9700426936461808,0.9903573888421212,0.964843655680309,1.0,0.9749493461042548,0.9840102707749768,0.9870695342393456,0.9850877192982456,0.9941512467079384,1.0,0.9530698065601346,0.9399710087258052,0.9721875,0.9670696303999308,0.9502701712611044,1.0,0.988371019843101,0.9831752282083408,0.9844155844155844,1.0,0.9641468464374086,1.0,0.9539806718821906,0.9353146853146852,0.9843825665859564,0.9872053872053872,0.9801754385964913,0.9748585795097424,0.979728317659352,0.9560238204306,0.9812971342383108,0.9673417721518986,0.9781891495601174,1.0,0.989308111442377,0.9944458833347722,0.9472762978142076,0.9621428571428572,0.993325917686318,1.0,0.9617783676177836,0.9358766233766234
align-dinov2+500m-things+hyp-abl30-7-random,0.9907203907203908,0.9175607001693956,1.0,0.9208333333333334,0.9372549019607844,0.968727789623312,0.9925335988053758,0.9369864345796663,0.9414858645627876,0.9198988621997471,0.9310848577235772,0.9461077844311376,0.9597186700767264,0.9698025551684089,1.0,0.9319829957489372,0.9629237049232088,0.9870695342393456,0.955536181342633,0.9941512467079384,0.8890263633767964,0.9243779476337616,0.9452991452991452,0.9456654456654456,0.9407663996536046,0.9167611981482048,0.966973642426167,0.9826696925933568,0.9824463118580766,0.961319814803962,0.9903162757640368,0.8850435134588139,0.9737373737373738,0.9539806718821906,0.9886976886264128,0.9299632020269047,0.9616161616161616,0.9900220750551876,0.9811609560814788,0.9582616179001722,0.9333333333333332,0.9625942684766212,0.9416855020988052,0.9676190476190476,0.96176433837311,0.9472349061390156,0.9611211833434056,0.9417065373640284,0.936984781230184,0.9866571784380004,0.9673212496928688,0.9742351046698872,0.9162418953635364
align-dinov2+500m-things+hyp-abl30-local-shuffled-218,1.0,0.9516716319099636,0.992252220036951,1.0,0.9791156560564598,0.9549121974371144,0.979032948224219,0.9919815254346014,0.7756471716203259,0.9316281357599606,0.9429182819903568,0.9817066369213608,0.9709788057338844,0.9783564051856736,1.0,0.9822188449848024,0.9825449912406434,1.0,0.9862514029180696,0.9865849324804548,0.9210526315789472,1.0,0.9475840783312048,1.0,0.9634725110648964,0.9886304909560724,1.0,0.9888917481557729,0.9671052631578948,0.9739032620922384,0.9888781431334625,0.9696356275303644,0.9882940854326396,0.9205194805194804,0.9783509036144578,0.9214088050314466,0.9588982446125304,0.9904009034443816,0.987468671679198,0.96313202247191,0.9477678131467429,0.9643738010413812,0.976177964617271,1.0,0.9622641509433962,0.9799003322259136,0.9842296492900766,0.9502572898799314,0.9727575982209044,0.9926442953020134,0.9951780196421892,0.9878035008469792,0.9651771336553944
align-dinov2+500m-things+hyp-abl30-local-shuffled-42,0.995324031007752,0.9516716319099636,1.0,0.9827827827827827,0.9721902570003836,0.9563218390804598,0.9721062618595826,0.9759753988083796,1.0,0.9471798490852832,0.9418253912058344,0.9878030641082848,0.9709788057338844,0.9838104369264484,1.0,0.9646739130434784,0.9783253569592216,1.0,0.9862101313320826,0.9932820216221026,0.9605263157894736,0.984149184149184,0.9582184517497347,0.9850163883252692,0.9488615154908548,0.9943135924525864,1.0,0.9832344373718848,0.9671052631578948,0.9738089862271392,0.9944612420731544,0.9311575726670068,1.0,0.9205194805194804,0.9575018477457502,0.9354643235873352,0.9588982446125304,0.9904009034443816,1.0,0.96313202247191,0.978968253968254,0.9727253654101686,0.9680975838611308,1.0,0.9738271604938272,0.97057631514955,0.9842296492900766,0.9593014189926712,0.986388888888889,1.0,0.9951780196421892,1.0,0.9942072660304704
align-dinov2+500m-things+hyp-abl30-local-shuffled-7,1.0,0.9448327980351408,1.0,0.9648692810457516,0.965279440639816,0.9854406130268198,0.979032948224219,0.9759753988083796,0.925215723873442,0.9622713207752024,0.922404703095434,0.9817066369213608,0.9805585012371862,0.9891782025928368,1.0,0.9644376899696048,0.9692487754823916,0.988160585512862,0.9930937279774488,0.9932820216221026,0.9697746354396818,0.9689024390243902,0.9529121185562904,0.9854875283446712,0.96349586997069,0.971516426606247,0.9879283014266552,0.9944114791239616,0.9832185126302774,0.9739032620922384,0.9944612420731544,0.9389692585895116,0.9824176577441136,0.9328505595786702,0.9783509036144578,0.9354643235873352,0.9588982446125304,0.9904009034443816,0.993738014167743,1.0,0.957936507936508,0.9638888888888888,0.9525581395348836,1.0,1.0,1.0,0.9683720930232558,0.9195102040816326,0.9659800971997224,1.0,1.0,0.9878035008469792,0.9652889245585876
align-dinov2+500m-things+hyp-abl30-shuffled-218,0.9155802261743904,0.9323593073593072,0.9425425425425424,0.9350996922253444,0.933596837944664,0.9720095693779904,0.951687372078633,0.9678332475553268,1.0,0.9713870469615768,0.9267153359199508,0.9303769578976886,0.9296875,0.9325743200506008,1.0,0.958407605466429,0.8210419013895596,1.0,0.9148851148851148,0.92882916511136,0.9706678306416412,0.968253968253968,0.9742999616417338,0.9706060606060608,0.942338298306468,0.9085059694276044,0.900805779383162,0.8851595006934814,0.9689759036144578,0.9626345435279684,0.9353584191717468,0.9611499611499612,0.9123563218390804,0.9579373734226516,0.9767992424242424,0.9153846153846156,1.0,0.9366192040890836,0.9082692958291044,1.0,0.9902300381916688,0.9685834502103788,0.9377289377289376,0.9594017094017092,0.9645933014354068,0.9322062696457396,0.911915940084954,0.9195370421727956,0.9138468290542024,0.9456980370574206,0.9193533084119244,0.95223752151463,0.9599162331075554
align-dinov2+500m-things+hyp-abl30-shuffled-42,0.9195799059929496,0.9385553684402166,0.9425425425425424,0.986347642505278,0.9629060463144508,0.9600637160086471,0.9448249619482496,0.967899332306112,1.0,0.980909090909091,0.8878471815305286,0.962000962000962,0.9885373134328358,0.905905752753978,1.0,0.9245759893581642,0.8483439041578575,0.9181141439205956,0.9354643235873352,0.9220389805097452,0.9699328859060404,1.0,0.9476235146966854,1.0,0.9359915198956296,0.9328044101761837,0.9448920996573122,0.9161886766988324,0.9543237250554324,0.9775506785056124,0.9314716243667877,0.9612611001847547,0.9452227011494252,0.9415963659961064,0.9303977272727272,0.9296536796536796,0.9732142857142858,0.9541657425888964,0.9650299401197604,0.9691176470588236,0.9709788057338844,0.902467343976778,0.9377289377289376,0.9079572979276936,0.9533221194280908,0.9329805996472662,0.9171642418635944,0.907017644472482,0.926947266569908,0.9391197038255862,0.9322807832211129,0.95223752151463,0.9656593406593408
align-dinov2+500m-things+hyp-abl30-shuffled-7,0.8744090022811556,0.9242111065178448,0.9589589589589588,0.9334978746743452,0.9704079475797928,0.9857542919761354,0.8964729401684992,0.9756951195800116,0.8698453608247423,0.9618181818181818,0.9148327548724208,0.9556090708408588,0.9656119402985076,0.9275691500100948,0.9702359346642468,0.958407605466429,0.833598444680099,0.9585882352941176,0.9641468464374086,0.9419042495965572,0.980330172110994,0.9838678701747648,0.9365263157894737,0.9551825042353304,0.9679657212813711,0.9451199107640824,0.9661963829182842,0.919035046849925,0.9677318295739348,0.9626678553518696,0.9183678887148584,0.9458945240501812,0.9234401147501792,0.956806910894257,0.9404978749241044,0.9434335443037974,0.949343339587242,0.9366192040890836,0.9158986175115208,0.9842555105713,0.9903262685779616,0.9792207792207792,0.9065934065934066,0.9587703435804702,0.9776209677419356,0.922972972972973,0.9066948987267712,0.9122953939855348,0.9403868930122384,0.945906432748538,0.890055259182776,0.9766610597140456,0.9712935927298972
align-dinov2+500m-things+hyp-abl30cat-218,1.0,1.0,0.4935064935064935,1.0,1.0,1.0,0.9896471400224311,0.4945054945054945,1.0,1.0,1.0,1.0,1.0,0.9771469199126503,1.0,1.0,0.4933333333333333,0.984736251402918,1.0,1.0,1.0,0.948663101604278,0.943181818181818,0.9840985442329226,1.0,1.0,1.0,1.0,1.0,1.0,1.0,0.9677383219446622,0.9827770646127514,1.0,1.0,0.9798975167520694,1.0,1.0,1.0,1.0,1.0,1.0,1.0,1.0,1.0,0.9436507936507936,1.0,0.4931506849315068,1.0,1.0,1.0,0.9894116471880932,0.9716962059437968
align-dinov2+500m-things+hyp-abl30cat-218-random,0.982391677801107,1.0,1.0,1.0,1.0,1.0,0.978693181818182,0.4945054945054945,1.0,1.0,1.0,1.0,0.9899183385421918,0.9535219995868622,0.4925373134328358,1.0,0.4933333333333333,0.9845419413503068,0.4814814814814814,0.9424128230985616,1.0,1.0,0.92296918767507,0.9840985442329226,1.0,1.0,1.0,0.9643382352941176,1.0,1.0,0.9911460608708316,0.9252585919252584,0.9914656771799628,1.0,1.0,0.9899159663865548,0.9843014128728416,1.0,0.989924878479894,0.4871794871794871,1.0,0.4943820224719101,1.0,1.0,1.0,0.9718253968253968,0.4939759036144578,1.0,0.937912087912088,1.0,0.931747176159577,0.9672671127123004,0.9207023506088928
align-dinov2+500m-things+hyp-abl30cat-42,1.0,1.0,1.0,1.0,1.0,1.0,0.9896471400224311,1.0,1.0,1.0,1.0,1.0,1.0,0.9924619327604404,1.0,1.0,1.0,1.0,1.0,1.0,1.0,1.0,0.9811965811965812,1.0,0.4941176470588235,1.0,1.0,1.0,1.0,1.0,1.0,0.9571428571428572,1.0,1.0,0.4936708860759494,0.9898436722094992,0.9843014128728416,1.0,1.0,1.0,1.0,1.0,1.0,0.4947368421052631,1.0,0.9859043081199126,1.0,1.0,0.9897319400272604,1.0,1.0,1.0,0.980952380952381
align-dinov2+500m-things+hyp-abl30cat-42-random,0.9910647262513016,1.0,0.48,1.0,1.0,1.0,0.9689414200672936,1.0,1.0,1.0,1.0,1.0,1.0,0.9619115331877508,1.0,1.0,1.0,0.9845419413503068,0.4939759036144578,0.975319781327955,1.0,1.0,0.9334543254688444,1.0,1.0,1.0,1.0,0.9741413782378816,1.0,1.0,1.0,0.9340357306459002,0.9649084568439408,1.0,1.0,0.9898436722094992,0.953734302709848,1.0,0.9693190993092312,1.0,1.0,1.0,1.0,1.0,1.0,0.9858706467661692,1.0,1.0,0.8758241758241758,1.0,0.9231913455037186,0.9462855984595115,0.9189814814814814
align-dinov2+500m-things+hyp-abl30cat-7,1.0,1.0,1.0,1.0,1.0,1.0,0.9794801641586868,1.0,1.0,1.0,1.0,1.0,1.0,0.985,1.0,1.0,1.0,1.0,1.0,0.9920107210968508,1.0,1.0,0.9906295255132463,1.0,0.4941176470588235,1.0,1.0,0.9821691176470588,1.0,1.0,1.0,0.9462305365744372,1.0,1.0,1.0,0.9797619047619048,1.0,0.4925373134328358,1.0,1.0,1.0,1.0,1.0,0.4947368421052631,1.0,0.9859043081199126,1.0,1.0,0.9897319400272604,1.0,0.9910733930535912,0.9892571196919024,0.9716962059437968
align-dinov2+500m-things+hyp-abl30cat-7-random,0.9910647262513016,1.0,0.4935064935064935,0.4929577464788732,1.0,1.0,0.9794801641586868,1.0,1.0,1.0,0.4952380952380952,0.4886363636363636,0.949387589837028,0.9290183500709815,1.0,1.0,0.4933333333333333,0.984736251402918,0.4939759036144578,0.9668378262729996,0.4886363636363636,1.0,0.9718885765397394,0.9370567375886524,1.0,1.0,0.4927536231884058,0.9729390431022458,1.0,1.0,0.9911460608708316,0.9032149658339867,0.9739271255060729,1.0,0.4936708860759494,0.9796081567373052,0.953734302709848,0.4848484848484848,0.9260220635950682,1.0,1.0,1.0,1.0,1.0,1.0,0.9717806041335452,1.0,1.0,0.8812231247013855,0.4693877551020408,0.9627296587926508,1.0,0.9134555944776428
align-dinov2+500m-things+hyp-abl30cat-local-shuffled-218,1.0,1.0,1.0,1.0,1.0,0.4942528735632184,0.9917987971569164,0.4915254237288136,1.0,1.0,1.0,1.0,1.0,0.9638802889576884,1.0,1.0,1.0,1.0,1.0,0.99262313860252,1.0,1.0,1.0,0.9818990155604954,1.0,1.0,0.4942528735632184,0.9802277432712216,1.0,1.0,0.9755286291280588,0.9422662098718436,0.9847566574839302,1.0,1.0,0.9899159663865548,1.0,0.4936708860759494,1.0,1.0,1.0,1.0,1.0,1.0,1.0,0.9872591176939004,0.4927536231884058,0.4956521739130435,0.9816849816849818,1.0,0.9928331247085388,0.978672032193159,0.9578022233862988
align-dinov2+500m-things+hyp-abl30cat-local-shuffled-42,0.9907868712915906,1.0,1.0,1.0,1.0,1.0,0.991712198416109,0.4915254237288136,1.0,1.0,1.0,1.0,1.0,0.9644579842599644,1.0,0.4893617021276595,1.0,0.9527272727272726,1.0,1.0,1.0,0.9229534510433386,0.9787581699346406,1.0,1.0,1.0,1.0,0.970736938869312,1.0,1.0,0.9838894681960376,0.9530443756449948,0.9923244093031858,1.0,0.4947368421052631,0.9695310166284974,1.0,1.0,1.0,1.0,0.4929577464788732,1.0,0.4933333333333333,1.0,1.0,0.96201930685235,1.0,0.4956521739130435,1.0,1.0,0.9928331247085388,0.9894116471880932,0.932963476652797
align-dinov2+500m-things+hyp-abl30cat-local-shuffled-7,1.0,1.0,0.4923076923076923,1.0,1.0,1.0,0.9751365952483272,0.4827586206896552,1.0,1.0,0.4936708860759494,1.0,1.0,0.9822289921299824,1.0,0.4947368421052631,0.4942528735632184,1.0,1.0,0.99262313860252,1.0,1.0,0.9683409436834094,1.0,1.0,1.0,0.4942528735632184,0.9796722009365688,1.0,1.0,0.9592143818800982,0.965359725923106,1.0,1.0,0.4947368421052631,0.9695310166284974,0.9657142857142856,0.4936708860759494,1.0,1.0,0.4857142857142857,1.0,1.0,1.0,1.0,0.9872591176939004,1.0,0.4956521739130435,0.9534125320288842,1.0,0.9780423611981452,0.9677713590757068,0.9473875181422352
align-dinov2+500m-things+hyp-abl30cat-shuffled-218,0.8323977098170647,1.0,0.4848484848484848,0.4927536231884058,1.0,1.0,0.9144312393887946,1.0,1.0,1.0,1.0,1.0,0.9761111111111112,0.9246563719667402,1.0,1.0,0.4943820224719101,0.9333333333333332,1.0,0.922077922077922,1.0,1.0,0.9046902971715002,0.9831888626214866,1.0,1.0,1.0,0.8319359756097561,1.0,1.0,0.8024077300807857,0.91883557419514,0.9045915324985092,0.4827586206896552,1.0,0.8728939327804452,0.9137683242311008,1.0,0.949074074074074,1.0,1.0,1.0,0.4938271604938271,1.0,1.0,0.9544534412955464,1.0,1.0,0.9271978021978022,1.0,0.784414840280762,0.9487466219364458,0.8896396396396397
align-dinov2+500m-things+hyp-abl30cat-shuffled-42,0.8278048780487806,1.0,1.0,1.0,1.0,1.0,0.9225432510757882,1.0,1.0,1.0,0.4947368421052631,1.0,0.9400362571468416,0.8738738738738738,1.0,1.0,1.0,1.0,1.0,0.9313266443701228,0.4893617021276595,1.0,0.9304197814836112,0.9504004133298888,1.0,1.0,1.0,0.8658846529814271,1.0,1.0,0.891943866943867,0.9549808429118772,0.8739429591890331,1.0,1.0,0.8819810326659642,0.9475371611774992,1.0,0.9622377622377624,1.0,1.0,0.4951456310679611,1.0,1.0,1.0,0.9544534412955464,1.0,0.4945054945054945,0.8922764227642277,1.0,0.8207266229898749,0.9592743428359868,0.9111185757473969
align-dinov2+500m-things+hyp-abl30cat-shuffled-7,0.8323977098170647,1.0,0.4925373134328358,1.0,1.0,1.0,0.885972850678733,1.0,1.0,1.0,1.0,1.0,0.9640217542881048,0.9493959425575564,1.0,1.0,0.4943820224719101,0.9832915622389308,1.0,0.9288519288519288,1.0,1.0,0.923530650937434,1.0,1.0,1.0,1.0,0.9304347826086956,1.0,1.0,0.9094696199959358,0.9445427728613568,0.918015986882558,1.0,1.0,0.905628581058308,0.9466666666666668,0.4893617021276595,0.9384098544232922,1.0,1.0,1.0,0.4938271604938271,1.0,1.0,0.9321266968325792,1.0,1.0,0.9354524418463036,1.0,0.8642741571841596,0.9380630630630632,0.9632132132132132
align-dinov2+500m-things+hyp-abl40cat-218,1.0,0.9603841536614646,1.0,0.9749843652282676,1.0,1.0,1.0,0.9828737300435414,1.0,1.0,1.0,1.0,1.0,0.975,1.0,1.0,0.9776106745067,1.0,0.9742286115007012,0.9855826558265582,1.0,1.0,1.0,0.4883720930232558,1.0,1.0,1.0,1.0,0.48,1.0,1.0,1.0,1.0,1.0,1.0,1.0,1.0,1.0,1.0,1.0,1.0,1.0,1.0,1.0,1.0,1.0,1.0,0.9620122318890516,1.0,1.0,0.9694132334581772,1.0,0.9508256880733944
align-dinov2+500m-things+hyp-abl40cat-218-random,1.0,0.9197297297297298,0.492063492063492,0.9249530956848032,0.4897959183673469,0.4901960784313725,1.0,0.8982758620689655,0.48,1.0,1.0,1.0,1.0,0.9484323432343232,1.0,0.939150401836969,0.9380443285528032,0.4782608695652174,0.9465454545454546,0.9567479674796748,1.0,0.4081632653061224,1.0,1.0,1.0,1.0,0.4897959183673469,1.0,1.0,0.921875,1.0,1.0,1.0,1.0,1.0,1.0,1.0,1.0,1.0,1.0,1.0,1.0,1.0,1.0,0.4745762711864407,1.0,1.0,0.869523117889131,0.4918032786885246,1.0,0.9172786359415884,1.0,0.933233682112606
align-dinov2+500m-things+hyp-abl40cat-42,1.0,0.9603841536614646,1.0,0.9749843652282676,0.4897959183673469,1.0,1.0,0.9828737300435414,0.48,1.0,1.0,1.0,1.0,0.975,1.0,1.0,1.0,1.0,0.9620122318890516,0.9855826558265582,1.0,0.4821428571428571,1.0,1.0,1.0,1.0,1.0,1.0,0.48,1.0,1.0,1.0,1.0,1.0,1.0,0.4883720930232558,0.4772727272727273,1.0,1.0,1.0,1.0,1.0,1.0,1.0,1.0,1.0,1.0,0.9751016260162602,1.0,1.0,1.0,1.0,0.9625384400335476
align-dinov2+500m-things+hyp-abl40cat-42-random,1.0,0.9050814956855224,1.0,0.849624060150376,0.4680851063829787,1.0,1.0,0.8801161103047896,1.0,1.0,1.0,1.0,1.0,0.8934356351236147,1.0,0.9801125703564728,0.9755419677598666,1.0,0.9465454545454546,0.7991763898421413,1.0,0.4912280701754385,0.4772727272727273,1.0,1.0,1.0,1.0,1.0,0.4901960784313725,0.94726433750824,1.0,1.0,1.0,1.0,1.0,1.0,1.0,1.0,0.4915254237288136,1.0,1.0,0.4912280701754385,1.0,1.0,1.0,1.0,0.4909090909090909,0.9406923263132414,1.0,0.4186046511627907,0.9124296309534448,1.0,0.8798206278026905
align-dinov2+500m-things+hyp-abl40cat-7,1.0,0.9613532856213404,1.0,1.0,0.4897959183673469,1.0,1.0,0.9828737300435414,1.0,1.0,1.0,0.4915254237288136,1.0,0.9619250685348766,1.0,1.0,1.0,1.0,0.9751016260162602,0.9855826558265582,1.0,0.4727272727272727,1.0,1.0,1.0,1.0,1.0,1.0,0.48,0.98242144583608,1.0,1.0,1.0,1.0,1.0,0.4883720930232558,1.0,1.0,1.0,1.0,1.0,1.0,1.0,1.0,1.0,1.0,1.0,0.963265306122449,1.0,1.0,0.984313725490196,1.0,0.9262385321100918
align-dinov2+500m-things+hyp-abl40cat-7-random,1.0,0.9339735894357744,1.0,0.8749218261413383,0.4680851063829787,1.0,1.0,0.9828737300435414,1.0,1.0,0.4642857142857143,0.4827586206896552,1.0,0.9619250685348766,1.0,0.9797168006123228,0.9532467532467532,0.4893617021276595,0.9620122318890516,0.9215154018647468,0.4857142857142857,0.4629629629629629,1.0,1.0,1.0,1.0,0.4897959183673469,1.0,1.0,0.9626517273576096,0.4918032786885246,1.0,1.0,1.0,0.4897959183673469,1.0,1.0,1.0,1.0,1.0,1.0,1.0,1.0,1.0,0.4833333333333333,1.0,1.0,0.8396363636363636,1.0,1.0,0.8917127071823205,0.4888888888888889,0.7942982456140351
align-dinov2+500m-things+hyp-abl40cat-local-shuffled-218,1.0,0.9577402787967718,1.0,0.9783709157846296,1.0,0.4864864864864865,1.0,1.0,1.0,1.0,0.4680851063829787,0.4861111111111111,1.0,1.0,1.0,0.9621318373071528,0.9841982897899672,1.0,0.9681238615664844,0.9903150912106136,1.0,1.0,0.4827586206896552,1.0,1.0,0.4931506849315068,1.0,1.0,1.0,0.968253968253968,1.0,1.0,1.0,1.0,1.0,1.0,1.0,1.0,1.0,1.0,1.0,1.0,1.0,1.0,1.0,1.0,1.0,0.9328165374677002,1.0,1.0,1.0,1.0,0.953872053872054
align-dinov2+500m-things+hyp-abl40cat-local-shuffled-42,1.0,0.9859134262655906,1.0,0.9564814814814816,1.0,0.4864864864864865,1.0,1.0,1.0,0.4918032786885246,0.4897959183673469,0.4861111111111111,1.0,0.9712885154061623,1.0,1.0,0.9841982897899672,1.0,0.9836734693877552,0.9903150912106136,1.0,1.0,1.0,1.0,1.0,0.4931506849315068,1.0,1.0,1.0,0.9838678701747648,1.0,1.0,1.0,1.0,1.0,1.0,1.0,1.0,1.0,1.0,1.0,1.0,0.4893617021276595,1.0,1.0,1.0,0.4893617021276595,0.8910529991464267,1.0,1.0,1.0,1.0,0.9525294525294524
align-dinov2+500m-things+hyp-abl40cat-local-shuffled-7,1.0,0.9428231089934485,1.0,0.9564814814814816,1.0,1.0,1.0,0.9803921568627452,1.0,1.0,0.4897959183673469,1.0,0.4888888888888889,0.9864013266998342,1.0,0.9232954545454546,0.9841982897899672,1.0,1.0,0.9703151474076585,1.0,1.0,1.0,1.0,1.0,1.0,1.0,1.0,0.4864864864864865,0.9838678701747648,1.0,1.0,0.4927536231884058,1.0,1.0,1.0,1.0,1.0,1.0,1.0,1.0,1.0,1.0,1.0,1.0,0.4909090909090909,1.0,0.9047328244274808,1.0,1.0,0.984313725490196,1.0,0.8375494071146246
align-dinov2+500m-things+hyp-abl40cat-shuffled-218,1.0,0.8703558199573465,1.0,0.9807050092764378,1.0,1.0,1.0,0.9755102040816326,1.0,1.0,1.0,1.0,1.0,0.8266876742213065,1.0,0.9804143126177024,0.7033555204830851,1.0,0.9390350877192982,0.9357487922705314,0.4915254237288136,1.0,1.0,1.0,1.0,1.0,1.0,0.4915254237288136,0.4909090909090909,0.9688375350140056,1.0,1.0,1.0,1.0,1.0,1.0,1.0,1.0,1.0,1.0,1.0,1.0,1.0,1.0,1.0,1.0,1.0,0.8862745098039215,1.0,1.0,0.7781531531531531,1.0,0.855
align-dinov2+500m-things+hyp-abl40cat-shuffled-42,1.0,0.9775256849315068,1.0,0.9807621161672216,0.4923076923076923,1.0,1.0,0.975848188614146,1.0,1.0,1.0,1.0,1.0,0.93033972778909,1.0,0.9600614439324116,0.7572908803952515,1.0,0.918997668997669,0.7991763898421413,1.0,1.0,1.0,1.0,1.0,1.0,1.0,0.4915254237288136,1.0,0.899624060150376,1.0,1.0,1.0,1.0,0.4915254237288136,1.0,0.4909090909090909,1.0,1.0,1.0,0.490566037735849,1.0,1.0,1.0,1.0,1.0,1.0,0.8243701550387597,1.0,0.4893617021276595,0.8078048780487805,1.0,0.8751721763085399
align-dinov2+500m-things+hyp-abl40cat-shuffled-7,1.0,0.9337121212121212,1.0,0.9807050092764378,1.0,1.0,1.0,1.0,1.0,1.0,1.0,1.0,1.0,0.8818181818181818,1.0,0.9226190476190476,0.5582360570687419,1.0,0.8597659402744149,0.9357487922705314,1.0,1.0,1.0,1.0,1.0,1.0,1.0,1.0,0.4909090909090909,0.9330827067669172,1.0,1.0,1.0,1.0,1.0,1.0,1.0,1.0,1.0,1.0,1.0,1.0,1.0,1.0,1.0,1.0,1.0,0.837464192302902,1.0,1.0,0.7941053511705686,1.0,0.8095613343840293
align-dinov2+500m-things+hyp-abl50-218,1.0,0.9251595861765354,0.989331517421405,1.0,0.9420393559928444,0.9731506849315068,0.9887203910264444,0.917091836734694,0.9234167893961708,0.983610188261351,0.978570614385045,0.9881786941580756,0.9881060116354234,0.9641269841269842,0.947878787878788,0.9455172413793104,1.0,1.0,0.9871609693468144,0.9825015216068168,1.0,0.9129251700680272,0.9001769911504425,0.957033957033957,0.9738993710691825,0.9614820249449744,1.0,0.9906103286384976,0.9762651141961488,0.9653209109730848,0.9913811374072764,0.9572031344183244,1.0,0.8906192065257694,0.9334186939820742,0.9702586206896552,0.9840597758405978,0.9808503732554366,0.9890982343879606,1.0,0.9808871258564732,0.9812097812097812,0.9301969783897496,1.0,1.0,0.921184619058992,0.9842641843971632,0.952195044219584,0.9494743288761864,1.0,0.9849518810148732,0.8853801169590643,0.9597367402245452
align-dinov2+500m-things+hyp-abl50-218-random,0.9844620958751392,0.9403508771929824,0.9679071355411404,0.894927536231884,0.9242636746143056,0.9744392279603546,0.9775,0.917091836734694,0.9391812865497076,0.9508305647840531,0.9134546976354886,0.903641456582633,0.9533468559837728,0.9731485148514852,0.947878787878788,0.8949468085106382,0.9688092529389458,0.9776039815143976,0.923809523809524,0.9737142857142858,0.925133689839572,0.9129251700680272,0.9216200119118524,0.962079510703364,0.9738993710691825,0.903705062362436,1.0,0.9712841253791707,0.9535087719298244,0.949812734082397,0.9826950354609928,0.9281521959117588,0.941675503711559,0.9173669467787114,0.9770216526734424,0.9259815490238146,0.9682539682539684,0.9621794871794872,0.9890982343879606,1.0,0.9611436950146628,0.928849902534113,0.943932411674347,0.9735879723689558,0.9235209235209236,1.0,0.9760175646005742,0.933957072096863,0.825722273998136,0.9323211999268336,0.9534883720930232,0.9466869763899468,0.9489745854185064
align-dinov2+500m-things+hyp-abl50-42,1.0,0.9256830601092896,1.0,0.943907156673114,0.9428571428571428,1.0,0.9773755656108596,0.960171568627451,0.8893617021276596,0.983610188261351,0.956827924066136,0.9764254385964912,0.9533468559837728,0.9641269841269842,1.0,0.9588327253778008,0.976887952230418,1.0,0.9744245524296676,1.0,1.0,0.9542857142857144,0.967005967005967,0.9282407407407408,0.9738993710691825,0.9807410124724872,1.0,1.0,0.9762651141961488,0.949812734082397,1.0,0.9715544871794872,1.0,0.9173669467787114,0.9126050420168068,0.9850552306692656,1.0,0.9808503732554366,1.0,0.9423503325942352,0.9615942028985508,0.9456979915695513,0.9434108527131784,0.9519230769230768,1.0,0.9837718219818048,0.9840985442329226,0.9413871703028328,1.0,1.0,0.9775876297615428,0.9827543729982756,0.9384615384615383
align-dinov2+500m-things+hyp-abl50-42-random,0.992308488255786,0.985031917235307,0.9354395604395604,0.827688651218063,0.8875,0.9233176838810642,0.9776007964161274,0.917091836734694,1.0,0.9508305647840531,0.9619971700020212,0.9764254385964912,1.0,0.973241771252664,0.8788732394366197,0.8697086311159978,0.9851238922047388,1.0,0.9617773530817008,0.9912620621533318,0.8893280632411067,0.9331243469174504,0.9017535710138196,0.957033957033957,1.0,0.923469387755102,0.9649702577660276,0.981041388518024,0.9535087719298244,0.916354556803995,1.0,0.9427419354838708,0.971695685736341,0.9553030303030304,1.0,0.9405172413793104,0.967967967967968,0.9808503732554366,0.9781680113906028,0.9423503325942352,0.9420765027322404,0.9631313131313132,0.9288914864601596,0.929881337648328,0.8120567375886525,0.9201161946259986,0.9527925531914894,0.9171207121479548,0.8884792626728111,0.945906432748538,0.9285417532197756,0.9482631189948264,0.92923106833868
align-dinov2+500m-things+hyp-abl50-7,1.0,0.9550957517059212,1.0,0.943907156673114,0.9616477272727272,0.9744392279603546,0.9887203910264444,0.960171568627451,0.9391812865497076,0.9676573426573428,0.9927511085405822,0.96473000683527,0.9647914274779946,0.9730374612264376,0.947878787878788,0.9594247560349256,0.9763178731674544,1.0,1.0,0.9912620621533318,0.9625668449197862,0.9542857142857144,0.9337406015037594,0.9282407407407408,0.9868525265325518,0.9613117170228443,1.0,1.0,0.9762651141961488,0.9180728784543898,0.9913811374072764,0.9715544871794872,1.0,0.9571220930232558,0.9126050420168068,0.9850552306692656,1.0,0.9808503732554366,0.9781680113906028,0.970166379804934,0.9611436950146628,0.9631313131313132,0.9719662058371736,1.0,1.0,0.9520697167755992,0.992005854866858,0.952826480069188,0.9493087557603688,1.0,0.9925292099205144,0.9659863945578232,0.949450763099057
align-dinov2+500m-things+hyp-abl50-7-random,0.9844620958751392,0.9554098360655736,0.9786363636363636,0.8684807256235827,0.9058249040809208,0.8999999999999999,0.9330357142857144,0.8984692283661355,1.0,0.9180509413067552,0.9492577597840756,0.9525648097076668,0.9077694235588972,0.9730374612264376,0.7736842105263158,0.9574123989218328,0.9543224731580896,0.9125,0.9871609693468144,0.9648962148962148,0.8095238095238095,0.9129251700680272,0.9108582266477004,0.962079510703364,0.973499361430396,0.8927477017364658,0.9611721611721612,0.9813941299790356,0.9254571026722924,0.8930851063829788,0.956561988179164,0.9141129032258064,0.9809094064560916,0.9142441860465116,0.931064958020327,0.9702586206896552,0.9209290832715592,0.9808503732554366,0.978219696969697,1.0,0.9806921675774134,0.9599780701754386,0.943932411674347,0.9488993710691824,0.7791666666666667,0.8998988877654196,0.9765146920998952,0.8802854731026015,0.8786764705882353,0.9864245092643552,0.9477044694436,0.9822289921299824,0.8887916788179255
align-dinov2+500m-things+hyp-abl50-local-shuffled-218,0.9909302818393728,0.9871530531324346,1.0,1.0,0.9825597749648384,0.9776981282357626,1.0,0.9544642857142858,0.8471528471528471,0.9493959425575564,0.9639657187378264,0.9895536562203228,0.971875,1.0,1.0,0.9738709677419356,0.9466129032258064,0.979967159277504,1.0,1.0,0.9675,0.9713361072584372,0.9904449904449903,1.0,0.9856304391823516,0.970473005255614,0.9716033202271734,1.0,0.9580882352941176,0.982428533962759,0.9807432432432432,0.9253576612067178,0.9832589285714286,0.9537993920972644,0.9776039815143976,0.9282296650717704,0.9866710547967747,0.981138211382114,1.0,1.0,0.9666666666666668,0.9699074074074074,0.913107728683316,1.0,1.0,1.0,0.9791666666666669,0.9341836734693878,0.9729546991210276,1.0,1.0,0.982624966586474,0.9776365348399249
align-dinov2+500m-things+hyp-abl50-local-shuffled-42,1.0,0.9368863955119217,1.0,0.968944099378882,0.9486045869024592,1.0,0.980566037735849,1.0,1.0,0.9825923312161844,0.9346784363177806,0.9895536562203228,0.971875,0.970031099802092,1.0,0.9868527836390196,0.9663412649989832,0.979967159277504,0.9870064967516242,1.0,0.9181153943058704,0.8966666666666667,0.9904449904449903,1.0,0.9568913175470553,0.9802681992337164,0.9716033202271734,0.9798704954954957,0.978675645342312,0.9653209109730848,0.9805128205128204,0.9407407407407408,0.9494949494949496,1.0,1.0,0.8822605965463108,0.9605583509170588,0.981138211382114,1.0,0.9718426501035196,0.9352226720647774,0.9543236384930704,0.9495192307692308,1.0,0.9231950844854072,0.983985358041638,0.9696754323619996,0.9513574660633484,0.9430199430199432,1.0,1.0,0.9656448202959832,0.9773809523809524
align-dinov2+500m-things+hyp-abl50-local-shuffled-7,1.0,0.9493116395494368,1.0,0.9398395721925134,1.0,0.9544715447154472,0.9610733182161753,0.9776021080368906,1.0,0.9657407407407408,0.9720050441361916,0.9895536562203228,0.971875,0.9799242424242424,1.0,0.948341836734694,0.9831706324994915,0.960594315245478,1.0,1.0,0.9181153943058704,1.0,0.9614820249449744,1.0,0.9290709290709293,0.9705966314587496,0.9452861952861952,0.9803030303030305,0.9381555153707052,0.9323232323232324,0.9903151813779628,0.939799331103679,0.9916382133649224,0.9537993920972644,1.0,0.9569377990430622,0.9605583509170588,0.981138211382114,0.967017035157666,0.8988095238095238,0.9333333333333332,0.9699074074074074,0.9258823529411764,1.0,1.0,0.9519560741249142,0.9898918107873332,0.9177295918367347,0.9725274725274724,1.0,1.0,0.982624966586474,0.9547619047619048
align-dinov2+500m-things+hyp-abl50-shuffled-218,0.9132996632996632,0.9470108695652174,0.9713709677419357,0.9679370840895342,0.933965844402277,0.9568627450980391,0.895021645021645,0.9559294871794872,1.0,0.9797168006123228,0.8741935483870968,1.0,0.9838993710691823,0.9306995423554684,1.0,0.9076923076923078,0.8659749529127978,1.0,0.9274047186932848,0.9207014868471216,0.984688804931398,1.0,0.958909853249476,1.0,0.9523329129886506,0.9647386328487472,0.8972015990862364,0.8970831040176115,0.97837646224743,0.979967159277504,0.97265655692622,0.9672043010752688,0.9421487603305784,0.9577677224736048,0.9776039815143976,0.8940217391304348,0.9578947368421052,0.9301587301587302,0.9722430607651912,1.0,0.9727470930232558,1.0,0.9275445658424382,0.930203572912339,1.0,0.9535982814178304,0.9290713695232846,0.8851022395326194,0.9321266968325792,0.8632668144863267,0.9260770975056688,0.984857197623155,0.9161184210526316
align-dinov2+500m-things+hyp-abl50-shuffled-42,0.9052873563218392,0.9458333333333332,0.9293532338308458,0.933080808080808,1.0,1.0,0.8848354020507285,0.935064935064935,1.0,0.9801125703564728,0.8545975432675327,1.0,0.9676113360323888,0.9293804130579612,0.95579133510168,0.9057808455565142,0.8175438596491228,0.9316129032258064,0.956442831215971,0.9194734804490904,0.9690016103059582,0.97438202247191,0.8964059196617336,1.0,0.9840627371616494,0.9290382819794584,0.9278846153846154,0.9190428596625316,1.0,0.979967159277504,0.8968221880811837,0.9344086021505376,0.9669398907103826,0.9089430894308944,0.9776039815143976,0.8885714285714286,0.944927536231884,0.8977272727272727,0.9585434173669468,0.9772043010752688,0.9727470930232558,0.9206349206349206,0.8924761769307352,0.9179286761113824,1.0,0.9544592030360532,0.9223838471558836,0.8818818818818819,0.9082100968893422,0.9318223696333148,0.8573928258967629,0.9700757575757576,0.9276962025316456
align-dinov2+500m-things+hyp-abl50-shuffled-7,0.9586511441188278,0.9205163043478262,0.9431089743589745,1.0,0.956845238095238,0.9568627450980391,0.9370129870129872,0.9783549783549784,1.0,1.0,0.9005141085514697,0.9865132170472936,0.9840597758405978,0.9179566563467492,1.0,0.9735054347826086,0.8659749529127978,0.9762651141961488,0.9569292123629112,0.9298313253012048,0.9267085474966684,0.9757343550447,0.9053140096618356,1.0,0.9523809523809524,0.9292803970223324,0.961904761904762,0.932300884955752,0.9576388888888888,0.960594315245478,0.9535814325730292,0.9016129032258065,0.9504098360655736,0.9577677224736048,0.95625,0.945109078114004,0.9298245614035088,0.9061166429587482,0.986056152251743,0.9772043010752688,0.9863163656267104,1.0,0.94005994005994,0.975599128540305,1.0,0.9535982814178304,0.9359031824294038,0.8851022395326194,0.9541050484446713,0.930905695611578,0.923486152401815,0.984857197623155,0.9580592105263156
align-dinov2+500m-things+hyp-abl70-218,0.985663082437276,0.9777337951509152,1.0,1.0,0.9309309309309308,1.0,0.9583333333333331,0.975099037917374,0.8736842105263158,0.9572327044025156,0.9841120025169106,1.0,0.9766233766233766,0.921184619058992,1.0,1.0,0.9342528735632184,1.0,0.9578947368421052,0.9654403567447044,1.0,0.4888888888888889,0.9541666666666666,0.9494252873563218,1.0,0.9639751552795032,1.0,1.0,1.0,1.0,0.9830065359477124,1.0,1.0,0.9524475524475524,0.7857142857142857,0.976975405546834,0.9383333333333332,0.9292929292929292,0.9792401096748924,0.8782608695652174,1.0,1.0,0.8497316636851521,0.9322493224932248,1.0,0.9677158999192896,1.0,0.9614845938375348,1.0,0.967967967967968,0.983582364877329,0.9463869463869464,0.9633838383838385
align-dinov2+500m-things+hyp-abl70-218-random,0.9851873796474596,0.9776007964161274,0.4871794871794871,0.9523809523809524,0.9309309309309308,0.9544592030360532,0.9792811839323468,0.9742840444184688,1.0,0.8201058201058201,0.9503685503685504,1.0,0.9537037037037036,0.984561403508772,0.9085714285714286,1.0,0.9090330788804072,0.8440748440748441,0.8518518518518519,0.8199767711962833,0.9090909090909092,0.4523809523809524,0.9314997405293202,0.9494252873563218,1.0,0.9823332318001828,0.949343339587242,0.985865198631156,1.0,0.9116883116883115,0.9465607015620718,0.9051162790697674,0.983529411764706,0.8365384615384616,1.0,0.97716658017644,1.0,1.0,0.9797168006123228,0.8303030303030303,1.0,0.9674185463659148,0.8095238095238095,1.0,0.88,0.8746081504702194,0.984941549435308,0.905982905982906,0.8416289592760181,0.967967967967968,0.8698014629049111,0.9402597402597402,0.8388888888888889
align-dinov2+500m-things+hyp-abl70-42,1.0,0.9555335968379448,1.0,0.9523809523809524,0.8486842105263157,1.0,0.9370988446726572,0.9742840444184688,0.8736842105263158,0.96078431372549,0.9688271604938272,0.972027972027972,1.0,0.9689849624060152,1.0,1.0,0.9090330788804072,1.0,0.9578947368421052,0.9660087719298246,1.0,0.4888888888888889,1.0,0.9017857142857144,0.969488939740656,0.9821153253160654,1.0,0.985865198631156,1.0,1.0,1.0,0.9683720930232558,1.0,1.0,0.7467166979362101,0.9309262166405023,0.9093877551020408,0.9292929292929292,1.0,0.933806146572104,1.0,1.0,1.0,0.9322493224932248,1.0,0.8746081504702194,1.0,0.9614845938375348,0.9773755656108596,1.0,0.983582364877329,0.9463869463869464,0.9815227779547626
align-dinov2+500m-things+hyp-abl70-42-random,1.0,0.9553571428571428,0.4871794871794871,1.0,0.9309309309309308,0.9111111111111112,1.0,0.8988505747126436,0.9316239316239316,0.6402116402116402,0.7645687645687647,0.9428571428571428,0.9515086206896552,0.9689849624060152,1.0,1.0,0.9342528735632184,0.9007936507936508,0.8212512413108242,0.9127988748241912,0.8166666666666667,1.0,0.9309262166405023,0.9494252873563218,0.9373040752351096,0.9455399061032864,0.949343339587242,0.971316425120773,1.0,0.9409722222222222,0.982624966586474,0.9683720930232558,1.0,1.0,0.9333333333333332,0.9300476947535772,1.0,0.9292929292929292,0.9360160965794768,0.8782608695652174,0.8991596638655461,1.0,0.8362573099415205,0.9322493224932248,1.0,1.0,0.984941549435308,0.9242424242424244,0.7934727180010199,0.9684729064039408,0.9303599374021908,0.8973214285714286,0.9253539253539254
align-dinov2+500m-things+hyp-abl70-7,1.0,0.9333333333333332,1.0,1.0,0.9157509157509156,1.0,0.979032948224219,1.0,0.8230958230958232,0.96078431372549,0.967586649550706,1.0,1.0,0.984561403508772,1.0,1.0,0.9153846153846156,1.0,0.8844919786096257,0.9828681956341532,1.0,0.4888888888888889,0.97716658017644,0.9494252873563218,1.0,0.9639751552795032,1.0,1.0,1.0,1.0,0.9656448202959832,0.9683720930232558,1.0,0.9524475524475524,0.7857142857142857,1.0,0.9383333333333332,0.9292929292929292,0.9792401096748924,0.933806146572104,1.0,1.0,0.9544715447154472,0.9322493224932248,0.934640522875817,0.908466819221968,1.0,0.9607142857142856,0.9773755656108596,1.0,1.0,0.9463869463869464,0.9633838383838385
align-dinov2+500m-things+hyp-abl70-7-random,0.9203694855868768,0.8868778280542986,0.4736842105263157,1.0,0.8722222222222222,0.8693284936479129,1.0,0.9228521332554064,0.8736842105263158,0.8823529411764706,0.7283485745024206,0.8601398601398602,0.7685185185185185,0.9373219373219372,1.0,0.4878048780487805,0.8635496183206106,0.9080882352941176,0.6629787234042553,0.7839721254355401,0.7722567287784678,0.425,0.9309262166405023,0.9494252873563218,0.8809523809523809,0.927950310559006,0.949343339587242,0.97212441314554,0.4901960784313725,0.8528138528138528,0.9277777777777778,0.907859078590786,1.0,0.8716981132075472,0.8772727272727273,0.9090909090909092,0.9093877551020408,0.9292929292929292,0.9133986928104576,1.0,0.9472527472527472,0.9366883116883116,0.8095238095238095,1.0,0.934640522875817,0.9677158999192896,0.9845997973657548,0.8821428571428571,0.9074074074074074,0.9365079365079364,0.9303599374021908,0.9463869463869464,0.6565789473684212
align-dinov2+500m-things+hyp-abl70-local-shuffled-218,1.0,0.920807453416149,1.0,0.9457735247208932,0.9206349206349206,1.0,1.0,0.9600614439324116,1.0,1.0,0.9295485636114912,0.976975405546834,1.0,0.9660087719298246,1.0,1.0,1.0,1.0,1.0,0.980330172110994,0.964747356051704,1.0,1.0,0.9265873015873016,1.0,0.9809555629802872,1.0,1.0,0.4857142857142857,1.0,1.0,0.9703703703703704,0.9858141858141858,0.917933130699088,0.9292929292929292,0.959030100334448,0.9227053140096618,1.0,1.0,0.8,0.9047619047619048,1.0,0.8583333333333334,1.0,1.0,0.9686609686609686,1.0,0.935897435897436,0.9073684210526316,1.0,1.0,1.0,0.9583333333333331
align-dinov2+500m-things+hyp-abl70-local-shuffled-42,1.0,0.9600313479623824,1.0,0.9457735247208932,0.9206349206349206,1.0,0.9832167832167832,1.0,0.8782608695652174,0.9353146853146852,0.8943228454172367,0.976975405546834,1.0,0.9828681956341532,0.8928571428571428,0.4883720930232558,1.0,1.0,1.0,0.980330172110994,0.964747356051704,1.0,0.9781680113906028,0.9202586206896552,1.0,1.0,1.0,0.9859134262655906,0.4705882352941176,1.0,1.0,0.9693617021276596,0.9857343781394414,0.917933130699088,0.9292929292929292,0.979454926624738,0.964562569213732,1.0,1.0,0.9113300492610836,0.9544715447154472,1.0,0.9244444444444444,1.0,0.9183673469387754,0.9686609686609686,1.0,0.9193348225366096,0.9300476947535772,1.0,1.0,1.0,0.9593984962406016
align-dinov2+500m-things+hyp-abl70-local-shuffled-7,1.0,0.9403508771929824,1.0,1.0,0.9206349206349206,1.0,0.9832915622389308,0.9610194902548724,0.9434343434343434,0.9667565139263252,0.9295485636114912,1.0,1.0,0.9828681956341532,0.8772727272727273,0.4761904761904761,1.0,0.9533468559837728,1.0,1.0,0.9305555555555556,1.0,0.9781680113906028,0.9618163054695562,1.0,0.9809555629802872,1.0,0.9859134262655906,0.4705882352941176,1.0,0.982624966586474,0.9415584415584416,1.0,1.0,1.0,0.979557780559032,1.0,1.0,0.9828737300435414,1.0,0.9544715447154472,1.0,0.9182692307692308,1.0,0.9183673469387754,1.0,1.0,0.935897435897436,0.976682564917859,1.0,1.0,1.0,0.9365949119373776
align-dinov2+500m-things+hyp-abl70-shuffled-218,0.9062568127316328,1.0,0.4848484848484848,0.8015873015873016,0.9301587301587302,1.0,0.7748161764705883,0.9626769626769628,1.0,0.8736842105263158,0.7390813253012047,1.0,0.8398398398398399,0.86875,0.8878048780487805,1.0,0.8168498168498168,1.0,1.0,0.9083333333333332,0.90537084398977,1.0,0.9587542087542088,0.9157608695652174,1.0,0.9211309523809524,0.8814814814814815,0.7745253164556962,1.0,0.949874686716792,0.9195906432748536,0.93796992481203,0.938095238095238,1.0,0.9187675070028012,0.9272486772486772,1.0,0.7155172413793103,0.886039886039886,0.9333333333333332,0.9515151515151516,1.0,0.9594771241830063,1.0,0.7342657342657343,0.8582375478927202,0.9529042386185244,0.8406827880512091,0.8994594594594595,0.9300813008130082,0.9083011583011582,1.0,0.9173340222164816
align-dinov2+500m-things+hyp-abl70-shuffled-42,0.8963105859657583,0.9555335968379448,0.4848484848484848,0.9007936507936508,0.9301587301587302,0.9630459126539752,0.8710526315789473,0.9267676767676768,1.0,0.941031941031941,0.9231008233649216,0.9727598566308244,0.9375,0.91812865497076,0.9157509157509156,0.4848484848484848,0.8740856217771915,0.9570747217806042,0.9047619047619048,0.8562717770034843,0.9002695417789757,1.0,0.9378435517970402,1.0,0.9625730994152046,0.9005628517823641,1.0,0.8825295884119414,0.4912280701754385,0.949874686716792,0.92296918767507,0.9388888888888888,0.9058880308880308,1.0,1.0,0.8905835543766578,0.9365384615384617,0.4590163934426229,0.8683344305464121,0.9333333333333332,0.9472527472527472,1.0,1.0,0.8577586206896552,1.0,0.8814102564102564,0.983985358041638,0.806674338319908,0.7886363636363636,1.0,0.9563218390804598,1.0,0.9676113360323888
align-dinov2+500m-things+hyp-abl70-shuffled-7,0.95962441314554,0.9777337951509152,1.0,0.9523809523809524,1.0,0.9630459126539752,0.8935245545415037,0.9626769626769628,0.9365079365079364,0.8888888888888888,0.8981481481481481,1.0,0.9687194525904204,0.961111111111111,1.0,1.0,0.8663952156762946,1.0,0.9125,0.9559294871794872,0.96845694799659,0.4883720930232558,0.9155172413793105,0.9560283687943264,0.9625730994152046,0.9403377110694184,1.0,0.9193411445067076,0.4912280701754385,1.0,0.9587087087087088,0.9087557603686636,0.8870687515512534,1.0,1.0,0.9272486772486772,0.905982905982906,0.7338709677419355,1.0,1.0,1.0,0.9538461538461538,0.9594771241830063,0.9200968523002422,0.9213250517598344,0.8814102564102564,1.0,0.7888386123680242,0.9015873015873016,0.9766937669376694,0.970423412204234,1.0,0.8893007165801828
align-dinov2+500m-things+hyp-abl90-218,1.0,0.9206349206349206,1.0,0.8545454545454545,0.4615384615384615,0.4444444444444444,1.0,1.0,0.4761904761904761,1.0,1.0,1.0,0.9111111111111112,1.0,1.0,1.0,0.9350104821802936,1.0,1.0,1.0,1.0,1.0,0.8562091503267973,1.0,0.915032679738562,1.0,1.0,1.0,0.4444444444444444,1.0,0.4705882352941176,1.0,1.0,0.375,1.0,1.0,1.0,1.0,1.0,1.0,0.4545454545454545,1.0,0.9212121212121211,1.0,1.0,1.0,1.0,1.0,1.0,1.0,1.0,0.898989898989899,1.0
align-dinov2+500m-things+hyp-abl90-218-random,0.8095238095238095,1.0,0.8660714285714286,0.873015873015873,0.4615384615384615,0.4444444444444444,0.8500000000000001,1.0,1.0,1.0,0.8656280428432328,0.4285714285714285,0.9111111111111112,0.6041666666666666,1.0,1.0,0.8807692307692307,1.0,0.898989898989899,0.9134199134199136,1.0,1.0,0.9544513457556936,1.0,1.0,0.7777777777777777,0.9206349206349206,0.9428571428571428,1.0,0.4444444444444444,1.0,0.4705882352941176,1.0,1.0,0.4444444444444444,0.7916666666666667,0.4545454545454545,0.4545454545454545,0.8615384615384616,0.4444444444444444,1.0,0.48,0.7636363636363637,0.5625,1.0,1.0,0.6370370370370371,1.0,0.3333333333333333,0.8831168831168831,1.0,1.0,0.6617647058823529
align-dinov2+500m-things+hyp-abl90-42,1.0,0.9206349206349206,1.0,1.0,0.4615384615384615,1.0,1.0,1.0,0.4761904761904761,1.0,0.9639215686274508,1.0,0.9111111111111112,1.0,1.0,1.0,0.9350104821802936,1.0,1.0,1.0,1.0,0.4444444444444444,0.905982905982906,1.0,1.0,1.0,1.0,1.0,1.0,1.0,1.0,1.0,1.0,0.375,1.0,1.0,1.0,1.0,1.0,1.0,0.4545454545454545,1.0,1.0,1.0,1.0,1.0,1.0,1.0,1.0,0.8831168831168831,1.0,1.0,1.0
align-dinov2+500m-things+hyp-abl90-42-random,0.893939393939394,1.0,0.660633484162896,0.8545454545454545,0.4615384615384615,0.4444444444444444,1.0,1.0,0.45,1.0,0.551219512195122,1.0,0.7482517482517483,0.8416666666666667,1.0,0.905982905982906,0.9350104821802936,1.0,1.0,0.6571428571428571,1.0,1.0,0.9544513457556936,1.0,0.6153846153846154,0.7777777777777777,0.906832298136646,0.9442724458204336,0.4444444444444444,1.0,0.4705882352941176,0.4705882352941176,1.0,1.0,1.0,0.8666666666666667,1.0,1.0,0.8615384615384616,1.0,0.4545454545454545,1.0,0.8452380952380952,0.925133689839572,1.0,1.0,0.8455882352941176,1.0,0.3333333333333333,1.0,0.8784313725490196,1.0,0.9041666666666668
align-dinov2+500m-things+hyp-abl90-7,1.0,0.7619047619047619,1.0,1.0,0.4166666666666667,1.0,1.0,1.0,1.0,1.0,0.8196078431372549,1.0,1.0,1.0,1.0,1.0,0.8564814814814814,1.0,1.0,1.0,1.0,1.0,0.8562091503267973,1.0,0.915032679738562,0.7,1.0,1.0,0.4444444444444444,1.0,0.4705882352941176,1.0,1.0,1.0,1.0,0.8901098901098901,1.0,1.0,1.0,0.4444444444444444,1.0,1.0,0.9230769230769232,1.0,1.0,1.0,0.9142857142857144,1.0,1.0,0.8831168831168831,0.9639953542392566,0.898989898989899,0.9533468559837728
align-dinov2+500m-things+hyp-abl90-7-random,0.9434343434343434,1.0,0.7963800904977376,0.8545454545454545,0.4615384615384615,1.0,0.9282296650717704,1.0,1.0,1.0,0.8083333333333333,0.4666666666666667,0.3333333333333333,0.8020833333333333,1.0,0.905982905982906,0.9350104821802936,1.0,1.0,1.0,0.3333333333333333,1.0,0.8562091503267973,1.0,1.0,0.6210526315789473,1.0,0.9428571428571428,1.0,1.0,1.0,0.4,1.0,1.0,0.4444444444444444,0.7916666666666667,0.4545454545454545,1.0,0.8615384615384616,0.4444444444444444,1.0,1.0,0.8452380952380952,1.0,1.0,1.0,0.9142857142857144,0.8615384615384616,0.3333333333333333,1.0,0.7472826086956521,1.0,0.6919642857142857
align-dinov2+500m-things+hyp-abl90-local-shuffled-218,1.0,0.9428571428571428,0.8952380952380952,1.0,0.4545454545454545,1.0,1.0,1.0,1.0,0.6571428571428571,0.9374021909233176,1.0,1.0,0.93841642228739,0.4285714285714285,0.8831168831168831,0.9443413729128014,1.0,0.8545454545454545,1.0,0.4705882352941176,1.0,0.7904761904761904,1.0,1.0,1.0,1.0,1.0,0.4,1.0,1.0,1.0,1.0,0.375,0.4285714285714285,1.0,1.0,1.0,0.8660714285714286,1.0,0.4166666666666667,1.0,1.0,1.0,1.0,0.898989898989899,1.0,1.0,1.0,0.873015873015873,1.0,1.0,1.0
align-dinov2+500m-things+hyp-abl90-local-shuffled-42,1.0,0.9428571428571428,1.0,0.906832298136646,1.0,1.0,1.0,0.9111111111111112,1.0,0.7777777777777777,0.8857142857142857,1.0,1.0,1.0,1.0,0.8831168831168831,1.0,1.0,0.8545454545454545,1.0,0.4375,1.0,0.9393939393939394,1.0,1.0,1.0,0.91812865497076,1.0,0.4,1.0,1.0,1.0,0.9272030651340996,1.0,1.0,0.9282296650717704,1.0,1.0,1.0,0.4666666666666667,0.4615384615384615,1.0,1.0,0.915032679738562,1.0,0.898989898989899,1.0,1.0,1.0,1.0,1.0,1.0,1.0
align-dinov2+500m-things+hyp-abl90-local-shuffled-7,1.0,0.8831168831168831,0.8952380952380952,0.906832298136646,1.0,1.0,1.0,1.0,1.0,0.8991596638655461,0.9374021909233176,1.0,1.0,1.0,1.0,1.0,0.8958333333333334,1.0,0.8545454545454545,1.0,1.0,1.0,1.0,1.0,1.0,1.0,1.0,0.9519450800915332,0.4,1.0,1.0,1.0,1.0,1.0,0.4285714285714285,1.0,1.0,1.0,0.9333333333333332,1.0,1.0,1.0,0.9282051282051282,1.0,1.0,1.0,0.9272030651340996,1.0,1.0,0.873015873015873,1.0,1.0,1.0
align-dinov2+500m-things+hyp-abl90-shuffled-218,1.0,0.9466666666666668,0.4545454545454545,1.0,1.0,0.4666666666666667,0.8080808080808081,0.9111111111111112,0.4,1.0,1.0,0.4666666666666667,1.0,0.7619047619047619,1.0,1.0,0.8154761904761905,1.0,1.0,0.8444444444444444,1.0,1.0,0.936026936026936,0.4666666666666667,1.0,1.0,0.9212121212121211,0.9307359307359306,1.0,1.0,1.0,1.0,0.8809523809523809,0.4705882352941176,1.0,0.8819444444444444,0.4444444444444444,1.0,1.0,1.0,1.0,1.0,0.7482517482517483,0.8831168831168831,1.0,0.4285714285714285,1.0,1.0,0.4,0.9111111111111112,1.0,1.0,1.0
align-dinov2+500m-things+hyp-abl90-shuffled-42,0.8848484848484849,0.7916666666666667,1.0,0.9282296650717704,1.0,1.0,0.7738095238095238,0.7777777777777777,1.0,0.8035714285714286,1.0,0.4666666666666667,1.0,0.8119122257053292,0.25,0.873015873015873,1.0,1.0,0.717948717948718,0.8990384615384616,1.0,1.0,0.6833333333333333,0.4285714285714285,1.0,0.8875,0.7450980392156863,0.9307359307359306,1.0,1.0,0.4444444444444444,0.4,0.9373040752351096,0.4375,0.4615384615384615,0.9411764705882352,0.4444444444444444,1.0,0.8901098901098901,1.0,1.0,1.0,0.7482517482517483,1.0,1.0,1.0,0.915057915057915,0.8166666666666667,1.0,0.9111111111111112,0.8522727272727273,0.8571428571428571,1.0
align-dinov2+500m-things+hyp-abl90-shuffled-7,1.0,0.898989898989899,1.0,1.0,0.4375,1.0,0.9415384615384615,1.0,1.0,1.0,0.4927536231884058,1.0,1.0,1.0,0.4,1.0,1.0,1.0,0.8952380952380952,1.0,1.0,0.4285714285714285,0.8642857142857143,0.4285714285714285,0.8295454545454546,0.8875,1.0,1.0,0.4705882352941176,0.4705882352941176,0.0,0.4,1.0,1.0,0.3636363636363636,1.0,0.4444444444444444,0.4666666666666667,0.8901098901098901,0.4545454545454545,1.0,0.4,0.916083916083916,0.8888888888888888,1.0,1.0,1.0,1.0,0.4545454545454545,0.8285714285714285,0.8893617021276596,1.0,0.9041666666666668
