run_name,animal,arts and crafts item,bird,body part,breakfast food,candy,car part,clothing accessory,condiment,construction equipment,container,dessert,drink,electronic device,farm animal,fastener,food,footwear,fruit,furniture,game,garden tool,hardware item,headwear,home appliance,home decor item,insect,item of clothing,kitchen appliance,kitchen tool,mammal,medical equipment,musical,office supply item,outerwear,personal hygiene item,piece of jewelry,piece of women's clothing,plant,protective clothing item,safety equipment,school supply,scientific equipment,sea animal,seafood,source of light,sports equipment,tool,toy,vegetable,vehicle,watercraft,weapon
align-dinov2+1b-things+hyp-abl10-218,1.0,0.7566959721938253,1.0,0.8083333333333333,0.9801753717117804,0.9520833333333334,0.9015151515151516,0.846376811594203,0.8974358974358975,0.6179966044142615,0.9453900709219858,0.9527272727272726,0.9206349206349206,0.96,0.8655172413793104,0.8703352308665402,0.9602619101377284,1.0,0.8974358974358975,0.974987974987975,0.46875,0.7847826086956522,0.8184523809523809,0.973232669869595,0.9104573073233132,0.84363894811656,0.980435585086748,0.942948717948718,0.975551580202743,0.8174603174603174,0.9865009970854426,0.695752009184845,0.8566308243727598,0.7267857142857144,0.935969868173258,0.8619528619528619,1.0,1.0,0.9345238095238096,0.8373205741626795,0.7545454545454545,0.9282296650717704,0.7667342799188641,0.9644607843137256,0.8431372549019608,1.0,0.875,0.969047619047619,0.75,1.0,1.0,1.0,0.8611111111111112
align-dinov2+1b-things+hyp-abl10-218-random,0.9851714550509733,0.7142857142857143,0.9688269073010664,0.4523809523809524,0.9801753717117804,0.97567424643046,0.9470827679782904,0.8816964285714286,0.9451114922813036,0.7181964573268921,0.9321346730125156,0.8885077186963979,1.0,0.9198717948717948,0.6285714285714286,0.7410526315789474,0.9363011219688744,1.0,0.8375,0.9487179487179488,0.46875,0.8565217391304347,0.8346883468834688,0.972554539057002,0.8177083333333333,0.9352941176470588,0.8738095238095238,0.9553884711779448,0.8225108225108224,0.823076923076923,0.9003961516694963,0.6374245472837021,0.6536796536796536,0.6222222222222222,1.0,0.9136842105263158,1.0,0.8791666666666667,0.9365384615384617,0.7655172413793103,0.7145877378435518,0.8500000000000001,0.886977886977887,0.8784067085953878,0.8123167155425219,1.0,0.7261956998683634,0.926708949964764,0.8581932773109244,0.939783219590526,0.9646401985111664,1.0,0.7767857142857142
align-dinov2+1b-things+hyp-abl10-42,1.0,0.7853199754651401,1.0,0.6166666666666667,0.9396051103368176,0.97567424643046,0.953846153846154,0.846376811594203,0.9451114922813036,0.7799119647859143,0.9864269346025032,0.9531362653208364,0.8588709677419355,0.9465811965811964,0.8655172413793104,0.8703352308665402,0.974025974025974,1.0,0.91875,1.0,0.46875,0.7708333333333333,0.8024727700912571,0.9458333333333332,0.9462743843939878,0.9393939393939394,0.980435585086748,0.9566347247035892,0.975609756097561,0.9123809523809524,1.0,0.7538699690402477,0.9333333333333332,0.745115856428896,0.8827586206896552,0.8310439560439561,1.0,1.0,0.8998988877654196,0.7655172413793103,0.7145877378435518,0.9282296650717704,0.8297197250132204,1.0,0.8899533284205354,1.0,0.7902097902097902,1.0,0.8,1.0,1.0,1.0,0.7984071677451469
align-dinov2+1b-things+hyp-abl10-42-random,0.9463487332339792,0.7570932843437437,1.0,0.6634146341463415,0.9600614439324116,0.9486607142857144,0.8115942028985508,0.846376811594203,1.0,0.7126436781609196,0.7786233722306781,0.9366471734892788,1.0,0.9332858921900018,0.7367405978784957,0.6272727272727273,0.917020273455917,1.0,0.7291666666666667,0.9210126582278482,0.46875,0.7413213885778276,0.851219512195122,0.973232669869595,0.9642401021711366,0.7575757575757576,0.7653923541247485,0.9566347247035892,0.8753799392097263,0.8900047824007652,0.9228521332554064,0.6102941176470589,0.6875,0.7166666666666667,1.0,0.9436813186813188,1.0,0.8027210884353742,0.8998988877654196,0.8988095238095238,0.7145877378435518,0.8545258620689655,0.9087301587301588,0.8954326923076923,0.8123167155425219,0.9017857142857144,0.8084257206208425,0.9312805603277388,0.7163865546218487,0.939783219590526,0.9823693164243736,0.9093406593406592,0.784688995215311
align-dinov2+1b-things+hyp-abl10-7,1.0,0.828009828009828,1.0,1.0,0.9600614439324116,0.8973214285714286,0.9015151515151516,0.846376811594203,0.9451114922813036,0.6940024479804161,0.946527777777778,0.9212121212121211,0.8588709677419355,0.9598858976644676,0.9022556390977444,0.8703352308665402,0.9499857914180164,1.0,0.8531665994352562,0.974987974987975,0.46875,0.8472222222222222,0.851219512195122,0.973232669869595,1.0,0.968727789623312,0.980435585086748,0.9566347247035892,1.0,0.9780009564801532,1.0,0.7812382739212007,0.9031476997578692,0.7723214285714286,1.0,0.764367816091954,1.0,0.8027210884353742,0.9678048780487803,0.7655172413793103,0.7545454545454545,0.9074074074074074,0.7526881720430108,1.0,0.8893007165801828,1.0,0.9153439153439152,0.969047619047619,0.9054621848739496,1.0,0.9823693164243736,1.0,0.8200000000000001
align-dinov2+1b-things+hyp-abl10-7-random,1.0,0.7856705450091855,1.0,0.4523809523809524,0.9801753717117804,0.9520833333333334,0.8852941176470588,0.8279841327082582,0.9451114922813036,0.7799119647859143,0.8674242424242424,0.9366471734892788,0.9206349206349206,0.9332858921900018,0.8260481712756467,0.8975,0.9386117893268224,1.0,0.755868544600939,0.924963924963925,0.46875,0.8636363636363636,0.8140243902439024,0.973232669869595,0.87399549983928,0.9117056856187292,0.8080482897384306,0.9706851119894598,0.8225108225108224,0.9123809523809524,0.9865009970854426,0.7128482972136223,0.6307692307692307,0.745115856428896,0.8827586206896552,0.6693548387096775,1.0,0.8027210884353742,0.9345238095238096,0.7655172413793103,0.7545454545454545,0.8277747402952433,0.8600405679513184,0.9469996954005484,0.6698599852616065,0.8854166666666667,0.8330434782608696,0.938095238095238,0.8545258620689655,1.0,1.0,1.0,0.7896103896103897
align-dinov2+1b-things+hyp-abl10-local-shuffled-218,0.9731404958677686,0.7684210526315789,1.0,1.0,0.8635897435897435,1.0,0.92831541218638,1.0,0.9457735247208932,0.7796610169491526,0.9286678234046656,0.8333333333333334,1.0,0.8775612193903048,1.0,0.8776223776223776,0.983251040759028,1.0,1.0,0.973006905210295,0.9367521367521368,0.9393939393939394,0.8302325581395349,0.8581932773109244,0.9252279635258358,0.9731506849315068,1.0,0.9717039800995024,1.0,0.9571428571428572,1.0,0.8310344827586207,1.0,0.8315412186379928,1.0,0.6813397129186602,0.8342245989304813,0.8392857142857143,0.815,0.9015151515151516,1.0,0.915027537372148,0.6503496503496503,0.92875,0.8538884524744697,0.912442396313364,0.927950310559006,0.9361874927485788,0.8920454545454546,1.0,1.0,1.0,0.9844831702076868
align-dinov2+1b-things+hyp-abl10-local-shuffled-42,0.9731404958677686,0.7208646616541354,1.0,1.0,0.7227833894500562,1.0,0.92831541218638,0.9411255411255413,0.8827586206896552,0.7410008779631256,0.8745053702656869,0.8553121124431583,1.0,0.8348579682233992,0.9642502482621648,0.9404761904761904,0.8695324283559578,1.0,1.0,1.0,0.6372549019607843,0.7650648360030511,0.8451301832208293,0.8545258620689655,0.9252279635258358,0.9731506849315068,1.0,0.958109559613319,0.9735191637630662,0.9571428571428572,1.0,0.7365591397849462,1.0,0.8041666666666667,1.0,0.8059440559440559,0.8342245989304813,0.7894736842105263,0.815,1.0,0.762962962962963,1.0,0.8015873015873016,0.9463108320251178,0.9337606837606838,0.9584699453551913,0.9296969696969696,0.926372155287818,0.7414965986394557,0.9775175644028102,0.979454926624738,1.0,0.904970760233918
align-dinov2+1b-things+hyp-abl10-local-shuffled-7,1.0,0.7847157502329916,1.0,1.0,0.8026315789473684,0.943939393939394,0.9626517273576096,0.8968580715059589,1.0,0.7773584905660378,0.8697947214076246,0.8726655348047538,1.0,0.8999999999999999,1.0,0.9095607235142118,0.906989247311828,1.0,0.956439393939394,1.0,1.0,0.906183368869936,0.8704908338261383,0.9074074074074074,0.9252279635258358,0.9731506849315068,1.0,0.985657998423956,0.9735191637630662,0.9153439153439152,1.0,0.7365591397849462,1.0,0.8315412186379928,1.0,0.6813397129186602,0.8342245989304813,0.8927507447864945,0.8489795918367347,0.953846153846154,1.0,1.0,0.76,0.8419106317411402,0.8380355276907001,0.912442396313364,0.9644607843137256,0.9378601287990058,0.919661733615222,1.0,0.979454926624738,1.0,0.9531362653208364
align-dinov2+1b-things+hyp-abl10-shuffled-218,0.6486750917244191,0.3267162944582299,0.6785304247990815,0.4736842105263157,0.3466666666666667,0.6991978609625669,0.4098360655737705,0.3450292397660819,0.4285714285714285,0.3043478260869565,0.5317567567567567,0.5808823529411764,0.762962962962963,0.5164086687306502,0.3859649122807017,0.3676470588235294,0.6009828842569056,0.7916666666666666,0.6857142857142857,0.6507936507936507,0.4683544303797468,0.4084507042253521,0.4067460317460317,0.3661971830985915,0.3076923076923077,0.5542483660130719,0.5777777777777777,0.5483348751156336,0.3478260869565217,0.4327603640040445,0.6700879765395895,0.4121022430881585,0.462532299741602,0.2916666666666667,0.4583333333333333,0.4272445820433436,0.5974025974025974,0.4166666666666667,0.7002898550724638,0.4262295081967213,0.5497076023391813,0.3846153846153846,0.4273658830620856,0.6109777015437392,0.5428707905421544,0.4166666666666667,0.4906621392190152,0.3891103548857559,0.3220338983050847,0.5821428571428571,0.4845539743144741,0.4259259259259259,0.581264481959616
align-dinov2+1b-things+hyp-abl10-shuffled-42,0.5744029393753828,0.3015873015873016,0.7703788748564868,0.4736842105263157,0.3287671232876712,0.64,0.5566502463054187,0.3902353354408149,0.4285714285714285,0.3043478260869565,0.45,0.5023809523809524,0.8571428571428572,0.5545436146529042,0.3859649122807017,0.4257659073055774,0.5183088098342336,0.64,0.6226074395088479,0.656005685856432,0.475,0.472463768115942,0.4152923538230885,0.4099378881987577,0.4419713831478538,0.3673469387755102,0.4,0.3111111111111111,0.3867618429591174,0.4545454545454545,0.6546325290108675,0.3287671232876712,0.462532299741602,0.3495512517713746,0.4583333333333333,0.6105263157894737,0.5694444444444444,0.4166666666666667,0.3815789473684211,0.5537340619307832,0.4310344827586206,0.3766233766233766,0.463579898362507,0.3863636363636363,0.3619022733211393,0.4246575342465753,0.4166666666666666,0.3567525370804059,0.3333333333333333,0.4951923076923077,0.3700104130510239,0.4363636363636363,0.514266304347826
align-dinov2+1b-things+hyp-abl10-shuffled-7,0.5667578398320718,0.3762452107279693,0.6785304247990815,0.4736842105263157,0.5143453312467396,0.7727272727272727,0.4375,0.282051282051282,0.4285714285714285,0.2941176470588235,0.420656634746922,0.4571428571428572,0.632183908045977,0.5258044930176078,0.5949074074074074,0.4257659073055774,0.5758241758241759,0.9555555555555556,0.6474358974358974,0.611764705882353,0.4683544303797468,0.4084507042253521,0.4065934065934066,0.3661971830985915,0.2987012987012987,0.4103260869565217,0.482560917343526,0.5357018460466736,0.3283582089552239,0.3365079365079365,0.6907796101949026,0.3287671232876712,0.5968992248062015,0.3108108108108108,1.0,0.6329365079365079,0.8050314465408805,0.4166666666666667,0.5401174168297456,0.7988505747126436,0.7272727272727273,0.4947368421052631,0.382716049382716,0.6291208791208791,0.5925925925925926,0.4084507042253521,0.5924495924495925,0.3810096153846154,0.4357366771159875,0.6981084489281211,0.3389423076923077,0.4259259259259259,0.6540880503144654
align-dinov2+1b-things+hyp-abl10cat-218,0.8190750059908938,0.7083333333333333,1.0,0.431578947368421,0.2367149758454106,0.9272030651340996,0.3612596553773024,0.7771959546177936,0.8745258243361541,0.84333098094566,0.4803859827323514,0.7558282208588958,0.813953488372093,0.8574074074074074,1.0,0.7509881422924901,0.8858523327797071,1.0,0.4954128440366973,0.6673059284582673,1.0,0.3894749318478132,0.8858212948100589,0.91989198919892,0.855072463768116,0.8553601815087919,0.4891304347826087,0.3876896912611198,0.9403794037940378,0.8693877551020408,0.918407960199005,0.7911949685534592,1.0,0.601923076923077,0.7917108591009219,0.4276392191561134,0.8845360824742268,0.5954045954045954,0.490566037735849,0.8803418803418803,0.8431372549019607,0.4583333333333333,0.457070707070707,0.8329896907216495,0.7916521980693103,0.8717948717948718,0.9077380952380952,0.9096850861556744,0.8195718654434251,1.0,0.4947368421052631,1.0,0.7733333333333333
align-dinov2+1b-things+hyp-abl10cat-218-random,0.7112021857923497,0.6513865308432372,1.0,0.4807692307692308,0.2367149758454106,0.8719101123595505,0.2718446601941747,0.5584524810765349,0.9340996168582376,0.6916666666666667,0.116203986792222,0.3817778357916721,0.8731650029359953,0.8993087988044088,1.0,0.825,0.7416593226740527,0.5423242467718795,1.0,0.2338709677419354,0.4952380952380952,0.3129251700680272,0.822859598238264,0.381658175081056,0.7332423673887088,0.8224646089579949,0.4777777777777778,0.0841173081005671,0.9245714285714286,0.7586726998491704,0.7218624730188097,0.5274563820018365,0.4886363636363636,0.4812030075187969,0.3633306962025316,0.2620320855614973,0.697950377562028,0.3035714285714285,1.0,0.5041666666666667,0.3982300884955752,0.4468085106382978,0.253393665158371,0.2394366197183098,0.41875,0.919950738916256,0.8342878961435662,0.8309533342230526,0.6203346203346203,0.4946236559139785,0.4782608695652174,1.0,0.745
align-dinov2+1b-things+hyp-abl10cat-42,0.9596364608393476,0.7824397824397824,1.0,0.4705882352941176,0.2367149758454106,0.9501748251748252,0.2836970474967907,0.8111641419381614,0.95734126984127,0.8243797195253506,0.4208199460223621,0.7653117383442094,0.7665585919407133,0.8596938775510203,1.0,0.7731092436974789,0.9309503051438536,0.9065520945220192,1.0,0.5286411149825784,1.0,0.3329256360078277,0.85491452991453,0.920707649229986,0.7311688311688311,0.7910758177349215,0.4946236559139785,0.2971161166923548,0.9403794037940378,0.8439568094740508,0.8820143884892087,0.746177370030581,1.0,0.4772727272727273,0.8105648110524177,0.3107703155297021,0.8541666666666667,0.5517241379310345,0.490566037735849,0.8550891316848763,0.6030721966205836,0.5291750503018109,0.3404221298369044,0.6481347406927562,0.7664071190211346,0.8574561403508771,0.9289805269186712,0.8957904840257782,0.6488095238095238,1.0,0.4893617021276595,0.4942528735632184,0.779449922158796
align-dinov2+1b-things+hyp-abl10cat-42-random,0.6758497316636851,0.7824397824397824,0.4907407407407407,0.4857142857142857,0.2367149758454106,0.8786717752234994,0.3067899040170636,0.5148995148995149,0.9031531531531533,0.6329365079365079,0.1095836702688132,0.3425747284404155,0.9090909090909092,0.8444444444444444,1.0,0.6741379310344828,0.8105146515636543,0.4246031746031746,0.4954128440366973,0.2338709677419354,1.0,0.3835680751173709,0.7887630662020906,0.4091400339663424,0.5753562111178006,0.8307896483078965,0.4946236559139785,0.0728929384965831,0.6881889763779527,0.5727636849132176,0.8004866180048662,0.5801500087214373,0.4827586206896552,0.6515151515151515,0.3148148148148148,0.2620320855614973,0.697950377562028,0.3035714285714285,0.4807692307692308,0.4611546685673556,0.5028857252789534,0.4545454545454545,0.253393665158371,0.2429906542056074,0.4,1.0,0.9077380952380952,0.865605658709107,0.6974358974358974,0.4835164835164835,0.4838709677419355,1.0,0.784955304435824
align-dinov2+1b-things+hyp-abl10cat-7,0.9218426501035196,0.6690307328605201,1.0,0.4757281553398058,0.3146072241549629,0.9501748251748252,0.2718446601941747,0.872310746284672,0.8464285714285714,0.7297297297297298,0.5226387862146654,0.6116531920825202,0.7890625,0.8130020549224735,1.0,0.6997957794417972,0.8342181004157339,0.9537234042553192,1.0,0.7076023391812865,1.0,0.3129251700680272,0.8220183486238533,0.9091836734693878,0.7124471410185695,0.8960626069943751,0.4946236559139785,0.0978561046511627,0.9403794037940378,0.8171428571428572,0.9592039800995024,0.7239030571835894,1.0,0.4772727272727273,0.8377192982456141,0.4951678951678951,1.0,0.5517241379310345,0.4953271028037383,0.8550891316848763,0.8469617404351087,0.5291750503018109,0.3220270705768611,0.25314046440807,0.4808349146110057,0.8818181818181818,0.8874773139745916,0.9090867264780308,0.6488095238095238,1.0,1.0,1.0,0.791374474053296
align-dinov2+1b-things+hyp-abl10cat-7-random,0.7604516610675625,0.6513865308432372,0.4811320754716981,0.4807692307692308,0.4090757978723404,0.8843813387423936,0.2953431372549019,0.4448116325181758,0.8547297297297297,0.8085156433780287,0.1095836702688132,0.3777360850531582,0.8417582417582418,0.7520128824476651,1.0,0.6513833992094862,0.7894418667916031,0.7175723359209598,0.4907407407407407,0.2338709677419354,0.4854368932038835,0.3129251700680272,0.8235420010700909,0.5563310069790628,0.7332423673887088,0.6702648001349301,0.4946236559139785,0.0757189351986787,0.7737142857142857,0.647964796479648,0.725752508361204,0.5361400894187779,0.4827586206896552,0.4850746268656716,0.3148148148148148,0.2620320855614973,0.4666666666666667,0.3035714285714285,1.0,0.4688346883468834,0.5344144144144144,0.4545454545454545,0.2636363636363636,0.2429906542056074,0.3453145057766367,0.5723684210526316,0.7361702127659575,0.8365591397849462,0.4433962264150943,1.0,0.4838709677419355,1.0,0.6859605911330049
align-dinov2+1b-things+hyp-abl10cat-local-shuffled-218,0.955981308411215,0.4607843137254901,1.0,0.4752475247524752,0.2556053811659193,0.9077380952380952,0.4864612511671335,0.6623376623376623,0.933712755272849,0.8950971322849214,0.6277857759861791,0.562378365817527,0.7083333333333333,0.926019868949482,1.0,0.8681318681318682,0.8356935817805383,0.9902416780665756,0.4958677685950413,0.302215558887223,0.4915254237288136,0.3288590604026846,0.9148936170212766,0.6944745395449621,0.7381818181818182,0.9393939393939394,1.0,0.5838943166924818,0.7813765182186234,0.9599499374217773,0.8870822041553749,0.6584192439862543,1.0,0.4649122807017544,0.8067539046010975,0.45427059712774,0.5636363636363636,0.8396642727351389,0.4958677685950413,0.9209164818920916,0.7648902821316614,0.8168526356290882,0.3149131274131274,0.5915966386554622,0.8616422947131608,0.7536433032616239,0.8508318990246702,0.8833333333333333,0.4758064516129032,1.0,0.4948453608247423,0.4964028776978417,0.8079625292740047
align-dinov2+1b-things+hyp-abl10cat-local-shuffled-42,0.992453737082432,0.4387755102040816,1.0,0.47,0.2556053811659193,0.9483333333333333,0.5815758830379092,0.857626443647949,0.9042089985486212,0.8,0.7132141257757021,0.5419382877009995,0.7824397824397824,0.911690496215307,1.0,0.834920634920635,0.8877718026654197,1.0,1.0,0.848678554072745,0.4827586206896552,0.3288590604026846,0.9145454545454546,0.9468024900962082,0.78125,0.941678939617084,1.0,0.5990384615384616,0.7813765182186234,0.782312925170068,0.8015873015873016,0.709329885800474,1.0,0.4649122807017544,0.8251582946390882,0.412720427977016,0.8148148148148148,0.8242084712672948,0.4958677685950413,0.902014652014652,0.7950310559006211,0.7304504504504505,0.5862722238414457,0.8329896907216495,0.8858090185676393,0.9627296587926508,0.8046162104133119,0.9399046104928458,0.4758064516129032,1.0,0.4948453608247423,0.4852941176470588,0.7759562841530054
align-dinov2+1b-things+hyp-abl10cat-local-shuffled-7,0.9703325774754346,0.4660194174757281,1.0,0.4952380952380952,0.2556053811659193,0.902668759811617,0.7980114237359848,0.933745173745174,0.9093406593406592,0.8751926040061633,0.6859485899903388,0.641830839875574,0.7083333333333333,0.926019868949482,1.0,0.8052434456928839,0.8175504068833256,0.990159109721328,1.0,0.8183694530443757,0.4957983193277311,0.3503118503118503,0.9254559873116576,0.9147392290249432,0.7381818181818182,0.9207683073229292,1.0,0.6048124263227238,0.8125,0.9016897081413212,0.8015873015873016,0.8043247827008693,1.0,0.4741379310344827,0.7568634179821552,0.556317472084511,0.7843278217109992,0.8606969412967538,1.0,0.8708809059686252,0.7577639751552795,0.7655172413793103,0.4182966507177033,0.5851393188854489,0.8697033898305084,1.0,0.8375,0.9067269643866592,0.4841269841269841,1.0,1.0,0.4964028776978417,0.7759562841530054
align-dinov2+1b-things+hyp-abl10cat-shuffled-218,0.6025449388678088,0.4059405940594059,0.4795918367346938,0.4947368421052631,0.2807017543859649,0.5138888888888888,0.25,0.3500905797101449,0.4436619718309859,0.3981481481481481,0.1436942885440739,0.2639392530605919,0.4675324675324675,0.6532258064516129,0.4956521739130435,0.4503816793893129,0.5286885245901639,0.3333333333333333,0.4776119402985074,0.2062780269058296,0.4957264957264957,0.3243243243243243,0.4023606557377049,0.3203125,0.4187922389361238,0.4787087912087912,0.4846153846153846,0.0851528384279476,0.4666666666666667,0.4823956442831216,0.6795994993742178,0.375,0.4608695652173913,0.4690265486725664,0.2937062937062937,0.2574257425742574,0.4634146341463415,0.3010752688172043,0.4459459459459459,0.3557046979865771,0.4325233644859813,0.43,0.2376681614349775,0.2259615384615384,0.2840909090909091,0.4684684684684684,0.5440385160011328,0.4559837728194726,0.4285714285714285,0.4710743801652892,0.43,0.495575221238938,0.3811544991511035
align-dinov2+1b-things+hyp-abl10cat-shuffled-42,0.5615851222258545,0.4339622641509434,0.4848484848484848,1.0,0.2807017543859649,0.5889003083247688,0.2609402649576737,0.2795321637426901,0.4436619718309859,0.4090909090909091,0.1347477098086929,0.2639392530605919,0.4605263157894737,0.558974358974359,0.4912280701754385,0.4705882352941176,0.6034536431723709,0.4149560117302053,0.465648854961832,0.2062780269058296,0.4913793103448275,0.3243243243243243,0.4919354838709677,0.3441112414139721,0.4867860187553282,0.4521739130434783,0.4846153846153846,0.0851528384279476,0.4744525547445255,0.5240404040404041,0.7005847953216374,0.4214285714285714,0.4655172413793103,0.4690265486725664,0.2937062937062937,0.2574257425742574,0.7338709677419355,0.3010752688172043,0.4459459459459459,0.3557046979865771,0.4560439560439561,0.4411764705882353,0.2376681614349775,0.2259615384615384,0.2987012987012987,0.4732142857142857,0.5040671739700866,0.5500112688753662,0.44,0.4666666666666667,0.43,0.4770642201834862,0.4143052569865155
align-dinov2+1b-things+hyp-abl10cat-shuffled-7,0.586002772470121,0.4495412844036697,0.46875,0.4947368421052631,0.2807017543859649,0.5138888888888888,0.25,0.295906432748538,0.4436619718309859,0.4090909090909091,0.1377437786277565,0.2639392530605919,0.4675324675324675,0.6335227272727273,0.4956521739130435,0.7040516735173223,0.4798635707726617,0.328,0.4573643410852713,0.2062780269058296,0.4957264957264957,0.3243243243243243,0.4634615384615385,0.3203125,0.4187922389361238,0.4,0.4682539682539682,0.0851528384279476,0.4857142857142857,0.38,0.5994993742177722,0.3793103448275862,0.4608695652173913,0.4690265486725664,0.2937062937062937,0.2574257425742574,0.4761904761904761,0.3010752688172043,0.4938271604938271,0.3557046979865771,0.3888888888888889,0.5224676313785225,0.2376681614349775,0.2259615384615384,0.3129973474801061,0.4732142857142857,0.4857142857142857,0.4628695025234318,0.4343434343434343,0.4666666666666667,0.4183673469387755,0.4910714285714285,0.4535714285714285
align-dinov2+1b-things+hyp-abl20cat-218,0.8854395340831495,0.75,1.0,0.4927536231884058,0.2862745098039215,0.4900662251655629,0.6436781609195402,0.9113874854255732,0.5423076923076923,0.6184782608695653,0.9097909790979096,0.8405594405594405,1.0,0.836372136512389,0.8416931216931216,0.4929114026891985,0.8853270901805411,0.8277777777777777,0.4967741935483871,0.4903846153846153,0.4771573604060913,0.7867132867132867,0.220654525784349,0.7037037037037037,0.8363586358635864,0.4122761157904928,0.9031860226104832,0.943479103417092,0.4852071005917159,0.8093615760628055,0.6440146087746121,0.4561892046538242,0.6535064935064936,0.4582309582309583,0.927409598064256,0.4211196451308169,0.7545219638242895,0.4896551724137931,0.7659774436090225,0.6240898689411275,0.6881249143952883,0.7697478991596638,0.3563564225491816,0.8820016311926123,0.7954261954261954,0.8237179487179487,0.2253983728514559,0.5256607365107255,0.4534203980099502,1.0,0.8030415720660768,0.9721362229102168,0.8414014816195312
align-dinov2+1b-things+hyp-abl20cat-218-random,0.5330445859872611,0.7292933130699089,0.4848484848484848,0.4696969696969697,0.3065555674251326,0.4726027397260274,0.5848214285714286,0.8992834004122902,0.4360189573459715,0.3418546365914787,0.8066949552098066,0.6742857142857143,0.4519774011299435,0.8774509803921569,0.3944954128440367,0.326771653543307,0.7719703480876665,0.6322580645161291,0.4935064935064935,0.4854368932038835,0.455026455026455,0.5763888888888888,0.2112332112332112,0.7037037037037037,0.8065040650406503,0.2801204819277108,0.3403361344537815,0.8950326206317422,0.488235294117647,0.5879875886524822,0.1556016597510373,0.3382656155245603,0.2852112676056338,0.3495575221238938,0.8159090909090909,0.3281853281853282,0.6401515151515151,0.4896551724137931,0.6406926406926406,0.3794642857142857,0.3888888888888889,0.5260213470739787,0.3343301435406698,0.3035714285714285,0.3223140495867768,0.6809374637428935,0.1989389920424403,0.1996644974692697,0.3430913348946136,0.9089743589743592,0.1917772369213053,0.4111767378464334,0.6942569893954
align-dinov2+1b-things+hyp-abl20cat-42,0.8666929340688205,0.8228561046511628,0.4925373134328358,1.0,0.2862745098039215,0.4866666666666667,0.7264705882352941,0.9321428571428572,0.5091569048011879,0.370786875818664,0.9279754062362756,0.9193434271968304,1.0,0.8332996564962618,0.4434748504755368,0.5488837264243809,0.8182985553772071,0.8064333017975402,0.4935064935064935,0.4903846153846153,0.4690721649484536,0.6323998582063098,0.2933180838428716,0.8417582417582418,0.7494736842105263,0.5282169541555207,0.9615949119373776,0.9091869757611784,0.4941860465116279,0.7939378881987578,0.1622380239520958,0.3411458333333333,0.4689655172413793,0.5833333333333333,0.927409598064256,0.3646399456521739,0.8920699840945239,0.4931506849315068,0.853958944281525,0.5968734526420032,0.6779440468445023,0.7991202346041055,0.3748894783377542,0.5905769715293525,0.5400305966343703,0.793939393939394,0.2157671033478893,0.4181649460619417,0.539353520788272,1.0,0.6518890720822101,0.972027972027972,0.7973081463990555
align-dinov2+1b-things+hyp-abl20cat-42-random,0.4965394989340792,0.64,0.4769230769230769,0.4736842105263157,0.2862745098039215,0.4797297297297297,0.7047619047619047,0.8080808080808081,0.4360189573459715,0.3312937062937063,0.6805992509363296,0.8020833333333333,0.4974093264248704,0.7117032881408758,0.3972602739726027,0.326771653543307,0.7577314071696094,0.7120743034055728,0.48,0.4301075268817204,0.519140989729225,0.5536166619757952,0.215960268638185,0.6029411764705883,0.7976190476190477,0.2855446355446355,0.3375527426160337,0.9108821051267096,0.4821428571428571,0.6429463171036205,0.1556016597510373,0.3411458333333333,0.2943491625728978,0.3524229074889868,0.9113300492610836,0.3646399456521739,0.8538011695906432,0.4931506849315068,0.6807692307692308,0.4185971685971685,0.3926380368098159,0.505852042694148,0.2973977695167286,0.2985611510791366,0.3166666666666666,0.6027777777777777,0.201058201058201,0.2767005867253392,0.2807692307692307,1.0,0.1835294117647058,0.3805836807623585,0.6882783882783883
align-dinov2+1b-things+hyp-abl20cat-7,0.882693993123441,0.7497497497497497,1.0,1.0,0.2862745098039215,0.4900662251655629,0.753968253968254,0.9199679069300972,0.4360189573459715,0.47516515781747,0.9036314490539428,0.8870807980755625,1.0,0.9029802477735211,0.9310164619806636,0.6118341404358354,0.8107276618512573,0.9702304737516004,0.4935064935064935,0.4903846153846153,0.5484256675966521,0.8496556723450526,0.3675428249883672,0.8883720930232558,0.8239881672717494,0.5440939104915627,0.8347298833635101,0.9,0.4821428571428571,0.788961038961039,0.1881380711666171,0.3636509721999035,0.9004120879120878,0.4582309582309583,0.9079545454545456,0.3991262741834824,0.8743386243386243,0.4861111111111111,0.9101731601731602,0.568291802094619,0.6699999999999999,0.7991202346041055,0.4841191066997519,0.6820652173913043,0.6505166659965422,0.8384363348774151,0.3477029824855911,0.3707712814855671,0.5572837064341155,1.0,0.6586325627151992,0.9296875,0.8425167707610456
align-dinov2+1b-things+hyp-abl20cat-7-random,0.5851590850913253,0.7435410334346504,0.4769230769230769,0.4488188976377952,0.2834645669291338,0.4797297297297297,0.5545977011494253,0.8287229341581971,0.4360189573459715,0.3205574912891986,0.673406862745098,0.7199934501391845,0.4921465968586387,0.8258972097126143,0.420821699242122,0.3575592693354061,0.7307396546106224,0.8481770360964992,0.4935064935064935,0.4803921568627451,0.4812271062271062,0.6041392615978252,0.2090524295953496,0.9296875,0.7589216144615865,0.2953316953316953,0.3403361344537815,0.935064935064935,0.4912280701754385,0.4402288467329118,0.1485355648535564,0.3178294573643411,0.2852112676056338,0.4,0.8548209703042894,0.3281853281853282,0.6587643678160919,0.4825174825174825,0.5129107981220657,0.3794642857142857,0.4360759493670886,0.5912717685422882,0.2973977695167286,0.3035714285714285,0.3223140495867768,0.6002906976744187,0.201058201058201,0.2052726778893107,0.3219547251167804,1.0,0.1835294117647058,0.3454545454545454,0.7000184263865856
align-dinov2+1b-things+hyp-abl20cat-local-shuffled-218,0.856261779567172,0.7635986364310063,0.4968944099378882,0.4941176470588235,0.2988929889298893,0.4974358974358974,0.6919786096256685,0.9328629032258065,0.4967111819812637,0.34173100365705,0.8341770210154932,0.9824884792626728,0.4965034965034965,0.752871952927991,0.8264669163545568,0.5167200512491992,0.883000698920556,0.9598883850715032,1.0,0.4904458598726114,0.8771241830065359,0.4298069187449718,0.2788018433179723,0.9011264080100124,0.8038500506585613,0.4135642135642136,0.9865765765765766,0.926898914905768,0.4807692307692308,0.6913604766633565,0.2155076424739346,0.4430708180708181,0.9570415400202634,0.5498383473067017,0.8957152274225445,0.5526977087952698,0.9021739130434784,0.4968553459119497,0.8370176095916073,0.6263673411024523,0.6223316912972086,0.8497753818508536,0.5081006216381615,0.8890243902439025,0.803240058910162,0.95487894350697,0.6579091406677613,0.4490140078879369,0.6816624295346523,0.4910179640718562,0.8153502235469449,0.9804796663190825,0.8958540630182421
align-dinov2+1b-things+hyp-abl20cat-local-shuffled-42,0.8978677514253317,0.7428064643279464,0.4563758389261745,0.4941176470588235,0.3090909090909091,0.4922279792746113,0.5461968199398367,0.9137529137529136,0.4228571428571429,0.4149236856981345,0.8848509595753369,0.944991314418066,0.4965034965034965,0.8742933155969405,0.8392691951896392,0.4975620280474649,0.8288514487067921,0.9866294616905013,1.0,0.4936708860759494,0.7940854326396495,0.4759316770186335,0.2612222126856064,0.8746031746031746,0.8321891685736079,0.5910387257627665,0.9529862519720532,0.919496855345912,0.490566037735849,0.7045045045045045,0.2272727272727273,0.5962873791828047,0.8866310160427807,0.7099093774625689,0.8994789681026814,0.6508336836205688,0.8226462308414138,0.4904458598726114,0.7935126582278481,0.6574784110535405,0.7880492773304879,0.8690476190476191,0.3922429938366193,0.6774232978853441,0.5884539247767947,0.9200779727095516,0.7044472003616176,0.309700868758662,0.5236844409421242,0.4910179640718562,0.8068882622162636,0.967466110531804,0.878010878010878
align-dinov2+1b-things+hyp-abl20cat-local-shuffled-7,0.7759103641456583,0.7299813780260708,0.49375,0.4911242603550296,0.2988929889298893,1.0,0.4666666666666667,0.923860852523273,0.6957831325301205,0.4792671166827387,0.8121926229508196,0.9657287157287158,0.4965034965034965,0.8721850273889227,0.8727106227106227,0.3806190125276345,0.7819744725188851,0.9861861861861864,1.0,0.4968553459119497,0.8321428571428571,0.4052863436123348,0.3720804531988981,0.9011264080100124,0.8569105691056911,0.5572916666666667,0.9865717375630858,0.9022154316271964,0.49375,0.6649730871774233,0.9159789947486872,0.6009527812806501,0.9523166891587944,0.7868536853685368,0.9415113871635612,0.7837749105354739,0.9510869565217392,0.4936708860759494,0.9704584040747029,0.7818300227938783,0.7619047619047619,0.8797303043187754,0.4359589497534319,0.8944541098190031,0.7843571296808707,0.921961388561588,0.8544730392156863,0.3865165631469979,0.534891865861133,0.7439759036144578,0.738359201773836,0.9869652406417112,0.9013199245757386
align-dinov2+1b-things+hyp-abl20cat-shuffled-218,0.3940415550771061,0.3504273504273504,0.4645161290322581,0.4912280701754385,0.3263888888888889,0.4674556213017751,0.4618506493506493,0.4074366049139403,0.4775207333042339,0.2714932126696832,0.5199258572752549,0.6921283844360768,0.4967741935483871,0.6032928819814065,0.404749744637385,0.3207303974221267,0.5821065931891184,0.4522137404580152,0.4488636363636363,0.4671052631578947,0.4766355140186916,0.4044444444444444,0.1922077922077922,0.4489795918367347,0.5018992568125517,0.2741628614916286,0.4045527779221454,0.4202153110047847,0.4772727272727273,0.3516073025727363,0.1511111111111111,0.3206106870229007,0.3152866242038216,0.3163265306122449,0.4661723818350324,0.3024193548387097,0.5995910020449897,0.4597701149425287,0.4305555555555556,0.3469387755102041,0.3842105263157894,0.3876651982378855,0.2918149466192171,0.2840909090909091,0.3467823689225903,0.4108910891089108,0.2131979695431472,0.1377465749859761,0.3124979075295456,0.4958540630182421,0.1824598930481283,0.3480176211453744,0.5315315315315315
align-dinov2+1b-things+hyp-abl20cat-shuffled-42,0.4204239838279338,0.3765381460213289,0.4746835443037974,0.488235294117647,0.3263888888888889,0.4736842105263157,0.5310344827586206,0.5938561512332003,0.4411764705882353,0.2714932126696832,0.4904283156590001,0.5864045864045864,0.4901960784313725,0.5542857142857143,0.3798882681564245,0.3089430894308943,0.5921269686919377,0.5128970947597068,0.467032967032967,0.4671052631578947,0.4790697674418605,0.4044444444444444,0.1969100140056022,0.7072792978833247,0.5362510322047894,0.2559726962457337,0.4045527779221454,0.413817791301235,0.4888888888888889,0.3809523809523809,0.1650449840652057,0.3206106870229007,0.3152866242038216,0.3163265306122449,0.4285714285714285,0.3024193548387097,0.4573170731707317,0.4689265536723164,0.4421768707482993,0.3469387755102041,0.4444173870692803,0.3876651982378855,0.2918149466192171,0.2840909090909091,0.3467823689225903,0.568840579710145,0.2131979695431472,0.1407568367276173,0.3124979075295456,0.5546875,0.1864916598304621,0.3480176211453744,0.3988142292490119
align-dinov2+1b-things+hyp-abl20cat-shuffled-7,0.4547582938048782,0.4070451237263464,0.4746835443037974,0.4941860465116279,0.3263888888888889,0.4857142857142857,0.4104046242774566,0.5353590407412454,0.4411764705882353,0.2714932126696832,0.4578754578754578,0.464475079533404,0.4967741935483871,0.589852552958599,0.4466869300911854,0.3089430894308943,0.6203890006706908,0.5745047372954349,0.4488636363636363,0.4527027027027027,0.4741784037558685,0.4044444444444444,0.1922077922077922,0.7072792978833247,0.5561877667140824,0.2585034013605442,0.3736263736263736,0.504959848842702,0.4712643678160919,0.3304721030042918,0.1546222646445363,0.3206106870229007,0.3152866242038216,0.3163265306122449,0.4285714285714285,0.3024193548387097,0.7746835443037974,0.4628571428571428,0.4265734265734265,0.3469387755102041,0.387434554973822,0.3876651982378855,0.2918149466192171,0.3759207518415036,0.3587761674718196,0.4472906403940886,0.2131979695431472,0.1377465749859761,0.3124979075295456,0.4411764705882353,0.1784037558685446,0.3480176211453744,0.5315315315315315
align-dinov2+1b-things+hyp-abl30-218,0.9473704774556536,0.8372437116888607,1.0,0.8228438228438228,0.9608286252354048,0.903773002981392,0.9336444805194806,0.8637225267687894,0.8706404565630945,0.7564778720476955,0.9366622374525024,0.963545764489903,0.972837552742616,0.9243917654398004,0.7190550711677473,0.9213687659264652,0.8175704225352112,0.976388888888889,0.9786158434861736,0.974406604747162,0.8162878787878788,0.8269955464200068,0.8458333333333333,0.9344155844155844,0.9485756566777654,0.8397389813637117,0.99062114356232,0.9714772727272728,0.9491174848317704,0.7655058043117744,0.9696585140747578,0.7945858022539793,0.9668559628291172,0.8382649359026042,0.9055555555555556,0.8865461847389559,0.9871646771916314,0.8670814479638009,0.9905491698595148,0.8021164021164021,0.782312925170068,0.825563909774436,0.8525541795665634,0.936617458279846,0.8181491464510333,0.892972972972973,0.8521765145848916,0.9075098814229248,0.8897058823529411,0.9831920903954804,0.9065520945220192,0.8930916732335172,0.906702723585088
align-dinov2+1b-things+hyp-abl30-218-random,0.9467125563731308,0.7858391608391608,0.8994594594594595,0.4685314685314685,0.8590785907859078,0.8033613445378152,0.8693472812465948,0.7023809523809523,0.7147119149729628,0.7281941031941032,0.7864176885916017,0.9107830551989732,0.8971028971028971,0.8361477767126317,0.7310874704491725,0.6687466948704389,0.7074011924738477,0.8992592592592592,0.870457329522254,0.9127988748241912,0.7275280898876404,0.6362545018007203,0.8023504273504274,0.7678160919540229,0.8780166739798156,0.7716144495805513,0.9037162162162162,0.8368325807755153,0.8902439024390244,0.6808325160727906,0.9370175923367412,0.7988852235240587,0.8580901856763926,0.6200757575757576,0.8769305019305019,0.8575630252100841,0.7076023391812865,0.8321428571428571,0.9125295508274232,0.6674132138857782,0.6842105263157895,0.8295287547761341,0.7115424323766261,0.7707581975707831,0.5874713521772346,0.5601699826154143,0.7811004784688995,0.8896604938271605,0.6542372881355932,0.8183998255940702,0.8711111111111112,0.8265146639698446,0.7947459918871933
align-dinov2+1b-things+hyp-abl30-42,0.9473704774556536,0.780670952406677,1.0,1.0,0.9611795446061964,0.913871635610766,0.9778814935064934,0.8784163473818647,0.889044289044289,0.8131137155527399,0.9033302497687326,0.9708839547549224,0.972837552742616,0.8998015873015872,0.723829756061827,0.8808823529411764,0.8175704225352112,0.9883067751920211,0.9644746787603932,0.9828681956341532,0.8775252525252526,0.7678160919540229,0.8348214285714286,0.9344155844155844,0.992620905664384,0.8478835978835979,0.99062114356232,0.9486659849400392,0.94875,0.7813852813852814,0.9847521499661802,0.7898989898989899,0.9437611689267318,0.8792030868572329,0.8926943308007014,0.8438064859117491,0.960521121200158,0.7922979797979798,0.971647509578544,0.7788359788359789,0.7641277641277642,0.877672322883712,0.7915161862236523,0.9683430174313764,0.907735321528425,0.8584096109839817,0.8469899665551839,0.9075098814229248,0.8277608915906788,0.9663841807909604,0.906814834649886,0.913409031810696,0.8749611680646163
align-dinov2+1b-things+hyp-abl30-42-random,0.899619941873463,0.7671548902838135,0.9424670245907072,0.4794520547945205,0.8706838833094213,0.8161732213875387,0.8721884660483957,0.7666666666666666,0.627435064935065,0.7925552243369258,0.800242441196354,0.9563259321323838,1.0,0.8806146572104019,0.5854591836734694,0.773886562618957,0.739202657807309,0.927727916863486,0.8914326779939428,0.8871701546860782,0.6289842753931152,0.7440092165898617,0.8310810810810811,0.705837659870837,0.8424036281179138,0.7536140067960606,0.8844594594594595,0.8416736753574432,0.8090767979895039,0.6849376114081996,0.9696585140747578,0.691027926322044,0.8537790392095028,0.6131147540983607,0.859802574034737,0.7717171717171717,0.7400909681611436,0.7922979797979798,0.8418803418803418,0.4967320261437908,0.6038095238095238,0.8651162790697675,0.4905774615908574,0.6061253561253561,0.4945508100147275,0.6417763157894737,0.7086774997747274,0.8365384615384616,0.7575193798449613,0.8079518779342723,0.8605769230769231,0.8221153846153846,0.8621575342465753
align-dinov2+1b-things+hyp-abl30-7,0.9555937969776088,0.8341946597760551,0.991815721734539,1.0,0.9110857794243374,0.913871635610766,0.9336444805194806,0.8856209150326797,0.8313492063492063,0.6860436991050552,0.932193177604746,0.9634152760962258,0.972837552742616,0.9293353323338333,0.5823379191037154,0.8913580246913579,0.8386869997836903,0.9883067751920211,0.9643597391436228,0.9913978494623656,0.8388168826852775,0.7964916439492711,0.8037482319660537,0.9229595728451564,0.940825883354619,0.8639649507119387,0.99062114356232,0.9174342105263158,0.9399790867898222,0.7347265045106772,1.0,0.7848275862068965,0.9447599380485288,0.8192372813029106,0.8926943308007014,0.8438064859117491,0.962382445141066,0.8601190476190477,0.9326514691860968,0.751226516692593,0.7998808814770697,0.8801540340001879,0.8525541795665634,0.9873397435897436,0.8254807692307693,0.8993464052287582,0.8194780737153619,0.8934218231504978,0.8012151782643586,0.9915966386554622,0.9062626262626264,0.9233954451345756,0.86752086516986
align-dinov2+1b-things+hyp-abl30-7-random,0.8901872333487323,0.8053475935828878,0.9587079587079588,0.4864864864864865,0.8913270637408568,0.8513071895424837,0.8176240936977133,0.7973531844499586,0.627435064935065,0.6579710144927536,0.85906289966283,0.9036009602560684,1.0,0.8995724371084817,0.6280256747351326,0.699523052464229,0.7490317398461918,0.9883067751920211,0.942775974025974,0.868560525757897,0.7471135940409683,0.705837659870837,0.7953111450016448,0.75293542074364,0.9405220367993152,0.8078529657477025,0.912836632401665,0.845652441274136,0.8619528619528619,0.7318678984814697,0.9636690150573284,0.7800751879699248,0.8841991341991342,0.51401305876444,0.8562091503267975,0.7658414221834442,0.8074359354169753,0.7141891891891892,0.8542159180457052,0.6348788198103267,0.7561904761904762,0.779047619047619,0.5681549379065642,0.7978956055291934,0.5623280423280423,0.7077922077922078,0.714405762304922,0.852820612922116,0.7760117118059187,0.8365975283659752,0.910967081698789,0.8175675675675675,0.7990012484394506
align-dinov2+1b-things+hyp-abl30-local-shuffled-218,0.93079980068787,0.8000244244977712,1.0,0.8968152866242038,0.9124497991967871,0.9695182799600834,0.8985891487548527,0.9356847532030014,0.7829888712241654,0.7278732827865776,0.8273027619928637,0.8837622005323869,0.950371155885472,0.886755823986195,0.5583717357910907,0.8092055003819709,0.8735079994768735,0.9627934978928356,0.9537429378531074,0.9584983965289569,0.9167604049493814,0.6882022471910112,0.8483100003036836,0.9619047619047618,0.952517447657029,0.8873949579831932,0.9453611457036114,0.9103557085484796,0.9217423403469917,0.8362573099415205,0.9697585371571462,0.8071428571428572,1.0,0.8864915572232646,0.8922764227642277,0.8946965554948059,0.927727916863486,0.8348748304353188,0.9154291467404984,0.7054009819967266,0.8560111835973905,0.8472070762147097,0.7488038277511961,0.892807881773399,0.9384902143522832,0.9500442086648984,0.9170356188424872,0.8876440784028745,0.7745098039215685,0.9759012916907652,0.9148207519673563,0.954728002920774,0.8638888888888889
align-dinov2+1b-things+hyp-abl30-local-shuffled-42,0.926070601851852,0.7605420737472424,1.0,0.8269230769230769,0.8694851248042738,0.9695182799600834,0.9470875944864384,0.949874686716792,0.8857808857808858,0.7466406425943999,0.8488111851286237,0.9068278805120912,0.982905982905983,0.9007936507936508,0.4807060755336617,0.7969186326432354,0.8720623638656426,0.9520037278657968,0.9923378370474352,0.975099037917374,0.9320477502295684,0.6794726930320151,0.8628613787991104,0.8990990990990991,0.968455042225534,0.9144366401578916,0.973026973026973,0.9278551331072794,0.9317701149425288,0.8475913998004173,0.9749198016914552,0.7561497326203208,0.9788243884629426,0.8465440710209258,0.8922764227642277,0.8173170731707318,0.8904403866809882,0.8494152046783625,0.8857142857142857,0.8654128202916056,0.8931165686613629,0.8552238805970149,0.7551734188283299,0.9436421275096863,0.9382456140350875,0.8827395364925632,0.917587860057847,0.878361397336014,0.909693744001396,0.9678332475553268,0.9627896613190732,0.9366192040890836,0.8230555555555555
align-dinov2+1b-things+hyp-abl30-local-shuffled-7,0.9168288630429622,0.8073529411764706,0.992350043465662,0.8269230769230769,0.8802197802197802,0.9596396396396396,0.9145114942528736,0.9285714285714286,0.7594061419564775,0.7593582887700534,0.863099670247846,0.9307163424810484,0.982905982905983,0.9119211964337072,0.5804531490015361,0.839942321557318,0.8555357387844698,0.987872365477452,0.9923503649635036,0.9237239165329052,0.8927847000869313,0.6476190476190476,0.8242145593869732,0.8990990990990991,0.9604730781201368,0.8873949579831932,1.0,0.9193201376936316,0.9317701149425288,0.891156462585034,0.9697585371571462,0.8585770405936273,1.0,0.8528815757477506,0.8653455284552845,0.8864601018675722,0.9147869674185464,0.8423407512068762,0.8936372269705604,0.6389666977902272,0.8528571428571429,0.8445704424996918,0.7708578143360751,0.9687390098081357,1.0,0.8941947565543071,0.9292348518354708,0.8497044976459982,0.7533799533799534,0.951848998459168,0.932742650020137,0.954728002920774,0.8707243693589446
align-dinov2+1b-things+hyp-abl30-shuffled-218,0.5474263240760703,0.4430794430794431,0.6605110043005313,0.4863013698630137,0.5336974857418266,0.6334134615384616,0.5407303370786517,0.4078016224613083,0.4277456647398844,0.3827731092436974,0.5176048685068463,0.6144561693909925,0.6506051609956611,0.5261555715773452,0.4686086284894626,0.5156043956043956,0.6157713460363313,0.4187922389361238,0.5942367146940443,0.4462962962962963,0.4623115577889447,0.4166666666666667,0.3697575990765679,0.4142207523770153,0.551443790299972,0.4535063330244053,0.4434782608695652,0.356516290726817,0.5078066293729648,0.43125,0.6239202418658221,0.6347312753658837,0.6130952380952381,0.3620689655172414,0.6273712737127372,0.4767676767676768,0.5028694404591104,0.3876404494382022,0.4665617623918174,0.3586206896551724,0.4476024411508282,0.458187134502924,0.4260869565217391,0.4946260144768589,0.5188355010445448,0.423469387755102,0.5554517588673187,0.4534341435839457,0.6065458796025716,0.6360392506690455,0.5848376678565358,0.5566999474513925,0.5323363505181686
align-dinov2+1b-things+hyp-abl30-shuffled-42,0.5322128851540616,0.3563887877684747,0.5024100852799407,0.4863013698630137,0.5218680504077093,0.5786499215070644,0.5219298245614035,0.3809919316563835,0.4277456647398844,0.3827731092436974,0.5176048685068463,0.5277535600116245,0.6193609022556391,0.4844989185291997,0.4490161001788909,0.5591165896250643,0.6099000773211205,0.3857142857142857,0.7099422638910959,0.4789159480716384,0.6485518065094058,0.4166666666666667,0.4193228634265712,0.4396645021645021,0.3541666666666667,0.3892118863049095,0.5836044242029929,0.425091791240493,0.3791469194312796,0.420759493670886,0.5558669428536616,0.459224985540775,0.4427324088341037,0.3583815028901734,0.5535714285714286,0.5202976112779011,0.4454317172107398,0.3876404494382022,0.5234939759036145,0.3586206896551724,0.4476024411508282,0.4043715846994535,0.4516215491825248,0.5459355459355459,0.4604442575853129,0.4619047619047619,0.4139914521674861,0.4889894419306184,0.5323359073359073,0.6109067554154259,0.5153264604810996,0.4822200066467265,0.575829802259887
align-dinov2+1b-things+hyp-abl30-shuffled-7,0.5512543252595156,0.3805619788382033,0.6810860949489839,0.4897959183673469,0.5770744638123544,0.6909653813678581,0.5393068469991547,0.5392156862745098,0.4277456647398844,0.4112706007442849,0.5240905438727731,0.6615511098931215,0.6853146853146853,0.5283720930232558,0.4875816993464052,0.647692759870677,0.629020609966113,0.599702103891268,0.6822204765645457,0.5357142857142857,0.6485518065094058,0.5035460992907802,0.4918852584752263,0.3876404494382022,0.5810293195905007,0.4613484995884157,0.5598103913003067,0.4772486772486772,0.4401709401709401,0.4932857991681521,0.5152347013589319,0.45,0.685,0.4062790697674418,0.5535714285714286,0.3930635838150289,0.5925925925925926,0.4061129568106312,0.4380391758855171,0.4101479915433403,0.676008804108584,0.5576298701298701,0.4619565217391304,0.5103362659901765,0.5095817020399752,0.5153186274509803,0.4940914940914941,0.3991490563706018,0.4838056680161943,0.7176470588235294,0.6327153170863979,0.6754687346618239,0.5591894774262354
align-dinov2+1b-things+hyp-abl30cat-218,0.9330173942972122,0.3932296625409922,0.9789078147432604,0.6595208070617907,0.8050655241935484,0.8911882510013351,0.8226037195994278,0.3040935672514619,0.7940869565217392,0.5219704952581665,0.6648416973682278,0.8773928361714621,0.77959482548206,0.8692230309485769,0.407332090606112,0.6362736607695163,0.2787197182698588,0.8663352665009666,0.9528499772001824,0.9105104556661492,0.8493644067796611,0.7685200371767535,0.7228425541465604,0.9402610441767068,0.7464085156315481,0.609782230974169,0.977579024748836,0.8637150127226463,0.9136973309849614,0.6695156695156695,0.923065778035352,0.7624269005847952,0.495049504950495,0.4547747391325849,0.7390648567119156,0.552552278330746,0.8470760949351603,0.6742553919890448,0.8679439252336448,0.687052215280564,0.677144535840188,0.4495967741935484,0.6662393162393162,0.8883689187871697,0.6168421052631579,0.9196172248803828,0.4127856955822392,0.5721574842952751,0.8895205282802181,0.9420324427480916,0.890637472915954,0.495,0.9078111587982832
align-dinov2+1b-things+hyp-abl30cat-218-random,0.7736013185605713,0.3172804532577903,0.5508374616654871,0.4578313253012048,0.6064383561643836,0.7571996027805363,0.7516452074391988,0.3040935672514619,0.449814126394052,0.3385579937304075,0.2738571294471041,0.5401070399341292,0.7443294428539968,0.6879029031254168,0.392226148409894,0.3552631578947368,0.3195351517479831,0.6627275630788885,0.5216497697673959,0.7907324364723467,0.4015151515151515,0.5385057471264367,0.5808118291847454,0.7450560316413974,0.3242506811989101,0.3193069306930693,0.418498797664033,0.8485587608420622,0.391304347826087,0.3506493506493506,0.9039348710990502,0.7587907375643225,0.423728813559322,0.381625441696113,0.3951048951048951,0.6929824561403509,0.7138278388278388,0.3821428571428571,0.5091930270757166,0.4705403203909856,0.3591836734693877,0.3809523809523809,0.338204833141542,0.3419540229885057,0.3555665349143609,0.4853801169590643,0.2443438914027149,0.2038839023571848,0.6726353486412471,0.3533000327546675,0.5246956412035577,0.4975124378109453,0.6341338783852837
align-dinov2+1b-things+hyp-abl30cat-42,0.9218484539585456,0.3775002668374426,0.9873303167420816,0.7,0.3639346908034537,0.8741852487135506,0.7789661319073085,0.3523809523809524,0.5548872180451128,0.3364779874213836,0.5886171262398089,0.8505747126436781,0.7611111111111111,0.8107293013029074,0.392226148409894,0.4588852000698934,0.0838456512999196,0.8217592592592593,0.5873653816138599,0.9460708782742682,0.5086231269437377,0.6416583747927032,0.6962030650802793,0.9905262319878992,0.3242506811989101,0.5375375375375375,0.9432804363997024,0.9199029126213591,0.391304347826087,0.4737517648568862,0.899943470887507,0.746665890163648,0.4603174603174603,0.3976846057571965,0.4790583082398029,0.6036891608072322,0.935655456417296,0.3821428571428571,0.8613396550922698,0.5524956970740103,0.4734837719547547,0.4093606074436745,0.4486626402070751,0.5536062378167641,0.4588980269508474,0.8018018018018018,0.2783187805239011,0.4764765633374338,0.7681040942843518,0.793451652386781,0.8401027077497666,0.4924623115577889,0.83986401860798
align-dinov2+1b-things+hyp-abl30cat-42-random,0.7810164553114121,0.3343554946608382,0.4029761904761905,0.4578313253012048,0.3922149354770467,0.7980530973451327,0.7789661319073085,0.3040935672514619,0.449814126394052,0.3258785942492013,0.1946745447875031,0.4372652663791904,0.8784929356357928,0.6253212699261637,0.392226148409894,0.3552631578947368,0.3076129514316008,0.8227908078654347,0.3945379594641017,0.8214285714285714,0.4082397003745318,0.5904628330995793,0.6366225639442706,0.8624277456647399,0.3242506811989101,0.3193069306930693,0.3667820069204152,0.8453453453453453,0.391304347826087,0.3506493506493506,0.9162816081499,0.5544813930464154,0.4659685863874345,0.3976846057571965,0.3951048951048951,0.5982142857142857,0.7772770149879468,0.3799283154121863,0.7847630238934586,0.3953488372093023,0.3663957255726709,0.4440924928729807,0.3129032258064516,0.3419540229885057,0.3357664233576642,0.754093538582214,0.2405488769376779,0.2417426692344028,0.6344389555398731,0.4907391673746814,0.7075898574233757,0.4846938775510204,0.7211838006230529
align-dinov2+1b-things+hyp-abl30cat-7,0.9902387267904508,0.4870281124497992,0.9873303167420816,0.9217028186985268,0.6532634032634033,0.8733488733488733,0.7728937728937728,0.3040935672514619,0.8010752688172043,0.5157377049180327,0.6090007627765065,0.9226620836790328,0.689731729879741,0.8884466866890561,0.392226148409894,0.5288461538461539,0.5827378521845651,0.9042089985486212,0.7798534192979556,0.933806146572104,0.8094298245614036,0.8373440285204992,0.6346541776580288,0.9712027103331452,0.467574415411098,0.3635942872256017,0.9659682618398217,0.9130393996247654,0.6176306650087896,0.4802494802494802,0.9570224426792466,0.7574497574497574,0.4925373134328358,0.5254745254745254,0.5094955330872519,0.5640773516879711,0.8918089542843655,0.444824016563147,0.8824902038480166,0.4879078180478328,0.459366391184573,0.3809523809523809,0.4199346405228758,0.8267638158942507,0.6377160817181771,0.8563134978229319,0.5301623603510396,0.5393713040771864,0.8558558558558558,0.8847248576850095,0.887704918032787,0.495,0.8419157608695652
align-dinov2+1b-things+hyp-abl30cat-7-random,0.6825906253510278,0.3192090395480226,0.4011166155539828,0.4512195121951219,0.4619598295800365,0.7227891156462585,0.6309523809523809,0.3040935672514619,0.4477611940298507,0.3385579937304075,0.1946745447875031,0.4335492250115351,0.7443294428539968,0.6653496168582376,0.3900709219858156,0.3552631578947368,0.3158901131426223,0.6115804461319412,0.3423507462686567,0.8441647401318606,0.4416171897087927,0.5433185422273951,0.7033041227687677,0.8026533996683249,0.3242506811989101,0.3176178660049628,0.3667820069204152,0.8030376296817303,0.391304347826087,0.3506493506493506,0.8597416020671835,0.5143745143745144,0.43646408839779,0.3794326241134751,0.3908450704225352,0.5645556217325127,0.6986689026307515,0.3821428571428571,0.8180926916221034,0.3953488372093023,0.3749414519906323,0.4566539774734116,0.3292847503373819,0.3419540229885057,0.4110032362459547,0.6527412396085447,0.2426303854875283,0.2199033403369011,0.6515647430376112,0.4011500547645126,0.7389119889119888,0.4873096446700508,0.6519844462322338
align-dinov2+1b-things+hyp-abl30cat-local-shuffled-218,0.8116010747589695,0.3566561669235752,1.0,0.7736842105263158,0.7963645501759089,0.93852922690132,0.6678739587106122,0.5711012736874805,0.9013407538578296,0.5618253554678776,0.7606623105880705,0.8949938949938949,0.7109697933227346,0.8518629807692308,0.3898916967509025,0.477533960292581,0.4427298392401717,0.9591949269368624,0.8043882218410521,0.9700980392156864,0.7747747747747747,0.4169611307420495,0.708629323395831,0.8945039590125756,0.6782070480183687,0.4286083640359382,0.9822405782137328,0.9179566563467492,0.7996820349761526,0.3368421052631579,0.952453520268211,0.6914981583101556,0.4937238493723849,0.4352308381891528,0.4152680652680652,0.5277777777777778,0.8842546702249333,0.7518181818181818,0.9163691993880674,0.5908045977011495,0.5653060256957284,0.3693379790940767,0.3872354497354497,0.9579356585930504,0.6985088673862534,0.8722203783604381,0.529318808733461,0.3381505677636154,0.8537966537966538,0.9397683397683398,0.8749348619072433,0.4939759036144578,0.8917748917748918
align-dinov2+1b-things+hyp-abl30cat-local-shuffled-42,0.9357758620689656,0.3588362068965517,0.6638765471278959,0.4533898305084746,0.7578056170359069,0.8225869650398363,0.7167130058696324,0.327448045086298,0.7006423463822566,0.4352954144620811,0.6112842381499097,0.8254529053596933,0.7109697933227346,0.8181003584229392,0.3898916967509025,0.3406593406593406,0.4527180769921307,0.9559523809523808,0.6785152563699277,0.9445454545454546,0.5885786623531895,0.43927304964539,0.5909325909723603,0.9024375917767988,0.303680981595092,0.535042735042735,0.6778641163578403,0.901788091459973,0.3745173745173745,0.3486664668864249,0.8389428040470783,0.7553910524621822,0.4915966386554621,0.3856655290102389,0.5701863354037267,0.6028289891926255,0.918632075471698,0.391304347826087,0.9129618289446826,0.4125412541254125,0.3754512635379061,0.3693379790940767,0.3677635248187395,0.3942342045235936,0.4054702996137384,0.7787917194761301,0.297008547008547,0.2496480670760948,0.8383097165991903,0.7386538929934238,0.9163763066202092,1.0,0.9137809684684683
align-dinov2+1b-things+hyp-abl30cat-local-shuffled-7,0.9712040198415256,0.652093023255814,0.9955669125191164,0.7736842105263158,0.8346358496840705,0.952977539666186,0.7167130058696324,0.4110275689223057,0.9438250799412324,0.4138322938322938,0.7594148089171975,0.8986155613324467,0.6804716709807306,0.8512820512820514,0.3898916967509025,0.6924548933843631,0.4269622536988907,0.96824715726239,0.6552865714876888,1.0,0.7747747747747747,0.4169611307420495,0.6486743534623152,0.9149774774774776,0.5332287537362475,0.5404776037623853,0.9400362571468416,0.9679302578353484,0.7572096825468912,0.404692082111437,0.9318539227677792,0.8107098381070983,0.4937238493723849,0.7301136363636364,0.6093632395002258,0.5876577840112203,0.9295661684287276,0.4945158405121687,0.9596655189375308,0.4726793943383805,0.5406266595857674,0.7543571428571428,0.4865335381464414,0.8726050049608642,0.7385180995475114,0.8472222222222222,0.7973696428740631,0.3365080331061344,0.7873093681917211,0.723965021708555,0.7836538461538461,0.49800796812749,0.8847926267281105
align-dinov2+1b-things+hyp-abl30cat-shuffled-218,0.6214824721265583,0.3308967275818104,0.4044354838709677,0.4430894308943089,0.3655913978494624,0.6210526315789473,0.4102564102564102,0.3009118541033435,0.4492753623188406,0.3136531365313653,0.2325400843881856,0.3465638838773167,0.4680851063829787,0.5402048655569782,0.388235294117647,0.3512658227848101,0.0991656670665067,0.4845744680851064,0.3705477150537634,0.6202127659574468,0.4163822525597269,0.4139194139194139,0.482640730916593,0.4773318969386839,0.3081395348837209,0.3041095890410959,0.425092091007584,0.5039451213112878,0.3853820598006645,0.312280701754386,0.5872653134381862,0.6282825343711356,0.4434782608695652,0.3666666666666666,0.3795918367346939,0.5742264288314525,0.4346153846153846,0.375,0.4479325753719101,0.3846153846153846,0.3684210526315789,0.3694029850746269,0.3264094955489614,0.3196202531645569,0.3575949367088608,0.5111507582515611,0.2532751091703056,0.1794236772179656,0.4334130781499202,0.3502384737678855,0.3620976692563817,0.4575471698113207,0.5203588172320868
align-dinov2+1b-things+hyp-abl30cat-shuffled-42,0.5936227810956582,0.3223140495867768,0.3802403204272363,0.4453441295546558,0.3655913978494624,0.6414193816144428,0.4101382488479262,0.3009118541033435,0.4492753623188406,0.3136531365313653,0.2119710941872065,0.370665426532139,0.4594594594594595,0.5254848314154663,0.4928284566838783,0.3512658227848101,0.1093371851245867,0.5688013564627625,0.3436692506459948,0.6241496598639455,0.4354154032747119,0.4139194139194139,0.4190687361419069,0.4930039563832867,0.3081395348837209,0.3060109289617486,0.4099912357581069,0.4647517140104571,0.3853820598006645,0.312280701754386,0.4601668358564682,0.5648436958480627,0.4482758620689655,0.3666666666666666,0.3795918367346939,0.5509433962264151,0.4972972972972973,0.4418103448275862,0.5009357454772302,0.3846153846153846,0.3639575971731448,0.3694029850746269,0.3264094955489614,0.3196202531645569,0.3575949367088608,0.5219622331691297,0.2532751091703056,0.1779986458478697,0.5217717717717718,0.3405405405405405,0.5333333333333333,0.484304932735426,0.3924606432727662
align-dinov2+1b-things+hyp-abl30cat-shuffled-7,0.5821038251366121,0.3289632276754562,0.4097902097902097,0.4430894308943089,0.376477809506018,0.5282984531392175,0.4163296911296567,0.3050086988371028,0.4492753623188406,0.3460103329506315,0.205909456593286,0.3627315567110822,0.46524064171123,0.5427796096745184,0.388235294117647,0.3512658227848101,0.1377777777777777,0.4722222222222222,0.3527563068037034,0.5302631578947368,0.4163822525597269,0.4139194139194139,0.4070327333485228,0.4655987648364373,0.3081395348837209,0.3060109289617486,0.3926380368098159,0.5352884153859185,0.3853820598006645,0.312280701754386,0.5738977072310405,0.4892197542917582,0.4336283185840708,0.3666666666666666,0.3795918367346939,0.5096153846153846,0.576891447368421,0.375,0.4462523890696833,0.3822393822393822,0.3684210526315789,0.3694029850746269,0.3358555286521388,0.3576162538026945,0.3575949367088608,0.4267782426778242,0.2532751091703056,0.1972686433063791,0.4544052989208017,0.3712680422357842,0.4949314251639833,0.4796380090497738,0.5247402952433023
align-dinov2+1b-things+hyp-abl40cat-218,0.5040434826606202,0.7606246799795187,0.8978979479571254,0.48828125,0.414880627646585,0.8912366912366911,0.3959129982562941,0.8149114183102266,0.6431146359048305,0.3541076487252124,0.7178278661445416,0.718584656084656,0.9823444529326882,0.9121249121249122,0.3986710963455149,0.8740936058009229,0.8127299638906751,0.9325049854272128,0.6632795377565253,0.9239912417891774,0.6269582751667442,0.4,0.2911138923654568,0.846816976127321,0.3375314861460957,0.480297418869638,0.9567845947156292,0.2396732199907175,0.932868965076525,0.7792207792207793,0.7643273978752056,0.3633720930232558,0.7866745611590973,0.4231223150639664,0.7370629370629371,0.3732193732193732,0.789326334208224,0.4517006802721088,0.849875415282392,0.4783858070964517,0.3933823529411764,0.3919308357348703,0.3490304709141274,0.3652095367134945,0.7007936507936507,0.6734368777379529,0.3258771929824561,0.8780032467532467,0.7867471543271982,0.8605714285714285,0.9074074074074074,0.5410695413231875,0.8241922345913657
align-dinov2+1b-things+hyp-abl40cat-218-random,0.1497456189937818,0.6564605021432945,0.5075757575757576,0.4862745098039215,0.514001827853678,0.5826524198617222,0.3847386587771203,0.5197273290642429,0.5274372780387215,0.3541076487252124,0.2184453016179149,0.5159150182256318,0.5569477509084074,0.7253385390926164,0.3986710963455149,0.6521391826692655,0.7679530912912802,0.3993174061433447,0.6632795377565253,0.6735727202273314,0.4236760124610592,0.6540221120853984,0.25,0.3868613138686131,0.3375314861460957,0.3548623853211009,0.3783848264344506,0.1773859870745684,0.3936507936507936,0.6754797020667884,0.2077464788732394,0.3633720930232558,0.3287671232876712,0.3876221498371335,0.3993610223642173,0.3834818476652287,0.4048442906574394,0.4054977637067189,0.338480013724481,0.4207348406988694,0.3795620437956204,0.3919308357348703,0.3490304709141274,0.3535620052770448,0.365625,0.3979933110367893,0.2579957356076759,0.8268740031897927,0.3352601156069364,0.4212613733571817,0.5891936357617222,0.3804713804713804,0.5961544212194612
align-dinov2+1b-things+hyp-abl40cat-42,0.510776397515528,0.7177821522309711,0.8897297837936955,0.4609053497942387,0.3681030795551754,0.9103634475597092,0.3617647058823529,0.8976483851189652,0.4554455445544554,0.3541076487252124,0.5770322472287537,0.7100038710390975,0.9648648648648648,0.8555642081062038,0.854841061533975,0.7859943977591036,0.8049657256976305,0.8868712839466495,0.7735191637630662,0.8581021897810219,0.8433265582655827,0.4324222903245981,0.2985863683616622,0.6560978938270481,0.506895161996881,0.5120015675516802,0.9731594025533334,0.5830395683453238,0.970272373540856,0.8111000058792404,0.9332079952503464,0.3633720930232558,0.5151424287856072,0.3915857605177993,0.8346861471861472,0.440406976744186,0.904550499445061,0.9092993122695106,0.770524756665256,0.7960927960927962,0.521505110858723,0.3919308357348703,0.3490304709141274,0.798951048951049,0.6805944055944055,0.6399345335515548,0.2595744680851063,0.8806432400238238,0.5653527201582962,0.9546981281752662,0.9160169210351692,0.8148186708311643,0.7984111919575381
align-dinov2+1b-things+hyp-abl40cat-42-random,0.141433223527045,0.641661169226903,0.5066666666666667,0.4738955823293173,0.444310201615948,0.6853007814306191,0.4283687943262411,0.5068610634648371,0.45,0.3504273504273504,0.2744433771312909,0.4828336557059961,0.6008981424780567,0.6560344827586206,0.3966666666666666,0.5544940409623925,0.7143692099856858,0.3972602739726027,0.4366666666666666,0.5612485015317675,0.4601835641148071,0.4924101064098038,0.2706940758400432,0.3868613138686131,0.3375314861460957,0.3295194508009153,0.5431404164808399,0.2235615969906813,0.3974763406940063,0.667878237164925,0.2007104795737122,0.3633720930232558,0.360986301369863,0.4135358741353587,0.4140984417511749,0.3732193732193732,0.4121531599374384,0.3892617449664429,0.3885141407265301,0.4956548536209553,0.3772893772893773,0.3919308357348703,0.3571984240507918,0.3552631578947368,0.365625,0.4154578913184671,0.2564102564102564,0.790810616561425,0.3368491091451243,0.4312985571587125,0.7356893977103036,0.3804713804713804,0.4815787144921979
align-dinov2+1b-things+hyp-abl40cat-7,0.4536540814961495,0.7300318952492866,0.9753917235837686,0.4495798319327731,0.3917075831969449,0.8965732087227414,0.359882005899705,0.8888801090456531,0.5905707196029777,0.3541076487252124,0.4669092982691534,0.718584656084656,0.958379784466741,0.8623375979985386,0.8168084867113994,0.9027989821882952,0.8166535262850021,0.6406766478708925,0.7336065573770492,0.8533732507136392,0.880722114764668,0.4380181222286485,0.2723141837065888,0.8129870129870129,0.5386282333516785,0.6676099065682638,0.9837583101910292,0.3814129981794653,0.6228794777773301,0.8757884219072004,0.6515837104072397,0.3633720930232558,0.6043056109749378,0.3915857605177993,0.8785653578106408,0.7093646401954187,0.7347214189319453,0.4877970011534025,0.849875415282392,0.8027403732577368,0.3795620437956204,0.3919308357348703,0.3977922333924699,0.3975543297667309,0.5223529411764706,0.5873684210526315,0.2595744680851063,0.8643446561066699,0.6889599213179247,0.7891097666378566,0.9054621848739496,0.8913813459268005,0.8296675191815857
align-dinov2+1b-things+hyp-abl40cat-7-random,0.1166818336935502,0.5966698300405487,0.5777777777777777,0.4822134387351778,0.4990990546244415,0.6385542168674698,0.4068877551020408,0.5250349849386874,0.4518272425249169,0.3955493666818413,0.3761941049422999,0.437062937062937,0.5897435897435898,0.7134042632434916,0.3966666666666666,0.6104312354312355,0.7944831778437542,0.3993174061433447,0.6877047390259883,0.4998096688237533,0.4428053353002643,0.5528455284552846,0.3474935400516796,0.3868613138686131,0.3375314861460957,0.3325740318906606,0.5289810860280659,0.1962872336062772,0.4939847991313789,0.718941898913557,0.2703858228684732,0.3633720930232558,0.343279945061031,0.4283783783783784,0.4303030303030303,0.3796287688636856,0.3964912280701754,0.4009334315892901,0.4060888686684865,0.4157921039480259,0.3795620437956204,0.4742524916943521,0.3490304709141274,0.3652095367134945,0.4097202990861257,0.3856655290102389,0.2595744680851063,0.8034496753246754,0.3595209344734961,0.3060962909556997,0.7984071677451469,0.4104481077315997,0.5448687910028116
align-dinov2+1b-things+hyp-abl40cat-local-shuffled-218,0.5770312555927938,0.7257575757575758,0.959413459020686,0.4642857142857143,0.3714426755522645,0.9150887676753638,0.4702284821688597,0.7311005003312696,0.6631473102061337,0.5006818624586011,0.5557616226738953,0.6331655883057752,0.899066106602504,0.8230620155038759,0.7771584132745657,0.8235365705245223,0.8177237700059277,0.8445171849427169,0.7742639040348964,0.9335274138767587,0.7189986824769434,0.4224924012158054,0.2654839033013495,0.936609100877193,0.3202247191011236,0.3175,0.96725119033794,0.7135278514588859,0.4693877551020408,0.8301441677588467,0.3442801597587748,0.3691889297712366,0.9359267734553776,0.4011976047904191,0.924467657693853,0.5446873383606021,0.6850676506765068,0.8561055463710331,0.7154868086702935,0.8452133469574716,0.6682436428149023,0.4017121116043119,0.3901436847612485,0.8929421094369547,0.6063580115212289,0.4472188111156592,0.6188440180410355,0.8769783191673106,0.6232114467408585,0.4494903830346868,0.8556914783329879,0.8896631823461092,0.8900900900900901
align-dinov2+1b-things+hyp-abl40cat-local-shuffled-42,0.7584576909335752,0.7669422607752778,0.947271151235628,0.4805194805194805,0.4792602316958014,0.9031027729100092,0.3663911845730027,0.906533892382949,0.4439834024896265,0.3791584223717187,0.7170138888888888,0.5404315386166566,0.9006861682918021,0.8753008836690845,0.6548554368321811,0.8914535246412976,0.8321139986896702,0.987468671679198,0.8257575757575757,0.9586227725762608,0.5167305236270754,0.4207317073170731,0.3028328688061801,0.8801364023870417,0.3784994163217659,0.5110200364298725,0.978088578088578,0.4731082614808666,0.9260262837013956,0.8570577724836212,0.4609062082777035,0.3595166163141994,0.4637124843373973,0.4011976047904191,0.9464946399772318,0.6089504912440846,0.7833631484794276,0.9298691860465116,0.6923816060398078,0.8191287878787878,0.5626461744069495,0.4990611006788965,0.4577741368093873,0.8713105493574353,0.4725146198830409,0.4131054131054131,0.4007843137254901,0.8843696742928413,0.638788921921452,0.7326409277745156,0.8923815563003895,0.9669922713610992,0.8568026400843738
align-dinov2+1b-things+hyp-abl40cat-local-shuffled-7,0.6080462802810432,0.7598734564751506,1.0,0.4782608695652174,0.3714426755522645,0.9491341991341992,0.5749032750930284,0.9204756596060945,0.6294620412267471,0.554014939309057,0.6154490106544901,0.8085560687514197,0.967143255406428,0.7864735862794272,0.8495151515151516,0.9017134249670496,0.8446969696969697,0.9195937367752856,0.8257575757575757,0.956976865905998,0.7617387150704562,0.5004195804195805,0.3126708559662016,0.9335510204081632,0.4577605522921334,0.5025951954434799,0.9725587505473654,0.5658328752061572,0.7576923076923077,0.8053482221569204,0.8982578397212544,0.4476289734236581,0.9960286817429674,0.4632034632034632,0.9258967284193932,0.6237730061349693,0.7894523326572008,0.877748620034386,0.7980000331120345,0.8177780702042965,0.6341940532081377,0.5251906756901923,0.418546365914787,0.8565807593940586,0.7387522163120568,0.6650406504065041,0.628125,0.8765777457341986,0.5616901291646799,0.8166893424036281,0.8774259448416752,0.956308610400682,0.8937590711175617
align-dinov2+1b-things+hyp-abl40cat-shuffled-218,0.1285551763367463,0.4671993271656854,0.398087942757044,0.4782608695652174,0.3806581702556679,0.582313341493268,0.3929549902152642,0.3695354662122033,0.4551282051282051,0.3373537890586169,0.2274020722425694,0.3753320085781179,0.5314814814814814,0.5777777777777777,0.4020618556701031,0.5923371647509579,0.576121030393894,0.3849206349206349,0.3736802413273001,0.4923976608187134,0.425531914893617,0.4103448275862069,0.2418300653594771,0.3902439024390244,0.3272251308900523,0.3170103092783505,0.4103896103896104,0.1864686468646864,0.3994169096209912,0.4204175597364452,0.2028271683987588,0.3617647058823529,0.3578431372549019,0.3775510204081632,0.4115942028985507,0.3515151515151515,0.4111842105263157,0.3878787878787879,0.4126149231672064,0.3928571428571428,0.3674911660777385,0.3878205128205128,0.3448275862068966,0.3333333333333333,0.3743016759776536,0.400611620795107,0.2674897119341564,0.5531592949783837,0.3779761904761905,0.3503674928416406,0.5818174628282189,0.3910447761194029,0.4909129396111161
align-dinov2+1b-things+hyp-abl40cat-shuffled-42,0.1335686045216616,0.4865248226950355,0.3732668269944479,0.4957983193277311,0.4018296256657238,0.5231016970147405,0.3614130434782608,0.4444096611842897,0.4551282051282051,0.3288135593220339,0.2798764299422482,0.3573687539531942,0.5630717380837746,0.5922346092591575,0.4020618556701031,0.5883333333333334,0.6105658070527452,0.3849206349206349,0.4587813620071684,0.4433587168946694,0.4842960812772133,0.4103448275862069,0.2418300653594771,0.3923611111111111,0.3356027864937935,0.3248224643573481,0.4103896103896104,0.1923216948094726,0.3994169096209912,0.6021361815754339,0.20634481401541,0.3617647058823529,0.3578431372549019,0.3775510204081632,0.391304347826087,0.3515151515151515,0.4111842105263157,0.3878787878787879,0.3841062544420753,0.3928571428571428,0.3674911660777385,0.3878205128205128,0.3448275862068966,0.3333333333333333,0.3743016759776536,0.3950617283950617,0.2674897119341564,0.5666778523489933,0.3689250180784479,0.4230769230769231,0.5281339031339032,0.3910447761194029,0.5537420506876352
align-dinov2+1b-things+hyp-abl40cat-shuffled-7,0.1401932165693633,0.6176594845796366,0.4654731457800511,0.4915254237288136,0.3913355918283543,0.4911430481283422,0.3614130434782608,0.4055652437637425,0.4551282051282051,0.3288135593220339,0.2485887884462527,0.3492999702114983,0.5585874799357946,0.5185185185185185,0.4020618556701031,0.5923371647509579,0.5535364145658264,0.3824701195219123,0.4020772476468679,0.6541657309678868,0.5388198757763975,0.4103448275862069,0.2418300653594771,0.3923611111111111,0.3272251308900523,0.3170103092783505,0.49688654353562,0.1851239669421487,0.3994169096209912,0.4282762691853601,0.2689459303997699,0.3617647058823529,0.3857039111941073,0.3775510204081632,0.3935018050541516,0.3515151515151515,0.4092409240924092,0.3878787878787879,0.3920398009950248,0.3928571428571428,0.3674911660777385,0.3878205128205128,0.3448275862068966,0.3333333333333333,0.3743016759776536,0.3987730061349693,0.2674897119341564,0.5499007936507936,0.3845096691862177,0.3816216216216216,0.6418908164889383,0.4270324343041822,0.5142369991474851
align-dinov2+1b-things+hyp-abl50-218,0.977472956395673,0.7839055600612779,0.9944553855476445,0.7715633423180592,0.6501243781094528,0.9507575757575756,0.9672619047619048,0.7880050505050504,0.7654291224686596,0.682422310756972,0.888042753462122,0.8753959430261584,0.9562579821200512,0.8968272348309403,0.7726638772663876,0.9399393326592518,0.8157902332024937,0.9830529440870855,0.933454592698454,0.9883116883116884,0.91943944257418,0.7544318512060448,0.7931703629032258,0.9352226720647774,0.8408417025346724,0.8603101717424089,0.9937321937321936,0.8532520325203252,0.899298245614035,0.8474264705882353,0.9499372472458514,0.7416338582677166,0.910873786407767,0.9012186379928316,0.7866419294990723,0.7890243902439025,0.8469626168224299,0.7518059855521155,0.9662433995473976,0.9588265568708184,0.8732412714955706,0.8111970334192556,0.76486673475439,0.9714926042133571,0.720688590926237,0.9714840768750432,0.9395348837209304,0.831719736087206,0.8854171000624089,0.9487166000420788,0.8593560881142581,0.9095057947516964,0.8159125337548574
align-dinov2+1b-things+hyp-abl50-218-random,0.8788068365374261,0.6405561707887288,0.9106227106227108,0.6501547987616099,0.5942075623491553,0.8290291726446677,0.8874458874458875,0.3700431477296075,0.538498023715415,0.4243723208818126,0.7572736641826542,0.7569812654648285,0.9181251600785452,0.7268267756770568,0.4797081623347013,0.5991372899003421,0.7162537267400021,0.8488153197013957,0.7951910004531761,0.8852310480217457,0.6388888888888888,0.6680121921080814,0.6678403755868545,0.4019218901525169,0.7001744935892573,0.6473173411463102,0.7162022703818369,0.6963835155592935,0.671756161720135,0.7305194805194806,0.812453656892484,0.6177648343647616,0.7019480519480519,0.5455761629674674,0.7074854651162791,0.6373165618448637,0.6135693215339233,0.7009698275862069,0.5601965601965602,0.6609706083390294,0.6260089686098655,0.671259842519685,0.6103994515209469,0.3608702408702409,0.3535714285714286,0.5297482837528604,0.8543177323665129,0.7048888813976419,0.7638888888888888,0.7360298895386614,0.886405109489051,0.8918311569996964,0.7057289969367138
align-dinov2+1b-things+hyp-abl50-42,0.9869509043927648,0.8087215934017724,0.9944553855476445,0.9712687515891176,0.6457114557216702,0.9519273868220528,0.959377472962279,0.7620427381383557,0.8404499540863177,0.6943089430894309,0.8722402346765478,0.8848770277341707,0.9775557011795544,0.8938857834380223,0.837590579710145,0.8972560089667483,0.8254119010337404,0.9651930894308942,0.9387310802405142,0.9651117715467116,0.9036065573770492,0.7470270270270271,0.7207225213296191,0.9434878587196468,0.8625247851949769,0.8694974590626765,0.9937596913883742,0.8525641025641026,0.9718406593406592,0.838565371299646,0.979334561363113,0.7786211258697027,0.9117647058823528,0.894281914893617,0.8207792207792208,0.8231300862879811,0.8870365047427422,0.951486013986014,0.8838265835929388,0.9215068742050754,0.7229235880398671,0.7960927960927962,0.7752365145228215,0.985777857286612,0.7475592747559274,0.9246424642464246,0.939730664508058,0.7877160185014526,0.899665551839465,0.9692105263157896,0.9431061496278887,0.9682282003710576,0.8738838558300202
align-dinov2+1b-things+hyp-abl50-42-random,0.8830319056534579,0.6717679048967393,0.8408457040035987,0.5964285714285714,0.6303145793633439,0.8686868686868687,0.8187382297551788,0.3386759581881533,0.5692784417884019,0.4214015151515151,0.7006622130167157,0.7358020917487281,0.953872053872054,0.7775735294117647,0.5376305148168266,0.6306471306471306,0.7454606988746932,0.8806700167504188,0.8676075268817205,0.784688995215311,0.5876577840112203,0.7470270270270271,0.6529779779779781,0.36318407960199,0.6939624556062912,0.662567013560391,0.6876126938333935,0.700709128520489,0.6585704371963914,0.5560872624912034,0.9263740771123872,0.6146053558844257,0.766945925361767,0.5391885080645161,0.7203473945409429,0.6696180555555555,0.6754504504504505,0.8198198198198199,0.636484593837535,0.467563025210084,0.500690798563139,0.7041338582677166,0.5419017373435456,0.5668817204301075,0.3535714285714286,0.4996956786366403,0.8750621375310688,0.7338485880199144,0.5846153846153846,0.7063253012048193,0.8857798165137615,0.8159662252926501,0.7807122241270805
align-dinov2+1b-things+hyp-abl50-7,0.9837630150419856,0.8035561221125739,1.0,0.8527824306718779,0.6532725255762357,0.9519273868220528,0.951602765556254,0.7927924139526082,0.8202233980011757,0.6317905370580352,0.8941169628057115,0.861391129032258,0.9775557011795544,0.9139359938798928,0.7555977608956417,0.9259818115085028,0.8257475178942508,0.9567905128366871,0.9643752098995064,0.9705410624856796,0.8711430575035064,0.738430583501006,0.7870258880192655,0.9015384615384616,0.9077131448053616,0.8448949054265741,0.9937596913883742,0.8034571934122772,0.9653232968241214,0.8337186007088919,0.9310127103522112,0.7647849462365591,0.9718335787923416,0.8180325421704733,0.8170454545454545,0.8095911949685535,0.9066951566951568,0.9191433566433568,0.9202317290552584,0.7923984272608127,0.7738558392869774,0.828626243697854,0.855005863150889,0.961925287356322,0.6086127909107568,0.8866320619875122,0.8843598425917452,0.7967289517225846,0.9003894240623078,0.9743157451068202,0.9271929824561403,0.9682282003710576,0.8208333333333333
align-dinov2+1b-things+hyp-abl50-7-random,0.7649664076868221,0.6890302364193345,0.7566263569727523,0.5431266846361186,0.7364428846371561,0.9157237152286656,0.7804824561403509,0.4011439753142168,0.4945454545454545,0.5803571428571428,0.7233318922034875,0.7078616281425131,0.915677481755034,0.7372277676950998,0.7067173130747701,0.6535,0.7032710636675562,0.9006526468455403,0.7592222222222222,0.7662337662337663,0.6595015287686463,0.6481203007518797,0.6382706766917293,0.3793529048752534,0.6813725490196079,0.6088943039902528,0.6727371078254598,0.7047058446141015,0.6168912848158131,0.7683002481389578,0.9068016614745588,0.5498849329903885,0.7953703703703704,0.6826709243314135,0.5953470387317136,0.6952078928823114,0.7229793233082706,0.7380530973451327,0.7066290058234822,0.530638852672751,0.6811926605504588,0.6593227254181966,0.6949273636580138,0.5253022839229736,0.4023406478578892,0.5965003465003464,0.8445182724252491,0.792462472053657,0.7278952581937206,0.74176373611524,0.8913758389261746,0.7704896907216495,0.6955404021698874
align-dinov2+1b-things+hyp-abl50-local-shuffled-218,0.9426066049871642,0.5906432748538011,1.0,0.8224163027656477,0.7575757575757576,0.9596364608393476,1.0,0.8168572118233087,0.4460093896713615,0.676789314516129,0.8541623570436478,0.9026328862394436,0.9550387596899224,0.7979313971834279,0.7630530973451328,0.8298611111111112,0.8786106680843523,0.9914486638537272,0.969806763285024,0.9875951293759512,0.934245696567946,0.8094573952314538,0.8176284850520659,0.879805897723031,0.8963034601332474,0.8488404300858661,1.0,0.8874384909786768,0.9693617021276596,0.8224047064591249,0.9606970896912568,0.8695453158376564,0.9735843087630496,0.7704320666319625,0.8847196164269335,0.7829409012942461,0.9373191899710704,0.9068181818181816,0.886988011988012,0.9053646775165762,0.8152395514780836,0.7812782294489612,0.8145219266714594,0.9457853156483292,0.92865275142315,0.9338709677419356,0.9194553717375292,0.9053536367206249,0.7546067415730338,1.0,0.928514254048396,0.9561449579831932,0.8637354651162791
align-dinov2+1b-things+hyp-abl50-local-shuffled-42,0.9201413803183716,0.7208990646377216,0.9659702640348627,0.8800393313667649,0.8460833715071003,0.9746941511647392,0.9771335047930793,0.7876750082681071,0.5302369668246445,0.6480452373988496,0.8126658752907341,0.913263048288429,0.9770114942528736,0.8750511402378969,0.7735729386892177,0.8230676644513056,0.8474450874034146,0.9649122807017544,0.9342753861321064,0.9625688916105328,0.8682926829268293,0.6165079365079364,0.7893817114653505,0.8630434782608696,0.896236559139785,0.8874109968354431,0.9729874776386404,0.9258371730377862,0.9535982814178304,0.8365482233502538,0.9407453749217982,0.8240740740740741,0.9934727379323822,0.777697416003682,0.911484593837535,0.8139037433155081,0.9122468659594986,0.8790263093189083,0.86828033538997,0.8335843793584379,0.7895500725689405,0.7970801329193223,0.8590314649182197,0.8380952380952381,0.8208698324880898,0.8164179104477611,0.9658564814814814,0.868785084202085,0.8150058351842788,0.9381443298969072,0.8940097074083654,0.9632239594802908,0.892206962631747
align-dinov2+1b-things+hyp-abl50-local-shuffled-7,0.972322004236898,0.6868652288029213,1.0,0.743157894736842,0.7508976254412696,0.9571436680479084,0.9451257634780936,0.6943896633798028,0.5302369668246445,0.7339018393451806,0.8576317859952793,0.9183333333333332,0.9770114942528736,0.8123787691765121,0.7334494773519163,0.8096348096348096,0.8594577619595938,0.9830357142857142,0.969806763285024,0.9246068455134137,0.9079439751951246,0.8848207475209764,0.8255129803117419,0.9029445861349408,0.9222463943276126,0.8874109968354431,1.0,0.8927241379310344,0.9693617021276596,0.8985507246376812,0.9374455445544554,0.8026315789473684,0.9804182137971468,0.7850877192982456,0.9614163614163612,0.7724588864672083,0.9623915139826422,0.8606487729294747,0.8979323308270677,0.8335843793584379,0.7668660364010547,0.7502456505404311,0.7549122543872806,0.9258271724639436,0.8415793908751655,0.9011344330574887,0.915199425080848,0.892156862745098,0.7792212874192916,0.9793265132139812,0.9324013994420728,0.9707633053221288,0.8917748917748918
align-dinov2+1b-things+hyp-abl50-shuffled-218,0.5085209341468546,0.4846846846846847,0.4350383511364171,0.4590909090909091,0.5051158777120316,0.6339399068980109,0.5856180985725828,0.371887854513964,0.453125,0.4670589796911641,0.5349851298127161,0.5232138624812367,0.5763888888888888,0.5148286104955444,0.4103572862304295,0.4415833155990636,0.5661506780544425,0.5530597983428172,0.5639886750305203,0.5085576603522766,0.6799180327868852,0.4451680672268908,0.3877237851662404,0.4372294372294372,0.437692789968652,0.4174138274556684,0.463610287325587,0.5306186799246174,0.4013840830449827,0.3320754716981132,0.3744100106106619,0.4427148194271482,0.5705138298430693,0.4148506860371267,0.46,0.5357894265634093,0.4472573839662447,0.4514598540145985,0.4474613087157209,0.4286840031520882,0.5201465201465202,0.4215035931453842,0.5019943019943021,0.3758878802357063,0.3659305993690852,0.4916517590936196,0.5107501362445722,0.4441450044208664,0.5572695126326039,0.4999493363056034,0.5796970789758384,0.5495091164095371,0.5316688901594562
align-dinov2+1b-things+hyp-abl50-shuffled-42,0.5182832573425302,0.5325064513443769,0.4541486701523073,0.4991582491582492,0.4298476090383605,0.6585526315789474,0.481176699280762,0.3153340544138447,0.5696091348265262,0.49003359462486,0.5843684005084424,0.5510634221115156,0.6973495234364799,0.4719305647640286,0.4566037735849056,0.5033416875522139,0.5843871574290633,0.6352941176470588,0.6054298642533936,0.6868595197579883,0.709016393442623,0.4184100418410041,0.3681364985932658,0.5198799699924981,0.43986543313709,0.5098245087745613,0.4178022763231766,0.504794084735722,0.5015514184397163,0.3320754716981132,0.4604468736097619,0.5653776978417266,0.6282423538521099,0.3829787234042553,0.4679054054054054,0.4787157287157287,0.6646185355862775,0.4850569259962049,0.5342657342657342,0.6217391304347826,0.6609334557902646,0.4215035931453842,0.4832205098660521,0.4253555967841682,0.4474371019939451,0.5561999853167903,0.5492860591846589,0.4333142287036448,0.5862219887955182,0.7587537910118556,0.6563706563706564,0.5648436958480627,0.5476190476190476
align-dinov2+1b-things+hyp-abl50-shuffled-7,0.5401830198603665,0.382055852644088,0.6018306636155606,0.4541284403669725,0.4917406311637081,0.585727969348659,0.4539303105040156,0.3691313131313131,0.453125,0.3612078977932637,0.5276936153192341,0.5976452322422047,0.6582633053221288,0.4466197503926341,0.4529914529914529,0.4839409722222222,0.583626963810671,0.6371814092953523,0.6778819368747426,0.5882352941176471,0.6252438324727481,0.513986013986014,0.3465122135482246,0.3962264150943396,0.4216905901116427,0.5276887871853547,0.463610287325587,0.5302880205466887,0.4054982817869416,0.3417874900764635,0.4517276422764227,0.4372210953346856,0.5159420289855072,0.4115942028985507,0.4,0.3954480796586059,0.5728260869565218,0.5554398148148147,0.5986708446678833,0.4884732135532037,0.525229997212155,0.4215035931453842,0.3880574452003023,0.3758878802357063,0.3912424740010947,0.5515677535381969,0.5299145299145299,0.3719017704169046,0.4403218367242351,0.6769307235331709,0.581608232619361,0.6109396914446003,0.6135912698412698
align-dinov2+1b-things+hyp-abl70-218,0.9295619406163108,0.5385654110486325,0.92175130921934,0.4406130268199233,0.8206599713055954,0.760029384157042,0.7944650144590687,0.6378115965744832,0.4312900641025641,0.4424022388624158,0.6774691358024691,0.8220660113130869,0.8077611940298508,0.8855742296918767,0.7037910186699115,0.668717176155504,0.7449474413421282,0.7756410256410255,0.7545430179576521,0.8197309078557545,0.5424671385237614,0.4601748421563866,0.6859174345207865,0.6093023255813954,0.6917219356423483,0.5258976317799847,0.7656180276662204,0.8408879556022198,0.5013832067017339,0.6734492943879224,0.9182145847744566,0.559748427672956,0.7330714411623983,0.8111658456486043,0.4038461538461538,0.5830065359477125,0.7938804554079697,0.6111498257839721,0.7158243402072871,0.7199866660317158,0.5734662789087384,0.6301884015307625,0.4105757931844888,0.5167270402727466,0.46875,0.754778761061947,0.5455114989007985,0.7407936507936508,0.7272727272727273,0.796455002284148,0.75599276345545,0.673510773130545,0.7082941176470587
align-dinov2+1b-things+hyp-abl70-218-random,0.6714770797962648,0.5078284547311096,0.7064678240438584,0.4592592592592592,0.7890947527971122,0.7664208974088899,0.8317805383022774,0.4562243502051983,0.4963204246591868,0.3666666666666666,0.6981242558507212,0.8193577163247101,0.7851231276973851,0.7869969040247679,0.5930054644808743,0.3753501400560224,0.7038730240494511,0.6973971605387697,0.5580439010836343,0.6765865304536117,0.4963318998229193,0.4126234435379991,0.5028366676619886,0.4857546503414174,0.713354533794824,0.5109126984126984,0.3675496688741722,0.6680269706010357,0.5459161058951525,0.6909304029304029,0.7849939491730537,0.4883130081300813,0.6220651808133364,0.4588235294117647,0.5240404040404041,0.6660281883415764,0.6561366484204972,0.5387206962706471,0.5317674773089448,0.4084507042253521,0.4343434343434343,0.5485175202156334,0.4626416608163675,0.4218623481781376,0.4323553238702405,0.4451252723311547,0.5932610241820768,0.6438917037719434,0.6327422880738401,0.6010027195530313,0.7359090909090908,0.6032974001268231,0.62464046021093
align-dinov2+1b-things+hyp-abl70-42,0.9297010607521696,0.7649662415603902,0.980540033013796,0.8820106675286892,0.8881731973519413,0.8635477582846003,0.8871837032977072,0.7757976430008624,0.8579931972789115,0.6126474752241624,0.9157937147461724,0.9478015908086612,0.9696519874649514,0.8570253191399126,0.8642857142857143,0.6101922818340728,0.8381143754079071,0.978607228719286,0.9501997520319604,0.964675560946028,0.8750862663906143,0.8282097649186256,0.6876172607879925,0.8925968546221711,0.7351816939654428,0.8513964761098715,0.9667401903877408,0.8532374100719424,0.8266962395402763,0.8435916199148983,0.9296227372694976,0.5620383122574183,0.9897372742200328,0.7064670511719229,0.8695286195286195,0.8049261083743842,0.9086945101129498,0.8988168094655242,0.9400021170742034,0.8479927615600743,0.7362637362637363,0.6301884015307625,0.7254665863937387,0.5676279069767441,0.5844444444444444,0.8736434108527131,0.8330662393162394,0.8542480326905821,0.8059574468085107,0.9450851082791196,0.8935263664269024,0.9275875639512003,0.9233705226071638
align-dinov2+1b-things+hyp-abl70-42-random,0.6547331349808732,0.5545461695768444,0.4867587045237475,0.4671532846715328,0.7159090909090908,0.724943581574406,0.7012693317770644,0.5120674731778014,0.4630225080385852,0.3977358490566037,0.6576787374617464,0.6980778529980658,0.9322616271935208,0.6362559742841434,0.6052631578947368,0.3893872155603814,0.6439338511911248,0.5672727272727273,0.6395900204260285,0.689567282627585,0.5618177957103418,0.493425497635258,0.4491729323308271,0.4402573529411764,0.3915738893536692,0.6142477091339049,0.3991721854304636,0.611764705882353,0.3974763406940063,0.6396728271728271,0.7894939759036144,0.5815789473684211,0.7368154671525458,0.5300673322498259,0.4,0.8268423507462687,0.5612002980424033,0.4421439628482972,0.4580965909090909,0.5757575757575758,0.4255007327796776,0.5510052122114668,0.3504273504273504,0.3669058235067786,0.3892430699869677,0.5633928571428571,0.5360429021239667,0.5322839598126355,0.5278219395866455,0.4934429792783654,0.6288367665452774,0.5488450122596464,0.6319191444353038
align-dinov2+1b-things+hyp-abl70-7,0.8712469092193571,0.7598202365506478,1.0,0.8513994910941476,0.7272727272727273,0.9270833333333334,0.959768929234578,0.8262681191405216,0.6101774042950514,0.7176629517055049,0.9094112037845437,0.909678858162355,0.962367570663067,0.9165482585340496,0.9055384309436214,0.8869592048134354,0.8347091843954904,0.978872389230955,0.9584482758620688,0.9778200856734888,0.8861139344659019,0.776470588235294,0.717654062635301,0.9382932702118107,0.873900008103071,0.8341470218998466,0.9943792119125394,0.8608409959418918,0.9310303322099182,0.8357724471830985,0.9634038233801387,0.7210526315789474,0.9483257544439851,0.8101135190918473,0.7978260869565217,0.8445652173913043,0.953998447204969,0.7361702127659575,0.9389684505222354,0.8412698412698412,0.6450931438448243,0.7571160042964554,0.8128865669849277,0.9589496318498728,0.7770616751197915,0.934721665999199,0.9061620269002189,0.823143115942029,0.8465311361188146,0.991561031192138,0.8220162645949752,0.9328355732536916,0.87349636483807
align-dinov2+1b-things+hyp-abl70-7-random,0.6942632170978628,0.5444608809993425,0.5197678992918962,0.4748201438848921,0.6934540652707036,0.708647761893602,0.719666474985624,0.5634706481981171,0.617203522740982,0.4000509294626941,0.6430356205284565,0.7225580270793037,0.6940287226001511,0.6947648624667258,0.642641683523191,0.3682719546742209,0.6166301969365426,0.6546422506769471,0.5708569256317401,0.6573082866345206,0.6252587991718426,0.4286866359447004,0.5276948342788892,0.5618931365477445,0.4290736145574855,0.6855421686746987,0.5131934032983508,0.7092586354331321,0.3974763406940063,0.6265738498789346,0.8574403585079742,0.535257581293387,0.6910719802286067,0.5165165165165165,0.4095238095238095,0.75,0.6621224271585138,0.5039071639137148,0.5822554373862221,0.4483845547675334,0.5227272727272727,0.5093434343434343,0.4343909126517822,0.4331983805668016,0.3965327462850853,0.6260190383207225,0.6680488649953616,0.5670731707317074,0.5675282125955589,0.5801722558182152,0.7582500800978651,0.5408843620894179,0.6152258521052011
align-dinov2+1b-things+hyp-abl70-local-shuffled-218,0.9152539155196964,0.8044943368137285,0.9631769676525108,0.8347452840844911,0.7385528988904517,0.944375,0.8961693548387097,0.8903669724770642,0.7227299016772701,0.7568902585622801,0.8977826064191843,0.9361323155216286,0.9614903725931484,0.8477257097946753,0.7738927738927739,0.6478632478632479,0.8372400399212365,0.9476656107974109,0.941394714923904,0.9310910084390748,0.8238573021181717,0.4401168451801363,0.7171992805946612,0.9273099663794102,0.8914820452111167,0.8437567806652979,0.983495117665697,0.910887919094054,0.5087930396149574,0.8697167755991285,0.9595868532925056,0.6886137468178662,0.9562625149053928,0.5909090909090909,0.9635745507527926,0.8057309373482273,0.8972136222910216,0.8861513944223107,0.7972135144548937,0.7513558766789212,0.4996928746928747,0.4285714285714286,0.6214833759590792,0.8871527777777778,0.6869625042999656,0.8753147235905856,0.8336648983200707,0.8560333073626802,0.7647572035357594,0.9515380883066472,0.9664522450370624,0.971369148907436,0.8983799080297135
align-dinov2+1b-things+hyp-abl70-local-shuffled-42,0.9011132186830686,0.7361326342157216,1.0,0.857905982905983,0.5741249972501485,0.9456654456654456,0.9014825442372072,0.737689975259036,0.75325,0.5682112150954881,0.8749878657269885,0.952190476190476,0.9610067352002836,0.8125218830569437,0.7819110884006132,0.5275080906148868,0.8931051587301587,0.9862498190765668,0.9412166780587832,0.9864431748054068,0.8381147540983607,0.4195583596214511,0.7112455812387593,0.938794989063432,0.8697172507143931,0.8728952272911433,0.9778267935918272,0.938179381722538,0.9461289372976156,0.8573769052982652,0.9543514482003058,0.7215789473684211,0.9852213378338311,0.5795583596214511,0.6635897435897435,0.7935891209324915,0.9058423142370958,0.8601190476190477,0.7559205500381971,0.7184631077864672,0.8098813460416261,0.6984649122807017,0.7860034702139965,0.8729718384406198,0.8626207729468599,0.8920515574650913,0.9486330591487764,0.8572351063633512,0.7760427367988494,0.973567768979972,0.9210394385026738,0.9599168084704104,0.9022058823529412
align-dinov2+1b-things+hyp-abl70-local-shuffled-7,0.9508510715189188,0.8093210124548011,0.995904995904996,0.8896265560165975,0.6838624338624338,0.925706697021438,0.9319982394366196,0.8004573834761144,0.8327798861480076,0.6745745467998521,0.9072702659659182,0.9561307339085116,0.9690016103059582,0.825009851849485,0.7845532559313477,0.5945741363127138,0.8878835518056483,0.9864285714285714,0.9291425083918218,0.9358031674208144,0.9294170203261112,0.4574192026421326,0.7880126182965299,0.9179724976015352,0.8156634746922025,0.8971695199076558,0.9944709798813144,0.9319521752523408,0.8845809128630705,0.8833632401948218,0.960021834228998,0.783234126984127,0.9755959778556096,0.4782608695652174,0.9386578333946756,0.8230358504958047,0.9215352618642464,0.8941838649155722,0.8947628458498024,0.7575288116380126,0.8076232362103719,0.4579945799457995,0.7818920158068249,0.9788579784703748,0.9440556053377248,0.8872370266479663,0.938704860168341,0.8156953503050705,0.8598940673270837,0.973567768979972,0.9406307589210924,0.9602943143812708,0.8785388127853881
align-dinov2+1b-things+hyp-abl70-shuffled-218,0.5738029719317557,0.4935237605078058,0.5252614699758276,0.5945945945945945,0.3909363909363909,0.6297385620915033,0.5095023243095433,0.4918018583898286,0.4605263157894737,0.3583391977480648,0.5006401137980085,0.5680147058823529,0.6238279095421952,0.5307849027936048,0.6227941176470588,0.3626062322946176,0.5759511256705265,0.4555555555555556,0.5321428571428571,0.517747611865259,0.6151780101720098,0.4101694915254237,0.3442257412066499,0.48016774419011,0.353478902208464,0.5012842465753424,0.5360642399801903,0.6038362886138062,0.3988269794721407,0.3695421439812612,0.4716266683986621,0.4740471869328493,0.5118008696956066,0.4840579710144927,0.4353319968410182,0.5193486590038314,0.6395602060870027,0.6279832277184023,0.5768115942028985,0.4394123360854784,0.378839590443686,0.3993808049535604,0.3506849315068493,0.4065412343942324,0.5639519359145527,0.6009768009768011,0.4854665773161333,0.3982002013760698,0.4951776052693484,0.4652366863905325,0.6206603853662678,0.6841689696012634,0.5847812449851926
align-dinov2+1b-things+hyp-abl70-shuffled-42,0.522612278963017,0.4050999841474738,0.3751729751729751,0.4588008415147265,0.3829268292682927,0.5478025314090887,0.4451127819548872,0.4314393939393939,0.4805743243243243,0.3641977438161935,0.4603831031837361,0.3905062383479133,0.4729267222465994,0.4267417004755049,0.40625,0.3661971830985915,0.5190200503712425,0.4450366422385076,0.4961832061068702,0.5300244652762638,0.4512987012987013,0.4121621621621621,0.3208133971291866,0.4027303754266211,0.4150004857670261,0.3884514435695538,0.4802578565672844,0.516541033842575,0.3970588235294117,0.3862195293786106,0.3895810181123393,0.3876623376623376,0.5364732350279999,0.4227213321070719,0.400709219858156,0.4968717413972888,0.4465257651798968,0.4585125019907629,0.4838963079340141,0.4,0.4542099192618223,0.4650735294117647,0.3569948697711129,0.3559780467949897,0.3641791044776119,0.4292117686328739,0.4635919607623204,0.4383444537114261,0.4151252114589978,0.5198077824660103,0.5093773443360841,0.4213547646383467,0.5122153209109731
align-dinov2+1b-things+hyp-abl70-shuffled-7,0.5293054689688198,0.4494177664411667,0.4249080399369417,0.5090648854961832,0.3814180929095354,0.4928030303030303,0.4831475583864119,0.3730011940158734,0.4605263157894737,0.4058892815076561,0.4615574348132487,0.4885514202533637,0.5958005249343832,0.4857731958762886,0.5346292696473203,0.4107744107744107,0.5292796227985441,0.4520349942944085,0.456648320969929,0.5547188384397687,0.481140350877193,0.4121621621621621,0.3189165531030229,0.4260204081632653,0.3922101449275362,0.4457828696126568,0.5580439251325328,0.5403304341051623,0.4123145955378287,0.3816993464052287,0.5089058524173028,0.3708206686930091,0.4788531691746466,0.3797909407665505,0.455865378774072,0.5897919473132764,0.423841059602649,0.5549993046864136,0.6020037278657968,0.4,0.4811529933481153,0.4497605430789975,0.4150055886736215,0.5015274830344442,0.4266854652653166,0.5338240448650543,0.3560163551401869,0.5241716458446496,0.4255469301340861,0.6001508295625942,0.563780836748898,0.6148718708339506,0.5625
align-dinov2+1b-things+hyp-abl90-218,0.8170550946210497,0.7244617224880383,0.9770658263305322,0.7372662798194713,0.7378469617404351,0.8705882352941177,0.9341954022988506,0.8572683355292051,0.8876123876123876,0.6247086247086246,0.8241495013953402,0.8457823011902708,0.9478991596638656,0.8337204357355491,0.8898026315789473,0.749813258636788,0.7947842539695839,0.9546543405647964,0.9241994094935272,0.97003378010243,0.9035934004474272,0.5176602694977542,0.7426737081909496,0.9034500852682672,0.8450579775158708,0.8331392188834537,0.977721685689201,0.8183971095258241,0.8680249009620826,0.7605844634598629,0.9010426520896508,0.419070707070707,0.8670087026563238,0.7661771250556297,0.8935274712774428,0.7358633776091081,0.961111111111111,0.9136721546170364,0.8870605722779635,0.9063725490196078,0.6278809218950064,0.4427168576104746,0.756839422259983,0.8050100168788352,0.5585481383564661,0.7710194083286226,0.9000088523350045,0.7002582520709558,0.6185005155398439,0.9461410984848484,0.8508804293141037,0.9544297941244506,0.8710328380113741
align-dinov2+1b-things+hyp-abl90-218-random,0.3845265424265324,0.5272819158474756,0.6475608813297256,0.5117102396514162,0.611412616013843,0.7602564102564102,0.6644084084084084,0.3904743904743905,0.4881851161878615,0.3911079209592974,0.6033591042388696,0.4806670539395571,0.705563093622795,0.501459067248541,0.448337100419761,0.4332893772893773,0.4355263157894736,0.4820502178875285,0.5996634026927785,0.7391135874721075,0.4136904761904761,0.4623044096728307,0.5387368572089056,0.376271186440678,0.5236516853932585,0.6057752461229462,0.7994807100725313,0.4102465986394558,0.5326881720430108,0.594017094017094,0.2987538767247943,0.4617555619253412,0.5891608391608392,0.3948863636363636,0.4198782961460446,0.5633745192701088,0.411214953271028,0.4645624798191798,0.4885666480758505,0.5686917249417249,0.3997906855049712,0.4502608047690015,0.3652495045937669,0.4418205093653146,0.3810810810810811,0.4956521739130435,0.5488911088911088,0.4445562342795545,0.4951606398709504,0.3956043956043956,0.6732520742682631,0.4318495297805642,0.4798402457757297
align-dinov2+1b-things+hyp-abl90-42,0.8557664557664557,0.6718314585430618,0.9502592186929536,0.6447015425888665,0.7986413833188026,0.8875300721732158,0.8719900240798073,0.7817137321906658,0.88,0.6867357994118557,0.7354116924756122,0.9326401446654612,0.9647039687703318,0.8915036997885835,0.825974025974026,0.9307166220636336,0.7564416727207425,0.8723716894657664,0.9278018928342704,0.935507456303715,0.8424900057110223,0.467775357313639,0.759272112262563,0.8849053497942387,0.6897321428571428,0.8636486735346052,0.9560891196192948,0.784766023341013,0.8605263157894737,0.6519083969465649,0.7959166219240437,0.4826403326403326,0.9584294828288312,0.801266645932879,0.894147582697201,0.7524673246198986,0.9179495742194024,0.948632762586251,0.8262285197467591,0.8528883183568678,0.7856507852885977,0.8368002300613497,0.7149039293751082,0.8878942881500427,0.4991942909760589,0.925,0.7458961633899599,0.7019072881141846,0.7956607495069034,0.9768738140417456,0.8836420841357238,0.931644691186676,0.92904676566941
align-dinov2+1b-things+hyp-abl90-42-random,0.2862689348129029,0.5114625850340135,0.5120897456907468,0.4655737704918032,0.6819381598793364,0.7553030303030304,0.569516505000376,0.5271523537455491,0.4409937888198758,0.369743286606992,0.53353705118411,0.4707727186850557,0.8004466631634262,0.3764368006246815,0.5605247465712582,0.5161748633879781,0.4595156129987677,0.4501763851421457,0.612051282051282,0.6251373062823413,0.4351952545724172,0.5408163265306123,0.4839173505135802,0.3910645339216767,0.5451890586058743,0.5526125504766778,0.5458612975391499,0.4894648014754498,0.4607558139534883,0.4597802934207692,0.420356859062342,0.5006145741878841,0.6399641577060932,0.5425019526165061,0.5496235012765407,0.4874396530562147,0.4056603773584906,0.4017857142857143,0.4438941559360407,0.5300196850393701,0.4426369863013699,0.4608708400527782,0.4282352941176471,0.5673325499412456,0.5121187056670928,0.4757882882882883,0.460093896713615,0.408768267223382,0.4582674014659609,0.4869306418219461,0.7192581300813008,0.4902899628252788,0.5685986451665559
align-dinov2+1b-things+hyp-abl90-7,0.9101231058582144,0.7973579262213359,0.9694371536891222,0.8398105959081569,0.8026208026208026,0.885847389558233,0.6613117095063239,0.8123118099698896,0.7439544807965861,0.7366853287395922,0.8010078157136982,0.8523375471024095,0.9209677419354838,0.7979328165374677,0.8909452616349168,0.8864522417153996,0.8469581380939473,0.8647887323943662,0.9360388924117524,0.895817255749344,0.7452396878483836,0.8109804462530606,0.708526971119738,0.8802083333333333,0.7010092081031307,0.7994512673112099,0.9722563892305588,0.816344958831754,0.4981060606060606,0.7040882543802726,0.9150575880758808,0.62897713491941,0.9282996780801872,0.4225271114032205,0.9263275481568264,0.7560462670872765,0.8776258992805754,0.7923098600369478,0.927352859623776,0.8608682983682984,0.7912457912457913,0.4152742968532442,0.7361859838274933,0.9357046815792692,0.7014197411628356,0.8521724872929988,0.8196481869562456,0.7440639269406393,0.7090642011578674,0.9691650853889944,0.8680149447693307,0.9311188811188812,0.9019363683098188
align-dinov2+1b-things+hyp-abl90-7-random,0.2594491779764735,0.4126726776408305,0.4597938144329896,0.5311601150527325,0.6815076779897626,0.7626301091647627,0.6216617520965346,0.348808840413318,0.4545454545454545,0.3693346627991298,0.5242224880382775,0.551867876741241,0.5185220914528266,0.3477733407471061,0.4017857142857143,0.4727181292431481,0.488122626351154,0.3976286517540643,0.4865384615384615,0.6380056724884311,0.4638504319015501,0.5826139329451917,0.4683628442607853,0.4001917545541706,0.351981351981352,0.5884672141304226,0.4804275820535983,0.4410850438635658,0.4078212290502793,0.4555647840531561,0.2556525407074004,0.4221564682210912,0.6435179363739245,0.4213894987533956,0.4639727863106896,0.5807531985639592,0.4276074597524042,0.4591642924976258,0.3971840659340659,0.4550989993612944,0.3972222222222222,0.4848114525139664,0.5476753184280425,0.5504273504273505,0.4702577660277594,0.6,0.3512211330785845,0.2440368371880183,0.4463405797101449,0.3980509341517256,0.7220695131635209,0.4544756947919794,0.5397112751241703
align-dinov2+1b-things+hyp-abl90-local-shuffled-218,0.9235078230635504,0.6319563780568407,0.9681229362458724,0.7999797550359349,0.9428194993412384,0.9240227989468508,0.8677593626957238,0.6904820161487644,0.9182957393483708,0.7931648708590189,0.8831199573905668,0.9542247845762816,0.8848800191695478,0.8633547731888964,0.8705405082925666,0.7849567949725059,0.8134836561743342,0.5358613217768147,0.8973976439458979,0.9765215820841612,0.8509967141292443,0.428169014084507,0.8285714285714285,0.9086107921928818,0.7767647058823529,0.8523577312754473,0.9618693201736646,0.8669066710303823,0.8699771725194659,0.4442690058479532,0.3942859365579477,0.3798449612403101,0.9645830580150654,0.7104214466851829,0.9329004329004328,0.7741667601840422,0.8940914158305462,0.891347687400319,0.8728509585652442,0.8289722572509457,0.6590053239838982,0.7997723509933774,0.6900241109101868,0.7317162004662005,0.6397910515557574,0.703030303030303,0.8369565217391304,0.6169747565096402,0.804207932828684,0.952755905511811,0.944832922565484,0.9611140840404658,0.901621683571142
align-dinov2+1b-things+hyp-abl90-local-shuffled-42,0.8921990252039513,0.7636293770113838,0.9960136583816406,0.9369817578772802,0.5204707860445565,0.963721264367816,0.9085097001763668,0.8291748449399388,0.9353174603174604,0.6441456671771515,0.8328300811162053,0.9223966613672496,0.9495726495726496,0.8231738035264484,0.8322510822510822,0.6752118644067797,0.8214568223622137,0.87444538846408,0.9398964883966832,0.9883161820878084,0.7217291008475002,0.428169014084507,0.8104030484215744,0.8936208125445474,0.8558130699088147,0.924626245847176,0.9779884493843304,0.864742333353131,0.9219124472893852,0.4519607843137255,0.9447377946829232,0.5954677404251334,0.9369226243012652,0.8539774401843367,0.942990752416982,0.8382441890607448,0.9163817326246656,0.9123177476118652,0.864904143475572,0.8555900621118012,0.7902388369678088,0.79451680729636,0.7665895061728395,0.9878404902101584,0.9626585813452484,0.7264235022280905,0.8541793467234733,0.70836051941406,0.6755050505050505,0.9724063009234112,0.8847152874979979,0.9500038223377418,0.8881445601016867
align-dinov2+1b-things+hyp-abl90-local-shuffled-7,0.8619472497303657,0.7221407956966501,0.9481775589613276,0.7516869095816464,0.8787081541445316,0.8836405529953917,0.9096385542168676,0.7705598778101284,0.835961086883596,0.5544690603514133,0.8669503168904844,0.9260334114670536,0.9487105186902348,0.790052849358843,0.8210678210678211,0.7894490324171084,0.738054943324937,0.917499158154675,0.9398964883966832,0.9921893775534728,0.8294541989927862,0.7086124401913876,0.6861086891102555,0.9218118545127976,0.7730201451757606,0.8695682322485208,0.920252664824319,0.9434185007167551,0.8815364365202825,0.6543499511241446,0.643700321325892,0.7169754752053727,0.968886050966506,0.7394093122248462,0.9308917197452228,0.7411724666042713,0.8046195222274957,0.9046688102893892,0.8766813714108814,0.885002649708532,0.7001256137946785,0.7932746030508562,0.7241933374437157,0.7297674077335095,0.6446904388714734,0.7686457387875183,0.830848042199229,0.7126557421451787,0.6484638047138047,0.9684863523573202,0.9343078148106018,0.9724768325631896,0.9222893147807824
align-dinov2+1b-things+hyp-abl90-shuffled-218,0.3606868005208254,0.3757368566940774,0.4993016759776536,0.4465334900117508,0.4933884747238396,0.5086108925605385,0.5179487179487179,0.5946659082649981,0.4596100278551532,0.5355121951219513,0.5069701432588031,0.435732728761257,0.5924528301886793,0.5758193453557141,0.4907920101718551,0.4534534534534534,0.4230593148869523,0.4289328063241107,0.5257464672653285,0.5814284584354978,0.4346072931276297,0.4556990505332313,0.4215211179394841,0.5082848186296463,0.5800000000000001,0.4422171103078103,0.4900028427935184,0.4363876071193144,0.4877049180327868,0.4334487877288471,0.2695970930511757,0.4222222222222222,0.554106515637867,0.4624136097820308,0.5203506278133144,0.4143718856543404,0.4678824721377912,0.4699519230769231,0.5888694638694638,0.5277777777777778,0.4918125352907961,0.4106563706563706,0.5038759689922481,0.4846000993541977,0.5438681615748523,0.475705329153605,0.4704717154965911,0.4674935400516796,0.3904459721487749,0.6535885953740602,0.5901935634328358,0.5137614678899083,0.4836688127350051
align-dinov2+1b-things+hyp-abl90-shuffled-42,0.5991656823437422,0.36884806735553,0.6717032967032968,0.5091797874154493,0.4227123748782,0.799702712746191,0.5356854838709677,0.3795650878760798,0.4596100278551532,0.3539490445859872,0.5533195734434124,0.4556747957199981,0.6303008336353751,0.3945295211117996,0.4369103773584906,0.5039893300307239,0.5459693690388848,0.4687714481811942,0.708091141594978,0.4425938179412043,0.5770605002208037,0.4540479639465636,0.4085185748477111,0.4071856287425149,0.3430656934306569,0.4053152145867377,0.6525980911983034,0.5302581564776687,0.4094488188976378,0.3778474399164054,0.5210322317421461,0.374331550802139,0.4219985621854781,0.3904761904761904,0.4086687306501548,0.4732239067785991,0.451937984496124,0.6350036049026677,0.6284590341833967,0.4018691588785046,0.4242675184352695,0.4249474689589302,0.3697518131612216,0.4969696969696969,0.446866751393098,0.5102067183462532,0.4021176470588235,0.3947891462150017,0.4999618029029793,0.5889928606085811,0.5567518588598992,0.5787948315420843,0.4619647593785524
align-dinov2+1b-things+hyp-abl90-shuffled-7,0.4983932884748102,0.5642031534172041,0.4592625742771189,0.4926556991774383,0.3842592592592592,0.6510470661414058,0.4644462564552886,0.5562368143459916,0.5227384550502565,0.5524216798001154,0.5277122877122877,0.4974494615529945,0.6240639804391015,0.4693459563588968,0.4661490683229813,0.4507783203388459,0.4933626396866939,0.4241071428571428,0.3842465753424657,0.4708222811671088,0.5795306388526728,0.4516606727311191,0.4918852584752263,0.4242814242814243,0.3600104518561376,0.506990434142752,0.6904157720085887,0.3899203000468823,0.4339419206440483,0.3475783475783476,0.2824064793997345,0.374331550802139,0.5293291183702142,0.4473684210526316,0.4345547197282213,0.4359677097867251,0.4988879384088964,0.4705882352941176,0.5574846206425154,0.5830052938781051,0.478535492637068,0.4011299435028249,0.3888073595444091,0.3818830113738942,0.3967176004527447,0.4315225035161744,0.5525483680797469,0.3533124673969744,0.4435624021111802,0.4918946301925025,0.5631062388796418,0.4737766074171604,0.5864985722752006
align-dinov2+1b-things-218,0.7145445018339696,0.6659383545643183,0.9530073470879172,0.674342105263158,0.8653393665158371,0.8934134474088103,0.6249916471767457,0.8128073822440806,0.8642501776830135,0.5861705861705861,0.7154400837930734,0.9378281559108164,0.894508936797494,0.8627746300413588,0.9438079650845608,0.6647108862084761,0.393592417740767,0.6814779423475076,0.9420683885809892,0.6958405659022984,0.7623477297895902,0.434462288652144,0.3980383211678832,0.8758208583610843,0.3576158940397351,0.6683991683991684,0.9407608695652174,0.5837153043035397,0.6215116279069768,0.6054367201426025,0.5362542531896219,0.4991256856780128,0.880358060019077,0.5586468129571578,0.90630094449476,0.5324284998688071,0.7901697386233468,0.8203540847026152,0.8133320213109915,0.727680520820928,0.6140559857057772,0.6108108108108108,0.6007140843747064,0.7349282296650719,0.5092258748674443,0.7429962668397987,0.4869144272917858,0.7093787620670073,0.7428402522333157,0.9330845771144278,0.9175024494522136,0.8256793173141702,0.7887730394821366
align-dinov2+1b-things-218-random,0.1815713698066639,0.3791353268513422,0.5461704734762436,0.4943130118289354,0.5452108901114403,0.7280171371316035,0.5443597560975609,0.3820652083644759,0.3696369636963696,0.3891288040062445,0.47010339898643,0.609447128287708,0.4783834374506664,0.3267012296083168,0.4284128745837958,0.3858558859561198,0.458846843765078,0.3670886075949367,0.4763086375989601,0.6505436248695182,0.4922098341909663,0.521554700601756,0.4396551724137931,0.3987341772151899,0.5503187174039019,0.500771390834323,0.4327721872159002,0.3716476913345983,0.5129775829746785,0.5606016905908193,0.361443743540397,0.3833025246258641,0.4684245444586734,0.424092990489609,0.428341384863124,0.5578947368421052,0.4184615384615384,0.3835791264889393,0.3878510378510378,0.525,0.4031870942356875,0.5597379392495533,0.3550102168349634,0.3700071073205401,0.6127177700348432,0.5568352905751279,0.2727272727272727,0.4511220996576645,0.5311275150248236,0.4057467586879351,0.3865907245408631,0.3947368421052631,0.458825436274245
align-dinov2+1b-things-42,0.7488432301421175,0.6858182780755742,0.9674666249070196,0.617989417989418,0.7230065000457749,0.8739495798319328,0.3791348600508906,0.8730820795471473,0.8731934017670191,0.683870638818551,0.7632743956427249,0.9307505792337948,0.9406470158573076,0.7429467084639498,0.7109988776655443,0.8336741649625086,0.5504962904607562,0.9019319407668922,0.9158443960108316,0.6925015503569119,0.9106786258250128,0.5657061205048821,0.5670468568330801,0.919840887174542,0.8159532483302975,0.6048735312843665,0.9751158596443166,0.8176435045317221,0.9250394788788,0.6922860421312433,0.9537277537277538,0.5640230394328755,0.9266710690439504,0.6837166229356382,0.8822057777894821,0.5377076411960133,0.8951778656126482,0.9239130434782608,0.9149020410949552,0.933634992458522,0.8161544401544402,0.6317730343732335,0.7146336025792732,0.7772670034742767,0.5123238947397671,0.9053613053613054,0.5954177798923983,0.7398045256170462,0.8135714285714286,0.9814126394052044,0.8407058337919648,0.9673913043478262,0.8683062042934655
align-dinov2+1b-things-42-random,0.2032113015411855,0.4437765205091938,0.4698966034722509,0.5156345459594558,0.6327181590339485,0.7730496453900709,0.6121511833274461,0.4210187858305855,0.4604519774011299,0.3861772745021475,0.4585018100807574,0.4525569620253164,0.6267926988265972,0.2832167832167832,0.4910099973391112,0.4298486233871787,0.4225013262305759,0.3902439024390244,0.5548194896319234,0.6104859723536766,0.413943488943489,0.4772992319137813,0.3579075425790754,0.3847512511039152,0.42893864013267,0.4348304922428653,0.426570119698537,0.2834061842318277,0.4699500113610543,0.5213818860877685,0.5738947724551164,0.4069885326784869,0.5853195560658246,0.455,0.4095049504950495,0.5017722593653826,0.4230769230769231,0.4198069137340392,0.3822657852746751,0.5750598086124402,0.4289206698447622,0.4621246077991932,0.3385012919896641,0.3881291628024618,0.4862593686123098,0.5860056258790436,0.2704906814796924,0.3138799305383279,0.5414188306978094,0.5008428120175078,0.4894529181683092,0.4420485175202156,0.542204827136334
align-dinov2+1b-things-7,0.5973350836888742,0.7041222346013051,0.9710735171261486,0.6924460431654677,0.8599521658251396,0.8558378175447379,0.4623397435897436,0.7235900673400674,0.8351553509781358,0.6581043956043956,0.6761062343748248,0.93453985367732,0.9668244156847596,0.8048362528560549,0.8475767665556788,0.8470568123539803,0.3991295680466465,0.6443089430894309,0.930480153226339,0.8946428571428571,0.8317214700193424,0.4303230127247437,0.3710896847260483,0.9242772617186302,0.497037037037037,0.5387507229612493,0.9751158596443166,0.487026847547671,0.7344405594405594,0.5030195564464318,0.9039536741214058,0.7272943225908624,0.9193640226008496,0.8054656999442276,0.8233376233376233,0.4705882352941176,0.8622077483179207,0.9162463248186012,0.9260290424718856,0.8617260724963887,0.8003898635477583,0.6500437445319335,0.4557823129251701,0.7990737640888294,0.6840592334494774,0.8330207613595235,0.3734090085738437,0.5914798538308428,0.6259591836734694,0.9217210559135316,0.8246884002167651,0.9356876553438276,0.8359832305015029
align-dinov2+1b-things-7-random,0.2617514900353883,0.3470319634703196,0.5080723280594124,0.4519230769230769,0.5729158512720156,0.6977224224189204,0.4721140488715811,0.4091508250353359,0.4604519774011299,0.3947194719471947,0.4673360107095047,0.4250175798586694,0.5563430365156828,0.2832167832167832,0.5905778432094222,0.4546378136746927,0.4294790652385589,0.3670886075949367,0.4332013201320132,0.6090240555470848,0.4406586021505376,0.5629128957116126,0.4670532571692343,0.3811074918566775,0.5207214686466437,0.4381509087196242,0.4160714285714285,0.2542255609370367,0.4087193460490463,0.5384833050367855,0.2430464060898843,0.4155691385076692,0.36097878283495,0.4617283950617284,0.4987179036847097,0.4243927125506073,0.4000958887690279,0.4382300884955752,0.4165683614486257,0.5409471636695645,0.4209523809523809,0.4875844520487847,0.350253807106599,0.4517866959868059,0.5454373164029186,0.6134520884520884,0.2853814283783031,0.4402742629723357,0.3847994674055814,0.4569228602281797,0.2817673556755375,0.5471263008514664,0.4884036516160868
align-dinov2+1b-things-local-shuffled-218,0.6627151000574045,0.3995380241648898,0.9272424326575952,0.8563784042044912,0.935405938076165,0.8802360564684101,0.3919060858819895,0.8126938333934367,0.8699769189797005,0.3788235294117647,0.814211780169227,0.9321089938322746,0.8255849912380167,0.5983893557422969,0.8332968343188067,0.786101640619637,0.476839007986549,0.8762758277321384,0.9011262596324836,0.9538770137278256,0.8402246609762406,0.5280928748670685,0.3316204287515762,0.9445155783183952,0.476779688253254,0.8288572078069691,0.9503676470588236,0.7399675495849698,0.6535068446848065,0.5769732223447999,0.7526108374384236,0.4932472691161866,0.8949553847513032,0.6065314966723417,0.928845629937836,0.4064054726368159,0.79375,0.9251805488685604,0.793939393939394,0.8332097850259451,0.448340874811463,0.5965948177023619,0.36318407960199,0.8648723257418909,0.5270740188772975,0.7247983870967742,0.419630391500822,0.4494769032673427,0.8073529411764706,0.9580097617833468,0.9197411003236248,0.9643413916518456,0.8161575339751972
align-dinov2+1b-things-local-shuffled-42,0.8810783993802547,0.4898211986373935,0.9694585300460452,0.7883098591549296,0.9000865392180002,0.9186503480799462,0.3996050032916392,0.851168617963451,0.8099662662011008,0.6757934792008995,0.8560875277293187,0.9524193548387097,0.9639016897081414,0.7951165779328071,0.8038303252010652,0.8585239896715307,0.7977239097097044,0.8911265589858924,0.8852081252081252,0.9103670201309972,0.8099858500101071,0.486003861003861,0.3392099713276936,0.8937908496732027,0.7549865352138391,0.8187616263619453,0.9651669085631348,0.8673764600179694,0.9067068925504758,0.6772062293534686,0.968548496189746,0.6388488560619708,0.960661906719998,0.798938088559407,0.91713535808024,0.6839443023586247,0.8935988620199147,0.9214530015331996,0.9262152777777778,0.8050682261208577,0.7485400710156411,0.8090832632464255,0.5845410628019323,0.8947543966040025,0.9502990033222593,0.7757839721254356,0.8609583180540277,0.7035848747749223,0.8043554458312379,0.9694638694638696,0.9222289338568408,0.9693121693121692,0.8331874379124824
align-dinov2+1b-things-local-shuffled-7,0.7145041376809205,0.5376354245401864,0.904511990669874,0.7580711920529801,0.7004010379806558,0.8933234081539165,0.5399844951994752,0.7847914359542266,0.4937788018433179,0.6827728603584544,0.8476541138064764,0.9321402281928598,0.888962234652399,0.7684110301387923,0.8633208878301304,0.7443258275769266,0.1286654135338346,0.787954206072673,0.8287685295446146,0.743659420289855,0.8541181687174371,0.5763000852514919,0.7202973032714413,0.8738119312436805,0.812974395304119,0.7314409779783742,0.931197670185657,0.7270664906781059,0.7292929292929293,0.7696637321402799,0.9681172007130776,0.7453988336463379,0.877294811167973,0.6461745327416969,0.9031763417305584,0.7697855029585798,0.8915217093548828,0.9263995453253766,0.8299031392876499,0.7695701268349046,0.6442496065773838,0.6112724294542476,0.6813563883469017,0.8785526682611184,0.8136947923533289,0.7595066803699897,0.6004329004329004,0.6225298090552822,0.7708216182442986,0.8124216932163952,0.9002576119680934,0.9590828924162258,0.7927770859277709
align-dinov2+1b-things-shuffled-218,0.2818630869642591,0.491083079599826,0.5295863152382615,0.4396907440385701,0.5968853862788639,0.6674658047391742,0.4890315164287767,0.4396067415730337,0.4018169112508735,0.3599819331526649,0.4453040360112916,0.4946260144768589,0.550667514303878,0.6192155584944958,0.5432308698495749,0.5206814991442801,0.262653787019019,0.4419135634683337,0.5171495171495172,0.3922945205479452,0.5223902297179412,0.4964316300314016,0.3915475180083132,0.4363885088919289,0.425035224798258,0.4586989610217722,0.5850983723669222,0.4700880208390903,0.4261961722488038,0.4788287502664574,0.441786283891547,0.3918336424671491,0.3789473684210526,0.4787131742285164,0.5914670396922539,0.4081710576555937,0.5137128496503496,0.5648926237161531,0.5628164938509767,0.5045591416090589,0.4855144855144855,0.4682498169264567,0.3951057258256117,0.5025596702346918,0.4377349669828778,0.6318395219803671,0.2922794117647059,0.4094186376129263,0.4339132012336471,0.583687276827664,0.3802496624582514,0.6098491416681117,0.365348506401138
align-dinov2+1b-things-shuffled-42,0.4244117589659187,0.4353488920320604,0.5804794520547945,0.4870343223980184,0.4775,0.665065065065065,0.5212152572442341,0.6226950354609928,0.4018069131386636,0.4334324679152265,0.4609143780414498,0.6003894839337878,0.6260964912280702,0.3494859284985804,0.6393657736468015,0.5616198211885701,0.1393434205623381,0.4514140511034775,0.6056413060240288,0.5111413299583968,0.5462080397845006,0.4443792766373411,0.3183320620391558,0.5801630434782609,0.5087355381558958,0.4586989610217722,0.6291772468630104,0.4358722161079077,0.5014002191647389,0.4071470143173088,0.3526377768521518,0.4063157894736842,0.4403313157056387,0.4989316239316239,0.5232251048625136,0.5552062551639361,0.5716059602649006,0.621231527093596,0.5067664357820584,0.521044992743106,0.4797979797979798,0.4503099825518803,0.3588516746411483,0.4181701030927835,0.5098582677165354,0.49950213371266,0.3354941340226685,0.3478953922789539,0.4721512860314122,0.532601880877743,0.3085575772452518,0.6539971080355298,0.513255928293181
align-dinov2+1b-things-shuffled-7,0.2670258936051494,0.5128017931476145,0.5297865806847842,0.5024243165057246,0.5427020582329317,0.5894835992907801,0.5381602871928761,0.5713316369804919,0.478535492637068,0.5034914278563384,0.5221391255863566,0.4828282828282828,0.5694444444444444,0.3505592406538813,0.584457555146368,0.4562908496732026,0.2243866158009362,0.4516806722689075,0.5041694162817205,0.5164770287677114,0.5338441890166028,0.484094982078853,0.4294882503619556,0.4675751879699248,0.5749152542372882,0.5444046196734369,0.5995791942604856,0.4286462542276495,0.518188057652711,0.5305200671054329,0.4352941176470588,0.4722740627136496,0.5496022302305025,0.544010889292196,0.5884732052578362,0.5202380952380952,0.5150305230160039,0.4696019099439231,0.5304325304325305,0.4341060654175928,0.5636818332610305,0.4802415725443512,0.4295815295815295,0.4680232558139535,0.5544209377697431,0.4767730496453901,0.3371212121212121,0.2793304668304668,0.4596116504854369,0.5390965433518625,0.410283023791162,0.6075788806088473,0.4356856856856856
align-dinov2+500m-things+hyp-abl10-218,1.0,0.8994871794871795,1.0,0.8083333333333333,0.9801753717117804,0.97567424643046,0.953846153846154,0.8630490956072352,0.8814814814814815,0.8193496587715776,0.9592808038075092,0.9372586872586872,0.8588709677419355,0.959971535314001,0.9022556390977444,0.9239332096474954,0.9617806731813248,1.0,0.9606060606060608,0.974987974987975,0.46875,0.8565217391304347,0.8346883468834688,0.973232669869595,0.9464114832535884,0.8705882352941177,0.9611436950146628,0.9295997468754944,1.0,0.9115384615384616,1.0,0.8239202657807309,0.9333333333333332,0.8235294117647058,0.935969868173258,0.8232758620689655,1.0,0.8027210884353742,0.9678048780487803,0.7655172413793103,0.7545454545454545,0.9537037037037036,0.8385964912280701,1.0,0.9365079365079364,1.0,0.8535947712418301,0.9711751662971176,0.8277747402952433,1.0,0.9823693164243736,1.0,0.733201581027668
align-dinov2+500m-things+hyp-abl10-218-random,0.9721254355400696,0.6708239623798814,0.9688269073010664,0.6634146341463415,0.9396051103368176,0.9505376344086022,0.5821428571428571,0.8096264367816092,0.9451114922813036,0.7398959583833533,0.9321346730125156,0.904970760233918,1.0,0.8933143669985775,0.8260481712756467,0.7897435897435897,0.9617806731813248,0.9097222222222222,0.7743589743589744,0.9736708860759492,0.4603174603174603,0.8253968253968254,0.8184523809523809,1.0,0.9099967855994856,0.8058823529411765,0.7579908675799086,0.9566347247035892,0.9261261261261262,0.8908400569530137,0.9003961516694963,0.718939393939394,0.6536796536796536,0.7723214285714286,0.935969868173258,0.6479313036690086,0.9097222222222222,1.0,0.8636363636363636,0.8988095238095238,0.8287526427061311,0.8277747402952433,0.8133874239350912,0.9125188536953244,0.8125,0.9494252873563218,0.7902097902097902,0.9071428571428573,0.7407834101382489,0.84,0.9463108320251178,1.0,0.7685185185185185
align-dinov2+500m-things+hyp-abl10-42,0.9857805865508048,0.7566959721938253,1.0,0.9157509157509156,0.9600614439324116,0.9505376344086022,1.0,0.846376811594203,0.9451114922813036,0.7987117552334944,0.9726950354609928,0.9843787551069454,0.8588709677419355,0.9732905982905984,0.8655172413793104,0.8948717948717949,0.9407287667542265,1.0,0.8300653594771241,1.0,0.46875,0.801920768307323,0.8184523809523809,0.973232669869595,0.9821371610845296,0.8993135011441648,0.8962005483744615,0.942948717948718,1.0,0.8908400569530137,0.9738095238095238,0.6800804828973843,0.9333333333333332,0.745115856428896,0.8373205741626795,0.9457671957671958,1.0,0.943907156673114,0.9678048780487803,0.7655172413793103,0.8287526427061311,0.9030172413793104,0.7230432402846196,1.0,0.8123167155425219,1.0,0.8535947712418301,0.940332759609868,0.784688995215311,1.0,1.0,0.9568627450980391,0.8416289592760181
align-dinov2+500m-things+hyp-abl10-42-random,0.9851714550509733,0.8285714285714286,1.0,0.4523809523809524,0.9606060606060608,0.9244663382594416,0.8115942028985508,0.846376811594203,0.8814814814814815,0.7159090909090908,0.8409090909090909,0.9531362653208364,1.0,0.8933143669985775,0.7367405978784957,0.7410526315789474,0.9729646697388632,1.0,0.8492753623188406,0.9487179487179488,0.46875,0.8152295632698767,0.7359307359307359,0.9458333333333332,0.78125,0.8705882352941177,0.8769349845201238,0.8887499999999999,0.8753799392097263,0.9123809523809524,0.8772321428571428,0.5379825653798256,0.8566308243727598,0.7166666666666667,1.0,0.8067340067340067,1.0,1.0,0.6996966632962589,0.8988095238095238,0.7545454545454545,0.8803827751196172,0.7125,0.8954326923076923,0.9039039039039038,0.8854166666666667,0.746031746031746,0.9135254988913526,0.8109243697478992,0.9597423510466988,0.9473035439137134,1.0,0.8060344827586207
align-dinov2+500m-things+hyp-abl10-7,1.0,0.7712418300653594,1.0,0.9157509157509156,0.9396051103368176,0.9505376344086022,0.9470827679782904,0.9211309523809524,0.9451114922813036,0.7348021215830274,0.9204545454545454,0.969047619047619,0.8588709677419355,0.959971535314001,0.8655172413793104,0.8067340067340067,0.9499857914180164,1.0,0.8492753623188406,0.974987974987975,0.4603174603174603,0.801920768307323,0.8184523809523809,0.973232669869595,0.9642401021711366,0.9352941176470588,0.980435585086748,0.9295997468754944,1.0,0.9780009564801532,0.9485680888369374,0.6800804828973843,0.9677158999192896,0.745115856428896,0.8827586206896552,0.8232758620689655,1.0,0.8027210884353742,0.9678048780487803,0.7655172413793103,0.7545454545454545,0.9298701298701298,0.7526881720430108,1.0,0.8590653290922436,1.0,0.8117647058823529,0.940332759609868,0.8803827751196172,1.0,1.0,1.0,0.7963800904977376
align-dinov2+500m-things+hyp-abl10-7-random,0.9555143651529194,0.7426470588235294,1.0,0.6634146341463415,0.9600614439324116,0.9244663382594416,0.7214285714285714,0.8279841327082582,0.9451114922813036,0.6847414880201765,0.8522588522588522,0.9058880308880308,0.8588709677419355,0.866642958748222,0.7982758620689655,0.8948717948717949,0.9499857914180164,0.9563025210084032,0.9396051103368176,0.974987974987975,0.4516129032258064,0.7130434782608696,0.8346883468834688,0.9458333333333332,0.835024549918167,0.84363894811656,0.8359133126934984,0.9295997468754944,0.8492647058823529,0.8900047824007652,0.9121881682109764,0.736318407960199,0.609375,0.6868209730751063,0.935969868173258,0.7985964912280701,1.0,0.8027210884353742,0.9345238095238096,0.8373205741626795,0.7545454545454545,0.8219332956472583,0.8630952380952381,0.9469996954005484,0.7655677655677655,0.8854166666666667,0.7902097902097902,0.926708949964764,0.6309458720612356,0.8999599839935974,0.9648148148148148,0.9093406593406592,0.8611111111111112
align-dinov2+500m-things+hyp-abl10-local-shuffled-218,1.0,0.70050155242417,1.0,1.0,0.9047778149014368,0.971647509578544,0.9626517273576096,0.9558728098637248,0.9457735247208932,0.7033422064477965,0.8612153038259565,0.8726655348047538,1.0,0.8143939393939394,0.9663865546218486,0.9095607235142118,0.9673831070889894,1.0,0.956439393939394,1.0,0.9367521367521368,0.6944444444444444,0.7888138862102217,0.9074074074074074,0.9009661835748792,0.8657534246575342,1.0,0.958109559613319,1.0,0.9352226720647774,0.98213866039953,0.7611874169251218,1.0,0.7257294429708223,1.0,0.6813397129186602,0.8342245989304813,0.8226600985221675,0.7533333333333333,0.8871745419479267,0.725557461406518,0.916083916083916,0.7920997920997921,0.911297852474323,0.8380355276907001,0.9584699453551913,0.927950310559006,0.8726181703337194,0.7414965986394557,0.9775175644028102,1.0,1.0,0.9534495106230604
align-dinov2+500m-things+hyp-abl10-local-shuffled-42,1.0,0.7566820276497697,1.0,0.9350104821802936,0.8635897435897435,0.9149425287356322,0.9626517273576096,0.9263271939328276,0.7655172413793103,0.7960829493087558,0.805701425356339,0.875,1.0,0.8558823529411765,1.0,0.9404761904761904,0.8988557587906122,1.0,0.9123809523809524,0.9448717948717948,0.9211087420042644,0.828125,0.803763440860215,0.9074074074074074,0.9497549019607844,0.9194520547945204,1.0,0.931896422691214,1.0,0.9361419068736142,1.0,0.8310344827586207,1.0,0.7631048387096775,1.0,0.7259259259259259,0.8342245989304813,0.7653194263363755,0.8489795918367347,0.8555555555555556,0.6923076923076923,0.972027972027972,0.7209538305428715,0.8419106317411402,0.80625,0.8608058608058609,0.9644607843137256,0.8934452696157571,0.7738095238095238,1.0,0.979454926624738,1.0,0.904970760233918
align-dinov2+500m-things+hyp-abl10-local-shuffled-7,1.0,0.6898496240601504,1.0,1.0,0.9246031746031746,0.971647509578544,0.92831541218638,0.9852909366212416,0.9457735247208932,0.738243123336291,0.8491195551436516,0.9356499356499356,1.0,0.8348579682233992,1.0,0.9416666666666668,0.949753122277084,0.9470827679782904,0.9782505910165484,0.9470443349753694,0.9367521367521368,0.9393939393939394,0.8151178647964153,0.8581932773109244,0.9252279635258358,0.9476495726495726,1.0,0.985657998423956,0.9735191637630662,0.912885662431942,1.0,0.711111111111111,1.0,0.7898658718330849,1.0,0.7259259259259259,0.7933333333333333,0.624441132637854,0.8542159180457052,0.9213709677419356,0.7948717948717949,0.972027972027972,0.8300145701796988,0.911297852474323,0.7902680197762164,0.9208333333333334,0.946345975948196,0.8331816803154383,0.7076923076923077,1.0,1.0,1.0,0.9372586872586872
align-dinov2+500m-things+hyp-abl10-shuffled-218,0.5640681003584229,0.2978723404255319,0.7058823529411764,0.4642857142857143,0.3194444444444444,0.6203763789746918,0.3898305084745763,0.4025604551920341,0.4285714285714285,0.4375,0.51875,0.4352134146341463,0.9197994987468672,0.4987541528239202,0.3859649122807017,0.3768115942028985,0.5771517996870109,0.6103896103896104,0.5678571428571428,0.6308161708619374,0.4473684210526316,0.4084507042253521,0.4222222222222221,0.4329132690882135,0.3164556962025316,0.4646781789638932,0.5622119815668203,0.4301075268817204,0.3382352941176471,0.3365079365079365,0.6111111111111112,0.3098591549295774,0.4726166328600406,0.3108108108108108,0.4583333333333333,0.5888888888888889,0.5974025974025974,0.4262295081967213,0.5252525252525253,0.4262295081967213,0.4210526315789473,0.3846153846153846,0.375,0.3714285714285714,0.5240384615384616,0.4084507042253521,0.5225694444444444,0.4482142857142857,0.3220338983050847,0.588235294117647,0.4637053087757313,0.5974025974025974,0.384254243409173
align-dinov2+500m-things+hyp-abl10-shuffled-42,0.5835070349140177,0.3808630393996248,0.4285714285714285,0.4736842105263157,0.3466666666666667,0.6142857142857143,0.3898305084745763,0.282051282051282,0.4285714285714285,0.4044665012406948,0.5181802807373583,0.5657894736842105,0.4666666666666667,0.4692691029900332,0.396551724137931,0.4257659073055774,0.5703298927342644,0.7545008183306056,0.6019582801191996,0.5309168443496801,0.4683544303797468,0.391304347826087,0.4979369532926225,0.3661971830985915,0.2894736842105263,0.5163120567375886,0.3936170212765957,0.4083285135916714,0.3478260869565217,0.2666666666666666,0.548440065681445,0.3717948717948718,0.499746835443038,0.3108108108108108,0.4583333333333333,0.5799793601651186,0.5694444444444444,0.4067796610169492,0.4392982456140351,0.4354838709677419,0.4310344827586206,0.3684210526315789,0.375,0.362432915921288,0.2826086956521739,0.4246575342465753,0.335049335049335,0.4225113720512007,0.4642857142857143,0.5288461538461539,0.5064805583250249,0.7237076648841354,0.4222689075630252
align-dinov2+500m-things+hyp-abl10-shuffled-7,0.6251348435814454,0.3365079365079365,0.6536796536796536,0.4736842105263157,0.5045739046701974,0.6787800129785853,0.3898305084745763,0.282051282051282,0.4285714285714285,0.3043478260869565,0.4411814345991561,0.6083182640144665,0.806060606060606,0.4692691029900332,0.3859649122807017,0.4136363636363636,0.5508258258258258,0.6000000000000001,0.6306115235065395,0.5151515151515151,0.475,0.4,0.4817275747508305,0.5187165775401069,0.375,0.38,0.4631578947368421,0.4192876965772433,0.445165476963011,0.3181818181818182,0.6822619266899982,0.3878060969515242,0.4928284566838783,0.3388888888888889,0.4583333333333333,0.5899403239556692,0.4464285714285714,0.4354838709677419,0.3733333333333333,0.4354838709677419,0.4310344827586206,0.3766233766233766,0.4476933073424301,0.462778730703259,0.4099616858237548,0.4166666666666667,0.719551282051282,0.3674619953689721,0.5054945054945055,0.6070686070686071,0.741263440860215,0.4363636363636363,0.5399799263967882
align-dinov2+500m-things+hyp-abl10cat-218,0.824009324009324,0.7083333333333333,1.0,0.4193548387096774,0.2367149758454106,0.9501748251748252,0.2718446601941747,0.7539288668320927,0.8640674394099052,0.5715467328370554,0.443370851069386,0.7227554179566564,0.7665585919407133,0.8444444444444444,1.0,0.6741379310344828,0.8279009126466754,0.965499008592201,1.0,0.6774373104004898,1.0,0.3129251700680272,0.811038961038961,0.9091836734693878,0.826086956521739,0.8035555555555556,0.4777777777777778,0.5564691896175946,1.0,0.7916666666666667,0.9371647509578545,0.6670155241583813,0.4943820224719101,0.4812030075187969,0.7147948611686696,0.4036702396318536,0.826625386996904,0.6290760869565217,1.0,0.5635997988939165,0.7647058823529411,0.4468085106382978,0.3220270705768611,0.413953488372093,0.7666018338427341,0.6153846153846154,0.9077380952380952,0.9024211298606016,0.4732142857142857,0.4946236559139785,1.0,1.0,0.7500432451133022
align-dinov2+500m-things+hyp-abl10cat-218-random,0.6806749156355456,0.6690307328605201,0.4811320754716981,1.0,0.2570424082619204,0.7574468085106383,0.2718446601941747,0.4088888888888888,0.6605263157894736,0.7167464114832536,0.1095836702688132,0.3492616033755274,0.8731650029359953,0.8161616161616162,1.0,0.631578947368421,0.711027027027027,0.6477732793522267,0.4761904761904761,0.2338709677419354,1.0,0.3082191780821918,0.7834130781499202,0.4492075471698113,0.7311688311688311,0.7589336358479863,0.4719101123595505,0.0728929384965831,0.8253968253968254,0.6621417797888387,0.6932374100719425,0.6279310344827587,0.430379746835443,0.4732824427480916,0.3148148148148148,0.2620320855614973,0.5961538461538461,0.3035714285714285,0.4857142857142857,0.34375,0.4854054054054054,0.4975845410628019,0.253393665158371,0.2429906542056074,0.4072244519913553,0.643640350877193,0.813172621609987,0.8695750349997742,0.6066666666666667,0.4891304347826087,0.4893617021276595,1.0,0.8136279305110474
align-dinov2+500m-things+hyp-abl10cat-42,0.8519607843137256,0.7305841924398626,1.0,0.4857142857142857,0.3053448275862069,0.8944444444444445,0.4676068335620652,0.8233809924306139,0.9192488262910798,0.8018018018018018,0.5880726484142044,0.7162817222697462,0.7665585919407133,0.8653061224489795,1.0,0.7008547008547008,0.7942917890944527,0.9194976867151354,1.0,0.7425474254742548,1.0,0.3523290986085904,0.8732578397212544,0.8200202224469161,0.7909090909090909,0.8502642395772166,0.4946236559139785,0.3859312236700303,0.8166666666666667,0.8885405781957506,0.8952745849297573,0.7804232804232805,1.0,0.4772727272727273,0.8077525773195876,0.3831966053748232,0.801418439716312,0.4483414674497477,0.490566037735849,0.7333333333333334,0.87005187005187,0.4545454545454545,0.4415384615384615,0.6481347406927562,0.6513358372900574,0.7863247863247864,0.9513343799058084,0.8709273743016759,0.865909090909091,1.0,1.0,1.0,0.779449922158796
align-dinov2+500m-things+hyp-abl10cat-42-random,0.6819913070753237,0.7083333333333333,0.4859813084112149,0.4807692307692308,0.4725614720729523,0.8206741573033708,0.2838836122418212,0.5706637559124694,0.5656565656565656,0.6354679802955665,0.1211691329338388,0.4128881987577639,0.8417582417582418,0.7508090614886731,0.4913793103448275,0.5580140313005937,0.7481307684697036,0.5028571428571429,0.4907407407407407,0.237633249490957,1.0,0.3655327723124333,0.8968085106382979,0.4606060606060606,0.6206498433118918,0.662507090187181,0.4946236559139785,0.0868906136308513,0.4634146341463415,0.5608919382504288,0.7415966386554622,0.6431878306878307,0.4886363636363636,0.4850746268656716,0.3148148148148148,0.3062894552256254,0.5213675213675213,0.3203145946912146,0.490566037735849,0.4384823848238482,0.494047619047619,0.4388489208633093,0.2897173489278752,0.274867374005305,0.4056136488717666,0.5409604519774012,0.8241134751773049,0.8165810055865922,0.4326923076923077,0.4891304347826087,0.4606741573033708,0.4942528735632184,0.8100255427841634
align-dinov2+500m-things+hyp-abl10cat-7,0.9283114416838107,0.7083333333333333,1.0,1.0,0.2367149758454106,0.9003496503496504,0.4494494494494494,0.7996926500980339,0.8901660280970626,0.7797619047619048,0.3673519196470478,0.6077926015767132,0.746031746031746,0.8993087988044088,1.0,0.7731092436974789,0.8576546130449476,0.9184629803186504,1.0,0.722596585804133,1.0,0.424601790489478,0.798645252922539,0.8650151668351871,0.8148893360160966,0.7057692307692308,0.4891304347826087,0.4783298212074471,0.8512396694214877,0.7993730407523512,0.8707983193277311,0.7194591984548527,1.0,0.4812030075187969,0.8538512179065174,0.532656023222061,0.9564879564879564,0.5880281690140845,0.490566037735849,0.7587301587301587,0.5344144144144144,0.4583333333333333,0.2897173489278752,0.6481347406927562,0.660633484162896,0.8869565217391304,0.8816342115311187,0.8760869565217391,0.4824561403508772,1.0,0.4947368421052631,1.0,0.724025974025974
align-dinov2+500m-things+hyp-abl10cat-7-random,0.780011655011655,0.6347826086956522,0.4954128440366973,0.46,0.3053448275862069,0.9272030651340996,0.34,0.4932742693533575,0.6154110767113863,0.5855855855855856,0.1219208211143695,0.3385957623597839,0.7665585919407133,0.8361702127659575,1.0,0.5245283018867924,0.812422462989,0.3794157608695652,1.0,0.2338709677419354,0.4803921568627451,0.3483870967741935,0.906860130161101,0.4683393070489844,0.6201201201201201,0.8553601815087919,0.4835164835164835,0.0728929384965831,0.6881889763779527,0.6666666666666667,0.6736318407960199,0.5801500087214373,0.4767441860465116,0.4812030075187969,0.3148148148148148,0.2620320855614973,0.8133333333333332,0.3035714285714285,0.490566037735849,0.34375,0.5398001933612633,0.4545454545454545,0.253393665158371,0.2429906542056074,0.4442729237418956,0.4396551724137931,0.8494623655913978,0.8357052783282292,0.4485981308411215,0.4777777777777778,0.4482758620689655,0.4942528735632184,0.7967896174863388
align-dinov2+500m-things+hyp-abl10cat-local-shuffled-218,0.9849961773700306,0.4554455445544554,1.0,0.4646464646464646,0.2556053811659193,0.9733103745157125,0.6181600547195623,0.798995983935743,0.8895212587880816,0.8615384615384616,0.6687158926383785,0.5053191489361701,0.7305841924398626,0.8681732580037664,1.0,0.8052434456928839,0.8226730029722422,0.8325508607198748,1.0,0.6450557080040996,0.4957983193277311,0.4106583072100314,0.9145454545454546,0.8829654782116582,0.7647058823529411,0.9393939393939394,1.0,0.5241059774623632,0.9393939393939394,0.7916666666666667,0.6538461538461539,0.74822695035461,1.0,0.4649122807017544,0.8891525423728814,0.3976619774123241,0.4495412844036697,0.8414206247325631,1.0,0.4738612836438923,0.7763621577663323,0.8168526356290882,0.3050943320001616,0.6542682926829269,0.5764284208306979,0.7391076115485564,0.7370114942528736,0.9157092907092907,0.48,1.0,1.0,1.0,0.7354838709677419
align-dinov2+500m-things+hyp-abl10cat-local-shuffled-42,0.9776236400779136,0.4329896907216495,1.0,0.4479166666666667,0.2759365700542171,0.8566805362921868,0.2929292929292929,0.8610159087421352,0.8472222222222222,0.8351526364477335,0.5200716958586208,0.433502538071066,0.8487848784878488,0.9107142857142858,1.0,0.8681318681318682,0.9039212153966252,0.713382620807886,1.0,0.365079365079365,0.4915254237288136,0.3288590604026846,0.9145454545454546,0.8823261636508479,0.7647058823529411,0.9061166429587482,1.0,0.208592132505176,0.8481724461105904,0.8439568094740508,0.9239350912778904,0.5581279561862086,1.0,0.4649122807017544,0.6090387374461981,0.5117157974300831,0.738562091503268,0.6259437199725464,1.0,0.6451686678101772,0.7863247863247863,0.67984934086629,0.3149131274131274,0.3202237946355109,0.7105493175553015,0.8727598566308243,0.8508318990246702,0.8540540540540541,0.4715447154471545,1.0,0.4948453608247423,1.0,0.7259816207184628
align-dinov2+500m-things+hyp-abl10cat-local-shuffled-7,0.992453737082432,0.4444444444444444,1.0,0.4952380952380952,0.3563119345109866,0.9289805269186712,0.5354754098360656,0.8404665314401623,0.9367614180772916,0.9208520617549344,0.7530825496342738,0.5159051474840948,0.7551020408163265,0.9404761904761904,1.0,0.8052434456928839,0.7899474868717179,0.92899800928998,1.0,0.5331262939958592,0.4957983193277311,0.3710691823899371,0.9680525659907104,0.8936170212765957,0.751323969606263,0.7904761904761906,1.0,0.2249739626788807,0.8125,0.8357169050238358,0.7689147552208149,0.5581279561862086,1.0,0.4504504504504504,0.9349919059384852,0.4439838072477198,0.8382749326145553,0.7699451245251161,1.0,0.7786861026297646,0.613716454323665,0.6635177687809266,0.2951298701298701,0.6233276157804459,0.7291291291291291,0.8881889763779528,0.8270509977827052,0.9317492416582408,0.4758064516129032,1.0,1.0,1.0,0.7235772357723578
align-dinov2+500m-things+hyp-abl10cat-shuffled-218,0.6517874396135266,0.4339622641509434,0.4795918367346938,1.0,0.2807017543859649,0.5833333333333333,0.25,0.3038852913968547,0.4436619718309859,0.4528619528619528,0.1495901639344262,0.2557213930348259,0.6403508771929824,0.6237238697131745,1.0,0.5818815331010453,0.4857347957463147,0.3385826771653543,0.4696969696969697,0.2062780269058296,0.4957264957264957,0.3243243243243243,0.5239762931034483,0.3203125,0.4379084967320261,0.3947368421052631,0.4885496183206106,0.099079728218801,0.4626865671641791,0.4238383838383838,0.6952380952380952,0.4097222222222222,0.4745762711864407,0.4690265486725664,0.2887323943661972,0.2574257425742574,0.4677419354838709,0.3010752688172043,0.4675324675324675,0.3557046979865771,0.4179894179894179,0.43,0.2376681614349775,0.2259615384615384,0.2840909090909091,0.4587155963302752,0.6026831785345717,0.4393163168155234,0.4509803921568627,0.4621848739495798,0.4466019417475728,0.4770642201834862,0.4427767354596623
align-dinov2+500m-things+hyp-abl10cat-shuffled-42,0.5611422216926805,0.4,0.4795918367346938,0.4947368421052631,0.2807017543859649,0.5063759769642122,0.25,0.4037280823054372,0.4436619718309859,0.4889937106918239,0.1505505364201016,0.2557213930348259,0.4743589743589743,0.6098003629764065,0.4912280701754385,0.4586466165413533,0.4916666666666667,0.3905116279069767,0.44,0.2062780269058296,0.4913793103448275,0.3197278911564626,0.4833333333333333,0.3441112414139721,0.4027777777777778,0.4870796460176991,0.4765625,0.0907619178837145,0.4666666666666667,0.4823956442831216,0.7596996245306633,0.3995552260934025,0.4608695652173913,0.4736842105263157,0.2937062937062937,0.2574257425742574,0.472,0.3010752688172043,0.4533333333333333,0.3557046979865771,0.4645502645502645,0.4411764705882353,0.2376681614349775,0.2916820854405657,0.2840909090909091,0.4684684684684684,0.5043896913055792,0.4897260273972602,0.4285714285714285,0.452991452991453,0.4183673469387755,0.4910714285714285,0.3305785123966942
align-dinov2+500m-things+hyp-abl10cat-shuffled-7,0.5987411487018096,0.4545454545454545,0.4795918367346938,1.0,0.2807017543859649,0.7533401849948612,0.25,0.2795321637426901,0.4436619718309859,0.4528619528619528,0.1377437786277565,0.2639392530605919,0.4605263157894737,0.6658896658896658,0.4956521739130435,0.6363636363636364,0.5302367055771725,0.3333333333333333,0.4117647058823529,0.2062780269058296,0.4913793103448275,0.3243243243243243,0.5079365079365079,0.3203125,0.4730392156862745,0.4956140350877193,0.4724409448818897,0.0851528384279476,0.6776119402985075,0.5386904761904762,0.7083333333333333,0.4444444444444444,0.4464285714285714,0.4690265486725664,0.3251152073732719,0.2574257425742574,0.472,0.3010752688172043,0.4743589743589743,0.3557046979865771,0.4325233644859813,0.40625,0.2376681614349775,0.2826732673267327,0.28,0.4587155963302752,0.5726970033296338,0.5338894681960376,0.44,0.4576271186440678,0.4672897196261682,0.4910714285714285,0.3826460816884893
align-dinov2+500m-things+hyp-abl20cat-218,0.902422044960116,0.861853011604347,0.4962962962962963,1.0,0.2862745098039215,0.4934210526315789,0.4561403508771929,0.9348323170731708,0.5091569048011879,0.4952955147529003,0.8764227642276423,0.8548181689542946,1.0,0.8552638261134529,0.5065420560747663,0.5354175690042131,0.8431437756346303,0.8277777777777777,0.4935064935064935,0.4879227053140096,0.4771573604060913,0.7743248242693304,0.2634684709666685,0.8999536822603057,0.7919860158666129,0.3529224398789616,0.9872357723577236,0.9510954616588418,0.4941860465116279,0.7779614325068871,0.2688103285527237,0.3382656155245603,0.9004120879120878,0.3524229074889868,0.9143763213530656,0.3958333333333333,0.8538011695906432,0.4931506849315068,0.853958944281525,0.710265763418447,0.7453703703703705,0.4495535714285714,0.3861465736244653,0.4961240310077519,0.5492028587135789,0.8580645161290323,0.2892501847535672,0.5150929260217029,0.472586393925306,1.0,0.6869266157488052,0.7979149959903769,0.8178030303030304
align-dinov2+500m-things+hyp-abl20cat-218-random,0.5007130350605349,0.6919642857142857,0.4887218045112781,0.4776119402985074,0.4416433239962651,0.4900662251655629,0.6580882352941176,0.8642857142857143,0.4360189573459715,0.3205574912891986,0.5340909090909092,0.7199934501391845,0.4974093264248704,0.8084291187739463,0.3944954128440367,0.326771653543307,0.7355940678746726,0.7712393566698202,0.4729729729729729,0.472636815920398,0.5401785714285714,0.5763888888888888,0.1968503937007874,0.4744525547445255,0.8434210526315788,0.2801204819277108,0.3403361344537815,0.8874163664436439,0.4912280701754385,0.5952830188679246,0.1619419094364506,0.3151750972762646,0.2852112676056338,0.3686881832378969,0.927409598064256,0.3281853281853282,0.652014652014652,0.4896551724137931,0.7001642036124794,0.4185971685971685,0.4862637362637362,0.4788496652465003,0.3075983717774762,0.3035714285714285,0.3223140495867768,0.5953127129036654,0.201058201058201,0.2080589635174788,0.2905489340271949,0.8179487179487179,0.1796690307328605,0.361524717093508,0.7959558823529411
align-dinov2+500m-things+hyp-abl20cat-42,0.93475,0.8099547511312217,0.4925373134328358,0.4814814814814814,0.2862745098039215,0.4866666666666667,0.5772727272727273,0.8892343567819666,0.4992987377279102,0.4841269841269841,0.8694650412634577,0.9090425531914894,1.0,0.794322279213854,0.9325670498084292,0.5873204366979505,0.8237189903585744,0.7357954545454546,1.0,0.4976303317535545,0.4607329842931937,0.7173308619091752,0.3042016806722689,0.8181818181818181,0.8313361680195851,0.3865430961851206,0.9486928104575164,0.8666666666666667,0.4821428571428571,0.7147168653128038,0.2545787545787545,0.515685195376995,0.788156777090159,0.3656038647342995,0.9017543859649122,0.4925914249684741,0.8569277108433735,0.4931506849315068,0.7565982404692082,0.6500646390419813,0.615,0.6358617869556328,0.456625,0.7730158730158729,0.4510643995180077,0.8460876116672048,0.2488946204863669,0.5733823229230455,0.5868316394167035,1.0,0.6688931297709924,0.972027972027972,0.8252656434474617
align-dinov2+500m-things+hyp-abl20cat-42-random,0.6473092125266038,0.7267759562841529,0.4728682170542636,0.4964028776978417,0.3453466038065304,0.4761904761904761,0.5365448504983389,0.8843813387423936,0.4360189573459715,0.3205574912891986,0.7065966274599368,0.7342657342657343,1.0,0.830220713073005,0.3944954128440367,0.326771653543307,0.7090319519139513,0.8064333017975402,0.48,0.4673366834170854,0.4717948717948718,0.5358695652173913,0.2231157240160606,0.6029411764705883,0.7709020902090209,0.2801204819277108,0.3403361344537815,0.8942676816969224,0.4727272727272727,0.535298072613178,0.1556016597510373,0.3404599424085834,0.2852112676056338,0.3524229074889868,0.8736842105263158,0.3405684754521964,0.7545219638242895,0.475177304964539,0.476010101010101,0.3794642857142857,0.4463815789473684,0.520979020979021,0.2973977695167286,0.3035714285714285,0.3223140495867768,0.5353590407412454,0.201058201058201,0.2135964912280701,0.2905489340271949,0.8179487179487179,0.2961223476335968,0.3484162895927601,0.6254595807668434
align-dinov2+500m-things+hyp-abl20cat-7,0.882693993123441,0.7726333195535345,0.4769230769230769,1.0,0.2935939892461632,0.4934210526315789,0.5545977011494253,0.9547619047619048,0.4360189573459715,0.4174294431731503,0.8799609629147691,0.8020833333333333,1.0,0.8162841471856861,0.6308161708619374,0.5955904790967348,0.8488765352648803,0.9243779476337616,0.4967741935483871,0.4829268292682926,0.4744897959183674,0.7284578696343402,0.26717506704484,0.9296875,0.901815181518152,0.3004878048780488,0.9808886183810104,0.9086318027775931,0.488235294117647,0.7394237872445211,0.1688085275951384,0.3853968253968254,0.8274354552740875,0.4441827310481621,0.8548209703042894,0.3281853281853282,0.7055508593970132,0.4931506849315068,0.8237791932059448,0.5064591674850797,0.8049261083743842,0.610282383958926,0.2973977695167286,0.3892833886322057,0.3351457051557209,0.7545738509593931,0.2671245421245421,0.3878035841963235,0.5188145188145188,1.0,0.7485507246376811,0.922773146116718,0.8195798949737434
align-dinov2+500m-things+hyp-abl20cat-7-random,0.7544245914133287,0.8020117427518092,0.4728682170542636,0.4927536231884058,0.2862745098039215,0.4900662251655629,0.4497041420118343,0.752622061482821,0.4360189573459715,0.3205574912891986,0.6068913857677902,0.6988344988344988,1.0,0.7485565282175453,0.3972602739726027,0.326771653543307,0.74118722979714,0.6500297088532383,0.4693877551020408,0.4507772020725388,0.430939226519337,0.61875,0.1968503937007874,0.4705882352941176,0.7330128205128206,0.2801204819277108,0.3594553065225454,0.8926755168086652,0.4941860465116279,0.4357962697274031,0.1785437043937277,0.3178294573643411,0.2852112676056338,0.3524229074889868,0.924738675958188,0.3281853281853282,0.5373376623376623,0.475177304964539,0.6731113498030792,0.3794642857142857,0.4801200300075018,0.3811526479750778,0.2973977695167286,0.3035714285714285,0.3292275868553429,0.6386808566548416,0.201058201058201,0.1796497584541063,0.3190545550847458,0.8136482939632546,0.2099230363002017,0.3805836807623585,0.660612731608879
align-dinov2+500m-things+hyp-abl20cat-local-shuffled-218,0.854460128758233,0.7049247049247049,0.49375,0.4970760233918128,0.411914866460321,0.4948453608247423,0.4545454545454545,0.9137529137529136,0.4228571428571429,0.2996108949416342,0.832012432012432,0.8121044303797469,0.4965034965034965,0.7678571428571428,0.7326923076923078,0.4982151963284038,0.8277777777777777,0.9718963831867058,1.0,0.4968553459119497,0.6313725490196078,0.6204514418828821,0.2225331641230896,0.7692949520233625,0.8569105691056911,0.400824446981866,0.9597297297297296,0.919496855345912,0.4840764331210191,0.7982987922364773,0.5697883896641661,0.433055758087417,0.9523166891587944,0.4279761904761905,0.8994789681026814,0.7603992251879577,0.7316893632683106,0.4936708860759494,0.8176100628930818,0.4499178981937602,0.4565217391304348,0.648936170212766,0.3550581294464688,0.8239845261121856,0.5252508361204014,0.8773678963110668,0.5493941855160827,0.5472275509271947,0.4375,0.896969696969697,0.6168328522697455,0.8837606837606837,0.7963507436873054
align-dinov2+500m-things+hyp-abl20cat-local-shuffled-42,0.92007992007992,0.6923225308641976,0.4452054794520548,1.0,0.2988929889298893,0.4948453608247423,0.4545454545454545,0.8961214515961318,0.4910852713178294,0.2996108949416342,0.8356893144854841,0.8971861471861472,0.4929577464788732,0.8303258820360895,0.8581632653061224,0.3195020746887966,0.821611253196931,0.9437927663734116,1.0,0.4838709677419355,0.5443398916452808,0.4497282608695652,0.2055837563451776,0.4697986577181208,0.7681864235055724,0.4072244519913553,0.9932873811776366,0.9598569905287588,0.4873417721518987,0.6472691161866931,0.3324958280989256,0.3231939163498099,0.7379951913354156,0.3811805171672501,0.9435564435564436,0.44375,0.75,0.4871794871794871,0.8623417721518987,0.4166453265044814,0.5340259740259741,0.520371086200232,0.2950191570881226,0.8727620900331317,0.5439424031777558,0.7489795918367347,0.2385428907168037,0.2375846254640751,0.5236844409421242,0.4910179640718562,0.771186440677966,0.9672365270718696,0.8760852407261247
align-dinov2+500m-things+hyp-abl20cat-local-shuffled-7,0.9093146780671072,0.7078480515013023,0.4873417721518987,0.4970760233918128,0.2988929889298893,0.4895833333333333,0.6666666666666666,0.9660930658792384,0.4161849710982659,0.4787176724137931,0.8828417116742833,0.8925339366515836,0.4965034965034965,0.8135963367382881,0.4597045866804872,0.467719298245614,0.8548387096774193,0.9861861861861864,1.0,0.4904458598726114,0.6928104575163399,0.4497282608695652,0.3593567251461988,0.6580086580086579,0.8603174603174604,0.3164313222079589,1.0,0.9033962264150944,0.49375,0.7681241988320753,0.5469448584202683,0.4529311326124074,0.9855792122984832,0.5866666666666667,0.9415113871635612,0.6511364027094866,0.8422077922077922,1.0,0.9704584040747029,0.5323383084577114,0.8064487554256357,0.6992763334226748,0.4359589497534319,0.883599817268159,0.8485398149827681,0.9442581346868486,0.8125,0.5268405251601918,0.5487334242520965,0.4910179640718562,0.7684968690370609,0.9804796663190825,0.8823676323676324
align-dinov2+500m-things+hyp-abl20cat-shuffled-218,0.3421242581404052,0.3875457875457875,0.4679487179487179,0.4941860465116279,0.3457332652018395,0.4915254237288136,0.4486486486486487,0.4831746031746032,0.4411764705882353,0.2714932126696832,0.5479110860472767,0.5772373928642616,0.4967741935483871,0.5190274841437632,0.3967391304347826,0.3089430894308943,0.5622367035281728,0.4135338345864661,0.436046511627907,0.4563758389261745,0.5961538461538461,0.4044444444444444,0.1922077922077922,0.46,0.4777489177489177,0.2585034013605442,0.3736263736263736,0.4350815850815851,0.4888888888888889,0.3304721030042918,0.1813597781326161,0.3206106870229007,0.3152866242038216,0.3163265306122449,0.4251497005988024,0.3137447347973663,0.5995910020449897,0.4777777777777778,0.6013888888888889,0.3469387755102041,0.3842105263157894,0.3876651982378855,0.2918149466192171,0.2840909090909091,0.3345588235294117,0.4748956469886702,0.2131979695431472,0.1407568367276173,0.3124979075295456,0.4328358208955223,0.1784037558685446,0.3451327433628318,0.383399209486166
align-dinov2+500m-things+hyp-abl20cat-shuffled-42,0.4654081167350661,0.3927144535840188,0.461038961038961,0.4790419161676646,0.3263888888888889,0.4915254237288136,0.5032467532467533,0.5469961240310077,0.4775207333042339,0.2714932126696832,0.4926641985465514,0.561780796076212,0.4834437086092715,0.6908033826638478,0.3798882681564245,0.3061224489795918,0.6136758500868702,0.4849267872523686,0.4581005586592179,0.4807692307692308,0.6653862569355526,0.4044444444444444,0.1922077922077922,0.7428571428571429,0.4189944134078212,0.2585034013605442,0.4385199705954422,0.491975419127737,0.480225988700565,0.3246753246753247,0.1615890020395345,0.3206106870229007,0.3152866242038216,0.3163265306122449,0.4761904761904762,0.3024193548387097,0.4539877300613497,0.4777777777777778,0.4459459459459459,0.3651113913408995,0.4808283081124133,0.3876651982378855,0.2892857142857143,0.433291940515492,0.3821054302953318,0.4436193619361936,0.2131979695431472,0.1738494623655914,0.3450039339103068,0.6507352941176471,0.2637483722327958,0.3638432364096081,0.4747474747474747
align-dinov2+500m-things+hyp-abl20cat-shuffled-7,0.4165003136941766,0.3448275862068966,0.461038961038961,0.4727272727272727,0.3263888888888889,0.4827586206896552,0.4204545454545454,0.607318161535029,0.4411764705882353,0.2714932126696832,0.4561899378179762,0.5110274341043571,0.4834437086092715,0.5642274365947758,0.3833333333333333,0.3207303974221267,0.635501133786848,0.4583333333333333,0.436046511627907,0.4705882352941176,0.4766355140186916,0.4044444444444444,0.1922077922077922,0.5308880308880309,0.4374577417173766,0.2585034013605442,0.4278651685393259,0.5333722627737226,0.4888888888888889,0.3275862068965517,0.1746913580246913,0.3206106870229007,0.3152866242038216,0.3163265306122449,0.4285714285714285,0.3024193548387097,0.6423090975520643,0.4748603351955307,0.4383561643835616,0.3469387755102041,0.4401913875598086,0.3876651982378855,0.2918149466192171,0.3223598435462842,0.3345588235294117,0.4981255857544517,0.2131979695431472,0.1377465749859761,0.3093333333333333,0.4242424242424242,0.1924841859712751,0.3480176211453744,0.4804680468046804
align-dinov2+500m-things+hyp-abl30-218,0.9770724184768732,0.8598155467720685,1.0,0.8529980657640233,0.9216572504708098,0.903773002981392,0.9098428453267162,0.8713235294117647,0.6873563218390805,0.7047047047047047,0.9417502787068004,0.9561790668348044,0.972837552742616,0.9239515096754762,0.6481323950197201,0.828459310473699,0.7932105668629936,0.9768287142208087,0.964280285757714,0.9828681956341532,0.8541353383458646,0.7126777983920841,0.7901241939336041,0.9367167919799498,0.9401893287435455,0.8133874239350912,0.99062114356232,0.9486659849400392,0.92991452991453,0.7749554367201426,0.9849050106181484,0.7272386661671038,0.9437611689267318,0.7107843137254902,0.9181474263441476,0.8475033738191633,0.9053926206244088,0.7626262626262625,0.9518939065614976,0.7369565217391304,0.6342857142857142,0.8426356589147287,0.7466755319148937,0.936617458279846,0.745126128931797,0.8867276887871853,0.7920454545454545,0.8841958041958042,0.8080796900940785,0.9915966386554622,0.9410009494100094,0.9033101045296168,0.8936054421768707
align-dinov2+500m-things+hyp-abl30-218-random,0.863939393939394,0.7619439416378695,0.8767150526943726,0.4864864864864865,0.8792102206736353,0.8194444444444444,0.724469160768453,0.797979797979798,0.521340782122905,0.6676056338028169,0.8086080586080586,0.9188299623082232,1.0,0.8702569169960475,0.7878078205947059,0.7463796477495108,0.7848894108436093,0.9181474263441476,0.8723340040241448,0.8709677419354839,0.7471135940409683,0.7878385848535102,0.7965764212903801,0.7964916439492711,0.8475208424747697,0.7754082720691398,0.861842105263158,0.8658041060735671,0.8067253299811439,0.6124869201255668,0.9352278109311356,0.7012613962782566,0.8580901856763926,0.5377197388247112,0.803921568627451,0.7847619047619048,0.5907738095238095,0.7348597975775676,0.9332760841562902,0.6087987355110642,0.6581196581196581,0.627807486631016,0.5743016759776536,0.6506802721088436,0.508720718090929,0.6545454545454545,0.7359307359307359,0.8786831417955586,0.6386395843174303,0.8079518779342723,0.8771640837731536,0.7327777777777778,0.8010503552672228
align-dinov2+500m-things+hyp-abl30-42,0.9726663961038962,0.8752031880866237,1.0,0.9409479409479408,0.9409090909090908,0.926128868594622,0.8798500881834215,0.8634426818625186,0.8706404565630945,0.7781954887218046,0.940927077444884,0.948781386534716,0.972837552742616,0.9047051520794538,0.7802197802197802,0.8595317725752508,0.8386869997836903,1.0,0.9571862348178136,0.9490131578947368,0.8388168826852775,0.7626468769325911,0.7928453559641679,0.957347972972973,0.9325133516750284,0.7672579238150625,0.99062114356232,0.913694192590984,0.9571279191355871,0.7813852813852814,0.9896749371859296,0.7898989898989899,0.9437611689267318,0.69212775528565,0.8947609767281899,0.8376436781609196,0.9871646771916314,0.8481867567170753,0.9714040360669816,0.5718918918918918,0.6743660151833306,0.889943074003795,0.7200961731116009,0.9429808733309276,0.7818181818181817,0.9197297297297298,0.8360606784519828,0.9115115115115116,0.8712121212121212,0.9915966386554622,0.92371252234326,0.9226480836236934,0.919242196241849
align-dinov2+500m-things+hyp-abl30-42-random,0.8732891209256385,0.7521326251408338,0.9086709072648144,0.4864864864864865,0.8905786704925873,0.7743055555555556,0.8030713640469738,0.7904516129032257,0.586038961038961,0.6936059720869847,0.8606666666666667,0.9188299623082232,0.9559138250820374,0.8551541675938976,0.6813725490196079,0.6526610644257703,0.7783339750994738,0.9165400350672122,0.8624813921256609,0.8753947746195808,0.6748603351955307,0.6196597844435787,0.7584283000949668,0.75293542074364,0.8002873563218391,0.683027079303675,0.8782051282051282,0.8673361522198731,0.8228606078981278,0.7158008658008658,0.9035357981220656,0.6840506329113925,0.709764918625678,0.6427195155518854,0.782051282051282,0.8644345075798887,0.6456413890857547,0.7653795331082073,0.7567567567567568,0.66013986013986,0.7473684210526316,0.7432275745757352,0.6168103448275861,0.6542366946778712,0.5996691480562448,0.6743421052631579,0.6839569762157249,0.8473838126696261,0.7607675906183369,0.8373966199208918,0.8685439560439561,0.6866935483870967,0.8316486580690136
align-dinov2+500m-things+hyp-abl30-7,0.9858693941778128,0.8203208556149733,1.0,1.0,0.970827489481066,0.8907563025210083,0.9203299571890988,0.8187561493449329,0.5592048401037165,0.7906348839003317,0.9175733673587751,0.9485756566777654,0.972837552742616,0.9293353323338333,0.5666666666666667,0.8149980966882375,0.8400385515627151,1.0,0.9572727272727272,0.9660087719298246,0.8388168826852775,0.8370967741935484,0.9140574189352412,0.8874777183600713,0.9556194125159644,0.8397389813637117,0.981329839502129,0.8926432848588537,0.9567784102888468,0.796219602845917,0.9896749371859296,0.7791932059447984,0.919747133826208,0.7834501167834501,0.8926943308007014,0.8783376399655469,0.9177631578947368,0.8936651583710407,0.9226480836236934,0.8308077930955908,0.7752458248790386,0.797431946584489,0.7930922124470512,0.936617458279846,0.7544642857142857,0.8744539946456249,0.7464457831325302,0.93043836180284,0.8080796900940785,0.9747899159663864,0.9410009494100094,0.9033101045296168,0.8878482972136224
align-dinov2+500m-things+hyp-abl30-7-random,0.9007515473032714,0.783570552801322,0.9248332996564964,0.4829931972789115,0.8897349397590362,0.8470588235294118,0.7595588235294117,0.6790873713950637,0.521340782122905,0.6596153846153847,0.7591769547325102,0.8767794754132554,0.9004830917874396,0.83001683001683,0.5609193508526238,0.6687466948704389,0.7440560101435694,0.9181474263441476,0.9212090424180848,0.9203255515099592,0.5912921348314606,0.6127396413110698,0.8382058970514743,0.7725494844138912,0.7644969120620866,0.6837652035959809,0.8740973579135163,0.8941452591818398,0.6676492262343405,0.7028440666884603,0.8875504247764578,0.6395841355410089,0.7679917398038203,0.6643728782457106,0.8709514170040487,0.8575630252100841,0.75,0.7626262626262625,0.8329645038505797,0.66013986013986,0.6081632653061224,0.7827715355805243,0.6168103448275861,0.8063725490196079,0.5324675324675325,0.5028694404591104,0.734846655397247,0.8675087108013937,0.7667359667359668,0.8982905982905982,0.881033775468344,0.8378378378378378,0.844696531234325
align-dinov2+500m-things+hyp-abl30-local-shuffled-218,0.9356040186228866,0.7767770204479065,0.9614823460752846,0.8968152866242038,0.838398813936249,0.97953216374269,0.934567448680352,0.8784163473818647,0.7083956419568469,0.648876404494382,0.8279575554911924,0.8920668549905838,0.9487179487179488,0.9355290303566166,0.5098622261869362,0.846924703502804,0.8603139950367976,0.9754761904761904,0.9144146819504662,0.94994944388271,0.8070124601564764,0.6709486166007905,0.8635693215339233,0.8567251461988304,0.9527295285359804,0.8197603325996576,0.9910775566231984,0.9278551331072794,0.961384335154827,0.8183783783783785,0.9539605432735204,0.83125,1.0,0.8248069498069499,0.9757326007326008,0.8620649244111098,0.887980475899939,0.8745126705653021,0.8742985409652075,0.8447071003364679,0.8180854821617802,0.7589274035317201,0.7511111111111111,0.8994343180389692,0.8738953904943874,0.870758673274876,0.8675862068965517,0.8958333333333334,0.8033126293995859,0.935500515995872,0.8727734445855251,0.9064856711915537,0.8367271380970012
align-dinov2+500m-things+hyp-abl30-local-shuffled-42,0.9715299715299716,0.7940251572327044,0.992350043465662,0.8968152866242038,0.901268115942029,0.9792207792207792,0.8535176593125651,0.9214245624776776,0.6807017543859649,0.7001006114077857,0.8646972245584525,0.9305039787798408,0.9663793103448276,0.9365942028985508,0.4433922558922559,0.8002273373117363,0.8635615310742215,0.987872365477452,1.0,0.983479349186483,0.8932178932178932,0.6394699233467585,0.765346154980679,0.9097986577181209,0.93681592039801,0.8788207632483269,1.0,0.9103557085484796,0.91162575266327,0.8247261345852894,0.9697585371571462,0.7874754022456303,0.9791965566714492,0.8465440710209258,0.8725961538461539,0.8326717189943462,0.8237037037037036,0.8856825749167592,0.8296196868008949,0.8768809849521204,0.8773809523809524,0.8136765270841337,0.7473684210526317,0.912005028284098,0.9617502173283108,0.8751105216622458,0.910813823857302,0.9053455019556716,0.878691983122363,0.951625386996904,0.8792654713707345,0.945993031358885,0.8842680498309637
align-dinov2+500m-things+hyp-abl30-local-shuffled-7,0.926070601851852,0.7533885542168675,0.9846225535880708,0.8269230769230769,0.980944055944056,0.9690693178679922,0.8598901098901099,0.949874686716792,0.6201298701298701,0.7194489590588964,0.8891879647149749,0.9147589470570836,0.9652096342551292,0.9178967122595548,0.3827363347573666,0.7581699346405228,0.8587724063009234,0.9650650084793668,0.961509079156138,0.975099037917374,0.7282741738066095,0.6902325581395349,0.7751993124092351,0.9315582714971627,0.9365317341329336,0.8967214086678129,1.0,0.9364837398373984,0.9014136904761904,0.8819810326659642,0.9645458293252712,0.7228400342172797,0.9896861385258292,0.8305740878016638,0.9178021491082308,0.8369858197585843,0.8852930151193303,0.8528571428571429,0.9625668449197862,0.7132616487455197,0.7524351676154333,0.7540567951318458,0.6977777777777778,0.9562072336265884,0.8909090909090909,0.8306693306693307,0.8925368416893841,0.890102285751357,0.8804573804573805,0.9353002070393376,0.908872639965077,0.954728002920774,0.8090909090909091
align-dinov2+500m-things+hyp-abl30-shuffled-218,0.5896363051174767,0.4144444444444444,0.4757519950890116,0.4791666666666667,0.3949260042283298,0.6157675505435335,0.578427159432746,0.329390243902439,0.4277456647398844,0.3548219661579985,0.5180829641562625,0.5970695970695971,0.6403596403596403,0.4467481449148843,0.4875816993464052,0.5042735042735043,0.5241125052030683,0.4187922389361238,0.5574750830564784,0.3767554479418886,0.4702970297029702,0.4136125654450261,0.4080357142857143,0.4350830564784053,0.4867834867834868,0.4852320675105485,0.6947117361625134,0.452744708994709,0.4168447293447293,0.3815250429496498,0.5528555951091162,0.3922651933701657,0.4824753559693319,0.3583815028901734,0.5934959349593496,0.5143622200584226,0.4142011834319526,0.3876404494382022,0.4781124497991967,0.3849206349206349,0.3924050632911392,0.448876404494382,0.3697916666666667,0.504421030338328,0.4162826420890937,0.4903350515463917,0.4588815789473684,0.4326829698949412,0.4321862348178137,0.5005065856129687,0.5573551110043578,0.3804347826086957,0.4743321718931475
align-dinov2+500m-things+hyp-abl30-shuffled-42,0.5541233152242915,0.3529411764705882,0.5300546448087431,0.4863013698630137,0.5138888888888888,0.5661891699685055,0.4773017902813299,0.4007684694649822,0.4277456647398844,0.466543513957307,0.4917169314416787,0.6067226890756303,0.6296296296296295,0.532102834541859,0.3636363636363636,0.474227890797934,0.555628094626811,0.5007007007007007,0.5546296296296296,0.5712753597283046,0.4676616915422885,0.4136125654450261,0.4510493904737966,0.4101731601731602,0.4396135265700483,0.384282624369142,0.5775577557755776,0.425016393442623,0.4907031778228533,0.3619631901840491,0.5212683946345057,0.6222527472527473,0.5267762460233298,0.3620689655172414,0.6186370419499254,0.4432661717921527,0.45,0.3977900552486187,0.5650990331362058,0.3541666666666667,0.5954424847822695,0.458187134502924,0.46402183318911,0.461817370446812,0.4126157407407407,0.543605086013463,0.496037296037296,0.5106890089696705,0.6085287846481876,0.5005065856129687,0.566012002182215,0.4620224719101123,0.4790755490078725
align-dinov2+500m-things+hyp-abl30-shuffled-7,0.5487275770169258,0.3398058252427184,0.5399456283434184,0.4827586206896552,0.5446701702094282,0.6157675505435335,0.5101123595505618,0.3619909502262444,0.4639376218323586,0.3961173519467771,0.5012919896640826,0.5783783783783785,0.673202614379085,0.5678556352891515,0.4078160919540229,0.5114535182331792,0.5841678892645277,0.3857142857142857,0.601078167115903,0.5172543135783946,0.4595959595959596,0.4105263157894737,0.458383187605461,0.3876404494382022,0.4652837798905214,0.4493525712171661,0.6380090497737556,0.4263779593337009,0.4907031778228533,0.4470886075949367,0.5558669428536616,0.4602272727272727,0.5800000000000001,0.3620689655172414,0.4901960784313725,0.4804318488529014,0.4318507890961263,0.4442607137935786,0.4700621659941105,0.3586206896551724,0.5282555282555282,0.4263157894736842,0.4309955525145398,0.535982814178303,0.5485036119711042,0.4145077720207253,0.5765765765765766,0.482977207977208,0.4624505928853755,0.4884936571683559,0.5049342105263158,0.46710751339642,0.497695011182619
align-dinov2+500m-things+hyp-abl30cat-218,0.8549810844892812,0.3613762199194261,0.966233950485919,0.4556451612903225,0.4452356557377049,0.924195662283854,0.9645207439198856,0.3102941176470588,0.8124886877828055,0.3470632417004657,0.5969624391727494,0.9302884615384616,0.6678111587982833,0.8881819934451514,0.392226148409894,0.6405905205905206,0.4508664686546881,0.9173745864258248,0.9101109269412216,0.9219620958751392,0.8094298245614036,0.7168949771689497,0.6741390194290524,0.9618589743589744,0.6232068405059713,0.4439529887526854,0.9774963108706344,0.934143222506394,0.7875992922486165,0.5324043766950342,0.937464669304692,0.7222031689416284,0.4795918367346938,0.4133271442570529,0.4790583082398029,0.5570976630268395,0.8903508771929824,0.5284774436090225,0.6912008281573498,0.7372738632042157,0.459366391184573,0.3809523809523809,0.4653386028626362,0.4933748840307348,0.6254765037276928,0.8701600643834392,0.315168064368799,0.5539082224940785,0.8070124601564764,0.9253685503685504,0.9483213881554132,0.4975124378109453,0.859717868338558
align-dinov2+500m-things+hyp-abl30cat-218-random,0.6418413233120939,0.3422405585528404,0.4368617683686177,0.4489795918367347,0.5713812677388836,0.763768115942029,0.5980267794221282,0.3020527859237537,0.445692883895131,0.3385579937304075,0.1946745447875031,0.4573099415204678,0.7013888888888888,0.6538256701579975,0.392226148409894,0.3552631578947368,0.347573602963043,0.6308161708619374,0.4279838845056236,0.7495527728085868,0.4245337995337995,0.5904628330995793,0.640264877880977,0.8008701472556894,0.3242506811989101,0.3193069306930693,0.3645833333333333,0.8060959211116091,0.391304347826087,0.3506493506493506,0.8342294217628083,0.5463816020817216,0.4574468085106383,0.3772241992882562,0.410495229441163,0.6749226006191951,0.7163778877887789,0.3799283154121863,0.6478902623480937,0.529893924783028,0.3669354838709677,0.4511111111111111,0.3315332635924114,0.3400576368876081,0.3555665349143609,0.5696320447135538,0.2339449541284403,0.2245329941034477,0.6626396170503761,0.3586117239205799,0.6534226190476191,0.4656084656084656,0.7030736705155309
align-dinov2+500m-things+hyp-abl30cat-42,0.8944173828772538,0.4705645242557994,0.99577136968534,0.4578313253012048,0.5504367596027282,0.8937418513689701,0.8202898550724638,0.404544796642061,0.8835729099620968,0.6480268890825345,0.5975820379965457,0.8888627854048895,0.689731729879741,0.795278632021512,0.4097460535346602,0.7439544807965861,0.4443493948943629,0.9664378337147216,0.9233362331448456,0.933806146572104,0.6669146825396826,0.6280504156610351,0.673992673992674,0.9513292433537832,0.9032258064516128,0.5483456760630674,0.9831538249102458,0.8702049157064199,0.92195282863269,0.7745799585856203,0.9291613607422232,0.728049728049728,1.0,0.3976846057571965,0.7256871035940804,0.6036891608072322,0.9785518188057654,0.4297598493172186,0.7378400215459198,0.6626731342411314,0.5996532027743778,0.3809523809523809,0.6522281982328083,0.884055148777068,0.6130952380952381,0.9094028826355524,0.6346781423704501,0.670911663634526,0.8689284011172422,0.9257133152173912,0.90406162464986,0.4924623115577889,0.7342090234151912
align-dinov2+500m-things+hyp-abl30cat-42-random,0.6607722099313602,0.338480013724481,0.4759770386097349,0.4578313253012048,0.3343373493975903,0.6819955406911928,0.7327586206896552,0.3500158780565259,0.449814126394052,0.3364779874213836,0.2096420043145903,0.4815889992360581,0.7443294428539968,0.7459132906894101,0.392226148409894,0.3917710196779964,0.1083353769573134,0.6036036036036035,0.3791828108488905,0.6148678907299597,0.4060150375939849,0.4959723820483314,0.6628787878787878,0.8235003295978907,0.3242506811989101,0.3435241434945095,0.3623693379790941,0.8407216494845361,0.391304347826087,0.3506493506493506,0.8890977443609023,0.5714508337229235,0.423728813559322,0.381625441696113,0.3951048951048951,0.5703271202934351,0.7785547785547786,0.4996918408950836,0.5010503635873956,0.3929961089494163,0.3669354838709677,0.3809523809523809,0.3173076923076923,0.3419540229885057,0.3832939322301024,0.509090909090909,0.2426303854875283,0.1856645936544745,0.5424371463571136,0.3299400825161196,0.5865292602134707,0.4793814432989691,0.6615546218487396
align-dinov2+500m-things+hyp-abl30cat-7,0.8866271905156125,0.5689559013019982,0.9747023809523808,0.5318411097099622,0.473168999797119,0.892088712346905,0.9124293785310736,0.3677152736779961,0.7718564192909051,0.5664383561643835,0.4716261061946902,0.9152597402597402,0.689731729879741,0.7915181753385603,0.392226148409894,0.6284071484071484,0.3882502146041592,0.8937673254046321,0.8850314374241244,0.9105104556661492,0.8562184024266937,0.7245283018867925,0.6429124491433559,0.9297461415197774,0.7961465114749786,0.4028374270134633,0.9603810348560294,0.916463909164639,0.6450475123449106,0.5199351600735684,0.9177185767924192,0.7577639751552795,0.4925373134328358,0.381625441696113,0.6046303656597775,0.6347826086956522,0.9142072752230612,0.5772556390977444,0.753557142133779,0.5370322580645162,0.5007531380753139,0.3809523809523809,0.5675181109467826,0.8218680814568083,0.6085745513521137,0.8258751902587519,0.5853395228327756,0.6619793999104344,0.927927927927928,0.9748447204968944,0.8794165723626304,0.4975124378109453,0.7587601078167115
align-dinov2+500m-things+hyp-abl30cat-7-random,0.7630711473308305,0.3322943722943722,0.5756111590451538,0.4578313253012048,0.5624359937188502,0.7606461086637297,0.6885024154589372,0.3123927446508092,0.449814126394052,0.4032323232323233,0.3214062825046807,0.3847834689699075,0.5157657657657658,0.755050769391814,0.3900709219858156,0.3552631578947368,0.264684761562307,0.7399109684010801,0.4165839126117179,0.6386738137780426,0.4060542109081316,0.5266725611553198,0.5493511098503652,0.7244661692822227,0.3309212590191362,0.3596681096681097,0.5793103448275863,0.7837120159991111,0.4077689648159446,0.3506493506493506,0.8442614296272832,0.5644444444444445,0.4516129032258064,0.381625441696113,0.3865248226950354,0.6035117530444634,0.6905940594059405,0.654,0.5765911542610571,0.4461043746231661,0.399569081605171,0.3809523809523809,0.3270236264504403,0.3419540229885057,0.3795454545454545,0.5312024353120244,0.253060263653484,0.2256956193550066,0.5874992587321355,0.3539285714285714,0.7225856697819315,0.4924623115577889,0.6207754649090358
align-dinov2+500m-things+hyp-abl30cat-local-shuffled-218,0.8784839466605621,0.4157923319213641,0.8906211191990983,0.6897546897546898,0.7419117647058824,0.8600171758066495,0.738,0.4914962891059475,0.6302316131653799,0.4163970998326827,0.7091701411199738,0.9183285849952516,0.6119774011299435,0.8606606606606606,0.3898916967509025,0.5132211538461539,0.2830524972421102,0.8995096190116937,0.835083417728266,0.9576535925026032,0.5463816020817216,0.4781783681214421,0.6673430102492066,0.8945039590125756,0.5572821642025794,0.415625,0.7452819441807481,0.9399993340658608,0.9079694854731376,0.5842180774748924,0.9454831382142233,0.821875,0.4894514767932489,0.4016921837228042,0.7067662284117459,0.4618863049095607,0.8632100648112848,0.4693877551020408,0.8424159231297186,0.4889213933582534,0.3821428571428571,0.3693379790940767,0.6001930501930501,0.3567074027251018,0.3523093447905478,0.7112578462541779,0.5052259568388601,0.3555818852027382,0.7631359466221852,0.8814979058881498,0.7962648556876061,0.4939759036144578,0.7834828332817816
align-dinov2+500m-things+hyp-abl30cat-local-shuffled-42,0.8795490463116038,0.3327863247863248,0.991143254950495,0.4556962025316455,0.7525409130060293,0.905577623303542,0.7167130058696324,0.3912301762810387,0.7189465408805031,0.3944954128440367,0.7591305879097381,0.8565869927737632,0.6670329670329671,0.8515842552871227,0.3898916967509025,0.5320160451641658,0.4081554483168109,0.9092581238503984,0.532772435897436,0.9712399811409712,0.4023904382470119,0.460745152153388,0.5678124875430182,0.9006400669976671,0.303680981595092,0.4286083640359382,0.9881786941580756,0.9209083536090836,0.6517490717217119,0.3938775510204081,0.953026196928636,0.7497200816702891,0.4979253112033195,0.3877551020408163,0.7897569444444444,0.7422559906487434,0.8341744772891131,0.4077689648159446,0.8690328305235138,0.4125412541254125,0.4417925736235595,0.3693379790940767,0.3577981651376147,0.3662979103810481,0.6374230493915534,0.8221298221298221,0.2828755943510042,0.2543075088411876,0.8779342723004695,0.916971409574468,0.8629354654483152,1.0,0.8683786397335338
align-dinov2+500m-things+hyp-abl30cat-local-shuffled-7,0.9476110481697074,0.4261322906484197,0.8294862248696947,0.623519313304721,0.7578056170359069,0.8902356902356903,0.738,0.5894526675497705,0.4420600858369098,0.3539346856567401,0.7487653250773993,0.8170350811014712,0.6670329670329671,0.8695163104611923,0.3898916967509025,0.4351539225422045,0.1342009131936464,0.932477351235091,0.886456400742115,0.9712399811409712,0.6503496503496503,0.43927304964539,0.5707284323598523,0.897972972972973,0.3377564464520987,0.3280541455160744,0.9582741292670248,0.916790862239616,0.7483552631578947,0.3368421052631579,0.946160483175151,0.5824175824175823,0.4979253112033195,0.4016921837228042,0.5658386683738796,0.689266421357551,0.8457411133467472,0.7222461357855605,0.9114875243907502,0.4125412541254125,0.4772904483430799,0.3693379790940767,0.4100688583447204,0.6652763295099061,0.4445979552362531,0.8143939393939394,0.4813615639483844,0.4287259420993045,0.730663856691254,0.8192918192918193,0.8494773519163763,0.4919354838709677,0.8797416162726772
align-dinov2+500m-things+hyp-abl30cat-shuffled-218,0.643743436688222,0.3223140495867768,0.5626036484245439,0.4362139917695473,0.3655913978494624,0.5686913623750165,0.3875598086124402,0.3177898875629441,0.4492753623188406,0.3136531365313653,0.1997928544558276,0.3892229783193544,0.4505494505494505,0.5059448520111308,0.388235294117647,0.3512658227848101,0.123959240856159,0.570856102003643,0.3705477150537634,0.7047146401985112,0.4163822525597269,0.4139194139194139,0.4799982357870594,0.4811837778589697,0.3081395348837209,0.3060109289617486,0.4489719626168224,0.5036429872495446,0.3853820598006645,0.312280701754386,0.628992628992629,0.4997258771929824,0.4410480349344978,0.3964300121016539,0.4260416666666666,0.5466666666666666,0.4739980916030534,0.4178006294047249,0.5777148615576563,0.3846153846153846,0.3684210526315789,0.3694029850746269,0.3264094955489614,0.3576162538026945,0.3908892525913802,0.4170212765957446,0.2680454916262776,0.1867656057964754,0.4518398649124041,0.3354161659857406,0.3999441223720053,0.4334975369458128,0.4467800899887514
align-dinov2+500m-things+hyp-abl30cat-shuffled-42,0.6352432857072715,0.3223140495867768,0.4071145100084007,0.4430894308943089,0.3638814016172507,0.4964803312629399,0.4181818181818181,0.3009118541033435,0.4492753623188406,0.3136531365313653,0.1997928544558276,0.3546985001530456,0.5726495726495726,0.5583484645140917,0.388235294117647,0.3512658227848101,0.0876558037739877,0.6041666666666667,0.3617147080561714,0.5855938416422287,0.4354154032747119,0.4139194139194139,0.3858644188826278,0.5988700564971752,0.3081395348837209,0.3060109289617486,0.3944954128440367,0.5273512150167338,0.3853820598006645,0.312280701754386,0.647460464296727,0.5129769750223742,0.4181818181818181,0.3666666666666666,0.3795918367346939,0.5617144698678698,0.4862253289473684,0.375,0.491417673235855,0.3846153846153846,0.3684210526315789,0.429054054054054,0.3264094955489614,0.3732113723287598,0.3575949367088608,0.4922893006575015,0.2532751091703056,0.222079222079222,0.5637464387464387,0.354848744070301,0.5333333333333333,0.481981981981982,0.5580965909090909
align-dinov2+500m-things+hyp-abl30cat-shuffled-7,0.6414358974358974,0.3223140495867768,0.4044354838709677,0.4453441295546558,0.3655913978494624,0.5141476880607315,0.437037037037037,0.3009118541033435,0.4452554744525547,0.3136531365313653,0.2146401446654611,0.4089254628896977,0.4565217391304347,0.5357894736842105,0.388235294117647,0.3512658227848101,0.0829887441929029,0.5513888888888889,0.3705477150537634,0.5994900560938297,0.4354154032747119,0.4139194139194139,0.4160081053698075,0.4132231404958678,0.3081395348837209,0.3060109289617486,0.3926380368098159,0.4732017523199396,0.3853820598006645,0.312280701754386,0.5744513744513745,0.4801563178462874,0.4506437768240343,0.3643122676579926,0.3795918367346939,0.4613587894790292,0.4410646387832699,0.5619347075035908,0.4405594405594406,0.3846153846153846,0.3684210526315789,0.3694029850746269,0.3451649316442995,0.3667756491664189,0.3555555555555555,0.581998474446987,0.2532751091703056,0.1824311784720074,0.4973048165536428,0.3405405405405405,0.483177219932559,0.4888888888888889,0.5276126408010012
align-dinov2+500m-things+hyp-abl40cat-218,0.6734998896041033,0.7545931758530183,1.0,0.4674796747967479,0.3583165254807046,0.9072477650063856,0.6460582524271845,0.7813765182186234,0.7025955299206921,0.4940029424232601,0.4584717607973422,0.8345918734268248,0.982518560022412,0.7541357962042017,0.6689024390243903,0.8546624239070282,0.8237396545487754,0.9171764705882351,0.825268817204301,0.935483870967742,0.8907006971523102,0.4,0.3183648954211419,0.8621821164889254,0.7094555695591965,0.5866656119395114,0.978483835005574,0.7111782477341391,0.8680461887686285,0.8035222894881673,0.9290324145962732,0.5612410656270306,0.9468111754980711,0.4356961440775802,0.7815447710184552,0.3953023488255872,0.900116144018583,0.8045812455261274,0.8627302069489273,0.6566017316017316,0.6369996819771933,0.3919308357348703,0.6224420767799763,0.895707401794684,0.6535428436911488,0.8397770811563915,0.6867169368759241,0.8858188545688546,0.7307009043927648,0.9383495881550356,0.7769466474405191,0.9229555190517602,0.8430873621713316
align-dinov2+500m-things+hyp-abl40cat-218-random,0.1282932091755621,0.6507883055257921,0.6311111111111112,0.4922480620155038,0.4897273612463486,0.7175269427112876,0.3612523414503613,0.6112629852378348,0.4368600682593856,0.3541076487252124,0.2184453016179149,0.4607234198027037,0.711675848587169,0.7535127411288403,0.3986710963455149,0.5830765279917822,0.7710494079216006,0.375886524822695,0.6238297872340426,0.7805959123368629,0.4236760124610592,0.6504388430109387,0.2578616352201258,0.3868613138686131,0.3460761460761461,0.3340909090909091,0.3761431725007884,0.20350743006993,0.3974763406940063,0.7046932141405933,0.2149411535278894,0.371013090667231,0.3287671232876712,0.3815789473684211,0.4031746031746032,0.3732193732193732,0.4048442906574394,0.3986394557823129,0.3728340209457315,0.4035714285714286,0.3795620437956204,0.3984649122807017,0.3571984240507918,0.3535620052770448,0.4631707946336429,0.3979933110367893,0.2595744680851063,0.7581512744124461,0.3469222188419024,0.4063948100092678,0.6811394770892809,0.376271186440678,0.6145833333333333
align-dinov2+500m-things+hyp-abl40cat-42,0.4209500901204631,0.7880024616979238,0.987702655222607,0.4738955823293173,0.4660726186656135,0.8932750417898933,0.4068877551020408,0.8933143669985775,0.5155201342281879,0.3933588761174968,0.6248593542227829,0.6752987200748395,0.9765765765765766,0.822177298592393,0.5218199608610568,0.8108564093159729,0.8490219837285788,0.87109375,0.7167755991285403,0.9021739130434784,0.7866795812001292,0.4296296296296296,0.3359396914446003,0.9376114081996434,0.7094555695591965,0.5108648056923919,0.962423163574667,0.7859249764489676,0.8395335551298855,0.7724256292906179,0.3229092535735345,0.3749578026699401,0.8496317512274959,0.3915857605177993,0.8632640799418145,0.6333333333333333,0.9163830821584832,0.7242424242424242,0.806324248777079,0.768569844789357,0.3933823529411764,0.4315606893752076,0.4516666666666666,0.6828103061578017,0.3782654127481714,0.7663854639844256,0.3610311059907833,0.8920534884660445,0.6141935483870968,0.636595744680851,0.9298701298701298,0.7453379953379953,0.8276119124827612
align-dinov2+500m-things+hyp-abl40cat-42-random,0.1710138800817304,0.6970098689055826,0.6206012708922946,0.476,0.7665861513687601,0.6977126360204309,0.3617647058823529,0.5133381398702235,0.45,0.3522727272727273,0.3181021505605615,0.4770025839793281,0.6136950904392765,0.6022551840827971,0.3986710963455149,0.5802197802197802,0.7961454140898531,0.3931034482758621,0.5486111111111112,0.5087601078167115,0.5541169216972143,0.4378524436090225,0.303094731868651,0.3868613138686131,0.3375314861460957,0.3340909090909091,0.403166618562652,0.1977671160406443,0.3974763406940063,0.7295454545454545,0.2077464788732394,0.3577712609970674,0.332425068119891,0.3876221498371335,0.4050632911392405,0.3732193732193732,0.4027777777777778,0.3892617449664429,0.3260540078983883,0.4182658813097726,0.3795620437956204,0.3884057971014493,0.3472222222222222,0.3552631578947368,0.3793328523824246,0.3979933110367893,0.2595744680851063,0.7919003115264798,0.3753031331845959,0.4134615384615384,0.6799431009957326,0.376271186440678,0.6540996168582376
align-dinov2+500m-things+hyp-abl40cat-7,0.3283493499152063,0.8034448852270031,0.9795044253710116,0.4822134387351778,0.6805368831684041,0.8648150529338648,0.3959129982562941,0.8480212968849332,0.7115384615384616,0.3751729751729751,0.5315719681916865,0.7228420111424445,0.9711423735397764,0.8946733024539273,0.3986710963455149,0.8239007092198581,0.8406667333844837,0.7910093299406277,0.7015610651974289,0.8720103425985779,0.7926724137931035,0.4117831008818562,0.2770635598938419,0.7816764132553606,0.3710421090895177,0.3675527177768721,0.9838290741516548,0.5830395683453238,0.5838779956427015,0.7931095302486919,0.941112322791712,0.3633720930232558,0.8755587159691183,0.3915857605177993,0.8367091686064692,0.5875,0.8794475365903938,0.5213840830449827,0.8284459260030904,0.7711788329789747,0.4423280423280423,0.3919308357348703,0.3490304709141274,0.5867625840801479,0.4601063829787234,0.7347480106100797,0.4263468013468013,0.8936906412033472,0.5124786324786325,0.771795874640774,0.9442333113020488,0.3933596470861388,0.907094311828317
align-dinov2+500m-things+hyp-abl40cat-7-random,0.11,0.6265151515151515,0.5718057414844564,0.490272373540856,0.6721155509427434,0.7069209039548023,0.4852382177255709,0.5866562925500876,0.4554455445544554,0.3690932311621967,0.3135571325226498,0.4158233812782919,0.6050825178910472,0.6352755194218609,0.3986710963455149,0.6156941649899397,0.7742753623188405,0.3846153846153846,0.566146041916967,0.6460905349794239,0.3918918918918919,0.6007549361207898,0.2578616352201258,0.3868613138686131,0.3375314861460957,0.3340909090909091,0.4406650396583282,0.1802457813646368,0.4096103409516673,0.6672614732615848,0.2295168067226891,0.3539823008849557,0.3488060558378872,0.3915857605177993,0.3856209150326797,0.3732193732193732,0.4027777777777778,0.3892617449664429,0.3258741258741259,0.4035714285714286,0.3858317189381642,0.3919308357348703,0.3454038997214484,0.3552631578947368,0.4427450980392157,0.4086049543676662,0.2548179871520342,0.7416860015467903,0.3352601156069364,0.3647337278106509,0.7518241982012557,0.3864455659697188,0.5168566001899335
align-dinov2+500m-things+hyp-abl40cat-local-shuffled-218,0.5536801752464403,0.7951329937747595,0.95141065830721,0.4871794871794871,0.4186781609195402,0.9311011161086123,0.7823655913978494,0.901695286011156,0.481547619047619,0.3668645297454161,0.7981613508442776,0.8720757268424612,0.8978960396039604,0.7626694237572899,0.5102564102564102,0.8050948509485094,0.8786170322314901,0.8987206823027718,0.7981866042702545,0.92162471395881,0.7347214189319453,0.4628123016559921,0.4078346551309781,0.8833349928640181,0.5874062286883382,0.6717125274103417,0.934011934011934,0.3614864864864865,0.9344101169609802,0.8930235699331397,0.439795359035264,0.4873264666368114,0.9920554854981084,0.3975903614457831,0.9207907956571058,0.7327904531337881,0.8291639236339696,0.9205294117647058,0.7622493592642846,0.767427701674277,0.7248443689869836,0.3873873873873873,0.5975671343565422,0.7314814814814814,0.5139497872616844,0.911377520291393,0.6941070625281152,0.8985274835155506,0.6083803384367445,0.6300616405879564,0.828459310473699,0.6506265664160401,0.9020097811730268
align-dinov2+500m-things+hyp-abl40cat-local-shuffled-42,0.1689198014115203,0.6749496060106286,0.991916558018253,0.4957983193277311,0.4489209965731222,0.9289420334673402,0.6933402634968702,0.8456292215883008,0.4439834024896265,0.4752379337902307,0.676186790505676,0.8203995157384988,0.9739911727616646,0.8990709664866968,0.5689589099425165,0.8176693766937669,0.8410467257017205,0.7802390382391083,0.7981866042702545,0.9586227725762608,0.5914962636853386,0.4387639172915246,0.3301145374449339,0.8916861826697893,0.3374185136897001,0.573011782580847,0.9725587505473654,0.811264015294844,0.7571945873832666,0.8073271742593182,0.70621136949472,0.4776442307692308,0.948117764439447,0.5363156094409183,0.92008632246673,0.4425,0.827,0.8589584723413719,0.7307744289768887,0.9084576796498068,0.4090621809519179,0.3873873873873873,0.4745249505280977,0.8425712640368557,0.7829863467332592,0.5888223552894212,0.7174025974025975,0.9094861316407268,0.6113865344634576,0.6604364878305091,0.8403400166312482,0.5879988515647431,0.90302066772655
align-dinov2+500m-things+hyp-abl40cat-local-shuffled-7,0.1533454435361792,0.6905184372681228,0.7019230769230769,0.4545454545454545,0.4253385096108323,0.7808857808857809,0.4580498265865346,0.69493240136117,0.5120448179271709,0.3687314067148322,0.4326764636647947,0.4447729857405301,0.4998877413560844,0.8110499378400633,0.4049844236760124,0.6044763070466865,0.7813203745407136,0.4099378881987577,0.7346153846153847,0.8737094395280236,0.4987808504311626,0.5004195804195805,0.2780563611886627,0.3874172185430463,0.3202247191011236,0.3175,0.6584206848357792,0.2149943510803559,0.391304347826087,0.8467605633802817,0.1933701657458563,0.3595166163141994,0.3526180580212619,0.4173277755367307,0.4031746031746032,0.4931818181818181,0.4614463601532567,0.3949843260188088,0.3567738231917336,0.4194528875379939,0.3928571428571428,0.3996939616274964,0.3501400560224089,0.3537234042553192,0.3633540372670807,0.4284804657297494,0.2560175054704595,0.7911803877077888,0.406772828058859,0.3912301762810387,0.8390603085553997,0.4003744003744003,0.6474850940223207
align-dinov2+500m-things+hyp-abl40cat-shuffled-218,0.1285551763367463,0.4906926406926407,0.4173489450362414,0.4871794871794871,0.3697916666666667,0.5338794947334436,0.3721065580275654,0.4629842731108554,0.4910743984920723,0.3288135593220339,0.2334880561530623,0.3512650650490861,0.497971602434077,0.5370831259333001,0.4020618556701031,0.5840881642512077,0.5923339435441951,0.3849206349206349,0.4216812723141837,0.53125,0.425531914893617,0.4103448275862069,0.2418300653594771,0.3923611111111111,0.3272251308900523,0.3170103092783505,0.4103896103896104,0.2291760371822056,0.3994169096209912,0.4409005628517823,0.2287890327494288,0.3617647058823529,0.3656174334140435,0.3754266211604095,0.5059646007878822,0.3515151515151515,0.4111842105263157,0.3878787878787879,0.3895297640014089,0.3906810035842294,0.3819522209779768,0.3878205128205128,0.3448275862068966,0.3333333333333333,0.3725490196078431,0.4555555555555556,0.2674897119341564,0.5693542934415146,0.3689250180784479,0.3524283935242839,0.5863725315780111,0.3910447761194029,0.5608445777111444
align-dinov2+500m-things+hyp-abl40cat-shuffled-42,0.1302306465207972,0.515249630251429,0.3782191904318298,0.497907949790795,0.3697916666666667,0.4761320874381633,0.3614130434782608,0.3978494623655914,0.4551282051282051,0.3288135593220339,0.2304518913429804,0.3593883427663588,0.497971602434077,0.5304347826086957,0.4020618556701031,0.5452517139264127,0.5025326579578779,0.3849206349206349,0.4656923076923077,0.4928411247196825,0.425531914893617,0.4631578947368421,0.2418300653594771,0.3923611111111111,0.3272251308900523,0.3306762203313927,0.4257440476190476,0.2169950738916256,0.3976608187134502,0.4237075774908754,0.20634481401541,0.3617647058823529,0.3578431372549019,0.3971688034188034,0.3935018050541516,0.3626845967271499,0.4650574712643678,0.3878787878787879,0.3736673773987207,0.3928571428571428,0.3819522209779768,0.3878205128205128,0.3448275862068966,0.3333333333333333,0.3743016759776536,0.4329276693455797,0.2674897119341564,0.5709877328178913,0.375650672258542,0.3524283935242839,0.6079518453983843,0.3910447761194029,0.4790917804936496
align-dinov2+500m-things+hyp-abl40cat-shuffled-7,0.1285551763367463,0.420458375463431,0.398087942757044,0.4713656387665198,0.3697916666666667,0.4786851566512583,0.3806914546640574,0.4063653250773993,0.4551282051282051,0.3288135593220339,0.2334880561530623,0.3593883427663588,0.5149790480955657,0.5879336184020569,0.4020618556701031,0.4658872874927491,0.462782946410457,0.3849206349206349,0.4015608804341198,0.5040671739700866,0.4446842957366432,0.4103448275862069,0.2418300653594771,0.3881118881118881,0.3272251308900523,0.3170103092783505,0.4387725421756835,0.1909599088976354,0.3958944281524926,0.5386467889908257,0.1957364341085271,0.3617647058823529,0.4210003446667883,0.3775510204081632,0.3935018050541516,0.3626845967271499,0.4111842105263157,0.4143532308669923,0.3736673773987207,0.3928571428571428,0.4711505039972193,0.3878205128205128,0.3448275862068966,0.3333333333333333,0.3725490196078431,0.4459550410553237,0.2758143697957634,0.4922235601043547,0.3689250180784479,0.3816216216216216,0.5183922625654035,0.3892215568862275,0.4160626607435118
align-dinov2+500m-things+hyp-abl50-218,0.95298608201834,0.7903622181857036,0.9888956310679612,0.7982142857142858,0.7129498106060606,0.9587015537457402,0.9354703540750052,0.8120171673819743,0.4908424908424909,0.6059512765007045,0.8729756696599893,0.7656470792843322,0.988303594296935,0.9142698795737164,0.8004708097928437,0.8636363636363636,0.8113408541327112,0.9303861788617886,0.9440181869849388,0.9707021712946384,0.8453716690042076,0.7324533390107161,0.6819748276895414,0.7308662741799832,0.89324374766704,0.7322046374677953,0.981355229952164,0.8764144144144144,0.9447811447811448,0.8114449101092789,0.9458521870286576,0.6146053558844257,0.9347547974413646,0.8314062105528907,0.8697968697968699,0.7279527391729355,0.8087989991659716,0.6747252747252748,0.8654443246069876,0.6125356125356125,0.7417095483133219,0.7455238095238095,0.7800552216988793,0.733359133126935,0.3799246317231929,0.7927667766776678,0.917865917865918,0.8397336293007769,0.8933684383741978,0.9126735333631886,0.9071452891677612,0.9436048221111436,0.8400297619047619
align-dinov2+500m-things+hyp-abl50-218-random,0.8222873900293255,0.695104895104895,0.8843619294075167,0.7805825242718447,0.8740259740259739,0.7849624060150375,0.8504208935894668,0.3499806426635695,0.4945454545454545,0.4964285714285714,0.7777646129541864,0.5650574712643678,0.9551114023591089,0.686171361048936,0.5588511460922397,0.7161697247706422,0.7807072088877834,0.7852518230763987,0.7484035759897829,0.8665850278753504,0.6527559055118111,0.7363451989649625,0.6322838580709644,0.4019218901525169,0.6488585305041166,0.6897445038621509,0.6327457264957265,0.7734404418225179,0.6440972222222222,0.7576833550321538,0.9052413273001508,0.5699854386603568,0.7898351648351649,0.6532848755940732,0.672264631043257,0.7152732060566163,0.6722268557130943,0.6945304437564499,0.7337138903303926,0.4308300395256917,0.5742001361470388,0.660569105691057,0.5622685185185186,0.599468954248366,0.3535714285714286,0.7261564820102798,0.8708514239458385,0.6646918538973264,0.6581723746145106,0.6491769823581537,0.8877348250814061,0.8419070756149408,0.753004595263344
align-dinov2+500m-things+hyp-abl50-42,0.9966920494554984,0.7729317642887219,0.9944553855476445,0.8654761904761905,0.6457114557216702,0.8557184402635172,0.9169004964385928,0.8303569559300743,0.8426469074817331,0.6232725262576009,0.9026394226998196,0.8946689148400258,0.9667717681300024,0.8903654485049834,0.7942015431377134,0.8898898898898899,0.7723102915748208,0.9567905128366871,0.9285195936139332,0.9529964747356052,0.9004065040650406,0.738430583501006,0.7728276138872165,0.9434878587196468,0.8936011904761905,0.8229942100909843,0.9875452898550724,0.8699099099099099,0.9059591548674518,0.8557448898628481,0.9632873146469576,0.6911188600456326,0.8717012775612885,0.9035779260157673,0.9157509157509156,0.7800381436745073,0.8991014120667522,0.8287037037037037,0.9143950263032042,0.8256769671870022,0.7738558392869774,0.8474487798512331,0.8361892583120205,0.9523166891587944,0.4642147520376302,0.7813779227086658,0.9098861198217528,0.8514292128105357,0.86743615142771,0.953846153846154,0.8834137914332305,0.855026455026455,0.8150027578599007
align-dinov2+500m-things+hyp-abl50-42-random,0.8220045855672995,0.6767976278724981,0.829296181506334,0.5699788583509514,0.8135178929444399,0.7532051282051282,0.8893372395113592,0.3700431477296075,0.514247311827957,0.3983420088683246,0.7770743534482758,0.6843615494978479,0.9397696298250242,0.7440351991290937,0.6525193798449612,0.638290098648155,0.744186343820713,0.8043974871502,0.8168804610522402,0.8579808582895956,0.8273702340875284,0.7355419936065097,0.6253073576697561,0.36318407960199,0.635402767966931,0.676672038678485,0.7855750487329435,0.7689763216728585,0.8015008472524813,0.7595364558184452,0.8691609554032552,0.5103916866506795,0.7437462855907937,0.7008040143696185,0.5772526257600885,0.5999507995079951,0.5813667649950836,0.7075098814229248,0.5886858518437466,0.6545727136431785,0.6322751322751322,0.7296190476190476,0.619376026272578,0.590907951783074,0.3872100313479624,0.656641604010025,0.8204603580562659,0.7084363298171761,0.5984344422700587,0.6985272179880115,0.7618089457712098,0.7065238558909446,0.7611111111111111
align-dinov2+500m-things+hyp-abl50-7,0.9500669481923988,0.7475648797765819,0.9888956310679612,0.8135313531353134,0.8427920753346188,0.9359031824294038,0.9268794513321024,0.8254321194831348,0.8085399449035813,0.6215556215556216,0.8643662387908936,0.9544852697782192,0.9775557011795544,0.8936946506714083,0.788342230558361,0.9061890838206628,0.808289638664083,0.9567905128366871,0.9333229191075008,0.958983039812494,0.9004065040650406,0.7183333333333333,0.7455035971223021,0.967967967967968,0.9224965067536096,0.8595405532114393,0.9685126521888476,0.8,0.9581845996940336,0.8314720812182741,0.968907878402956,0.776,0.9264705882352942,0.822039072039072,0.7962810144688341,0.8212809917355373,0.8660905120341975,0.7313302034428795,0.8852564102564102,0.8788461538461538,0.8771464646464646,0.7746288798920378,0.8788652482269503,0.9570415400202634,0.6131338443396226,0.8764309997918546,0.9263701482592036,0.8252474182444062,0.8159090909090909,0.9538412982299256,0.919103313840156,0.960796657700452,0.8597826086956522
align-dinov2+500m-things+hyp-abl50-7-random,0.8689162881245944,0.6606227106227106,0.8929000462036039,0.4768518518518518,0.8119894780562094,0.7812340642529322,0.7871869990603062,0.5264538093485462,0.5332722832722833,0.4544642857142857,0.7115869484612533,0.5858342007928949,0.8616161616161616,0.7205387205387206,0.5911992704058368,0.5514631416235809,0.7323336385836385,0.6863248456254769,0.8353187042842215,0.8400765445598688,0.608596424496006,0.7171863669325598,0.5636689920129411,0.36318407960199,0.7080701754385965,0.6889826535396155,0.6378499440089586,0.6508786413492157,0.5579514824797844,0.6565517241379311,0.8741884314593478,0.4621590472531693,0.7786480419057122,0.7705627705627706,0.6048488476504041,0.6433643318521233,0.6084239130434783,0.6672797874514613,0.7795566502463054,0.4279155998940584,0.5920335429769392,0.6821915064102564,0.6547169811320754,0.4113748320644873,0.450542085550956,0.4443215339233038,0.7820154529015289,0.6168180209930416,0.6777188328912467,0.7360298895386614,0.8622787610619469,0.6207750582750583,0.7345161499967505
align-dinov2+500m-things+hyp-abl50-local-shuffled-218,0.9467481835902888,0.6287878787878788,0.9602693602693602,0.7726708074534161,0.7772423025435073,0.9330376940133038,0.933739837398374,0.7132136156526401,0.7214791502753737,0.5780716582148421,0.8526821696170035,0.9285044293903076,0.9443965104016872,0.8426501035196687,0.7861026251747527,0.7943392165303487,0.839666916598233,0.8998022412656559,0.9445997330714412,0.9687559900325856,0.8553405324494814,0.5736871823828346,0.5703604523219281,0.8629541687200395,0.8697811243354114,0.8336681398151868,0.966511421601242,0.8903206472879832,0.961878540795256,0.8642005060850705,0.964384284438672,0.6979170946140256,0.9735843087630496,0.7375,0.8826906895015592,0.8022339800117577,0.8258928571428572,0.9234360410831,0.8676942634673447,0.815491452991453,0.7363636363636363,0.8038613426941641,0.7138535995160314,0.9557024633869762,0.6940104166666667,0.8780808600674788,0.8855747301883743,0.885771630524892,0.6293949952486537,0.9329879101899828,0.8634363232158251,0.932030932030932,0.8581769382485106
align-dinov2+500m-things+hyp-abl50-local-shuffled-42,0.9561109332254784,0.6459207459207459,0.9254011995461178,0.743157894736842,0.8100337562565476,0.9283114416838107,0.8988833746898264,0.5548808186099887,0.7177033492822966,0.545974025974026,0.8365980610298792,0.8561844863731656,0.9659057509552268,0.8848342404750124,0.7702702702702702,0.6938361947649874,0.8693602119777148,0.9491071428571428,0.9547454431175362,0.9623034227567068,0.8892889288928894,0.8028608730203781,0.6569681800998527,0.8282865754695108,0.8646709816612729,0.7967164404603027,0.986541889483066,0.8845671908963049,0.9444168734491316,0.8478260869565217,0.9705388618432096,0.7227833894500562,0.9334130781499204,0.5689814814814815,0.9223205506391348,0.7638344902470237,0.842741935483871,0.8602272727272727,0.8154943934760448,0.8585810416997828,0.7082494969818913,0.7202594299368492,0.8201087714405243,0.8957334436683135,0.7324731998861588,0.5988489208633093,0.8389367816091954,0.8296558704453442,0.8259562841530055,0.96387048713651,0.928514254048396,0.9074279379157428,0.8737373737373737
align-dinov2+500m-things+hyp-abl50-local-shuffled-7,0.9592910363513208,0.6144857109799837,0.9659702640348627,0.8419279606115575,0.7411856334062248,0.9418495901413876,0.9081125403577104,0.7583848044099091,0.5677655677655677,0.6603945273146794,0.8048411787217757,0.89272030651341,0.9443965104016872,0.914622403594846,0.722962962962963,0.8692687747035572,0.8866344498874619,0.8928319623971798,0.9443868651887056,0.9937892931987043,0.8995918367346938,0.6617383512544803,0.8745832475818069,0.8457854406130269,0.9170962199312714,0.8374825883246803,0.9932592294986832,0.8956372968349016,0.961878540795256,0.8234720812182741,0.9541337890134192,0.7157894736842105,0.993422348261058,0.6501262170934007,0.911484593837535,0.7727187908191826,0.9405789740985272,0.8581587545646743,0.8702508960573476,0.8021261438982958,0.7782874617737003,0.726605504587156,0.7677327647476901,0.910726441699893,0.614633637911267,0.8593240693086293,0.9194553717375292,0.9050520436659052,0.7877798507462687,0.9535774108638432,0.8558071386493059,0.9407801418439716,0.9005704644062349
align-dinov2+500m-things+hyp-abl50-shuffled-218,0.4943722943722943,0.3461538461538462,0.4575463047863561,0.4615384615384615,0.3909382518043304,0.5606803283529204,0.5091797874154493,0.458907008589568,0.453125,0.4146445295870583,0.4886738200434813,0.4267067982519608,0.6043632075471699,0.4408224191063174,0.4162323157110945,0.415794377157889,0.5784284645740373,0.54625,0.5700884767082401,0.4026157652880877,0.5835777126099706,0.4085106382978723,0.3939672372151633,0.5398849712428107,0.4902665468703204,0.35286408793067,0.3987138263665595,0.5741399673514831,0.4643962848297213,0.3320754716981132,0.4033813767557854,0.386986301369863,0.6607134420033074,0.4361288429085039,0.4354545454545454,0.494111236849826,0.6084239130434783,0.5468113975576663,0.5271724509012644,0.4757231404958678,0.4765356379518632,0.4350877192982456,0.3778657430315025,0.3851120745318697,0.3787165145716809,0.4916517590936196,0.6271824717562479,0.3825419745745916,0.4270057899090157,0.5455917874396135,0.5656964905976763,0.4092748210395269,0.5060742502761023
align-dinov2+500m-things+hyp-abl50-shuffled-42,0.5159782608695652,0.3746993746993747,0.4980769230769231,0.5560675883256528,0.4296620775969962,0.7020665901262916,0.491331779685102,0.3856142283780593,0.453125,0.3834255711650348,0.5203026481715006,0.5274449925612716,0.5970127818469051,0.4658280922431865,0.3949579831932773,0.4091610910962429,0.5765452692058197,0.4517336485421592,0.6083671711578689,0.5816353734242297,0.5154855643044619,0.4159663865546218,0.3939672372151633,0.3939393939393939,0.374481658692185,0.5057471264367817,0.5282882882882883,0.4924930491195551,0.4271165260855982,0.3295454545454545,0.5111789726251499,0.4867049009384775,0.512012987012987,0.4213538137188464,0.3946188340807174,0.494111236849826,0.4203539823008849,0.4083348345643428,0.573076923076923,0.5905172413793103,0.5056603773584906,0.4322100313479624,0.5742993125330513,0.3733063188552615,0.3659305993690852,0.5163303515706261,0.61517022040593,0.4716627634660422,0.4049684729531124,0.586603872318158,0.5393959488787075,0.396694214876033,0.4835954183653659
align-dinov2+500m-things+hyp-abl50-shuffled-7,0.6058661581805911,0.4370304904993372,0.4976222826086957,0.5191919191919192,0.4206712433257056,0.6409781816142239,0.6586956521739131,0.3490474128599264,0.5336159903089037,0.3509047993705743,0.5244984043570616,0.514207518312807,0.5970127818469051,0.4223133023928636,0.4566037735849056,0.4697210500356223,0.6153445790850371,0.5530597983428172,0.6163901458019105,0.5277777777777778,0.5442875481386393,0.4356914571996199,0.437125,0.5037660611431103,0.5028423772609819,0.4466415568110483,0.4454275852010307,0.5316317819188083,0.4034482758620689,0.3417874900764635,0.5505469979144562,0.4290131030082936,0.6999640675530003,0.3803418803418803,0.4172297297297297,0.5466666666666666,0.4449152542372881,0.4575212393803098,0.5699896694214877,0.4507575757575758,0.4764701084740233,0.4573144573144573,0.5056716417910447,0.5460422273395666,0.3912424740010947,0.44377990430622,0.6238063513213413,0.5157114588954848,0.4825396825396825,0.5485451454854515,0.6465409936863574,0.5008365461555249,0.5440282044409624
align-dinov2+500m-things+hyp-abl70-218,0.9602948385105572,0.6755622426354133,0.9844336765596609,0.818407960199005,0.7853765759787658,0.9416666666666668,0.8622173689619733,0.8579782790309106,0.8823943661971831,0.4876133569521191,0.894180482232719,0.9553571428571428,0.9848259937324756,0.8473459634749958,0.8507142857142858,0.7119690011481056,0.8420992714025501,0.948746914355048,0.9251552795031056,0.9688461024201096,0.880951176321781,0.445468509984639,0.6198079014135556,0.9732142857142856,0.829328158946548,0.838490099009901,0.9667401903877408,0.8042643923240937,0.9587154546858112,0.7797985529862392,0.933947284852334,0.5184130539113743,0.9638942617666022,0.6304726201633418,0.8993034251272242,0.7810019518542615,0.969332298136646,0.6774349667271627,0.7871625456939808,0.7747060037136373,0.6879851421496261,0.6016768292682927,0.5028397565922921,0.9096891900697204,0.6222222222222222,0.926177536231884,0.8299073940256362,0.7435279951836243,0.6698930208863983,0.9662441247685516,0.9352183083541622,0.8944348823866897,0.815112160566706
align-dinov2+500m-things+hyp-abl70-218-random,0.6605432870822747,0.4894067796610169,0.5711251580278129,0.4490566037735849,0.6880252100840336,0.81524926686217,0.7720779220779221,0.4459644322845417,0.4319727891156462,0.3769837099316868,0.7851751404033462,0.6983940462201332,0.8670065051165976,0.6940201784035173,0.5016928138858424,0.3770949720670391,0.6574023844067369,0.590389646151728,0.5758261494252873,0.6869524079856183,0.7203090507726269,0.5668855534709193,0.4114093699013286,0.6652873563218391,0.3808052856254156,0.5520176544766708,0.4832251082251082,0.7114495718723952,0.3974763406940063,0.5477272727272727,0.8531713900134953,0.4628221930974224,0.6503040267230356,0.5227303754266212,0.4038461538461538,0.6838070903864579,0.5396270396270396,0.5039071639137148,0.6201802893720173,0.5714053085816642,0.391304347826087,0.5819376026272578,0.4318936877076411,0.4049927790385806,0.477124183006536,0.5187007874015748,0.6348775667437108,0.6194612208208097,0.6017021276595744,0.5642700672821155,0.7173001038421599,0.5639991685720225,0.6370280506568824
align-dinov2+500m-things+hyp-abl70-42,0.8822674418604651,0.7220825377620659,0.8698214861317901,0.7654183660857743,0.8412330396564586,0.9202864167709096,0.8951778656126482,0.7913968957871397,0.811830985915493,0.4443938623035107,0.8987673487130128,0.9398964883966832,0.954477981197427,0.8049540057714929,0.7929638854296388,0.6542992972302604,0.8148541209483038,0.9563663563829788,0.861919891661024,0.9498954118038044,0.8913565426170468,0.4020979020979021,0.4836128737644249,0.8703481392557023,0.7549206022919985,0.6721838922248413,0.9887910798122066,0.8894308943089431,0.6337488015340365,0.7372359154929577,0.9476053163633952,0.5453613053613053,0.9100314889788574,0.6020187454938717,0.8211538461538461,0.7149159084642955,0.912764141946494,0.8882957426931803,0.8871635610766045,0.7999904757369398,0.608906882591093,0.6323170731707317,0.6054994388327721,0.7251501987244662,0.5816993464052287,0.8010739565535758,0.7348251748251748,0.734271037181996,0.7993311036789298,0.9282496037611524,0.938122041227122,0.9118773946360152,0.8415722851432379
align-dinov2+500m-things+hyp-abl70-42-random,0.6853011007986186,0.5607290803645402,0.4045302044523531,0.4748201438848921,0.8263236021771401,0.765709598031173,0.7286351471900089,0.6334934039852074,0.4524590163934426,0.3723595505617977,0.733012611437269,0.6612957181088315,0.8477661334804192,0.7546195652173913,0.4281641058134009,0.3770949720670391,0.7762884274907452,0.5172413793103449,0.6714470352862024,0.7730216033465132,0.6074817023583627,0.4394123360854784,0.4733422256097561,0.5663299663299664,0.4579271369462105,0.540734693877551,0.5418290854572714,0.7809054687448207,0.3917197452229299,0.760690214503454,0.9340897035827702,0.4634567901234567,0.7349560513860717,0.5129411764705882,0.4715909090909091,0.7709658762290341,0.6093406593406594,0.7017715380704705,0.4193302891933029,0.4890973794888386,0.5624767472761095,0.5743056943056943,0.4543974343160232,0.4999895570082917,0.4204545454545454,0.496654657745754,0.6206900479548018,0.7018473536555959,0.4788330774292608,0.5660031847133757,0.69008955720478,0.5721834707250053,0.7179213857428381
align-dinov2+500m-things+hyp-abl70-7,0.9706668812665292,0.74688672168042,0.9688711240310076,0.5855636658556367,0.8172811434140004,0.9089962081753408,0.9277777777777778,0.8237762237762238,0.8094637602834325,0.6550199026979213,0.854821314322274,0.925595238095238,0.9774205423978404,0.833896668276195,0.8808528428093645,0.7439724454649828,0.8030922746024469,0.9102564102564104,0.9335172413793104,0.9415126764370813,0.8593628593628594,0.5194469424460432,0.5656415343915344,0.9537281133189062,0.7703957175769074,0.7286549707602339,0.9663732394366196,0.7947686116700201,0.7370614279867544,0.7943742824339839,0.9389671361502347,0.6824595979503351,0.931849754921234,0.6212167666768866,0.9007073268383825,0.8049261083743842,0.925189393939394,0.8722527472527473,0.8679588128407025,0.8736227266693217,0.62265625,0.6128337802621143,0.7199475925319359,0.8512884401022883,0.6226279985678482,0.7230107956817273,0.8463320119371075,0.8000835717270418,0.6116221498371336,0.9493661871528272,0.9411561675015624,0.9264294282287084,0.8382231404958678
align-dinov2+500m-things+hyp-abl70-7-random,0.75162715289363,0.5602282022778279,0.5624610198061526,0.5084175084175084,0.7525659824046921,0.7116531165311653,0.7064425942425266,0.3927556818181818,0.4681044681044681,0.4257786200533626,0.6308598062063044,0.5637051970636667,0.5652173913043479,0.5863092445862155,0.5797235023041475,0.4338733075435203,0.6550999635308654,0.6658746658746659,0.5742970439798125,0.6457128022548584,0.5318965517241379,0.5846153846153846,0.584754016292723,0.5803348392240234,0.4825927622537792,0.4948387096774194,0.6959038934722825,0.7568344950895287,0.4307947019867549,0.6757011750578952,0.8438086656153789,0.4937350747368731,0.6527777777777778,0.4588235294117647,0.399466566842918,0.5997879320056994,0.6473214285714286,0.5349999999999999,0.5642324093816631,0.4539544962080173,0.3906513409961686,0.5031311799604482,0.4786585365853658,0.3952930318412552,0.5374149659863946,0.5367368421052632,0.5452666391070691,0.6246471064225132,0.4639650011512779,0.5123456790123456,0.7584252450980392,0.5428486668891609,0.5907563652654371
align-dinov2+500m-things+hyp-abl70-local-shuffled-218,0.8579729304157337,0.7742349799188599,0.9754901960784312,0.5915426411528467,0.8395973154362416,0.9462641509433962,0.909330985915493,0.8602710603242094,0.9417355371900826,0.6325841657417685,0.8490272077823378,0.9481775589613276,0.9619471213244378,0.8090565396542202,0.695741343949813,0.5241008991008991,0.7260683786633957,0.9303110328638498,0.9530111704711024,0.9727643577027676,0.8540455360539043,0.6719219219219219,0.579984782057321,0.93997893997894,0.8428571428571429,0.8405321125265393,0.9562929061784896,0.9403730653730652,0.9583888257268148,0.8938060706813036,0.9633867276887872,0.7110667996011963,0.9853575867133656,0.5202473483059218,0.8532742177283021,0.8489927818549727,0.9058423142370958,0.8503978779840848,0.79179854775647,0.7691020635805912,0.7200835945663532,0.483076923076923,0.8137740122472947,0.948849104859335,0.7917753887903141,0.8344564240790656,0.912146385271666,0.8288657020426202,0.7690841042299272,0.960349344978166,0.9021982116244412,0.9544086021505376,0.8900058462021074
align-dinov2+500m-things+hyp-abl70-local-shuffled-42,0.7453935963154521,0.8130158409847644,0.9712368972746332,0.8969471563613822,0.8273409280355655,0.9462641509433962,0.9260118800939356,0.7398579466838853,0.718,0.7020654401436828,0.8816442429397071,0.9203073406146812,0.9545990566037736,0.7680105401844532,0.7731958762886597,0.7053257042253521,0.8866433689700423,0.9521909486322298,0.9373482272948032,0.9818979266347688,0.8978668390433096,0.4574192026421326,0.7496807151979565,0.8906299968020467,0.8699324324324325,0.829192546583851,0.983495117665697,0.9015839641155032,0.9646809058157488,0.8551428571428572,0.974778523913112,0.7916768665850673,0.9804330102364344,0.5795583596214511,0.8773204196933011,0.789480399349303,0.9226900149031296,0.8821238821238822,0.9084658358401376,0.7705345968174504,0.7184856416676151,0.4285714285714286,0.8247979011582023,0.9747474747474748,0.924458620110794,0.9116782153118136,0.9417841337019466,0.8478734488964668,0.742560226735947,0.9779735682819384,0.9374117647058824,0.9602943143812708,0.894011839708561
align-dinov2+500m-things+hyp-abl70-local-shuffled-7,0.9376878412613492,0.7559800664451828,0.9836120401337792,0.6531296572280179,0.8602339181286549,0.8908377284435177,0.904073191442737,0.7260795622596865,0.8490804709545587,0.7212280701754386,0.8845241595609135,0.9321632406480024,0.9768942235558892,0.8003949175824177,0.7753654653350701,0.7911456573166611,0.8045279982443949,0.9400651922470296,0.7740659055526725,0.9546072628379458,0.8721941354903944,0.4195583596214511,0.842282000361076,0.9244122965641952,0.7902474836266687,0.8638120871054563,0.945602642971064,0.928813559322034,0.7523308270676692,0.8458672086720868,0.9422410473623412,0.6489473684210526,0.985291113381001,0.4306463326071169,0.8378159210704149,0.8584738766363957,0.904377880184332,0.882426516572858,0.8152818469471463,0.8140718562874252,0.7201607915893631,0.4579945799457995,0.75405669599218,0.8981900452488687,0.6464249635200359,0.8308555399719495,0.9118217054263568,0.8706508440662235,0.8222826086956522,0.8616207500049162,0.927794448612153,0.9654760612311366,0.8421136445892147
align-dinov2+500m-things+hyp-abl70-shuffled-218,0.4515272591161134,0.3919625157686069,0.4502923976608187,0.4450366422385076,0.5057851239669422,0.524452804377565,0.5818033455732354,0.4861125451729479,0.4605263157894737,0.3378839590443686,0.501609010458568,0.4669084676856853,0.5406641479419367,0.5164217252396166,0.425847323408299,0.399930426716141,0.5054821650979031,0.3875,0.5566190519515968,0.5331509870025232,0.5216248506571087,0.4081632653061224,0.337635045138375,0.3902439024390244,0.3788870703764321,0.4260410557184751,0.5894239783340856,0.4934563729610127,0.3988269794721407,0.3886937080804854,0.3980446472217696,0.3876623376623376,0.4661422708618331,0.4370327774583094,0.4172413793103448,0.5207727713178294,0.4313725490196078,0.4026806526806527,0.5742766726943942,0.4186498300145702,0.378839590443686,0.403076923076923,0.383644769793874,0.4627692307692307,0.4168740666998506,0.4965553789083201,0.3755696317900109,0.3731540457655107,0.5713891698078514,0.4568348848603626,0.4892202070842648,0.4029850746268656,0.4775283351035195
align-dinov2+500m-things+hyp-abl70-shuffled-42,0.5761779192994676,0.3827994039858446,0.5669862480836556,0.4709160571229537,0.4553673938002296,0.524452804377565,0.4423434182590233,0.4800606893158099,0.4605263157894737,0.3398611111111111,0.3961133908777887,0.4186666666666667,0.6298076923076923,0.4650717703349282,0.4601748421563866,0.4823415004387941,0.5108641870591063,0.4885631801021541,0.4910126558403591,0.5474943164969853,0.5180935569285083,0.4121621621621621,0.3513418079096045,0.4770114942528735,0.3639914403839362,0.5150682650682651,0.5894239783340856,0.5195774182898647,0.4271860618014464,0.4381081081081081,0.4351972824666841,0.4478287841191066,0.553517316017316,0.3797909407665505,0.522020202020202,0.5263127853881279,0.574965339671222,0.4324282865470164,0.4858641358641358,0.4,0.4431106717506943,0.4247978436657682,0.3906608296852199,0.3977272727272727,0.4315933350689924,0.4421920872361247,0.4581882272997536,0.4541209383528867,0.5526197939991044,0.4618722615436468,0.5382262996941896,0.4374886590455452,0.5042351693310099
align-dinov2+500m-things+hyp-abl70-shuffled-7,0.5349949146925389,0.3715775749674054,0.5488721804511278,0.5568475452196382,0.4245986173973743,0.6789447675523625,0.3840723981900452,0.4793152047753274,0.6259367872271098,0.3470790378006873,0.5020567375886524,0.5191840699368626,0.5059784193642461,0.4591337496815901,0.4313633977014176,0.3795404002965159,0.5439634467810908,0.3975409836065574,0.5551782682512734,0.5806118618618619,0.5873015873015872,0.4413793103448276,0.3629314393612637,0.4870305845915602,0.3871348600508906,0.4443441830486626,0.5297038297281345,0.5492552782467696,0.4723294723294723,0.428068197830069,0.5482025135582762,0.4660838106722942,0.6576698361782564,0.3797909407665505,0.5631692778393206,0.5208275862068965,0.6892857142857143,0.5166544079016497,0.4969415408439799,0.4233363309352518,0.4286529680365297,0.4542897327707454,0.383644769793874,0.4264794082367052,0.4168740666998506,0.4654522912593581,0.4015598440155984,0.5332884073747689,0.4165264928511354,0.5229593336599706,0.6308699578567127,0.3993993993993994,0.4874759152215799
align-dinov2+500m-things+hyp-abl90-218,0.8643350986513645,0.7071251350898824,1.0,0.7779016474668649,0.6551383598363465,0.9000267308206362,0.7481832090265825,0.7014285714285714,0.8436685773840542,0.454040404040404,0.8699703392895898,0.8172054211080634,0.953443467067153,0.7800497121925694,0.770609559613319,0.8492494824016563,0.613422470978441,0.8284693269803454,0.9620997047467637,0.935507456303715,0.8874928612221588,0.5840556927913766,0.5723028978988627,0.8157748359105573,0.7806569494622316,0.7428810720268006,0.9668300653594772,0.7547936484158491,0.9619633474304754,0.5054494818305975,0.9743990280308948,0.555741910023678,0.9497470258443867,0.5571079414876153,0.894147582697201,0.743864118895966,0.8127820376417068,0.7715686592849953,0.8214799448843935,0.7628311258278146,0.6474289171203872,0.4135175169657928,0.7518796992481203,0.8723300970873786,0.5581046312178387,0.7467700258397932,0.760289479746745,0.7174784965240957,0.5653699466056445,0.9345679560628266,0.828970099667774,0.9299928926794598,0.8577899794097461
align-dinov2+500m-things+hyp-abl90-218-random,0.3612912357960131,0.559424346523036,0.5832538016160845,0.4436860068259385,0.660019826140003,0.7786828181565024,0.675177304964539,0.5264761904761904,0.4512195121951219,0.4038718716168885,0.6317399963787796,0.4807906842652828,0.707786549784807,0.4480483240865369,0.5474172185430464,0.4937926753569212,0.4978645042778287,0.3930280246069719,0.5307959367365308,0.7105224586603418,0.5378924575965356,0.4597795018374847,0.4077989079575878,0.3804713804713804,0.4062324929971989,0.5177221404025527,0.7192729941015438,0.5099318266119233,0.3977272727272727,0.4669820402101268,0.3786710576407076,0.3783646133082075,0.566547035333367,0.482055488823133,0.4713587487781036,0.4946077508538848,0.4309440559440559,0.5405642358393086,0.497791482623552,0.5547785547785548,0.429472501836091,0.4794771841320798,0.4571710981516259,0.5084824339007605,0.4493691281822463,0.5151515151515151,0.4032889720662646,0.2696256038647343,0.5007079857379259,0.4423832558430783,0.6280853134803455,0.5281682807456003,0.6114028507126781
align-dinov2+500m-things+hyp-abl90-42,0.8485878064048902,0.7367014816614039,0.9770336605890604,0.4774020064122453,0.722733548090198,0.8829131652661064,0.7506155303030303,0.8497648203173926,0.7909628378378378,0.5468722697885724,0.8031105729206085,0.9597242870658196,0.9424097664543524,0.7615243866448935,0.8638546798029556,0.8908665105386417,0.5913963085733968,0.9065498539841468,0.939544888486358,0.9357025952770636,0.8882269503546099,0.5367647058823529,0.4695977706150953,0.8962004313920691,0.7042553191489361,0.7883309032134097,0.9773690078037904,0.835585950742111,0.8633380215658697,0.6381747601259796,0.8553858274609358,0.3763157894736842,0.9456308359365664,0.558572482349222,0.8809906547148734,0.7022627490712596,0.8951165371809101,0.8833836156880948,0.836834510518721,0.7043343653250773,0.6960668820064602,0.4665541323271439,0.7352890587673196,0.9157681221308852,0.5932079414838036,0.8263335105440368,0.7338915470494418,0.7013708260105449,0.6890756302521008,0.9653430886120944,0.8412846668579168,0.8360435339308578,0.7898877058241693
align-dinov2+500m-things+hyp-abl90-42-random,0.4259576148479662,0.489860883671814,0.5458556571068389,0.4511784511784512,0.7220825377620659,0.7447233014806258,0.5914742924088718,0.3878558636964635,0.4680086268871316,0.4202945990180032,0.5991717698223622,0.4616079494128274,0.7022073360779661,0.4625319832326201,0.4053254437869822,0.4491725768321513,0.4471095983871092,0.382636655948553,0.6402694610778443,0.6068331529509225,0.4822740681147761,0.4130434782608695,0.3725306716573092,0.3967213114754098,0.569840020980855,0.4571505702908821,0.6590319132692014,0.4878738333673956,0.4532559638942617,0.5769732223447999,0.2198347107438016,0.5383116883116883,0.5265227242436359,0.4066852367688022,0.4140845070422535,0.668818578885693,0.3961661341853035,0.5630434782608695,0.3881868131868132,0.5534637627660883,0.5090062111801242,0.4099915611814346,0.4846235418875928,0.5032247085850421,0.4451367255105573,0.4211128048780488,0.4567041864139021,0.3465620673742501,0.4807538091419406,0.3935212563243314,0.6691303728137152,0.461128707169594,0.5415106536083228
align-dinov2+500m-things+hyp-abl90-7,0.9608523532574166,0.7957015776416245,0.9274714067166898,0.734959349593496,0.7489445693294589,0.8494522034372922,0.8089127444126203,0.8685887225230965,0.7675209027258514,0.470174964534216,0.6748527449421089,0.7474063727421415,0.9424097664543524,0.7876348835535314,0.6212068766585901,0.6557853602744949,0.6134605864787323,0.9004940745603427,0.954949381327334,0.936705433178538,0.7785152141587786,0.4130434782608695,0.5707101041891902,0.8992495249138404,0.8223835352011202,0.694166434992123,0.9350192061459668,0.8001016026378345,0.8356042982164618,0.4321827383980933,0.9535189075630252,0.5892172961138479,0.9089280886726142,0.4530941837532095,0.8973586473781263,0.6222767799457294,0.8446223683740215,0.5261138861138861,0.9076217899747312,0.7371861025111799,0.5832266325224071,0.4642014162077104,0.7725741239892183,0.8718493909191584,0.6051724137931034,0.8163629219935322,0.7549217987478277,0.8265953198626308,0.6363458633253355,0.9306666666666668,0.8776462243561763,0.8548268238761975,0.6779904069623696
align-dinov2+500m-things+hyp-abl90-7-random,0.3675767676051343,0.5397654447577545,0.5875925925925927,0.4236150258801824,0.6686206397452599,0.7133576642335766,0.6581489286968739,0.3602403387504393,0.4545454545454545,0.369743286606992,0.5336628715746256,0.3700489541611036,0.510046014461688,0.3986848385215039,0.4219128052955946,0.3993570497073362,0.5257182632071622,0.3725490196078431,0.5240641711229946,0.7126436781609196,0.4341567262528301,0.5401845637583893,0.50444747435398,0.4001917545541706,0.5011961722488039,0.4655787799471502,0.6233766233766234,0.5044864039943744,0.4655462184873949,0.4941731480300905,0.2689562289562289,0.451499831479609,0.561971087537673,0.4394736842105263,0.3823149215665723,0.5414065751144403,0.4428815224698764,0.538355535140101,0.4736557778340508,0.5005904183535762,0.452389594676346,0.4493181222134801,0.4175654853620955,0.4119281967692725,0.4861281109751122,0.5,0.4869491620156339,0.3510570234546222,0.4906834300451321,0.4284684684684685,0.6819630810289865,0.5370674392403025,0.5747126436781609
align-dinov2+500m-things+hyp-abl90-local-shuffled-218,0.9326260527179264,0.6793780193236715,0.9361729179910998,0.8781074578989575,0.951229105211406,0.9458590190297508,0.8970223325062034,0.8574380165289257,0.8437376642418091,0.7580246913580246,0.8141801075268817,0.9435920353542876,0.955694618272841,0.8189155904673147,0.8279143536875495,0.8124286258089075,0.6649159663865546,0.7904761904761906,0.9242636746143056,0.9686954427788814,0.8600238712598263,0.7744444444444445,0.6116504854368932,0.8971871412169921,0.8932205774311037,0.8530599565082324,0.9300758886965784,0.8264736699870566,0.9345454545454546,0.7054145982717411,0.7702544992936262,0.4140625,0.9502107895677028,0.6496428571428572,0.9478991596638656,0.8106442577030812,0.9232323232323232,0.9251960784313726,0.9297814207650272,0.8325473720312098,0.7141077898550725,0.5395235427855942,0.6643151553582752,0.9255131964809384,0.6823302450758568,0.674012474012474,0.9054923983016026,0.6839061998072599,0.6291486291486291,0.952682563338301,0.90020945856013,0.97317583364095,0.7838703599020163
align-dinov2+500m-things+hyp-abl90-local-shuffled-42,0.9348158083248236,0.7550640634533252,0.9203174603174604,0.8952205882352942,0.6644753139350978,0.9407276995305164,0.8365637065637066,0.9088859312612544,0.8861804100806197,0.5099139376327261,0.8049565136070327,0.9225198412698412,0.9314750290360044,0.8453423120089787,0.4684966216216216,0.6778164924506388,0.6917267917267917,0.8285714285714285,0.9589069526115532,0.9366471734892788,0.6319642946692744,0.4265536723163842,0.6141722355314588,0.8954831932773109,0.8160535117056856,0.7874273652542064,0.9616125967150808,0.8309696538187696,0.7070593208397915,0.5960196699364074,0.8540258758069308,0.3880208333333333,0.8977026931504912,0.451007326007326,0.9005365472242444,0.7692307692307692,0.9185714285714286,0.9064212307148448,0.8205762883980705,0.8836132674664785,0.7095983086680762,0.4575273338940286,0.4765840220385675,0.9013783731314308,0.4242091844297531,0.7761017719218537,0.9249536670466114,0.6543730242360379,0.5160657051282052,0.9684961240310076,0.90020945856013,0.9665130568356376,0.8219754799907472
align-dinov2+500m-things+hyp-abl90-local-shuffled-7,0.917682030509914,0.6542739902111039,0.9481775589613276,0.7411192214111921,0.865945945945946,0.8814553990610329,0.8513486621922319,0.7818965517241379,0.8446350762527233,0.521466768525592,0.8474516764516569,0.9366071428571427,0.9314750290360044,0.7649911816578483,0.8734693877551021,0.7484015984015984,0.6056305318297939,0.9277605779153768,0.9208929194279736,0.9492789507645674,0.7513888888888889,0.5584710074505993,0.7023896902596751,0.919386574074074,0.8405797101449275,0.8453930244664237,0.94083344428172,0.78844060730164,0.8699771725194659,0.5035938903863432,0.9132421108932074,0.5008894790909774,0.9503300400610182,0.4652628401071738,0.94843292055026,0.8300653594771241,0.8684929510764635,0.9225852272727272,0.9054103790945895,0.8364239409015528,0.5324074074074074,0.4361888111888111,0.6464675977327179,0.9300241463691316,0.4296774193548387,0.6505237685866208,0.7912885662431942,0.84667686554479,0.5571453464733103,0.9802902149452936,0.9182798437765324,0.9668222402597404,0.8488604186974887
align-dinov2+500m-things+hyp-abl90-shuffled-218,0.4428385604856193,0.4467338316542086,0.4252834077636551,0.6706712433257056,0.382830626450116,0.6082255670977317,0.5857627118644068,0.5028209556706966,0.6034853700516352,0.3512890255439924,0.3753429782988277,0.5431263213155691,0.7041171298597041,0.5162147793726741,0.4582773548290789,0.5207100591715976,0.4879726477270171,0.4320801714649829,0.553109296482412,0.4910714285714286,0.604565617223845,0.4421959527148867,0.4423495900535047,0.5724481206309703,0.3430656934306569,0.3839509612705489,0.497494631352899,0.4226593454590833,0.4339419206440483,0.3990975304706085,0.3827886025560444,0.4558278602642406,0.5120530187167722,0.492063492063492,0.6696873270614279,0.570623908676142,0.6118050789293068,0.4835805084745763,0.4988620332925797,0.4556990505332313,0.4084940257896605,0.4411461318051575,0.4488038277511962,0.3664415247964471,0.4588913872323785,0.6065314966723417,0.3414183047981399,0.3533183990571474,0.4258241758241758,0.3987559759420141,0.5454545454545454,0.4717225843885457,0.4185606060606061
align-dinov2+500m-things+hyp-abl90-shuffled-42,0.4656858862664343,0.4535494179411093,0.5110324042501705,0.4539303105040156,0.5163636363636364,0.6318306010928962,0.5426487644734515,0.3392115976566379,0.5021567021567022,0.3556171983356449,0.465334994574173,0.4861901849150708,0.5899159663865546,0.5277987210633603,0.4876304023845007,0.4802264808362368,0.4267961165048544,0.4520071829925273,0.5026432259650848,0.4642857142857143,0.496972199284338,0.4037267080745341,0.4952374457250676,0.5568181818181819,0.3482620320855615,0.3757763975155279,0.5400353016688062,0.3944678947266042,0.403183023872679,0.3984990619136961,0.3559066771586248,0.5222539812168232,0.5142242703533026,0.5220947147244221,0.5532078076465852,0.4167920068758057,0.4748072440380133,0.4656597321174124,0.4952020543316664,0.4930783502212074,0.3788819875776397,0.454930429522081,0.5503947345985303,0.3953474135292317,0.3933978523134031,0.4447556800497977,0.543110616127482,0.4480237154150197,0.3883593013827712,0.4675224646983312,0.5270992585780792,0.4597510131490714,0.437921101454936
align-dinov2+500m-things+hyp-abl90-shuffled-7,0.5795650933740499,0.3994589047485773,0.4965159617566035,0.538235294117647,0.5163636363636364,0.6487394957983194,0.578664276109368,0.3653373207153678,0.4535211267605634,0.425,0.3953617082053846,0.4638770840143837,0.6097172441258463,0.4995739406615539,0.5217642526964561,0.4842280564263322,0.4467512570710245,0.5867867867867868,0.6003881935613413,0.5523684210526316,0.4988344988344988,0.4164647843897282,0.5390343593360178,0.585633484162896,0.4614361702127659,0.4053152145867377,0.6578294869349609,0.4511807669611908,0.58169799628176,0.4589029535864979,0.5831989247311828,0.4960304054054054,0.4375070095329648,0.4543489572909578,0.5233511586452763,0.4841932071923845,0.4303983478295405,0.4722222222222222,0.644734900044279,0.5282555282555282,0.4547152194211018,0.5126436781609195,0.5085639735346194,0.5486034109509478,0.4314329738058551,0.4692856896492257,0.4988392092739852,0.4740471869328493,0.4267765685019206,0.5701830863121186,0.5789303863838025,0.4327964957349405,0.3908102257499227
align-dinov2+500m-things-218,0.6285993564941148,0.6684405335568127,0.9782915360501568,0.6742857142857143,0.7913998798386405,0.8796158796158796,0.4107657552387629,0.5719323918928807,0.6664171656686627,0.5167298042404649,0.7193650481545484,0.897189677782956,0.9191873361564832,0.7582129560685034,0.7354829504922242,0.8740609049721856,0.1365893709561781,0.7739602169981917,0.8365781710914455,0.8247177658942365,0.8814456010168676,0.7491174723008633,0.4647737355811889,0.9143912769216904,0.6038570618264323,0.6647361359570663,0.9506340579710144,0.3923371095750128,0.7920958083832336,0.8149475613481316,0.940199418156501,0.4558069381598794,0.8011664326601144,0.6609431379868109,0.8752959144711722,0.734106236265818,0.8677966101694916,0.5541658794634423,0.8607303082072864,0.8764227642276423,0.7776634071024189,0.5655047558837898,0.5938139205903156,0.828205904836081,0.5609298446784113,0.8646078004929679,0.5351241991682589,0.7452619633062227,0.7025897790055249,0.9776800531032194,0.8385782386503453,0.9516015898994624,0.8284126225197226
align-dinov2+500m-things-218-random,0.1902890338819483,0.4458506822772807,0.4757344632768362,0.4153052917232021,0.7333333333333334,0.7706093189964158,0.6248252725747834,0.374365821094793,0.3458904109589041,0.3853834586466165,0.2688983855650522,0.4395341191941013,0.6070676136487044,0.2974649680665894,0.3776435045317221,0.5193770041227669,0.4453298299896046,0.39209726443769,0.5316425120772947,0.6331859629731971,0.5671348789981384,0.4510683969167723,0.3668649081720695,0.3890675241157556,0.5822566752799311,0.5197680998494572,0.3735632183908046,0.2182965089390991,0.4589798492359135,0.4541965709728867,0.245350296668188,0.4008654323614953,0.5075877020102483,0.4847003205647119,0.4312112796411023,0.5346153846153846,0.4416685380642263,0.4482323232323232,0.3770114942528735,0.4898680052054285,0.4262639315134873,0.4573283858998144,0.3722791017809516,0.4651422764227642,0.4842280564263322,0.5797101449275363,0.2793233665288279,0.3432106462476016,0.4657894736842105,0.4478653530377668,0.5643142006158817,0.4756132756132756,0.3439774920831178
align-dinov2+500m-things-42,0.6676016582558639,0.7838744796669869,0.981872914076304,0.4672897196261682,0.598681450404555,0.9069015678034588,0.3922057051024508,0.8105500821018062,0.8129444326165638,0.5950977573317999,0.8552839483223348,0.9274068322981366,0.9305040035483344,0.6989720998531571,0.8759285284079502,0.6535043518094366,0.4754470322280869,0.887413490512931,0.8797351568435906,0.6985841482995183,0.9070087036188732,0.4788766788766789,0.322952654763918,0.9415384615384615,0.9048386120026646,0.5475177304964539,0.965352042322276,0.6775496204712771,0.962368388455345,0.8003904926981851,0.8346249628308058,0.7371794871794872,0.9463578088578088,0.4250319693094629,0.9008841321544904,0.8335780532684052,0.8975571315996849,0.6830878100227945,0.8234527687296418,0.9381547393664016,0.813930950938825,0.4074074074074074,0.7613053613053613,0.734878320493308,0.467516213448629,0.8076365663322185,0.7845729442970822,0.7067901693453664,0.7948672708316625,0.8879166666666667,0.8108101958508962,0.8930232558139535,0.6173861364741478
align-dinov2+500m-things-42-random,0.1973615436469284,0.4376366582246622,0.5751533742331288,0.5942807192807192,0.6939605110336817,0.71658615136876,0.5825491873396065,0.5015851449275363,0.4589235127478753,0.354679802955665,0.3838356164383562,0.4689491440709734,0.5772217978100331,0.2896266487815784,0.3930103315803215,0.3884711779448621,0.4178990796572517,0.4026645189435887,0.5565233908607403,0.4783377541998231,0.561202433016639,0.4173725550592946,0.4325673581306628,0.4637429439861051,0.3842532600672517,0.503738274356831,0.3845980126467931,0.3068702719424055,0.3972222222222222,0.6059011464010524,0.3160567859170925,0.5122273628552545,0.4212147887323944,0.506904761904762,0.4275561395126612,0.3826530612244898,0.4072948328267477,0.4938197166113958,0.3396686159844054,0.4534300055772448,0.4156391446855002,0.4865383012419771,0.412425019769707,0.4519124406013866,0.4895572263993316,0.4984011627906977,0.3336759978826399,0.4426323071601522,0.4988479262672811,0.3679086941926821,0.5483852755194218,0.4251819044606137,0.4981571377202445
align-dinov2+500m-things-7,0.442079998094149,0.5349593495934959,0.9637927428631184,0.5558441558441558,0.854066140990938,0.9086729031235136,0.4792847155787769,0.8378995433789955,0.8901035673187572,0.5739837398373984,0.8704607667033556,0.9045919299867756,0.920532099479468,0.7917799379820877,0.8733421168203777,0.8019441309813704,0.4500539691884996,0.8049062466129557,0.7956118002478108,0.951783879704866,0.8540522875816994,0.4174174174174174,0.5006181561285765,0.7565367965367966,0.8341510556051145,0.6585626911314986,0.9556860530773574,0.7540321196939022,0.7102623816177612,0.4993186582809225,0.9499397850101844,0.5531236154186974,0.9239532731899144,0.7386945624931895,0.8606582125603865,0.6979166666666666,0.6593291404612159,0.4645012934751365,0.866665729507851,0.8919117647058823,0.765625,0.4489092996555683,0.7973481100336434,0.4998084815321477,0.5323971421532397,0.8911466711822313,0.5013150500168596,0.7448103561368986,0.6258064516129032,0.9591055461116408,0.9176842816260508,0.9285543608124254,0.7158347412071878
align-dinov2+500m-things-7-random,0.1667262695788208,0.4098264002620373,0.541292735042735,0.4222972972972973,0.7145033030480138,0.7514606584333345,0.5733630952380953,0.4701420381037981,0.4542857142857143,0.4004576659038901,0.4124381466486729,0.4179625808385304,0.4860460577673692,0.2974649680665894,0.4097421203438395,0.4402049225971712,0.4343835017316768,0.3865030674846625,0.5766173855046688,0.4705969595847237,0.4216141001855287,0.6027303754266211,0.3297777777777778,0.4294294294294294,0.529911412193851,0.5192005242463957,0.4621760221760221,0.284255804945671,0.5782312925170068,0.5076874662830426,0.4035578924307152,0.4465260297164242,0.4428479322096343,0.4837994185175194,0.5039199606363786,0.5325904701262867,0.4226008446191932,0.5165165165165165,0.3804072980543568,0.4238076433679961,0.4236080534763639,0.4642857142857143,0.375,0.3814992025518341,0.4814814814814814,0.4452385957536262,0.2945140402564533,0.399074894628769,0.4016744742350244,0.4142074040699857,0.5690987949627067,0.4846698113207547,0.5363984674329502
align-dinov2+500m-things-local-shuffled-218,0.7684809279999284,0.4996602866848951,0.9118425864969644,0.4647435897435897,0.8376996805111822,0.880270327863862,0.6640123016090944,0.7178516503016681,0.8527233115468409,0.5959304942828847,0.8341222030981067,0.942330469980796,0.8642109064644277,0.7816068335926263,0.5899814471243043,0.8513484145016299,0.6327955583580689,0.7963900134952766,0.9415720891130728,0.8364161849710983,0.7032828282828283,0.432,0.5845046854082998,0.9263275481568264,0.745963861862504,0.4568440347188527,0.8806199687612639,0.7394521636219937,0.8897039711191336,0.4494098494098494,0.6693913297328857,0.4307449510517101,0.8960469618435021,0.4053333333333333,0.91713535808024,0.4601802272430456,0.8372825640323243,0.8971294783308539,0.8691570802237524,0.8490088787941359,0.469298245614035,0.4010554089709762,0.6378307571391144,0.8938682370261317,0.4108232584916522,0.7342720872132638,0.5697029005362665,0.7122523907103826,0.6008663252757741,0.931281692603602,0.9123096955128204,0.9640509131156614,0.7501501501501502
align-dinov2+500m-things-local-shuffled-42,0.1885434836308419,0.5270905811106816,0.8915113871635612,0.6881419234360411,0.8944710770214126,0.9201388888888888,0.8869047619047619,0.7817228074738805,0.8265282846715328,0.5555555555555556,0.8510221131058939,0.9389767399099016,0.9294559099437149,0.7652315839106307,0.4199475065616798,0.7673216805992835,0.5055544019933554,0.6863033873343152,0.963877338877339,0.9290086293397553,0.7853881278538812,0.481071964017991,0.5028318077803203,0.9171072557719386,0.476779688253254,0.855410447761194,0.9458115720573812,0.4865878024555857,0.7818163876188283,0.5825093386068996,0.6691382990675205,0.5243029029793735,0.905630046399474,0.694623414524638,0.920747950819672,0.7880923202614379,0.8100649350649352,0.552213454120811,0.8848952289946079,0.6420996818663839,0.5832964111652637,0.4952237777568981,0.5814713896457766,0.4958300550747443,0.4832506203473945,0.78417050978437,0.4637362637362637,0.8090164131401245,0.6930724417426546,0.9732508787538467,0.8856790504085094,0.9375896700143472,0.8224969293553628
align-dinov2+500m-things-local-shuffled-7,0.3994989684644857,0.5337623762376238,0.9503462351483344,0.6790276992651215,0.9072624811492976,0.940735226752176,0.8875475597726525,0.8010510510510511,0.8222300140252454,0.5226039783001808,0.8402917463899655,0.9457571021421348,0.9072406562230172,0.7410297316896302,0.5517879380893079,0.7983563062188572,0.6079002261813456,0.9195966350301984,0.9711018711018712,0.9426835443037976,0.8156028368794326,0.798970398970399,0.6778316408740906,0.9112249253094324,0.7147972097043027,0.5724137931034483,0.9289473684210526,0.6883409141512135,0.9113261374665452,0.7178965974370305,0.8224691556484347,0.5891181988742964,0.9323491098567086,0.6822275421796625,0.905186119873817,0.7908938221118738,0.7594356261022928,0.9289774824658544,0.8758557736193519,0.80995068254271,0.5996572235104345,0.4135175169657928,0.6487964794127603,0.7032042917210382,0.4962355652010824,0.8051528213166144,0.5369725125822686,0.8014353324196174,0.6899408284023669,0.938927738927739,0.7930688096433953,0.9366160183258728,0.8585114222549741
align-dinov2+500m-things-shuffled-218,0.2445628423671772,0.4444862155388471,0.5006027397260274,0.5305924817325469,0.3861607142857143,0.6385586149353358,0.4044011544011544,0.3906071019473081,0.5341614906832298,0.5454966641957005,0.3380290627577892,0.443749130858017,0.6290328888193657,0.2803000195099392,0.4372362869198312,0.4202083333333333,0.3346155873947164,0.4956896551724138,0.4829204204204204,0.4152155887230514,0.4873162681812948,0.4306463326071169,0.3068823690704689,0.519726284555061,0.4516455696202531,0.4355263157894737,0.6339145597210113,0.2332302786365669,0.5047269648652462,0.411764705882353,0.5043753862100584,0.5108594956253216,0.5169508313633302,0.4582210242587601,0.4242814242814243,0.4094498057400677,0.4233983286908078,0.5006917130069172,0.4634456027800053,0.4318507890961263,0.4792193346142178,0.4466486902927581,0.5336259336259337,0.4246138107416879,0.5104871945834559,0.4447965827276172,0.4534632034632034,0.3825885631159464,0.4306464811783961,0.5526918671248569,0.4940076445455211,0.4015957446808511,0.4669230769230769
align-dinov2+500m-things-shuffled-42,0.4016116657626091,0.3633297355639504,0.5991372899003421,0.576056338028169,0.4440700808625336,0.4954839602726927,0.501425230853261,0.4312979089534338,0.4408602150537634,0.4112654320987654,0.3040496687525257,0.516262024736601,0.6400640597891365,0.3251465870118376,0.4544251447477254,0.4443446141559349,0.2520977851743553,0.6375,0.5383108135690085,0.4025252525252525,0.4855704697986577,0.5288461538461539,0.2732447817836812,0.5375774445541888,0.3866473242041161,0.4541319796954315,0.5825400110375276,0.3851699050660988,0.4481682000863586,0.3696308067896543,0.4373746016020974,0.3766233766233766,0.5944382921127107,0.3934631814084728,0.4861107542078889,0.4745665911310083,0.5554544461835257,0.5471050454921422,0.4634628461185698,0.509090909090909,0.446718931475029,0.4027027027027027,0.3697185954099424,0.5292277614858261,0.412703420353866,0.4119170984455959,0.2972229659016233,0.4776373399421726,0.43318706141569,0.455591054313099,0.5955389038947461,0.4,0.3769431662728516
align-dinov2+500m-things-shuffled-7,0.3694452469676863,0.4541319796954315,0.554686265212581,0.5922894583836487,0.494520759376447,0.582732597431854,0.4199185780955218,0.3872412979993107,0.34375,0.5138372661045388,0.3630949604266766,0.509090909090909,0.6500689828170074,0.5253373181558476,0.5604054859868813,0.5747092391840926,0.333395691700234,0.5953488372093023,0.458128078817734,0.4726910733388803,0.5872078411661221,0.51630995647687,0.3770441357481976,0.4353070175438596,0.5318357318357319,0.4759538152610442,0.5177710347423141,0.3831637918325224,0.4401378122308355,0.4391285015562472,0.4875248208581542,0.380485286525555,0.5125812993915658,0.4979897660818713,0.5452221018418202,0.5137254901960784,0.4498338870431894,0.491044124071647,0.5210570269625387,0.5846153846153846,0.5437430786267995,0.5187421968003252,0.5491718426501035,0.5138606249717361,0.4483516483516483,0.5304373522458629,0.4693061469592751,0.4079592769685063,0.4493960267545173,0.5422535211267606,0.4690034827547467,0.5100385268850655,0.3711719069007758
align-siglip+1b-things-218,0.637521350003416,0.5926167725087542,0.945020046842126,0.986143748480674,0.4812722371967655,0.9629439011837364,0.5333930430151775,0.9039278331140764,0.9784327009936766,0.6258211939445872,0.6685514320606809,0.9202051371202572,0.9776541764246682,0.6422273073989322,0.9095300834431268,0.8876869965477561,0.1782067348975376,0.9280834232290542,0.952350707263176,0.8754959061365747,0.915674328440875,0.8536375067361236,0.6550190462003362,0.928758905136858,0.8054812834224598,0.7972704068344012,1.0,0.9310175933544924,0.9667585784313726,0.8230379746835443,0.9389331614516192,0.7759917649853512,0.9459165687426556,0.9055627755268456,0.7990566037735849,0.8506172839506173,0.8940928404843296,0.956830031282586,0.9220848564504868,0.9308774967137956,0.7141155449672424,0.7252090800477897,0.7898768809849521,0.9504219844974048,0.7699115044247787,0.8061920349154392,0.5654338549075392,0.5445725625494494,0.7658803986710964,0.9702565236620964,0.7268161941035407,0.9274134815094544,0.7996880570409982
align-siglip+1b-things-42,0.4820294191955485,0.3558558558558558,0.8742254273504273,0.7367312211328094,0.5674566533292296,0.9636363636363636,0.3807106598984771,0.8090017384242516,0.9144648454993284,0.5534837092731829,0.7731652130190103,0.8715138121546961,0.9668244156847596,0.6966634787159175,0.8475767665556788,0.825089605734767,0.1101219083343101,0.7562724014336918,0.9230280655789768,0.6955382661162274,0.8967296511627907,0.4816940431426875,0.3836032388663967,0.6982456140350877,0.485761201032137,0.4808165428142466,0.9751158596443166,0.6371070779375194,0.7597319347319347,0.7615945206623651,0.623048913019947,0.4975267626430417,0.8859343453226651,0.4232120996722347,0.8762758277321384,0.4797961500374368,0.8577473008462212,0.8097892673364371,0.8423894981721503,0.7371143897298333,0.6471514833289578,0.4215737363210005,0.536045106725735,0.6875558485314583,0.5365159979685119,0.8850943396226415,0.2851711026615969,0.5050926886629314,0.6532759445241512,0.848740440845704,0.8152635388113543,0.9356876553438276,0.789272030651341
align-siglip+1b-things-7,0.5993193923850858,0.3558558558558558,0.8676751592356688,0.5105629003679978,0.821546052631579,0.8909090909090909,0.3807106598984771,0.5933562428407789,0.867342686484234,0.6050556586270872,0.6758979153033561,0.9473887814313346,0.9058732188527584,0.7975501365331874,0.9343473851948428,0.8071146245059289,0.2579353764824647,0.6981307326134912,0.8143964774576433,0.9089246698964568,0.9195402298850576,0.6372254838008262,0.3350970017636684,0.7723460340282771,0.7202870100859677,0.4747350005145621,0.96007326007326,0.611131807166176,0.8252416014726185,0.7907870283363612,0.4469681284553203,0.4157379616338248,0.9104766978940046,0.5504829432406033,0.8748664815210425,0.5031310953700852,0.884931792148287,0.9078976640711902,0.7476834404788295,0.8620495495495495,0.4729784457543986,0.4469522396540294,0.4224509911291205,0.7384795216472597,0.5612343297974928,0.8142483660130719,0.4077620967741935,0.479599432211605,0.6766250763458685,0.90664519621861,0.7456365720480866,0.9571251035625518,0.8342525979216626
align-siglip+500m-things-218,0.4890174287969879,0.4399631403136364,0.9375737409356648,0.6582010582010582,0.4106358174154784,0.9076923076923076,0.753540434128342,0.6251224185650415,0.8356505593043794,0.5877862595419847,0.5640795028839865,0.9410152066823732,0.9406470158573076,0.5905366259126239,0.7283755274261603,0.8459960552268244,0.4019523296203138,0.9112125824454592,0.6533584621183566,0.9053014540655576,0.8615657392253138,0.747286148501954,0.4478886990480839,0.8672004066590417,0.732554577300638,0.4093860684769775,0.96988118264714,0.7600517922856753,0.936973569561429,0.6402148371936891,0.8826476991216876,0.4028970377136891,0.9459165687426556,0.4092140921409214,0.8709872804360994,0.7823856122718857,0.8878590034166638,0.6086086086086087,0.7408224821599353,0.7924865831842576,0.7575012800819252,0.4074074074074074,0.4679082141669438,0.7415164486839572,0.4565161290322581,0.9219530949634756,0.7387630093866092,0.6695131527287004,0.6970216747232185,0.8204756833510827,0.6163135110503531,0.934782608695652,0.7602664278287368
align-siglip+500m-things-42,0.5253422952452079,0.4617082035306334,0.901208638795324,0.5468769716088328,0.7381484994362819,0.9235270688440208,0.9484797297297296,0.7313637836086816,0.8142797610779275,0.5003178639542276,0.6197406248953983,0.920906388661526,0.9139033010000752,0.5833333333333333,0.6071955387659651,0.6458635703918723,0.1116892356767575,0.6143589743589744,0.923933937468126,0.6988850502512562,0.7105169340463457,0.4156626506024096,0.3154345006485084,0.8299691756985184,0.4167600410321155,0.4583204692806422,0.9751158596443166,0.6902709359605912,0.5533666568656278,0.5683542697627205,0.7408312080175294,0.4685277339482947,0.6047814207650273,0.4250319693094629,0.8511838530210893,0.3842239185750636,0.8274101307189543,0.8796678200692041,0.7384830084475259,0.8263335105440368,0.4234758871701547,0.4215737363210005,0.5154248892468788,0.7152625698324022,0.4430967741935483,0.4115942028985507,0.3143236074270557,0.5640111546251361,0.4849197647762384,0.9330623755806238,0.908470194200429,0.8859126984126984,0.7324518260041211
align-siglip+500m-things-7,0.7069428733031674,0.3811774073497083,0.9422314911366004,0.6584967320261438,0.359173126614987,0.8303030303030303,0.8488789793137619,0.6921594604359871,0.6000714978805985,0.7840263784575929,0.5544898831311198,0.7955541463304154,0.8486450760079312,0.8792806109879281,0.4097421203438395,0.7229780437585391,0.5399323986284488,0.756128866640996,0.8974616604970915,0.8266085814058016,0.5461608942642477,0.5681250283948934,0.7319000380711571,0.832272990167727,0.6310851926977687,0.6434671267510879,0.7192799802734322,0.8482612988152699,0.9315889029003784,0.491044124071647,0.9025935859251906,0.4331366640500367,0.7677434348129213,0.4794943820224719,0.8886898096304592,0.5898305084745763,0.8892230576441102,0.8510748510748511,0.7822556772529285,0.5916666666666667,0.5246619691487335,0.4074074074074074,0.6421227725575551,0.7119021460484876,0.3709677419354839,0.4369303922863558,0.5926621406904522,0.5335757575757576,0.5646775389177169,0.8061220163649467,0.9416704316135056,0.5045212765957447,0.5786652163779038
