run_name,animal,arts and crafts item,bird,body part,breakfast food,candy,car part,clothing accessory,condiment,construction equipment,container,dessert,drink,electronic device,farm animal,fastener,food,footwear,fruit,furniture,game,garden tool,hardware item,headwear,home appliance,home decor item,insect,item of clothing,kitchen appliance,kitchen tool,mammal,medical equipment,musical,office supply item,outerwear,personal hygiene item,piece of jewelry,piece of women's clothing,plant,protective clothing item,safety equipment,school supply,scientific equipment,sea animal,seafood,source of light,sports equipment,tool,toy,vegetable,vehicle,watercraft,weapon
align-dinov2+1b-llama-chat-things+hyp-abl10-218,1.0,0.9723467643467644,1.0,0.9933268243613068,0.9592266199409056,0.9863898859668402,0.9951183927644748,0.9740938195662604,0.9876613539332172,0.9484256826215736,0.9886187426157402,0.9792745976689374,0.9948587968914582,0.979000048092542,0.988092532882952,0.9705357926271324,0.9830247176852064,0.9942703590397816,0.9911149831916504,0.9958850525049844,1.0,0.9753173102889549,0.961801361963249,0.9933963423772022,0.9787359658513012,0.956315136118248,1.0,0.9975807746486112,0.9665749289772728,0.9680640841494564,1.0,0.9586768006836248,0.9910313901345292,0.9762029133222916,0.9506358919991748,0.9605541497740596,0.994063872516414,0.9719664205570364,0.9873982974210188,0.9877287740957332,0.9757575757575756,0.9948847674065066,0.9761745147445232,0.990895730081022,0.9883067276497376,0.989006880167101,0.9878048780487804,0.9814059352149644,0.9722222222222222,0.9954339803836828,0.9889877199303428,1.0,0.9525490567826334
align-dinov2+1b-llama-chat-things+hyp-abl10-42,0.9985429090233028,0.9631707443769154,1.0,0.9799804730839214,0.9642640332718724,0.9863013698630136,0.9902566598312244,0.9740938195662604,0.9937723882085444,0.9620450960920616,0.9886469861157116,0.9917055479565232,0.989743528812248,0.979032052172043,0.9821870727588292,0.9609317187504838,0.9816846066528772,0.9942346976591796,0.9911111111111112,0.9958850525049844,0.9940614796130204,0.98142850937882,0.958776872972577,0.9868286397050944,0.974434988179669,0.9636123136123136,1.0,0.9975807746486112,0.9720621637220038,0.9733581858854876,1.0,0.9639915086086646,1.0,0.9881014566611458,0.97237413623978,0.9702961939360591,0.994063872516414,0.9888081260341346,0.9915984200350576,0.9877287740957332,0.987878787878788,0.9746611105412928,0.9667546456741104,0.990895730081022,0.9883067276497376,0.9944895628252944,0.9847877618502932,0.9893278796929912,0.9814814814814816,0.9863013698630136,0.9889877199303428,0.9885057471264368,0.9415404728183896
align-dinov2+1b-llama-chat-things+hyp-abl10-7,1.0,0.9861231121450464,1.0,0.9931537136860328,0.964365335401609,0.97219544015401,0.9902439024390244,0.9611524319242232,0.9816573363743176,0.9625308730882692,0.997734878073398,0.9834110959130468,0.989743528812248,0.985022894408602,0.9821870727588292,0.9754827019987542,0.984273231077232,1.0,0.9955566120586624,0.9958850525049844,0.9940614796130204,0.969419334584306,0.974575081665986,0.9868286397050944,0.9744680851063828,0.9672666683497008,1.0,0.9951690821256038,0.9720621637220038,0.9787093894329708,1.0,0.9586768006836248,0.9955156950672646,0.9881014566611458,0.9506358919991748,0.9653833483750114,0.9881656804733728,0.9832431014670372,0.995798839016126,0.9816454812594512,0.9756618716979658,0.9796840248485312,0.9620200538028858,0.990895730081022,0.9825104843899084,0.9944601540724722,0.990860188123665,0.9786557593859828,0.9953674399052552,0.990867960743542,0.989010989010989,0.9942624974967536,0.948891497252662
align-dinov2+1b-llama-chat-things+hyp-abl10-local-shuffled-218,1.0,0.9386647265912028,0.9954111931072726,0.9776531000380372,0.984797798682786,0.9822837370242216,0.9823341430967668,0.9796943850605924,0.992662409361518,0.9561607803071782,0.9701161272589844,0.9755720470006184,0.9695450728993954,0.9875938295511412,0.978504994294468,0.9587610425769524,0.9868158284730824,1.0,0.995687629596356,0.9958334056725522,0.973671726104781,0.9941088675265892,0.9608601744223496,0.9938874544553838,0.977597486985847,0.9885043959939596,0.988291095094164,0.988020939769033,0.9878045256512846,0.9777777777777776,0.9948451764290068,0.9637305371057052,0.9917754454791492,0.9720275881343076,0.9893594842517158,0.971862404346048,0.9760479041916168,0.989298004727475,0.991490903484428,0.9786460467864556,0.9551535707556058,0.9895778711778356,0.9419243464210252,1.0,0.994336328720804,0.9897959183673468,0.9804746814550735,0.966484857583863,0.9642857142857144,1.0,0.9917445223946596,0.984722975792054,0.9685721424534184
align-dinov2+1b-llama-chat-things+hyp-abl10-local-shuffled-42,0.9985153297279996,0.9574926464285052,1.0,0.9848958333333332,0.984797798682786,0.9882352941176472,0.991150442477876,0.9746179812246184,0.9779872280845542,0.975573165369273,0.9747806524184476,0.9796207742224858,0.9756894283826236,0.9907038339558468,0.9838321358338812,0.9741950241193014,0.9879888958509004,1.0,1.0,0.9916666666666668,0.973671726104781,0.9941088675265892,0.9674945640514364,0.9938416707721196,0.9686478488947048,0.9770054126375964,0.9941318979635224,0.9952013297707076,0.9878045256512846,0.9888888888888888,0.9948451764290068,0.96916836904366,0.9958830845849926,0.9720275881343076,0.984077976628552,0.9576124420090484,0.9820906275664776,0.9839828735464408,0.995745143477944,0.9786460467864556,0.9497991266375544,0.9740026602084704,0.9562845565098422,1.0,0.994336328720804,1.0,0.9803921568627452,0.966484857583863,0.986596989893136,1.0,0.9945022176327516,0.9897959183673468,0.9725286758159238
align-dinov2+1b-llama-chat-things+hyp-abl10-local-shuffled-7,0.9985153297279996,0.9528403984713604,1.0,0.9848958333333332,0.9898599154506732,0.9882352941176472,0.986712300748599,0.9746192893401016,0.992662409361518,0.965802431516982,0.9723775227337496,0.9796365394461884,0.9756894283826236,0.98757036978805,0.9838321358338812,0.9896373056994818,0.9892129505688856,1.0,0.9870628887890686,1.0,0.98031030461123,0.9710152828508604,0.973995651241149,1.0,0.9641473008658448,0.992337164750958,0.9941318979635224,0.9904306220095692,0.9878045256512846,0.9722987983706004,0.9948451764290068,0.9793116559338512,1.0,0.977557594261756,0.9788203540525522,0.9672971058925214,0.9579509116538998,0.9786897878880504,1.0,0.9730184100520456,0.9606876411402356,0.9791557423556714,0.9515808053235756,1.0,1.0,1.0,0.9902068067157676,0.969102768984119,0.9821676283732588,1.0,0.9972481741315532,0.9796679510965224,0.9685944966221784
align-dinov2+1b-llama-chat-things+hyp-abl10-shuffled-218,0.955251008971865,0.9407535186190552,0.9707498881181472,0.9722739857951126,0.964709093027677,0.974128582376005,0.9679454893538184,0.923892723892724,0.9880674119241194,0.9882352941176472,0.916298928950629,0.9437738108484744,0.967248466877822,0.914416777900643,0.9748427672955976,0.9496224167478384,0.936845949328191,0.9449089557785212,0.9617276931884042,0.9430549821852796,0.994370583981978,0.9550638919313618,0.9441252367121592,0.9814311563002728,0.9652450348633554,0.9017428151145898,0.9636630253313638,0.9362028017123888,0.9582140002283888,0.9755919638223736,0.9351464059034984,0.9685863874345548,0.9575084008462704,0.9665583896906118,0.9651162790697676,0.9193480337902392,0.9716816436040208,0.9493036424854608,0.94810279849891,0.9629936330360366,0.9595915505676348,0.9710174348045284,0.9221810740730498,0.9606748746010032,0.9783783783783784,0.973042540610108,0.905868448445464,0.9222835380713597,0.9624062036033868,0.9366879371219522,0.9391710401177789,0.968836102760821,0.959977727399276
align-dinov2+1b-llama-chat-things+hyp-abl10-shuffled-42,0.9506668514837378,0.9589832051978074,0.9464130746262064,0.9930146226905506,0.9604633523234004,0.9640503608341364,0.9587412426620536,0.9048915862641352,1.0,0.9705643915597326,0.8828481862964621,0.91788790495161,0.9741608391608392,0.9132390430434356,0.9493325378477142,0.9447881915885014,0.9500938718611828,0.944690420971256,0.9659080032074951,0.9253555572869168,0.9829876070326228,0.9679027799509728,0.9342078895498908,0.9937663387151408,0.9567099567099568,0.9095279007416014,0.9234874257888066,0.9458209119208936,0.9686605001712916,0.946540385314303,0.9179696846896258,0.9474718376687924,0.9492638952985558,0.934734289755506,0.953899916626754,0.9050125264089534,0.9661227411508626,0.9396064719594132,0.9716449855037264,0.9263803680981596,0.9712072795264932,0.9706609517987675,0.913025906316938,0.9511057107166416,0.9625006265128444,0.9783783783783784,0.8907974413646055,0.9464769306544064,0.9531140413275327,0.9274831632978432,0.9363195332932436,0.958902461328174,0.9269333333333334
align-dinov2+1b-llama-chat-things+hyp-abl10-shuffled-7,0.9475835297014716,0.9498683619084312,0.9560807437421498,0.9793586055591312,0.9514025015595098,0.9896907216494846,0.9770489503517676,0.8953524953524953,0.9939700634695992,0.9706099383426724,0.9171324067277616,0.9394963144963144,0.9738779302458548,0.9449822143646992,0.9874213836477987,0.949748743718593,0.957520041481442,0.9653568298006272,0.9405027580772262,0.951861972416742,0.9887005649717514,0.9804387199777173,0.9107606232302627,0.9753242426405844,0.9567476486767824,0.9410875488729172,0.94343505178378,0.9555066366436592,0.9786853508759412,0.9463023204092224,0.9260557346731548,0.9585528003238366,0.9576271186440678,0.9393880524526468,0.970858735570092,0.938560880780528,0.9772727272727272,0.9342214275174052,0.9716449855037264,0.9392235709565592,0.9651054789783112,0.976746692233228,0.9174941688695384,0.9608845685733134,0.9561714999671206,0.973042540610108,0.8995842563391158,0.945959863240124,0.9437368495930394,0.927637392289308,0.9421647546523508,0.9845082688528476,0.9379827258088128
align-dinov2+1b-llama-chat-things+hyp-abl10cat-218,1.0,0.9650788576300086,1.0,1.0,1.0,0.9851851851851852,0.9946524064171124,0.9653705723722088,1.0,0.9416407325076744,1.0,1.0,1.0,0.9818735388813252,0.9728484942364042,0.9723959671904616,0.9793839251179702,1.0,0.9909782621717462,1.0,0.9933504196190764,0.9945945945945948,0.9711714134444884,0.9902297530262364,0.9849261464579432,0.9742673515471848,1.0,1.0,0.9539622780364924,0.9527494202050416,1.0,0.969273214508751,0.9908146961720704,0.9732477813014726,0.9950738916256158,1.0,0.9856115107913668,1.0,1.0,1.0,0.967741935483871,0.981554362949712,1.0,1.0,1.0,0.9854521531720722,0.9968109966189536,0.9692880027226533,0.9653610751671244,0.9909708764152731,0.9892761394101875,0.993869719405272,0.9526304042433072
align-dinov2+1b-llama-chat-things+hyp-abl10cat-42,1.0,0.9519511506059088,1.0,1.0,1.0,0.96323029796714,1.0,0.9792223434233251,0.98152799581371,0.9469535783365572,1.0,1.0,1.0,0.9849105714462691,0.9727891156462584,0.9779127247645004,0.9809142426770224,1.0,0.9774282699437198,1.0,0.9933504196190764,0.9891304347826086,0.9713471713471712,0.9807003494467096,0.989951271816752,0.9742673515471848,1.0,1.0,0.9539622780364924,0.9763747101025207,1.0,0.9630621240097682,0.9908146961720704,0.986603089222266,1.0,0.9951690821256036,0.9927885452644892,1.0,1.0,1.0,0.9919155377141932,0.9815073877186672,1.0,1.0,0.991347289133264,0.9854521531720722,0.9840973981210462,0.9784432200887918,0.9752088902124116,0.9909708764152731,0.9973229524016116,0.969388267937685,0.9483761978271636
align-dinov2+1b-llama-chat-things+hyp-abl10cat-7,1.0,0.9563485720375108,1.0,0.9913709021506316,1.0,0.9702057613168724,1.0,0.972366898148148,1.0,0.941574486293575,1.0,1.0,1.0,0.9818735388813252,0.9796151237559636,0.9558254495290004,0.9795073523699536,1.0,0.9774620558934284,1.0,0.980051258857229,1.0,0.9711714134444884,0.9807003494467096,0.979902543633504,0.9743018419489008,0.9941479914781812,1.0,0.967066202817363,0.9586817546860036,1.0,0.969273214508751,1.0,0.9732477813014726,0.9950738916256158,0.9951690821256036,0.9927885452644892,1.0,0.995387652841174,1.0,0.9756147271986128,0.9815073877186672,1.0,1.0,1.0,1.0,0.9714482094177448,0.9877152010890612,0.9752579108336602,0.9909708764152731,0.9973150460719774,0.9816329607626108,0.9441283762073072
align-dinov2+1b-llama-chat-things+hyp-abl10cat-local-shuffled-218,0.9984854025121048,0.9456338813039844,0.995344216396848,0.982110862262038,1.0,0.993082883153928,1.0,1.0,1.0,0.939781714723018,0.9789473684210528,1.0,1.0,0.9900494207778976,0.9570923628906228,0.9829473525792544,0.9824645300663348,1.0,0.9907834101382488,1.0,0.976606229492376,1.0,0.9507722962883,1.0,0.9739263489724064,0.9712605016374024,0.9941898265860996,1.0,0.9932050412519876,0.9817216257982224,0.994843718690246,0.9710799617712648,1.0,0.9754339589391136,1.0,1.0,0.9855072463768116,1.0,0.98095039976846,1.0,0.9629521997557088,0.9874534508440912,1.0,1.0,1.0,0.9877300613496932,0.9903971685489628,0.964310338529538,0.97457558087556,0.99534303788836,0.997250169228992,0.9876543209876544,0.9789445825816818
align-dinov2+1b-llama-chat-things+hyp-abl10cat-local-shuffled-42,0.9984854025121048,0.9318689382427146,1.0,1.0,1.0,0.993123022572552,1.0,1.0,1.0,0.9672642827622852,0.9842931937172776,0.9907407407407408,1.0,0.9933548242050236,0.9876543209876544,0.988643724457949,0.9898006377936022,1.0,0.9861636058279862,1.0,0.9765153909745186,1.0,0.9332845413554076,1.0,0.9739491075078348,0.9835843801007734,0.9883863994023112,1.0,0.986424247118202,0.9878121500356326,0.997428944681692,0.9652390370319852,1.0,0.981554362949712,1.0,1.0,0.9855072463768116,1.0,0.990499273121706,1.0,0.9478927940940458,0.968669540850322,0.994350282485876,1.0,0.9914227519082086,0.993879691976524,0.9935724161076274,0.961253972246272,0.964483624379991,0.99534303788836,1.0,1.0,0.9789445825816818
align-dinov2+1b-llama-chat-things+hyp-abl10cat-local-shuffled-7,1.0,0.9546949010866536,1.0,0.982110862262038,1.0,0.993123022572552,1.0,0.9752208055938616,1.0,0.9781420765027322,0.9842931937172776,0.9907407407407408,1.0,0.9900494207778976,0.9814505707922636,0.988643724457949,0.9883769840247912,1.0,0.9953878686093286,1.0,0.984375,1.0,0.9471803595827866,1.0,0.984355809383444,0.9917982952060004,0.9941898265860996,1.0,0.9932050412519876,0.9695224278366222,0.997428944681692,0.982454563220637,1.0,0.9631509384086704,1.0,1.0,0.9855072463768116,1.0,0.9952552749633552,1.0,0.9701492537313432,0.9937189887221818,1.0,1.0,1.0,1.0,0.996790589447994,0.95841621837986,0.97457558087556,1.0,0.997250169228992,0.993822136673743,0.9705224156143544
align-dinov2+1b-llama-chat-things+hyp-abl10cat-shuffled-218,0.9632920982539214,0.9377567951959546,0.9432792954019468,0.9762531222499756,1.0,0.9874864690809936,1.0,0.9606210904204976,1.0,0.9605691806503166,1.0,1.0,0.9726612288348944,0.9485027541505768,0.963278055614381,0.9291751891372384,0.9411834002869698,0.9662749948464234,0.9817999330879892,1.0,0.9874255952380953,1.0,0.940958155886135,1.0,0.974847591593292,0.9210980761523988,0.950474274216729,1.0,0.963050645342312,0.977260963674007,0.9300279139433552,0.94018843020345,0.9335931771898512,0.9290135396518376,1.0,1.0,0.964447185776479,1.0,0.9538887144216732,0.9803921568627452,1.0,0.9447926157155018,1.0,1.0,0.968,0.9642857142857144,0.8910015698587127,0.93845994602102,0.9441303836742264,0.9454545454545454,0.9358563040552556,0.9642857142857144,0.926836258224971
align-dinov2+1b-llama-chat-things+hyp-abl10cat-shuffled-42,0.964853237405218,0.9065623402457532,0.9535524448815568,0.9762531222499756,1.0,0.98118200655819,1.0,0.9365079365079364,1.0,0.9608281866963652,1.0,1.0,0.979360676634553,0.924608648563471,0.9704165841420744,0.952901900779786,0.9204856726566292,0.9662749948464234,0.94065686831094,1.0,0.9875,0.9947643979057592,0.9371906900931334,1.0,0.9395420325068566,0.9204658234997604,0.933913711432595,1.0,0.9320096880820394,0.9658914455110108,0.9221559210823508,0.9733917168399928,0.9245790625848936,0.8936812848429023,1.0,1.0,0.9716312056737588,1.0,0.9166342663810612,1.0,0.9714285714285714,0.9445459519423348,0.994871794871795,1.0,0.97472,0.9410739645827898,0.91118772348989,0.9240517356000898,0.9186841281712628,0.9317215048461248,0.9290088422104424,0.9761904761904762,0.9230414565763266
align-dinov2+1b-llama-chat-things+hyp-abl10cat-shuffled-7,0.9571297412858631,0.8979572035559941,0.9587628865979382,1.0,1.0,0.9874213836477987,1.0,0.9448695265886968,1.0,0.9673399709256898,1.0,1.0,0.9726612288348944,0.913258892792364,0.9705094537815124,0.9235956200662084,0.9212017016024158,0.9772334834834836,0.931625097019152,1.0,0.9874255952380953,1.0,0.9479042551936484,1.0,0.9548081618759792,0.9121989929363202,0.9668303398371882,1.0,0.956843103964358,0.9829594994084612,0.9285844889215636,0.96,0.973443000397616,0.88642166344294,1.0,1.0,0.9499478888634688,1.0,0.953977127930683,0.9900762006025164,0.9857704795204796,0.9629427990708478,0.994871794871795,1.0,0.984,0.9408956933470494,0.9072706546722744,0.940687584100952,0.9492887486242872,0.9457355327858924,0.9233295495872778,0.9524494098962184,0.9515483205968894
align-dinov2+1b-llama-chat-things+hyp-abl20cat-218,1.0,0.9852941176470588,1.0,1.0,0.9923664122137404,0.991304347826087,1.0,0.9643603235686796,1.0,1.0,1.0,0.9737186836838349,0.9848695286195288,0.996145058514061,0.9735308063481438,0.9861111111111112,0.990327518167326,1.0,0.984852235346781,1.0,1.0,0.9864210526315788,1.0,0.991529699190716,0.994175566295282,1.0,1.0,1.0,0.9846117424242424,1.0,1.0,1.0,1.0,0.9929078014184396,0.9436813186813184,1.0,0.9899846547314578,0.9849624060150376,1.0,1.0,0.9892021857923498,0.980950988419698,1.0,1.0,1.0,1.0,1.0,0.992,1.0,0.994940109809031,0.9931972789115646,1.0,0.97067392333195
align-dinov2+1b-llama-chat-things+hyp-abl20cat-42,1.0,0.9852941176470588,1.0,0.9801980198019802,1.0,0.991304347826087,0.9933846348676616,0.9524804314249063,1.0,1.0,0.997194184390087,0.979016354016354,0.9773160723573948,0.996145058514061,0.9735308063481438,0.993103448275862,0.9916607223235198,1.0,0.9899497487437184,1.0,0.9899802884116607,0.9864210526315788,1.0,0.991529699190716,0.9883291602696864,0.9873417721518988,1.0,1.0,0.9769107808892308,0.9889775363548916,1.0,1.0,1.0,0.985714285714286,0.9436813186813184,1.0,0.9899846547314578,0.9849624060150376,0.9893231141804052,1.0,0.967866821525358,0.9805825242718448,1.0,1.0,1.0,1.0,1.0,0.992,1.0,0.994940109809031,0.9931972789115646,1.0,0.964768964665184
align-dinov2+1b-llama-chat-things+hyp-abl20cat-7,1.0,0.9706202115549416,1.0,0.9798252047426964,0.9923664122137404,0.982608695652174,0.9933846348676616,0.9522946096001124,1.0,1.0,1.0,0.979016354016354,0.9848695286195288,0.996145058514061,0.9735308063481438,0.993103448275862,0.9959881902196432,0.9906162492895052,0.9899182311203908,1.0,0.9899802884116607,0.9864210526315788,1.0,0.9746037088389482,0.9824592400555388,0.9937106918238994,1.0,1.0,0.9769107808892308,1.0,1.0,1.0,1.0,1.0,0.952979123816886,1.0,1.0,0.9924803527053428,1.0,0.991150442477876,0.9783068783068782,0.980950988419698,1.0,1.0,1.0,1.0,1.0,0.992,0.9931972789115646,0.9898607284970922,1.0,0.983059890622916,0.97067392333195
align-dinov2+1b-llama-chat-things+hyp-abl20cat-local-shuffled-218,1.0,0.9848589413806804,1.0,0.9748937462052216,0.9921259842519684,0.981651376146789,0.9941182578739154,0.9804700966991108,1.0,1.0,0.9783119939959468,0.9749022580387776,0.9654555732565908,0.9959216192157132,1.0,1.0,0.993179195141316,1.0,1.0,0.9950657177003056,0.9893482745571952,1.0,1.0,1.0,0.9829293813612489,1.0,0.9924812030075189,0.9947854814767004,0.9916602469827486,0.9875919300337904,0.984375,1.0,1.0,0.9774436090225564,0.99076963488311,1.0,0.9658119658119658,0.957822051546161,1.0,1.0,0.989319824383654,1.0,0.9930069930069928,1.0,1.0,0.981981981981982,0.9921259842519684,1.0,1.0,0.988617816583918,1.0,1.0,0.9877597683239324
align-dinov2+1b-llama-chat-things+hyp-abl20cat-local-shuffled-42,0.996089595624946,1.0,1.0,0.9875547791290584,1.0,0.981651376146789,1.0,0.9869455544455544,1.0,1.0,0.9808542003168664,0.95455110107284,0.9827483579638752,0.9959216192157132,1.0,1.0,0.9972566962119902,1.0,0.9841783281733746,0.9950657177003056,0.9893482745571952,1.0,1.0,1.0,0.9828750616245004,1.0,1.0,0.9973841265097212,0.9749314875974984,0.9632608695652174,0.992248062015504,1.0,1.0,1.0,0.99076963488311,1.0,0.94894945237411,0.950789897536068,0.9891494025016752,1.0,0.989319824383654,1.0,1.0,1.0,1.0,0.9731105711148476,0.984126984126984,1.0,1.0,1.0,1.0,1.0,0.993872715897724
align-dinov2+1b-llama-chat-things+hyp-abl20cat-local-shuffled-7,1.0,0.969717882761361,1.0,0.9875547791290584,1.0,0.981651376146789,0.9941182578739154,0.9869455544455544,1.0,1.0,0.9781846479197314,0.9699235993208828,0.9827483579638752,0.9959216192157132,1.0,1.0,0.9973144872937816,1.0,0.9894736842105264,1.0,0.9575244249109836,1.0,1.0,1.0,0.9772038567493112,1.0,1.0,0.9973841265097212,0.9833052749719416,0.975,0.984375,1.0,0.993288590604027,1.0,0.9724635875715012,1.0,0.9744191222023736,0.9437514505336564,0.9891494025016752,0.994475138121547,0.9679594731509624,1.0,1.0,1.0,1.0,0.9910368570382824,1.0,1.0,0.9928057553956836,0.9943299809897732,1.0,1.0,0.9816596228484048
align-dinov2+1b-llama-chat-things+hyp-abl20cat-shuffled-218,0.9312332743378712,0.9104477611940298,0.9324387830134956,0.988291095094164,1.0,0.946515988945914,0.9473684210526316,0.9355428727925392,1.0,1.0,0.9271417902485865,0.9020136083781214,0.9629629629629628,0.9519678378637644,1.0,1.0,0.9626642003453552,0.9078567827937716,0.8503534562397076,0.9247027759345278,0.9813871486768684,1.0,1.0,0.9679290558163798,0.9670257471362445,1.0,1.0,0.9315881268666004,0.908355316717971,0.975609756097561,1.0,1.0,1.0,1.0,0.9229601518026564,1.0,0.9230544924366684,0.8845795544015915,0.9187676876046642,1.0,1.0,0.9876880913946402,1.0,1.0,1.0,0.9723519037244528,1.0,1.0,1.0,0.9218293443645558,0.9930069930069928,0.9876897049310842,0.9016735794416418
align-dinov2+1b-llama-chat-things+hyp-abl20cat-shuffled-42,0.9619453955067572,0.9477757606479896,0.931401042726519,0.988174582847169,1.0,0.9532907135163556,0.9736842105263158,0.941058499609096,1.0,1.0,0.9349870511653952,0.912514673275075,0.9537076732052296,0.944307270233196,0.9752176407493328,1.0,0.9688868336211296,0.9688409381911304,0.899179096548638,0.9474255023151098,1.0,1.0,1.0,0.9760558103481688,0.9611431169058742,1.0,1.0,0.9634052491850658,0.9225160016289772,0.975609756097561,1.0,1.0,1.0,1.0,1.0,1.0,0.9245741335955444,0.8774682501482779,0.9771843462136222,1.0,0.9887308069431162,0.9876880913946402,1.0,1.0,1.0,0.9723519037244528,1.0,1.0,1.0,0.9055273592386996,1.0,1.0,0.936181413727148
align-dinov2+1b-llama-chat-things+hyp-abl20cat-shuffled-7,0.9176912279803578,0.9254063905073564,0.9443412197035388,0.988174582847169,1.0,0.973211343743574,0.9279788838612368,0.9421517449686464,1.0,1.0,0.9003418037900797,0.9181668439045808,0.9258751032335936,0.9394642215030564,0.987788051273809,1.0,0.9590565049616596,0.968998215724646,0.8634782078634563,0.9417101045202306,1.0,0.9834719537498448,1.0,0.9840269151138716,0.9498654523326616,1.0,1.0,0.9432125869865744,0.9507115599414072,0.987850154530601,1.0,1.0,1.0,1.0,0.970677427093393,1.0,0.9239249139997228,0.8772501998401279,0.908737384854488,1.0,0.9775280898876404,0.9876880913946402,1.0,1.0,1.0,0.9725873096734023,1.0,0.9793103448275862,1.0,0.892515348501264,1.0,1.0,0.9245780344048112
align-dinov2+1b-llama-chat-things+hyp-abl30-218,1.0,0.9385913021601066,1.0,0.9893477178760453,0.9584304584304584,0.976839331530407,1.0,0.9653643837998512,0.9893550221985832,0.9448051948051948,0.9902466775963158,0.9580838323353292,1.0,0.975836746255073,1.0,0.9635366258700674,0.990848797039007,1.0,0.9926530953906384,1.0,1.0,0.9685884044602404,0.963340512972866,0.9778019662921348,0.9934236244304894,0.9613590367218984,1.0,0.992114107547781,0.9791414706980216,0.9773570361805656,0.9954076363490064,0.9718879966705718,1.0,0.9803496081977096,0.9559701789001152,0.9690259521402088,0.989416976785398,0.9911801363574206,0.993747795760022,0.989837227590516,0.9581233776149032,0.9758879967913482,0.9538040618751972,0.9833688607407772,0.9902601563501218,0.9903495263989478,0.9948261082400404,0.975591579110044,0.9811395683927608,1.0,1.0,1.0,0.9555618889049782
align-dinov2+1b-llama-chat-things+hyp-abl30-42,1.0,0.9454120952912248,1.0,0.9784227181878749,0.9583901330736774,0.98873285702554,0.98520318816386,0.9444444444444444,1.0,0.9448051948051948,0.9902466775963158,0.9760582135585356,1.0,0.9806913809082484,1.0,0.9780048324358296,0.9871883158546098,0.9898565046813024,0.9926530953906384,1.0,0.9716127255199009,0.9685884044602404,0.952866373822256,0.9888351473330382,0.9934236244304894,0.9779194686188116,1.0,0.9960185661381806,0.9894702367578232,0.9924345556781188,0.9954076363490064,0.9576429374696208,1.0,0.9803496081977096,0.9559701789001152,0.9922527485144972,0.989416976785398,0.9911801363574206,0.993747795760022,1.0,0.9790616888074516,0.983976574500768,0.9689922480620154,0.9833688607407772,0.9902601563501218,1.0,0.989666447803518,0.9836455042932776,0.9748167204633932,0.9933318502039302,1.0,1.0,0.9555618889049782
align-dinov2+1b-llama-chat-things+hyp-abl30-7,1.0,0.9522289762059416,1.0,0.9789473684210528,0.9653704152855256,0.9776442463009628,1.0,0.9723090277777776,1.0,0.9514760904105376,0.9902978294716518,0.9760582135585356,1.0,0.975836746255073,1.0,0.9852941176470588,0.9963284889215628,1.0,0.9852941176470588,0.9941516467457822,1.0,0.9685884044602404,0.9632442633279328,0.9778019662921348,0.9868512426900584,0.9447682458732182,1.0,0.992114107547781,0.9894702367578232,0.969775678866588,0.9954076363490064,0.9648262234768444,0.9935841099682908,0.9613053613053612,0.9388072714023604,0.9767582455434908,0.989416976785398,1.0,1.0,0.989837227590516,0.9166666666666666,0.991962665597116,0.9456252453969612,0.9833688607407772,0.971128473881118,0.9806237879767292,0.9948261082400404,0.9711491664265638,0.9622911051212938,1.0,0.9959451137220872,0.989644133749604,0.9682584920749844
align-dinov2+1b-llama-chat-things+hyp-abl30-local-shuffled-218,1.0,0.9250087894436364,1.0,0.9882484176831484,0.9724825734428526,0.9789473684210528,0.9795705832628908,0.992003079094233,1.0,0.9500206276150792,0.9609099398215396,0.975613383978552,0.9819081590025388,0.9898477157360406,1.0,0.9914686345708994,0.992650324232836,1.0,0.9796071287598072,0.9933721800091748,0.9651431209602956,1.0,0.9643165411569198,1.0,0.9634802957074312,0.9943172639450628,0.9899482571107984,0.9884520458086542,0.9895815319963926,0.991387744827067,0.9951595167194895,0.9777528440081034,1.0,0.9712459045144012,0.982775667888947,0.9649761878067576,0.9689596118167548,0.9916251085414404,0.993748287738249,1.0,0.9717901563990472,0.9613937974593711,0.9707113543091656,1.0,1.0,1.0,0.9901687186502508,0.9571475959597184,0.9727891156462584,1.0,1.0,0.9907961603613776,0.9653387839634014
align-dinov2+1b-llama-chat-things+hyp-abl30-local-shuffled-42,1.0,0.931829686563772,1.0,0.9882484176831484,0.965616325020766,0.989393022786852,0.9931901944209636,0.984,0.9878481307052736,0.9426403974859328,0.947879919762053,0.987806691989276,0.9729215468376492,0.9898477157360406,1.0,1.0,0.992749321978138,1.0,0.993202376253269,0.9933721800091748,0.9651431209602956,1.0,0.9745590328321644,1.0,0.9708029197080292,0.9829429712784064,0.9899482571107984,0.9884520458086542,0.9793628808864264,0.991387744827067,0.9902992303547344,0.9777528440081034,0.9941508453551272,0.9526907537208432,0.9742778960170264,0.944070876874148,0.9689596118167548,0.9916251085414404,0.993748287738249,0.981440609951846,0.9717901563990472,0.9847222222222222,0.9488423300534388,1.0,1.0,0.9916995355090812,0.9852740333384364,0.9453474020565474,0.9523809523809524,1.0,1.0,0.9816964285714286,0.9884447230153756
align-dinov2+1b-llama-chat-things+hyp-abl30-local-shuffled-7,1.0,0.9250087894436364,1.0,0.9767441860465116,0.9587238601642792,0.989393022786852,0.9863648685280564,0.9760092372826994,0.9878481307052736,0.9643004482964848,0.947879919762053,0.9817093575286004,0.9819081590025388,0.984750603009448,1.0,0.9914686345708994,0.9891239829672072,1.0,0.9931915260818917,0.9933721800091748,0.9825715604801476,0.9902920608802962,0.9643165411569198,1.0,0.9562043795620438,0.9829517918351882,0.9899482571107984,0.9884520458086542,0.969321929377698,0.9742019316550948,0.9951595167194895,0.9332585320243104,1.0,0.9526907537208432,0.9658472315948456,0.9510353033720174,0.9583333333333334,0.9916251085414404,0.9874921679197994,0.9628812199036918,0.9622641509433962,0.9463458983145676,0.9488423300534388,1.0,1.0,0.9916995355090812,0.9852740333384364,0.9652125442034948,0.9795937259421242,1.0,0.9959260793021966,0.9907961603613776,0.971115669007514
align-dinov2+1b-llama-chat-things+hyp-abl30-shuffled-218,0.9305296717253534,0.946549899653348,0.9756584424584016,0.9896161140481636,0.9289318755256518,0.950958751393534,0.937919216887344,0.928129156256006,1.0,0.942877876840141,0.914165059790594,0.9240506329113924,0.9791666666666666,0.92571792781775,1.0,0.9600878373741693,0.932553045686891,0.9318181818181818,0.9437525292401384,0.9227702530028112,0.9732971110522132,0.9881935489771096,0.9500267907195707,0.9692959877524162,0.961730099463462,0.8834323973491836,0.9667579391307084,0.9485915743108838,0.9716745958280412,0.9925393943782844,0.9310027100271002,0.9155603639135772,0.9344849873670604,0.978051282051282,0.9392321963750536,0.9510877375979144,0.9908034594309104,0.9131344308044534,0.9446076822280756,0.9711250474256254,0.9908856752981452,0.9639894419306184,0.9634443884982038,0.9825873444294496,0.9909422784539764,0.9649122807017544,0.8978793006204175,0.9109188512361466,0.9469170842239274,0.9324324324324323,0.9305152723979112,0.9551985176400274,0.954207662576457
align-dinov2+1b-llama-chat-things+hyp-abl30-shuffled-42,0.955686755779628,0.946549899653348,0.9594307374306692,1.0,0.9572606214331008,0.9582860471471234,0.9517241379310344,0.952086286594761,1.0,1.0,0.9219494760037252,0.9367088607594936,0.9791666666666666,0.9312006027389166,1.0,0.9683535636476814,0.9580467086364092,0.9440270473328324,0.9507463902914342,0.948513502001874,0.9646825396825396,0.9881935489771096,0.935386470885044,0.9696989922879924,0.9681319768827904,0.9512267679571038,1.0,0.9745840396037596,0.980950988419698,0.9627052789764888,0.9557271641687388,0.9692673992673992,0.9399661771616944,0.9565705128205128,0.9491773221326112,0.93006993006993,0.981724689041762,0.9367179347579512,0.9656397471812928,0.9626330532212884,0.9727920307640648,0.9734985938492244,0.9488221438974854,0.9566171283267824,0.9910368570382824,0.9824561403508772,0.9282786396892352,0.9066184610705595,0.9536546022344632,0.9323334323334322,0.9598598688133572,0.9731191105840166,0.9656557469323428
align-dinov2+1b-llama-chat-things+hyp-abl30-shuffled-7,0.9478075353970898,0.9533777596445896,0.9594307374306692,0.9796506300114548,0.9570053475935828,0.9668688539656282,0.9172019704433496,0.984018528049408,1.0,0.9809523809523808,0.9386387676212088,0.9620496709104304,0.9688582089552238,0.9560493755053542,0.9880837501659951,0.9602467249526072,0.9625060751661328,0.9428520499108736,0.9154929577464788,0.9678969945242136,0.9910990370174044,0.9881935489771096,0.9450951624361308,0.9896107690060502,0.9681319768827904,0.9207405519214562,0.9833789695653542,0.9668722369370822,0.9711599951702272,0.9701625651009168,0.936276439373178,0.9384615384615383,0.9508373708546272,0.945971376219482,0.9692598844048896,0.9302492379415458,0.9727527620223534,0.952140812981023,0.9931437946025756,1.0,1.0,0.9821428571428572,0.9489843841728308,0.9654049127733338,0.9909422784539764,0.9824561403508772,0.9232850996355354,0.9326494210697978,0.953666798913541,0.9391752921164686,0.963937828452582,0.9551985176400274,0.954080771549126
align-dinov2+1b-llama-chat-things+hyp-abl30cat-218,1.0,1.0,1.0,1.0,1.0,1.0,0.991704770942973,1.0,1.0,1.0,1.0,1.0,1.0,0.986596618845558,1.0,1.0,1.0,1.0,1.0,0.9935247733502002,1.0,1.0,0.9635120435120436,1.0,1.0,1.0,1.0,0.994874633910786,1.0,0.9846153846153846,1.0,0.9584821428571428,0.993761163415112,1.0,1.0,0.9902125556104796,1.0,0.9850746268656716,1.0,1.0,1.0,1.0,1.0,1.0,1.0,0.9436843281913704,1.0,1.0,0.945397000983284,1.0,0.9964544140530752,0.9812593590895478,0.985578231292517
align-dinov2+1b-llama-chat-things+hyp-abl30cat-42,1.0,1.0,1.0,1.0,1.0,1.0,0.991704770942973,1.0,1.0,1.0,1.0,1.0,1.0,0.9933162470475904,1.0,1.0,1.0,1.0,1.0,1.0,1.0,1.0,0.9726831308226656,1.0,1.0,1.0,1.0,1.0,1.0,1.0,1.0,0.9583333333333334,1.0,1.0,0.9873417721518988,0.9803921568627452,1.0,0.9850746268656716,1.0,1.0,1.0,1.0,0.9882352941176472,1.0,1.0,1.0,1.0,1.0,0.9551790222372858,1.0,1.0,0.9619712664940188,0.9782579258779548
align-dinov2+1b-llama-chat-things+hyp-abl30cat-7,1.0,1.0,1.0,1.0,1.0,1.0,1.0,1.0,1.0,1.0,1.0,1.0,1.0,0.9933162470475904,1.0,1.0,1.0,0.9852439725606088,1.0,1.0,1.0,0.9799910873440286,0.9818181818181818,0.985991199154614,1.0,1.0,1.0,1.0,1.0,1.0,1.0,0.9686829474872954,1.0,1.0,1.0,0.9803137568502012,1.0,0.9850746268656716,1.0,1.0,1.0,1.0,1.0,1.0,1.0,0.9859042814098522,1.0,1.0,0.991184216345748,1.0,0.9929577464788732,0.9522621116926752,0.971156462585034
align-dinov2+1b-llama-chat-things+hyp-abl30cat-local-shuffled-218,1.0,1.0,1.0,1.0,1.0,1.0,0.9926114924839184,0.9655172413793104,1.0,1.0,0.9873417721518988,1.0,1.0,0.9857142857142858,1.0,0.9787234042553192,1.0,1.0,1.0,1.0,1.0,1.0,0.9903543691214924,1.0,0.9863013698630138,1.0,1.0,1.0,1.0,0.987012987012987,0.9867213540314624,0.9671259867489186,0.987860688357514,1.0,1.0,0.9804539868765796,0.9833860304685254,0.961038961038961,1.0,1.0,0.9714285714285712,1.0,0.972972972972973,1.0,1.0,0.9501587301587302,0.9855072463768116,0.991304347826087,1.0,1.0,0.9965930780949344,0.9905990203229276,0.9651076435505924
align-dinov2+1b-llama-chat-things+hyp-abl30cat-local-shuffled-42,1.0,1.0,1.0,1.0,1.0,1.0,0.9851851851851852,0.9830508474576272,1.0,1.0,0.9873417721518988,1.0,1.0,0.9928845825123928,1.0,1.0,1.0,1.0,1.0,1.0,1.0,1.0,0.9708602541695992,0.9823883379947452,1.0,1.0,1.0,0.9896649636885662,1.0,1.0,0.990106729223324,0.9669302793248284,0.993953576445119,1.0,1.0,0.9902125556104796,1.0,0.9873417721518988,1.0,1.0,0.9859154929577464,1.0,0.972972972972973,1.0,1.0,0.9875218983914636,0.9855072463768116,0.991304347826087,0.9664835164835164,1.0,0.993220569110128,0.981132075471698,0.9861001642036124
align-dinov2+1b-llama-chat-things+hyp-abl30cat-local-shuffled-7,1.0,1.0,1.0,1.0,1.0,1.0,1.0,0.9830508474576272,1.0,1.0,0.9873417721518988,1.0,1.0,0.9858214285714284,1.0,1.0,1.0,1.0,1.0,1.0,1.0,1.0,0.9903543691214924,0.9649122807017544,0.9722222222222222,1.0,0.9885057471264368,0.9947991575335744,1.0,1.0,0.990106729223324,0.9889767597749428,0.987860688357514,1.0,1.0,0.9804539868765796,0.9833860304685254,0.9873417721518988,1.0,1.0,1.0,1.0,0.9866666666666668,1.0,1.0,0.975079365079365,0.9855072463768116,0.9824561403508772,0.9747870462742688,1.0,0.9965930780949344,0.9715919847174976,0.979232127689478
align-dinov2+1b-llama-chat-things+hyp-abl30cat-shuffled-218,0.6245369521364387,1.0,1.0,1.0,1.0,1.0,0.9144312393887946,0.4857142857142857,1.0,1.0,1.0,1.0,0.9881001798810018,0.8332443811895867,1.0,1.0,1.0,0.949874686716792,1.0,0.8932778932778933,1.0,1.0,0.8799603174603174,0.9666666666666668,1.0,1.0,1.0,0.8801223241590215,1.0,1.0,0.8186127671949979,0.9176985616010008,0.7849462365591398,1.0,1.0,0.8373066735025207,0.8971428571428571,0.4947368421052631,0.9137737961926092,1.0,1.0,1.0,1.0,1.0,1.0,1.0,1.0,1.0,0.9070990359333916,1.0,0.6897546897546898,0.8872425682601808,0.8364849833147943
align-dinov2+1b-llama-chat-things+hyp-abl30cat-shuffled-42,0.9472493891082876,1.0,1.0,1.0,1.0,1.0,0.9264700347514082,1.0,1.0,1.0,1.0,1.0,0.9766537467700256,0.9079067302596716,1.0,1.0,1.0,0.9833472570314676,1.0,0.9333413863813138,1.0,1.0,0.933412581606853,0.9844447727869712,1.0,1.0,1.0,0.9291768083380142,1.0,1.0,0.9202349296288014,0.9018242784719172,0.9184574022001872,1.0,1.0,0.9097941306374834,0.9327849588719154,1.0,0.9695274422547152,1.0,1.0,1.0,0.9876543209876542,1.0,1.0,0.9778565002249212,1.0,1.0,0.9223040343610984,1.0,0.8958388550225285,0.9261645021645022,0.9364145523846084
align-dinov2+1b-llama-chat-things+hyp-abl30cat-shuffled-7,0.8060439560439561,1.0,1.0,1.0,1.0,0.4891304347826087,0.8753036437246964,1.0,1.0,1.0,1.0,1.0,0.9296235679214404,0.8348214285714286,1.0,1.0,1.0,0.9166435120866908,1.0,0.8224897540983607,1.0,1.0,0.9304197814836112,0.9831888626214866,1.0,1.0,1.0,0.8801223241590215,1.0,1.0,0.8065365770766659,0.9434212110268448,0.8964624676445211,1.0,0.4945054945054945,0.8857142857142857,0.8465473145780051,1.0,0.915498109986587,1.0,1.0,1.0,1.0,1.0,1.0,0.942388938676226,1.0,1.0,0.9070990359333916,1.0,0.7275337890564035,0.928245270711024,0.9001358695652174
align-dinov2+1b-llama-chat-things+hyp-abl40cat-218,1.0,0.9795478494108631,1.0,1.0,1.0,1.0,1.0,0.9830803670266416,1.0,1.0,1.0,1.0,1.0,0.9919416691299634,1.0,0.9812170342313002,1.0,1.0,0.9727891156462584,0.99240621879903,1.0,1.0,0.9777777777777776,1.0,1.0,1.0,1.0,1.0,0.96,1.0,1.0,1.0,1.0,1.0,1.0,1.0,1.0,1.0,1.0,1.0,1.0,0.9824561403508772,1.0,1.0,1.0,1.0,1.0,0.9861664177866268,0.9836065573770492,1.0,1.0,1.0,0.9696630483943915
align-dinov2+1b-llama-chat-things+hyp-abl40cat-42,1.0,0.9585257985257988,1.0,1.0,1.0,1.0,1.0,0.9830111655084496,1.0,1.0,1.0,1.0,1.0,0.9919416691299634,1.0,1.0,1.0,1.0,0.9863945578231292,1.0,1.0,1.0,1.0,1.0,1.0,1.0,1.0,1.0,1.0,1.0,1.0,1.0,1.0,1.0,1.0,1.0,1.0,1.0,1.0,1.0,1.0,1.0,1.0,1.0,1.0,1.0,1.0,0.9794252394835484,0.9836065573770492,1.0,0.9948322186017264,1.0,0.984831524197196
align-dinov2+1b-llama-chat-things+hyp-abl40cat-7,1.0,0.9795478494108631,1.0,0.9750156347717324,1.0,1.0,1.0,1.0,1.0,1.0,1.0,1.0,1.0,1.0,1.0,1.0,0.9975280023620614,0.9787234042553192,0.9794160406862374,1.0,1.0,0.9824561403508772,1.0,1.0,1.0,1.0,1.0,1.0,0.96,0.9876181059107888,1.0,1.0,1.0,1.0,1.0,0.9767441860465116,1.0,1.0,1.0,1.0,1.0,1.0,1.0,1.0,1.0,1.0,1.0,0.9794252394835484,1.0,0.979591836734694,1.0,0.9777777777777776,0.9774346050012724
align-dinov2+1b-llama-chat-things+hyp-abl40cat-local-shuffled-218,1.0,0.978856462179869,1.0,0.9786646561768708,1.0,1.0,1.0,0.9803921568627452,1.0,1.0,0.979591836734694,0.9863013698630138,1.0,0.991795407700898,1.0,0.9627551815490104,1.0,1.0,1.0,0.993114791340103,1.0,0.9777777777777776,1.0,1.0,1.0,1.0,1.0,1.0,1.0,0.97578125,1.0,1.0,1.0,1.0,1.0,1.0,1.0,1.0,1.0,0.9850746268656716,1.0,1.0,1.0,1.0,1.0,1.0,0.9787234042553192,0.960412111574902,1.0,1.0,1.0,1.0,0.9626757187114314
align-dinov2+1b-llama-chat-things+hyp-abl40cat-local-shuffled-42,1.0,0.9895084372707263,1.0,1.0,1.0,1.0,1.0,1.0,1.0,1.0,0.9583333333333336,1.0,1.0,0.9919400288530248,1.0,0.9627551815490104,1.0,1.0,1.0,1.0,1.0,1.0,1.0,1.0,1.0,0.9863013698630138,1.0,1.0,1.0,0.9879969272133666,1.0,1.0,1.0,1.0,1.0,1.0,1.0,1.0,1.0,0.9850746268656716,1.0,1.0,1.0,1.0,1.0,1.0,1.0,0.9534447364636044,1.0,1.0,1.0,1.0,0.9632419153713416
align-dinov2+1b-llama-chat-things+hyp-abl40cat-local-shuffled-7,1.0,0.9791666666666666,1.0,1.0,1.0,1.0,1.0,0.9803770564829704,1.0,1.0,0.979591836734694,1.0,1.0,1.0,1.0,0.9629629629629628,1.0,1.0,0.9857142857142858,0.986154428268624,1.0,1.0,1.0,1.0,0.9767441860465116,1.0,1.0,1.0,1.0,0.9879969272133666,1.0,1.0,1.0,1.0,1.0,1.0,1.0,1.0,1.0,0.9850746268656716,1.0,1.0,0.9565217391304348,1.0,1.0,1.0,1.0,0.9391220679253132,1.0,1.0,1.0,1.0,0.9776054312268588
align-dinov2+1b-llama-chat-things+hyp-abl40cat-shuffled-218,1.0,0.9231409001956948,1.0,1.0,1.0,1.0,1.0,0.9760932944606412,1.0,1.0,1.0,0.9850746268656716,1.0,0.9447346451997616,1.0,0.9216346153846152,0.974685058499234,1.0,0.9628710292146072,0.960127591706539,1.0,1.0,1.0,1.0,1.0,1.0,1.0,1.0,0.9818181818181818,0.965284194067364,1.0,1.0,1.0,1.0,1.0,1.0,0.9818181818181818,1.0,1.0,1.0,1.0,1.0,1.0,1.0,1.0,1.0,1.0,0.9277461007029292,1.0,1.0,0.938956983478464,1.0,0.9345803593403889
align-dinov2+1b-llama-chat-things+hyp-abl40cat-shuffled-42,1.0,0.943310657596372,1.0,0.9807621161672216,0.4923076923076923,0.4912280701754385,1.0,0.975848188614146,1.0,1.0,0.4807692307692308,0.4848484848484848,1.0,0.8580166011358672,1.0,0.9606060606060608,0.6588541666666666,1.0,0.8712565606668725,0.9357487922705314,1.0,0.4897959183673469,0.4776119402985074,1.0,1.0,1.0,1.0,1.0,0.4909090909090909,0.899624060150376,1.0,1.0,1.0,1.0,1.0,1.0,1.0,1.0,1.0,1.0,1.0,0.4915254237288136,1.0,1.0,1.0,1.0,1.0,0.8605918171135563,1.0,0.4893617021276595,0.8462138953942233,1.0,0.797768479776848
align-dinov2+1b-llama-chat-things+hyp-abl40cat-shuffled-7,1.0,0.8979591836734694,1.0,0.9807050092764378,1.0,1.0,1.0,1.0,0.4915254237288136,1.0,1.0,1.0,1.0,0.8905723905723906,1.0,0.9600614439324116,0.7572908803952515,1.0,0.8780701754385964,0.8988336713995944,1.0,1.0,1.0,1.0,1.0,1.0,1.0,1.0,1.0,0.9110889110889112,1.0,1.0,1.0,1.0,1.0,1.0,0.4909090909090909,1.0,0.4893617021276595,1.0,1.0,1.0,1.0,1.0,1.0,1.0,1.0,0.837464192302902,1.0,0.4782608695652174,0.7650948509485095,1.0,0.7856614929785661
align-dinov2+1b-llama-chat-things+hyp-abl50-218,1.0,0.9413828689370484,1.0,0.9824388557600898,0.9632260101010102,0.9798260462244366,0.988873570901394,0.9550954308849046,0.981736392262708,0.9733273483273482,0.9839807050438936,0.9652450364812668,0.9570508863215452,0.9734260930517832,1.0,0.962170434231964,0.9879810295644796,1.0,0.9875260792810142,0.9912990621169926,0.982221098752949,0.9695535714285712,0.9250310675955564,0.9843346157640328,1.0,0.9809139503196728,1.0,0.9859154929577464,0.981334865524846,0.9266029403544076,1.0,0.9577971324450196,1.0,0.9496804358892178,0.925404007756949,0.9710144927536232,0.9530199252801992,0.9831608711677366,0.9891239947036792,0.9628176701347432,0.9435187012227068,0.9600046194239988,0.9452054794520548,1.0,0.9820830361581188,0.9847764250768004,0.9929761806707692,0.9749194119034515,0.9697031558825984,1.0,0.9826195038530732,0.9436345966958212,0.9516006012069004
align-dinov2+1b-llama-chat-things+hyp-abl50-42,0.9955379673367888,0.955969753078427,1.0,1.0,0.9632260101010102,0.9798260462244366,1.0,0.9222247286763416,1.0,0.9733273483273482,0.98943987700486,0.988389674738272,0.978406020410442,0.9822643629723274,0.9534883720930232,0.962170434231964,0.9879810295644796,1.0,0.9750959079283888,1.0,0.982221098752949,0.9695535714285712,0.9464507625682544,0.9253400485910372,0.9633581007074984,0.9809139503196728,1.0,1.0,0.981334865524846,1.0,1.0,0.9577971324450196,0.972776395917317,0.9505664823710686,0.9622061965811964,1.0,1.0,0.9831608711677366,0.9891239947036792,0.981111258219692,0.9622641509433962,0.9470746882426768,0.9042929709706404,0.984352827180946,1.0,1.0,1.0,0.958459507725755,0.959479951276506,1.0,0.9941647837603816,0.9579751344316196,0.961374668691742
align-dinov2+1b-llama-chat-things+hyp-abl50-7,1.0,0.9705882352941176,1.0,0.9824388557600898,0.9632260101010102,1.0,0.988873570901394,0.969815233785822,1.0,0.9865792703002004,0.9893617021276596,0.9768079355365158,0.978406020410442,0.9823008849557522,0.9758421423537702,0.9624154005188118,0.9876938309514012,1.0,1.0,0.9912990621169926,1.0,0.9845870003667032,0.9681407007859812,1.0,0.9760778964916268,0.9713340423017842,1.0,1.0,0.981334865524846,0.9851661701713764,1.0,0.9577971324450196,1.0,0.9667668506109578,0.9437112183591057,0.9854695784011828,0.9532060785767232,0.9831608711677366,0.9891239947036792,0.981111258219692,0.9810770869849124,0.9864353590380988,0.93181906880537,1.0,1.0,0.9847764250768004,0.9859872889821196,0.9832225387780942,0.9696845821526456,1.0,0.9826195038530732,0.9579751344316196,0.9516006012069004
align-dinov2+1b-llama-chat-things+hyp-abl50-local-shuffled-218,1.0,0.951019020689442,1.0,0.9774097078444904,0.9360592656525336,0.9635307781649244,0.9708792793287652,0.9607843137254902,1.0,0.9733983983983984,0.9781219018061124,0.9899181751033604,0.9861356065059768,0.9905438108904429,0.9856182689000028,0.9632836299502966,0.994036389007066,1.0,1.0,1.0,0.9083846153846156,0.9506957183123798,0.9809523809523808,0.979211026770476,0.9578319950058578,0.9903005006342228,0.9849111133514804,0.986013986013986,0.982613660976234,0.9560477703483604,0.9646963562753036,0.9444444444444444,0.9916626019092746,0.9740080307413324,0.9689814814814814,0.9466666666666668,0.9754780924715566,0.9828539388842163,1.0,0.9855803190841552,0.952915681639086,0.9607073313597287,0.9052711993888464,0.9693917193917192,0.9813210445468508,1.0,1.0,0.9687817882072328,0.9377448475557828,1.0,1.0,0.9695722881769392,0.9683227111976852
align-dinov2+1b-llama-chat-things+hyp-abl50-local-shuffled-42,1.0,0.9266850701633312,1.0,1.0,1.0,0.9819650679865732,0.9708627881207502,0.9805471595752926,1.0,0.9733983983983984,0.9619422289142991,0.9899181751033604,0.9861356065059768,1.0,1.0,0.9630831935652582,0.9909965771942544,0.9837465342270316,0.9871987083381388,1.0,1.0,0.9841417521836334,0.9904692394246268,1.0,0.9578319950058578,0.980534166573671,0.9849111133514804,0.9930432138569534,0.982613660976234,0.970535521152004,0.9823481781376516,0.9444444444444444,0.9833147321428573,0.948549257759784,0.9689814814814814,0.9604593301435408,0.9633236547698484,0.9828539388842163,1.0,0.9849699663941152,0.9215261360651432,0.9872570659219108,0.9052711993888464,1.0,0.9813210445468508,0.9857894564826616,0.984375,0.9766305654083424,0.9623376623376624,1.0,1.0,0.9545701357466064,0.9895035849773564
align-dinov2+1b-llama-chat-things+hyp-abl50-local-shuffled-7,1.0,0.9388487755325842,0.9763838868880886,0.9774097078444904,0.9360592656525336,0.9642857142857144,0.9805825242718448,0.9607843137254902,1.0,0.9863647431215,0.972815877795928,0.9697545253100808,0.9723090277777776,1.0,1.0,0.938806049917161,0.9969988590647516,1.0,1.0,0.9916660879227724,0.9233870186251136,0.967741935483871,0.961842105263158,1.0,0.9438664243525668,0.9903005006342228,0.9849111133514804,0.9930432138569534,0.982613660976234,0.9560477703483604,0.9734329804040504,0.9166666666666666,0.9916626019092746,0.923467492260062,0.953933220147142,0.9598098633392752,0.9630970447162648,0.9828539388842163,0.989010989010989,0.9716671357538232,0.9369034994697772,0.9872570659219108,0.9056582633053222,1.0,1.0,1.0,0.984375,0.897880368700904,0.9619643801798624,1.0,1.0,0.9545701357466064,0.9790613539498464
align-dinov2+1b-llama-chat-things+hyp-abl50-shuffled-218,0.918512658227848,0.906810035842294,0.9281521959117588,1.0,0.9788243884629426,0.9367614180772916,0.9584048027444254,0.9783549783549784,1.0,0.9222873900293256,0.8431746031746032,0.9732142857142856,1.0,0.9397727272727272,1.0,0.9076923076923078,0.8111888111888113,0.9552364864864864,0.9558733401430032,0.9409090909090908,0.9394654088050314,0.9501748251748252,0.9276600231994094,1.0,0.9840627371616494,0.9290382819794584,0.961904761904762,0.9421362580366308,1.0,0.8884146341463415,0.8560436832961033,0.9342672413793104,0.94208547008547,0.9785193709244342,0.9776039815143976,0.9045954918748907,0.9584472389283762,0.9061166429587482,0.9138198757763976,0.9772043010752688,0.9725073313782991,0.9589603283173734,0.916083916083916,1.0,1.0,0.904170363797693,0.8865079365079365,0.905448717948718,0.9205648720211828,0.903985171455051,0.9589317208364828,0.9852087624040442,0.9051162790697674
align-dinov2+1b-llama-chat-things+hyp-abl50-shuffled-42,0.8759036144578314,0.9196980096087852,0.9574425574425576,0.9703081232492996,0.956845238095238,0.9568627450980391,0.9062197873026104,0.937142857142857,0.8148148148148148,0.9589783281733746,0.8462719389236961,0.9597423510466988,0.919496855345912,0.8996212121212122,0.95579133510168,0.8174617461746174,0.8105767694519892,0.910472972972973,0.9274047186932848,0.9201228878648232,0.91289592760181,1.0,0.9587542087542088,0.9601731601731602,0.9841109709962168,0.9824074074074074,0.961904761904762,0.9402777003290024,0.97837646224743,0.960594315245478,0.8412589804994868,0.9672043010752688,0.8585379272402174,0.806674338319908,0.95625,0.8428283568419125,0.9163609684519444,0.8952380952380952,0.943295019157088,0.8933601609657947,0.9727470930232558,0.9798319327731092,0.9038901601830664,0.9499105545617174,0.8673740053050398,0.9375,0.8430659042338128,0.8287665386256935,0.9089068825910932,0.9045513174866407,0.8469483568075118,0.9414814814814816,0.9253372372686396
align-dinov2+1b-llama-chat-things+hyp-abl50-shuffled-7,0.8629711751662972,0.9345966795237296,1.0,1.0,0.9386243386243386,0.9779042517576164,0.9155052264808364,0.9783549783549784,1.0,0.9797168006123228,0.8937908496732027,0.9188311688311688,0.9676113360323888,0.9005628517823641,1.0,0.9458333333333332,0.8305160568780956,1.0,0.9415584415584416,0.9090113735783028,0.9697327044025156,1.0,0.9178197064989516,1.0,0.9681818181818184,0.9382113821138212,1.0,0.9108807082945014,0.97837646224743,0.921188630490956,0.935632183908046,0.9344086021505376,0.942006162273194,0.9125,0.9764309764309764,0.945109078114004,0.9572633552014996,0.9090157154673284,0.9138198757763976,0.933997509339975,0.9863163656267104,0.9394957983193276,0.91521268925739,1.0,0.9489274770173646,0.9544592030360532,0.9038547736441058,0.9456388206388208,0.9311575726670068,0.9444861215303826,0.8908482142857144,0.9707407407407408,0.916971916971917
align-dinov2+1b-llama-chat-things+hyp-abl70-218,1.0,0.9110671936758892,1.0,1.0,0.9309309309309308,1.0,0.9577586206896552,0.9494252873563218,1.0,0.7301587301587301,0.967586649550706,1.0,1.0,0.984561403508772,1.0,0.4878048780487805,0.9342528735632184,1.0,0.9196428571428572,0.9828681956341532,1.0,0.4651162790697674,0.9309262166405023,0.9017857142857144,0.9404761904761904,0.9639751552795032,1.0,1.0,0.4901960784313725,0.9705627705627706,1.0,0.9683720930232558,1.0,0.9524475524475524,0.8287526427061311,0.9536842105263156,1.0,0.9292929292929292,1.0,0.7878787878787878,0.90625,1.0,0.8497316636851521,0.8251748251748252,1.0,0.9677158999192896,1.0,0.9614845938375348,1.0,0.967967967967968,0.983582364877329,1.0,0.9092331768388108
align-dinov2+1b-llama-chat-things+hyp-abl70-42,1.0,0.9777997690912088,1.0,0.9226470588235294,0.958349654001828,1.0,0.9588669950738916,0.97707348174911,1.0,1.0,0.9901955745362172,1.0,1.0,0.9695545682387788,1.0,1.0,0.985529854760624,1.0,0.9729044834307992,0.9838041162680832,1.0,0.9302325581395348,0.9543560606060606,0.911525974025974,0.9753241800152554,0.9298153953326368,1.0,1.0,1.0,1.0,0.9846958270487682,1.0,1.0,0.9714520773344304,0.9316498316498316,0.9772132629275486,1.0,0.9543049543049544,1.0,0.9658899020601148,1.0,1.0,0.9251700680272108,0.9617344173441734,0.9681917211328976,1.0,1.0,0.9636363636363636,0.9778448131389308,0.9685935935935936,0.9886604113424904,0.9575352184047836,0.9655172413793104
align-dinov2+1b-llama-chat-things+hyp-abl70-7,0.985663082437276,0.8444444444444444,1.0,0.9523809523809524,0.9309309309309308,1.0,0.8964059196617336,0.9252971137521222,1.0,0.6964285714285714,0.9376543209876544,1.0,1.0,0.9540283259809612,0.9085714285714286,0.475,0.9576923076923076,1.0,0.8518518518518519,0.9476793248945148,0.9090909090909092,0.4651162790697674,0.8834128245892952,0.9017857142857144,0.969488939740656,0.9092331768388108,1.0,0.985865198631156,1.0,0.9403508771929824,0.982624966586474,0.8418604651162791,1.0,0.91005291005291,0.7467166979362101,0.9541666666666666,0.8766666666666667,0.86875,1.0,0.7495527728085868,0.8991596638655461,0.9652096342551292,0.7142857142857142,0.875,1.0,0.9654874892148404,0.8173076923076923,0.9027925061859314,0.9773755656108596,1.0,0.983582364877329,0.9463869463869464,0.8261738261738262
align-dinov2+1b-llama-chat-things+hyp-abl70-local-shuffled-218,0.9692004096620288,0.8829983404019915,0.9696969696969696,0.9714520773344304,0.9354497354497354,1.0,0.9667037449017428,0.8851343558989735,0.932900432900433,0.8918918918918919,0.91866441767495,0.8866572703782005,0.9707182607791128,0.951784068466096,0.8976443610589953,1.0,0.9934256219970506,0.8726163234172387,1.0,0.9820362286115712,0.898901098901099,0.9824561403508772,0.8665141113653698,0.947983697983698,1.0,0.9304169514695828,0.9623920265780732,0.9895084372707263,0.9714285714285712,0.9698099353271769,0.9845249110686158,0.917283950617284,0.9434575193094048,0.9652144545761566,0.9113095238095238,0.9184353741496598,0.908934252386002,0.9724479955916794,1.0,0.8888888888888888,0.8571428571428571,1.0,0.7784313725490196,0.9596371882086168,0.8795031055900621,0.9383116883116884,0.9374572795625428,0.908001768346596,0.7962133256250904,1.0,0.9697436333603412,1.0,0.9235706294529824
align-dinov2+1b-llama-chat-things+hyp-abl70-local-shuffled-42,0.9895667307079288,0.9415892672858616,1.0,0.9695093348344122,0.9354497354497354,1.0,1.0,0.9617114519663246,0.932900432900433,0.9473634473634474,0.9498016886877388,0.9545454545454546,1.0,0.983928022822032,0.9303350970017638,0.9767441860465116,0.9934256219970506,1.0,1.0,0.9820362286115712,0.9669408538973756,1.0,1.0,0.9735308063481438,0.9699334811529934,0.9652084757347916,1.0,0.9896532039389182,0.9714285714285712,1.0,0.9845249110686158,0.9451659451659452,0.9859323774816732,1.0,0.9543049543049544,1.0,0.9682748538011696,1.0,1.0,1.0,0.8484848484848485,1.0,0.9134948096885812,1.0,0.9664723032069972,1.0,1.0,0.9534390138163724,0.9773570361805656,1.0,1.0,1.0,0.9235706294529824
align-dinov2+1b-llama-chat-things+hyp-abl70-local-shuffled-7,1.0,0.9026487788097696,1.0,0.9363083164300204,0.9354497354497354,1.0,0.9500416782439566,0.8470695970695972,1.0,0.8420903420903421,0.91866441767495,0.9547348484848488,0.9707182607791128,0.967741935483871,0.8976443610589953,0.9523809523809524,0.9934256219970506,0.9147688060731538,1.0,0.9820362286115712,1.0,1.0,0.9343147651425364,0.923108754687702,0.9402097902097902,0.947087062795646,0.9623920265780732,0.9895084372707263,0.9714285714285712,0.9385780885780886,0.9845249110686158,0.9724279835390948,0.9434575193094048,0.8461357763683346,0.9543049543049544,0.9796088648225248,0.9691306755260244,1.0,1.0,0.8888888888888888,0.8030303030303029,1.0,0.9698853126156122,1.0,0.8520923520923521,0.9698696365363032,0.9687286397812712,0.8904366420375356,0.8421474736991084,1.0,1.0,1.0,0.9432050445749076
align-dinov2+1b-llama-chat-things+hyp-abl70-shuffled-218,0.7239568135395389,0.9777777777777776,1.0,0.7086247086247086,0.915057915057915,0.9236111111111112,0.9348692955250332,0.9236842105263158,1.0,0.7948717948717949,0.7024277456647399,0.9467787114845938,0.9372549019607844,0.9394594594594594,0.4651162790697674,1.0,0.789444132509826,0.9166666666666666,0.893939393939394,0.7985347985347986,0.9093877551020408,1.0,0.9166666666666669,1.0,0.9599499374217773,0.9403377110694184,0.9353535353535354,0.8567119155354449,1.0,0.9249530956848032,0.8683760683760684,0.9388888888888888,0.904970760233918,1.0,0.855,0.8361469712015889,0.905982905982906,0.9200968523002422,0.7864225781845919,0.9333333333333332,1.0,1.0,0.9594771241830063,1.0,1.0,0.9383333333333332,0.9843014128728416,0.7100756670649144,0.8963210702341138,0.8834688346883468,0.8286435786435786,0.9554367201426024,0.8398398398398399
align-dinov2+1b-llama-chat-things+hyp-abl70-shuffled-42,0.8462324393358875,0.9777777777777776,0.4848484848484848,0.948024948024948,1.0,0.9603841536614646,0.9121863799283154,0.888030888030888,1.0,0.7473684210526316,0.8182003672719853,0.9727598566308244,0.906158357771261,0.8587387387387387,0.8878048780487805,0.4848484848484848,0.8518518518518519,1.0,0.9499105545617174,0.9783549783549784,0.8221153846153846,1.0,0.979032948224219,1.0,1.0,0.8607879924953096,1.0,0.8825295884119414,1.0,0.95,0.9801372336583604,0.9692451071761417,0.8896969696969697,1.0,0.9187675070028012,0.9089705395564384,0.9365384615384617,0.7338709677419355,0.9161425576519916,1.0,1.0,1.0,0.9594771241830063,1.0,0.8602941176470589,0.96845694799659,0.9508771929824562,0.7268292682926829,0.9671957671957672,0.8603896103896104,0.8423963133640553,1.0,0.8533231474407945
align-dinov2+1b-llama-chat-things+hyp-abl70-shuffled-7,0.8187565858798735,0.8660714285714286,1.0,0.948024948024948,0.8705882352941177,0.9236111111111112,0.9570175438596492,0.8535353535353536,0.7052631578947368,0.6666666666666667,0.9090909090909092,0.9205574912891986,1.0,0.8771929824561404,0.8486842105263157,1.0,0.8148148148148148,0.9570747217806042,0.9047619047619048,0.8829289059174117,0.9353146853146852,0.4761904761904761,0.9583333333333331,0.8784313725490196,0.9166666666666669,0.9021779254337394,0.9353535353535354,0.7983014861995754,1.0,0.899749373433584,0.9597953216374268,0.905982905982906,0.9372586872586872,0.9157509157509156,0.9342403628117912,0.8905835543766578,0.8998988877654196,0.4677419354838709,0.9720475192173306,0.8772727272727273,1.0,1.0,0.9594771241830063,1.0,0.8602941176470589,0.96845694799659,0.9160872692399904,0.8055555555555556,0.9664864864864864,0.8597826086956522,0.8154036389330508,0.9080882352941176,0.9173340222164816
align-dinov2+1b-llama-chat-things+hyp-abl90-218,1.0,0.9312169312169312,1.0,1.0,0.9230769230769232,0.888888888888889,1.0,1.0,1.0,0.8917748917748918,0.9385912667314504,1.0,1.0,1.0,1.0,1.0,0.9286140979689366,0.9333333333333332,1.0,1.0,0.8000000000000002,1.0,0.9075369075369076,1.0,0.9250879839115134,0.9228070175438596,1.0,1.0,1.0,1.0,0.9411764705882352,0.875,1.0,0.888888888888889,1.0,1.0,1.0,1.0,1.0,1.0,0.9090909090909092,1.0,0.7608391608391608,1.0,1.0,1.0,0.9543049543049544,1.0,1.0,0.8917748917748918,1.0,1.0,1.0
align-dinov2+1b-llama-chat-things+hyp-abl90-42,1.0,0.9206349206349206,1.0,1.0,0.4615384615384615,0.375,0.9282296650717704,1.0,1.0,1.0,0.8805194805194805,1.0,1.0,1.0,1.0,0.905982905982906,0.8050314465408805,0.4666666666666667,1.0,1.0,0.4545454545454545,1.0,0.8562091503267973,1.0,0.7636363636363637,0.8736842105263158,1.0,1.0,0.4444444444444444,1.0,0.4705882352941176,0.4705882352941176,1.0,0.375,1.0,0.696969696969697,1.0,1.0,1.0,0.4444444444444444,1.0,0.48,0.7636363636363637,1.0,0.4444444444444444,1.0,0.81524926686217,0.75,1.0,1.0,0.9217171717171716,0.898989898989899,0.7012987012987013
align-dinov2+1b-llama-chat-things+hyp-abl90-7,1.0,0.7619047619047619,1.0,1.0,0.4615384615384615,0.4444444444444444,1.0,1.0,1.0,1.0,0.8618618618618619,1.0,1.0,1.0,1.0,0.905982905982906,0.9350104821802936,0.4666666666666667,1.0,1.0,1.0,0.4444444444444444,0.9536842105263156,1.0,1.0,1.0,1.0,1.0,1.0,1.0,0.4705882352941176,1.0,0.8838709677419355,0.4444444444444444,1.0,1.0,0.4545454545454545,1.0,1.0,0.4444444444444444,1.0,0.48,0.7636363636363637,1.0,1.0,1.0,1.0,1.0,1.0,0.8831168831168831,1.0,1.0,1.0
align-dinov2+1b-llama-chat-things+hyp-abl90-local-shuffled-218,0.8878048780487805,0.8875,0.8952380952380952,0.906832298136646,1.0,1.0,1.0,0.8125,1.0,0.6210526315789473,0.8611111111111112,1.0,1.0,0.86875,0.4285714285714285,0.775,0.9443413729128014,1.0,1.0,1.0,1.0,1.0,0.6944444444444444,1.0,0.7272727272727273,0.4615384615384615,0.91812865497076,0.9519450800915332,0.25,1.0,1.0,0.4,1.0,1.0,0.4285714285714285,1.0,0.4666666666666667,1.0,0.7963800904977376,0.3846153846153846,0.4615384615384615,0.4545454545454545,0.8444444444444444,0.915032679738562,0.4285714285714285,0.898989898989899,0.9272030651340996,0.8035714285714286,1.0,0.873015873015873,1.0,1.0,0.8991596638655461
align-dinov2+1b-llama-chat-things+hyp-abl90-local-shuffled-42,0.8878048780487805,0.8193979933110368,0.8952380952380952,0.6031746031746031,0.4545454545454545,1.0,0.8785714285714286,0.6666666666666666,1.0,0.3333333333333333,1.0,1.0,1.0,0.60625,0.3333333333333333,0.55,1.0,1.0,1.0,0.7472527472527473,0.3076923076923077,0.2857142857142857,0.4358974358974359,0.3571428571428571,0.7272727272727273,0.6388888888888888,0.91812865497076,0.7407407407407407,0.25,0.3636363636363636,1.0,0.4,0.6041666666666666,0.2857142857142857,0.2,0.8611111111111112,0.4666666666666667,0.3333333333333333,0.8,0.2727272727272727,0.3,0.3684210526315789,0.7846153846153847,0.915032679738562,0.4285714285714285,0.7916666666666667,0.912442396313364,0.4107142857142857,1.0,0.873015873015873,1.0,0.8541666666666667,0.6666666666666667
align-dinov2+1b-llama-chat-things+hyp-abl90-local-shuffled-7,1.0,0.943915343915344,0.9056277056277056,1.0,1.0,1.0,1.0,0.8333333333333334,1.0,0.5,0.9542857142857144,1.0,1.0,0.8982142857142857,0.6666666666666666,0.8917748917748918,1.0,1.0,0.8681818181818182,1.0,1.0,1.0,0.9526695526695526,1.0,1.0,0.8461538461538461,1.0,0.952598888525662,0.5,0.9230769230769232,1.0,1.0,0.9453518854607784,0.888888888888889,0.8571428571428571,0.86,0.9333333333333332,1.0,0.8654761904761905,0.8571428571428571,0.9230769230769232,1.0,0.8571428571428571,0.9250879839115134,0.8571428571428571,0.901010101010101,0.9493849566444847,0.9075369075369076,1.0,0.873015873015873,1.0,1.0,1.0
align-dinov2+1b-llama-chat-things+hyp-abl90-shuffled-218,1.0,0.8958333333333333,1.0,1.0,1.0,1.0,0.8869047619047619,1.0,1.0,0.8035714285714286,1.0,0.3846153846153846,1.0,0.8400000000000001,0.4,0.873015873015873,1.0,1.0,1.0,0.9481481481481482,0.3333333333333333,1.0,1.0,1.0,0.906832298136646,0.8875,1.0,0.9352226720647774,1.0,1.0,1.0,1.0,0.9373040752351096,1.0,1.0,0.8819444444444444,1.0,1.0,0.898989898989899,1.0,1.0,1.0,0.8285714285714285,0.8831168831168831,1.0,0.4285714285714285,0.915057915057915,0.6857142857142857,1.0,1.0,0.8893617021276596,0.8444444444444444,1.0
align-dinov2+1b-llama-chat-things+hyp-abl90-shuffled-42,0.4242424242424242,0.6419437340153453,0.4,0.4642857142857143,0.4375,0.3846153846153846,0.6144927536231883,0.2447552447552447,0.0,0.5299145299145299,0.4615384615384615,0.4285714285714285,0.8285714285714285,0.4133333333333333,0.25,0.3333333333333333,0.5303030303030303,0.0,0.4107142857142857,0.5552941176470588,0.0,0.3333333333333333,0.4571428571428572,0.2,0.1333333333333333,0.4444444444444444,0.606060606060606,0.4666666666666667,0.1,0.4705882352941176,0.2857142857142857,0.3333333333333333,0.6000000000000001,0.3571428571428571,0.125,0.6357142857142857,0.4444444444444444,0.3846153846153846,0.5238095238095238,0.4,0.3333333333333333,0.4375,0.4125874125874126,0.4444444444444444,1.0,0.3333333333333333,0.5089285714285714,0.4761904761904761,0.1428571428571428,0.2,0.8115942028985508,0.7083333333333333,0.7125
align-dinov2+1b-llama-chat-things+hyp-abl90-shuffled-7,1.0,0.8400000000000001,0.4545454545454545,0.8500000000000001,1.0,1.0,0.9415384615384615,0.9111111111111112,1.0,0.8952380952380952,1.0,0.4666666666666667,0.625,0.8119122257053292,0.4,0.873015873015873,0.6423076923076922,1.0,0.6333333333333333,0.8990384615384616,1.0,0.3333333333333333,0.8642857142857143,1.0,0.906832298136646,1.0,0.8375,0.8117647058823529,1.0,1.0,0.4444444444444444,0.4,0.7849462365591398,0.3571428571428571,0.4615384615384615,0.8210526315789474,1.0,1.0,0.4949494949494949,0.4545454545454545,1.0,1.0,0.6571428571428571,0.775,1.0,0.2,0.8070175438596491,0.8166666666666667,1.0,0.7482517482517483,0.8893617021276596,0.3636363636363636,0.8973214285714286
align-dinov2+1b-llama-things+hyp-abl10-218,1.0,0.9493850125429072,1.0,0.9931537136860328,0.9745280059205392,0.9863013698630136,0.975626315512446,0.9697852248299512,0.9874213836477987,0.9578028312358328,0.9932046342201944,0.9751320842246336,0.9948587968914582,0.9880270850507232,0.994029478116623,0.9610262725779968,0.986692733988427,1.0,0.9955566120586624,0.9917703837532202,0.9941033740473167,0.975465954432798,0.9841872551323856,0.9933963423772022,0.987208477024362,0.9709067828395026,1.0,0.9951690821256038,0.9611164709557676,0.957501909854851,0.9974525781097822,0.9587932760924676,0.9955155147030642,0.9881014566611458,0.9506358919991748,0.9752738202678652,1.0,0.9831798523342216,0.995798839016126,0.9816454812594512,0.981851491135015,0.989794574919166,0.9762052984713288,0.9817914601620442,0.9883067276497376,0.9944895628252944,0.9939024390243902,0.9759512702951656,0.986102319715765,0.9954339803836828,0.9945054945054944,0.9828410102053148,0.9379289294750704
align-dinov2+1b-llama-things+hyp-abl10-42,1.0,0.9310862891109803,1.0,0.9933268243613068,0.9694199649556792,0.9726027397260274,0.9951183927644748,0.9740752269575084,0.9876613539332172,0.9436749571183534,0.9909286337059978,0.9875608992934554,0.9846528191664902,0.9759810116273452,0.9820884343498688,0.9755505983514428,0.9805996773545216,0.9942703590397816,0.9911149831916504,0.9958850525049844,0.9941033740473167,0.9692415780719706,0.9492271190933792,0.9933963423772022,0.982956658786446,0.9708998576539836,1.0,0.9903675771275472,0.9611164709557676,0.9626141929852392,1.0,0.9585492227979274,1.0,0.9940317464388584,0.9614713513558109,0.9702262372348782,0.9882371291711952,0.9888081260341346,1.0,0.981538513921874,0.9817831620648524,0.9948847674065066,0.9809523809523808,0.990895730081022,0.971008594829456,0.9944895628252944,0.9939024390243902,0.98135165512838,0.97214430419199,0.9954339803836828,0.989010989010989,0.9884643651676466,0.948891497252662
align-dinov2+1b-llama-things+hyp-abl10-7,1.0,0.972310405643739,1.0,0.9931537136860328,0.979591836734694,0.9863013698630136,0.9853757893074676,0.9697852248299512,0.9937723882085444,0.9624499714122356,0.9932046342201944,0.9834173927647556,1.0,0.9820139452829658,0.9821870727588292,0.9609317187504838,0.9879298475900472,1.0,0.9911111111111112,0.9958850525049844,0.9940614796130204,0.9815449468431824,0.968266949433362,0.980294308165994,0.9872551918614328,0.9818196244189022,1.0,0.9975807746486112,0.9720621637220038,0.9627789940462662,0.9974525781097822,0.9586768006836248,0.9955156950672646,0.982095239316575,0.9560458820399668,0.9702961939360591,0.994063872516414,0.9831798523342216,1.0,0.9938461713072914,0.9698551412340016,0.979589149838332,0.9714915908464296,0.990895730081022,0.9767450980392156,0.9888891965495672,1.0,0.9814059352149644,0.9907407407407408,0.9817336364778868,0.989010989010989,0.9942624974967536,0.9415684970271956
align-dinov2+1b-llama-things+hyp-abl10-local-shuffled-218,1.0,0.9574926464285052,0.9954111931072726,0.9848958333333332,0.984797798682786,0.9821370168244504,0.991150442477876,0.979689151708619,0.9783703703703704,0.975573165369273,0.9653276279396554,0.9837032060530636,0.9817270437396374,0.9782689368241227,0.9732060901872222,0.9896651051647858,0.9880395942509792,0.994236056301428,0.9913793103448276,1.0,0.9933558241080284,0.9824736439522432,0.9674406260166776,0.9938416707721196,0.9552166112365792,0.9961681319979866,0.9941318979635224,0.9952013297707076,0.9938840408327008,0.9888888888888888,0.9974259763440734,0.9586233118677024,0.9876589586541492,0.977557594261756,0.9788203540525522,0.9671277117234882,0.9820906275664776,0.989298004727475,0.991490903484428,0.9728076994831352,0.9551535707556058,0.9740026602084704,0.946722507773336,1.0,0.994336328720804,0.9949128495470988,0.9837123922655976,0.9585859187585044,0.9821428571428572,1.0,0.9945022176327516,0.9949076585973512,0.9764458724666336
align-dinov2+1b-llama-things+hyp-abl10-local-shuffled-42,1.0,0.9481455298960848,0.9908186907168404,0.9925510333460124,0.9797398847601426,0.994094579008074,0.991150442477876,0.9847715736040608,0.985456333243944,0.9462609638124004,0.967773776522708,0.9837032060530636,0.9817270437396374,0.9845063899264116,0.9891891891891892,0.9793302103295716,0.9879888958509004,1.0,0.9956915153456202,1.0,0.98031030461123,0.970789406587072,0.9542523077170496,1.0,0.9686478488947048,0.9923351375458656,1.0,0.9976041879538068,0.9938840408327008,0.9777777777777776,0.9896625350835444,0.953367833421621,0.9917754454791492,0.9774206912878788,0.984077976628552,0.971862404346048,0.9699649368956428,0.989298004727475,0.991490903484428,0.968180224403927,0.966239316239316,0.9738844688958292,0.9612646442588604,1.0,0.9887075803836208,0.9848233844061176,0.9868983746068908,0.979453625255152,0.973251442559888,1.0,0.9944903581267218,0.9897959183673468,0.9725286758159238
align-dinov2+1b-llama-things+hyp-abl10-local-shuffled-7,1.0,0.9527415473128528,0.9954111931072726,0.9848958333333332,0.9847811329437282,0.976470588235294,0.9911322245152564,0.9847692189961916,0.985456333243944,0.9610856785490932,0.9676846590909092,0.9796365394461884,0.9817270437396374,0.9907354832447648,0.9891891891891892,0.9689953154943572,0.9892580626898164,1.0,0.9913864215248956,1.0,0.966990888650598,0.9881656804733728,0.9544923896720108,1.0,0.9596754765745245,0.9961681319979866,0.9941318979635224,0.9928125638614198,0.9817591478377636,0.9778201058201058,0.9974259763440734,0.9741840823926808,0.9917625035993438,0.966525974025974,0.984077976628552,0.95804847353859,0.9760479041916168,0.9839828735464408,1.0,0.9893230233932278,0.9553062178588124,0.9844015961250824,0.9562845565098422,1.0,1.0,0.9898544707397826,0.9803006884398846,0.9586966050725916,0.9776945312659598,1.0,0.9944903581267218,0.9897959183673468,0.9725286758159238
align-dinov2+1b-llama-things+hyp-abl10-shuffled-218,0.9488582959678457,0.9589019667578668,0.9512707326385978,0.9861369928975564,0.9470636395415156,0.9743216863100976,0.9678214491402108,0.9238581146744412,1.0,0.9823386349358396,0.93381164803727,0.9351746618039026,0.9741608391608392,0.9447517828910365,0.9555016659766172,0.9499660751012448,0.945771071477758,0.944690420971256,0.9573164722749394,0.9429914555948454,0.9828538406477584,0.974025974025974,0.9246481708444436,0.9937663387151408,0.9826662165923452,0.9055505017793336,0.979182433207201,0.9574018430473924,0.9786853508759412,0.9510622172862336,0.9433309475574104,0.9526421773321746,0.9576271186440678,0.96677007203323,0.9593983143738608,0.9107576886692365,0.938745272351542,0.9389172231277496,0.9575159147994692,0.9575454312725478,0.9709689700146432,0.964906245594248,0.944996112579692,0.9558221000153097,0.9837318029199948,0.9675675675675676,0.9458906219372184,0.925178559045836,0.9577914364024236,0.9457347268383186,0.931953811253345,0.974082118407116,0.974541407771492
align-dinov2+1b-llama-things+hyp-abl10-shuffled-42,0.9565106899806596,0.9544677544677546,0.9707317073170731,0.9930146226905506,0.9516774306174896,0.9590613170032216,0.9588256317352672,0.9334061334061337,0.9938305164606396,0.9706099383426724,0.9057228034305234,0.922180189691814,0.987012987012987,0.935875939515332,0.9748427672955976,0.9251485827596984,0.9438600163275256,0.93086302621407,0.9490606793292856,0.925450365008644,0.9658439241400882,0.961038961038961,0.9272122382610376,0.9812990161454228,0.9524403895113276,0.9371387073347858,0.9737616769195716,0.9382723308668076,0.9893426754379704,0.9123099384810196,0.9323498412241348,0.9476439790575916,0.940807877848315,0.940186129659814,0.9709987959813292,0.905557147580734,0.9603543010456292,0.918202547866727,0.9527416425062109,0.9569430336487136,0.9768114945576996,0.9532083274589972,0.913025906316938,0.9559400230680508,0.967764516052488,0.9620610803780688,0.8954434178314775,0.941633413141793,0.967121534010336,0.9502507347827404,0.9478047083693856,0.979381443298969,0.9416043464365612
align-dinov2+1b-llama-things+hyp-abl10-shuffled-7,0.9613877007097832,0.9592335820422312,0.9609998508241964,0.9861369928975564,0.9514025015595098,0.9743216863100976,0.963302752293578,0.9239202557215092,1.0,0.9764307135083944,0.9290839086113608,0.930814142196256,0.9674420463984152,0.9294812261494864,0.9619994033857856,0.9648652128290464,0.9549454985409236,0.9653568298006272,0.9532797926054296,0.9475079331202668,0.9943292023442076,0.967661370010856,0.917831230459058,1.0,0.9740485892060694,0.9411220723550898,0.9634719436982104,0.9552433620216078,0.9840714861358344,0.97068751692777,0.921068407996563,0.957977470135034,0.957571036889332,0.9669627551815492,0.9651162790697676,0.9150014328226608,0.9659090909090908,0.9342214275174052,0.9622473211115092,0.9635341425739355,0.9652172418365492,0.9525703275529864,0.9495957650746852,0.9704170233581998,0.9780857499835602,0.9677314357546916,0.9276105883625352,0.945959863240124,0.9482808701004812,0.9457347268383186,0.9421647546523508,0.9793057833489536,0.9381162016213564
align-dinov2+1b-llama-things+hyp-abl10cat-218,1.0,0.9738412500041548,1.0,1.0,1.0,0.96323029796714,1.0,0.9655420317494589,0.9906265359817272,0.9362866373664754,1.0,1.0,1.0,0.9849105714462691,0.9728484942364042,0.9779127247645004,0.9868649357464906,1.0,0.9954924111786856,1.0,0.9933504196190764,1.0,0.9715057870655592,0.971383528885433,0.9899497487437184,0.9743018419489008,1.0,1.0,0.967066202817363,0.9704766689994924,1.0,0.9754601226993864,1.0,0.9665810036773628,1.0,1.0,0.9927885452644892,1.0,0.995387652841174,1.0,0.9838709677419356,1.0,1.0,1.0,1.0,0.9711922789974126,0.9872264340935648,0.9817629179331308,0.9801548011944052,0.995490574437943,0.9946535991052016,0.9877300613496932,0.965649386845039
align-dinov2+1b-llama-things+hyp-abl10cat-42,1.0,0.9520138065830788,1.0,0.9913709021506316,1.0,0.96323029796714,1.0,0.972366898148148,1.0,0.936322759201819,1.0,1.0,1.0,0.9879409323853768,0.9728484942364042,0.9723959671904616,0.9882193857816972,0.9912704861034864,0.9909782621717462,1.0,0.9866666666666668,0.9945945945945948,0.9676191314074568,0.9807003494467096,0.9949741123156538,0.9828678946326006,1.0,1.0,0.967066202817363,0.9468801138207634,1.0,0.9815639287052506,0.9954101973177956,0.986603089222266,1.0,1.0,0.9927885452644892,1.0,1.0,1.0,0.9756147271986128,0.9938357959062224,1.0,1.0,0.991347289133264,0.9927403048684512,0.9936305732484076,0.9816698309600302,0.9752088902124116,0.9909708764152731,0.9973150460719774,0.9877300613496932,0.952809884416102
align-dinov2+1b-llama-things+hyp-abl10cat-7,1.0,0.960687305041198,1.0,1.0,1.0,0.9703703703703704,1.0,0.972366898148148,0.9906265359817272,0.9522622126137358,1.0,0.9953051643192488,1.0,0.9757785707526434,0.9728484942364042,0.9779194686188116,0.9853623945499668,1.0,0.9773905179310584,1.0,0.9933504196190764,0.9945945945945948,0.9712614870509608,0.9807003494467096,0.9899497487437184,0.9871587993446476,1.0,1.0,0.9802024918621618,0.9586817546860036,1.0,0.9754601226993864,0.9908146961720704,0.966535307628583,1.0,0.9853658536585364,0.9927885452644892,1.0,0.995387652841174,1.0,0.9837884897360704,0.987687783446712,1.0,1.0,1.0,0.992766045777642,0.9809414600740598,0.9846848488767908,0.9651956011699132,0.995490574437943,0.991968857204835,0.9938598564626496,0.9655841318847754
align-dinov2+1b-llama-things+hyp-abl10cat-local-shuffled-218,0.9984854025121048,0.9271132834962622,1.0,1.0,1.0,0.993082883153928,1.0,0.9835253544269938,1.0,0.9563706204563648,0.9895833333333336,1.0,0.992413929170366,0.9867982855587776,0.975384309040223,0.9829606222654352,0.9852110981546264,1.0,0.9953878686093286,1.0,0.984375,0.9955555555555556,0.9403072212127328,1.0,0.9791302447552448,0.9835843801007734,1.0,0.994535519125683,0.9932050412519876,0.975631549316238,1.0,0.970875288402948,0.9957799890726288,0.9754339589391136,1.0,1.0,0.9782095360198724,1.0,0.990499273121706,1.0,0.9627805672100328,0.9812017245101932,0.9828571428571428,1.0,1.0,0.993879691976524,0.9903451794938856,0.9668985443147512,0.9695431472081218,1.0,0.991750507686976,0.993822136673743,0.9747127422397532
align-dinov2+1b-llama-things+hyp-abl10cat-local-shuffled-42,1.0,0.9410558298942584,1.0,0.982110862262038,1.0,0.993123022572552,1.0,0.9917836707288812,0.990443934198341,0.9672642827622852,0.9895833333333336,1.0,1.0,0.9834157012964958,0.9630764635603346,0.9772727272727272,0.9898006377936022,0.9906921377482908,0.9953878686093286,1.0,0.9843098958333334,0.9955555555555556,0.9292564312335244,1.0,0.9739661296029176,0.9794884581021838,0.9883863994023112,1.0,0.9932050412519876,0.9817216257982224,0.9922439163074466,0.988413012343995,1.0,0.9815073877186672,1.0,1.0,0.9708735909822866,1.0,0.9857312372926604,1.0,0.9702952588488228,0.9812017245101932,1.0,1.0,1.0,0.9877873877705026,0.996790589447994,0.964081330414932,0.9847636439904828,1.0,0.9944903581267218,0.993822136673743,0.9873667495490092
align-dinov2+1b-llama-things+hyp-abl10cat-local-shuffled-7,1.0,0.9546949010866536,1.0,0.9913063614410004,1.0,0.986206896551724,1.0,0.9917836707288812,0.9901239070964974,0.9671755060352096,0.9895833333333336,0.986046511627907,1.0,0.9966942182071844,0.975384309040223,0.9829473525792544,0.9883769840247912,1.0,1.0,1.0,0.9608589849575307,1.0,0.9296747089832856,0.9910988700307344,0.9791302447552448,0.9877013901513172,0.9941898265860996,1.0,0.9932050412519876,0.9695405600924378,0.997428944681692,0.9767441860465116,0.99155847321298,0.987687783446712,1.0,1.0,0.9782095360198724,1.0,0.990499273121706,1.0,0.955442888273234,1.0,1.0,1.0,0.9914227519082086,0.9816390759295724,0.996790589447994,0.9611218364698249,0.9594267069384486,1.0,0.991750507686976,0.993822136673743,0.9747127422397532
align-dinov2+1b-llama-things+hyp-abl10cat-shuffled-218,0.957374122128318,0.9069415114604322,0.9380384239876884,0.9840749807987712,1.0,0.9622641509433962,1.0,0.9604252707700984,1.0,0.9539410267923965,1.0,0.9950248756218908,0.9656011277242548,0.9585291839666794,0.978010509414684,0.9174863925503312,0.9377735375529092,0.9777777777777776,0.9087701612903226,1.0,0.9813022761552171,1.0,0.9441695023050074,0.9917034663089184,0.9596946883379044,0.9217242059916416,0.9558641975308642,0.9951690821256036,0.9448916542441722,0.9772785999530184,0.9183906143198906,0.9667713501130276,0.9156196511162096,0.9149450097646212,1.0,1.0,0.9786683114658874,1.0,0.926066593956502,1.0,0.964604057818903,0.9505903987611304,1.0,1.0,0.97472,0.952557319223986,0.902276295133438,0.9058241521441116,0.9387140867757192,0.9452969565645624,0.9366297972601628,0.9464690638160026,0.9101119116665172
align-dinov2+1b-llama-things+hyp-abl10cat-shuffled-42,0.956617934300089,0.9337394019896736,0.9535524448815568,0.9838709677419356,1.0,0.9748427672955976,1.0,0.9761217061674968,1.0,0.9540495236731747,1.0,1.0,0.9931202255448512,0.9289215113030688,0.9779668333686286,0.9175783263646258,0.9321346926388112,0.9662749948464234,0.9271997323519572,1.0,0.9875,1.0,0.9407749567013578,1.0,0.9698705908181684,0.8972228414310659,0.9559424742883968,1.0,0.9445125622398888,0.9544865679727708,0.936060855263158,0.9466666666666668,0.951274897250133,0.9220329422181284,1.0,1.0,0.9786683114658874,1.0,0.9397182033035912,1.0,0.9928716393583928,0.9447926157155018,0.9896907216494844,1.0,0.9756093672147484,0.9642857142857144,0.9192859988239088,0.9403871728780494,0.913090967375386,0.9270626087527496,0.9406483220813536,0.9821280272354476,0.9306351392122127
align-dinov2+1b-llama-things+hyp-abl10cat-shuffled-7,0.9604274534946428,0.933702915564071,0.9483044066417924,0.9919879051251272,1.0,0.9874864690809936,1.0,0.9840325018896448,1.0,0.9738177623990774,1.0,1.0,0.9581625166574336,0.941614951546218,0.9779668333686286,0.9469203548899944,0.9299209101382956,0.9777777777777776,0.9544998327199732,1.0,0.9813022761552171,0.9947643979057592,0.958385798094894,1.0,0.969872101563,0.9113623837087385,0.9286405357161718,1.0,0.9753086419753086,0.9601097890975192,0.9363693313775822,0.9733333333333334,0.924792017982276,0.9290135396518376,1.0,0.994871794871795,0.9566932624113476,1.0,0.949419934226415,1.0,0.9643581967919636,0.9631147049296368,1.0,1.0,0.983456043956044,0.952557319223986,0.9087912087912088,0.9473707957342083,0.9592845117576554,0.959032902907675,0.9406483220813536,0.9643778801843316,0.9226756514938368
align-dinov2+1b-llama-things+hyp-abl20cat-218,1.0,0.9926514605842336,1.0,1.0,1.0,0.9913030323957605,1.0,0.9524804314249063,0.9930069930069928,1.0,0.997194184390087,0.9630528955768356,0.9773160723573948,0.992272087878735,0.9735308063481438,1.0,0.9900916594530164,1.0,0.9899182311203908,1.0,0.9799166666666668,0.9608013937282228,1.0,0.991529699190716,0.994175566295282,0.9808917197452228,1.0,1.0,0.9692016109926558,0.9889775363548916,1.0,0.9928057553956836,1.0,1.0,0.9623043623043624,0.9925925925925926,1.0,0.9849624060150376,0.9893231141804052,0.9821428571428572,0.96808645899555,1.0,0.9924812030075189,1.0,1.0,1.0,1.0,1.0,0.9931972789115646,0.994940109809031,0.9931972789115646,1.0,0.9706054770319114
align-dinov2+1b-llama-things+hyp-abl20cat-42,1.0,0.9853101057774708,1.0,1.0,1.0,0.991304347826087,1.0,0.9522946096001124,1.0,1.0,1.0,0.979016354016354,0.9848695286195288,0.992272087878735,0.9735308063481438,0.993103448275862,0.9887462518740632,0.9906162492895052,0.9899182311203908,1.0,0.9899802884116607,0.9864210526315788,0.9929078014184396,0.9746037088389482,0.994175566295282,1.0,1.0,1.0,0.9846117424242424,0.9889775363548916,1.0,1.0,1.0,0.9929078014184396,0.9344052062398316,0.9925925925925926,1.0,1.0,0.9946714043746456,1.0,1.0,0.980950988419698,1.0,1.0,1.0,1.0,1.0,0.992,1.0,0.994940109809031,1.0,1.0,0.9706054770319114
align-dinov2+1b-llama-things+hyp-abl20cat-7,1.0,0.9779735190302022,1.0,0.9900090145357512,1.0,0.973909097187281,0.9933846348676616,0.958340902872777,1.0,1.0,0.9915152339799744,0.979016354016354,0.962219496469626,0.9923076923076924,0.9735308063481438,0.993103448275862,0.9851348468365096,1.0,0.9949671571900364,1.0,0.9899802884116607,0.9733870967741934,0.985714285714286,0.991529699190716,0.982526698885846,1.0,1.0,0.997363935965306,0.9846117424242424,0.9889775363548916,1.0,1.0,1.0,1.0,0.9436813186813184,1.0,1.0,0.9849607056991188,0.9839539090561252,1.0,0.9892021857923498,0.9903866650567422,1.0,1.0,1.0,1.0,1.0,0.9838709677419356,1.0,0.994940109809031,1.0,0.983059890622916,0.9824401718456828
align-dinov2+1b-llama-things+hyp-abl20cat-local-shuffled-218,1.0,0.977281883584042,1.0,0.9748937462052216,1.0,0.990819477148844,1.0,0.9804700966991108,1.0,1.0,0.9755300596143848,0.9646508563899868,0.9827483579638752,1.0,1.0,1.0,0.9932514041159956,1.0,0.9894299129881156,1.0,1.0,1.0,1.0,1.0,0.9828750616245004,1.0,1.0,0.9947854814767004,0.9916602469827486,0.9875919300337904,1.0,1.0,1.0,1.0,0.9633758619265866,1.0,0.9744191222023736,0.9437627353948812,1.0,1.0,0.989319824383654,1.0,1.0,1.0,1.0,0.955602502772314,1.0,1.0,0.9928057553956836,1.0,1.0,1.0,0.993872715897724
align-dinov2+1b-llama-things+hyp-abl20cat-local-shuffled-42,1.0,0.977281883584042,1.0,0.9753086419753086,1.0,0.981651376146789,0.9882352941176472,0.9869455544455544,1.0,1.0,0.9781846479197314,0.9647613572555416,0.9827483579638752,0.9959216192157132,1.0,1.0,0.994572591587517,0.9897593192084192,0.9947261093911248,0.9950657177003056,0.9787234042553192,1.0,1.0,0.992256613519072,0.9772038567493112,1.0,1.0,0.9973663410086728,0.9749314875974984,0.975,1.0,1.0,1.0,0.9925925925925926,0.9814814814814816,1.0,0.9829059829059827,0.96484999982495,1.0,0.9888888888888888,0.9356472856816028,1.0,1.0,0.9940828402366864,1.0,0.981981981981982,1.0,0.9930069930069928,1.0,1.0,1.0,1.0,0.993872715897724
align-dinov2+1b-llama-things+hyp-abl20cat-local-shuffled-7,1.0,0.9848589413806804,1.0,0.9748937462052216,1.0,0.972458431446532,0.9882352941176472,0.9869455544455544,1.0,1.0,0.9810771008564706,0.96984,0.9827483579638752,0.9959216192157132,1.0,1.0,0.989257949175126,1.0,1.0,1.0,0.9893482745571952,1.0,1.0,1.0,0.9828750616245004,1.0,1.0,0.994750656167979,0.9833052749719416,0.9875919300337904,1.0,1.0,1.0,1.0,0.9815928710665554,1.0,0.98298315079137,0.9578137481606056,0.9945848579448888,1.0,1.0,1.0,0.9930069930069928,1.0,0.9929078014184396,0.9821599825632084,0.9921259842519684,0.978723404255319,0.9928057553956836,1.0,1.0,1.0,0.993872715897724
align-dinov2+1b-llama-things+hyp-abl20cat-shuffled-218,0.9661005844274968,0.9403251302018336,0.9690784553908548,0.988174582847169,1.0,0.986605671871787,0.9541683806389688,0.9807172483228822,1.0,1.0,0.931024821731767,0.9129009852249969,0.9351017684351018,0.9591586648376772,0.987788051273809,1.0,0.967614857459348,0.9686505832449628,0.9327350084551816,0.9311119417057272,0.9906316500840192,1.0,0.9930069930069928,0.984,0.9724151219009468,0.9850746268656716,1.0,0.9656781527553676,0.9577464788732394,0.987850154530601,1.0,1.0,1.0,0.9924812030075189,0.9513907888736892,1.0,0.9074484484523748,0.9064261623321912,0.9482462180953862,1.0,1.0,0.9622721011263268,1.0,1.0,1.0,0.9814814814814816,1.0,0.9931972789115646,1.0,0.9661586157347872,1.0,1.0,0.9596247107247382
align-dinov2+1b-llama-things+hyp-abl20cat-shuffled-42,0.9495711496368788,0.9104876686088276,0.9568662876171244,1.0,1.0,0.9798881173138844,0.9401905434015528,0.9740622032288698,1.0,1.0,0.9355924724276538,0.92907793138397,0.953691795199126,0.9591586648376772,1.0,1.0,0.957620088101609,1.0,0.9162990792753382,0.935858718487395,0.9906316500840192,1.0,1.0,0.9678406708595388,0.9551754261699013,1.0,1.0,0.9529496060950844,0.9225160016289772,0.987850154530601,1.0,1.0,1.0,1.0,0.9901638935781876,1.0,0.9318168396299856,0.9207147500959444,0.93597051644836,1.0,0.977388248455664,0.9876880913946402,1.0,0.9927007299270072,1.0,0.9632980019493176,1.0,1.0,1.0,0.8976302198824051,1.0,1.0,0.9477847930494846
align-dinov2+1b-llama-things+hyp-abl20cat-shuffled-7,0.9788585530593096,0.9552438476513754,0.9567098375471966,0.988174582847169,1.0,0.973211343743574,0.9406824815827272,0.9481244064577397,1.0,1.0,0.9245650183150184,0.9246618433469644,0.990741534641046,0.9627777913933344,1.0,1.0,0.9679063948650232,0.98961364606371,0.9427478013584444,0.9574886289798572,1.0,1.0,1.0,0.9518935837245696,0.9330290018611604,1.0,1.0,0.9559840186377728,0.9366291522391608,0.987850154530601,1.0,1.0,1.0,0.9924812030075189,0.9516069849557576,1.0,0.9491525423728814,0.8772501998401279,0.9603627659257384,1.0,1.0,0.9622721011263268,1.0,1.0,1.0,0.963591470258137,1.0,1.0,1.0,0.9124447321494004,0.9930069930069928,1.0,0.9598126572054244
align-dinov2+1b-llama-things+hyp-abl30-218,1.0,0.9385913021601066,1.0,0.9893477178760453,0.9722869722869724,0.9772727272727272,0.98520318816386,0.9446180555555554,0.97964151952916,0.9723186925434116,0.9902466775963158,0.9760565002638996,1.0,0.9855342604873664,1.0,0.9635366258700674,0.9889854667646888,0.9898565046813024,0.9926530953906384,0.988301692929642,0.9905923566300924,0.9685884044602404,0.9791244939271256,0.9778019662921348,1.0,0.9668792029282174,1.0,1.0,0.9791414706980216,0.969775678866588,0.9954076363490064,0.9788957340861066,1.0,0.9803496081977096,0.9559701789001152,0.9922527485144972,0.989416976785398,1.0,0.9749528598365806,0.989837227590516,0.9895584045584046,0.976037172965896,0.961160889569258,0.9833688607407772,0.9806402318012224,0.9807692307692308,0.9948261082400404,0.9754682564399164,0.9560167432222896,0.9933318502039302,1.0,1.0,0.9619394563830832
align-dinov2+1b-llama-things+hyp-abl30-42,0.997376215658764,0.959043865120384,1.0,1.0,0.9584304584304584,0.9772727272727272,0.98520318816386,0.9654047421708676,1.0,0.9378149335776454,0.9935483870967742,0.9580838323353292,1.0,0.9806913809082484,1.0,0.9781219755220404,0.9889854667646888,1.0,0.9926530953906384,0.9941516467457822,0.9905923566300924,0.9584400068271036,0.9686158949745908,0.9560713942736414,0.9934236244304894,0.9668792029282174,1.0,0.9960445723804502,0.9791414706980216,0.9848484848484848,1.0,0.9647474867027478,1.0,0.9803496081977096,0.9388072714023604,0.9767778555605904,1.0,1.0,0.9874901960784314,0.989837227590516,0.9790616888074516,0.983976574500768,0.9456252453969612,0.9833688607407772,0.9902601563501218,0.962003909765104,0.9948261082400404,0.9796089443264284,0.9685659473212682,0.99333422257792,1.0,1.0,0.961988596374912
align-dinov2+1b-llama-things+hyp-abl30-7,1.0,0.9522289762059416,1.0,0.9895901042929904,0.9722869722869724,0.9772727272727272,0.9704291593180482,0.9653643837998512,0.9893550221985832,0.9792040387473732,0.9902978294716518,0.970072770184526,1.0,0.9806913809082484,1.0,0.9781219755220404,0.9889175876196,1.0,0.9926530953906384,1.0,0.9905375751733002,0.9484224202903874,0.9581545266327876,0.9778019662921348,0.9868512426900584,0.9779194686188116,1.0,0.9960445723804502,0.9894702367578232,0.984887839433294,1.0,0.9578319950058578,0.9935948236678164,0.9613053613053612,0.9388072714023604,0.9767778555605904,1.0,1.0,0.9686701270103416,0.989837227590516,0.9689285314215302,0.983976574500768,0.9766965337415546,0.9833688607407772,0.971128473881118,0.9903495263989478,0.9845200118320648,0.9754682564399164,0.9622641509433962,1.0,1.0,1.0,0.9618777703321634
align-dinov2+1b-llama-things+hyp-abl30-local-shuffled-218,1.0,0.9454539337299976,0.9923026493739884,0.9762287119094352,0.9793520638499704,0.9789473684210528,0.9863945578231292,0.9840102564102564,0.9878481307052736,0.9355681406777298,0.9475944273234344,0.9817093575286004,0.9819081590025388,0.9898477157360406,0.9907461662998988,0.982965734029564,0.9945797225047498,1.0,0.9863945578231292,1.0,0.9473684210526316,0.9902920608802962,0.9591776972724484,1.0,0.9634997598028634,0.9829561967725172,1.0,0.9884520458086542,0.9895815319963926,0.9741632344812016,0.9951595167194895,0.9334003686944864,0.9941508453551272,0.9619155354449472,0.9742778960170264,0.9300885960926852,0.969336670838548,0.9916251085414404,0.993748287738249,0.9637127578304048,0.952983593998412,0.9770053849919575,0.9558823529411764,1.0,1.0,0.9834710743801652,0.9656394111230184,0.9691348616667724,0.9659863945578232,0.9853810532925202,0.9959260793021966,0.9907961603613776,0.9884447230153756
align-dinov2+1b-llama-things+hyp-abl30-local-shuffled-42,1.0,0.938644097373702,1.0,0.9882484176831484,0.965586773083284,0.9789473684210528,0.9863648685280564,0.984,0.9767474534597824,0.9568345323741008,0.9675962496994036,0.9817093575286004,0.9819081590025388,0.9898477157360406,1.0,0.9575865393458892,0.9945439356162986,1.0,0.9863945578231292,0.9933721800091748,0.9735888550363978,0.9713936150548802,0.9590883257374884,1.0,0.948872413990404,0.9886319562790152,1.0,0.9884520458086542,0.9793628808864264,0.982789704907162,1.0,0.9851501974308992,1.0,0.98069431404923,0.9740419781554902,0.9580030272710944,0.969336670838548,0.9916251085414404,0.993748287738249,1.0,0.952983593998412,0.9619284088557832,0.9926301654682492,1.0,0.981132075471698,1.0,0.9803921568627452,0.9614185770834656,0.9795880562200336,1.0,1.0,1.0,0.9711175897578894
align-dinov2+1b-llama-things+hyp-abl30-local-shuffled-7,1.0,0.938644097373702,1.0,1.0,0.9724825734428526,0.989393022786852,0.9863648685280564,0.984,0.9878481307052736,0.9424460431654677,0.954145123908005,0.975609756097561,0.9819081590025388,0.984750603009448,1.0,1.0,0.9908446987956024,1.0,0.9796071287598072,0.9867325376869592,0.9735888550363978,0.990092946063358,0.9438094941504988,1.0,0.9634802957074312,0.977249200075287,1.0,0.9922779922779924,0.9793628808864264,0.9742019316550948,0.9951595167194895,0.9703703703703704,0.9882984844041226,0.9526907537208432,0.982775667888947,0.9510353033720174,0.97943661971831,1.0,0.9874921679197994,0.9906031974873206,0.981132075471698,0.9771570453134698,0.9780752843086168,1.0,1.0,0.9754960050965416,0.9852312410543758,0.9529536796324456,0.9727916342397752,1.0,1.0,1.0,0.9826636047183424
align-dinov2+1b-llama-things+hyp-abl30-shuffled-218,0.9437092298518136,0.946549899653348,0.9756292878244096,0.969657389305661,0.9289318755256518,0.9749716282882742,0.9517241379310344,0.9680370560988164,1.0,0.9809627554725594,0.9054622325193878,0.9303993070109255,0.9281442788965196,0.9413317073170732,1.0,0.8656859672693386,0.9659554271545646,0.9434868705462356,0.9437525292401384,0.9289842517579744,0.9557429693833012,1.0,0.9055648420627564,0.9790502967822556,0.9490445859872612,0.9023228803716608,0.9590502867813792,0.9485915743108838,0.9711599951702272,0.932854524370628,0.9262119402812315,0.9305824011071387,0.9672131147540984,0.9300207039337476,0.9091514425971708,0.9372794388274264,1.0,0.9516129032258064,0.95189564605381,0.972220275034534,1.0,0.9636555427694669,0.9195776546960486,0.9308098255466676,0.9909422784539764,0.9824561403508772,0.9177402317096148,0.9253523658069014,0.933774834437086,0.9322465007660384,0.9311057894836714,0.9821710599488376,0.954207662576457
align-dinov2+1b-llama-things+hyp-abl30-shuffled-42,0.928386627658974,0.959912424740011,0.8946030545576773,0.979381443298969,0.9641075164976664,0.9915253470809026,0.9172256337584632,0.9440863697705802,1.0,1.0,0.9084990013623798,0.9493995612139072,0.9484137504418522,0.9315536585365854,1.0,0.9443454149336502,0.9500556055195348,0.9434868705462356,0.9577464788732394,0.935833842083842,0.982020592020592,1.0,0.9200428651513134,0.9790502967822556,0.9808791861296744,0.9207405492906016,0.9667579391307084,0.9566990846681924,0.9711599951702272,0.9850812825504583,0.9171975792078864,0.9308146171725648,0.9180866402132593,0.9440622833679944,0.9591836734693876,0.923304225939045,0.9906739808365128,0.9595492408253982,0.9587138875312085,1.0,0.9729055258467024,0.9910355306217858,0.9339576372497932,0.9825873444294496,0.9817811924624372,0.9649122807017544,0.9180327310734118,0.9215780336257308,0.9602649006622516,0.9188001188001188,0.9392109907208864,0.9817687739374484,0.9485545805545806
align-dinov2+1b-llama-things+hyp-abl30-shuffled-7,0.9590106948633166,0.9265898988060018,0.934959349593496,0.9587628865979382,0.9571428571428572,0.9913759820006016,0.9309424235250796,0.9599689942510174,1.0,0.9904709904709904,0.9075623720821784,0.9113924050632912,0.9586100569259962,0.9215826950312904,1.0,0.9288925709072968,0.9449513854780336,0.9309956709956708,0.971830985915493,0.948513502001874,0.9383363550030216,0.987988755430616,0.9453270138258064,0.9896107690060502,0.968199652482205,0.9328744419961772,0.95866031880938,0.9342104877111346,0.980950988419698,0.9701625651009168,0.9507162214479288,0.976938205724188,0.9507486386482328,0.9777777777777776,0.9692598844048896,0.9302492379415458,0.9908034594309104,0.9276366462919124,0.9311898125520136,1.0,0.972657025894436,0.9551776531089294,0.9484182182244066,0.9739702769960694,0.9909422784539764,0.93838779956427,0.9127573200508112,0.9143719839383464,0.9403763798365824,0.9459162839444528,0.9301967945604662,0.9909392646234751,0.936911041804848
align-dinov2+1b-llama-things+hyp-abl30cat-218,1.0,1.0,1.0,1.0,1.0,1.0,0.991704770942973,1.0,1.0,1.0,1.0,0.9887640449438202,1.0,0.979838504900716,1.0,0.9894736842105264,0.9866666666666668,1.0,1.0,1.0,1.0,1.0,0.9637346105431212,1.0,1.0,1.0,1.0,0.9948149224011936,1.0,1.0,1.0,0.9791666666666666,1.0,1.0,0.9743589743589742,1.0,0.985781565373402,1.0,1.0,1.0,1.0,1.0,1.0,0.9894736842105264,1.0,1.0,1.0,1.0,0.991184216345748,1.0,0.9964544140530752,0.981132075471698,0.9857142857142858
align-dinov2+1b-llama-things+hyp-abl30cat-42,1.0,1.0,1.0,1.0,1.0,1.0,1.0,1.0,1.0,1.0,1.0,1.0,1.0,0.986596618845558,1.0,1.0,0.9866666666666668,1.0,1.0,1.0,1.0,1.0,0.9635120435120436,0.9721181700129858,1.0,1.0,1.0,1.0,0.9855072463768116,1.0,1.0,0.9375,1.0,1.0,1.0,1.0,1.0,0.9850746268656716,1.0,1.0,1.0,1.0,0.9882352941176472,1.0,1.0,1.0,1.0,1.0,0.9821526235676304,1.0,0.9928580792417387,0.981132075471698,0.9782579258779548
align-dinov2+1b-llama-things+hyp-abl30cat-7,1.0,1.0,1.0,1.0,1.0,1.0,1.0,1.0,1.0,1.0,1.0,1.0,1.0,0.9933162470475904,1.0,0.9894736842105264,1.0,1.0,1.0,1.0,1.0,0.9799910873440286,0.9817560217560216,1.0,1.0,1.0,1.0,1.0,0.9855072463768116,1.0,1.0,0.9583333333333334,0.993761163415112,1.0,1.0,0.9803921568627452,0.9716825396825396,1.0,1.0,1.0,1.0,1.0,0.9882352941176472,1.0,1.0,1.0,1.0,0.9863013698630138,0.9643052471352604,1.0,0.9964544140530752,0.9619712664940188,0.9784717876637816
align-dinov2+1b-llama-things+hyp-abl30cat-local-shuffled-218,1.0,1.0,1.0,1.0,1.0,1.0,0.9851851851851852,1.0,1.0,1.0,0.9743589743589742,1.0,1.0,0.9928283539120976,1.0,1.0,0.9885057471264368,0.9845701468342978,1.0,0.987503206361421,1.0,1.0,0.9708602541695992,0.9825118528299154,1.0,1.0,1.0,1.0,1.0,1.0,0.9867213540314624,0.9778784433956847,0.9939973515925264,1.0,1.0,0.9804539868765796,1.0,1.0,1.0,1.0,0.9565217391304348,1.0,0.9589041095890408,1.0,1.0,1.0,1.0,0.9824561403508772,0.9832417582417582,1.0,0.9897792342848036,0.9715919847174976,0.9861001642036124
align-dinov2+1b-llama-things+hyp-abl30cat-local-shuffled-42,1.0,1.0,1.0,1.0,1.0,1.0,0.9851851851851852,0.9655172413793104,1.0,1.0,0.9743589743589742,1.0,1.0,1.0,1.0,1.0,1.0,1.0,1.0,1.0,1.0,1.0,0.9903543691214924,0.9825118528299154,1.0,0.9866666666666668,1.0,0.9896649636885662,1.0,1.0,0.9934468550371038,0.9452099779148644,0.9632863250235966,1.0,0.9894736842105264,0.9901775307354844,0.9833860304685254,1.0,1.0,0.9782608695652174,0.9859154929577464,1.0,1.0,1.0,1.0,0.9875218983914636,1.0,1.0,0.9664835164835164,1.0,0.9965930780949344,0.9715919847174976,0.9653868794824632
align-dinov2+1b-llama-things+hyp-abl30cat-local-shuffled-7,1.0,1.0,1.0,1.0,1.0,1.0,0.9851851851851852,1.0,1.0,1.0,1.0,1.0,1.0,0.9928845825123928,0.9902912621359224,1.0,1.0,1.0,1.0,0.9937706061058816,1.0,1.0,0.9419306184012068,0.9825118528299154,1.0,1.0,1.0,0.9895287958115184,1.0,0.987012987012987,0.990106729223324,0.978021978021978,1.0,1.0,1.0,0.9901775307354844,1.0,1.0,1.0,1.0,0.9859154929577464,1.0,1.0,1.0,1.0,0.975,0.9855072463768116,1.0,0.9916445287792536,1.0,0.996557058168102,0.9809856332470096,0.9724137931034482
align-dinov2+1b-llama-things+hyp-abl30cat-shuffled-218,0.9476709977583944,1.0,0.9850746268656716,1.0,1.0,1.0,0.9523809523809524,1.0,1.0,1.0,1.0,1.0,0.9766537467700256,0.9183361258832956,1.0,0.9863013698630138,1.0,0.9333333333333332,1.0,0.9183175581480668,1.0,0.9444444444444444,0.9331144050679834,0.9690104166666668,1.0,1.0,1.0,0.9350763171972636,1.0,1.0,0.93273299028016,0.9357992890629026,0.906712810371347,0.9830508474576272,0.9777777777777776,0.8923469387755102,0.9327849588719154,1.0,0.9296624324619848,1.0,1.0,1.0,0.9876543209876542,1.0,1.0,0.9668305804228134,1.0,1.0,0.9715085377875514,0.9743589743589742,0.9123523093447904,0.94506552006552,0.9212827988338192
align-dinov2+1b-llama-things+hyp-abl30cat-shuffled-42,0.948234001217644,1.0,1.0,1.0,1.0,1.0,0.9601074997900394,1.0,1.0,1.0,1.0,1.0,0.9530714611425966,0.9380194147636008,1.0,1.0,1.0,0.9500416782439566,1.0,0.911004191624623,1.0,1.0,0.9170859803976688,0.9844447727869712,1.0,1.0,1.0,0.9458969309977198,1.0,1.0,0.9372865872865872,0.9466612367421476,0.9156389516256104,1.0,0.9777777777777776,0.9190454828432272,0.868013468013468,1.0,0.9393939393939394,1.0,1.0,1.0,1.0,1.0,1.0,0.9668305804228134,1.0,1.0,0.9209701809699832,1.0,0.9374647974860064,0.9454545454545454,0.9654737257221728
align-dinov2+1b-llama-things+hyp-abl30cat-shuffled-7,0.9499868238151508,1.0,0.9538461538461538,1.0,1.0,1.0,0.942810027028873,1.0,1.0,1.0,1.0,1.0,0.9650535298830936,0.9380194147636008,1.0,1.0,1.0,0.9500416782439566,1.0,0.9603787516830996,1.0,1.0,0.9159659839501736,0.9844447727869712,1.0,1.0,1.0,0.935929927526566,1.0,1.0,0.9538313502442444,0.924851716819938,0.9360012297601968,1.0,1.0,0.9015612719908108,0.966392479435958,1.0,0.9595959595959596,1.0,1.0,1.0,0.9876543209876542,1.0,1.0,0.9777777777777776,1.0,1.0,0.9715085377875514,1.0,0.9456058384203528,0.94579346092504,0.9166887994135708
align-dinov2+1b-llama-things+hyp-abl40cat-218,1.0,0.9898385284201808,1.0,1.0,1.0,1.0,1.0,1.0,1.0,1.0,1.0,1.0,1.0,0.9919416691299634,1.0,1.0,1.0,1.0,0.993138680228746,1.0,1.0,1.0,0.9777777777777776,1.0,1.0,1.0,1.0,1.0,0.96,1.0,1.0,1.0,1.0,1.0,1.0,0.9767441860465116,0.9777777777777776,1.0,1.0,1.0,1.0,1.0,1.0,1.0,1.0,1.0,1.0,0.9861664177866268,1.0,0.979591836734694,1.0,1.0,0.9774346050012724
align-dinov2+1b-llama-things+hyp-abl40cat-42,1.0,0.969515585260543,1.0,1.0,1.0,1.0,1.0,1.0,1.0,1.0,1.0,1.0,1.0,0.9919416691299634,1.0,1.0,1.0,1.0,0.993138680228746,1.0,1.0,0.9824561403508772,1.0,1.0,1.0,1.0,1.0,1.0,0.9803921568627452,1.0,1.0,1.0,1.0,0.9655172413793104,1.0,0.9767441860465116,1.0,1.0,1.0,1.0,1.0,0.9824561403508772,1.0,1.0,1.0,1.0,1.0,0.9794252394835484,1.0,1.0,0.9949597197082108,1.0,0.9774346050012724
align-dinov2+1b-llama-things+hyp-abl40cat-7,1.0,0.9691149186947504,1.0,1.0,0.979591836734694,1.0,1.0,0.9830803670266416,1.0,1.0,1.0,1.0,1.0,0.9919416691299634,1.0,1.0,1.0,1.0,0.9861536479949624,1.0,1.0,0.9824561403508772,1.0,1.0,1.0,1.0,1.0,1.0,1.0,1.0,1.0,1.0,1.0,1.0,1.0,1.0,1.0,1.0,1.0,1.0,1.0,1.0,1.0,0.984126984126984,1.0,0.9777777777777776,1.0,0.9861664177866268,1.0,0.9583333333333336,1.0,0.9777777777777776,0.9770493829111878
align-dinov2+1b-llama-things+hyp-abl40cat-local-shuffled-218,1.0,0.9482660196945912,1.0,0.9786646561768708,1.0,0.972972972972973,1.0,0.9803921568627452,1.0,1.0,0.979591836734694,1.0,1.0,0.9919400288530248,1.0,0.9627551815490104,1.0,1.0,0.9927633769739032,1.0,1.0,1.0,0.9830508474576272,1.0,1.0,1.0,1.0,1.0,1.0,0.9879969272133666,1.0,1.0,1.0,1.0,1.0,1.0,1.0,1.0,1.0,1.0,1.0,1.0,1.0,1.0,1.0,1.0,0.9787234042553192,0.9391220679253132,0.972972972972973,1.0,1.0,1.0,0.977945149222805
align-dinov2+1b-llama-things+hyp-abl40cat-local-shuffled-42,1.0,0.9685253118121788,1.0,0.9786646561768708,1.0,1.0,1.0,1.0,1.0,1.0,0.9583333333333336,0.9863013698630138,1.0,0.9840120183810532,1.0,0.9814362671007246,0.9975423973069651,1.0,0.9857142857142858,0.986154428268624,1.0,1.0,1.0,0.9777777777777776,1.0,1.0,1.0,1.0,1.0,0.9879969272133666,1.0,1.0,1.0,1.0,1.0,1.0,1.0,1.0,1.0,1.0,1.0,1.0,1.0,1.0,1.0,1.0,1.0,0.9597633136094674,1.0,1.0,1.0,1.0,0.9632419153713416
align-dinov2+1b-llama-things+hyp-abl40cat-local-shuffled-7,1.0,0.9685253118121788,1.0,0.9786646561768708,1.0,1.0,1.0,1.0,1.0,1.0,0.979591836734694,1.0,1.0,1.0,1.0,0.9814362671007246,1.0,1.0,0.9927633769739032,1.0,1.0,0.9777777777777776,1.0,0.9777777777777776,0.9767441860465116,1.0,1.0,1.0,0.972972972972973,0.9879969272133666,1.0,1.0,1.0,1.0,1.0,1.0,1.0,1.0,1.0,0.9850746268656716,1.0,1.0,0.9787234042553192,1.0,1.0,1.0,0.9565217391304348,0.9597633136094674,1.0,1.0,1.0,1.0,0.9703729557744156
align-dinov2+1b-llama-things+hyp-abl40cat-shuffled-218,1.0,0.9084568439407148,1.0,0.9807621161672216,1.0,1.0,1.0,0.975848188614146,1.0,1.0,0.490566037735849,0.4925373134328358,1.0,0.9328165374677002,1.0,1.0,0.730905695611578,1.0,0.9085526315789474,0.8651115618661258,1.0,1.0,1.0,1.0,1.0,1.0,1.0,1.0,1.0,0.9665413533834586,1.0,1.0,1.0,1.0,1.0,1.0,1.0,1.0,1.0,1.0,1.0,1.0,1.0,1.0,1.0,1.0,1.0,0.8537815126050421,1.0,1.0,0.699871088714403,1.0,0.8961069978504896
align-dinov2+1b-llama-things+hyp-abl40cat-shuffled-42,1.0,0.96657824933687,1.0,0.9613095238095238,1.0,1.0,1.0,0.975848188614146,1.0,1.0,1.0,1.0,1.0,0.869695957233545,1.0,0.9600614439324116,0.730905695611578,1.0,0.8657869327325394,0.9385964912280702,0.4915254237288136,1.0,1.0,1.0,1.0,1.0,1.0,1.0,1.0,0.9233419465977606,1.0,1.0,1.0,1.0,1.0,1.0,1.0,1.0,1.0,1.0,1.0,1.0,1.0,1.0,1.0,1.0,1.0,0.8097112860892388,1.0,1.0,0.8225225225225226,0.4878048780487805,0.908976773383553
align-dinov2+1b-llama-things+hyp-abl40cat-shuffled-7,1.0,0.931719661128837,1.0,0.9807478236049664,1.0,1.0,0.972972972972973,1.0,1.0,1.0,1.0,1.0,1.0,0.913154442456768,1.0,0.9615384615384616,0.9611826759966072,1.0,0.920065182802816,0.9611281833759424,1.0,1.0,1.0,1.0,1.0,1.0,1.0,1.0,1.0,0.9665801849521818,1.0,1.0,1.0,1.0,0.9830508474576272,1.0,1.0,1.0,1.0,1.0,0.981132075471698,1.0,1.0,1.0,0.981132075471698,1.0,1.0,0.9215122168645408,1.0,1.0,0.9246722223730286,1.0,0.9413333333333334
align-dinov2+1b-llama-things+hyp-abl50-218,1.0,0.926808100289296,0.9893556651864088,1.0,0.9632260101010102,1.0,0.988873570901394,0.939630467571644,1.0,0.9865792703002004,0.9893617021276596,0.9768079355365158,0.9677032895722056,0.991142031017261,1.0,0.9748668703622873,0.9817629179331308,1.0,0.9875260792810142,0.9912990621169926,0.982221098752949,0.9695535714285712,0.9361702127659576,0.9843346157640328,0.987997610591264,0.9617222865564796,1.0,0.9929908087019772,0.963025488248924,0.9415373724264056,1.0,0.9578473828042884,0.9909254653057724,0.9667668506109578,0.9622061965811964,0.9855383400340166,0.9685935935935936,0.9831608711677366,0.9891239947036792,0.9450018580453364,0.9810770869849124,0.9600046194239988,0.9454960564549608,1.0,1.0,0.9847764250768004,1.0,0.9832225387780942,0.9696411115765956,0.986498881930913,0.9884523408284784,0.9436345966958212,0.961374668691742
align-dinov2+1b-llama-things+hyp-abl50-42,1.0,0.9560848601735776,1.0,1.0,0.9449735449735448,1.0,1.0,0.9543075481219812,0.981736392262708,0.945945945945946,0.98943987700486,0.9651690242148168,0.978406020410442,0.9822643629723274,0.9758421423537702,0.9746835443037974,0.993920972644377,1.0,0.9874696356275304,0.982608695652174,0.982221098752949,0.95483934169279,0.9570432694732808,0.9843346157640328,1.0,0.990467473030402,1.0,1.0,0.981334865524846,0.9559617642126446,1.0,0.9577971324450196,1.0,0.9667668506109578,0.9809476868690302,0.9855383400340166,0.9844020261922412,0.9831608711677366,0.9891239947036792,0.981111258219692,0.9810770869849124,0.946229417462294,0.9589827018445602,0.9848498168498168,0.9820830361581188,0.9699334811529934,0.9929761806707692,0.9496676163342832,0.9697031558825984,1.0,0.9769046816569568,0.9718172983479104,0.9516006012069004
align-dinov2+1b-llama-things+hyp-abl50-7,1.0,0.9413828689370484,0.9572915757099476,0.9655172413793104,0.926757051581736,0.9600583090379008,0.988873570901394,0.969815233785822,0.9649754500818332,0.9597378109006016,1.0,0.9652450364812668,0.9570508863215452,0.991142031017261,1.0,0.9500215275983812,0.9938469154757006,1.0,0.9750959079283888,1.0,0.964572192513369,0.9845870003667032,0.9574468085106383,0.9552040291546224,0.9759036144578314,0.9809139503196728,1.0,1.0,0.981334865524846,0.9851661701713764,1.0,0.971887144237033,0.990891020655086,0.9496804358892178,0.9437112183591057,1.0,0.96875,0.9661016949152542,1.0,0.981111258219692,0.9622641509433962,0.9470746882426768,0.9316378364076005,1.0,1.0,0.9699334811529934,0.9859154929577464,0.9664450775561888,0.9393319446510936,0.986498881930913,0.9883720930232558,0.9299585573860328,0.961374668691742
align-dinov2+1b-llama-things+hyp-abl50-local-shuffled-218,1.0,0.9754255518144406,1.0,1.0,0.9680296328262668,1.0,0.9805825242718448,0.9607843137254902,1.0,0.959793244196914,0.9836895266775568,0.9899181751033604,0.9861356065059768,1.0,1.0,0.9754599761051372,0.9969581426382046,1.0,1.0,0.9916660879227724,0.9540322111750684,0.9841417521836334,0.9714441714441716,1.0,0.9579502330438326,0.9805825242718448,1.0,0.986013986013986,0.982613660976234,0.970535521152004,1.0,0.9581691893012648,0.9833147321428573,0.9359703002304652,0.9843188371450016,0.9733333333333334,0.9876990149054216,0.9828539388842163,1.0,0.9705882352941176,0.9375,0.9872570659219108,0.8931612077243146,1.0,1.0,0.943873015873016,1.0,0.9766305654083424,0.9619643801798624,1.0,1.0,0.9847058581621534,0.9895035849773564
align-dinov2+1b-llama-things+hyp-abl50-local-shuffled-42,1.0,0.9632073550376772,1.0,0.9555555555555556,0.9839480967288236,0.9819650679865732,0.9805825242718448,0.9607843137254902,1.0,0.972972972972973,0.9890609509030562,0.9899181751033604,0.9861356065059768,0.9905438108904429,1.0,0.9632836299502966,0.984994295323757,1.0,1.0,1.0,0.9692307692307692,0.9841417521836334,0.97140771827388,1.0,0.9438664243525668,1.0,0.9849111133514804,0.9930432138569534,0.982613660976234,0.9560477703483604,0.991201987638368,0.943979933110368,1.0,0.9740080307413324,0.9689814814814814,0.9598098633392752,0.9754780924715566,0.9828539388842163,1.0,0.9855803190841552,0.96875,0.9872570659219108,0.9047619047619048,1.0,1.0,0.9857894564826616,0.9921478554168344,0.9608981043268008,0.9747728860936408,1.0,1.0,0.9695722881769392,0.9789473684210528
align-dinov2+1b-llama-things+hyp-abl50-local-shuffled-7,1.0,0.9388487755325842,1.0,0.9774097078444904,0.9839480967288236,0.9635307781649244,0.9805641782063418,0.9805471595752926,1.0,0.94492706992707,0.9891891891891892,0.9899181751033604,0.9861356065059768,0.9905438108904429,1.0,0.9511526832955404,0.98518443533948,1.0,1.0,1.0,0.939250493096647,0.9841417521836334,0.9809523809523808,1.0,0.9299170550730544,0.9902801293261404,0.9849111133514804,0.9930432138569534,0.9655056759545924,0.970535521152004,0.9823481781376516,0.9307967313585293,1.0,0.9740080307413324,0.9843188371450016,0.9470987654320988,0.9754780924715566,0.9828539388842163,1.0,0.9855803190841552,0.937948717948718,0.962176675127276,0.9056582633053222,1.0,0.949010989010989,1.0,1.0,0.9687817882072328,0.9619643801798624,1.0,1.0,0.9695722881769392,0.9895035849773564
align-dinov2+1b-llama-things+hyp-abl50-shuffled-218,0.9605432605010484,0.9487179487179488,0.957678560816375,1.0,1.0,1.0,0.9378513013133007,0.9816400014848362,1.0,1.0,0.8892527742678598,0.9866809804974056,0.96875,0.9032954201124832,1.0,0.9110841643124052,0.9528714949767582,0.9809292854185504,0.9447563040185334,0.9126752014126476,0.9119440245911384,0.9826801998610832,0.9183673469387756,1.0,0.9682699692780338,0.9471235470811022,1.0,0.9264861500155618,1.0,0.9834665805270668,0.9474179983179144,0.9508196721311476,0.950413223140496,0.9642857142857144,1.0,0.8856308488750247,0.960846315030957,0.922550567711858,0.9595427360133242,0.9813106106715358,0.9734399224806204,0.9495798319327732,0.952598888525662,1.0,1.0,0.9308986752595776,0.906011002628809,0.95751033379113,0.922074074074074,0.9591615357584832,0.981519042518166,0.9746835443037974,0.9308462110685362
align-dinov2+1b-llama-things+hyp-abl50-shuffled-42,0.9545989447707472,0.8723128723128724,0.9434575193094048,1.0,0.9829159899787236,0.9560698005284398,0.9277732730993474,0.9636363636363636,1.0,0.9622641509433962,0.8523410202655486,1.0,0.9843317610062894,0.9133011981820686,1.0,0.9234427257525084,0.9499489965219314,0.9245283018867924,0.9723781520092668,0.9614219114219114,0.98709045974904,0.9826801998610832,0.9592521285243656,1.0,0.9523809523809524,0.9560692106414952,0.9838095238095238,0.9671854094525412,1.0,0.9834665805270668,0.9565757337417726,0.9016393442622952,0.9171967884587502,0.9819853142637952,0.9843188371450016,0.936110252377944,0.9344143573806027,0.9385375494071146,0.945945945945946,0.9813106106715358,1.0,0.9660738714090286,0.8814972213141549,1.0,0.9807967313585292,0.9581048475542882,0.9141656192306123,0.9318168396299856,0.922074074074074,0.9191586264756996,0.8911314499142486,0.9746835443037974,0.9211855682443918
align-dinov2+1b-llama-things+hyp-abl50-shuffled-7,0.9561442693509608,0.961439993698058,0.943774288474066,0.9807439874898696,1.0,0.941969696969697,0.948409480785248,0.9816400014848362,0.9841841841841842,1.0,0.9074695963539628,0.9600429414922168,0.9056806680161944,0.9148942980139868,1.0,0.9487179487179488,0.9507850823640296,1.0,0.9171344560278002,0.9022082253789572,0.887367178276269,0.949161951531974,0.9175290141730632,0.958349654001828,0.9841349906923678,0.9471235470811022,1.0,0.9321266968325792,0.9678734061930784,0.9672131147540984,0.9474179983179144,0.9344262295081968,0.8925325987144169,0.9448284690220172,0.9245139567720214,0.8841859894491473,0.9215102974828376,0.922550567711858,0.959112035288002,0.9813106106715358,0.973185185185185,1.0,0.928898332788493,1.0,1.0,0.9301747459238136,0.914716932004166,0.8970664928292047,0.9666031746031746,0.8249991348582899,0.9167475793461902,0.9872641291978754,0.9312127078679572
align-dinov2+1b-llama-things+hyp-abl70-218,1.0,0.9332005973120956,1.0,1.0,0.9130434782608696,1.0,0.9796436122017516,0.9536796536796536,1.0,0.9432679738562092,1.0,1.0,0.977893217893218,0.98481658692185,1.0,0.975609756097561,0.971059709521248,1.0,0.9469246031746033,0.9838041162680832,1.0,1.0,0.9543560606060606,0.955276907001045,0.9753241800152554,0.9652602270293424,1.0,0.9792377069434148,0.9803921568627452,1.0,1.0,0.970341997264022,1.0,0.9714520773344304,0.9316498316498316,0.9772132629275486,1.0,0.9543049543049544,1.0,0.9658899020601148,1.0,1.0,1.0,0.9617344173441734,0.9386666666666666,0.9753833736884584,0.9733603903112992,0.945681739295068,0.9557777777777778,1.0,0.9886604113424904,0.9575352184047836,0.9141438670336194
align-dinov2+1b-llama-things+hyp-abl70-42,1.0,1.0,1.0,1.0,0.958349654001828,1.0,0.9588669950738916,0.977439934146216,1.0,0.8761282290694056,0.9801980198019802,1.0,0.977893217893218,0.98481658692185,1.0,0.975609756097561,0.992890992890993,1.0,0.92174688057041,0.9674542381414752,1.0,0.9302325581395348,0.9772373449072984,0.955276907001045,0.9753241800152554,0.982700139292056,1.0,1.0,0.9803921568627452,1.0,1.0,1.0,1.0,0.9714520773344304,0.900164435048156,1.0,0.9732955461855718,0.9543049543049544,1.0,1.0,0.959090909090909,1.0,0.9635307781649244,0.9617344173441734,0.9386666666666666,1.0,1.0,0.9817282046338248,1.0,1.0,0.9886604113424904,0.9575352184047836,0.9655172413793104
align-dinov2+1b-llama-things+hyp-abl70-7,1.0,0.9777997690912088,1.0,1.0,1.0,1.0,0.9588669950738916,1.0,1.0,0.9698853126156122,0.9611416697225278,0.9722869722869724,0.9559670781893004,0.98481658692185,1.0,0.975609756097561,0.9786729786729784,1.0,0.92174688057041,0.9838041162680832,0.9544513457556936,0.9302325581395348,1.0,0.955276907001045,0.9753241800152554,1.0,1.0,0.9895488609934298,0.9803921568627452,1.0,1.0,0.9411764705882352,1.0,0.9714520773344304,0.900164435048156,0.9772132629275486,1.0,1.0,1.0,1.0,0.9192708333333334,1.0,0.9251700680272108,0.8917482517482519,0.9386666666666666,0.9753833736884584,1.0,0.9817282046338248,0.9557777777777778,1.0,0.9886604113424904,0.9575352184047836,0.9141438670336194
align-dinov2+1b-llama-things+hyp-abl70-local-shuffled-218,1.0,0.9221775666788452,1.0,0.9695093348344122,0.9354497354497354,1.0,0.9833472570314676,1.0,0.9655122655122657,0.921822077832308,0.9313215093648252,0.8636363636363636,1.0,0.983928022822032,0.8976443610589953,0.9523809523809524,1.0,1.0,1.0,1.0,1.0,1.0,0.978229916840346,0.9735308063481438,1.0,0.982536590411502,1.0,1.0,0.9714285714285712,1.0,0.9845249110686158,0.917283950617284,0.9859323774816732,1.0,0.9113095238095238,0.9796088648225248,0.9353864734299516,1.0,1.0,1.0,0.9285714285714286,1.0,0.9134948096885812,1.0,1.0,0.9698696365363032,1.0,0.9534390138163724,0.9323533609247896,1.0,0.9796903582201656,1.0,0.9813616433334744
align-dinov2+1b-llama-things+hyp-abl70-local-shuffled-42,1.0,0.9415892672858616,1.0,0.9695093348344122,0.9354497354497354,1.0,1.0,1.0,1.0,1.0,0.9801573703915224,0.977332191617906,1.0,0.9838041162680832,0.8976443610589953,1.0,1.0,1.0,1.0,1.0,0.9669408538973756,1.0,0.978229916840346,1.0,1.0,1.0,1.0,0.9895084372707263,0.9714285714285712,1.0,1.0,0.9724279835390948,0.9859323774816732,1.0,1.0,0.9796088648225248,0.9682748538011696,1.0,1.0,0.9397849462365592,0.93125,1.0,0.9432679738562092,1.0,1.0,0.939963545226703,1.0,0.9534390138163724,0.9548325358851674,1.0,1.0,1.0,0.9813616433334744
align-dinov2+1b-llama-things+hyp-abl70-local-shuffled-7,1.0,0.9415892672858616,1.0,0.9695093348344122,0.9354497354497354,1.0,1.0,1.0,0.9626815265113136,0.9733615016633884,0.9603147407830444,0.9547348484848488,1.0,0.9838041162680832,0.9303350970017638,0.9523809523809524,1.0,1.0,1.0,0.9820362286115712,1.0,1.0,0.9563561076604556,0.947983697983698,0.9699334811529934,0.982536590411502,1.0,0.9896532039389182,0.9714285714285712,1.0,0.9845249110686158,0.9451659451659452,0.957678560816375,0.9652144545761566,0.9543049543049544,0.9796088648225248,0.9682748538011696,1.0,1.0,1.0,0.93125,1.0,0.9411764705882352,1.0,0.9360119047619048,1.0,1.0,0.9537342657342656,0.9773570361805656,1.0,1.0,1.0,0.9629629629629628
align-dinov2+1b-llama-things+hyp-abl70-shuffled-218,0.9377863515794552,0.9777777777777776,1.0,0.9523809523809524,0.8705882352941177,1.0,0.9361147327249022,0.9639751552795032,0.9365079365079364,0.8736842105263158,0.913234005258545,0.919661733615222,1.0,0.9222222222222224,1.0,0.4848484848484848,0.8575498575498575,1.0,1.0,0.914860681114551,0.9667565139263252,1.0,0.8951647411210955,1.0,1.0,0.9403377110694184,1.0,0.8774193548387097,1.0,1.0,0.9607142857142856,0.93796992481203,0.8922056384742951,1.0,0.9187675070028012,0.7989365237620472,1.0,0.7338709677419355,0.9404761904761904,1.0,0.9472527472527472,1.0,0.9594771241830063,1.0,0.8602941176470589,0.9697959183673468,0.967622571692877,0.8833333333333333,0.9320175438596492,0.9532608695652174,0.9366666666666668,0.9131944444444444,0.9015384615384616
align-dinov2+1b-llama-things+hyp-abl70-shuffled-42,0.9192488262910798,0.9777777777777776,0.4848484848484848,1.0,1.0,1.0,0.9570175438596492,0.9639751552795032,1.0,0.941031941031941,0.8785276073619632,0.9460227272727272,1.0,0.940990516332982,1.0,0.4848484848484848,0.8127340823970037,1.0,0.9499105545617174,0.9118589743589745,1.0,1.0,0.9577586206896552,1.0,0.9625730994152046,0.898584003061615,0.9353535353535354,0.9222458667539696,1.0,0.9249530956848032,0.941675503711559,0.907735321528425,0.9531362653208364,1.0,1.0,0.9089705395564384,0.9365384615384617,0.4677419354838709,1.0,1.0,1.0,1.0,0.9594771241830063,1.0,0.8602941176470589,0.9383333333333332,0.983985358041638,0.8857142857142857,0.9671957671957672,0.9765411893071468,0.9533475200523818,0.9575551782682512,0.9039039039039038
align-dinov2+1b-llama-things+hyp-abl70-shuffled-7,0.9616071428571428,1.0,1.0,1.0,1.0,0.9603841536614646,0.8935245545415037,0.9639751552795032,1.0,0.941031941031941,0.8579626972740315,0.9460227272727272,1.0,0.9601706970128024,1.0,1.0,0.9045680111973532,0.9570747217806042,0.9499105545617174,0.935064935064935,0.9667565139263252,1.0,1.0,1.0,1.0,0.9196969696969696,1.0,0.9160925631513868,0.4912280701754385,0.95,0.9597953216374268,0.9692451071761417,0.9058880308880308,1.0,1.0,0.7989365237620472,0.8952380952380952,1.0,1.0,0.9333333333333332,0.9515151515151516,1.0,0.9217171717171716,1.0,1.0,0.96845694799659,0.967622571692877,0.9203413940256046,1.0,0.9765411893071468,0.8423963133640553,0.9575551782682512,0.9
align-dinov2+1b-llama-things+hyp-abl90-218,1.0,1.0,1.0,1.0,0.9230769230769232,0.888888888888889,1.0,1.0,1.0,1.0,0.958349654001828,1.0,1.0,0.9444579189910258,1.0,1.0,0.935483870967742,1.0,1.0,1.0,1.0,1.0,0.9542583732057416,1.0,1.0,1.0,1.0,1.0,0.888888888888889,1.0,0.9411764705882352,1.0,1.0,1.0,1.0,1.0,1.0,1.0,1.0,1.0,0.9090909090909092,0.96,0.8443223443223443,1.0,1.0,1.0,1.0,1.0,1.0,1.0,1.0,1.0,0.9147688060731538
align-dinov2+1b-llama-things+hyp-abl90-42,1.0,0.856060606060606,1.0,1.0,0.9230769230769232,0.888888888888889,1.0,1.0,1.0,1.0,0.958349654001828,1.0,1.0,1.0,1.0,1.0,0.9662541421518902,1.0,1.0,1.0,1.0,1.0,0.9542583732057416,1.0,1.0,0.9047619047619048,1.0,1.0,0.888888888888889,1.0,0.9411764705882352,0.9411764705882352,1.0,1.0,1.0,1.0,1.0,1.0,1.0,0.888888888888889,1.0,0.9166666666666666,1.0,1.0,1.0,1.0,1.0,1.0,1.0,1.0,1.0,1.0,1.0
align-dinov2+1b-llama-things+hyp-abl90-7,1.0,0.9312169312169312,1.0,0.8681818181818182,0.9230769230769232,1.0,1.0,1.0,1.0,1.0,0.958349654001828,1.0,1.0,1.0,1.0,1.0,0.9286140979689366,1.0,1.0,1.0,1.0,1.0,0.8084415584415584,1.0,1.0,1.0,1.0,1.0,0.888888888888889,1.0,0.9411764705882352,0.875,1.0,1.0,1.0,1.0,1.0,1.0,1.0,0.888888888888889,1.0,1.0,0.8443223443223443,1.0,1.0,1.0,1.0,1.0,1.0,1.0,1.0,1.0,0.9570508863215452
align-dinov2+1b-llama-things+hyp-abl90-local-shuffled-218,0.9590699155916548,0.943915343915344,0.9056277056277056,0.8666666666666667,1.0,1.0,1.0,1.0,1.0,0.565826330532213,1.0,1.0,1.0,0.8982142857142857,1.0,0.8917748917748918,1.0,1.0,0.8681818181818182,1.0,1.0,1.0,0.9526695526695526,1.0,1.0,0.7873303167420814,1.0,0.952598888525662,0.8000000000000002,0.9230769230769232,1.0,0.8000000000000002,1.0,0.5714285714285714,0.8571428571428571,0.86,0.9333333333333332,1.0,0.8654761904761905,0.9333333333333332,1.0,0.9090909090909092,0.928937728937729,1.0,0.8571428571428571,0.8,1.0,0.9075369075369076,0.888888888888889,0.873015873015873,1.0,1.0,0.9588867805186592
align-dinov2+1b-llama-things+hyp-abl90-local-shuffled-42,1.0,0.943915343915344,0.9056277056277056,0.9354497354497354,1.0,1.0,1.0,1.0,1.0,0.8333333333333334,1.0,1.0,1.0,0.950984499371596,1.0,0.8917748917748918,1.0,1.0,0.8681818181818182,1.0,0.9411764705882352,1.0,0.9002525252525252,1.0,1.0,0.9265471370734528,1.0,1.0,0.8000000000000002,1.0,1.0,1.0,1.0,1.0,0.8571428571428571,1.0,1.0,1.0,1.0,1.0,0.9230769230769232,1.0,0.928937728937729,1.0,1.0,1.0,1.0,1.0,1.0,0.873015873015873,1.0,1.0,1.0
align-dinov2+1b-llama-things+hyp-abl90-local-shuffled-7,0.9157509157509156,1.0,0.8952380952380952,1.0,1.0,1.0,1.0,1.0,1.0,0.4375,0.812206572769953,1.0,1.0,0.93841642228739,0.4285714285714285,0.8831168831168831,1.0,1.0,0.8545454545454545,1.0,1.0,1.0,0.9301587301587302,1.0,1.0,0.7450980392156863,1.0,0.9519450800915332,0.4,1.0,1.0,0.4,1.0,0.4444444444444444,0.4285714285714285,1.0,1.0,1.0,1.0,1.0,0.4166666666666667,0.4545454545454545,0.8541666666666667,0.915032679738562,0.4285714285714285,1.0,1.0,0.905982905982906,0.4444444444444444,0.873015873015873,1.0,1.0,1.0
align-dinov2+1b-llama-things+hyp-abl90-shuffled-218,0.8848484848484849,0.6865203761755485,1.0,0.8500000000000001,1.0,1.0,0.8246153846153846,0.8285714285714285,1.0,0.8952380952380952,0.4927536231884058,0.4666666666666667,1.0,1.0,1.0,0.75,0.9350104821802936,1.0,1.0,0.7136363636363636,0.4285714285714285,1.0,0.8642857142857143,0.4285714285714285,0.906832298136646,0.8831168831168831,0.9212121212121211,0.9307359307359306,0.4705882352941176,0.4375,1.0,0.4,0.7442455242966752,1.0,0.3,0.9411764705882352,1.0,1.0,0.898989898989899,1.0,0.4,0.4705882352941176,0.4857142857142857,1.0,0.375,0.4285714285714285,0.915057915057915,0.9090909090909092,1.0,0.916083916083916,1.0,0.3636363636363636,0.9505376344086022
align-dinov2+1b-llama-things+hyp-abl90-shuffled-42,1.0,0.8465473145780051,1.0,0.9282296650717704,0.4375,1.0,0.7840909090909092,0.9111111111111112,1.0,1.0,1.0,0.3846153846153846,0.8285714285714285,0.8119122257053292,1.0,1.0,0.9194805194805196,1.0,1.0,0.9505882352941176,0.4285714285714285,1.0,0.936026936026936,1.0,0.906832298136646,0.8193979933110368,1.0,0.9352226720647774,1.0,0.4705882352941176,1.0,1.0,0.9373040752351096,1.0,1.0,0.8819444444444444,1.0,1.0,0.7916666666666667,1.0,1.0,1.0,0.8285714285714285,0.8831168831168831,1.0,0.4285714285714285,0.915057915057915,0.717948717948718,1.0,1.0,1.0,1.0,1.0
align-dinov2+1b-llama-things+hyp-abl90-shuffled-7,1.0,0.9466666666666668,1.0,1.0,0.4375,1.0,0.8347826086956522,0.9111111111111112,1.0,0.6333333333333333,1.0,0.4666666666666667,1.0,0.8958333333333333,1.0,0.5636363636363637,1.0,1.0,1.0,0.8990384615384616,1.0,0.4285714285714285,0.936026936026936,0.4666666666666667,1.0,0.9428571428571428,0.9212121212121211,1.0,1.0,1.0,1.0,1.0,0.8901098901098901,0.4375,0.4615384615384615,1.0,1.0,1.0,1.0,1.0,0.4545454545454545,1.0,0.8285714285714285,0.3571428571428571,1.0,0.7333333333333334,0.915057915057915,0.905982905982906,0.4,0.916083916083916,1.0,1.0,0.8973214285714286
