run_name,animal,arts and crafts item,bird,body part,breakfast food,candy,car part,clothing accessory,condiment,construction equipment,container,dessert,drink,electronic device,farm animal,fastener,food,footwear,fruit,furniture,game,garden tool,hardware item,headwear,home appliance,home decor item,insect,item of clothing,kitchen appliance,kitchen tool,mammal,medical equipment,musical,office supply item,outerwear,personal hygiene item,piece of jewelry,piece of women's clothing,plant,protective clothing item,safety equipment,school supply,scientific equipment,sea animal,seafood,source of light,sports equipment,tool,toy,vegetable,vehicle,watercraft,weapon
align-dinov2+1b-llama-chat-things+hyp-abl10-218,1.0,0.8152380952380952,1.0,0.9539735626692148,0.9612430580172516,0.9352999333226036,0.9751479289940828,0.9251460017969452,1.0,0.7596153846153847,0.974025974025974,0.9539122610500028,0.9490783410138248,0.933357053904999,0.8907161803713527,0.9754890869873448,0.9780701754385964,1.0,0.8633136094674557,0.981000481000481,0.8272058823529411,0.8118686868686869,0.8091253009285797,0.9744997624201468,0.9642401021711366,0.9307036247334756,0.9812017245101932,0.9778463679294164,0.975609756097561,1.0,1.0,0.7802208117612228,0.8921146953405017,0.8587501528678,0.9460446247464503,0.9004288394532298,1.0,0.8824771287825475,1.0,0.8628803245436105,0.8289562289562289,0.9320574162679426,0.7513852803899477,0.9828171020872544,0.9069940476190476,1.0,0.8112745098039215,0.970888429519947,0.783719615602035,1.0,1.0,1.0,0.8691358024691357
align-dinov2+1b-llama-chat-things+hyp-abl10-42,1.0,0.8006617038875103,1.0,1.0,0.9216346153846152,0.9565217391304348,0.9515796703296704,0.906705112935916,0.9324074074074074,0.7028862478777589,0.9227813852813854,0.9845858059268298,0.9490783410138248,0.9733333333333334,0.9473026973026972,0.8732881603376867,0.9888462631429384,1.0,0.8613119434014956,0.981000481000481,0.8272058823529411,0.8397540834515624,0.778369659001388,0.9744997624201468,0.9642401021711366,0.9529411764705884,0.9812017245101932,0.9778463679294164,0.975580668150152,0.956687370600414,1.0,0.6339747957737103,0.8921146953405017,0.8339100346020761,0.9460446247464503,0.9004288394532298,1.0,0.8824771287825475,1.0,0.8628803245436105,0.7960222378827029,0.9558704453441296,0.7513852803899477,1.0,0.9225506548060292,1.0,0.8532135076252724,0.970888429519947,0.8853446748183589,1.0,1.0,1.0,0.8476174287495043
align-dinov2+1b-llama-chat-things+hyp-abl10-7,1.0,0.8294172932330827,1.0,0.9539735626692148,0.9415706244974538,0.9565217391304348,0.9515796703296704,0.9251460017969452,0.9676243567753,0.7584541062801933,0.9611488458659267,0.9690971190971192,0.9490783410138248,0.9600142323429994,0.8907161803713527,0.846109175377468,1.0,1.0,0.8633136094674557,0.9615384615384616,0.8123249299719887,0.8745791245791246,0.7937738036098693,0.9744997624201468,0.9462743843939878,0.9307036247334756,0.9812017245101932,0.9778463679294164,1.0,0.9783128521822302,1.0,0.7109014675052411,0.9483333333333336,0.7872899159663864,0.9719729699789522,0.8235173299101411,1.0,0.8824771287825475,1.0,0.8628803245436105,0.8289562289562289,0.9111111111111112,0.8210144927536231,1.0,0.9069940476190476,1.0,0.8956976407584311,0.970888429519947,0.7271017048794827,1.0,0.9824778463325032,1.0,0.8260008996851101
align-dinov2+1b-llama-chat-things+hyp-abl10-local-shuffled-218,1.0,0.8168412232928361,1.0,1.0,0.9099360496128394,0.9728072900486692,0.9755368814192342,0.9705882352941176,0.9695093348344122,0.7777422449632236,0.8666896453843191,0.9023118957545188,1.0,0.921865889212828,1.0,0.9138531779406466,0.9942980004107632,1.0,0.9782505910165484,0.9769777660987752,0.971244165274016,0.7759517370501352,0.7978494339572793,0.9102880658436214,0.9276299206761064,0.9601866387580672,1.0,0.9890871933425124,1.0,0.9586309523809524,1.0,0.7860723236663086,1.0,0.8458847279914599,1.0,0.8568005345498951,0.966830404618423,0.8243021346469622,0.8321205821205822,0.9279727023217862,0.8546296296296296,1.0,0.8969402622632345,0.930438596491228,0.9361731458505652,0.9730227207362668,0.9657285327924272,0.946095977193538,0.8072749739352049,1.0,1.0,1.0,0.9231871017500046
align-dinov2+1b-llama-chat-things+hyp-abl10-local-shuffled-42,1.0,0.7521534073258211,1.0,1.0,0.8911095305832148,0.9728072900486692,0.9755368814192342,0.9705882352941176,0.9695093348344122,0.6849273607748184,0.8531719961906508,0.9023118957545188,1.0,0.921865889212828,1.0,0.9712843926468822,0.976878612716763,1.0,1.0,0.9769777660987752,1.0,0.8636363636363636,0.8375488469961782,0.9330613632500424,0.9276299206761064,0.9591836734693876,1.0,1.0,1.0,0.9380820399113082,1.0,0.6867121848739496,1.0,0.8458847279914599,1.0,0.7917729049804522,0.9313978494623656,0.8576998050682261,0.8015444015444015,0.951095947063689,0.8268653516295026,0.9722436722436724,0.7850311850311852,0.930438596491228,0.9361731458505652,1.0,0.9314570655848544,0.954252729532359,0.8651197887191098,1.0,0.9796260642621828,1.0,0.9381942381942384
align-dinov2+1b-llama-chat-things+hyp-abl10-local-shuffled-7,1.0,0.7542087542087541,1.0,1.0,0.9466443705070078,0.9728072900486692,0.9755368814192342,0.941074611662847,0.9695093348344122,0.6849273607748184,0.9057154320312216,0.9216298811544992,1.0,0.9408833956117656,0.971753282577513,0.9421768707482991,0.98331850852714,0.9733848241310928,0.9782505910165484,0.9769777660987752,0.9377318494965554,0.8877344877344878,0.7980571994435668,0.9102880658436214,0.9276299206761064,1.0,1.0,0.9890871933425124,1.0,0.9586309523809524,1.0,0.73798551678736,1.0,0.8665494166094715,1.0,0.8872072072072072,0.8627956989247313,0.6375227686703097,1.0,0.902191894127378,0.8546296296296296,1.0,0.8557163671685285,0.9477650169379492,0.9203192373963808,1.0,0.9655172413793104,0.9548209366391184,0.7454350161117078,1.0,1.0,1.0,0.9537574177804892
align-dinov2+1b-llama-chat-things+hyp-abl10-shuffled-218,0.6321846917860406,0.2527401676337846,0.8294117647058823,0.8526315789473684,0.4530724070450098,0.7110190936277893,0.6375227686703097,0.328931788931789,0.6428571428571428,0.2481343283582089,0.5999079572113281,0.4697820500618635,0.7844827586206897,0.4731192585376512,0.5211822660098523,0.4928478781124975,0.6883338895743322,0.8194217130387342,0.5818181818181818,0.6199494949494949,0.8595238095238096,0.5590062111801243,0.3971509971509971,0.4394366197183099,0.2765752765752766,0.5187357445421961,0.5701754385964912,0.4610141878687556,0.3710144927536232,0.4067163035818243,0.553931623931624,0.3220575901593513,0.5626118067978533,0.2925278219395866,0.7756410256410255,0.6352048643070315,0.7038123167155425,0.6666666666666667,0.5033594624860023,0.6718894009216589,0.6530825496342737,0.4605263157894737,0.4967588932806324,0.397693626305127,0.3429752066115703,0.634920634920635,0.4275409836065573,0.5112636181723856,0.3903225806451613,0.590375939849624,0.4601087801087801,0.7038123167155425,0.3696969696969697
align-dinov2+1b-llama-chat-things+hyp-abl10-shuffled-42,0.7572132128956969,0.2397891963109354,0.8294117647058823,0.8526315789473684,0.3898482469911041,0.743612596553773,0.6222222222222222,0.2216117216117216,0.6428571428571428,0.266304347826087,0.5753557489515406,0.6362466362466362,0.8008474576271186,0.6151776329619507,0.5211822660098523,0.4928478781124975,0.6870504121587507,0.6919389978213508,0.5416666666666667,0.7759517370501352,0.8595238095238096,0.5714285714285714,0.5891955048541627,0.45,0.2849002849002849,0.6126923887834704,0.6888725309777941,0.3448200956543559,0.3502487562189054,0.3553719008264463,0.6322785043286056,0.3551254617653008,0.5725022104332449,0.3485294117647058,0.7756410256410255,0.568878475999219,0.7200460829493088,0.6819672131147541,0.5139541309754077,0.6718894009216589,0.8630751964085297,0.4807692307692308,0.5926143421795596,0.6187363834422658,0.5966155057064148,0.8018278018278018,0.4857724957555178,0.5481353059022962,0.3903225806451613,0.5893543076641667,0.5437738731856379,0.7200460829493088,0.8198924731182796
align-dinov2+1b-llama-chat-things+hyp-abl10-shuffled-7,0.6698386977566618,0.2849838333709301,0.8294117647058823,0.8526315789473684,0.3585217870932157,0.6584771106510238,0.6222222222222222,0.328931788931789,0.6428571428571428,0.266304347826087,0.4004329004329004,0.5348627980206927,0.8008474576271186,0.5685285903700742,0.5211822660098523,0.4445964432284541,0.715833840494244,0.8039579468150896,0.625,0.7285353535353536,0.8595238095238096,0.5952380952380952,0.5361884732224417,0.4394366197183099,0.2765752765752766,0.5422728231077377,0.5243878928089455,0.3141363092666002,0.3710144927536232,0.4545454545454545,0.6706666666666666,0.3035354987065248,0.5879120879120878,0.2925278219395866,0.7756410256410255,0.6566145092460882,0.7200460829493088,0.6819672131147541,0.5033594624860023,0.6576112412177986,0.6530825496342737,0.4707792207792208,0.48,0.4668318404167461,0.3147334331029131,0.6470971950424005,0.4581724581724582,0.5841593412067264,0.3666666666666666,0.5431932773109244,0.4056814164979594,0.7200460829493088,0.4074938140685754
align-dinov2+1b-llama-chat-things+hyp-abl10cat-218,0.8985342481363405,0.8996563573883162,1.0,0.9906542056074764,0.1468232128661407,0.9827084565345948,0.5760174418604652,0.8791773010507921,0.9767441860465116,0.8811229738970792,0.5703231817780707,0.8319425216971899,0.9626639264043844,0.9353272989636626,1.0,0.9328449328449328,0.9636003757380568,0.9769810216842796,1.0,0.8632156650810882,0.9904761904761904,0.3064414562787002,0.907454783141103,0.8424168722024298,0.7943217969729105,0.9322797775826748,0.9782608695652174,0.6728214831663107,1.0,0.8866248693834902,0.9481741305707372,0.6220072104273873,1.0,0.9587686776766654,0.8542265669925244,0.3520906873296024,0.9664723032069972,0.7207305273343009,0.981132075471698,0.8568986568986569,0.8589982527664531,0.7627302275189599,0.4361219027885694,0.6279358626919602,0.941569942085406,1.0,0.8887846203975236,0.9156991657151232,0.9525554610300374,1.0,0.9894736842105264,1.0,0.7661853739939152
align-dinov2+1b-llama-chat-things+hyp-abl10cat-42,0.9295434698688612,0.8996563573883162,1.0,0.9906542056074764,0.1600790999586624,0.9493849566444847,0.6420181731229078,0.8169940476190476,0.9664330976361112,0.8825536499955104,0.437654174565786,0.710674113602066,0.9201147650661314,0.8701298701298701,1.0,0.9555822328931572,0.9223245591960676,0.9654348453013636,1.0,0.8281067887109077,1.0,0.3271866932609776,0.8322805290455485,0.8529987688002195,0.8390044108380591,0.9216634591247592,0.9782608695652174,0.6170775900505631,0.9856286441652294,0.9040816326530612,0.9876397844438214,0.7402548575420007,0.9887640449438202,0.9139087172831496,0.8644653522702302,0.4976598770140595,0.9285714285714286,0.6671027319684104,0.9906542056074764,0.8807488807488807,0.8589982527664531,0.7494505494505495,0.221939636156022,0.1942656772725695,0.7913338889274718,1.0,0.9387480798771122,0.8831789435758375,0.9569273829886488,1.0,0.9894736842105264,1.0,0.8122352941176469
align-dinov2+1b-llama-chat-things+hyp-abl10cat-7,0.8985342481363405,0.8869047619047619,1.0,1.0,0.1985568770448426,0.9493849566444847,0.4548875832354093,0.7160364145658263,0.9520180361212536,0.874780469470735,0.5037420437854095,0.6454491301492264,0.9407838070628768,0.9361076033689772,1.0,0.9597069597069596,0.9311577035457632,0.9538517975055026,1.0,0.4647751454106965,1.0,0.2850407489728565,0.8653684115117478,0.8750695294248526,0.8491398185799186,0.9333802420489726,0.9318181818181815,0.3743102824055909,0.9724788872329856,0.846683354192741,0.9761871766444936,0.7374587679544833,1.0,0.8992094861660079,0.8018018018018018,0.3268821846566872,0.9214949137549756,0.7671010597839866,0.9906542056074764,0.8929027032499748,0.8007338889691831,0.7886524822695036,0.3443489071738367,0.1689608231079279,0.639374836764252,0.9076923076923076,0.9841120886282176,0.921786423412276,0.924392041267502,1.0,1.0,1.0,0.7725744843391902
align-dinov2+1b-llama-chat-things+hyp-abl10cat-local-shuffled-218,0.9810551237285884,0.8612061206120611,1.0,0.8958333333333334,0.2371611021585133,1.0,0.5653442171749844,0.8413186813186813,0.9376346923516736,0.9012345679012346,0.7309046539793922,0.697646033129904,0.912536443148688,0.929160250022647,1.0,0.9171708441371365,0.9330404213890776,0.9906335766122204,1.0,0.7008547008547008,0.9655172413793104,0.344074844074844,0.904200986677678,0.9255234861346916,0.7324929971988795,0.9122474747474748,0.9523809523809524,0.3517095970282597,0.9629629629629628,0.85423197492163,0.9739406779661016,0.6430717639168344,1.0,0.8659250585480094,0.3717279019065596,0.6016781083142639,0.8666666666666667,0.8091383342327756,1.0,0.9168161552538184,0.9354497354497352,0.8599196200219218,0.2828484126337644,0.3712125562254761,0.6461363377717082,0.8920614596670936,0.8674800776250051,0.9263374485596708,0.8769230769230769,1.0,0.9896907216494844,1.0,0.8054073509485095
align-dinov2+1b-llama-chat-things+hyp-abl10cat-local-shuffled-42,0.9748063415033388,0.8807272727272728,1.0,0.9072164948453608,0.1882655930848701,0.9841120886282176,0.3947539186477239,0.8890310500858168,0.984640051306718,0.8320873518613633,0.8467421380621256,0.6077075991686998,0.939047619047619,0.9288006111535524,1.0,0.8587520838294831,0.8868972833962324,1.0,1.0,0.8194583036350678,0.9915966386554622,0.3651572327044025,0.9042011342701296,0.9041576979721307,0.7538720538720539,0.9702790206991888,1.0,0.6753890935757201,0.9367283950617284,0.9543778801843318,0.9488843813387424,0.7636691946551101,1.0,0.8659250585480094,0.8987730325099094,0.5140977443609023,0.8872753414809489,0.8545545016327165,1.0,0.8804839614190991,0.9608346011736578,0.8726166328600404,0.3809845746295427,0.4096249932568477,0.8620993079352282,1.0,0.8846153846153846,0.925925925925926,0.8930521091811415,1.0,1.0,1.0,0.8727827050997782
align-dinov2+1b-llama-chat-things+hyp-abl10cat-local-shuffled-7,0.9748063415033388,0.871301247771836,1.0,0.9708737864077672,0.1755362256199686,0.9836001833002376,0.7944568538175845,0.9092406692406694,0.9850361668239136,0.8589993502274205,0.8025742315238719,0.7846629261628582,0.9529381509579528,0.9434338579839,1.0,0.948013524936602,0.8751998491704374,1.0,1.0,0.7231805929919138,0.9915966386554622,0.4959999999999999,0.8934719535783365,0.9573696145124716,0.7791465193030931,0.955790601151426,0.9885057471264368,0.7694617415311449,0.982416760194538,0.9040816326530612,0.924561403508772,0.6220787657604647,0.98989898989899,0.8929436920883821,0.8987730325099094,0.7098718429449208,0.827027027027027,0.8265025446272286,1.0,0.8613602587563638,0.7514441842310694,0.8910485933503837,0.3710216833700533,0.7967955488603768,0.943408449099506,0.9855014602047985,0.8846153846153846,0.9479918207259456,0.8769230769230769,1.0,0.9896907216494844,1.0,0.8036882807852469
align-dinov2+1b-llama-chat-things+hyp-abl10cat-shuffled-218,0.651262428929428,0.7955974842767296,0.98,0.9894736842105264,0.2190842961061189,0.8568075117370892,0.1666666666666666,0.2391778998989625,0.7076127651987877,0.6197802197802198,0.0536307785999321,0.1711176736637667,0.831193838254172,0.7138653618533854,0.991304347826087,0.8663324979114452,0.7052736509758466,0.3607038123167155,0.9473684210526316,0.1072179574877758,0.9827586206896552,0.3113513513513514,0.427817480685961,0.3019037356321839,0.556430584918957,0.669833150651565,0.953125,0.0158518410438661,0.8961881589618815,0.5345622119815668,0.805923579109063,0.5059325059325058,0.9666666666666668,0.8768115942028986,0.2442705809042442,0.1784818481848185,0.8345752608047691,0.2593879239040529,0.9487179487179488,0.3927572706935123,0.5602322206095792,0.7031439986103873,0.1481930888947507,0.1319278547539417,0.2751895714506382,0.9164869029275808,0.671961701664672,0.4113699170943545,0.8053221288515406,0.8869565217391304,0.8599999999999999,0.9245283018867924,0.560319335387086
align-dinov2+1b-llama-chat-things+hyp-abl10cat-shuffled-42,0.6666177997678823,0.7857142857142857,0.9591836734693876,1.0,0.2190842961061189,0.8080213903743315,0.1666666666666666,0.3849173699428759,0.7076127651987877,0.588034188034188,0.0536307785999321,0.1818483464557793,0.8182113821138212,0.6415793301752759,1.0,0.9166666666666666,0.7335966640038031,0.3466441694788151,0.9393939393939394,0.1072179574877758,0.9827586206896552,0.3113513513513514,0.5528364849833148,0.3507571611019887,0.5985494802608744,0.6510914454277286,0.9692307692307692,0.0158518410438661,0.8961881589618815,0.5418743837918153,0.7372900731626205,0.4943683409436834,0.912280701754386,0.8423423423423423,0.2442705809042442,0.1784818481848185,0.8504398826979471,0.2593879239040529,0.9210526315789472,0.3927572706935123,0.4876805437553101,0.6940350877192983,0.1481930888947507,0.1319278547539417,0.2254689754689754,0.8329738058551617,0.6693877551020407,0.5115609753720032,0.8241758241758241,0.905982905982906,0.7741935483870968,0.9821428571428572,0.5803361827073638
align-dinov2+1b-llama-chat-things+hyp-abl10cat-shuffled-7,0.6649810232410005,0.7955974842767296,0.9484536082474226,1.0,0.2190842961061189,0.828169014084507,0.1666666666666666,0.3400686117143486,0.7076127651987877,0.6041958041958042,0.0536307785999321,0.1818483464557793,0.8182113821138212,0.627906976744186,1.0,0.8814814814814815,0.7610304708889931,0.3412698412698412,0.9393939393939394,0.1072179574877758,1.0,0.3113513513513514,0.4302823673398024,0.3019037356321839,0.5231721599464615,0.6717431119605033,0.953125,0.0158518410438661,0.9033816425120772,0.5896254283351057,0.7235629812981298,0.4997776130467012,0.9310344827586208,0.8684210526315789,0.2442705809042442,0.1784818481848185,0.8425720620842572,0.2593879239040529,0.9620253164556964,0.3927572706935123,0.5694981282527315,0.6940350877192983,0.1481930888947507,0.1319278547539417,0.2254689754689754,0.8329738058551617,0.7428571428571429,0.5081689193744968,0.8148404993065188,0.8869565217391304,0.8247422680412371,0.972972972972973,0.5347736625514403
align-dinov2+1b-llama-chat-things+hyp-abl20cat-218,0.9444109301620952,0.7885554154406613,1.0,1.0,0.2414420225443847,0.9733333333333334,0.9128242512605552,0.9290274367460232,0.7907398253419015,0.5101127035369217,0.8965290165546905,0.8971125730994152,1.0,0.8827993059572007,0.9058794466403164,0.7895463613816032,0.8010299792461749,0.8943786826445409,0.987012987012987,0.985645933014354,0.8801931890986151,0.842266973436118,0.233695949010584,0.9722222222222222,0.9327731092436976,0.4346854457598331,0.9872611464968152,0.9274769169803844,0.9704142011834318,0.8175390987645504,0.0918799139572311,0.3085556569173198,0.8829521979688832,0.6972065421913447,0.9435048155978388,0.6494425459942702,0.9388861459464796,0.9931972789115646,0.9651274782387468,0.7296565899989369,0.6231546231546231,0.9101736722879435,0.2744338774301321,0.9131653229214204,0.71682301438399,0.8816684491978609,0.3069175087964553,0.5942716290358829,0.4793887404124449,1.0,0.6653775971532037,0.9930585814572742,0.8081086228105843
align-dinov2+1b-llama-chat-things+hyp-abl20cat-42,0.95340681653372,0.754993481095176,1.0,1.0,0.2976765159059554,0.9801324503311258,0.8766820276497697,0.9738211239298796,0.6700280112044819,0.4342830009496676,0.9020581747782344,0.9250690829638198,1.0,0.7885835385760926,0.8795093795093795,0.66325210876654,0.7944280955523895,0.8386202314096052,0.987012987012987,0.985645933014354,0.8850642345787976,0.7616753298680528,0.0964952910297977,0.9281496705160828,0.8942165101334651,0.3497071652801399,0.9936316075400896,0.951880503144654,0.976470588235294,0.8026896180742334,0.0573470490482938,0.2961592670894996,0.7877352394581221,0.6693526975018882,0.934654537578514,0.5700059453032105,0.9157894736842104,0.9863013698630138,0.9518072289156626,0.6549986901235314,0.7483483483483483,0.8402792652225515,0.2937984692370657,0.5603654105678397,0.370684887819806,0.8388980716253444,0.1673637308632696,0.4613004596923615,0.4297357030805221,1.0,0.699715880158407,0.9652929072863712,0.8587021804413109
align-dinov2+1b-llama-chat-things+hyp-abl20cat-7,0.9414479707475828,0.7812293853073464,1.0,0.9855072463768116,0.229648782589959,0.9801324503311258,0.935483870967742,0.938915955836386,0.6741805727030149,0.3247194910352805,0.9275234877585968,0.9159741458910434,1.0,0.8708292682926829,0.8529829545454546,0.7175515411410689,0.8280696431242902,0.8532907220613204,0.987012987012987,0.985645933014354,0.8703012198157829,0.8090600204753007,0.2030087616712189,0.8775720164609054,0.8838125050463645,0.5683272864028546,0.9936290205502192,0.9106225165562912,0.9824561403508772,0.8586875940515182,0.0623655218249812,0.2961592670894996,0.701810135481535,0.6634746881964151,0.9524901295972676,0.3305761281073236,0.9343472317156528,0.9863013698630138,0.9759036144578314,0.7889532674138725,0.7167553890242966,0.8223782918051196,0.2963952431309252,0.2757645983452435,0.5028557897229458,0.7201509356205489,0.1415344987194503,0.6712031232416364,0.6737222292607685,1.0,0.7936223530885854,0.9298725850161724,0.7469021506907848
align-dinov2+1b-llama-chat-things+hyp-abl20cat-local-shuffled-218,0.9457139483793162,0.7634958382877527,1.0,0.9941520467836256,0.3204783903976512,1.0,0.853795518207283,0.9559701789001152,0.6196322489391797,0.3031694433157253,0.857756092358556,0.9895901042929904,0.9859154929577464,0.794579622165829,0.8501326576053891,0.4918032530741708,0.8162672811059909,0.9362240289069556,1.0,0.9937106918238994,0.9125367583463068,0.5976383044338993,0.4103969395888841,0.9344928314810462,0.8709726443768997,0.3953296703296703,0.9462651756724716,0.9133808458658544,0.981132075471698,0.7351351351351352,0.8969885714285715,0.4290906998011166,0.939018976266019,0.7562864945238157,0.9651746398187336,0.6595829848928763,0.925925925925926,1.0,0.9663134476904162,0.5768130126275253,0.5830651327578257,0.8184933660315663,0.5404806149741701,0.3239396857644157,0.5482824954890746,0.8955726194851165,0.5416785435033148,0.1957094285422438,0.4582089552238806,0.9473758365621696,0.7656050198981604,0.9807861316335892,0.838555092282092
align-dinov2+1b-llama-chat-things+hyp-abl20cat-local-shuffled-42,0.9683686366882296,0.8197355007951287,0.9875,1.0,0.3099591082970584,0.9896907216494844,0.8199152542372882,0.9439081939081938,0.703114114467474,0.256333765672287,0.8592384762597528,0.9793954583428268,0.9930069930069928,0.8797152115958686,0.8697136071047469,0.3640383198231393,0.7687086909342015,0.9263157894736842,1.0,0.9808917197452228,0.9283167486192352,0.6634928285181317,0.1208833004816574,0.8563418571064481,0.8986652034097289,0.5000293772032902,0.993289195317222,0.8967320497973366,0.968152866242038,0.8636663270809612,0.9593357585281482,0.3086683470756611,0.9437012036434612,0.6093560543153145,0.974076150584483,0.770417063542766,0.908326766482795,0.9873417721518988,0.9780116435288848,0.4554668517875737,0.6764239460816704,0.8770273541515372,0.3954805855679582,0.9726689729811314,0.8789407881749515,0.9413461386075848,0.6398171407115366,0.2126517887754044,0.5065573770491804,0.9473758365621696,0.7734364622140447,0.9935953772111966,0.8663871058762763
align-dinov2+1b-llama-chat-things+hyp-abl20cat-local-shuffled-7,0.8901347155909526,0.7504030011009473,0.9937888198757764,0.9882352941176472,0.3993230204675587,0.994871794871795,0.8614111144914309,0.9910368570382824,0.6196322489391797,0.31440329218107,0.894302415525159,0.9587909166856536,0.9930069930069928,0.812339089722422,0.9141432996660176,0.5890983412460259,0.7615096411910846,0.8293333333333334,1.0,0.9873417721518988,0.8153495440729482,0.6971050454921421,0.1154100926702118,0.8563418571064481,0.8636363636363636,0.5239774604099874,0.973156780942016,0.8795255802549853,0.981132075471698,0.7351351351351352,0.5705859924725903,0.3330324390337848,0.948355030490719,0.5942114993033973,0.9912243246032908,0.6620866773675762,0.9753086419753086,0.9808917197452228,0.9770114942528736,0.5901949694060235,0.7015206682373099,0.7539682539682541,0.2469182075628852,0.9890358479022548,0.6745528429685633,0.883775969221414,0.5050440760330089,0.3265634909455486,0.3847697539753056,0.9473758365621696,0.8248898290471682,0.9872009118332647,0.8918371809474619
align-dinov2+1b-llama-chat-things+hyp-abl20cat-shuffled-218,0.50427947425873,0.431156015037594,0.968944099378882,0.976470588235294,0.3162943871706759,0.9714285714285714,0.7953293677021369,0.6429091864645669,0.696594427244582,0.2023551895674657,0.4788460014266466,0.8419445494845343,0.9736842105263158,0.5704960540543448,0.5296976818715949,0.2762314681970349,0.6582478654048546,0.7398560937615903,0.8977272727272727,0.912751677852349,0.8571428571428571,0.5493200663349916,0.0914686599574059,0.9012345679012346,0.6795592048401038,0.1899662162679979,0.4457297088876036,0.4373024405977851,0.9364161849710982,0.3443965517241379,0.0537987201861547,0.3025988506732995,0.3105075649616445,0.2927200731038684,0.6689063948100092,0.262213313443968,0.8623248716881675,0.9005847953216374,0.7423117709437965,0.3686224489795918,0.4906346608474268,0.4908566538839413,0.2404907097766412,0.25899260382019,0.3364072148196295,0.6598517761308458,0.1155395447846733,0.0565410702631972,0.2528373899360541,0.8855916386711459,0.0816267311389824,0.4562137703314173,0.3425570256556173
align-dinov2+1b-llama-chat-things+hyp-abl20cat-shuffled-42,0.401832022934827,0.4469572368421052,0.915032679738562,0.9883720930232558,0.3387205073075297,0.9655172413793104,0.8130213411331384,0.6434964336013811,0.696594427244582,0.2023551895674657,0.5178566256700721,0.7703228524636953,0.987012987012987,0.6386382084706107,0.4765765765765766,0.2762314681970349,0.6732085903208674,0.583188741083478,0.9162011173184358,0.9548387096774194,0.8851802403204273,0.5493200663349916,0.0914686599574059,0.8367791307289024,0.657603890362511,0.1802409037009299,0.4457297088876036,0.517362415749757,0.9302325581395348,0.3443965517241379,0.0537987201861547,0.3025988506732995,0.2903569841504962,0.2927200731038684,0.6569280078895463,0.262213313443968,0.8876404494382022,0.9132947976878611,0.7654385054488843,0.3686224489795918,0.5033337808206918,0.48396482813749,0.2404907097766412,0.2254689754689754,0.3485768680769802,0.6279029562611652,0.1144545678404334,0.0618563318391791,0.2528373899360541,0.8065488147850542,0.1007408561979123,0.3715323252768187,0.4003542102133651
align-dinov2+1b-llama-chat-things+hyp-abl20cat-shuffled-7,0.494234346613234,0.4627584586466165,0.9290322580645162,0.9883720930232558,0.3162943871706759,0.9411764705882352,0.7831996434937611,0.7560765072009451,0.696594427244582,0.2023551895674657,0.4683499288762447,0.7052284175785999,0.9736842105263158,0.474351011307533,0.4921458741683461,0.2762314681970349,0.6663751141010643,0.583188741083478,0.8914285714285715,0.912751677852349,0.8941798941798941,0.5457089552238806,0.0914686599574059,0.9012345679012346,0.657603890362511,0.1802409037009299,0.4588972431077694,0.5042864142005955,0.9545454545454548,0.3246753246753247,0.0537987201861547,0.3025988506732995,0.2903569841504962,0.2927200731038684,0.6748552894211577,0.262213313443968,0.8512283908788629,0.9378531073446328,0.7263271162123386,0.3686224489795918,0.5446775446775447,0.48396482813749,0.2404907097766412,0.2368162650523371,0.3364072148196295,0.7010818638725614,0.1155395447846733,0.0665558531104749,0.2528373899360541,0.8149920255183413,0.077478202548625,0.3715323252768187,0.5015082956259427
align-dinov2+1b-llama-chat-things+hyp-abl30-218,0.9912096422476426,0.8321884675655011,0.9919274997285392,1.0,0.9615384615384616,0.9315505610869032,0.9529788972624588,0.9428688070451696,0.8383065435476516,0.7839089930392268,0.9002306763707522,0.9640589652589494,0.9808641596001804,0.9310523157578916,0.761831310218407,0.8667575044386638,0.9288189151308128,0.9901499978645592,0.9215974290104608,0.9839378192157876,0.9416013128997888,0.7877072189977619,0.8303328969995637,0.9601702568905538,0.9712230215827338,0.8453584018801411,1.0,0.9377391020712472,0.9595689757492608,0.7031574799270972,0.9923954372623576,0.7539604768904132,0.9715978558229076,0.8313885240995549,0.912179430983674,0.90095716329101,0.9286458744571654,0.9118609800712428,0.9454423367466844,0.7967587967587967,0.7457264957264957,0.8996723956112251,0.7448460071258576,0.9810012379573247,0.923818803129148,0.9584511784511784,0.8019609381127931,0.9099728289543104,0.8432564515167769,0.966372303585086,0.9258542965541277,0.9362329267868124,0.8550424297564291
align-dinov2+1b-llama-chat-things+hyp-abl30-42,0.9890472438442875,0.8474308300395257,1.0,1.0,0.9616820283113676,0.9315505610869032,0.943247009638834,0.8413063909774436,0.9266694090223502,0.7999573754244479,0.933442793960328,0.9568345323741008,0.962220562608912,0.926092783950884,0.7097305153303332,0.9629629629629628,0.9427261532131076,0.9802015250544662,0.9431360725873604,0.975951263357635,0.8697430862379315,0.8533816761957886,0.8568817050977474,0.9393982255368396,0.9492599479244892,0.8517176596886742,0.9824561403508772,0.9491958869957262,0.959263887389032,0.8181946766105181,1.0,0.7624342745861733,0.9323223492961864,0.8772971550978993,0.9028516449742096,0.873138990109318,0.9694196604816424,0.8480120352460778,0.9638099111423326,0.8201440173640241,0.79,0.9020537174986896,0.7290826451571603,0.9746754300551768,0.9008311890424526,0.9022164632067108,0.7904477576785378,0.925911283838113,0.8317342384477644,0.9831932773109244,0.9485306607779852,0.9546788167477822,0.8554635678180994
align-dinov2+1b-llama-chat-things+hyp-abl30-7,0.9805264079649648,0.7986938775510204,1.0,1.0,0.9325969800193198,0.912644889357218,0.9529788972624588,0.9285714285714286,0.9057178116001644,0.7999573754244479,0.9286692281948664,0.9496825513625292,0.9808641596001804,0.8918639690055962,0.6642998027613413,0.8240740740740741,0.9094889858067932,0.9902391216533896,0.950279317390676,0.9679895302773064,0.9546495886702072,0.8472823700112854,0.8409749611087084,0.93985783193704,0.9345136669558008,0.8748139443791618,0.9912489986793392,0.9377391020712472,0.934959349593496,0.7850450716713462,0.9962074181410964,0.7273728068876317,0.9423186773082842,0.904622556172542,0.9028516449742096,0.8713841439710961,0.8726821005081875,0.8881899475794018,0.9548629088858974,0.8442504226024243,0.7053998632946001,0.8814310129950843,0.6978964585948496,0.9620131450827654,0.9239961725450464,0.8902023902023902,0.7799565979031035,0.8941347597597596,0.8170415224913495,0.9579772574424982,0.9201904098455822,0.9546788167477822,0.8752747178534285
align-dinov2+1b-llama-chat-things+hyp-abl30-local-shuffled-218,0.978118726920984,0.7879026021878571,0.992429950036441,0.9753086419753086,0.953641524209877,1.0,0.9389645271834768,0.9143557422969188,0.8786107347751183,0.7038112522686026,0.8848607657118296,0.9236641221374046,0.9872890642121412,0.9161742674542364,0.6762084796111261,0.7656944919603147,0.935245875068884,0.9710215499726302,0.953988226161211,0.969552850153601,0.8803164139749508,0.8331489384120961,0.7776218526218526,0.9095712253606988,0.937086105667492,0.9091876452633644,0.97447474390811,0.960529411764706,0.9810842220399234,0.8814162028447744,0.9769695295590718,0.788933511825078,0.9827586206896552,0.8793451317230645,0.93175055091766,0.9043872843115714,0.8655259179768371,0.9016759939090035,0.9548889528124364,0.8126293995859213,0.8367457784933514,0.8709979744233153,0.7585648148148147,0.981247802648541,0.9076741440377804,0.8697805751423658,0.9194228178612466,0.8616906610967345,0.8354646206308609,0.9599846045288346,0.9229680758898186,0.9837829827827326,0.8778346772363504
align-dinov2+1b-llama-chat-things+hyp-abl30-local-shuffled-42,0.9866593701454598,0.7733887156262806,1.0,0.9864590705355036,0.925183946928514,0.9911051274970084,0.9205026580275136,0.942892135421223,0.9052760105391684,0.6965043695380774,0.879763739085773,0.892751156576893,0.9872890642121412,0.9159619047619048,0.498927159796725,0.7506950999467036,0.928631740216144,0.9903405166575434,0.9923628403179524,0.95408585347918,0.9312338425381904,0.8100498752852179,0.8461566367606635,0.937319947621126,0.9606495266523056,0.9401336241691428,0.9914373483350832,0.964422951363913,0.9524639299816784,0.9084281650071124,0.965204119509108,0.7678268630075858,0.9913411001419236,0.8965815414769124,0.971530956725044,0.8909634836102895,0.8488876319758671,0.8949391789240482,0.9178507342439668,0.876373106060606,0.9121780685287116,0.8810627210242946,0.7783809523809524,0.974992186279106,0.8918242251575584,0.8813017413645446,0.9627157928388744,0.9249347125059472,0.7752750130958617,0.975962984384037,0.9347684011759004,0.9590738319848308,0.7573903703357774
align-dinov2+1b-llama-chat-things+hyp-abl30-local-shuffled-7,0.9866593701454598,0.8046454445054143,0.992429950036441,0.9753086419753086,0.9447520369538718,1.0,0.9205026580275136,0.9000816993464053,0.8646482768931748,0.7141205615194054,0.8799389910501022,0.9080724199230512,0.9872890642121412,0.9317266641404572,0.5315185425236879,0.8802059202059201,0.9072110394581208,0.980773152458217,0.9462562122735853,0.96939056898612,0.9094880003970912,0.8219492219492219,0.7882915266092835,0.8906563706563707,0.9292131219569716,0.8762003933819276,0.9914672310734408,0.9142588235294118,0.9715824484263592,0.8822566564818857,0.965204119509108,0.8421520603973681,0.9827586206896552,0.8687982196938993,0.9530917982723088,0.8878504672897196,0.89575891085179,0.8680808618167309,0.9368445339374109,0.7778226168056677,0.7816273693943596,0.857667242640159,0.7299319727891157,0.9182939872051492,0.9619560333846048,0.9540165925258948,0.8820125842606996,0.9020175012153622,0.8314562598218963,0.975962984384037,0.9347684011759004,0.9919141811582688,0.8776303561039374
align-dinov2+1b-llama-chat-things+hyp-abl30-shuffled-218,0.6931847202522551,0.3815178815178816,0.5129483752434572,0.9336986301369864,0.6316692400068623,0.722004412917814,0.5925945206192558,0.3355003940110323,0.6344843786704252,0.4720784409895606,0.4897839421616793,0.6950562957738561,0.7824397824397824,0.4921705745235157,0.4155844155844156,0.5488063660477454,0.7355979683023709,0.5367105719870658,0.5703891719392061,0.5782223918297625,0.839168642767471,0.6009793988517392,0.4402670226969292,0.5229924750025771,0.4561322325846974,0.4226050065656956,0.6124020156774916,0.3819478702412139,0.509137012842638,0.4199905033238366,0.4590744077523827,0.6182041150020439,0.6567118772975028,0.4109972041006524,0.6742698988356557,0.5238095238095237,0.6087542087542087,0.6576236843586424,0.4051092095277219,0.3960573476702509,0.5247507122507122,0.5401186071265649,0.3112733553148061,0.4379005225278517,0.4279795374793895,0.7362051015096304,0.4285908763347826,0.5488547282876526,0.5711478923553227,0.4266013071895425,0.6036888532477946,0.5590192560411403,0.4986312798935519
align-dinov2+1b-llama-chat-things+hyp-abl30-shuffled-42,0.5731516525012867,0.3514347202295552,0.5801307892143688,0.926896551724138,0.5776476541603414,0.7185487357956155,0.6376734642793481,0.4697676726960643,0.6394581654697261,0.4306049723985304,0.3931999968820606,0.6366863905325444,0.7824397824397824,0.4098801560758082,0.4546469622331691,0.526424287856072,0.7262666173387594,0.5077549827362575,0.5952033114195276,0.6457109769211681,0.834392523364486,0.5908750934928946,0.3439292767798363,0.5395218968284153,0.4124491551939925,0.3589451176051318,0.5816877303844129,0.4572766065741532,0.5135926138249404,0.410576923076923,0.3900317823728079,0.6819624819624819,0.6311484593837534,0.4218893816417036,0.6482114907425082,0.5952380952380952,0.6087542087542087,0.666321970198836,0.5256383113858661,0.4010381905821282,0.5303230209281166,0.5490549957387076,0.414091285059027,0.4999276620370371,0.4961154273029967,0.7588549358460862,0.5723310195971414,0.5854817152702856,0.5234976581725808,0.4532544976753588,0.4719094505580807,0.4961013645224171,0.5673375706214691
align-dinov2+1b-llama-chat-things+hyp-abl30-shuffled-7,0.6274385599605468,0.4450980392156862,0.6943067734146652,0.926896551724138,0.665408126573175,0.6729255874608402,0.6215699412431708,0.4517878250591016,0.6344843786704252,0.5482300884955752,0.5355326644186749,0.6754957983193278,0.833422141026617,0.4535835650293482,0.5028944911297852,0.516150056839712,0.7542673966679714,0.5946217504886826,0.6271771771771771,0.5914918414918415,0.8409763829626922,0.615670542372113,0.408604057313094,0.5181533046865222,0.3525744818652849,0.4247786673444317,0.6687925170068028,0.4812623274161735,0.4688687095257045,0.4153129479216436,0.5656301828181765,0.6161616161616161,0.6712340176900939,0.4405772288125229,0.6160693641618498,0.6826382727003845,0.5707679201655106,0.574586506618677,0.5256383113858661,0.4010381905821282,0.5018577494692145,0.5216399730472192,0.4908609908609909,0.4775657429748239,0.4643182477952291,0.6445728733971465,0.3563784371865077,0.4823237852773229,0.6154084177954595,0.4957873774509803,0.5220394451041154,0.5695544944115024,0.4924804037473796
align-dinov2+1b-llama-chat-things+hyp-abl30cat-218,0.927857390220922,0.4138157831103889,0.911906580814144,0.7904855001629194,0.5735137865640397,0.8762562762620099,0.942091319931432,0.3187675070028011,0.8506799226643584,0.4164849368640838,0.6180340119421392,0.8737676853344987,0.967301496155932,0.8419926577307265,0.5449179817275748,0.5895788102475032,0.2817026428660195,0.833143600585461,0.8638741712668868,0.9593884376493071,0.864004505470929,0.779706668350062,0.7821158866719192,0.9395095475990852,0.7597769762450731,0.3075345545391628,0.9400450959604946,0.9151808489837172,0.9500777047220562,0.7832030264817149,0.9499093417422152,0.7999746995572423,0.98,0.4965820089446888,0.5421589766081104,0.7735066595353328,0.870540350877193,0.5110022564311008,0.8129935280885059,0.7924549210822107,0.4636196840644997,0.5138432734183477,0.5944554964260138,0.5394933069002777,0.4792130301564264,0.8155924377612779,0.4322219976206966,0.6911708076972798,0.7590492277992279,0.8851608267995874,0.9572369093622852,1.0,0.8358862642700995
align-dinov2+1b-llama-chat-things+hyp-abl30cat-42,0.9600018832955464,0.3435636732392634,0.8116440840444046,0.7732262382864792,0.8443989227961354,0.901005021009608,0.9582342954159592,0.2657624453290088,0.8579919656764955,0.3465806950036399,0.6995342236937642,0.8966341202158776,0.9454428130265334,0.9001420875022201,0.5062453775988167,0.7069885598349616,0.3564908813912423,0.9002525252525252,0.9277618150086184,0.9719887955182072,0.7797270194317008,0.8007838253607794,0.6197565543071161,0.957529514873434,0.4893986654558376,0.2995679567956795,0.9619001798400908,0.9273949444811238,0.8550612905712744,0.6247953621181968,0.9664627670872096,0.7989604825525677,0.9748743718592964,0.5025316889345667,0.5938560112068504,0.7249362244897959,0.9587637487501136,0.5466436015358002,0.8422687434041629,0.6228684863523574,0.4803815689374842,0.466438020578148,0.5388269007987317,0.6870869647888862,0.4555217831813576,0.8647478647478647,0.2364173545994005,0.4264135740666409,0.9000494751155111,0.8933636248853312,0.9400223200820416,1.0,0.8770949720670391
align-dinov2+1b-llama-chat-things+hyp-abl30cat-7,0.7235900122228043,0.5445981250960504,0.9874063652610364,0.8215447154471546,0.7585196890480858,0.9193765030546311,0.969619021134594,0.3438155202861085,0.9404078158757744,0.4069658814169862,0.5346405506725516,0.8852399197226783,0.9299817250152292,0.7345623641894827,0.5690855349547002,0.4463389412297447,0.4780399272739845,0.8642346883272292,0.9150231830675688,0.9724851419766676,0.6515098900175516,0.7910310574502099,0.6201123738156233,0.9665939793638976,0.7035346543699696,0.5192268632268632,0.9890904538290868,0.9303578722468344,0.9272377454195636,0.8148592949053248,0.9720079934867883,0.8384795321637426,1.0,0.6515148247978437,0.6152201490604161,0.7943625040970174,0.952,0.5579941741157989,0.8624934571827816,0.6522826766729206,0.43963554670496,0.5029585798816568,0.3799539114551233,0.4625808337509247,0.4864772665073835,0.9173553719008264,0.3431958335549686,0.4084418986668714,0.8709741152759731,0.942586849764824,0.94823695047822,0.9950248756218908,0.8796499271314064
align-dinov2+1b-llama-chat-things+hyp-abl30cat-local-shuffled-218,0.8352396359006222,0.3221380449615744,0.9869066642388284,0.7810585157845702,0.7740371084024334,0.9384015368900316,0.9469312977099236,0.6355516270162341,0.934132872203938,0.3622747872222836,0.7554347111507582,0.9341294536010938,0.9065045415354478,0.8118711136235163,0.4983231153739346,0.5562610229276896,0.2962944004610671,0.9863102743427288,0.843256510672473,0.9918830497357708,0.5834062522561548,0.7530645890780701,0.7109785245540106,0.9325658876024858,0.6630530549703122,0.6733945403446379,0.9883545113082396,0.9289094961922396,0.8718636651026588,0.3927029804727646,0.9681612505141916,0.8097382493667323,0.995850622406639,0.5281039892424921,0.8109612869137776,0.7881212121212121,0.9198218656588596,0.851689223057644,0.8949772410345462,0.7403486560998159,0.6865139028198579,0.4542896990955508,0.5766336755965202,0.786641447856401,0.5085327655969591,0.9548688465684512,0.7388784930351554,0.4104629242534215,0.7439243302954985,0.9638903271087178,0.9558652729384436,1.0,0.8911975768628129
align-dinov2+1b-llama-chat-things+hyp-abl30cat-local-shuffled-42,0.8853014087913416,0.417784239795625,0.7083007629984625,0.7810585157845702,0.8098440677062788,0.8785134087830043,0.9469312977099236,0.3870869760756737,0.8970799809509487,0.3643551808689423,0.6619444427142585,0.9301224346883225,0.91934266765762,0.7586206896551724,0.4983231153739346,0.3652329749103943,0.5536964999564307,0.957709775891594,0.9076413782296135,0.9839157217829512,0.766220964798983,0.6369523809523809,0.5916336422387514,0.9173588229537076,0.5579951966456133,0.5404188604282365,0.9177533541103866,0.9169103433254376,0.9377041019514136,0.5296535712297943,0.924009324009324,0.7947762530901795,0.956896551724138,0.4858447488584475,0.5495309390694589,0.772987012987013,0.8973295759527644,0.9167961745367604,0.889702864392234,0.727316956745245,0.4985506324624081,0.4325947600438909,0.6440950698404826,0.7393509593365811,0.4618898037830771,0.8646065397053541,0.2650483026410412,0.3151568100749388,0.7967334523573365,0.9774549908378906,0.9477124183006536,1.0,0.871191845555539
align-dinov2+1b-llama-chat-things+hyp-abl30cat-local-shuffled-7,0.8696258957650692,0.3828992484943237,1.0,0.8282183850683701,0.9139566465427617,0.9180526198209346,0.9469312977099236,0.7468630660120021,0.8992981496673048,0.4153297574551397,0.7613022690755181,0.9032772393239784,0.932311227943144,0.7940727710064801,0.4983231153739346,0.3881481481481481,0.4682202691008414,0.9042587162887914,0.9244071357356504,0.9918830497357708,0.766220964798983,0.8116122464959674,0.7143592874777669,0.9268411647219592,0.726911877586437,0.3401702786377709,0.9883720930232558,0.919934103029348,0.9252449223416964,0.689293578943689,0.9492056856187292,0.7365537402925413,0.995850622406639,0.763049046217363,0.7179708144531833,0.7501831501831502,0.9027407709267212,0.8912869382142731,0.8254343175010698,0.7362776154106715,0.5231596835768738,0.4775479017279887,0.5361768944880968,0.6565041286976415,0.6103257000197568,0.9256165786778032,0.530913508723019,0.3604571843152122,0.8152869787897343,0.9774989234139873,0.9477124183006536,1.0,0.8752438473232262
align-dinov2+1b-llama-chat-things+hyp-abl30cat-shuffled-218,0.5790741075191138,0.3393668985642089,0.3597416253567673,0.4453441295546558,0.3655913978494624,0.5734791524265208,0.3816425120772946,0.3009118541033435,0.4492753623188406,0.3136531365313653,0.2028580910918923,0.3605960733566533,0.4623655913978494,0.5432984004412575,0.3858267716535433,0.3492063492063492,0.0747323349630637,0.4746543778801843,0.3705477150537634,0.5023967363590005,0.4163822525597269,0.4139194139194139,0.4275139353400223,0.520409147930136,0.3081395348837209,0.3060109289617486,0.3944954128440367,0.4795333682870197,0.3853820598006645,0.312280701754386,0.4966666666666667,0.5998980307182461,0.4101382488479262,0.3666666666666666,0.3795918367346939,0.4913662767565847,0.5516878746450731,0.3896045197740113,0.4705604285939387,0.3846153846153846,0.3684210526315789,0.3694029850746269,0.3264094955489614,0.3196202531645569,0.3555555555555555,0.4267782426778242,0.2532751091703056,0.1749539594843462,0.4879803574487523,0.369360902255639,0.3859575947167188,0.4278606965174129,0.4151813659275854
align-dinov2+1b-llama-chat-things+hyp-abl30cat-shuffled-42,0.6780768131692577,0.3065914130215682,0.3874790399838015,0.7151511569490824,0.4213595771824311,0.6539351851851852,0.8223684210526315,0.2590458570107044,0.73302822273074,0.2866722215609253,0.1040858557295975,0.3308078961738375,0.8987234042553192,0.5094946974422956,0.4927601809954751,0.3803951836986723,0.0260752929773548,0.727222203843991,0.3857679017441369,0.6461705918292953,0.6456122024719695,0.5846611721611721,0.386505530227646,0.618537672314881,0.2744772327535665,0.2698679058560303,0.5140394773422297,0.520290601452141,0.4832899344527251,0.2836018617973505,0.543046357615894,0.6225610107056521,0.8622222222222222,0.4245614035087719,0.4613891285591027,0.7675175730669627,0.7577307846215409,0.4621920903954802,0.4770291442515667,0.4807692307692308,0.4272300469483568,0.4327916629868409,0.3163440044967908,0.3002943773918163,0.3981106191931159,0.7325902652506162,0.1718123547588038,0.0808716793212741,0.5824228681371538,0.3104250827490943,0.4753686598606384,0.909952606635071,0.5624098091763841
align-dinov2+1b-llama-chat-things+hyp-abl30cat-shuffled-7,0.5889813600866443,0.3223140495867768,0.370074038691187,0.4453441295546558,0.3655913978494624,0.5075372361967331,0.36,0.298780487804878,0.4492753623188406,0.3136531365313653,0.1983288757003689,0.3862447646339753,0.5056702529805176,0.5894963184987294,0.388235294117647,0.3492063492063492,0.0771030035577449,0.5844123192960402,0.3686475195822454,0.5312121212121212,0.4163822525597269,0.4336922961066345,0.4784543325526932,0.4985875706214689,0.3081395348837209,0.3060109289617486,0.3944954128440367,0.4935181969229036,0.3853820598006645,0.312280701754386,0.4515414599574769,0.5274334885924055,0.375609756097561,0.3643122676579926,0.3795918367346939,0.4758601359400182,0.4979591836734693,0.3728813559322034,0.3727484636575546,0.3822393822393822,0.3684210526315789,0.3694029850746269,0.3264094955489614,0.3196202531645569,0.3575949367088608,0.5067103109656301,0.2532751091703056,0.1854251762875818,0.5228993869455463,0.2968299711815562,0.3276394319818893,0.4700460829493088,0.4350539419087137
align-dinov2+1b-llama-chat-things+hyp-abl40cat-218,0.5972462325230501,0.7987197795207607,0.9714485750959104,0.968503937007874,0.3557800943451168,0.8749165459793137,0.6526166255928122,0.8889327985140983,0.921785123966942,0.3980665715863084,0.6942224290426535,0.8229341740753192,0.9903846153846154,0.8731499802136922,0.7674887234099341,0.851699458973467,0.8774061435289694,0.9003848580553458,0.9631734119538996,0.9705739191999646,0.7941980257769732,0.5333333333333333,0.4198524049144873,0.837046515128707,0.438157296146132,0.3913399831867646,0.9587202014775792,0.7598190252006072,0.8096374545970313,0.8261825223916727,0.5831836462862716,0.4148083253690134,0.814277269528501,0.5040625215175928,0.921290119432328,0.6689639662152032,0.8147378373096568,0.9111029026995412,0.9127490189310664,0.8452852874441643,0.464405324173465,0.5160520332142853,0.4576695555086426,0.7995576051540706,0.7245195574134992,0.6297099069512863,0.3061586286349912,0.8664096079874646,0.5276450749480193,0.8092365213159001,0.9235037414324342,0.5260924422431899,0.8615897458920716
align-dinov2+1b-llama-chat-things+hyp-abl40cat-42,0.5325250376640254,0.7913127479730895,0.951030200164832,0.9477911646586346,0.4096536566720709,0.8477047909061678,0.4101111412306857,0.8197809278350515,0.9163193471440972,0.4447240632846161,0.5594727621281428,0.7218698921216083,0.976245018751054,0.8767284771055462,0.5772231451789462,0.8952879581151832,0.9018524231291416,0.8408596837944664,0.9631734119538996,0.94863739435168,0.7941980257769732,0.5333333333333333,0.2087403045101982,0.6738087301209355,0.3523630573060231,0.364882320401624,0.9484885723852492,0.5222814822031987,0.7278243786218948,0.88341005165662,0.4196666666666667,0.4148083253690134,0.8187733038781799,0.5161809404612909,0.8238681460895149,0.4444703444703444,0.8629168446967386,0.6148466917697687,0.8278109369740757,0.8043487113635722,0.5277184207365339,0.5052378545966101,0.4290049641047022,0.4822501345513258,0.4847708084083527,0.7864267676767677,0.4169474238352931,0.8842540271569537,0.5614868012422359,0.8728889329461799,0.9377777777777778,0.6621798213603031,0.8310777788377571
align-dinov2+1b-llama-chat-things+hyp-abl40cat-7,0.5325250376640254,0.8035739196864516,1.0,0.980544747081712,0.5525238300460713,0.9076455354126788,0.7872032252016163,0.8800331878074317,0.9420672403305288,0.3882759306197505,0.5377097346440978,0.8835204105007559,0.9715553723783952,0.7345955756119096,0.6938619961731004,0.8834781463362954,0.8589524695586386,0.9355431434475766,0.9799309124610328,0.9380534740011864,0.91987021987022,0.656023222060958,0.3395261106762893,0.8560846560846561,0.5004967235660546,0.510932057476,0.9690931434311496,0.6910260866407627,0.9418167742986944,0.8598251421780834,0.6524860063683593,0.4250539684408111,0.8587379461082655,0.5395514234062418,0.868356361786895,0.6381323177377412,0.7571566890151445,0.8813740880967771,0.8877236112059287,0.8164311377245509,0.4875378677060427,0.5052378545966101,0.3930791931028995,0.722495361781076,0.5812619670806471,0.6596540074989791,0.4852071336183028,0.8741472373063814,0.526389694041868,0.934625568809158,0.8515752115752115,0.967202268431002,0.8828836311394451
align-dinov2+1b-llama-chat-things+hyp-abl40cat-local-shuffled-218,0.725981426272424,0.7438527432452818,0.9311154756708856,0.9915966386554622,0.4579478850363675,0.9351492852052764,0.4525748792270531,0.8502057088392267,0.8132264769665998,0.3996263848000094,0.721618443118857,0.7862430794685598,0.9515151515151516,0.8188689257311572,0.876592099000476,0.8474011774600504,0.8523728085177291,0.8836087420042643,0.9756258234519104,0.9787238733088331,0.647532603827868,0.8281482885475271,0.1819020309760373,0.9573403808697928,0.3016993221283313,0.3034194591659683,0.931257904801371,0.8362905687202876,0.8306639721963915,0.908179012345679,0.944167385616789,0.4447251126787289,0.980138367286074,0.5351951951951952,0.925531914893617,0.6847859644125062,0.7907775218392803,0.9221297582616254,0.8871504116011558,0.8621775411735375,0.6429171668667467,0.5199661873906578,0.6491764105163781,0.9176954732510288,0.7713335069293754,0.6348262919899936,0.4683466386554621,0.8789625360230547,0.566223328837708,0.8200514860898045,0.9720976800976802,0.8995253848815085,0.9409209511014114
align-dinov2+1b-llama-chat-things+hyp-abl40cat-local-shuffled-42,0.5520405704670641,0.7667727750545585,0.9636081834599272,0.9743589743589745,0.4264732354122224,0.9456323583030474,0.4618657796505095,0.8314814224441299,0.7624065359854498,0.4186807656140577,0.8055008410190845,0.8678842690470597,0.945554473405045,0.8799033342673018,0.7251201147676563,0.9094333581794624,0.8295798965101872,0.8684664816152705,0.9703913764089,0.9713722388023924,0.7193116343732866,0.6181730923052311,0.1758720930232558,0.7820550583437182,0.7399434980603811,0.703450516301195,0.9575314468931492,0.7150039824771007,0.9725733755809436,0.9212962962962964,0.8837263325908997,0.4036082768055635,0.8745846595418252,0.5891869918699187,0.937559378867111,0.5578993717860566,0.788129162988968,0.910999146368094,0.8581142967675967,0.8773997640789101,0.5554290137107475,0.4899311075781664,0.3773060948517338,0.8192528040022594,0.8840889862265898,0.8285604603915578,0.5055150930539208,0.9033183632228106,0.4947645176040238,0.9280153405724112,0.8910426526402122,0.6936720867208672,0.9359412097230072
align-dinov2+1b-llama-chat-things+hyp-abl40cat-local-shuffled-7,0.6847540716590538,0.7960256638745321,0.9879010580317236,0.9473684210526316,0.4741324955078062,0.8924794077805845,0.6546649971278974,0.7919966735308096,0.7090481203938812,0.4550099600418188,0.6373879175797672,0.7592994686017942,0.9698551412340016,0.7705673059261325,0.6326617490161166,0.7641408699059561,0.8607127251036081,0.7207149286357207,0.9756258234519104,0.9713722388023924,0.7290306619207993,0.6276085748385157,0.1758720930232558,0.567187212433114,0.6762773387279316,0.4724602427605764,0.9629338100657115,0.5002727823527725,0.8973233082706767,0.9275924363384608,0.9418569837801496,0.4141649331532913,0.410212870677987,0.5327710843373494,0.8120732475288156,0.4544598108301616,0.615822520446798,0.7181652407920633,0.8573519516304108,0.753837418952186,0.5665028806111764,0.4899311075781664,0.5637681644679569,0.4054409642644936,0.5086091714674217,0.7660075779850893,0.1947774080588533,0.8641587839156799,0.4635879198720729,0.872548505829331,0.9059497780428012,0.5120648476514439,0.8672744805820986
align-dinov2+1b-llama-chat-things+hyp-abl40cat-shuffled-218,0.045855782000182,0.5511089199588047,0.3800769437441763,0.9140271493212668,0.4300982216260655,0.7039989818266665,0.4071192532900458,0.509673704614615,0.7574049555513525,0.3176819388423484,0.1521580743901679,0.4397283109881535,0.6494883628164145,0.5144584068195179,0.5407038748666904,0.6459712918660286,0.7190614951768489,0.4817716333845366,0.6422040420770576,0.5928896804466213,0.6661335710415466,0.5682834537323701,0.1542709037638043,0.5067063492063493,0.3183123841342922,0.2942812682357518,0.601108240883825,0.0854805561692071,0.5265780257950631,0.5508466227449049,0.1239131949644602,0.4079768361812324,0.3988175422840891,0.4703551465476738,0.5106154375107443,0.3789449762804306,0.5742796236401059,0.4915691569156916,0.3897486553178431,0.5084033613445378,0.4368158929084593,0.491374681165257,0.3629764065335753,0.3333333333333333,0.4457282913165266,0.535511452287337,0.1953576547833726,0.5659034488945984,0.3662785432773765,0.3573705696303015,0.5565565565565566,0.4998825877656452,0.6252891189061401
align-dinov2+1b-llama-chat-things+hyp-abl40cat-shuffled-42,0.1285551763367463,0.502473886750962,0.406198880757641,0.4805194805194805,0.4352941176470588,0.677165635837117,0.3684279191128506,0.3739837398373984,0.4498381877022653,0.3265306122448979,0.3038858090936623,0.4273358959195742,0.5111111111111111,0.5565768227549373,0.4,0.6162404573619527,0.5064766778562877,0.3824701195219123,0.4081010452961672,0.4798161093267838,0.5948346263781135,0.4502314814814814,0.2418300653594771,0.3923611111111111,0.3356027864937935,0.3382562785388128,0.469492683277604,0.2010069797091427,0.4881024096385542,0.53382571677694,0.1957364341085271,0.3617647058823529,0.3562653562653562,0.3925382205806723,0.391304347826087,0.3515151515151515,0.4111842105263157,0.3878787878787879,0.4349020954998283,0.4106586755978612,0.3674911660777385,0.3878205128205128,0.3448275862068966,0.3333333333333333,0.3725490196078431,0.4926067307270413,0.2724465234570143,0.5771893388715819,0.3733189358986944,0.3671897704155769,0.6739065695169648,0.4017121116043119,0.4863592467407049
align-dinov2+1b-llama-chat-things+hyp-abl40cat-shuffled-7,0.1285551763367463,0.4985418489355497,0.3954545454545454,0.4893617021276595,0.3998987854251012,0.6238805970149254,0.4582434743809028,0.3507246376811594,0.4881720430107527,0.3265306122448979,0.2334880561530623,0.3533098315707011,0.497971602434077,0.5656997060291753,0.4020618556701031,0.5324938486032711,0.5036389172625128,0.3724696356275304,0.4136798088410991,0.474718599249598,0.5030864197530864,0.40625,0.2418300653594771,0.3923611111111111,0.3520375256523013,0.3170103092783505,0.4103896103896104,0.1894015314201427,0.3994169096209912,0.4928836633663366,0.1957364341085271,0.3617647058823529,0.3765550638724221,0.3775510204081632,0.391304347826087,0.3515151515151515,0.4092409240924092,0.3878787878787879,0.3768996960486322,0.3928571428571428,0.3819522209779768,0.3878205128205128,0.3448275862068966,0.3333333333333333,0.3844650708353688,0.400611620795107,0.2674897119341564,0.5768842190341483,0.3821138211382113,0.3887759611135661,0.5516499282639885,0.3910447761194029,0.4685354864072091
align-dinov2+1b-llama-chat-things+hyp-abl50-218,0.9934598886245214,0.7819609358189393,1.0,0.9605141171512852,0.7749973842308545,0.972027972027972,0.9680277212160184,0.8069844687772025,0.9568345323741008,0.6998145651495999,0.849987770176016,0.9088866869880264,0.9785270805929353,0.8866925046565765,0.8440199437798798,0.9148326888972876,0.8882831661092531,0.9240483979246944,0.9746310720959336,0.9888888888888888,0.9572365339578454,0.7778878985799087,0.7840492491166078,0.9686717967967968,0.8790414568734631,0.8260348015447273,0.981837435662934,0.9044303177063856,0.9514707853122488,0.8169496166484119,0.9716842350071138,0.7880896137982751,0.946736755123476,0.8510762473026623,0.908744743975582,0.8310507149182924,0.8788333188543197,0.8880066049877371,0.9438673387079564,0.9585858585858584,0.7934318068701128,0.8796453810374814,0.7601833842734093,0.938367930275656,0.6984596323307021,0.8365795792635677,0.897775064441731,0.8615393021630245,0.7724036170673598,0.9846007639307708,0.9440436208772712,0.9705388459298784,0.8644780420060654
align-dinov2+1b-llama-chat-things+hyp-abl50-42,0.977590592512748,0.7811568393860866,1.0,0.940771175726928,0.7653183378027425,0.9502180582075228,0.919548872180451,0.7722122213851591,0.9706919778862224,0.6487699412704995,0.8558265990220549,0.8525805164103036,0.9855951822904212,0.9363770839006206,0.8848793011469726,0.9144815867342456,0.8917818723853715,0.9853045021312404,0.9594055308471238,0.9494814814814816,0.8727736342194173,0.8058919803600655,0.769885785246417,0.8886618589743589,0.8833474218089603,0.8395232342208861,0.957766793227786,0.8739766190170787,0.9817554660983504,0.8460135915276239,0.9746481643007472,0.7631589801274842,0.9056716796751064,0.8510762473026623,0.8050512267738528,0.7590282051637238,0.9535357771998992,0.902807458621412,0.9378962760656656,0.9372962772345168,0.8093216678801042,0.8403303500903939,0.8006667074927379,0.938534565615462,0.5540581115229771,0.863176969016385,0.9275044963724036,0.8669602101237367,0.8555260204383011,0.9641101292216911,0.9280673635489394,0.9172683644384017,0.874374894709124
align-dinov2+1b-llama-chat-things+hyp-abl50-7,0.9869778335990004,0.7463635405887895,1.0,0.9469026548672568,0.7713834386431658,0.9511923973462436,0.9607614258777052,0.7058702608570593,0.9778021422545288,0.6606760449562452,0.9054782271640248,0.8474403815580287,0.9855951822904212,0.8633517169342715,0.8295264173396647,0.9576495709597058,0.9009480873336374,0.9475584995865878,0.928768243536944,0.9777777777777776,0.9144730679156908,0.7848981288981289,0.7763567930426774,0.9122987438075018,0.863905325443787,0.9201915977887024,0.9939458118876444,0.8969239175218878,0.944649928833548,0.858332504205414,0.9586296734088614,0.7357646276595744,0.9410623292976236,0.8893721962985506,0.8757763975155279,0.7822284441233142,0.946188615844536,0.9239302823694838,0.9324984370673388,0.9154995331465918,0.8159598431763798,0.8543075665190563,0.7727591170214121,0.9858613823836162,0.6910243662980299,0.9311730144615278,0.86787734315473,0.8366599153534258,0.8987388106884963,0.979475273565607,0.9040602830522504,0.9779581002938668,0.8648219337976883
align-dinov2+1b-llama-chat-things+hyp-abl50-local-shuffled-218,0.9806134804301854,0.7213975466564841,0.9887099932551512,0.9451035375323557,0.9153971098913408,0.9602649006622516,0.9436902346947434,0.8317757009345794,0.7139430764310841,0.7536502546689303,0.8440530922087641,0.9336648310961488,0.9662657043571238,0.8640666333544759,0.8113920681394731,0.8387375059806921,0.9293200274786386,0.9594409054363288,0.98,0.969301709722106,0.90089923626509,0.8921890085349341,0.7405318032323395,0.924290032218421,0.8856791401149576,0.8962687727538377,0.9867300880237888,0.9335011282855332,0.9724681987490336,0.7837682893641544,0.9659295165671758,0.778925418107156,0.9819246557510352,0.8286016628873771,0.9381308672580636,0.8012592071311282,0.9295101553166072,0.9157208184193136,0.871259159509848,0.9493981583491756,0.7642633228840126,0.7560830245394004,0.7939193738599591,0.9950974499102134,0.957319153845965,0.8439129890082354,0.928094328898587,0.8767152352291671,0.8013933453762045,0.9896852286409856,0.91952026942134,0.9818718298754182,0.8932440618523831
align-dinov2+1b-llama-chat-things+hyp-abl50-local-shuffled-42,0.9917865284090333,0.795024208131599,1.0,0.9634023583549036,0.8544707439938,0.9800581259994164,0.981527820682928,0.8545417104109171,0.8127036366628272,0.7760456860626639,0.8145104946473869,0.902765363351549,0.9829567974633372,0.8207324441104066,0.7812938203177611,0.8247146804137958,0.9064456949164492,0.9481430849851902,0.97,0.9128627365298037,0.8950604632096741,0.9274371811704624,0.7978591101108208,0.8653578365456448,0.8857958660649617,0.8698859522963842,0.9867549668874172,0.9181657974236752,0.9581163194444444,0.8039904865006562,0.9771265771265772,0.7860998650472335,0.9880677896543362,0.9158115582681672,0.9310343564775226,0.8247697432882619,0.9405700916177304,0.9210000147017744,0.8522901988612365,0.961783439490446,0.8122846414287,0.8974493752781789,0.8018929150892374,0.8906501144668909,0.8571071820996903,0.802443685936116,0.9450133809099016,0.8671124150638915,0.80449720595706,0.9690721649484536,0.8889337508676555,0.9818718298754182,0.8704594387931399
align-dinov2+1b-llama-chat-things+hyp-abl50-local-shuffled-7,0.9652120057033436,0.675251509054326,0.9774329919751128,0.991605790432365,0.8714102564102565,0.9664989672780868,0.9694327691069552,0.8314229370046914,0.8124233062865442,0.5900235663786332,0.8786295909119894,0.9234753656194687,0.9829567974633372,0.904064734509109,0.7954038964262925,0.8266925817946226,0.9197146945268752,0.973886595195966,0.9900060216780407,0.9754601226993864,0.8801087425815752,0.8931543070615917,0.7799367641159954,0.924290032218421,0.8962617020163045,0.8870964675721109,0.9801483606347268,0.9233094999098876,0.9651896931205508,0.7946525968966361,0.9768633000572164,0.7108512020792722,0.9879756463030914,0.9178105947208935,0.944445917496142,0.7938173095041382,0.9295101553166072,0.9277607015022687,0.8878965369224165,0.8896255729507709,0.8006064998474215,0.8586827043202883,0.7742962926232623,0.9950974499102134,0.8861082821018809,0.8969098920690803,0.8942105085293777,0.9138839634840378,0.8328050896471949,0.9845224796679266,0.923294859341371,0.96958516352013,0.8889286495298304
align-dinov2+1b-llama-chat-things+hyp-abl50-shuffled-218,0.4673409822866344,0.3930954788386537,0.3672727272727272,0.4615384615384615,0.4368692531957838,0.6575723532873268,0.4503097225962833,0.3153340544138447,0.453125,0.4194444444444444,0.5284553691240261,0.522217474898526,0.6415598290598291,0.5306196175315518,0.3924050632911392,0.4369878183831672,0.5211633514165159,0.5754385964912281,0.4887538641935827,0.5192793931731985,0.520409147930136,0.3982683982683982,0.4042888109000825,0.3962264150943396,0.4098883572567783,0.3798076923076923,0.3967741935483871,0.3356778252611586,0.4075342465753425,0.3218390804597701,0.449379209236267,0.3891372266282143,0.4653335432740251,0.4220683868260961,0.3918918918918919,0.4588235294117647,0.4329004329004329,0.4035714285714286,0.4505423553719008,0.4057377049180328,0.3906976744186046,0.4408580183861083,0.4609708161827419,0.3419346514853401,0.3659305993690852,0.4702665755297334,0.5029600096653377,0.3434971467507026,0.3852324037184595,0.4487329434697855,0.5227916173584792,0.5266725611553198,0.4316576651433319
align-dinov2+1b-llama-chat-things+hyp-abl50-shuffled-42,0.5493549637540711,0.3897710431600278,0.4186626511693567,0.5547619047619048,0.4457478005865102,0.6367221510883483,0.5737127916331456,0.3608099489795918,0.4285714285714285,0.4423639020825721,0.4431912729962097,0.5680878518947673,0.6185115697310819,0.4791666666666667,0.3949579831932773,0.4177109440267335,0.4987156887433895,0.5691529235382309,0.5321061535742242,0.5475151292866312,0.4735169491525424,0.4008620689655172,0.4289721498697655,0.4556734040424254,0.3658725976871239,0.3721586195453791,0.4006410256410256,0.4122728038005724,0.4248670212765957,0.3309896362527941,0.5435365957729251,0.4610528360528361,0.6019472387185392,0.4236883942766296,0.3891402714932127,0.5041574158721867,0.4972872833134842,0.5481601731601731,0.5893866020984665,0.480534989252448,0.4809433962264151,0.4240723854948446,0.4541699523112162,0.4665492957746479,0.4029428018789721,0.5066550925925926,0.5360492981855529,0.4808564728571741,0.4599898063200816,0.4715168153740562,0.6181044311013149,0.5540391239357899,0.4654051830522419
align-dinov2+1b-llama-chat-things+hyp-abl50-shuffled-7,0.456317184817238,0.3930954788386537,0.3939628482972136,0.4590909090909091,0.4296620775969962,0.6165780141843972,0.5440298098525946,0.3013245033112582,0.4509803921568627,0.3373493975903614,0.4914438502673797,0.4978729169489229,0.6043632075471699,0.4536691803239381,0.3949579831932773,0.385149124279559,0.539185812747354,0.3857868020304568,0.45009009009009,0.4598454504996561,0.4872524346208556,0.4008620689655172,0.3659992975061468,0.4372294372294372,0.5073043435846157,0.4277071990320629,0.3987138263665595,0.4189146743219454,0.4694457064970468,0.3759952465834819,0.3844475951575962,0.4524346823128228,0.55024805102764,0.4115942028985507,0.4,0.3871907560120488,0.4377682403433476,0.4033268904117613,0.4744489795918367,0.480534989252448,0.4521884583217173,0.4037037037037037,0.426378896882494,0.3834293086629535,0.3639240506329114,0.5205286839145107,0.5121224339533335,0.3570369319189697,0.4397064288368636,0.4191629266256131,0.6072045287325255,0.4621279104037724,0.5464729160995833
align-dinov2+1b-llama-chat-things+hyp-abl70-218,0.861758845052646,0.7665624942887951,0.980534137215397,0.8525252525252525,0.942181106564668,0.8979166666666667,0.8962148962148961,0.870831090817549,0.6266368572341106,0.4273325754170742,0.894180482232719,0.9328877596111356,0.9845741113346748,0.8110321397483246,0.8929435550694376,0.7376717485413138,0.7793903840415468,0.948746914355048,0.9543537028427778,0.9644546147978642,0.8593628593628594,0.7506005490734386,0.6562907431551499,0.8310708898944192,0.7874034422008402,0.8158080451658434,0.955878955878956,0.8482101027916333,0.9012499619841244,0.7586318428074714,0.9482987185152452,0.5651664322550398,0.943050917656804,0.6547842401500938,0.9131189109835848,0.7905600503159038,0.8912487708947886,0.9384920634920636,0.9191588683114108,0.783989713795895,0.6014524328249818,0.6280167692714431,0.7207770270270271,0.8772089397089398,0.6554054054054055,0.8177845528455284,0.8299073940256362,0.7559857944781763,0.7060497340096499,0.9704451926674148,0.887442158794154,0.8631291842301017,0.7982758620689655
align-dinov2+1b-llama-chat-things+hyp-abl70-42,0.9437682262154784,0.7377578456622311,0.9727626459143968,0.949447437278744,0.920069697449707,0.933922229548335,0.9432580072515918,0.7667922283901665,0.9558856149351176,0.5589894242068155,0.8994014753459515,0.9482767489711932,0.983889727733998,0.8349959144261563,0.9371362809922984,0.6791147311743719,0.9113499343756358,0.9473363338055192,0.970954356846473,0.9784813298322684,0.9360717714918244,0.7055030739241266,0.6343236440323818,0.8596171015277818,0.7541408541657545,0.8453720999106858,0.973997195185958,0.8341606783760599,0.9363833104873076,0.8585207116664404,0.949786249197244,0.6411517166670812,0.934564210090342,0.8108482523444159,0.8789365825957064,0.8717632863974327,0.9352047561371428,0.8695559122525415,0.788997546795712,0.7101085799446455,0.6912428656614703,0.8075155774283896,0.5354220221097322,0.9119828728378988,0.6611344385613407,0.8314400435889995,0.8973314685314686,0.8343196836015306,0.6996215193295485,0.9831217618993532,0.9104423624818028,0.916511130381959,0.8812085922755092
align-dinov2+1b-llama-chat-things+hyp-abl70-7,0.963077390599676,0.7655512931113599,0.9571049237538882,0.8002735978112175,0.9510956549230374,0.9003389830508475,0.9101354880334264,0.8666574067643587,0.8330642060745868,0.4875166163141994,0.8600342287372572,0.9256648862948076,0.968616749104554,0.8311899282523352,0.9293154761904762,0.6972490175062522,0.8342180331046961,0.9446552814674256,0.9626453112890726,0.9554186438083576,0.7152894295302014,0.6634012359807737,0.7772371134020619,0.7888386123680242,0.7760475412871837,0.8040540540540541,0.9556535871836545,0.8809759290750874,0.9044761190297574,0.8045134740475242,0.955971692055854,0.5547554755475548,0.8782467532467533,0.7516869095816464,0.8967577627583505,0.7518514298735332,0.8537037037037037,0.9222882853928972,0.9391362240405472,0.8966062950589062,0.7702333065164924,0.6169969512195121,0.6896919952260308,0.9256442200511442,0.6306955908072781,0.7488977423638778,0.818637768125028,0.8567870741998559,0.8261180679785332,0.9535037186323994,0.9354534092487156,0.9148598625066102,0.8389646256904454
align-dinov2+1b-llama-chat-things+hyp-abl70-local-shuffled-218,0.930651506512278,0.8629860254990801,0.9055878045501172,0.9325470756537362,0.9374091466886344,0.909564606741573,0.8664440201786011,0.8440457222879347,0.938741965601874,0.6999263325736123,0.9022947275240562,0.92827546955037,0.9680058019568768,0.673379740661768,0.9147621026223984,0.6428252263394234,0.9192323507946364,0.9090621290067274,0.9690258608012438,0.9561634892249452,0.831277038936068,0.7190503980991287,0.811661807580175,0.930467473030402,0.8349349802951849,0.8402138736457014,0.9015767573355864,0.9524498888905668,0.9620430166878254,0.8461538461538461,0.9673589648330976,0.7157834018314226,0.8991754073811935,0.5654017857142857,0.9366731834473768,0.78,0.9411880909299154,0.9271190437322014,0.8773436316825686,0.8830190500444483,0.7054747523065531,0.685119241593838,0.7608629945979344,0.8708900102384087,0.6215341950733783,0.7567603661673372,0.8812527326964082,0.8432271070569308,0.8162612212686199,0.92511303909184,0.9559812865497076,0.9625879960111764,0.8533606260288649
align-dinov2+1b-llama-chat-things+hyp-abl70-local-shuffled-42,0.8996880332574765,0.8251248501039785,0.9918326394102792,0.9398496240601504,0.8580575031883566,0.9492870370976292,0.9401957266034936,0.7986496831733363,0.9243509016699404,0.5744831254707201,0.8876471308203798,0.940246640113838,0.9674241924511278,0.798442054958184,0.8870800539191364,0.7886715273039224,0.8764444318016636,0.9792087073375356,0.9299355851428652,0.98679306120832,0.8870578416371417,0.7843077607953701,0.7170640544627435,0.9589601364716224,0.8012642343612786,0.8920353857590287,0.989554798455322,0.9642954884337612,0.9673213853541722,0.9285464793204732,0.9673589648330976,0.7346281507772192,0.972085048010974,0.6482116609505145,0.9361405575186494,0.840372907153729,0.9194851695940388,0.9319101536346778,0.895150234741784,0.8012530858676844,0.6721328540955713,0.8248194628596096,0.7431208419340458,0.8760108107779258,0.7193781868464264,0.9085485298358308,0.9272212064109469,0.8270084284199719,0.7751294872854505,0.9691606010920129,0.9093166274866972,0.9762450062913468,0.8946532999164577
align-dinov2+1b-llama-chat-things+hyp-abl70-local-shuffled-7,0.9484910192147036,0.8079979223040413,0.898027255130801,0.9298992638078056,0.954120952745358,0.9047692552466292,0.8919209431345353,0.9079497907949792,0.9574468085106383,0.5849897149652702,0.8922965470358433,0.9442390458486096,0.9680058019568768,0.8078508186875011,0.929436147407559,0.692764262522577,0.9137105622157587,0.8601210907704043,0.9137335009428031,0.9648441284105076,0.8709391067764175,0.7146376811594203,0.6020589102799627,0.912057435296334,0.8742892784020803,0.8523419449695442,0.9275971652280554,0.9410181444783032,0.9401816650258588,0.8123586558369167,0.9621073973654534,0.6577680950588867,0.8658893952137653,0.7220283875597013,0.9364170579263734,0.8228254201938412,0.969982524599332,0.905849685981907,0.8416382021056508,0.8723447342053957,0.6898768770243037,0.7228535669586984,0.549835180154913,0.9203909830007392,0.6212754107490949,0.7686815754671015,0.8741749723145072,0.8343948313981665,0.7368147672010232,0.9427312775330396,0.9559327440935278,0.971564211807669,0.90970301070743
align-dinov2+1b-llama-chat-things+hyp-abl70-shuffled-218,0.4920352999944497,0.3811047035501892,0.3889647924330005,0.4514925373134328,0.3925570228091236,0.5989617131732641,0.4679419398250505,0.4092432167374958,0.4605263157894737,0.3608247422680412,0.5175751879699249,0.4444444444444444,0.518546683565695,0.4493000442794373,0.40625,0.3679775280898876,0.4852503613023888,0.4705882352941176,0.4316241915536362,0.4479838280668156,0.436532507739938,0.4159722222222222,0.3084886128364389,0.4420170051960321,0.3394255874673629,0.4986075949367088,0.4077134986225895,0.4321491228070175,0.3970588235294117,0.3767189105006792,0.3975263058326211,0.3982558139534883,0.5557357301704966,0.4117208955918633,0.4326139088729017,0.5380615697818372,0.4465257651798968,0.4563575958924796,0.563259651111531,0.4186498300145702,0.396337066769216,0.403076923076923,0.3857575390577691,0.3323442136498516,0.3698224852071006,0.4171779141104294,0.4641968138068371,0.4878256688232208,0.4363272299403422,0.4135521307793099,0.5605074995967958,0.4047619047619047,0.5745873376861566
align-dinov2+1b-llama-chat-things+hyp-abl70-shuffled-42,0.5699694580581007,0.4679220779220779,0.4450304259634888,0.4575645756457565,0.394172359035112,0.5409105380452085,0.4923849258844679,0.5380859571219032,0.4605263157894737,0.3841269841269841,0.5165599394064587,0.3992770429804216,0.5103937393005624,0.4476328602506992,0.4041811846689895,0.3679775280898876,0.5300997782705099,0.3925619834710744,0.4886337543053961,0.5210968865995,0.4929705215419501,0.4121621621621621,0.4080693815987933,0.4027303754266211,0.3620618386243386,0.4922896413007039,0.423545661358466,0.4788626083315427,0.3988269794721407,0.4429587482219061,0.4003521126760563,0.3917026793431288,0.4995629886849503,0.4106251544353843,0.4028268551236749,0.483681112894596,0.5328859060402684,0.39209726443769,0.5618453571848888,0.4,0.378839590443686,0.3993808049535604,0.3551099453337583,0.336283185840708,0.3821558363618177,0.5678401898734178,0.4941250609855261,0.538855533107589,0.4262978788731674,0.5988565639021566,0.525362872421696,0.4285714285714286,0.5568371139305395
align-dinov2+1b-llama-chat-things+hyp-abl70-shuffled-7,0.4942528735632183,0.4362199858757062,0.3955493666818413,0.449438202247191,0.4474052070592347,0.6346095608911961,0.5086488203528834,0.4859443788252979,0.4811854811854811,0.3694033763237915,0.5133833009469171,0.5160347724450288,0.4404731727925644,0.5344024122807017,0.5188724319159101,0.3679775280898876,0.556920020667415,0.4073031570939521,0.488481062085123,0.5125465838509317,0.5363057324840764,0.5664819240351858,0.4086928531530763,0.4464285714285714,0.3572073490813648,0.5218655987886758,0.4266666666666667,0.5580990589692911,0.4123145955378287,0.4347107438016528,0.5106815203145478,0.3765060240963855,0.7271907797308608,0.4003321470937129,0.5066916340805199,0.5612247834470057,0.611864713329716,0.4982078853046595,0.545633017289459,0.5002248201438849,0.3830508474576271,0.4623597292262959,0.3489010989010989,0.3936243936243936,0.421780303030303,0.5544733044733046,0.4861021331609567,0.5555229955229956,0.4758333333333333,0.5053366174055829,0.6153055272705703,0.4213547646383467,0.5445205479452055
align-dinov2+1b-llama-chat-things+hyp-abl90-218,0.918972938674633,0.7731658600394155,0.9618654402130568,0.8850885197452553,0.8919130257117869,0.9415719228868018,0.9057579879256448,0.7666685665431747,0.9331822118078548,0.6163304426602945,0.7735341913051477,0.9496956469718288,0.937669094693028,0.7003314394736601,0.941454344439419,0.8804301398090846,0.8077563123798263,0.902729974968711,0.9588651573332012,0.9383914023524406,0.9097961807964882,0.8403880070546736,0.7371258187313559,0.929978014787488,0.8756512730282388,0.7380021715526601,0.9420409604965214,0.8679460108475138,0.9444212444478188,0.8453814811617465,0.940677966101695,0.5814241949105355,0.9100971817298348,0.8750332229079095,0.9013289241895108,0.7315014367816093,0.872310405643739,0.9606119599630306,0.8670898931593156,0.8668854054648067,0.6635552505147564,0.7987008138579855,0.7144850854995782,0.8314480643684616,0.6693981614995397,0.8361898102215632,0.7591753419065116,0.7561736956941586,0.5853097995955138,0.9614745529824754,0.8742046779156417,0.874178368965134,0.8539240349585177
align-dinov2+1b-llama-chat-things+hyp-abl90-42,0.9063595978489596,0.7422285328297101,0.9389312977099236,0.5148809523809523,0.9082571982281284,0.8766374517010649,0.8390929415522197,0.800016160310278,0.8165307635285397,0.5330605039319531,0.7398131584178096,0.9060021629416006,0.8901821862348178,0.9019351602513332,0.8860328860328861,0.8328777745468644,0.6739972329476054,0.8606917043844798,0.9362974190560398,0.915356306457009,0.6692855224281493,0.467775357313639,0.7472192894148845,0.8528588564574171,0.8390228793816238,0.6232610415973758,0.856866790274985,0.9107898318802192,0.8721491228070175,0.4418988421023681,0.9606524578319948,0.4293007127721056,0.8017696982216942,0.6692643482846512,0.8757499415629951,0.6763392857142857,0.8682540264886085,0.944828722002635,0.7715848965848966,0.7709145427286357,0.6253847615428463,0.5939891511508577,0.7302604043455316,0.7667336802270577,0.6500254712175242,0.702006155671747,0.6806528304311508,0.6803885399397577,0.3890461485675073,0.9185937290334124,0.9288401077924996,0.94345579793341,0.87770279575816
align-dinov2+1b-llama-chat-things+hyp-abl90-7,0.7684694376528117,0.7384830084475259,0.9427071944019244,0.6317607973421927,0.9331947331947332,0.8650262467191601,0.8309282502181354,0.7145763274795534,0.7894736842105263,0.4562660319367735,0.7377676366418788,0.9125586854460094,0.9308917197452228,0.8537569637197583,0.931787330316742,0.7247257383966246,0.677716615698267,0.8813186813186813,0.9324240719910012,0.9392063667514092,0.6978527607361964,0.7486102111114901,0.6647461689244418,0.836343732895457,0.71242077657172,0.681135265700483,0.9341336794289422,0.8488132171537994,0.950290493187088,0.7429001002338791,0.8992917323674665,0.4829259922045449,0.9582310420076376,0.6680871362696772,0.9001280409731114,0.7586275594908689,0.8127820376417068,0.9210437710437712,0.8043554458312379,0.8850935828877005,0.392156862745098,0.4790847102019407,0.7531810375076179,0.6670625927951863,0.5134247633764729,0.7602655949676742,0.8327624340271955,0.6421302639992692,0.4402593393022538,0.9691412972523886,0.8387828034990399,0.9074248120300752,0.794587092297016
align-dinov2+1b-llama-chat-things+hyp-abl90-local-shuffled-218,0.9743828598043782,0.6281550550349662,0.8998835298434833,0.6932554434413171,0.8794401139887688,0.8239075950746431,0.8536155202821869,0.7691605839416058,0.832759973444384,0.6170572012832298,0.8360549208678336,0.929563492063492,0.8784340659340659,0.8841159207630227,0.7856033874382499,0.6978119455943228,0.7829464856187147,0.475,0.925824175824176,0.9301742659345906,0.4719261515036163,0.5080541696364932,0.7744986877472863,0.9218118545127976,0.8453763339758356,0.6081128747795415,0.8022739251562382,0.9200857883921544,0.8562842957930494,0.5663022147462854,0.9288479583403242,0.4780717651322943,0.7723848906339195,0.4817162911807993,0.9121457489878542,0.7471497563234613,0.6746575342465753,0.8725533755816945,0.87937012642895,0.6738284703801946,0.6568023329529606,0.6030769230769231,0.704284071305348,0.8728808257741634,0.634375,0.7249018710718328,0.8174603174603174,0.725830726230019,0.5516138412329166,0.9212158808933002,0.917249383848226,0.9098428453267162,0.8303063658044396
align-dinov2+1b-llama-chat-things+hyp-abl90-local-shuffled-42,0.9551878489161596,0.7322977365669519,0.9080805668338509,0.6545454545454545,0.9231057948073566,0.7827219202898551,0.821211537451183,0.7439312394569846,0.7977667493796525,0.7288378766140602,0.7703528587689344,0.8973259365455338,0.8841343669250645,0.7605012648116096,0.748849682427664,0.6978678929765887,0.8327732550801463,0.6699432590106289,0.933201385452746,0.7497000844206816,0.5622282608695652,0.6265886287625418,0.7531971798799841,0.6472447013487477,0.820519288067725,0.6764705882352942,0.8124137238661747,0.8328757740611614,0.7616661534585561,0.3735023534445871,0.759763482904964,0.7206349206349206,0.648279073705601,0.6146464646464647,0.6445963356844933,0.7460011878673685,0.6287138584247258,0.6688368055555556,0.7946779744346115,0.5565652173913044,0.5162835249042146,0.7053449063499315,0.6732803554644109,0.8651299350324837,0.6209210830826197,0.5130434782608696,0.7546302159955574,0.706403913110895,0.6380001547867812,0.9288515406162464,0.856445360592651,0.7631554085970713,0.7382291556121546
align-dinov2+1b-llama-chat-things+hyp-abl90-local-shuffled-7,0.9426574662875244,0.7526962406687493,0.9119879027308132,0.9188082510964912,0.9397382095323926,0.9395800804570252,0.8741696789889561,0.9248729994928324,0.9339149410690042,0.7177309782608695,0.8884891684449261,0.9471326451395108,0.9228697921829054,0.7982738497129188,0.8934019494785772,0.8368427556966718,0.8504263192000135,0.8899350649350649,0.9667148262813898,0.9536870892575592,0.6270840820238056,0.8316416542559285,0.776270985581671,0.9213038700462348,0.6763248181746854,0.8538159013742336,0.9320759884265454,0.9634811295407988,0.7563684044890246,0.7436402526569583,0.9430875184410724,0.6081896551724137,0.8105366584007861,0.7143380334961555,0.9287030286356236,0.7922580307901409,0.941946507828188,0.9373621060421988,0.9140043563779828,0.8952443142595944,0.7159426146696302,0.711011666319128,0.7441895866786484,0.8546012588175663,0.7359004139491945,0.7767857142857143,0.8850737484277857,0.811379737472932,0.6953974554285125,0.9684961182123693,0.915784543325527,0.9444355191025804,0.8647413861229651
align-dinov2+1b-llama-chat-things+hyp-abl90-shuffled-218,0.3825721072276892,0.487226839027393,0.4990887552396573,0.5718181818181818,0.4708222811671088,0.7014101057579318,0.419661622530475,0.3333333333333333,0.4531862745098039,0.5217959019686621,0.4980619380619381,0.4765332886879848,0.7317868793040957,0.3857758620689655,0.6294193733831561,0.4062815617686907,0.4757424575738529,0.407332090606112,0.432375055285272,0.4837199092705056,0.5265577737447066,0.4216867469879518,0.2813172090399464,0.4071856287425149,0.4095282955386582,0.4077650098592507,0.5076923076923077,0.2555859964564604,0.4078947368421052,0.3555837241728989,0.2808441558441558,0.3709677419354839,0.5696640316205533,0.3846153846153846,0.4049844236760124,0.4542430086788814,0.4541881601572095,0.3951612903225806,0.4306519723967453,0.514559721011334,0.4466043220902945,0.4144570707070707,0.5002937441961832,0.4581413210445468,0.520425343376163,0.5462008070913669,0.4324642900994556,0.4261468185035064,0.4208357986544825,0.5764705882352941,0.5335507921714818,0.419563959097048,0.3790834613415259
align-dinov2+1b-llama-chat-things+hyp-abl90-shuffled-42,0.4878464841425048,0.4698573791114817,0.4026852983563493,0.3965357855300929,0.5002577019635227,0.5045547842531307,0.4749084249084249,0.5422854657304419,0.3056623931623932,0.4685866318147871,0.4682274247491639,0.5289645696087119,0.5055413469735721,0.5446764806573091,0.4233880154932786,0.4381752701080432,0.4390243902439024,0.4748552377610107,0.4761574074074074,0.4942397951927179,0.3346534224934536,0.5194971481783262,0.5139408182886445,0.4649350649350649,0.4628571428571428,0.5161891451199627,0.2744186046511628,0.4627499514657348,0.5378946520618557,0.4910210263370114,0.5078491039945902,0.4895131659522351,0.4043195638498637,0.4964285714285714,0.3926535087719298,0.4998334443704197,0.555422168867547,0.5093988845279901,0.460698876136228,0.4361904761904762,0.5166194547675356,0.4805582188132523,0.4711069996916435,0.4527472527472527,0.5164808404793794,0.3286571504638637,0.4875683060109289,0.4818766937669377,0.4852879886638326,0.4825135694700911,0.4865849126718691,0.4123234916559691,0.492267119613803
align-dinov2+1b-llama-chat-things+hyp-abl90-shuffled-7,0.4702149712092131,0.4186468263194606,0.5212339743589743,0.4967948717948718,0.4550446702008575,0.5814286168420384,0.5876477507182661,0.3492999702114983,0.5227384550502565,0.3906877174203907,0.4867588932806324,0.407054463635762,0.6042105263157895,0.503184624312212,0.5400756793945648,0.4065934065934066,0.3662550633097617,0.5232480968182706,0.5913506012950971,0.4846798524974857,0.4734834798667148,0.4564459930313588,0.4493949394939494,0.3926380368098159,0.4273974418450527,0.3821001886396982,0.4347826086956522,0.3134542286981311,0.4300591049817056,0.3439726201039422,0.4355940150032615,0.4108438240059828,0.4359310315989017,0.4027777777777777,0.4202617306065582,0.4954495813614852,0.5193597231235129,0.4088846429424409,0.504874145205878,0.4398034398034398,0.421875,0.4011299435028249,0.5453722404067136,0.4458264866776213,0.4785641025641025,0.4507167373309105,0.5131176565266377,0.2251100110011001,0.3775338022922008,0.5502791781861549,0.5285408143385935,0.4027397260273972,0.5501019454591793
align-dinov2+1b-llama-chat-things-218,0.7044301213521837,0.4097155801661213,0.963860766099572,0.5468769716088328,0.8584474885844748,0.942975942975943,0.524886018237082,0.7138857269955907,0.8686124213836478,0.6359732221801186,0.6848178137651821,0.9606768044549154,0.956205775482884,0.737523857388162,0.9213311511183851,0.8343334250848702,0.4588266473620654,0.9031476997578692,0.9112179487179488,0.9145907885441638,0.8016932595245848,0.7525059230909422,0.6674992415102061,0.8812648418947632,0.643898097674936,0.7129417539267016,0.9363131755769792,0.7731752882819043,0.9335171568627452,0.6975557168943745,0.9630494568807904,0.5578439872280138,0.841966109842567,0.4676434676434676,0.9114345114345116,0.8434445083381253,0.7933754562222832,0.9208369755244756,0.8906056430172187,0.8836258081541101,0.6092436974789917,0.5864153344468306,0.7249987211622078,0.6730936029234029,0.5853226310851662,0.6730828220858895,0.4532009034933011,0.536182062691072,0.4437704918032786,0.9142659183814869,0.8246884002167651,0.6308641975308642,0.7252706692913387
align-dinov2+1b-llama-chat-things-42,0.6912005465702173,0.6795159121470192,0.96025565773169,0.5571759574758075,0.875801282051282,0.919314692096331,0.4670324088184496,0.7791630017718969,0.882350153991945,0.5348967579183407,0.655465882984754,0.9341652323580034,0.9406470158573076,0.6095238095238096,0.9384423134389176,0.6756469337114499,0.2502272867357002,0.8218201754385965,0.9565830721003136,0.9236470588235296,0.7350330664810303,0.6776996805111821,0.3990060015003751,0.860557133284406,0.6874328678839957,0.5258620689655172,0.9461111485651365,0.7600517922856753,0.944083694083694,0.8425675675675676,0.9038548730724416,0.3819095477386934,0.6994187565308255,0.4384074941451991,0.8892931392931394,0.4882097916886962,0.8951048951048951,0.9268053855569156,0.8063178959405375,0.8880639634494574,0.4584167424931756,0.4074074074074074,0.518124962049912,0.7720746793780502,0.4939640305493963,0.6394031500414479,0.5212428518688736,0.4220290918942065,0.5006213385407421,0.9665353514410118,0.8316307875131405,0.8973214285714286,0.8375715098691108
align-dinov2+1b-llama-chat-things-7,0.5874414519906324,0.4895461499235084,0.9782915360501568,0.8584437086092715,0.8667741069030352,0.9059530418313032,0.8470568123539803,0.8393806477559793,0.8717874952052167,0.6289535798583792,0.6390431312458856,0.944229429107478,0.956205775482884,0.6477813453887443,0.9130728331504768,0.7774399513529948,0.3549876919470167,0.9812961750678012,0.9341938549255624,0.7846606927104309,0.7851676978183002,0.8022426095820592,0.4550250134338411,0.8969335332971697,0.545697845577412,0.4456634505654113,0.9605072463768116,0.8673529343727591,0.9835991232711055,0.848310284282586,0.5776047412021716,0.4542824074074074,0.9537297677691766,0.6194710667588842,0.8842541079052917,0.5966958916020578,0.9427013614548304,0.905841115243625,0.8285702236529513,0.7846535530746057,0.5926830244566305,0.4354033063710483,0.6378307571391144,0.8184072511686238,0.5609298446784113,0.7573136427566807,0.3905802134981276,0.7101054260218769,0.6164897959183674,0.9628247650635712,0.8898911407266197,0.9682580249437742,0.8319467223299041
align-dinov2+1b-llama-things+hyp-abl10-218,1.0,0.7868131868131869,1.0,1.0,0.9612430580172516,0.9571557971014492,1.0,0.906705112935916,0.9676243567753,0.7159090909090909,0.974025974025974,0.9378017693807168,0.9490783410138248,0.96,0.8907161803713527,0.9506707317073172,0.9723578653644924,1.0,0.8001508295625943,0.981000481000481,0.8123249299719887,0.9393939393939394,0.8409377507738163,0.9744997624201468,1.0,0.9307036247334756,0.9812017245101932,0.9778463679294164,0.975609756097561,1.0,0.98857535316348,0.6339747957737103,0.8921146953405017,0.8339100346020761,0.9460446247464503,0.9004288394532298,1.0,0.8824771287825475,0.969460458240946,0.8628803245436105,0.8289562289562289,0.9100840336134456,0.8210144927536231,0.9828171020872544,0.9224003735990036,0.9535303406271148,0.8532135076252724,0.9804029304029304,0.8361095923698438,1.0,0.9824233787082084,1.0,0.8260008996851101
align-dinov2+1b-llama-things+hyp-abl10-42,1.0,0.8006617038875103,1.0,0.9539735626692148,0.9216346153846152,0.9565217391304348,1.0,0.8327606502051452,0.9676243567753,0.7996794871794871,0.935540649826364,0.9845858059268298,0.9490783410138248,0.9733428165007112,0.8907161803713527,0.8757347156014255,0.9624943000455995,1.0,0.9034366717293546,0.981000481000481,0.8272058823529411,0.8397540834515624,0.8397736143637783,0.9744997624201468,0.9284802043422732,1.0,0.9812017245101932,0.9888466484563468,1.0,1.0,1.0,0.734733092403314,0.8921146953405017,0.8339100346020761,0.9460446247464503,0.7880266075388027,1.0,0.8824771287825475,0.969460458240946,0.8628803245436105,0.8289562289562289,0.977868434472208,0.8417906329754213,0.948701250958438,0.953254716981132,1.0,0.8745652173913042,0.9608058608058608,0.814750957854406,1.0,1.0,1.0,0.8691358024691357
align-dinov2+1b-llama-things+hyp-abl10-7,1.0,0.8009828009828011,1.0,1.0,0.9415706244974538,0.934175769258228,0.9515796703296704,0.9622641509433962,0.9676243567753,0.7584541062801933,0.935540649826364,0.9845858059268298,0.9490783410138248,1.0,0.8907161803713527,0.8757347156014255,0.9723578653644924,1.0,0.8633136094674557,0.962406015037594,0.8272058823529411,0.8397540834515624,0.8397736143637783,0.9744997624201468,0.9642401021711366,0.9279176201372998,1.0,0.9778463679294164,0.975609756097561,1.0,0.9886927122464312,0.6862305910937322,0.8921146953405017,0.8339100346020761,0.9719729699789522,0.8235173299101411,1.0,0.8824771287825475,0.8732782369146005,0.8628803245436105,0.7960222378827029,0.9558704453441296,0.776268115942029,0.9828171020872544,0.9225506548060292,1.0,0.8956976407584311,0.970888429519947,0.7424579308668975,1.0,1.0,1.0,0.8257777777777777
align-dinov2+1b-llama-things+hyp-abl10-local-shuffled-218,1.0,0.7353748006379585,1.0,1.0,0.811440995651522,0.9728072900486692,0.9755368814192342,1.0,0.9695093348344122,0.7389950821891026,0.8268503797915562,0.9023118957545188,1.0,0.9408833956117656,1.0,0.9421768707482991,0.976878612716763,1.0,1.0,0.9769777660987752,1.0,0.9308604439039222,0.8383940407802537,0.9102880658436214,0.9276299206761064,0.9591836734693876,1.0,1.0,1.0,0.9380820399113082,1.0,0.7432867883995703,1.0,0.8899176628510426,1.0,0.7190482348377085,0.8928756253234431,0.8333333333333334,0.861670180819117,0.9054131054131054,0.9035633484162896,1.0,0.8518315575849822,0.930438596491228,0.9361731458505652,0.9730227207362668,0.9314570655848544,0.8859976192484699,0.7769423558897244,1.0,1.0,1.0,0.9225174825174826
align-dinov2+1b-llama-things+hyp-abl10-local-shuffled-42,0.9930739181385176,0.6870015948963317,1.0,1.0,0.9284321915900864,0.9728072900486692,0.9755368814192342,0.985297298672876,0.9695093348344122,0.6693937707728633,0.8798679968832598,0.8442036124794745,1.0,0.921865889212828,0.971753282577513,0.9712843926468822,0.98289400123229,1.0,0.9345040341718084,0.954347577042044,1.0,0.7634254726218273,0.8650844217903791,0.9102880658436214,0.9276299206761064,0.9591836734693876,1.0,1.0,1.0,0.9586309523809524,1.0,0.7860723236663086,1.0,0.8458847279914599,1.0,0.7190482348377085,0.8928756253234431,0.7034277198211624,0.861670180819117,0.9054131054131054,0.8268653516295026,1.0,0.7498136645962732,0.930438596491228,0.9203192373963808,0.9730227207362668,0.9310344827586208,0.9725516377194154,0.7454350161117078,1.0,0.9592860555593477,1.0,0.9381942381942384
align-dinov2+1b-llama-things+hyp-abl10-local-shuffled-7,0.9930739181385176,0.7686641197205395,1.0,1.0,0.8522622345337028,0.9730946250076034,0.9755368814192342,0.941074611662847,0.9695093348344122,0.6299883687266041,0.877926606958865,0.9216298811544992,1.0,0.9030586747442606,0.9115864527629232,0.9712843926468822,0.9780139639919614,1.0,0.9345040341718084,0.9769777660987752,1.0,0.7956709956709956,0.8381013061484549,0.9090569561157796,0.9276299206761064,0.9408833956117656,1.0,0.9783158383904652,1.0,0.9586309523809524,0.9869627064135074,0.7127955944282475,1.0,0.8425226874094409,1.0,0.7565565565565566,0.8928756253234431,0.8576998050682261,0.8272972972972973,0.9054131054131054,0.8268653516295026,0.9722436722436724,0.8032,0.930438596491228,0.8565491726427286,0.9730227207362668,0.9657285327924272,0.9548209366391184,0.7125506072874493,1.0,1.0,1.0,0.9067026540710752
align-dinov2+1b-llama-things+hyp-abl10-shuffled-218,0.7332494210463534,0.2849838333709301,0.8087256027554535,0.8526315789473684,0.367891156462585,0.743612596553773,0.6222222222222222,0.2591836734693877,0.6428571428571428,0.2999871332990221,0.5922279986206926,0.5618163054695562,0.92816091954023,0.4745570195365743,0.5211822660098523,0.4556791371755982,0.8127051780153042,0.8499999999999999,0.5961538461538461,0.6582812382315283,0.8595238095238096,0.5590062111801243,0.5200613340148224,0.45,0.3137792397660818,0.724991854024112,0.72776346460557,0.3962713717929076,0.4067488643737832,0.4269972451790633,0.6130559540889526,0.3220575901593513,0.6336996336996337,0.3330462085637278,0.7756410256410255,0.5739739739739739,0.7884373690825304,0.6819672131147541,0.5139541309754077,0.7336976320582879,0.6530825496342737,0.4807692307692308,0.4967588932806324,0.5105820105820106,0.5026223776223776,0.7039337474120083,0.4320932491500728,0.6447294202105839,0.3786885245901639,0.6301181742618626,0.5437738731856379,0.7429498884155,0.6051522248243559
align-dinov2+1b-llama-things+hyp-abl10-shuffled-42,0.6649153404549087,0.3195592286501378,0.7485714285714286,0.8526315789473684,0.4406942264085121,0.7542087542087542,0.6375227686703097,0.2949039264828738,0.6428571428571428,0.2999871332990221,0.4030888507386047,0.6066396761133603,0.7675438596491228,0.5956798483206934,0.5072681704260652,0.4910523697176882,0.7679828190261667,0.6205128205128205,0.6365384615384616,0.6582812382315283,0.8474984930681133,0.5714285714285714,0.549585435661385,0.4984432913269088,0.3232478393768716,0.4903225806451612,0.5339435545385203,0.403869172302352,0.3607843137254902,0.2262626262626262,0.6832535885167464,0.3333231343511918,0.6949513900733412,0.322875816993464,0.7756410256410255,0.6348348348348349,0.7200460829493088,0.6967741935483871,0.5139541309754077,0.7336976320582879,0.6530825496342737,0.4605263157894737,0.6721052631578948,0.3094252873563218,0.4112554112554113,0.7210884353741497,0.5015186615186615,0.4821711663133709,0.4449275362318839,0.5476190476190477,0.5504132231404959,0.7652329749103942,0.6266666666666667
align-dinov2+1b-llama-things+hyp-abl10-shuffled-7,0.7732620078894004,0.2777997364953886,0.7887445887445887,0.8526315789473684,0.3585217870932157,0.6923351158645277,0.8007797270955165,0.2216117216117216,0.6428571428571428,0.2573529411764706,0.5238837185214243,0.6511470985155196,0.9003759398496239,0.5044977029139298,0.5211822660098523,0.5218161683277963,0.6821225406717635,0.8194217130387342,0.6216450216450217,0.6582812382315283,0.8474984930681133,0.5835010060362174,0.5044706995926509,0.4394366197183099,0.2680311890838207,0.65623981753014,0.5432937181663837,0.4610141878687556,0.3710144927536232,0.3158102766798419,0.5579999999999999,0.3129251700680271,0.7409145034532032,0.3712418300653595,0.7756410256410255,0.6787859287859288,0.7884373690825304,0.6967741935483871,0.5139541309754077,0.6718894009216589,0.7184121920964026,0.4807692307692308,0.6068997668997669,0.3400673400673401,0.3766233766233766,0.634920634920635,0.5547540983606557,0.5605850460219391,0.3666666666666666,0.5503821585496437,0.4581818181818182,0.7200460829493088,0.5369565217391304
align-dinov2+1b-llama-things+hyp-abl10cat-218,0.8797069313168879,0.912536443148688,1.0,0.9714285714285714,0.1468232128661407,0.9827084565345948,0.231078431372549,0.8025231286795627,0.9655957514818782,0.9318237156074994,0.547443918521589,0.7396067022418594,0.9201147650661314,0.9094582185491276,1.0,0.943906376109766,0.9375397625076342,0.9770175694393816,1.0,0.7026400953840912,0.9904761904761904,0.3064414562787002,0.8239433073615164,0.9204987914521788,0.8620037807183365,0.9322797775826748,1.0,0.4767132505986009,1.0,0.872108843537415,0.961782683520266,0.8161733585395445,1.0,0.9066143619919363,0.811025850889454,0.5409698996655519,0.9827394827394828,0.7301682544893966,0.981132075471698,0.8310185185185184,0.8209558823529413,0.7692307692307693,0.5174077259638757,0.3612922020660116,0.8924691358024691,0.8691928760894279,0.9241847666998418,0.9222410865874364,1.0,1.0,0.9787234042553192,1.0,0.8400215716800472
align-dinov2+1b-llama-things+hyp-abl10cat-42,0.9610624722186274,0.8742149491375498,1.0,0.9906542056074764,0.1468232128661407,0.9649122807017544,0.2029773462783171,0.8452049921441912,0.9197234201243824,0.9075400908088394,0.133262920983707,0.6202160901975766,0.9201147650661314,0.921343362519833,1.0,0.9221674876847292,0.9155267808909096,0.9885087859242884,1.0,0.2269423558897243,1.0,0.3473123174386404,0.8455269426660597,0.9434610649231612,0.8723490772599313,0.9111736560652972,0.967032967032967,0.5862849450867683,0.9856286441652294,0.8498349834983498,0.9340235128969996,0.7374587679544833,1.0,0.9066143619919363,0.8283227795422917,0.4000411657162229,0.961064425770308,0.6720838654137248,0.9906542056074764,0.8041456582633053,0.7779700115340255,0.7627302275189599,0.221939636156022,0.4096249932568477,0.7738273921200751,0.8949985984863652,0.9059603990479568,0.8899123787121435,0.9445072190834902,1.0,0.9894736842105264,1.0,0.7725744843391902
align-dinov2+1b-llama-things+hyp-abl10cat-7,0.855472900828735,0.8996563573883162,1.0,0.9906542056074764,0.1468232128661407,0.9493849566444847,0.2029773462783171,0.8592772655856283,0.964590572930589,0.9339572077205996,0.1065460586331729,0.7597430554900833,0.9201147650661314,0.8951244833597776,1.0,0.8911796168433336,0.952921624490252,0.9884996598748156,0.9908256880733946,0.4933763299124376,1.0,0.3064414562787002,0.8345874057214263,0.9434610649231612,0.8224619753458254,0.888967070081621,1.0,0.5911093580211227,0.9856286441652294,0.91901776384535,0.9749180159868824,0.726476788379572,1.0,0.8916915588007522,0.7454455759540506,0.5718790670889721,0.9509572901325478,0.6996891996891997,0.9906542056074764,0.5898067449791587,0.7700775641952113,0.7692307692307693,0.354540133037694,0.1817160826594788,0.9087055108388538,0.7710875331564987,0.9059603990479568,0.8704018109790607,0.8983050847457628,0.9892473118279568,0.9787234042553192,1.0,0.7830800219739974
align-dinov2+1b-llama-things+hyp-abl10cat-local-shuffled-218,0.9623941901303648,0.871301247771836,0.9892473118279568,0.9904761904761904,0.1755362256199686,0.967741935483871,0.1999753800701668,0.8755792400370713,0.9393939393939394,0.9051215133174152,0.6009230351567802,0.2688289906871622,0.9675070028011205,0.9288006111535524,1.0,0.9171708441371365,0.8843763845813026,0.9255189089328408,1.0,0.8610496830311072,0.9830508474576272,0.4431726168568273,0.9147775628626692,0.8181404347331284,0.8144939192318004,0.858568950299784,0.9885057471264368,0.7901972231273043,0.8957387495021903,0.889424675756568,0.8061538461538461,0.6220787657604647,1.0,0.9016393442622952,0.8351409575455929,0.5764632261612416,0.8654654654654655,0.881554700601756,1.0,0.8307812399751919,0.8134680134680135,0.8726166328600404,0.532386445277233,0.5142946838188603,0.8371834062074096,0.9400779678068408,0.8674800776250051,0.9335237031059244,0.9086691086691088,1.0,1.0,0.9928057553956836,0.8148111723052714
align-dinov2+1b-llama-things+hyp-abl10cat-local-shuffled-42,0.9873354077796608,0.850909090909091,1.0,0.9183673469387756,0.2131063213894539,0.9373069326986376,0.1999753800701668,0.8963763509218055,0.9551085004717412,0.8926875593542262,0.6910834968388926,0.5838959739934984,0.9256299256299256,0.9434338579839,0.9914529914529916,0.9023164335664334,0.9613169966199904,0.8794875564422976,1.0,0.2795153238337686,0.9830508474576272,0.344074844074844,0.9145848410286102,0.9466575871070252,0.7956565656565657,0.955790601151426,0.9767441860465116,0.5902939246647189,0.9511610954909924,0.9226475279106858,0.9613053613053612,0.7021086426923512,0.98989898989899,0.8840954846131722,0.8625475342443534,0.3874303405572755,0.9272727272727274,0.8181931270408956,0.9747899159663864,0.8243896610913941,0.7963276836158193,0.8726166328600404,0.1899285130180168,0.3096142293650686,0.8203574654794168,0.9483722004156084,0.8340214216163583,0.9326974032856388,0.9009230769230768,1.0,0.9791666666666666,1.0,0.8864521418323428
align-dinov2+1b-llama-things+hyp-abl10cat-local-shuffled-7,0.9623941901303648,0.8580705009276438,1.0,0.9607843137254902,0.1755362256199686,0.9535528211949894,0.2137821362311158,0.9029021688250896,0.8235930735930735,0.9027630805408584,0.6669266042875439,0.5838959739934984,0.8869047619047619,0.9431972789115646,1.0,0.9643255295429208,0.9047003201921152,0.981222067955599,1.0,0.6664686468646864,0.9743589743589745,0.4245436507936507,0.9574660807893928,0.9787234042553192,0.7828282828282828,0.8724608724608724,1.0,0.4804977023517268,0.982416760194538,0.8357142857142857,0.9151364764267992,0.7932105453232212,1.0,0.9016393442622952,0.8051221494767684,0.5874523264683449,0.8357142857142857,0.6680653121587576,1.0,0.9074054886683106,0.8790020790020789,0.885713529676378,0.5892111429315283,0.4637760062220493,0.8705215653851455,0.9351390393643914,0.8041202475685234,0.9331323409333584,0.8930521091811415,1.0,0.9896907216494844,1.0,0.826081300813008
align-dinov2+1b-llama-things+hyp-abl10cat-shuffled-218,0.6112323662496673,0.8241590214067279,0.9375,1.0,0.2190842961061189,0.8166666666666667,0.2457912457912458,0.2458282458282458,0.7076127651987877,0.6352294764059471,0.0536307785999321,0.1818483464557793,0.9220905923344946,0.7272320633349827,0.991304347826087,0.8888888888888888,0.7516202393528442,0.3358095238095238,0.9473684210526316,0.1072179574877758,0.9649122807017544,0.3113513513513514,0.5008620576196681,0.3267803190045118,0.6162607581029115,0.6781154877106901,0.9848484848484848,0.0206472692085917,0.8888888888888888,0.5733486943164363,0.7725777511961722,0.4833333333333333,0.912280701754386,0.859882005899705,0.2442705809042442,0.1784818481848185,0.8581818181818182,0.2593879239040529,0.9210526315789472,0.3927572706935123,0.6454545454545455,0.7031439986103873,0.1481930888947507,0.1319278547539417,0.2254689754689754,0.824133105271342,0.7448591012947449,0.5643651942507055,0.7756132756132758,0.959349593495935,0.9038461538461536,0.972972972972973,0.4814814814814814
align-dinov2+1b-llama-things+hyp-abl10cat-shuffled-42,0.6966603882932483,0.8052959501557632,0.9696969696969696,0.9894736842105264,0.2190842961061189,0.8080213903743315,0.1666666666666666,0.1954887218045112,0.7076127651987877,0.6224852071005917,0.0584046911544748,0.1818483464557793,0.8048780487804879,0.6089594514013119,0.9642857142857144,0.8427350427350428,0.7851493842480716,0.3302611367127496,0.923076923076923,0.1072179574877758,1.0,0.3113513513513514,0.4612390919697093,0.3507571611019887,0.5469181980809887,0.6510914454277286,0.9365079365079364,0.0158518410438661,0.8888888888888888,0.5236624307592049,0.775625,0.4997776130467012,0.912280701754386,0.8684210526315789,0.2442705809042442,0.1784818481848185,0.8581818181818182,0.2593879239040529,0.935064935064935,0.3927572706935123,0.4949494949494949,0.6940350877192983,0.2167123480216459,0.1319278547539417,0.2254689754689754,0.8059559638840488,0.7685271957116617,0.4658453617725476,0.7653061224489796,0.9421487603305784,0.8823529411764706,0.9541284403669724,0.5527143835489662
align-dinov2+1b-llama-things+hyp-abl10cat-shuffled-7,0.6152796351988727,0.859882005899705,0.9484536082474226,0.9894736842105264,0.2190842961061189,0.7861111111111112,0.1666666666666666,0.2133667502088554,0.7076127651987877,0.5797268152408339,0.0536307785999321,0.1818483464557793,0.8438390877415268,0.6511627906976745,0.991304347826087,0.8961881589618815,0.7225914401578027,0.3466441694788151,0.9393939393939394,0.1072179574877758,0.9649122807017544,0.3113513513513514,0.4688890433815351,0.3267803190045118,0.5231721599464615,0.691075514874142,0.953125,0.0158518410438661,0.8961881589618815,0.4982433727243692,0.8332236842105263,0.4888888888888889,0.9491525423728814,0.8768115942028986,0.2442705809042442,0.1784818481848185,0.8581818181818182,0.2593879239040529,0.9066666666666666,0.3927572706935123,0.6178821178821179,0.7688109161793372,0.1481930888947507,0.1319278547539417,0.2424242424242424,0.850181598062954,0.7767857142857143,0.5060919994010101,0.8148404993065188,0.9243697478991596,0.8247422680412371,0.9444444444444444,0.5173490480921871
align-dinov2+1b-llama-things+hyp-abl20cat-218,0.9027527439287876,0.747630657138854,1.0,1.0,0.2414420225443847,0.9801324503311258,0.9196227628335656,0.9558984212109854,0.86592394533571,0.5015020803096275,0.9083624540219154,0.914260477582846,1.0,0.8992311171415649,0.7546819198048836,0.782164566345441,0.884470812486966,0.9555384877965524,1.0,0.9807692307692308,0.8757801664355062,0.8092772915896299,0.5606758153227459,0.9358627965621944,0.9065438196254704,0.5955989579164882,0.9936290205502192,0.9195574288724974,0.9704142011834318,0.7958844406024903,0.0573470490482938,0.4315323041738136,0.9170970378974403,0.4647578933293219,0.9435048155978388,0.742535351709488,0.9388861459464796,0.9863013698630138,0.9418791303979116,0.8133522636971424,0.8551230589476858,0.8715759561559134,0.4434325848548428,0.7756571492969068,0.5600928159589501,0.8768044077134987,0.5678918710941143,0.4785297118151328,0.6547212233008503,1.0,0.7988391746714315,0.9930518500552457,0.8088042588042589
align-dinov2+1b-llama-things+hyp-abl20cat-42,0.9625830804109048,0.7612722432394563,0.9925925925925926,1.0,0.229648782589959,0.9733333333333334,0.9291099883404584,0.9645137183730116,0.6741805727030149,0.4623714032874007,0.8957193852403925,0.92363319505783,1.0,0.9186764705882352,0.9133424563804312,0.6530786728370852,0.8446592543212951,0.8074921956295525,0.987012987012987,0.9952606635071092,0.8850642345787976,0.7924565439948921,0.4256665629214649,0.8775720164609054,0.8846999405822935,0.4736507758214534,0.9936316075400896,0.9271962256628348,0.9704142011834318,0.8315745527057389,0.0573470490482938,0.5042402561665082,0.6790931606020194,0.4241060284405558,0.9232500152040382,0.6060454467384035,0.9592574306309865,0.9931972789115646,0.9418791303979116,0.719586492967788,0.7950426248298589,0.812231093606182,0.3176884368486286,0.5747848210902398,0.4722464698331194,0.8994947932776575,0.1736945105650454,0.6497321383819963,0.5290399454473675,1.0,0.7857184593133348,0.9229700068166324,0.7968809145279733
align-dinov2+1b-llama-things+hyp-abl20cat-7,0.8750785897373893,0.814,0.9774436090225564,1.0,0.229648782589959,0.9733333333333334,0.8729673646481795,0.938915955836386,0.6741805727030149,0.3462419948533353,0.9092801903628792,0.8517100832890308,1.0,0.8927999999999999,0.6597402597402597,0.5662080643765253,0.8145849092516855,0.867441836807357,0.9935483870967742,0.9904761904761904,0.8850642345787976,0.8266335510014915,0.0964952910297977,0.8496732026143791,0.8589553468446203,0.2702412781703984,0.8146615768927146,0.9435931576514102,0.9704142011834318,0.8106701245774094,0.101497007041575,0.2961592670894996,0.4058936638235909,0.3986922202509322,0.9435048155978388,0.5072293885803083,0.9578947368421052,0.9931972789115646,0.9774662560014492,0.4640930113052415,0.6654027143149424,0.6330184628595964,0.2517653075273893,0.5818865990660286,0.4063310845874416,0.8448884448884448,0.1216116911034635,0.6371095784408103,0.5879713869018681,1.0,0.817015294052586,0.7986111111111112,0.793569431500466
align-dinov2+1b-llama-things+hyp-abl20cat-local-shuffled-218,0.9442537712948909,0.7669788235916564,0.8671328671328672,0.9941520467836256,0.2548456010875898,0.9896907216494844,0.8722129319955406,0.9547113922698824,0.6196322489391797,0.4695941091954023,0.7959352713031667,0.9568454363757496,0.9930069930069928,0.8373505780913189,0.8736969815010934,0.5256087389898085,0.7616460627132831,0.9639311043566364,1.0,1.0,0.9283167486192352,0.6070558137785028,0.3186956704770473,0.963158360626715,0.9003325942350333,0.4133670592972918,0.993289195317222,0.9056806680161944,0.981132075471698,0.72081811541271,0.2943022223056186,0.4820493066577301,0.9202685785915994,0.7720384718383058,0.9459270048919914,0.3992096840803528,0.9506172839506172,0.9873417721518988,0.9213980446109714,0.4844611175926299,0.7566998623593231,0.8780351882811879,0.2469182075628852,0.5519006265345424,0.7193804139294226,0.8385290782941147,0.3834628771819632,0.5063820535809426,0.4869329026574658,0.9473758365621696,0.8350748901783024,0.9871794871794872,0.8544788264020265
align-dinov2+1b-llama-things+hyp-abl20cat-local-shuffled-42,0.9844967653731088,0.7365365011621111,0.875,0.9882352941176472,0.2884314330602626,1.0,0.8250319284802043,0.945945945945946,0.6196322489391797,0.3814392740318665,0.8589844204162308,0.9895901042929904,0.9930069930069928,0.8946071182096026,0.8192363032650802,0.3517201641622759,0.8358262954205754,0.9278622087132724,1.0,0.9873417721518988,0.8423512233933262,0.6684456972829066,0.2030677488547208,0.8563418571064481,0.8840187590187589,0.3210800115313049,0.8780541299293766,0.9139493037696794,0.968152866242038,0.712662809437003,0.0480620985010706,0.3679637520019767,0.8967355175089156,0.4708152817566758,0.934910309194536,0.3641200379225215,0.9037200616147986,0.9808917197452228,0.9271606285464864,0.60465001724053,0.5953037418572943,0.7151268115942029,0.3222117202268431,0.5767895655746123,0.4799815753109166,0.9202595056253592,0.4261636904761905,0.2734736345598814,0.6411600279524808,0.9473758365621696,0.7915768428650358,0.9807861316335892,0.8909864186297307
align-dinov2+1b-llama-things+hyp-abl20cat-local-shuffled-7,0.9637092395643704,0.7495838287752675,0.968152866242038,0.9941520467836256,0.2662200956937799,0.994871794871795,0.9071969696969696,0.9725074356653304,0.7555259727653437,0.4649572649572649,0.8728920409771473,0.9793954583428268,0.9930069930069928,0.7459856035437431,0.9017716308236832,0.4818245778611632,0.768739218286958,0.9912312312312314,1.0,1.0,0.920376755529392,0.7540135319255251,0.3695044238647539,0.8987341772151899,0.9106951871657754,0.6448629494039239,0.9597351714130236,0.952995283018868,0.981132075471698,0.768115773702366,0.5200500523506729,0.671143112505472,0.9624274506868796,0.5556943612560964,0.9639513365946608,0.6998729266987694,0.9635685320356854,1.0,0.9887711492301388,0.5529399666247528,0.6986707700366684,0.84375,0.5747282608695652,0.7273226727876728,0.3678031914313449,0.9500563677683732,0.6739168774791738,0.5858527501018224,0.6988088693421294,0.9473758365621696,0.9062184607201044,0.993583550625597,0.8978409013081294
align-dinov2+1b-llama-things+hyp-abl20cat-shuffled-218,0.5542586663524735,0.4266676402660636,0.9078947368421052,0.9942196531791908,0.3276036644937528,0.9655172413793104,0.8467023172905526,0.6932015353067984,0.696594427244582,0.2023551895674657,0.4739210181175081,0.8711415259172977,0.9803921568627452,0.6112321552321552,0.5296976818715949,0.288999810450496,0.718777860103463,0.5769230769230769,0.9513513513513514,0.8904109589041096,0.880617035546613,0.5493200663349916,0.1112384471641891,0.9304672924981976,0.6848947142243232,0.1802409037009299,0.4457297088876036,0.4478222344033967,0.9720670391061452,0.3333333333333333,0.0697179468506153,0.3025988506732995,0.2903569841504962,0.2927200731038684,0.6569280078895463,0.262213313443968,0.8784724976132776,0.9555555555555556,0.8018710324089542,0.3686224489795918,0.5035267898171124,0.4908566538839413,0.2404907097766412,0.2254689754689754,0.3364072148196295,0.5828002842928216,0.1155395447846733,0.0523815306864017,0.2528373899360541,0.855359200922013,0.0891894214617758,0.3715323252768187,0.5063239280544897
align-dinov2+1b-llama-things+hyp-abl20cat-shuffled-42,0.5516019471825787,0.4248330976881805,0.9625,0.976470588235294,0.3162943871706759,0.9772727272727272,0.7892987703555998,0.65599173553719,0.696594427244582,0.2023551895674657,0.5037089503689703,0.7812985033647676,0.9668874172185432,0.6153442186229071,0.5112638061790604,0.2762314681970349,0.6814289947209898,0.5705617537678607,0.8850574712643678,0.8428571428571429,0.880617035546613,0.5493200663349916,0.0914686599574059,0.8598402323892519,0.6855495925263367,0.1802409037009299,0.4457297088876036,0.5034228502196422,0.9662921348314608,0.3217391304347826,0.0801708970157012,0.3025988506732995,0.2903569841504962,0.2927200731038684,0.6569280078895463,0.262213313443968,0.8270352596338976,0.9497206703910616,0.7654385054488843,0.3858816729718368,0.5074786324786325,0.4908566538839413,0.2404907097766412,0.2254689754689754,0.3605181448563625,0.6672932330827068,0.1155395447846733,0.0571316290912213,0.2528373899360541,0.8502225713537575,0.1539694821578757,0.4011005371568751,0.4952743660431101
align-dinov2+1b-llama-things+hyp-abl20cat-shuffled-7,0.4559176910782015,0.4155130740496594,0.4645161290322581,0.4971098265895953,0.337427122503191,0.4886363636363636,0.4069767441860465,0.3993650793650793,0.4411764705882353,0.2714932126696832,0.5490382784231576,0.6268472906403941,0.4935064935064935,0.595508658008658,0.4241600790513834,0.3323087431693989,0.6703263384664486,0.4135338345864661,0.4611111111111111,0.4705882352941176,0.5697823303457106,0.4044444444444444,0.1922077922077922,0.6055194805194806,0.4829545454545454,0.2585034013605442,0.4165605744258288,0.5220103578154426,0.4917127071823204,0.3304721030042918,0.1546222646445363,0.3206106870229007,0.3152866242038216,0.3163265306122449,0.5735138565686482,0.3024193548387097,0.463855421686747,0.4659090909090909,0.4496644295302013,0.3469387755102041,0.3937823834196891,0.3876651982378855,0.2918149466192171,0.2840909090909091,0.4775649435843611,0.6607456140350877,0.2131979695431472,0.1437531403226085,0.3124979075295456,0.4647887323943662,0.1845251811455052,0.3480176211453744,0.6488192451997352
align-dinov2+1b-llama-things+hyp-abl30-218,0.9742607407464132,0.8167355859663553,0.9919274997285392,1.0,0.9423076923076924,0.941553544494721,0.943247009638834,0.914233225439594,0.9152026060899948,0.7675847457627119,0.9476088991623756,0.9421899768320936,0.9903640159590708,0.9163128662601197,0.705341368089802,0.8767268608347791,0.9242204737908244,1.0,1.0,0.9919528269164064,0.9275889030464498,0.8301657751982094,0.8302526063833192,0.95990522129136,0.9856115107913668,0.8271133808481583,0.9912489986793392,0.9491958869957262,0.9595689757492608,0.8301817757436781,0.9886782669383528,0.8674915766236785,0.9323223492961864,0.8680112589352612,0.9113212087874308,0.9040767944074312,0.97975051975052,0.8379304504175841,0.9546532363191872,0.7820232687405362,0.8209251538614254,0.9020537174986896,0.774367089106849,0.9301027543078824,0.8521032426692805,0.8943959041213047,0.7663520450405696,0.9179271528705556,0.865763859500635,0.9579475480542164,0.9258542965541277,0.926471419154346,0.8936858447289673
align-dinov2+1b-llama-things+hyp-abl30-42,0.9620120769276618,0.8259762105010212,0.983836832223929,1.0,0.9616249567523932,0.9320571361667253,0.9233786776336604,0.8996933142506645,0.8522896665311526,0.7538655961938745,0.9523474461554956,0.9712682304931086,0.9808641596001804,0.906576776152456,0.6461638719703237,0.9146570575010008,0.9277322747525492,0.9701447381991954,0.9858227464696168,0.975951263357635,0.935407038748667,0.8207905536316343,0.8248912326961106,0.9500534634540232,0.9424460431654677,0.8351254828757355,0.982536590411502,0.8962312619453813,0.9676016260162604,0.7828330952129463,0.9775140650000862,0.8448512272041685,0.9811514998430888,0.9135724609118382,0.910343084602262,0.90095716329101,0.96,0.8408687943262412,0.9174280663642363,0.7121565303383486,0.8209251538614254,0.8592170080373347,0.7555816966956526,0.949269592629304,0.7772388254315965,0.8976521976521976,0.7909587680079484,0.9417750797677512,0.8223573117190138,0.966372303585086,0.9372613278534928,0.926471419154346,0.8550424297564291
align-dinov2+1b-llama-things+hyp-abl30-7,0.9763380896452668,0.8167355859663553,0.9919423779795808,1.0,0.9423076923076924,0.9315505610869032,0.9720881072168436,0.8927422942021482,0.939101566552547,0.7854628422425033,0.9428724709723816,0.9568345323741008,0.9808641596001804,0.926158411405988,0.6334953455803608,0.8667575044386638,0.9204706298655344,1.0,0.9787148150255688,0.9919528269164064,0.9546495886702072,0.7936858992021651,0.8032971238482145,0.9295753357724764,0.9638782939858892,0.8271133808481583,0.9824561403508772,0.9411990413358188,0.9676016260162604,0.850160390362069,0.966489413474084,0.7879684418145957,0.9619470404984424,0.8781965506987809,0.9009419544860928,0.9123921656002172,1.0,0.8012465076294863,0.9636282244977896,0.7695526522856904,0.8460648148148149,0.9009240096773252,0.8031372452069865,0.9429580327898808,0.8535132323531258,0.9484573166260608,0.7909587680079484,0.9339301600171166,0.865763859500635,0.9831932773109244,0.942932587760174,0.9358655699992268,0.8489659408914068
align-dinov2+1b-llama-things+hyp-abl30-local-shuffled-218,0.9844999117675798,0.8055701947174744,0.9848695286195288,0.9864590705355036,0.9723176789642856,0.9733153824910245,0.9205026580275136,0.9428571428571428,0.9180563026716873,0.6810793498278486,0.8379633735731297,0.9082567818173976,0.9872890642121412,0.9159619047619048,0.5097287072922315,0.8617760617760618,0.9232960771422308,0.9805825242718448,0.97705896802269,0.9847764250768004,0.943917943917944,0.7467907130828478,0.7666992293498317,0.9088803088803088,0.9291691479741504,0.9239627517973564,0.9828405587744228,0.9448999926948646,0.8736021536924125,0.8364067439409906,0.9769695295590718,0.7997685185185185,0.9742460058314402,0.8965815414769124,0.9017470300489168,0.9359979542504788,0.856238198983297,0.8803286034353995,0.9095406615629064,0.7788556271314891,0.8014794267221452,0.8594377612105301,0.687363834422658,0.9436113067981684,0.9315208600922888,0.9156994083997456,0.9192717681783732,0.91303147533152,0.8840567064866484,0.9598711755233494,0.8934105701640197,0.9590738319848308,0.8296643350698297
align-dinov2+1b-llama-things+hyp-abl30-local-shuffled-42,0.99772744966445,0.7733887156262806,1.0,0.9864590705355036,0.9445080202494328,0.9733153824910245,0.9389645271834768,0.942892135421223,0.892139733519044,0.6794685083702425,0.860102284408424,0.892751156576893,0.9872890642121412,0.9212194420477424,0.6056735457156215,0.8704650596542488,0.933729316978048,1.0,0.9693868042862775,0.9924067834999007,0.9413851351351352,0.8166364421807092,0.8662200460761612,0.9095712253606988,0.952814579250619,0.8850154820304075,1.0,0.9683268931823228,0.923413917270872,0.8901137980085349,0.9731926274073622,0.788933511825078,0.9913411001419236,0.8096607869742198,0.9618041734115296,0.880054707089127,0.9399538747950762,0.8730081762203569,0.9368445339374109,0.7418245614035087,0.8717356040782873,0.8357698953540296,0.6548916319417145,0.9119225329981144,0.8595061188811188,0.9443247402847248,0.9070263283014384,0.9043111500522284,0.8720280382684474,0.975962984384037,0.9347684011759004,0.9590738319848308,0.8846225737493845
align-dinov2+1b-llama-things+hyp-abl30-local-shuffled-7,0.9802301612112618,0.793930826500801,1.0,1.0,0.9160900482664605,0.9731065918653576,0.88353480386048,0.9286151692765288,0.7598611914401389,0.6854984656542609,0.8700949783792509,0.9159713210005084,0.9872890642121412,0.8987107112042402,0.5409938503837585,0.8094618682853977,0.933729316978048,0.9803652334720296,1.0,0.9847764250768004,0.936837736026377,0.7187330187330188,0.8667881707529285,0.9461086858347132,0.9527970384298976,0.908272921108742,1.0,0.918241134751773,0.9430662954943808,0.8804697986577181,0.9808518767195444,0.8708239851900892,0.9914153352771466,0.8793451317230645,0.94104821802935,0.9349018806746436,0.9082223737573124,0.8467297806082479,0.9090136054421768,0.7751552795031055,0.9323615448363676,0.8610102418239666,0.7930555555555556,0.9499061179784072,0.9848484848484848,0.973266899680226,0.9377607928101428,0.9491726831646392,0.9009925013576124,0.975962984384037,0.9464073076567232,0.9919141811582688,0.7932020909629675
align-dinov2+1b-llama-things+hyp-abl30-shuffled-218,0.6146068871084137,0.3672320101717289,0.7261150451062178,0.92,0.62610513739546,0.7359609347750262,0.6158748337267268,0.3388431817267355,0.6394581654697261,0.442310818590807,0.4249051456749602,0.7239620283098545,0.8237037037037036,0.4136718815081388,0.4911832353692819,0.595719381688466,0.7669567147613762,0.4732052578361982,0.6271771771771771,0.5891104779993669,0.839168642767471,0.5952380952380952,0.2881562881562881,0.5132848802573573,0.3489583333333333,0.5512520266618628,0.5771739130434783,0.4069850251207258,0.4818415436152345,0.4828658183921341,0.6363688323564867,0.5735068072024594,0.6609429556797977,0.4109972041006524,0.686173108328797,0.5191663403385111,0.5808080808080808,0.5593305776792016,0.4989216925708336,0.3960573476702509,0.5068565400843882,0.5490549957387076,0.443335370613544,0.3969696969696969,0.4581679894179894,0.6865148553986693,0.4583689649789118,0.5751605905520103,0.579037288674335,0.599130233015989,0.5192877388138468,0.4823681276770521,0.5844979947689626
align-dinov2+1b-llama-things+hyp-abl30-shuffled-42,0.5831780769215754,0.3480392156862745,0.5547852464827611,0.940408163265306,0.5515007664540374,0.6729255874608402,0.610365362948656,0.3367480956133438,0.6394581654697261,0.3995106446228075,0.4576927280473035,0.549463538825241,0.7650375939849624,0.3618535758273749,0.4155844155844156,0.595719381688466,0.711991281900284,0.4732052578361982,0.5958091979642972,0.456315289648623,0.839168642767471,0.5908750934928946,0.3928870126249552,0.4978868157921863,0.4561322325846974,0.5357675111773473,0.6302367288378766,0.3847773704756209,0.4724902779778194,0.4291744840525328,0.5580281850460012,0.5950649704567131,0.6785021319487271,0.4109972041006524,0.6605162331115143,0.5714285714285714,0.5857390472775088,0.5593305776792016,0.5045555696696824,0.3960573476702509,0.5247507122507122,0.5490549957387076,0.3907487574154241,0.3529606286959228,0.4089121887287025,0.6919631569441935,0.4131434947419906,0.450736197238283,0.5060874022811739,0.3599717114568599,0.5104057857445524,0.4869076151215926,0.4138045540796964
align-dinov2+1b-llama-things+hyp-abl30-shuffled-7,0.5651958409119618,0.3480392156862745,0.5934995728755644,0.940408163265306,0.603798277228229,0.6511653841864615,0.639155146834198,0.3600646792136154,0.6394581654697261,0.395028063588846,0.5148140351353737,0.4848679945454139,0.7316066066066065,0.3879396190955337,0.4155844155844156,0.5942723553477499,0.7435442848950168,0.4732052578361982,0.5724876662376662,0.5653092006033182,0.8639119284955525,0.5952380952380952,0.4313629101634509,0.4978868157921863,0.3797999143509707,0.4389244302279088,0.5612822538177988,0.2801932698399893,0.4724902779778194,0.4199905033238366,0.4733443713110453,0.6007575757575758,0.6843262001156737,0.4109972041006524,0.6543529411764706,0.6058780576852866,0.6305512142869686,0.5583852604192346,0.4834728279534986,0.4010381905821282,0.5018577494692145,0.5401186071265649,0.3654513888888889,0.4425594850721754,0.4089121887287025,0.6445728733971465,0.4168092449190049,0.3321362301090491,0.510152505446623,0.4532544976753588,0.5305506300497356,0.454589512455171,0.4924804037473796
align-dinov2+1b-llama-things+hyp-abl30cat-218,0.9140946010511228,0.3349514109680084,0.9664436677325796,0.8492456399739273,0.5899426712691617,0.920087631583272,0.969619021134594,0.3272189028040558,0.9536505234589356,0.4258601571047282,0.6449620739664051,0.9386973180076628,0.9561202846476812,0.8107597063846415,0.5062453775988167,0.8184478092312194,0.8026108249011255,0.9368927368927368,0.9447711680416848,0.958727712965001,0.871477258747211,0.8164323281643233,0.7819563665577715,0.931186932604367,0.6698231009365245,0.459676892766676,0.9945405494864252,0.9088979489084372,0.9446445244764572,0.8093701344656759,0.9658021010859048,0.8057150696206873,0.99009900990099,0.5209268514311677,0.7897007446820435,0.8001697994466676,0.9605987525987526,0.6112600625153468,0.8853503184713376,0.6460142679900744,0.7489709259499979,0.4804791252997757,0.4600943981914702,0.7423382068746243,0.6828259172521468,0.9302929878737666,0.3579790368497765,0.6337906042818443,0.9180821688561626,0.8972936180844375,0.9562043795620438,0.9950248756218908,0.856965392749474
align-dinov2+1b-llama-things+hyp-abl30cat-42,0.8792353181835086,0.4435898246088551,0.945465978599232,0.8552800734618916,0.3409019879608115,0.9014424590240504,0.9629734591783928,0.292772363774009,0.8986933019976499,0.4258601571047282,0.4407240228240672,0.8811458445652756,0.9299817250152292,0.8460445998170124,0.5062453775988167,0.5514128728414442,0.3700935121186151,0.871315898713159,0.9192517832956936,0.9529723312939457,0.7322704202175859,0.6958495534042287,0.6321663113979171,0.9235531267721812,0.3111760569570185,0.3963433397820311,0.9616279633776856,0.9521607621023298,0.672643196789251,0.694076983503535,0.9099558306426114,0.8329717813051147,0.9950738916256158,0.5626035892651337,0.5133759253625393,0.8165367965367967,0.9448382536382536,0.5799680054604014,0.817309563996107,0.5595141700404859,0.5763417733081989,0.4688644688644688,0.5277682588408527,0.3553932640666566,0.5254296958547231,0.8347107438016529,0.1891188647104732,0.5193557294165365,0.9054054054054054,0.9261657377115392,0.9416058394160584,0.9950248756218908,0.8617475745555924
align-dinov2+1b-llama-things+hyp-abl30cat-7,0.7556535589192577,0.4998972220114787,0.9370582758616084,0.7904855001629194,0.654647765507494,0.8968750698719172,0.9645428192258362,0.2748829215622385,0.8406055994795285,0.3570581033024026,0.5041058391720219,0.9042908520517386,0.9507321274763136,0.9001778937381404,0.5062453775988167,0.7444098807406174,0.1548576214788669,0.83994383994384,0.8766717256424572,0.9658899020601148,0.8310012072957988,0.7745621010620446,0.5904836062708343,0.9153794071234732,0.4178442259168277,0.3154072389893285,0.9835903987396264,0.9334580204449404,0.7919554015636107,0.7256132024592816,0.9775691159341052,0.7548884557071691,1.0,0.6600188188409808,0.5668224490632559,0.7612492770387508,0.9442947118241236,0.4857909470609536,0.9301103930416658,0.7233291154309095,0.43963554670496,0.4804791252997757,0.5424992143530555,0.3746028941399616,0.5620320477463335,0.9008264462809916,0.164338768296366,0.6287851715841669,0.8443021184956668,0.950733736698649,0.928728182270475,0.9950248756218908,0.8525442749717395
align-dinov2+1b-llama-things+hyp-abl30cat-local-shuffled-218,0.9183669983512974,0.5046382189239332,0.991275495589952,0.8135062611806798,0.8213384139080734,0.9626975274214538,0.9469312977099236,0.4935824251859539,0.9125490580847724,0.3643551808689423,0.7981414743112435,0.9455978467100812,0.92580236284498,0.7776658615550645,0.4983231153739346,0.5425770308123249,0.6887428912698945,0.8784676850763807,0.9538264857452986,0.9839157217829512,0.7534009465855308,0.6737927603808676,0.7594325600664728,0.9261767365872158,0.3549884150101384,0.6062124011382811,1.0,0.938131874841895,0.8598409604257556,0.5830297517598544,0.9429015513651426,0.7822800271271175,0.9745762711864406,0.6004140786749482,0.6159457337224407,0.783068783068783,0.9643466637078836,0.5513352282696424,0.8300535846267554,0.654829093652684,0.7154338124756351,0.4325947600438909,0.783074509429154,0.8624892099193797,0.6615692128994558,0.9045785416093656,0.3345192499768369,0.6936139895801626,0.8591549295774648,0.982045682045682,0.9489317352787908,0.9879518072289156,0.8861697722567288
align-dinov2+1b-llama-things+hyp-abl30cat-local-shuffled-42,0.8486869800244168,0.3338783623720719,0.9129639946490704,0.8908200734394124,0.909483723903297,0.8965884821855876,0.9407211936412708,0.614147092500469,0.9076923076923076,0.3845558490033115,0.786626918557304,0.91835324365227,0.9129148079643128,0.8974866633668812,0.4983231153739346,0.444045018205892,0.5547567650902517,0.965031043869218,0.9202230411013174,0.9839157217829512,0.5861331679073615,0.6419676638326595,0.6226187050359712,0.9072847682119204,0.7178089401726516,0.5686084778739082,0.6692876342237103,0.9533926748495234,0.823406204734711,0.7175536881419234,0.9872170969668812,0.8244193767154173,0.96137339055794,0.6044597161208008,0.9413892947129944,0.7530311723082808,0.87227555053642,0.7025980544468081,0.8619256822559352,0.7606419022485238,0.5393814845106923,0.45715594863603,0.630017118030742,0.4734389183747163,0.5431900102138315,0.91831380109918,0.3674746021668224,0.4150055586545724,0.8808437479336111,0.8163393616018781,0.9558652729384436,1.0,0.9141033501548524
align-dinov2+1b-llama-things+hyp-abl30cat-local-shuffled-7,0.8291197673150735,0.3488753259924659,0.995635554746276,0.9221141649048624,0.8161613876319759,0.9754601226993864,0.9469312977099236,0.2719729619380302,0.9088881706528764,0.4136572520159452,0.689145960422556,0.9339050067661232,0.932311227943144,0.6166473258461853,0.4983231153739346,0.505035870382405,0.6117659318106634,0.9796007120615574,0.8476140456182473,0.9839157217829512,0.8016,0.5963807688189314,0.7779488297473909,0.9064750753399938,0.5289831954945771,0.4882526542769951,0.9590357561665588,0.96553262742994,0.9384177422371864,0.7175536881419234,0.9872170969668812,0.8611656385114391,0.995850622406639,0.5908327155917965,0.7179708144531833,0.783068783068783,0.8928638783711247,0.5156163746767773,0.9271588112044592,0.7136828045825071,0.7286694491046753,0.585141016204397,0.3831800466662852,0.8125107005133528,0.6670939891187339,0.9379901096702272,0.7008351792511183,0.3480062191293412,0.8577357390530547,0.932973715303768,0.9205574912891986,1.0,0.8647904750916172
align-dinov2+1b-llama-things+hyp-abl30cat-shuffled-218,0.6344484351516779,0.3065914130215682,0.3972987235431767,0.7151511569490824,0.4213595771824311,0.5927315608919382,0.7731981064847806,0.2590458570107044,0.73302822273074,0.2843488649940263,0.1040858557295975,0.3476326495452072,0.8765217391304347,0.5004246206107152,0.4927601809954751,0.3803951836986723,0.0116759716027136,0.707016441165768,0.3857679017441369,0.6989426768090197,0.607632780581591,0.5846611721611721,0.4549579141097249,0.6064419302701455,0.2744772327535665,0.2784262226825057,0.5140394773422297,0.5824571372200849,0.4807207207207207,0.2836018617973505,0.6138717198319847,0.6953831966032008,0.7924528301886793,0.4245614035087719,0.464500537056928,0.6564175940646529,0.7175377784701666,0.45,0.5369929083422298,0.4807692307692308,0.4298245614035088,0.4327916629868409,0.3163440044967908,0.3002943773918163,0.3981106191931159,0.690414429631417,0.1718123547588038,0.1111657946682475,0.6467061529823036,0.4057791086962655,0.6059766176174158,0.9252336448598132,0.5717466099979761
align-dinov2+1b-llama-things+hyp-abl30cat-shuffled-42,0.633511596545898,0.3065914130215682,0.3921718092334206,0.7115304729689633,0.4213595771824311,0.6237639298771088,0.7638888888888888,0.2684654069860857,0.73302822273074,0.2866722215609253,0.1127782037087943,0.4009370816599732,0.9147643979057593,0.5925733199698643,0.4927601809954751,0.3803951836986723,0.0522371330057772,0.7004368629082589,0.3857679017441369,0.7217199523487556,0.641948234784492,0.5846611721611721,0.4733621832777837,0.6417024681462256,0.2744772327535665,0.2698679058560303,0.5140394773422297,0.5299385439833025,0.4832899344527251,0.2836018617973505,0.5755793770811761,0.7113668778400609,0.7692307692307693,0.4245614035087719,0.464500537056928,0.7084461587325513,0.7256976259891712,0.45,0.5672454702329595,0.4807692307692308,0.4298245614035088,0.4327916629868409,0.3163440044967908,0.3002943773918163,0.3981106191931159,0.7461568869810197,0.1780105030793372,0.0847010989749349,0.6495781495781496,0.3222130633961954,0.4966382899397253,0.944954128440367,0.5399692865700448
align-dinov2+1b-llama-things+hyp-abl30cat-shuffled-7,0.7121948893974066,0.3065914130215682,0.4845668923099248,0.7151511569490824,0.4193887340673398,0.6241776315789475,0.7211538461538461,0.2590458570107044,0.73302822273074,0.2866722215609253,0.1033776751688189,0.3597159588072962,0.8533333333333333,0.4857142857142857,0.4927601809954751,0.3803951836986723,0.0679736099329393,0.7179183914843289,0.3857679017441369,0.7499380704662818,0.6333457427831294,0.5846611721611721,0.5553613078931652,0.6664852752880922,0.2744772327535665,0.2681911336425412,0.5450137320445645,0.6096910203248592,0.4832899344527251,0.2836018617973505,0.6345600555709399,0.5939036629516948,0.8771929824561403,0.4245614035087719,0.464500537056928,0.6671324638452666,0.6985562549764885,0.45,0.5139890548107925,0.4807692307692308,0.4298245614035088,0.4327916629868409,0.3144010908328089,0.3002943773918163,0.4174383119536947,0.8096176652357648,0.1780105030793372,0.0802091554853985,0.592093685300207,0.2834615733134767,0.5752056492574252,0.9497716894977168,0.5769060916908673
align-dinov2+1b-llama-things+hyp-abl40cat-218,0.7168159282557247,0.8539189235811626,0.9836734693877552,0.9765625,0.3751553587252145,0.9204012330227648,0.4101111412306857,0.799784946236559,0.8142567110309046,0.3980665715863084,0.5689608417154846,0.8527274578593181,0.9856823838719062,0.7714814474706397,0.9215948217778996,0.8996716294421437,0.8892656376807302,0.9052525252525252,0.9631734119538996,0.9820286230118228,0.8254414414414414,0.5736984448951995,0.4979861712510481,0.8548141513658756,0.4061692057816491,0.4987133784484851,0.9690931434311496,0.3178150828121636,0.7118067930640403,0.8825303930382462,0.6367915823840448,0.5833993864058115,0.8052238911338716,0.5040625215175928,0.8875127172999513,0.5275659824046921,0.908532538968604,0.6340311097353352,0.858034425102846,0.6934428356908473,0.6840092107278499,0.5052378545966101,0.4546028259515458,0.8478483074044558,0.6868790181180597,0.7056798205734376,0.2796966191365386,0.8722178859010531,0.6102912655974824,0.8517445322113284,0.8294783929817952,0.8991966531492224,0.8778332962624137
align-dinov2+1b-llama-things+hyp-abl40cat-42,0.6476730212192418,0.8138824138824138,0.9510448914303123,0.9765625,0.3751553587252145,0.9145022349841628,0.6457525816330683,0.9022376738305942,0.809914582062233,0.4356837175953932,0.3576273420693917,0.8532424152948993,0.9622289587806828,0.8870152480437736,0.8347821686137237,0.90523050661775,0.889675890588812,0.9294438502673796,0.9631734119538996,0.9380534740011864,0.7859909341876555,0.5573022312373226,0.3409091860667412,0.9285714285714286,0.8607274807362294,0.606628312088435,0.9690401511081844,0.7051107023734863,0.9632811633986866,0.8577999494673506,0.706089499110094,0.4250539684408111,0.7489383019761385,0.6035908921239268,0.9148936170212766,0.596852949332895,0.8708825612777696,0.9049201987163732,0.8088696438280975,0.7638691344043114,0.569312318228727,0.5241248336145282,0.4871101596045367,0.4006372427028289,0.6544671699496349,0.6596540074989791,0.5171162294925068,0.880376783951785,0.6075728582862511,0.7552412829806341,0.919320339830085,0.9393394448192636,0.858636456004877
align-dinov2+1b-llama-things+hyp-abl40cat-7,0.6156336745917069,0.8101250226592949,0.9836832744575208,0.9477911646586346,0.6471347813240704,0.9149233296823658,0.4101111412306857,0.8710191953408214,0.9261357347688284,0.4623971797884841,0.351969623953264,0.7955698806748046,0.9715553723783952,0.7770175438596492,0.8605540675436602,0.9162303664921466,0.8958125722447813,0.9176844919786096,0.9631734119538996,0.958066787027586,0.8979700958737973,0.5949174233652263,0.2427438713901214,0.9465159106296548,0.5135394070666999,0.6037920459299017,0.9742229672619506,0.632593216109792,0.812939955367025,0.8711374255152117,0.8302440781967365,0.4710340063720611,0.879890926349398,0.5726274609390406,0.8338148732547617,0.7604559903873942,0.8821507107654731,0.7805266698929427,0.8402555855344808,0.7585883351407422,0.7686032272601792,0.5052378545966101,0.4949673655176676,0.8111273080660836,0.597587136350962,0.8962962962962964,0.4169474238352931,0.9087781496134942,0.5882261664526386,0.9387265155588176,0.9145041816009556,0.9165876947679708,0.8682796508883466
align-dinov2+1b-llama-things+hyp-abl40cat-local-shuffled-218,0.6296065730352304,0.8010144523726354,0.9226912243366712,0.9915966386554622,0.408711561547696,0.940007436422652,0.4431269213877909,0.8167372388203107,0.7263948116560058,0.6050588327525305,0.6465969809695282,0.8269591005499559,0.9199869857404104,0.7433698019862904,0.8743455497382199,0.8696015155490663,0.8680231165303848,0.8742946708463951,0.9653406666350576,0.992774081746018,0.8074955698861871,0.7255584616508124,0.3122388556655263,0.9022975116840796,0.3284889399387318,0.5766268438932697,0.9629338100657115,0.4829889243630547,0.910658640911994,0.9402918403811792,0.5826594336364682,0.4519162598407881,0.8787655571413224,0.5602551381998583,0.9027787372202266,0.6617596181279283,0.8960542358624225,0.8668994315880619,0.8374340673469516,0.8897272572627442,0.8138816517255346,0.5010817262859487,0.5566919564772959,0.691647348146985,0.8949870391356696,0.7473633198254875,0.5965949015954982,0.897957896949293,0.7033330698568371,0.8595744680851064,0.939490248541337,0.5898159241091947,0.9026592771982116
align-dinov2+1b-llama-things+hyp-abl40cat-local-shuffled-42,0.7375789964317628,0.7611005465750157,0.9555589369040371,0.9830508474576272,0.4496868532471222,0.9452845057020086,0.4314032776275339,0.8829245804716543,0.7090481203938812,0.5292398174230699,0.7996312974100154,0.6747073796917585,0.9448761914648296,0.7558499489271581,0.8077180918225076,0.9131737586560807,0.8941610142365813,0.9737489745693192,0.9811022447609814,0.9718761720665878,0.7423422351751621,0.6861658790940198,0.3513705032879185,0.9196491676468516,0.3457658768663553,0.6204478790685688,0.9472074314654018,0.7072473483385674,0.8540206656865444,0.893404634581105,0.9206662119804968,0.5362278168800589,0.8577208300669497,0.5351951951951952,0.947646065518406,0.754643587973576,0.86235829188511,0.9325124571600756,0.829869510488417,0.8351229004139817,0.5910819290626882,0.4986198269475326,0.4390142321389448,0.8205539736876717,0.8240809473312125,0.6415536636871954,0.5561689576492849,0.9077809798270894,0.840412873591886,0.8289234604006058,0.9674752440240624,0.8758323092866406,0.9086960153385448
align-dinov2+1b-llama-things+hyp-abl40cat-local-shuffled-7,0.8481121551361888,0.7660974384731292,0.935042648016512,0.9830508474576272,0.4388963993892226,0.8924794077805845,0.4237393699844292,0.9205347230542726,0.7090481203938812,0.4723524225428354,0.4729067950032051,0.6270695760359843,0.9637662337662338,0.8192771084337349,0.8555868796706492,0.903618511492788,0.8899793385903785,0.8356589147286821,0.9703913764089,0.985686119401196,0.8459964559089497,0.6720088931924343,0.234131207262755,0.9406570325427468,0.8050546224401566,0.6902798849543088,0.9261898658463642,0.8195474593242222,0.9617224880382776,0.9112698412698412,0.9206662119804968,0.4642327483836918,0.964199274584468,0.5575594378037567,0.9373766729581332,0.7086247241796569,0.8704626892998194,0.9330028054017572,0.7946276833100724,0.8841235509377436,0.6567787219222554,0.5696649029982362,0.6299532001337139,0.9211770945360542,0.910457815662348,0.8690023783854237,0.876598530768651,0.897458870084799,0.826651011792315,0.511878370917739,0.9343362341223876,0.7089944443332866,0.9295247191048496
align-dinov2+1b-llama-things+hyp-abl40cat-shuffled-218,0.1285551763367463,0.5051139240506328,0.3782191904318298,0.4957983193277311,0.3960267545173205,0.5899078269020466,0.3614130434782608,0.3472879407597509,0.4910743984920723,0.3288135593220339,0.2321228241595194,0.3668038726882718,0.497971602434077,0.5182806324110671,0.4020618556701031,0.5900907603035263,0.5060487493841115,0.3849206349206349,0.4078431372549019,0.5977857192908695,0.5178571428571428,0.4448051948051948,0.2418300653594771,0.3923611111111111,0.3272251308900523,0.3437809537285977,0.4103896103896104,0.1894015314201427,0.3994169096209912,0.4829223744292237,0.20634481401541,0.3617647058823529,0.3562653562653562,0.3775510204081632,0.3935018050541516,0.3515151515151515,0.4111842105263157,0.3878787878787879,0.3973170250542513,0.3928571428571428,0.3674911660777385,0.3878205128205128,0.3448275862068966,0.3333333333333333,0.3743016759776536,0.400611620795107,0.2674897119341564,0.5486610489205196,0.3689250180784479,0.3598511790775291,0.5350213679500813,0.3910447761194029,0.5026881720430108
align-dinov2+1b-llama-things+hyp-abl40cat-shuffled-42,0.1385434211646999,0.379183914843288,0.3805499310385303,0.4642857142857143,0.3697916666666667,0.655850540806293,0.3614130434782608,0.3472879407597509,0.4551282051282051,0.3288135593220339,0.2212609563836997,0.3710787467586906,0.5347744360902256,0.533102766798419,0.4387425957421852,0.525,0.5812738184888524,0.4006666666666666,0.4762442526417682,0.5672779723882135,0.5597826086956521,0.4103448275862069,0.2418300653594771,0.3923611111111111,0.3272251308900523,0.3170103092783505,0.4103896103896104,0.1864686468646864,0.3976608187134502,0.3991935483870967,0.2202351443487627,0.3617647058823529,0.3578431372549019,0.3775510204081632,0.3935018050541516,0.3515151515151515,0.4111842105263157,0.3878787878787879,0.3688358576963719,0.3928571428571428,0.3674911660777385,0.3878205128205128,0.3448275862068966,0.3333333333333333,0.3725490196078431,0.400611620795107,0.2674897119341564,0.566791905829036,0.3666666666666666,0.3524283935242839,0.5400432900432901,0.3910447761194029,0.6476190476190476
align-dinov2+1b-llama-things+hyp-abl40cat-shuffled-7,0.045855782000182,0.5018682996499806,0.4022218594982562,0.9743589743589745,0.452447310974063,0.686617418409326,0.418631500798977,0.4964625104427735,0.7603318250377074,0.3199340342197485,0.2026824824132556,0.3742843836647328,0.6923692659541717,0.5596957226586855,0.5407038748666904,0.5889492473091638,0.7543635042071676,0.4787045366919419,0.8159814353718348,0.7078369905956112,0.6661335710415466,0.5682834537323701,0.1542709037638043,0.5197190420883799,0.3183123841342922,0.2942812682357518,0.571291263802277,0.0896679937202877,0.5289274967353659,0.5783352475589038,0.1150530778775479,0.4101111412306857,0.3988175422840891,0.4580127132820341,0.5077639751552795,0.3810818465024072,0.5965335581385579,0.4915691569156916,0.364957507296345,0.5084033613445378,0.4270288410288805,0.491374681165257,0.3629764065335753,0.3333333333333333,0.4775313169338612,0.5586058717402,0.1953576547833726,0.567528641419612,0.388351368121041,0.3818819584006312,0.6050539411618805,0.5022241732513901,0.5789942866404635
align-dinov2+1b-llama-things+hyp-abl50-218,0.9934598886245214,0.6939577853339322,0.9727517405520832,0.9605141171512852,0.8410154777122784,0.9505739452022592,0.9615251897860594,0.8214050206872897,0.9168726766040084,0.6798486997635934,0.8470244816221315,0.9041692809577878,0.9855951822904212,0.9099301184673386,0.8164130648273311,0.9269994476262464,0.918583490863264,0.9631306975906838,0.9134548905646536,0.9777200577200578,0.9352769679300292,0.8414011617672945,0.7939187972442904,0.9289066961736152,0.8883209124185695,0.9244462702406628,0.9456147980235516,0.9097397445004756,0.9639320029563933,0.7975533707748856,0.9643289598684064,0.7517903047386952,0.9399104804291988,0.8875734860961575,0.8894486295574782,0.8122896515186893,0.8764203046399549,0.8793902429561344,0.9385086424356772,0.90063672481385,0.8970296490080663,0.8931454949546426,0.8025611304299829,0.9430637745055416,0.6108838867813351,0.8852883574358795,0.948808813925093,0.8239516258515586,0.8787373533835379,0.9743643780154936,0.9360498524311672,0.9555738948577052,0.8060935419035823
align-dinov2+1b-llama-things+hyp-abl50-42,0.9518863805048038,0.7877973451891804,0.9945391615610484,0.9628053853717568,0.7308595983254338,0.9582817451486212,0.9736394557823128,0.7864270559476039,0.9778021422545288,0.7027166497804795,0.8731385152182878,0.8760005275743622,0.9785270805929353,0.8800799115304891,0.8243735257120645,0.8694726751931284,0.9106320970203898,0.97803130984754,0.9491702662084476,0.9833122834288676,0.925668601884458,0.7959576138147566,0.7613390604402457,0.9208404952890248,0.9373475220149168,0.8912485481287935,0.9939458118876444,0.9097397445004756,0.9817554660983504,0.8530432468640747,0.9561507574940526,0.7828368852125016,0.8914745385333621,0.8824148620296631,0.8659750882737791,0.83651034164531,0.9141577835142596,0.90200577936427,0.8927299313861498,0.8508230452674899,0.9117396991497712,0.865877494075931,0.8887381667051488,0.9716752788748594,0.8701658336501225,0.8821677788216779,0.9360333791521208,0.8694741833245989,0.8727251749058603,0.9743643780154936,0.9719318094326566,0.9705388459298784,0.8688399900221231
align-dinov2+1b-llama-things+hyp-abl50-7,0.9869778335990004,0.8122634879772803,0.9781420765027322,0.9223929919430356,0.8354061645952758,0.9649272759978288,0.9476819011702732,0.8437493318672592,0.9235687080587632,0.6470790128124955,0.8703202555662312,0.8995408631772268,0.9715393722441292,0.9132425068969764,0.8789331621702761,0.9266985029150676,0.9056709427190266,0.9633855164125666,0.949238578680203,0.9833532059338512,0.910945679146516,0.8149507221223579,0.7573350146693892,0.8720937742185482,0.8883209124185695,0.9246336048003204,0.9637730690362272,0.8383751041123157,0.9275506523550702,0.8255316347356639,0.9607588635443788,0.7708049673903333,0.9126853574884032,0.8418276833742693,0.8932633986957889,0.8109028857350759,0.918439847082396,0.9001939439439439,0.9608691360954308,0.9300918463939416,0.8706857968353016,0.8485698958361382,0.7754828026289566,0.895016668385057,0.6108838867813351,0.9017569509903144,0.9232132208876396,0.8317932133988205,0.8667352798808199,0.9743115273792796,0.9080887976244684,0.9250455986412824,0.8216746809653234
align-dinov2+1b-llama-things+hyp-abl50-local-shuffled-218,0.9637034725243514,0.6561691358375752,1.0,0.9599003021042278,0.95809384326296,0.9738644100221124,0.9692130344715468,0.7862901608439291,0.773390451356553,0.7785108866670051,0.8821292242876178,0.9336786502035396,0.9662657043571238,0.8461271102284013,0.7849210480652439,0.8431122448979592,0.9235518055663322,0.9734632701563304,0.9599274120375036,0.9567533589744864,0.967479674796748,0.817036748474224,0.7939152996412662,0.9430475325995824,0.8857958660649617,0.8275547021691226,0.980114712239372,0.9544808327545152,0.9723522458628842,0.8441120587332658,0.947371621409352,0.818672405762652,0.9880677896543362,0.8942824701267025,0.910774130377728,0.8246135552913199,0.9118876941457588,0.9210000147017744,0.9056710203486532,0.8904659916861589,0.8728442019918923,0.8004627113535354,0.7898864250946458,0.9359337317814826,0.9358599290780142,0.969065073406576,0.9407464475261084,0.876001334288071,0.8620456466610313,1.0,0.9156693475630352,0.9757501803116456,0.8656679553264605
align-dinov2+1b-llama-things+hyp-abl50-local-shuffled-42,0.9853584671794796,0.713894539195744,0.983070413578888,0.9655366958428034,0.8714102564102565,0.9867549668874172,0.9750786488098256,0.7697554185722807,0.7710822225878998,0.780701754385965,0.8790168472405059,0.913272079624509,0.9829567974633372,0.7538501529646299,0.8014307348955843,0.8247146804137958,0.9266528587042476,0.9933940336072248,0.9599274120375036,0.9877300613496932,0.951219512195122,0.8824748612081884,0.8646585561682775,0.9238274299143864,0.8962617020163045,0.901040711184492,0.9933715707464572,0.93363583779725,0.9653612848057292,0.925366971409961,0.9691146073364584,0.8475751344586299,0.9879756463030914,0.8435058661145617,0.9113924050632912,0.8379736916355875,0.9132850241545892,0.8924711716752795,0.9103172295379331,0.9162386995247098,0.8663713976595,0.8509681035305369,0.786607823460114,0.8804167434999078,0.9301182930275748,0.9286540780002712,0.9407677508016492,0.9063903073191,0.8587835365493797,0.984532376569348,0.91952026942134,0.9638574804731594,0.8837713142999981
align-dinov2+1b-llama-things+hyp-abl50-local-shuffled-7,0.9713010137014152,0.713894539195744,0.9435930644050472,0.8974754226284515,0.952898638207456,0.9733072935786552,0.9562035158736896,0.7275550195960204,0.8335143437002908,0.6755027375399598,0.8676298546734745,0.9489636396507536,0.9829567974633372,0.8207154061792407,0.7764835631830754,0.8741746698679471,0.9380305242203052,0.9598337950138504,0.9599274120375036,0.9816077149372304,0.9339328241767269,0.820573005668152,0.8331493031116374,0.8823656494733999,0.8589539905953358,0.8820131380517854,0.9867300880237888,0.9155982664405504,0.9723522458628842,0.8863888971440459,0.94466890521698,0.8208871195589479,1.0,0.8174006444683136,0.9624911741798358,0.8180740966212985,0.9268474215842636,0.9075289043060698,0.871259159509848,0.9025349123760869,0.8189660614424813,0.8534189281198328,0.7917041308219298,0.925962628415807,0.8165393155334159,0.8897381205458735,0.949240412403343,0.8546622646725667,0.8267697468416716,0.9896852286409856,0.8965956132308643,0.9633743151993884,0.8521032506065065
align-dinov2+1b-llama-things+hyp-abl50-shuffled-218,0.5869557580127156,0.4200928381962864,0.4917659047282156,0.7912087912087913,0.5063821131320665,0.7332441939398926,0.5969518992978522,0.3485669637772686,0.7508928571428571,0.3827367754197022,0.5012581517429079,0.5047800929873023,0.8046381447421032,0.4911990112500696,0.5156395891690009,0.4786252771618625,0.7146128536212862,0.5013774104683195,0.5844379244608603,0.5559511965230141,0.7485991216113888,0.6178905931858287,0.3400776851389684,0.5280075187969924,0.4898347877658223,0.3967592571576429,0.5938249320209037,0.4741188933104359,0.6044140830267999,0.3174272055627988,0.3889366900168489,0.5317767867702818,0.580009940593122,0.514308426073132,0.5333333333333333,0.5328933924359871,0.7210593997099785,0.55098374679213,0.4690371331880766,0.5963149363049216,0.6203997897411561,0.5511138093681409,0.5553602818580299,0.3442410076613427,0.4177209192134565,0.695235676185638,0.4580315552216378,0.3597676724748547,0.4487837482991573,0.4365809995371705,0.6190947070356423,0.5460296614966602,0.4442503073836796
align-dinov2+1b-llama-things+hyp-abl50-shuffled-42,0.5785691344947346,0.3896853146853146,0.4770344816768596,0.7912087912087913,0.4716672062778688,0.7286239771788904,0.5952590371284255,0.3174433262514207,0.7508928571428571,0.3854244928625094,0.4918501530773866,0.4334884982509044,0.7718257036807918,0.4571039259077125,0.5123066104078763,0.5315873650539784,0.6533366965129433,0.5153666209566831,0.591879307719419,0.4985913018378962,0.7485991216113888,0.602028837181301,0.3206381117739977,0.5695567340404243,0.3949354760165571,0.4245761255584832,0.5683728036669213,0.4192890393517353,0.557853127545041,0.3200207805701669,0.4153301579933532,0.5080075608519994,0.6865773289011918,0.4839476813317478,0.5463219158477244,0.5469262295081967,0.6802675133418902,0.6106703260146374,0.4962893957080003,0.5596382136800453,0.580353615283795,0.5406044312598498,0.4585674051349109,0.3302052052052052,0.4552361239546333,0.6269713261648746,0.5855060119561337,0.3149481352105476,0.4519189342977969,0.3662103327413042,0.5321280613251416,0.523787870175638,0.4199257007767646
align-dinov2+1b-llama-things+hyp-abl50-shuffled-7,0.4762238722584793,0.4218860148108855,0.4494495875499395,0.7912087912087913,0.55002624248052,0.7309554113787368,0.5633288157318623,0.3291109617001144,0.7437570303712036,0.4356480339743938,0.5044293927384883,0.5474426715330744,0.8183365118504107,0.3228755758179573,0.5156395891690009,0.5123677298311444,0.6853990411229813,0.5197167801690183,0.627703558105,0.536897231857444,0.7121942179392142,0.5949670643232249,0.339076027775076,0.5994311077769442,0.4173006339673006,0.359820423855964,0.6511538276244159,0.4569657183958407,0.5796698649829973,0.3551685061095782,0.4754232616741475,0.5050900062073246,0.6273209882755497,0.4874840646087617,0.537037037037037,0.5105368798054999,0.7335562611182418,0.5613710913219808,0.5312480064643715,0.5822988505747125,0.5665908108886649,0.566120530679235,0.5029532875124346,0.3419346514853401,0.4130147982134058,0.5974045235446793,0.4854293889769833,0.4735294117647059,0.4470366507307728,0.5945476668990881,0.6319400145487102,0.5424628556589464,0.5612512283000327
align-dinov2+1b-llama-things+hyp-abl70-218,0.9318266416256366,0.7401916368120712,0.9961089494163424,0.9623492475384756,0.9289508421775172,0.922391485682625,0.89196774448573,0.8305052790346908,0.930677394898042,0.6310660635505668,0.9153924159108764,0.937199189797281,0.983889727733998,0.7876741336430573,0.8681960932801746,0.7490958381970275,0.9164875830078114,0.9469218040646612,0.9543474136332404,0.97432920334576,0.928821053802514,0.6927109673105096,0.628054661167244,0.9401861134317274,0.7504284385318756,0.8312761749508845,0.9947721016256236,0.8160559621777124,0.9427109690582982,0.8291457286432161,0.9243859082094376,0.698052733430092,0.9596846145865754,0.741501976284585,0.9088301220759114,0.8472021805355139,0.9296032336985428,0.8704872744371951,0.8739629929939962,0.9130009775171064,0.7699548135680603,0.7834885879159602,0.7341874422899354,0.9481358043394098,0.7263157894736841,0.8268012037837691,0.8807667902944726,0.824013030111322,0.8273284313725491,0.9662435237987064,0.9430557733025918,0.9618886552636886,0.8497783087137311
align-dinov2+1b-llama-things+hyp-abl70-42,0.917762228743371,0.7617737676479214,0.972754396295544,0.932228645569256,0.7916585206907788,0.9276785714285714,0.9151928828897922,0.8488444568947405,0.9234877184406696,0.5481002741872307,0.9080648069852651,0.9185185185185184,0.983889727733998,0.9163511808184605,0.8823391812865498,0.7307196040274136,0.9104137154966196,0.8960013408368627,0.9293924938440924,0.9785218523155343,0.941499133488084,0.6653700418336728,0.6073717064014701,0.9332824383555666,0.8093903673030465,0.7892316999395038,0.9585312255469324,0.8633208609777797,0.8700696496612537,0.7970472307629793,0.91290729427011,0.6448683904029816,0.9142246420125264,0.8108482523444159,0.8817204301075269,0.8175301401107853,0.9622792278107613,0.9113553113553112,0.7860079981180899,0.787888336307151,0.6228711894005543,0.7349576901815708,0.7090176445112026,0.8838605964363316,0.6663928729386491,0.774374828913257,0.8707636744657846,0.7588265337639875,0.7119918676564976,0.9492677162793556,0.93132106624098,0.945005518129354,0.888872554064186
align-dinov2+1b-llama-things+hyp-abl70-7,0.9773925646587066,0.7546766943291839,0.9805429796274384,0.95578613780413,0.9378442545109212,0.8978798093019721,0.9316661034133152,0.8656395172397694,0.9099198428539746,0.5269305269171375,0.9223057644110276,0.8886910172457504,0.9892182805183256,0.8441945651247976,0.9310550912430724,0.8460381928487695,0.9048175711275026,0.9770003239390996,0.9584847824707236,0.9786222287278572,0.8776968765626335,0.7764576659038901,0.55451432554891,0.933673469387755,0.7738397271464352,0.7967737852795324,0.9635052016703312,0.8745698102869444,0.8783441644427241,0.834646966308868,0.944890002993116,0.6140361525267186,0.959776767259198,0.7509842307940537,0.9257557950144149,0.8185722161088481,0.9367088607594936,0.887766554433221,0.9072464233014692,0.7935595694216383,0.7668516444353936,0.7536410734567859,0.698392161239511,0.9206349206349206,0.6702492325291334,0.7798571048569778,0.8508270676691728,0.8368731237743745,0.8458974543239535,0.9493670886075948,0.8688261819206651,0.8617985878855443,0.8927518148820326
align-dinov2+1b-llama-things+hyp-abl70-local-shuffled-218,0.9695323060286564,0.8264729175992563,0.950882307810342,0.9638728111734663,0.954120952745358,0.9605565844092672,0.930580601326405,0.7647517066725391,0.9003970535885429,0.6408618072779773,0.883371003166612,0.944191231011944,0.9806977718455588,0.715244395514463,0.9047341146956216,0.8520428802588996,0.9013501574501928,0.968421052631579,0.9377205201269914,0.973568281938326,0.9026891912050968,0.8478260869565217,0.7010518721045037,0.9298245614035088,0.8197696769125341,0.8345157666103127,0.9687966501731222,0.9433182655835516,0.9781420765027322,0.8514725613391685,0.9573155693971276,0.6765711104179453,0.967628474706771,0.6408327147580808,0.9802110170531224,0.8558600793364587,0.9120649263721552,0.8977960916960542,0.8457099184252803,0.7992651269573509,0.6853457049171913,0.593087531663383,0.6417942053610367,0.9075889783222928,0.6532728647014362,0.8684157863851418,0.8846819036055877,0.8793260942610288,0.8878047790820819,0.9691570107321412,0.9466281178425108,0.9667430088078852,0.8641532108960928
align-dinov2+1b-llama-things+hyp-abl70-local-shuffled-42,0.9798259360190692,0.7863828626750481,0.987745268262402,0.9699248120300752,0.9330543933054394,0.9501119040901608,0.9250471905551232,0.7169940759766353,0.8844751773049645,0.7268797330775587,0.8847353757474685,0.9402561278747474,0.9806977718455588,0.74026888699479,0.8321379647142083,0.6921266125814604,0.9060201759202005,0.98404432132964,0.9298500611995104,0.973437841346062,0.9258555584582135,0.6656126482213438,0.736285634531711,0.9529732550115296,0.8281758842747005,0.8098629765296432,0.9843501991495331,0.8868106674061687,0.9561263029802084,0.8644812514377733,0.9458414278776104,0.8162756146104898,0.9907188313176662,0.7528409090909092,0.8926694125723251,0.8540915225125753,0.9194851695940388,0.8534887359198998,0.909961320143963,0.8803633466393267,0.8682757046323054,0.7046594982078854,0.772573277502855,0.9411929862050954,0.8923338254220606,0.9329019925005514,0.917503446618484,0.8933336244064837,0.7870559911861318,0.9779692933801006,0.927854590725179,0.9762450062913468,0.8983248277789283
align-dinov2+1b-llama-things+hyp-abl70-local-shuffled-7,0.9720792600638556,0.8142219508215454,0.9306585334889448,0.9224426612750364,0.8988772162186569,0.9438202247191012,0.9350408984811068,0.8252210829616687,0.8782363496539349,0.6234237295510824,0.9062813212945098,0.956187827108148,0.9676360505853592,0.8048596066437279,0.8804491863531475,0.801067665867175,0.9041494390712304,0.9947540586611576,0.7926383013806355,0.9823788546255506,0.8937670245153021,0.7938436922704192,0.7202714419100973,0.9301600395974262,0.7735724949208096,0.8790702051571617,0.9532373181559598,0.8823286051044822,0.9565597675837884,0.8447646174815643,0.9672609819121446,0.7741401960630374,0.9723369755026694,0.7949246241406744,0.935180336045388,0.8574242245547823,0.9260035533840432,0.9093855912068496,0.7952925182972131,0.754809729638105,0.6852741470883728,0.6997580308719233,0.7719797042873966,0.8471354166666667,0.8981860909157672,0.8869664416769655,0.9142263402787,0.8649198477029161,0.778418016364532,0.9823795385700226,0.9372378984541826,0.9714215775641512,0.8908615131425707
align-dinov2+1b-llama-things+hyp-abl70-shuffled-218,0.606963958146272,0.4760524408722577,0.4318936877076411,0.4535315985130111,0.5521157167530224,0.6213868003341687,0.4555699109962676,0.4404687127726396,0.4605263157894737,0.3825839653304442,0.4788200008217264,0.5589670445161774,0.5958005249343832,0.4967756455200949,0.6206131504638968,0.5272766789828298,0.5268190570661687,0.4360760980192593,0.4860050890585241,0.502400629673357,0.5527744442539574,0.4121621621621621,0.3468035968748464,0.4420170051960321,0.3725198412698413,0.3681895864190498,0.5558685446009389,0.5112867808519982,0.3988269794721407,0.4141414141414141,0.5763986286426679,0.4251819044606137,0.5586506365757835,0.3954045954045954,0.400709219858156,0.6036475095785441,0.5878637491540717,0.5,0.534438775510204,0.4020979020979021,0.413834543094746,0.3975155279503105,0.3706350979078252,0.3343195266272189,0.4224828636709825,0.6675,0.4999947439792282,0.4833687190375088,0.4546864899806077,0.4821446843343906,0.6279501716375093,0.6314895769355829,0.6017276130146847
align-dinov2+1b-llama-things+hyp-abl70-shuffled-42,0.5801652892561984,0.414195430238211,0.4973330488585449,0.4555555555555555,0.4510377358490566,0.5850411630758452,0.3943181818181818,0.448595258999122,0.5314285714285715,0.4515581867163335,0.4569107218334663,0.5588151577828802,0.6357671473258564,0.4598329250675209,0.4234515484515484,0.4705882352941176,0.5797062640772757,0.4667999111703309,0.429516129032258,0.5794212218649517,0.6257849402611837,0.4101694915254237,0.3841023226616447,0.4236872043590204,0.4444962595938988,0.4733579500951101,0.592483660130719,0.6313272129661113,0.4440335305719921,0.432172869147659,0.4454097923562654,0.4536199095022624,0.6229127034453604,0.4106251544353843,0.5439224541499146,0.5846873538125682,0.6436860068259386,0.5376791493296347,0.5769549183412358,0.4210526315789473,0.4206228373702422,0.3993808049535604,0.4042232277526395,0.4178452108819613,0.4375611927013796,0.5202020202020202,0.4523141580176855,0.4797582607330665,0.4151252114589978,0.4792482061317678,0.6327493261455526,0.4605933473179502,0.6392688679245283
align-dinov2+1b-llama-things+hyp-abl70-shuffled-7,0.505676723811993,0.4046813919466628,0.4318936877076411,0.4555555555555555,0.3829268292682927,0.4782778102474186,0.496637130351233,0.3568367929918111,0.4587458745874587,0.4189466599360592,0.4309793920206373,0.5123283395755306,0.4729267222465994,0.4766873949131281,0.40625,0.4129754174397031,0.5244989621654615,0.4187847978697652,0.4337329744719028,0.5265444015444015,0.5077755240027045,0.4277381321749922,0.3204166540131798,0.4446440332914196,0.4394998940453486,0.3956328994529334,0.4562206431410334,0.5138096935138987,0.4904202837584611,0.4209790209790209,0.4512064430227649,0.400429107813338,0.620216389501102,0.3954045954045954,0.5104723707664884,0.592155159936315,0.5408333333333333,0.511183528366168,0.5484092694422624,0.4186498300145702,0.3917055029892199,0.4012345679012346,0.413254618167968,0.336283185840708,0.3716814159292035,0.4805806938159879,0.3696561760960524,0.5234254992319508,0.4902665468703204,0.3785402097902098,0.6244462674323216,0.578125,0.543671216528679
align-dinov2+1b-llama-things+hyp-abl90-218,0.8122665552642153,0.7729332834045549,0.9694941440208016,0.9029933709391856,0.9336583343171668,0.9467683596936464,0.8583650889791512,0.8764225544655493,0.9000189000189001,0.6003958066706148,0.8506136549931369,0.9429935277785996,0.9683507587242196,0.8189181426853144,0.9354703882458502,0.8291859140129779,0.7539810464528054,0.8771780997798971,0.9439070327270924,0.9412892561983472,0.8448127624260202,0.8452591245983666,0.695035899655286,0.9458589280723668,0.845726008608876,0.8559781933013403,0.9610225699475192,0.8999767580405158,0.9674220106751404,0.7481941955626166,0.7830777429452668,0.507858855271133,0.938576936382173,0.800570868976641,0.9061853639318428,0.7801935415535157,0.8798171835378787,0.950434395188238,0.876021768508711,0.8925847536296461,0.6199842643587726,0.5370962305161973,0.7307208733939254,0.8293655085266728,0.583807146094441,0.8281464914733017,0.8176720437774552,0.7192594963822482,0.7075025344578417,0.9538516161629956,0.8337950682778269,0.9386106279507296,0.8117050011778629
align-dinov2+1b-llama-things+hyp-abl90-42,0.9009854034657936,0.752653078678026,0.9732413104883456,0.8887596501012709,0.9544561992819502,0.8981501114493442,0.9245618284525542,0.8195362939052024,0.9213564213564216,0.6739983098314,0.8771837735180267,0.9329071139970092,0.933083770063033,0.8599986175433747,0.9090711141663278,0.900240024358529,0.8179436084049628,0.8802200704225353,0.9326696492606128,0.9709090909090908,0.824183865612187,0.7929392446633826,0.5481232220911677,0.946221297883702,0.8791830583871272,0.8018670580234099,0.9950837370052952,0.8397782591403674,0.9535377119462436,0.7743094226863346,0.894945793250878,0.5317506065240726,0.9630269697690444,0.8259244554759168,0.88272515215701,0.731369721183892,0.9306334006820264,0.9242265208254756,0.8353965089706813,0.8691282539450077,0.7690818647348744,0.8053207176833058,0.6977025590712125,0.886852227230378,0.6851326069709872,0.8885054878604782,0.8342539629270117,0.7298722123386061,0.7208389542726892,0.9538516161629956,0.911772895616115,0.9536545483859236,0.8399826708750944
align-dinov2+1b-llama-things+hyp-abl90-7,0.8646809731266222,0.6910648392198208,0.9923664122137404,0.9370560056949916,0.8833129932470913,0.9206507808101516,0.7980595951447819,0.7962979549186445,0.8580955175702443,0.6248227814136,0.8083168516874447,0.92619782539671,0.9683507587242196,0.80306905370844,0.9402985074626866,0.8422459955653271,0.8421068092329251,0.888343727072634,0.9363475514259436,0.9413946984678692,0.7390246138714544,0.6992932782406466,0.6667319861196163,0.9081248819181744,0.6811522604612095,0.8015697615603476,0.9611452269600808,0.8360184867592907,0.8099366047323036,0.6161650460462005,0.8648307860978384,0.4866815586994291,0.9213030714241368,0.8067319581362254,0.8870360408821946,0.7750923645320197,0.900971817298348,0.9291036116701248,0.8432347704482679,0.7636351028050345,0.6290692404622397,0.6560085814561398,0.6848696869767245,0.8673978184862012,0.7023441257851739,0.8080048606364395,0.7936904842687473,0.5900349898491893,0.6098905820109048,0.9653810283512284,0.8515404844010914,0.921580496107492,0.7943227372549244
align-dinov2+1b-llama-things+hyp-abl90-local-shuffled-218,0.8896353441772338,0.7536394156112466,0.9160311836637732,0.8876233376233376,0.959809399521915,0.8926086190760687,0.8410220191109264,0.9010558029242142,0.8118730163730441,0.7785248302489682,0.8673799717434273,0.9612306064356414,0.9174589381807748,0.7981042537970021,0.9152737920575046,0.8315830878309106,0.7864736473061592,0.9311830574488804,0.9556288599336594,0.9652879258260424,0.7991110087607604,0.8478227568469681,0.7864437797717958,0.863755612155144,0.8249527410207939,0.7566251603592313,0.9416538659281666,0.899870703980312,0.8932781256347687,0.788780541037723,0.9781659388646288,0.6961275574455659,0.8780330429762451,0.7964850045407873,0.9505559059554116,0.796599848589579,0.9173584109062928,0.913395533524519,0.8908615044732154,0.8807737858817977,0.673860039065131,0.7896713126864683,0.7459546246955622,0.9525371969151962,0.8007549254416965,0.8586983637831096,0.8009689098028321,0.8061813417358052,0.7028488448473547,0.9645520817230818,0.9436545949204176,0.9543250588941076,0.8986208811551277
align-dinov2+1b-llama-things+hyp-abl90-local-shuffled-42,0.9594188344188344,0.7224940963542787,0.952145685550481,0.924138674777016,0.9357116493899544,0.9290627260924292,0.8961289888168759,0.8649805742602628,0.945185355924948,0.7964516071714138,0.8941226947540495,0.9541314478108346,0.9664012887446036,0.8795720385102419,0.8545450438239812,0.867916097486244,0.862693962747261,0.980844155844156,0.8948817031901413,0.984641173003242,0.8634020082360931,0.6745782952679504,0.8034467844340818,0.9130813907723364,0.8762222878639404,0.8974253326650299,0.9560794275714044,0.9498913384804608,0.9645756405620528,0.5931086133811292,0.9571918428237272,0.631,0.9738605386456112,0.6872393661384487,0.9503618709424484,0.8426980999941095,0.9203796695188726,0.9181167496257095,0.9415097731462212,0.8661557763854794,0.677931615273174,0.6361812741861701,0.7790644533419273,0.9483353449990806,0.943907724105744,0.8187905844155844,0.9422829261214196,0.7163387856124167,0.9220009192215972,0.9763779527559056,0.9234145400567356,0.972351401465507,0.8918622664683409
align-dinov2+1b-llama-things+hyp-abl90-local-shuffled-7,0.8170645345516847,0.7259770973363207,0.9322020433131544,0.8150851581508516,0.955383281814762,0.8997167304266566,0.895119494551781,0.7748251748251749,0.6068078263200214,0.6938961433343456,0.8827603264902301,0.9506650784196944,0.9072489082969432,0.8281155015197569,0.8822048953809711,0.7596488019023231,0.7657298896347707,0.8834628190899001,0.9628324431474038,0.9805595848723664,0.8342592592592593,0.7329687067294379,0.8173002599957838,0.9153071357639382,0.8367099567099567,0.6876121416108794,0.94083344428172,0.8727008736311062,0.9436025976985304,0.7267618298302798,0.958424865198526,0.5138888888888888,0.9537399309551208,0.4758752428943121,0.9552669552669552,0.7239170739929209,0.883578431372549,0.8942887931034482,0.913926440141274,0.8402889464358729,0.6438128824810704,0.6744465329991646,0.645216049382716,0.9342522487542873,0.6663786399377862,0.7448825684119802,0.8136645962732919,0.7125160687156714,0.8354773808072187,0.9250562931904652,0.8924460833612694,0.9500038223377418,0.8783728256403232
align-dinov2+1b-llama-things+hyp-abl90-shuffled-218,0.5464979488416988,0.5106480050627695,0.6780537744490545,0.6563973063973064,0.4966528984475146,0.6868692954182607,0.5657228017883755,0.5036097876120488,0.4611111111111111,0.5782044042913608,0.5528851561621236,0.5539118065433855,0.6448074893304575,0.5812409329315924,0.6134182908545727,0.5750354358610914,0.5487308757830633,0.5005807200929152,0.6119499290230997,0.4486646299398837,0.444707990723171,0.534180105608677,0.485516277090489,0.544078947368421,0.4454625884732052,0.472407442687496,0.6289027653880463,0.4955591147350029,0.5534929287347082,0.4749169613200471,0.3344329610282677,0.362037037037037,0.4783878030978834,0.4382760097045811,0.5820830207551888,0.4998952440812906,0.4195402298850574,0.4747735690497681,0.5757536041939711,0.439845720219552,0.5494505494505495,0.4691304723253605,0.6197025587955467,0.5581772878284506,0.4860958904109589,0.5815153647665963,0.5839715224700766,0.488110635757636,0.4267765685019206,0.5424157755379686,0.6338455931482718,0.4159024868862976,0.5126009902038032
align-dinov2+1b-llama-things+hyp-abl90-shuffled-42,0.5496671810881975,0.4193115029387069,0.58231031543052,0.470125,0.6495388669301713,0.7014101057579318,0.4924867580531497,0.3917041862247341,0.4565826330532213,0.3428571428571428,0.4904230184447212,0.6057842866353504,0.6286472148541113,0.496773379858323,0.4479507225775883,0.4450082735797022,0.5904550499445061,0.4684569479965899,0.5129068462401796,0.4930154873975099,0.4829429054956801,0.4952518911958796,0.3582417582417582,0.4071856287425149,0.4299593195901062,0.3691544786893478,0.4752879741975119,0.472832885108512,0.5346508650405437,0.3671948282418558,0.5724920729745876,0.4233365477338476,0.5842712842712843,0.397384481255449,0.5167478569540426,0.5485520263734528,0.451937984496124,0.4242382885802996,0.5370119101462385,0.4018691588785046,0.5234739420785932,0.4299418604651162,0.4296763345943674,0.4877354011710713,0.4490956072351421,0.6045122909417443,0.6357416529830323,0.2794264784706092,0.4033816425120773,0.5581190848796482,0.6085833625609796,0.4389705882352941,0.4929043364973013
align-dinov2+1b-llama-things+hyp-abl90-shuffled-7,0.4163012647473931,0.4380890477738056,0.5792689240965103,0.53904873752202,0.5561711295783318,0.5688629080536676,0.4811688311688311,0.3614015484076941,0.4497605430789975,0.5128253892784975,0.4976801364159099,0.5061152494934329,0.672223000420227,0.4079943025015579,0.441633064516129,0.4326552289468215,0.4908851953819834,0.3964912280701754,0.3644646924829157,0.6438586740770147,0.526562069914671,0.4820502178875285,0.3487830247555648,0.4987341772151898,0.3743455946720678,0.4615628634873638,0.5768284367495775,0.3199195171026157,0.4015957446808511,0.3676528599605522,0.24318720870445,0.4600722311396469,0.4437256917155351,0.4543489572909578,0.5778677042801557,0.3722826086956521,0.4110787172011662,0.3983957219251337,0.4263413015832058,0.4018691588785046,0.5793334052421529,0.5319239028521308,0.551443790299972,0.3664415247964471,0.435204081632653,0.4621070650482415,0.5714285714285714,0.428594867189389,0.389767532341212,0.4769230769230769,0.6295118648059825,0.4716203017038671,0.4364251207729469
align-dinov2+1b-llama-things-218,0.5579508665016187,0.4037121789982202,0.8671250399744164,0.6984126984126984,0.6147872009940976,0.9235567352355674,0.3807106598984771,0.675744917850181,0.8980344576559087,0.6458344906764439,0.6485100619195046,0.8908878731887582,0.9355534709193244,0.7384627307900965,0.8360446977173601,0.9017497620616444,0.400373015239767,0.764357112994565,0.9492195684056148,0.951783879704866,0.8712745719720989,0.6281150159744409,0.4150685781666977,0.9132446500867551,0.5696589894138835,0.4558511400184903,0.98003663003663,0.5764782511994408,0.8993506493506493,0.814785373608903,0.6255838090295797,0.5029135338345865,0.8821684587813621,0.6884104248395828,0.8792517006802721,0.5836927064922823,0.8060740514075888,0.8562832677620922,0.8478212039532794,0.8241626794258373,0.7725919523672333,0.4074074074074074,0.7906227570896831,0.7905042016806723,0.5486981677917069,0.8226478494623656,0.6465328558819097,0.7469822812846069,0.7572093023255814,0.9702565236620964,0.780699370385469,0.8756009615384616,0.7303298969072165
align-dinov2+1b-llama-things-42,0.6697158520454509,0.6204517944903822,0.9561986084756484,0.7807692307692308,0.7139247459489151,0.9176319176319176,0.6504683195592287,0.7453664672742115,0.8755405485457023,0.7319418866380192,0.6616827025154493,0.9113471752776436,0.956205775482884,0.8361555299745316,0.911377520291393,0.9144759901857692,0.5181719590491064,0.9619482496194824,0.949166317114094,0.9654340082489687,0.8777476663655526,0.6333293119395182,0.6691297208538588,0.8994740281970683,0.9122616592496112,0.6244113029827316,0.98003663003663,0.622864451563496,0.9678740623766284,0.8328777745468644,0.8679905292194049,0.7347560975609756,0.7876661284312507,0.730283412458639,0.8861397479954181,0.8026714296808263,0.9142451202598018,0.9140484429065744,0.9364910877986242,0.7836644591611479,0.812760424362422,0.4999387179801446,0.8150496893412751,0.926728758579404,0.795174503422736,0.8794423780201919,0.7113859275053305,0.7853334272895967,0.6879775456104786,0.9065466016314392,0.8358787378462667,0.950907797306912,0.7798034757186942
align-dinov2+1b-llama-things-7,0.6022997601325453,0.4041666666666667,0.799245169495002,0.4672897196261682,0.8628111641941161,0.931032230676289,0.3807106598984771,0.6382472826086957,0.825091575091575,0.5429774436090226,0.7346949674977874,0.9541229385307346,0.971920445349094,0.4377198735913183,0.8274546300604932,0.7576568359177054,0.3620250431778929,0.8629385964912281,0.9235138653307562,0.8683813864872361,0.8649068322981366,0.7785388127853881,0.3395531983285117,0.9415384615384615,0.5036800295016979,0.488865898739607,0.9751158596443166,0.6389292166731191,0.7772269967441997,0.6410364145658263,0.5777800839743839,0.4028970377136891,0.7775375939849625,0.524949215143121,0.8802392148844818,0.5733159432891336,0.8773413474979033,0.5932599265932599,0.9102649006622516,0.838904109589041,0.6167076167076168,0.5210722263588979,0.5833527086724017,0.8092873361166044,0.6033898305084746,0.736974904528096,0.2851711026615969,0.586640625,0.5453919035314384,0.9218250508573088,0.8246884002167651,0.911727078891258,0.423400097703957
