run_name,animal,arts and crafts item,bird,body part,breakfast food,candy,car part,clothing accessory,condiment,construction equipment,container,dessert,drink,electronic device,farm animal,fastener,food,footwear,fruit,furniture,game,garden tool,hardware item,headwear,home appliance,home decor item,insect,item of clothing,kitchen appliance,kitchen tool,mammal,medical equipment,musical,office supply item,outerwear,personal hygiene item,piece of jewelry,piece of women's clothing,plant,protective clothing item,safety equipment,school supply,scientific equipment,sea animal,seafood,source of light,sports equipment,tool,toy,vegetable,vehicle,watercraft,weapon
align-dinov2+1b-things+hyp-abl10-218,1.0,0.9631707443769154,1.0,0.9931537136860328,0.9694456171631732,0.9793808172464936,0.9805349357841404,0.9740938195662604,1.0,0.9670244546198036,0.9909286337059978,0.9751320842246336,0.9948587968914582,0.976054170101446,0.9821870727588292,0.9705357926271324,0.9818537281660368,0.9942346976591796,0.9822222222222222,0.9876555755235858,0.9880785368477676,0.975465954432798,0.9554349222904572,0.9868286397050944,0.9787100249759666,0.9599650742832952,1.0,0.9975807746486112,0.9611164709557676,0.9627014602396826,0.9974525781097822,0.9484915951155845,1.0,0.9881014566611458,0.9614713513558109,0.9850943168120244,0.994063872516414,0.9776968166877054,0.9873982974210188,0.9816454812594512,0.9817078775622758,0.9897435897435898,0.9714627855563744,0.9817351598173516,0.9883067276497376,0.9671775848460932,0.9939024390243902,0.973319699232478,0.9907512122823128,0.9954339803836828,0.9944938599651716,0.9714817020729444,0.9488724348987964
align-dinov2+1b-things+hyp-abl10-218-random,0.9970690410999308,0.9584938331388992,1.0,0.9861153767403767,0.9796133099704528,0.9726027397260274,0.9804878048780488,0.9309558166701024,0.9816573363743176,0.9347729952830188,0.963533763147096,0.9751260891471336,0.979585328621317,0.9820406275760846,0.988092532882952,0.9654600239021396,0.9758596951800949,0.971516626742948,0.9644697689142132,1.0,0.9823101221419503,0.9571870684180284,0.9587162478117516,0.9933963423772022,0.9829981712729884,0.9599650742832952,0.9939253047725796,0.9951538947739876,0.9887161751292186,0.9415098477869894,0.9974525781097822,0.9380152010254372,1.0,0.9880239520958084,0.97237413623978,0.9702262372348782,0.9640138799124034,0.9832431014670372,0.9873982974210188,0.9877287740957332,0.9574940448179884,0.9897435897435898,0.9619887877952394,0.986322864356156,0.994135864858862,0.988950276243094,0.9939024390243902,0.970515632822505,0.9445072736938768,0.9863013698630136,0.9917496044388612,1.0,0.956192711930853
align-dinov2+1b-things+hyp-abl10-42,0.9985429090233028,0.9769410184104996,1.0,0.9931537136860328,0.9694456171631732,0.9653802994635684,0.9853757893074676,0.9783870237509792,0.9937723882085444,0.9718374785591768,0.9841441465137868,0.9792681654890922,0.9948314461322016,0.9820139452829658,0.976185065765904,0.9803571950847548,0.9743584493140284,1.0,0.9911111111111112,0.9958843552571488,0.9940614796130204,0.975465954432798,0.9488906950356892,0.9933963423772022,0.9787100249759666,0.9599650742832952,1.0,0.9975807746486112,0.9665749289772728,0.9787093894329708,1.0,0.9689119170984456,0.9955156950672646,0.9940317464388584,0.97237413623978,0.9653833483750114,0.9823031943854186,0.9721679069993676,0.9831980259787748,0.9816454812594512,0.9755567369602456,0.989794574919166,0.9572167912593444,0.990895730081022,0.9767450980392156,0.988950276243094,0.990860188123665,0.973237968927624,0.9768371995262752,0.9954339803836828,0.9917317967090794,0.9885432993730408,0.963509483450632
align-dinov2+1b-things+hyp-abl10-42-random,1.0,0.963025221098299,1.0,0.9861153767403767,0.9592266199409056,0.9726027397260274,0.9804878048780488,0.9395863395863396,0.9937723882085444,0.9436749571183534,0.965586423021191,0.9709894234203637,0.979268169344562,0.9760185937106216,0.9582063468163609,0.9704433497536946,0.9720475971992188,1.0,0.9777909725658364,0.9917695473251028,0.9639531607331248,0.944634840529547,0.9650675943022512,0.980294308165994,0.978758653102388,0.9636123136123136,0.987878787878788,0.9927423239458336,0.9665749289772728,0.9256283422459892,1.0,0.917098445595855,0.9955156950672646,0.970515708762561,0.9777580685847782,0.955661941863012,0.9761765695333348,0.9832431014670372,0.9873982974210188,0.9755940396479796,0.9634928075469488,0.9948583603866182,0.9666443206423326,0.9863635721051218,0.994135864858862,0.972583906571712,0.9878048780487804,0.973237968927624,0.9630048491292512,0.9954339803836828,0.989010989010989,0.9709871281274208,0.9231439593683216
align-dinov2+1b-things+hyp-abl10-7,1.0,0.97690858876188,1.0,0.9931537136860328,0.974503902943666,0.9863013698630136,0.9902439024390244,0.9654584260883472,0.9937723882085444,0.9339622641509434,0.99322058283996,0.9751320842246336,0.9948587968914582,0.9729566430010655,0.994029478116623,0.980413917683639,0.984273231077232,1.0,0.9955566120586624,0.9958850525049844,1.0,0.9506346205779098,0.958651807885652,0.9933963423772022,0.9744972569094826,0.96,1.0,0.9951690821256038,0.977580105858186,0.9840149115312924,1.0,0.9483460008545312,0.9955155147030642,0.9822068261626934,0.9666371028771672,0.9653833483750114,0.994063872516414,0.9888081260341346,0.995798839016126,0.9876543209876544,0.987878787878788,0.9745468207006668,0.9430300807043288,0.9863635721051218,0.982407594576586,0.9781183898973954,0.9878048780487804,0.9760235565936312,0.9768371995262752,0.9954339803836828,0.9945054945054944,0.9885057471264368,0.9379024696296544
align-dinov2+1b-things+hyp-abl10-7-random,1.0,0.9769410184104996,1.0,0.9788636475794114,0.9491291021903266,0.95916965790052,0.9804248869144936,0.9567920449291808,1.0,0.9300613221834724,0.9841441465137868,0.9709844367365124,0.9844943383966048,0.9820406275760846,0.9821870727588292,0.9605911330049262,0.9744782409210258,1.0,0.9644739709655876,0.9876530657714464,0.9820485452598908,0.963198931649197,0.958651807885652,0.9868286397050944,0.970230352191822,0.956315136118248,0.9939253047725796,0.9975807746486112,0.9831307532920436,0.9153744258979014,1.0,0.9175865521849348,0.9910310294278905,0.9762029133222916,0.9669136445412364,0.9603016496465044,0.9820708890542283,0.9720718357783952,0.9831980259787748,0.9754575481914662,0.9637662337662338,0.9793778164281762,0.9762052984713288,0.990895730081022,0.9766134552994752,0.9781183898973954,0.972617971330528,0.98135165512838,0.944560185185185,0.9863013698630136,0.9889877199303428,0.9769287303352931,0.9452605788372213
align-dinov2+1b-things+hyp-abl10-local-shuffled-218,1.0,0.9622363418571948,1.0,0.9925510333460124,0.984797798682786,0.994094579008074,0.986712300748599,0.9847692189961916,0.9779872280845542,0.965802431516982,0.9676846590909092,0.9796207742224858,0.9817270437396374,0.9844477345980068,0.9732060901872222,0.9844773096435036,0.9867594200126152,1.0,0.9913793103448276,1.0,0.966990888650598,0.9824736439522432,0.9343846362446828,0.9877300613496932,0.977597486985847,0.988506760059054,1.0,0.9928125638614198,0.9877300613496932,0.966594119404259,0.9974259763440734,0.958472108973761,1.0,0.977557594261756,0.9893594842517158,0.962668515188932,0.9760479041916168,0.9786897878880504,0.9957440637021148,0.9893230233932278,0.9663651780667044,0.9637569544018032,0.961116690845516,1.0,0.9886363636363636,0.9898544707397826,0.9934640522875816,0.9586966050725916,0.9642857142857144,0.9953276132685736,0.9889560222154458,0.9948878835290416,0.9685721424534184
align-dinov2+1b-things+hyp-abl10-local-shuffled-42,1.0,0.9481009225002484,0.9954142987680752,0.9776531000380372,0.9898599154506732,0.9824194854444436,0.982264449030513,0.9949238578680204,0.992662409361518,0.9756448779484324,0.9723775227337496,0.99184473464974,0.9817270437396374,0.968984573877853,0.9891891891891892,0.9741950241193014,0.9867594200126152,1.0,0.9870628887890686,0.9958331162855308,0.973818840029915,0.988267740011926,0.9608601744223496,0.9877300613496932,0.9686200173143316,0.992337164750958,0.988291095094164,0.9904026595414156,0.9878045256512846,0.9778201058201058,0.9922574227048536,0.96916836904366,0.9958863195513832,0.9720275881343076,0.984077976628552,0.9765828956846728,0.9640718562874252,0.9839097145289538,0.995745143477944,0.9733971589040143,0.9608277900960828,0.9687336135335072,0.95640932454182,1.0,1.0,0.979591836734694,0.9770984983719804,0.9638595294385176,0.986596989893136,1.0,0.9944780111077228,0.9949076585973512,0.9725108349084522
align-dinov2+1b-things+hyp-abl10-local-shuffled-7,1.0,0.957537118409294,1.0,1.0,0.984797798682786,0.994094579008074,0.9823008849557522,0.979689151708619,0.985456333243944,0.9611865739220428,0.9629633331667417,0.9836894692994798,0.9817270437396374,0.9876160990712074,0.9945778823838376,0.9638730337670222,0.9855866750210804,1.0,0.9870745460368606,0.9916666666666668,0.973818840029915,0.9824736439522432,0.9673834786852912,0.9938874544553838,0.9641732889892632,0.9885043959939596,0.9941318979635224,0.9927912569610952,0.9878045256512846,0.988910052910053,0.9922574227048536,0.96916836904366,0.9917695473251028,0.9600902221869964,0.984077976628552,0.9625799776743172,0.9820906275664776,0.9839828735464408,1.0,0.994642925964466,0.9775767853778028,0.9792467660498516,0.961116690845516,1.0,0.9886363636363636,0.9949128495470988,0.9868983746068908,0.9611211277014656,0.9688484201970944,1.0,0.9917445223946596,0.984722975792054,0.9764458724666336
align-dinov2+1b-things+hyp-abl10-shuffled-218,0.9548714028290224,0.9541840494653564,0.9512707326385978,0.9861369928975564,0.9467303213786676,0.979669773572471,0.9313117629010392,0.9333333333333332,0.9880674119241194,0.9530072239422084,0.9137574149987944,0.9393939393939394,0.9804652278390492,0.9261713119805748,0.9688510177858932,0.9449076925181448,0.953194895611719,0.9379034374180006,0.9575019700551616,0.9342942102137842,0.9831117519459338,0.9738059042406868,0.9244047320223332,1.0,0.9610566756346808,0.9252621788734968,0.9843451187278044,0.9433789882780668,0.9736342666599114,0.9610266393248976,0.9382599512749308,0.9470823417420275,0.9533598814359,0.96677007203323,0.9647512361680082,0.9103497792501404,0.9710825572894538,0.9139818667535298,0.971685490833632,0.9386503067484664,0.953757225433526,0.9766041637294984,0.9175777397324004,0.9754567222307275,0.9837318029199948,0.973042540610108,0.9276105883625352,0.9430079279189972,0.9577914364024236,0.9231242070090548,0.9508443416672278,0.9535248065585432,0.9379827258088128
align-dinov2+1b-things+hyp-abl10-shuffled-42,0.9417347448435852,0.9497690704818372,0.9412038539124544,0.9660685669189524,0.9603549758817792,0.959339547144942,0.9496757721208822,0.9334242424242424,0.9766006351372204,0.9823659630056036,0.9005138865171997,0.922165909970788,0.9674420463984152,0.9296284320277076,0.9622641509433962,0.9351287717250718,0.937661030135231,0.9586817168338908,0.957550566107738,0.929876105957244,0.9777081195040084,0.987012987012987,0.9304480874316938,0.9875776397515528,0.9739993248885176,0.9134212932977224,0.9737616769195716,0.9237777720173848,0.9576719576719576,0.926524904975982,0.92556769658663,0.9631661379250248,0.9532945974049798,0.9537478572541686,0.9767441860465116,0.9197866445922308,0.9603543010456292,0.9238037875514472,0.9575159147994692,0.9454155544932756,0.9651054789783112,0.964906245594248,0.9359099376115808,0.9753854017572928,0.9727035294045604,0.9567567567567568,0.8961972635092834,0.9216048346483128,0.9482808701004812,0.9231052748467822,0.9400544959128064,0.9639798553290262,0.945396648489432
align-dinov2+1b-things+hyp-abl10-shuffled-7,0.9539170506912442,0.9275674679929998,0.9658650871813173,0.9930146226905506,0.964486880919112,0.979381443298969,0.9041279651547224,0.961904761904762,1.0,0.9823659630056036,0.9268354302911764,0.9524436502711684,0.9935237542893044,0.928822529683421,0.9555016659766172,0.9398358608043396,0.9481348843264994,0.9438657407407408,0.9575019700551616,0.951861972416742,0.9548022598870056,0.9804387199777173,0.9573431926520172,1.0,0.965398118941426,0.9330651192778854,0.958364866414402,0.9508231247114126,0.9786853508759412,0.9510622172862336,0.9325368423302502,0.957665873393622,0.9702783801668052,0.960462714315224,0.9768515866651392,0.9196565364053058,0.9716816436040208,0.9342214275174052,0.9574017150353972,0.9877300613496932,0.9480462793012446,0.9706609517987675,0.9267048793799634,0.955693723163127,0.9675675675675676,0.9729007716986204,0.9305647524249764,0.938160010903639,0.9484117556029622,0.9502364562303228,0.9534126073728744,0.9690721649484536,0.9417718832891246
align-dinov2+1b-things+hyp-abl10cat-218,1.0,0.9651216666722062,1.0,0.9913709021506316,1.0,0.9703703703703704,1.0,0.972366898148148,1.0,0.9257345491388044,1.0,1.0,1.0,0.9849105714462691,0.9728484942364042,0.9779194686188116,0.983946032579044,1.0,0.986456961966232,1.0,0.9866666666666668,1.0,0.9710768398268398,0.9902297530262364,0.9899497487437184,0.9785709122078674,1.0,1.0,0.9802024918621618,0.9822748052907104,1.0,0.9877682701972949,1.0,0.97992118457715,1.0,0.9951690821256036,0.9856115107913668,1.0,1.0,1.0,0.9837884897360704,0.9938357959062224,1.0,0.9956331877729256,0.991347289133264,1.0,0.9968109966189536,0.9877152010890612,0.9801980198019802,0.995490574437943,0.9946380697050938,1.0,0.9612430580172516
align-dinov2+1b-things+hyp-abl10cat-218-random,0.9940399925650664,0.9388034051130087,1.0,0.982566745968808,1.0,0.9703703703703704,1.0,0.9653705723722088,0.9809523809523808,0.9151350946713128,1.0,1.0,1.0,0.9909824846533708,0.9796151237559636,0.961337807894627,0.979627101496208,0.9912704861034864,0.9774282699437198,1.0,0.96,0.9945945945945948,0.9713471713471712,0.9801980198019802,0.9698492462311558,0.9743589743589745,1.0,1.0,0.967066202817363,0.9645794322522656,1.0,0.9386503067484664,0.9908256880733946,0.9798434263102764,1.0,1.0,1.0,1.0,0.995387652841174,1.0,0.967741935483871,0.9815073877186672,1.0,1.0,0.9910988700307344,0.963554616428808,0.9808917197452228,0.9627325618435196,0.9352533306980104,0.9865006102021652,0.9946219704178006,0.9815441108613716,0.9393694945593292
align-dinov2+1b-things+hyp-abl10cat-42,1.0,0.9651216666722062,1.0,0.982566745968808,1.0,0.9702057613168724,1.0,0.9793252190496752,1.0,0.9575628626692456,1.0,1.0,0.9936442556151148,0.9818735388813252,0.9660926619168376,0.9723959671904616,0.99121743672998,1.0,0.9864772335360572,1.0,0.980051258857229,0.9945945945945948,0.9529202226345084,0.9902297530262364,0.9849223369469616,0.9743323698707972,0.9941479914781812,1.0,0.967066202817363,0.9468801138207634,1.0,0.9627640605639336,0.9954152892679192,0.97992118457715,1.0,1.0,0.9927885452644892,1.0,1.0,1.0,0.9756147271986128,0.9876543209876544,1.0,1.0,1.0,0.9711922789974126,0.9936305732484076,0.987779887306687,0.9702676237329704,0.9909708764152731,0.9946380697050938,0.993869719405272,0.943897843835043
align-dinov2+1b-things+hyp-abl10cat-42-random,0.998528713155076,0.9738412500041548,0.9909766790201574,0.982566745968808,1.0,0.940411522633745,1.0,0.9444444444444444,0.98152799581371,0.8990820384827292,1.0,1.0,0.9872611464968152,0.9879409323853768,0.9660926619168376,0.9779127247645004,0.9764387715633944,1.0,0.9819565243434925,1.0,0.9394916559691912,0.9891304347826086,0.9382183558551348,0.9801980198019802,0.9849261464579432,0.9614763980339424,0.9883040935672516,1.0,0.9802024918621618,0.9468801138207634,1.0,0.9266096211837688,0.9954101973177956,0.97992118457715,1.0,1.0,0.9927885452644892,1.0,0.9815335327338328,1.0,0.9431010301300964,0.9938179787828028,1.0,1.0,0.991347289133264,0.9709043063441444,0.980988922428724,0.9754304021781226,0.9061186186460248,0.9818980471154384,0.989210574963343,1.0,0.943768503485818
align-dinov2+1b-things+hyp-abl10cat-7,1.0,0.9694633314619592,1.0,1.0,1.0,0.9778344774517548,1.0,0.9653705723722088,0.9906265359817272,0.9310451977571572,1.0,0.9953051643192488,1.0,0.9818735388813252,0.9728484942364042,0.9668792029282174,0.988358343712119,1.0,0.9819279144110352,1.0,0.9867333333333332,0.9891304347826086,0.9566152597402598,0.9902297530262364,0.9849223369469616,0.9785709122078674,0.9941479914781812,1.0,0.967066202817363,0.9527823947875806,0.9949644084588364,0.969273214508751,1.0,0.9865771812080536,1.0,0.9951690821256036,0.9784659829272182,1.0,1.0,1.0,1.0,0.9938357959062224,1.0,1.0,0.991347289133264,1.0,0.9808917197452228,0.975295564749774,0.9603568316439604,0.9909708764152731,0.9946535991052016,0.993869719405272,0.9351175040220978
align-dinov2+1b-things+hyp-abl10cat-7-random,1.0,0.9695286671081432,0.9864533838530448,0.9643614530832576,1.0,0.9777177509021084,1.0,0.9441240264221632,0.9906265359817272,0.9257090792515228,1.0,1.0,1.0,0.9879650245436608,0.9525297266835728,0.9337624147372856,0.9793839251179702,1.0,0.9819565243434925,1.0,0.92,1.0,0.9601632653061224,0.9902297530262364,0.9748705615782692,0.9742673515471848,0.9941479914781812,0.9947643979057592,0.9604440813050086,0.9468244158721316,0.9974880198418852,0.9507494986796908,0.9862128857783132,0.986603089222266,1.0,1.0,0.9927885452644892,0.9887640449438202,1.0,0.9826460481099656,0.9593578786643544,0.9938357959062224,1.0,1.0,0.956736445666319,0.992766045777642,0.9681528662420382,0.9725752867252556,0.9553760023823406,0.9864717233138284,0.9919205541829692,0.9570189952385488,0.9484740802675584
align-dinov2+1b-things+hyp-abl10cat-local-shuffled-218,1.0,0.9456338813039844,1.0,0.9728809202493413,1.0,0.986206896551724,1.0,1.0,0.990443934198341,0.9672131147540984,0.9842931937172776,1.0,0.9848484848484848,0.9966942182071844,0.975384309040223,0.9772874489158982,0.9837817135319188,1.0,1.0,1.0,0.9610103824872932,1.0,0.9324705928176366,0.9910988700307344,0.984355809383444,0.9753548692288986,0.9941898265860996,1.0,0.9932050412519876,0.975631549316238,0.997428944681692,0.9592254037641272,1.0,0.987687783446712,1.0,1.0,0.9855072463768116,0.9955555555555556,0.980998546243412,1.0,0.9701492537313432,0.9937189887221818,0.9886363636363636,1.0,1.0,0.981549089668902,0.996790589447994,0.9639607225958788,0.96444850264446,1.0,0.9944903581267218,0.9938316918059092,0.9831418281598352
align-dinov2+1b-things+hyp-abl10cat-local-shuffled-42,0.9984749927978712,0.9318689382427146,1.0,1.0,1.0,1.0,0.990990990990991,0.9917836707288812,0.990443934198341,0.9727120635641258,0.9735449735449736,1.0,1.0,0.9867982855587776,0.9752239167271848,0.9772874489158982,0.9868096858848742,1.0,0.9907834101382488,0.9953051643192488,0.968956900942195,1.0,0.9399599963736088,1.0,0.9895753790771245,0.9753948856180016,1.0,1.0,0.9932050412519876,0.975631549316238,0.997428944681692,0.9534883720930232,0.9957810417257206,0.9690898939140145,1.0,1.0,0.9927697510600976,1.0,0.990499273121706,1.0,0.9776683403260196,0.9622641509433962,1.0,1.0,0.9914227519082086,0.993879691976524,0.9839086324898092,0.9639607225958788,0.9643554794466896,0.99534303788836,0.997250169228992,0.9938316918059092,0.9747127422397532
align-dinov2+1b-things+hyp-abl10cat-local-shuffled-7,0.9984749927978712,0.9411483772929556,1.0,0.9913063614410004,1.0,1.0,1.0,1.0,0.990443934198341,0.961796888989776,0.9789473684210528,0.9907407407407408,0.992413929170366,0.9966831402592992,0.9815106940455806,0.9772727272727272,0.9855528916501068,1.0,0.9907676338476674,0.9953051643192488,0.984375,1.0,0.9506293402777778,1.0,0.9791302447552448,0.9917982952060004,1.0,1.0,0.9932050412519876,0.9878121500356326,1.0,0.9648337350574332,0.9957799890726288,0.981554362949712,1.0,1.0,0.9855072463768116,1.0,0.9952552749633552,1.0,0.9627805672100328,0.9812017245101932,1.0,1.0,0.9914227519082086,0.9877873877705026,0.996790589447994,0.961253972246272,0.9796954314720812,0.99534303788836,1.0,0.993822136673743,0.9619667856523596
align-dinov2+1b-things+hyp-abl10cat-shuffled-218,0.9481166837886552,0.9333601101372224,0.9484536082474226,0.9840749807987712,1.0,0.9874213836477987,1.0,0.9682539682539684,1.0,0.9673399709256898,1.0,1.0,0.9722686337243748,0.9382462600320052,0.9705882352941176,0.9529411764705882,0.927723815474283,0.9887583316154744,0.9271997323519572,1.0,0.9937317969580692,1.0,0.958385798094894,1.0,0.9496721723203584,0.89776813951387,0.9449280928604956,1.0,0.9631258910127724,0.9602182705902756,0.9129499886078832,0.973264566832443,0.9379655261327092,0.9220094026578324,1.0,1.0,0.964447185776479,0.9951219512195122,0.953791621222814,0.9900762006025164,0.9786149180751782,0.963271815541838,1.0,1.0,0.9918697890715829,0.952557319223986,0.8945248584015103,0.9440614452157772,0.9542286867551764,0.941141934269564,0.9293432405730404,0.9641508846895808,0.923206611671362
align-dinov2+1b-things+hyp-abl10cat-shuffled-42,0.960653035810755,0.8979572035559941,0.9638741237967664,0.9919879051251272,1.0,0.9503975317432064,1.0,0.984126984126984,1.0,0.9605691806503166,1.0,1.0,0.9862722323049,0.9317458663511636,0.9779668333686286,0.946986960180334,0.933433142297704,0.9890093048713736,0.9454545454545454,1.0,0.975,1.0,0.9403821403916524,1.0,0.9949733460877136,0.9261341309353311,0.961416733493718,1.0,0.9508345213503632,0.977260963674007,0.9296565439175374,0.9866666666666668,0.9557383339960266,0.9290780141843972,1.0,1.0,0.971313111641268,1.0,0.9445499454673768,1.0,0.9786149180751782,0.9146341463414634,1.0,1.0,0.983456043956044,0.9645374160082296,0.9084444444444444,0.9432210064351896,0.9389267676364832,0.9366914549168746,0.953161154496642,0.946384081706342,0.9147450178975362
align-dinov2+1b-things+hyp-abl10cat-shuffled-7,0.962604731873454,0.9379942171208272,0.9587320468763768,0.9919879051251272,1.0,0.9499458763239748,1.0,0.984126984126984,1.0,0.9672976779361164,1.0,1.0,0.986206896551724,0.9187450789894808,0.9852941176470588,0.9588591800356506,0.9251473122023464,0.9662749948464234,0.95885031303358,1.0,0.974689324044436,1.0,0.9234757621189406,0.9917034663089184,0.9597989949748744,0.9395142897273148,0.9556709956709956,1.0,0.956843103964358,0.9659178965165018,0.9242455088342711,0.9667047619047618,0.946886000795232,0.9148936170212766,1.0,1.0,0.94225768321513,1.0,0.9585405977711464,0.9798934108527132,0.971540959040959,0.9693292309530568,1.0,1.0,0.9669120879120878,0.9584123972169512,0.9223813675426578,0.9288251009211425,0.933885880868588,0.922617705492275,0.9579866543364808,0.9642237103174603,0.9391035842125258
align-dinov2+1b-things+hyp-abl20cat-218,1.0,0.9779735190302022,1.0,0.9700270436072542,1.0,0.965212130776717,1.0,0.9644873751387348,1.0,0.9848484848484848,1.0,0.979016354016354,0.962219496469626,0.9883803947381924,0.9735308063481438,1.0,0.9915596889055472,1.0,0.984852235346781,1.0,0.9899802884116607,0.9864210526315788,1.0,1.0,0.9824592400555388,1.0,1.0,1.0,0.9769107808892308,0.9777777777777776,1.0,1.0,1.0,0.9929078014184396,0.9716629235426228,1.0,0.9900132234767572,0.9849624060150376,1.0,0.991150442477876,0.9783068783068782,0.9903866650567422,1.0,1.0,1.0,1.0,1.0,0.992,1.0,0.994940109809031,1.0,1.0,0.9765126431101228
align-dinov2+1b-things+hyp-abl20cat-218-random,1.0,0.9484929018259785,1.0,0.9424153117652904,1.0,0.9652173913043478,0.9733700044632624,0.9464383036935704,1.0,0.9924812030075189,0.9803592907306096,0.9686417910447762,0.9697669374418394,0.9884351755421829,0.9863262766488574,1.0,0.9844297505690256,0.9434544995292656,0.9849468139388506,1.0,0.98,0.9864210526315788,1.0,0.9746037088389482,0.994175566295282,1.0,1.0,0.9973448487466022,0.9846117424242424,0.9773809523809524,1.0,1.0,1.0,1.0,0.952979123816886,1.0,0.9701002125721228,0.9849607056991188,0.9893617021276596,1.0,0.9455046932692736,0.9901887870521178,1.0,1.0,1.0,0.9786680541103018,1.0,1.0,1.0,0.9744945315888612,1.0,1.0,0.916824447264353
align-dinov2+1b-things+hyp-abl20cat-42,1.0,0.9779735190302022,1.0,0.9700270436072542,1.0,0.973909097187281,1.0,0.9466380496969776,1.0,1.0,0.9943661971830986,0.9683979406420352,0.9697669374418394,0.996145058514061,0.9735308063481438,1.0,0.9916607223235198,0.990689701878033,0.984901471570109,0.9894179894179894,0.9899802884116607,1.0,0.985714285714286,0.991529699190716,0.994175566295282,0.9937106918238994,1.0,1.0,0.9769107808892308,0.978119429590018,0.9931972789115646,1.0,1.0,1.0,0.9623043623043624,1.0,1.0,0.9849624060150376,1.0,1.0,0.9783068783068782,0.9903866650567422,1.0,1.0,1.0,1.0,1.0,0.992,1.0,0.994940109809031,1.0,1.0,0.9765638844586212
align-dinov2+1b-things+hyp-abl20cat-42-random,0.9919125868124016,0.9852941176470588,0.9807619727266172,0.9603960396039604,1.0,0.9738893442218248,0.980109103154114,0.9524804314249063,1.0,1.0,0.9708407884877124,0.9359181141439206,1.0,0.9768162636362046,0.9866324822846562,1.0,0.9916607223235198,0.9623029996861772,0.9798994974874372,0.9733360969316024,0.9799166666666668,1.0,1.0,0.991529699190716,0.9941960284591695,1.0,0.9917355371900828,0.997363935965306,0.9846117424242424,0.9889775363548916,0.9931972789115646,1.0,0.9915966386554622,1.0,0.9716629235426228,1.0,1.0,0.9849607056991188,0.9893231141804052,1.0,0.9673028159615642,1.0,1.0,0.9938650306748466,0.9928057553956836,0.978291852057842,1.0,1.0,1.0,0.994940109809031,1.0,0.9682539682539684,0.9411358429075992
align-dinov2+1b-things+hyp-abl20cat-7,1.0,0.9706202115549416,1.0,0.9900090145357512,1.0,0.982608695652174,1.0,0.958340902872777,1.0,1.0,1.0,0.979016354016354,0.962219496469626,0.992272087878735,0.9735308063481438,1.0,0.9932431121984134,1.0,0.9899497487437184,1.0,1.0,0.9864210526315788,0.9929078014184396,0.991529699190716,0.9883291602696864,1.0,1.0,1.0,0.9769107808892308,0.978119429590018,1.0,1.0,1.0,0.9929078014184396,0.9344052062398316,0.9925925925925926,1.0,0.9849624060150376,0.9946714043746456,1.0,0.9673028159615642,0.9711599951702272,1.0,1.0,1.0,1.0,1.0,0.992,1.0,0.994940109809031,1.0,1.0,0.964845826687932
align-dinov2+1b-things+hyp-abl20cat-7-random,0.9959703047196072,0.9779543817527012,0.990406861626049,0.9798252047426964,0.9923664122137404,0.973909097187281,1.0,0.9401148337211256,1.0,1.0,0.9828159778342184,0.979016354016354,1.0,0.992272087878735,0.9735308063481438,1.0,0.9848003856915124,1.0,0.9949671571900364,0.989468824293778,0.97013810741688,1.0,1.0,0.991529699190716,0.9883291602696864,1.0,1.0,0.9947463396278052,1.0,0.9777777777777776,1.0,1.0,1.0,1.0,0.9436813186813184,1.0,0.9900132234767572,0.9623804886516072,0.9622426040518776,1.0,0.9561781609195402,0.9901887870521178,1.0,1.0,1.0,0.9675955623097688,1.0,1.0,1.0,0.994940109809031,1.0,0.9058027582617746,0.94695060648396
align-dinov2+1b-things+hyp-abl20cat-local-shuffled-218,1.0,0.992427294528014,1.0,0.9626643373871756,1.0,0.981651376146789,0.9941182578739154,0.9869455544455544,1.0,1.0,0.972730809899664,0.9647613572555416,0.9827483579638752,0.9877648576471392,1.0,1.0,0.9872913489503904,1.0,0.9947471617015212,1.0,0.9681179143832704,1.0,1.0,0.9844961240310076,0.9886019283746555,1.0,1.0,0.994750656167979,0.9833052749719416,0.9622002459520392,1.0,1.0,1.0,1.0,0.97230890464933,1.0,0.98298315079137,0.9578137481606056,0.9945848579448888,0.994475138121547,1.0,1.0,1.0,1.0,1.0,1.0,0.9921259842519684,1.0,0.9928057553956836,1.0,1.0,1.0,1.0
align-dinov2+1b-things+hyp-abl20cat-local-shuffled-42,1.0,0.992427294528014,1.0,0.9753086419753086,1.0,0.9816233867205724,0.9941182578739154,0.9803641334741812,1.0,1.0,0.9864836434689076,0.9748295408968154,0.9741090477767592,0.9959216192157132,1.0,1.0,0.9931033436552468,1.0,1.0,1.0,1.0,1.0,1.0,0.992256613519072,0.9886019283746555,1.0,1.0,0.9973663410086728,0.9916602469827486,0.9874000819840132,1.0,0.992248062015504,1.0,1.0,0.97230890464933,1.0,0.9914730407341243,0.96484999982495,0.9945848579448888,1.0,1.0,1.0,1.0,1.0,1.0,0.9910368570382824,0.984126984126984,1.0,1.0,1.0,1.0,1.0,1.0
align-dinov2+1b-things+hyp-abl20cat-local-shuffled-7,1.0,0.992427294528014,1.0,0.9756605604063232,1.0,0.990819477148844,0.9941182578739154,0.9869455544455544,1.0,1.0,0.9783119939959468,0.96984,0.9827483579638752,1.0,1.0,1.0,0.9919434618813447,1.0,0.9842414851045638,1.0,0.9893726381277568,1.0,1.0,0.992256613519072,0.9886019283746555,1.0,1.0,1.0,0.9833052749719416,0.9875919300337904,0.992248062015504,1.0,1.0,0.9925925925925926,0.99076963488311,1.0,0.98298315079137,0.957822051546161,0.9945848579448888,1.0,1.0,1.0,1.0,1.0,1.0,0.981981981981982,0.984126984126984,0.9930069930069928,1.0,1.0,1.0,1.0,0.9877300613496932
align-dinov2+1b-things+hyp-abl20cat-shuffled-218,0.9578059071729956,0.9626969718914212,0.9565366351026152,0.988291095094164,1.0,0.9333440018763606,0.973477038425492,0.9300079923483092,1.0,1.0,0.9238820128690454,0.919139711165308,0.9722246039231378,0.9322826766729206,0.987788051273809,1.0,0.962609656009882,0.9688409381911304,0.9213866927184552,0.926751893939394,0.9813871486768684,1.0,1.0,0.8884026707755522,0.955515762962316,1.0,1.0,0.9364183363314932,0.9011145569761974,0.987850154530601,1.0,1.0,1.0,1.0,0.961012596306714,1.0,0.9572524957981492,0.9062992501133889,0.9655939781252368,1.0,0.9775280898876404,0.9876880913946402,1.0,1.0,1.0,0.9814814814814816,1.0,1.0,1.0,0.9013421474358974,1.0,1.0,0.9363770219916504
align-dinov2+1b-things+hyp-abl20cat-shuffled-42,0.9659480599969744,0.9029472520438742,0.9753086419753086,0.9762175013421276,1.0,0.9530722737323972,0.960215557638238,0.9550069127533916,1.0,1.0,0.9172562469377756,0.9237883620718722,0.9722246039231378,0.9152078739654236,0.987788051273809,1.0,0.966908229555102,0.9378472222222222,0.9531572920205456,0.9417101045202306,0.9906316500840192,1.0,1.0,0.9759750146398594,0.9610064629254036,1.0,1.0,0.9408756073376804,0.9507115628526804,0.987850154530601,1.0,1.0,1.0,1.0,0.951129045155655,1.0,0.991502066758226,0.8914523770440768,0.9541253041669824,1.0,1.0,1.0,1.0,1.0,1.0,0.9725873096734023,1.0,1.0,1.0,0.9167521710912632,1.0,1.0,0.9480889137889488
align-dinov2+1b-things+hyp-abl20cat-shuffled-7,0.9659480599969744,0.940325112405885,0.9253318481388656,0.988291095094164,1.0,0.9528358736536524,0.946954076850984,0.9159594022216894,1.0,1.0,0.9111896062619964,0.928752678783151,0.9814814814814816,0.9512272981468,0.9759036144578314,1.0,0.9595528837074684,0.98961364606371,0.915649976124804,0.914977257959714,0.9812142558236852,1.0,1.0,0.968,0.9668508287292816,1.0,1.0,0.9473754822050772,0.9507115628526804,0.9877548898459964,1.0,1.0,1.0,1.0,1.0,1.0,0.8983050847457628,0.9136690647482014,0.9659455842997324,1.0,1.0,1.0,1.0,1.0,1.0,0.9816490009746588,1.0,1.0,1.0,0.91712922561909,1.0,0.9876897049310842,0.9059430512016718
align-dinov2+1b-things+hyp-abl30-218,1.0,0.9385913021601066,1.0,0.9893477178760453,0.9722869722869724,0.98873285702554,0.9925975087415272,0.9584635416666668,1.0,0.9724025974025974,0.9838297157860862,0.9580988641329498,0.9920956826903105,0.975836746255073,1.0,0.9781219755220404,0.9963503649635036,1.0,0.9852941176470588,0.98244893671304,1.0,0.9584400068271036,0.9581545266327876,0.9560713942736414,0.9802811354997774,0.9668792029282174,1.0,0.992063492063492,0.9689913114159866,0.984887839433294,1.0,0.9788957340861066,1.0,0.9803496081977096,0.9559701789001152,0.9844961240310076,1.0,0.9911801363574206,0.9874901960784314,0.989837227590516,0.9686752136752136,0.976037172965896,0.9767885081619176,0.9916417803576002,0.9902601563501218,1.0,0.9896373056994818,0.9754682564399164,0.981123068227622,1.0,1.0,1.0,0.9426420674230837
align-dinov2+1b-things+hyp-abl30-218-random,1.0,0.9658586891109914,0.9934651698779228,0.9587909166856536,0.9445739445739448,1.0,0.9851851851851852,0.9025665503544232,1.0,0.9586038961038962,0.9458896982310094,0.9760582135585356,0.960774818401937,0.9807323053290796,1.0,0.9853767147884795,0.9944759072048682,1.0,0.970633236901318,0.98244893671304,0.922888273034433,0.9893485930352288,0.9474180911680912,0.9886873988316942,0.9934236244304894,0.9392784862772688,0.9620412267471092,0.9960185661381806,1.0,0.9398458019147674,1.0,0.9439336440584436,0.9871987083381388,0.9900905046786318,0.9646339377352036,0.9535389282103136,0.9895264476981928,1.0,0.9686701270103416,0.989837227590516,0.948028420854508,0.991962665597116,0.9689922480620154,0.9916417803576002,1.0,0.9710485791968432,0.9844325603684312,0.9546629758131716,0.9560167432222896,0.9733333333333334,0.975550316371306,0.989644133749604,0.9427632642068408
align-dinov2+1b-things+hyp-abl30-42,0.997376215658764,0.9658586891109914,1.0,0.9895901042929904,0.9515371580731056,0.9885321491160908,0.9555555555555556,0.9723090277777776,0.9893550221985832,0.9722222222222222,0.9870300427352916,0.9700706172378212,0.9920956826903105,0.9709695792012863,1.0,0.9707534295769588,0.981529312699334,0.9898565046813024,0.9926530953906384,1.0,1.0,0.978884960966269,0.9423922346716463,0.9778019662921348,0.986842105263158,0.9503187614995836,1.0,0.9960445723804502,0.9894702367578232,0.984887839433294,1.0,0.9789340496851736,0.9935948236678164,0.9803496081977096,0.9559701789001152,0.9689922480620154,0.9791508551944124,0.9824157739481448,0.9874901960784314,0.989837227590516,0.9583333333333334,0.967953149001536,0.946023886939131,0.9749253410728004,0.9707804690503652,0.9807692307692308,0.984478324720121,0.9546629758131716,0.9622641509433962,0.9933318502039302,0.9959451137220872,1.0,0.9618777703321634
align-dinov2+1b-things+hyp-abl30-42-random,0.997360468733333,0.9044340302811824,1.0,0.9687703128789716,0.9791819023938374,0.9772727272727272,1.0,0.937655890839732,1.0,0.9376121162421198,0.9636237561240166,0.9521061147927896,0.9920956826903105,0.9903661526645398,1.0,0.9778740200646896,0.9907356452435012,0.989731064839729,0.9779205799967045,0.9707482278550668,0.9617550164719976,0.8997779336138384,0.942240985229609,1.0,0.9868512426900584,0.9392711278190152,0.980904602643733,0.9880556984145418,0.9689913114159866,0.9472649486128945,0.9954076363490064,0.9579502330438326,0.9807134940919122,0.9803496081977096,0.9821599825632084,0.937984496124031,0.989416976785398,1.0,0.9687095254915814,1.0,0.9274999066502372,0.976037172965896,0.9532909847832328,0.9831932773109244,0.9901276639688134,0.9903495263989478,0.968999343410554,0.9796089443264284,0.9120333040668472,0.99333422257792,0.9959451137220872,1.0,0.9556265171877752
align-dinov2+1b-things+hyp-abl30-7,1.0,0.9726443689914008,1.0,0.9893477178760453,0.9722600887157848,1.0,0.98520318816386,0.9722712130119536,0.9893550221985832,0.9792716445258818,0.9935150213676456,0.9880239520958084,1.0,0.9709695792012863,1.0,0.9780048324358296,0.9889854667646888,1.0,0.9926530953906384,1.0,0.9905375751733002,1.0,0.953078965459188,0.9888351473330382,0.9868512426900584,0.9723959671904616,1.0,0.992063492063492,0.9689913114159866,0.9772389049131712,1.0,0.9577464788732394,0.9935841099682908,0.9707598874240854,0.9473634473634476,0.9767582455434908,0.9685793430945784,0.9911801363574206,0.993747795760022,1.0,0.9371850664223546,0.983976574500768,0.9844961240310076,0.9833688607407772,0.9806402318012224,0.9807692307692308,0.989666447803518,0.9796089443264284,0.9748427672955976,1.0,1.0,0.989644133749604,0.9555618889049782
align-dinov2+1b-things+hyp-abl30-7-random,1.0,0.9521570909619956,1.0,0.9453182560784188,0.9376667475139462,0.9772727272727272,0.9851851851851852,0.9445424260239076,1.0,0.9381377230459914,0.967028828742208,0.9461271110280784,1.0,0.975836746255073,0.9736842105263158,0.9628814092481912,0.981412269955722,0.9687630154102456,0.977959286171915,0.98244893671304,0.9523699727217452,0.978884960966269,0.952742624278771,0.9888351473330382,0.9802811354997774,0.9503218263699252,1.0,0.992114107547781,1.0,0.9247208931419456,1.0,0.9227581821789698,0.9935841099682908,0.98,0.9551842851914129,0.9458149963080442,0.9791508551944124,0.9911187491928116,0.993747795760022,0.9895306751902836,0.9371850664223546,1.0,0.929772998625827,0.9833688607407772,0.9806402318012224,0.9904172367161984,0.9845200118320648,0.9713048027965616,0.912012578616352,0.9799955506117908,0.9795898667232168,1.0,0.9620253164556962
align-dinov2+1b-things+hyp-abl30-local-shuffled-218,0.997355475399668,0.9454539337299976,1.0,1.0,0.965616325020766,0.9792377069434148,0.9863945578231292,0.991995887153782,0.9767474534597824,0.9500206276150792,0.9575376346363378,0.9817093575286004,0.9819081590025388,0.9898477157360406,1.0,0.982965734029564,0.992650324232836,1.0,1.0,1.0,0.9735888550363978,1.0,0.9387665459086724,0.9794768711534644,0.970771766186591,0.9943172639450628,1.0,0.9884520458086542,1.0,0.9741632344812016,0.9903381642512076,0.9554505922926976,0.9882984844041226,0.9619155354449472,0.982775667888947,0.9509666629294604,0.97943661971831,1.0,0.993748287738249,0.9906031974873206,0.981132075471698,0.9696355165798848,0.9707113543091656,1.0,0.990498711349339,1.0,0.9754567222307275,0.961274115573548,0.979574808646863,0.9926960270415912,1.0,1.0,0.971106007863904
align-dinov2+1b-things+hyp-abl30-local-shuffled-42,1.0,0.9522252885896276,1.0,1.0,0.9793520638499704,1.0,0.9863648685280564,0.992003079094233,0.9878481307052736,0.9426403974859328,0.9642626221523918,0.987806691989276,0.9819081590025388,0.9898737899087404,1.0,1.0,0.9945068192773616,1.0,0.993202376253269,0.9933721800091748,0.9824561403508772,1.0,0.9438094941504988,1.0,0.9780881774244587,0.9943172639450628,1.0,0.9922779922779924,0.9793628808864264,0.982789704907162,0.9951595167194895,0.9629214066801726,0.9941508453551272,0.9619155354449472,0.982775667888947,0.9371076268934362,0.97943661971831,0.9915663934285373,0.993748287738249,0.9906031974873206,0.9429862192020044,0.9696355165798848,0.9926629436150006,0.990703259531024,0.9631841060071296,0.9917695725364708,0.9901687186502508,0.961274115573548,0.9727765086761168,0.9926960270415912,1.0,0.9907961603613776,0.976878612716763
align-dinov2+1b-things+hyp-abl30-local-shuffled-7,0.9973393210371556,0.9590675591531757,1.0,1.0,0.9724535809018569,0.9690518088534406,0.9863945578231292,0.992003079094233,0.9702564102564104,0.9355681406777298,0.9403608296809932,0.987806691989276,0.9819081590025388,0.9898477157360406,1.0,0.974487130943019,0.9872691831046968,1.0,0.993202376253269,0.9867325376869592,0.9825715604801476,0.9803921568627452,0.92804206413081,0.9791666666666666,0.985396790811324,0.9886319562790152,1.0,0.996150681936218,0.9895815319963926,0.9742019316550948,0.9951595167194895,0.9777528440081034,0.9941508453551272,0.9435599694423225,0.982775667888947,0.9092244892208968,0.969336670838548,0.9916251085414404,0.9874921679197994,0.9809523809523808,0.9715991654463108,0.9619284088557832,0.9634588071810276,1.0,0.990629229542514,1.0,0.9901687186502508,0.9728393575948552,0.965980093700056,1.0,0.9959104341445032,0.9907961603613776,0.96534111468839
align-dinov2+1b-things+hyp-abl30-shuffled-218,0.9554335753263687,0.940154478522065,0.967479674796748,0.979381443298969,0.9215409888188224,0.9915253470809026,0.9586246260431428,0.9680575243965076,1.0,0.97143895254532,0.9019632157454068,0.9493995612139072,0.9688582089552238,0.9213721174159046,1.0,0.9445355131539644,0.9411006699754904,0.9545454545454546,0.9227100402707132,0.9549886263212132,0.9734457816299809,1.0,0.9651382273191144,1.0,0.9555048229292098,0.9573091380662828,0.9667579391307084,0.9600606336630508,0.9625407349773912,0.9701625651009168,0.9510641441000875,0.953846153846154,0.9671835450523976,0.9111111111111112,0.9794149725369204,0.9581041980171728,0.9629629629629628,0.9679292645461016,0.9726027397260274,0.990570443202022,0.9727920307640648,0.9273110855389336,0.9128805993942292,0.9825873444294496,0.9725074356653304,0.9387918924342764,0.9340969215676596,0.9092675631390168,0.9669048563668152,0.945866745866746,0.9675123809523808,0.9731191105840166,0.9713948267539028
align-dinov2+1b-things+hyp-abl30-shuffled-42,0.9535454541784254,0.9532844810583648,0.9269753273752048,1.0,0.9715070809554004,0.9915253470809026,0.9448328347241904,0.952086286594761,1.0,0.99047965084844,0.9176815027760524,0.9493995612139072,0.9586100569259962,0.931000554323725,1.0,0.9445355131539644,0.9511018488435428,0.9660921223277412,0.915321925481242,0.9549061506686156,0.9644989713482864,1.0,0.9649749432998792,0.979381443298969,0.9872611464968152,0.9573218342334008,0.9916443805057292,0.9525923735033466,0.980950988419698,0.9776181831348528,0.9360503482437338,0.953846153846154,0.9453912193613724,0.956102564102564,0.9695063932795668,0.944055944055944,0.9451740671252864,0.967741935483871,0.9725448730088588,0.972220275034534,1.0,0.9543420416061924,0.9416074121956476,0.9739702769960694,0.9725074356653304,0.956748131351306,0.907786822457588,0.9126472555954788,0.940413060015738,0.9188001188001188,0.9510601965601966,0.963963963963964,0.959952757455464
align-dinov2+1b-things+hyp-abl30-shuffled-7,0.9559302324055224,0.973274949826674,0.9431350049236228,0.969657389305661,0.9570053475935828,0.950958751393534,0.931021361465386,0.9520555841482244,0.989134040307584,0.9904709904709904,0.9257206134362004,0.9620435969516256,0.93701171875,0.9509891843945564,1.0,0.9600878373741693,0.958925553028576,0.988697374109247,0.9507463902914342,0.9227702530028112,0.9644989713482864,1.0,0.9402985074626866,1.0,0.9618674387686744,0.93899718113647,0.9670888883412602,0.9559356351236148,0.9801573703915224,0.9552438343044136,0.9558836887968156,0.9382249089530992,0.9453912193613724,0.9555555555555556,0.9794149725369204,0.9370066455283848,0.954017297154552,0.9600179276143466,0.9862724365044296,1.0,0.972657025894436,0.9733153824910245,0.9339576372497932,0.9392639796574956,0.9725074356653304,0.97359477124183,0.9177402317096148,0.9329368944940558,0.933774834437086,0.9324324324324323,0.9758270400120111,0.9728177938704256,0.9714360506153968
align-dinov2+1b-things+hyp-abl30cat-218,1.0,1.0,1.0,1.0,1.0,1.0,1.0,1.0,1.0,1.0,1.0,1.0,1.0,0.986596618845558,1.0,0.9787234042553192,1.0,1.0,1.0,0.9935247733502002,1.0,1.0,0.935731177473464,0.985991199154614,1.0,1.0,1.0,0.9847896118458448,1.0,1.0,1.0,0.9686829474872954,0.993761163415112,1.0,1.0,1.0,0.985781565373402,1.0,1.0,1.0,1.0,1.0,1.0,0.9894736842105264,1.0,1.0,1.0,1.0,0.9823008849557522,1.0,0.9928580792417387,0.9719742427820472,0.985578231292517
align-dinov2+1b-things+hyp-abl30cat-218-random,1.0,1.0,1.0,1.0,1.0,0.9824561403508772,0.9833333333333332,1.0,1.0,1.0,0.9904761904761904,1.0,0.9900070344688976,0.9933162470475904,1.0,1.0,0.9866666666666668,0.9852439725606088,0.9879518072289156,0.9737904951205708,0.9887640449438202,1.0,0.9360197740333256,0.9858315989868188,1.0,1.0,1.0,0.9896907216494846,1.0,1.0,1.0,0.9364583333333334,0.9616273291925466,1.0,0.9873417721518988,0.9901775307354844,0.985781565373402,1.0,0.9552408502799244,1.0,1.0,1.0,1.0,1.0,1.0,0.9859210853766632,1.0,1.0,0.945397000983284,1.0,0.9625487298792756,0.9905306615724992,0.8755247858696134
align-dinov2+1b-things+hyp-abl30cat-42,1.0,1.0,1.0,1.0,1.0,1.0,1.0,0.989010989010989,1.0,1.0,1.0,1.0,1.0,1.0,1.0,0.9894736842105264,1.0,1.0,0.9879518072289156,1.0,1.0,1.0,0.9074357015533489,1.0,1.0,1.0,1.0,1.0,1.0,1.0,1.0,0.9377232142857144,0.9874646850424044,1.0,1.0,0.9705325922064536,1.0,1.0,1.0,1.0,1.0,1.0,1.0,1.0,1.0,1.0,1.0,1.0,0.9731074133423714,1.0,1.0,0.9809856332470096,0.941060808350528
align-dinov2+1b-things+hyp-abl30cat-42-random,0.9918092831798844,1.0,1.0,1.0,1.0,1.0,0.991704770942973,1.0,1.0,1.0,1.0,1.0,1.0,0.9730392156862744,1.0,1.0,1.0,0.9852439725606088,1.0,0.9935247733502002,1.0,1.0,0.9540936981953316,0.9858315989868188,1.0,1.0,1.0,0.9896907216494846,1.0,1.0,1.0,0.9475427350427352,0.9875776397515528,1.0,1.0,0.9901775307354844,0.985781565373402,1.0,1.0,0.9873417721518988,1.0,0.9887640449438202,1.0,1.0,1.0,0.9859210853766632,1.0,1.0,0.945957361222848,1.0,0.9928580792417387,1.0,0.941060808350528
align-dinov2+1b-things+hyp-abl30cat-7,1.0,1.0,1.0,1.0,1.0,1.0,0.9753241800152554,1.0,1.0,1.0,1.0,1.0,1.0,0.979948741142771,1.0,0.9894736842105264,0.9866666666666668,1.0,1.0,1.0,0.9887640449438202,1.0,0.9726831308226656,1.0,1.0,1.0,1.0,0.994874633910786,1.0,1.0,1.0,0.9584821428571428,0.993761163415112,1.0,1.0,0.9901775307354844,1.0,1.0,1.0,1.0,1.0,1.0,1.0,0.9894736842105264,1.0,0.971842164095685,1.0,1.0,0.9639715741485654,1.0,0.9964544140530752,1.0,0.9708577770730934
align-dinov2+1b-things+hyp-abl30cat-7-random,1.0,1.0,1.0,1.0,1.0,0.9824561403508772,1.0,1.0,1.0,1.0,1.0,1.0,1.0,0.979838504900716,1.0,1.0,1.0,0.955731917681826,1.0,0.9935247733502002,1.0,1.0,0.9450413223140496,0.985991199154614,1.0,1.0,1.0,0.9896907216494846,1.0,1.0,1.0,0.9790721415607984,0.9874646850424044,1.0,0.9743589743589742,0.9803137568502012,0.9576810499480692,1.0,0.9823249362723048,1.0,1.0,1.0,1.0,1.0,1.0,0.971830985915493,1.0,1.0,0.9193222400271144,1.0,0.9892081170698652,0.9719742427820472,0.92632601043816
align-dinov2+1b-things+hyp-abl30cat-local-shuffled-218,1.0,0.987012987012987,1.0,1.0,1.0,1.0,0.9777177509021084,0.9830508474576272,1.0,1.0,0.9873417721518988,1.0,1.0,0.9858214285714284,1.0,0.9894736842105264,1.0,0.9846526806526806,1.0,0.9937706061058816,1.0,1.0,0.9708602541695992,1.0,1.0,1.0,0.9885057471264368,1.0,1.0,1.0,0.990106729223324,0.9671259867489186,1.0,1.0,1.0,1.0,1.0,0.9873417721518988,1.0,1.0,0.9859154929577464,1.0,1.0,1.0,1.0,0.9874739207189858,1.0,1.0,0.9750619788145144,1.0,0.9931506849315068,0.9905306615724992,0.9861001642036124
align-dinov2+1b-things+hyp-abl30cat-local-shuffled-42,1.0,1.0,1.0,1.0,1.0,1.0,0.9851851851851852,1.0,1.0,1.0,0.9873417721518988,1.0,1.0,0.9858214285714284,1.0,1.0,1.0,0.9846526806526806,1.0,0.987503206361421,1.0,1.0,0.9609969740404524,1.0,1.0,1.0,1.0,1.0,1.0,1.0,0.990106729223324,0.956043956043956,1.0,0.9882352941176472,1.0,0.9901775307354844,1.0,1.0,1.0,1.0,0.9714285714285712,1.0,1.0,1.0,1.0,0.9875218983914636,1.0,1.0,0.9916445287792536,1.0,1.0,0.9905306615724992,0.9579500525499224
align-dinov2+1b-things+hyp-abl30cat-local-shuffled-7,1.0,0.987012987012987,1.0,1.0,1.0,1.0,0.9777177509021084,1.0,1.0,1.0,0.9743589743589742,1.0,1.0,0.9928845825123928,1.0,0.9894736842105264,0.9885057471264368,1.0,1.0,1.0,1.0,1.0,0.9308469925332422,0.9825118528299154,1.0,1.0,1.0,0.9893805763397144,1.0,0.987012987012987,0.9934468550371038,0.978021978021978,0.993953576445119,1.0,0.9894736842105264,0.9804539868765796,0.9668571428571427,1.0,1.0,1.0,0.9859154929577464,1.0,1.0,1.0,1.0,0.975079365079365,0.9705882352941176,1.0,0.9750619788145144,1.0,0.996557058168102,0.9905306615724992,0.9719667016999484
align-dinov2+1b-things+hyp-abl30cat-shuffled-218,0.941129872478194,1.0,1.0,1.0,1.0,1.0,0.9441504997060552,1.0,1.0,1.0,0.9894736842105264,1.0,0.9650535298830936,0.9162486410192832,1.0,1.0,1.0,0.9500416782439566,1.0,0.9390749734089868,1.0,0.9708994708994708,0.9163930063349792,0.9844447727869712,1.0,1.0,1.0,0.917085375183508,1.0,1.0,0.9435478669195144,0.9463226548713842,0.955393726805958,1.0,1.0,0.9092261904761904,0.883702213279678,0.9894736842105264,0.9585954380474928,1.0,1.0,1.0,0.9876543209876542,1.0,1.0,0.9777777777777776,1.0,1.0,0.9710921757289556,1.0,0.9112701357599317,0.9543887293398056,0.9587827988338192
align-dinov2+1b-things+hyp-abl30cat-shuffled-42,0.946181404032322,1.0,1.0,1.0,1.0,1.0,0.9188161375661376,1.0,1.0,1.0,1.0,1.0,0.9530714611425966,0.9104724879918678,1.0,1.0,0.9887640449438202,0.9833472570314676,1.0,0.9466731091050512,1.0,1.0,0.9245677662690396,0.9690104166666668,1.0,1.0,0.9896907216494844,0.934155674464908,1.0,1.0,0.9272041507147464,0.9353566958698372,0.9238498789346248,1.0,1.0,0.9180223857329924,0.883702213279678,0.9894736842105264,1.0,1.0,1.0,1.0,1.0,1.0,1.0,0.9778565002249212,1.0,1.0,0.9710921757289556,1.0,0.9556848686727124,0.9728150470219435,0.9505446518546956
align-dinov2+1b-things+hyp-abl30cat-shuffled-7,0.9525396256860552,1.0,1.0,0.9855072463768116,1.0,1.0,0.8907406186594005,1.0,1.0,1.0,1.0,1.0,0.9766537467700256,0.9228592584756968,1.0,0.9863013698630138,0.9887640449438202,0.9833472570314676,1.0,0.8910900775307554,1.0,1.0,0.9089496362223636,0.9690104166666668,1.0,1.0,0.9791666666666666,0.9400726839783196,1.0,1.0,0.9133501638209736,0.8929988151048375,0.949632279864838,1.0,1.0,0.8729166666666667,0.917306052855925,1.0,0.9393939393939394,1.0,1.0,1.0,0.9876543209876542,1.0,1.0,0.988910052910053,1.0,0.989010989010989,0.8791962754226905,1.0,0.9187819643986626,0.9636363636363636,0.9371652928381556
align-dinov2+1b-things+hyp-abl40cat-218,1.0,0.9795478494108631,1.0,1.0,1.0,1.0,1.0,0.9830803670266416,1.0,1.0,1.0,1.0,1.0,0.9919416691299634,1.0,1.0,1.0,0.9787234042553192,0.9861536479949624,0.99240621879903,1.0,1.0,1.0,1.0,1.0,1.0,1.0,1.0,0.96,0.975,1.0,1.0,1.0,1.0,0.979591836734694,1.0,1.0,1.0,1.0,1.0,1.0,1.0,1.0,1.0,1.0,1.0,1.0,0.9861664177866268,0.9836065573770492,0.979591836734694,1.0,1.0,0.984831524197196
align-dinov2+1b-things+hyp-abl40cat-218-random,1.0,0.9585257985257988,1.0,0.9750156347717324,1.0,1.0,1.0,0.9830803670266416,1.0,1.0,1.0,1.0,1.0,0.9669834983498348,1.0,0.9812170342313002,1.0,1.0,0.965057508947354,0.9612085109418752,1.0,0.925925925925926,1.0,1.0,1.0,1.0,1.0,1.0,1.0,0.9336709177294324,1.0,1.0,1.0,1.0,0.9583333333333336,1.0,1.0,1.0,1.0,1.0,1.0,1.0,1.0,1.0,0.9836065573770492,1.0,0.9818181818181818,0.9135170861580364,1.0,1.0,0.960319722075208,1.0,0.9544945725915877
align-dinov2+1b-things+hyp-abl40cat-42,1.0,0.9485248644912512,1.0,1.0,1.0,1.0,1.0,0.9830803670266416,1.0,1.0,1.0,1.0,1.0,0.98376,1.0,1.0,1.0,1.0,0.9794160406862374,0.99240621879903,1.0,1.0,1.0,1.0,1.0,1.0,1.0,1.0,0.96,1.0,1.0,1.0,1.0,1.0,1.0,1.0,1.0,1.0,1.0,1.0,1.0,1.0,1.0,1.0,1.0,1.0,1.0,0.9790644485893246,1.0,0.979591836734694,1.0,1.0,0.9701492537313432
align-dinov2+1b-things+hyp-abl40cat-42-random,1.0,0.9491926421009048,0.9508196721311476,0.8750781738586617,1.0,1.0,1.0,0.9661016949152542,1.0,1.0,0.9830508474576272,1.0,1.0,0.98376,1.0,0.8867924528301887,0.9974162600621744,1.0,0.9409930901494458,0.9045551421449988,1.0,0.9056603773584906,1.0,1.0,1.0,1.0,1.0,1.0,1.0,0.9233893557422967,1.0,1.0,1.0,1.0,1.0,0.9767441860465116,1.0,1.0,1.0,1.0,1.0,1.0,1.0,1.0,1.0,1.0,1.0,0.9723328355732536,1.0,0.9361702127659576,0.989524301340648,1.0,0.8874213005767622
align-dinov2+1b-things+hyp-abl40cat-7,1.0,0.937788697788698,1.0,0.9750156347717324,1.0,0.9803921568627452,1.0,0.9830803670266416,1.0,1.0,1.0,1.0,1.0,0.98376,1.0,1.0,1.0,1.0,0.9723072959899246,0.99240621879903,1.0,1.0,1.0,1.0,1.0,1.0,1.0,1.0,1.0,1.0,1.0,1.0,1.0,1.0,1.0,0.9523809523809524,1.0,1.0,1.0,1.0,1.0,1.0,1.0,1.0,1.0,1.0,1.0,0.9790644485893246,1.0,1.0,1.0,1.0,0.984831524197196
align-dinov2+1b-things+hyp-abl40cat-7-random,1.0,0.9691149186947504,0.967741935483871,1.0,1.0,1.0,1.0,0.9661016949152542,1.0,1.0,0.9655172413793104,1.0,1.0,0.9754444106000608,1.0,1.0,0.9949494949494948,1.0,0.9861536479949624,0.9244101279339588,1.0,0.925925925925926,1.0,1.0,1.0,1.0,1.0,1.0,1.0,0.94765625,1.0,1.0,1.0,1.0,1.0,0.9767441860465116,1.0,1.0,0.9285714285714286,1.0,1.0,1.0,1.0,1.0,0.9836065573770492,1.0,1.0,0.9662498744353708,0.9836065573770492,1.0,0.9897959183673468,1.0,0.9012175962293794
align-dinov2+1b-things+hyp-abl40cat-local-shuffled-218,1.0,0.9895084372707263,1.0,1.0,1.0,1.0,1.0,1.0,1.0,1.0,1.0,0.9863013698630138,1.0,1.0,1.0,1.0,1.0,1.0,0.9857142857142858,0.993114791340103,1.0,1.0,1.0,1.0,1.0,1.0,1.0,1.0,1.0,0.97578125,1.0,1.0,1.0,1.0,1.0,1.0,1.0,1.0,1.0,1.0,1.0,1.0,1.0,1.0,1.0,1.0,1.0,0.9526504972752438,1.0,1.0,1.0,1.0,0.9626757187114314
align-dinov2+1b-things+hyp-abl40cat-local-shuffled-42,1.0,0.9895084372707263,1.0,1.0,1.0,0.972972972972973,1.0,1.0,1.0,1.0,0.979591836734694,1.0,1.0,1.0,1.0,0.9815135093585456,1.0,0.9777777777777776,0.9857142857142858,1.0,1.0,1.0,1.0,1.0,1.0,1.0,1.0,1.0,1.0,1.0,1.0,1.0,1.0,1.0,1.0,1.0,0.979591836734694,1.0,0.9777777777777776,1.0,1.0,1.0,1.0,1.0,1.0,1.0,1.0,0.9463510848126232,1.0,1.0,1.0,1.0,0.9698957247132428
align-dinov2+1b-things+hyp-abl40cat-local-shuffled-7,1.0,0.9583333333333334,1.0,1.0,0.967741935483871,1.0,1.0,1.0,1.0,1.0,0.979591836734694,0.9863013698630138,1.0,0.9919400288530248,1.0,1.0,1.0,1.0,0.9927633769739032,0.993114791340103,1.0,1.0,1.0,0.9777777777777776,1.0,1.0,1.0,1.0,1.0,0.9506072874493928,1.0,1.0,1.0,1.0,1.0,1.0,1.0,1.0,1.0,1.0,0.9767441860465116,1.0,1.0,1.0,1.0,1.0,0.9787234042553192,0.9086444533654487,1.0,1.0,1.0,1.0,0.9703729557744156
align-dinov2+1b-things+hyp-abl40cat-shuffled-218,1.0,0.931719661128837,1.0,0.9807478236049664,1.0,1.0,1.0,0.9762589337057422,1.0,1.0,1.0,1.0,1.0,0.9334265734265734,1.0,0.9808199333623062,0.9690595159435078,1.0,0.9297095656807886,0.9441786283891548,1.0,1.0,1.0,1.0,1.0,1.0,1.0,1.0,1.0,0.955795801466654,1.0,1.0,1.0,1.0,1.0,1.0,1.0,1.0,1.0,1.0,1.0,1.0,1.0,1.0,1.0,1.0,1.0,0.9341060562155896,1.0,1.0,0.9286660613007428,1.0,0.9169774975921549
align-dinov2+1b-things+hyp-abl40cat-shuffled-42,1.0,1.0,1.0,0.98077634537124,1.0,1.0,1.0,0.9762589337057422,1.0,1.0,0.981132075471698,1.0,1.0,0.9073442394709362,1.0,0.9617114519663246,0.9711848108195176,0.972972972972973,0.985312254398162,0.9441786283891548,1.0,1.0,1.0,1.0,1.0,1.0,1.0,1.0,0.9818181818181818,0.9550561797752808,1.0,1.0,1.0,1.0,1.0,1.0,1.0,1.0,1.0,1.0,1.0,1.0,1.0,1.0,1.0,0.9836065573770492,1.0,0.9566476604217576,1.0,0.9787234042553192,0.9564877850024616,1.0,0.9345803593403889
align-dinov2+1b-things+hyp-abl40cat-shuffled-7,1.0,0.9529095634553544,1.0,1.0,1.0,1.0,1.0,0.9762589337057422,1.0,1.0,1.0,1.0,1.0,0.9511845952212924,1.0,1.0,0.9803106010549596,1.0,0.9781995953098588,0.9611281833759424,1.0,1.0,1.0,1.0,1.0,1.0,1.0,1.0,0.9818181818181818,0.977897900733327,0.9846153846153846,1.0,1.0,1.0,1.0,1.0,0.9818181818181818,1.0,1.0,1.0,1.0,1.0,1.0,1.0,1.0,0.9836065573770492,1.0,0.9576959640480512,1.0,1.0,0.945076181014723,1.0,0.958058608058608
align-dinov2+1b-things+hyp-abl50-218,1.0,0.9413828689370484,0.9893556651864088,1.0,0.9446630888491354,0.9793234554095612,0.988873570901394,0.9550954308849046,1.0,0.9733273483273482,0.9947007453166468,0.9767441860465116,0.978406020410442,0.9734260930517832,0.9758421423537702,0.9500215275983812,0.993920972644377,1.0,1.0,0.9912990621169926,1.0,0.9695535714285712,0.9253837977242232,0.9694593787335722,1.0,0.9129881052505108,1.0,1.0,0.981334865524846,0.9559617642126446,0.991787643826256,0.971830985915493,0.9909254653057724,0.9667668506109578,0.925404007756949,0.9710144927536232,0.9844020261922412,0.9831608711677366,0.9891239947036792,1.0,0.962015160737011,0.9731147087311472,0.9726967089876376,0.984352827180946,0.9820830361581188,0.9847764250768004,0.9929761806707692,0.9749194119034515,0.9898948607175484,1.0,0.982735225639079,0.9718172983479104,0.961374668691742
align-dinov2+1b-things+hyp-abl50-218-random,1.0,0.9704306722689076,1.0,0.9655172413793104,0.9446630888491354,0.9600583090379008,0.988873570901394,0.9543075481219812,1.0,0.9733273483273482,0.9459383371154602,0.9768079355365158,0.9891683763806526,0.9911574276839082,0.9494492044063648,0.9358217612337506,0.984711328051462,1.0,0.9875260792810142,0.9738534161490684,0.9638888888888888,1.0,0.9246005094217684,0.9833232736458544,0.9639928317737924,0.9331127653708298,0.9815810148524112,0.9789724261059312,0.9809020867057648,0.8972441164961709,1.0,0.9858928536054584,0.9257142857142856,0.9661016949152542,0.9428430606070908,0.9710144927536232,0.9685935935935936,0.9665145588874404,0.978229916840346,1.0,0.8860454822110331,0.9731147087311472,0.9042929709706404,0.984352827180946,1.0,1.0,0.9788149603583332,0.9502933004013584,0.9089233347297864,0.972972972972973,0.9942065012843578,0.9856018568889856,0.8905709713928892
align-dinov2+1b-things+hyp-abl50-42,1.0,0.955969753078427,1.0,1.0,0.9446630888491354,1.0,1.0,0.969815233785822,1.0,0.9733273483273482,0.9946602350146312,1.0,0.978406020410442,0.9822643629723274,0.9758421423537702,0.9872881450612802,0.9939905147822398,1.0,1.0,0.9912990621169926,0.982221098752949,0.95483934169279,0.9250310675955564,0.9552040291546224,1.0,0.9423809523809524,1.0,1.0,0.981334865524846,0.9559617642126446,1.0,0.9858928536054584,1.0,0.9667668506109578,0.9809476868690302,0.9854695784011828,0.9844020261922412,0.9831608711677366,1.0,0.981111258219692,0.9810770869849124,0.9600046194239988,1.0,0.9848498168498168,1.0,1.0,0.9929383201194444,0.958459507725755,0.9797773148836978,1.0,0.9826195038530732,0.9718172983479104,0.9513333786221628
align-dinov2+1b-things+hyp-abl50-42-random,1.0,0.9706914344685242,0.9357318213701192,0.9491222130870048,0.9446630888491354,0.92140856342537,0.9778220231181904,0.9543075481219812,1.0,1.0,0.967563002269276,0.9768079355365158,0.978406020410442,0.9733626418178016,0.9199637571730594,0.948916297017563,0.9875359262245932,0.9689814814814814,0.9875260792810142,0.9651005998832084,0.9102542081758844,0.95483934169279,0.9250310675955564,0.9833232736458544,0.9759036144578314,0.9522234038363072,0.9815810148524112,0.971547147810611,0.981334865524846,0.9266029403544076,0.991787643826256,0.943661971830986,0.9540058042388534,0.9832268119630726,0.9805658709106986,0.9710144927536232,0.96875,0.9661016949152542,0.9891239947036792,0.9450018580453364,0.9046156417810652,0.9864353590380988,0.9588089985601246,1.0,1.0,0.8775622759444802,0.942603673992004,0.958199019839086,0.8578002244668911,0.9730125730125728,0.9642729363659596,1.0,0.9325560704355884
align-dinov2+1b-things+hyp-abl50-7,1.0,0.9560848601735776,1.0,1.0,0.9632260101010102,0.9798260462244366,0.9777107424166246,0.9550954308849046,1.0,0.9865792703002004,1.0,1.0,0.9891683763806526,0.9822643629723274,0.9758421423537702,0.9748668703622873,0.993920972644377,1.0,0.9874696356275304,0.9912990621169926,0.982050841635177,0.9845870003667032,0.9246005094217684,1.0,1.0,0.9617222865564796,1.0,0.9929908087019772,0.981334865524846,0.9851661701713764,1.0,1.0,1.0,0.9667668506109578,0.9622061965811964,0.9855383400340166,1.0,0.9831608711677366,0.9891239947036792,1.0,0.9810770869849124,0.9731147087311472,0.959091441283222,0.9848498168498168,1.0,0.9849118179582896,1.0,0.9833333333333332,0.9797979797979798,1.0,0.9883720930232558,0.9718172983479104,0.961374668691742
align-dinov2+1b-things+hyp-abl50-7-random,1.0,0.9705882352941176,0.968008833165048,0.9824388557600898,0.9085377669263264,0.9591836734693876,0.9666207127041818,0.937025641025641,0.9794947320720516,0.9088179088179088,0.9515507467498672,0.9417558831384892,1.0,0.9734260930517832,0.9494492044063648,0.9618644351838403,0.9878419452887538,1.0,0.9874696356275304,0.9127514997080216,0.9470149253731344,0.940391156462585,0.9140865389465612,0.9833232736458544,0.987901388266732,0.932902391725921,0.9806068145690788,0.971547147810611,1.0,0.9123060586396082,0.9835414486687596,0.943661971830986,1.0,0.9832268119630726,0.9230769230769232,0.9276917001700824,0.9688423645320196,0.9487792877623388,0.9891239947036792,1.0,0.9247993927564518,0.986154428268624,0.9173940745460338,0.984352827180946,0.9656446540880504,1.0,0.9858357572974076,0.9247582357103546,0.8686331893281305,0.9595261989628188,0.9765707584566596,0.9428571428571428,0.9516006012069004
align-dinov2+1b-things+hyp-abl50-local-shuffled-218,1.0,0.951019020689442,1.0,1.0,0.967741935483871,1.0,0.9708792793287652,0.9805471595752926,1.0,0.9318237156074994,0.9781219018061124,1.0,0.9723090277777776,1.0,1.0,0.987694397855086,0.9877467944507876,1.0,0.9871558370636015,1.0,0.9846774037250228,0.9841417521836334,0.97140771827388,1.0,0.9578319950058578,0.9902801293261404,0.9849111133514804,0.986013986013986,0.982613660976234,0.970535521152004,0.991201987638368,0.9584780388151176,1.0,0.9740080307413324,1.0,0.9470987654320988,0.9876990149054216,0.9828539388842163,0.978016669321017,0.9855803190841552,0.952915681639086,1.0,0.9292436974789916,1.0,1.0,1.0,1.0,0.9687817882072328,0.9619643801798624,1.0,1.0,1.0,0.9790613539498464
align-dinov2+1b-things+hyp-abl50-local-shuffled-42,1.0,0.9632073550376772,1.0,0.9774097078444904,0.952214566490476,0.9635307781649244,0.9902875960402502,0.9805471595752926,1.0,0.9590942293644996,0.9836895266775568,0.9899181751033604,1.0,1.0,1.0,0.987694397855086,0.9939577039274924,1.0,0.9615961250144158,0.9916660879227724,0.9540322111750684,0.9841417521836334,0.9809210526315788,1.0,0.9439779703864212,0.980534166573671,0.9703444703444704,0.992969021928298,0.9655056759545924,0.9851763996696298,0.9823481781376516,0.9307967313585293,1.0,0.948549257759784,1.0,0.9336186215392596,0.9876990149054216,0.9828539388842163,1.0,0.9855803190841552,0.9843052272130286,1.0,0.9172947145460816,1.0,1.0,0.9857894564826616,1.0,0.9293017937160104,0.9619643801798624,1.0,1.0,0.9545701357466064,0.9790613539498464
align-dinov2+1b-things+hyp-abl50-local-shuffled-7,1.0,0.9266850701633312,1.0,0.9774097078444904,1.0,0.9635307781649244,1.0,0.9805471595752926,1.0,0.9329887403281898,0.9890609509030562,0.9899181751033604,0.9861356065059768,0.9810391652372784,1.0,0.987694397855086,0.978706998467432,1.0,1.0,1.0,0.9692307692307692,0.9841417521836334,0.9904692394246268,1.0,0.9719332121762834,0.980534166573671,0.9703444703444704,0.986013986013986,0.982613660976234,0.9560477703483604,0.991201987638368,0.9302819821687746,0.9833147321428573,0.9740080307413324,1.0,0.9466666666666668,0.9754780924715566,0.9828539388842163,0.978016669321017,0.9855803190841552,0.9533066391113408,1.0,0.9406451154023968,1.0,1.0,0.9717132505175984,0.984375,0.9608981043268008,0.9490028490028488,1.0,0.9934783830887728,0.9695722881769392,0.9790613539498464
align-dinov2+1b-things+hyp-abl50-shuffled-218,0.9656180857523748,0.9487179487179488,0.957678560816375,0.9814703239786482,0.9825819538048812,0.970409982174688,0.9066156302679966,0.9636363636363636,1.0,0.9625730008984726,0.8869121050350824,1.0,0.9685602226720648,0.942410479584088,1.0,0.9093625810382756,0.9366020622611132,1.0,0.9586573612495848,0.9518549857280856,0.948644123172425,1.0,0.918160245070544,1.0,0.9682699692780338,0.9736415263848972,0.9838095238095238,0.953656783607978,0.9678734061930784,0.9834665805270668,0.9567974633372968,0.9671954873964392,0.9586833322323084,0.9819853142637952,0.9843188371450016,0.9364615827083472,0.9204652255639098,0.9237348017835822,0.9325712266888736,0.9813106106715358,0.9468798449612404,0.9831932773109244,0.9051977770513238,1.0,1.0,0.9157054125998224,0.9284713493588436,0.9313776618861364,0.9335344394167924,0.9591615357584832,0.9375719932814728,0.9622386174304816,0.9705197319434103
align-dinov2+1b-things+hyp-abl50-shuffled-42,0.9608642887294218,0.9611999734519148,1.0,1.0,0.948747969936171,0.970409982174688,0.9066156302679966,1.0,1.0,1.0,0.9074695963539628,0.9866474854642447,0.9843317610062894,0.9427896800467908,1.0,0.9617920540997464,0.9536836403033586,1.0,0.958459366807824,0.9612745241795948,0.98709045974904,1.0,0.979540061267636,1.0,0.9841349906923678,0.95598752980011,1.0,0.9868178490469512,0.9837808938813698,1.0,0.9307049246959826,0.9343909747928786,0.9338842975206612,0.9819853142637952,1.0,0.9114052017277824,0.947673531655225,0.9535303406271148,0.97307351994852,0.9629334523202449,0.9866958584199964,0.9831932773109244,0.9051948051948052,1.0,1.0,0.9722222222222222,0.9279688565402852,0.9318168396299856,0.91074848433339,0.918553962815028,0.9625431959688836,0.9746835443037974,0.9401491989727284
align-dinov2+1b-things+hyp-abl50-shuffled-7,0.9805825242718448,0.8710909314890097,0.971830985915493,1.0,0.9825819538048812,1.0,0.9173666248165372,0.9816400014848362,1.0,1.0,0.9025558312655086,0.9599424563927352,0.9843317610062894,0.9139099893816874,0.9805490196078432,0.9489618171683388,0.9639090604002885,1.0,0.9447563040185334,0.9323662231185742,0.9743220615862124,1.0,0.9490917246019288,1.0,0.9841349906923678,0.9824398960363872,0.9838095238095238,0.9604535471408536,1.0,0.9834665805270668,0.9739454402450634,0.918032786885246,0.9751998304725578,0.9642857142857144,0.9843188371450016,0.9872220504755888,0.9603878116343488,0.9211172895383422,0.972972972972973,0.944806033976362,0.960217194570136,0.9666666666666668,0.8933923219637505,0.9823685029567384,1.0,0.9444444444444444,0.9500944205941696,0.940830488666451,0.9443386243386244,0.9055632091776668,0.9631901840490796,0.9622386174304816,0.9605927841221958
align-dinov2+1b-things+hyp-abl70-218,0.9697467041919716,0.7990103908955962,0.918918918918919,0.8308771929824562,0.9193236714975844,0.9185185185185184,0.8952465345907968,0.9110714993067932,0.816849816849817,0.6008403361344538,0.8583707768367198,0.943915343915344,0.9559670781893004,0.8477728411938938,1.0,0.8333333333333334,0.985529854760624,0.915438596491228,0.7259101654846336,0.8664718444419468,0.6811594202898551,1.0,0.8601398601398601,0.911525974025974,0.8806778476589798,0.8789009750443928,0.9293650793650792,0.989393022786852,0.96,0.8222910216718267,0.9688478188478188,0.8482523444160273,0.9021221532091098,0.8173374613003096,0.9646090534979423,0.6375888262680715,0.945945945945946,0.8285714285714286,0.9235100329439953,0.8163265306122448,0.8772727272727273,1.0,0.8503401360544218,1.0,0.9386666666666666,0.8727351164797239,0.8697626418988649,0.7617132867132868,0.8006033182503771,0.8362937433722164,0.9280403172504956,0.9575352184047836,0.8606488261660675
align-dinov2+1b-things+hyp-abl70-218-random,0.9691854578923148,0.9555555555555556,1.0,0.9607619047619048,0.958349654001828,0.9588867805186592,0.9795219756708844,0.9536796536796536,0.96011396011396,0.8494265630780614,0.9393017615014512,0.9722869722869724,0.9549329501915708,0.8912435905899958,0.875,1.0,0.9631380114138732,0.8682517482517482,0.845679012345679,0.8115019705152533,0.9544513457556936,0.9545454545454548,0.9772373449072984,1.0,0.9753241800152554,0.9655172413793104,1.0,0.9686465829802896,0.9803921568627452,0.9706137000254644,0.9845249110686158,0.9110259917920656,0.9518508702182172,0.9143562320032907,0.8694885361552029,0.9542583732057416,0.9732955461855718,1.0,0.9221852262917744,1.0,0.959090909090909,0.9002664002664003,0.8842320470227447,1.0,1.0,0.9480286738351252,0.9459507354244197,0.9272727272727272,0.8215195432586736,0.936740890688259,0.9149049581440128,1.0,0.737089991589571
align-dinov2+1b-things+hyp-abl70-42,1.0,0.9777997690912088,1.0,1.0,0.958349654001828,1.0,1.0,1.0,1.0,0.9160295697226258,0.9901955745362172,1.0,0.9559670781893004,0.98481658692185,1.0,0.975609756097561,0.985529854760624,1.0,0.92174688057041,1.0,1.0,0.9545454545454548,0.9079425837320576,0.955276907001045,0.95,0.9476444876153473,0.9639357932040858,1.0,1.0,0.9706137000254644,1.0,1.0,1.0,0.9714520773344304,0.900164435048156,1.0,1.0,0.9543049543049544,1.0,0.9658899020601148,0.9192708333333334,1.0,1.0,1.0,0.9386666666666666,0.95,1.0,0.9817282046338248,0.9337315413970466,0.9685935935935936,1.0,1.0,0.9826762311739956
align-dinov2+1b-things+hyp-abl70-42-random,0.9593007836045812,0.9555994729907774,0.918918918918919,1.0,0.8386473429951691,0.9588867805186592,0.9591836734693876,0.9545454545454546,1.0,0.9039901275195392,0.8770220853059991,1.0,1.0,0.9072552447552448,0.8854166666666666,1.0,0.971059709521248,0.8822857142857142,0.9469246031746033,0.769574780058651,0.8633540372670807,0.9777777777777776,1.0,1.0,1.0,0.9305204540586848,1.0,0.948419681422401,1.0,0.8815273477812178,1.0,0.970341997264022,0.9680367585630744,0.9180910099889013,0.9646090534979423,0.931639788782646,0.9725844442825576,0.949659863945578,0.9221852262917744,0.8453871709685663,0.9166666666666666,1.0,0.8842320470227447,0.9617344173441734,1.0,0.9745470232959448,0.9061157566814232,0.8386629763678943,1.0,0.842967967967968,0.8727097884401255,1.0,0.7645899937475669
align-dinov2+1b-things+hyp-abl70-7,1.0,0.9777997690912088,1.0,1.0,0.958349654001828,1.0,1.0,1.0,1.0,1.0,1.0,1.0,0.9341492435832058,0.98481658692185,1.0,0.975609756097561,0.9699104966280538,1.0,1.0,0.9838041162680832,1.0,0.9545454545454548,1.0,0.911525974025974,0.9511904761904764,0.9476444876153473,1.0,1.0,1.0,1.0,1.0,0.970341997264022,1.0,0.9714520773344304,0.9646090534979423,0.9772132629275486,0.9213017098731384,0.9543049543049544,0.9810138276093976,0.9658899020601148,1.0,1.0,1.0,1.0,1.0,0.9753833736884584,0.9867647843011784,0.9817282046338248,0.9557777777777778,1.0,0.9886604113424904,1.0,0.9826762311739956
align-dinov2+1b-things+hyp-abl70-7-random,0.9593007836045812,0.9555994729907774,0.9473684210526316,1.0,0.9193236714975844,0.9588867805186592,0.9796436122017516,1.0,1.0,0.8761282290694056,0.8546624644525445,1.0,0.8685560053981106,0.9695545682387788,0.8221428571428571,1.0,0.985529854760624,0.8822857142857142,1.0,0.8664718444419468,0.9544513457556936,0.9777777777777776,0.9772373449072984,1.0,1.0,0.9298153953326368,1.0,0.9789473684210528,1.0,0.9115339248166572,0.9688478188478188,0.9411764705882352,0.9840771864301276,1.0,1.0,0.9319238900634248,0.9732955461855718,0.9543049543049544,0.9810138276093976,0.9341614906832298,0.9192708333333334,0.973901507353782,0.8842320470227447,1.0,1.0,0.9279176201372998,1.0,0.8380419580419581,0.9116402116402116,0.9685935935935936,0.9407895475311204,0.9575352184047836,0.8564847131090324
align-dinov2+1b-things+hyp-abl70-local-shuffled-218,1.0,0.9415892672858616,1.0,0.9695093348344122,0.9354497354497354,1.0,0.9500416782439566,0.9612430580172516,1.0,1.0,0.9498016886877388,0.977332191617906,1.0,0.967741935483871,0.9303350970017638,0.9523809523809524,1.0,1.0,1.0,1.0,0.9669408538973756,1.0,0.978229916840346,0.947983697983698,0.9699334811529934,0.982536590411502,1.0,0.9895084372707263,1.0,1.0,1.0,0.9451659451659452,0.9858928536054584,0.9037037037037036,1.0,0.9591836734693876,1.0,1.0,1.0,1.0,0.9285714285714286,1.0,0.9432679738562092,1.0,1.0,0.9698696365363032,1.0,0.9065088757396448,0.977162460181328,0.9714753714753714,0.9896049830031072,1.0,0.9432050445749076
align-dinov2+1b-things+hyp-abl70-local-shuffled-42,1.0,0.960999446800664,1.0,1.0,1.0,1.0,0.9833472570314676,0.9617114519663246,1.0,0.9733615016633884,0.9593322088374748,0.977332191617906,1.0,0.967741935483871,0.8976443610589953,1.0,0.9934256219970506,1.0,1.0,1.0,1.0,1.0,1.0,1.0,1.0,1.0,1.0,0.9895084372707263,0.9714285714285712,1.0,1.0,1.0,1.0,1.0,1.0,0.9591836734693876,0.9682748538011696,1.0,1.0,0.8645833333333334,0.965040650406504,0.9637226970560304,0.9160295697226258,1.0,1.0,0.939963545226703,0.9842523100950068,0.9534390138163724,0.9096650717703352,1.0,1.0,0.9503836317135552,0.9813616433334744
align-dinov2+1b-things+hyp-abl70-local-shuffled-7,1.0,0.9415892672858616,1.0,1.0,0.9354497354497354,1.0,0.9833472570314676,1.0,1.0,0.9733615016633884,0.9498016886877388,0.977332191617906,1.0,0.967741935483871,0.9303350970017638,1.0,0.9934256219970506,1.0,1.0,0.9820362286115712,1.0,1.0,0.978229916840346,1.0,1.0,0.9823623542652152,1.0,0.9791666666666666,0.9714285714285712,1.0,1.0,1.0,0.9858928536054584,0.9652144545761566,1.0,1.0,0.9691306755260244,1.0,1.0,1.0,0.965040650406504,1.0,0.9711649365628604,1.0,1.0,1.0,1.0,0.9692307692307692,0.9320711085416968,1.0,0.9896049830031072,1.0,0.9813616433334744
align-dinov2+1b-things+hyp-abl70-shuffled-218,0.9534883720930232,0.9777777777777776,1.0,1.0,1.0,0.9701720452000407,0.8992895724130592,0.9657742557292782,1.0,0.9166666666666666,0.9461780251813088,0.921547771868696,0.9687194525904204,0.982020592020592,0.8933747412008282,1.0,0.9576296296296296,0.9635517870811988,1.0,0.9083038173947264,0.9732955461855718,1.0,0.9591836734693876,1.0,0.9348958333333334,0.943141350136288,0.9163807890222984,0.9242137437327398,1.0,1.0,0.9104405668562614,0.90942980598153,0.9384615384615383,0.9590699155916548,1.0,0.9454545454545454,0.8810663021189337,0.9393939393939394,0.9747272727272728,1.0,1.0,1.0,1.0,1.0,1.0,0.9726503997603742,0.9414502164502164,0.9111743632526867,0.935483870967742,0.9766934368616704,0.9459727235915948,0.9604074702886248,0.9366025641025642
align-dinov2+1b-things+hyp-abl70-shuffled-42,0.8981547283554292,0.9110232762406676,1.0,0.959002079002079,1.0,0.9691149186947504,0.8973113054745706,0.9310344827586208,0.9735449735449736,0.9166666666666666,0.8869365928189458,0.9213308111716924,0.9687194525904204,0.906775713737739,1.0,0.9696969696969696,0.9314987562189054,1.0,0.9633273703041144,0.9816607634789452,0.9732955461855718,1.0,0.9796436122017516,1.0,0.9375,0.9250262822995629,1.0,0.8717398592021455,0.9824561403508772,0.9749843652282676,0.9631176631176632,1.0,0.890724369969653,1.0,0.9310344827586208,0.8363636363636363,0.8804195804195805,0.8658008658008658,0.9266734279918863,1.0,1.0,1.0,0.9683322791482184,1.0,0.953173374613003,0.945945945945946,0.9422228095678604,0.8571428571428571,0.967532693984307,0.9535387093526628,0.9157894736842104,1.0,0.9056806680161944
align-dinov2+1b-things+hyp-abl70-shuffled-7,0.9124714128723752,0.9331354115124526,0.9696969696969696,0.959002079002079,1.0,0.9691149186947504,0.9383867832847425,0.9318796484110884,1.0,0.957002457002457,0.8876424189307625,0.9737769370572308,0.9687194525904204,0.9112474283707162,0.9590699155916548,1.0,0.9527136533878108,0.9635517870811988,0.9633273703041144,0.94587012987013,0.8688361831218975,1.0,0.9385659270126536,1.0,0.9375,0.9245283018867924,1.0,0.9458669598090998,1.0,1.0,0.9636363636363636,0.9698099353271769,0.9384615384615383,1.0,1.0,0.8723059793566248,0.9699334811529934,0.8918495297805642,0.9747272727272728,1.0,0.959090909090909,0.9637226970560304,0.9683322791482184,0.9716046665199208,1.0,0.9197131825703256,1.0,0.8672803989259685,0.9678784775558968,0.9070774187053258,0.9228123799054436,0.9213333333333332,0.9366025641025642
align-dinov2+1b-things+hyp-abl90-218,1.0,0.9312169312169312,1.0,0.876984126984127,0.9230769230769232,1.0,1.0,1.0,1.0,1.0,0.958349654001828,1.0,0.9185185185185184,1.0,1.0,1.0,0.9662541421518902,1.0,1.0,1.0,1.0,1.0,0.9542583732057416,1.0,1.0,1.0,1.0,1.0,1.0,1.0,0.9411764705882352,1.0,1.0,1.0,1.0,1.0,1.0,1.0,1.0,0.888888888888889,1.0,1.0,0.9230769230769232,1.0,1.0,1.0,1.0,1.0,1.0,1.0,1.0,1.0,1.0
align-dinov2+1b-things+hyp-abl90-218-random,0.9285714285714286,1.0,0.9339366515837104,0.75,0.9230769230769232,0.75,1.0,1.0,1.0,1.0,0.8699555945932755,1.0,0.8380952380952381,0.8019138755980861,1.0,0.8084415584415584,0.935483870967742,1.0,0.901010101010101,0.9471861471861472,0.2857142857142857,1.0,0.9090909090909092,1.0,0.6996336996336996,0.851851851851852,0.9300207039337476,0.8249721293199553,0.888888888888889,1.0,0.875,0.9411764705882352,1.0,1.0,0.888888888888889,0.9032967032967032,1.0,1.0,0.882051282051282,0.5714285714285714,1.0,1.0,0.8461538461538461,1.0,1.0,1.0,0.8915343915343915,0.874074074074074,1.0,0.8917748917748918,0.8979127134724858,1.0,0.8604439039221647
align-dinov2+1b-things+hyp-abl90-42,1.0,0.9312169312169312,1.0,1.0,0.9230769230769232,1.0,0.9320574162679426,1.0,1.0,1.0,1.0,1.0,1.0,1.0,1.0,1.0,1.0,1.0,1.0,1.0,1.0,1.0,0.8591800356506237,1.0,1.0,1.0,1.0,1.0,1.0,1.0,1.0,1.0,1.0,0.888888888888889,1.0,1.0,1.0,1.0,1.0,0.888888888888889,0.9090909090909092,1.0,0.9230769230769232,1.0,1.0,1.0,1.0,1.0,1.0,1.0,1.0,1.0,1.0
align-dinov2+1b-things+hyp-abl90-42-random,0.963059163059163,1.0,0.8,0.6045454545454546,0.9230769230769232,0.75,0.7961722488038276,0.7833333333333334,0.9523809523809524,1.0,0.8260869565217391,1.0,0.9131652661064426,0.8804824561403509,0.75,0.9075369075369076,0.9662541421518902,1.0,0.901010101010101,0.9471861471861472,0.5,1.0,0.9542583732057416,0.9090909090909092,0.8519230769230769,0.7815126050420167,1.0,0.6868686868686869,1.0,0.888888888888889,1.0,0.875,0.94910394265233,1.0,0.5714285714285714,0.9032967032967032,1.0,1.0,0.7777777777777778,0.75,1.0,0.9166666666666666,0.9230769230769232,0.9297173414820472,1.0,1.0,0.9047619047619048,1.0,1.0,0.882051282051282,0.933365917236885,0.901010101010101,0.6743691091517178
align-dinov2+1b-things+hyp-abl90-7,1.0,1.0,1.0,0.75,0.9230769230769232,1.0,1.0,1.0,1.0,1.0,0.9787553282182438,1.0,1.0,1.0,1.0,1.0,0.9662541421518902,1.0,1.0,1.0,1.0,1.0,0.9075369075369076,1.0,0.9250879839115134,1.0,1.0,1.0,1.0,1.0,0.9411764705882352,0.9411764705882352,1.0,0.888888888888889,1.0,1.0,1.0,1.0,1.0,0.888888888888889,0.9090909090909092,0.96,1.0,1.0,1.0,1.0,1.0,1.0,1.0,1.0,1.0,1.0,1.0
align-dinov2+1b-things+hyp-abl90-7-random,0.965244058267314,0.934609250398724,0.8,0.8681818181818182,0.9230769230769232,0.75,1.0,1.0,0.9523809523809524,1.0,0.8567129557067176,1.0,0.5920745920745921,0.9444579189910258,1.0,0.9075369075369076,0.9662541421518902,0.8571428571428571,1.0,1.0,0.8000000000000002,1.0,1.0,1.0,1.0,0.768421052631579,1.0,0.943915343915344,1.0,1.0,0.9411764705882352,0.7142857142857143,1.0,1.0,1.0,0.9032967032967032,1.0,1.0,1.0,1.0,0.9090909090909092,1.0,1.0,1.0,1.0,1.0,0.9047619047619048,1.0,1.0,1.0,0.933365917236885,0.7030303030303029,0.8604439039221647
align-dinov2+1b-things+hyp-abl90-local-shuffled-218,1.0,0.943915343915344,1.0,1.0,1.0,1.0,1.0,1.0,1.0,0.8380952380952381,1.0,1.0,0.9125541125541126,1.0,0.8571428571428571,0.882051282051282,1.0,1.0,0.8681818181818182,1.0,0.9411764705882352,1.0,0.8399438399438399,1.0,1.0,1.0,1.0,1.0,0.8000000000000002,1.0,1.0,1.0,1.0,1.0,0.8571428571428571,0.9320574162679426,1.0,1.0,0.9333333333333332,1.0,1.0,0.9565217391304348,1.0,1.0,1.0,1.0,1.0,1.0,0.888888888888889,1.0,1.0,1.0,0.9588867805186592
align-dinov2+1b-things+hyp-abl90-local-shuffled-42,1.0,1.0,1.0,0.9300207039337476,1.0,1.0,1.0,1.0,1.0,0.8148148148148148,1.0,1.0,1.0,1.0,1.0,0.8917748917748918,1.0,1.0,0.8681818181818182,1.0,1.0,1.0,1.0,1.0,1.0,1.0,1.0,1.0,0.8000000000000002,1.0,1.0,1.0,1.0,1.0,1.0,0.9320574162679426,0.9333333333333332,1.0,0.9333333333333332,1.0,1.0,1.0,0.928937728937729,1.0,1.0,1.0,1.0,1.0,1.0,0.873015873015873,1.0,1.0,1.0
align-dinov2+1b-things+hyp-abl90-local-shuffled-7,1.0,0.943915343915344,1.0,0.9354497354497354,1.0,1.0,1.0,1.0,1.0,0.6947368421052631,1.0,1.0,1.0,1.0,0.8571428571428571,1.0,1.0,1.0,0.8681818181818182,1.0,1.0,0.9473684210526316,1.0,1.0,1.0,1.0,1.0,1.0,0.8000000000000002,1.0,1.0,1.0,1.0,1.0,0.8571428571428571,0.86,1.0,1.0,1.0,0.9333333333333332,1.0,1.0,1.0,1.0,1.0,1.0,1.0,1.0,1.0,1.0,1.0,1.0,1.0
align-dinov2+1b-things+hyp-abl90-shuffled-218,1.0,0.7,1.0,0.780952380952381,0.875,0.9333333333333332,0.9459507354244197,0.6666666666666666,1.0,0.7412587412587412,1.0,0.9333333333333332,0.625,0.9506666666666668,1.0,0.873015873015873,0.940694789081886,1.0,0.9125541125541126,1.0,0.8571428571428571,0.8571428571428571,1.0,1.0,0.7600000000000001,0.7805555555555556,0.8403846153846154,0.9382591093117408,0.9411764705882352,0.875,1.0,0.9090909090909092,1.0,0.8,1.0,0.6710067426179959,1.0,0.6666666666666666,1.0,1.0,1.0,1.0,0.6571428571428571,1.0,0.5714285714285714,0.5,0.9155080213903743,0.9090909090909092,1.0,0.537037037037037,1.0,0.5142857142857143,0.9095496894409938
align-dinov2+1b-things+hyp-abl90-shuffled-42,1.0,0.9,1.0,0.780952380952381,1.0,0.9333333333333332,0.8450202429149797,1.0,1.0,1.0,1.0,0.9333333333333332,0.8285714285714286,1.0,1.0,1.0,1.0,1.0,1.0,0.855026455026455,1.0,0.8571428571428571,1.0,1.0,1.0,1.0,1.0,1.0,1.0,1.0,1.0,1.0,1.0,0.9411764705882352,1.0,1.0,1.0,0.7692307692307693,1.0,1.0,1.0,0.9411764705882352,1.0,0.886002886002886,1.0,1.0,1.0,0.8181818181818182,0.9090909090909092,0.9148148148148147,0.905448717948718,1.0,0.9557737260402056
align-dinov2+1b-things+hyp-abl90-shuffled-7,1.0,0.9,1.0,0.86,1.0,1.0,0.8450202429149797,0.7552447552447553,0.8000000000000002,0.9125541125541126,1.0,0.9333333333333332,1.0,0.852,1.0,0.873015873015873,1.0,1.0,1.0,0.855026455026455,0.8571428571428571,0.8571428571428571,0.9459507354244197,1.0,0.9366459627329192,0.8842592592592592,0.922144522144522,0.9361471861471862,1.0,1.0,1.0,1.0,1.0,1.0,1.0,1.0,1.0,1.0,0.6901098901098901,1.0,1.0,1.0,1.0,1.0,1.0,1.0,0.951912951912952,0.9090909090909092,1.0,1.0,1.0,0.8571428571428571,0.9095496894409938
align-dinov2+500m-things+hyp-abl10-218,1.0,0.9493850125429072,1.0,0.9933268243613068,0.9796304114421154,0.9931733431647024,0.9805133196624488,0.9654779083350512,0.9874213836477987,0.9717708410026736,0.9886469861157116,0.9834173927647556,0.9948587968914582,0.985022894408602,0.988092532882952,0.9706208765254584,0.9819353343887636,0.9942703590397816,0.9911149831916504,0.9876555755235858,1.0,0.9690475156313664,0.9588337300511822,0.9737908408396472,0.9617655755842984,0.9599925946496344,1.0,0.9975807746486112,0.9831307532920436,0.9734135671759042,0.9974525781097822,0.9535784592747916,0.9955156950672646,0.976345628071588,0.9340688230599504,0.9652200725613904,1.0,0.9831798523342216,0.978997160795986,0.9754575481914662,0.9817831620648524,0.989794574919166,0.9430300807043288,0.990895730081022,0.9883067276497376,0.972583906571712,0.9878048780487804,0.9839918195394868,0.986102319715765,0.9863013698630136,0.989010989010989,0.9942624974967536,0.948847913716091
align-dinov2+500m-things+hyp-abl10-218-random,0.9985429090233028,0.9489274575979778,0.9958160460914004,0.972972972972973,0.9643839049589096,0.9726027397260274,0.9658768417174244,0.935161071252938,0.9816573363743176,0.9114110080990652,0.9727191287094794,0.9751320842246336,0.9948587968914582,0.9699762645341816,0.9644666043167216,0.9508929877118876,0.969474344421462,0.9660879679958256,0.9644725516029864,1.0,0.969836380420681,0.9334038938250284,0.9650130682109364,0.9867549668874172,0.9787359658513012,0.952685996880258,0.9939528569665556,0.9951538947739876,0.9720621637220038,0.9417088102209208,1.0,0.9181575444909794,0.9820627802690582,0.9881014566611458,0.9667813491564388,0.9552829504360733,0.9761765695333348,0.9776968166877054,0.9873982974210188,0.9877287740957332,0.9388918424006144,0.9847280924204004,0.9378577573178952,0.9863635721051218,0.9767450980392156,0.95108498717738,0.9786100404164731,0.98135165512838,0.9396923239028502,0.9725924554691678,0.9945166606865564,0.994242770991186,0.9415684970271956
align-dinov2+500m-things+hyp-abl10-42,0.9985429090233028,0.9584938331388992,1.0,0.9673901700928728,0.9796133099704528,0.979520029494107,0.9902439024390244,0.9697658597914351,0.9871521650604046,0.9621588753664224,0.9795137367083326,0.9709844367365124,0.989743528812248,0.9820139452829658,0.988092532882952,0.9754827019987542,0.9854497580158912,0.9885057471264368,0.9955543216976124,0.9958850525049844,0.9940614796130204,0.963402819765844,0.9650675943022512,0.9868286397050944,0.9829981712729884,0.978180087129627,1.0,0.9927423239458336,0.9720621637220038,0.9733581858854876,1.0,0.9638943572137266,0.9955156950672646,0.9822068261626934,0.9396660902212136,0.980150824823252,0.994063872516414,0.9720718357783952,0.9831980259787748,0.981538513921874,0.9756618716979658,0.9948847674065066,0.9809943938976198,0.990895730081022,0.9883067276497376,0.9780137603342024,0.9878381318580042,0.9893278796929912,0.9768371995262752,0.9863013698630136,0.9945054945054944,0.9942624974967536,0.956192711930853
align-dinov2+500m-things+hyp-abl10-42-random,0.998537349977047,0.9675630494307536,1.0,0.9861153767403767,0.9491291021903266,0.9660775606172156,0.97058106169297,0.9395088629008532,0.9876613539332172,0.9299456280588356,0.9795137367083326,0.9709754316847292,0.9896907216494846,0.9729566430010655,0.976185065765904,0.9501996200779164,0.9696169534774116,0.9771486837226548,0.9689073615921712,0.9917695473251028,0.9881656804733728,0.950931908865596,0.9359930681133212,0.9868286397050944,0.9744972569094826,0.96,0.9879314110965486,0.9927423239458336,0.977580105858186,0.9361281682989128,1.0,0.9120556379464824,0.9955156950672646,0.9940317464388584,0.9778542327709592,0.9164953781800752,0.9880882847666674,0.9611568903722668,0.978997160795986,0.9695722658685622,0.9698551412340016,0.9793778164281762,0.9477573003450308,0.9817351598173516,0.965299060800791,0.9834686884758838,0.9695121951219512,0.9760235565936312,0.9351001932958398,0.9496794062372996,0.9778766087157984,0.9885057471264368,0.9121984728543792
align-dinov2+500m-things+hyp-abl10-7,1.0,0.9769410184104996,1.0,1.0,0.9592863560518547,0.979520029494107,0.9853757893074676,0.9611275340175596,0.962984061799652,0.9573659443586666,0.9864567496829698,0.9792745976689374,0.9896907216494846,0.985022894408602,0.9821870727588292,0.965572253890072,0.9817701720864472,0.9942346976591796,0.9911111111111112,0.9917703837532202,1.0,0.9815449468431824,0.968266949433362,0.9933963423772022,0.9702621143433434,0.9599925946496344,1.0,0.9951690821256038,0.9831307532920436,0.9786623176504002,0.9948992671953648,0.9534412200893142,1.0,0.9822068261626934,0.9614713513558109,0.9653833483750114,0.994063872516414,0.9887640449438202,0.9873982974210188,0.9816454812594512,0.9817831620648524,0.9897435897435898,0.9809751903709164,0.9863635721051218,0.9883067276497376,0.9835503439430272,0.9908469305811348,0.986718525153546,0.9907407407407408,0.9954339803836828,0.9862493407314354,0.9827874924902604,0.934194470490561
align-dinov2+500m-things+hyp-abl10-7-random,1.0,0.9489274575979778,1.0,0.9722307534807536,0.9796304114421154,1.0,0.965642387008957,0.9610597098281828,0.9937723882085444,0.9671057315770736,0.959078693064219,0.9668221918260934,0.9948587968914582,0.979032052172043,0.9644666043167216,0.9753285885015284,0.9779692613871857,0.9545507016936297,0.9911111111111112,0.9917703837532202,0.9700809087664848,0.9874895635765202,0.9809601696600172,0.9933963423772022,0.982956658786446,0.9308139961572288,0.9939528569665556,0.9902764291964852,0.9716925794512,0.9259526226606636,0.9974525781097822,0.9179880284855798,0.9775757698733166,0.9762029133222916,0.9558848593883156,0.950598788421868,0.9761765695333348,0.9719664205570364,0.9915984200350576,0.9938461713072914,0.9757575757575756,1.0,0.9429255711127488,0.9817914601620442,0.9940986921084224,0.9671775848460932,0.9786428380226484,0.9760235565936312,0.9077980261794296,0.9771699019184138,0.9889877199303428,0.9713124874837672,0.915887141867852
align-dinov2+500m-things+hyp-abl10-local-shuffled-218,0.9970098319969456,0.9434518642513068,1.0,0.9852941176470588,0.984797798682786,0.9766445972328324,0.982264449030513,0.9695431472081218,0.9925184317345356,0.9708142589118198,0.9605916240579704,0.9796365394461884,0.9755800860789864,0.9751407395760998,0.978504994294468,0.968820397112993,0.9879370250556748,1.0,0.995687629596356,0.9874993489470304,0.973671726104781,0.9710152828508604,0.957636193163522,1.0,0.9686478488947048,0.9808344628301344,0.9941318979635224,0.9904306220095692,0.9878045256512846,0.9721929460360044,0.9922574227048536,0.9480901362172012,1.0,0.9774206912878788,0.9680784527551476,0.962483205794731,0.9699649368956428,0.989298004727475,0.995745143477944,0.989247311827957,0.944305207463102,0.9687336135335072,0.961205779328016,1.0,1.0,0.9898544707397826,0.9803921568627452,0.9559372780616606,0.973251442559888,0.9906558387738188,0.9945022176327516,0.9949076585973512,0.9764458724666336
align-dinov2+500m-things+hyp-abl10-local-shuffled-42,1.0,0.9480465678570618,1.0,0.9502875215641172,0.9797398847601426,0.9592714403456892,0.982264449030513,0.9796943850605924,1.0,0.9561607803071782,0.9747136461422176,0.9715093129044584,0.9817270437396374,0.9782689368241227,0.9838321358338812,0.9638730337670222,0.99288256227758,1.0,0.9913793103448276,1.0,0.9605075891571716,0.9767237335834896,0.9772642401480948,1.0,0.9596754765745245,0.9923351375458656,0.9941318979635224,0.9904306220095692,0.9757456744402636,0.9778201058201058,0.9974259763440734,0.9586233118677024,0.9917695473251028,0.9718631126302442,0.962848612133288,0.9764513566716936,0.9703224112703028,0.989298004727475,0.995745143477944,0.978494623655914,0.9608277900960828,0.9741121102870024,0.9563346578102552,0.9952311784656256,0.9831117499101688,0.9949128495470988,0.9803475619103362,0.9637626789136912,0.9821676283732588,1.0,0.9945022176327516,0.9897959183673468,0.9647124101409186
align-dinov2+500m-things+hyp-abl10-local-shuffled-7,1.0,0.9621932378502822,0.9954111931072726,0.9848958333333332,0.9746629978046428,0.9882352941176472,0.986712300748599,0.9847715736040608,0.985456333243944,0.9659951018697588,0.9654245098403827,0.9796365394461884,0.9696753080518198,0.9844778120172304,0.9891891891891892,0.9741950241193014,0.9904316754007834,0.994236056301428,0.9870628887890686,0.9958334056725522,0.9479039413617952,0.970789406587072,0.9673834786852912,0.9938874544553838,0.9596900914360492,0.97699661933739,0.9941318979635224,0.9928125638614198,0.9878045256512846,0.9666666666666668,0.99227792903222,0.97944557936244,0.9958830845849926,0.9831178675781466,0.973585203764232,0.9671277117234882,0.9820906275664776,0.97859600945495,0.995745143477944,0.9732146298223302,0.9274876273653566,0.9792467660498516,0.966038067185754,1.0,1.0,0.9848233844061176,0.9868983746068908,0.9532805041798004,0.9777235898943276,1.0,0.9917263691765656,0.9898339755482612,0.9843064633260712
align-dinov2+500m-things+hyp-abl10-shuffled-218,0.945421479170674,0.940507718696398,0.956112254947408,0.9660685669189524,0.9427349651625698,0.9692959877524162,0.9221533312878444,0.8953809523809524,1.0,0.9646460702625916,0.9010279235382308,0.9523629696964794,0.9805712628679136,0.9294812261494864,0.9555016659766172,0.9598905738695596,0.9382468898892256,0.944690420971256,0.9195728376946278,0.943155380197683,0.9663407719092968,0.967661370010856,0.9347045587083168,0.9812990161454228,0.961087591418359,0.9371794406673488,0.9686037155966628,0.9285416612662982,0.9680280263139118,0.9317966188185708,0.9262877335944,0.9529521234670204,0.9361029657486856,0.96,0.9125762067102762,0.9059334677120152,0.9772727272727272,0.9443412078993428,0.9291425681868462,0.950920245398773,0.9479034229716602,0.9589253325182744,0.9265368532734196,0.9753854017572928,0.9673558612634242,0.9624435909343452,0.8964290375091868,0.9218384759233288,0.9248826291079812,0.9547770979442516,0.9455040871934604,0.9538389447702456,0.9599936407837734
align-dinov2+500m-things+hyp-abl10-shuffled-42,0.945421479170674,0.931503277929778,0.9366398756989168,0.9859154929577464,0.951249765205359,0.959339547144942,0.9268306218943776,0.9239202557215092,1.0,0.9470159048075188,0.8916180719528662,0.9178572141047456,0.974025974025974,0.9140583289416124,0.955823635220743,0.9599728600809956,0.9520808167367412,0.9376422936411288,0.9659574468085106,0.9387052023276268,0.971646011721038,0.9550638919313618,0.9377528367845404,0.974971661643698,0.9611125265663512,0.9371387073347858,0.9687736498108016,0.9411096868705364,0.9582140002283888,0.9561273679224026,0.9093304051087324,0.9524669555678132,0.9535130366806788,0.9472836190869656,0.9298821880611396,0.9010541665867184,0.977119037979998,0.949835394729227,0.914751824632325,0.9386503067484664,0.976878612716763,0.9653179190751444,0.9175777397324004,0.9604275465283886,0.9782372408422828,0.9624435909343452,0.9054630807546898,0.9173282923755514,0.9530077545042334,0.9366879371219522,0.950730664430937,0.958902461328174,0.945363275388109
align-dinov2+500m-things+hyp-abl10-shuffled-7,0.9612436025398714,0.9590568756314612,0.965894381662958,0.9861369928975564,0.9734513274336284,0.9695046603587064,0.9450200798483116,0.9381838362006016,1.0,0.9587901481836256,0.8930294215168038,0.9221921859160542,0.9483216783216784,0.917389898467309,0.9686569768026008,0.9547183697599644,0.9473716244401592,0.944690420971256,0.93650487186418,0.9163221258989968,0.971646011721038,0.9742278011218224,0.960655737704918,0.9938103854334244,0.9611125265663512,0.921474300834186,0.9686037155966628,0.9242699431953644,0.9894179894179894,0.9414634146341464,0.9403833698174158,0.9736900985178748,0.9322827537288632,0.9665583896906118,0.9537031733302784,0.9196565364053058,0.960095321430566,0.9647096765870712,0.95753865331729,0.9332856777140036,0.9595915505676348,0.953493384466456,0.903854838381578,0.9511057107166416,0.9728863381999912,0.956975247672922,0.8682574418624459,0.920592224619558,0.9437368495930394,0.945721402083898,0.9615875500160403,0.9743549693168032,0.9563289124668436
align-dinov2+500m-things+hyp-abl10cat-218,0.998528713155076,0.9474648829431438,1.0,1.0,1.0,0.9630574624195912,1.0,0.9861834490740742,0.98152799581371,0.9522298955587476,1.0,0.9953051643192488,1.0,0.9879409323853768,0.9863945578231292,0.9724010146499584,0.9809142426770224,1.0,0.9864772335360572,1.0,0.9933153894334128,0.9945945945945948,0.957020757020757,0.9807003494467096,0.9748705615782692,0.9699567083434264,1.0,1.0,0.9736293875366724,0.9527823947875806,0.9974880198418852,0.9690366319362124,0.9816293923441408,0.9732477813014726,1.0,0.9951690821256036,1.0,1.0,1.0,1.0,0.9757466131425796,0.981554362949712,1.0,1.0,1.0,1.0,0.98729430671604,0.9722841401141608,0.9752358961139048,0.995490574437943,0.9946380697050938,0.963243556034967,0.9612430580172516
align-dinov2+500m-things+hyp-abl10cat-218-random,0.998528713155076,0.978213133222585,0.9864533838530448,0.973570019723866,1.0,0.985102880658436,1.0,0.9441240264221632,1.0,0.8990820384827292,1.0,1.0,0.9747249975225002,0.9879409323853768,0.9728484942364042,0.961337807894627,0.982329078672546,0.9912704861034864,0.945343163557238,1.0,0.9734666666666668,0.9891304347826086,0.9527552133009854,0.9902297530262364,0.9748705615782692,0.9527891131110988,0.9883178287433608,1.0,0.967066202817363,0.9173339437944472,0.9949644084588364,0.9328215364893324,0.9584347136512548,0.953213405148308,0.9950738916256158,0.9951690821256036,0.985540688328458,1.0,0.9861366830952084,0.9821428571428572,0.9516129032258064,0.981554362949712,1.0,1.0,0.9910988700307344,0.978298137332926,0.9904329898568608,0.965738539832352,0.9603096023888102,0.9727761912905364,0.9892439408356012,0.9877478520116558,0.9441283762073072
align-dinov2+500m-things+hyp-abl10cat-42,0.998528713155076,0.9738412500041548,1.0,1.0,1.0,0.9852586145139336,1.0,0.9793252190496752,0.98152799581371,0.9257098857354552,1.0,1.0,1.0,0.978829613312372,0.9728484942364042,0.9723841484961622,0.9853623945499668,1.0,0.9864772335360572,1.0,0.9669104598902104,1.0,0.9640768588137008,0.9902297530262364,0.9899497487437184,0.9699992770910144,1.0,1.0,0.986787371372198,0.9645794322522656,0.9974880198418852,0.9505603058686142,0.9954101973177956,0.97992118457715,0.9950738916256158,1.0,1.0,1.0,0.995387652841174,1.0,0.9757466131425796,0.9938179787828028,1.0,1.0,0.991347289133264,0.992766045777642,0.9872264340935648,0.9785587884275072,0.9603568316439604,0.995490574437943,1.0,0.9816091582158164,0.9568915127425768
align-dinov2+500m-things+hyp-abl10cat-42-random,0.9985213834282008,0.9563485720375108,0.9954920171136388,0.973570019723866,0.994413407821229,0.9705172290278672,1.0,0.972366898148148,1.0,0.9362866373664754,1.0,1.0,0.9936161946607702,0.9909824846533708,0.9458702155561018,0.9668812073686428,0.9747326141254236,0.9744517484441368,0.9638558288220704,0.9952153110047848,0.9665769471670644,1.0,0.9563105798540944,0.9801980198019802,0.9748705615782692,0.9572206164513288,1.0,1.0,0.9605111041333638,0.9232393393986806,0.9949644084588364,0.9086308796288092,0.9954101973177956,0.9732477813014726,1.0,0.9951690821256036,0.985540688328458,1.0,0.995387652841174,1.0,0.967741935483871,0.987687783446712,1.0,1.0,0.9824561403508772,0.9855072463768116,0.9712989695705824,0.9692880027226533,0.9108028711989108,0.9818980471154384,0.9784211499266862,0.9877300613496932,0.9396481178396072
align-dinov2+500m-things+hyp-abl10cat-7,1.0,0.960783639800653,1.0,0.982566745968808,1.0,0.9851851851851852,1.0,0.9793252190496752,0.972669624146096,0.9416407325076744,1.0,1.0,1.0,0.9939825122718304,0.9660926619168376,0.9724010146499584,0.9852742322271216,1.0,0.9819565243434925,1.0,0.9799461683002388,0.9891304347826086,0.9530776314597176,0.9807003494467096,0.9798994974874372,0.9785709122078674,1.0,1.0,0.967066202817363,0.9586817546860036,1.0,0.950920245398773,0.9908146961720704,0.9665810036773628,1.0,1.0,1.0,1.0,1.0,1.0,0.9756147271986128,0.9938357959062224,1.0,1.0,1.0,0.992766045777642,0.9904584388726276,0.9814716735623304,0.9801980198019802,0.9909708764152731,0.9946219704178006,0.9877300613496932,0.9398864269788184
align-dinov2+500m-things+hyp-abl10cat-7-random,0.9970352826471364,0.960783639800653,1.0,0.9496135443503866,0.994413407821229,0.9703703703703704,1.0,0.9437710437710438,0.9903114543114544,0.9045158488927486,0.981981981981982,0.9760765550239234,0.9936161946607702,0.978829613312372,0.9660252062599394,0.933721895047862,0.9777052477577268,0.9583336091235828,0.9909782621717462,1.0,0.9404388278023782,0.983606557377049,0.974891762270587,0.9801980198019802,0.9798923826250996,0.952856006857308,0.9883040935672516,1.0,0.9605111041333638,0.9291433803952404,1.0,0.9630621240097682,0.9770214762971884,0.9731543624161074,1.0,0.9902912621359224,0.971349122948832,1.0,0.9907667663669164,1.0,0.9434087639993528,0.9876543209876544,1.0,1.0,1.0,0.956356459516217,0.9777930517693568,0.9725752867252556,0.9554246130050288,0.9909708764152731,0.9755241893604256,0.9754601226993864,0.9441283762073072
align-dinov2+500m-things+hyp-abl10cat-local-shuffled-218,1.0,0.9365728615213152,0.995344216396848,0.9734336493379008,1.0,0.9720599646171514,1.0,0.9752208055938616,0.990443934198341,0.9672642827622852,0.9680851063829786,1.0,1.0,0.9700439994162896,0.9631767409545188,0.9829694419514776,0.98406359882541,1.0,0.9953878686093286,1.0,0.992171796991506,1.0,0.9326883638899142,1.0,0.9739263489724064,0.9877080275104472,0.9941898265860996,1.0,0.9932050412519876,0.9756243000712652,1.0,0.9648337350574332,1.0,0.9692572715828528,1.0,1.0,0.9855072463768116,1.0,0.9857312372926604,1.0,0.9699852795945366,0.9937189887221818,1.0,1.0,1.0,0.9756790812005536,0.9903971685489628,0.9555678131083712,0.964483624379991,0.9953543945371468,0.9945101364416448,0.993822136673743,0.9789767330112932
align-dinov2+500m-things+hyp-abl10cat-local-shuffled-42,0.9984749927978712,0.9502024730940394,0.995344216396848,0.9734336493379008,1.0,0.9861226053639848,1.0,0.9917836707288812,0.990443934198341,0.9454729602411908,0.9789473684210528,1.0,1.0,0.9900494207778976,0.9569829393882996,0.9772727272727272,0.9838785049704016,1.0,0.9861636058279862,1.0,0.992171796991506,1.0,0.9435763888888888,0.991347289133264,0.979150758154249,0.9917982952060004,0.9941898265860996,1.0,0.986424247118202,0.9573504105257142,0.994843718690246,0.970875288402948,0.9873349993035256,0.96322601010101,1.0,1.0,0.9927697510600976,1.0,0.98095039976846,0.9916510671218064,0.933313959560276,0.9873847814219652,0.9828571428571428,1.0,1.0,0.9754601226993864,0.9871085745585078,0.9525396372710117,0.964405813225784,1.0,0.9890202728832892,0.993822136673743,0.9705674262158104
align-dinov2+500m-things+hyp-abl10cat-local-shuffled-7,1.0,0.9366670818283724,1.0,0.982110862262038,1.0,0.979369067717656,1.0,0.9836065573770492,0.990443934198341,0.9452925100586828,0.9680851063829786,0.9907407407407408,1.0,0.9835745362452234,0.9815106940455806,0.9829473525792544,0.98688653430606,1.0,1.0,1.0,0.96875,0.9910714285714286,0.9114320577498872,0.991347289133264,0.96875,0.9753765701511604,0.9941898265860996,1.0,0.9932050412519876,0.9817216257982224,1.0,0.9648337350574332,1.0,0.9693250185675928,1.0,1.0,0.9708735909822866,1.0,0.990499273121706,1.0,0.9701492537313432,0.9873847814219652,0.994350282485876,1.0,0.9914227519082086,0.975574775541005,0.980606015897313,0.9528717141638416,0.9694699489203252,1.0,0.997250169228992,0.9876543209876544,0.9662243489192124
align-dinov2+500m-things+hyp-abl10cat-shuffled-218,0.9424557752341312,0.9159640704643942,0.9380384239876884,0.9762531222499756,1.0,0.9499458763239748,1.0,0.9682539682539684,1.0,0.947425574200422,1.0,1.0,0.979360676634553,0.9451810146335384,0.9630810020835596,0.9291751891372384,0.9228500357918374,0.9890093048713736,0.9221343873517788,1.0,0.9686589847903472,1.0,0.941132833999378,1.0,0.9296018538625364,0.9068235103888754,0.950392943063352,1.0,0.9506172839506172,0.9601563766002268,0.9229282103035328,0.96,0.9292035398230089,0.9148936170212766,1.0,1.0,0.9572204617473972,1.0,0.953977127930683,0.9900762006025164,0.9857142857142858,0.9694541513406384,1.0,1.0,0.97472,0.952557319223986,0.8747482693517935,0.9445705988485638,0.9491775801070392,0.9270626087527496,0.924700878673561,0.9821563546053342,0.8979928517826659
align-dinov2+500m-things+hyp-abl10cat-shuffled-42,0.950523493620503,0.9245770634979086,0.9484810732899166,0.9919879051251272,1.0,0.9750914459078804,1.0,0.936842290500827,0.9918817839052444,0.9411358202850094,1.0,1.0,0.9581625166574336,0.9129345526532672,0.9559798720549229,0.9352693855609584,0.9186387919996468,0.9890093048713736,0.8897418478260869,1.0,0.9751363636363636,1.0,0.9167715961897878,1.0,0.9597724879214494,0.89776813951387,0.9280514265358332,1.0,0.9384177422371864,0.9089734554850836,0.9144502708490804,0.9533866666666664,0.9380530973451328,0.9291208414705177,1.0,0.994871794871795,0.9786683114658874,0.9951219512195122,0.9446664573060076,0.9900762006025164,0.9786149180751782,0.9273183930311372,1.0,1.0,0.9756093672147484,0.952557319223986,0.8923015804655792,0.9051001345615234,0.9391464983491448,0.9317215048461248,0.9089116064692764,0.9464690638160026,0.9230414565763266
align-dinov2+500m-things+hyp-abl10cat-shuffled-7,0.954350525205882,0.9249046555882968,0.9225044366582668,0.9840749807987712,1.0,0.9874213836477987,1.0,0.9761217061674968,1.0,0.98037860676167,0.9842931937172776,1.0,0.986206896551724,0.925245472670322,0.9779129384263306,0.9412091095281224,0.9254245933223912,0.9890093048713736,0.9083058166116332,1.0,0.9811953908742084,1.0,0.9237072965073057,1.0,0.9497716314365348,0.8881882124666505,0.9447172330619804,1.0,0.9323313130606232,0.9829506873958326,0.9143217818357888,0.9733917168399928,0.9290476985584682,0.9362023251507408,1.0,1.0,0.9572204617473972,1.0,0.9447725535168195,0.9903071287686672,0.992841734293142,0.9510290873891172,1.0,1.0,0.983456043956044,0.9585591645845344,0.8904138414776713,0.9276868059476756,0.9592845117576554,0.9497792869269948,0.9334818438077426,0.9582987302160438,0.9107893994277764
align-dinov2+500m-things+hyp-abl20cat-218,1.0,0.9853101057774708,1.0,1.0,1.0,0.9826060653883584,1.0,0.9466380496969776,1.0,1.0,0.9943202299452027,0.9842921546895128,0.992429950036441,0.996145058514061,0.9735308063481438,1.0,0.9874163011353178,1.0,0.9899182311203908,0.9946955662100094,0.9899802884116607,0.9864210526315788,1.0,0.9746037088389482,0.994175566295282,0.9937106918238994,1.0,1.0,0.9846117424242424,0.9777777777777776,1.0,1.0,1.0,1.0,0.952979123816886,1.0,1.0,0.9849624060150376,0.9946714043746456,1.0,0.978494623655914,0.9903866650567422,1.0,1.0,1.0,1.0,1.0,0.9838709677419356,1.0,0.994940109809031,1.0,1.0,0.97067392333195
align-dinov2+500m-things+hyp-abl20cat-218-random,1.0,0.9486270683261108,1.0,0.951672237287423,0.9846153846153846,0.982608695652174,0.9933697010513712,0.940600539281133,1.0,0.9924812030075189,0.9643208342499064,0.9683979406420352,0.9773160723573948,0.992272087878735,0.9735308063481438,1.0,0.9831193778110944,0.9813084112149532,0.9440527019132352,0.9680898675259576,0.9799166666666668,0.9864210526315788,1.0,0.991529699190716,0.982526698885846,1.0,1.0,0.9894926792556104,0.9769107808892308,0.978119429590018,1.0,0.9928057553956836,1.0,1.0,0.952979123816886,1.0,0.98,0.9623634710609492,0.96770820668693,0.991150442477876,0.9673028159615642,0.9801573703915224,1.0,1.0,1.0,0.9892924378635642,1.0,1.0,1.0,0.9744945315888612,0.9931972789115646,1.0,0.9530252862202454
align-dinov2+500m-things+hyp-abl20cat-42,1.0,0.9559303173324124,1.0,0.9900090145357512,1.0,0.965212130776717,0.986782322828652,0.9584962608754268,1.0,1.0,0.9916467419385891,0.9737186836838349,0.9546711353162968,0.9923076923076924,0.9735308063481438,1.0,0.9848003856915124,0.9906162492895052,0.9899497487437184,0.9946955662100094,0.9899802884116607,0.9608013937282228,0.9929078014184396,0.991529699190716,0.9824592400555388,0.9873417721518988,1.0,0.9947089947089948,0.992307237114622,0.9889775363548916,1.0,1.0,1.0,1.0,0.9158957539946062,0.9925925925925926,0.979934318555008,0.9924803527053428,0.9946714043746456,1.0,0.967866821525358,0.9903866650567422,1.0,0.9938650306748466,1.0,0.9891985207699228,1.0,0.992,1.0,0.994940109809031,0.9931972789115646,1.0,0.9882819422293108
align-dinov2+500m-things+hyp-abl20cat-42-random,0.9959703047196072,0.9486270683261108,0.990406861626049,0.9805227358178856,0.96875,0.9652016001684388,1.0,0.9408122918978912,1.0,0.9924812030075189,0.9741114145069794,0.9576822916666666,0.992429950036441,0.9768162636362046,0.972972972972973,1.0,0.9844297505690256,0.9720691056340988,0.9593889178333136,1.0,0.98,0.9733870967741934,1.0,0.9915199139992434,0.9767441860465116,1.0,1.0,0.9921466118649218,0.9614814814814814,0.9887933555594548,1.0,1.0,1.0,1.0,0.9436813186813184,1.0,0.9899846547314578,0.9849624060150376,0.9733570218732288,1.0,0.9561781609195402,0.9901887870521178,1.0,1.0,1.0,0.978291852057842,1.0,1.0,0.9931972789115646,0.994940109809031,0.9931972789115646,0.9491796718687476,0.9529086743260792
align-dinov2+500m-things+hyp-abl20cat-7,1.0,0.9779543817527012,1.0,1.0,0.9923664122137404,0.9826060653883584,0.9933846348676616,0.958340902872777,1.0,0.9924812030075189,0.997194184390087,0.9632061571573686,0.9773160723573948,0.9884351755421829,0.9735308063481438,1.0,0.9874163011353178,1.0,0.984901471570109,0.9946955662100094,0.9799166666666668,0.9864210526315788,1.0,0.991529699190716,0.9824592400555388,0.9937106918238994,0.9917355371900828,1.0,0.9769107808892308,0.9448876817744584,1.0,1.0,1.0,0.9929078014184396,0.9251451800232288,1.0,0.98,0.9849624060150376,0.9893231141804052,1.0,0.9676065573770491,1.0,1.0,1.0,1.0,1.0,1.0,0.992,1.0,0.9898607284970922,0.9931972789115646,1.0,0.9824401718456828
align-dinov2+500m-things+hyp-abl20cat-7-random,0.9797094594298678,0.9632891983836708,0.995209501664318,0.949046579976544,1.0,0.9739130434782608,0.9933697010513712,0.9403682620001405,1.0,1.0,0.9711067525601792,0.9683979406420352,0.9924176352747782,0.9807252925703048,1.0,0.993103448275862,0.9859328148425788,0.9720691056340988,0.9749113565647508,0.9840016581589616,0.9295386546709906,1.0,1.0,0.9830508474576272,0.9824592400555388,1.0,0.9917355371900828,0.9920345462398064,0.9846117424242424,0.9773809523809524,1.0,1.0,1.0,1.0,0.9623043623043624,1.0,0.9699539641943734,0.9548821170973568,0.9946714043746456,1.0,0.9673028159615642,1.0,1.0,1.0,0.9928057553956836,0.9681165936083322,1.0,1.0,1.0,0.9898607284970922,1.0,0.9386855568673752,0.9287066690837312
align-dinov2+500m-things+hyp-abl20cat-local-shuffled-218,1.0,0.977281883584042,1.0,0.9748937462052216,1.0,0.9816233867205724,0.9882369226760472,0.9869455544455544,1.0,1.0,0.9837339954969602,0.9748295408968154,0.9827483579638752,0.9836316245106896,0.9876540288565632,1.0,0.9903446811173456,0.9897593192084192,0.9947261093911248,1.0,0.968044823671586,1.0,1.0,0.992256613519072,0.9771278271278272,1.0,0.9924812030075189,0.9973663410086728,0.9749314875974984,0.9875919300337904,0.984375,1.0,1.0,1.0,0.9633758619265866,1.0,0.9658119658119658,0.957822051546161,0.9945848579448888,1.0,0.9470014503745692,1.0,1.0,1.0,1.0,0.9733615016633884,0.9921259842519684,0.978723404255319,1.0,0.9943299809897732,1.0,1.0,1.0
align-dinov2+500m-things+hyp-abl20cat-local-shuffled-42,1.0,0.9621538381228304,1.0,0.9875547791290584,0.9921259842519684,0.981651376146789,0.9941182578739154,0.9869455544455544,1.0,1.0,0.9697280695890148,0.9595340308488836,0.9567840268722207,0.995947935644498,1.0,1.0,0.9902330223929076,1.0,0.9947471617015212,0.9901144486832846,0.9679414948852212,1.0,1.0,0.992256613519072,0.9771278271278272,1.0,1.0,0.994750656167979,0.9833052749719416,1.0,1.0,1.0,1.0,1.0,0.9724635875715012,1.0,0.9658119658119658,0.9437514505336564,0.9945848579448888,1.0,0.9787234042553192,0.9895667307079288,1.0,0.9940828402366864,1.0,0.9910368570382824,1.0,0.9930069930069928,1.0,0.9943299809897732,1.0,1.0,0.9877597683239324
align-dinov2+500m-things+hyp-abl20cat-local-shuffled-7,1.0,0.9772923208752856,1.0,0.9875547791290584,1.0,0.9816233867205724,0.9941166284695696,0.9803641334741812,1.0,1.0,0.9781846479197314,0.9597866666666668,0.9827483579638752,0.991869918699187,1.0,1.0,0.99167676519765,1.0,0.9947471617015212,0.9950657177003056,0.9681613796009094,0.986797599563557,0.9927007299270072,0.976769840557216,0.9828750616245004,1.0,1.0,1.0,0.9833052749719416,0.9874000819840132,1.0,1.0,1.0,1.0,0.99076963488311,1.0,0.9744191222023736,0.9507899997549304,1.0,1.0,0.989319824383654,1.0,1.0,1.0,1.0,0.9733615016633884,0.9921259842519684,0.9930069930069928,0.9928057553956836,0.9943299809897732,1.0,0.9875270927902506,0.9877597683239324
align-dinov2+500m-things+hyp-abl20cat-shuffled-218,0.9185443656656398,0.9328695021576798,0.9064559673543444,1.0,0.9937888198757764,0.9663113383240374,0.9735863095238094,0.9279603884111176,1.0,1.0,0.929076783089522,0.90801882110028,0.9814814814814816,0.927007770477385,1.0,1.0,0.961446258880176,0.9791666666666666,0.8603256846780163,0.8987440676397913,0.9813871486768684,1.0,1.0,0.9518935837245696,0.9724151219009468,1.0,0.9933774834437086,0.92822018519092,0.9718141919881772,1.0,1.0,1.0,1.0,1.0,0.9607843137254902,1.0,0.9392873409502768,0.8991651678657074,0.9482462180953862,0.9928057553956836,0.9887939238297562,0.9491005407791636,1.0,1.0,1.0,0.9725873096734023,1.0,1.0,1.0,0.9178137810701974,1.0,1.0,0.918355005998684
align-dinov2+500m-things+hyp-abl20cat-shuffled-42,0.9574350749962184,0.94024511913938,0.9570064982813156,0.9651661689361352,1.0,0.9663113383240374,0.9277547734069472,0.947787003808866,0.9770992366412212,1.0,0.9060729658634372,0.924102473446178,0.9629629629629628,0.9333333333333332,1.0,1.0,0.9608915440196664,0.9580566097406704,0.9064611913389792,0.9527994688441416,0.9812142558236852,1.0,1.0,0.9600930172469478,0.9341982583598022,1.0,0.9866666666666668,0.9364183363314932,0.9295774647887324,0.987850154530601,1.0,1.0,1.0,1.0,0.980506298153357,1.0,0.9491525423728814,0.8845795544015915,0.9541253041669824,1.0,0.9887939238297562,0.9876880913946402,1.0,0.9852941176470588,1.0,0.9814814814814816,1.0,0.9863013698630138,1.0,0.903846153846154,1.0,1.0,0.9423945307565996
align-dinov2+500m-things+hyp-abl20cat-shuffled-7,0.9659480599969744,0.9477873905670844,0.9568662876171244,0.9766843579537076,1.0,0.9399452030924574,0.9605263157894736,0.9342758690584778,1.0,1.0,0.9079597827398592,0.9461870309621176,0.9166738117694132,0.9346911630587128,0.987788051273809,1.0,0.9633021077283372,0.9792824074074074,0.8617147020725389,0.9195778883278884,0.9624285116473706,1.0,1.0,0.9440508134033312,0.9387244417399196,1.0,0.965986394557823,0.9379570645804411,0.971830985915493,0.987850154530601,1.0,1.0,1.0,1.0,0.9411764705882352,1.0,0.9242760032792158,0.8845795544015915,0.9774011299435028,1.0,1.0,0.975122798102981,1.0,1.0,1.0,0.9369296833064948,1.0,0.9931972789115646,1.0,0.9159243951972068,0.9859154929577464,0.9861295167417616,0.9310344827586208
align-dinov2+500m-things+hyp-abl30-218,1.0,0.9385913021601066,1.0,0.9893477178760453,0.951518581399736,0.98873285702554,1.0,0.9654047421708676,0.9893550221985832,0.938259109311741,0.980440509981652,0.9760565002638996,0.9842523100950068,0.9611944874412064,1.0,0.9781219755220404,0.9981697594078014,1.0,0.977959286171915,0.9883040935672516,0.9810138276093976,0.9685884044602404,0.9580497580157288,1.0,0.9802811354997774,0.9613590367218984,1.0,1.0,0.9894702367578232,0.984887839433294,1.0,0.9648900828086228,1.0,0.9803496081977096,0.9473634473634476,0.9612964259343172,1.0,1.0,1.0,0.989837227590516,0.9791666666666666,0.9837525170766376,0.9615559229613228,0.9833688607407772,0.9617138707334788,0.9903495263989478,0.9896373056994818,0.9544054507751556,0.9685659473212682,0.9933318502039302,0.9959451137220872,1.0,0.9491703604428844
align-dinov2+500m-things+hyp-abl30-218-random,0.9921286469762924,0.9657811124770436,0.9934651698779228,0.9784227181878749,0.9445739445739448,0.9885321491160908,0.9925975087415272,0.9238904327759088,1.0,0.951296019001394,0.970740032788947,0.9401025831297818,0.9920956826903105,0.9758904341456104,0.987077146861086,0.9633413873930488,0.9889854667646888,0.9400874635568514,0.9120514944872856,0.9648617982335944,0.9810138276093976,0.9190008682294798,0.9372317899491812,1.0,0.9736842105263158,0.9392599144175164,0.9903469558915732,0.992114107547781,0.9787234042553192,0.9396787423103212,0.9954076363490064,0.9159004660876652,0.9743589743589745,0.9900905046786318,0.955602502772314,0.9611413190786294,0.9789473684210528,1.0,0.993747795760022,0.989837227590516,0.9578703703703704,0.958872545925131,0.9453789989311988,0.9505759200231816,1.0,0.971426062521953,0.9741305412002016,0.95490754725174,0.8994429469901168,1.0,0.9795898667232168,0.989644133749604,0.923432253436644
align-dinov2+500m-things+hyp-abl30-42,1.0,0.9317646816157836,1.0,0.9789473684210528,0.9653436194983336,0.9661985710766196,1.0,0.9654047421708676,1.0,0.9586038961038962,0.986960339987768,0.9700706172378212,0.9920956826903105,0.9709695792012863,1.0,0.9780048324358296,0.987029903340902,1.0,0.9852941176470588,0.976592174119124,0.9905375751733002,0.978884960966269,0.9476931582909844,1.0,0.980270873291468,0.9723959671904616,1.0,0.9960445723804502,0.9689913114159866,0.9773570361805656,0.9954076363490064,0.971830985915493,0.9935841099682908,0.9900905046786318,0.9388072714023604,0.9922527485144972,0.9895264476981928,1.0,0.9874901960784314,0.989837227590516,0.9685017842753538,0.991962665597116,0.9534883720930232,0.9833688607407772,0.9902601563501218,0.9904172367161984,0.9948261082400404,0.9671177075728412,0.9685833880159213,0.9866595441595444,1.0,1.0,0.936338977478218
align-dinov2+500m-things+hyp-abl30-42-random,1.0,0.918086311669585,0.9869314563432212,0.9784227181878749,0.9446164430684556,0.9776442463009628,0.9925975087415272,0.9238904327759088,0.9775280898876404,0.9584780388151176,0.9736230629937664,0.9760582135585356,1.0,0.975836746255073,1.0,0.9408087315946636,0.9850329182768,1.0,0.970665162316016,0.9766081871345028,0.9520056240022766,0.9484224202903874,0.952742624278771,1.0,0.960567384300877,0.900637608784652,0.9903469558915732,0.984228215095562,0.9894702367578232,0.932291694299281,0.9954076363490064,0.901883877102276,0.9807523299048724,0.9900905046786318,0.9821599825632084,0.9303335666817713,0.989416976785398,0.9911801363574206,0.981243387280066,0.989837227590516,0.905505352826062,0.967953149001536,0.9458398523778077,0.9751740696278512,0.9902601563501218,0.962003909765104,0.9688162336841724,0.9586689689664516,0.9308998232416656,0.9799812925927576,0.9795898667232168,0.9895181476846056,0.9298958601837688
align-dinov2+500m-things+hyp-abl30-7,1.0,0.9385913021601066,0.9934651698779228,0.9893477178760453,0.9653436194983336,0.98873285702554,0.9778145593869731,0.9446716434058204,1.0,0.9446373850868232,0.9967822653482408,0.970072770184526,0.9920956826903105,0.966171444757102,1.0,0.9780048324358296,0.9927007299270072,0.9898565046813024,0.9852941176470588,0.9941516467457822,1.0,0.9685884044602404,0.942240985229609,0.9778019662921348,0.9671408959158588,0.9503035663416044,1.0,0.992063492063492,0.9894702367578232,0.984887839433294,1.0,0.9648900828086228,1.0,0.970271514035895,0.9473634473634476,0.9844961240310076,0.989416976785398,0.9824157739481448,0.9749528598365806,0.989837227590516,0.9581233776149032,0.9838709677419356,0.9691060739868512,0.9833688607407772,1.0,0.9904172367161984,0.9948261082400404,0.9588971344660516,0.9622911051212938,0.9933318502039302,1.0,0.9692601194426012,0.936338977478218
align-dinov2+500m-things+hyp-abl30-7-random,0.9947047104941842,0.91811761793894,1.0,0.9556140350877192,0.9376906318082788,0.9776442463009628,0.9925975087415272,0.9377765352263334,0.9893550221985832,0.9242098609355248,0.9532725216365068,0.9461077844311376,0.9676653270003652,0.9709695792012863,1.0,0.9408087315946636,0.9833241614383024,0.9898565046813024,0.9559977434740244,0.9941516467457822,0.8970264208407334,0.9484224202903874,0.9474180911680912,0.9560713942736414,0.9408433130889576,0.9170965823502878,0.9710408676747198,0.9881337171413508,0.9892444921230904,0.9623321061520675,0.9908256880733946,0.8875519866822876,0.974255374255374,0.970271514035895,0.9910368570382824,0.9303335666817713,0.9682509303561936,0.9911801363574206,0.9812257152949488,0.979381443298969,0.9368055555555554,0.967741935483871,0.9453789989311988,0.9751740696278512,0.971128473881118,0.9523767708699216,0.963782757680282,0.9546629758131716,0.9371767108154566,0.9866666666666668,0.9713224669689146,0.9794015029522276,0.9169464780415388
align-dinov2+500m-things+hyp-abl30-local-shuffled-218,1.0,0.952261112849324,0.9923026493739884,1.0,0.9793520638499704,0.9676416956011288,0.9795219756708844,0.992003079094233,0.958920274356516,0.9353650380236884,0.9581925119336516,0.9817093575286004,0.9729215468376492,0.9796954314720812,1.0,0.982965734029564,0.992749321978138,1.0,0.9864136451438036,0.9867549668874172,0.930286241920591,1.0,0.9488604071718606,1.0,0.9634802957074312,0.9886363636363636,1.0,0.9922779922779924,0.9793628808864264,0.9742019316550948,0.9902992303547344,0.9703003948617984,0.9883040935672516,0.9435599694423225,0.982775667888947,0.9231315439808664,0.9689596118167548,0.9916251085414404,0.9874921679197994,0.981440609951846,0.952983593998412,0.9696355165798848,0.9779888308450024,1.0,0.9722321110715556,0.9834710743801652,0.9852740333384364,0.957481998470938,0.9727765086761168,0.9926960270415912,0.9959260793021966,0.9907961603613776,0.9652923217260988
align-dinov2+500m-things+hyp-abl30-local-shuffled-42,0.9973393210371556,0.952261112849324,1.0,0.9884861605791838,0.9724825734428526,0.9681790683605566,0.9727297370561128,0.9760184508937152,1.0,0.9498863316382344,0.9577649170891902,0.987806691989276,0.9729215468376492,0.9847915972848446,1.0,0.9660287377678684,0.9909662041745833,1.0,0.9863945578231292,0.9933721800091748,0.9651431209602956,0.9902920608802962,0.9591776972724484,0.9894971645595962,0.948872413990404,0.9943172639450628,1.0,0.9883809984791752,0.9793628808864264,0.9741632344812016,0.9951595167194895,0.932880049861182,1.0,0.9435599694423225,0.9658472315948456,0.9370453900497364,0.9689596118167548,0.9916251085414404,1.0,0.981440609951846,0.981132075471698,0.9770053849919575,0.9705882352941176,1.0,0.981132075471698,0.9754960050965416,0.9852740333384364,0.9652125442034948,0.9863945578231292,1.0,0.9959260793021966,1.0,0.9942212015727808
align-dinov2+500m-things+hyp-abl30-local-shuffled-7,1.0,0.9454539337299976,1.0,0.9767441860465116,0.965616325020766,0.989393022786852,0.9795219756708844,0.9760184508937152,0.9863067581188386,0.9642045225987388,0.9441627177698438,0.9817093575286004,0.9819081590025388,0.9898477157360406,1.0,0.9659314680591276,0.9872691831046968,0.9909609495014724,0.9931915260818917,0.9933721800091748,0.9735888550363978,0.9807627929220468,0.9540259497594992,0.9896636432350716,0.9634997598028634,0.9715495299327634,0.9899482571107984,0.9961269994930584,0.9895815319963926,0.9742019316550948,0.9951595167194895,0.9404326568883532,0.9824417093733409,0.9526907537208432,0.982775667888947,0.9370453900497364,0.9689596118167548,0.9916251085414404,0.993748287738249,1.0,0.9622641509433962,0.9694444444444444,0.9560670314637484,1.0,1.0,1.0,0.9705061559507524,0.9325760158469518,0.9659895432368736,1.0,1.0,0.9907961603613776,0.96534111468839
align-dinov2+500m-things+hyp-abl30-shuffled-218,0.947229166114296,0.9335497835497836,0.9431350049236228,0.9499710987044768,0.9359683794466404,0.9829059829059827,0.951714946467934,0.9680370560988164,1.0,0.97143895254532,0.942251445610293,0.9303992693997242,0.93701171875,0.9360238194412304,1.0,0.9602467249526072,0.939366292565993,1.0,0.9157968791771608,0.929267841361906,0.9734457816299809,0.9765684051398336,0.9751930794817628,0.9790502967822556,0.9427593744679688,0.9084651481766056,0.9255885738568836,0.9109931857926792,0.980950988419698,0.9626969718914212,0.9410757958746288,0.9615085768931924,0.9126625211984172,0.966879576257984,0.979591836734694,0.9162990855298548,1.0,0.9437173915603764,0.910420982453492,1.0,0.9908856752981452,0.9731065918653576,0.9416074121956476,0.9651746888588996,0.9725074356653304,0.9391442245065555,0.9180327310734118,0.9329368944940558,0.9139526265537192,0.9457972006128308,0.9311057894836714,0.9635375478748972,0.9600104708615556
align-dinov2+500m-things+hyp-abl30-shuffled-42,0.9498627722421648,0.9399371899321832,0.9431350049236228,0.9897603691316554,0.964336813099465,0.9749716282882742,0.9448170891723088,0.9680575243965076,1.0,0.9809523809523808,0.9124002076393806,0.9620496709104304,0.9896194029850746,0.9110084485177776,1.0,0.9281581072735046,0.950653766855029,0.9318181818181818,0.9365589080613054,0.9226156152692884,0.9731255992329818,1.0,0.9498987240159428,1.0,0.936419991607148,0.9328743639431032,0.95866031880938,0.9342104877111346,0.9716745958280412,0.977603188613808,0.9368593162904552,0.9615636762069804,0.9454140757490108,0.9549210469392172,0.9387755102040816,0.9302969757515211,0.9812059082892416,0.9595492408253982,0.9657189730128783,0.9813165266106444,0.9727920307640648,0.9178156748911468,0.9416074121956476,0.9213571742219998,0.9635623849248744,0.9394473838918284,0.9230211647507156,0.9236601467664544,0.927126686466934,0.9391752921164686,0.9426477826793592,0.9635375478748972,0.965729984301413
align-dinov2+500m-things+hyp-abl30-shuffled-7,0.923159708650323,0.9262119333057738,0.9593821463740164,0.9494289821761016,0.9715070809554004,0.9913759820006016,0.8965320281455731,0.9759346684814312,0.9825711952638564,0.961904761904762,0.932769925277333,0.9557086499160437,0.9688582089552238,0.9312006027389166,0.9880837501659951,0.9602467249526072,0.9443657104261362,0.965711229946524,0.9647549489229472,0.9422145901435842,0.9822494856741432,0.9881935489771096,0.9395286724273372,0.9683005171310578,0.968199652482205,0.9451280725858012,0.9749331415171882,0.9371144137513476,0.9805825242718448,0.9627052789764888,0.92593184924655,0.9462402868550678,0.9235887125745764,0.9664373700207968,0.9482918850600348,0.9441389306895634,0.9634493780835244,0.9437173915603764,0.9176346190265764,0.990570443202022,0.9909306769213548,0.9821428571428572,0.9124111182934712,0.9649122807017544,0.9821599825632084,0.9306306306306308,0.9130564462536068,0.9278567519984774,0.940423495946225,0.945945945945946,0.9064009636895544,0.981981981981982,0.9713948267539028
align-dinov2+500m-things+hyp-abl30cat-218,1.0,1.0,0.987012987012987,1.0,1.0,1.0,0.991704770942973,0.989010989010989,1.0,1.0,1.0,1.0,1.0,0.979838504900716,1.0,1.0,0.9866666666666668,0.9853370304350696,1.0,1.0,1.0,0.9799910873440286,0.9450413223140496,0.985991199154614,1.0,1.0,1.0,1.0,1.0,1.0,1.0,0.9688095104738432,0.9874646850424044,1.0,1.0,0.9804539868765796,1.0,1.0,1.0,1.0,1.0,1.0,1.0,1.0,1.0,0.9436172591102168,1.0,0.9863013698630138,1.0,1.0,1.0,0.9905990203229276,0.9784717876637816
align-dinov2+500m-things+hyp-abl30cat-218-random,0.994579945799458,1.0,1.0,1.0,1.0,1.0,0.9831676136363636,0.989010989010989,1.0,1.0,1.0,1.0,0.989990926504688,0.959305928527164,0.9850746268656716,1.0,0.9866666666666668,0.9852439725606088,0.9629629629629628,0.9543209644033004,1.0,1.0,0.9259485612426788,0.985991199154614,1.0,1.0,1.0,0.979381443298969,1.0,1.0,0.996687437247553,0.9274482816149484,0.993761163415112,1.0,1.0,0.9902125556104796,0.985781565373402,1.0,0.9911962850121326,0.9743589743589742,1.0,0.9887640449438202,1.0,1.0,1.0,0.971842164095685,0.9879518072289156,1.0,0.9469026548672568,1.0,0.9740074670566052,0.971357267015605,0.941060808350528
align-dinov2+500m-things+hyp-abl30cat-42,1.0,1.0,1.0,1.0,1.0,1.0,0.991704770942973,1.0,1.0,1.0,1.0,1.0,1.0,0.9933162470475904,1.0,1.0,1.0,1.0,1.0,1.0,1.0,1.0,0.9817560217560216,1.0,0.9882352941176472,1.0,1.0,1.0,1.0,1.0,1.0,0.9584821428571428,1.0,1.0,0.9873417721518988,0.9901775307354844,0.985781565373402,1.0,1.0,1.0,1.0,1.0,1.0,0.9894736842105264,1.0,0.9859210853766632,1.0,1.0,0.991184216345748,1.0,1.0,1.0,0.985578231292517
align-dinov2+500m-things+hyp-abl30cat-42-random,0.9972697610599612,1.0,0.96,1.0,1.0,1.0,0.9751143128289188,1.0,1.0,1.0,1.0,1.0,1.0,0.9663975081678602,1.0,1.0,1.0,0.9852439725606088,0.9879518072289156,0.9804232704585574,1.0,1.0,0.935731177473464,1.0,1.0,1.0,1.0,0.9847896118458448,1.0,1.0,1.0,0.936870132844709,0.9746841612199256,1.0,1.0,0.9901775307354844,0.9576810499480692,1.0,0.9733796678832634,1.0,1.0,1.0,1.0,1.0,1.0,0.9859042814098522,1.0,1.0,0.8938053097345132,1.0,0.9705396680284546,0.9526533078624958,0.9403439153439154
align-dinov2+500m-things+hyp-abl30cat-7,1.0,1.0,1.0,1.0,1.0,1.0,0.9834815321477428,1.0,1.0,1.0,1.0,1.0,1.0,0.9866666666666668,1.0,1.0,1.0,1.0,1.0,0.9935709998320672,1.0,1.0,0.9908943769408886,1.0,0.9882352941176472,1.0,1.0,0.9896907216494846,1.0,1.0,1.0,0.9480158507897388,1.0,1.0,1.0,0.9803921568627452,1.0,0.9850746268656716,1.0,1.0,1.0,1.0,1.0,0.9894736842105264,1.0,0.9859210853766632,1.0,1.0,0.991184216345748,1.0,0.9964544140530752,0.9905306615724992,0.9784717876637816
align-dinov2+500m-things+hyp-abl30cat-7-random,0.9972697610599612,1.0,0.987012987012987,0.9859154929577464,1.0,1.0,0.9834815321477428,1.0,1.0,1.0,0.9904761904761904,0.9772727272727272,0.949832979046462,0.9383248330616752,1.0,1.0,0.9866666666666668,0.9853370304350696,0.9879518072289156,0.9737904951205708,0.9772727272727272,1.0,0.9726831308226656,0.9442363400259712,1.0,1.0,0.9855072463768116,0.9844447672035812,1.0,1.0,0.996687437247553,0.9064285314215302,0.9811069479719366,1.0,0.9873417721518988,0.9803137568502012,0.9576810499480692,0.9696969696969696,0.9367237041337932,1.0,1.0,1.0,1.0,1.0,1.0,0.971830985915493,1.0,1.0,0.9004223940737984,0.9387755102040816,0.9855014602047985,1.0,0.9347737776338644
align-dinov2+500m-things+hyp-abl30cat-local-shuffled-218,1.0,1.0,1.0,1.0,1.0,0.9885057471264368,0.9926114924839184,0.9830508474576272,1.0,1.0,1.0,1.0,1.0,0.9711926876013564,1.0,1.0,1.0,1.0,1.0,0.9937706061058816,1.0,1.0,1.0,0.9825118528299154,1.0,1.0,0.9885057471264368,0.9895287958115184,1.0,1.0,0.990106729223324,0.9454732553324102,0.9880358901169416,1.0,1.0,0.9902125556104796,1.0,0.9873417721518988,1.0,1.0,1.0,1.0,1.0,1.0,1.0,0.9875218983914636,0.9855072463768116,0.991304347826087,0.9832417582417582,1.0,0.9965930780949344,0.981132075471698,0.9656416771533912
align-dinov2+500m-things+hyp-abl30cat-local-shuffled-42,0.9973036304995488,1.0,1.0,1.0,1.0,1.0,0.992572583634036,0.9830508474576272,1.0,1.0,1.0,1.0,1.0,0.9714285714285714,1.0,0.9787234042553192,1.0,0.953958041958042,1.0,1.0,1.0,0.9777956126270734,0.9806435394670688,1.0,1.0,1.0,1.0,0.9843974726007234,1.0,1.0,0.9934468550371038,0.956043956043956,0.9939973515925264,1.0,0.9894736842105264,0.9705325922064536,1.0,1.0,1.0,1.0,0.9859154929577464,1.0,0.9866666666666668,1.0,1.0,0.9626602310492168,1.0,0.991304347826087,1.0,1.0,0.9965930780949344,0.9905990203229276,0.9452165734053916
align-dinov2+500m-things+hyp-abl30cat-local-shuffled-7,1.0,1.0,0.9846153846153846,1.0,1.0,1.0,0.9777177509021084,0.9655172413793104,1.0,1.0,0.9873417721518988,1.0,1.0,0.9857142857142858,1.0,0.9894736842105264,0.9885057471264368,1.0,1.0,0.9937706061058816,1.0,1.0,0.9710631073644772,1.0,1.0,1.0,0.9885057471264368,0.9893805763397144,1.0,1.0,0.9835112153722066,0.9672839531994462,1.0,1.0,0.9894736842105264,0.9705325922064536,0.9668571428571427,0.9873417721518988,1.0,1.0,0.9714285714285712,1.0,1.0,1.0,1.0,0.9875218983914636,1.0,0.991304347826087,0.9577024613712244,1.0,0.9896711745043066,0.9715919847174976,0.9579500525499224
align-dinov2+500m-things+hyp-abl30cat-shuffled-218,0.948234001217644,1.0,0.9696969696969696,0.9855072463768116,1.0,1.0,0.9358180397229632,1.0,1.0,1.0,1.0,1.0,0.9766537467700256,0.9385184437789222,1.0,1.0,0.9887640449438202,0.9333333333333332,1.0,0.9402934727610052,1.0,1.0,0.9082446375679458,0.9844447727869712,1.0,1.0,1.0,0.9012335116973618,1.0,1.0,0.9180971764212694,0.9242918518013066,0.924448419797257,0.9655172413793104,1.0,0.8815878905032114,0.9169301523426272,1.0,0.9591283202394312,1.0,1.0,1.0,0.9876543209876542,1.0,1.0,0.9557130004498424,1.0,1.0,0.9446921003524776,1.0,0.9051507152065812,0.9543887293398056,0.9183673469387756
align-dinov2+500m-things+hyp-abl30cat-shuffled-42,0.948812271125544,1.0,1.0,1.0,1.0,1.0,0.942810027028873,1.0,1.0,1.0,0.9894736842105264,1.0,0.9414956235223916,0.9002921840759678,1.0,1.0,1.0,1.0,1.0,0.9471716689107992,0.9787234042553192,1.0,0.9331144050679834,0.9536699173340224,1.0,1.0,1.0,0.9220220639575476,1.0,1.0,0.9512229012229012,0.9574468085106383,0.9026603287987814,1.0,1.0,0.8902980581062773,0.9498105508598076,1.0,0.9695274422547152,1.0,1.0,0.9902912621359224,1.0,1.0,1.0,0.9557130004498424,1.0,0.989010989010989,0.9223040343610984,1.0,0.9177231345188464,0.9636363636363636,0.9364145523846084
align-dinov2+500m-things+hyp-abl30cat-shuffled-7,0.948234001217644,1.0,0.9850746268656716,1.0,1.0,1.0,0.9131365366659484,1.0,1.0,1.0,1.0,1.0,0.9648973741134348,0.9588495493441926,1.0,1.0,0.9887640449438202,0.9833472570314676,1.0,0.946131946131946,1.0,1.0,0.9257242938994094,1.0,1.0,1.0,1.0,0.9578146786664976,1.0,1.0,0.9586886955308008,0.9471662587083411,0.9360012297601968,1.0,1.0,0.9107142857142856,0.9493333333333334,0.9787234042553192,0.9497588803299888,1.0,1.0,1.0,0.9876543209876542,1.0,1.0,0.9337355455002514,1.0,1.0,0.9525142296459193,1.0,0.9383532835430662,0.94506552006552,0.9727891156462584
align-dinov2+500m-things+hyp-abl40cat-218,1.0,0.9691149186947504,1.0,0.9750156347717324,1.0,1.0,1.0,0.9830803670266416,1.0,1.0,1.0,1.0,1.0,0.98376,1.0,1.0,0.9975280023620614,1.0,0.9861536479949624,0.99240621879903,1.0,1.0,1.0,0.9767441860465116,1.0,1.0,1.0,1.0,0.96,1.0,1.0,1.0,1.0,1.0,1.0,1.0,1.0,1.0,1.0,1.0,1.0,1.0,1.0,1.0,1.0,1.0,1.0,0.9790644485893246,1.0,1.0,0.9897959183673468,1.0,0.9701492537313432
align-dinov2+500m-things+hyp-abl40cat-218-random,1.0,0.937788697788698,0.984126984126984,0.924859287054409,0.979591836734694,0.9803921568627452,1.0,0.8984804208065459,0.96,1.0,1.0,1.0,1.0,0.9669834983498348,1.0,0.9430929532309424,0.992863972186006,0.9565217391304348,0.971769944341373,0.9772186563970904,1.0,0.8163265306122449,1.0,1.0,1.0,1.0,0.979591836734694,1.0,1.0,0.94765625,1.0,1.0,1.0,1.0,1.0,1.0,1.0,1.0,1.0,1.0,1.0,1.0,1.0,1.0,0.9491525423728814,1.0,1.0,0.925749723757816,0.9836065573770492,1.0,0.9734368297838254,1.0,0.9610319107006076
align-dinov2+500m-things+hyp-abl40cat-42,1.0,0.9691149186947504,1.0,0.9750156347717324,0.979591836734694,1.0,1.0,0.9830803670266416,0.96,1.0,1.0,1.0,1.0,0.98376,1.0,1.0,1.0,1.0,0.9794160406862374,0.99240621879903,1.0,0.9642857142857144,1.0,1.0,1.0,1.0,1.0,1.0,0.96,1.0,1.0,1.0,1.0,1.0,1.0,0.9767441860465116,0.9545454545454548,1.0,1.0,1.0,1.0,1.0,1.0,1.0,1.0,1.0,1.0,0.9861664177866268,1.0,1.0,1.0,1.0,0.9774346050012724
align-dinov2+500m-things+hyp-abl40cat-42-random,1.0,0.9268717859321886,1.0,0.8492481203007518,0.9361702127659576,1.0,1.0,0.8815625691864899,1.0,1.0,1.0,1.0,1.0,0.93276726342711,1.0,0.9812170342313002,0.9974162600621744,1.0,0.971769944341373,0.9045551421449988,1.0,0.9824561403508772,0.9545454545454548,1.0,1.0,1.0,1.0,1.0,0.9803921568627452,0.9628543177323664,1.0,1.0,1.0,1.0,1.0,1.0,1.0,1.0,0.9830508474576272,1.0,1.0,0.9824561403508772,1.0,1.0,1.0,1.0,0.9818181818181818,0.9662498744353708,1.0,0.8372093023255814,0.9726091848588244,1.0,0.9298574392610937
align-dinov2+500m-things+hyp-abl40cat-7,1.0,0.969515585260543,1.0,1.0,0.979591836734694,1.0,1.0,0.9830803670266416,1.0,1.0,1.0,0.9830508474576272,1.0,0.9754444106000608,1.0,1.0,1.0,1.0,0.9863945578231292,0.99240621879903,1.0,0.9454545454545454,1.0,1.0,1.0,1.0,1.0,1.0,0.96,0.9876181059107888,1.0,1.0,1.0,1.0,1.0,0.9767441860465116,1.0,1.0,1.0,1.0,1.0,1.0,1.0,1.0,1.0,1.0,1.0,0.9794252394835484,1.0,1.0,0.9948322186017264,1.0,0.9552238805970148
align-dinov2+500m-things+hyp-abl40cat-7-random,1.0,0.9485248644912512,1.0,0.8750781738586617,0.9361702127659576,1.0,1.0,0.9830803670266416,1.0,1.0,0.9285714285714286,0.9655172413793104,1.0,0.9754444106000608,1.0,0.9810309844103142,0.9949494949494948,0.9787234042553192,0.9794160406862374,0.9602762956015082,0.9714285714285712,0.925925925925926,1.0,1.0,1.0,1.0,0.979591836734694,1.0,1.0,0.9744631185807656,0.9836065573770492,1.0,1.0,1.0,0.979591836734694,1.0,1.0,1.0,1.0,1.0,1.0,1.0,1.0,1.0,0.9666666666666668,1.0,1.0,0.9137810760667904,1.0,1.0,0.9665802232495208,0.9777777777777776,0.8847538622676094
align-dinov2+500m-things+hyp-abl40cat-local-shuffled-218,1.0,0.9685253118121788,1.0,0.9786646561768708,1.0,0.972972972972973,1.0,1.0,1.0,1.0,0.9361702127659576,0.9722222222222222,1.0,1.0,1.0,0.9627551815490104,0.9975423973069651,1.0,0.9860525631017434,0.993114791340103,1.0,1.0,0.9655172413793104,1.0,1.0,0.9863013698630138,1.0,1.0,1.0,0.9761904761904762,1.0,1.0,1.0,1.0,1.0,1.0,1.0,1.0,1.0,1.0,1.0,1.0,1.0,1.0,1.0,1.0,1.0,0.960412111574902,1.0,1.0,1.0,1.0,0.9708029197080292
align-dinov2+500m-things+hyp-abl40cat-local-shuffled-42,1.0,0.9895084372707263,1.0,0.957171000788022,1.0,0.972972972972973,1.0,1.0,1.0,0.9836065573770492,0.979591836734694,0.9722222222222222,1.0,0.9834323973491836,1.0,1.0,0.9975423973069651,1.0,0.992944606413994,0.993114791340103,1.0,1.0,1.0,1.0,1.0,0.9863013698630138,1.0,1.0,1.0,0.9879969272133666,1.0,1.0,1.0,1.0,1.0,1.0,1.0,1.0,1.0,1.0,1.0,1.0,0.9787234042553192,1.0,1.0,1.0,0.9787234042553192,0.9379965498922588,1.0,1.0,1.0,1.0,0.9703729557744156
align-dinov2+500m-things+hyp-abl40cat-local-shuffled-7,1.0,0.957712924359738,1.0,0.957171000788022,1.0,1.0,1.0,0.9803921568627452,1.0,1.0,0.979591836734694,1.0,0.9777777777777776,0.9919400288530248,1.0,0.9248737373737372,0.9975423973069651,1.0,1.0,0.9791136508172292,1.0,1.0,1.0,1.0,1.0,1.0,1.0,1.0,0.972972972972973,0.9879969272133666,1.0,1.0,0.9855072463768116,1.0,1.0,1.0,1.0,1.0,1.0,1.0,1.0,1.0,1.0,1.0,1.0,0.9818181818181818,1.0,0.9453983166960268,1.0,1.0,0.9948322186017264,1.0,0.904359366434898
align-dinov2+500m-things+hyp-abl40cat-shuffled-218,1.0,0.8914516620431986,1.0,0.9807478236049664,1.0,1.0,1.0,0.9760932944606412,1.0,1.0,1.0,1.0,1.0,0.9048935793330412,1.0,0.9808199333623062,0.9655452264627552,1.0,0.969948251924776,0.9685154916276196,0.9830508474576272,1.0,1.0,1.0,1.0,1.0,1.0,0.9830508474576272,0.9818181818181818,0.977897900733327,1.0,1.0,1.0,1.0,1.0,1.0,1.0,1.0,1.0,1.0,1.0,1.0,1.0,1.0,1.0,1.0,1.0,0.9487491548343476,1.0,1.0,0.9433049801070106,1.0,0.912
align-dinov2+500m-things+hyp-abl40cat-shuffled-42,1.0,0.9807852250489236,1.0,0.98077634537124,0.9846153846153846,1.0,1.0,0.9762589337057422,1.0,1.0,1.0,1.0,1.0,0.9597454308632104,1.0,0.9612430580172516,0.9718097307422542,1.0,0.9576310979188676,0.9068711586791276,1.0,1.0,1.0,1.0,1.0,1.0,1.0,0.9830508474576272,1.0,0.9312917124271352,1.0,1.0,1.0,1.0,0.9830508474576272,1.0,0.9818181818181818,1.0,1.0,1.0,0.981132075471698,1.0,1.0,1.0,1.0,1.0,1.0,0.9234830259288962,1.0,0.9787234042553192,0.9500557137551072,1.0,0.925275482093664
align-dinov2+500m-things+hyp-abl40cat-shuffled-7,1.0,0.9428571428571428,1.0,0.9807478236049664,1.0,1.0,1.0,1.0,1.0,1.0,1.0,1.0,1.0,0.9334265734265734,1.0,0.9235347985347984,0.9528658132097704,1.0,0.9280575539568344,0.9685154916276196,1.0,1.0,1.0,1.0,1.0,1.0,1.0,1.0,0.9818181818181818,0.9541944749514234,1.0,1.0,1.0,1.0,1.0,1.0,1.0,1.0,1.0,1.0,1.0,1.0,1.0,1.0,1.0,1.0,1.0,0.9299994416790855,1.0,1.0,0.9456097312530772,1.0,0.8867874967165746
align-dinov2+500m-things+hyp-abl50-218,1.0,0.9266162551307116,0.9893556651864088,1.0,0.9446630888491354,0.9793234554095612,0.988873570901394,0.9384615384615383,0.9794947320720516,0.9865792703002004,0.9842153512590612,0.988389674738272,0.9891683763806526,0.9645287259446552,0.9758421423537702,0.9497337407245744,1.0,1.0,0.9875260792810142,0.98258487919765,1.0,0.940391156462585,0.9036113726228582,0.9833232736458544,0.9760778964916268,0.961827900639346,1.0,0.9929908087019772,0.981334865524846,0.9701492537313432,0.991787643826256,0.957678560816375,1.0,0.9161340598153628,0.9437112183591057,0.9710144927536232,0.9843399750933998,0.9831608711677366,0.9891239947036792,1.0,0.981172900407569,0.9864353590380988,0.9316378364076005,1.0,1.0,0.9254185031591288,0.9859872889821196,0.957905080604467,0.9495052598043308,1.0,0.9883720930232558,0.9029239766081872,0.961374668691742
align-dinov2+500m-things+hyp-abl50-218-random,0.9910313901345292,0.9413828689370484,0.968008833165048,0.9331584207896052,0.926757051581736,0.9798260462244366,0.9777777777777776,0.9384615384615383,0.981736392262708,0.9597378109006016,0.9391313058460552,0.9061429222851932,0.9570508863215452,0.9734260930517832,0.9758421423537702,0.9007541071909508,0.9876938309514012,0.9843188371450016,0.9254761904761905,0.9738534161490684,0.929144385026738,0.940391156462585,0.9246005094217684,0.9843346157640328,0.9760778964916268,0.9045697515983652,1.0,0.9787692789700796,0.963025488248924,0.9559617642126446,0.9835414486687596,0.92914988412564,0.944644750795334,0.934577220718796,0.9809476868690302,0.9276917001700824,0.96875,0.9665145588874404,0.9891239947036792,1.0,0.962015160737011,0.9470746882426768,0.9452054794520548,0.984352827180946,0.9798796591249422,1.0,0.9788149603583332,0.94147862777472,0.8263624125693092,0.9325436649380312,0.964575446187128,0.9568055706669568,0.9513333786221628
align-dinov2+500m-things+hyp-abl50-42,1.0,0.926808100289296,1.0,0.9655172413793104,0.9449735449735448,1.0,0.9777107424166246,0.969815233785822,0.9649754500818332,0.9865792703002004,0.9683196310145796,0.9768079355365158,0.9570508863215452,0.9645287259446552,1.0,0.962170434231964,0.9908267968308774,1.0,0.9750959079283888,1.0,1.0,0.9695535714285712,0.9680216275960958,0.9694593787335722,0.9760778964916268,0.9809139503196728,1.0,1.0,0.981334865524846,0.9559617642126446,1.0,0.971830985915493,1.0,0.934577220718796,0.925404007756949,0.9854695784011828,1.0,0.9831608711677366,1.0,0.9628176701347432,0.9622641509433962,0.9600046194239988,0.9449293830306892,0.9701183431952662,1.0,0.9849118179582896,0.9859154929577464,0.9488765874308044,1.0,1.0,0.9826195038530732,0.9858163516700102,0.9414201183431954
align-dinov2+500m-things+hyp-abl50-42-random,0.9955379673367888,0.9853232510261424,0.9357318213701192,0.903292560493372,0.8902777777777778,0.9394781386733096,0.9778220231181904,0.9384615384615383,1.0,0.9597378109006016,0.9728505133134632,0.9768079355365158,1.0,0.9734722830517248,0.9357353422862756,0.883153213965108,0.9939905147822398,1.0,0.9626970855231726,0.9912990621169926,0.8942687747035573,0.95483934169279,0.904422102357944,0.9833232736458544,1.0,0.9239067055393586,0.9815810148524112,0.9859154929577464,0.963025488248924,0.9266029403544076,1.0,0.9434575193094048,0.972776395917317,0.9661016949152542,1.0,0.9420289855072465,0.9685935935935936,0.9831608711677366,0.978229916840346,0.9628176701347432,0.9432312609547376,0.9731147087311472,0.930946414417588,0.9557381130196664,0.9355011374280744,0.9250676701657092,0.9579618669463592,0.9256388611771929,0.8886840757808501,0.9460249723407618,0.9461696022260654,0.9574490550100307,0.9322408416896604
align-dinov2+500m-things+hyp-abl50-7,1.0,0.955969753078427,1.0,0.9655172413793104,0.9632260101010102,0.9798260462244366,0.988873570901394,0.969815233785822,0.981736392262708,0.9733273483273482,0.9947007453166468,0.9652450364812668,0.9677032895722056,0.9733626418178016,0.9758421423537702,0.9624154005188118,0.9907121149456456,1.0,1.0,0.9912990621169926,0.964572192513369,0.9695535714285712,0.9359002559590466,0.9694593787335722,0.987997610591264,0.9617222865564796,1.0,1.0,0.981334865524846,0.9271981982968502,0.991787643826256,0.971830985915493,1.0,0.9667668506109578,0.925404007756949,0.9854695784011828,1.0,0.9831608711677366,0.978229916840346,0.981111258219692,0.962015160737011,0.9731147087311472,0.9726027397260274,1.0,1.0,0.9550406020994257,0.9929383201194444,0.958199019839086,0.9494018526276592,1.0,0.9942065012843578,0.9718172983479104,0.9516006012069004
align-dinov2+500m-things+hyp-abl50-7-random,0.9910313901345292,0.9560848601735776,0.9786943907156672,0.9247791070451168,0.9085377669263264,0.9201166180758018,0.933531746031746,0.9238459135366353,1.0,0.9328963515010026,0.9629052172165274,0.9534883720930232,0.914481856815953,0.9733626418178016,0.8988984088127295,0.9614930567402504,0.9817629179331308,0.937962962962963,0.9875260792810142,0.9651005998832084,0.8214285714285714,0.940391156462585,0.9140865389465612,0.9843346157640328,0.9759036144578314,0.8941485480811323,0.9806068145690788,0.9860446747571382,0.9427062601172944,0.9091616386154334,0.9587624894498512,0.9151862789641072,0.9817424505380076,0.9335337012219156,0.9428430606070908,0.9710144927536232,0.922010130961206,0.9831608711677366,0.9782608695652174,1.0,0.9810770869849124,0.9719869021869744,0.9452054794520548,0.9692307692307692,0.9312893081761008,0.90817170695836,0.9790304759257348,0.8925894661448341,0.8787878787878788,0.986498881930913,0.959445508990504,0.9856018568889856,0.893521322655181
align-dinov2+500m-things+hyp-abl50-local-shuffled-218,0.9953566116692708,0.9876856502286055,1.0,1.0,0.9839480967288236,0.9819650679865732,1.0,0.9607843137254902,0.9482282423458894,0.9603743246323596,0.9783783783783784,0.9899181751033604,0.9723090277777776,1.0,1.0,0.9754599761051372,0.9813487964136048,0.9837465342270316,1.0,1.0,0.9694615384615384,0.98356523943746,0.9904813904813904,1.0,0.985943998335286,0.9708403879784208,0.9849111133514804,1.0,0.9655056759545924,0.9851763996696298,0.9824561403508772,0.9302819821687746,0.9833147321428573,0.9612222044472885,0.9843188371450016,0.9340988835725678,0.9876990149054216,0.9828539388842163,1.0,1.0,0.96875,0.9746557454890789,0.9172947145460816,1.0,1.0,1.0,0.9842122395833334,0.9370036386647684,0.9751859364435428,1.0,1.0,0.9847058581621534,0.9790613539498464
align-dinov2+500m-things+hyp-abl50-local-shuffled-42,1.0,0.9388487755325842,1.0,0.9774097078444904,0.952214566490476,1.0,0.9805825242718448,1.0,1.0,0.986597748065638,0.9614750690160526,0.9899181751033604,0.9723090277777776,0.9716314326713288,1.0,0.987694397855086,0.9879154078549848,0.9837465342270316,0.9871987083381388,1.0,0.9233870186251136,0.93752688172043,0.9904813904813904,1.0,0.9578319950058578,0.980534166573671,0.9849111133514804,0.9858584546084544,0.982613660976234,0.970535521152004,0.9823481781376516,0.9444444444444444,0.9497474747474748,1.0,1.0,0.8933333333333333,0.9633236547698484,0.9828539388842163,1.0,0.9855803190841552,0.9382591093117408,0.9617711977657324,0.9523809523809524,1.0,0.9813210445468508,0.9857894564826616,0.976675402748164,0.9531726823108492,0.9490028490028488,1.0,1.0,0.9695722881769392,0.9789473684210528
align-dinov2+500m-things+hyp-abl50-local-shuffled-7,1.0,0.951019020689442,1.0,0.9555555555555556,1.0,0.9635307781649244,0.9611283564126836,0.9805471595752926,1.0,0.9733983983983984,0.983489315292594,0.9899181751033604,0.9723090277777776,0.9810391652372784,1.0,0.9511526832955404,0.9939577039274924,0.9677426187147878,1.0,1.0,0.9233870186251136,1.0,0.96175103937393,1.0,0.9299995778869018,0.9709015019026688,0.9703444703444704,0.986013986013986,0.9486247263728944,0.9416855118347656,0.991201987638368,0.943979933110368,0.9916626019092746,0.9612222044472885,1.0,0.9604593301435408,0.9633236547698484,0.9828539388842163,0.9670090692200152,0.9450280112044818,0.9375,0.9746557454890789,0.9292436974789916,1.0,1.0,0.957368369447985,0.992225134249388,0.9212545483309604,0.975,1.0,1.0,0.9847058581621534,0.9578947368421052
align-dinov2+500m-things+hyp-abl50-shuffled-218,0.9403010689418456,0.9487179487179488,0.9717287596547024,0.9807439874898696,0.9477458614146436,0.970409982174688,0.8960369527379837,0.9636363636363636,1.0,0.9810309844103142,0.9133829611248968,1.0,0.9843317610062894,0.934104121620312,1.0,0.9108481262327418,0.9558371608895352,1.0,0.9307656113463736,0.9225490483591894,0.98709045974904,1.0,0.9592521285243656,1.0,0.9524049720771032,0.9648254567752508,0.9536836093660768,0.9240422396562122,0.9837808938813698,0.9834665805270668,0.9741927967421964,0.9671954873964392,0.9421487603305784,0.9642857142857144,0.9843188371450016,0.8988991081382386,0.9603878116343488,0.9393939393939394,0.972972972972973,1.0,0.9734399224806204,1.0,0.9287768011172266,0.948231349041486,1.0,0.9585392051557464,0.93623048211089,0.8963246579637911,0.9335344394167924,0.8652643774594995,0.9445571275544984,0.9872641291978754,0.9207301341589268
align-dinov2+500m-things+hyp-abl50-shuffled-42,0.9350340363798684,0.9480769230769232,0.9297456380071472,0.9605965313512485,1.0,1.0,0.8858635481053294,0.9459268004722552,1.0,0.9812170342313002,0.8987096469063425,1.0,0.9685602226720648,0.9334531695850564,0.9793457117595048,0.9099931417446516,0.9394062078272604,0.9439318320146072,0.958459366807824,0.9217665803031656,0.974025974025974,0.9822038241671596,0.8977003063381801,1.0,0.9841109223856506,0.9293003751208084,0.9684294871794872,0.9392397796322364,1.0,0.9834665805270668,0.903907228079176,0.9344262295081968,0.9669466648602266,0.9255516840882694,0.9843188371450016,0.8966300366300367,0.947673531655225,0.9101239669421488,0.9595427360133242,0.9813106106715358,0.9734399224806204,0.9333333333333332,0.8933904951541135,0.9438376718542816,1.0,0.9588867805186588,0.9297283263848612,0.8945725386403351,0.91074848433339,0.9326938879177684,0.8969561320172402,0.9746835443037974,0.9312127078679572
align-dinov2+500m-things+hyp-abl50-shuffled-7,0.970873786407767,0.9230769230769232,0.943661971830986,1.0,0.9655172413793104,0.970409982174688,0.9376221716427902,0.9819756001574184,1.0,1.0,0.9306960741990764,0.9866474854642447,0.9844100249066002,0.9232139727787838,1.0,0.9744809085841696,0.9558371608895352,0.9809292854185504,0.9586573612495848,0.9317386468952734,0.9366719326742172,0.9826801998610832,0.906990042393769,1.0,0.9523809523809524,0.929498062774803,0.9838095238095238,0.9477124183006536,0.9678734061930784,0.9672131147540984,0.9565757337417726,0.9016393442622952,0.95041999729034,0.9642857142857144,0.9689814814814814,0.9487179487179488,0.9339796860572483,0.9211172895383422,0.9864533838530448,0.9813106106715358,0.9866958584199964,1.0,0.9407735122020836,0.9823685029567384,1.0,0.9585392051557464,0.9427770794870748,0.8963246579637911,0.9553742421666952,0.9322936381759912,0.94354695492991,0.9872641291978754,0.9603650670794632
align-dinov2+500m-things+hyp-abl70-218,0.9900788530465948,0.9777997690912088,1.0,1.0,0.958349654001828,1.0,0.9591836734693876,0.977439934146216,0.9228070175438596,0.9698853126156122,0.9901955745362172,1.0,0.977893217893218,0.9230663453257196,1.0,1.0,0.977882806848324,1.0,0.9729044834307992,0.9674542381414752,1.0,0.9777777777777776,0.9543560606060606,0.955276907001045,1.0,0.9652602270293424,1.0,1.0,1.0,1.0,0.9846958270487682,1.0,1.0,0.9714520773344304,0.8694885361552029,0.9772132629275486,0.9471171171171172,0.9543049543049544,0.9810138276093976,0.9341614906832298,1.0,1.0,0.8842320470227447,0.9617344173441734,1.0,0.9753833736884584,1.0,0.9636363636363636,1.0,0.9685935935935936,0.9886604113424904,0.9575352184047836,0.9655172413793104
align-dinov2+500m-things+hyp-abl70-218-random,0.9899155680639906,0.977733532437365,0.9743589743589742,0.9607619047619048,0.958349654001828,0.9588867805186592,0.9796436122017516,0.97707348174911,1.0,0.8761282290694056,0.96998564721337,1.0,0.9559670781893004,0.98481658692185,0.9407142857142856,1.0,0.9699104966280538,0.877006237006237,0.897119341563786,0.8330898055524334,0.9090909090909092,0.9047619047619048,0.9317120347218946,0.955276907001045,1.0,0.9828058861218189,0.9639357932040858,0.9895488609934298,1.0,0.9118411000763942,0.9529354723106436,0.9110259917920656,0.9840771864301276,0.8925339366515838,1.0,0.9773081096381564,1.0,1.0,0.981233166533082,0.903896103896104,1.0,0.974744553691922,0.8503401360544218,1.0,0.9386666666666666,0.90282131661442,0.986912496219745,0.91002331002331,0.8449136919725155,0.9685935935935936,0.9149049581440128,0.9551665725578768,0.853639846743295
align-dinov2+500m-things+hyp-abl70-42,1.0,0.9555994729907774,1.0,0.9607619047619048,0.9130434782608696,1.0,0.9385659270126536,0.97707348174911,0.9228070175438596,0.9711649365628604,0.9805708348612636,0.9722869722869724,1.0,0.9695545682387788,1.0,1.0,0.9699104966280538,1.0,0.9729044834307992,0.967741935483871,1.0,0.9777777777777776,1.0,0.911525974025974,0.9753241800152554,0.982700139292056,1.0,0.9895488609934298,1.0,1.0,1.0,0.970341997264022,1.0,1.0,0.8391355708428878,0.931639788782646,0.9213017098731384,0.9543049543049544,1.0,0.9658899020601148,1.0,1.0,1.0,0.9617344173441734,1.0,0.90282131661442,1.0,0.9636363636363636,0.9778448131389308,1.0,0.9886604113424904,0.9575352184047836,0.9826762311739956
align-dinov2+500m-things+hyp-abl70-42-random,1.0,0.9555555555555556,0.9743589743589742,1.0,0.958349654001828,0.9185185185185184,1.0,0.9090909090909092,0.96011396011396,0.752256458138811,0.8634401901728634,0.943915343915344,0.9549329501915708,0.9695545682387788,1.0,1.0,0.977882806848324,0.92,0.8728346022288426,0.9181979039063562,0.8166666666666668,1.0,0.9312830027115742,0.955276907001045,0.95,0.9476444876153473,0.9639357932040858,0.9789473684210528,1.0,0.9411764705882352,0.9845249110686158,0.970341997264022,1.0,1.0,0.9646090534979423,0.9310594016476368,1.0,0.9543049543049544,0.9421662047758248,0.9341614906832298,0.9166666666666666,1.0,0.8613199665831245,0.9617344173441734,1.0,1.0,0.986912496219745,0.9278236914600552,0.7991840897501276,0.9688423645320196,0.9531923124263684,0.9165372670807452,0.9303244130830338
align-dinov2+500m-things+hyp-abl70-7,1.0,0.9333333333333332,1.0,1.0,0.9539735626692148,1.0,0.9795219756708844,1.0,0.886977886977887,0.9711649365628604,0.9801980198019802,1.0,1.0,0.98481658692185,1.0,1.0,0.971059709521248,1.0,0.92174688057041,0.9838041162680832,1.0,0.9777777777777776,0.9772373449072984,0.955276907001045,1.0,0.9652602270293424,1.0,1.0,1.0,1.0,0.9692307692307692,0.970341997264022,1.0,0.9714520773344304,0.8694885361552029,1.0,0.9471171171171172,0.9543049543049544,0.9810138276093976,0.9658899020601148,1.0,1.0,0.9635307781649244,0.9617344173441734,0.9681917211328976,0.9279176201372998,1.0,0.9632467532467532,0.9778448131389308,1.0,1.0,0.9575352184047836,0.9655172413793104
align-dinov2+500m-things+hyp-abl70-7-random,0.9475712693103998,0.8878833584715937,0.9473684210526316,1.0,0.9193236714975844,0.8784029038112523,1.0,0.9312204452473302,0.9228070175438596,0.9134948096885812,0.8424309886609963,0.8614348614348616,0.779835390946502,0.9387032720366052,1.0,0.975609756097561,0.9548657449420808,0.9226470588235294,0.7259101654846336,0.79970776666292,0.7722567287784678,0.85,0.9312830027115742,0.955276907001045,0.9023809523809524,0.9305204540586848,0.9639357932040858,0.9792377069434148,0.9803921568627452,0.8530685001273236,0.9367521367521368,0.912322652638291,1.0,0.9180910099889013,0.9316498316498316,0.9090909090909092,0.9213017098731384,0.9543049543049544,0.9221852262917744,1.0,0.9573260073260071,0.9501332001332,0.8503401360544218,1.0,0.9681917211328976,0.9753833736884584,0.9867647843011784,0.8897402597402597,0.9102880658436214,0.9375,0.9531923124263684,0.9575352184047836,0.6823049001814884
align-dinov2+500m-things+hyp-abl70-local-shuffled-218,1.0,0.9221775666788452,1.0,0.9695093348344122,0.9354497354497354,1.0,1.0,0.9612430580172516,1.0,1.0,0.9593322088374748,0.977332191617906,1.0,0.967741935483871,1.0,1.0,1.0,1.0,1.0,0.9820362286115712,0.9669408538973756,1.0,1.0,0.947983697983698,1.0,0.9823623542652152,1.0,1.0,0.9714285714285712,1.0,1.0,0.9724279835390948,0.9859323774816732,0.9652144545761566,0.9543049543049544,0.9591836734693876,0.9353864734299516,1.0,1.0,0.8888888888888888,0.9285714285714286,1.0,0.8892156862745099,1.0,1.0,0.9698696365363032,1.0,0.93767258382643,0.9096650717703352,1.0,1.0,1.0,0.962448559670782
align-dinov2+500m-things+hyp-abl70-local-shuffled-42,1.0,0.960999446800664,1.0,0.9695093348344122,0.9354497354497354,1.0,0.9833100233100234,1.0,0.9285714285714286,0.9473634473634474,0.9389983132562124,0.977332191617906,1.0,0.9838041162680832,0.9303350970017638,0.9767441860465116,1.0,1.0,1.0,0.9820362286115712,0.9669408538973756,1.0,0.978229916840346,0.945945945945946,1.0,1.0,1.0,0.9895084372707263,0.9411764705882352,1.0,1.0,0.9719621749408982,0.9858928536054584,0.9652144545761566,0.9543049543049544,0.9795576092072048,0.9691306755260244,1.0,1.0,0.9474548440065682,0.965040650406504,1.0,0.9432679738562092,1.0,0.9664723032069972,0.9698696365363032,1.0,0.9217404585982396,0.9320711085416968,1.0,1.0,1.0,0.9629629629629628
align-dinov2+500m-things+hyp-abl70-local-shuffled-7,1.0,0.9415892672858616,1.0,1.0,0.9354497354497354,1.0,0.9833472570314676,0.9617114519663246,0.9655122655122657,0.9733615016633884,0.9593322088374748,1.0,1.0,0.9838041162680832,0.925925925925926,0.9523809523809524,1.0,0.9570508863215452,1.0,1.0,0.9342592592592592,1.0,0.978229916840346,0.9735308063481438,1.0,0.9823623542652152,1.0,0.9895084372707263,0.9411764705882352,1.0,0.9845249110686158,0.9451659451659452,1.0,1.0,1.0,0.9796088648225248,1.0,1.0,0.9830213278886129,1.0,0.965040650406504,1.0,0.9411764705882352,1.0,0.9664723032069972,1.0,1.0,0.93767258382643,0.9773570361805656,1.0,1.0,1.0,0.9432050445749076
align-dinov2+500m-things+hyp-abl70-shuffled-218,0.9425322321424044,1.0,0.9696969696969696,0.84,0.9564213564213564,1.0,0.7931047418967586,0.9651622065415169,1.0,0.9105263157894736,0.8514512595837896,1.0,0.8398398398398399,0.8868303571428572,0.9527041357370096,1.0,0.932991452991453,1.0,1.0,0.9242424242424244,0.9198866385567152,1.0,0.9593554593554594,0.9381136044880786,1.0,0.9245283018867924,0.9425925925925924,0.8579447035309794,1.0,0.949874686716792,0.9272727272727272,0.9393939393939394,0.9386080586080586,1.0,0.9633922534531052,0.9271765271765272,1.0,0.8918495297805642,0.9,0.9646090534979423,0.959090909090909,1.0,0.9683322791482184,1.0,0.8932646301067353,0.8690069379724552,0.9573446961202065,0.8553139605771184,0.9025980819529206,0.9303081868027984,0.9357650883966672,1.0,0.9203613407388272
align-dinov2+500m-things+hyp-abl70-shuffled-42,0.9394631030557252,0.9555555555555556,0.9696969696969696,0.92,0.9564213564213564,0.9701720452000407,0.8787325456498389,0.9310344827586208,1.0,0.957002457002457,0.9517703051958138,0.9735521599698168,0.9375,0.9275271512113618,0.9590699155916548,0.9696969696969696,0.9513354918655316,0.9635517870811988,0.9285714285714286,0.8832119100411784,0.9177533328476724,1.0,0.9389308366052552,1.0,0.9692251461988304,0.90523558356048,1.0,0.9225411169683616,0.9824561403508772,0.949874686716792,0.9285968933027756,0.9397306397306396,0.9072913572913572,1.0,1.0,0.8902580178442248,0.9402097902097902,0.8345752608047691,0.8787030941408822,0.9646090534979423,0.9573260073260071,1.0,1.0,0.9459247648902822,1.0,0.8937976437976437,0.9856391149459096,0.8293605129048167,0.7985337243401759,1.0,0.9686630369026012,1.0,0.9685602226720648
align-dinov2+500m-things+hyp-abl70-shuffled-7,0.9761327655857628,0.9777557864643464,1.0,0.9607619047619048,1.0,0.9701720452000407,0.8992895724130592,0.9651622065415169,0.9735449735449736,0.9166666666666666,0.9393939393939394,1.0,0.9687194525904204,0.9646825396825396,1.0,1.0,0.9497408491326294,1.0,0.93125,0.9629662004662004,0.9732955461855718,0.9767441860465116,0.9177339901477832,0.9684740334019676,0.9692251461988304,0.943141350136288,1.0,0.9458669598090998,0.9824561403508772,1.0,0.9631176631176632,0.9095936321742772,0.8896882219294728,1.0,1.0,0.9273208273208274,0.9106449106449106,0.9252199413489736,1.0,1.0,1.0,0.9637226970560304,0.9683322791482184,0.9716046665199208,0.9753732156478152,0.8937976437976437,1.0,0.8125404007756949,0.9036354326676908,0.9767693956009326,0.9789473684210528,1.0,0.8911925500370644
align-dinov2+500m-things+hyp-abl90-218,1.0,0.9312169312169312,1.0,0.8681818181818182,0.9230769230769232,0.888888888888889,1.0,1.0,0.9523809523809524,1.0,1.0,1.0,0.9185185185185184,1.0,1.0,1.0,0.9662541421518902,1.0,1.0,1.0,1.0,1.0,0.8591800356506237,1.0,0.9250879839115134,1.0,1.0,1.0,0.888888888888889,1.0,0.9411764705882352,1.0,1.0,0.75,1.0,1.0,1.0,1.0,1.0,1.0,0.9090909090909092,1.0,0.922144522144522,1.0,1.0,1.0,1.0,1.0,1.0,1.0,1.0,0.901010101010101,1.0
align-dinov2+500m-things+hyp-abl90-218-random,0.8639455782312925,1.0,0.8678571428571428,0.876984126984127,0.9230769230769232,0.888888888888889,0.86,1.0,1.0,1.0,0.928495829981796,0.8571428571428571,0.9185185185185184,0.7609649122807017,1.0,1.0,0.935483870967742,1.0,0.901010101010101,0.9471861471861472,1.0,1.0,0.9546395633352156,1.0,1.0,0.851851851851852,0.9354497354497354,0.943915343915344,1.0,0.888888888888889,1.0,0.9411764705882352,1.0,1.0,0.888888888888889,0.8083333333333333,0.9090909090909092,0.9090909090909092,0.882051282051282,0.888888888888889,1.0,0.96,0.7664335664335665,0.5446428571428571,1.0,1.0,0.7012345679012345,1.0,0.6666666666666666,0.8917748917748918,1.0,1.0,0.7109974424552429
align-dinov2+500m-things+hyp-abl90-42,1.0,0.9312169312169312,1.0,1.0,0.9230769230769232,1.0,1.0,1.0,0.9523809523809524,1.0,0.9787553282182438,1.0,0.9185185185185184,1.0,1.0,1.0,0.9662541421518902,1.0,1.0,1.0,1.0,0.888888888888889,0.9075369075369076,1.0,1.0,1.0,1.0,1.0,1.0,1.0,1.0,1.0,1.0,0.75,1.0,1.0,1.0,1.0,1.0,1.0,0.9090909090909092,1.0,1.0,1.0,1.0,1.0,1.0,1.0,1.0,0.8917748917748918,1.0,1.0,1.0
align-dinov2+500m-things+hyp-abl90-42-random,0.9285714285714286,1.0,0.6515837104072398,0.8681818181818182,0.9230769230769232,0.888888888888889,1.0,1.0,0.9,1.0,0.7802757158006364,1.0,0.7552447552447553,0.8947368421052632,1.0,0.9075369075369076,0.9662541421518902,1.0,1.0,0.8114285714285714,1.0,1.0,0.9546395633352156,1.0,0.6153846153846154,0.851851851851852,0.9300207039337476,0.9446164430684556,0.888888888888889,1.0,0.9411764705882352,0.9411764705882352,1.0,1.0,1.0,0.8933333333333333,1.0,1.0,0.882051282051282,1.0,0.9090909090909092,1.0,0.8461538461538461,0.9297173414820472,1.0,1.0,0.9047619047619048,1.0,0.6666666666666666,1.0,0.8979127134724858,1.0,0.9130434782608696
align-dinov2+500m-things+hyp-abl90-7,1.0,0.7936507936507937,1.0,1.0,0.8333333333333334,1.0,1.0,1.0,1.0,1.0,0.8937766410912191,1.0,1.0,1.0,1.0,1.0,0.9286140979689366,1.0,1.0,1.0,1.0,1.0,0.8591800356506237,1.0,0.9250879839115134,0.8333333333333334,1.0,1.0,0.888888888888889,1.0,0.9411764705882352,1.0,1.0,1.0,1.0,0.9032967032967032,1.0,1.0,1.0,0.888888888888889,1.0,1.0,0.9230769230769232,1.0,1.0,1.0,0.949659863945578,1.0,1.0,0.8917748917748918,0.9681165936083324,0.901010101010101,0.9570508863215452
align-dinov2+500m-things+hyp-abl90-7-random,0.963059163059163,1.0,0.8018099547511313,0.8681818181818182,0.9230769230769232,1.0,0.9320574162679426,1.0,1.0,1.0,0.8789855072463767,0.9333333333333332,0.4444444444444444,0.8804824561403509,1.0,0.9075369075369076,0.9662541421518902,1.0,1.0,1.0,0.6666666666666666,1.0,0.8591800356506237,1.0,1.0,0.768421052631579,1.0,0.943915343915344,1.0,1.0,1.0,0.8,1.0,1.0,0.888888888888889,0.8083333333333333,0.9090909090909092,1.0,0.882051282051282,0.888888888888889,1.0,1.0,0.8443223443223443,1.0,1.0,1.0,0.949659863945578,0.8957264957264957,0.6666666666666666,1.0,0.7906732117812062,1.0,0.7286490683229813
align-dinov2+500m-things+hyp-abl90-local-shuffled-218,1.0,0.943915343915344,0.9056277056277056,1.0,0.9090909090909092,1.0,1.0,1.0,1.0,0.6761904761904761,0.9762128325508608,1.0,1.0,0.950984499371596,0.8571428571428571,0.8917748917748918,0.9678416821273964,1.0,0.8681818181818182,1.0,0.9411764705882352,1.0,0.858008658008658,1.0,1.0,1.0,1.0,1.0,0.8000000000000002,1.0,1.0,1.0,1.0,0.75,0.8571428571428571,1.0,1.0,1.0,0.8654761904761905,1.0,0.8333333333333334,1.0,1.0,1.0,1.0,0.901010101010101,1.0,1.0,1.0,0.873015873015873,1.0,1.0,1.0
align-dinov2+500m-things+hyp-abl90-local-shuffled-42,1.0,0.943915343915344,1.0,0.9300207039337476,1.0,1.0,1.0,0.9185185185185184,1.0,0.8148148148148148,0.9542857142857144,1.0,1.0,1.0,1.0,0.8917748917748918,1.0,1.0,0.8681818181818182,1.0,0.875,1.0,0.955922865013774,1.0,1.0,1.0,0.9264828738512948,1.0,0.8000000000000002,1.0,1.0,1.0,0.9453518854607784,1.0,1.0,0.9320574162679426,1.0,1.0,1.0,0.9333333333333332,0.9230769230769232,1.0,1.0,0.9250879839115134,1.0,0.901010101010101,1.0,1.0,1.0,1.0,1.0,1.0,1.0
align-dinov2+500m-things+hyp-abl90-local-shuffled-7,1.0,0.886002886002886,0.9056277056277056,0.9300207039337476,1.0,1.0,1.0,1.0,1.0,0.9131652661064426,0.9762128325508608,1.0,1.0,1.0,1.0,1.0,0.9375,1.0,0.8681818181818182,1.0,1.0,1.0,1.0,1.0,1.0,1.0,1.0,0.952598888525662,0.8000000000000002,1.0,1.0,1.0,1.0,1.0,0.8571428571428571,1.0,1.0,1.0,0.9333333333333332,1.0,1.0,1.0,0.928937728937729,1.0,1.0,1.0,0.9493849566444847,1.0,1.0,0.873015873015873,1.0,1.0,1.0
align-dinov2+500m-things+hyp-abl90-shuffled-218,1.0,0.9493333333333333,0.7575757575757575,1.0,1.0,0.9333333333333332,0.8378522062732588,0.9185185185185184,0.8000000000000002,1.0,1.0,0.9333333333333332,1.0,0.7904761904761904,1.0,1.0,0.925883256528418,1.0,1.0,0.855026455026455,1.0,1.0,0.9459507354244197,0.9333333333333332,1.0,1.0,0.922144522144522,0.9361471861471862,1.0,1.0,1.0,1.0,0.9,0.9411764705882352,1.0,0.8815359477124183,0.888888888888889,1.0,1.0,1.0,1.0,1.0,0.7482517482517483,0.886002886002886,1.0,0.6428571428571428,1.0,1.0,0.8000000000000002,0.9148148148148147,1.0,1.0,1.0
align-dinov2+500m-things+hyp-abl90-shuffled-42,0.942902711323764,0.8,1.0,0.9320574162679426,1.0,1.0,0.7957393483709274,0.8148148148148148,1.0,0.827922077922078,1.0,0.9333333333333332,1.0,0.8373040752351096,0.5,0.873015873015873,1.0,1.0,0.7412587412587412,0.9047619047619048,1.0,1.0,0.7508771929824561,0.8571428571428571,1.0,0.8902777777777777,0.7511312217194571,0.9361471861471862,1.0,1.0,0.888888888888889,0.8000000000000002,0.94858934169279,0.875,0.9230769230769232,0.9411764705882352,0.888888888888889,1.0,0.8967032967032967,1.0,1.0,1.0,0.7482517482517483,1.0,1.0,1.0,0.951912951912952,0.8151515151515153,1.0,0.9148148148148147,0.930944055944056,0.8571428571428571,1.0
align-dinov2+500m-things+hyp-abl90-shuffled-7,1.0,0.901010101010101,1.0,1.0,0.875,1.0,0.94834008097166,1.0,1.0,1.0,0.9855072463768116,1.0,1.0,1.0,0.8000000000000002,1.0,1.0,1.0,0.9125541125541126,1.0,1.0,0.8571428571428571,0.8879699248120302,0.8571428571428571,0.8772727272727272,0.8902777777777777,1.0,1.0,0.9411764705882352,0.9411764705882352,0.0,0.8000000000000002,1.0,1.0,0.7272727272727273,1.0,0.888888888888889,0.9333333333333332,0.8967032967032967,0.9090909090909092,1.0,0.8,0.916083916083916,0.8888888888888888,1.0,1.0,1.0,1.0,0.9090909090909092,0.8333333333333334,0.95810147299509,1.0,0.9130434782608696
