run_name,animal,arts and crafts item,bird,body part,breakfast food,candy,car part,clothing accessory,condiment,construction equipment,container,dessert,drink,electronic device,farm animal,fastener,food,footwear,fruit,furniture,game,garden tool,hardware item,headwear,home appliance,home decor item,insect,item of clothing,kitchen appliance,kitchen tool,mammal,medical equipment,musical,office supply item,outerwear,personal hygiene item,piece of jewelry,piece of women's clothing,plant,protective clothing item,safety equipment,school supply,scientific equipment,sea animal,seafood,source of light,sports equipment,tool,toy,vegetable,vehicle,watercraft,weapon
align-dinov2+1b-things+hyp-abl10-218,1.0,0.7581855886905978,1.0,0.9007246376811596,0.980703246429514,0.9571557971014492,0.9487179487179488,0.8513535684987695,0.9375,0.6179966044142614,0.948051948051948,0.9535104895104896,0.9732426303854876,0.96,0.8907161803713527,0.8757347156014255,0.982783924136374,1.0,0.9023668639053254,0.981000481000481,0.8272058823529411,0.8181818181818182,0.8397736143637783,0.9744997624201468,0.9104573073233132,0.884506041222459,0.9812017245101932,0.9562373955632384,0.975580668150152,0.8226363008971704,0.98857535316348,0.7003011069471222,0.8921146953405017,0.744747899159664,0.9719729699789522,0.8768990720210232,1.0,1.0,0.9383116883116884,0.9020546017450042,0.8289562289562289,0.9320574162679426,0.7799629596966223,0.9657285327924272,0.8449754901960784,1.0,0.875,0.9804029304029304,0.7629629629629631,1.0,1.0,1.0,0.8691358024691357
align-dinov2+1b-things+hyp-abl10-218-random,0.9929804688840832,0.7142857142857143,0.9740080307413324,0.7474120082815735,0.980703246429514,0.9784333111075344,0.9733848241310928,0.8877190026954177,0.9676243567753,0.7181964573268921,0.9352480764432114,0.890724369969653,1.0,0.9197435897435896,0.7164835164835165,0.7583055198973043,0.9718602967788634,1.0,0.8447115384615385,0.9615384615384616,0.8272058823529411,0.8787878787878788,0.8551246168199386,0.9741785308287771,0.8177083333333333,0.9529411764705884,0.882210242587601,0.9665399453690404,0.8233555062823356,0.8260869565217391,0.9117662190667284,0.6443946699062298,0.754978354978355,0.65359477124183,1.0,0.924364569961489,1.0,0.9255747126436782,0.9393939393939394,0.8628803245436105,0.7960222378827029,0.8600000000000001,0.8917850656981091,0.880575435552664,0.8134164222873901,1.0,0.725007313149042,0.9523364232666558,0.8635854341736695,0.940216780409474,0.9649122807017544,1.0,0.7810846560846559
align-dinov2+1b-things+hyp-abl10-42,1.0,0.7866343429622923,1.0,0.8014492753623188,0.9415706244974538,0.9784333111075344,0.9751479289940828,0.8513535684987695,0.9676243567753,0.7799119647859143,0.9870496152886422,0.9537574177804892,0.9490783410138248,0.9466666666666668,0.8907161803713527,0.8757347156014255,0.9886363636363636,1.0,0.9223557692307692,1.0,0.8272058823529411,0.8118686868686869,0.8244497314409532,0.9487179487179488,0.9462743843939878,0.9545454545454546,0.9812017245101932,0.9669819498405944,0.975609756097561,0.9133747412008282,1.0,0.7578129563642736,0.9483333333333336,0.762754897506481,0.9460446247464503,0.8506432591798446,1.0,1.0,0.9063333026932624,0.8628803245436105,0.7960222378827029,0.9320574162679426,0.8417906329754213,1.0,0.8915653402112502,1.0,0.7894813519813519,1.0,0.8103703703703704,1.0,1.0,1.0,0.8035838725734196
align-dinov2+1b-things+hyp-abl10-42-random,0.973257161781752,0.7575890123348789,1.0,0.8352067868504772,0.9612430580172516,0.955648291925466,0.9119286510590856,0.8513535684987695,1.0,0.7126436781609194,0.7811623519386076,0.9378017693807168,1.0,0.933357053904999,0.793858022401899,0.6567627494456764,0.961928335690712,1.0,0.749198717948718,0.941518987341772,0.8272058823529411,0.7845532593572907,0.8705317872850861,0.9744997624201468,0.9642401021711366,0.8181818181818182,0.7819293117193729,0.9669819498405944,0.8758247460894062,0.8915642609111514,0.9330136549598852,0.6182019977802442,0.771875,0.7372549019607844,1.0,0.9502144197266148,1.0,0.8824771287825475,0.9063333026932624,0.9373249299719888,0.7960222378827029,0.8629310344827588,0.9130434782608696,0.8976707559681698,0.8134164222873901,0.911525974025974,0.8072616407982262,0.9537338239928436,0.7271708683473389,0.940216780409474,0.9824778463325032,0.9362304362304364,0.8012759170653908
align-dinov2+1b-things+hyp-abl10-7,1.0,0.8294138294138295,1.0,1.0,0.9612430580172516,0.9112965838509316,0.9487179487179488,0.8513535684987695,0.9676243567753,0.6940024479804161,0.9485209235209237,0.9225174825174826,0.9490783410138248,0.959971474416117,0.9196067090803932,0.8757347156014255,0.9776925262858766,1.0,0.8613119434014956,0.981000481000481,0.8272058823529411,0.8745791245791246,0.8705317872850861,0.9744997624201468,1.0,0.9769012082444918,0.9812017245101932,0.9669819498405944,1.0,0.9783128521822302,1.0,0.7840419129880705,0.9238498789346248,0.7872899159663864,1.0,0.7953462293243623,1.0,0.8824771287825475,0.969460458240946,0.8628803245436105,0.8289562289562289,0.9111111111111112,0.7713884992987378,1.0,0.8915709167284409,1.0,0.9157848324514992,0.9804029304029304,0.9090569561157796,1.0,0.9824778463325032,1.0,0.8257777777777777
align-dinov2+1b-things+hyp-abl10-7-random,1.0,0.785233137958184,1.0,0.7474120082815735,0.980703246429514,0.9571557971014492,0.9443438914027148,0.8327606502051452,0.9676243567753,0.7799119647859143,0.8716056670602125,0.9378017693807168,0.9732426303854876,0.9332147304750044,0.8603581966650656,0.901341463414634,0.9723578653644924,1.0,0.7730227518959913,0.9430014430014432,0.8272058823529411,0.8815426997245179,0.8381647341063574,0.9744997624201468,0.87399549983928,0.9327759197324416,0.821578527770396,0.9778463679294164,0.8233555062823356,0.9133747412008282,0.98857535316348,0.7174484490916525,0.7346153846153847,0.762754897506481,0.9460446247464503,0.7230527143981117,1.0,0.8824771287825475,0.9383116883116884,0.8628803245436105,0.8289562289562289,0.8384909786768726,0.8679777758179733,0.948701250958438,0.665023949889462,0.9043560606060608,0.8327536231884057,0.9608058608058608,0.8610632183908046,1.0,1.0,1.0,0.803116883116883
align-dinov2+1b-things+hyp-abl10-local-shuffled-218,0.9862740565219904,0.7665071770334928,1.0,1.0,0.8719028340080971,1.0,0.9519713261648748,1.0,0.9695093348344122,0.7796610169491526,0.9326538800223012,0.8440000000000001,1.0,0.9030586747442606,1.0,0.8821178821178821,0.9942980004107632,1.0,1.0,0.9769777660987752,0.9742665742665744,0.953168044077135,0.8381013061484549,0.8635854341736695,0.9276299206761064,0.9798602180598266,1.0,0.9783158383904652,1.0,0.9586309523809524,1.0,0.831667839549613,1.0,0.8425226874094409,1.0,0.7190482348377085,0.8928756253234431,0.8888888888888888,0.8272972972972973,0.9452214452214454,1.0,0.9156831890899552,0.7208391608391608,0.930438596491228,0.8565491726427286,0.9444579189910258,0.9310344827586208,0.9536119988608676,0.8929425837320574,1.0,1.0,1.0,0.984637420350001
align-dinov2+1b-things+hyp-abl10-local-shuffled-42,0.9862740565219904,0.7183014354066987,1.0,1.0,0.7453088388760903,1.0,0.9519713261648748,0.941074611662847,0.9363083164300204,0.7415961072007857,0.8798679968832598,0.8636461347664324,1.0,0.8658092028337574,0.971753282577513,0.9421768707482991,0.954969093017376,1.0,1.0,1.0,0.8754636989931107,0.825740239927883,0.8517562515686714,0.8610632183908046,0.9276299206761064,0.9798602180598266,1.0,0.9676703532772276,0.973629194938566,0.9586309523809524,1.0,0.73798551678736,1.0,0.8177304964539006,1.0,0.825080325080325,0.8928756253234431,0.8576998050682261,0.8272972972972973,1.0,0.8546296296296296,1.0,0.833015873015873,0.9477650169379492,0.9361731458505652,0.9730227207362668,0.9317032392894464,0.9454545454545454,0.7454350161117078,0.97903981264637,0.9796260642621828,1.0,0.9067026540710752
align-dinov2+1b-things+hyp-abl10-local-shuffled-7,1.0,0.7831342314100934,1.0,1.0,0.8153277931671283,0.945945945945946,0.9755368814192342,0.8967242368236569,1.0,0.7777422449632236,0.877926606958865,0.8824448217317488,1.0,0.921865889212828,1.0,0.9125138427464008,0.967020945987942,1.0,0.956439393939394,1.0,1.0,0.9284745105640628,0.877878859068558,0.9102880658436214,0.9276299206761064,0.9798602180598266,1.0,0.9890871933425124,0.973629194938566,0.9175485008818342,1.0,0.73798551678736,1.0,0.8425226874094409,1.0,0.7190482348377085,0.8928756253234431,0.92088712346905,0.858246001103144,0.973570019723866,1.0,1.0,0.8032,0.84298110453329,0.8403950517409917,0.9444579189910258,0.9657285327924272,0.954252729532359,0.9202180928007122,1.0,0.9796260642621828,1.0,0.9537574177804892
align-dinov2+1b-things+hyp-abl10-shuffled-218,0.7815606788926789,0.2849838333709301,0.8087256027554535,0.8526315789473684,0.367891156462585,0.743612596553773,0.6375227686703097,0.2949039264828738,0.6428571428571428,0.266304347826087,0.5282028782028783,0.6016511867905057,0.8851851851851852,0.5016351981860201,0.5072681704260652,0.4445964432284541,0.7244726238549188,0.8499999999999999,0.7085714285714286,0.7445887445887446,0.8474984930681133,0.5835010060362174,0.3938746438746439,0.4394366197183099,0.2849002849002849,0.6126923887834704,0.6764132553606237,0.5504759631165885,0.3710144927536232,0.4067163035818243,0.69524926686217,0.4067154248240767,0.6112104949314252,0.2745098039215686,0.7756410256410255,0.5025520876914066,0.7884373690825304,0.6666666666666667,0.745063213074314,0.6576112412177986,0.7184121920964026,0.4807692307692308,0.5203616636528029,0.6139127120259196,0.5237712689348707,0.634920634920635,0.4857724957555178,0.4606274572735296,0.3542372881355932,0.5755102040816326,0.4906882080085828,0.6869772998805257,0.5782191327375041
align-dinov2+1b-things+hyp-abl10-shuffled-42,0.7047187724407125,0.2631072631072631,0.8633754305396095,0.8526315789473684,0.3488957226726306,0.6862222222222223,0.7071702244116037,0.3505695218023985,0.6428571428571428,0.266304347826087,0.4597402597402597,0.5313283208020051,0.9375,0.544823280911944,0.5072681704260652,0.4928478781124975,0.6911015742841509,0.752,0.644564824846515,0.7377398720682303,0.8595238095238096,0.6178053830227744,0.3962634067581593,0.4728778467908903,0.4266619560737208,0.4739960500329164,0.5614035087719298,0.3013142174432496,0.4067488643737832,0.4269972451790633,0.6829987106281082,0.3220575901593513,0.6112104949314252,0.3330462085637278,0.7756410256410255,0.6566145092460882,0.7652329749103942,0.6666666666666667,0.5033594624860023,0.7336976320582879,0.6530825496342737,0.4707792207792208,0.544686617730096,0.3400673400673401,0.3147334331029131,0.6470971950424005,0.412,0.4362414072743533,0.3666666666666666,0.478021978021978,0.377507809788268,0.7038123167155425,0.4983695652173913
align-dinov2+1b-things+hyp-abl10-shuffled-7,0.6838078929388771,0.3461743875536979,0.8087256027554535,0.8526315789473684,0.527695272162073,0.8033670033670033,0.6111111111111112,0.2216117216117216,0.6428571428571428,0.2573529411764706,0.4074653117060778,0.4887218045112782,0.8563218390804597,0.5154570409707792,0.6640211640211641,0.4928478781124975,0.7279849683994761,0.965925925925926,0.6769230769230768,0.7080213903743315,0.8474984930681133,0.5835010060362174,0.378698224852071,0.4394366197183099,0.2765752765752766,0.4931626928471248,0.6071030418856506,0.5489076901757658,0.3502487562189054,0.2999518999518999,0.7216191904047976,0.3220575901593513,0.7084078711985687,0.2925278219395866,1.0,0.6787859287859288,0.8898356664637858,0.6666666666666667,0.6213099054836158,0.870607553366174,0.8209366391184573,0.568421052631579,0.4898765432098765,0.6347171347171348,0.5768799102132436,0.6224010731052985,0.5882110682110682,0.4816560866318147,0.461128526645768,0.696739326247523,0.354020979020979,0.6869772998805257,0.6515723270440251
align-dinov2+1b-things+hyp-abl10cat-218,0.8431655406960228,0.8869047619047619,1.0,0.863157894736842,0.1468232128661407,0.9493849566444847,0.3094791047732224,0.7814474195653928,0.9365164460067452,0.8793797325907418,0.6117048738200732,0.7742516262293062,0.9407838070628768,0.8701298701298701,1.0,0.9369471108601544,0.939585768263608,1.0,0.9908256880733946,0.6748076728969091,1.0,0.3668518090400957,0.8868891793946816,0.9204987914521788,0.8850031505986138,0.9020453104667844,0.9782608695652174,0.5309597095311381,0.9856286441652294,0.9040816326530612,0.951219512195122,0.8030461468515572,1.0,0.9130434782608696,0.7904936836975672,0.3903714514473118,0.9509572901325478,0.5838776608007377,0.981132075471698,0.8807488807488807,0.8731257208765859,0.7756410256410257,0.422191613100704,0.8448008145602647,0.7919705072111489,0.9491124260355028,0.9387480798771122,0.9151577696469336,0.9569273829886488,1.0,0.9894736842105264,1.0,0.8122352941176469
align-dinov2+1b-things+hyp-abl10cat-218-random,0.7365468823508124,0.8488155873554855,1.0,0.9615384615384616,0.1468232128661407,0.9135422826729748,0.2029773462783171,0.5400696864111498,0.964590572930589,0.7605855855855856,0.0548236041136649,0.3351313413431863,0.9626639264043844,0.908683321162305,1.0,0.9682539682539684,0.8461414118806372,0.5488546974719241,1.0,0.1427843803056027,0.9904761904761904,0.2850407489728565,0.8249305350215346,0.3668260898980489,0.7943217969729105,0.8927907389458453,0.9555555555555556,0.0310162487944309,0.9838268398268396,0.830316742081448,0.8487699585599001,0.5717680639915032,0.9772727272727272,0.9066143619919363,0.3414728019158399,0.1860807564132372,0.8971336107258436,0.2646520146520146,1.0,0.5142857142857143,0.5504945340968246,0.7561374795417348,0.1720005484711367,0.1537123978438532,0.3832291666666667,0.9672982190223568,0.8916232494549755,0.8382701047293262,0.9209257683833956,0.9892473118279568,0.9565217391304348,1.0,0.7832941176470588
align-dinov2+1b-things+hyp-abl10cat-42,0.9674538981856676,0.9256299256299256,1.0,0.9411764705882352,0.1468232128661407,0.9658630842841368,0.2171604621309371,0.8170604452613168,0.9767441860465116,0.857861745240386,0.5280854019168835,0.7840033566685539,0.9201147650661314,0.8711237741849986,1.0,0.9555822328931572,0.9662013267748034,0.9069595170191488,1.0,0.5141478085457546,1.0,0.3064414562787002,0.8561018591946428,0.9211080650904582,0.7891022021456805,0.8585098928964666,0.9892473118279568,0.3902631142979512,0.9856286441652294,0.8866248693834902,0.9340235128969996,0.7624626948159612,1.0,0.8992094861660079,0.8100113115960333,0.2456257328765548,0.9360119047619048,0.5369879162982611,0.981132075471698,0.8559106218680687,0.6856510346073913,0.7966259093019656,0.2800728745723949,0.6489123731054913,0.7649796069707082,0.9384615384615383,0.9535528211949894,0.9021051188233852,0.9322033898305084,1.0,0.9787234042553192,0.9885057471264368,0.8154095057846699
align-dinov2+1b-things+hyp-abl10cat-42-random,0.6964494307479059,0.9256299256299256,0.9814814814814816,0.9714285714285714,0.1468232128661407,0.9156415944074744,0.244739898092191,0.4904959904959905,0.9502409386130318,0.7246353496353496,0.0408723710733662,0.2847028439764698,0.9743265993265994,0.8577200577200578,1.0,0.9221674876847292,0.8942682730337661,0.4334975369458128,0.9908256880733946,0.1427843803056027,1.0,0.3612699298098824,0.7924674018463306,0.3949671525692468,0.6878386514148103,0.895335493188649,0.9892473118279568,0.0114622802549909,0.941445955619184,0.7162883845126835,0.8853480505607975,0.6153762091799958,0.9655172413793104,0.932806324110672,0.2892892892892893,0.1860807564132372,0.8971336107258436,0.2646520146520146,0.9615384615384616,0.4727624478159047,0.6286693977321595,0.7692307692307693,0.1720005484711367,0.1559940002307603,0.3633333333333333,1.0,0.9387480798771122,0.8707245567499653,0.9093437635810516,0.967032967032967,0.967741935483871,1.0,0.8181718968579167
align-dinov2+1b-things+hyp-abl10cat-7,0.9357972385614194,0.8615332657885849,1.0,0.9514563106796116,0.2470673175462947,0.9658630842841368,0.2029773462783171,0.8791773010507921,0.9114617940199335,0.7954711468224982,0.661697794947856,0.621420456057819,0.9303385416666666,0.8304118821585663,1.0,0.9153619242114818,0.9096929570013462,0.9538517975055026,1.0,0.7189904586026469,1.0,0.2850407489728565,0.8245152747564553,0.9096996101811512,0.7834520412160163,0.9387596564671356,0.9892473118279568,0.0548916847608708,0.9856286441652294,0.8685714285714287,0.975609756097561,0.7402548575420007,1.0,0.8992094861660079,0.8380749170222854,0.4665384752341274,1.0,0.5369879162982611,0.9906542056074764,0.8559106218680687,0.8684744715590662,0.7966259093019656,0.2573550522954325,0.1689608231079279,0.4530740037950663,0.9434965034965036,0.9241847666998418,0.914910464567215,0.9322033898305084,1.0,1.0,1.0,0.8262849599867997
align-dinov2+1b-things+hyp-abl10cat-7-random,0.7872735947237404,0.8488155873554855,0.9622641509433962,0.9615384615384616,0.3664678999461352,0.9172627308636704,0.231078431372549,0.4082145217637617,0.9253614079195476,0.8525752287220177,0.0408723710733662,0.3320888369301165,0.9515262515262516,0.7818349122696949,1.0,0.9117259552042162,0.8811137624644861,0.7200350424646534,0.9814814814814816,0.1427843803056027,0.9708737864077672,0.2850407489728565,0.8251923681554169,0.5479292459699554,0.7943217969729105,0.7573422757532765,0.9892473118279568,0.0163893855966138,0.9514805194805196,0.7497249724972497,0.8445223917122113,0.580782144973336,0.9655172413793104,0.9139087172831496,0.2892892892892893,0.1860807564132372,0.8333333333333333,0.2646520146520146,1.0,0.4805781391147244,0.646984631690514,0.7692307692307693,0.184793388429752,0.1559940002307603,0.3013050919982883,0.8153846153846154,0.8196293754289637,0.8444821731748727,0.841701311160857,1.0,0.967741935483871,1.0,0.7223413503332367
align-dinov2+1b-things+hyp-abl10cat-local-shuffled-218,0.9623941901303648,0.871301247771836,1.0,0.9504950495049505,0.1755362256199686,0.9387480798771122,0.456146094801557,0.6563436563436563,0.9551085004717412,0.91738559404301,0.7490702169045069,0.5778360382932751,0.8869047619047619,0.929160250022647,1.0,0.948013524936602,0.9133219461697724,0.9906729568593358,0.9917355371900828,0.2407629518574046,0.9830508474576272,0.3222818791946309,0.9148936170212766,0.6944745395449621,0.7664646464646465,0.9550045913682278,1.0,0.742467172455292,0.9227770280401858,0.9693366708385482,0.930442637759711,0.6707516577125986,1.0,0.8840954846131722,0.8058755871908172,0.4293272864701436,0.8545454545454546,0.8447654346664677,0.9917355371900828,0.9259243909346484,0.8321839080459771,0.8952764637982935,0.2514131967724782,0.5843759726112667,0.8623373297849963,0.9149162846614732,0.902136016593848,0.8968724279835392,0.8930521091811415,1.0,0.9896907216494844,0.9928057553956836,0.8445193351230936
align-dinov2+1b-things+hyp-abl10cat-local-shuffled-42,0.9936495544768912,0.8296846011131725,1.0,0.94,0.1755362256199686,0.967741935483871,0.5653442171749844,0.861991851239163,0.9376346923516736,0.8449931412894376,0.8236526382502212,0.5531395886781343,0.9256299256299256,0.9151507869758502,1.0,0.9323565323565324,0.946226911386486,1.0,1.0,0.876621434712721,0.9655172413793104,0.3222818791946309,0.9147775628626692,0.9468024900962084,0.8015046296296295,0.955790601151426,1.0,0.757982844493636,0.9227770280401858,0.8401360544217686,0.8825396825396825,0.7174024539393221,1.0,0.8840954846131722,0.8243636265059774,0.3797774602942863,0.9333333333333332,0.8273156357344161,0.9917355371900828,0.907723118003492,0.8460455486542443,0.8407419183889773,0.5716302748626908,0.8448008145602647,0.8868128787388669,0.9855014602047985,0.8674800776250051,0.94765353588883,0.8930521091811415,1.0,0.9896907216494844,0.9705882352941176,0.8186058909769425
align-dinov2+1b-things+hyp-abl10cat-local-shuffled-7,0.9748063415033388,0.8812003530450132,1.0,0.9904761904761904,0.1755362256199686,0.9373069326986376,0.8010775346929356,0.9371666171666172,0.9393939393939394,0.9040499153493504,0.7986783251086214,0.670052863534355,0.8869047619047619,0.929160250022647,1.0,0.9171708441371365,0.9062736484735396,0.9906335766122204,1.0,0.8503611971104231,0.9915966386554622,0.344074844074844,0.9255572240876035,0.9147392290249432,0.7664646464646465,0.9405580413983774,1.0,0.7637383332360531,0.9367283950617284,0.923963133640553,0.8825396825396825,0.809215692714694,1.0,0.9016393442622952,0.7541007348264941,0.5383427990353031,0.9194823867721064,0.8636516059540401,1.0,0.8793843383120313,0.8180538302277433,0.8726166328600404,0.3771233418330802,0.5768876318125258,0.8705215653851455,1.0,0.8879807692307693,0.9182728611407714,0.9086691086691088,1.0,1.0,0.9928057553956836,0.8186058909769425
align-dinov2+1b-things+hyp-abl10cat-shuffled-218,0.6448209547128039,0.7442244224422443,0.9591836734693876,0.9894736842105264,0.2190842961061189,0.7861111111111112,0.1666666666666666,0.2975672877846791,0.7076127651987877,0.588034188034188,0.0678759939062953,0.1818483464557793,0.8438390877415268,0.7173668417104275,0.991304347826087,0.8507209499575912,0.7521365224402042,0.3412698412698412,0.9552238805970148,0.1072179574877758,0.9914529914529916,0.3113513513513514,0.4222612374405076,0.3019037356321839,0.5520708169194032,0.6717431119605033,0.9692307692307692,0.0158518410438661,0.8814814814814815,0.5623792518002458,0.759386733416771,0.4833333333333333,0.9217391304347826,0.859882005899705,0.2442705809042442,0.1784818481848185,0.8425720620842572,0.2593879239040529,0.8918918918918918,0.3927572706935123,0.5286661002548854,0.6940350877192983,0.1481930888947507,0.1319278547539417,0.2254689754689754,0.8416552145365704,0.7161872395517255,0.4600024504131669,0.7653061224489796,0.9421487603305784,0.8599999999999999,0.991150442477876,0.4825504621769478
align-dinov2+1b-things+hyp-abl10cat-shuffled-42,0.5941400816619554,0.7955974842767296,0.9696969696969696,1.0,0.2190842961061189,0.8011305241521068,0.1804326685478343,0.2133667502088554,0.7076127651987877,0.6041958041958042,0.0536307785999321,0.1818483464557793,0.831193838254172,0.6319618366129994,0.9824561403508772,0.8888888888888888,0.8048109526172501,0.4215891635246474,0.931297709923664,0.1072179574877758,0.9827586206896552,0.3113513513513514,0.508324661810614,0.3267803190045118,0.6022522254604572,0.669187145557656,0.9692307692307692,0.0158518410438661,0.8961881589618815,0.6065037471489085,0.765204678362573,0.5142857142857143,0.9310344827586208,0.859882005899705,0.2442705809042442,0.1784818481848185,0.9252199413489736,0.2593879239040529,0.8918918918918918,0.3927572706935123,0.5414585414585414,0.7120743034055728,0.1481930888947507,0.1319278547539417,0.2424242424242424,0.850181598062954,0.6710649623270982,0.5533353602182985,0.7857142857142857,0.9333333333333332,0.8599999999999999,0.9541284403669724,0.4991109277474986
align-dinov2+1b-things+hyp-abl10cat-shuffled-7,0.6250531683956037,0.8241590214067279,0.9375,0.9894736842105264,0.2190842961061189,0.7861111111111112,0.1666666666666666,0.2312447786131997,0.7076127651987877,0.6041958041958042,0.0584046911544748,0.1818483464557793,0.8438390877415268,0.7084434460887948,0.991304347826087,0.9196189730540876,0.7210693264344532,0.3358095238095238,0.9147286821705424,0.1072179574877758,0.9914529914529916,0.3113513513513514,0.4841191066997519,0.3019037356321839,0.5520708169194032,0.6376811594202898,0.9365079365079364,0.0158518410438661,0.9174603174603172,0.4903225806451612,0.6992334167709637,0.4888888888888889,0.9217391304347826,0.859882005899705,0.2442705809042442,0.1784818481848185,0.8658008658008658,0.2593879239040529,0.9876543209876542,0.3927572706935123,0.4949494949494949,0.7488141526703277,0.1481930888947507,0.1319278547539417,0.25899260382019,0.850181598062954,0.6693877551020407,0.4598936432743161,0.7756132756132758,0.9333333333333332,0.8367346938775512,0.9821428571428572,0.5347736625514403
align-dinov2+1b-things+hyp-abl20cat-218,0.9444109301620952,0.756,1.0,0.9855072463768116,0.229648782589959,0.9801324503311258,0.913978494623656,0.9305336797103524,0.7292824822236588,0.6146153846153847,0.915653760498001,0.9200588884799412,1.0,0.8562692847124825,0.8634439634439633,0.4870152252983544,0.9050919124051638,0.8811230585424134,0.9935483870967742,0.9807692307692308,0.8801931890986151,0.8013298177232603,0.1297658443110385,0.912551440329218,0.9140481275018258,0.3719222516447374,0.9035395159759364,0.9442170402428784,0.9704142011834318,0.8094920928575202,0.7136046391319371,0.4416529398505366,0.6438538801100377,0.4820237677380535,0.9524901295972676,0.4152306522222521,0.9032231742146064,0.9793103448275862,0.9323987680043484,0.6663094737440753,0.7342649892985464,0.7856958841930932,0.3176884368486286,0.8823119490592986,0.794148369758126,0.8642773892773893,0.1349472157845291,0.6069741772517271,0.421112352675127,1.0,0.8452192586532605,0.9722437220502236,0.844442541595782
align-dinov2+1b-things+hyp-abl20cat-218-random,0.6565434658466943,0.7375227963525836,0.9696969696969696,0.9393939393939394,0.2530462095679486,0.9452054794520548,0.8220046082949308,0.921463371789639,0.6741805727030149,0.3247194910352805,0.8192580582100022,0.84671679197995,0.903954802259887,0.8915686274509805,0.5200166805671393,0.3172169268315144,0.7973816360712545,0.7561567811307666,0.987012987012987,0.9708737864077672,0.839369188883752,0.6259107468123862,0.1166175872058224,0.912551440329218,0.9016875042700008,0.218001713968846,0.3511748648503988,0.8964030747367742,0.976470588235294,0.5889748549323016,0.0573470490482938,0.3180136721980263,0.2276070214389787,0.3804707723797483,0.8824494949494949,0.3206408378822172,0.846810207336523,0.9793103448275862,0.9036144578313252,0.4640930113052415,0.5028058361391695,0.5714772357876469,0.2937984692370657,0.2646520146520146,0.3065914130215682,0.755613918509846,0.1001282344054666,0.1429387193086245,0.2954702000025047,0.9739617190321416,0.0943413174397854,0.4319059518400727,0.6973278194873016
align-dinov2+1b-things+hyp-abl20cat-42,0.9341104861280944,0.8259738372093023,0.9850746268656716,1.0,0.229648782589959,0.9733333333333334,0.923719165085389,0.9473684210526316,0.7119273381683972,0.3558611627874591,0.9332722773868054,0.95757399725435,1.0,0.8517922812689431,0.5575011810427046,0.5441011935148208,0.8380071352001316,0.867441836807357,0.987012987012987,0.9807692307692308,0.8652787508757882,0.676855666808073,0.2320958647832511,0.9444444444444444,0.865546218487395,0.5045786586563715,0.9616806062796814,0.9113606763093588,0.9883720930232558,0.7941192720323155,0.0673551545557533,0.3207267992424242,0.438321725836589,0.5991253644314869,0.9524901295972676,0.3577566685407296,0.949808057977254,0.9863013698630138,0.9623290817227854,0.6434434259199417,0.7217786189809612,0.812231093606182,0.3383498862426065,0.5776563236880697,0.5320953719481102,0.8388980716253444,0.1216116911034635,0.4641991931352672,0.5182899010033324,1.0,0.6938558538813667,0.9721898471898472,0.8023051150323877
align-dinov2+1b-things+hyp-abl20cat-42-random,0.6193006495298974,0.6544,0.9538461538461538,0.9473684210526316,0.229648782589959,0.9594594594594594,0.9038402457757296,0.8463583200425304,0.6741805727030149,0.3136901559978483,0.6882470083127797,0.8971125730994152,0.9948186528497408,0.7467601683029452,0.5236612702366127,0.3172169268315144,0.7840095136001755,0.8043876294150937,0.96,0.8602150537634409,0.8582669313680164,0.6120987574573323,0.1232179039006539,0.8872549019607843,0.8867547018807523,0.2252197423745541,0.3483028299604934,0.9122395489014196,0.9642857142857142,0.6435574413102504,0.0573470490482938,0.3207267992424242,0.2381834039580103,0.3835895591716863,0.9424375114030286,0.3577566685407296,0.9412126808248692,0.9863013698630138,0.9209453197405006,0.4960232586131867,0.507653219309661,0.5532422245445681,0.2517653075273893,0.2602840804279653,0.3012195121951219,0.713080808080808,0.1011948561617435,0.2600094439268488,0.2222130810366104,1.0,0.0825088998135277,0.4029873381421922,0.6905553905553905
align-dinov2+1b-things+hyp-abl20cat-7,0.9429273497815912,0.7575575575575575,1.0,1.0,0.229648782589959,0.9801324503311258,0.926779313876088,0.9382577896953798,0.6741805727030149,0.4640818605584937,0.9097297266309132,0.94060359615609,1.0,0.9131220458729292,0.9386654630971328,0.6083163417017119,0.8312574325001371,0.9781573114149216,0.987012987012987,0.9807692307692308,0.8817112762985291,0.8596557317631122,0.3306636740681707,0.9595607235142118,0.9065438196254704,0.5225201607333073,0.8357356246712903,0.90272,0.9642857142857142,0.7890745618018346,0.1062652344989543,0.3444224504404482,0.9024928273696748,0.4820237677380535,0.9412247474747476,0.3928547687878548,0.94057365636313,0.9722222222222222,0.9759036144578314,0.6195489112501982,0.7197979797979797,0.812231093606182,0.4594089303766723,0.6747491638795987,0.6458388700327837,0.874968416511745,0.301572157489232,0.3977376092037745,0.5375337159293032,1.0,0.7024938656263865,0.9302300347222222,0.8449612693887504
align-dinov2+1b-things+hyp-abl20cat-7-random,0.7275220297426839,0.7513373860182371,0.9538461538461538,0.8976377952755905,0.2273946525915029,0.9594594594594594,0.8924731182795699,0.8579017140730749,0.6741805727030149,0.3024747610113463,0.6890468077474892,0.8630561995294443,0.9842931937172776,0.8374112075769534,0.5408855205424811,0.3489907564610451,0.7539442757680532,0.8943786826445409,0.987012987012987,0.9607843137254902,0.8173121377004873,0.6512148801796479,0.1154929515121133,0.9737413194444444,0.8802694523344635,0.235833170561204,0.3511748648503988,0.9361246753246754,0.9824561403508772,0.4419260354219704,0.0547428371696154,0.2961592670894996,0.2276070214389787,0.4277939747327502,0.9003512249876664,0.3206408378822172,0.8708408953418028,0.965034965034965,0.809095537077889,0.4640930113052415,0.5345224395857308,0.6272034421479799,0.2517653075273893,0.2646520146520146,0.3065914130215682,0.6985993657505286,0.1011948561617435,0.1515643137293612,0.2720451326906485,1.0,0.0825088998135277,0.3694444444444444,0.7038531068381815
align-dinov2+1b-things+hyp-abl20cat-local-shuffled-218,0.9442537712948909,0.7708396579833694,0.9937888198757764,0.9882352941176472,0.2548456010875898,0.994871794871795,0.8799465240641712,0.9464799476896252,0.6636682803221522,0.3031694433157253,0.8379303704719103,0.9895901042929904,0.9930069930069928,0.7690607390803524,0.8484717843702566,0.5061186543960251,0.9044462870784872,0.9741192884548308,1.0,0.9808917197452228,0.9616743151161172,0.5693125949763118,0.2075057787723973,0.9649720378321002,0.8709726443768997,0.3738576238576238,0.9865783904710078,0.9291297829811536,0.9615384615384616,0.693727689954105,0.1581220265209029,0.4326648694626223,0.9577450249469516,0.582591003660828,0.9362890194316916,0.5546177034804056,0.9506172839506172,0.9937106918238994,0.9410214338316044,0.6630730667816277,0.7015206682373099,0.8548966756513926,0.484999250785275,0.8913160010720986,0.8022876191652042,0.9667042451789154,0.6845466155810984,0.4846428198412,0.6744777274234552,0.9473758365621696,0.852864853031566,0.9808149514718858,0.8984778865756146
align-dinov2+1b-things+hyp-abl20cat-local-shuffled-42,0.962171986809806,0.7504030011009473,0.912751677852349,0.9882352941176472,0.2662200956937799,0.9844559585492226,0.8568077639306689,0.9298179298179298,0.6196322489391797,0.3848753219018906,0.8873125229866583,0.9680431536281352,0.9930069930069928,0.8802635121225078,0.8576125223780273,0.4861667587549662,0.8526501141812551,0.9913730961516104,1.0,0.9873417721518988,0.9283167486192352,0.6013342535081665,0.1836938676848482,0.9542696403455896,0.8863636363636364,0.5751630762975851,0.9529608402799522,0.9216588050314464,0.981132075471698,0.706501095690285,0.1758863636363636,0.590680967329517,0.8872767631924124,0.7268499453468568,0.9375020383559548,0.6520679541493688,0.9120124190502668,0.9808917197452228,0.9271606285464864,0.6889913128657232,0.8287245842594272,0.875,0.3561610118426331,0.6700220693620034,0.5843220842281018,0.9413461386075848,0.7336937918458335,0.2914401470198689,0.5025975542129995,0.9473758365621696,0.845243708874609,0.9680249191198096,0.8798816187351219
align-dinov2+1b-things+hyp-abl20cat-local-shuffled-7,0.9036414565826332,0.7400244012072176,0.9875,0.9822485207100592,0.2548456010875898,1.0,0.8361111111111111,0.9383582504601614,0.7868901347966122,0.455030536804886,0.8166797465410999,0.9793954583428268,0.9930069930069928,0.879092639287405,0.8865918254407463,0.3640383198231393,0.8060902956919224,0.9912312312312314,1.0,0.9937106918238994,0.9446048632218844,0.5523902757382934,0.33197061719076,0.9649720378321002,0.9003325942350333,0.5381076388888889,0.9865771812080536,0.9053189457601224,0.9875,0.6677262301790697,0.9502018004501126,0.5953104017204219,0.9530635975521776,0.7964441605450867,0.9639513365946608,0.7842526203026282,0.9753086419753086,0.9873417721518988,0.9887711492301388,0.7991805868087113,0.8008281573498965,0.884437830286096,0.4049713447954151,0.8967546813897881,0.7832746239673392,0.9420990539099624,0.879969362745098,0.4018436588798739,0.5143011411726935,0.9707299787384832,0.7812018489984592,0.9872009118332647,0.904346503220744
align-dinov2+1b-things+hyp-abl20cat-shuffled-218,0.5119364357249038,0.4011470985155195,0.9290322580645162,0.9824561403508772,0.3162943871706759,0.9349112426035504,0.7986853832442068,0.6043047741904661,0.7140527004985181,0.2023551895674657,0.5372842722240312,0.8419445494845343,0.9935483870967742,0.648080880867766,0.4921458741683461,0.288999810450496,0.6566176727288727,0.6049168134664319,0.8977272727272727,0.9342105263157896,0.8851802403204273,0.5493200663349916,0.0914686599574059,0.8203577727387251,0.7116210379216159,0.1995692122938572,0.4717521155938023,0.4322765623287922,0.9545454545454548,0.3516073025727363,0.0537987201861547,0.3025988506732995,0.2903569841504962,0.2927200731038684,0.6689063948100092,0.262213313443968,0.8427379885572482,0.9195402298850576,0.7876016260162603,0.3686224489795918,0.4991452991452991,0.4908566538839413,0.2404907097766412,0.2254689754689754,0.3485768680769802,0.586987270155587,0.1155395447846733,0.0523815306864017,0.2528373899360541,0.8502225713537575,0.0833540106951871,0.3715323252768187,0.5401940401940402
align-dinov2+1b-things+hyp-abl20cat-shuffled-42,0.5443032899342646,0.4121583696731575,0.9493670886075948,0.976470588235294,0.3162943871706759,0.9473684210526316,0.8166328600405679,0.7408735113653148,0.696594427244582,0.2023551895674657,0.5016880259959725,0.7758289342447758,0.9803921568627452,0.5970109890109889,0.4722935225728522,0.2762314681970349,0.6830325063918579,0.6384357790819915,0.934065934065934,0.9342105263157896,0.8897009966777408,0.5493200663349916,0.0981107073054302,0.9105464094278412,0.7315092422028838,0.1784763753639978,0.4717521155938023,0.4254314473211394,0.9777777777777776,0.380952380952381,0.0749602017752644,0.3025988506732995,0.2903569841504962,0.2927200731038684,0.6517857142857143,0.262213313443968,0.791312688407783,0.9378531073446328,0.8088601294176206,0.3686224489795918,0.5495352895815577,0.4908566538839413,0.2404907097766412,0.2254689754689754,0.3485768680769802,0.6821946169772258,0.1155395447846733,0.0571316290912213,0.2528373899360541,0.8353207236842105,0.0891894214617758,0.3715323252768187,0.4146245059288538
align-dinov2+1b-things+hyp-abl20cat-shuffled-7,0.5772753848090801,0.4505209530376158,0.9493670886075948,0.9883720930232558,0.3162943871706759,0.9714285714285714,0.7644792020854584,0.6943353689504391,0.696594427244582,0.2023551895674657,0.4665874665874666,0.6944132377182576,0.9935483870967742,0.6221789671277792,0.5242881787562639,0.2762314681970349,0.7010472730375183,0.6886415336027739,0.8977272727272727,0.9054054054054054,0.880617035546613,0.5493200663349916,0.0914686599574059,0.9105464094278412,0.7376354086880402,0.1802409037009299,0.4457297088876036,0.5123157860576143,0.942528735632184,0.3304721030042918,0.0591375202972819,0.3025988506732995,0.2903569841504962,0.2927200731038684,0.6517857142857143,0.262213313443968,0.9022614137391552,0.9257142857142856,0.7803172437318779,0.3686224489795918,0.5033337808206918,0.4908566538839413,0.2404907097766412,0.331631933105136,0.3605181448563625,0.614496833216045,0.1155395447846733,0.0523815306864017,0.2528373899360541,0.8475232198142414,0.077478202548625,0.3715323252768187,0.5401940401940402
align-dinov2+1b-things+hyp-abl30-218,0.9742607407464132,0.8398345260742216,1.0,0.962581278370752,0.9615384615384616,0.9119935785403042,0.9444514774216608,0.8634722212057117,0.9152026060899948,0.7666217124823649,0.9380832444646254,0.9640589652589494,0.9808641596001804,0.926092783950884,0.748479480873847,0.924874273618358,0.9163215812924256,0.9802015250544662,0.9786911360245756,0.975951263357635,0.9319743830053108,0.8456849795976513,0.8515765765765765,0.9393982255368396,0.9497999824335872,0.8439129713470976,0.9912489986793392,0.9762785222745384,0.9515558365732582,0.7850450716713462,0.9773012399964206,0.8267197540463486,0.9715978558229076,0.8491371005101281,0.9215686274509804,0.911504424778761,0.9899396739828006,0.8898262250890537,0.9909725817771796,0.8159264603709048,0.8304988662131519,0.8592170080373347,0.8541539699178469,0.93658699078663,0.8209670832312342,0.918121758121758,0.8530593327366136,0.925671430019256,0.898356401384083,0.9831932773109244,0.9088608220057534,0.8985581326006857,0.906810702378053
align-dinov2+1b-things+hyp-abl30-218-random,0.9741118406967086,0.7905594405594406,0.9016564952048824,0.8877438351122562,0.8630915155305399,0.8216871363930187,0.8939360767295184,0.7006802721088435,0.8237378113654561,0.7399065089743055,0.7906960824580962,0.9127455416924484,0.9252980029679058,0.8376496081877195,0.7587743226041098,0.6954423487474783,0.8450871455558073,0.9178503994190268,0.8712327219968202,0.918969193775237,0.9034518707285996,0.6900265056517656,0.8091245091245091,0.7928530784112894,0.8828086280427172,0.7790977820454608,0.9112731152204836,0.858044008585368,0.8988697204045212,0.70586280596023,0.951792311455769,0.829007813935581,0.8817769404298569,0.6580572675911659,0.899784238019532,0.8912619915222726,0.7909941520467837,0.8636018237082066,0.9174280663642363,0.6944925175608265,0.7609649122807017,0.8613020813978237,0.7165500657658346,0.7702255896337179,0.6004930897979026,0.7035937899372321,0.7799565979031035,0.9099728289543104,0.6885343968095714,0.818656304902602,0.8745849297573436,0.8377508702966091,0.7949835452317164
align-dinov2+1b-things+hyp-abl30-42,0.9742607407464132,0.7851022943886646,1.0,1.0,0.9616820283113676,0.9214524605828954,0.9814838258072204,0.8782922824302135,0.9266694090223502,0.8227774705658129,0.9049568669803344,0.9712682304931086,0.9808641596001804,0.9016383781235264,0.7517736091466953,0.8866013071895424,0.9163215812924256,0.9901499978645592,0.964549728480833,0.9839378192157876,0.9546495886702072,0.796858996244452,0.8409749034749034,0.9393982255368396,0.992814157656197,0.8517176596886742,0.9912489986793392,0.9568792969796004,0.95140243902439,0.7979940851227979,0.9886222544232888,0.8241647241647242,0.9521903622293546,0.886490461680554,0.9113212087874308,0.8814084016692306,0.9694196604816424,0.8346093917902428,0.9729177453315384,0.7942707498263054,0.8173628173628172,0.8996723956112251,0.7942306509079496,0.9683354087991296,0.9085825637549776,0.8943959041213047,0.8471041906537274,0.925671430019256,0.8432564515167769,0.9663865546218487,0.90890777666462,0.9175414471418633,0.8752747178534285
align-dinov2+1b-things+hyp-abl30-42-random,0.9496050791260804,0.7715741954274065,0.943357558419233,0.9084354722422494,0.8738641798182687,0.836160304565077,0.8953173944210874,0.7657142857142857,0.7758307868601986,0.8011962735960887,0.8047240786961268,0.956902345739663,1.0,0.8820073496711374,0.6340266875981162,0.7870687588997448,0.8692186695445471,0.9399538747950762,0.8921971981428714,0.894919134697232,0.8774058999040489,0.772391294428982,0.8403944485025566,0.7404416014603866,0.8500954338569959,0.7621011529597754,0.8935277382645803,0.86199189784177,0.8237156316422355,0.711962372707859,0.9773012399964206,0.7414187120069473,0.875694941796322,0.6511253125868297,0.8875348215007606,0.8266738178242603,0.8142170240415855,0.8346093917902428,0.8516208516208515,0.5494157258863142,0.6966666666666667,0.8898155573376103,0.502516312078715,0.6045475855602438,0.5125362609898692,0.7465643274853802,0.7056328321203081,0.8626177953101031,0.7726219790241678,0.8082637984771374,0.863395225464191,0.8321205821205822,0.8625563685867438
align-dinov2+1b-things+hyp-abl30-7,0.978426533913924,0.837443090931463,0.9919274997285392,1.0,0.9130422868667382,0.9214524605828954,0.9444514774216608,0.8855275443510737,0.8912620603797075,0.7036310242054615,0.933442793960328,0.9639946935960734,0.9808641596001804,0.9309840129440232,0.6334953455803608,0.8963877457704618,0.927069168144324,0.9901499978645592,0.964485226707626,0.9919528269164064,0.9416013128997888,0.8207905536316343,0.8087197522841085,0.9290013669559176,0.9424460431654677,0.8671651031001476,0.9912489986793392,0.929956489830153,0.9432005146123262,0.7594309276765293,1.0,0.8177718832891248,0.9526630930381792,0.8313885240995549,0.9113212087874308,0.8814084016692306,0.9701692789968652,0.8863348530901722,0.9361716748385726,0.7695526522856904,0.8433095096287472,0.9009240096773252,0.8541539699178469,0.9873417721518988,0.8282852564102564,0.925410972469796,0.8186695010812822,0.9136957345038548,0.8200160495242463,0.9915966386554622,0.9087890398235228,0.9269207095294052,0.8680319532252212
align-dinov2+1b-things+hyp-abl30-7-random,0.9439788809986908,0.8089228418640183,0.9594222981319755,0.9217638691322904,0.8937183506149023,0.863624937154349,0.8532672932965609,0.7966914805624483,0.7758307868601986,0.67909604519774,0.861999022034269,0.9056366110099384,1.0,0.9015807914688256,0.6696251702825053,0.7201318966024849,0.877038098618481,0.9901499978645592,0.9430379018144974,0.8781346810096631,0.9124076100520262,0.7459782321147146,0.8038515594629349,0.7801825192303967,0.9422921226561756,0.8131802937294929,0.9198789174107642,0.8657173054185913,0.8730667104650846,0.750267317270115,0.9731697286088188,0.815211104684789,0.902739005542744,0.5667861308089794,0.8858131487889274,0.8241564255084225,0.8579262331506444,0.7770701552616447,0.862380110607061,0.6681461612968462,0.8133333333333334,0.8216748768472907,0.5777134156278958,0.7974584305051018,0.57664582331249,0.7848616030434212,0.7116341618614659,0.8808179190767518,0.7909959340841848,0.8368052287041868,0.9140665894240326,0.8290723155588021,0.7996603624351547
align-dinov2+1b-things+hyp-abl30-local-shuffled-218,0.9718717731992664,0.803613520544312,1.0,0.9864590705355036,0.9160900482664605,0.9734985938492244,0.9205026580275136,0.9357635065664264,0.8502070266776149,0.7487726146685684,0.8348002290647989,0.8849543136205693,0.9624439187535688,0.8987107112042402,0.5849195218059173,0.8285156814568579,0.9391703674889516,0.9703687683755838,0.953988226161211,0.961842533998731,0.9570425318456816,0.7678914869926106,0.8567665238806179,0.964625850340136,0.952755905511811,0.8923617208077261,0.948023437749465,0.9218818129661503,0.923413917270872,0.8508771929824562,0.9769695295590718,0.8398148148148148,1.0,0.8974927511512878,0.9200797668354044,0.915446365155363,0.9399538747950762,0.8730081762203569,0.9188001150623852,0.7666121112929624,0.8822736362073489,0.8610102418239666,0.7510366826156301,0.8926822660098523,0.9390550425033184,0.9646017699115044,0.9192717681783732,0.906599008144347,0.8073316283034954,0.975962984384037,0.9170656064728602,0.9590738319848308,0.864172335600907
align-dinov2+1b-things+hyp-abl30-local-shuffled-42,0.9698169023761204,0.7660677038851186,1.0,0.9753086419753086,0.87616411176825,0.9734985938492244,0.9573778822333736,0.950017901897601,0.9180563026716873,0.76609864124315,0.8550200921774688,0.9078431585462522,0.9872890642121412,0.9104761904761904,0.515456557435568,0.8179503528564674,0.9388863903365796,0.9611650485436892,0.9923628403179524,0.9771055203992386,0.961209143027325,0.7601703398313567,0.8719932682868191,0.9088803088803088,0.968543052833746,0.9172671500568786,0.9742052818975896,0.9373574778154534,0.9331546302320538,0.8608591127642203,0.9808518767195444,0.801432626922823,0.9826012514005866,0.8621087219692166,0.9200797668354044,0.8600638249373148,0.9093953370822014,0.883495145631068,0.8908163265306123,0.8872084663388261,0.9121780685287116,0.8694568395137713,0.7569416108034588,0.9436113067981684,0.9388835725677832,0.9185908051536198,0.9194228178612466,0.9008264462809916,0.919731566029218,0.9679258878023674,0.9642373007994706,0.9427033647787628,0.822687074829932
align-dinov2+1b-things+hyp-abl30-local-shuffled-7,0.9657455126391784,0.8109339919173776,0.992429950036441,0.9753086419753086,0.8861578788184292,0.9647747747747748,0.9314449917898192,0.9285714285714286,0.8352363520148754,0.7747593582887701,0.8695249484527221,0.9312492626367797,0.9872890642121412,0.9212194420477424,0.6056735457156215,0.8531278214046779,0.9298310415061684,0.9902386774259556,0.9923690867554468,0.9305005107252298,0.936837736026377,0.7403689403689403,0.8351032411722068,0.9088803088803088,0.9606495266523056,0.8923617208077261,1.0,0.9296936316695352,0.9331546302320538,0.8996598639455782,0.9769695295590718,0.8816140452980262,1.0,0.8687982196938993,0.9000997085442553,0.907434587372864,0.92952970661949,0.8758372114556933,0.8988943155609822,0.7150845523394543,0.880887656033287,0.8594377612105301,0.7726400313356836,0.9687316830135592,1.0,0.9270491531603196,0.9314739053516142,0.8745261986699705,0.7860139860139861,0.9519568567026194,0.9347684011759004,0.9590738319848308,0.8709038440648186
align-dinov2+1b-things+hyp-abl30-shuffled-218,0.6701254682144501,0.4542804836922484,0.6931278588994455,0.9336986301369864,0.6250902199492447,0.7058244010088273,0.6660911246263272,0.3973761191094375,0.6394581654697261,0.4130809846062319,0.5341945263082029,0.6345774509647879,0.782167415188653,0.5097065342198723,0.5085985403760975,0.5821295945433876,0.7812151596050394,0.5104212612996284,0.6325826789281261,0.4998100664767331,0.8295684027614709,0.5952380952380952,0.3262243720112131,0.5181533046865222,0.5590000350434539,0.4502752498012226,0.5771739130434783,0.3342719146043245,0.5718224561452708,0.4842548076923077,0.6693881311327003,0.7108037700830716,0.7081632653061224,0.4109972041006524,0.7370731707317073,0.5764309764309764,0.6380447226932162,0.5405628285743738,0.5240873676221774,0.4010381905821282,0.5466216216216216,0.5844626857664038,0.42266139657444,0.4775657429748239,0.5527134096444697,0.6445728733971465,0.5479805712475583,0.4603815240058714,0.6325643758380033,0.6408799916041349,0.578634931552878,0.6090254538079304,0.5237325073102199
align-dinov2+1b-things+hyp-abl30-shuffled-42,0.662092601746581,0.3707948778346431,0.5580395946923418,0.9336986301369864,0.6180453742598541,0.6654450935481381,0.65620473201352,0.3690047023262546,0.6394581654697261,0.4130809846062319,0.5341945263082029,0.555920684952943,0.7650375939849624,0.4666038119534875,0.4911832353692819,0.6150789012273525,0.7871714647283642,0.4843853820598007,0.7317919381323164,0.5236814419037483,0.8833826808393076,0.5952380952380952,0.3928870126249552,0.5376206362444894,0.3693033854166667,0.385108230609565,0.6750975927130775,0.4240458011214564,0.4688687095257045,0.4728140214216164,0.5922706752892367,0.5879383774120616,0.5992222466798737,0.4068114357131698,0.6932142857142857,0.6086237653918114,0.6031846375674846,0.5405628285743738,0.576895191385009,0.4010381905821282,0.5466216216216216,0.5490549957387076,0.4484742899377045,0.5321401849179627,0.5006356547243661,0.6682680151706699,0.3945926857300698,0.507393183517751,0.5654194110076464,0.6155768841079959,0.5030720051146808,0.5474803659197846,0.5673375706214691
align-dinov2+1b-things+hyp-abl30-shuffled-7,0.6633879503358437,0.3936232260404687,0.7117261704812973,0.940408163265306,0.6599655483260592,0.7476480277576557,0.6486540981953827,0.5328883326380197,0.6394581654697261,0.4406863229406312,0.5505888716670191,0.6788540590678163,0.8096348096348096,0.5147286821705427,0.5254901960784314,0.6894794985185961,0.788759464446245,0.6532844344953302,0.7052879273617687,0.572039072039072,0.8833826808393076,0.6479229989868288,0.4735388863322595,0.4978868157921863,0.5879337436451006,0.4585256819969011,0.6565317408681104,0.4991238780712465,0.5180400600247929,0.5346062434297728,0.5351017951744307,0.5772727272727273,0.7525714285714286,0.4503708359522312,0.6932142857142857,0.5240847784200386,0.6999625888514778,0.5479740315157426,0.5022054286507232,0.4476573688876765,0.7242418684274884,0.6549207673060884,0.4587450592885375,0.4947981324553355,0.5451120073003444,0.6922392850945688,0.4853314215016343,0.4004219557639272,0.5234976581725808,0.7207612456747405,0.628916334089793,0.7098796367575461,0.5498870451704644
align-dinov2+1b-things+hyp-abl30cat-218,0.9538870976468028,0.3769323927550717,0.9790195239371206,0.848900098080426,0.805484600788206,0.901005021009608,0.9609349762333288,0.2657624453290088,0.8842209165687426,0.5263190487367597,0.7098379450193482,0.8774306328925966,0.9561202846476812,0.8693081520526931,0.5165140844607865,0.6510438890389758,0.3440422991251431,0.9110742888704778,0.9531744137536262,0.9529723312939457,0.8776040549238362,0.795994436967653,0.7231030368139029,0.9483901994532752,0.7446355522750439,0.6026770426376589,0.9781809076581732,0.8782226174889037,0.9218263107979948,0.6787692307692308,0.9316042021718096,0.8250194931773879,0.99009900990099,0.5292280302655654,0.7769553352688342,0.7266459684047119,0.8828382676780034,0.7104008643805173,0.8847395678314186,0.73828429838059,0.6984289745297776,0.5245037220843672,0.6641426909032543,0.8890203005466923,0.624707923655292,0.9473249238799478,0.3705485449256352,0.6204898681558801,0.9158794453368096,0.9425733515534196,0.950653138586244,0.99,0.9175994437384613
align-dinov2+1b-things+hyp-abl30cat-218-random,0.8286559998089041,0.2975327072044009,0.538784515929514,0.7732262382864792,0.6081547139403706,0.7782455328041135,0.9453089667266602,0.2657624453290088,0.735506882347031,0.3465806950036399,0.2186430387539185,0.5279145194796592,0.9454428130265334,0.6867856324531735,0.5062453775988167,0.3915145005370569,0.4102625254401433,0.7602857059899538,0.5104586697681107,0.8793508434764039,0.5539892596854622,0.6241536765863643,0.5670229380435907,0.7782720207397394,0.3111760569570185,0.2995679567956795,0.4728653139683094,0.8654474226130293,0.5031055900621119,0.3787012987012987,0.9114504519007428,0.8093053173241853,0.847457627118644,0.4710348308934881,0.5161485912931,0.775187969924812,0.8095970695970697,0.4727085053674649,0.5924245231535902,0.5728816391319785,0.416378525932666,0.4688644688644688,0.3306925557950696,0.3553932640666566,0.3738544064631021,0.7065390749601277,0.1580188040209174,0.1192388177121001,0.7355854906939804,0.321221856933543,0.6655471966207781,0.9950248756218908,0.6535570634564934
align-dinov2+1b-things+hyp-abl30cat-42,0.9458021244219889,0.3604589869743468,0.9874063652610364,0.8607407407407408,0.3681542022831466,0.8868713761062412,0.94816284284975,0.3187675070028011,0.7802885592359278,0.344451399445587,0.6242964767730635,0.8505747126436781,0.9507321274763136,0.8096821527627786,0.5062453775988167,0.4867748112699561,0.0185441609557742,0.8836279461279463,0.5784215402701168,0.9724851419766676,0.6314476617887576,0.7027492673618211,0.6990582593794868,0.9916233988221512,0.3111760569570185,0.5276614796614796,0.945118076416016,0.9303578722468344,0.5031055900621119,0.4935386984982672,0.9099558306426114,0.8091324520024071,0.9206349206349206,0.4839656713749329,0.5786897775049092,0.757886429158459,0.952,0.4727085053674649,0.8786658696371118,0.6345822851846948,0.5183409296039501,0.4918404279426643,0.4431333471059315,0.5608076474543953,0.4727833269475803,0.8816543816543816,0.2012185190075672,0.5008288374740488,0.8382953769219863,0.7919300596212514,0.928728182270475,0.984924623115578,0.8600153333913084
align-dinov2+1b-things+hyp-abl30cat-42-random,0.8345453062824543,0.3154454649814315,0.3823179271708684,0.7732262382864792,0.3961348448835849,0.8205592051685758,0.94816284284975,0.2657624453290088,0.735506882347031,0.3336008358190876,0.0989949561761711,0.4193971313133251,0.979285166660582,0.6232483432242759,0.5062453775988167,0.3915145005370569,0.390059560805471,0.8733173957054554,0.3751653668769232,0.8979591836734695,0.5632674346939743,0.6647005706161501,0.6379886253683743,0.8839364647593141,0.3111760569570185,0.2995679567956795,0.4289144780380812,0.8623963769594838,0.5031055900621119,0.3787012987012987,0.9257252800448936,0.6643363811076815,0.9319371727748692,0.4839656713749329,0.5161485912931,0.7394132653061225,0.8473225028822975,0.4699691300474444,0.8159802006381901,0.516994633273703,0.4203763729132281,0.5184327867254697,0.3055580796607603,0.3553932640666566,0.3542151279377556,0.8476633181506209,0.1586101760414634,0.1742235495187786,0.7255621888649412,0.4712308267863823,0.8423830032261863,0.9693877551020408,0.7403713952557475
align-dinov2+1b-things+hyp-abl30cat-7,0.993514934840272,0.4749724208035462,0.9874063652610364,0.9608578535617164,0.654647765507494,0.8836548591149818,0.9516129032258064,0.2657624453290088,0.8864428945074107,0.5205780436640509,0.6489512641465579,0.9232581172966912,0.9249173532976216,0.8885555996872592,0.5062453775988167,0.5514128728414442,0.760137383666553,0.9358754453094076,0.7777326772258236,0.9658899020601148,0.8469881190317566,0.8577027324005567,0.6277868713142978,0.9747045063084524,0.4590042195093191,0.3459979322449568,0.9670708458496096,0.9241698391591832,0.6770569823779102,0.5002079002079002,0.9609321122621935,0.8164379764379763,0.9850746268656716,0.5877322677322677,0.6015685757921808,0.7209205412745235,0.9153651742859392,0.5231596835768738,0.8940271305666583,0.5858820619321724,0.5059746275727747,0.4688644688644688,0.4139893829206174,0.8281611749430242,0.6450440078517607,0.9077714738092098,0.5117741863872245,0.5797758542856581,0.8938397857316775,0.8850079259103084,0.95364365202824,0.99,0.8577680957007529
align-dinov2+1b-things+hyp-abl30cat-7-random,0.7457064894707355,0.2993412570035398,0.385046021239352,0.7620596205962059,0.4651655315433912,0.7546638287216727,0.8949692780337942,0.2657624453290088,0.7321500605082695,0.3465806950036399,0.0989949561761711,0.4164362100099018,0.9454428130265334,0.6623001399941054,0.5034636318654132,0.3915145005370569,0.4030878021194962,0.7447987228718125,0.3194982534137822,0.9149266693576994,0.5811905247599518,0.6290587934005027,0.7072079611287235,0.8323647867107042,0.3111760569570185,0.2979833070155651,0.4289144780380812,0.8197611027933464,0.5031055900621119,0.3787012987012987,0.8719905400078833,0.6521626521626521,0.87292817679558,0.4683282674772036,0.5105837336155662,0.6866133469468788,0.7934363274289907,0.4727085053674649,0.8371697491967256,0.516994633273703,0.430095914318531,0.5286714384473499,0.32196688905362,0.3553932640666566,0.4250506774778619,0.7910946782355811,0.1569106684590003,0.1442188955235924,0.7346967122160921,0.3749746460589834,0.8606992731080323,0.9746192893401016,0.6841455540224513
align-dinov2+1b-things+hyp-abl30cat-local-shuffled-218,0.8696258957650692,0.3467522790900422,1.0,0.8908200734394124,0.7967773162849685,0.9441837328839754,0.9349527635467844,0.5564150357253805,0.932841658720738,0.5712298276802916,0.8018046677622571,0.8955144769098258,0.932311227943144,0.8550335709549072,0.4983231153739346,0.4853709508881923,0.6068559949036746,0.9732933926482312,0.8029516266197732,0.9836065573770492,0.8122522522522523,0.5963807688189314,0.7084408169283833,0.9198357788628516,0.671325178913908,0.4116173714007612,0.9825167184929944,0.9259886675623576,0.8143372130300235,0.3421888053467001,0.9550559163482054,0.7972519059808432,0.98744769874477,0.5281039892424921,0.5366924020103211,0.736583522297808,0.9198218656588596,0.7837662337662338,0.9264685762614892,0.6949502776701537,0.6212821885133522,0.4325947600438909,0.3927024173583807,0.9579191253118616,0.7158217910184381,0.930409782716454,0.5110031134090031,0.3104499840273439,0.8892961371834611,0.9418484121186824,0.9319089803717214,0.9879518072289156,0.9030550401978974
align-dinov2+1b-things+hyp-abl30cat-local-shuffled-42,0.9604335416184524,0.3488753259924659,0.655512078372569,0.7591643673630272,0.7585196890480858,0.8414173598077109,0.9407211936412708,0.2900725457720354,0.8258411567828609,0.4504099720078314,0.6419280700406715,0.8250490796795267,0.932311227943144,0.8206958348782598,0.4983231153739346,0.352014652014652,0.620520058669339,0.9722329472329472,0.6738840235685342,0.968375558867362,0.6751051410085098,0.6103642811089619,0.5795525520327425,0.9261767365872158,0.2648847328450582,0.5234791352438412,0.6924551819365481,0.9108688373249432,0.4484961151627818,0.3538631315077225,0.8415635572356615,0.8290786509240595,0.9831932773109244,0.4885096700796359,0.6515420241984706,0.761723125359489,0.942661334427126,0.5031055900621119,0.9218416899417003,0.5794118737716468,0.4644310427578723,0.4325947600438909,0.3735106453742126,0.3865358096208233,0.4515599266430141,0.8804602241864599,0.2248200971605227,0.1868386559403966,0.8764148657124936,0.7376781669223011,0.9558652729384436,1.0,0.921323198198198
align-dinov2+1b-things+hyp-abl30cat-local-shuffled-7,0.982340702206915,0.6489974594488959,0.995635554746276,0.8908200734394124,0.834910096652306,0.9569702631602234,0.9407211936412708,0.381933557297499,0.9622664087273888,0.4296693305867617,0.7999813553172621,0.8992857306884607,0.91934266765762,0.8549955791335102,0.4983231153739346,0.6956442500455623,0.5848438621016196,0.9796007120615574,0.6495417533866432,1.0,0.8122522522522523,0.5963807688189314,0.6434465638355058,0.9343043374500328,0.5158909407503788,0.5291733925660124,0.9412523957931332,0.971732680688026,0.7764523231619831,0.4091917640304737,0.9356846194169276,0.8624893491512092,0.98744769874477,0.763699494949495,0.6811498739600726,0.7630401389167167,0.9500853291910368,0.5810115601105574,0.9638645279713988,0.6116827303592696,0.6010394187113787,0.7703954222573006,0.4905095430694721,0.8722544990351299,0.7518442853605278,0.9103535353535356,0.808759071027482,0.311342078487577,0.8435093129583602,0.7201003975907664,0.8894230769230769,0.99601593625498,0.8937985516787359
align-dinov2+1b-things+hyp-abl30cat-shuffled-218,0.7186682532045898,0.3155058928404838,0.4110571778015594,0.7115304729689633,0.4213595771824311,0.6993421052631579,0.7327724358974359,0.2590458570107044,0.73302822273074,0.2866722215609253,0.153226102138804,0.3308078961738375,0.8987234042553192,0.5318639107371502,0.4927601809954751,0.3803951836986723,0.0561967597840588,0.643057110862262,0.3857679017441369,0.7738065438941535,0.5941360796758677,0.5846611721611721,0.4678685124065487,0.6349306901648692,0.2744772327535665,0.2681911336425412,0.5368357464132112,0.5289127854351704,0.4832899344527251,0.2836018617973505,0.6020000195853427,0.740551114016408,0.8869565217391304,0.4245614035087719,0.464500537056928,0.6981188034005011,0.6918367346938775,0.45,0.5438974206685898,0.4807692307692308,0.4298245614035088,0.4327916629868409,0.3163440044967908,0.3002943773918163,0.3981106191931159,0.7200101577710204,0.1718123547588038,0.0884793027961126,0.5969469127363863,0.3104250827490943,0.420263068583117,0.9150943396226414,0.5810855816901462
align-dinov2+1b-things+hyp-abl30cat-shuffled-42,0.6969955407578816,0.3065914130215682,0.3874790399838015,0.7151511569490824,0.4213595771824311,0.7161625855986719,0.7690092165898618,0.2590458570107044,0.73302822273074,0.2866722215609253,0.1213808583311449,0.355886452983822,0.8821621621621623,0.5155318488544529,0.5742309898936405,0.3803951836986723,0.0738053332602403,0.6995942968154704,0.3599055931961993,0.7937746527182301,0.6045532941578392,0.5846611721611721,0.3853015351805148,0.6523139609635037,0.2744772327535665,0.2698679058560303,0.5255729955116458,0.4624090735869695,0.4832899344527251,0.2836018617973505,0.4496547563476866,0.6902297917432212,0.896551724137931,0.4245614035087719,0.464500537056928,0.6948668146503885,0.7239776219368056,0.5051724137931034,0.5681924516531504,0.4807692307692308,0.4246171967020023,0.4327916629868409,0.3163440044967908,0.3002943773918163,0.3981106191931159,0.7179503314036412,0.1718123547588038,0.0847010989749349,0.6495781495781496,0.3001329198050509,0.6581517655897821,0.968609865470852,0.4636114497191876
align-dinov2+1b-things+hyp-abl30cat-shuffled-7,0.6680402896049819,0.3136609812314105,0.4164849368640838,0.7115304729689633,0.4308859868580855,0.6344517743403094,0.6916351200206486,0.2646492796088907,0.73302822273074,0.3212087823907757,0.1127782037087943,0.3476326495452072,0.8932620320855615,0.5399284621157994,0.4927601809954751,0.3803951836986723,0.1228224513172966,0.6432748538011696,0.3686474657413767,0.7532728881026094,0.5941360796758677,0.5846611721611721,0.3749846510794683,0.633520121015585,0.2744772327535665,0.2698679058560303,0.5116192600855177,0.5485088947731384,0.4832899344527251,0.2836018617973505,0.5662917411261782,0.6576746767598074,0.8672566371681416,0.4245614035087719,0.464500537056928,0.658512443438914,0.7625704887218044,0.45,0.5316939149749471,0.4777992277992278,0.4298245614035088,0.4327916629868409,0.326021411327168,0.3400922753504543,0.3981106191931159,0.6791069846990196,0.1718123547588038,0.1147333461686561,0.5788298760376646,0.3355523159330668,0.6023891541861943,0.9592760180995475,0.5736300704795538
align-dinov2+1b-things+hyp-abl40cat-218,0.6168440405607268,0.791942192321699,0.8977652705717136,0.9765625,0.4211166924648462,0.9022882685533288,0.4405566043228511,0.8158327481390824,0.8279085010159272,0.3882759306197505,0.7483318773362128,0.7172547158960202,0.9856132429661842,0.912137894594035,0.5286246581376994,0.893103293563005,0.8801971440013263,0.941961608724149,0.9282327156804144,0.9649787416443656,0.7426475335270124,0.5333333333333333,0.2202456460406016,0.8621005431350258,0.343948434551915,0.4810480754883542,0.9586397165457377,0.1663572783179329,0.9409509668139746,0.8476360241066122,0.7952104011837664,0.4148083253690134,0.7868558122608197,0.5280061992705913,0.7866388930218717,0.4444703444703444,0.8255305296140308,0.5443970994991403,0.849216305261852,0.5986662357444033,0.4747404844290657,0.5052378545966101,0.37427948370366,0.4006372427028289,0.7181249511298773,0.7313111199610602,0.2633545069570477,0.8939609417528579,0.7875050283345042,0.8601779859484777,0.9109465020576132,0.5985714023140618,0.8521930564830374
align-dinov2+1b-things+hyp-abl40cat-218-random,0.0946077154828369,0.6756175275320839,0.4978708366463468,0.9725490196078432,0.5181064596037926,0.6523214164009905,0.4305869895199921,0.5268994009502168,0.7894687509763694,0.3882759306197505,0.1239707947501192,0.511987737733921,0.6850585043324048,0.7253960244091497,0.5286246581376994,0.7077496178731482,0.8487180351564925,0.5399860378529321,0.9282327156804144,0.7995216089248639,0.6229182453481519,0.7092387851061127,0.173728813559322,0.4881821341675357,0.343948434551915,0.355937000970661,0.4536481739815157,0.0794574618755534,0.5193717277486911,0.747678502170858,0.1089514866979655,0.4148083253690134,0.3301090299133351,0.4989604269180123,0.5438107538576575,0.4524962143873318,0.5507765349641909,0.5086974937721207,0.3201996883517738,0.5567600667113871,0.464405324173465,0.5052378545966101,0.37427948370366,0.3896397609175596,0.4214593596059113,0.5262356001486437,0.1808935617479106,0.8479304548797143,0.341090726313144,0.3967649117349716,0.579423544649764,0.4673181086224564,0.6222554123155182
align-dinov2+1b-things+hyp-abl40cat-42,0.6252641496266312,0.7583364913610398,0.8895864922174508,0.9218106995884774,0.3751553587252145,0.9199594640243216,0.4101111412306857,0.8977939518601293,0.7618361836183619,0.3882759306197505,0.589918275971267,0.708587695866163,0.9712967775467776,0.8555962160379255,0.8739247142910083,0.8282839837505683,0.870863390474065,0.9045330372664456,0.9631734119538996,0.9319816166531496,0.8843477623965429,0.5539641837096337,0.2302786346284256,0.6984520506105366,0.5108161043395738,0.5126836932828338,0.9742229672619506,0.6217566448932903,0.9735530792266792,0.8711374255152117,0.9474661917012996,0.4148083253690134,0.5159501881712205,0.5040625215175928,0.8588583402413189,0.5006210359408033,0.9177528843920192,0.916829408008517,0.7683319783031276,0.8288770444459067,0.5800172540499089,0.5052378545966101,0.37427948370366,0.8042263858590389,0.700537393640842,0.7056798205734376,0.1820004891171435,0.8948861062865336,0.5682777566729208,0.955060324006168,0.9195122760451226,0.831129242770598,0.8337753761353887
align-dinov2+1b-things+hyp-abl40cat-42-random,0.0825286224843985,0.6846999489817431,0.4991875607385811,0.9477911646586346,0.4498973821181103,0.7292691364709775,0.4677974964865836,0.5150142938822183,0.7527272727272727,0.3842405158194631,0.2195383412255809,0.4787601967874864,0.7146399579191984,0.6560133091349062,0.5259668508287293,0.6257144228901721,0.8073891385604877,0.5372042341220423,0.7213333333333333,0.685665078715146,0.6303381210272823,0.5805974414577975,0.1958988402970657,0.4881821341675357,0.343948434551915,0.330644090564741,0.5883983257719806,0.1505406922277035,0.5244190463606785,0.7470460545266114,0.1052614959542135,0.4148083253690134,0.362263796477495,0.5165786033572755,0.55274943295741,0.4444703444703444,0.5489014682564807,0.4962017847923888,0.3730377506311116,0.6108862090918317,0.461624649859944,0.5052378545966101,0.3817348789552902,0.3915145005370569,0.4214593596059113,0.5389333910658872,0.1797819039198349,0.819373604554329,0.342415063692186,0.4115063408598824,0.740179414855373,0.4673181086224564,0.5031183804671313
align-dinov2+1b-things+hyp-abl40cat-7,0.55121448411863,0.7717210417977682,0.9754823263174294,0.8991596638655462,0.3981906208792956,0.9076455354126788,0.4079768361812324,0.8888405997510914,0.8142567110309046,0.3882759306197505,0.4538117122241438,0.7172547158960202,0.966258611325501,0.862374884213916,0.842541747117191,0.9181221107602948,0.8793485168460128,0.7140354055821682,0.9528373266078184,0.9276699475590144,0.9101329569414676,0.5606323501060343,0.1970579659916712,0.8313543599257884,0.5421300936863714,0.6679428813033815,0.9844733997581776,0.3644757934588316,0.6909825999615616,0.9182269797946032,0.6736758840288253,0.4148083253690134,0.6048725367134826,0.5040625215175928,0.8965551661657643,0.7323152258394912,0.786980868988213,0.5705251150233849,0.849216305261852,0.8369596738486174,0.464405324173465,0.5052378545966101,0.4202230414669233,0.4281658965174426,0.5593625036221385,0.6649278752436647,0.1820004891171435,0.880376783951785,0.6904651436268588,0.7868285702140925,0.9098786181139122,0.8991966531492224,0.8571894656805142
align-dinov2+1b-things+hyp-abl40cat-7-random,0.0394755957851002,0.608780461698801,0.5713767411726595,0.9644268774703556,0.5039339086086412,0.6929888227609231,0.450355026803348,0.532803301629468,0.7557837511325884,0.4265021134095448,0.3516718947911949,0.4317421708726056,0.70069033530572,0.713312524380387,0.5259668508287293,0.6926036441743247,0.8664325188994103,0.5399860378529321,0.9379474860147498,0.6183961739517295,0.6326015486258894,0.6260162601626016,0.293508518372531,0.4881821341675357,0.343948434551915,0.3337090968459188,0.5834184246049183,0.105392738220982,0.5921335220651353,0.7926372564456423,0.1979072115737681,0.4148083253690134,0.3446147196833143,0.5226998274870616,0.5640232108317215,0.4479977801628819,0.5394124847001224,0.5031169272878927,0.3948918732860377,0.5505061840337316,0.464405324173465,0.5642959487332903,0.37427948370366,0.4006372427028289,0.4590093488287702,0.5099355328024271,0.1820004891171435,0.8291592950462712,0.3648965999762138,0.2741144349758294,0.8018317570930812,0.4916299048061295,0.5543238177258796
align-dinov2+1b-things+hyp-abl40cat-local-shuffled-218,0.7089411134039457,0.7727105307215805,0.9595454391877624,0.9285714285714286,0.3996281074443846,0.9290996975904068,0.5145730621491298,0.7305720490479657,0.8132264769665998,0.5292398174230699,0.5626280419452988,0.6255273379811523,0.9081269857747164,0.8222658074157093,0.8087695317007089,0.8497647853692724,0.8855051300957586,0.8759410801963994,0.9653406666350576,0.965132792882769,0.7913956552379201,0.6181730923052311,0.1878849903866306,0.9446308973447132,0.3016993221283313,0.2954029304029303,0.9682518895919866,0.75771468491775,0.5626822157434402,0.8810615989515073,0.3029772336861587,0.4118848908702909,0.9361204944728972,0.5376047904191616,0.9355376422215196,0.5937445331777892,0.7500344830037895,0.8755752783447771,0.7130914297913382,0.8776718293394058,0.7193794135040178,0.5010817262859487,0.4148216547112708,0.8949436998310615,0.6360322011583674,0.6036899120883876,0.6108054515703092,0.8877122823995295,0.6341228665121186,0.4228446210401502,0.8606279581122349,0.9032265374918558,0.9082853345148426
align-dinov2+1b-things+hyp-abl40cat-local-shuffled-42,0.8705325414153571,0.7989760509443484,0.9474340427754504,0.961038961038961,0.5004045976851322,0.9186966906241296,0.4237393699844292,0.9065420560747663,0.7090481203938812,0.4186807656140577,0.7457183026584867,0.5276726521820009,0.9089158103242608,0.8759243691945209,0.7233999493222677,0.9032847892959324,0.8945441987724091,0.9894736842105264,0.9756258234519104,0.9787238733088331,0.6593721227241677,0.6155969191270859,0.234131207262755,0.8950908965231216,0.3626021436909689,0.4994268633612895,0.9788027575261616,0.4778195832295517,0.9329939806839956,0.9004864006352987,0.4673131526967463,0.4036082768055635,0.471481829802401,0.5376047904191616,0.9529587608265192,0.6422135655475599,0.8230365950758478,0.937579075792264,0.6896577387105043,0.8591642868475329,0.6348735284290796,0.575761952910588,0.4779020959847522,0.8737666961317105,0.5180773070888604,0.581556164080436,0.354080738177624,0.8966347916838323,0.6491330079014148,0.7283273572294199,0.8956108477351343,0.9704065389730756,0.8778745320388726
align-dinov2+1b-things+hyp-abl40cat-local-shuffled-7,0.7407184772254539,0.7934578959742763,1.0,0.9565217391304348,0.3996281074443846,0.9570093027539835,0.6070145513260767,0.9204999704796536,0.7945491246632599,0.5777481235698857,0.6343950472028461,0.8071007681503173,0.969752485225025,0.7849789254908154,0.8663081072505157,0.9135950759321902,0.9067504311406752,0.9344900550148116,0.9756258234519104,0.9783222452380532,0.8171644236590554,0.6648244387191756,0.2479896687613164,0.9406570325427468,0.4454461874015613,0.490421862063036,0.973481119389311,0.5939788514921372,0.7873626373626375,0.8534479380938388,0.9214739153262376,0.4830985084605779,0.9960321837872858,0.5818354978354978,0.9361702127659576,0.6603978101185728,0.8284538451617441,0.8909816615662756,0.7968271489959772,0.8508947993111059,0.6900027616680475,0.5972746172268456,0.4414916601849452,0.8597090762478656,0.7545483047915584,0.7472570842213276,0.6213051470588234,0.8900916774190422,0.5763576138768781,0.8155939595696434,0.8811775684434862,0.9606969829289086,0.912568306010929
align-dinov2+1b-things+hyp-abl40cat-shuffled-218,0.037928811817369,0.5380258260574604,0.4022218594982562,0.9565217391304348,0.4432861040673258,0.6914612111674534,0.4372536120248157,0.3829800821870308,0.7603318250377074,0.3309308332337591,0.1356395431504785,0.3662693072331666,0.6380920314253647,0.5777777777777777,0.5407038748666904,0.6623512805001008,0.7496019602008409,0.4817716333845366,0.7042691758313107,0.6270676691729323,0.6304176516942475,0.5711232103246622,0.1542709037638043,0.5039721254355402,0.3183123841342922,0.2942812682357518,0.571291263802277,0.0854805561692071,0.5312632681366583,0.6071808937144403,0.1052223868631201,0.4101111412306857,0.3988175422840891,0.4580127132820341,0.5241718426501035,0.3810818465024072,0.5742796236401059,0.4915691569156916,0.3952566172298389,0.5084033613445378,0.4270288410288805,0.491374681165257,0.3629764065335753,0.3333333333333333,0.4478252194732642,0.535511452287337,0.1953576547833726,0.5698991750862124,0.3753916040100251,0.3264771612914087,0.579446729234771,0.5022241732513901,0.5237860558553654
align-dinov2+1b-things+hyp-abl40cat-shuffled-42,0.045855782000182,0.5925864973943028,0.3775712145291121,0.9915966386554622,0.4614587262285868,0.6542325093049731,0.4090888066604995,0.4547073934686211,0.7603318250377074,0.3221708611539119,0.2111719420721831,0.3479657547550389,0.6606002246830365,0.5929505759260276,0.5407038748666904,0.6661052631578948,0.7858878961605789,0.4817716333845366,0.7926369009470909,0.6471575866683354,0.6629683384400366,0.5711232103246622,0.1542709037638043,0.5067063492063493,0.326871438837911,0.302536077349592,0.571291263802277,0.0938347151019582,0.5312632681366583,0.6871712619062553,0.110152284752862,0.4101111412306857,0.3988175422840891,0.4580127132820341,0.5077639751552795,0.3810818465024072,0.5742796236401059,0.4915691569156916,0.364957507296345,0.5084033613445378,0.4270288410288805,0.491374681165257,0.3629764065335753,0.3333333333333333,0.4478252194732642,0.528092718568909,0.1953576547833726,0.5879061941116517,0.3662785432773765,0.4035502958579881,0.5246945235834125,0.5022241732513901,0.5944235642553365
align-dinov2+1b-things+hyp-abl40cat-shuffled-7,0.0563162041765294,0.6817777591048183,0.468777150968563,0.9830508474576272,0.452447310974063,0.6320537305831423,0.4090888066604995,0.4177676472818258,0.7603318250377074,0.3221708611539119,0.1666578935416698,0.3396982213684416,0.6561603190816674,0.5185185185185185,0.5407038748666904,0.6623512805001008,0.7400087366136165,0.4787045366919419,0.7290846912609006,0.7991338102723685,0.695077064642282,0.5711232103246622,0.1542709037638043,0.5067063492063493,0.3183123841342922,0.2942812682357518,0.6289698139086164,0.0848641308903156,0.5312632681366583,0.60310769157627,0.2029441320068886,0.4101111412306857,0.4240951794910783,0.4580127132820341,0.5106154375107443,0.3810818465024072,0.5715655364419124,0.4915691569156916,0.3733248650365194,0.5084033613445378,0.4270288410288805,0.491374681165257,0.3629764065335753,0.3333333333333333,0.4478252194732642,0.5330537122824589,0.1953576547833726,0.5624391685996271,0.3819995901208798,0.3594844074844074,0.6474012768139776,0.5268501691007671,0.5788161563097624
align-dinov2+1b-things+hyp-abl50-218,0.988630478972956,0.7889982663303496,0.9945391615610484,0.9362760298642748,0.6625070523670308,0.957777071413435,0.9736394557823128,0.7864270559476039,0.8839832666171789,0.6960081376621174,0.8965712917157445,0.8762300693579668,0.9715393722441292,0.8998952002657421,0.8071292279521867,0.944903024175016,0.9044879517064373,0.9854014598540146,0.9337323724913588,0.988860028860029,0.9513296275998852,0.7918628305725081,0.7979815556252137,0.9369306680161944,0.8419600485597616,0.8643731215904112,0.9939324872658208,0.8790667297254691,0.9141548994437312,0.8524760807937632,0.9588411075404688,0.7756242969628797,0.919147154007234,0.9154022677577152,0.8357321471784648,0.8162977583533061,0.9039559106798888,0.8007558642233565,0.9665436595620346,0.9651645984636203,0.8951473526754418,0.8374367802178847,0.7754828026289566,0.9716752788748594,0.7293848345468604,0.9778013664671136,0.9402769495792752,0.8644471038089834,0.8932148846717878,0.948728738124909,0.8598324549711799,0.9172683644384017,0.8174656784132805
align-dinov2+1b-things+hyp-abl50-218-random,0.9376979039161588,0.6531114429983643,0.9122800696571188,0.8947642401161675,0.6099277604067314,0.8560597699765561,0.91156462585034,0.3488304891858598,0.7917377086473114,0.4618962619379552,0.7793195543052198,0.7603554098782094,0.9485386815198784,0.7245598550657315,0.578306882747392,0.6547942612199641,0.8406253026463021,0.8726420704245706,0.7969008645530801,0.8920959316308154,0.7985638699924414,0.7303630383950015,0.6681265448995504,0.448573734902583,0.7035564011134908,0.6714373972108083,0.7352472089314194,0.7265538908135284,0.7451521478673355,0.7431935534345174,0.8355286048107643,0.6769629205886942,0.7243952126305067,0.6385064757501181,0.78520421060234,0.6964045515686916,0.7782881848273998,0.7628946295433364,0.5810604916750168,0.740626819574188,0.7121850501661451,0.7235607525107266,0.6342717775228882,0.3865810499772764,0.3867797947908445,0.6733868947201389,0.8552116844799772,0.7501334709087347,0.7823502514860539,0.7339681111610937,0.8880082373288775,0.9015132741205076,0.7070658689895704
align-dinov2+1b-things+hyp-abl50-42,0.9934598886245214,0.8122634879772803,0.9945391615610484,0.9909389351279956,0.6580808665831254,0.9582817451486212,0.967177902551155,0.7593436961990147,0.919551961736396,0.7063483826327625,0.8818477839550313,0.8855905998763142,0.9855951822904212,0.8966743056295294,0.8592969236240775,0.9067661965665204,0.9104191801216726,0.9703949320515104,0.938944208745952,0.9666666666666668,0.9429820452771274,0.7848981288981289,0.7221661762156777,0.9449158388520972,0.8632874065788805,0.8734983667287609,0.9939458118876444,0.8788957798288605,0.9757353926561244,0.8446112610085575,0.9832869080779943,0.8055335682660161,0.9196462898885044,0.9092315669744412,0.8620150036299103,0.8463077334388561,0.9285988559492176,0.958662114912115,0.886237723130116,0.935285567197626,0.7806878749492101,0.8244317226353154,0.7857468199442215,0.9858538032249176,0.7551569230295044,0.9410838894108388,0.9403470504360932,0.8262891163282465,0.9062031187635052,0.969246963562753,0.9439733080382636,0.9705388459298784,0.87445680099553
align-dinov2+1b-things+hyp-abl50-42-random,0.9378155113664196,0.6793652305556398,0.8421573760659178,0.8815423514538558,0.6435751627903681,0.8874055237691602,0.8601022329835889,0.3161726568342004,0.8014815239441913,0.460690683430045,0.7246341532417169,0.7391427760431452,0.9708029197080292,0.7789578794480755,0.629864256074338,0.6837606837606838,0.8622515208255929,0.9007734536429104,0.8679452540800175,0.7968102073365231,0.7630401389167167,0.7848981288981289,0.6490913174658758,0.4142568407960199,0.6974710221285564,0.685909395013808,0.7112382388617513,0.7320572642445499,0.7357018330766236,0.5866308301467658,0.9395584306968816,0.6717255612604449,0.7869470204939046,0.6364326562182999,0.7961808177796958,0.7181779865125241,0.8079671274327763,0.8526905283662042,0.6492026978389122,0.6027264239028944,0.6267004081178273,0.751204677259654,0.5721871908811667,0.5804503956177725,0.3867797947908445,0.6256447392387968,0.8764037889141452,0.7708750465277445,0.627920227920228,0.7043095458758108,0.8877786374857227,0.8351844147767147,0.7815661300147413
align-dinov2+1b-things+hyp-abl50-7,0.9918431297395564,0.8072763369534687,1.0,0.9449937330045836,0.6652121261409396,0.9582817451486212,0.9607614258777052,0.7913235000589005,0.910218703344203,0.6515428328292543,0.9023896036029212,0.8623533724340176,0.9855951822904212,0.916554726576402,0.7950880997294334,0.9323437053953754,0.9096507651277108,0.9631306975906838,0.9644578255584786,0.9720267385319268,0.925950043411474,0.7804364649435072,0.7905121228431082,0.9045673076923078,0.908071507223832,0.8516009078559431,0.9939458118876444,0.8332807368187289,0.9698796423410592,0.8395115366690988,0.942778142234788,0.7933794162826421,0.9738562091503268,0.8465358107518159,0.8576369282891021,0.8321827171265496,0.9389312977099236,0.9311035248535248,0.9214142741911392,0.8338867045289065,0.8185205107470931,0.8518169122870575,0.8601494337136631,0.9621963782259814,0.6236417921327668,0.914791331368631,0.8850103131973728,0.8319330060163768,0.906591362832396,0.9743643780154936,0.928056083985063,0.9705388459298784,0.8222868217054264
align-dinov2+1b-things+hyp-abl50-7-random,0.8632138745909271,0.69806016390316,0.7623093630000242,0.87255205972855,0.7424932977435834,0.9286109929674286,0.8256892230576441,0.3820399174803675,0.7719032047089601,0.6020136778115501,0.7433267633486285,0.712424781223593,0.947746006196004,0.7359557462098297,0.75410571967532,0.7021818181818181,0.8266058446186743,0.9168497218443492,0.7621816130851664,0.7772005772005772,0.8086281672865571,0.705587044534413,0.6329727144716917,0.4277651965970201,0.6851432880844646,0.6334899980357606,0.697487678807549,0.7344457621211795,0.7060876996910131,0.7767758378426859,0.9232638256145924,0.6188462356649713,0.8179496489954007,0.7434229802720789,0.7084019650657644,0.7410860860249219,0.8385754462492109,0.7884238220521407,0.7167190415771267,0.6472548167463422,0.7502805095373243,0.7160147269720045,0.7106688165410187,0.5415254881748051,0.4314929827903728,0.7116231897253795,0.8464264417752789,0.834886945043356,0.7495649316571836,0.7398078638207284,0.8943804749198135,0.7948848671833848,0.6973187491988573
align-dinov2+1b-things+hyp-abl50-local-shuffled-218,0.9725979076742628,0.6010860484544694,1.0,0.9526332116352876,0.7646780303030303,0.9672273057988178,1.0,0.8156574817933279,0.7181507121827008,0.6897893675721563,0.863995258793405,0.90250108985472,0.9662657043571238,0.8097203506633704,0.7992596448608943,0.8431122448979592,0.941043680498156,0.9933940336072248,0.969975845410628,0.9877459356995454,0.958358650196146,0.8616704645965639,0.8259568848536735,0.8962716689967286,0.8962617020163045,0.8545694585705577,1.0,0.905353413582626,0.9723522458628842,0.8263100078486662,0.9691146073364584,0.8791149371751013,0.9759512926061829,0.8199492186255033,0.9085847431015692,0.8073166753594977,0.9569627486695952,0.9263026607538802,0.8881988177568289,0.9271719975581943,0.8543709796477907,0.8109816724565456,0.820314981692943,0.9458634798414544,0.9301182930275748,0.9520456333595594,0.9195999864823268,0.924504036886006,0.7973231263118904,1.0,0.9309198797759906,0.9636252704674684,0.865423126614987
align-dinov2+1b-things+hyp-abl50-local-shuffled-42,0.9607020181137066,0.7260864362497756,0.9661494879626694,0.9655366958428034,0.8493901740723775,0.9798993803668522,0.9817809914925174,0.7857277531251384,0.7561442686159532,0.6637028370868675,0.823140151422149,0.9132540169523492,0.9829567974633372,0.8855300612315697,0.8053282482831046,0.8365776997909949,0.921951121801164,0.9732225300092336,0.9347584620440356,0.9631310133406468,0.920404521118382,0.7371176285083569,0.7977977689227295,0.8823656494733999,0.8961780600590561,0.8911447823029414,0.9734601760475776,0.9388210380226903,0.9583333333333334,0.8399533373269856,0.9527933969200688,0.8388564002599092,0.9940232101753108,0.8262544152383815,0.9290855582739423,0.8335730530456696,0.9397478481374336,0.9059863145963646,0.8700574512215268,0.8728911156712772,0.8304589359891897,0.8225810756315917,0.863119857397268,0.838655462184874,0.8267793440125037,0.8788860575172917,0.9661016949152542,0.8924960010978219,0.8430531934654211,0.9381443298969072,0.8965956132308643,0.96958516352013,0.8931374427765356
align-dinov2+1b-things+hyp-abl50-local-shuffled-7,0.986954290207733,0.6934839666780781,1.0,0.9244521138912856,0.7583171785897475,0.9662107679705824,0.9568982482601652,0.6889175593526266,0.7561442686159532,0.7441182396406815,0.8671137055521941,0.9182993197278913,0.9829567974633372,0.8242370164522574,0.7730636970235248,0.8235891093033951,0.9323489315467072,0.986842105263158,0.969975845410628,0.9259547226778204,0.9417021102746044,0.9049055116916968,0.8331493031116374,0.9160420683964268,0.9222213455137364,0.8911447823029414,1.0,0.9103231580930846,0.9723522458628842,0.8999009811864255,0.950079715663874,0.8176361957525393,0.9820696305259328,0.8326172574292875,0.968457983647857,0.7991391266918554,0.9741776492017572,0.8924711716752795,0.8991068832301748,0.8728911156712772,0.816919149917613,0.7856821714537974,0.7647542041502576,0.925962628415807,0.8461154268765896,0.9312175606548088,0.9153821324384732,0.9154870504351472,0.815173478448767,0.9793704572819716,0.9347330860426526,0.9757501803116456,0.8928715728715729
align-dinov2+1b-things+hyp-abl50-shuffled-218,0.6203003726557703,0.4993589743589744,0.4917659047282156,0.787012987012987,0.5674269898835655,0.7328271350957316,0.6603611686259846,0.3485669637772686,0.7508928571428571,0.4710523669507785,0.549186989086913,0.5403856879282525,0.7477231329690347,0.4982139208646823,0.5242138364779875,0.5125896013163154,0.760241603121026,0.6257131471539704,0.591879307719419,0.5373789872984596,0.8256407296236435,0.6185871470890515,0.3541418764302059,0.5561147186147186,0.4576138269931373,0.4253302566526269,0.5795731752497073,0.5435515238933855,0.5521931315878953,0.3301993390896492,0.3485291647729552,0.5468807613905954,0.6559213489255155,0.4986223595224179,0.5733333333333334,0.5774238143263035,0.7238058427545334,0.5798374054810088,0.4686264869267856,0.5751474144724328,0.6151329586444091,0.5576190819539295,0.5265886287625419,0.3758878802357063,0.4223676569832226,0.650747302210168,0.5025296959410522,0.4434058355437665,0.609059431513174,0.4937809108849741,0.5861819781762083,0.6347211281676881,0.5316688901594562
align-dinov2+1b-things+hyp-abl50-shuffled-42,0.6221361983672253,0.5453651172767964,0.5066496304018938,0.7907647907647908,0.5063821131320665,0.7402494675996348,0.5963538302611536,0.2884524463438418,0.7978919631093544,0.4939672197902881,0.5941957515656918,0.5687362984832416,0.8183365118504107,0.4452570588840683,0.5615303983228511,0.5650915907655317,0.7519882676334858,0.6928359923984619,0.6288098302129603,0.699468026192578,0.8414915723851304,0.602028837181301,0.3278092546253678,0.6154538634658664,0.4615507012479258,0.5151928450089124,0.5478640057796479,0.5125061301071131,0.6195476161193785,0.3301993390896492,0.4537504311208134,0.6365509826775452,0.6950918140490215,0.4754218635363169,0.5822072072072073,0.5260461760461761,0.8007567140785561,0.6033189787408105,0.5536571536571536,0.7058470764617691,0.7221041347060236,0.5576190819539295,0.5094136102048357,0.4253555967841682,0.4932275671439234,0.6937456631245397,0.5448531101048549,0.4385892292343289,0.6213718616280869,0.7577034673808868,0.6563706563706564,0.6461752175097871,0.5476190476190477
align-dinov2+1b-things+hyp-abl50-shuffled-7,0.6420380032519181,0.4016522692993281,0.6350771982429838,0.7785058977719529,0.5557358274479862,0.7082973445839702,0.5726305172596441,0.3459773086313371,0.7508928571428571,0.3669095132509766,0.5379303905467188,0.6114623480738661,0.7996969279515085,0.4205628109703797,0.5574548907882241,0.5510194359756098,0.7768956856586334,0.691823509732737,0.6950167416803283,0.606977429114568,0.8042213118065824,0.659757508678372,0.2969847181539848,0.525,0.4445019181861286,0.533244638390719,0.5795731752497073,0.5443553625171677,0.557853127545041,0.3399806569233649,0.4487033499853071,0.5405520867564904,0.6162978391044,0.4948525737131434,0.5333333333333333,0.4597104844782863,0.7724361101891802,0.6555929807052561,0.614712284682327,0.6142564946913697,0.6203997897411561,0.5576190819539295,0.4222550856091228,0.3758878802357063,0.4444923712036425,0.695999334105166,0.5214381578017941,0.3418332381496288,0.5057921115355218,0.6744106366600509,0.5773981814426951,0.6845318834175489,0.6135912698412698
align-dinov2+1b-things+hyp-abl70-218,0.9640940732814752,0.5582999803390235,0.9217738186460508,0.7967249252086286,0.8217758648174718,0.7952971744956399,0.8053620172427772,0.6384529718722158,0.6508905266390296,0.4876459168494566,0.7021088073719652,0.8215192731311134,0.8554574951330305,0.8895348837209303,0.7639025698395577,0.6824937025226221,0.8577623714090143,0.8223443223443223,0.754348616670244,0.825110191490997,0.6817757766369289,0.5874281786707338,0.6917946750348986,0.6751384274640089,0.6949514641018338,0.5506185197868767,0.7738096072480731,0.8753324098500955,0.5880920397020408,0.7036792099651523,0.9326845011216256,0.6116648866737867,0.7364747802875777,0.8346808738487899,0.5645161290322581,0.6611210140621906,0.8458974851680158,0.6815331010452962,0.7206678357975593,0.7773306665396765,0.63467169169288,0.7049269402179565,0.445067722184427,0.549907156555356,0.5116421568627451,0.7902481133612032,0.5341189871399119,0.793481630523884,0.7351290684624018,0.7963172980360181,0.7656269583081308,0.7146498043753787,0.7078701825557809
align-dinov2+1b-things+hyp-abl70-218-random,0.7956391487591052,0.5302503467230086,0.7061611771583497,0.8304414003044139,0.7904695425566569,0.8041259141111678,0.8476668259276954,0.4581879844961241,0.8022593972388193,0.4277777777777777,0.7336981985948986,0.8217167211814848,0.8606499111449607,0.7894160846713227,0.6889479436295657,0.4544598108301616,0.8351083793137057,0.7663165011181029,0.5585308966644723,0.6722973061526778,0.6803588574591226,0.5388327696298137,0.4801370495607581,0.5977720968302556,0.718677865098455,0.5419935534878064,0.4656912034950244,0.7031698767192868,0.6279178244435129,0.7180747694516539,0.809146348558662,0.5543459502991257,0.6325528720457663,0.5737851662404092,0.6370457260779842,0.7036813718822924,0.7515930266630046,0.633787219440675,0.5509799472030521,0.573775989268947,0.5305435305435305,0.6413485134972039,0.4922054660269166,0.4721161879056616,0.4950995931464058,0.5839849232126387,0.5923933143669986,0.6750920934103863,0.6408972732752183,0.601329481199145,0.7469879518072289,0.6672038267486421,0.626475352927563
align-dinov2+1b-things+hyp-abl70-42,0.9634098043184082,0.772505159484892,0.9805412115307752,0.9623492475384756,0.8887696069660642,0.883272997308085,0.9006415526558033,0.776140174379611,0.9362397653672248,0.6403964134025485,0.9244165648169208,0.9482426637861902,0.9784365610366514,0.8586491527245865,0.8893233082706767,0.6514548816938215,0.9185496179952728,0.9826936846210712,0.9502023243145294,0.9658174937600368,0.922327838974488,0.85186242681246,0.6864481742530524,0.9078259995981516,0.7397213642963474,0.8559164699663966,0.9688325470407968,0.8790732120186204,0.8504583461113554,0.8532444590080521,0.9400978293403436,0.6175825811282957,0.989983579638752,0.7586086849813528,0.8912964773179827,0.8326715430163706,0.9284083616788528,0.9118727050183598,0.94064597954984,0.8791223618358244,0.7722396650968077,0.7049269402179565,0.7356274491164697,0.6011261228005415,0.6227886710239651,0.8959813573025158,0.8341346153846154,0.8820015922926465,0.8136432886787497,0.9450929296598414,0.8956940144322191,0.9342863987132762,0.9233603984854316
align-dinov2+1b-things+hyp-abl70-42-random,0.7713988646083288,0.5721477353353737,0.4860438080198819,0.8447155284471553,0.7191919191919192,0.7746455279310716,0.7522479854548719,0.5135753202224951,0.7985058821264224,0.4514465408805031,0.6885598284402494,0.7075869510709936,0.9516691832019932,0.6340920022544654,0.6975069252077561,0.4667191409238659,0.7759385772636589,0.6732467532467533,0.639943722477228,0.702433123112544,0.6966389739173487,0.5991026107444173,0.4215493689177899,0.5598848914565826,0.4101161050715302,0.6272380609380008,0.4924066433202733,0.643166089965398,0.5244190463606785,0.6768783979839256,0.8060468025949953,0.6244041708043694,0.7411580119445287,0.625591807068372,0.5591397849462365,0.8478664914066034,0.6854718047256354,0.5601135190918473,0.4888839658048373,0.673881673881674,0.5262579384465071,0.6472699792178348,0.3903883640725745,0.4223354597706724,0.4567527268030949,0.6566170026292726,0.5333210204830938,0.540479737809703,0.5504916681387271,0.4937225510642682,0.6611229572330032,0.6229625702054121,0.6315787340787239
align-dinov2+1b-things+hyp-abl70-7,0.9294640611803764,0.7676358690796896,1.0,0.9468228240789152,0.7321212121212122,0.9397321428571428,0.9640348510577518,0.8264551222067245,0.8452674482966841,0.735618597320725,0.9178777856061502,0.9108583605907424,0.9731495462233296,0.9189854646125576,0.920448182203545,0.8940104736237618,0.917258955740352,0.9828047118883771,0.958454714551438,0.9785922501649532,0.9262648473476466,0.8156404082100677,0.7187107370034199,0.9460284746474192,0.8749808480202842,0.8395520161216333,0.9947721016256236,0.8858348438809616,0.9376038234767724,0.8468824094061859,0.9688508712569786,0.7496027805362463,0.9497209590739976,0.8386278996724548,0.8384759233286583,0.8655943492900015,0.9625117933799828,0.7815602836879432,0.9402398341175344,0.8733938019652305,0.6991641288741347,0.801080526476105,0.8170979150271643,0.9601390479086446,0.7935613396870504,0.9443135443513812,0.907263059117923,0.8541337092603932,0.8515967664852632,0.9915611814345991,0.8234436998368285,0.9393702974296824,0.873596645167172
align-dinov2+1b-things+hyp-abl70-7-random,0.817875131863661,0.5650021415262398,0.5192516692331477,0.8585788903124076,0.6983588002263723,0.7669099512314888,0.7665767240235326,0.5647893306150187,0.8497171419015028,0.4566250742721331,0.6804596349921808,0.7312961172003725,0.7717506326201978,0.6945997812674108,0.7078373032549435,0.4458898105921061,0.753529570456521,0.7341450141945806,0.5715219086157304,0.6641256354608889,0.766983516923464,0.5585954132643436,0.5061301970827202,0.6528239049045796,0.4455214707752941,0.6976688362645986,0.5805678312676122,0.7472989740064355,0.5244190463606785,0.6624727754997749,0.8769243442730988,0.5921302072921047,0.6989496447327772,0.615680898289594,0.5724526369687659,0.7786195286195288,0.75686457624882,0.6061485190211033,0.6022970501031527,0.5998911779053623,0.6038961038961039,0.6205764108749183,0.4674892283587936,0.4824668508879035,0.4614965413793475,0.692991879438943,0.6639769310726381,0.6004523073399748,0.5810244172093463,0.5808001026823443,0.7709271244533079,0.6119160170804279,0.6160900561630966
align-dinov2+1b-things+hyp-abl70-local-shuffled-218,0.9595036650319044,0.8076101174119277,0.9632726676616103,0.9251967601144508,0.7487735073668023,0.9547823033707866,0.9098124804259318,0.8904878891405321,0.8661276759820993,0.7715912998074028,0.908618481572964,0.9362326774327626,0.967829619742598,0.8579174708206966,0.8192151491120563,0.671496141399054,0.9201848763551288,0.9588689393225523,0.9417592150744584,0.9332440383137685,0.8753510294511946,0.6191154057829898,0.716222343585661,0.9363934239509584,0.8914576413308021,0.8489120819391015,0.9843501991495331,0.9274241923021692,0.5935284037686912,0.8793788056533155,0.9676341211306354,0.7196949623622194,0.9584655132329892,0.6743970315398887,0.9704589606605148,0.834288489558038,0.9201760602782648,0.8991391031618208,0.8012898942476406,0.8283474103955557,0.6103343423785413,0.5474285714285715,0.636966890163821,0.889597800925926,0.7169459596704179,0.9122564517314904,0.8347756226665609,0.8799512116376988,0.7741126636257648,0.9515324454362216,0.968402055093714,0.9762450062913468,0.8985091664428139
align-dinov2+1b-things+hyp-abl70-local-shuffled-42,0.9521329989264168,0.7432929476501527,1.0,0.9414722704196388,0.5974761379621902,0.9553099833998712,0.9145853937123036,0.7384890149170414,0.8844751773049645,0.6060028939543703,0.8875097269041029,0.9521973060140392,0.9676360505853592,0.8205750533664228,0.825151057003935,0.5642064913438276,0.9504969524546092,0.9894736842105264,0.9416458694304471,0.9867746696868364,0.8838451960987758,0.6065354546701412,0.7122430853426858,0.9472344611778004,0.8696855107593565,0.8760406280936996,0.9790575916230366,0.9503507610645856,0.9507328066712674,0.8683066540940797,0.9630303791112226,0.7499805068226121,0.986060746585982,0.6722577737719694,0.7582051282051282,0.8239315201554153,0.926617416916674,0.8793693009118542,0.7619513874692002,0.8161852996203928,0.8405918834717325,0.7486403508771928,0.7913182123708439,0.8760108107779258,0.8716672417759374,0.9209484265033584,0.9502545583688128,0.8816677547019933,0.7846666277099281,0.9735662301049104,0.9247485357779476,0.9667430088078852,0.9022888102609464
align-dinov2+1b-things+hyp-abl70-local-shuffled-7,0.9772253877237432,0.812277738865166,0.9959174122439428,0.9590365956384738,0.6975050364171703,0.9387157629514048,0.9404976582797756,0.8009289832945826,0.9200781891342674,0.6981372467530774,0.9177195913152753,0.9561808694168143,0.9741880502750068,0.8332258305014633,0.8263305526210338,0.6242291905328414,0.9494603548513928,0.9895413533834584,0.9297556613749104,0.9377653636852912,0.9488920869818456,0.6282577925474631,0.7907954033348356,0.9294598825172944,0.8155702027111056,0.8998202454642551,0.994771066497224,0.9455035738712486,0.8951753848944516,0.8911482262930608,0.9678025847421792,0.802493098688751,0.9768774819334076,0.5980479148181012,0.9505275426328058,0.8493592677345538,0.9388478474305618,0.9052971937248014,0.8960409359980701,0.8350308629298928,0.8349990938700053,0.5689972899728998,0.7881585709893898,0.9791347334049813,0.9470139347788232,0.9191810931318164,0.9404537143362292,0.8422568010398624,0.8642277875743101,0.9735693078550338,0.9435141086087644,0.966904272101975,0.8789851340680469
align-dinov2+1b-things+hyp-abl70-shuffled-218,0.6707416070445789,0.5187163339120678,0.5455536562968823,0.8194258398340031,0.4803229388209625,0.746655879180151,0.5925922220666013,0.5017542868783399,0.7862644415917843,0.3648860610721359,0.518138451947551,0.5804558823529412,0.7570647774729408,0.5149244681936049,0.704876160990712,0.4222348127163991,0.734830956509545,0.5656840513983372,0.5604143947655398,0.5463231258158404,0.7691114531505411,0.5751802065069159,0.2943531318301683,0.6081525673348144,0.3623875183132639,0.5116739667234993,0.6503796170840439,0.6285078517388265,0.5291753093484014,0.4116112632380977,0.4593588857187975,0.5386604943142463,0.5909667042544078,0.5478912229278619,0.5636431673358115,0.5680344629067159,0.7542066328072485,0.677070840820959,0.5918205280921183,0.5672273203650213,0.474590256160222,0.5393699530816125,0.3787989133576094,0.4101986987867064,0.6044340811222475,0.717036180194075,0.4712323193643348,0.3762291947792411,0.525292406026351,0.4643435881067544,0.6286424494735342,0.7398815633636004,0.5814715132616872
align-dinov2+1b-things+hyp-abl70-shuffled-42,0.6583397449272339,0.43773288389965,0.4076980199787217,0.7294630334602284,0.4752530608310035,0.7023143443643205,0.5366147075004585,0.4417945275540212,0.7762854317732367,0.3704821108929386,0.4872075066105317,0.4133256847841675,0.6702791723414804,0.4031013839050654,0.555921052631579,0.42641627543036,0.7202830560570558,0.5536717018586248,0.5288736087640581,0.5550244263860526,0.6725417439703154,0.5779745262503883,0.2666031573217202,0.5523159434422232,0.4221657222050059,0.4039741813389206,0.6159698667616137,0.5485914622916523,0.526829268292683,0.4252970738809826,0.374119868754658,0.4702762615806093,0.5916725252241467,0.499244826777893,0.5406017877376307,0.550481665378984,0.6554770963991391,0.554301640388597,0.5031045206555542,0.5380116959064327,0.5353105948261657,0.5868518799272286,0.3841831263591526,0.3602524443510762,0.4308597855791465,0.5925742064856481,0.4553208163931225,0.4371382544814743,0.4533383601300071,0.5191215691767191,0.5035272579612794,0.5619655568312284,0.5075826211491462
align-dinov2+1b-things+hyp-abl70-shuffled-7,0.6302223095618862,0.4785958473091629,0.4536272367729624,0.7886223191566704,0.4733805579983958,0.6673028832009414,0.5676026616954069,0.3872448244247421,0.7862644415917843,0.4115089917792917,0.4690168194701107,0.5062270831694075,0.7321471179738896,0.4704771038120355,0.6409096888291264,0.4650355405910961,0.7213047231803816,0.5616837834411056,0.4932495995060727,0.579604512312001,0.6837092731829574,0.5779745262503883,0.2650677596572975,0.5709912536443149,0.3998539267915449,0.4579924090763283,0.6685687975060952,0.5675717477971571,0.5378646148420851,0.4225787284610813,0.5089058524173028,0.4550166659324846,0.5587402027241182,0.4651372195904944,0.5795106885236001,0.623248202892279,0.6430691938798813,0.6233959115561118,0.6143765399788073,0.5380116959064327,0.5568090446139227,0.576019123958203,0.4377621410200783,0.5041269249006941,0.4853323994208779,0.6715848506650431,0.326518691588785,0.5691343051101371,0.4598154965127442,0.5996620416439797,0.581832719749638,0.6939001629388238,0.5596804511278195
align-dinov2+1b-things+hyp-abl90-218,0.8905349039905023,0.7350981655749572,0.9771192828276348,0.8867146863491988,0.7450100076886442,0.8884554891475306,0.9387115394267932,0.8578081207330219,0.9435564435564436,0.6588905165980264,0.8387297603207206,0.8469770871996971,0.9595012198427758,0.8341185121513287,0.9085493584708038,0.7828510517225488,0.8946397825079214,0.9628097692229832,0.9248469506235534,0.9708345963723538,0.9284322159007028,0.6531356065859945,0.7464021573783594,0.913374284915787,0.8484822435269843,0.8371049707715487,0.9804447769843913,0.8509308359774418,0.8916220862564201,0.7778092654500929,0.9151144381326336,0.4890068618676214,0.8709568991055772,0.8101493697386812,0.9130185591907808,0.7719034221029901,0.9680776014109346,0.9245825275911068,0.8881563367856099,0.9253310748383125,0.6848023625624716,0.5667966863017945,0.7693662131876047,0.8163650986642023,0.6194865267632003,0.8229954276792684,0.9021082498888358,0.7301538533663063,0.6397078853994452,0.946121976981352,0.8565961893213275,0.9592382146727868,0.8710917163723988
align-dinov2+1b-things+hyp-abl90-218-random,0.4392226317467236,0.5520632317879887,0.6527362590993724,0.76611933116805,0.6244924241385814,0.7957904840257781,0.7036752035878674,0.404305080668717,0.7847534071967841,0.4561455741705846,0.6443122425985911,0.4932989079494053,0.7845106265905496,0.5068298910673389,0.5831771076808402,0.5326038768098854,0.5341466013211165,0.6058894480182611,0.6087439660033283,0.7432670716464359,0.5408206429780034,0.5990577043208622,0.5314459531784366,0.4989683124539425,0.5371130062242341,0.6139735348856813,0.8264767793903405,0.4071752927975314,0.6077175897748022,0.622881991303044,0.2467798750571691,0.5105884351548533,0.6033904870639564,0.5413465642338882,0.5850756748322671,0.6356370746792547,0.5830984522573307,0.578870259615709,0.4971496447167313,0.6619146560246038,0.5009706115696899,0.5644461878844778,0.4159766564138149,0.4841627116143018,0.4759353239702584,0.6279883381924198,0.5421258178441276,0.4379742017211033,0.5167672617598683,0.3900253592561284,0.6878257621588882,0.5443699377814554,0.4807782621331009
align-dinov2+1b-things+hyp-abl90-42,0.916839465154072,0.6827791979062173,0.9504099395500112,0.8501993556430609,0.80302695949865,0.9037433155080212,0.8830796165857747,0.7830645814248446,0.936,0.715527583255691,0.7482432124691741,0.9328585992208456,0.9728044637797614,0.893192024029025,0.8586418556567811,0.9360179382040612,0.8689819558852606,0.8969459556379666,0.9284824624595333,0.9375609841744011,0.8874917016237276,0.6207931082273572,0.7633942370928536,0.8969397029880122,0.6993994090441933,0.8658766127462328,0.9611452269600808,0.8190652926153764,0.8839374379344588,0.6804874782375787,0.8154396799244152,0.5426669122871655,0.9591836734693876,0.8358716294487215,0.9107261695047952,0.7818636693922977,0.93174064267736,0.9549492506798996,0.8284157256050833,0.8850197259205991,0.8073979740860604,0.8609433697737898,0.7307208733939254,0.8929623758910077,0.5715919965901872,0.9381195335276968,0.7437367092418992,0.7298722123386061,0.8036020805251575,0.9768984454824112,0.889156271233355,0.93885732200918,0.929041906746314
align-dinov2+1b-things+hyp-abl90-42-random,0.3036805638975028,0.5396342596079022,0.5165250349904522,0.828321432163331,0.6908807570267175,0.7935585804569762,0.6237609880376467,0.5305662355948704,0.7496894409937889,0.4370629627379735,0.5656452240707931,0.4800218599467196,0.8589408912921872,0.3659870461306661,0.6223978497494638,0.5955899528600577,0.5700970229488757,0.581636490973231,0.6158225295303946,0.6268424668329381,0.5677480547309997,0.6474462800993412,0.4879960517148377,0.5097724166047147,0.5631498654110976,0.5635778127966905,0.6222876097905027,0.5282826228193188,0.5906236287845547,0.5059625105652388,0.402373101745115,0.5454862693235238,0.6528300782678663,0.6388942873591458,0.6513079881369964,0.5722696094060816,0.5752221223919337,0.5397121535181237,0.4542476211873917,0.5973842602135466,0.5348541758727353,0.5672130702863081,0.468641975308642,0.5782729332076331,0.5715118176028163,0.5849535760250045,0.4409310322026052,0.4046813630090938,0.4875825478215394,0.4834697005892658,0.7392146132999792,0.5498649255562055,0.5690220897031208
align-dinov2+1b-things+hyp-abl90-7,0.950607288454031,0.8007380073800738,0.9694941440208016,0.9347581940728732,0.8069978692385331,0.9002172540429095,0.7051323851417922,0.813279722619301,0.8863442389758178,0.7565257677323737,0.816417260143165,0.8535347563056691,0.937669094693028,0.7976103147696558,0.9090711141663278,0.896401710045261,0.9264692163923164,0.8911091549295774,0.936378037282186,0.8997269500063141,0.828424585052261,0.8452591245983666,0.7131341067954331,0.892096920289855,0.7115166739536548,0.8031005482220023,0.9755983602528964,0.8490550362033925,0.62630431675243,0.7276318635654677,0.928527341417482,0.6626386300581997,0.9300341031935162,0.5683304559529374,0.9384655205296568,0.782243736176076,0.90171291538198,0.8249431366510279,0.9275624064711988,0.8909402116208399,0.8166612360160748,0.5472117641141522,0.7492540458997483,0.9387098828176016,0.7354961861036344,0.8795707559954626,0.8202792930824293,0.7723705595542141,0.7228040769905455,0.9691979273098816,0.874085736658836,0.9386106279507296,0.9019565146914208
align-dinov2+1b-things+hyp-abl90-7-random,0.2504162264487232,0.444581774959945,0.4683560242386086,0.8337029216100325,0.6898317658121408,0.804077692837157,0.6506065290952323,0.3645924225028703,0.7727272727272727,0.4429643408897437,0.5446908160271907,0.5610723381711764,0.6005765036529384,0.3165444820548475,0.5597014925373134,0.5612184222368749,0.6120709690696776,0.5391035631340911,0.5051426101987899,0.647062112391266,0.6225028486101125,0.6786147147520365,0.4564582217375076,0.5213722956354996,0.3874327111737183,0.5997762987403622,0.5917960493233833,0.4364279142471244,0.5655634025508591,0.5090196421285773,0.1793146944082168,0.4816393021819175,0.6564528457379826,0.5584123827797907,0.593717539032455,0.6395462064645098,0.5921737201690445,0.572777139941319,0.413307398708162,0.5964288222291827,0.5044802867383512,0.5856615927940343,0.5793424124282538,0.5962432160150791,0.5433838321158403,0.6699708454810496,0.3161940240880405,0.1589339746695049,0.4760287616809356,0.3922273440768029,0.7354342967317129,0.5377191418130801,0.5401105394490717
align-dinov2+1b-things+hyp-abl90-local-shuffled-218,0.961586114184144,0.6466219406074001,0.9681335617651314,0.917460482362907,0.943600450507884,0.9366732524307028,0.8818832881199737,0.6892247761387452,0.9528207020619032,0.8070594075955304,0.896516558973638,0.9542225144307044,0.8958669240398932,0.8713083037727587,0.8893453867839094,0.8043936768931119,0.9095685541896478,0.6823649589846773,0.8987290819270664,0.9768994595796112,0.8871581807167727,0.6411989176437938,0.8339682539682539,0.920553398450346,0.7776889095559172,0.8549102424682389,0.9657455592659014,0.8923121254961714,0.8891469496554084,0.4924564049641448,0.3558462347380902,0.4653100775193798,0.9661471945150684,0.7733044251846551,0.9457378259221576,0.8058253172157336,0.91427565569442,0.9086501177882153,0.8737769179125487,0.8672718080438863,0.7175035773931893,0.8242674803634683,0.7056912209386318,0.748832204540866,0.6899582193699841,0.7915719696969695,0.8391934467548835,0.6245699427775435,0.8106642776983888,0.952755905511811,0.9486749852428766,0.9676665294365592,0.9016643513033404
align-dinov2+1b-things+hyp-abl90-local-shuffled-42,0.944580622604706,0.7715364696007377,0.9960163159005369,0.9743170114340578,0.5480711602869193,0.9702970297029704,0.9183949200682802,0.8289346558422274,0.9637111695393904,0.6789443476827872,0.8500488595474074,0.922442844667368,0.9555362402820028,0.8298420489856257,0.8630478584395636,0.7100940329695844,0.9138486138851564,0.9047834823535758,0.9404769118832228,0.9884765753277864,0.7991110087607604,0.6411989176437938,0.8125916058255971,0.9091340522999888,0.8561396974902988,0.925459374102785,0.9803361179530834,0.8904257504695456,0.932612537411858,0.4986957678999201,0.9550945185031446,0.6417361176140088,0.9397540101785864,0.8806661017986549,0.9543771053554236,0.8588993981718427,0.931391327433313,0.926605504587156,0.8658879752820832,0.8913329707759682,0.8244244985246187,0.8228332580810477,0.7796621518212427,0.9881808720484692,0.9655337260060788,0.8109892603682833,0.8565279137667927,0.7293240950064462,0.6909071257320284,0.9724293968957304,0.8905858829438748,0.958428394989862,0.888187966385431
align-dinov2+1b-things+hyp-abl90-local-shuffled-7,0.9263755639870944,0.7262415188859335,0.9481430112156788,0.8721677675971305,0.881488810730383,0.902769539626774,0.9189529201141916,0.769950513177463,0.9086422598749132,0.6048564880497653,0.8820972164016702,0.926051752715946,0.9552017183261382,0.7959047378605738,0.8539177156688678,0.8087037715555451,0.8600299102421304,0.9340217757324054,0.9404769118832228,0.9923076923076924,0.8725683648477355,0.7993117590213779,0.6862733851684384,0.9311408862904554,0.773942121183108,0.8710838662761741,0.927296322210192,0.9558589035926232,0.8971526924141499,0.6763949522962807,0.6624254012142589,0.7400596630089346,0.9701024684437568,0.7936396358949134,0.944985177140509,0.7727861444359361,0.8496490395423776,0.9210855777456562,0.8776037078962639,0.9137367239834032,0.739223048718027,0.818855333619793,0.7375682934176904,0.7473595846744118,0.6921636792326448,0.8371169357543023,0.8335723799694796,0.7306990394524746,0.6651493862096975,0.968503937007874,0.9385877232766096,0.9770126765023592,0.9222839931031056
align-dinov2+1b-things+hyp-abl90-shuffled-218,0.3866533436903329,0.4121572062837496,0.5441551155886959,0.6231335184533745,0.5524583074380733,0.6445875714168399,0.5055100927441353,0.5946659082649981,0.7865491198345921,0.540639566395664,0.5800679426044141,0.4515379701852401,0.6779874213836479,0.5793326421905794,0.6090177077635984,0.5068145068145068,0.5616719934517928,0.5402739222354995,0.5624238772043417,0.5832212818687547,0.6535601291627255,0.6129179228726995,0.396215723056448,0.6205901378315172,0.5820740740740741,0.4463641372499971,0.6047512717653909,0.4496705371290448,0.61183970856102,0.4496541769931008,0.204874691653767,0.4702754036087369,0.5982091458576904,0.527511961722488,0.6393656251279132,0.4916127669864885,0.623563754551747,0.5465405982905982,0.5897646530176651,0.6163194444444444,0.5604178430265386,0.5409455817002987,0.5265261627906976,0.5128053196392126,0.570233902384079,0.5873877166594037,0.462165247631854,0.4841405727553352,0.4116773037422095,0.6535885953740602,0.62897485819011,0.5137614678899083,0.4812035448354068
align-dinov2+1b-things+hyp-abl90-shuffled-42,0.7134677342214389,0.4076684247933266,0.6857901512713228,0.7115692004021577,0.5088698360304161,0.8454894541851063,0.5716283459162663,0.3795650878760798,0.7865491198345921,0.3716951290808947,0.5975794709365595,0.471046428402089,0.7097176915951834,0.3582683805202127,0.587850686555369,0.5592646808261166,0.7283588964145328,0.5793842077540662,0.7234101596777944,0.4570591333234305,0.7333536864885858,0.6299895380653469,0.3758945993691085,0.5593661162523438,0.3583130575831306,0.4111275992960286,0.730064986268592,0.558786335615604,0.567769028871391,0.3990244258577341,0.5151625586092378,0.4479180949769185,0.5049196862559954,0.4761904761904762,0.5648614915792716,0.5316262487043091,0.6312226571494359,0.6788608507570296,0.6314253214703632,0.552570093457944,0.511347056271935,0.5511560433223406,0.4165088121298822,0.5237921382499696,0.5313229483844355,0.6437920765692171,0.3749434451466537,0.3701359532075352,0.5129198974400212,0.5889928606085811,0.5813202246056761,0.6617525029663349,0.4534874033076885
align-dinov2+1b-things+hyp-abl90-shuffled-7,0.5811602818348717,0.5770141862750848,0.512180454037468,0.6545390585822599,0.4796017822333612,0.749008403994927,0.5119842274984063,0.5562368143459916,0.7904847686879674,0.556443189130017,0.5443513020871511,0.5115260046962296,0.7289547710820188,0.4460177578198822,0.6137589021495236,0.5228162724048553,0.6565718517953566,0.5418397009966778,0.4383299782327622,0.4836217422424319,0.6827628028258694,0.6270626189972498,0.4770670348212917,0.5709865709865709,0.3746538341099643,0.5083907174942067,0.7482550344154874,0.3716712393116158,0.5808318957255127,0.3703454882494184,0.2093486878105121,0.4479180949769185,0.5804958348405497,0.5279605263157895,0.577121143015407,0.4979614764346676,0.651270020073008,0.5833202614379085,0.5612744896194485,0.6530473734220171,0.5521923543020822,0.5373627545037843,0.433516489157814,0.4203352496463557,0.4973842947257995,0.5050842620448682,0.5464292669199879,0.3183930204954904,0.462168389747319,0.4918946301925025,0.5622202819872567,0.5817363346640817,0.5839977944016621
align-dinov2+1b-things-218,0.807928820253822,0.677577990848387,0.953123712530622,0.8654201292705448,0.86711283024376,0.9107730845007564,0.6676726569646114,0.8143670112751753,0.92746439827787,0.6226317524027448,0.730599794358335,0.938003444975274,0.91572140912774,0.8644203548827427,0.9522613996896172,0.7095167211541453,0.4757776306181719,0.7650262780697562,0.942328869050428,0.7068920123902838,0.8216901516019399,0.6073873599187803,0.3609581018025519,0.8901238187747855,0.3981702737761999,0.6769335045197113,0.9455325089748704,0.6003776171592802,0.7103204372521702,0.639980721121847,0.5333197751517055,0.5648925457084595,0.8814097204378831,0.6600603472242195,0.922050663405976,0.5983439138617572,0.8351984022087116,0.848968133382973,0.8151620746144063,0.799418159546777,0.6768723942823108,0.6898648648648649,0.62641275368787,0.7483184495534867,0.5709087503361098,0.7945229926368232,0.4590564821235235,0.7393376424517822,0.7540710070608415,0.9330873513473524,0.9226215136694348,0.848156429308364,0.7885239535330781
align-dinov2+1b-things-218-random,0.1261056547936559,0.4082824776275519,0.5533627567622618,0.8133310984467538,0.5693907871805023,0.777921978831957,0.5803603558576569,0.3995944040010321,0.6347692360859122,0.4583995543939753,0.4717165323384414,0.6193573510993232,0.5777512881756305,0.2851737956319874,0.5415557686712714,0.4707318898924449,0.5798802095190747,0.5249367088607595,0.4912217164458925,0.6557719178935906,0.6410017546972655,0.6123215046644477,0.4493734565078204,0.5372418387741505,0.5578540292212383,0.5150769757276231,0.5312409494301251,0.3759416932937479,0.5993589295098669,0.5986744060112689,0.3195221103378913,0.4690059050194209,0.4780617464024463,0.5421730742508507,0.5830214783062303,0.5738384277749219,0.5874556213017751,0.5141310513206244,0.3989785941815462,0.616399416909621,0.5071242376549282,0.6457266229898749,0.4010106173249747,0.4369318954479793,0.6539384734506685,0.6622359874392395,0.2176015473887814,0.4527234610916619,0.5511224441781374,0.4037265226856305,0.3622953689869949,0.5186880244088482,0.4562727511533405
align-dinov2+1b-things-42,0.8377314154347345,0.6949215432836635,0.9675471855981228,0.8606701940035274,0.7342206294501392,0.8947391456582633,0.4661494180953573,0.8733338508632609,0.9351002989060612,0.7094026762637751,0.7798493448676617,0.93126531284964,0.9532100509631196,0.7401942044498816,0.7785023917710002,0.8492518466369416,0.6743343652540817,0.9223840345199568,0.9166516334899596,0.7041124656746618,0.935258314318894,0.6907462012310246,0.5556540745335896,0.9277546566512714,0.8213324444945198,0.6178734371152835,0.9772239218670248,0.8482638909743954,0.9362575296409968,0.717282239412483,0.9604621604621604,0.6158365482635775,0.9273156351070896,0.7524785085477286,0.902971458964728,0.589238351500508,0.9139231782710044,0.9331022894349928,0.9151453734484098,0.9453407736721062,0.8362027027027027,0.7140487470054642,0.7286981390732452,0.7944751151843796,0.5879744323626837,0.9208010380424174,0.5804107832151387,0.7689043216053888,0.8194143404488232,0.9814126394052044,0.8462789411692422,0.9708044528460408,0.8682738505932006
align-dinov2+1b-things-42-random,0.1765450519074286,0.4678489827004679,0.4782976738651628,0.742138879551002,0.6495582798638826,0.8151595744680851,0.6318511097856865,0.4310111218021663,0.7907238145946105,0.452277408335842,0.4609744871706133,0.4622387689252916,0.7255370268100635,0.2334811529933481,0.6189651615484232,0.52232009766448,0.5131715784716382,0.5580487804878049,0.5566877288157851,0.6157585667181394,0.5528170804032873,0.60912715439955,0.3183553085893886,0.509607548456068,0.4536407310526406,0.4550744251422547,0.5197446322750856,0.2295389392638825,0.5766939227259829,0.5676047815406563,0.6015318203782258,0.4791698147904948,0.5923818753555998,0.5686697247706421,0.5450732115465068,0.5600309774834391,0.57396449704142,0.5528414553234127,0.3894574459763289,0.6801887022751685,0.5320941816403862,0.5865082922456298,0.3887475775193799,0.4481288523471487,0.5578092636916167,0.6779586096041793,0.2191170765171232,0.2638357304693201,0.5597968138776656,0.4999736448461614,0.4759720624804474,0.527533627615662,0.5411701194412578
align-dinov2+1b-things-7,0.6913305222602231,0.7128036693530885,0.9711523091724495,0.8376246371323993,0.862411382476233,0.8766424727818795,0.5331415510718789,0.7273186678996538,0.9125371281909156,0.6865541900847244,0.6864593490500479,0.934741192074314,0.9741976815491428,0.8053378039492506,0.8777482049790057,0.8615557936606542,0.4836793333139327,0.7421951219512195,0.9311470015786624,0.8967070217917675,0.8857466817848328,0.6019708242802067,0.3308449822556405,0.9324452490556844,0.5246735395189004,0.5555170782031037,0.9772239218670248,0.4845228977147455,0.7898826979472141,0.5586413799287483,0.9149693131322524,0.7534310951629589,0.9199399189248558,0.8426009404565153,0.8602751645005166,0.5469571750563487,0.8850009965251601,0.9273876804753018,0.9262254496111944,0.8911834293968872,0.8257309941520469,0.7271434820647419,0.4986979166666667,0.8096714322030041,0.7176866493939664,0.8671548851263554,0.3292831321122179,0.6081659650652277,0.6478675945473975,0.9216756210017472,0.8297803604047808,0.9420289855072465,0.8357817574795464
align-dinov2+1b-things-7-random,0.2598984593231797,0.383433917680493,0.5140411881068088,0.7928475033738192,0.5941645098162994,0.7544322674316901,0.5341807254689162,0.4247395852555899,0.7907238145946105,0.464837628801048,0.4758491899518433,0.4372496805562807,0.6577629117707313,0.2334811529933481,0.6238055250829906,0.5430887890703721,0.5262366544897197,0.5249367088607595,0.4547788064004956,0.6148735319007498,0.5931544308490916,0.6672953724185962,0.4482483129615336,0.5134921995542603,0.5393988479107771,0.4609592399671476,0.5117627785058977,0.1806912798193541,0.5725837843267745,0.5838877270706879,0.1753900449552623,0.4889465211109267,0.3837979996285667,0.5920715822856496,0.6323003177659515,0.5111996854819821,0.5529708614929758,0.568023598820059,0.4255056116681256,0.6618763260931383,0.5227380952380952,0.6100837939808721,0.4022446065989847,0.4774436702040038,0.6030836615504481,0.6841129979061014,0.2373614219386944,0.4478949772311656,0.4202009748375058,0.4548514503447201,0.2134943060336457,0.6123902531547218,0.4867194624207309
align-dinov2+1b-things-local-shuffled-218,0.7749533183929258,0.4342295741509061,0.927178837091478,0.9413494082069972,0.9368476804217898,0.9033816425120772,0.4841050726909953,0.8126138165191299,0.9265185900091504,0.4620499108734403,0.835072132911358,0.932237715648048,0.8528743472377271,0.5868968555164001,0.8630324658458958,0.8063212570015066,0.5879567938623057,0.9021938451721032,0.9022623276601008,0.9540739703798636,0.8772482017923505,0.7024329600431373,0.2810536236572628,0.9527028136183068,0.4838064073159686,0.8308126166085088,0.9541802832244008,0.7689937555437344,0.7168346202063872,0.6145690924734362,0.7790573653265533,0.5602633417926367,0.898026290474559,0.701573497556571,0.942650810231218,0.5133369298087874,0.8409722222222223,0.9374713182127722,0.7959670231729055,0.884177580100486,0.5757323172183852,0.6743573140784306,0.4227689676616915,0.8718211965891497,0.5976071501625986,0.8024796663909567,0.3811978128194144,0.4201740146598279,0.8135383924562191,0.9580207725677984,0.9261696044239168,0.9697672983546431,0.8157481972344389
align-dinov2+1b-things-local-shuffled-42,0.9377933814389252,0.515380339411258,0.9694514112371287,0.8993202327738887,0.90181484571922,0.9333353945828194,0.5022447494641805,0.8511092761521727,0.892604093090297,0.7052016751445965,0.8761734809705075,0.952542372881356,0.9684773016962448,0.8027709837317968,0.8467746990457903,0.8651373073288517,0.9019541303469596,0.9098948629417069,0.8868835720634283,0.91109000212597,0.8598226305218294,0.6834384686497363,0.2888550940022636,0.9069884364002012,0.7567583267980366,0.8202892338816833,0.967890483613754,0.8909397246684566,0.9193311696333832,0.7027644618861926,0.9743081687362816,0.6810317793924351,0.9616065673144916,0.8353628459478182,0.933562037776952,0.7196682153450403,0.914377535430167,0.9336229731323492,0.9264386744281046,0.8586787957548192,0.7919803911574871,0.8270563869241913,0.6143616017512077,0.8998196614450251,0.9539473463804126,0.8188942493820542,0.8644003594498643,0.7254848385542043,0.8103122245476984,0.9694692076371466,0.928518647755496,0.9740330231709544,0.8329235352263673
align-dinov2+1b-things-local-shuffled-7,0.8219556294325614,0.5591179111034706,0.9044730409545128,0.9044568148471268,0.7166171638311665,0.9134866259037224,0.6069232655853958,0.7846382080695377,0.7811768876285005,0.7099640181324816,0.8663037930267179,0.9322454975889408,0.9067752758905412,0.7763267995011717,0.8832682417243346,0.7671665258058576,0.060893745189746,0.841165459656896,0.8322248865384348,0.7468825216367081,0.8879222712017113,0.7255742468450945,0.7255109167627221,0.8965971844131602,0.8134681497701435,0.7340064013104849,0.9361053809543072,0.7598177532998664,0.7621186994321322,0.7806435196086623,0.9741336828927716,0.7680093523064101,0.8819069257332095,0.7186913571760637,0.925841415848503,0.7939093652717378,0.9158714940114748,0.9379404980428,0.8313515743850869,0.8302352004061518,0.7144858967922746,0.6728454161373665,0.6972846792370315,0.8830365209892634,0.8332317765603275,0.806238525662986,0.5865848437277008,0.6327256174451663,0.7794486932757179,0.8117658632293889,0.907471048410499,0.965377364227939,0.792230697384807
align-dinov2+1b-things-shuffled-218,0.2705818591235245,0.5044972426442631,0.5577053373278095,0.6207154826972825,0.629667599493872,0.7357528814781928,0.5329876681402945,0.4424579707696207,0.5417917540181691,0.3836843108492246,0.4444491731517509,0.51046769515732,0.6088537073874317,0.632976156249401,0.6247881170227828,0.5564806099075975,0.2869336607642365,0.5584488538552143,0.5433302329854054,0.4036855838225702,0.6946986022537612,0.5965265923668925,0.3560663126626029,0.5866813648015087,0.4454005514619134,0.4597445569452716,0.65626050633982,0.4912086347294355,0.5730738559685928,0.4945069475962002,0.4377812428799271,0.4681500735825561,0.4493908382066276,0.5360791113929435,0.677333573539204,0.4782236509872027,0.6024722560048646,0.6377858725750672,0.5640482537034262,0.6277748433056122,0.5547656227267878,0.5934763807910765,0.4369120186664681,0.5204951427338917,0.5061695675951744,0.7205484139653029,0.2414152024446142,0.422849961521072,0.458322261906289,0.5839866487025895,0.3381543586527158,0.6506406180760265,0.3467577050734945
align-dinov2+1b-things-shuffled-42,0.4700972887013205,0.4581569420678331,0.6074643556052558,0.6895919564483953,0.5422727272727272,0.7534002621868731,0.5590632668550967,0.6233562629979204,0.5891609879436343,0.4526979576014691,0.4480368978599296,0.6038968679000324,0.662410394265233,0.3008762645056368,0.7167896377379335,0.5959782157781551,0.0826627657522854,0.5512524900788982,0.6310753316616705,0.5122957681761016,0.7316760242749036,0.6226823867376863,0.2633577169548156,0.672646686365555,0.5230878997189128,0.4597445569452716,0.6848289232996391,0.4329394751236078,0.6307760991798493,0.4365363791890868,0.3067717711264941,0.4813508771929825,0.4939878234398782,0.5774014542671259,0.6360827476253917,0.5961969378143459,0.6656348977828966,0.6906167149411193,0.5112957641396895,0.6353960504903902,0.5608021967245268,0.5852311334121834,0.404377633364279,0.4522596499640374,0.5783525425855633,0.6436518131857802,0.2904390896437029,0.3146750293686126,0.4842900994320552,0.5333436354805952,0.2483838689511148,0.6993516797111097,0.5077493286940736
align-dinov2+1b-things-shuffled-7,0.2385431375912287,0.5229750844736435,0.5569770976101173,0.6433345746288669,0.5921355878057686,0.7093232551411021,0.5335072427802555,0.5714285714285714,0.6906672542323088,0.51803439419806,0.566694314690125,0.5003367003367003,0.6351553166069295,0.3004386500513446,0.6772027070427041,0.5054218657159834,0.234834782508126,0.5630252100840336,0.5415247382607814,0.5165483936415667,0.68908366719735,0.5483413795625778,0.4100225010082998,0.6013212643258633,0.576014272970562,0.5448279319247061,0.6389262206075556,0.4677552926919284,0.558735019270366,0.5402670553316177,0.4211134453781512,0.5003827984010545,0.5790987662715411,0.5613809356123195,0.6388590999308896,0.5559331797235023,0.6405256701792643,0.4828889736672605,0.5322945322945324,0.5815987759461878,0.5965013164411319,0.5836803210316652,0.4641446447416597,0.4886425094645755,0.57450704016072,0.6077701752741588,0.3008658008658008,0.2150822150822151,0.4687378640776699,0.538536528737308,0.3789897833811671,0.6155397001567922,0.4226893560226893
align-dinov2+500m-things+hyp-abl10-218,1.0,0.9005128205128206,1.0,0.9007246376811596,0.980703246429514,0.9784333111075344,0.9751479289940828,0.8693871581102822,0.9324074074074074,0.8193496587715776,0.9611488458659267,0.9381942381942384,0.9490783410138248,0.9600142323429994,0.9196067090803932,0.9264672609620344,0.983116178067318,1.0,0.961771561771562,0.981000481000481,0.8272058823529411,0.8787878787878788,0.8551246168199386,0.9744997624201468,0.9464114832535884,0.9058823529411764,0.9625131411497816,0.945597784449552,1.0,0.9130434782608696,1.0,0.8258007898200964,0.9483333333333336,0.8339100346020761,0.9719729699789522,0.8465096719932718,1.0,0.8824771287825475,0.969460458240946,0.8628803245436105,0.8289562289562289,0.9555555555555556,0.8469870327993898,1.0,0.9379960317460316,1.0,0.8532135076252724,0.9810890329183012,0.8361095923698438,1.0,0.9824778463325032,1.0,0.7349143610013176
align-dinov2+500m-things+hyp-abl10-218-random,0.9863853400438766,0.6688085988842479,0.9740080307413324,0.8352067868504772,0.9415706244974538,0.9565217391304348,0.8120879120879121,0.8140316634135761,0.9676243567753,0.7398959583833533,0.9352480764432114,0.9067026540710752,1.0,0.89325746799431,0.8603581966650656,0.7993746091307067,0.983116178067318,0.9230769230769232,0.7852071005917161,0.9805063291139242,0.8123249299719887,0.8504088504088504,0.8397736143637783,1.0,0.9099967855994856,0.8588235294117645,0.7769449470147324,0.9669819498405944,0.9263019116677652,0.89176863869916,0.9117662190667284,0.72284162378502,0.754978354978355,0.7872899159663864,0.9719729699789522,0.7023857123817141,0.9257478632478632,1.0,0.8732782369146005,0.9373249299719888,0.8776133427296218,0.8384909786768726,0.8239703677572977,0.9147032818432412,0.8125,0.955276907001045,0.7894813519813519,0.9412087912087912,0.7560163850486431,0.84,0.946971825167314,1.0,0.7818930041152263
align-dinov2+500m-things+hyp-abl10-42,0.993126186322592,0.7581855886905978,1.0,0.9539735626692148,0.9612430580172516,0.9565217391304348,1.0,0.8513535684987695,0.9676243567753,0.7987117552334944,0.974025974025974,0.9845858059268298,0.9490783410138248,0.9733333333333334,0.8907161803713527,0.8996873045653534,0.9728059540647944,1.0,0.8401206636500754,1.0,0.8272058823529411,0.8397540834515624,0.8397736143637783,0.9744997624201468,0.9821371610845296,0.9279176201372998,0.9027041808009816,0.9562373955632384,1.0,0.89176863869916,0.9774891774891774,0.6862305910937322,0.9483333333333336,0.762754897506481,0.9214748100197016,0.951219512195122,1.0,0.964316681117855,0.969460458240946,0.8628803245436105,0.8776133427296218,0.9086206896551724,0.7452940196568383,1.0,0.8134164222873901,1.0,0.8532135076252724,0.9615384615384616,0.7936204146730462,1.0,1.0,0.9689839572192512,0.8477291771409419
align-dinov2+500m-things+hyp-abl10-42-random,0.9929804688840832,0.8285714285714286,1.0,0.7474120082815735,0.9615384615384616,0.934175769258228,0.9119286510590856,0.8513535684987695,0.9324074074074074,0.7159090909090909,0.8459268004722551,0.9537574177804892,1.0,0.89325746799431,0.793858022401899,0.7583055198973043,0.9884024577572964,1.0,0.8587513935340023,0.9615384615384616,0.8272058823529411,0.8461094709694933,0.762046696472926,0.9487179487179488,0.78125,0.9058823529411764,0.8841637946141714,0.9133988764044944,0.8758247460894062,0.9133747412008282,0.8901684253246753,0.5478512183087008,0.8921146953405017,0.7372549019607844,1.0,0.8276587008294324,1.0,1.0,0.7189999080797868,0.9373249299719888,0.8289562289562289,0.8867623604465709,0.731521739130435,0.8976707559681698,0.9067192192192192,0.9043560606060608,0.7447089947089948,0.9432670987549036,0.8181139122315592,0.9601288244766504,0.9474657367610088,1.0,0.8222222222222222
align-dinov2+500m-things+hyp-abl10-7,1.0,0.7703081232492998,1.0,0.9539735626692148,0.9415706244974538,0.9565217391304348,0.9733848241310928,0.9251460017969452,0.9676243567753,0.7348021215830272,0.9229634002361274,0.9693040293040294,0.9490783410138248,0.9600142323429994,0.8907161803713527,0.8180011497084667,0.9776925262858766,1.0,0.8587513935340023,0.981000481000481,0.8123249299719887,0.8397540834515624,0.8397736143637783,0.9744997624201468,0.9642401021711366,0.9529411764705884,0.9812017245101932,0.945597784449552,1.0,0.9783128521822302,0.9553424366399236,0.6862305910937322,0.9746166263115416,0.762754897506481,0.9460446247464503,0.8465096719932718,1.0,0.8824771287825475,0.969460458240946,0.8628803245436105,0.8289562289562289,0.932987012987013,0.7713884992987378,1.0,0.8603040127232688,1.0,0.8112745098039215,0.9615384615384616,0.8853446748183589,1.0,1.0,1.0,0.8042232277526395
align-dinov2+500m-things+hyp-abl10-7-random,0.97894140665225,0.7415966386554622,1.0,0.8352067868504772,0.9612430580172516,0.934175769258228,0.8747252747252747,0.8327606502051452,0.9676243567753,0.6847414880201765,0.8581894296180009,0.9072913572913572,0.9490783410138248,0.8667140825035563,0.8360742705570291,0.8996873045653534,0.9776925262858766,0.962120232708468,0.9420620030376128,0.981000481000481,0.7969639468690702,0.7575757575757576,0.8551246168199386,0.9487179487179488,0.8350245499181669,0.884506041222459,0.8455517261522285,0.945597784449552,0.8498923959827833,0.8915642609111514,0.9225976802954708,0.7402609593541725,0.71484375,0.7106615910417072,0.9719729699789522,0.8235173299101411,1.0,0.8824771287825475,0.9383116883116884,0.9020546017450042,0.8289562289562289,0.8345958168456756,0.8695652173913043,0.948701250958438,0.7648809523809523,0.9043560606060608,0.7894813519813519,0.9523364232666558,0.6488062693639512,0.9002000800320127,0.964977257959714,0.9362304362304364,0.8691358024691357
align-dinov2+500m-things+hyp-abl10-local-shuffled-218,1.0,0.6969262725173879,1.0,1.0,0.9099360496128394,0.9728072900486692,0.9755368814192342,0.9558537237088216,0.9695093348344122,0.704194426480983,0.8666896453843191,0.8824448217317488,1.0,0.847247990105133,0.9726112667289136,0.9125138427464008,0.988742273254344,1.0,0.956439393939394,1.0,0.9742665742665744,0.7828282828282828,0.7978494339572793,0.9102880658436214,0.9036172970425356,0.8993010902991334,1.0,0.9676703532772276,1.0,0.937753036437247,0.9869627064135074,0.7623809825214978,1.0,0.7458434448896666,1.0,0.7190482348377085,0.8928756253234431,0.8828680897646415,0.7697297297297298,0.9279727023217862,0.8268653516295026,0.9164724164724164,0.8280249480249481,0.9130997428211052,0.8403950517409917,0.9730227207362668,0.9310344827586208,0.9026844931045374,0.7454350161117078,0.97903981264637,1.0,1.0,0.9539122610500028
align-dinov2+500m-things+hyp-abl10-local-shuffled-42,1.0,0.7557882977237815,1.0,0.9692297288158516,0.8719028340080971,0.918421870146008,0.9755368814192342,0.9262315977311836,0.8726166328600404,0.796258689369679,0.8133655035380467,0.883,1.0,0.8843937575030012,1.0,0.9421768707482991,0.9627075177337836,1.0,0.9123809523809524,0.9534883720930232,0.971244165274016,0.8636363636363636,0.8114597142436294,0.9102880658436214,0.9516379722620756,0.93958065417948,1.0,0.9466997603504116,1.0,0.9380820399113082,1.0,0.831667839549613,1.0,0.7775823610157858,1.0,0.7565565565565566,0.8928756253234431,0.8486165435317977,0.858246001103144,0.9054131054131054,0.8004807692307692,0.972157472157472,0.7671638762049722,0.84298110453329,0.8076612903225807,0.9138230190861768,0.9657285327924272,0.9195820001761236,0.7769423558897244,1.0,0.9796260642621828,1.0,0.9067026540710752
align-dinov2+500m-things+hyp-abl10-local-shuffled-7,1.0,0.6870015948963317,1.0,1.0,0.9284321915900864,0.9728072900486692,0.9519713261648748,0.985297298672876,0.9695093348344122,0.7389950821891026,0.8535831475590512,0.941003861003861,1.0,0.8658092028337574,1.0,0.9428571428571428,0.98289400123229,0.9733848241310928,0.9782505910165484,0.954347577042044,0.9742665742665744,0.953168044077135,0.8243463594415934,0.8635854341736695,0.9276299206761064,0.9601866387580672,1.0,0.9890871933425124,0.973629194938566,0.9166666666666666,1.0,0.7127955944282475,1.0,0.8018517931318768,1.0,0.7565565565565566,0.8627956989247313,0.7693326709720153,0.861670180819117,0.951095947063689,0.8669871794871795,0.972157472157472,0.8557163671685285,0.9130997428211052,0.7910318719414435,0.9473684210526316,0.9484513062617628,0.8694681115063281,0.7125506072874493,1.0,1.0,1.0,0.9381942381942384
align-dinov2+500m-things+hyp-abl10-shuffled-218,0.7152149248343261,0.2527401676337846,0.8294117647058823,0.8357142857142857,0.3390022675736961,0.6739923570553031,0.6064030131826743,0.361410282462914,0.6428571428571428,0.4140625,0.5029220779220779,0.4656343602909714,0.9667919799498746,0.4823475738149829,0.5072681704260652,0.4556791371755982,0.758578413486098,0.7255411255411256,0.5914285714285715,0.7261632341723875,0.8095238095238095,0.5835010060362174,0.3971509971509971,0.4984432913269088,0.2930145335208626,0.554919734643237,0.6737812272617025,0.4301075268817204,0.3607843137254902,0.2999518999518999,0.6453333333333334,0.3035354987065248,0.6227960680293337,0.2925278219395866,0.7756410256410255,0.6348348348348349,0.7884373690825304,0.6819672131147541,0.605845690952074,0.6576112412177986,0.6379585326953747,0.4807692307692308,0.48,0.3287477954144621,0.5026223776223776,0.6224010731052985,0.5172222222222222,0.530755894590846,0.3542372881355932,0.5770308123249299,0.4722151088348271,0.7884373690825304,0.3484290357529794
align-dinov2+500m-things+hyp-abl10-shuffled-42,0.7016581627871231,0.3453294672806868,0.6857142857142857,0.8526315789473684,0.367891156462585,0.6761904761904762,0.6064030131826743,0.2216117216117216,0.6428571428571428,0.3781017369727047,0.513304385450504,0.5835641735918744,0.8166666666666667,0.4518974310982172,0.5211822660098523,0.4928478781124975,0.7395725519681463,0.8194217130387342,0.6395913154533843,0.642372552820314,0.8474984930681133,0.5590062111801243,0.4888595477801617,0.4394366197183099,0.2680311890838207,0.5887897506291466,0.5524449421425905,0.4139380709839114,0.3710144927536232,0.2262626262626262,0.5802298850574713,0.3657770800627943,0.6096397273612464,0.2925278219395866,0.7756410256410255,0.6352048643070315,0.7652329749103942,0.6508474576271187,0.5459051885031728,0.6718894009216589,0.6530825496342737,0.4605263157894737,0.48,0.3095209699860863,0.22266139657444,0.6470971950424005,0.3281338481338481,0.5502131649787041,0.4857142857142857,0.5128205128205128,0.508438321399438,0.8329595767925939,0.3949579831932773
align-dinov2+500m-things+hyp-abl10-shuffled-7,0.7382288344082015,0.2999518999518999,0.7887445887445887,0.8526315789473684,0.5157163491299264,0.7241473790467949,0.6064030131826743,0.2216117216117216,0.6428571428571428,0.266304347826087,0.4383538824045153,0.6268836648583485,0.9106060606060606,0.4518974310982172,0.5072681704260652,0.4792811839323467,0.713533740994881,0.6933333333333334,0.6494167550371156,0.6253443526170799,0.8595238095238096,0.5714285714285714,0.4667348155720248,0.5679144385026738,0.3595679012345679,0.4903225806451612,0.6075715604801478,0.4220405240070424,0.463248972528661,0.2837465564738292,0.7083588137778598,0.3827066058807331,0.6207467231563617,0.322875816993464,0.7756410256410255,0.6276813898297273,0.7200460829493088,0.6967741935483871,0.4924822695035461,0.6718894009216589,0.6530825496342737,0.4707792207792208,0.5435737491877842,0.4668318404167461,0.3701381632416116,0.634920634920635,0.7191025641025641,0.4744252511242803,0.5203296703296704,0.5972675972675973,0.7430596285434995,0.7038123167155425,0.5299431247909
align-dinov2+500m-things+hyp-abl10cat-218,0.8490405841399219,0.8869047619047619,1.0,0.8387096774193549,0.1468232128661407,0.9658630842841368,0.2029773462783171,0.7607585962424672,0.9280270541818806,0.6926653700847248,0.5593459505068452,0.7396067022418594,0.9201147650661314,0.8577200577200578,1.0,0.9221674876847292,0.9066321137884228,0.965526357772865,1.0,0.6860330252867703,1.0,0.2850407489728565,0.8139108314366046,0.9096996101811512,0.8620037807183365,0.8611973856209151,0.9555555555555556,0.7502503494181719,1.0,0.84375,0.9629193533314644,0.6949535452117207,0.9887640449438202,0.9066143619919363,0.711461565170641,0.3598316729171191,0.9214949137549756,0.6205406911928651,1.0,0.5717637482343365,0.809688581314879,0.7561374795417348,0.2573550522954325,0.3712125562254761,0.7658886727794758,0.8473372781065089,0.9387480798771122,0.9085029153956056,0.8983050847457628,0.9892473118279568,1.0,1.0,0.7907974398892925
align-dinov2+500m-things+hyp-abl10cat-218-random,0.7038669835144779,0.8615332657885849,0.9622641509433962,1.0,0.1731159377963947,0.8486002239641658,0.2029773462783171,0.3678730158730158,0.8362301101591186,0.7837837837837838,0.0408723710733662,0.2933422386192566,0.9626639264043844,0.8318509773055228,1.0,0.9014202172096908,0.8234274274274275,0.6519614686583833,0.9523809523809524,0.1427843803056027,1.0,0.280754102807541,0.7839194988408228,0.436691117235531,0.7891022021456805,0.8367421841113076,0.9438202247191012,0.0114622802549909,0.9648869648869648,0.7624434389140272,0.8284611335321986,0.65823016202742,0.8607594936708861,0.8916915588007522,0.2892892892892893,0.1860807564132372,0.868131868131868,0.2646520146520146,0.9714285714285714,0.3601190476190476,0.609825119236884,0.7651430694908956,0.1720005484711367,0.1559940002307603,0.3728105382319646,0.8461538461538461,0.8852012831016622,0.8765749898387751,0.8522033898305085,0.9782608695652174,0.9787234042553192,1.0,0.8424156439435277
align-dinov2+500m-things+hyp-abl10cat-42,0.8739124788988444,0.8996563573883162,1.0,0.9714285714285714,0.2352226102138803,0.9298245614035088,0.4343381761393214,0.8307341102967679,0.9547112130145212,0.8500121743364988,0.7382683440450708,0.7353104272431448,0.9201147650661314,0.8799363901404718,1.0,0.9328449328449328,0.8820336620130893,0.9195615014700184,1.0,0.7562687205819426,1.0,0.3271866932609776,0.8754804411077983,0.8203610502039286,0.8359683794466403,0.9007909916755896,0.9892473118279568,0.5283411755048867,0.9484848484848484,0.91901776384535,0.9381989222191072,0.7961369286670491,1.0,0.8992094861660079,0.8097185845639454,0.3352618740134883,0.9072948328267476,0.4241618254357107,0.981132075471698,0.7365079365079366,0.8927028632910985,0.7692307692307693,0.4034871794871795,0.6489123731054913,0.6422802541752297,0.9151873767258384,0.9686534663493188,0.8769608938547485,0.9700308166409862,1.0,1.0,1.0,0.8154095057846699
align-dinov2+500m-things+hyp-abl10cat-42-random,0.703163062518491,0.8869047619047619,0.97196261682243,0.9615384615384616,0.4472079136082649,0.8789591957421644,0.2222021207095834,0.556513183785911,0.7972750763448438,0.7433098122753294,0.0601335838658353,0.3747417210274977,0.9515262515262516,0.7759425040978438,0.9827586206896552,0.8499987150823632,0.8511088531488714,0.5103448275862069,0.9814814814814816,0.1563704446167521,1.0,0.3420224682181386,0.8971704321123054,0.4490296220633299,0.7041032922430422,0.7714390577558307,0.9892473118279568,0.0358410689480299,0.8706577974870658,0.7049742710120068,0.8495080959212954,0.6687225090839548,0.9772727272727272,0.9139087172831496,0.2892892892892893,0.2421784197917408,0.81013431013431,0.2830756397652456,0.981132075471698,0.4508968899212802,0.6192226890756302,0.7426674045379081,0.21919782621537,0.2011494252873563,0.3683819482663731,0.8231203824424164,0.8797529169526423,0.8251549544251692,0.8213820078226859,0.9782608695652174,0.9213483146067416,0.9885057471264368,0.8352941176470589
align-dinov2+500m-things+hyp-abl10cat-7,0.9417618891412316,0.8869047619047619,1.0,1.0,0.1468232128661407,0.9317261685682738,0.4131865198531865,0.8090743923026261,0.9409842882176483,0.8347812097812098,0.4540073126328576,0.6119027520866919,0.91005291005291,0.908683321162305,1.0,0.9555822328931572,0.9249763224980078,0.9187861551885728,1.0,0.7351066345108054,1.0,0.4042956091911946,0.8024116930846852,0.8652707876529465,0.8564430058612544,0.8028959276018099,0.9782608695652174,0.6576418402361789,0.9601803155522164,0.85423197492163,0.9247540479606478,0.7374587679544833,1.0,0.9066143619919363,0.8552390441791364,0.5120422372268147,0.9827394827394828,0.576742506319971,0.981132075471698,0.7616024187452759,0.646984631690514,0.7756410256410257,0.21919782621537,0.6489123731054913,0.6523378582202112,0.9525083612040134,0.9225880353249823,0.8829519450800914,0.9158489443948856,1.0,0.9894736842105264,1.0,0.7725744843391902
align-dinov2+500m-things+hyp-abl10cat-7-random,0.8113007301749025,0.836024844720497,0.9908256880733946,0.92,0.2352226102138803,0.9493849566444847,0.2842666666666666,0.4642668066091975,0.8174814601483187,0.6863890917944973,0.0643254409661528,0.2928497911242961,0.9201147650661314,0.8469743022934513,1.0,0.8181491464510333,0.8998928904368211,0.3895005622188905,1.0,0.1427843803056027,0.9607843137254902,0.3259661450015969,0.9075134654155772,0.4565932369484381,0.7156286721504113,0.9020453104667844,0.967032967032967,0.0114622802549909,0.941445955619184,0.75,0.8048780487804879,0.6153762091799958,0.9534883720930232,0.9066143619919363,0.2892892892892893,0.1860807564132372,0.9285714285714286,0.2646520146520146,0.981132075471698,0.3601190476190476,0.6407177115125781,0.7692307692307693,0.1720005484711367,0.1559940002307603,0.4120098795924668,0.7710875331564987,0.89559486645855,0.84423859143445,0.8515761127831458,0.9555555555555556,0.896551724137931,0.9885057471264368,0.8290501446480231
align-dinov2+500m-things+hyp-abl10cat-local-shuffled-218,0.9873354077796608,0.8612061206120611,1.0,0.9292929292929292,0.1755362256199686,0.9836001833002376,0.606567679926093,0.8064565956132221,0.9251808341195686,0.8926875593542262,0.7830132819905119,0.5080073209791809,0.8996563573883162,0.8729082593489372,1.0,0.9171708441371365,0.9072704488589612,0.8443245140625685,1.0,0.6722815485833306,0.9915966386554622,0.4053542319749216,0.9147775628626692,0.882965478211658,0.7919389978213507,0.9550045913682278,1.0,0.6753890935757201,0.982416760194538,0.84375,0.8061538461538461,0.7562681050844072,1.0,0.8840954846131722,0.8899082568807339,0.3638743182505501,0.8091743119266056,0.8453447335052781,1.0,0.5551556664925215,0.837589229240083,0.8952764637982935,0.2395132169305795,0.6557964468533575,0.5604699437253703,0.8985102214335884,0.8041202475685234,0.925925925925926,0.9009230769230768,1.0,1.0,1.0,0.7883556254917389
align-dinov2+500m-things+hyp-abl10cat-local-shuffled-42,0.9810551237285884,0.8187441424554828,1.0,0.8958333333333334,0.2007870051810519,0.914768914142544,0.2273383182474091,0.8677445629719404,0.9031986531986532,0.8701773620675872,0.6220967215410401,0.4165711478631079,0.9529381509579528,0.914795918367347,1.0,0.948013524936602,0.9546290458175704,0.7398688804974008,1.0,0.3253968253968253,0.9830508474576272,0.3222818791946309,0.9147775628626692,0.8823261636508478,0.7919389978213507,0.9273675589465062,1.0,0.2131388057256058,0.9511610954909924,0.8866248693834902,0.9488843813387424,0.5777628178831515,1.0,0.8840954846131722,0.6010424756163374,0.4893980984206547,0.8849673202614379,0.6160263958240194,1.0,0.6919051206831139,0.8421652421652421,0.8321701561980724,0.2514131967724782,0.2541214902577416,0.7047331362172627,0.9463375233479732,0.902136016593848,0.8728728728728729,0.88505315822389,1.0,0.9896907216494844,1.0,0.7833608411272083
align-dinov2+500m-things+hyp-abl10cat-local-shuffled-7,0.9936495544768912,0.8404040404040404,1.0,0.9904761904761904,0.3016512408963731,0.9535528211949894,0.5127545241643603,0.8474176938679981,0.9560698005284398,0.939646832031693,0.857633642302459,0.521166439672382,0.912536443148688,0.9431972789115646,1.0,0.9171708441371365,0.8848321455363841,0.9332771055944532,1.0,0.5437370600414079,0.9915966386554622,0.3651572327044025,0.9680959531804016,0.8936170212765957,0.7791465193030931,0.8297258297258298,1.0,0.2398158256160379,0.9367283950617284,0.8832049871653833,0.8650462170489558,0.5777628178831515,1.0,0.85659429921725,0.9355828388699424,0.414527270720331,0.937466307277628,0.7723848951092281,1.0,0.7988670537044895,0.7194723050510526,0.8204069752057368,0.2274204837079088,0.6208302451489033,0.72504699821773,0.956504380614395,0.8846153846153846,0.9403737407781896,0.8930521091811415,1.0,1.0,1.0,0.7775133848899465
align-dinov2+500m-things+hyp-abl10cat-shuffled-218,0.690223358908781,0.7955974842767296,0.9591836734693876,1.0,0.2190842961061189,0.8166666666666667,0.1666666666666666,0.2425135456587815,0.7076127651987877,0.6254856254856255,0.0772466916847718,0.1711176736637667,0.8874625588361148,0.6878271585397565,1.0,0.8451413085559428,0.7282147784281222,0.3466441694788151,0.9393939393939394,0.1072179574877758,0.9914529914529916,0.3113513513513514,0.5413132647385985,0.3019037356321839,0.5595075239398085,0.6292906178489702,0.9770992366412212,0.0395832020482323,0.8739635157545605,0.5236624307592049,0.78125,0.512037037037037,0.9491525423728814,0.859882005899705,0.2401338725421838,0.1784818481848185,0.8504398826979471,0.2593879239040529,0.935064935064935,0.3927572706935123,0.5117845117845118,0.6940350877192983,0.1481930888947507,0.1319278547539417,0.2254689754689754,0.824133105271342,0.7324192835028748,0.4268909138099488,0.8053221288515406,0.9243697478991596,0.8932038834951457,0.9541284403669724,0.5319528408959303
align-dinov2+500m-things+hyp-abl10cat-shuffled-42,0.6148681324072581,0.7333333333333333,0.9591836734693876,0.9894736842105264,0.2190842961061189,0.7784862196626903,0.1666666666666666,0.3610155428950716,0.7076127651987877,0.642718916303822,0.0812382222282693,0.1711176736637667,0.8561601000625391,0.6629806271894653,0.9824561403508772,0.8663324979114452,0.7353005464480875,0.397594684385382,0.88,0.1072179574877758,0.9827586206896552,0.3069387755102041,0.4978494623655913,0.3267803190045118,0.5319767441860465,0.6814313197383609,0.953125,0.0254179241603865,0.8814814814814815,0.5623792518002458,0.8195400500625782,0.4997776130467012,0.9217391304347826,0.8684210526315789,0.2442705809042442,0.1784818481848185,0.8581818181818182,0.2593879239040529,0.9066666666666666,0.3927572706935123,0.5508417508417508,0.7120743034055728,0.1481930888947507,0.2184483363174885,0.2254689754689754,0.8416552145365704,0.6915078690779625,0.4868989611106003,0.7653061224489796,0.905982905982906,0.8367346938775512,0.9821428571428572,0.4326089174574023
align-dinov2+500m-things+hyp-abl10cat-shuffled-7,0.6365899939834313,0.8333333333333334,0.9591836734693876,1.0,0.2190842961061189,0.8806783144912641,0.1666666666666666,0.2133667502088554,0.7076127651987877,0.6254856254856255,0.0584046911544748,0.1818483464557793,0.831193838254172,0.7163043674671581,0.991304347826087,0.9057239057239058,0.7845931406944355,0.3412698412698412,0.8235294117647058,0.1072179574877758,0.9827586206896552,0.3113513513513514,0.5248335893497184,0.3019037356321839,0.5870383036935705,0.691075514874142,0.9448818897637796,0.0158518410438661,0.9243781094527362,0.6121351766513057,0.7858072916666666,0.5407407407407407,0.8928571428571429,0.859882005899705,0.2812519961673587,0.1784818481848185,0.8581818181818182,0.2593879239040529,0.9487179487179488,0.3927572706935123,0.5286661002548854,0.6557017543859649,0.1481930888947507,0.2066539573211979,0.2222222222222222,0.824133105271342,0.7296654510860948,0.5442190200922381,0.7857142857142857,0.9152542372881356,0.9345794392523364,0.9821428571428572,0.4720358427608769
align-dinov2+500m-things+hyp-abl20cat-218,0.95340681653372,0.8649475041444096,0.9925925925925926,1.0,0.229648782589959,0.9868421052631576,0.853423882286361,0.9483713093709883,0.7119273381683972,0.4847833266578129,0.8850882411263137,0.92363319505783,1.0,0.8716286628408917,0.6040781648258283,0.5304922739182484,0.8638865027538805,0.8811230585424134,0.987012987012987,0.9758454106280192,0.8801931890986151,0.791154940169696,0.1910707159021337,0.9615176779373166,0.8895517868301012,0.3030897305956428,0.9872538967427892,0.952,0.9883720930232558,0.7782003120846096,0.2257023210709152,0.3180136721980263,0.9024928273696748,0.3835895591716863,0.9435048155978388,0.3896072796934865,0.9412126808248692,0.9863013698630138,0.9623290817227854,0.7395525997128302,0.7792742237186682,0.5030761209593327,0.3522584138077594,0.4752534287418007,0.5415599565561351,0.8834017595307918,0.2226203119370569,0.5918237173345846,0.4419994514013711,1.0,0.7326152728098387,0.8006437672636549,0.8224610974610974
align-dinov2+500m-things+hyp-abl20cat-218-random,0.6095736228442744,0.6944285714285714,0.9774436090225564,0.9552238805970148,0.4076605000974749,0.9801324503311258,0.904648956356736,0.8947368421052632,0.6741805727030149,0.3024747610113463,0.5245288248337029,0.8630561995294443,0.9948186528497408,0.8182375478927203,0.5200166805671393,0.3172169268315144,0.7607375404997085,0.8433403525905128,0.945945945945946,0.945273631840796,0.8757801664355062,0.6259107468123862,0.0964952910297977,0.8566504460665044,0.9159663865546218,0.218001713968846,0.3511748648503988,0.8885187853834278,0.9824561403508772,0.5960153054492677,0.070926177079248,0.2936858860983374,0.2276070214389787,0.3986922202509322,0.9524901295972676,0.3206408378822172,0.8545980335454019,0.9793103448275862,0.8917561873108196,0.4960232586131867,0.5729085729085729,0.5309119422811219,0.2631905408024811,0.2646520146520146,0.3065914130215682,0.7060833157849099,0.1011948561617435,0.1558442663935653,0.2335802305111768,0.9479234380642833,0.0807733971018047,0.3846177177773366,0.798191573926868
align-dinov2+500m-things+hyp-abl20cat-42,0.9701060344827585,0.8129954751131222,0.9850746268656716,0.9629629629629628,0.229648782589959,0.9733333333333334,0.9058651026392962,0.9131670996379404,0.7015451341827054,0.4738298738298738,0.8817439468852398,0.9504759238521836,1.0,0.817577573510741,0.9393939393939394,0.5833687839595156,0.8444111924292587,0.8233748778103616,1.0,0.9952606635071092,0.849895796268998,0.7423996110545588,0.2450815620365793,0.9402356902356904,0.9085158609249652,0.3421455744265605,0.9488281087381872,0.8702933333333333,0.9642857142857142,0.7151353940448012,0.2048492048492048,0.5042402561665082,0.7877352394581221,0.3953728351243879,0.934654537578514,0.4878987838993491,0.936842105263158,0.9863013698630138,0.9372151362046426,0.6882440159323857,0.6730976430976431,0.6669034589078405,0.4297156084656084,0.7707773707773707,0.440124873868902,0.8784473733133726,0.1673637308632696,0.6676111031350017,0.5720861758916398,1.0,0.7135369690036738,0.9721898471898472,0.8295733750279205
align-dinov2+500m-things+hyp-abl20cat-42-random,0.7810842830333086,0.7339890710382514,0.9457364341085271,0.9928057553956836,0.2976765159059554,0.9523809523809524,0.8794341442503484,0.9112842959325292,0.6741805727030149,0.3024747610113463,0.7191417597629214,0.8667648141332353,1.0,0.8432597623089984,0.5200166805671393,0.3172169268315144,0.7371336619108995,0.867441836807357,0.96,0.9346733668341708,0.8703012198157829,0.5938702779757662,0.1389856185173513,0.8872549019607843,0.8796673785025562,0.218001713968846,0.3511748648503988,0.8961082698939423,0.9454545454545454,0.5364570436287155,0.0573470490482938,0.3212971695575932,0.2276070214389787,0.3835895591716863,0.9159844054580896,0.3332501707802429,0.9032231742146064,0.9503546099290782,0.805433856638676,0.4640930113052415,0.5463051568314726,0.5662804348935736,0.2517653075273893,0.2646520146520146,0.3065914130215682,0.6625401033086005,0.1011948561617435,0.1643393771510115,0.2335802305111768,0.9479234380642833,0.251461024442811,0.372611865258924,0.6360610718152617
align-dinov2+500m-things+hyp-abl20cat-7,0.9429273497815912,0.7775444398511783,0.9538461538461538,1.0,0.2390844564757608,0.9868421052631576,0.8924731182795699,0.9649122807017544,0.6741805727030149,0.403778677462888,0.8898154466255137,0.8971125730994152,1.0,0.8401917034985888,0.6975591151792524,0.5917871680523656,0.8677384283275013,0.9449250424494234,0.9935483870967742,0.9658536585365852,0.8752724390727166,0.7547290781620579,0.2000252750336982,0.9737413194444444,0.9484288765010954,0.242722726808858,0.980896371791542,0.9110176091434647,0.976470588235294,0.7395767000790393,0.0772489600941483,0.3673015873015873,0.828465591360927,0.4689268752811978,0.9003512249876664,0.3206408378822172,0.8769675668461092,0.9863013698630138,0.958176655667255,0.5682252113244812,0.8285913320396078,0.6445428169317947,0.2517653075273893,0.3587676342180358,0.319918524696765,0.8090949657214717,0.1923938092812265,0.4241308914869792,0.4952017679290406,1.0,0.7936223530885854,0.9233317894463132,0.8235335860992276
align-dinov2+500m-things+hyp-abl20cat-7-random,0.8760851600620216,0.8056547266851758,0.9457364341085271,0.9855072463768116,0.229648782589959,0.9801324503311258,0.8413819431189159,0.7978490530122775,0.6741805727030149,0.3024747610113463,0.6163040102311136,0.8490001226843332,1.0,0.7657217358912275,0.5236612702366127,0.3172169268315144,0.775412729543903,0.7641372612909615,0.9387755102040816,0.9015544041450776,0.79493643726868,0.6633196721311476,0.0964952910297977,0.8496732026143791,0.8689291101055807,0.218001713968846,0.369330229786022,0.895244435638333,0.9883720930232558,0.437479306919766,0.0918799139572311,0.2961592670894996,0.2276070214389787,0.3835895591716863,0.9515421344689636,0.3206408378822172,0.83215994531784,0.9503546099290782,0.8887278437056497,0.4640930113052415,0.566262777815666,0.4446233258294108,0.2517653075273893,0.2646520146520146,0.3142638953069047,0.7347141099604639,0.1011948561617435,0.1120400226521508,0.2666531655034895,0.9399282836124356,0.1221943033594223,0.4029873381421922,0.6637115927154451
align-dinov2+500m-things+hyp-abl20cat-local-shuffled-218,0.943978287827372,0.7168680616956479,0.9875,0.9941520467836256,0.3804417230254551,0.9896907216494844,0.8143939393939393,0.9298179298179298,0.6196322489391797,0.256333765672287,0.8370822243162669,0.8921135909393737,0.9930069930069928,0.783824640967498,0.7794687327061428,0.4873944353925946,0.8547192353643966,0.9823069403714564,1.0,0.9937106918238994,0.885022945348352,0.698006384567554,0.132667651058037,0.9182680882749008,0.9003325942350333,0.3591734241644249,0.9597242880464356,0.9216588050314464,0.968152866242038,0.7992196341272896,0.6456024306955984,0.4223195333320972,0.9530635975521776,0.4745238095238095,0.9375020383559548,0.7609285792542637,0.8762115077904551,0.9873417721518988,0.9373237909347212,0.5151091831482979,0.5897920604914935,0.6737588652482269,0.3144825687104391,0.8251960805152295,0.5198886507920614,0.90901279900137,0.5574349959389846,0.6157645877405098,0.40625,0.9870944741532978,0.6505276874702578,0.8878588647819416,0.8050505962937913
align-dinov2+500m-things+hyp-abl20cat-local-shuffled-42,0.9713286713286714,0.6980443805874841,0.8904109589041096,1.0,0.2548456010875898,0.9896907216494844,0.8143939393939393,0.9184805060857884,0.6575638959244761,0.256333765672287,0.8381687272742953,0.9381863750284803,0.9859154929577464,0.8392178489135128,0.8729114667449714,0.3000202408663091,0.8483898468223194,0.9646138807429132,1.0,0.967741935483871,0.8455004883849322,0.5814009661835748,0.107718006519518,0.8563418571064481,0.8475131251726996,0.3665534630029844,0.993289195317222,0.960886047168036,0.9746835443037972,0.6499745028046915,0.33138610241314,0.3086683470756611,0.7340777111061836,0.433313321881235,0.9646017699115044,0.4464887640449438,0.8868312757201647,0.9743589743589742,0.9514404190309907,0.4885088004280772,0.6333867871259176,0.5609457544130911,0.2469182075628852,0.8749516084693446,0.5389548608839918,0.8228637796582047,0.152075205640423,0.1804407187255041,0.5025975542129995,0.9473758365621696,0.8121229531743752,0.9679177531279852,0.8793428480939478
align-dinov2+500m-things+hyp-abl20cat-local-shuffled-7,0.9668073214517052,0.7161575337939169,0.9746835443037972,0.9941520467836256,0.2548456010875898,0.9791666666666666,0.8645833333333334,0.9731105711148476,0.6098552051736965,0.4569653975095785,0.8865248226950354,0.936842105263158,0.9930069930069928,0.826112480920512,0.5802860173638752,0.455053487376979,0.8761706555671175,0.9912312312312314,1.0,0.9808917197452228,0.9041857877902932,0.5814009661835748,0.3135623937372718,0.9002137103402926,0.907215007215007,0.2621255883611467,1.0,0.905990566037736,0.9875,0.7693521751348272,0.6184992548435172,0.4428475504083185,0.9858769715319072,0.6143655913978495,0.9639513365946608,0.6522594959718157,0.923088023088023,1.0,0.9887711492301388,0.5811984851860102,0.8367144623276987,0.7182614133833646,0.4049713447954151,0.8858699089854869,0.8480510410342023,0.9586421813642592,0.8429166666666666,0.5859469340062776,0.5295389258044859,0.9473758365621696,0.8095635692294237,0.9808149514718858,0.8855889333596341
align-dinov2+500m-things+hyp-abl20cat-shuffled-218,0.4151359903097423,0.4353672643146327,0.935897435897436,0.9883720930232558,0.3362415647767201,0.9830508474576272,0.8357180710121886,0.6497546897546898,0.696594427244582,0.2023551895674657,0.5706146016310968,0.7950631220187994,0.9935483870967742,0.5620588713611969,0.4826674500587544,0.2762314681970349,0.6526491532645972,0.583188741083478,0.8720930232558138,0.912751677852349,0.8928571428571429,0.5493200663349916,0.0914686599574059,0.8404938271604938,0.7040126540126539,0.1802409037009299,0.4457297088876036,0.4345219665830353,0.9777777777777776,0.3304721030042918,0.104075796769406,0.3025988506732995,0.2903569841504962,0.2927200731038684,0.6465818363273453,0.2747188247644591,0.8427379885572482,0.9555555555555556,0.851321138211382,0.3686224489795918,0.4991452991452991,0.4908566538839413,0.2404907097766412,0.2254689754689754,0.3364072148196295,0.6186216883891303,0.1155395447846733,0.0571316290912213,0.2528373899360541,0.8315003927729772,0.077478202548625,0.3684525233197799,0.3996148778757474
align-dinov2+500m-things+hyp-abl20cat-shuffled-42,0.5957866596741728,0.4378192838147072,0.9220779220779222,0.9580838323353296,0.3162943871706759,0.9830508474576272,0.8141711229946524,0.6862667371388301,0.7140527004985181,0.2023551895674657,0.4977597918774388,0.7812985033647676,0.9668874172185432,0.7184664173036267,0.4722935225728522,0.2737094837935174,0.6854281722529331,0.6230923827823052,0.9162011173184358,0.9615384615384616,0.9240290226205718,0.5493200663349916,0.0914686599574059,0.916166960611405,0.6848947142243232,0.1802409037009299,0.4980839749459412,0.5020405876783208,0.96045197740113,0.3246753246753247,0.0697179468506153,0.3025988506732995,0.2903569841504962,0.2927200731038684,0.6808035714285715,0.262213313443968,0.7855518025780657,0.9555555555555556,0.8157547791694133,0.3858816729718368,0.57374748738954,0.4908566538839413,0.2384063173007897,0.4011180387592539,0.3837463090097882,0.60993242181361,0.1155395447846733,0.1114666666666666,0.2924702830288983,0.904702012383901,0.2018671741961334,0.3864967369392147,0.487049987049987
align-dinov2+500m-things+hyp-abl20cat-shuffled-7,0.54361669222254,0.3947368421052632,0.9220779220779222,0.9454545454545454,0.3162943871706759,0.9655172413793104,0.7831996434937611,0.7163603910591864,0.696594427244582,0.2023551895674657,0.4845919973110476,0.748970755063672,0.9668874172185432,0.5948604428270483,0.4765765765765766,0.288999810450496,0.7210722819163001,0.6121794871794872,0.8720930232558138,0.9411764705882352,0.8851802403204273,0.5493200663349916,0.0914686599574059,0.8518518518518519,0.6777448379882458,0.1802409037009299,0.4898508443393127,0.5361457625229844,0.9777777777777776,0.3275862068965517,0.0939952168573459,0.3025988506732995,0.2903569841504962,0.2927200731038684,0.6517857142857143,0.262213313443968,0.853645219690221,0.9497206703910616,0.8018710324089542,0.3686224489795918,0.5446775446775447,0.4908566538839413,0.2404907097766412,0.2698309223732952,0.3364072148196295,0.6336859017271389,0.1155395447846733,0.0523815306864017,0.2503063063063063,0.8149920255183413,0.0998143303499215,0.3715323252768187,0.4902882595951903
align-dinov2+500m-things+hyp-abl30-218,0.9890472438442875,0.8619612271786186,1.0,0.9654891580983403,0.9230769230769232,0.9119935785403042,0.925178895288395,0.871218487394958,0.8085192697768764,0.723367435231842,0.9429171133976626,0.9568345323741008,0.9808641596001804,0.9259159030879368,0.6874832691861538,0.8375775570020174,0.9014053978645324,0.9803921568627452,0.9644312065361634,0.9839378192157876,0.9448259824819782,0.7502513516657788,0.7985682840710308,0.9405940594059404,0.9421117151029608,0.8190316606402681,0.9912489986793392,0.9568792969796004,0.9343478562990758,0.7942588376484707,0.9886782669383528,0.7753552180303773,0.9521903622293546,0.7357095380525092,0.931695112987302,0.8829493747984666,0.9275875118259224,0.8109821620459917,0.9544083391704092,0.7568438003220611,0.7200000000000001,0.8714514835605452,0.7503036522030491,0.93658699078663,0.7505383954776668,0.9155167232970436,0.7909587680079484,0.9057510011356164,0.8244604316546762,0.9915966386554622,0.9428561183940783,0.9080892739429326,0.8938927620737738
align-dinov2+500m-things+hyp-abl30-218-random,0.929926435850712,0.7673366401028077,0.878623339469785,0.9217638691322904,0.8826498704547484,0.8381410256410255,0.7872932533093386,0.7974025974025974,0.7197239566217549,0.6900453568870852,0.8087614140245719,0.9204011850242692,1.0,0.8722028724611591,0.8077714635091684,0.7629049793433355,0.8963761963713344,0.9310499850519136,0.8722890534697546,0.8792924037460979,0.9124076100520262,0.8083455111680322,0.8038515260483223,0.8174389798823429,0.8535107850533965,0.7820125236781127,0.8739612188365653,0.8843675767417924,0.824878764186762,0.6504746742550083,0.9511696598332212,0.7539604768904132,0.8817769404298569,0.587918514671956,0.8442906574394464,0.8401517067003793,0.7187797619047619,0.7921127973763454,0.9365145308468624,0.6444423156751924,0.7471509971509972,0.7142172229393325,0.5839088549685478,0.649616808748816,0.5259200042459182,0.7638812366085094,0.7329737657606511,0.9015125834446668,0.675317458112201,0.8082637984771374,0.8803368175057931,0.7505405405405405,0.8012422360248447
align-dinov2+500m-things+hyp-abl30-42,0.9868981032886934,0.876960530948261,1.0,0.9875270927902506,0.942132867132867,0.9320571361667253,0.9028971085546008,0.8631361246177202,0.9152026060899948,0.7890276538804639,0.9425837320574164,0.9495925710345028,0.9808641596001804,0.9065314576150352,0.8005071851225698,0.8667575044386638,0.927069168144324,1.0,0.9573520544405204,0.9519842954159592,0.9416013128997888,0.7936858992021651,0.7980930718554482,0.9601702568905538,0.9347627901886292,0.7756661651727206,0.9912489986793392,0.926352176757256,0.9594289390088044,0.7979940851227979,0.9923551335575213,0.8241647241647242,0.9521903622293546,0.7202528267648697,0.912179430983674,0.874707557725562,0.9899396739828006,0.8760203300668193,0.9727919417915124,0.6125580125580126,0.7520998223227265,0.9093764313289276,0.7242264422417043,0.9429580327898808,0.7859504132231405,0.9385913185913184,0.8361830614147081,0.9294302849858406,0.8801247771836008,0.9915966386554622,0.9258542965541277,0.926471419154346,0.9192733515999596
align-dinov2+500m-things+hyp-abl30-42-random,0.9343306527872012,0.7568370467453036,0.9104171841420348,0.9217638691322904,0.8932696906154582,0.7976762820512822,0.8422714502374383,0.7898101382488479,0.7509230965113317,0.7112097657045093,0.865244019138756,0.9204011850242692,0.9701257883414804,0.857447335119982,0.7164404223227753,0.6794619082200781,0.8965006985849261,0.9303377224647896,0.8634497843143037,0.8852490900502904,0.8873812129240338,0.6737224560009566,0.7667077333744,0.7801825192303967,0.8086082857851649,0.6963424718975136,0.8900134952766532,0.8848032815882347,0.8378007800391807,0.7373923106596373,0.9259793552187652,0.7408373904576435,0.7601865778844366,0.6765898286423416,0.8295625942684766,0.8981958252943498,0.7532246633593195,0.8083950555578117,0.7735573411249087,0.6891290527654163,0.8087719298245615,0.7961239154850739,0.6246266630464294,0.6529624508031061,0.6120760959470637,0.7696039340776183,0.6787665058200323,0.8739180025919207,0.7784271917722313,0.8375803395791973,0.8735632183908046,0.7128596338273757,0.8319733973574881
align-dinov2+500m-things+hyp-abl30-7,0.993341335496838,0.8236210847975555,1.0,1.0,0.97124285251915,0.9009372979961217,0.9341704561674424,0.8181273441487829,0.7395224295422577,0.7999573754244479,0.9191584586208486,0.9494805931059812,0.9808641596001804,0.9309840129440232,0.6205128205128204,0.8257835300088822,0.9284697794978064,1.0,0.9574081237911024,0.9679895302773064,0.9416013128997888,0.8551580964548068,0.9196923393708676,0.8971294188242354,0.9568345323741008,0.8439129713470976,0.982536590411502,0.907494061393434,0.959263887389032,0.8102031611252875,0.9923551335575213,0.8181447003103054,0.9323223492961864,0.799873319647331,0.9113212087874308,0.9081315314079256,0.9374342105263156,0.9118609800712428,0.9268355463477416,0.8413035447329626,0.8269470891212736,0.8378371677027434,0.7956065609100915,0.93658699078663,0.7595373376623377,0.9057604365480932,0.7432279939429851,0.945378183287218,0.8244604316546762,0.9747899159663864,0.9428561183940783,0.9080892739429326,0.888042997519374
align-dinov2+500m-things+hyp-abl30-7-random,0.9498512265196852,0.787413279720972,0.9264074202021916,0.9151450053705692,0.8927321594068582,0.8613122171945702,0.812641662169455,0.6771880925727078,0.7197239566217549,0.678194263363755,0.7657376887786245,0.8780804943571867,0.9314947704141456,0.8328496051268328,0.6147002350973024,0.6954423487474783,0.8737580189681776,0.9310499850519136,0.9215974290104608,0.9264607327672568,0.8551778060928992,0.6633822565930062,0.8495373934654294,0.7959612128096774,0.7734679939275337,0.6957211505299703,0.8842695473711039,0.9103760618088368,0.7020507935366753,0.7261481296871106,0.9143618344337706,0.7055626314386423,0.801184990760353,0.6961904450882603,0.8969992855441772,0.8912619915222726,0.8190000000000001,0.8109821620459917,0.8429424378791468,0.6891290527654163,0.6948979591836735,0.8268113134444014,0.6246266630464294,0.8060312732688011,0.5472255017709563,0.6578264713128414,0.7310857835083788,0.8929829655439412,0.7818026170967348,0.8983696042519572,0.8853089522516193,0.8480642804967129,0.8447564453845374
align-dinov2+500m-things+hyp-abl30-local-shuffled-218,0.9739400428984302,0.7806402699629098,0.9620084710542838,0.9864590705355036,0.8469270475581641,0.9822733918128652,0.9479995810640972,0.8781682174785623,0.803472536862838,0.6786516853932584,0.8350228635122918,0.8929662454536307,0.9618671926364234,0.9431055534503812,0.5409938503837585,0.8606158792791136,0.9319274352319727,0.9803652334720296,0.9150430689951746,0.95408585347918,0.8863079248474787,0.7525371221023395,0.8722315235589572,0.8713450292397662,0.9528086594634728,0.8285936422071594,0.9914373483350832,0.9373574778154534,0.962044196996254,0.8337837837837838,0.965204119509108,0.8598379629629629,1.0,0.8433660933660934,0.981132075471698,0.8926421994433923,0.9082223737573124,0.9029126213592232,0.8805114638447973,0.8698559226986455,0.8520026200903315,0.785829967703438,0.7531851851851852,0.8993400377121308,0.8757771167611149,0.9139774425689696,0.8699137931034482,0.916181442524418,0.8272571788639841,0.9357275541795664,0.8756474354030919,0.9165571935970418,0.8368404748052498
align-dinov2+500m-things+hyp-abl30-local-shuffled-42,0.9888360162332764,0.7973258437755053,0.992429950036441,0.9864590705355036,0.9058469618401808,0.9821428571428572,0.8851705060397419,0.9214566340848296,0.7865432812801235,0.725052240538658,0.8700949783792509,0.9311276246785593,0.9747789566755084,0.9435403726708076,0.4819023569023569,0.8199759862163954,0.933729316978048,0.9902386774259556,1.0,0.9847764250768004,0.943917943917944,0.7329894530102403,0.771886980930962,0.9183125599232982,0.9370627179065304,0.8843141859881277,1.0,0.9218818129661503,0.9136078023543394,0.8407668231611893,0.9769695295590718,0.8255563701217133,0.9827586206896552,0.8621087219692166,0.903211175616836,0.871138662448524,0.856238198983297,0.9120825835371702,0.8396708213486737,0.8964432284541723,0.9007397133610726,0.8334792131204676,0.7491228070175439,0.9119225329981144,0.9620355979382348,0.911504424778761,0.913113154960981,0.9241716680853816,0.8924967895798935,0.9517956656346748,0.8815382537412162,0.9510509160391144,0.8845893935770947
align-dinov2+500m-things+hyp-abl30-local-shuffled-7,0.9698169023761204,0.7589211809068334,0.9848202434409332,0.9753086419753086,0.9815840123179572,0.9733153824910245,0.8916797488226059,0.950017901897601,0.7501783930355359,0.7427908056651962,0.8945188365277378,0.9156331633217508,0.9743589743589745,0.926727674865825,0.4275433758638262,0.7820761938408997,0.9316301217441902,0.9712886991169384,0.9616974852718004,0.9771055203992386,0.8647325415991266,0.7623130106851036,0.7828579713348984,0.937319947621126,0.9369213031279636,0.900897185973848,1.0,0.9450487804878048,0.9037300651392632,0.8909378292939937,0.9730679543597592,0.7761144377910846,0.9914153352771466,0.8496679171252929,0.9349937608557974,0.873122599342191,0.9069025585993488,0.8847988904299583,0.9639992360580596,0.7710872162485066,0.8046130321843739,0.779542460425336,0.7002962962962963,0.956190127077224,0.8922865013774105,0.8864851962197094,0.8946777092963533,0.9117650685750428,0.8934285456024588,0.9355693581780538,0.9111598912836774,0.9590738319848308,0.8081632653061225
align-dinov2+500m-things+hyp-abl30-shuffled-218,0.7142959919725856,0.4266013071895425,0.5297829302901307,0.92,0.5197588285960378,0.6927482791298801,0.6951660404584397,0.3154592631032693,0.6394581654697261,0.3859465388611603,0.5165045626321161,0.6193857424626654,0.7824397824397824,0.4171395315000727,0.5254901960784314,0.570291777188329,0.719805966534064,0.5104212612996284,0.5950525276106671,0.4322095983112932,0.8438974738595354,0.5908750934928946,0.3690051020408162,0.5323661190526989,0.4969325438075438,0.4822577298194646,0.7528476848425034,0.4756453098558361,0.4979583958591592,0.4401932480100843,0.580343515137464,0.5349070818684079,0.6056016272883742,0.4068114357131698,0.713170731707317,0.5960727036676404,0.5857390472775088,0.5405628285743738,0.5365994953264385,0.4248165215907151,0.5068565400843882,0.5737037418822801,0.3654513888888889,0.4900335621797475,0.4621461487820934,0.6810852112033574,0.448960666293393,0.4362885438451888,0.4758474239898388,0.5089322963227845,0.5466720238375484,0.4672006102212052,0.4601101494885916
align-dinov2+500m-things+hyp-abl30-shuffled-42,0.6822889482958752,0.3672145328719723,0.5801307892143688,0.9336986301369864,0.615432098765432,0.6531028957918,0.6323822708181797,0.3897971764156011,0.6394581654697261,0.4918188819623058,0.5283415859561766,0.6255720749838397,0.7736625514403292,0.5253350911887498,0.4155844155844156,0.5431534259222238,0.7555758240516154,0.5734758013827781,0.5961086086086087,0.6041602214629295,0.839168642767471,0.5908750934928946,0.4200254941740426,0.5132848802573573,0.4511058272946859,0.3802285862871866,0.6691419141914191,0.4281547753368289,0.5578635244569005,0.4246106654082114,0.5467741547740481,0.6946803196803197,0.6356713629248094,0.4109972041006524,0.729156027192837,0.5475433015199718,0.6087542087542087,0.5547164073191748,0.607400466360799,0.3960573476702509,0.6605860777274856,0.5844626857664038,0.4610072636099395,0.4425594850721754,0.4581679894179894,0.7080916859168261,0.4878242325050836,0.5531897164738937,0.6277938040887997,0.5089322963227845,0.5580316928659333,0.5309047900650503,0.4655456069716983
align-dinov2+500m-things+hyp-abl30-shuffled-7,0.6931847202522551,0.354797258709309,0.5873605306627678,0.926896551724138,0.6315638408822188,0.6927482791298801,0.643830532934749,0.3478386444594204,0.65690038789454,0.4273306456827883,0.5192593485158854,0.6030769230769231,0.8002904865649964,0.560979965581063,0.4546469622331691,0.5734658094681473,0.7663175191954886,0.4843853820598007,0.6360457492532964,0.5579856502587186,0.8246955536675163,0.5864661654135339,0.438827164551969,0.4978868157921863,0.4750747263036589,0.4466148723640399,0.7186085972850679,0.4618620613756064,0.5578635244569005,0.4967770204479065,0.5922706752892367,0.577995867768595,0.6700952380952381,0.4109972041006524,0.6543529411764706,0.589293747188484,0.5863368259351043,0.5810321701413251,0.5372952532436635,0.4010381905821282,0.6027846027846028,0.5600193143408981,0.4275339781668896,0.5215717866093805,0.5779890903729913,0.6309321839607501,0.5679509296530574,0.5070740261916733,0.4922111136944896,0.4972879379328705,0.4935549265605875,0.536404858915045,0.4851922689011292
align-dinov2+500m-things+hyp-abl30cat-218,0.8946543121881682,0.3435636732392634,0.9664247056558312,0.7695340501792115,0.4486091536236184,0.931436861016346,0.9921869952466658,0.2730350963914977,0.8712315029962088,0.3548361237538507,0.636227587899293,0.930868700265252,0.9148617626509632,0.8886550696267296,0.5062453775988167,0.6553725639439926,0.6037467830607804,0.9443473454025184,0.9106675962574026,0.9593884376493071,0.8469881190317566,0.7614937136423343,0.6735265073809593,0.9663865546218487,0.6189184167994511,0.4300784669646037,0.9781420765027322,0.9429063309578792,0.8146078594823088,0.549050780884691,0.943722394151632,0.8057150696206873,0.9591836734693876,0.4965820089446888,0.5786897775049092,0.7405405799425598,0.9190877192982456,0.5885501325568256,0.7415001780274558,0.7771750713566328,0.5059746275727747,0.4688644688644688,0.4600943981914702,0.5022435527529138,0.6321474632374339,0.9160779754985248,0.247799696359756,0.5960020016372343,0.8688629226154582,0.9261382594715928,0.9778158359192374,0.9950248756218908,0.8770949720670391
align-dinov2+500m-things+hyp-abl30cat-218-random,0.7103383239179831,0.3245737702975147,0.4185690216310683,0.7582766439909298,0.5735137865640397,0.7917666933404464,0.8597172020277797,0.2639789053451292,0.7287680939366332,0.3465806950036399,0.0989949561761711,0.4437588223432143,0.938415159345392,0.6540509907277171,0.5062453775988167,0.3915145005370569,0.4537110834587322,0.7452326468344775,0.4108622432396716,0.8453871709685663,0.571143518928329,0.6647005706161501,0.6534504727707496,0.8279673315109176,0.3111760569570185,0.2995679567956795,0.4263433515482696,0.825508464864755,0.5031055900621119,0.3787012987012987,0.849309575868461,0.6858138171929578,0.9148936170212766,0.465602440264362,0.5263713551118383,0.7619637328615656,0.8044323432343236,0.4699691300474444,0.7060300096905117,0.611490245530747,0.4253647010478734,0.5193162393162394,0.324166264800201,0.353422347507645,0.3738544064631021,0.7507304060634289,0.15129374278965,0.1492977151347283,0.7419279320350667,0.3299469936021394,0.7922640771637122,0.9312169312169312,0.7240913951580444
align-dinov2+500m-things+hyp-abl30cat-42,0.9257089570029704,0.4579851789186496,0.9957997377299622,0.7732262382864792,0.5527563258806528,0.902200430327705,0.956568489948574,0.3758463871870936,0.928040999592169,0.6506357955896382,0.6358306092345096,0.8889998286958862,0.9249173532976216,0.7941460019679032,0.5194809340633031,0.7523524752311004,0.5948505502585563,0.9768393315304068,0.9235208647608116,0.9658899020601148,0.7421670936307012,0.6922638924093646,0.6721543126037508,0.957529514873434,0.9032258064516128,0.5389034878165313,0.983621648459276,0.8843506373385666,0.9284465493273016,0.7784571832979474,0.9371521600379868,0.8052110852110853,1.0,0.4839656713749329,0.7669774774224296,0.757886429158459,0.984,0.5110022564311008,0.7834672805652716,0.7192269480271352,0.6284825899736751,0.4688644688644688,0.6498902494232909,0.884711803318614,0.6212715855572998,0.9438759593186498,0.633132444095134,0.7312685638943979,0.9086017347819922,0.9261876006441224,0.9572369093622852,0.984924623115578,0.7739271094889113
align-dinov2+500m-things+hyp-abl30cat-42-random,0.7179150991053045,0.3201996883517738,0.461915268584433,0.7732262382864792,0.3388758654527612,0.7219361060385333,0.939238042269188,0.3166239248954583,0.735506882347031,0.344451399445587,0.1204357448778287,0.466246937646532,0.9454428130265334,0.745251763162211,0.5062453775988167,0.425019688427377,0.0604815108396002,0.751023751023751,0.3580373670681165,0.7386603544239012,0.5601979632625868,0.5949524725318033,0.6619282714788333,0.8464960143582813,0.3111760569570185,0.325520428765354,0.4237543078006893,0.8566676675674774,0.5031055900621119,0.3787012987012987,0.8993883012616286,0.65396083320347,0.847457627118644,0.4710348308934881,0.5161485912931,0.7123383914535947,0.8410554778554779,0.5641172358361224,0.5878893404306782,0.5139179886261598,0.4253647010478734,0.4688644688644688,0.3098591549295774,0.3553932640666566,0.3996778635076506,0.7024793388429752,0.1569106684590003,0.0925887202687033,0.6548642500051237,0.2957159515209905,0.749899658543531,0.9587628865979382,0.7008168630580724
align-dinov2+500m-things+hyp-abl30cat-7,0.9197967741146648,0.5602728277413388,0.9748274309723888,0.7922376348605856,0.476307916302904,0.9014424590240504,0.9825952250774558,0.3355674731729581,0.8609515703768071,0.5703823930403169,0.4804146568422652,0.9157560829974624,0.9249173532976216,0.7904325895060036,0.5062453775988167,0.6436902779759923,0.5134199032581303,0.9284465869460952,0.8852687650136879,0.9529723312939457,0.8810996915436895,0.7637632463168778,0.6375427868599977,0.9395095475990852,0.7952847478983575,0.3872657960193549,0.9616279633776856,0.9272618944506124,0.697983911602734,0.5370254683749494,0.9264013430832124,0.8232215320910973,0.9850746268656716,0.4710348308934881,0.6739445582951193,0.7722981366459627,0.936,0.6311139119474988,0.7920497788648817,0.6228684863523574,0.5422743384057778,0.4688644688644688,0.5639910704797305,0.8233355017731764,0.6167282634511065,0.8936903279369033,0.576567258444355,0.7230760541105369,0.9469198928658388,0.975252409068834,0.94823695047822,0.9950248756218908,0.7933864385851315
align-dinov2+500m-things+hyp-abl30cat-7-random,0.8206865114279231,0.3134982306766538,0.5655715953335605,0.7732262382864792,0.5643173729149978,0.7877444753745394,0.9135764375876576,0.2748829215622385,0.735506882347031,0.4089961223610513,0.2980256796463669,0.3658178825110595,0.8378029191982681,0.7572031339329571,0.5034636318654132,0.3915145005370569,0.3214126885694988,0.8054706003330392,0.3999239366984301,0.7621883774355485,0.5473792384359997,0.6165594757942421,0.5374920948842313,0.7643534903027328,0.3181932717833856,0.3422510822510822,0.6096853212737894,0.8039950315597353,0.5156163746767773,0.3787012987012987,0.8595623750646487,0.6747851851851853,0.9032258064516128,0.4710348308934881,0.5049399417865781,0.7262612776631467,0.7866534653465347,0.6904971098265896,0.6228845876363037,0.5520765159674519,0.4470696005256106,0.4688644688644688,0.3197552620818344,0.3553932640666566,0.3949050949050948,0.7137816521378165,0.1756317872729118,0.1526312876816534,0.6917920411071096,0.3244199490495787,0.8398094458466926,0.984924623115578,0.6565663264338033
align-dinov2+500m-things+hyp-abl30cat-local-shuffled-218,0.9203527948713712,0.4072938657378884,0.8912259870588312,0.8551964831034599,0.7427202555230237,0.8714080021797168,0.9469312977099236,0.4698025862020745,0.7699121682868126,0.4323122029093774,0.7515216665291706,0.9187334820409756,0.8808278793981092,0.866500983742363,0.4983231153739346,0.5200721153846154,0.3709817393117919,0.9370558789645926,0.8341983347360584,0.9760841237958132,0.6417825913683568,0.633316083031453,0.663038665368626,0.9198357788628516,0.5418344227605999,0.3979319852941176,0.7550973370834639,0.946852382714444,0.9124580946254915,0.5865227391769715,0.948547695533542,0.8761513157894738,0.978902953586498,0.5009669621273166,0.7552645801562697,0.7134243878429924,0.9052440230513792,0.5626822157434402,0.8657113681637846,0.6224818927583816,0.4727085053674649,0.4325947600438909,0.6028178243774573,0.3481949712038207,0.4001955849111051,0.8415302802683581,0.482229049833717,0.3361964605854056,0.8274148644997591,0.8841524451280548,0.8970005659309563,0.9879518072289156,0.8112889399496266
align-dinov2+500m-things+hyp-abl30cat-local-shuffled-42,0.9218978869374508,0.3221380449615744,0.991275495589952,0.7630261995878717,0.753285707047677,0.913762151646044,0.9407211936412708,0.3611582146856503,0.8225870827285923,0.4111606767107145,0.801591170861397,0.8566343920610503,0.9129148079643128,0.8550255240408696,0.4983231153739346,0.5384291586193235,0.5579282325435023,0.9402455797305584,0.5219504147812971,0.9839157217829512,0.5418857901726427,0.6238784093385008,0.5552300396491693,0.9254528146190558,0.2648847328450582,0.4116173714007612,0.9883545113082396,0.9289094961922396,0.6840210675139996,0.3985098801425332,0.9553192967827112,0.8268492808785449,0.995850622406639,0.491156462585034,0.8218248233782915,0.8388578108040411,0.8877778126077551,0.5156163746767773,0.8870301036639471,0.5794118737716468,0.519791285812616,0.4325947600438909,0.3636899250904806,0.3579954111721353,0.6566822295109991,0.8821298821298821,0.2069104015389331,0.1967646382066828,0.9088805131257024,0.9196062751581368,0.9284218541785648,1.0,0.8811174384871601
align-dinov2+500m-things+hyp-abl30cat-local-shuffled-7,0.9673564409419834,0.417784239795625,0.8287318686249581,0.8282183850683701,0.7585196890480858,0.9005267397905435,0.9469312977099236,0.5765470963567675,0.7004952129415649,0.372368836112288,0.7903023082650782,0.8160070647612866,0.9129148079643128,0.8720763352856754,0.4983231153739346,0.444045018205892,0.1155063741552528,0.9544505725826198,0.8862318953555448,0.9839157217829512,0.7182284382284382,0.6103642811089619,0.5560090900089595,0.9211652049400394,0.3023495689651598,0.3058933014830297,0.9590357561665588,0.9271998214646155,0.768606508555339,0.3421888053467001,0.9488683878675253,0.7270098322729901,0.995850622406639,0.5009669621273166,0.6472194385440335,0.8122714207424142,0.8919118576191448,0.7601811219498559,0.9212549629544124,0.5794118737716468,0.5467486957599522,0.4325947600438909,0.4150838440620155,0.6626450839562238,0.4872556257122786,0.900482093663912,0.4544524125467355,0.4384392598771186,0.8047166030959201,0.8213158213158213,0.9205574912891986,0.9838709677419356,0.8884709023796434
align-dinov2+500m-things+hyp-abl30cat-shuffled-218,0.7347901593103823,0.3065914130215682,0.5663860790832567,0.700489621819711,0.4213595771824311,0.6633677267321499,0.7266746411483254,0.2777600163152197,0.73302822273074,0.2866722215609253,0.1040858557295975,0.3755201213145031,0.8650549450549451,0.5014636261790322,0.4927601809954751,0.3803951836986723,0.1019264759243067,0.6938932029527369,0.3857679017441369,0.8206726859478283,0.5941360796758677,0.5846611721611721,0.4667413875938795,0.6392678320562762,0.2744772327535665,0.2698679058560303,0.5527008401774757,0.5248241172440299,0.4832899344527251,0.2836018617973505,0.6271864881136404,0.6421383080990146,0.8820960698689956,0.4504893738986433,0.5003700657894736,0.6690196078431373,0.7175377784701666,0.4857763397012544,0.6346243821680503,0.4807692307692308,0.4298245614035088,0.4327916629868409,0.3163440044967908,0.3400922753504543,0.4279452511294037,0.6635813014443236,0.1902592108981445,0.1009785831458206,0.6198215583989172,0.2938461881929916,0.4656014897622141,0.8669950738916257,0.5089427858402945
align-dinov2+500m-things+hyp-abl30cat-shuffled-42,0.7306302349596573,0.3065914130215682,0.4137730025174593,0.7115304729689633,0.4193887340673398,0.6107229123533471,0.7840909090909091,0.2590458570107044,0.73302822273074,0.2866722215609253,0.1040858557295975,0.3392739614718439,0.895042735042735,0.5550936629487193,0.4927601809954751,0.3803951836986723,0.0362255389553803,0.7127192982456141,0.3772671985846558,0.7240413760812242,0.6045532941578392,0.5846611721611721,0.3451570461467143,0.7185485796132729,0.2744772327535665,0.2698679058560303,0.5140394773422297,0.5594154285254042,0.4832899344527251,0.2836018617973505,0.6531812497100954,0.673596784817491,0.8363636363636363,0.4245614035087719,0.464500537056928,0.7058823529411765,0.7116927363050484,0.45,0.5728703115066752,0.4807692307692308,0.4298245614035088,0.4841276187430033,0.3163440044967908,0.3566416437616585,0.3981106191931159,0.7157804721619889,0.1718123547588038,0.1493662029376315,0.6710080043413377,0.3177885234427887,0.6581517655897821,0.963963963963964,0.6091499006458022
align-dinov2+500m-things+hyp-abl30cat-shuffled-7,0.7211382972481369,0.3065914130215682,0.4110571778015594,0.7151511569490824,0.4213595771824311,0.6243817575339313,0.7756944444444445,0.2590458570107044,0.7264694583173261,0.2866722215609253,0.13347627361726,0.3956646335301643,0.8765217391304347,0.5221052631578947,0.4927601809954751,0.3803951836986723,0.0281142604571576,0.6744152046783626,0.3857679017441369,0.7544221564199367,0.6045532941578392,0.5846611721611721,0.3761077209834721,0.5994645559306251,0.2744772327535665,0.2698679058560303,0.5116192600855177,0.4570621544615487,0.4832899344527251,0.2836018617973505,0.5979301767381238,0.6588190507914037,0.9012875536480688,0.4218352572882019,0.464500537056928,0.672610051433999,0.7021028943896951,0.6055044447032336,0.5301573426573427,0.4807692307692308,0.4298245614035088,0.4327916629868409,0.3355576170898368,0.3496796190995654,0.3958401751505199,0.7461568869810197,0.1718123547588038,0.0929118244885334,0.6155285623204246,0.3001329198050509,0.5962774308017674,0.9777777777777776,0.5941494491064649
align-dinov2+500m-things+hyp-abl40cat-218,0.8002317073426725,0.7898578185748171,1.0,0.934959349593496,0.3655425454234101,0.9156626506024096,0.6661121202630754,0.7827368421052633,0.8565904175132725,0.5173443733264038,0.4441024804842753,0.834161937370042,0.9856823838719062,0.7542841168688493,0.7279342406683735,0.8827371449598275,0.8829352725767173,0.9294438502673796,0.974110835401158,0.9705739191999646,0.9168175619788524,0.5333333333333333,0.253745652528001,0.8755029493339583,0.7109257447916602,0.5871470786870104,0.9793601007387897,0.7617211695255913,0.8852561400813356,0.8690903989553994,0.9435819962042789,0.5910186001109656,0.9468218088324156,0.5365696094951291,0.814327889355885,0.4624687656171913,0.9156065148691354,0.8258198494418966,0.8623047913612275,0.7270692381470825,0.6766157028437654,0.5052378545966101,0.632786035817222,0.8972711392105072,0.6756961259079902,0.8630094043887147,0.6853717526307751,0.9002301863454557,0.7318819514661273,0.9387265155588176,0.7919138027717697,0.9280211208532364,0.8709763198312815
align-dinov2+500m-things+hyp-abl40cat-218-random,0.0570174319348146,0.6867390647727579,0.6255186264982183,0.9844961240310078,0.4944987577558389,0.7585304348420341,0.4068839565486005,0.6161006014215418,0.7307477505429724,0.3882759306197505,0.1239707947501192,0.4558386681704818,0.7854496179136307,0.7533974254521753,0.5286246581376994,0.6506533074107836,0.84258153653963,0.5083010960670534,0.908962356792144,0.8825898869402111,0.6229182453481519,0.6956346289650799,0.1791919837970365,0.4881821341675357,0.3523630573060231,0.3352311511014583,0.4509912533108497,0.1143776790677941,0.5244190463606785,0.7762586546199138,0.1211915583407853,0.4206123169364191,0.3301090299133351,0.4911814109742441,0.5490037149611617,0.4444703444703444,0.5507765349641909,0.5003064962248636,0.3559889437720488,0.5461505560307955,0.464405324173465,0.5064334414234639,0.3817348789552902,0.3896397609175596,0.503958298382874,0.5262356001486437,0.1820004891171435,0.7920061069519352,0.3526505381322117,0.381827435846792,0.6930562002368775,0.4621591746499631,0.6368243243243243
align-dinov2+500m-things+hyp-abl40cat-42,0.5063914064809514,0.8171021838475411,0.987745268262402,0.9477911646586346,0.471226254231189,0.905862359041412,0.450355026803348,0.8932574679943102,0.7782336790726052,0.4241670587708095,0.6495606120285059,0.6733805886953194,0.9808645183645184,0.8222495441959196,0.6174092614416539,0.8511727537461967,0.9040289563612388,0.8917347301136364,0.9478129713423832,0.9540168187511182,0.8474127926182721,0.5506172839506174,0.2752757505883472,0.9411128087598676,0.7109257447916602,0.5115086370352935,0.9639121541667308,0.8330716264773633,0.8615355056586625,0.8420424462691254,0.2685279997469664,0.4250539684408111,0.8497244396940445,0.5040625215175928,0.879311516462903,0.6651515151515152,0.9286497608845576,0.7583749583749584,0.8048737064003642,0.8072480316528805,0.4747404844290657,0.5343677541120919,0.4710780141843971,0.6923220337532361,0.4325195216990699,0.8031869637320644,0.3061586286349912,0.9059256350950988,0.6165273492286115,0.6270247645622602,0.9328484848484848,0.7706116347420695,0.8618326478105077
align-dinov2+500m-things+hyp-abl40cat-42-random,0.128941866420937,0.7178047533640057,0.6155068039924892,0.952,0.7667504314609015,0.7366558840291212,0.4101111412306857,0.5201730353280462,0.7527272727272727,0.3862639553429027,0.2725322188772622,0.4724300640377486,0.7229862353408865,0.6021768348423578,0.5286246581376994,0.6929981013750648,0.8747740421585585,0.5315830721003135,0.8549145299145299,0.6229410002994908,0.69919665756222,0.5525532581453634,0.2400309112822175,0.4881821341675357,0.343948434551915,0.3352311511014583,0.4780571988423418,0.1060849629535717,0.5244190463606785,0.8230243612596553,0.1089514866979655,0.4084146815035017,0.3337819051326253,0.4989604269180123,0.5515755453810934,0.4444703444703444,0.5479651162790697,0.4962017847923888,0.307604357798673,0.5536402020204318,0.464405324173465,0.5006937289649015,0.3723404255319149,0.3915145005370569,0.4306923848480494,0.5262356001486437,0.1820004891171435,0.8143451414927155,0.3804046274466801,0.3947036569987389,0.6791275486012327,0.4621591746499631,0.6860366573470023
align-dinov2+500m-things+hyp-abl40cat-7,0.3719050310910118,0.8346405410075554,0.9795754471040032,0.9644268774703556,0.6826568298505097,0.8807589881191218,0.4405566043228511,0.8484806102987922,0.8538461538461538,0.4076980199787217,0.5352548095138608,0.7215540211186104,0.976245018751054,0.8946823795469753,0.5286246581376994,0.8594816382607404,0.8964476831916776,0.8269835762202175,0.9428551246733065,0.9380534740011864,0.8480102516309413,0.5377446994808931,0.2029215578490564,0.8020978371855566,0.3769525983128954,0.3685840940248334,0.9845054494227148,0.6217566448932903,0.6576326865824863,0.8588647993738031,0.9538698655034532,0.4148083253690134,0.8756229838542486,0.5040625215175928,0.8621563703752436,0.6232954545454545,0.8978906291198648,0.5986874025628351,0.8274712037286981,0.8108732216643962,0.5156551509492686,0.5052378545966101,0.37427948370366,0.6046620806464389,0.5043758515878839,0.7789075547696238,0.3849655559425674,0.9082062580522,0.5159806763285024,0.7688980931510607,0.946459572593082,0.4768945397280464,0.9212480081943404
align-dinov2+500m-things+hyp-abl40cat-7-random,0.027191011235955,0.6881947820450494,0.5644795356786177,0.980544747081712,0.6740606114199679,0.7441460758287387,0.5201102703377612,0.5915061920508332,0.7618361836183619,0.4011337411216419,0.2575642748056541,0.4109000276075907,0.7085950051117277,0.6351003977876035,0.5286246581376994,0.695049880434439,0.8530695326494055,0.5201048951048951,0.8699464999024471,0.7793527409439618,0.5634769905040176,0.6660859465737514,0.1791919837970365,0.4881821341675357,0.343948434551915,0.3352311511014583,0.5053093792183405,0.0807059403174759,0.5310350171348761,0.7650831034471448,0.1399505135387488,0.4040893845718672,0.3500428090179702,0.5040625215175928,0.525100820470032,0.4444703444703444,0.5479651162790697,0.4962017847923888,0.3065490526071439,0.5461505560307955,0.465779852964276,0.5052378545966101,0.3703905648076809,0.3915145005370569,0.4859229208924949,0.5303520208604955,0.1786654852445297,0.770435926291269,0.341090726313144,0.3366495295372975,0.7642611761600392,0.4686491019090311,0.5425066091732758
align-dinov2+500m-things+hyp-abl40cat-local-shuffled-218,0.6814145557083267,0.8282321379996059,0.9515370613813328,0.9743589743589745,0.44371921182266,0.94134705696797,0.7942141187470781,0.9016566475961896,0.7263948116560058,0.4071694936460192,0.8295537471655982,0.8719488864778737,0.9044179417941794,0.7614827900153301,0.6223385689354275,0.8247939444911689,0.9278932699737872,0.9153518123667376,0.9703913764089,0.9584843575139051,0.797095601257168,0.6422121601389661,0.3626231675078106,0.8966428142769874,0.579910159897347,0.6665236392901385,0.9362971703397236,0.3315120676231787,0.939661426278076,0.9263917966727448,0.4284770317048325,0.5190605750787923,0.992063492063492,0.5327710843373494,0.9313015235987132,0.7565297557148762,0.8561344358739207,0.9281907954891802,0.7605928008733259,0.8221584705985481,0.7646592762741768,0.4899311075781664,0.6098141809142856,0.7399532591576486,0.554406744885923,0.9266393989253476,0.6946680426556587,0.908943650942801,0.6206033233520027,0.619008706354731,0.8348420830435218,0.7082388899076961,0.9186823681979034
align-dinov2+500m-things+hyp-abl40cat-local-shuffled-42,0.1262488990330259,0.7329528599791235,0.991932329562182,0.9915966386554622,0.4714918476420854,0.9403775731243618,0.712748520544365,0.8455820298925685,0.7090481203938812,0.5049901421527658,0.7015248785985173,0.8190936051204084,0.9759218923153348,0.8999793131375642,0.6618995972699517,0.8360975609756097,0.9013407526883702,0.8204899933405769,0.9703913764089,0.9787238733088331,0.7049173592129422,0.6248268934093926,0.2694537444933921,0.9030761440597506,0.3196784725290118,0.5636503427753633,0.973481119389311,0.8509232152511781,0.7888317133600153,0.8627429117553361,0.7435712422549149,0.510279843976778,0.9482419471650264,0.6285424347231195,0.9310070745741792,0.5094170403587444,0.8550404624277457,0.8770880015751636,0.7287031624267037,0.9238146874221588,0.5205949558587595,0.4899311075781664,0.493679640760408,0.8461891203037186,0.7952558158626292,0.6930023448249134,0.7199938884644768,0.9195516640953664,0.6232656061715891,0.6515085345544548,0.8458974543239535,0.6614973074795348,0.9190752951601552
align-dinov2+500m-things+hyp-abl40cat-local-shuffled-7,0.1010197806295107,0.7218624079999187,0.6999844913151365,0.9090909090909092,0.4496868532471222,0.8246292714377821,0.5034138221985351,0.694292902508228,0.7381412266399098,0.4092314805863759,0.4134944980855686,0.4269727566613025,0.5836347307833613,0.811805725898573,0.5512876971505929,0.6366135868942605,0.8579786480571929,0.5739130434782609,0.9556298773690078,0.9317981181232908,0.6404518390971516,0.6648244387191756,0.2043494023256444,0.5151601933058886,0.3016993221283313,0.2954029304029303,0.6869500572431123,0.1290078561826902,0.5031055900621119,0.8895931142410015,0.0927117233028078,0.4036082768055635,0.3628124070698059,0.549069965487876,0.5532928064842959,0.5473094170403587,0.5918156047217239,0.5239170334757256,0.3460362690716944,0.6061204029344833,0.5084033613445378,0.4986198269475326,0.3773060948517338,0.3872033972506786,0.4218451749734889,0.5902556718201973,0.176200283176728,0.8158310530992586,0.4296785157424067,0.3592180881311091,0.8421510570879435,0.5154340276291496,0.6701797739855289
align-dinov2+500m-things+hyp-abl40cat-shuffled-218,0.037928811817369,0.5646456674080983,0.4212705450490466,0.9743589743589745,0.4339703856749312,0.6602288035759928,0.418631500798977,0.472830703052222,0.7741356482719488,0.3221708611539119,0.143940821731067,0.3416118699106262,0.6143831827401808,0.5395215358049272,0.5407038748666904,0.6540903890160182,0.7664521663212294,0.4817716333845366,0.7379671603998874,0.7401785714285715,0.6304176516942475,0.5711232103246622,0.1542709037638043,0.5067063492063493,0.3183123841342922,0.2942812682357518,0.571291263802277,0.1461912077400338,0.5312632681366583,0.6192251029376582,0.142947173308619,0.4101111412306857,0.405541282368815,0.4554355732109886,0.5943602486769551,0.3810818465024072,0.5742796236401059,0.4915691569156916,0.370925483201307,0.5055871811090028,0.4395692964730857,0.491374681165257,0.3629764065335753,0.3333333333333333,0.4457282913165266,0.5715419501133788,0.1953576547833726,0.5937608854430024,0.3662785432773765,0.3284031037455694,0.5883824546838244,0.5022241732513901,0.6000445723084403
align-dinov2+500m-things+hyp-abl40cat-shuffled-42,0.0405789846742678,0.6024901961693673,0.3825749727565902,0.99581589958159,0.4339703856749312,0.6222211484060878,0.4090888066604995,0.4098502304147465,0.7603318250377074,0.3221708611539119,0.1398007762711243,0.3499354582464501,0.6143831827401808,0.5263123993558776,0.5407038748666904,0.628819584558329,0.7463287389172104,0.4817716333845366,0.8020804890473763,0.6193203381059168,0.6304176516942475,0.6033856571252693,0.1542709037638043,0.5067063492063493,0.3183123841342922,0.3089452382360644,0.5814637088315501,0.1421606930524885,0.5289274967353659,0.5411932540043791,0.110152284752862,0.4101111412306857,0.3988175422840891,0.470882373546308,0.5106154375107443,0.3914915424161795,0.6084890515636037,0.4915691569156916,0.3541940752166221,0.5084033613445378,0.4395692964730857,0.491374681165257,0.3629764065335753,0.3333333333333333,0.4478252194732642,0.5586058717402,0.1953576547833726,0.5965380565930575,0.3730804438010037,0.3284031037455694,0.6114444620448105,0.5022241732513901,0.5077816853517788
align-dinov2+500m-things+hyp-abl40cat-shuffled-7,0.037928811817369,0.5330551350304547,0.4022218594982562,0.9427312775330396,0.4339703856749312,0.6250788759263336,0.4258849981263272,0.418078062804069,0.7603318250377074,0.3221708611539119,0.143940821731067,0.3499354582464501,0.6263957986267074,0.5891093359243116,0.5407038748666904,0.5732128724381119,0.7238043050080084,0.4817716333845366,0.7060165528591982,0.6777448738613788,0.6399099225147076,0.5711232103246622,0.1542709037638043,0.5012187812187813,0.3183123841342922,0.2942812682357518,0.5890206118196986,0.0931956412986061,0.5265780257950631,0.6433193768856598,0.0952741197347529,0.4101111412306857,0.4561735362456516,0.4580127132820341,0.5106154375107443,0.3914915424161795,0.5742796236401059,0.5112338232512635,0.3541940752166221,0.5084033613445378,0.5166228788134754,0.491374681165257,0.3629764065335753,0.3333333333333333,0.4457282913165266,0.5668422975597561,0.206147730455323,0.5151483525361586,0.3662785432773765,0.3594844074844074,0.5234628190899001,0.4998825877656452,0.4193896959854406
align-dinov2+500m-things+hyp-abl50-218,0.9759415265643308,0.7927442651973129,0.989071038251366,0.940771175726928,0.7214615549828178,0.9646956751444706,0.9476819011702732,0.8110843279048346,0.7677813792921707,0.6270896982909563,0.8820316936492356,0.768494176750878,0.9926483830742684,0.9166413098567956,0.8295264173396647,0.8760330578512397,0.9011625790441202,0.9407898641030208,0.944148011591895,0.9721109989836184,0.9111400520937688,0.7710497153120105,0.6817008357944071,0.7444675147182507,0.8936385562925317,0.7471510290005124,0.981871599341184,0.8994822190611664,0.9519093372751908,0.8188349339546114,0.9558123999546252,0.6717255612604449,0.94023997658765,0.8585482034744418,0.8947615531466463,0.7664932980257789,0.883436578828413,0.7412830412830413,0.8684763522476279,0.7067109844887622,0.7934318068701128,0.7841482748788138,0.78927623363518,0.7390545592616391,0.4111356534346319,0.837980695879807,0.918915918915919,0.8736325596982115,0.9001619138748205,0.9125081814736988,0.9080887976244684,0.9480217282594,0.8412236987818383
align-dinov2+500m-things+hyp-abl50-218-random,0.902608325348664,0.7038301148392893,0.8856326394907688,0.9292035398230089,0.8755924487883252,0.8223040117776961,0.8803922173229317,0.3278620131276329,0.7719032047089601,0.527887537993921,0.7975153085818741,0.5726060606060606,0.971190364580842,0.683133012834307,0.6398117321758047,0.7410341951626355,0.8829830452265472,0.8225973422558241,0.7504457021348322,0.8723745788261917,0.8092238470191226,0.7729448535938501,0.630066238965323,0.448573734902583,0.6533387008804509,0.7046218090748052,0.6597384097384098,0.8050806529844196,0.7195757113821137,0.7676025441569806,0.9226716999205938,0.636583285662281,0.8100804424333836,0.7181542454148886,0.7629320563273434,0.7530890036417327,0.8001769922772795,0.7547764482749002,0.742556573788726,0.5814668423364077,0.6758182290110729,0.7133294386836084,0.5929720704310868,0.6103056788753237,0.3867797947908445,0.7895800939609066,0.8721722509344851,0.7141952242752044,0.6779703471257872,0.6468520014128349,0.8906500511522586,0.8560578621761268,0.7554892434667522
align-dinov2+500m-things+hyp-abl50-42,0.9983536992854284,0.7776141746707826,0.9945391615610484,0.9605141171512852,0.6580808665831254,0.878155496352422,0.9335512318460732,0.8295151251824118,0.9168726766040084,0.6437375768909589,0.9109117971221722,0.8951651025965646,0.9785270805929353,0.8933222964230717,0.8237595585461399,0.9002639002639002,0.8745693216405749,0.9631306975906838,0.928768243536944,0.955311833572703,0.9419279907084784,0.7804364649435072,0.7765462643659822,0.9449158388520972,0.8939159798534798,0.8312036672000495,0.9879034914361002,0.8941918095380699,0.9200498972040138,0.8598909940589805,0.9698168121963436,0.7353556822444851,0.8842850644261389,0.916583711874168,0.9319045343890064,0.8069151027637628,0.9326029652421876,0.85741991991992,0.9157148620451044,0.8591023326607908,0.8185205107470931,0.8669764737782689,0.8423965452182297,0.952690143355486,0.4892369256398531,0.8298104762478723,0.9105773286331136,0.8836979655932629,0.877993171832987,0.953846153846154,0.8839403013024051,0.8690843085003669,0.8168037045113457
align-dinov2+500m-things+hyp-abl50-42-random,0.8997439262660893,0.6857747158955665,0.8311719916292303,0.8894385301876555,0.8166394714183746,0.7947821409359871,0.9124347544556488,0.3488304891858598,0.7691034269358706,0.4379713604797591,0.7934029586415251,0.6896047997913134,0.9626757187114314,0.7431501503895588,0.705892424026252,0.6819344338525924,0.8557621484574827,0.841071004264508,0.8183243163156589,0.8674751009113466,0.8957063448568967,0.7758522790780855,0.6162685859909732,0.4142568407960199,0.6401894549999094,0.6964970215457837,0.797223698978085,0.7999990606844142,0.8376493024189501,0.7704269516501544,0.8895622670024528,0.5943725019984013,0.7751636105664195,0.7580845242565315,0.7011526219832515,0.6693769596655504,0.7598122002296832,0.7666381796816579,0.6052714103287464,0.7347992670331502,0.7180160633398043,0.7706575420587397,0.643312067619586,0.6012481210331279,0.417100400076205,0.748842910195196,0.8208275952521477,0.7448591361996961,0.6315769128554517,0.696101164830992,0.7667839851290635,0.7382653750204337,0.7638242894056848
align-dinov2+500m-things+hyp-abl50-7,0.9743892485859976,0.7538327326901337,0.989071038251366,0.9344022897865008,0.8460251217181611,0.9443756601981612,0.9409202245920788,0.8243802207014294,0.9034623540836751,0.6398011291628314,0.8733737437110519,0.9545755469290722,0.9855951822904212,0.8966352242224265,0.8204306605072083,0.9140971114655324,0.8997710366291833,0.9631306975906838,0.9336321740370442,0.960955398577066,0.9419279907084784,0.772,0.7465998932302921,0.9686717967967968,0.9227544695639712,0.8657237623285181,0.9695859399305832,0.8306167079749234,0.9637753261775353,0.836022261635374,0.9748922451314596,0.8039771428571428,0.933038574907087,0.8510762473026623,0.8453854557171936,0.8431185209955572,0.9141577835142596,0.782331345429937,0.8872296232631428,0.8997863247863249,0.8970296490080663,0.8075993761464925,0.8829670968492035,0.9573932824836076,0.6281899887939122,0.9038059213574928,0.9273867339834356,0.8592335308785598,0.8313692480359147,0.9538631485029528,0.920062315538959,0.9634284554146314,0.8604651162790697
align-dinov2+500m-things+hyp-abl50-7-random,0.9301576491198764,0.6694777699364854,0.895253821054873,0.8693051458538185,0.8154963168914877,0.8203571033759712,0.8316052970300939,0.5152078154962078,0.7871329310178231,0.4885448328267477,0.7231354744613855,0.5916872877073093,0.9124087591240876,0.7205387205387206,0.6686696935872366,0.619670399426276,0.8485011767620462,0.7425788053262946,0.8361970837377803,0.8505801591640847,0.7602383669329276,0.7687622022647403,0.5520155561343021,0.4142568407960199,0.7112010796221322,0.7026740451560042,0.6648532356035156,0.6771321946121409,0.6608704227203998,0.6762941420855838,0.8961047381710134,0.5508303605729652,0.8011340496953749,0.8065016744262027,0.7087549567671374,0.7002039234544278,0.7823639230003319,0.7370015631818208,0.7864848501527368,0.5777787587181071,0.6882765485724628,0.7339155822969445,0.6761521806371791,0.4337966522742059,0.4750623221409412,0.6103234071873049,0.7816810475038324,0.6472794608416622,0.6991845957363199,0.7339681111610937,0.8640668870170949,0.6709841253636873,0.7352053454970293
align-dinov2+500m-things+hyp-abl50-local-shuffled-218,0.9743802269417472,0.637987012987013,0.9604976316840724,0.9409225129823848,0.7834421017402945,0.9466145871573104,0.9492643024589756,0.7092057702953531,0.846777527370681,0.5978707333113534,0.8633416539857696,0.9285490955110548,0.958032919117088,0.8533601083453977,0.8147575086576856,0.8116132376325477,0.9203970885853784,0.9216597855878984,0.944929364659666,0.9692475401912812,0.9083890304315212,0.709091656975331,0.5556451200316861,0.8797670132657851,0.8696342964265303,0.8398596335955499,0.966957916396787,0.9079111338183736,0.9655149338463258,0.8667152145098675,0.9719638369285256,0.7261201769882164,0.9759512926061829,0.7926870748299321,0.904739050535796,0.8247697432882619,0.8878968253968254,0.9390243902439024,0.8695842877247631,0.8564143393761228,0.793730407523511,0.8289076511245071,0.7257699179785871,0.9557578140190378,0.706961990248227,0.9167744122114408,0.8856979978590993,0.908884182448628,0.7022315663430646,0.9329736659366488,0.8658490220304724,0.944440788752166,0.8601995802353665
align-dinov2+500m-things+hyp-abl50-local-shuffled-42,0.9790454588097304,0.6541791541791541,0.9261869764349356,0.9244521138912856,0.8146716040041904,0.9413720210989877,0.9231454276971792,0.5426341121607047,0.8344821993350093,0.5694928229665072,0.8482869886399867,0.8559448936807428,0.974571203670233,0.8957524935545197,0.8034505093328622,0.7228246322452426,0.9359862950570156,0.9605263157894736,0.9549830295411692,0.9629773613389102,0.9314907100466144,0.8470596018971741,0.6582736225194181,0.8514590440859858,0.8645292911000441,0.8044209960086812,0.9867549668874172,0.9027977778755948,0.9507053579634224,0.8498514717796382,0.9772079772079773,0.7494043751353693,0.9396135957749572,0.6784265558075082,0.9367088607594936,0.7899658965646505,0.8942652329749103,0.8894539911308205,0.8182033216753678,0.8895395673595649,0.7658086449732879,0.7588165284636381,0.8241220289732871,0.895963944513722,0.7426311040778963,0.748475171082646,0.8387054354178842,0.861304639632813,0.8461538461538461,0.9639242455784368,0.9309198797759906,0.9249970126266314,0.875016835016835
align-dinov2+500m-things+hyp-abl50-local-shuffled-7,0.9806134804301854,0.6231963108047801,0.9661494879626694,0.9556710096474498,0.7486417113500883,0.9534689606653046,0.9299007520234268,0.7557468535453129,0.773390451356553,0.6755027375399598,0.8146296806823959,0.892642114316991,0.958032919117088,0.9221977406720064,0.764715565238441,0.8766556424941518,0.9450631595121964,0.9188818108726576,0.9447956217295688,0.99386923831241,0.934959349593496,0.7639096584300601,0.8819811834527911,0.8681730563289785,0.9170895429375212,0.8438620671092001,0.9933715707464572,0.912886171451009,0.9655149338463258,0.8271496043131442,0.9637082828418204,0.7445983379501385,0.9940001834921672,0.7341904810968743,0.9290855582739423,0.7948643703899123,0.9580723435472038,0.8885985102403396,0.8715895364264638,0.8477232676216794,0.8252451755773489,0.7648420663752232,0.7742962926232623,0.9109152170057948,0.6340633249088373,0.9039704756285856,0.9195999864823268,0.925834212380514,0.8219411185829096,0.9536267493579828,0.8581120062125103,0.9511657535991846,0.901652650561537
align-dinov2+500m-things+hyp-abl50-shuffled-218,0.5925991816402776,0.3681582840236687,0.5102938169646151,0.7912087912087913,0.4739633184158108,0.6895302089943739,0.6045202546901797,0.4436663219197115,0.7508928571428571,0.4196756840435001,0.501771309193618,0.4516759923416282,0.7718257036807918,0.4130563242246051,0.5314318413722732,0.492556076708901,0.7683548397192209,0.6232644628099174,0.5990363109505941,0.442879224264329,0.789888893478171,0.5877850910760752,0.3510581030966579,0.6314766191547887,0.5081388666294326,0.3629701179258036,0.5330398748216036,0.6062801124013332,0.5993306966839064,0.3301993390896492,0.3754081128121243,0.5015688375296549,0.7195706390196219,0.5168542737216028,0.553939393939394,0.5338821458421166,0.7913997676734151,0.6469259581244566,0.5447592871321685,0.6087560558563694,0.5814664348428131,0.5642802658820966,0.4174841698398697,0.3851120745318697,0.4335388116819494,0.650747302210168,0.6253490681613055,0.3743310965769132,0.4948317069829043,0.5401512537382103,0.5607436397950232,0.531654366465003,0.5060742502761023
align-dinov2+500m-things+hyp-abl50-shuffled-42,0.6398220667063729,0.39493376993377,0.5437002652519893,0.8172043010752689,0.5026605837942589,0.7748850235262106,0.5901391730425498,0.3646383659116873,0.7508928571428571,0.3887250538591534,0.5548016755442933,0.5440686296674941,0.7656912532990537,0.4548524650950526,0.5156395891690009,0.4901334371037997,0.7922230645552713,0.539547636259435,0.6302545710695914,0.5992131036119306,0.7576947247791209,0.5985127864095279,0.3510581030966579,0.521969696969697,0.3991551359972413,0.5113605987703822,0.6243195066724478,0.5198517145505097,0.5739311956343123,0.327683615819209,0.520616219923866,0.5673653305060554,0.6121510226300645,0.5061210077138977,0.5261584454409567,0.5338821458421166,0.6802675133418902,0.5455110316207793,0.5908523908523908,0.6837098692033294,0.6059916462624225,0.5608121264043303,0.5908968109810774,0.3733063188552615,0.4223676569832226,0.6603541877772335,0.6137508632514952,0.5074941451990632,0.4662879174581513,0.5818793451446513,0.5477386080834356,0.5271142307256879,0.4835954183653659
align-dinov2+500m-things+hyp-abl50-shuffled-7,0.7211839587983053,0.4523331010571399,0.5411630122438781,0.8106782106782107,0.496026180458158,0.7425824718253077,0.7163112711160343,0.3248784897328056,0.7831790256987108,0.3568414276518131,0.540425902599995,0.5325174908421794,0.7656912532990537,0.3931335610610949,0.5615303983228511,0.5393970542434641,0.793486919842886,0.6257131471539704,0.6391206682626003,0.5546452232842766,0.7558263573740259,0.5924746598160705,0.417478947368421,0.6035556047851129,0.5197290313569384,0.4538241434181521,0.5653214184785109,0.5495864671524833,0.5550328881801873,0.3399806569233649,0.5691410036619348,0.5310176908295392,0.7475691807186919,0.4721485411140583,0.5424174174174174,0.5868235294117647,0.7200155259412602,0.5868532799468529,0.583596716551262,0.5901253918495298,0.5682960494735683,0.5742637046984873,0.5326541207008436,0.5460422273395666,0.4444923712036425,0.6313782991202346,0.6245771872929525,0.5472674941536249,0.5416301489921123,0.5433037648616091,0.6512832173515126,0.5986272471901716,0.5440282044409624
align-dinov2+500m-things+hyp-abl70-218,0.9799153256001656,0.6886836470886668,0.9844329695244246,0.9410481837388402,0.7884925901349259,0.951785714285714,0.881164518934303,0.8580374547479811,0.942093278232268,0.5321850020710504,0.9038985517714988,0.9556657848324516,0.9892182805183256,0.8501530144440872,0.8782556390977443,0.7361969902127856,0.9212274184694464,0.959039370737626,0.9251694543955052,0.9699823310706316,0.9244484572176108,0.5704045058883769,0.6132627371844479,0.9762967687074828,0.8314412053429812,0.8436658321004514,0.9688325470407968,0.8340649692712905,0.9631335042158844,0.7970472307629793,0.9430985416615776,0.5810973640443944,0.9648420373952288,0.7028806021410234,0.9171805890441104,0.8159486866058108,0.9750078622533218,0.7346642468239565,0.7950895361434728,0.8257292188589899,0.7349686719775772,0.68497755126805,0.5306892993131916,0.912305905399018,0.6570806100217865,0.9375333422245932,0.8305424064212739,0.780679662966763,0.686930435274806,0.9662435237987064,0.937256547817689,0.9053792810995536,0.8155762732565242
align-dinov2+500m-things+hyp-abl70-218-random,0.773919725161893,0.5162282860960686,0.5705927088303728,0.8119927629878522,0.693109243697479,0.8508588186007541,0.8041758241758242,0.4479651162790697,0.7449590614688989,0.4307234191627255,0.805253034437442,0.7056921655955474,0.9011819365168102,0.6912069512714782,0.6273324816977832,0.4565723877044869,0.7920054023740375,0.6846836214865955,0.5761840034339677,0.6968128103202459,0.8287756271876868,0.6472992989039201,0.3721997189482233,0.729255610290093,0.3996756821524422,0.5775664780752402,0.557636952924911,0.7423389451256748,0.5244190463606785,0.5955002284148012,0.8764001349527665,0.5243758088314087,0.6610571779013023,0.6179982193203739,0.5645161290322581,0.7413934941881284,0.6764627777286006,0.6061485190211033,0.6415193733585655,0.6736338893153745,0.5077639751552795,0.6656928820593258,0.4648539954537506,0.4578373356999311,0.5283865180058952,0.6192575237911212,0.6307881954912403,0.6456893669667094,0.617478329393223,0.5648208484109049,0.7378798683831901,0.6328454718805636,0.6359250839723942
align-dinov2+500m-things+hyp-abl70-42,0.9364213481353876,0.7313845736531585,0.8697623579782066,0.914755613797167,0.8427383856508269,0.933922229548335,0.9090714502888416,0.791650406504065,0.9073492451716284,0.4935373876407001,0.9083932688412264,0.9406352091977336,0.967654841554977,0.8063253405064689,0.8362522120993641,0.688605898371821,0.9044796890962412,0.9650218465045594,0.8619721938318451,0.9522211787594383,0.9307037732219958,0.5455363350100192,0.4542378231075157,0.8889984565254674,0.7588884914629984,0.6899892620633359,0.9895589066686332,0.9107364897178384,0.6992766536320421,0.7550118550498973,0.9549133719848149,0.6025148436469191,0.9132028789923526,0.6807310115670355,0.8494623655913979,0.7549690452916259,0.9301316397243312,0.9019084478846924,0.8895853514920128,0.8409504760997689,0.6726479660690187,0.7092100473243538,0.6244412940319373,0.7419431130125279,0.622709214404716,0.8366978082122036,0.7312895104895104,0.7758678785039002,0.8065568355423428,0.9282547133693876,0.9401834422342892,0.9214351157754456,0.8420746322375122
align-dinov2+500m-things+hyp-abl70-42-random,0.8085411598134336,0.5809451780244562,0.4035384910651672,0.8585788903124076,0.8268381989114301,0.8007070588694871,0.7735950044603032,0.6342187816231531,0.7802886031216256,0.4310861423220973,0.7690318573519727,0.6657188522152839,0.8972277512650184,0.7578046006066733,0.5817202597814034,0.4565723877044869,0.880960381347991,0.6532019704433497,0.6716733075368274,0.7812998406574584,0.6791895870805995,0.5715600316965312,0.4429887204277448,0.6572310405643739,0.4728984355242266,0.5691720488961868,0.6052403117812821,0.8134806180177306,0.5168239570480542,0.7782995858561201,0.944393519453192,0.5303098066620079,0.7458891142663963,0.6164066496163683,0.6094819159335289,0.797979797979798,0.7210738628460147,0.7525452009437775,0.446455252537947,0.6281909075503381,0.6376605545221012,0.667071038414322,0.4835961558021116,0.5393579781307177,0.4850713012477718,0.6179963310168008,0.6111820118235355,0.7391156129828704,0.502290950744559,0.5665981348598457,0.6986931821408501,0.6411021661014769,0.7188158086180095
align-dinov2+500m-things+hyp-abl70-7,0.985219268869889,0.7550055563683451,0.9688715953307392,0.8792231887922317,0.8192842834713876,0.9232477940549108,0.9367521367521368,0.8238986013986015,0.8970903446215118,0.6789768538994545,0.8669741007552908,0.9261096413874192,0.983889727733998,0.835423848719302,0.901857067417708,0.7655084357446984,0.8970690022426128,0.928937728937729,0.9335275432823008,0.94393667536903,0.9116494309864476,0.6267131032016492,0.5510113287891065,0.9587677880516756,0.7738397271464352,0.7405928614640048,0.9686767200058992,0.8250384660906616,0.7801481521306974,0.8112133572570084,0.9476514535933552,0.7117803675415177,0.9340476003250242,0.6940510899558762,0.9151494800164742,0.8326715430163706,0.9381952435749904,0.8891941391941393,0.8709594963297195,0.8964587560764384,0.6814825148809524,0.6931208669422462,0.7277914734428604,0.8559719737347434,0.6552726353699373,0.7745220930032894,0.8474793995813105,0.8376838468588093,0.6328324285197249,0.9493652856980596,0.9431527919530808,0.933704778957982,0.8386292390994585
align-dinov2+500m-things+hyp-abl70-7-random,0.8576251975350221,0.5810806588630598,0.5619178140592693,0.8458558184585582,0.7554252199413489,0.7658407536456318,0.7424337744040346,0.3951171875,0.7681050675062652,0.4715316393619762,0.6632602435361511,0.5786194172134245,0.6833648393194707,0.5789259049817509,0.6831045355323794,0.5028959329002264,0.7917833496292429,0.734609020323306,0.5746708469576716,0.6512924879015289,0.6954277005143837,0.650472334682861,0.5748080944003212,0.663988332510788,0.4952813573922359,0.5252947719688543,0.7146092925306471,0.7886500509872006,0.5364411774903783,0.7018737223298067,0.8676413462260499,0.552872909767832,0.6673611111111112,0.5737851662404092,0.5471870985855116,0.6657345180490415,0.7402802893309222,0.63,0.5779865417343166,0.6065624516328741,0.4910436051815361,0.6140261120239278,0.5047336328626444,0.4493799488723346,0.5774309723889556,0.6292709073296738,0.5321703183133527,0.6777039978354256,0.4919524252166819,0.5129968224201698,0.7697518013229389,0.6033682874882506,0.5925946904842211
align-dinov2+500m-things+hyp-abl70-local-shuffled-218,0.9283135900479538,0.7786109563046444,0.9755273537986624,0.867434354845299,0.8444020106146977,0.9555446258214968,0.9206635443730342,0.8604618633090086,0.9704472188031183,0.6591872140760552,0.8622591457224545,0.9482219774914477,0.9680058019568768,0.8174493094409068,0.7706499608846901,0.5607050716274017,0.8463795431391407,0.9470054978996788,0.95334154082474,0.9734858281705764,0.8928786377014755,0.7609185272228751,0.5654753277810273,0.947737895106316,0.842795299938157,0.8455471706821749,0.958395533564163,0.9524498888905668,0.9618132455750308,0.9011565617257956,0.9703890160183066,0.7389560786240312,0.9861264891600448,0.6277720862038292,0.883976587668655,0.8709265802905379,0.926617416916674,0.8699023646932672,0.7960709706011154,0.8377156467313843,0.7706823233285416,0.5864615384615385,0.8174014967908098,0.9496803069053708,0.8075645747287538,0.8847943570556919,0.9142263402787,0.8612363855369042,0.779433629900962,0.9603447280841814,0.9061694225628651,0.9620856157435586,0.8903944851648735
align-dinov2+500m-things+hyp-abl70-local-shuffled-42,0.8541160314443891,0.8161568936990543,0.971361485474693,0.9605534058297768,0.8322497764953306,0.9555446258214968,0.935378082849506,0.7405957316077699,0.8679716312056738,0.723400582022427,0.8954752209967289,0.9203414940694424,0.9617051580494976,0.7761217221301373,0.8211287065575512,0.722657852454533,0.9486019905142856,0.9632784106281016,0.9377887210996532,0.9823528585179409,0.9247052277580944,0.6282577925474631,0.7517560664112388,0.9059465100230588,0.8699104949104949,0.8352687010532002,0.9843501991495331,0.9201808208279962,0.9674198256878412,0.8649904761904762,0.9799426211419024,0.8095002138533617,0.9814814814814816,0.6722577737719694,0.903543179983858,0.823742464355204,0.939321368933259,0.8972786206828759,0.9097691722603204,0.8404415111712276,0.7617942209538157,0.5474285714285715,0.8289785209990828,0.9750210437710436,0.9281517542387108,0.9355507404670076,0.9436218328179876,0.8757352454581196,0.7542610496938285,0.9779735682819384,0.9404016184251478,0.966904272101975,0.8943413862525165
align-dinov2+500m-things+hyp-abl70-local-shuffled-7,0.9708036764873008,0.7616558374739071,0.9836652788205584,0.8773237116636599,0.8637108811079302,0.91309464910552,0.9159091978902304,0.7268708101759898,0.9212418835145892,0.7383074426153489,0.8966691491195877,0.9322601487659956,0.9806977718455588,0.8111623759305211,0.8243080518015498,0.801067665867175,0.9037992710606636,0.953353785079572,0.7783426461181979,0.9558097136176272,0.9024202941214112,0.6065354546701412,0.8472945090655868,0.9351606865264428,0.7900902508039155,0.8674631120945523,0.9480853490222462,0.9430705462305576,0.7848637988413658,0.8555833507053019,0.954457065845206,0.6847580303415542,0.986095032724246,0.5634401908911713,0.8750371671847548,0.8777921924755278,0.9260035533840432,0.8947746596942238,0.8193044512632262,0.8730365356244033,0.7648260710612723,0.5689972899728998,0.7608834641092707,0.8996606334841629,0.6788801051905777,0.8787716396977245,0.9141234644209224,0.8914929924170966,0.8287893897088153,0.8614112838499429,0.9310712598784618,0.9714215775641512,0.8430285268001709
align-dinov2+500m-things+hyp-abl70-shuffled-218,0.5486688711600901,0.4250334066397519,0.4768133784754283,0.6923547566928171,0.5679547904485023,0.6790986545894041,0.6150302017096059,0.4949687301908864,0.7862644415917843,0.3448506386122937,0.5174488028845311,0.4858438789134897,0.6336314312055017,0.5265562077420314,0.5693413133721221,0.4556287363430221,0.7639255231398575,0.5113945578231293,0.5823134959137282,0.5391236366090897,0.7175732272506467,0.572366877785597,0.2872612035068534,0.535191637630662,0.3872418053731652,0.4408845480976175,0.6890813707211394,0.5397571770221796,0.5291753093484014,0.4279879600863311,0.3777156122646559,0.4702762615806093,0.5479777686442185,0.5109484334920624,0.5508671699653133,0.5617494075591437,0.6544962812711291,0.4996853146853147,0.5856474027100002,0.5511987026007629,0.474590256160222,0.5443616177636796,0.4088722204204453,0.4659528205128205,0.4745195914160923,0.6324435890999359,0.3452684756002291,0.3509417336948384,0.5898958625813457,0.456049329004373,0.4877871633087247,0.5480597014925374,0.473540903662453
align-dinov2+500m-things+hyp-abl70-shuffled-42,0.697071060749291,0.4180901734175523,0.5836624086587656,0.7695770749957942,0.5327028584653504,0.6790986545894041,0.5334660297239915,0.4888175229412482,0.7862644415917843,0.3464561855670103,0.3808577031578185,0.44192,0.7571803196803196,0.4520529653944586,0.5916004192121879,0.5171486023154627,0.69370217007541,0.5886778428893209,0.5225259157418578,0.5730884431962552,0.7139462479268305,0.5779745262503883,0.3034756757671098,0.604663382594417,0.3727552009423165,0.5242418525680328,0.6890813707211394,0.5379147986905398,0.5486457882330302,0.4718181818181818,0.4131425900475462,0.5102120569161243,0.6174339487119757,0.4651372195904944,0.6266834020680175,0.555599522085788,0.7303733754038014,0.529539806718822,0.5058995798721826,0.5380116959064327,0.5274073476304799,0.5536666018284381,0.4141582863410588,0.4014747474747475,0.4907154460216126,0.5992436004032169,0.4407421339384305,0.4781534572467354,0.5699035354207769,0.4609179536450051,0.5382262996941896,0.5731663944837597,0.4984336361777237
align-dinov2+500m-things+hyp-abl70-shuffled-7,0.6394600574811158,0.4075099947524169,0.5670096293364991,0.8004183585578935,0.5013679437019006,0.7750283157681462,0.4948734135305153,0.488390502796032,0.84050576576147,0.3538101817408864,0.5170707330894854,0.535339485186984,0.6726242553014207,0.4346353459692231,0.5661279971996966,0.438491722263405,0.7307968792696129,0.5246459239433477,0.5794139374538291,0.6003793357577761,0.7629513343799058,0.5912009512485137,0.3221566758078862,0.6089707427686522,0.3953116294038962,0.4560531895618112,0.6438568428260324,0.5768731856893314,0.5825344508271337,0.4644813642981882,0.5586923567193198,0.5328466976105622,0.6914973900204822,0.4651372195904944,0.6516029893876923,0.5636905485081294,0.7871921182266011,0.5916454765157088,0.5180871769578753,0.547835415877824,0.5159315570274474,0.5745791465483492,0.4088722204204453,0.4299800079968012,0.4745195914160923,0.6184425108357656,0.3755053066121959,0.6009436344911118,0.4516646587714712,0.5222694106907971,0.6373426530939138,0.5431831831831831,0.4805221145348921
align-dinov2+500m-things+hyp-abl90-218,0.9229618670128976,0.7194078461630317,1.0,0.9222835491173714,0.6677023175951021,0.9144385026737968,0.777364396241652,0.705277922077922,0.9184471078686816,0.5186848724398131,0.8829890556826956,0.818819210462724,0.9639166848750836,0.7799619513357182,0.8168101490399774,0.8658076311323185,0.7473169745066839,0.8647632519356759,0.9624234753117766,0.9375609841744011,0.919636929731234,0.6907636133775814,0.5613173353557055,0.8428731734922393,0.7862991779243853,0.75157001074864,0.9707669274606394,0.792336880437544,0.9673069622472248,0.5560994310213849,0.9787234668467046,0.6041864399441852,0.95082450319113,0.6604484456074352,0.9107261695047952,0.7703990043194963,0.8508744804742163,0.8098016912870462,0.823867355446076,0.8227263271037759,0.7019105048494428,0.5449750006942776,0.7636787441855668,0.8779061611724316,0.6171829941501195,0.8047777250435058,0.7588515019382827,0.7462145694411991,0.5912413230491033,0.934527303017777,0.8337377970866342,0.9380616857698456,0.8578354263666549
align-dinov2+500m-things+hyp-abl90-218-random,0.4035837246456909,0.570342603209738,0.5906362877362821,0.7893800121443079,0.6701172039383966,0.8141819194450773,0.6901607358543157,0.5346161038961038,0.7670731707317072,0.4680397668278687,0.6470067321778348,0.4896776506172126,0.7715300261935323,0.4427627931602785,0.6368001054330994,0.5718837498634655,0.6186843506849753,0.5420048701298701,0.5357717152132548,0.7144727505302596,0.6899596436625163,0.6115118793763139,0.3859576012659542,0.5045381349729176,0.4367798198416057,0.5379601157095364,0.7570674911464765,0.5232030956712581,0.5515651801029159,0.5233762918807235,0.3417233153056391,0.4488628848321213,0.572742831146511,0.577655289052256,0.6143695014662757,0.5769743681530399,0.5857414190747524,0.6127529992583346,0.5100386864299761,0.6510086771866876,0.5247583118832372,0.5798158891334587,0.4901550623141345,0.5039629935150515,0.5152041726378691,0.628235709868363,0.3725644502629557,0.1946158806190125,0.5233053017484155,0.4393642066069624,0.629899650741342,0.6047623653987148,0.6109770685914722
align-dinov2+500m-things+hyp-abl90-42,0.912436643065554,0.7476183263168555,0.977108604648673,0.8021448598931378,0.731187928805617,0.899078775895385,0.7789537018658198,0.8503846335545625,0.8852618243243243,0.5975234111852943,0.8202052594432192,0.9597533132991852,0.9551033686538104,0.7596213362442993,0.8875480969536553,0.900563870098803,0.7244659309902912,0.9243455360867752,0.939990103506132,0.9376767912938128,0.9175951326637144,0.6566293183940243,0.4406039919344161,0.9074216749265984,0.7147558548905556,0.7943048636528025,0.9802955665024632,0.866067815714527,0.8892692549248556,0.6703314354148757,0.8717125639756879,0.4541194759049522,0.9467666781978834,0.65849667301407,0.9005981485479074,0.738749723415901,0.9143691019384692,0.8987194452430354,0.8391021504721786,0.7816932228940074,0.7392374029285395,0.5829351691098924,0.749625382668861,0.9196406281903016,0.6458246065534125,0.8628606147403141,0.7305658512478379,0.729975872032409,0.704065409947763,0.9653707731271084,0.8464833505509729,0.8591991264615845,0.7900843503653766
align-dinov2+500m-things+hyp-abl90-42-random,0.5069801355650441,0.5117415527317912,0.5534772159177025,0.802710127863502,0.7300064942618855,0.7861877885288698,0.6475481285912662,0.4011146021462512,0.7597172298106878,0.4793347263282509,0.6587417793133377,0.4746063791734114,0.7455143539067178,0.4460192231463021,0.5646324590067415,0.5463833845716779,0.5534505348903475,0.5380827974276527,0.6473693063311579,0.6130926291009667,0.6698128130049428,0.5856912813434553,0.3299658211276391,0.5260869565217391,0.5748271249247652,0.4857764619783728,0.7146008829235013,0.4980085865002461,0.5709645633371044,0.6163593720033711,0.1304104216276789,0.5717409173105376,0.5267830282852846,0.5575215452417382,0.5892741061755147,0.7035463572144895,0.5617593860405362,0.6443867618429591,0.4045507927187316,0.6652171644257362,0.5810458825886596,0.5404760683284076,0.5115143421965621,0.5420508767440333,0.5187150175110833,0.5802404803384769,0.4385073871348152,0.2962308275910616,0.5024661504212427,0.3891072394324907,0.6850408294425153,0.5529794016495636,0.5422955947373261
align-dinov2+500m-things+hyp-abl90-7,0.979338726743079,0.7978435662476613,0.9274206903761852,0.8895206743478479,0.7547107914074964,0.8739056188760003,0.828261599834313,0.8689727475455414,0.8877642580382027,0.5315929176838687,0.6834999304549144,0.750637605125423,0.9551033686538104,0.7869570087566247,0.7100897956278375,0.7029390060524349,0.7538582349228066,0.9192324137097052,0.9551219018970944,0.9382169702057058,0.8384049650572241,0.5856912813434553,0.561097280654351,0.9087127370704444,0.826308913311421,0.7042744632470598,0.9420409604965214,0.8340390773903398,0.8637985414824709,0.4903363837652938,0.9615305868109956,0.6289945242367765,0.910380080661624,0.5826089645452815,0.9117641182804936,0.6809732167124863,0.8748618716091998,0.6264720354272593,0.9082031574173468,0.80594953146134,0.6469786460699682,0.5802950952630174,0.7838396947411622,0.8755807637406363,0.6562415298900767,0.8442794290624037,0.7546767691635564,0.8586167780501639,0.6549511464467477,0.9307282051282052,0.8839561718653819,0.8734443326388083,0.6785931458828655
align-dinov2+500m-things+hyp-abl90-7-random,0.4138610865203688,0.5627956593587982,0.5935524455753464,0.6550454487003945,0.6755756067766562,0.7639907880869667,0.6900713690807608,0.3740972157769092,0.7727272727272727,0.4370629627379735,0.5482535589641799,0.3848038996066343,0.6325110999335801,0.3878881396625321,0.5756458519999863,0.507583197541388,0.6630958585084232,0.5238970588235294,0.5328967133329328,0.7198328108672937,0.5727270185482539,0.6510289052235361,0.5217451181573273,0.5213722956354996,0.5196292726584283,0.4893940896504041,0.6934297229863733,0.5230661889524767,0.5903599175519264,0.5425528630961568,0.1920926781943731,0.5031771426621102,0.5706404477709965,0.5731900172967631,0.5343376359517225,0.6132492430438963,0.6005921701220869,0.625083128226575,0.4870436487608871,0.6289849926871145,0.5370099330640282,0.56863662568699,0.4602649216585186,0.4777163332668274,0.5503608722221925,0.6166180758017493,0.4797678751423593,0.319656180992151,0.5084727999621615,0.4228884268884269,0.6954833092871494,0.603198958136738,0.5753339546442995
align-dinov2+500m-things+hyp-abl90-local-shuffled-218,0.9662885370530564,0.683952119821685,0.9361090919222032,0.9459650529692312,0.951752466140134,0.9555583272076872,0.9050793745702412,0.8573155195505178,0.9039982646474858,0.7728395061728395,0.828858717844018,0.9435640607636084,0.9610261414338545,0.8270804908735943,0.8536053238414396,0.8277867873661816,0.7971027153254813,0.8383673469387756,0.9251779128356968,0.9691992794394816,0.8911636560873897,0.8313847837985769,0.6012585400934916,0.9106225732566392,0.8932706232477399,0.8545591917239428,0.9367180280802678,0.8550882014453688,0.943287419651056,0.7208251283881536,0.7975921153651688,0.4931640625,0.9517608100974227,0.7244560943643512,0.9586337760910816,0.8319327731092437,0.936842105263158,0.9365542363734486,0.9299610894941636,0.8759672065466789,0.7504013308939589,0.6211093120573299,0.6849501092669941,0.928228692821022,0.7229759150115451,0.7783523908523909,0.908142025412441,0.7032324451095459,0.6482333058208545,0.952726568642407,0.9057394265640908,0.977298460336651,0.7841269053111903
align-dinov2+500m-things+hyp-abl90-local-shuffled-42,0.967443859884914,0.7597633456693859,0.9203263137924492,0.959437886996904,0.6800230076669684,0.9509715056012644,0.8570640864616768,0.9088005238322314,0.9347429781609424,0.5670072969391177,0.8206658324918585,0.9225352112676056,0.9391523455186124,0.8521888719419584,0.63255620251588,0.7107059328910315,0.8238288418815801,0.8677551020408162,0.9592169824615344,0.9379667116509222,0.7343081083610058,0.6387798836659152,0.603645329858922,0.9099330687048688,0.8167144764498261,0.7920061271267705,0.9656428789342896,0.860363149754242,0.7599028185191353,0.6249693465446376,0.8767510860415224,0.4706380208333333,0.900146753333073,0.5960530295392681,0.9214477617856064,0.7942143326758713,0.934812030075188,0.9218431001080216,0.822518603252124,0.913243205448,0.7459661314968706,0.5589805777769085,0.5198415408783553,0.9047169191212776,0.5187442021808035,0.8404029012786396,0.9278186999131536,0.6697936210131332,0.5467727352090193,0.9685078434963073,0.9057394265640908,0.97221775955129,0.8221136473044869
align-dinov2+500m-things+hyp-abl90-local-shuffled-7,0.9582837983599098,0.667880177743232,0.9481430112156788,0.9024266871558456,0.8690845684394072,0.9019430112025288,0.8664868784616188,0.7812661850892735,0.9141104294478528,0.5755865982756739,0.8639913921384131,0.9365945674044264,0.9391523455186124,0.7701929985880603,0.8931251763378162,0.7722127187880612,0.741071567370378,0.9428571428571428,0.9217284811843584,0.950023259652756,0.8198944754810678,0.7099723774097958,0.7003596940111376,0.9302263632979714,0.8408661282007218,0.8472333959059622,0.9464537160679188,0.8193096015970354,0.8891469496554084,0.5445028519390339,0.9282110356017038,0.5631223221668211,0.9518044268201784,0.6055745222859371,0.9588407339056154,0.8491704374057315,0.8955957888601509,0.9354866034195164,0.9059502856349058,0.881923297907891,0.6302713604693803,0.5448040331761262,0.6669923256834855,0.9324385280757208,0.5207315504089698,0.7554864361448085,0.7916620637049895,0.8687191563399571,0.5836969131581304,0.9803067120683788,0.9233592015048968,0.972351401465507,0.848991520416113
align-dinov2+500m-things+hyp-abl90-shuffled-218,0.5097851758414816,0.4707548852632067,0.4754696153243575,0.8630524663916784,0.4778186766219493,0.7064243085019002,0.6114157951676884,0.5028209556706966,0.8041237113402062,0.3671097674120996,0.3501265234982296,0.5524619288825647,0.7618325539117619,0.5279274741878619,0.6046334961301562,0.5698680018206645,0.7051311845866958,0.5514078368981111,0.5824863565137516,0.5018424036281179,0.740685723199706,0.6152992052360916,0.4243190505941189,0.6604144878126506,0.3583130575831306,0.3901265475353796,0.6055099755887158,0.4095762005618037,0.5808318957255127,0.4176605250862262,0.340314806906229,0.512972096575889,0.5685761709260123,0.5595238095238094,0.7271916659181717,0.574727688713532,0.7083876404112613,0.5849058380414311,0.5057000313867149,0.5843326733564326,0.4979593043889743,0.5637995350597393,0.4842628588516746,0.4070397058255227,0.5415115799412955,0.709928838293646,0.3056576021353792,0.3226875862437764,0.444543310940072,0.3987559759420141,0.5454545454545454,0.588774204336122,0.4084739907215477
align-dinov2+500m-things+hyp-abl90-shuffled-42,0.6008704374047088,0.4710961379710404,0.5507860065096233,0.7059079423887706,0.5768147641831852,0.7314952806756085,0.5738041351941553,0.3392115976566378,0.7558932878520507,0.3724903459812704,0.4888807551337799,0.500464136155568,0.6658574540927481,0.538027568712348,0.6109159572724933,0.5284106137764675,0.5888657352592944,0.567147912796423,0.5336892886445938,0.4756235827664399,0.6637630505892369,0.5887681159420289,0.5025976773913757,0.6120293847566575,0.3630669439492969,0.380991007694447,0.6047173123553099,0.3955656541462378,0.559080459770115,0.4155320874673308,0.3158332017682117,0.5527565760313821,0.5497186876676525,0.5700096977533538,0.6444008852558482,0.4875822501520826,0.6393515091154085,0.5778157753079384,0.4990856791132634,0.5861459968602826,0.4736024844720496,0.5736853519615565,0.5697548734376865,0.42758852981562,0.4932953505592327,0.6160887872837226,0.5383326063453912,0.4600504095778198,0.4094928815543052,0.4675224646983312,0.5318941275892825,0.5617212473897252,0.4279914325345493
align-dinov2+500m-things+hyp-abl90-shuffled-7,0.7015910202621154,0.4350384778066071,0.5412399338517523,0.8170475833645561,0.5768147641831852,0.7374877223616719,0.5964942731529607,0.3653373207153678,0.7761289385799333,0.437842190016103,0.3691782279059399,0.4785247279689908,0.7051196955617505,0.4839512213021514,0.5954509152219686,0.5442488545936821,0.61429102280102,0.6634401843704169,0.6127501266031096,0.5582330827067669,0.6878408413292134,0.5822303219838788,0.5317282682434991,0.6341263311851547,0.4687056737588652,0.4111275992960286,0.7176324639609019,0.4680948415700531,0.6420822144185087,0.4698918430895656,0.6354559576688754,0.5324410949410949,0.486125249742635,0.5317916183004443,0.6244533415460425,0.5354635962227924,0.5944219585785577,0.5805925925925925,0.6463851371176689,0.624078624078624,0.5330999066293185,0.5961830405551941,0.5363542249091418,0.5638050379881636,0.510804614979894,0.6214275627687462,0.4895666944352141,0.5079279908917722,0.4435479272395507,0.5701830863121186,0.6196314194620236,0.5547493070845824,0.3783031199644618
align-dinov2+500m-things-218,0.7258619336904282,0.6807226156063365,0.9783614182406662,0.8596491228070176,0.7971996035228874,0.8997190872190872,0.4911302753183996,0.5813582011568939,0.8455575759475813,0.5699540143672361,0.7343156592637372,0.8981646827610491,0.9385163581543328,0.7566595354412218,0.7983147880602887,0.8862875908305027,0.0713671573705953,0.8303345388788427,0.839615347752468,0.8296504426115593,0.9146738596073496,0.8023123540906155,0.4382061716394549,0.9226865487590292,0.622227809906965,0.6746101132227836,0.9546104241457252,0.3597094150407335,0.8370374458456361,0.8269732940668,0.9484297168112468,0.5309127027921864,0.8047711875856478,0.7352554070451685,0.8952347148949442,0.7561898928945158,0.8973489787049109,0.6540517007696794,0.861811226554284,0.9021830334921423,0.8051659804426144,0.6680184775424581,0.62089877726482,0.8391813463835212,0.6245659896238442,0.8864300963294529,0.5128826594668535,0.7801925013576233,0.7180232742744651,0.9776865306102306,0.8439061103273021,0.956447191414814,0.8281006791933613
align-dinov2+500m-things-218-random,0.1577705685039248,0.465158784819089,0.4857306899997961,0.6835678068985217,0.7413978494623656,0.8117532855436081,0.6417640939151317,0.3922375373737753,0.593989815678118,0.454076106296275,0.1971211713665149,0.4527502824733895,0.6736040944709525,0.2544352197692284,0.531634059777667,0.5885448660663999,0.5467933057001566,0.5606990881458966,0.5382409878093444,0.6348846249315055,0.686251830930025,0.552756970003611,0.324835275997098,0.5242172956507023,0.5876288659793815,0.5312357890168771,0.4866603395549931,0.1312987859280882,0.5729308325924981,0.5128194926449953,0.1587988472972498,0.4783858181207902,0.5198964076908896,0.602194372546043,0.5349795848365131,0.5966624284806104,0.5028243707785589,0.4395403308446787,0.3904992153369809,0.6417815313520835,0.5289836052334033,0.5862128942486086,0.4225075012905446,0.5179874379971237,0.5531408246925489,0.6780181337902477,0.2262472778878856,0.3048867443122824,0.488021778584392,0.4456907234115285,0.6037159625012696,0.5615241441328398,0.3391424680470169
align-dinov2+500m-things-42,0.7643841671326649,0.7887097980469739,0.9819537109508352,0.8198065256599442,0.6196269587324911,0.9216805398416034,0.4773883777144024,0.8125043363630057,0.8930254022005802,0.6327543029467669,0.8715843221994007,0.9279650265903462,0.9449197745939136,0.6932989506106515,0.8972951584954867,0.7033695546060091,0.5857750105993034,0.9113775290572536,0.8817179146873374,0.7101801295864268,0.9288072409054292,0.631242526087887,0.2686951192698318,0.9479514170040484,0.9065444844767728,0.5632450699215189,0.9681910109948848,0.705880912784687,0.9680695907904884,0.8119209208677679,0.8512374482490449,0.7598499061913696,0.9466967126662944,0.577472782092494,0.9199824353285838,0.8461270478173896,0.9174799458487402,0.7474332102142036,0.8247508924600646,0.9497716542126128,0.8327074500302847,0.5601851851851851,0.7715472027972028,0.7573308569975566,0.5519263103743705,0.8352384247436722,0.784688752186918,0.755835688885541,0.8028773273426911,0.8878283767038414,0.815555925502878,0.9056810096243868,0.6155813718345273
align-dinov2+500m-things-42-random,0.1839305314575214,0.4654811926051956,0.5803082988195167,0.80011655011655,0.7059027387508898,0.7656669350509929,0.6178883450896802,0.511472366809553,0.7880990166560372,0.4304892264881736,0.3458516113706548,0.4889579806265461,0.7069793379837048,0.2415528400756844,0.5431986508942678,0.4967336373721188,0.5101541046987592,0.5323759186549885,0.5638348104095571,0.5008227307467518,0.7244378112557355,0.5578124578253186,0.4023650212694907,0.5539410837123204,0.421206353823091,0.5201972647760064,0.4786098472605521,0.2635635328891132,0.5564772145417306,0.6343575096810515,0.2587129359735833,0.5636516047909984,0.4404521233867081,0.6097487986020097,0.5554598493973877,0.4838505650193961,0.5848336061102019,0.594821873557242,0.3543694208871913,0.6161944978772322,0.5164566099578586,0.6044740351754606,0.4522864449727082,0.4975143770165718,0.5519782361887624,0.6137558712338183,0.2960651902710472,0.4377539154778864,0.5181595070360366,0.366283937999703,0.5516645853315224,0.5298186788359134,0.4953707930775222
align-dinov2+500m-things-7,0.5004299803230658,0.5561089317186878,0.9639272300620132,0.7831396673501936,0.8572693588249363,0.9224175519264308,0.5463857580082251,0.8376422921088172,0.941691418793944,0.611171104077453,0.8860375419844034,0.9052032850426084,0.9366799598930144,0.7941879082412359,0.8961570112266609,0.8234343371400029,0.5498387087299893,0.8514653708587738,0.7999004655712351,0.952419373987871,0.8923551949515439,0.5981548558868146,0.4770244554651185,0.794371383002962,0.8382228067109937,0.6677125573993654,0.9591939452649464,0.7878899009088806,0.7755700985263617,0.5567103949037708,0.9567503335772266,0.6062324619701669,0.9239741624294492,0.786728488552854,0.8820805266380894,0.7342302153769096,0.7529968284685267,0.5919742054813353,0.8679729104388616,0.9107292917166868,0.7900390625,0.5884041331802526,0.8055734217296655,0.5548022342175053,0.6038748965578234,0.9074077086304144,0.4774559437917157,0.7832772491297785,0.6471470358010959,0.9591089369813542,0.9226833867573536,0.9363577072475312,0.7149411485458176
align-dinov2+500m-things-7-random,0.1053742100257504,0.4409960167575627,0.5461769878737388,0.7408724513987672,0.724390594354396,0.7980887532216118,0.6038617291178766,0.4790763620000841,0.7801346297681375,0.463552675249358,0.389632472565238,0.4303447686612658,0.6024479374397049,0.2544352197692284,0.5768214315520072,0.517569775742671,0.5307282123368694,0.5526993865030675,0.5853742858839789,0.4969986739817625,0.5763546798029556,0.6905105379824779,0.2788729737695255,0.5504346451714873,0.5462155439635119,0.5320850298072696,0.5420959138390331,0.2227662301728332,0.6709614721464623,0.551678110816207,0.3771388385782076,0.512833886887353,0.4615192805468673,0.5923748964339169,0.627980974249631,0.5872455561958037,0.5929734553587764,0.6231448840144493,0.3912905184014366,0.5887940012124371,0.5258650882600168,0.5714285714285714,0.42138671875,0.4563925402610563,0.5501741057296613,0.589175816608348,0.2463492139532284,0.3955684743926395,0.4428680373923142,0.412361648595738,0.5747877090389489,0.5714421353264668,0.535077288941736
align-dinov2+500m-things-local-shuffled-218,0.8644751190394884,0.5255350925918448,0.9117552561531876,0.8126055581145402,0.8430429423159167,0.9056977594594384,0.7074329516470622,0.7176467437038095,0.9126168284539328,0.6359455271177608,0.8535230415826731,0.9424099913091764,0.8765819137410388,0.7895923624255934,0.6913758510397167,0.8570618237780563,0.7706565910201998,0.8403755868544601,0.9421889978559398,0.8388610878490165,0.7788389211261552,0.6571267605633803,0.5731153234228361,0.93791379451271,0.7478592187241818,0.4719009284910586,0.8922468305142822,0.7690206286394444,0.9044352245990266,0.504125698862541,0.6884457649224742,0.5054772096750084,0.8986518140422057,0.5707384155455905,0.933562037776952,0.5580601628139829,0.8738072410172122,0.914604358766981,0.8700236598989574,0.8876954137701609,0.5937211449676824,0.5370962305161973,0.6589521384595232,0.8979265796297139,0.5124241060845754,0.801126271714507,0.5513278477892718,0.7435702723549414,0.6271597009109782,0.9312576666235088,0.919128858600946,0.9696412419136308,0.7494181681681682
align-dinov2+500m-things-local-shuffled-42,0.1408914487367993,0.5502093918635108,0.8917136851421619,0.8824312159993738,0.8970620283202856,0.9338768115942028,0.8949606158252774,0.7816233433206468,0.8998685375545287,0.6043771043771043,0.8710019178282666,0.9390082945976816,0.937559378867111,0.7695237281809663,0.6080687877816178,0.7859327234599364,0.6268436330996415,0.7657076479495528,0.9640792563454434,0.9293286219081272,0.8422228699115905,0.6778617733386828,0.4815719086585117,0.9291778985381366,0.4838064073159686,0.8565479056331248,0.9497511971341424,0.4779913321897319,0.8201595882303557,0.6179266557957187,0.6848241045768689,0.5844568467117487,0.9064182862479262,0.7348580339224656,0.9372941547362954,0.8023138304853401,0.856962481962482,0.6734185617019405,0.8854833237642883,0.7624036762106751,0.6472028542779191,0.6008242682725424,0.6112440395095369,0.5433622998788885,0.5639322726609254,0.8375878750302284,0.433534597270861,0.8411820380913041,0.7056457226385764,0.9732719214166766,0.8934134138328936,0.9476079750655516,0.8221017076746306
align-dinov2+500m-things-local-shuffled-7,0.4598749862130442,0.5576852414483325,0.9503259812963468,0.8775565883495867,0.9092806390708424,0.9519370143909568,0.8970452106121379,0.8009632273783216,0.8988190577358773,0.5746479259137487,0.8577257197813619,0.9457851507534948,0.9171611609615016,0.7455584925963181,0.6826147261280218,0.8140660815307538,0.7433781248123602,0.9355624688597504,0.9712634050763548,0.9431322628259604,0.8597404557114834,0.849138071673283,0.6794212438082937,0.9243245017892904,0.7170887840064949,0.5824249165739711,0.9351851851851852,0.7135629723221774,0.9237928471814042,0.7365862734609392,0.8440881389418609,0.6390928486682778,0.9338324046350692,0.7525887505904437,0.9243814608104828,0.8118209657675539,0.8226141485400744,0.941307420377188,0.876818938437995,0.8626652013720486,0.6829317471519307,0.5449750006942776,0.6706288027598126,0.7219889883187556,0.5778246995285534,0.8521814631728425,0.514907276231318,0.8276213918028293,0.705903609015764,0.9389170625811848,0.8011147250003658,0.9449888651916396,0.8583041635961681
align-dinov2+500m-things-shuffled-218,0.2052137779218515,0.469967751546699,0.539539502376293,0.7833528172517643,0.4914772727272727,0.7382506550203096,0.4699469384508755,0.3948100491779276,0.7152795031055901,0.5555958882216524,0.2870196445285233,0.4672883928985306,0.7105264153823446,0.2155000325165653,0.5831756492235417,0.4961225895316803,0.4132933503831417,0.5517241379310345,0.5248278450864658,0.4263496315735121,0.6787455600936689,0.6051754034947312,0.2475447826855794,0.6097464827982755,0.4672405063291139,0.4368237026131763,0.71436346886262,0.1481909363098626,0.6254246670501785,0.4414236282748394,0.5070423713368777,0.5528100874935666,0.5446721137069663,0.5476525727159351,0.5828815828815829,0.4828461000448759,0.6258931815429333,0.6038846062276872,0.4682047725351655,0.5788009216990566,0.5568774562694452,0.5687029819632013,0.5519499982186549,0.4591037887349075,0.5617919842560872,0.6015667455740371,0.4344408837915332,0.3831502234406045,0.455810147299509,0.55384540922511,0.4864895307759935,0.5426004728132388,0.4593846153846154
align-dinov2+500m-things-shuffled-42,0.4515805912987666,0.3960210054381669,0.6197130168443996,0.7654438257451687,0.526219063954913,0.666126103924442,0.5311777397071104,0.4349951637711372,0.662279569892473,0.4322757390417941,0.2337972972869546,0.5262699139817784,0.6966616871086849,0.2738914702953866,0.5889488629096211,0.5140245054481761,0.2739266785690917,0.6833333333333333,0.5654522087855938,0.4133718133718134,0.5881002727467746,0.6597331240188383,0.208322392378159,0.6224646089175327,0.4082137784001524,0.4553198679493095,0.6235613789312813,0.3558702319511333,0.6000640450768328,0.400345780542577,0.4227415869156086,0.4582251082251082,0.6215461493239272,0.4978629991477732,0.5039377456954226,0.5123269915472568,0.6828142729858091,0.6017053784740342,0.4669341289674322,0.5950413223140496,0.5357946280572377,0.5502996208878562,0.4144729277140371,0.5445043078951556,0.5172778402911739,0.5879345369884276,0.2470317182513254,0.4985458881213137,0.4535540372900813,0.4559825406110787,0.6175739073448773,0.5404444444444445,0.3589437466318451
align-dinov2+500m-things-shuffled-7,0.4252282769699617,0.4707624152497248,0.5827516023004745,0.730517444200712,0.5276066733081705,0.7062231777860933,0.4734166942268945,0.3915713809746109,0.43825,0.5172744910559081,0.3287404176579435,0.5263257575757575,0.692146478235011,0.51748758405485,0.6202079068537951,0.60961032853047,0.4127165735951211,0.6604651162790698,0.4940037370477322,0.4793064022233165,0.7194689930353534,0.6634214326462852,0.3380119837235856,0.5771589167092488,0.5439397018344386,0.4765432358805853,0.6349432909828677,0.3580441938272742,0.590317807372071,0.4647936898191913,0.5445164403497736,0.4129237652727585,0.5477931634690849,0.5596087544732478,0.6630810816726309,0.5375711574952562,0.6239780442004911,0.5898559447403798,0.5208071349803632,0.6573426573426574,0.5750518767001043,0.6145188157700604,0.5705131176416056,0.5171471269662484,0.5347664287903332,0.6479988752460399,0.4594709908499624,0.3891089580895102,0.4727417934965104,0.5422535211267606,0.4659979096017221,0.5819092211932433,0.3528787260106165
align-siglip+1b-things-218,0.7342671005852692,0.6105464954654817,0.945482936358997,0.9940904444889878,0.5123938787931485,0.96875,0.5926437248682623,0.9044805196524004,0.9895287958115184,0.6645887434560681,0.6786415277207892,0.9210232313186912,0.9827151277147698,0.6322667113169987,0.925826436590472,0.8987190854383219,0.1386469513962827,0.9430816253146348,0.9528363352124546,0.8783343562626883,0.939523868638929,0.8859775666251234,0.6480043274836702,0.9370947052671048,0.8117729753569657,0.8013584280328545,1.0,0.9459006316320174,0.9722245753139964,0.8362948878144184,0.946806410301078,0.797461256741002,0.9464068217663854,0.9207525353086988,0.8431304809992028,0.8640036730945823,0.9135056715645196,0.9618926720164422,0.92240313293181,0.944336376466524,0.760646217986897,0.7818847072879331,0.800111149110807,0.9527791193558476,0.7972669742581246,0.8477152585736591,0.546744953239914,0.5481158104927544,0.7765860923358918,0.9702528242758656,0.7275375284514598,0.935781877536043,0.7991467319330127
align-siglip+1b-things-42,0.5522361728699287,0.3931833931833932,0.87556465796538,0.8877184452907653,0.5912977359452206,0.969034090909091,0.4680868769243571,0.8106309638255127,0.9555806172523992,0.6033886242323365,0.7911192511256208,0.8733580327158487,0.9741976815491428,0.6910767454030352,0.8777482049790057,0.8428697338268992,0.0303786720692725,0.8139139784946238,0.923812541497042,0.7071429724798296,0.9275160384923816,0.6343929603930297,0.3404729432231875,0.7506555863342568,0.5146184744783089,0.5014795964556445,0.9772239218670248,0.6619062693594067,0.809893869571289,0.7788088638811299,0.6290120657481381,0.565429897931316,0.8874383120861824,0.5751159242766937,0.9006230562363476,0.554268335647814,0.8905000261872161,0.8434154033005551,0.8435161918917295,0.8039580653108149,0.7051555526384877,0.5697954663887441,0.5699412253322594,0.7089096669091386,0.6015913323175892,0.9070025095269078,0.227530135102338,0.5017235857659182,0.6725154878323631,0.84852095446891,0.8203853501884114,0.9420289855072465,0.7886714949735163
align-siglip+1b-things-7,0.6935221090090646,0.3931833931833932,0.8688875347789097,0.830125607052933,0.8264205751273345,0.9071022727272728,0.4680868769243571,0.6017456399335301,0.9281204704841932,0.646941253947797,0.6867510113490484,0.9477124183006536,0.9244020562468388,0.7972899986955382,0.9459134835142736,0.8293656450463294,0.2661788635089177,0.7753639846743294,0.8177346268028511,0.910644138639463,0.9433214427269124,0.7351965801619806,0.281812695605799,0.8068914197787783,0.7316233781187609,0.4963369307515541,0.9635111066303728,0.6331504931834219,0.8610810088624319,0.8058934927936446,0.4180975800719859,0.4991736238646478,0.91146034243998,0.6625122341306441,0.897695508664033,0.5791495603909861,0.909624930243487,0.9212780706420984,0.7516000657678934,0.893650027578599,0.5767701255456059,0.5860783168660627,0.4696694296900667,0.7579072051386466,0.6268135949910298,0.8518548568852828,0.3695575240219629,0.4709958552397273,0.6939043987589428,0.9065755294173744,0.7476514910162965,0.961352657004831,0.8339186957643917
align-siglip+500m-things-218,0.5612697119940799,0.4697465079555222,0.9381302392765788,0.875336489371577,0.448007700741435,0.9244391025641026,0.7778817107899475,0.6326333560228734,0.9097139020043056,0.6318396363848261,0.5584395515456363,0.9412571025411663,0.9532100509631196,0.5759800933513737,0.7875189463766334,0.8625304749894913,0.4865478063164705,0.9287747336377474,0.6639570760436043,0.9071230612576778,0.9000131685384805,0.8036894951005188,0.4132188332149615,0.8837102286788263,0.7427684209846962,0.4352425858552959,0.972558185519341,0.7916754617449996,0.948152332054218,0.6720387490689474,0.8951787159879646,0.488166450762772,0.9464068217663854,0.5668929166355884,0.893730645532797,0.7926116008489599,0.9109212675397852,0.6949268108688398,0.7447397360753569,0.8423987023892102,0.7918394777265746,0.5601851851851851,0.5086335009976721,0.759950443559446,0.5432853598014888,0.9351462018208232,0.7362351955910632,0.6968321950654106,0.7128997831073894,0.820148197415321,0.6059290961153694,0.9416089056920816,0.7594654390949563
align-siglip+500m-things-42,0.6091380030527677,0.4897428635746392,0.9019914607741384,0.8387315291383032,0.7477278093391886,0.9337749062981912,0.9509996677004872,0.7345079091328013,0.8993686586778704,0.5577954314942518,0.6261074329400735,0.9214740219096296,0.9343139369903704,0.5686991869918699,0.7012775574289571,0.6972328630231507,0.0307707013086114,0.7180000000000001,0.9242987579533628,0.7099331402776595,0.8115680127850513,0.595640293131288,0.2593462622175892,0.85390537096445,0.4499439916504037,0.4805974598375403,0.9772239218670248,0.7196011125366031,0.6697176352306249,0.6158846751000533,0.7598957593928678,0.5393309828231188,0.6159633485009037,0.577472782092494,0.8761981124683149,0.4858368557188821,0.8632897603485838,0.8969387693696406,0.7426492763376198,0.8665133251599417,0.5379549590536852,0.5697954663887441,0.5508275020136931,0.7359919327188753,0.5320084551052293,0.5758263725280217,0.261244991252328,0.5758832062062654,0.5203820495812096,0.9330484998137564,0.9135455149862414,0.8999309868875086,0.7315053205389771
align-siglip+500m-things-7,0.8018332205295592,0.416356695527906,0.9422744058755548,0.8618851049191606,0.4026214887055097,0.8554924242424242,0.8566969842807334,0.696861646816949,0.7953163273191156,0.7938931297709924,0.5490649211532168,0.7993794820520301,0.8893317593952845,0.8814005612339938,0.5768214315520072,0.7505052859838227,0.6659993778565279,0.8054152226928507,0.8984759653841967,0.8256203349981863,0.6826132837924084,0.6886130505506384,0.7405582206043022,0.8497519101397218,0.6479057317914724,0.6527377312323391,0.760214870785702,0.8756662525941324,0.9435963296354624,0.5480062324571519,0.9156913575542348,0.5119145187552253,0.7720817291676423,0.6064555200494794,0.9051180543507406,0.6400336181538031,0.9115095430884906,0.8745350194625556,0.78447934308074,0.7076530612244898,0.6043491715863645,0.5601851851851851,0.6618361635345331,0.7315920305266083,0.4692583402260822,0.5874502980975501,0.5808375412209071,0.5421941661941663,0.5912936785869483,0.8058004984473364,0.9457518986957796,0.58945420906568,0.5764293815968391
