run_name,aardvark,accordion,air conditioner,air mattress,air pump,airbag,airboat,aircraft carrier,airplane,alligator,almond,alpaca,ambulance,anklet,ant,anteater,antelope,anvil,apple,apple tree,apron,arm,arrow,artichoke,arugula,ashtray,asparagus,avocado,axe,backpack,backscratcher,badger,bag,bagel,bagpipe,baklava,ball,balloon,ballot box,bamboo,banana,banana split,bandage,bandanna,banjo,barbell,barnacle,barrel,barrette,baseball,baseball bat,baseball glove,basket,basketball,basketball hoop,bassinet,bassoon,bathrobe,bathtub,baton,batter,bazooka,beachball,bead,beaker,beanbag,beanie,bear,beaver,bed,bedpan,bee,beer,beet,beetle,bell,bell pepper,belt,belt buckle,bench,berry,bike,bikini,bin,binder,bird,birdbath,birdcage,birdhouse,birthday cake,bison,blackberry,blazer,blender,blouse,blower,blowfish,blowgun,blowtorch,blueberry,boa,boar,board game,boat,bobsled,bolo tie,bomb,bongo,bonnet,bonsai,book,bookshelf,boomerang,boot,bottle,bottle opener,bowl,bowler hat,bowling ball,bowtie,box,boxing gloves,bra,brace,bracelet,bread,breadbox,breadstick,briefcase,brooch,broom,brownie,brush,bucket,buckle,bug,buggy,bull,bulldozer,bullet,bulletproof vest,bumper,bun,bunkbed,burner,burrito,bus,bush,butter,butterfly,button,cabbage,cabinet,cable,cactus,cage,cake,cake mix,calamari,calculator,calzone,camcorder,camel,camera,camper,can,can opener,candelabra,candle,candlestick,candy,candy bar,candy cane,cane,canister,cannon,cannonball,canoe,cantaloupe,canvas,cape,car,car door,car seat,caramel,cardboard,cardigan,cardinal,carriage,carrot,cart,cash machine,cashew,casserole,cat,catapult,caterpillar,catfish,cauliflower,caviar,cd player,celery,cello,cellphone,cement mixer,centerpiece,centrifuge,cereal,chain,chainsaw,chair,chalk,chalkboard,champagne,chandelier,charcoal,chariot,cheese,cheeseburger,cheesecake,cheetah,cherry,chessboard,chicken wire,chickpea,chihuahua,chinchilla,chipmunk,chisel,chive,chocolate,christmas tree,clam,clarinet,cleat,cleaver,clipboard,cloak,closet,clove,clover,coaster,coat,coat rack,cobra,cockatoo,cockroach,cocktail,coconut,coffee bean,coffee pot,coffee table,coffeemaker,coffin,comb,combination lock,computer,computer screen,container,cooker,cookie,cooler,copier,coral,cord,corkscrew,corn,cornbread,corset,costume,cot,cotton candy,couch,cougar,counter,coverall,cow,coyote,crab,cracker,cranberry,crane,crank,crate,crayfish,crayon,cream cheese,creme brulee,crepe,crib,croissant,crossbow,crouton,crow,crowbar,crown,cruise ship,crutch,crystal ball,cuckoo clock,cucumber,cufflink,cummerbund,cup,cup of coffee,cup of tea,cupcake,curling iron,curry,curtain,cymbal,dagger,daisy,dalmatian,dandelion,dart,dartboard,dashboard,deer,defibrillator,deodorant,desk,dessert,diaper,dip,dirt bike,dishwasher,dog,doghouse,doily,doll,dollhouse,dolphin,donkey,donut,doorhandle,doorknob,doorknocker,dough,dragonfly,drawer,dreidel,dress,dresser,drill,drink,drum,dryer,duck,duckling,duct,duffel bag,dumbbell,dumpling,dumpster,duster,dustpan,dynamite,eagle,earplug,earring,earwig,easel,easter egg,eel,egg,egg roll,egg yolk,eggbeater,eggnog,eggplant,electric chair,elephant,enchilada,engine,envelope,eraser,exhaust pipe,extinguisher,eye patch,eyedropper,eyeliner,face mask,fan,faucet,fern,ferret,ferry,fig,figurine,file,filing cabinet,finger,fire alarm,firetruck,first-aid kit,fish,fishbowl,flamethrower,flamingo,flan,flashbulb,flashlight,flask,flatiron,flip-flop,flipper,flower,flute,fly,flyswatter,fondue,food processor,football helmet,footbath,footrest,fork,forklift,fountain pen,fox,frame,french horn,frisbee,frog,fruit,fruitcake,fudge,funnel,fur coat,garbage truck,garlic,gas mask,gasket,gauge,gauze,gavel,gazelle,gearshift,giraffe,globe,glove,go-kart,goat,goblet,goldfish,golf cart,golf club,gondola,gong,goose,gopher,gorilla,gourd,grain,granola,grape,grapefruit,grass,grasshopper,grater,gravy,grenade,grille,grinder,groundhog,guinea pig,guitar,gum,gumball,gumdrop,gun,gurney,gyro,gyroscope,hair,hairbrush,hairdryer,hairnet,hairpin,hairspray,hamburger,hammer,hammock,hamster,handbrake,handkerchief,handle,harmonica,harp,hat,hatbox,hatchet,hawk,headband,headdress,headlamp,headlight,headrest,headscarf,hearing aid,hearse,heater,hedgehog,helicopter,helmet,highchair,highlighter,hippo,hockey stick,home plate,honey,honeypot,hoodie,horn,horse,hose,hot chocolate,hot tub,hot-air balloon,hot-water bottle,hotdog,hotplate,hourglass,hovercraft,hula hoop,hummingbird,hummus,humvee,hyena,ice cream,ice pack,ice-cream cone,icemaker,icepick,iceskate,iguana,inhaler,insole,jacket,jackhammer,jalapeno,jam,jar,javelin,jeep,jelly bean,jet,jetski,jewelry,jigsaw puzzle,joystick,jug,juice,juicer,jukebox,jump rope,jumpsuit,kale,kaleidoscope,kangaroo,kayak,kazoo,kebab,keg,kettle,key,keyboard,kilt,kimono,kitten,kiwi,kneepad,knife,knitting needle,knob,knot,koala,lab coat,ladder,ladle,ladybug,lamb,lamb chop,lamp,lampshade,landmine,lantern,lanyard,laptop,lasagna,latch,latte,lawnmower,lectern,leech,leek,lego,lemon,leopard,leotard,letter opener,lettuce,license plate,licorice,life jacket,light switch,lightbulb,lighter,lightning bug,lime,limousine,lingerie,lion,lip balm,lip gloss,lipstick,lizard,llama,lobster,lock,locker,locket,loincloth,lollipop,loveseat,machete,machine gun,maggot,magnet,magnifier,magnifying glass,mailbox,mallet,manatee,mandolin,mango,marble,margarita,marker,marmalade,marshmallow,mascara,mashed potato,match,matchbox,mattress,measuring cup,meat grinder,meatball,meatloaf,meerkat,melon,metal detector,microphone,microscope,microwave,milkshake,minivan,missile,mitten,mixer,moccasin,modem,mongoose,monkey,mop,mosquito,moth,motorcycle,mouthpiece,muff,muffin,mug,mulberry,mushroom,mussel,nail file,necklace,needle,nightshirt,nightstand,notebook,notepad,nutcracker,oatmeal,octopus,odometer,oilcan,okra,olive,omelet,onion,orange,orangutan,orchid,ostrich,otter,outfit,oven,owl,oyster,paddle,padlock,paintbrush,palette,palm tree,pan,pancake,panda,panther,pantsuit,pantyhose,papaya,paper bag,paperclip,parachute,parfait,parrot,parsley,pasta,pastry,patty,peach,peacock,peanut,peanut butter,pear,pecan,pedal,pelican,pen,pencil,pencil sharpener,pendulum,penguin,penlight,pepper mill,peppermint,perfume,petri dish,pheasant,piano,pickax,pickle,pie,piecrust,pig,pigeon,piggy bank,piglet,pillbox,pillow,pin,pinball,pincushion,pine tree,pineapple,pinecone,ping-pong table,pinwheel,pistachio,pita,pitcher,pitchfork,pizza,place mat,plant,plaster cast,platypus,playing card,plug,plum,plunger,pocket watch,pocketknife,pogo stick,poinsettia,poker,polar bear,police car,polo shirt,polygraph,pom-pom,pomegranate,pony,poodle,popcorn,poppy,popsicle,porcupine,possum,poster,pot,potato,potpie,potpourri,praying mantis,pretzel,printer,prism,projector,prune,puck,pudding,puffin,pug,pulley,pump,pumpkin,punching bag,puppet,puppy,purse,quad,quesadilla,quiche,quill,rabbit,raccoon,racket,radar,radio,radish,raft,raincoat,raisin,rake,ram,raspberry,rat,ratchet,rattle,rattlesnake,ravioli,razor,razor blade,recliner,recorder,refrigerator,reindeer,remote control,revolver,rhino,ribbon,rickshaw,rifle,rim,ring,roadsweeper,robe,robot,rocket,rocking chair,rocking horse,rollerblade,rollerskate,rolling pin,roof rack,rooster,rope,rose,router,rubber band,rug,ruler,saddle,safety pin,sailboat,salami,saltshaker,sandal,sandbag,sandpaper,sandwich,sardine,sauerkraut,sausage,sawhorse,saxophone,scaffold,scaffolding,scallion,scallop,scalpel,scanner,scarecrow,scarf,school bus,scone,scoop,scooter,scorpion,scrabble,scrambled egg,screw,screwdriver,scuba,sea urchin,seagull,seahorse,seaplane,seatbelt,seaweed,seismograph,sequin,sewing kit,sewing machine,shaker,shark,shaving cream,shawl,sheep,shelf,shield,ship,shirt,shoe,shopping basket,shopping cart,shortbread,shoulder,shovel,shower cap,shredder,shrimp,shuffleboard,sickle,sifter,skateboard,skeleton,skewer,ski,ski pole,skirt,skull,skunk,sled,sledgehammer,slicer,sling,slingshot,slipper,slot machine,sloth,slug,smoke alarm,smoothie,snail,snake,snorkel,snowboard,snowmobile,snowplow,snowshoe,snowsuit,soccer ball,sock,soda fountain,sofa bed,soldering iron,sombrero,sorbet,souffle,soup,soy sauce,space shuttle,spacesuit,spark plug,spatula,spear,speedometer,spider,spinach,spoon,spring roll,springboard,squash,squeegee,squid,squirrel,squirt gun,stained glass,staple,staple gun,stapler,star fruit,starfish,station wagon,statue,steak,steamroller,steering wheel,step stool,stereo,stethoscope,stew,stiletto,stilt,stingray,stopwatch,straightjacket,strainer,strap,strawberry,streetlight,stretcher,string cheese,stroller,stuffing,submarine,subway,sugar cube,suit,suitcase,sundae,sunflower,sunroof,surfboard,swab,swan,sweater,sweatsuit,sweet potato,swimming pool,swimsuit,switch,sword,swordfish,syringe,t-shirt,table,tablet,taco,tadpole,taffy,taillight,tamale,tambourine,tape,tape measure,tape recorder,tarantula,tarp,taxi,teacup,teapot,teddy bear,tee,telescope,tennis ball,tent,terrarium,test tube,thermometer,thermos,thermostat,thimble,throne,thumbtack,tiara,tie,tiger,timer,toad,toast,toaster,toaster oven,toga,toilet paper,tomato,tomato sauce,tool,toolbox,toothbrush,toothpaste,toothpick,top hat,torch,torpedo,tortilla,tostada,toucan,toy,tractor,train,train set,trampoline,trashcan,treadmill,tree,triangle,tricycle,trident,trolley,trombone,trowel,truck,trumpet,tuba,tube top,tugboat,tulip,tumbleweed,tupperware,turban,turkey,turntable,turtle,turtleneck,tuxedo,tv,ukulele,undershirt,underwear,unicycle,uniform,urn,vacuum,van,vase,vegetable,vending machine,vest,vial,videogame,violin,vise,visor,volleyball,vulture,wafer,waffle,waffle iron,wagon,wallet,wallpaper,walnut,walrus,warthog,washcloth,washing machine,wasp,watch,water bottle,water cooler,water filter,water heater,watering can,watermelon,weasel,weather vane,webcam,wedding cake,wedge,wetsuit,whale,wheel,wheelbarrow,wheelchair,whip,whipped cream,whisk,whiteboard,whoopee cushion,wig,windshield,windshield wiper,wine,wine bottle,wine cooler,wineglass,wire,wok,wolf,workbench,worm,wrap,wrapping paper,wrench,xylophone,yacht,yak,yarn,yo-yo,yogurt,zebra,zipper,zucchini
align-dinov2+1b-things+hyp-abl10-218,9,8,6,9,7,5,9,10,3,6,8,6,4,8,8,5,6,5,9,6,6,8,7,8,4,12,6,7,5,7,11,8,10,10,4,13,8,9,8,12,8,6,4,6,7,8,7,10,8,8,7,8,10,9,8,6,8,11,9,25,7,9,8,7,8,10,8,9,10,9,9,12,8,10,6,11,11,8,7,7,5,14,7,8,8,9,8,5,6,14,12,7,8,5,6,7,7,7,7,4,9,6,10,7,8,7,11,9,10,6,13,10,3,6,4,10,5,7,8,8,6,9,6,10,16,11,6,7,8,5,8,6,6,8,7,12,11,5,10,9,5,8,8,10,4,7,5,4,6,5,16,10,6,8,3,7,10,4,6,8,8,7,8,7,6,10,10,8,8,9,8,5,7,10,7,8,4,12,9,7,10,10,7,10,6,7,7,7,7,10,5,9,8,7,6,9,11,8,9,8,8,6,5,7,9,7,9,7,6,7,5,7,6,8,7,7,4,5,9,7,9,5,10,8,8,13,9,10,6,6,11,4,9,7,8,6,7,7,7,5,8,7,5,10,9,8,6,5,10,5,12,11,6,7,5,7,5,8,11,8,9,7,8,6,6,6,10,6,12,5,11,7,15,11,8,9,11,10,14,10,7,8,6,8,8,6,7,7,10,11,7,9,4,7,5,5,4,7,5,9,8,8,12,10,7,8,10,7,10,13,8,11,9,5,8,7,7,7,9,7,6,8,9,8,8,7,9,6,6,9,6,6,8,7,10,11,8,14,11,9,12,7,13,10,7,8,6,7,7,11,8,4,7,6,6,7,9,8,9,8,9,9,8,8,8,9,6,8,8,10,5,8,6,7,6,8,7,8,7,7,5,4,7,7,7,6,10,7,5,5,17,5,8,10,8,4,7,6,7,11,6,7,8,6,3,8,6,9,9,12,4,9,5,8,6,6,4,5,7,10,6,9,6,6,13,5,5,11,6,7,8,5,8,5,10,4,4,6,16,5,8,5,6,11,13,6,5,5,10,10,6,10,9,8,11,9,7,7,9,7,10,5,3,9,5,7,11,5,8,6,8,10,5,10,5,8,6,8,5,8,11,3,3,7,5,11,10,10,7,8,7,10,6,10,8,4,11,10,5,7,6,7,9,9,4,6,5,9,6,6,10,11,7,10,10,8,9,8,10,6,6,4,6,8,12,5,10,11,9,7,6,5,6,8,10,10,3,13,7,11,5,6,9,5,7,7,9,7,7,11,8,7,9,14,11,8,10,9,6,10,6,6,6,8,6,11,8,8,11,5,8,10,6,10,7,9,5,9,9,7,8,6,14,11,6,4,7,11,7,6,10,7,5,7,9,15,6,6,10,8,11,7,8,7,6,10,8,10,9,10,8,6,13,9,11,7,8,8,3,6,7,7,6,6,9,6,9,7,8,7,6,11,10,4,6,9,6,10,11,4,7,8,12,8,5,8,7,8,6,7,9,6,7,7,6,4,8,8,10,6,6,7,9,6,11,7,11,7,10,9,5,7,8,9,9,7,5,15,4,7,7,5,6,5,6,6,7,8,8,6,9,10,9,8,12,8,9,5,12,13,7,6,11,5,12,7,8,5,9,6,8,5,6,5,9,7,9,12,8,4,10,11,6,4,4,9,6,6,8,8,4,5,8,8,13,9,7,6,5,6,11,11,6,11,9,6,6,7,6,5,7,10,9,7,10,8,4,8,11,6,6,6,7,10,5,7,8,6,8,4,10,10,9,6,8,5,5,4,9,15,8,6,7,7,9,10,5,7,10,10,4,5,7,9,7,6,9,8,6,11,6,6,6,6,11,13,8,12,8,8,6,6,7,7,11,10,6,7,7,5,6,9,7,8,5,9,9,6,7,9,9,3,5,11,9,8,6,8,5,7,8,9,8,6,5,7,10,7,13,5,7,11,8,9,7,7,5,11,10,6,8,7,10,11,7,6,7,8,10,7,7,9,3,7,10,11,12,7,8,12,6,8,5,6,7,9,6,6,6,9,6,5,7,3,9,11,8,10,7,8,5,8,4,4,10,12,4,6,7,9,8,10,4,8,10,5,7,7,6,6,7,4,5,9,7,8,10,7,6,11,4,9,10,6,6,9,10,5,9,4,8,8,8,6,8,8,7,14,5,12,8,5,9,8,4,8,11,8,9,7,8,8,9,4,7,8,4,5,7,7,8,4,8,8,9,9,10,5,6,8,9,3,7,7,5,4,10,6,11,7,5,7,5,7,7,9,6,6,7,8,7,6,8,8,9,6,8,7,4,6,9,6,8,8,9,8,5,6,6,7,12,5,7,6,9,7,5,7,5,9,8,5,7,8,7,4,6,11,6,11,7,8,9,8,12,8,10,5,10,12,9,6,9,6,8,10,8,13,5,5,11,8,4,9,11,8,9,12,9,10,7,3,10,7,6,8,8,9,10,11,7,10,5,7,8,8,9,8,9,9,5,7,8,9,8,8,10,7,5,9,7,8,5,12,12,8,7,6,5,8,6,9,6,8,4,9,5,8,12,12,9,6,7,6,5,7,9,5,7,8,4,7,4,12,6,12,6,7,8,7,7,7,5,7,7,9,8,13,6,7,12,7,13,8,8,6,6,5,6,9,9,10,10,10,7,10,9,12,6,7,10,7,6,8,13,8,7,7,5,8,11,8,8,6,9,11,10,10
align-dinov2+1b-things+hyp-abl10-218-random,9,8,6,9,7,5,9,10,3,6,8,6,4,8,8,5,6,5,9,6,6,8,7,8,4,12,6,7,5,7,11,8,10,10,4,13,8,9,8,12,8,6,4,6,7,8,7,10,8,8,7,8,10,9,8,6,8,11,9,25,7,9,8,7,8,10,8,9,10,9,9,12,8,10,6,11,11,8,7,7,5,14,7,8,8,9,8,5,6,14,12,7,8,5,6,7,7,7,7,4,9,6,10,7,8,7,11,9,10,6,13,10,3,6,4,10,5,7,8,8,6,9,6,10,16,11,6,7,8,5,8,6,6,8,7,12,11,5,10,9,5,8,8,10,4,7,5,4,6,5,16,10,6,8,3,7,10,4,6,8,8,7,8,7,6,10,10,8,8,9,8,5,7,10,7,8,4,12,9,7,10,10,7,10,6,7,7,7,7,10,5,9,8,7,6,9,11,8,9,8,8,6,5,7,9,7,9,7,6,7,5,7,6,8,7,7,4,5,9,7,9,5,10,8,8,13,9,10,6,6,11,4,9,7,8,6,7,7,7,5,8,7,5,10,9,8,6,5,10,5,12,11,6,7,5,7,5,8,11,8,9,7,8,6,6,6,10,6,12,5,11,7,15,11,8,9,11,10,14,10,7,8,6,8,8,6,7,7,10,11,7,9,4,7,5,5,4,7,5,9,8,8,12,10,7,8,10,7,10,13,8,11,9,5,8,7,7,7,9,7,6,8,9,8,8,7,9,6,6,9,6,6,8,7,10,11,8,14,11,9,12,7,13,10,7,8,6,7,7,11,8,4,7,6,6,7,9,8,9,8,9,9,8,8,8,9,6,8,8,10,5,8,6,7,6,8,7,8,7,7,5,4,7,7,7,6,10,7,5,5,17,5,8,10,8,4,7,6,7,11,6,7,8,6,3,8,6,9,9,12,4,9,5,8,6,6,4,5,7,10,6,9,6,6,13,5,5,11,6,7,8,5,8,5,10,4,4,6,16,5,8,5,6,11,13,6,5,5,10,10,6,10,9,8,11,9,7,7,9,7,10,5,3,9,5,7,11,5,8,6,8,10,5,10,5,8,6,8,5,8,11,3,3,7,5,11,10,10,7,8,7,10,6,10,8,4,11,10,5,7,6,7,9,9,4,6,5,9,6,6,10,11,7,10,10,8,9,8,10,6,6,4,6,8,12,5,10,11,9,7,6,5,6,8,10,10,3,13,7,11,5,6,9,5,7,7,9,7,7,11,8,7,9,14,11,8,10,9,6,10,6,6,6,8,6,11,8,8,11,5,8,10,6,10,7,9,5,9,9,7,8,6,14,11,6,4,7,11,7,6,10,7,5,7,9,15,6,6,10,8,11,7,8,7,6,10,8,10,9,10,8,6,13,9,11,7,8,8,3,6,7,7,6,6,9,6,9,7,8,7,6,11,10,4,6,9,6,10,11,4,7,8,12,8,5,8,7,8,6,7,9,6,7,7,6,4,8,8,10,6,6,7,9,6,11,7,11,7,10,9,5,7,8,9,9,7,5,15,4,7,7,5,6,5,6,6,7,8,8,6,9,10,9,8,12,8,9,5,12,13,7,6,11,5,12,7,8,5,9,6,8,5,6,5,9,7,9,12,8,4,10,11,6,4,4,9,6,6,8,8,4,5,8,8,13,9,7,6,5,6,11,11,6,11,9,6,6,7,6,5,7,10,9,7,10,8,4,8,11,6,6,6,7,10,5,7,8,6,8,4,10,10,9,6,8,5,5,4,9,15,8,6,7,7,9,10,5,7,10,10,4,5,7,9,7,6,9,8,6,11,6,6,6,6,11,13,8,12,8,8,6,6,7,7,11,10,6,7,7,5,6,9,7,8,5,9,9,6,7,9,9,3,5,11,9,8,6,8,5,7,8,9,8,6,5,7,10,7,13,5,7,11,8,9,7,7,5,11,10,6,8,7,10,11,7,6,7,8,10,7,7,9,3,7,10,11,12,7,8,12,6,8,5,6,7,9,6,6,6,9,6,5,7,3,9,11,8,10,7,8,5,8,4,4,10,12,4,6,7,9,8,10,4,8,10,5,7,7,6,6,7,4,5,9,7,8,10,7,6,11,4,9,10,6,6,9,10,5,9,4,8,8,8,6,8,8,7,14,5,12,8,5,9,8,4,8,11,8,9,7,8,8,9,4,7,8,4,5,7,7,8,4,8,8,9,9,10,5,6,8,9,3,7,7,5,4,10,6,11,7,5,7,5,7,7,9,6,6,7,8,7,6,8,8,9,6,8,7,4,6,9,6,8,8,9,8,5,6,6,7,12,5,7,6,9,7,5,7,5,9,8,5,7,8,7,4,6,11,6,11,7,8,9,8,12,8,10,5,10,12,9,6,9,6,8,10,8,13,5,5,11,8,4,9,11,8,9,12,9,10,7,3,10,7,6,8,8,9,10,11,7,10,5,7,8,8,9,8,9,9,5,7,8,9,8,8,10,7,5,9,7,8,5,12,12,8,7,6,5,8,6,9,6,8,4,9,5,8,12,12,9,6,7,6,5,7,9,5,7,8,4,7,4,12,6,12,6,7,8,7,7,7,5,7,7,9,8,13,6,7,12,7,13,8,8,6,6,5,6,9,9,10,10,10,7,10,9,12,6,7,10,7,6,8,13,8,7,7,5,8,11,8,8,6,9,11,10,10
align-dinov2+1b-things+hyp-abl10-42,9,8,6,9,7,5,9,10,3,6,8,6,4,8,8,5,6,5,9,6,6,8,7,8,4,12,6,7,5,7,11,8,10,10,4,13,8,9,8,12,8,6,4,6,7,8,7,10,8,8,7,8,10,9,8,6,8,11,9,25,7,9,8,7,8,10,8,9,10,9,9,12,8,10,6,11,11,8,7,7,5,14,7,8,8,9,8,5,6,14,12,7,8,5,6,7,7,7,7,4,9,6,10,7,8,7,11,9,10,6,13,10,3,6,4,10,5,7,8,8,6,9,6,10,16,11,6,7,8,5,8,6,6,8,7,12,11,5,10,9,5,8,8,10,4,7,5,4,6,5,16,10,6,8,3,7,10,4,6,8,8,7,8,7,6,10,10,8,8,9,8,5,7,10,7,8,4,12,9,7,10,10,7,10,6,7,7,7,7,10,5,9,8,7,6,9,11,8,9,8,8,6,5,7,9,7,9,7,6,7,5,7,6,8,7,7,4,5,9,7,9,5,10,8,8,13,9,10,6,6,11,4,9,7,8,6,7,7,7,5,8,7,5,10,9,8,6,5,10,5,12,11,6,7,5,7,5,8,11,8,9,7,8,6,6,6,10,6,12,5,11,7,15,11,8,9,11,10,14,10,7,8,6,8,8,6,7,7,10,11,7,9,4,7,5,5,4,7,5,9,8,8,12,10,7,8,10,7,10,13,8,11,9,5,8,7,7,7,9,7,6,8,9,8,8,7,9,6,6,9,6,6,8,7,10,11,8,14,11,9,12,7,13,10,7,8,6,7,7,11,8,4,7,6,6,7,9,8,9,8,9,9,8,8,8,9,6,8,8,10,5,8,6,7,6,8,7,8,7,7,5,4,7,7,7,6,10,7,5,5,17,5,8,10,8,4,7,6,7,11,6,7,8,6,3,8,6,9,9,12,4,9,5,8,6,6,4,5,7,10,6,9,6,6,13,5,5,11,6,7,8,5,8,5,10,4,4,6,16,5,8,5,6,11,13,6,5,5,10,10,6,10,9,8,11,9,7,7,9,7,10,5,3,9,5,7,11,5,8,6,8,10,5,10,5,8,6,8,5,8,11,3,3,7,5,11,10,10,7,8,7,10,6,10,8,4,11,10,5,7,6,7,9,9,4,6,5,9,6,6,10,11,7,10,10,8,9,8,10,6,6,4,6,8,12,5,10,11,9,7,6,5,6,8,10,10,3,13,7,11,5,6,9,5,7,7,9,7,7,11,8,7,9,14,11,8,10,9,6,10,6,6,6,8,6,11,8,8,11,5,8,10,6,10,7,9,5,9,9,7,8,6,14,11,6,4,7,11,7,6,10,7,5,7,9,15,6,6,10,8,11,7,8,7,6,10,8,10,9,10,8,6,13,9,11,7,8,8,3,6,7,7,6,6,9,6,9,7,8,7,6,11,10,4,6,9,6,10,11,4,7,8,12,8,5,8,7,8,6,7,9,6,7,7,6,4,8,8,10,6,6,7,9,6,11,7,11,7,10,9,5,7,8,9,9,7,5,15,4,7,7,5,6,5,6,6,7,8,8,6,9,10,9,8,12,8,9,5,12,13,7,6,11,5,12,7,8,5,9,6,8,5,6,5,9,7,9,12,8,4,10,11,6,4,4,9,6,6,8,8,4,5,8,8,13,9,7,6,5,6,11,11,6,11,9,6,6,7,6,5,7,10,9,7,10,8,4,8,11,6,6,6,7,10,5,7,8,6,8,4,10,10,9,6,8,5,5,4,9,15,8,6,7,7,9,10,5,7,10,10,4,5,7,9,7,6,9,8,6,11,6,6,6,6,11,13,8,12,8,8,6,6,7,7,11,10,6,7,7,5,6,9,7,8,5,9,9,6,7,9,9,3,5,11,9,8,6,8,5,7,8,9,8,6,5,7,10,7,13,5,7,11,8,9,7,7,5,11,10,6,8,7,10,11,7,6,7,8,10,7,7,9,3,7,10,11,12,7,8,12,6,8,5,6,7,9,6,6,6,9,6,5,7,3,9,11,8,10,7,8,5,8,4,4,10,12,4,6,7,9,8,10,4,8,10,5,7,7,6,6,7,4,5,9,7,8,10,7,6,11,4,9,10,6,6,9,10,5,9,4,8,8,8,6,8,8,7,14,5,12,8,5,9,8,4,8,11,8,9,7,8,8,9,4,7,8,4,5,7,7,8,4,8,8,9,9,10,5,6,8,9,3,7,7,5,4,10,6,11,7,5,7,5,7,7,9,6,6,7,8,7,6,8,8,9,6,8,7,4,6,9,6,8,8,9,8,5,6,6,7,12,5,7,6,9,7,5,7,5,9,8,5,7,8,7,4,6,11,6,11,7,8,9,8,12,8,10,5,10,12,9,6,9,6,8,10,8,13,5,5,11,8,4,9,11,8,9,12,9,10,7,3,10,7,6,8,8,9,10,11,7,10,5,7,8,8,9,8,9,9,5,7,8,9,8,8,10,7,5,9,7,8,5,12,12,8,7,6,5,8,6,9,6,8,4,9,5,8,12,12,9,6,7,6,5,7,9,5,7,8,4,7,4,12,6,12,6,7,8,7,7,7,5,7,7,9,8,13,6,7,12,7,13,8,8,6,6,5,6,9,9,10,10,10,7,10,9,12,6,7,10,7,6,8,13,8,7,7,5,8,11,8,8,6,9,11,10,10
align-dinov2+1b-things+hyp-abl10-42-random,9,8,6,9,7,5,9,10,3,6,8,6,4,8,8,5,6,5,9,6,6,8,7,8,4,12,6,7,5,7,11,8,10,10,4,13,8,9,8,12,8,6,4,6,7,8,7,10,8,8,7,8,10,9,8,6,8,11,9,25,7,9,8,7,8,10,8,9,10,9,9,12,8,10,6,11,11,8,7,7,5,14,7,8,8,9,8,5,6,14,12,7,8,5,6,7,7,7,7,4,9,6,10,7,8,7,11,9,10,6,13,10,3,6,4,10,5,7,8,8,6,9,6,10,16,11,6,7,8,5,8,6,6,8,7,12,11,5,10,9,5,8,8,10,4,7,5,4,6,5,16,10,6,8,3,7,10,4,6,8,8,7,8,7,6,10,10,8,8,9,8,5,7,10,7,8,4,12,9,7,10,10,7,10,6,7,7,7,7,10,5,9,8,7,6,9,11,8,9,8,8,6,5,7,9,7,9,7,6,7,5,7,6,8,7,7,4,5,9,7,9,5,10,8,8,13,9,10,6,6,11,4,9,7,8,6,7,7,7,5,8,7,5,10,9,8,6,5,10,5,12,11,6,7,5,7,5,8,11,8,9,7,8,6,6,6,10,6,12,5,11,7,15,11,8,9,11,10,14,10,7,8,6,8,8,6,7,7,10,11,7,9,4,7,5,5,4,7,5,9,8,8,12,10,7,8,10,7,10,13,8,11,9,5,8,7,7,7,9,7,6,8,9,8,8,7,9,6,6,9,6,6,8,7,10,11,8,14,11,9,12,7,13,10,7,8,6,7,7,11,8,4,7,6,6,7,9,8,9,8,9,9,8,8,8,9,6,8,8,10,5,8,6,7,6,8,7,8,7,7,5,4,7,7,7,6,10,7,5,5,17,5,8,10,8,4,7,6,7,11,6,7,8,6,3,8,6,9,9,12,4,9,5,8,6,6,4,5,7,10,6,9,6,6,13,5,5,11,6,7,8,5,8,5,10,4,4,6,16,5,8,5,6,11,13,6,5,5,10,10,6,10,9,8,11,9,7,7,9,7,10,5,3,9,5,7,11,5,8,6,8,10,5,10,5,8,6,8,5,8,11,3,3,7,5,11,10,10,7,8,7,10,6,10,8,4,11,10,5,7,6,7,9,9,4,6,5,9,6,6,10,11,7,10,10,8,9,8,10,6,6,4,6,8,12,5,10,11,9,7,6,5,6,8,10,10,3,13,7,11,5,6,9,5,7,7,9,7,7,11,8,7,9,14,11,8,10,9,6,10,6,6,6,8,6,11,8,8,11,5,8,10,6,10,7,9,5,9,9,7,8,6,14,11,6,4,7,11,7,6,10,7,5,7,9,15,6,6,10,8,11,7,8,7,6,10,8,10,9,10,8,6,13,9,11,7,8,8,3,6,7,7,6,6,9,6,9,7,8,7,6,11,10,4,6,9,6,10,11,4,7,8,12,8,5,8,7,8,6,7,9,6,7,7,6,4,8,8,10,6,6,7,9,6,11,7,11,7,10,9,5,7,8,9,9,7,5,15,4,7,7,5,6,5,6,6,7,8,8,6,9,10,9,8,12,8,9,5,12,13,7,6,11,5,12,7,8,5,9,6,8,5,6,5,9,7,9,12,8,4,10,11,6,4,4,9,6,6,8,8,4,5,8,8,13,9,7,6,5,6,11,11,6,11,9,6,6,7,6,5,7,10,9,7,10,8,4,8,11,6,6,6,7,10,5,7,8,6,8,4,10,10,9,6,8,5,5,4,9,15,8,6,7,7,9,10,5,7,10,10,4,5,7,9,7,6,9,8,6,11,6,6,6,6,11,13,8,12,8,8,6,6,7,7,11,10,6,7,7,5,6,9,7,8,5,9,9,6,7,9,9,3,5,11,9,8,6,8,5,7,8,9,8,6,5,7,10,7,13,5,7,11,8,9,7,7,5,11,10,6,8,7,10,11,7,6,7,8,10,7,7,9,3,7,10,11,12,7,8,12,6,8,5,6,7,9,6,6,6,9,6,5,7,3,9,11,8,10,7,8,5,8,4,4,10,12,4,6,7,9,8,10,4,8,10,5,7,7,6,6,7,4,5,9,7,8,10,7,6,11,4,9,10,6,6,9,10,5,9,4,8,8,8,6,8,8,7,14,5,12,8,5,9,8,4,8,11,8,9,7,8,8,9,4,7,8,4,5,7,7,8,4,8,8,9,9,10,5,6,8,9,3,7,7,5,4,10,6,11,7,5,7,5,7,7,9,6,6,7,8,7,6,8,8,9,6,8,7,4,6,9,6,8,8,9,8,5,6,6,7,12,5,7,6,9,7,5,7,5,9,8,5,7,8,7,4,6,11,6,11,7,8,9,8,12,8,10,5,10,12,9,6,9,6,8,10,8,13,5,5,11,8,4,9,11,8,9,12,9,10,7,3,10,7,6,8,8,9,10,11,7,10,5,7,8,8,9,8,9,9,5,7,8,9,8,8,10,7,5,9,7,8,5,12,12,8,7,6,5,8,6,9,6,8,4,9,5,8,12,12,9,6,7,6,5,7,9,5,7,8,4,7,4,12,6,12,6,7,8,7,7,7,5,7,7,9,8,13,6,7,12,7,13,8,8,6,6,5,6,9,9,10,10,10,7,10,9,12,6,7,10,7,6,8,13,8,7,7,5,8,11,8,8,6,9,11,10,10
align-dinov2+1b-things+hyp-abl10-7,9,8,6,9,7,5,9,10,3,6,8,6,4,8,8,5,6,5,9,6,6,8,7,8,4,12,6,7,5,7,11,8,10,10,4,13,8,9,8,12,8,6,4,6,7,8,7,10,8,8,7,8,10,9,8,6,8,11,9,25,7,9,8,7,8,10,8,9,10,9,9,12,8,10,6,11,11,8,7,7,5,14,7,8,8,9,8,5,6,14,12,7,8,5,6,7,7,7,7,4,9,6,10,7,8,7,11,9,10,6,13,10,3,6,4,10,5,7,8,8,6,9,6,10,16,11,6,7,8,5,8,6,6,8,7,12,11,5,10,9,5,8,8,10,4,7,5,4,6,5,16,10,6,8,3,7,10,4,6,8,8,7,8,7,6,10,10,8,8,9,8,5,7,10,7,8,4,12,9,7,10,10,7,10,6,7,7,7,7,10,5,9,8,7,6,9,11,8,9,8,8,6,5,7,9,7,9,7,6,7,5,7,6,8,7,7,4,5,9,7,9,5,10,8,8,13,9,10,6,6,11,4,9,7,8,6,7,7,7,5,8,7,5,10,9,8,6,5,10,5,12,11,6,7,5,7,5,8,11,8,9,7,8,6,6,6,10,6,12,5,11,7,15,11,8,9,11,10,14,10,7,8,6,8,8,6,7,7,10,11,7,9,4,7,5,5,4,7,5,9,8,8,12,10,7,8,10,7,10,13,8,11,9,5,8,7,7,7,9,7,6,8,9,8,8,7,9,6,6,9,6,6,8,7,10,11,8,14,11,9,12,7,13,10,7,8,6,7,7,11,8,4,7,6,6,7,9,8,9,8,9,9,8,8,8,9,6,8,8,10,5,8,6,7,6,8,7,8,7,7,5,4,7,7,7,6,10,7,5,5,17,5,8,10,8,4,7,6,7,11,6,7,8,6,3,8,6,9,9,12,4,9,5,8,6,6,4,5,7,10,6,9,6,6,13,5,5,11,6,7,8,5,8,5,10,4,4,6,16,5,8,5,6,11,13,6,5,5,10,10,6,10,9,8,11,9,7,7,9,7,10,5,3,9,5,7,11,5,8,6,8,10,5,10,5,8,6,8,5,8,11,3,3,7,5,11,10,10,7,8,7,10,6,10,8,4,11,10,5,7,6,7,9,9,4,6,5,9,6,6,10,11,7,10,10,8,9,8,10,6,6,4,6,8,12,5,10,11,9,7,6,5,6,8,10,10,3,13,7,11,5,6,9,5,7,7,9,7,7,11,8,7,9,14,11,8,10,9,6,10,6,6,6,8,6,11,8,8,11,5,8,10,6,10,7,9,5,9,9,7,8,6,14,11,6,4,7,11,7,6,10,7,5,7,9,15,6,6,10,8,11,7,8,7,6,10,8,10,9,10,8,6,13,9,11,7,8,8,3,6,7,7,6,6,9,6,9,7,8,7,6,11,10,4,6,9,6,10,11,4,7,8,12,8,5,8,7,8,6,7,9,6,7,7,6,4,8,8,10,6,6,7,9,6,11,7,11,7,10,9,5,7,8,9,9,7,5,15,4,7,7,5,6,5,6,6,7,8,8,6,9,10,9,8,12,8,9,5,12,13,7,6,11,5,12,7,8,5,9,6,8,5,6,5,9,7,9,12,8,4,10,11,6,4,4,9,6,6,8,8,4,5,8,8,13,9,7,6,5,6,11,11,6,11,9,6,6,7,6,5,7,10,9,7,10,8,4,8,11,6,6,6,7,10,5,7,8,6,8,4,10,10,9,6,8,5,5,4,9,15,8,6,7,7,9,10,5,7,10,10,4,5,7,9,7,6,9,8,6,11,6,6,6,6,11,13,8,12,8,8,6,6,7,7,11,10,6,7,7,5,6,9,7,8,5,9,9,6,7,9,9,3,5,11,9,8,6,8,5,7,8,9,8,6,5,7,10,7,13,5,7,11,8,9,7,7,5,11,10,6,8,7,10,11,7,6,7,8,10,7,7,9,3,7,10,11,12,7,8,12,6,8,5,6,7,9,6,6,6,9,6,5,7,3,9,11,8,10,7,8,5,8,4,4,10,12,4,6,7,9,8,10,4,8,10,5,7,7,6,6,7,4,5,9,7,8,10,7,6,11,4,9,10,6,6,9,10,5,9,4,8,8,8,6,8,8,7,14,5,12,8,5,9,8,4,8,11,8,9,7,8,8,9,4,7,8,4,5,7,7,8,4,8,8,9,9,10,5,6,8,9,3,7,7,5,4,10,6,11,7,5,7,5,7,7,9,6,6,7,8,7,6,8,8,9,6,8,7,4,6,9,6,8,8,9,8,5,6,6,7,12,5,7,6,9,7,5,7,5,9,8,5,7,8,7,4,6,11,6,11,7,8,9,8,12,8,10,5,10,12,9,6,9,6,8,10,8,13,5,5,11,8,4,9,11,8,9,12,9,10,7,3,10,7,6,8,8,9,10,11,7,10,5,7,8,8,9,8,9,9,5,7,8,9,8,8,10,7,5,9,7,8,5,12,12,8,7,6,5,8,6,9,6,8,4,9,5,8,12,12,9,6,7,6,5,7,9,5,7,8,4,7,4,12,6,12,6,7,8,7,7,7,5,7,7,9,8,13,6,7,12,7,13,8,8,6,6,5,6,9,9,10,10,10,7,10,9,12,6,7,10,7,6,8,13,8,7,7,5,8,11,8,8,6,9,11,10,10
align-dinov2+1b-things+hyp-abl10-7-random,9,8,6,9,7,5,9,10,3,6,8,6,4,8,8,5,6,5,9,6,6,8,7,8,4,12,6,7,5,7,11,8,10,10,4,13,8,9,8,12,8,6,4,6,7,8,7,10,8,8,7,8,10,9,8,6,8,11,9,25,7,9,8,7,8,10,8,9,10,9,9,12,8,10,6,11,11,8,7,7,5,14,7,8,8,9,8,5,6,14,12,7,8,5,6,7,7,7,7,4,9,6,10,7,8,7,11,9,10,6,13,10,3,6,4,10,5,7,8,8,6,9,6,10,16,11,6,7,8,5,8,6,6,8,7,12,11,5,10,9,5,8,8,10,4,7,5,4,6,5,16,10,6,8,3,7,10,4,6,8,8,7,8,7,6,10,10,8,8,9,8,5,7,10,7,8,4,12,9,7,10,10,7,10,6,7,7,7,7,10,5,9,8,7,6,9,11,8,9,8,8,6,5,7,9,7,9,7,6,7,5,7,6,8,7,7,4,5,9,7,9,5,10,8,8,13,9,10,6,6,11,4,9,7,8,6,7,7,7,5,8,7,5,10,9,8,6,5,10,5,12,11,6,7,5,7,5,8,11,8,9,7,8,6,6,6,10,6,12,5,11,7,15,11,8,9,11,10,14,10,7,8,6,8,8,6,7,7,10,11,7,9,4,7,5,5,4,7,5,9,8,8,12,10,7,8,10,7,10,13,8,11,9,5,8,7,7,7,9,7,6,8,9,8,8,7,9,6,6,9,6,6,8,7,10,11,8,14,11,9,12,7,13,10,7,8,6,7,7,11,8,4,7,6,6,7,9,8,9,8,9,9,8,8,8,9,6,8,8,10,5,8,6,7,6,8,7,8,7,7,5,4,7,7,7,6,10,7,5,5,17,5,8,10,8,4,7,6,7,11,6,7,8,6,3,8,6,9,9,12,4,9,5,8,6,6,4,5,7,10,6,9,6,6,13,5,5,11,6,7,8,5,8,5,10,4,4,6,16,5,8,5,6,11,13,6,5,5,10,10,6,10,9,8,11,9,7,7,9,7,10,5,3,9,5,7,11,5,8,6,8,10,5,10,5,8,6,8,5,8,11,3,3,7,5,11,10,10,7,8,7,10,6,10,8,4,11,10,5,7,6,7,9,9,4,6,5,9,6,6,10,11,7,10,10,8,9,8,10,6,6,4,6,8,12,5,10,11,9,7,6,5,6,8,10,10,3,13,7,11,5,6,9,5,7,7,9,7,7,11,8,7,9,14,11,8,10,9,6,10,6,6,6,8,6,11,8,8,11,5,8,10,6,10,7,9,5,9,9,7,8,6,14,11,6,4,7,11,7,6,10,7,5,7,9,15,6,6,10,8,11,7,8,7,6,10,8,10,9,10,8,6,13,9,11,7,8,8,3,6,7,7,6,6,9,6,9,7,8,7,6,11,10,4,6,9,6,10,11,4,7,8,12,8,5,8,7,8,6,7,9,6,7,7,6,4,8,8,10,6,6,7,9,6,11,7,11,7,10,9,5,7,8,9,9,7,5,15,4,7,7,5,6,5,6,6,7,8,8,6,9,10,9,8,12,8,9,5,12,13,7,6,11,5,12,7,8,5,9,6,8,5,6,5,9,7,9,12,8,4,10,11,6,4,4,9,6,6,8,8,4,5,8,8,13,9,7,6,5,6,11,11,6,11,9,6,6,7,6,5,7,10,9,7,10,8,4,8,11,6,6,6,7,10,5,7,8,6,8,4,10,10,9,6,8,5,5,4,9,15,8,6,7,7,9,10,5,7,10,10,4,5,7,9,7,6,9,8,6,11,6,6,6,6,11,13,8,12,8,8,6,6,7,7,11,10,6,7,7,5,6,9,7,8,5,9,9,6,7,9,9,3,5,11,9,8,6,8,5,7,8,9,8,6,5,7,10,7,13,5,7,11,8,9,7,7,5,11,10,6,8,7,10,11,7,6,7,8,10,7,7,9,3,7,10,11,12,7,8,12,6,8,5,6,7,9,6,6,6,9,6,5,7,3,9,11,8,10,7,8,5,8,4,4,10,12,4,6,7,9,8,10,4,8,10,5,7,7,6,6,7,4,5,9,7,8,10,7,6,11,4,9,10,6,6,9,10,5,9,4,8,8,8,6,8,8,7,14,5,12,8,5,9,8,4,8,11,8,9,7,8,8,9,4,7,8,4,5,7,7,8,4,8,8,9,9,10,5,6,8,9,3,7,7,5,4,10,6,11,7,5,7,5,7,7,9,6,6,7,8,7,6,8,8,9,6,8,7,4,6,9,6,8,8,9,8,5,6,6,7,12,5,7,6,9,7,5,7,5,9,8,5,7,8,7,4,6,11,6,11,7,8,9,8,12,8,10,5,10,12,9,6,9,6,8,10,8,13,5,5,11,8,4,9,11,8,9,12,9,10,7,3,10,7,6,8,8,9,10,11,7,10,5,7,8,8,9,8,9,9,5,7,8,9,8,8,10,7,5,9,7,8,5,12,12,8,7,6,5,8,6,9,6,8,4,9,5,8,12,12,9,6,7,6,5,7,9,5,7,8,4,7,4,12,6,12,6,7,8,7,7,7,5,7,7,9,8,13,6,7,12,7,13,8,8,6,6,5,6,9,9,10,10,10,7,10,9,12,6,7,10,7,6,8,13,8,7,7,5,8,11,8,8,6,9,11,10,10
align-dinov2+1b-things+hyp-abl10-local-shuffled-218,4,7,11,8,5,8,9,7,8,6,11,10,6,9,7,8,10,14,9,6,10,8,9,6,7,7,7,9,11,7,9,7,9,5,7,7,10,8,7,10,6,8,5,8,9,6,7,6,10,6,6,4,9,10,8,7,7,4,5,19,10,4,9,7,9,9,7,7,5,8,9,5,7,10,10,8,5,7,7,4,7,10,7,9,5,11,5,5,8,8,12,7,10,9,9,8,10,8,6,9,9,8,7,10,11,6,10,9,9,9,10,8,10,7,7,9,8,8,9,10,8,7,7,4,15,11,8,7,8,5,8,11,8,9,10,9,9,6,10,4,5,7,8,8,6,9,7,7,6,8,15,6,4,8,7,8,4,8,5,6,8,8,5,5,9,7,6,8,6,7,5,6,10,7,6,7,9,9,7,5,6,9,10,6,11,6,7,7,7,5,8,4,9,6,9,10,8,8,10,6,10,4,5,5,13,4,5,7,7,9,9,4,6,8,7,6,4,6,6,9,7,4,10,5,11,7,9,8,6,7,15,7,5,8,8,9,6,6,7,5,9,6,7,11,8,13,6,12,6,9,8,8,7,8,7,5,7,9,9,7,7,9,10,7,5,10,8,9,8,5,8,7,8,7,6,8,6,10,6,7,9,5,9,7,8,5,7,6,5,9,10,5,7,10,7,5,10,6,11,6,6,6,11,5,9,10,8,8,5,9,11,8,9,6,6,5,10,8,9,9,9,13,9,5,8,7,6,9,6,7,7,3,6,10,9,7,9,8,8,10,8,8,8,9,8,12,7,7,6,8,10,7,8,12,6,4,5,6,9,8,8,6,5,7,4,7,10,6,6,7,10,8,8,3,4,6,8,5,6,10,4,6,9,7,8,7,6,11,8,10,16,8,12,7,4,6,6,7,11,13,7,10,11,9,7,7,6,8,6,6,7,8,4,6,6,9,7,10,10,8,9,10,8,5,7,10,8,4,8,8,8,7,10,8,5,6,9,5,5,9,10,10,8,6,6,9,12,9,11,5,9,10,9,10,7,9,8,11,7,7,7,5,8,7,7,11,7,6,7,8,9,7,8,8,7,11,5,4,9,7,7,5,10,5,6,8,8,7,7,5,10,7,10,11,4,6,9,5,9,8,11,8,6,9,5,10,13,7,8,9,9,6,5,6,10,8,10,8,8,11,8,6,6,9,9,9,10,5,10,5,5,10,7,9,8,10,8,6,10,8,6,11,10,7,7,7,5,7,8,8,7,9,12,16,9,8,8,10,11,9,8,4,8,6,8,6,7,4,5,9,5,6,6,10,9,7,8,9,7,10,7,4,10,8,8,4,6,6,5,9,10,8,8,8,10,5,5,7,6,4,8,9,5,5,7,13,5,8,12,7,8,13,5,7,8,8,9,5,10,9,8,7,12,9,5,10,6,8,6,7,8,7,10,12,6,7,7,8,7,11,5,4,7,5,8,7,6,7,4,12,11,8,8,8,10,5,10,11,9,9,8,7,10,7,5,6,9,9,8,5,6,7,10,8,6,4,6,8,5,5,5,7,6,7,8,8,5,7,12,7,11,12,3,12,5,7,7,5,8,6,5,9,8,9,6,8,9,8,12,8,6,9,8,8,4,8,9,8,5,10,5,6,7,12,10,9,9,10,9,15,8,6,5,5,4,9,6,9,7,13,6,11,6,5,11,6,8,6,6,7,8,7,7,6,5,8,5,13,6,8,8,9,8,8,7,8,10,9,7,8,8,9,10,7,9,10,12,6,5,9,7,5,8,8,6,8,9,8,9,5,8,8,6,9,7,9,7,5,7,12,10,7,8,7,12,14,8,7,7,6,8,7,5,10,7,7,8,10,8,6,9,13,10,6,7,6,6,10,12,11,6,3,9,9,5,9,12,7,8,6,7,9,7,6,9,10,7,9,8,10,13,15,11,7,9,11,8,7,12,5,6,8,6,4,9,8,6,5,13,7,6,11,6,6,8,7,8,6,6,8,7,10,4,5,8,9,10,6,13,7,5,9,9,9,8,8,7,9,5,11,8,10,6,9,9,7,8,5,9,7,8,7,9,8,13,10,8,6,7,6,9,8,7,6,6,4,5,6,8,4,7,5,7,6,5,7,10,6,6,4,8,11,6,15,7,8,10,6,6,7,6,10,7,10,10,7,8,11,9,7,7,11,10,11,6,9,5,10,9,8,7,10,10,5,11,9,9,10,7,4,8,7,6,8,7,8,9,6,7,6,8,13,8,8,4,8,7,7,7,4,12,10,6,10,6,9,11,7,9,6,9,10,8,7,7,9,6,6,5,5,8,5,6,9,4,9,11,12,12,9,7,7,10,13,10,8,5,6,7,6,10,9,6,10,6,11,6,9,7,16,10,6,6,7,8,10,8,10,4,5,8,11,8,6,7,11,7,9,6,10,9,7,7,8,10,6,7,7,9,5,4,9,5,8,8,5,8,8,9,7,6,10,6,14,5,8,5,9,9,6,4,11,8,7,10,7,6,4,11,14,6,9,5,6,9,8,5,9,9,12,8,6,14,6,4,8,5,8,8,8,9,5,9,5,7,7,7,4,10,10,9,12,7,6,5,7,6,6,10,8,5,8,8,9,9,7,7,8,3,5,9,7,7,6,7,6,6,4,8,9,7,4,7,6,7,13,10,7,6,9,6,8,7,7,7,6,6,6
align-dinov2+1b-things+hyp-abl10-local-shuffled-42,4,7,11,8,5,8,9,7,8,6,11,10,6,9,7,8,10,14,9,6,10,8,9,6,7,7,7,9,11,7,9,7,9,5,7,7,10,8,7,10,6,8,5,8,9,6,7,6,10,6,6,4,9,10,8,7,7,4,5,19,10,4,9,7,9,9,7,7,5,8,9,5,7,10,10,8,5,7,7,4,7,10,7,9,5,11,5,5,8,8,12,7,10,9,9,8,10,8,6,9,9,8,7,10,11,6,10,9,9,9,10,8,10,7,7,9,8,8,9,10,8,7,7,4,15,11,8,7,8,5,8,11,8,9,10,9,9,6,10,4,5,7,8,8,6,9,7,7,6,8,15,6,4,8,7,8,4,8,5,6,8,8,5,5,9,7,6,8,6,7,5,6,10,7,6,7,9,9,7,5,6,9,10,6,11,6,7,7,7,5,8,4,9,6,9,10,8,8,10,6,10,4,5,5,13,4,5,7,7,9,9,4,6,8,7,6,4,6,6,9,7,4,10,5,11,7,9,8,6,7,15,7,5,8,8,9,6,6,7,5,9,6,7,11,8,13,6,12,6,9,8,8,7,8,7,5,7,9,9,7,7,9,10,7,5,10,8,9,8,5,8,7,8,7,6,8,6,10,6,7,9,5,9,7,8,5,7,6,5,9,10,5,7,10,7,5,10,6,11,6,6,6,11,5,9,10,8,8,5,9,11,8,9,6,6,5,10,8,9,9,9,13,9,5,8,7,6,9,6,7,7,3,6,10,9,7,9,8,8,10,8,8,8,9,8,12,7,7,6,8,10,7,8,12,6,4,5,6,9,8,8,6,5,7,4,7,10,6,6,7,10,8,8,3,4,6,8,5,6,10,4,6,9,7,8,7,6,11,8,10,16,8,12,7,4,6,6,7,11,13,7,10,11,9,7,7,6,8,6,6,7,8,4,6,6,9,7,10,10,8,9,10,8,5,7,10,8,4,8,8,8,7,10,8,5,6,9,5,5,9,10,10,8,6,6,9,12,9,11,5,9,10,9,10,7,9,8,11,7,7,7,5,8,7,7,11,7,6,7,8,9,7,8,8,7,11,5,4,9,7,7,5,10,5,6,8,8,7,7,5,10,7,10,11,4,6,9,5,9,8,11,8,6,9,5,10,13,7,8,9,9,6,5,6,10,8,10,8,8,11,8,6,6,9,9,9,10,5,10,5,5,10,7,9,8,10,8,6,10,8,6,11,10,7,7,7,5,7,8,8,7,9,12,16,9,8,8,10,11,9,8,4,8,6,8,6,7,4,5,9,5,6,6,10,9,7,8,9,7,10,7,4,10,8,8,4,6,6,5,9,10,8,8,8,10,5,5,7,6,4,8,9,5,5,7,13,5,8,12,7,8,13,5,7,8,8,9,5,10,9,8,7,12,9,5,10,6,8,6,7,8,7,10,12,6,7,7,8,7,11,5,4,7,5,8,7,6,7,4,12,11,8,8,8,10,5,10,11,9,9,8,7,10,7,5,6,9,9,8,5,6,7,10,8,6,4,6,8,5,5,5,7,6,7,8,8,5,7,12,7,11,12,3,12,5,7,7,5,8,6,5,9,8,9,6,8,9,8,12,8,6,9,8,8,4,8,9,8,5,10,5,6,7,12,10,9,9,10,9,15,8,6,5,5,4,9,6,9,7,13,6,11,6,5,11,6,8,6,6,7,8,7,7,6,5,8,5,13,6,8,8,9,8,8,7,8,10,9,7,8,8,9,10,7,9,10,12,6,5,9,7,5,8,8,6,8,9,8,9,5,8,8,6,9,7,9,7,5,7,12,10,7,8,7,12,14,8,7,7,6,8,7,5,10,7,7,8,10,8,6,9,13,10,6,7,6,6,10,12,11,6,3,9,9,5,9,12,7,8,6,7,9,7,6,9,10,7,9,8,10,13,15,11,7,9,11,8,7,12,5,6,8,6,4,9,8,6,5,13,7,6,11,6,6,8,7,8,6,6,8,7,10,4,5,8,9,10,6,13,7,5,9,9,9,8,8,7,9,5,11,8,10,6,9,9,7,8,5,9,7,8,7,9,8,13,10,8,6,7,6,9,8,7,6,6,4,5,6,8,4,7,5,7,6,5,7,10,6,6,4,8,11,6,15,7,8,10,6,6,7,6,10,7,10,10,7,8,11,9,7,7,11,10,11,6,9,5,10,9,8,7,10,10,5,11,9,9,10,7,4,8,7,6,8,7,8,9,6,7,6,8,13,8,8,4,8,7,7,7,4,12,10,6,10,6,9,11,7,9,6,9,10,8,7,7,9,6,6,5,5,8,5,6,9,4,9,11,12,12,9,7,7,10,13,10,8,5,6,7,6,10,9,6,10,6,11,6,9,7,16,10,6,6,7,8,10,8,10,4,5,8,11,8,6,7,11,7,9,6,10,9,7,7,8,10,6,7,7,9,5,4,9,5,8,8,5,8,8,9,7,6,10,6,14,5,8,5,9,9,6,4,11,8,7,10,7,6,4,11,14,6,9,5,6,9,8,5,9,9,12,8,6,14,6,4,8,5,8,8,8,9,5,9,5,7,7,7,4,10,10,9,12,7,6,5,7,6,6,10,8,5,8,8,9,9,7,7,8,3,5,9,7,7,6,7,6,6,4,8,9,7,4,7,6,7,13,10,7,6,9,6,8,7,7,7,6,6,6
align-dinov2+1b-things+hyp-abl10-local-shuffled-7,4,7,11,8,5,8,9,7,8,6,11,10,6,9,7,8,10,14,9,6,10,8,9,6,7,7,7,9,11,7,9,7,9,5,7,7,10,8,7,10,6,8,5,8,9,6,7,6,10,6,6,4,9,10,8,7,7,4,5,19,10,4,9,7,9,9,7,7,5,8,9,5,7,10,10,8,5,7,7,4,7,10,7,9,5,11,5,5,8,8,12,7,10,9,9,8,10,8,6,9,9,8,7,10,11,6,10,9,9,9,10,8,10,7,7,9,8,8,9,10,8,7,7,4,15,11,8,7,8,5,8,11,8,9,10,9,9,6,10,4,5,7,8,8,6,9,7,7,6,8,15,6,4,8,7,8,4,8,5,6,8,8,5,5,9,7,6,8,6,7,5,6,10,7,6,7,9,9,7,5,6,9,10,6,11,6,7,7,7,5,8,4,9,6,9,10,8,8,10,6,10,4,5,5,13,4,5,7,7,9,9,4,6,8,7,6,4,6,6,9,7,4,10,5,11,7,9,8,6,7,15,7,5,8,8,9,6,6,7,5,9,6,7,11,8,13,6,12,6,9,8,8,7,8,7,5,7,9,9,7,7,9,10,7,5,10,8,9,8,5,8,7,8,7,6,8,6,10,6,7,9,5,9,7,8,5,7,6,5,9,10,5,7,10,7,5,10,6,11,6,6,6,11,5,9,10,8,8,5,9,11,8,9,6,6,5,10,8,9,9,9,13,9,5,8,7,6,9,6,7,7,3,6,10,9,7,9,8,8,10,8,8,8,9,8,12,7,7,6,8,10,7,8,12,6,4,5,6,9,8,8,6,5,7,4,7,10,6,6,7,10,8,8,3,4,6,8,5,6,10,4,6,9,7,8,7,6,11,8,10,16,8,12,7,4,6,6,7,11,13,7,10,11,9,7,7,6,8,6,6,7,8,4,6,6,9,7,10,10,8,9,10,8,5,7,10,8,4,8,8,8,7,10,8,5,6,9,5,5,9,10,10,8,6,6,9,12,9,11,5,9,10,9,10,7,9,8,11,7,7,7,5,8,7,7,11,7,6,7,8,9,7,8,8,7,11,5,4,9,7,7,5,10,5,6,8,8,7,7,5,10,7,10,11,4,6,9,5,9,8,11,8,6,9,5,10,13,7,8,9,9,6,5,6,10,8,10,8,8,11,8,6,6,9,9,9,10,5,10,5,5,10,7,9,8,10,8,6,10,8,6,11,10,7,7,7,5,7,8,8,7,9,12,16,9,8,8,10,11,9,8,4,8,6,8,6,7,4,5,9,5,6,6,10,9,7,8,9,7,10,7,4,10,8,8,4,6,6,5,9,10,8,8,8,10,5,5,7,6,4,8,9,5,5,7,13,5,8,12,7,8,13,5,7,8,8,9,5,10,9,8,7,12,9,5,10,6,8,6,7,8,7,10,12,6,7,7,8,7,11,5,4,7,5,8,7,6,7,4,12,11,8,8,8,10,5,10,11,9,9,8,7,10,7,5,6,9,9,8,5,6,7,10,8,6,4,6,8,5,5,5,7,6,7,8,8,5,7,12,7,11,12,3,12,5,7,7,5,8,6,5,9,8,9,6,8,9,8,12,8,6,9,8,8,4,8,9,8,5,10,5,6,7,12,10,9,9,10,9,15,8,6,5,5,4,9,6,9,7,13,6,11,6,5,11,6,8,6,6,7,8,7,7,6,5,8,5,13,6,8,8,9,8,8,7,8,10,9,7,8,8,9,10,7,9,10,12,6,5,9,7,5,8,8,6,8,9,8,9,5,8,8,6,9,7,9,7,5,7,12,10,7,8,7,12,14,8,7,7,6,8,7,5,10,7,7,8,10,8,6,9,13,10,6,7,6,6,10,12,11,6,3,9,9,5,9,12,7,8,6,7,9,7,6,9,10,7,9,8,10,13,15,11,7,9,11,8,7,12,5,6,8,6,4,9,8,6,5,13,7,6,11,6,6,8,7,8,6,6,8,7,10,4,5,8,9,10,6,13,7,5,9,9,9,8,8,7,9,5,11,8,10,6,9,9,7,8,5,9,7,8,7,9,8,13,10,8,6,7,6,9,8,7,6,6,4,5,6,8,4,7,5,7,6,5,7,10,6,6,4,8,11,6,15,7,8,10,6,6,7,6,10,7,10,10,7,8,11,9,7,7,11,10,11,6,9,5,10,9,8,7,10,10,5,11,9,9,10,7,4,8,7,6,8,7,8,9,6,7,6,8,13,8,8,4,8,7,7,7,4,12,10,6,10,6,9,11,7,9,6,9,10,8,7,7,9,6,6,5,5,8,5,6,9,4,9,11,12,12,9,7,7,10,13,10,8,5,6,7,6,10,9,6,10,6,11,6,9,7,16,10,6,6,7,8,10,8,10,4,5,8,11,8,6,7,11,7,9,6,10,9,7,7,8,10,6,7,7,9,5,4,9,5,8,8,5,8,8,9,7,6,10,6,14,5,8,5,9,9,6,4,11,8,7,10,7,6,4,11,14,6,9,5,6,9,8,5,9,9,12,8,6,14,6,4,8,5,8,8,8,9,5,9,5,7,7,7,4,10,10,9,12,7,6,5,7,6,6,10,8,5,8,8,9,9,7,7,8,3,5,9,7,7,6,7,6,6,4,8,9,7,4,7,6,7,13,10,7,6,9,6,8,7,7,7,6,6,6
align-dinov2+1b-things+hyp-abl10-shuffled-218,10,7,9,9,7,8,4,4,8,5,7,7,9,7,9,7,8,11,6,8,4,5,6,11,9,9,7,7,4,11,9,11,8,7,9,6,6,7,8,5,6,11,7,8,6,10,9,5,9,11,6,6,3,8,6,9,4,10,6,23,7,6,8,6,12,7,7,9,11,8,6,8,7,6,11,7,10,8,11,4,8,6,11,4,4,5,10,9,9,5,5,8,8,8,5,7,11,7,6,9,11,8,6,13,6,7,6,7,10,4,6,8,8,8,8,9,6,7,7,8,9,6,13,6,11,4,9,8,12,11,5,5,7,5,8,8,7,7,9,11,9,9,9,6,5,6,6,5,5,9,13,7,6,12,7,11,6,8,7,11,8,9,7,10,12,6,8,6,10,9,12,6,8,6,3,6,6,12,9,7,7,6,8,6,10,9,11,8,8,9,4,7,7,7,8,7,4,7,5,6,7,9,5,10,11,5,7,10,6,8,6,7,9,8,10,14,9,5,7,7,5,6,7,7,7,9,4,8,9,8,7,8,5,6,9,6,8,7,5,7,6,7,12,11,11,5,8,10,7,8,7,4,7,5,8,7,7,8,6,8,9,9,8,7,9,7,8,6,12,9,7,7,5,7,12,6,6,5,8,7,10,9,8,12,7,9,7,11,7,4,6,7,7,6,7,7,4,11,9,9,7,7,7,8,7,5,7,7,6,10,5,9,8,6,12,11,4,6,9,5,7,8,8,10,8,8,12,5,10,8,7,8,10,11,7,5,9,5,8,9,7,10,9,8,7,5,7,5,8,6,8,10,9,8,10,8,4,5,11,8,10,7,7,10,5,10,8,9,5,5,11,8,5,8,10,7,7,7,8,9,6,7,14,8,12,3,12,6,6,7,13,5,16,10,7,10,7,8,6,5,8,9,8,10,5,4,9,4,9,5,8,6,4,8,8,12,6,7,6,4,7,5,11,8,10,10,5,9,10,12,6,7,7,6,5,10,10,8,9,7,7,6,4,12,6,9,7,8,8,11,4,5,7,7,5,7,4,8,9,11,8,4,8,10,5,9,7,9,5,7,10,8,6,11,10,11,5,6,8,8,5,8,10,11,5,9,10,10,8,8,5,9,8,3,8,8,4,8,7,10,7,8,10,6,12,9,4,7,6,7,7,11,5,3,13,7,6,7,6,7,10,9,5,8,6,4,6,11,7,9,9,8,9,13,9,10,6,5,10,5,8,6,8,13,7,5,6,5,3,9,8,10,11,15,9,7,13,7,8,8,4,12,7,8,8,8,4,10,8,5,10,6,7,7,9,5,9,6,11,10,10,6,8,11,8,7,14,6,10,8,12,5,5,7,5,8,8,11,10,5,10,7,9,7,6,6,12,6,5,7,11,10,5,3,9,7,9,14,14,3,8,7,11,5,12,7,5,5,10,9,6,12,5,5,10,6,7,6,5,6,14,11,6,7,7,10,6,8,4,6,9,7,8,5,5,7,9,12,8,9,8,9,10,7,7,6,8,9,8,7,10,6,6,5,10,10,5,5,8,9,8,9,7,7,10,8,8,7,7,6,9,9,7,14,7,6,9,11,9,10,5,8,9,9,8,7,8,6,10,7,11,4,4,8,7,13,7,4,8,10,7,6,9,7,7,6,8,8,8,5,8,9,7,5,10,6,10,8,5,8,8,6,6,7,7,8,8,6,9,5,5,5,6,7,6,10,10,11,11,8,8,6,10,10,11,9,9,5,11,7,10,5,9,5,5,7,7,3,4,10,6,7,8,9,10,8,11,11,10,7,10,10,6,8,6,8,7,8,5,7,10,7,5,6,10,8,11,6,9,9,13,8,6,6,5,6,8,10,6,6,6,6,6,8,11,9,11,6,5,9,7,8,10,9,10,5,8,6,7,5,8,4,7,7,7,7,9,10,9,7,9,10,6,8,9,7,9,8,9,8,7,6,6,6,5,12,5,7,7,9,6,5,8,9,13,9,7,9,5,6,9,6,5,12,6,12,6,8,8,6,9,6,8,5,10,6,10,10,9,4,7,10,7,8,8,6,10,8,5,9,5,7,5,8,6,4,13,7,5,5,14,6,8,11,6,4,10,8,9,10,7,11,7,5,4,4,10,8,6,9,8,5,11,9,11,8,9,8,11,8,10,4,4,7,9,5,6,7,10,6,5,8,6,9,5,7,6,8,7,7,7,9,5,5,6,8,6,7,9,5,11,8,10,7,9,10,6,6,8,4,9,6,7,7,8,6,8,6,9,8,10,10,10,6,4,8,5,7,8,6,7,7,10,7,9,7,8,7,4,10,9,10,7,10,8,7,8,9,5,7,6,7,8,8,7,11,6,9,10,8,8,7,7,5,6,9,7,9,9,8,10,8,7,8,8,8,8,8,8,4,11,6,7,7,7,6,8,8,7,4,6,10,10,4,6,5,5,10,9,9,5,9,6,10,4,11,5,8,7,10,7,14,11,8,11,8,6,12,13,8,12,9,6,4,9,6,13,7,11,8,9,9,7,6,10,9,15,10,7,6,9,9,9,11,11,7,6,11,5,11,5,5,6,8,6,7,10,12,8,6,5,10,6,10,6,6,7,7,8,6,9,8,7,8,10,4,8,5,4,5,7,13,6,9,11,9,9,9,11,6,10,7,8,7,5,8,6,6,10,7,6,5,6,8,8,8,12,8
align-dinov2+1b-things+hyp-abl10-shuffled-42,10,7,9,9,7,8,4,4,8,5,7,7,9,7,9,7,8,11,6,8,4,5,6,11,9,9,7,7,4,11,9,11,8,7,9,6,6,7,8,5,6,11,7,8,6,10,9,5,9,11,6,6,3,8,6,9,4,10,6,23,7,6,8,6,12,7,7,9,11,8,6,8,7,6,11,7,10,8,11,4,8,6,11,4,4,5,10,9,9,5,5,8,8,8,5,7,11,7,6,9,11,8,6,13,6,7,6,7,10,4,6,8,8,8,8,9,6,7,7,8,9,6,13,6,11,4,9,8,12,11,5,5,7,5,8,8,7,7,9,11,9,9,9,6,5,6,6,5,5,9,13,7,6,12,7,11,6,8,7,11,8,9,7,10,12,6,8,6,10,9,12,6,8,6,3,6,6,12,9,7,7,6,8,6,10,9,11,8,8,9,4,7,7,7,8,7,4,7,5,6,7,9,5,10,11,5,7,10,6,8,6,7,9,8,10,14,9,5,7,7,5,6,7,7,7,9,4,8,9,8,7,8,5,6,9,6,8,7,5,7,6,7,12,11,11,5,8,10,7,8,7,4,7,5,8,7,7,8,6,8,9,9,8,7,9,7,8,6,12,9,7,7,5,7,12,6,6,5,8,7,10,9,8,12,7,9,7,11,7,4,6,7,7,6,7,7,4,11,9,9,7,7,7,8,7,5,7,7,6,10,5,9,8,6,12,11,4,6,9,5,7,8,8,10,8,8,12,5,10,8,7,8,10,11,7,5,9,5,8,9,7,10,9,8,7,5,7,5,8,6,8,10,9,8,10,8,4,5,11,8,10,7,7,10,5,10,8,9,5,5,11,8,5,8,10,7,7,7,8,9,6,7,14,8,12,3,12,6,6,7,13,5,16,10,7,10,7,8,6,5,8,9,8,10,5,4,9,4,9,5,8,6,4,8,8,12,6,7,6,4,7,5,11,8,10,10,5,9,10,12,6,7,7,6,5,10,10,8,9,7,7,6,4,12,6,9,7,8,8,11,4,5,7,7,5,7,4,8,9,11,8,4,8,10,5,9,7,9,5,7,10,8,6,11,10,11,5,6,8,8,5,8,10,11,5,9,10,10,8,8,5,9,8,3,8,8,4,8,7,10,7,8,10,6,12,9,4,7,6,7,7,11,5,3,13,7,6,7,6,7,10,9,5,8,6,4,6,11,7,9,9,8,9,13,9,10,6,5,10,5,8,6,8,13,7,5,6,5,3,9,8,10,11,15,9,7,13,7,8,8,4,12,7,8,8,8,4,10,8,5,10,6,7,7,9,5,9,6,11,10,10,6,8,11,8,7,14,6,10,8,12,5,5,7,5,8,8,11,10,5,10,7,9,7,6,6,12,6,5,7,11,10,5,3,9,7,9,14,14,3,8,7,11,5,12,7,5,5,10,9,6,12,5,5,10,6,7,6,5,6,14,11,6,7,7,10,6,8,4,6,9,7,8,5,5,7,9,12,8,9,8,9,10,7,7,6,8,9,8,7,10,6,6,5,10,10,5,5,8,9,8,9,7,7,10,8,8,7,7,6,9,9,7,14,7,6,9,11,9,10,5,8,9,9,8,7,8,6,10,7,11,4,4,8,7,13,7,4,8,10,7,6,9,7,7,6,8,8,8,5,8,9,7,5,10,6,10,8,5,8,8,6,6,7,7,8,8,6,9,5,5,5,6,7,6,10,10,11,11,8,8,6,10,10,11,9,9,5,11,7,10,5,9,5,5,7,7,3,4,10,6,7,8,9,10,8,11,11,10,7,10,10,6,8,6,8,7,8,5,7,10,7,5,6,10,8,11,6,9,9,13,8,6,6,5,6,8,10,6,6,6,6,6,8,11,9,11,6,5,9,7,8,10,9,10,5,8,6,7,5,8,4,7,7,7,7,9,10,9,7,9,10,6,8,9,7,9,8,9,8,7,6,6,6,5,12,5,7,7,9,6,5,8,9,13,9,7,9,5,6,9,6,5,12,6,12,6,8,8,6,9,6,8,5,10,6,10,10,9,4,7,10,7,8,8,6,10,8,5,9,5,7,5,8,6,4,13,7,5,5,14,6,8,11,6,4,10,8,9,10,7,11,7,5,4,4,10,8,6,9,8,5,11,9,11,8,9,8,11,8,10,4,4,7,9,5,6,7,10,6,5,8,6,9,5,7,6,8,7,7,7,9,5,5,6,8,6,7,9,5,11,8,10,7,9,10,6,6,8,4,9,6,7,7,8,6,8,6,9,8,10,10,10,6,4,8,5,7,8,6,7,7,10,7,9,7,8,7,4,10,9,10,7,10,8,7,8,9,5,7,6,7,8,8,7,11,6,9,10,8,8,7,7,5,6,9,7,9,9,8,10,8,7,8,8,8,8,8,8,4,11,6,7,7,7,6,8,8,7,4,6,10,10,4,6,5,5,10,9,9,5,9,6,10,4,11,5,8,7,10,7,14,11,8,11,8,6,12,13,8,12,9,6,4,9,6,13,7,11,8,9,9,7,6,10,9,15,10,7,6,9,9,9,11,11,7,6,11,5,11,5,5,6,8,6,7,10,12,8,6,5,10,6,10,6,6,7,7,8,6,9,8,7,8,10,4,8,5,4,5,7,13,6,9,11,9,9,9,11,6,10,7,8,7,5,8,6,6,10,7,6,5,6,8,8,8,12,8
align-dinov2+1b-things+hyp-abl10-shuffled-7,10,7,9,9,7,8,4,4,8,5,7,7,9,7,9,7,8,11,6,8,4,5,6,11,9,9,7,7,4,11,9,11,8,7,9,6,6,7,8,5,6,11,7,8,6,10,9,5,9,11,6,6,3,8,6,9,4,10,6,23,7,6,8,6,12,7,7,9,11,8,6,8,7,6,11,7,10,8,11,4,8,6,11,4,4,5,10,9,9,5,5,8,8,8,5,7,11,7,6,9,11,8,6,13,6,7,6,7,10,4,6,8,8,8,8,9,6,7,7,8,9,6,13,6,11,4,9,8,12,11,5,5,7,5,8,8,7,7,9,11,9,9,9,6,5,6,6,5,5,9,13,7,6,12,7,11,6,8,7,11,8,9,7,10,12,6,8,6,10,9,12,6,8,6,3,6,6,12,9,7,7,6,8,6,10,9,11,8,8,9,4,7,7,7,8,7,4,7,5,6,7,9,5,10,11,5,7,10,6,8,6,7,9,8,10,14,9,5,7,7,5,6,7,7,7,9,4,8,9,8,7,8,5,6,9,6,8,7,5,7,6,7,12,11,11,5,8,10,7,8,7,4,7,5,8,7,7,8,6,8,9,9,8,7,9,7,8,6,12,9,7,7,5,7,12,6,6,5,8,7,10,9,8,12,7,9,7,11,7,4,6,7,7,6,7,7,4,11,9,9,7,7,7,8,7,5,7,7,6,10,5,9,8,6,12,11,4,6,9,5,7,8,8,10,8,8,12,5,10,8,7,8,10,11,7,5,9,5,8,9,7,10,9,8,7,5,7,5,8,6,8,10,9,8,10,8,4,5,11,8,10,7,7,10,5,10,8,9,5,5,11,8,5,8,10,7,7,7,8,9,6,7,14,8,12,3,12,6,6,7,13,5,16,10,7,10,7,8,6,5,8,9,8,10,5,4,9,4,9,5,8,6,4,8,8,12,6,7,6,4,7,5,11,8,10,10,5,9,10,12,6,7,7,6,5,10,10,8,9,7,7,6,4,12,6,9,7,8,8,11,4,5,7,7,5,7,4,8,9,11,8,4,8,10,5,9,7,9,5,7,10,8,6,11,10,11,5,6,8,8,5,8,10,11,5,9,10,10,8,8,5,9,8,3,8,8,4,8,7,10,7,8,10,6,12,9,4,7,6,7,7,11,5,3,13,7,6,7,6,7,10,9,5,8,6,4,6,11,7,9,9,8,9,13,9,10,6,5,10,5,8,6,8,13,7,5,6,5,3,9,8,10,11,15,9,7,13,7,8,8,4,12,7,8,8,8,4,10,8,5,10,6,7,7,9,5,9,6,11,10,10,6,8,11,8,7,14,6,10,8,12,5,5,7,5,8,8,11,10,5,10,7,9,7,6,6,12,6,5,7,11,10,5,3,9,7,9,14,14,3,8,7,11,5,12,7,5,5,10,9,6,12,5,5,10,6,7,6,5,6,14,11,6,7,7,10,6,8,4,6,9,7,8,5,5,7,9,12,8,9,8,9,10,7,7,6,8,9,8,7,10,6,6,5,10,10,5,5,8,9,8,9,7,7,10,8,8,7,7,6,9,9,7,14,7,6,9,11,9,10,5,8,9,9,8,7,8,6,10,7,11,4,4,8,7,13,7,4,8,10,7,6,9,7,7,6,8,8,8,5,8,9,7,5,10,6,10,8,5,8,8,6,6,7,7,8,8,6,9,5,5,5,6,7,6,10,10,11,11,8,8,6,10,10,11,9,9,5,11,7,10,5,9,5,5,7,7,3,4,10,6,7,8,9,10,8,11,11,10,7,10,10,6,8,6,8,7,8,5,7,10,7,5,6,10,8,11,6,9,9,13,8,6,6,5,6,8,10,6,6,6,6,6,8,11,9,11,6,5,9,7,8,10,9,10,5,8,6,7,5,8,4,7,7,7,7,9,10,9,7,9,10,6,8,9,7,9,8,9,8,7,6,6,6,5,12,5,7,7,9,6,5,8,9,13,9,7,9,5,6,9,6,5,12,6,12,6,8,8,6,9,6,8,5,10,6,10,10,9,4,7,10,7,8,8,6,10,8,5,9,5,7,5,8,6,4,13,7,5,5,14,6,8,11,6,4,10,8,9,10,7,11,7,5,4,4,10,8,6,9,8,5,11,9,11,8,9,8,11,8,10,4,4,7,9,5,6,7,10,6,5,8,6,9,5,7,6,8,7,7,7,9,5,5,6,8,6,7,9,5,11,8,10,7,9,10,6,6,8,4,9,6,7,7,8,6,8,6,9,8,10,10,10,6,4,8,5,7,8,6,7,7,10,7,9,7,8,7,4,10,9,10,7,10,8,7,8,9,5,7,6,7,8,8,7,11,6,9,10,8,8,7,7,5,6,9,7,9,9,8,10,8,7,8,8,8,8,8,8,4,11,6,7,7,7,6,8,8,7,4,6,10,10,4,6,5,5,10,9,9,5,9,6,10,4,11,5,8,7,10,7,14,11,8,11,8,6,12,13,8,12,9,6,4,9,6,13,7,11,8,9,9,7,6,10,9,15,10,7,6,9,9,9,11,11,7,6,11,5,11,5,5,6,8,6,7,10,12,8,6,5,10,6,10,6,6,7,7,8,6,9,8,7,8,10,4,8,5,4,5,7,13,6,9,11,9,9,9,11,6,10,7,8,7,5,8,6,6,10,7,6,5,6,8,8,8,12,8
align-dinov2+1b-things+hyp-abl10cat-218,9,8,6,9,7,5,9,10,3,6,8,6,4,8,8,5,6,5,9,6,6,8,7,8,4,12,6,7,5,7,11,8,10,10,4,13,8,9,8,12,8,6,4,6,7,8,7,10,8,8,7,8,10,9,8,6,8,11,9,25,7,9,8,7,8,10,8,9,10,9,9,12,8,10,6,11,11,8,7,7,5,14,7,8,8,9,8,5,6,14,12,7,8,5,6,7,7,7,7,4,9,6,10,7,8,7,11,9,10,6,13,10,3,6,4,10,5,7,8,8,6,9,6,10,16,11,6,7,8,5,8,6,6,8,7,12,11,5,10,9,5,8,8,10,4,7,5,4,6,5,16,10,6,8,3,7,10,4,6,8,8,7,8,7,6,10,10,8,8,9,8,5,7,10,7,8,4,12,9,7,10,10,7,10,6,7,7,7,7,10,5,9,8,7,6,9,11,8,9,8,8,6,5,7,9,7,9,7,6,7,5,7,6,8,7,7,4,5,9,7,9,5,10,8,8,13,9,10,6,6,11,4,9,7,8,6,7,7,7,5,8,7,5,10,9,8,6,5,10,5,12,11,6,7,5,7,5,8,11,8,9,7,8,6,6,6,10,6,12,5,11,7,15,11,8,9,11,10,14,10,7,8,6,8,8,6,7,7,10,11,7,9,4,7,5,5,4,7,5,9,8,8,12,10,7,8,10,7,10,13,8,11,9,5,8,7,7,7,9,7,6,8,9,8,8,7,9,6,6,9,6,6,8,7,10,11,8,14,11,9,12,7,13,10,7,8,6,7,7,11,8,4,7,6,6,7,9,8,9,8,9,9,8,8,8,9,6,8,8,10,5,8,6,7,6,8,7,8,7,7,5,4,7,7,7,6,10,7,5,5,17,5,8,10,8,4,7,6,7,11,6,7,8,6,3,8,6,9,9,12,4,9,5,8,6,6,4,5,7,10,6,9,6,6,13,5,5,11,6,7,8,5,8,5,10,4,4,6,16,5,8,5,6,11,13,6,5,5,10,10,6,10,9,8,11,9,7,7,9,7,10,5,3,9,5,7,11,5,8,6,8,10,5,10,5,8,6,8,5,8,11,3,3,7,5,11,10,10,7,8,7,10,6,10,8,4,11,10,5,7,6,7,9,9,4,6,5,9,6,6,10,11,7,10,10,8,9,8,10,6,6,4,6,8,12,5,10,11,9,7,6,5,6,8,10,10,3,13,7,11,5,6,9,5,7,7,9,7,7,11,8,7,9,14,11,8,10,9,6,10,6,6,6,8,6,11,8,8,11,5,8,10,6,10,7,9,5,9,9,7,8,6,14,11,6,4,7,11,7,6,10,7,5,7,9,15,6,6,10,8,11,7,8,7,6,10,8,10,9,10,8,6,13,9,11,7,8,8,3,6,7,7,6,6,9,6,9,7,8,7,6,11,10,4,6,9,6,10,11,4,7,8,12,8,5,8,7,8,6,7,9,6,7,7,6,4,8,8,10,6,6,7,9,6,11,7,11,7,10,9,5,7,8,9,9,7,5,15,4,7,7,5,6,5,6,6,7,8,8,6,9,10,9,8,12,8,9,5,12,13,7,6,11,5,12,7,8,5,9,6,8,5,6,5,9,7,9,12,8,4,10,11,6,4,4,9,6,6,8,8,4,5,8,8,13,9,7,6,5,6,11,11,6,11,9,6,6,7,6,5,7,10,9,7,10,8,4,8,11,6,6,6,7,10,5,7,8,6,8,4,10,10,9,6,8,5,5,4,9,15,8,6,7,7,9,10,5,7,10,10,4,5,7,9,7,6,9,8,6,11,6,6,6,6,11,13,8,12,8,8,6,6,7,7,11,10,6,7,7,5,6,9,7,8,5,9,9,6,7,9,9,3,5,11,9,8,6,8,5,7,8,9,8,6,5,7,10,7,13,5,7,11,8,9,7,7,5,11,10,6,8,7,10,11,7,6,7,8,10,7,7,9,3,7,10,11,12,7,8,12,6,8,5,6,7,9,6,6,6,9,6,5,7,3,9,11,8,10,7,8,5,8,4,4,10,12,4,6,7,9,8,10,4,8,10,5,7,7,6,6,7,4,5,9,7,8,10,7,6,11,4,9,10,6,6,9,10,5,9,4,8,8,8,6,8,8,7,14,5,12,8,5,9,8,4,8,11,8,9,7,8,8,9,4,7,8,4,5,7,7,8,4,8,8,9,9,10,5,6,8,9,3,7,7,5,4,10,6,11,7,5,7,5,7,7,9,6,6,7,8,7,6,8,8,9,6,8,7,4,6,9,6,8,8,9,8,5,6,6,7,12,5,7,6,9,7,5,7,5,9,8,5,7,8,7,4,6,11,6,11,7,8,9,8,12,8,10,5,10,12,9,6,9,6,8,10,8,13,5,5,11,8,4,9,11,8,9,12,9,10,7,3,10,7,6,8,8,9,10,11,7,10,5,7,8,8,9,8,9,9,5,7,8,9,8,8,10,7,5,9,7,8,5,12,12,8,7,6,5,8,6,9,6,8,4,9,5,8,12,12,9,6,7,6,5,7,9,5,7,8,4,7,4,12,6,12,6,7,8,7,7,7,5,7,7,9,8,13,6,7,12,7,13,8,8,6,6,5,6,9,9,10,10,10,7,10,9,12,6,7,10,7,6,8,13,8,7,7,5,8,11,8,8,6,9,11,10,10
align-dinov2+1b-things+hyp-abl10cat-218-random,9,8,6,9,7,5,9,10,3,6,8,6,4,8,8,5,6,5,9,6,6,8,7,8,4,12,6,7,5,7,11,8,10,10,4,13,8,9,8,12,8,6,4,6,7,8,7,10,8,8,7,8,10,9,8,6,8,11,9,25,7,9,8,7,8,10,8,9,10,9,9,12,8,10,6,11,11,8,7,7,5,14,7,8,8,9,8,5,6,14,12,7,8,5,6,7,7,7,7,4,9,6,10,7,8,7,11,9,10,6,13,10,3,6,4,10,5,7,8,8,6,9,6,10,16,11,6,7,8,5,8,6,6,8,7,12,11,5,10,9,5,8,8,10,4,7,5,4,6,5,16,10,6,8,3,7,10,4,6,8,8,7,8,7,6,10,10,8,8,9,8,5,7,10,7,8,4,12,9,7,10,10,7,10,6,7,7,7,7,10,5,9,8,7,6,9,11,8,9,8,8,6,5,7,9,7,9,7,6,7,5,7,6,8,7,7,4,5,9,7,9,5,10,8,8,13,9,10,6,6,11,4,9,7,8,6,7,7,7,5,8,7,5,10,9,8,6,5,10,5,12,11,6,7,5,7,5,8,11,8,9,7,8,6,6,6,10,6,12,5,11,7,15,11,8,9,11,10,14,10,7,8,6,8,8,6,7,7,10,11,7,9,4,7,5,5,4,7,5,9,8,8,12,10,7,8,10,7,10,13,8,11,9,5,8,7,7,7,9,7,6,8,9,8,8,7,9,6,6,9,6,6,8,7,10,11,8,14,11,9,12,7,13,10,7,8,6,7,7,11,8,4,7,6,6,7,9,8,9,8,9,9,8,8,8,9,6,8,8,10,5,8,6,7,6,8,7,8,7,7,5,4,7,7,7,6,10,7,5,5,17,5,8,10,8,4,7,6,7,11,6,7,8,6,3,8,6,9,9,12,4,9,5,8,6,6,4,5,7,10,6,9,6,6,13,5,5,11,6,7,8,5,8,5,10,4,4,6,16,5,8,5,6,11,13,6,5,5,10,10,6,10,9,8,11,9,7,7,9,7,10,5,3,9,5,7,11,5,8,6,8,10,5,10,5,8,6,8,5,8,11,3,3,7,5,11,10,10,7,8,7,10,6,10,8,4,11,10,5,7,6,7,9,9,4,6,5,9,6,6,10,11,7,10,10,8,9,8,10,6,6,4,6,8,12,5,10,11,9,7,6,5,6,8,10,10,3,13,7,11,5,6,9,5,7,7,9,7,7,11,8,7,9,14,11,8,10,9,6,10,6,6,6,8,6,11,8,8,11,5,8,10,6,10,7,9,5,9,9,7,8,6,14,11,6,4,7,11,7,6,10,7,5,7,9,15,6,6,10,8,11,7,8,7,6,10,8,10,9,10,8,6,13,9,11,7,8,8,3,6,7,7,6,6,9,6,9,7,8,7,6,11,10,4,6,9,6,10,11,4,7,8,12,8,5,8,7,8,6,7,9,6,7,7,6,4,8,8,10,6,6,7,9,6,11,7,11,7,10,9,5,7,8,9,9,7,5,15,4,7,7,5,6,5,6,6,7,8,8,6,9,10,9,8,12,8,9,5,12,13,7,6,11,5,12,7,8,5,9,6,8,5,6,5,9,7,9,12,8,4,10,11,6,4,4,9,6,6,8,8,4,5,8,8,13,9,7,6,5,6,11,11,6,11,9,6,6,7,6,5,7,10,9,7,10,8,4,8,11,6,6,6,7,10,5,7,8,6,8,4,10,10,9,6,8,5,5,4,9,15,8,6,7,7,9,10,5,7,10,10,4,5,7,9,7,6,9,8,6,11,6,6,6,6,11,13,8,12,8,8,6,6,7,7,11,10,6,7,7,5,6,9,7,8,5,9,9,6,7,9,9,3,5,11,9,8,6,8,5,7,8,9,8,6,5,7,10,7,13,5,7,11,8,9,7,7,5,11,10,6,8,7,10,11,7,6,7,8,10,7,7,9,3,7,10,11,12,7,8,12,6,8,5,6,7,9,6,6,6,9,6,5,7,3,9,11,8,10,7,8,5,8,4,4,10,12,4,6,7,9,8,10,4,8,10,5,7,7,6,6,7,4,5,9,7,8,10,7,6,11,4,9,10,6,6,9,10,5,9,4,8,8,8,6,8,8,7,14,5,12,8,5,9,8,4,8,11,8,9,7,8,8,9,4,7,8,4,5,7,7,8,4,8,8,9,9,10,5,6,8,9,3,7,7,5,4,10,6,11,7,5,7,5,7,7,9,6,6,7,8,7,6,8,8,9,6,8,7,4,6,9,6,8,8,9,8,5,6,6,7,12,5,7,6,9,7,5,7,5,9,8,5,7,8,7,4,6,11,6,11,7,8,9,8,12,8,10,5,10,12,9,6,9,6,8,10,8,13,5,5,11,8,4,9,11,8,9,12,9,10,7,3,10,7,6,8,8,9,10,11,7,10,5,7,8,8,9,8,9,9,5,7,8,9,8,8,10,7,5,9,7,8,5,12,12,8,7,6,5,8,6,9,6,8,4,9,5,8,12,12,9,6,7,6,5,7,9,5,7,8,4,7,4,12,6,12,6,7,8,7,7,7,5,7,7,9,8,13,6,7,12,7,13,8,8,6,6,5,6,9,9,10,10,10,7,10,9,12,6,7,10,7,6,8,13,8,7,7,5,8,11,8,8,6,9,11,10,10
align-dinov2+1b-things+hyp-abl10cat-42,9,8,6,9,7,5,9,10,3,6,8,6,4,8,8,5,6,5,9,6,6,8,7,8,4,12,6,7,5,7,11,8,10,10,4,13,8,9,8,12,8,6,4,6,7,8,7,10,8,8,7,8,10,9,8,6,8,11,9,25,7,9,8,7,8,10,8,9,10,9,9,12,8,10,6,11,11,8,7,7,5,14,7,8,8,9,8,5,6,14,12,7,8,5,6,7,7,7,7,4,9,6,10,7,8,7,11,9,10,6,13,10,3,6,4,10,5,7,8,8,6,9,6,10,16,11,6,7,8,5,8,6,6,8,7,12,11,5,10,9,5,8,8,10,4,7,5,4,6,5,16,10,6,8,3,7,10,4,6,8,8,7,8,7,6,10,10,8,8,9,8,5,7,10,7,8,4,12,9,7,10,10,7,10,6,7,7,7,7,10,5,9,8,7,6,9,11,8,9,8,8,6,5,7,9,7,9,7,6,7,5,7,6,8,7,7,4,5,9,7,9,5,10,8,8,13,9,10,6,6,11,4,9,7,8,6,7,7,7,5,8,7,5,10,9,8,6,5,10,5,12,11,6,7,5,7,5,8,11,8,9,7,8,6,6,6,10,6,12,5,11,7,15,11,8,9,11,10,14,10,7,8,6,8,8,6,7,7,10,11,7,9,4,7,5,5,4,7,5,9,8,8,12,10,7,8,10,7,10,13,8,11,9,5,8,7,7,7,9,7,6,8,9,8,8,7,9,6,6,9,6,6,8,7,10,11,8,14,11,9,12,7,13,10,7,8,6,7,7,11,8,4,7,6,6,7,9,8,9,8,9,9,8,8,8,9,6,8,8,10,5,8,6,7,6,8,7,8,7,7,5,4,7,7,7,6,10,7,5,5,17,5,8,10,8,4,7,6,7,11,6,7,8,6,3,8,6,9,9,12,4,9,5,8,6,6,4,5,7,10,6,9,6,6,13,5,5,11,6,7,8,5,8,5,10,4,4,6,16,5,8,5,6,11,13,6,5,5,10,10,6,10,9,8,11,9,7,7,9,7,10,5,3,9,5,7,11,5,8,6,8,10,5,10,5,8,6,8,5,8,11,3,3,7,5,11,10,10,7,8,7,10,6,10,8,4,11,10,5,7,6,7,9,9,4,6,5,9,6,6,10,11,7,10,10,8,9,8,10,6,6,4,6,8,12,5,10,11,9,7,6,5,6,8,10,10,3,13,7,11,5,6,9,5,7,7,9,7,7,11,8,7,9,14,11,8,10,9,6,10,6,6,6,8,6,11,8,8,11,5,8,10,6,10,7,9,5,9,9,7,8,6,14,11,6,4,7,11,7,6,10,7,5,7,9,15,6,6,10,8,11,7,8,7,6,10,8,10,9,10,8,6,13,9,11,7,8,8,3,6,7,7,6,6,9,6,9,7,8,7,6,11,10,4,6,9,6,10,11,4,7,8,12,8,5,8,7,8,6,7,9,6,7,7,6,4,8,8,10,6,6,7,9,6,11,7,11,7,10,9,5,7,8,9,9,7,5,15,4,7,7,5,6,5,6,6,7,8,8,6,9,10,9,8,12,8,9,5,12,13,7,6,11,5,12,7,8,5,9,6,8,5,6,5,9,7,9,12,8,4,10,11,6,4,4,9,6,6,8,8,4,5,8,8,13,9,7,6,5,6,11,11,6,11,9,6,6,7,6,5,7,10,9,7,10,8,4,8,11,6,6,6,7,10,5,7,8,6,8,4,10,10,9,6,8,5,5,4,9,15,8,6,7,7,9,10,5,7,10,10,4,5,7,9,7,6,9,8,6,11,6,6,6,6,11,13,8,12,8,8,6,6,7,7,11,10,6,7,7,5,6,9,7,8,5,9,9,6,7,9,9,3,5,11,9,8,6,8,5,7,8,9,8,6,5,7,10,7,13,5,7,11,8,9,7,7,5,11,10,6,8,7,10,11,7,6,7,8,10,7,7,9,3,7,10,11,12,7,8,12,6,8,5,6,7,9,6,6,6,9,6,5,7,3,9,11,8,10,7,8,5,8,4,4,10,12,4,6,7,9,8,10,4,8,10,5,7,7,6,6,7,4,5,9,7,8,10,7,6,11,4,9,10,6,6,9,10,5,9,4,8,8,8,6,8,8,7,14,5,12,8,5,9,8,4,8,11,8,9,7,8,8,9,4,7,8,4,5,7,7,8,4,8,8,9,9,10,5,6,8,9,3,7,7,5,4,10,6,11,7,5,7,5,7,7,9,6,6,7,8,7,6,8,8,9,6,8,7,4,6,9,6,8,8,9,8,5,6,6,7,12,5,7,6,9,7,5,7,5,9,8,5,7,8,7,4,6,11,6,11,7,8,9,8,12,8,10,5,10,12,9,6,9,6,8,10,8,13,5,5,11,8,4,9,11,8,9,12,9,10,7,3,10,7,6,8,8,9,10,11,7,10,5,7,8,8,9,8,9,9,5,7,8,9,8,8,10,7,5,9,7,8,5,12,12,8,7,6,5,8,6,9,6,8,4,9,5,8,12,12,9,6,7,6,5,7,9,5,7,8,4,7,4,12,6,12,6,7,8,7,7,7,5,7,7,9,8,13,6,7,12,7,13,8,8,6,6,5,6,9,9,10,10,10,7,10,9,12,6,7,10,7,6,8,13,8,7,7,5,8,11,8,8,6,9,11,10,10
align-dinov2+1b-things+hyp-abl10cat-42-random,9,8,6,9,7,5,9,10,3,6,8,6,4,8,8,5,6,5,9,6,6,8,7,8,4,12,6,7,5,7,11,8,10,10,4,13,8,9,8,12,8,6,4,6,7,8,7,10,8,8,7,8,10,9,8,6,8,11,9,25,7,9,8,7,8,10,8,9,10,9,9,12,8,10,6,11,11,8,7,7,5,14,7,8,8,9,8,5,6,14,12,7,8,5,6,7,7,7,7,4,9,6,10,7,8,7,11,9,10,6,13,10,3,6,4,10,5,7,8,8,6,9,6,10,16,11,6,7,8,5,8,6,6,8,7,12,11,5,10,9,5,8,8,10,4,7,5,4,6,5,16,10,6,8,3,7,10,4,6,8,8,7,8,7,6,10,10,8,8,9,8,5,7,10,7,8,4,12,9,7,10,10,7,10,6,7,7,7,7,10,5,9,8,7,6,9,11,8,9,8,8,6,5,7,9,7,9,7,6,7,5,7,6,8,7,7,4,5,9,7,9,5,10,8,8,13,9,10,6,6,11,4,9,7,8,6,7,7,7,5,8,7,5,10,9,8,6,5,10,5,12,11,6,7,5,7,5,8,11,8,9,7,8,6,6,6,10,6,12,5,11,7,15,11,8,9,11,10,14,10,7,8,6,8,8,6,7,7,10,11,7,9,4,7,5,5,4,7,5,9,8,8,12,10,7,8,10,7,10,13,8,11,9,5,8,7,7,7,9,7,6,8,9,8,8,7,9,6,6,9,6,6,8,7,10,11,8,14,11,9,12,7,13,10,7,8,6,7,7,11,8,4,7,6,6,7,9,8,9,8,9,9,8,8,8,9,6,8,8,10,5,8,6,7,6,8,7,8,7,7,5,4,7,7,7,6,10,7,5,5,17,5,8,10,8,4,7,6,7,11,6,7,8,6,3,8,6,9,9,12,4,9,5,8,6,6,4,5,7,10,6,9,6,6,13,5,5,11,6,7,8,5,8,5,10,4,4,6,16,5,8,5,6,11,13,6,5,5,10,10,6,10,9,8,11,9,7,7,9,7,10,5,3,9,5,7,11,5,8,6,8,10,5,10,5,8,6,8,5,8,11,3,3,7,5,11,10,10,7,8,7,10,6,10,8,4,11,10,5,7,6,7,9,9,4,6,5,9,6,6,10,11,7,10,10,8,9,8,10,6,6,4,6,8,12,5,10,11,9,7,6,5,6,8,10,10,3,13,7,11,5,6,9,5,7,7,9,7,7,11,8,7,9,14,11,8,10,9,6,10,6,6,6,8,6,11,8,8,11,5,8,10,6,10,7,9,5,9,9,7,8,6,14,11,6,4,7,11,7,6,10,7,5,7,9,15,6,6,10,8,11,7,8,7,6,10,8,10,9,10,8,6,13,9,11,7,8,8,3,6,7,7,6,6,9,6,9,7,8,7,6,11,10,4,6,9,6,10,11,4,7,8,12,8,5,8,7,8,6,7,9,6,7,7,6,4,8,8,10,6,6,7,9,6,11,7,11,7,10,9,5,7,8,9,9,7,5,15,4,7,7,5,6,5,6,6,7,8,8,6,9,10,9,8,12,8,9,5,12,13,7,6,11,5,12,7,8,5,9,6,8,5,6,5,9,7,9,12,8,4,10,11,6,4,4,9,6,6,8,8,4,5,8,8,13,9,7,6,5,6,11,11,6,11,9,6,6,7,6,5,7,10,9,7,10,8,4,8,11,6,6,6,7,10,5,7,8,6,8,4,10,10,9,6,8,5,5,4,9,15,8,6,7,7,9,10,5,7,10,10,4,5,7,9,7,6,9,8,6,11,6,6,6,6,11,13,8,12,8,8,6,6,7,7,11,10,6,7,7,5,6,9,7,8,5,9,9,6,7,9,9,3,5,11,9,8,6,8,5,7,8,9,8,6,5,7,10,7,13,5,7,11,8,9,7,7,5,11,10,6,8,7,10,11,7,6,7,8,10,7,7,9,3,7,10,11,12,7,8,12,6,8,5,6,7,9,6,6,6,9,6,5,7,3,9,11,8,10,7,8,5,8,4,4,10,12,4,6,7,9,8,10,4,8,10,5,7,7,6,6,7,4,5,9,7,8,10,7,6,11,4,9,10,6,6,9,10,5,9,4,8,8,8,6,8,8,7,14,5,12,8,5,9,8,4,8,11,8,9,7,8,8,9,4,7,8,4,5,7,7,8,4,8,8,9,9,10,5,6,8,9,3,7,7,5,4,10,6,11,7,5,7,5,7,7,9,6,6,7,8,7,6,8,8,9,6,8,7,4,6,9,6,8,8,9,8,5,6,6,7,12,5,7,6,9,7,5,7,5,9,8,5,7,8,7,4,6,11,6,11,7,8,9,8,12,8,10,5,10,12,9,6,9,6,8,10,8,13,5,5,11,8,4,9,11,8,9,12,9,10,7,3,10,7,6,8,8,9,10,11,7,10,5,7,8,8,9,8,9,9,5,7,8,9,8,8,10,7,5,9,7,8,5,12,12,8,7,6,5,8,6,9,6,8,4,9,5,8,12,12,9,6,7,6,5,7,9,5,7,8,4,7,4,12,6,12,6,7,8,7,7,7,5,7,7,9,8,13,6,7,12,7,13,8,8,6,6,5,6,9,9,10,10,10,7,10,9,12,6,7,10,7,6,8,13,8,7,7,5,8,11,8,8,6,9,11,10,10
align-dinov2+1b-things+hyp-abl10cat-7,9,8,6,9,7,5,9,10,3,6,8,6,4,8,8,5,6,5,9,6,6,8,7,8,4,12,6,7,5,7,11,8,10,10,4,13,8,9,8,12,8,6,4,6,7,8,7,10,8,8,7,8,10,9,8,6,8,11,9,25,7,9,8,7,8,10,8,9,10,9,9,12,8,10,6,11,11,8,7,7,5,14,7,8,8,9,8,5,6,14,12,7,8,5,6,7,7,7,7,4,9,6,10,7,8,7,11,9,10,6,13,10,3,6,4,10,5,7,8,8,6,9,6,10,16,11,6,7,8,5,8,6,6,8,7,12,11,5,10,9,5,8,8,10,4,7,5,4,6,5,16,10,6,8,3,7,10,4,6,8,8,7,8,7,6,10,10,8,8,9,8,5,7,10,7,8,4,12,9,7,10,10,7,10,6,7,7,7,7,10,5,9,8,7,6,9,11,8,9,8,8,6,5,7,9,7,9,7,6,7,5,7,6,8,7,7,4,5,9,7,9,5,10,8,8,13,9,10,6,6,11,4,9,7,8,6,7,7,7,5,8,7,5,10,9,8,6,5,10,5,12,11,6,7,5,7,5,8,11,8,9,7,8,6,6,6,10,6,12,5,11,7,15,11,8,9,11,10,14,10,7,8,6,8,8,6,7,7,10,11,7,9,4,7,5,5,4,7,5,9,8,8,12,10,7,8,10,7,10,13,8,11,9,5,8,7,7,7,9,7,6,8,9,8,8,7,9,6,6,9,6,6,8,7,10,11,8,14,11,9,12,7,13,10,7,8,6,7,7,11,8,4,7,6,6,7,9,8,9,8,9,9,8,8,8,9,6,8,8,10,5,8,6,7,6,8,7,8,7,7,5,4,7,7,7,6,10,7,5,5,17,5,8,10,8,4,7,6,7,11,6,7,8,6,3,8,6,9,9,12,4,9,5,8,6,6,4,5,7,10,6,9,6,6,13,5,5,11,6,7,8,5,8,5,10,4,4,6,16,5,8,5,6,11,13,6,5,5,10,10,6,10,9,8,11,9,7,7,9,7,10,5,3,9,5,7,11,5,8,6,8,10,5,10,5,8,6,8,5,8,11,3,3,7,5,11,10,10,7,8,7,10,6,10,8,4,11,10,5,7,6,7,9,9,4,6,5,9,6,6,10,11,7,10,10,8,9,8,10,6,6,4,6,8,12,5,10,11,9,7,6,5,6,8,10,10,3,13,7,11,5,6,9,5,7,7,9,7,7,11,8,7,9,14,11,8,10,9,6,10,6,6,6,8,6,11,8,8,11,5,8,10,6,10,7,9,5,9,9,7,8,6,14,11,6,4,7,11,7,6,10,7,5,7,9,15,6,6,10,8,11,7,8,7,6,10,8,10,9,10,8,6,13,9,11,7,8,8,3,6,7,7,6,6,9,6,9,7,8,7,6,11,10,4,6,9,6,10,11,4,7,8,12,8,5,8,7,8,6,7,9,6,7,7,6,4,8,8,10,6,6,7,9,6,11,7,11,7,10,9,5,7,8,9,9,7,5,15,4,7,7,5,6,5,6,6,7,8,8,6,9,10,9,8,12,8,9,5,12,13,7,6,11,5,12,7,8,5,9,6,8,5,6,5,9,7,9,12,8,4,10,11,6,4,4,9,6,6,8,8,4,5,8,8,13,9,7,6,5,6,11,11,6,11,9,6,6,7,6,5,7,10,9,7,10,8,4,8,11,6,6,6,7,10,5,7,8,6,8,4,10,10,9,6,8,5,5,4,9,15,8,6,7,7,9,10,5,7,10,10,4,5,7,9,7,6,9,8,6,11,6,6,6,6,11,13,8,12,8,8,6,6,7,7,11,10,6,7,7,5,6,9,7,8,5,9,9,6,7,9,9,3,5,11,9,8,6,8,5,7,8,9,8,6,5,7,10,7,13,5,7,11,8,9,7,7,5,11,10,6,8,7,10,11,7,6,7,8,10,7,7,9,3,7,10,11,12,7,8,12,6,8,5,6,7,9,6,6,6,9,6,5,7,3,9,11,8,10,7,8,5,8,4,4,10,12,4,6,7,9,8,10,4,8,10,5,7,7,6,6,7,4,5,9,7,8,10,7,6,11,4,9,10,6,6,9,10,5,9,4,8,8,8,6,8,8,7,14,5,12,8,5,9,8,4,8,11,8,9,7,8,8,9,4,7,8,4,5,7,7,8,4,8,8,9,9,10,5,6,8,9,3,7,7,5,4,10,6,11,7,5,7,5,7,7,9,6,6,7,8,7,6,8,8,9,6,8,7,4,6,9,6,8,8,9,8,5,6,6,7,12,5,7,6,9,7,5,7,5,9,8,5,7,8,7,4,6,11,6,11,7,8,9,8,12,8,10,5,10,12,9,6,9,6,8,10,8,13,5,5,11,8,4,9,11,8,9,12,9,10,7,3,10,7,6,8,8,9,10,11,7,10,5,7,8,8,9,8,9,9,5,7,8,9,8,8,10,7,5,9,7,8,5,12,12,8,7,6,5,8,6,9,6,8,4,9,5,8,12,12,9,6,7,6,5,7,9,5,7,8,4,7,4,12,6,12,6,7,8,7,7,7,5,7,7,9,8,13,6,7,12,7,13,8,8,6,6,5,6,9,9,10,10,10,7,10,9,12,6,7,10,7,6,8,13,8,7,7,5,8,11,8,8,6,9,11,10,10
align-dinov2+1b-things+hyp-abl10cat-7-random,9,8,6,9,7,5,9,10,3,6,8,6,4,8,8,5,6,5,9,6,6,8,7,8,4,12,6,7,5,7,11,8,10,10,4,13,8,9,8,12,8,6,4,6,7,8,7,10,8,8,7,8,10,9,8,6,8,11,9,25,7,9,8,7,8,10,8,9,10,9,9,12,8,10,6,11,11,8,7,7,5,14,7,8,8,9,8,5,6,14,12,7,8,5,6,7,7,7,7,4,9,6,10,7,8,7,11,9,10,6,13,10,3,6,4,10,5,7,8,8,6,9,6,10,16,11,6,7,8,5,8,6,6,8,7,12,11,5,10,9,5,8,8,10,4,7,5,4,6,5,16,10,6,8,3,7,10,4,6,8,8,7,8,7,6,10,10,8,8,9,8,5,7,10,7,8,4,12,9,7,10,10,7,10,6,7,7,7,7,10,5,9,8,7,6,9,11,8,9,8,8,6,5,7,9,7,9,7,6,7,5,7,6,8,7,7,4,5,9,7,9,5,10,8,8,13,9,10,6,6,11,4,9,7,8,6,7,7,7,5,8,7,5,10,9,8,6,5,10,5,12,11,6,7,5,7,5,8,11,8,9,7,8,6,6,6,10,6,12,5,11,7,15,11,8,9,11,10,14,10,7,8,6,8,8,6,7,7,10,11,7,9,4,7,5,5,4,7,5,9,8,8,12,10,7,8,10,7,10,13,8,11,9,5,8,7,7,7,9,7,6,8,9,8,8,7,9,6,6,9,6,6,8,7,10,11,8,14,11,9,12,7,13,10,7,8,6,7,7,11,8,4,7,6,6,7,9,8,9,8,9,9,8,8,8,9,6,8,8,10,5,8,6,7,6,8,7,8,7,7,5,4,7,7,7,6,10,7,5,5,17,5,8,10,8,4,7,6,7,11,6,7,8,6,3,8,6,9,9,12,4,9,5,8,6,6,4,5,7,10,6,9,6,6,13,5,5,11,6,7,8,5,8,5,10,4,4,6,16,5,8,5,6,11,13,6,5,5,10,10,6,10,9,8,11,9,7,7,9,7,10,5,3,9,5,7,11,5,8,6,8,10,5,10,5,8,6,8,5,8,11,3,3,7,5,11,10,10,7,8,7,10,6,10,8,4,11,10,5,7,6,7,9,9,4,6,5,9,6,6,10,11,7,10,10,8,9,8,10,6,6,4,6,8,12,5,10,11,9,7,6,5,6,8,10,10,3,13,7,11,5,6,9,5,7,7,9,7,7,11,8,7,9,14,11,8,10,9,6,10,6,6,6,8,6,11,8,8,11,5,8,10,6,10,7,9,5,9,9,7,8,6,14,11,6,4,7,11,7,6,10,7,5,7,9,15,6,6,10,8,11,7,8,7,6,10,8,10,9,10,8,6,13,9,11,7,8,8,3,6,7,7,6,6,9,6,9,7,8,7,6,11,10,4,6,9,6,10,11,4,7,8,12,8,5,8,7,8,6,7,9,6,7,7,6,4,8,8,10,6,6,7,9,6,11,7,11,7,10,9,5,7,8,9,9,7,5,15,4,7,7,5,6,5,6,6,7,8,8,6,9,10,9,8,12,8,9,5,12,13,7,6,11,5,12,7,8,5,9,6,8,5,6,5,9,7,9,12,8,4,10,11,6,4,4,9,6,6,8,8,4,5,8,8,13,9,7,6,5,6,11,11,6,11,9,6,6,7,6,5,7,10,9,7,10,8,4,8,11,6,6,6,7,10,5,7,8,6,8,4,10,10,9,6,8,5,5,4,9,15,8,6,7,7,9,10,5,7,10,10,4,5,7,9,7,6,9,8,6,11,6,6,6,6,11,13,8,12,8,8,6,6,7,7,11,10,6,7,7,5,6,9,7,8,5,9,9,6,7,9,9,3,5,11,9,8,6,8,5,7,8,9,8,6,5,7,10,7,13,5,7,11,8,9,7,7,5,11,10,6,8,7,10,11,7,6,7,8,10,7,7,9,3,7,10,11,12,7,8,12,6,8,5,6,7,9,6,6,6,9,6,5,7,3,9,11,8,10,7,8,5,8,4,4,10,12,4,6,7,9,8,10,4,8,10,5,7,7,6,6,7,4,5,9,7,8,10,7,6,11,4,9,10,6,6,9,10,5,9,4,8,8,8,6,8,8,7,14,5,12,8,5,9,8,4,8,11,8,9,7,8,8,9,4,7,8,4,5,7,7,8,4,8,8,9,9,10,5,6,8,9,3,7,7,5,4,10,6,11,7,5,7,5,7,7,9,6,6,7,8,7,6,8,8,9,6,8,7,4,6,9,6,8,8,9,8,5,6,6,7,12,5,7,6,9,7,5,7,5,9,8,5,7,8,7,4,6,11,6,11,7,8,9,8,12,8,10,5,10,12,9,6,9,6,8,10,8,13,5,5,11,8,4,9,11,8,9,12,9,10,7,3,10,7,6,8,8,9,10,11,7,10,5,7,8,8,9,8,9,9,5,7,8,9,8,8,10,7,5,9,7,8,5,12,12,8,7,6,5,8,6,9,6,8,4,9,5,8,12,12,9,6,7,6,5,7,9,5,7,8,4,7,4,12,6,12,6,7,8,7,7,7,5,7,7,9,8,13,6,7,12,7,13,8,8,6,6,5,6,9,9,10,10,10,7,10,9,12,6,7,10,7,6,8,13,8,7,7,5,8,11,8,8,6,9,11,10,10
align-dinov2+1b-things+hyp-abl10cat-local-shuffled-218,4,7,11,8,5,8,9,7,8,6,11,10,6,9,7,8,10,14,9,6,10,8,9,6,7,7,7,9,11,7,9,7,9,5,7,7,10,8,7,10,6,8,5,8,9,6,7,6,10,6,6,4,9,10,8,7,7,4,5,19,10,4,9,7,9,9,7,7,5,8,9,5,7,10,10,8,5,7,7,4,7,10,7,9,5,11,5,5,8,8,12,7,10,9,9,8,10,8,6,9,9,8,7,10,11,6,10,9,9,9,10,8,10,7,7,9,8,8,9,10,8,7,7,4,15,11,8,7,8,5,8,11,8,9,10,9,9,6,10,4,5,7,8,8,6,9,7,7,6,8,15,6,4,8,7,8,4,8,5,6,8,8,5,5,9,7,6,8,6,7,5,6,10,7,6,7,9,9,7,5,6,9,10,6,11,6,7,7,7,5,8,4,9,6,9,10,8,8,10,6,10,4,5,5,13,4,5,7,7,9,9,4,6,8,7,6,4,6,6,9,7,4,10,5,11,7,9,8,6,7,15,7,5,8,8,9,6,6,7,5,9,6,7,11,8,13,6,12,6,9,8,8,7,8,7,5,7,9,9,7,7,9,10,7,5,10,8,9,8,5,8,7,8,7,6,8,6,10,6,7,9,5,9,7,8,5,7,6,5,9,10,5,7,10,7,5,10,6,11,6,6,6,11,5,9,10,8,8,5,9,11,8,9,6,6,5,10,8,9,9,9,13,9,5,8,7,6,9,6,7,7,3,6,10,9,7,9,8,8,10,8,8,8,9,8,12,7,7,6,8,10,7,8,12,6,4,5,6,9,8,8,6,5,7,4,7,10,6,6,7,10,8,8,3,4,6,8,5,6,10,4,6,9,7,8,7,6,11,8,10,16,8,12,7,4,6,6,7,11,13,7,10,11,9,7,7,6,8,6,6,7,8,4,6,6,9,7,10,10,8,9,10,8,5,7,10,8,4,8,8,8,7,10,8,5,6,9,5,5,9,10,10,8,6,6,9,12,9,11,5,9,10,9,10,7,9,8,11,7,7,7,5,8,7,7,11,7,6,7,8,9,7,8,8,7,11,5,4,9,7,7,5,10,5,6,8,8,7,7,5,10,7,10,11,4,6,9,5,9,8,11,8,6,9,5,10,13,7,8,9,9,6,5,6,10,8,10,8,8,11,8,6,6,9,9,9,10,5,10,5,5,10,7,9,8,10,8,6,10,8,6,11,10,7,7,7,5,7,8,8,7,9,12,16,9,8,8,10,11,9,8,4,8,6,8,6,7,4,5,9,5,6,6,10,9,7,8,9,7,10,7,4,10,8,8,4,6,6,5,9,10,8,8,8,10,5,5,7,6,4,8,9,5,5,7,13,5,8,12,7,8,13,5,7,8,8,9,5,10,9,8,7,12,9,5,10,6,8,6,7,8,7,10,12,6,7,7,8,7,11,5,4,7,5,8,7,6,7,4,12,11,8,8,8,10,5,10,11,9,9,8,7,10,7,5,6,9,9,8,5,6,7,10,8,6,4,6,8,5,5,5,7,6,7,8,8,5,7,12,7,11,12,3,12,5,7,7,5,8,6,5,9,8,9,6,8,9,8,12,8,6,9,8,8,4,8,9,8,5,10,5,6,7,12,10,9,9,10,9,15,8,6,5,5,4,9,6,9,7,13,6,11,6,5,11,6,8,6,6,7,8,7,7,6,5,8,5,13,6,8,8,9,8,8,7,8,10,9,7,8,8,9,10,7,9,10,12,6,5,9,7,5,8,8,6,8,9,8,9,5,8,8,6,9,7,9,7,5,7,12,10,7,8,7,12,14,8,7,7,6,8,7,5,10,7,7,8,10,8,6,9,13,10,6,7,6,6,10,12,11,6,3,9,9,5,9,12,7,8,6,7,9,7,6,9,10,7,9,8,10,13,15,11,7,9,11,8,7,12,5,6,8,6,4,9,8,6,5,13,7,6,11,6,6,8,7,8,6,6,8,7,10,4,5,8,9,10,6,13,7,5,9,9,9,8,8,7,9,5,11,8,10,6,9,9,7,8,5,9,7,8,7,9,8,13,10,8,6,7,6,9,8,7,6,6,4,5,6,8,4,7,5,7,6,5,7,10,6,6,4,8,11,6,15,7,8,10,6,6,7,6,10,7,10,10,7,8,11,9,7,7,11,10,11,6,9,5,10,9,8,7,10,10,5,11,9,9,10,7,4,8,7,6,8,7,8,9,6,7,6,8,13,8,8,4,8,7,7,7,4,12,10,6,10,6,9,11,7,9,6,9,10,8,7,7,9,6,6,5,5,8,5,6,9,4,9,11,12,12,9,7,7,10,13,10,8,5,6,7,6,10,9,6,10,6,11,6,9,7,16,10,6,6,7,8,10,8,10,4,5,8,11,8,6,7,11,7,9,6,10,9,7,7,8,10,6,7,7,9,5,4,9,5,8,8,5,8,8,9,7,6,10,6,14,5,8,5,9,9,6,4,11,8,7,10,7,6,4,11,14,6,9,5,6,9,8,5,9,9,12,8,6,14,6,4,8,5,8,8,8,9,5,9,5,7,7,7,4,10,10,9,12,7,6,5,7,6,6,10,8,5,8,8,9,9,7,7,8,3,5,9,7,7,6,7,6,6,4,8,9,7,4,7,6,7,13,10,7,6,9,6,8,7,7,7,6,6,6
align-dinov2+1b-things+hyp-abl10cat-local-shuffled-42,4,7,11,8,5,8,9,7,8,6,11,10,6,9,7,8,10,14,9,6,10,8,9,6,7,7,7,9,11,7,9,7,9,5,7,7,10,8,7,10,6,8,5,8,9,6,7,6,10,6,6,4,9,10,8,7,7,4,5,19,10,4,9,7,9,9,7,7,5,8,9,5,7,10,10,8,5,7,7,4,7,10,7,9,5,11,5,5,8,8,12,7,10,9,9,8,10,8,6,9,9,8,7,10,11,6,10,9,9,9,10,8,10,7,7,9,8,8,9,10,8,7,7,4,15,11,8,7,8,5,8,11,8,9,10,9,9,6,10,4,5,7,8,8,6,9,7,7,6,8,15,6,4,8,7,8,4,8,5,6,8,8,5,5,9,7,6,8,6,7,5,6,10,7,6,7,9,9,7,5,6,9,10,6,11,6,7,7,7,5,8,4,9,6,9,10,8,8,10,6,10,4,5,5,13,4,5,7,7,9,9,4,6,8,7,6,4,6,6,9,7,4,10,5,11,7,9,8,6,7,15,7,5,8,8,9,6,6,7,5,9,6,7,11,8,13,6,12,6,9,8,8,7,8,7,5,7,9,9,7,7,9,10,7,5,10,8,9,8,5,8,7,8,7,6,8,6,10,6,7,9,5,9,7,8,5,7,6,5,9,10,5,7,10,7,5,10,6,11,6,6,6,11,5,9,10,8,8,5,9,11,8,9,6,6,5,10,8,9,9,9,13,9,5,8,7,6,9,6,7,7,3,6,10,9,7,9,8,8,10,8,8,8,9,8,12,7,7,6,8,10,7,8,12,6,4,5,6,9,8,8,6,5,7,4,7,10,6,6,7,10,8,8,3,4,6,8,5,6,10,4,6,9,7,8,7,6,11,8,10,16,8,12,7,4,6,6,7,11,13,7,10,11,9,7,7,6,8,6,6,7,8,4,6,6,9,7,10,10,8,9,10,8,5,7,10,8,4,8,8,8,7,10,8,5,6,9,5,5,9,10,10,8,6,6,9,12,9,11,5,9,10,9,10,7,9,8,11,7,7,7,5,8,7,7,11,7,6,7,8,9,7,8,8,7,11,5,4,9,7,7,5,10,5,6,8,8,7,7,5,10,7,10,11,4,6,9,5,9,8,11,8,6,9,5,10,13,7,8,9,9,6,5,6,10,8,10,8,8,11,8,6,6,9,9,9,10,5,10,5,5,10,7,9,8,10,8,6,10,8,6,11,10,7,7,7,5,7,8,8,7,9,12,16,9,8,8,10,11,9,8,4,8,6,8,6,7,4,5,9,5,6,6,10,9,7,8,9,7,10,7,4,10,8,8,4,6,6,5,9,10,8,8,8,10,5,5,7,6,4,8,9,5,5,7,13,5,8,12,7,8,13,5,7,8,8,9,5,10,9,8,7,12,9,5,10,6,8,6,7,8,7,10,12,6,7,7,8,7,11,5,4,7,5,8,7,6,7,4,12,11,8,8,8,10,5,10,11,9,9,8,7,10,7,5,6,9,9,8,5,6,7,10,8,6,4,6,8,5,5,5,7,6,7,8,8,5,7,12,7,11,12,3,12,5,7,7,5,8,6,5,9,8,9,6,8,9,8,12,8,6,9,8,8,4,8,9,8,5,10,5,6,7,12,10,9,9,10,9,15,8,6,5,5,4,9,6,9,7,13,6,11,6,5,11,6,8,6,6,7,8,7,7,6,5,8,5,13,6,8,8,9,8,8,7,8,10,9,7,8,8,9,10,7,9,10,12,6,5,9,7,5,8,8,6,8,9,8,9,5,8,8,6,9,7,9,7,5,7,12,10,7,8,7,12,14,8,7,7,6,8,7,5,10,7,7,8,10,8,6,9,13,10,6,7,6,6,10,12,11,6,3,9,9,5,9,12,7,8,6,7,9,7,6,9,10,7,9,8,10,13,15,11,7,9,11,8,7,12,5,6,8,6,4,9,8,6,5,13,7,6,11,6,6,8,7,8,6,6,8,7,10,4,5,8,9,10,6,13,7,5,9,9,9,8,8,7,9,5,11,8,10,6,9,9,7,8,5,9,7,8,7,9,8,13,10,8,6,7,6,9,8,7,6,6,4,5,6,8,4,7,5,7,6,5,7,10,6,6,4,8,11,6,15,7,8,10,6,6,7,6,10,7,10,10,7,8,11,9,7,7,11,10,11,6,9,5,10,9,8,7,10,10,5,11,9,9,10,7,4,8,7,6,8,7,8,9,6,7,6,8,13,8,8,4,8,7,7,7,4,12,10,6,10,6,9,11,7,9,6,9,10,8,7,7,9,6,6,5,5,8,5,6,9,4,9,11,12,12,9,7,7,10,13,10,8,5,6,7,6,10,9,6,10,6,11,6,9,7,16,10,6,6,7,8,10,8,10,4,5,8,11,8,6,7,11,7,9,6,10,9,7,7,8,10,6,7,7,9,5,4,9,5,8,8,5,8,8,9,7,6,10,6,14,5,8,5,9,9,6,4,11,8,7,10,7,6,4,11,14,6,9,5,6,9,8,5,9,9,12,8,6,14,6,4,8,5,8,8,8,9,5,9,5,7,7,7,4,10,10,9,12,7,6,5,7,6,6,10,8,5,8,8,9,9,7,7,8,3,5,9,7,7,6,7,6,6,4,8,9,7,4,7,6,7,13,10,7,6,9,6,8,7,7,7,6,6,6
align-dinov2+1b-things+hyp-abl10cat-local-shuffled-7,4,7,11,8,5,8,9,7,8,6,11,10,6,9,7,8,10,14,9,6,10,8,9,6,7,7,7,9,11,7,9,7,9,5,7,7,10,8,7,10,6,8,5,8,9,6,7,6,10,6,6,4,9,10,8,7,7,4,5,19,10,4,9,7,9,9,7,7,5,8,9,5,7,10,10,8,5,7,7,4,7,10,7,9,5,11,5,5,8,8,12,7,10,9,9,8,10,8,6,9,9,8,7,10,11,6,10,9,9,9,10,8,10,7,7,9,8,8,9,10,8,7,7,4,15,11,8,7,8,5,8,11,8,9,10,9,9,6,10,4,5,7,8,8,6,9,7,7,6,8,15,6,4,8,7,8,4,8,5,6,8,8,5,5,9,7,6,8,6,7,5,6,10,7,6,7,9,9,7,5,6,9,10,6,11,6,7,7,7,5,8,4,9,6,9,10,8,8,10,6,10,4,5,5,13,4,5,7,7,9,9,4,6,8,7,6,4,6,6,9,7,4,10,5,11,7,9,8,6,7,15,7,5,8,8,9,6,6,7,5,9,6,7,11,8,13,6,12,6,9,8,8,7,8,7,5,7,9,9,7,7,9,10,7,5,10,8,9,8,5,8,7,8,7,6,8,6,10,6,7,9,5,9,7,8,5,7,6,5,9,10,5,7,10,7,5,10,6,11,6,6,6,11,5,9,10,8,8,5,9,11,8,9,6,6,5,10,8,9,9,9,13,9,5,8,7,6,9,6,7,7,3,6,10,9,7,9,8,8,10,8,8,8,9,8,12,7,7,6,8,10,7,8,12,6,4,5,6,9,8,8,6,5,7,4,7,10,6,6,7,10,8,8,3,4,6,8,5,6,10,4,6,9,7,8,7,6,11,8,10,16,8,12,7,4,6,6,7,11,13,7,10,11,9,7,7,6,8,6,6,7,8,4,6,6,9,7,10,10,8,9,10,8,5,7,10,8,4,8,8,8,7,10,8,5,6,9,5,5,9,10,10,8,6,6,9,12,9,11,5,9,10,9,10,7,9,8,11,7,7,7,5,8,7,7,11,7,6,7,8,9,7,8,8,7,11,5,4,9,7,7,5,10,5,6,8,8,7,7,5,10,7,10,11,4,6,9,5,9,8,11,8,6,9,5,10,13,7,8,9,9,6,5,6,10,8,10,8,8,11,8,6,6,9,9,9,10,5,10,5,5,10,7,9,8,10,8,6,10,8,6,11,10,7,7,7,5,7,8,8,7,9,12,16,9,8,8,10,11,9,8,4,8,6,8,6,7,4,5,9,5,6,6,10,9,7,8,9,7,10,7,4,10,8,8,4,6,6,5,9,10,8,8,8,10,5,5,7,6,4,8,9,5,5,7,13,5,8,12,7,8,13,5,7,8,8,9,5,10,9,8,7,12,9,5,10,6,8,6,7,8,7,10,12,6,7,7,8,7,11,5,4,7,5,8,7,6,7,4,12,11,8,8,8,10,5,10,11,9,9,8,7,10,7,5,6,9,9,8,5,6,7,10,8,6,4,6,8,5,5,5,7,6,7,8,8,5,7,12,7,11,12,3,12,5,7,7,5,8,6,5,9,8,9,6,8,9,8,12,8,6,9,8,8,4,8,9,8,5,10,5,6,7,12,10,9,9,10,9,15,8,6,5,5,4,9,6,9,7,13,6,11,6,5,11,6,8,6,6,7,8,7,7,6,5,8,5,13,6,8,8,9,8,8,7,8,10,9,7,8,8,9,10,7,9,10,12,6,5,9,7,5,8,8,6,8,9,8,9,5,8,8,6,9,7,9,7,5,7,12,10,7,8,7,12,14,8,7,7,6,8,7,5,10,7,7,8,10,8,6,9,13,10,6,7,6,6,10,12,11,6,3,9,9,5,9,12,7,8,6,7,9,7,6,9,10,7,9,8,10,13,15,11,7,9,11,8,7,12,5,6,8,6,4,9,8,6,5,13,7,6,11,6,6,8,7,8,6,6,8,7,10,4,5,8,9,10,6,13,7,5,9,9,9,8,8,7,9,5,11,8,10,6,9,9,7,8,5,9,7,8,7,9,8,13,10,8,6,7,6,9,8,7,6,6,4,5,6,8,4,7,5,7,6,5,7,10,6,6,4,8,11,6,15,7,8,10,6,6,7,6,10,7,10,10,7,8,11,9,7,7,11,10,11,6,9,5,10,9,8,7,10,10,5,11,9,9,10,7,4,8,7,6,8,7,8,9,6,7,6,8,13,8,8,4,8,7,7,7,4,12,10,6,10,6,9,11,7,9,6,9,10,8,7,7,9,6,6,5,5,8,5,6,9,4,9,11,12,12,9,7,7,10,13,10,8,5,6,7,6,10,9,6,10,6,11,6,9,7,16,10,6,6,7,8,10,8,10,4,5,8,11,8,6,7,11,7,9,6,10,9,7,7,8,10,6,7,7,9,5,4,9,5,8,8,5,8,8,9,7,6,10,6,14,5,8,5,9,9,6,4,11,8,7,10,7,6,4,11,14,6,9,5,6,9,8,5,9,9,12,8,6,14,6,4,8,5,8,8,8,9,5,9,5,7,7,7,4,10,10,9,12,7,6,5,7,6,6,10,8,5,8,8,9,9,7,7,8,3,5,9,7,7,6,7,6,6,4,8,9,7,4,7,6,7,13,10,7,6,9,6,8,7,7,7,6,6,6
align-dinov2+1b-things+hyp-abl10cat-shuffled-218,10,7,9,9,7,8,4,4,8,5,7,7,9,7,9,7,8,11,6,8,4,5,6,11,9,9,7,7,4,11,9,11,8,7,9,6,6,7,8,5,6,11,7,8,6,10,9,5,9,11,6,6,3,8,6,9,4,10,6,23,7,6,8,6,12,7,7,9,11,8,6,8,7,6,11,7,10,8,11,4,8,6,11,4,4,5,10,9,9,5,5,8,8,8,5,7,11,7,6,9,11,8,6,13,6,7,6,7,10,4,6,8,8,8,8,9,6,7,7,8,9,6,13,6,11,4,9,8,12,11,5,5,7,5,8,8,7,7,9,11,9,9,9,6,5,6,6,5,5,9,13,7,6,12,7,11,6,8,7,11,8,9,7,10,12,6,8,6,10,9,12,6,8,6,3,6,6,12,9,7,7,6,8,6,10,9,11,8,8,9,4,7,7,7,8,7,4,7,5,6,7,9,5,10,11,5,7,10,6,8,6,7,9,8,10,14,9,5,7,7,5,6,7,7,7,9,4,8,9,8,7,8,5,6,9,6,8,7,5,7,6,7,12,11,11,5,8,10,7,8,7,4,7,5,8,7,7,8,6,8,9,9,8,7,9,7,8,6,12,9,7,7,5,7,12,6,6,5,8,7,10,9,8,12,7,9,7,11,7,4,6,7,7,6,7,7,4,11,9,9,7,7,7,8,7,5,7,7,6,10,5,9,8,6,12,11,4,6,9,5,7,8,8,10,8,8,12,5,10,8,7,8,10,11,7,5,9,5,8,9,7,10,9,8,7,5,7,5,8,6,8,10,9,8,10,8,4,5,11,8,10,7,7,10,5,10,8,9,5,5,11,8,5,8,10,7,7,7,8,9,6,7,14,8,12,3,12,6,6,7,13,5,16,10,7,10,7,8,6,5,8,9,8,10,5,4,9,4,9,5,8,6,4,8,8,12,6,7,6,4,7,5,11,8,10,10,5,9,10,12,6,7,7,6,5,10,10,8,9,7,7,6,4,12,6,9,7,8,8,11,4,5,7,7,5,7,4,8,9,11,8,4,8,10,5,9,7,9,5,7,10,8,6,11,10,11,5,6,8,8,5,8,10,11,5,9,10,10,8,8,5,9,8,3,8,8,4,8,7,10,7,8,10,6,12,9,4,7,6,7,7,11,5,3,13,7,6,7,6,7,10,9,5,8,6,4,6,11,7,9,9,8,9,13,9,10,6,5,10,5,8,6,8,13,7,5,6,5,3,9,8,10,11,15,9,7,13,7,8,8,4,12,7,8,8,8,4,10,8,5,10,6,7,7,9,5,9,6,11,10,10,6,8,11,8,7,14,6,10,8,12,5,5,7,5,8,8,11,10,5,10,7,9,7,6,6,12,6,5,7,11,10,5,3,9,7,9,14,14,3,8,7,11,5,12,7,5,5,10,9,6,12,5,5,10,6,7,6,5,6,14,11,6,7,7,10,6,8,4,6,9,7,8,5,5,7,9,12,8,9,8,9,10,7,7,6,8,9,8,7,10,6,6,5,10,10,5,5,8,9,8,9,7,7,10,8,8,7,7,6,9,9,7,14,7,6,9,11,9,10,5,8,9,9,8,7,8,6,10,7,11,4,4,8,7,13,7,4,8,10,7,6,9,7,7,6,8,8,8,5,8,9,7,5,10,6,10,8,5,8,8,6,6,7,7,8,8,6,9,5,5,5,6,7,6,10,10,11,11,8,8,6,10,10,11,9,9,5,11,7,10,5,9,5,5,7,7,3,4,10,6,7,8,9,10,8,11,11,10,7,10,10,6,8,6,8,7,8,5,7,10,7,5,6,10,8,11,6,9,9,13,8,6,6,5,6,8,10,6,6,6,6,6,8,11,9,11,6,5,9,7,8,10,9,10,5,8,6,7,5,8,4,7,7,7,7,9,10,9,7,9,10,6,8,9,7,9,8,9,8,7,6,6,6,5,12,5,7,7,9,6,5,8,9,13,9,7,9,5,6,9,6,5,12,6,12,6,8,8,6,9,6,8,5,10,6,10,10,9,4,7,10,7,8,8,6,10,8,5,9,5,7,5,8,6,4,13,7,5,5,14,6,8,11,6,4,10,8,9,10,7,11,7,5,4,4,10,8,6,9,8,5,11,9,11,8,9,8,11,8,10,4,4,7,9,5,6,7,10,6,5,8,6,9,5,7,6,8,7,7,7,9,5,5,6,8,6,7,9,5,11,8,10,7,9,10,6,6,8,4,9,6,7,7,8,6,8,6,9,8,10,10,10,6,4,8,5,7,8,6,7,7,10,7,9,7,8,7,4,10,9,10,7,10,8,7,8,9,5,7,6,7,8,8,7,11,6,9,10,8,8,7,7,5,6,9,7,9,9,8,10,8,7,8,8,8,8,8,8,4,11,6,7,7,7,6,8,8,7,4,6,10,10,4,6,5,5,10,9,9,5,9,6,10,4,11,5,8,7,10,7,14,11,8,11,8,6,12,13,8,12,9,6,4,9,6,13,7,11,8,9,9,7,6,10,9,15,10,7,6,9,9,9,11,11,7,6,11,5,11,5,5,6,8,6,7,10,12,8,6,5,10,6,10,6,6,7,7,8,6,9,8,7,8,10,4,8,5,4,5,7,13,6,9,11,9,9,9,11,6,10,7,8,7,5,8,6,6,10,7,6,5,6,8,8,8,12,8
align-dinov2+1b-things+hyp-abl10cat-shuffled-42,10,7,9,9,7,8,4,4,8,5,7,7,9,7,9,7,8,11,6,8,4,5,6,11,9,9,7,7,4,11,9,11,8,7,9,6,6,7,8,5,6,11,7,8,6,10,9,5,9,11,6,6,3,8,6,9,4,10,6,23,7,6,8,6,12,7,7,9,11,8,6,8,7,6,11,7,10,8,11,4,8,6,11,4,4,5,10,9,9,5,5,8,8,8,5,7,11,7,6,9,11,8,6,13,6,7,6,7,10,4,6,8,8,8,8,9,6,7,7,8,9,6,13,6,11,4,9,8,12,11,5,5,7,5,8,8,7,7,9,11,9,9,9,6,5,6,6,5,5,9,13,7,6,12,7,11,6,8,7,11,8,9,7,10,12,6,8,6,10,9,12,6,8,6,3,6,6,12,9,7,7,6,8,6,10,9,11,8,8,9,4,7,7,7,8,7,4,7,5,6,7,9,5,10,11,5,7,10,6,8,6,7,9,8,10,14,9,5,7,7,5,6,7,7,7,9,4,8,9,8,7,8,5,6,9,6,8,7,5,7,6,7,12,11,11,5,8,10,7,8,7,4,7,5,8,7,7,8,6,8,9,9,8,7,9,7,8,6,12,9,7,7,5,7,12,6,6,5,8,7,10,9,8,12,7,9,7,11,7,4,6,7,7,6,7,7,4,11,9,9,7,7,7,8,7,5,7,7,6,10,5,9,8,6,12,11,4,6,9,5,7,8,8,10,8,8,12,5,10,8,7,8,10,11,7,5,9,5,8,9,7,10,9,8,7,5,7,5,8,6,8,10,9,8,10,8,4,5,11,8,10,7,7,10,5,10,8,9,5,5,11,8,5,8,10,7,7,7,8,9,6,7,14,8,12,3,12,6,6,7,13,5,16,10,7,10,7,8,6,5,8,9,8,10,5,4,9,4,9,5,8,6,4,8,8,12,6,7,6,4,7,5,11,8,10,10,5,9,10,12,6,7,7,6,5,10,10,8,9,7,7,6,4,12,6,9,7,8,8,11,4,5,7,7,5,7,4,8,9,11,8,4,8,10,5,9,7,9,5,7,10,8,6,11,10,11,5,6,8,8,5,8,10,11,5,9,10,10,8,8,5,9,8,3,8,8,4,8,7,10,7,8,10,6,12,9,4,7,6,7,7,11,5,3,13,7,6,7,6,7,10,9,5,8,6,4,6,11,7,9,9,8,9,13,9,10,6,5,10,5,8,6,8,13,7,5,6,5,3,9,8,10,11,15,9,7,13,7,8,8,4,12,7,8,8,8,4,10,8,5,10,6,7,7,9,5,9,6,11,10,10,6,8,11,8,7,14,6,10,8,12,5,5,7,5,8,8,11,10,5,10,7,9,7,6,6,12,6,5,7,11,10,5,3,9,7,9,14,14,3,8,7,11,5,12,7,5,5,10,9,6,12,5,5,10,6,7,6,5,6,14,11,6,7,7,10,6,8,4,6,9,7,8,5,5,7,9,12,8,9,8,9,10,7,7,6,8,9,8,7,10,6,6,5,10,10,5,5,8,9,8,9,7,7,10,8,8,7,7,6,9,9,7,14,7,6,9,11,9,10,5,8,9,9,8,7,8,6,10,7,11,4,4,8,7,13,7,4,8,10,7,6,9,7,7,6,8,8,8,5,8,9,7,5,10,6,10,8,5,8,8,6,6,7,7,8,8,6,9,5,5,5,6,7,6,10,10,11,11,8,8,6,10,10,11,9,9,5,11,7,10,5,9,5,5,7,7,3,4,10,6,7,8,9,10,8,11,11,10,7,10,10,6,8,6,8,7,8,5,7,10,7,5,6,10,8,11,6,9,9,13,8,6,6,5,6,8,10,6,6,6,6,6,8,11,9,11,6,5,9,7,8,10,9,10,5,8,6,7,5,8,4,7,7,7,7,9,10,9,7,9,10,6,8,9,7,9,8,9,8,7,6,6,6,5,12,5,7,7,9,6,5,8,9,13,9,7,9,5,6,9,6,5,12,6,12,6,8,8,6,9,6,8,5,10,6,10,10,9,4,7,10,7,8,8,6,10,8,5,9,5,7,5,8,6,4,13,7,5,5,14,6,8,11,6,4,10,8,9,10,7,11,7,5,4,4,10,8,6,9,8,5,11,9,11,8,9,8,11,8,10,4,4,7,9,5,6,7,10,6,5,8,6,9,5,7,6,8,7,7,7,9,5,5,6,8,6,7,9,5,11,8,10,7,9,10,6,6,8,4,9,6,7,7,8,6,8,6,9,8,10,10,10,6,4,8,5,7,8,6,7,7,10,7,9,7,8,7,4,10,9,10,7,10,8,7,8,9,5,7,6,7,8,8,7,11,6,9,10,8,8,7,7,5,6,9,7,9,9,8,10,8,7,8,8,8,8,8,8,4,11,6,7,7,7,6,8,8,7,4,6,10,10,4,6,5,5,10,9,9,5,9,6,10,4,11,5,8,7,10,7,14,11,8,11,8,6,12,13,8,12,9,6,4,9,6,13,7,11,8,9,9,7,6,10,9,15,10,7,6,9,9,9,11,11,7,6,11,5,11,5,5,6,8,6,7,10,12,8,6,5,10,6,10,6,6,7,7,8,6,9,8,7,8,10,4,8,5,4,5,7,13,6,9,11,9,9,9,11,6,10,7,8,7,5,8,6,6,10,7,6,5,6,8,8,8,12,8
align-dinov2+1b-things+hyp-abl10cat-shuffled-7,10,7,9,9,7,8,4,4,8,5,7,7,9,7,9,7,8,11,6,8,4,5,6,11,9,9,7,7,4,11,9,11,8,7,9,6,6,7,8,5,6,11,7,8,6,10,9,5,9,11,6,6,3,8,6,9,4,10,6,23,7,6,8,6,12,7,7,9,11,8,6,8,7,6,11,7,10,8,11,4,8,6,11,4,4,5,10,9,9,5,5,8,8,8,5,7,11,7,6,9,11,8,6,13,6,7,6,7,10,4,6,8,8,8,8,9,6,7,7,8,9,6,13,6,11,4,9,8,12,11,5,5,7,5,8,8,7,7,9,11,9,9,9,6,5,6,6,5,5,9,13,7,6,12,7,11,6,8,7,11,8,9,7,10,12,6,8,6,10,9,12,6,8,6,3,6,6,12,9,7,7,6,8,6,10,9,11,8,8,9,4,7,7,7,8,7,4,7,5,6,7,9,5,10,11,5,7,10,6,8,6,7,9,8,10,14,9,5,7,7,5,6,7,7,7,9,4,8,9,8,7,8,5,6,9,6,8,7,5,7,6,7,12,11,11,5,8,10,7,8,7,4,7,5,8,7,7,8,6,8,9,9,8,7,9,7,8,6,12,9,7,7,5,7,12,6,6,5,8,7,10,9,8,12,7,9,7,11,7,4,6,7,7,6,7,7,4,11,9,9,7,7,7,8,7,5,7,7,6,10,5,9,8,6,12,11,4,6,9,5,7,8,8,10,8,8,12,5,10,8,7,8,10,11,7,5,9,5,8,9,7,10,9,8,7,5,7,5,8,6,8,10,9,8,10,8,4,5,11,8,10,7,7,10,5,10,8,9,5,5,11,8,5,8,10,7,7,7,8,9,6,7,14,8,12,3,12,6,6,7,13,5,16,10,7,10,7,8,6,5,8,9,8,10,5,4,9,4,9,5,8,6,4,8,8,12,6,7,6,4,7,5,11,8,10,10,5,9,10,12,6,7,7,6,5,10,10,8,9,7,7,6,4,12,6,9,7,8,8,11,4,5,7,7,5,7,4,8,9,11,8,4,8,10,5,9,7,9,5,7,10,8,6,11,10,11,5,6,8,8,5,8,10,11,5,9,10,10,8,8,5,9,8,3,8,8,4,8,7,10,7,8,10,6,12,9,4,7,6,7,7,11,5,3,13,7,6,7,6,7,10,9,5,8,6,4,6,11,7,9,9,8,9,13,9,10,6,5,10,5,8,6,8,13,7,5,6,5,3,9,8,10,11,15,9,7,13,7,8,8,4,12,7,8,8,8,4,10,8,5,10,6,7,7,9,5,9,6,11,10,10,6,8,11,8,7,14,6,10,8,12,5,5,7,5,8,8,11,10,5,10,7,9,7,6,6,12,6,5,7,11,10,5,3,9,7,9,14,14,3,8,7,11,5,12,7,5,5,10,9,6,12,5,5,10,6,7,6,5,6,14,11,6,7,7,10,6,8,4,6,9,7,8,5,5,7,9,12,8,9,8,9,10,7,7,6,8,9,8,7,10,6,6,5,10,10,5,5,8,9,8,9,7,7,10,8,8,7,7,6,9,9,7,14,7,6,9,11,9,10,5,8,9,9,8,7,8,6,10,7,11,4,4,8,7,13,7,4,8,10,7,6,9,7,7,6,8,8,8,5,8,9,7,5,10,6,10,8,5,8,8,6,6,7,7,8,8,6,9,5,5,5,6,7,6,10,10,11,11,8,8,6,10,10,11,9,9,5,11,7,10,5,9,5,5,7,7,3,4,10,6,7,8,9,10,8,11,11,10,7,10,10,6,8,6,8,7,8,5,7,10,7,5,6,10,8,11,6,9,9,13,8,6,6,5,6,8,10,6,6,6,6,6,8,11,9,11,6,5,9,7,8,10,9,10,5,8,6,7,5,8,4,7,7,7,7,9,10,9,7,9,10,6,8,9,7,9,8,9,8,7,6,6,6,5,12,5,7,7,9,6,5,8,9,13,9,7,9,5,6,9,6,5,12,6,12,6,8,8,6,9,6,8,5,10,6,10,10,9,4,7,10,7,8,8,6,10,8,5,9,5,7,5,8,6,4,13,7,5,5,14,6,8,11,6,4,10,8,9,10,7,11,7,5,4,4,10,8,6,9,8,5,11,9,11,8,9,8,11,8,10,4,4,7,9,5,6,7,10,6,5,8,6,9,5,7,6,8,7,7,7,9,5,5,6,8,6,7,9,5,11,8,10,7,9,10,6,6,8,4,9,6,7,7,8,6,8,6,9,8,10,10,10,6,4,8,5,7,8,6,7,7,10,7,9,7,8,7,4,10,9,10,7,10,8,7,8,9,5,7,6,7,8,8,7,11,6,9,10,8,8,7,7,5,6,9,7,9,9,8,10,8,7,8,8,8,8,8,8,4,11,6,7,7,7,6,8,8,7,4,6,10,10,4,6,5,5,10,9,9,5,9,6,10,4,11,5,8,7,10,7,14,11,8,11,8,6,12,13,8,12,9,6,4,9,6,13,7,11,8,9,9,7,6,10,9,15,10,7,6,9,9,9,11,11,7,6,11,5,11,5,5,6,8,6,7,10,12,8,6,5,10,6,10,6,6,7,7,8,6,9,8,7,8,10,4,8,5,4,5,7,13,6,9,11,9,9,9,11,6,10,7,8,7,5,8,6,6,10,7,6,5,6,8,8,8,12,8
align-dinov2+1b-things+hyp-abl20cat-218,9,8,6,9,7,5,9,10,3,6,8,6,4,8,8,5,6,5,9,6,6,8,7,8,4,12,6,7,5,7,11,8,10,10,4,13,8,9,8,12,8,6,4,6,7,8,7,10,8,8,7,8,10,9,8,6,8,11,9,25,7,9,8,7,8,10,8,9,10,9,9,12,8,10,6,11,11,8,7,7,5,14,7,8,8,9,8,5,6,14,12,7,8,5,6,7,7,7,7,4,9,6,10,7,8,7,11,9,10,6,13,10,3,6,4,10,5,7,8,8,6,9,6,10,16,11,6,7,8,5,8,6,6,8,7,12,11,5,10,9,5,8,8,10,4,7,5,4,6,5,16,10,6,8,3,7,10,4,6,8,8,7,8,7,6,10,10,8,8,9,8,5,7,10,7,8,4,12,9,7,10,10,7,10,6,7,7,7,7,10,5,9,8,7,6,9,11,8,9,8,8,6,5,7,9,7,9,7,6,7,5,7,6,8,7,7,4,5,9,7,9,5,10,8,8,13,9,10,6,6,11,4,9,7,8,6,7,7,7,5,8,7,5,10,9,8,6,5,10,5,12,11,6,7,5,7,5,8,11,8,9,7,8,6,6,6,10,6,12,5,11,7,15,11,8,9,11,10,14,10,7,8,6,8,8,6,7,7,10,11,7,9,4,7,5,5,4,7,5,9,8,8,12,10,7,8,10,7,10,13,8,11,9,5,8,7,7,7,9,7,6,8,9,8,8,7,9,6,6,9,6,6,8,7,10,11,8,14,11,9,12,7,13,10,7,8,6,7,7,11,8,4,7,6,6,7,9,8,9,8,9,9,8,8,8,9,6,8,8,10,5,8,6,7,6,8,7,8,7,7,5,4,7,7,7,6,10,7,5,5,17,5,8,10,8,4,7,6,7,11,6,7,8,6,3,8,6,9,9,12,4,9,5,8,6,6,4,5,7,10,6,9,6,6,13,5,5,11,6,7,8,5,8,5,10,4,4,6,16,5,8,5,6,11,13,6,5,5,10,10,6,10,9,8,11,9,7,7,9,7,10,5,3,9,5,7,11,5,8,6,8,10,5,10,5,8,6,8,5,8,11,3,3,7,5,11,10,10,7,8,7,10,6,10,8,4,11,10,5,7,6,7,9,9,4,6,5,9,6,6,10,11,7,10,10,8,9,8,10,6,6,4,6,8,12,5,10,11,9,7,6,5,6,8,10,10,3,13,7,11,5,6,9,5,7,7,9,7,7,11,8,7,9,14,11,8,10,9,6,10,6,6,6,8,6,11,8,8,11,5,8,10,6,10,7,9,5,9,9,7,8,6,14,11,6,4,7,11,7,6,10,7,5,7,9,15,6,6,10,8,11,7,8,7,6,10,8,10,9,10,8,6,13,9,11,7,8,8,3,6,7,7,6,6,9,6,9,7,8,7,6,11,10,4,6,9,6,10,11,4,7,8,12,8,5,8,7,8,6,7,9,6,7,7,6,4,8,8,10,6,6,7,9,6,11,7,11,7,10,9,5,7,8,9,9,7,5,15,4,7,7,5,6,5,6,6,7,8,8,6,9,10,9,8,12,8,9,5,12,13,7,6,11,5,12,7,8,5,9,6,8,5,6,5,9,7,9,12,8,4,10,11,6,4,4,9,6,6,8,8,4,5,8,8,13,9,7,6,5,6,11,11,6,11,9,6,6,7,6,5,7,10,9,7,10,8,4,8,11,6,6,6,7,10,5,7,8,6,8,4,10,10,9,6,8,5,5,4,9,15,8,6,7,7,9,10,5,7,10,10,4,5,7,9,7,6,9,8,6,11,6,6,6,6,11,13,8,12,8,8,6,6,7,7,11,10,6,7,7,5,6,9,7,8,5,9,9,6,7,9,9,3,5,11,9,8,6,8,5,7,8,9,8,6,5,7,10,7,13,5,7,11,8,9,7,7,5,11,10,6,8,7,10,11,7,6,7,8,10,7,7,9,3,7,10,11,12,7,8,12,6,8,5,6,7,9,6,6,6,9,6,5,7,3,9,11,8,10,7,8,5,8,4,4,10,12,4,6,7,9,8,10,4,8,10,5,7,7,6,6,7,4,5,9,7,8,10,7,6,11,4,9,10,6,6,9,10,5,9,4,8,8,8,6,8,8,7,14,5,12,8,5,9,8,4,8,11,8,9,7,8,8,9,4,7,8,4,5,7,7,8,4,8,8,9,9,10,5,6,8,9,3,7,7,5,4,10,6,11,7,5,7,5,7,7,9,6,6,7,8,7,6,8,8,9,6,8,7,4,6,9,6,8,8,9,8,5,6,6,7,12,5,7,6,9,7,5,7,5,9,8,5,7,8,7,4,6,11,6,11,7,8,9,8,12,8,10,5,10,12,9,6,9,6,8,10,8,13,5,5,11,8,4,9,11,8,9,12,9,10,7,3,10,7,6,8,8,9,10,11,7,10,5,7,8,8,9,8,9,9,5,7,8,9,8,8,10,7,5,9,7,8,5,12,12,8,7,6,5,8,6,9,6,8,4,9,5,8,12,12,9,6,7,6,5,7,9,5,7,8,4,7,4,12,6,12,6,7,8,7,7,7,5,7,7,9,8,13,6,7,12,7,13,8,8,6,6,5,6,9,9,10,10,10,7,10,9,12,6,7,10,7,6,8,13,8,7,7,5,8,11,8,8,6,9,11,10,10
align-dinov2+1b-things+hyp-abl20cat-218-random,9,8,6,9,7,5,9,10,3,6,8,6,4,8,8,5,6,5,9,6,6,8,7,8,4,12,6,7,5,7,11,8,10,10,4,13,8,9,8,12,8,6,4,6,7,8,7,10,8,8,7,8,10,9,8,6,8,11,9,25,7,9,8,7,8,10,8,9,10,9,9,12,8,10,6,11,11,8,7,7,5,14,7,8,8,9,8,5,6,14,12,7,8,5,6,7,7,7,7,4,9,6,10,7,8,7,11,9,10,6,13,10,3,6,4,10,5,7,8,8,6,9,6,10,16,11,6,7,8,5,8,6,6,8,7,12,11,5,10,9,5,8,8,10,4,7,5,4,6,5,16,10,6,8,3,7,10,4,6,8,8,7,8,7,6,10,10,8,8,9,8,5,7,10,7,8,4,12,9,7,10,10,7,10,6,7,7,7,7,10,5,9,8,7,6,9,11,8,9,8,8,6,5,7,9,7,9,7,6,7,5,7,6,8,7,7,4,5,9,7,9,5,10,8,8,13,9,10,6,6,11,4,9,7,8,6,7,7,7,5,8,7,5,10,9,8,6,5,10,5,12,11,6,7,5,7,5,8,11,8,9,7,8,6,6,6,10,6,12,5,11,7,15,11,8,9,11,10,14,10,7,8,6,8,8,6,7,7,10,11,7,9,4,7,5,5,4,7,5,9,8,8,12,10,7,8,10,7,10,13,8,11,9,5,8,7,7,7,9,7,6,8,9,8,8,7,9,6,6,9,6,6,8,7,10,11,8,14,11,9,12,7,13,10,7,8,6,7,7,11,8,4,7,6,6,7,9,8,9,8,9,9,8,8,8,9,6,8,8,10,5,8,6,7,6,8,7,8,7,7,5,4,7,7,7,6,10,7,5,5,17,5,8,10,8,4,7,6,7,11,6,7,8,6,3,8,6,9,9,12,4,9,5,8,6,6,4,5,7,10,6,9,6,6,13,5,5,11,6,7,8,5,8,5,10,4,4,6,16,5,8,5,6,11,13,6,5,5,10,10,6,10,9,8,11,9,7,7,9,7,10,5,3,9,5,7,11,5,8,6,8,10,5,10,5,8,6,8,5,8,11,3,3,7,5,11,10,10,7,8,7,10,6,10,8,4,11,10,5,7,6,7,9,9,4,6,5,9,6,6,10,11,7,10,10,8,9,8,10,6,6,4,6,8,12,5,10,11,9,7,6,5,6,8,10,10,3,13,7,11,5,6,9,5,7,7,9,7,7,11,8,7,9,14,11,8,10,9,6,10,6,6,6,8,6,11,8,8,11,5,8,10,6,10,7,9,5,9,9,7,8,6,14,11,6,4,7,11,7,6,10,7,5,7,9,15,6,6,10,8,11,7,8,7,6,10,8,10,9,10,8,6,13,9,11,7,8,8,3,6,7,7,6,6,9,6,9,7,8,7,6,11,10,4,6,9,6,10,11,4,7,8,12,8,5,8,7,8,6,7,9,6,7,7,6,4,8,8,10,6,6,7,9,6,11,7,11,7,10,9,5,7,8,9,9,7,5,15,4,7,7,5,6,5,6,6,7,8,8,6,9,10,9,8,12,8,9,5,12,13,7,6,11,5,12,7,8,5,9,6,8,5,6,5,9,7,9,12,8,4,10,11,6,4,4,9,6,6,8,8,4,5,8,8,13,9,7,6,5,6,11,11,6,11,9,6,6,7,6,5,7,10,9,7,10,8,4,8,11,6,6,6,7,10,5,7,8,6,8,4,10,10,9,6,8,5,5,4,9,15,8,6,7,7,9,10,5,7,10,10,4,5,7,9,7,6,9,8,6,11,6,6,6,6,11,13,8,12,8,8,6,6,7,7,11,10,6,7,7,5,6,9,7,8,5,9,9,6,7,9,9,3,5,11,9,8,6,8,5,7,8,9,8,6,5,7,10,7,13,5,7,11,8,9,7,7,5,11,10,6,8,7,10,11,7,6,7,8,10,7,7,9,3,7,10,11,12,7,8,12,6,8,5,6,7,9,6,6,6,9,6,5,7,3,9,11,8,10,7,8,5,8,4,4,10,12,4,6,7,9,8,10,4,8,10,5,7,7,6,6,7,4,5,9,7,8,10,7,6,11,4,9,10,6,6,9,10,5,9,4,8,8,8,6,8,8,7,14,5,12,8,5,9,8,4,8,11,8,9,7,8,8,9,4,7,8,4,5,7,7,8,4,8,8,9,9,10,5,6,8,9,3,7,7,5,4,10,6,11,7,5,7,5,7,7,9,6,6,7,8,7,6,8,8,9,6,8,7,4,6,9,6,8,8,9,8,5,6,6,7,12,5,7,6,9,7,5,7,5,9,8,5,7,8,7,4,6,11,6,11,7,8,9,8,12,8,10,5,10,12,9,6,9,6,8,10,8,13,5,5,11,8,4,9,11,8,9,12,9,10,7,3,10,7,6,8,8,9,10,11,7,10,5,7,8,8,9,8,9,9,5,7,8,9,8,8,10,7,5,9,7,8,5,12,12,8,7,6,5,8,6,9,6,8,4,9,5,8,12,12,9,6,7,6,5,7,9,5,7,8,4,7,4,12,6,12,6,7,8,7,7,7,5,7,7,9,8,13,6,7,12,7,13,8,8,6,6,5,6,9,9,10,10,10,7,10,9,12,6,7,10,7,6,8,13,8,7,7,5,8,11,8,8,6,9,11,10,10
align-dinov2+1b-things+hyp-abl20cat-42,9,8,6,9,7,5,9,10,3,6,8,6,4,8,8,5,6,5,9,6,6,8,7,8,4,12,6,7,5,7,11,8,10,10,4,13,8,9,8,12,8,6,4,6,7,8,7,10,8,8,7,8,10,9,8,6,8,11,9,25,7,9,8,7,8,10,8,9,10,9,9,12,8,10,6,11,11,8,7,7,5,14,7,8,8,9,8,5,6,14,12,7,8,5,6,7,7,7,7,4,9,6,10,7,8,7,11,9,10,6,13,10,3,6,4,10,5,7,8,8,6,9,6,10,16,11,6,7,8,5,8,6,6,8,7,12,11,5,10,9,5,8,8,10,4,7,5,4,6,5,16,10,6,8,3,7,10,4,6,8,8,7,8,7,6,10,10,8,8,9,8,5,7,10,7,8,4,12,9,7,10,10,7,10,6,7,7,7,7,10,5,9,8,7,6,9,11,8,9,8,8,6,5,7,9,7,9,7,6,7,5,7,6,8,7,7,4,5,9,7,9,5,10,8,8,13,9,10,6,6,11,4,9,7,8,6,7,7,7,5,8,7,5,10,9,8,6,5,10,5,12,11,6,7,5,7,5,8,11,8,9,7,8,6,6,6,10,6,12,5,11,7,15,11,8,9,11,10,14,10,7,8,6,8,8,6,7,7,10,11,7,9,4,7,5,5,4,7,5,9,8,8,12,10,7,8,10,7,10,13,8,11,9,5,8,7,7,7,9,7,6,8,9,8,8,7,9,6,6,9,6,6,8,7,10,11,8,14,11,9,12,7,13,10,7,8,6,7,7,11,8,4,7,6,6,7,9,8,9,8,9,9,8,8,8,9,6,8,8,10,5,8,6,7,6,8,7,8,7,7,5,4,7,7,7,6,10,7,5,5,17,5,8,10,8,4,7,6,7,11,6,7,8,6,3,8,6,9,9,12,4,9,5,8,6,6,4,5,7,10,6,9,6,6,13,5,5,11,6,7,8,5,8,5,10,4,4,6,16,5,8,5,6,11,13,6,5,5,10,10,6,10,9,8,11,9,7,7,9,7,10,5,3,9,5,7,11,5,8,6,8,10,5,10,5,8,6,8,5,8,11,3,3,7,5,11,10,10,7,8,7,10,6,10,8,4,11,10,5,7,6,7,9,9,4,6,5,9,6,6,10,11,7,10,10,8,9,8,10,6,6,4,6,8,12,5,10,11,9,7,6,5,6,8,10,10,3,13,7,11,5,6,9,5,7,7,9,7,7,11,8,7,9,14,11,8,10,9,6,10,6,6,6,8,6,11,8,8,11,5,8,10,6,10,7,9,5,9,9,7,8,6,14,11,6,4,7,11,7,6,10,7,5,7,9,15,6,6,10,8,11,7,8,7,6,10,8,10,9,10,8,6,13,9,11,7,8,8,3,6,7,7,6,6,9,6,9,7,8,7,6,11,10,4,6,9,6,10,11,4,7,8,12,8,5,8,7,8,6,7,9,6,7,7,6,4,8,8,10,6,6,7,9,6,11,7,11,7,10,9,5,7,8,9,9,7,5,15,4,7,7,5,6,5,6,6,7,8,8,6,9,10,9,8,12,8,9,5,12,13,7,6,11,5,12,7,8,5,9,6,8,5,6,5,9,7,9,12,8,4,10,11,6,4,4,9,6,6,8,8,4,5,8,8,13,9,7,6,5,6,11,11,6,11,9,6,6,7,6,5,7,10,9,7,10,8,4,8,11,6,6,6,7,10,5,7,8,6,8,4,10,10,9,6,8,5,5,4,9,15,8,6,7,7,9,10,5,7,10,10,4,5,7,9,7,6,9,8,6,11,6,6,6,6,11,13,8,12,8,8,6,6,7,7,11,10,6,7,7,5,6,9,7,8,5,9,9,6,7,9,9,3,5,11,9,8,6,8,5,7,8,9,8,6,5,7,10,7,13,5,7,11,8,9,7,7,5,11,10,6,8,7,10,11,7,6,7,8,10,7,7,9,3,7,10,11,12,7,8,12,6,8,5,6,7,9,6,6,6,9,6,5,7,3,9,11,8,10,7,8,5,8,4,4,10,12,4,6,7,9,8,10,4,8,10,5,7,7,6,6,7,4,5,9,7,8,10,7,6,11,4,9,10,6,6,9,10,5,9,4,8,8,8,6,8,8,7,14,5,12,8,5,9,8,4,8,11,8,9,7,8,8,9,4,7,8,4,5,7,7,8,4,8,8,9,9,10,5,6,8,9,3,7,7,5,4,10,6,11,7,5,7,5,7,7,9,6,6,7,8,7,6,8,8,9,6,8,7,4,6,9,6,8,8,9,8,5,6,6,7,12,5,7,6,9,7,5,7,5,9,8,5,7,8,7,4,6,11,6,11,7,8,9,8,12,8,10,5,10,12,9,6,9,6,8,10,8,13,5,5,11,8,4,9,11,8,9,12,9,10,7,3,10,7,6,8,8,9,10,11,7,10,5,7,8,8,9,8,9,9,5,7,8,9,8,8,10,7,5,9,7,8,5,12,12,8,7,6,5,8,6,9,6,8,4,9,5,8,12,12,9,6,7,6,5,7,9,5,7,8,4,7,4,12,6,12,6,7,8,7,7,7,5,7,7,9,8,13,6,7,12,7,13,8,8,6,6,5,6,9,9,10,10,10,7,10,9,12,6,7,10,7,6,8,13,8,7,7,5,8,11,8,8,6,9,11,10,10
align-dinov2+1b-things+hyp-abl20cat-42-random,9,8,6,9,7,5,9,10,3,6,8,6,4,8,8,5,6,5,9,6,6,8,7,8,4,12,6,7,5,7,11,8,10,10,4,13,8,9,8,12,8,6,4,6,7,8,7,10,8,8,7,8,10,9,8,6,8,11,9,25,7,9,8,7,8,10,8,9,10,9,9,12,8,10,6,11,11,8,7,7,5,14,7,8,8,9,8,5,6,14,12,7,8,5,6,7,7,7,7,4,9,6,10,7,8,7,11,9,10,6,13,10,3,6,4,10,5,7,8,8,6,9,6,10,16,11,6,7,8,5,8,6,6,8,7,12,11,5,10,9,5,8,8,10,4,7,5,4,6,5,16,10,6,8,3,7,10,4,6,8,8,7,8,7,6,10,10,8,8,9,8,5,7,10,7,8,4,12,9,7,10,10,7,10,6,7,7,7,7,10,5,9,8,7,6,9,11,8,9,8,8,6,5,7,9,7,9,7,6,7,5,7,6,8,7,7,4,5,9,7,9,5,10,8,8,13,9,10,6,6,11,4,9,7,8,6,7,7,7,5,8,7,5,10,9,8,6,5,10,5,12,11,6,7,5,7,5,8,11,8,9,7,8,6,6,6,10,6,12,5,11,7,15,11,8,9,11,10,14,10,7,8,6,8,8,6,7,7,10,11,7,9,4,7,5,5,4,7,5,9,8,8,12,10,7,8,10,7,10,13,8,11,9,5,8,7,7,7,9,7,6,8,9,8,8,7,9,6,6,9,6,6,8,7,10,11,8,14,11,9,12,7,13,10,7,8,6,7,7,11,8,4,7,6,6,7,9,8,9,8,9,9,8,8,8,9,6,8,8,10,5,8,6,7,6,8,7,8,7,7,5,4,7,7,7,6,10,7,5,5,17,5,8,10,8,4,7,6,7,11,6,7,8,6,3,8,6,9,9,12,4,9,5,8,6,6,4,5,7,10,6,9,6,6,13,5,5,11,6,7,8,5,8,5,10,4,4,6,16,5,8,5,6,11,13,6,5,5,10,10,6,10,9,8,11,9,7,7,9,7,10,5,3,9,5,7,11,5,8,6,8,10,5,10,5,8,6,8,5,8,11,3,3,7,5,11,10,10,7,8,7,10,6,10,8,4,11,10,5,7,6,7,9,9,4,6,5,9,6,6,10,11,7,10,10,8,9,8,10,6,6,4,6,8,12,5,10,11,9,7,6,5,6,8,10,10,3,13,7,11,5,6,9,5,7,7,9,7,7,11,8,7,9,14,11,8,10,9,6,10,6,6,6,8,6,11,8,8,11,5,8,10,6,10,7,9,5,9,9,7,8,6,14,11,6,4,7,11,7,6,10,7,5,7,9,15,6,6,10,8,11,7,8,7,6,10,8,10,9,10,8,6,13,9,11,7,8,8,3,6,7,7,6,6,9,6,9,7,8,7,6,11,10,4,6,9,6,10,11,4,7,8,12,8,5,8,7,8,6,7,9,6,7,7,6,4,8,8,10,6,6,7,9,6,11,7,11,7,10,9,5,7,8,9,9,7,5,15,4,7,7,5,6,5,6,6,7,8,8,6,9,10,9,8,12,8,9,5,12,13,7,6,11,5,12,7,8,5,9,6,8,5,6,5,9,7,9,12,8,4,10,11,6,4,4,9,6,6,8,8,4,5,8,8,13,9,7,6,5,6,11,11,6,11,9,6,6,7,6,5,7,10,9,7,10,8,4,8,11,6,6,6,7,10,5,7,8,6,8,4,10,10,9,6,8,5,5,4,9,15,8,6,7,7,9,10,5,7,10,10,4,5,7,9,7,6,9,8,6,11,6,6,6,6,11,13,8,12,8,8,6,6,7,7,11,10,6,7,7,5,6,9,7,8,5,9,9,6,7,9,9,3,5,11,9,8,6,8,5,7,8,9,8,6,5,7,10,7,13,5,7,11,8,9,7,7,5,11,10,6,8,7,10,11,7,6,7,8,10,7,7,9,3,7,10,11,12,7,8,12,6,8,5,6,7,9,6,6,6,9,6,5,7,3,9,11,8,10,7,8,5,8,4,4,10,12,4,6,7,9,8,10,4,8,10,5,7,7,6,6,7,4,5,9,7,8,10,7,6,11,4,9,10,6,6,9,10,5,9,4,8,8,8,6,8,8,7,14,5,12,8,5,9,8,4,8,11,8,9,7,8,8,9,4,7,8,4,5,7,7,8,4,8,8,9,9,10,5,6,8,9,3,7,7,5,4,10,6,11,7,5,7,5,7,7,9,6,6,7,8,7,6,8,8,9,6,8,7,4,6,9,6,8,8,9,8,5,6,6,7,12,5,7,6,9,7,5,7,5,9,8,5,7,8,7,4,6,11,6,11,7,8,9,8,12,8,10,5,10,12,9,6,9,6,8,10,8,13,5,5,11,8,4,9,11,8,9,12,9,10,7,3,10,7,6,8,8,9,10,11,7,10,5,7,8,8,9,8,9,9,5,7,8,9,8,8,10,7,5,9,7,8,5,12,12,8,7,6,5,8,6,9,6,8,4,9,5,8,12,12,9,6,7,6,5,7,9,5,7,8,4,7,4,12,6,12,6,7,8,7,7,7,5,7,7,9,8,13,6,7,12,7,13,8,8,6,6,5,6,9,9,10,10,10,7,10,9,12,6,7,10,7,6,8,13,8,7,7,5,8,11,8,8,6,9,11,10,10
align-dinov2+1b-things+hyp-abl20cat-7,9,8,6,9,7,5,9,10,3,6,8,6,4,8,8,5,6,5,9,6,6,8,7,8,4,12,6,7,5,7,11,8,10,10,4,13,8,9,8,12,8,6,4,6,7,8,7,10,8,8,7,8,10,9,8,6,8,11,9,25,7,9,8,7,8,10,8,9,10,9,9,12,8,10,6,11,11,8,7,7,5,14,7,8,8,9,8,5,6,14,12,7,8,5,6,7,7,7,7,4,9,6,10,7,8,7,11,9,10,6,13,10,3,6,4,10,5,7,8,8,6,9,6,10,16,11,6,7,8,5,8,6,6,8,7,12,11,5,10,9,5,8,8,10,4,7,5,4,6,5,16,10,6,8,3,7,10,4,6,8,8,7,8,7,6,10,10,8,8,9,8,5,7,10,7,8,4,12,9,7,10,10,7,10,6,7,7,7,7,10,5,9,8,7,6,9,11,8,9,8,8,6,5,7,9,7,9,7,6,7,5,7,6,8,7,7,4,5,9,7,9,5,10,8,8,13,9,10,6,6,11,4,9,7,8,6,7,7,7,5,8,7,5,10,9,8,6,5,10,5,12,11,6,7,5,7,5,8,11,8,9,7,8,6,6,6,10,6,12,5,11,7,15,11,8,9,11,10,14,10,7,8,6,8,8,6,7,7,10,11,7,9,4,7,5,5,4,7,5,9,8,8,12,10,7,8,10,7,10,13,8,11,9,5,8,7,7,7,9,7,6,8,9,8,8,7,9,6,6,9,6,6,8,7,10,11,8,14,11,9,12,7,13,10,7,8,6,7,7,11,8,4,7,6,6,7,9,8,9,8,9,9,8,8,8,9,6,8,8,10,5,8,6,7,6,8,7,8,7,7,5,4,7,7,7,6,10,7,5,5,17,5,8,10,8,4,7,6,7,11,6,7,8,6,3,8,6,9,9,12,4,9,5,8,6,6,4,5,7,10,6,9,6,6,13,5,5,11,6,7,8,5,8,5,10,4,4,6,16,5,8,5,6,11,13,6,5,5,10,10,6,10,9,8,11,9,7,7,9,7,10,5,3,9,5,7,11,5,8,6,8,10,5,10,5,8,6,8,5,8,11,3,3,7,5,11,10,10,7,8,7,10,6,10,8,4,11,10,5,7,6,7,9,9,4,6,5,9,6,6,10,11,7,10,10,8,9,8,10,6,6,4,6,8,12,5,10,11,9,7,6,5,6,8,10,10,3,13,7,11,5,6,9,5,7,7,9,7,7,11,8,7,9,14,11,8,10,9,6,10,6,6,6,8,6,11,8,8,11,5,8,10,6,10,7,9,5,9,9,7,8,6,14,11,6,4,7,11,7,6,10,7,5,7,9,15,6,6,10,8,11,7,8,7,6,10,8,10,9,10,8,6,13,9,11,7,8,8,3,6,7,7,6,6,9,6,9,7,8,7,6,11,10,4,6,9,6,10,11,4,7,8,12,8,5,8,7,8,6,7,9,6,7,7,6,4,8,8,10,6,6,7,9,6,11,7,11,7,10,9,5,7,8,9,9,7,5,15,4,7,7,5,6,5,6,6,7,8,8,6,9,10,9,8,12,8,9,5,12,13,7,6,11,5,12,7,8,5,9,6,8,5,6,5,9,7,9,12,8,4,10,11,6,4,4,9,6,6,8,8,4,5,8,8,13,9,7,6,5,6,11,11,6,11,9,6,6,7,6,5,7,10,9,7,10,8,4,8,11,6,6,6,7,10,5,7,8,6,8,4,10,10,9,6,8,5,5,4,9,15,8,6,7,7,9,10,5,7,10,10,4,5,7,9,7,6,9,8,6,11,6,6,6,6,11,13,8,12,8,8,6,6,7,7,11,10,6,7,7,5,6,9,7,8,5,9,9,6,7,9,9,3,5,11,9,8,6,8,5,7,8,9,8,6,5,7,10,7,13,5,7,11,8,9,7,7,5,11,10,6,8,7,10,11,7,6,7,8,10,7,7,9,3,7,10,11,12,7,8,12,6,8,5,6,7,9,6,6,6,9,6,5,7,3,9,11,8,10,7,8,5,8,4,4,10,12,4,6,7,9,8,10,4,8,10,5,7,7,6,6,7,4,5,9,7,8,10,7,6,11,4,9,10,6,6,9,10,5,9,4,8,8,8,6,8,8,7,14,5,12,8,5,9,8,4,8,11,8,9,7,8,8,9,4,7,8,4,5,7,7,8,4,8,8,9,9,10,5,6,8,9,3,7,7,5,4,10,6,11,7,5,7,5,7,7,9,6,6,7,8,7,6,8,8,9,6,8,7,4,6,9,6,8,8,9,8,5,6,6,7,12,5,7,6,9,7,5,7,5,9,8,5,7,8,7,4,6,11,6,11,7,8,9,8,12,8,10,5,10,12,9,6,9,6,8,10,8,13,5,5,11,8,4,9,11,8,9,12,9,10,7,3,10,7,6,8,8,9,10,11,7,10,5,7,8,8,9,8,9,9,5,7,8,9,8,8,10,7,5,9,7,8,5,12,12,8,7,6,5,8,6,9,6,8,4,9,5,8,12,12,9,6,7,6,5,7,9,5,7,8,4,7,4,12,6,12,6,7,8,7,7,7,5,7,7,9,8,13,6,7,12,7,13,8,8,6,6,5,6,9,9,10,10,10,7,10,9,12,6,7,10,7,6,8,13,8,7,7,5,8,11,8,8,6,9,11,10,10
align-dinov2+1b-things+hyp-abl20cat-7-random,9,8,6,9,7,5,9,10,3,6,8,6,4,8,8,5,6,5,9,6,6,8,7,8,4,12,6,7,5,7,11,8,10,10,4,13,8,9,8,12,8,6,4,6,7,8,7,10,8,8,7,8,10,9,8,6,8,11,9,25,7,9,8,7,8,10,8,9,10,9,9,12,8,10,6,11,11,8,7,7,5,14,7,8,8,9,8,5,6,14,12,7,8,5,6,7,7,7,7,4,9,6,10,7,8,7,11,9,10,6,13,10,3,6,4,10,5,7,8,8,6,9,6,10,16,11,6,7,8,5,8,6,6,8,7,12,11,5,10,9,5,8,8,10,4,7,5,4,6,5,16,10,6,8,3,7,10,4,6,8,8,7,8,7,6,10,10,8,8,9,8,5,7,10,7,8,4,12,9,7,10,10,7,10,6,7,7,7,7,10,5,9,8,7,6,9,11,8,9,8,8,6,5,7,9,7,9,7,6,7,5,7,6,8,7,7,4,5,9,7,9,5,10,8,8,13,9,10,6,6,11,4,9,7,8,6,7,7,7,5,8,7,5,10,9,8,6,5,10,5,12,11,6,7,5,7,5,8,11,8,9,7,8,6,6,6,10,6,12,5,11,7,15,11,8,9,11,10,14,10,7,8,6,8,8,6,7,7,10,11,7,9,4,7,5,5,4,7,5,9,8,8,12,10,7,8,10,7,10,13,8,11,9,5,8,7,7,7,9,7,6,8,9,8,8,7,9,6,6,9,6,6,8,7,10,11,8,14,11,9,12,7,13,10,7,8,6,7,7,11,8,4,7,6,6,7,9,8,9,8,9,9,8,8,8,9,6,8,8,10,5,8,6,7,6,8,7,8,7,7,5,4,7,7,7,6,10,7,5,5,17,5,8,10,8,4,7,6,7,11,6,7,8,6,3,8,6,9,9,12,4,9,5,8,6,6,4,5,7,10,6,9,6,6,13,5,5,11,6,7,8,5,8,5,10,4,4,6,16,5,8,5,6,11,13,6,5,5,10,10,6,10,9,8,11,9,7,7,9,7,10,5,3,9,5,7,11,5,8,6,8,10,5,10,5,8,6,8,5,8,11,3,3,7,5,11,10,10,7,8,7,10,6,10,8,4,11,10,5,7,6,7,9,9,4,6,5,9,6,6,10,11,7,10,10,8,9,8,10,6,6,4,6,8,12,5,10,11,9,7,6,5,6,8,10,10,3,13,7,11,5,6,9,5,7,7,9,7,7,11,8,7,9,14,11,8,10,9,6,10,6,6,6,8,6,11,8,8,11,5,8,10,6,10,7,9,5,9,9,7,8,6,14,11,6,4,7,11,7,6,10,7,5,7,9,15,6,6,10,8,11,7,8,7,6,10,8,10,9,10,8,6,13,9,11,7,8,8,3,6,7,7,6,6,9,6,9,7,8,7,6,11,10,4,6,9,6,10,11,4,7,8,12,8,5,8,7,8,6,7,9,6,7,7,6,4,8,8,10,6,6,7,9,6,11,7,11,7,10,9,5,7,8,9,9,7,5,15,4,7,7,5,6,5,6,6,7,8,8,6,9,10,9,8,12,8,9,5,12,13,7,6,11,5,12,7,8,5,9,6,8,5,6,5,9,7,9,12,8,4,10,11,6,4,4,9,6,6,8,8,4,5,8,8,13,9,7,6,5,6,11,11,6,11,9,6,6,7,6,5,7,10,9,7,10,8,4,8,11,6,6,6,7,10,5,7,8,6,8,4,10,10,9,6,8,5,5,4,9,15,8,6,7,7,9,10,5,7,10,10,4,5,7,9,7,6,9,8,6,11,6,6,6,6,11,13,8,12,8,8,6,6,7,7,11,10,6,7,7,5,6,9,7,8,5,9,9,6,7,9,9,3,5,11,9,8,6,8,5,7,8,9,8,6,5,7,10,7,13,5,7,11,8,9,7,7,5,11,10,6,8,7,10,11,7,6,7,8,10,7,7,9,3,7,10,11,12,7,8,12,6,8,5,6,7,9,6,6,6,9,6,5,7,3,9,11,8,10,7,8,5,8,4,4,10,12,4,6,7,9,8,10,4,8,10,5,7,7,6,6,7,4,5,9,7,8,10,7,6,11,4,9,10,6,6,9,10,5,9,4,8,8,8,6,8,8,7,14,5,12,8,5,9,8,4,8,11,8,9,7,8,8,9,4,7,8,4,5,7,7,8,4,8,8,9,9,10,5,6,8,9,3,7,7,5,4,10,6,11,7,5,7,5,7,7,9,6,6,7,8,7,6,8,8,9,6,8,7,4,6,9,6,8,8,9,8,5,6,6,7,12,5,7,6,9,7,5,7,5,9,8,5,7,8,7,4,6,11,6,11,7,8,9,8,12,8,10,5,10,12,9,6,9,6,8,10,8,13,5,5,11,8,4,9,11,8,9,12,9,10,7,3,10,7,6,8,8,9,10,11,7,10,5,7,8,8,9,8,9,9,5,7,8,9,8,8,10,7,5,9,7,8,5,12,12,8,7,6,5,8,6,9,6,8,4,9,5,8,12,12,9,6,7,6,5,7,9,5,7,8,4,7,4,12,6,12,6,7,8,7,7,7,5,7,7,9,8,13,6,7,12,7,13,8,8,6,6,5,6,9,9,10,10,10,7,10,9,12,6,7,10,7,6,8,13,8,7,7,5,8,11,8,8,6,9,11,10,10
align-dinov2+1b-things+hyp-abl20cat-local-shuffled-218,4,7,11,8,5,8,9,7,8,6,11,10,6,9,7,8,10,14,9,6,10,8,9,6,7,7,7,9,11,7,9,7,9,5,7,7,10,8,7,10,6,8,5,8,9,6,7,6,10,6,6,4,9,10,8,7,7,4,5,19,10,4,9,7,9,9,7,7,5,8,9,5,7,10,10,8,5,7,7,4,7,10,7,9,5,11,5,5,8,8,12,7,10,9,9,8,10,8,6,9,9,8,7,10,11,6,10,9,9,9,10,8,10,7,7,9,8,8,9,10,8,7,7,4,15,11,8,7,8,5,8,11,8,9,10,9,9,6,10,4,5,7,8,8,6,9,7,7,6,8,15,6,4,8,7,8,4,8,5,6,8,8,5,5,9,7,6,8,6,7,5,6,10,7,6,7,9,9,7,5,6,9,10,6,11,6,7,7,7,5,8,4,9,6,9,10,8,8,10,6,10,4,5,5,13,4,5,7,7,9,9,4,6,8,7,6,4,6,6,9,7,4,10,5,11,7,9,8,6,7,15,7,5,8,8,9,6,6,7,5,9,6,7,11,8,13,6,12,6,9,8,8,7,8,7,5,7,9,9,7,7,9,10,7,5,10,8,9,8,5,8,7,8,7,6,8,6,10,6,7,9,5,9,7,8,5,7,6,5,9,10,5,7,10,7,5,10,6,11,6,6,6,11,5,9,10,8,8,5,9,11,8,9,6,6,5,10,8,9,9,9,13,9,5,8,7,6,9,6,7,7,3,6,10,9,7,9,8,8,10,8,8,8,9,8,12,7,7,6,8,10,7,8,12,6,4,5,6,9,8,8,6,5,7,4,7,10,6,6,7,10,8,8,3,4,6,8,5,6,10,4,6,9,7,8,7,6,11,8,10,16,8,12,7,4,6,6,7,11,13,7,10,11,9,7,7,6,8,6,6,7,8,4,6,6,9,7,10,10,8,9,10,8,5,7,10,8,4,8,8,8,7,10,8,5,6,9,5,5,9,10,10,8,6,6,9,12,9,11,5,9,10,9,10,7,9,8,11,7,7,7,5,8,7,7,11,7,6,7,8,9,7,8,8,7,11,5,4,9,7,7,5,10,5,6,8,8,7,7,5,10,7,10,11,4,6,9,5,9,8,11,8,6,9,5,10,13,7,8,9,9,6,5,6,10,8,10,8,8,11,8,6,6,9,9,9,10,5,10,5,5,10,7,9,8,10,8,6,10,8,6,11,10,7,7,7,5,7,8,8,7,9,12,16,9,8,8,10,11,9,8,4,8,6,8,6,7,4,5,9,5,6,6,10,9,7,8,9,7,10,7,4,10,8,8,4,6,6,5,9,10,8,8,8,10,5,5,7,6,4,8,9,5,5,7,13,5,8,12,7,8,13,5,7,8,8,9,5,10,9,8,7,12,9,5,10,6,8,6,7,8,7,10,12,6,7,7,8,7,11,5,4,7,5,8,7,6,7,4,12,11,8,8,8,10,5,10,11,9,9,8,7,10,7,5,6,9,9,8,5,6,7,10,8,6,4,6,8,5,5,5,7,6,7,8,8,5,7,12,7,11,12,3,12,5,7,7,5,8,6,5,9,8,9,6,8,9,8,12,8,6,9,8,8,4,8,9,8,5,10,5,6,7,12,10,9,9,10,9,15,8,6,5,5,4,9,6,9,7,13,6,11,6,5,11,6,8,6,6,7,8,7,7,6,5,8,5,13,6,8,8,9,8,8,7,8,10,9,7,8,8,9,10,7,9,10,12,6,5,9,7,5,8,8,6,8,9,8,9,5,8,8,6,9,7,9,7,5,7,12,10,7,8,7,12,14,8,7,7,6,8,7,5,10,7,7,8,10,8,6,9,13,10,6,7,6,6,10,12,11,6,3,9,9,5,9,12,7,8,6,7,9,7,6,9,10,7,9,8,10,13,15,11,7,9,11,8,7,12,5,6,8,6,4,9,8,6,5,13,7,6,11,6,6,8,7,8,6,6,8,7,10,4,5,8,9,10,6,13,7,5,9,9,9,8,8,7,9,5,11,8,10,6,9,9,7,8,5,9,7,8,7,9,8,13,10,8,6,7,6,9,8,7,6,6,4,5,6,8,4,7,5,7,6,5,7,10,6,6,4,8,11,6,15,7,8,10,6,6,7,6,10,7,10,10,7,8,11,9,7,7,11,10,11,6,9,5,10,9,8,7,10,10,5,11,9,9,10,7,4,8,7,6,8,7,8,9,6,7,6,8,13,8,8,4,8,7,7,7,4,12,10,6,10,6,9,11,7,9,6,9,10,8,7,7,9,6,6,5,5,8,5,6,9,4,9,11,12,12,9,7,7,10,13,10,8,5,6,7,6,10,9,6,10,6,11,6,9,7,16,10,6,6,7,8,10,8,10,4,5,8,11,8,6,7,11,7,9,6,10,9,7,7,8,10,6,7,7,9,5,4,9,5,8,8,5,8,8,9,7,6,10,6,14,5,8,5,9,9,6,4,11,8,7,10,7,6,4,11,14,6,9,5,6,9,8,5,9,9,12,8,6,14,6,4,8,5,8,8,8,9,5,9,5,7,7,7,4,10,10,9,12,7,6,5,7,6,6,10,8,5,8,8,9,9,7,7,8,3,5,9,7,7,6,7,6,6,4,8,9,7,4,7,6,7,13,10,7,6,9,6,8,7,7,7,6,6,6
align-dinov2+1b-things+hyp-abl20cat-local-shuffled-42,4,7,11,8,5,8,9,7,8,6,11,10,6,9,7,8,10,14,9,6,10,8,9,6,7,7,7,9,11,7,9,7,9,5,7,7,10,8,7,10,6,8,5,8,9,6,7,6,10,6,6,4,9,10,8,7,7,4,5,19,10,4,9,7,9,9,7,7,5,8,9,5,7,10,10,8,5,7,7,4,7,10,7,9,5,11,5,5,8,8,12,7,10,9,9,8,10,8,6,9,9,8,7,10,11,6,10,9,9,9,10,8,10,7,7,9,8,8,9,10,8,7,7,4,15,11,8,7,8,5,8,11,8,9,10,9,9,6,10,4,5,7,8,8,6,9,7,7,6,8,15,6,4,8,7,8,4,8,5,6,8,8,5,5,9,7,6,8,6,7,5,6,10,7,6,7,9,9,7,5,6,9,10,6,11,6,7,7,7,5,8,4,9,6,9,10,8,8,10,6,10,4,5,5,13,4,5,7,7,9,9,4,6,8,7,6,4,6,6,9,7,4,10,5,11,7,9,8,6,7,15,7,5,8,8,9,6,6,7,5,9,6,7,11,8,13,6,12,6,9,8,8,7,8,7,5,7,9,9,7,7,9,10,7,5,10,8,9,8,5,8,7,8,7,6,8,6,10,6,7,9,5,9,7,8,5,7,6,5,9,10,5,7,10,7,5,10,6,11,6,6,6,11,5,9,10,8,8,5,9,11,8,9,6,6,5,10,8,9,9,9,13,9,5,8,7,6,9,6,7,7,3,6,10,9,7,9,8,8,10,8,8,8,9,8,12,7,7,6,8,10,7,8,12,6,4,5,6,9,8,8,6,5,7,4,7,10,6,6,7,10,8,8,3,4,6,8,5,6,10,4,6,9,7,8,7,6,11,8,10,16,8,12,7,4,6,6,7,11,13,7,10,11,9,7,7,6,8,6,6,7,8,4,6,6,9,7,10,10,8,9,10,8,5,7,10,8,4,8,8,8,7,10,8,5,6,9,5,5,9,10,10,8,6,6,9,12,9,11,5,9,10,9,10,7,9,8,11,7,7,7,5,8,7,7,11,7,6,7,8,9,7,8,8,7,11,5,4,9,7,7,5,10,5,6,8,8,7,7,5,10,7,10,11,4,6,9,5,9,8,11,8,6,9,5,10,13,7,8,9,9,6,5,6,10,8,10,8,8,11,8,6,6,9,9,9,10,5,10,5,5,10,7,9,8,10,8,6,10,8,6,11,10,7,7,7,5,7,8,8,7,9,12,16,9,8,8,10,11,9,8,4,8,6,8,6,7,4,5,9,5,6,6,10,9,7,8,9,7,10,7,4,10,8,8,4,6,6,5,9,10,8,8,8,10,5,5,7,6,4,8,9,5,5,7,13,5,8,12,7,8,13,5,7,8,8,9,5,10,9,8,7,12,9,5,10,6,8,6,7,8,7,10,12,6,7,7,8,7,11,5,4,7,5,8,7,6,7,4,12,11,8,8,8,10,5,10,11,9,9,8,7,10,7,5,6,9,9,8,5,6,7,10,8,6,4,6,8,5,5,5,7,6,7,8,8,5,7,12,7,11,12,3,12,5,7,7,5,8,6,5,9,8,9,6,8,9,8,12,8,6,9,8,8,4,8,9,8,5,10,5,6,7,12,10,9,9,10,9,15,8,6,5,5,4,9,6,9,7,13,6,11,6,5,11,6,8,6,6,7,8,7,7,6,5,8,5,13,6,8,8,9,8,8,7,8,10,9,7,8,8,9,10,7,9,10,12,6,5,9,7,5,8,8,6,8,9,8,9,5,8,8,6,9,7,9,7,5,7,12,10,7,8,7,12,14,8,7,7,6,8,7,5,10,7,7,8,10,8,6,9,13,10,6,7,6,6,10,12,11,6,3,9,9,5,9,12,7,8,6,7,9,7,6,9,10,7,9,8,10,13,15,11,7,9,11,8,7,12,5,6,8,6,4,9,8,6,5,13,7,6,11,6,6,8,7,8,6,6,8,7,10,4,5,8,9,10,6,13,7,5,9,9,9,8,8,7,9,5,11,8,10,6,9,9,7,8,5,9,7,8,7,9,8,13,10,8,6,7,6,9,8,7,6,6,4,5,6,8,4,7,5,7,6,5,7,10,6,6,4,8,11,6,15,7,8,10,6,6,7,6,10,7,10,10,7,8,11,9,7,7,11,10,11,6,9,5,10,9,8,7,10,10,5,11,9,9,10,7,4,8,7,6,8,7,8,9,6,7,6,8,13,8,8,4,8,7,7,7,4,12,10,6,10,6,9,11,7,9,6,9,10,8,7,7,9,6,6,5,5,8,5,6,9,4,9,11,12,12,9,7,7,10,13,10,8,5,6,7,6,10,9,6,10,6,11,6,9,7,16,10,6,6,7,8,10,8,10,4,5,8,11,8,6,7,11,7,9,6,10,9,7,7,8,10,6,7,7,9,5,4,9,5,8,8,5,8,8,9,7,6,10,6,14,5,8,5,9,9,6,4,11,8,7,10,7,6,4,11,14,6,9,5,6,9,8,5,9,9,12,8,6,14,6,4,8,5,8,8,8,9,5,9,5,7,7,7,4,10,10,9,12,7,6,5,7,6,6,10,8,5,8,8,9,9,7,7,8,3,5,9,7,7,6,7,6,6,4,8,9,7,4,7,6,7,13,10,7,6,9,6,8,7,7,7,6,6,6
align-dinov2+1b-things+hyp-abl20cat-local-shuffled-7,4,7,11,8,5,8,9,7,8,6,11,10,6,9,7,8,10,14,9,6,10,8,9,6,7,7,7,9,11,7,9,7,9,5,7,7,10,8,7,10,6,8,5,8,9,6,7,6,10,6,6,4,9,10,8,7,7,4,5,19,10,4,9,7,9,9,7,7,5,8,9,5,7,10,10,8,5,7,7,4,7,10,7,9,5,11,5,5,8,8,12,7,10,9,9,8,10,8,6,9,9,8,7,10,11,6,10,9,9,9,10,8,10,7,7,9,8,8,9,10,8,7,7,4,15,11,8,7,8,5,8,11,8,9,10,9,9,6,10,4,5,7,8,8,6,9,7,7,6,8,15,6,4,8,7,8,4,8,5,6,8,8,5,5,9,7,6,8,6,7,5,6,10,7,6,7,9,9,7,5,6,9,10,6,11,6,7,7,7,5,8,4,9,6,9,10,8,8,10,6,10,4,5,5,13,4,5,7,7,9,9,4,6,8,7,6,4,6,6,9,7,4,10,5,11,7,9,8,6,7,15,7,5,8,8,9,6,6,7,5,9,6,7,11,8,13,6,12,6,9,8,8,7,8,7,5,7,9,9,7,7,9,10,7,5,10,8,9,8,5,8,7,8,7,6,8,6,10,6,7,9,5,9,7,8,5,7,6,5,9,10,5,7,10,7,5,10,6,11,6,6,6,11,5,9,10,8,8,5,9,11,8,9,6,6,5,10,8,9,9,9,13,9,5,8,7,6,9,6,7,7,3,6,10,9,7,9,8,8,10,8,8,8,9,8,12,7,7,6,8,10,7,8,12,6,4,5,6,9,8,8,6,5,7,4,7,10,6,6,7,10,8,8,3,4,6,8,5,6,10,4,6,9,7,8,7,6,11,8,10,16,8,12,7,4,6,6,7,11,13,7,10,11,9,7,7,6,8,6,6,7,8,4,6,6,9,7,10,10,8,9,10,8,5,7,10,8,4,8,8,8,7,10,8,5,6,9,5,5,9,10,10,8,6,6,9,12,9,11,5,9,10,9,10,7,9,8,11,7,7,7,5,8,7,7,11,7,6,7,8,9,7,8,8,7,11,5,4,9,7,7,5,10,5,6,8,8,7,7,5,10,7,10,11,4,6,9,5,9,8,11,8,6,9,5,10,13,7,8,9,9,6,5,6,10,8,10,8,8,11,8,6,6,9,9,9,10,5,10,5,5,10,7,9,8,10,8,6,10,8,6,11,10,7,7,7,5,7,8,8,7,9,12,16,9,8,8,10,11,9,8,4,8,6,8,6,7,4,5,9,5,6,6,10,9,7,8,9,7,10,7,4,10,8,8,4,6,6,5,9,10,8,8,8,10,5,5,7,6,4,8,9,5,5,7,13,5,8,12,7,8,13,5,7,8,8,9,5,10,9,8,7,12,9,5,10,6,8,6,7,8,7,10,12,6,7,7,8,7,11,5,4,7,5,8,7,6,7,4,12,11,8,8,8,10,5,10,11,9,9,8,7,10,7,5,6,9,9,8,5,6,7,10,8,6,4,6,8,5,5,5,7,6,7,8,8,5,7,12,7,11,12,3,12,5,7,7,5,8,6,5,9,8,9,6,8,9,8,12,8,6,9,8,8,4,8,9,8,5,10,5,6,7,12,10,9,9,10,9,15,8,6,5,5,4,9,6,9,7,13,6,11,6,5,11,6,8,6,6,7,8,7,7,6,5,8,5,13,6,8,8,9,8,8,7,8,10,9,7,8,8,9,10,7,9,10,12,6,5,9,7,5,8,8,6,8,9,8,9,5,8,8,6,9,7,9,7,5,7,12,10,7,8,7,12,14,8,7,7,6,8,7,5,10,7,7,8,10,8,6,9,13,10,6,7,6,6,10,12,11,6,3,9,9,5,9,12,7,8,6,7,9,7,6,9,10,7,9,8,10,13,15,11,7,9,11,8,7,12,5,6,8,6,4,9,8,6,5,13,7,6,11,6,6,8,7,8,6,6,8,7,10,4,5,8,9,10,6,13,7,5,9,9,9,8,8,7,9,5,11,8,10,6,9,9,7,8,5,9,7,8,7,9,8,13,10,8,6,7,6,9,8,7,6,6,4,5,6,8,4,7,5,7,6,5,7,10,6,6,4,8,11,6,15,7,8,10,6,6,7,6,10,7,10,10,7,8,11,9,7,7,11,10,11,6,9,5,10,9,8,7,10,10,5,11,9,9,10,7,4,8,7,6,8,7,8,9,6,7,6,8,13,8,8,4,8,7,7,7,4,12,10,6,10,6,9,11,7,9,6,9,10,8,7,7,9,6,6,5,5,8,5,6,9,4,9,11,12,12,9,7,7,10,13,10,8,5,6,7,6,10,9,6,10,6,11,6,9,7,16,10,6,6,7,8,10,8,10,4,5,8,11,8,6,7,11,7,9,6,10,9,7,7,8,10,6,7,7,9,5,4,9,5,8,8,5,8,8,9,7,6,10,6,14,5,8,5,9,9,6,4,11,8,7,10,7,6,4,11,14,6,9,5,6,9,8,5,9,9,12,8,6,14,6,4,8,5,8,8,8,9,5,9,5,7,7,7,4,10,10,9,12,7,6,5,7,6,6,10,8,5,8,8,9,9,7,7,8,3,5,9,7,7,6,7,6,6,4,8,9,7,4,7,6,7,13,10,7,6,9,6,8,7,7,7,6,6,6
align-dinov2+1b-things+hyp-abl20cat-shuffled-218,10,7,9,9,7,8,4,4,8,5,7,7,9,7,9,7,8,11,6,8,4,5,6,11,9,9,7,7,4,11,9,11,8,7,9,6,6,7,8,5,6,11,7,8,6,10,9,5,9,11,6,6,3,8,6,9,4,10,6,23,7,6,8,6,12,7,7,9,11,8,6,8,7,6,11,7,10,8,11,4,8,6,11,4,4,5,10,9,9,5,5,8,8,8,5,7,11,7,6,9,11,8,6,13,6,7,6,7,10,4,6,8,8,8,8,9,6,7,7,8,9,6,13,6,11,4,9,8,12,11,5,5,7,5,8,8,7,7,9,11,9,9,9,6,5,6,6,5,5,9,13,7,6,12,7,11,6,8,7,11,8,9,7,10,12,6,8,6,10,9,12,6,8,6,3,6,6,12,9,7,7,6,8,6,10,9,11,8,8,9,4,7,7,7,8,7,4,7,5,6,7,9,5,10,11,5,7,10,6,8,6,7,9,8,10,14,9,5,7,7,5,6,7,7,7,9,4,8,9,8,7,8,5,6,9,6,8,7,5,7,6,7,12,11,11,5,8,10,7,8,7,4,7,5,8,7,7,8,6,8,9,9,8,7,9,7,8,6,12,9,7,7,5,7,12,6,6,5,8,7,10,9,8,12,7,9,7,11,7,4,6,7,7,6,7,7,4,11,9,9,7,7,7,8,7,5,7,7,6,10,5,9,8,6,12,11,4,6,9,5,7,8,8,10,8,8,12,5,10,8,7,8,10,11,7,5,9,5,8,9,7,10,9,8,7,5,7,5,8,6,8,10,9,8,10,8,4,5,11,8,10,7,7,10,5,10,8,9,5,5,11,8,5,8,10,7,7,7,8,9,6,7,14,8,12,3,12,6,6,7,13,5,16,10,7,10,7,8,6,5,8,9,8,10,5,4,9,4,9,5,8,6,4,8,8,12,6,7,6,4,7,5,11,8,10,10,5,9,10,12,6,7,7,6,5,10,10,8,9,7,7,6,4,12,6,9,7,8,8,11,4,5,7,7,5,7,4,8,9,11,8,4,8,10,5,9,7,9,5,7,10,8,6,11,10,11,5,6,8,8,5,8,10,11,5,9,10,10,8,8,5,9,8,3,8,8,4,8,7,10,7,8,10,6,12,9,4,7,6,7,7,11,5,3,13,7,6,7,6,7,10,9,5,8,6,4,6,11,7,9,9,8,9,13,9,10,6,5,10,5,8,6,8,13,7,5,6,5,3,9,8,10,11,15,9,7,13,7,8,8,4,12,7,8,8,8,4,10,8,5,10,6,7,7,9,5,9,6,11,10,10,6,8,11,8,7,14,6,10,8,12,5,5,7,5,8,8,11,10,5,10,7,9,7,6,6,12,6,5,7,11,10,5,3,9,7,9,14,14,3,8,7,11,5,12,7,5,5,10,9,6,12,5,5,10,6,7,6,5,6,14,11,6,7,7,10,6,8,4,6,9,7,8,5,5,7,9,12,8,9,8,9,10,7,7,6,8,9,8,7,10,6,6,5,10,10,5,5,8,9,8,9,7,7,10,8,8,7,7,6,9,9,7,14,7,6,9,11,9,10,5,8,9,9,8,7,8,6,10,7,11,4,4,8,7,13,7,4,8,10,7,6,9,7,7,6,8,8,8,5,8,9,7,5,10,6,10,8,5,8,8,6,6,7,7,8,8,6,9,5,5,5,6,7,6,10,10,11,11,8,8,6,10,10,11,9,9,5,11,7,10,5,9,5,5,7,7,3,4,10,6,7,8,9,10,8,11,11,10,7,10,10,6,8,6,8,7,8,5,7,10,7,5,6,10,8,11,6,9,9,13,8,6,6,5,6,8,10,6,6,6,6,6,8,11,9,11,6,5,9,7,8,10,9,10,5,8,6,7,5,8,4,7,7,7,7,9,10,9,7,9,10,6,8,9,7,9,8,9,8,7,6,6,6,5,12,5,7,7,9,6,5,8,9,13,9,7,9,5,6,9,6,5,12,6,12,6,8,8,6,9,6,8,5,10,6,10,10,9,4,7,10,7,8,8,6,10,8,5,9,5,7,5,8,6,4,13,7,5,5,14,6,8,11,6,4,10,8,9,10,7,11,7,5,4,4,10,8,6,9,8,5,11,9,11,8,9,8,11,8,10,4,4,7,9,5,6,7,10,6,5,8,6,9,5,7,6,8,7,7,7,9,5,5,6,8,6,7,9,5,11,8,10,7,9,10,6,6,8,4,9,6,7,7,8,6,8,6,9,8,10,10,10,6,4,8,5,7,8,6,7,7,10,7,9,7,8,7,4,10,9,10,7,10,8,7,8,9,5,7,6,7,8,8,7,11,6,9,10,8,8,7,7,5,6,9,7,9,9,8,10,8,7,8,8,8,8,8,8,4,11,6,7,7,7,6,8,8,7,4,6,10,10,4,6,5,5,10,9,9,5,9,6,10,4,11,5,8,7,10,7,14,11,8,11,8,6,12,13,8,12,9,6,4,9,6,13,7,11,8,9,9,7,6,10,9,15,10,7,6,9,9,9,11,11,7,6,11,5,11,5,5,6,8,6,7,10,12,8,6,5,10,6,10,6,6,7,7,8,6,9,8,7,8,10,4,8,5,4,5,7,13,6,9,11,9,9,9,11,6,10,7,8,7,5,8,6,6,10,7,6,5,6,8,8,8,12,8
align-dinov2+1b-things+hyp-abl20cat-shuffled-42,10,7,9,9,7,8,4,4,8,5,7,7,9,7,9,7,8,11,6,8,4,5,6,11,9,9,7,7,4,11,9,11,8,7,9,6,6,7,8,5,6,11,7,8,6,10,9,5,9,11,6,6,3,8,6,9,4,10,6,23,7,6,8,6,12,7,7,9,11,8,6,8,7,6,11,7,10,8,11,4,8,6,11,4,4,5,10,9,9,5,5,8,8,8,5,7,11,7,6,9,11,8,6,13,6,7,6,7,10,4,6,8,8,8,8,9,6,7,7,8,9,6,13,6,11,4,9,8,12,11,5,5,7,5,8,8,7,7,9,11,9,9,9,6,5,6,6,5,5,9,13,7,6,12,7,11,6,8,7,11,8,9,7,10,12,6,8,6,10,9,12,6,8,6,3,6,6,12,9,7,7,6,8,6,10,9,11,8,8,9,4,7,7,7,8,7,4,7,5,6,7,9,5,10,11,5,7,10,6,8,6,7,9,8,10,14,9,5,7,7,5,6,7,7,7,9,4,8,9,8,7,8,5,6,9,6,8,7,5,7,6,7,12,11,11,5,8,10,7,8,7,4,7,5,8,7,7,8,6,8,9,9,8,7,9,7,8,6,12,9,7,7,5,7,12,6,6,5,8,7,10,9,8,12,7,9,7,11,7,4,6,7,7,6,7,7,4,11,9,9,7,7,7,8,7,5,7,7,6,10,5,9,8,6,12,11,4,6,9,5,7,8,8,10,8,8,12,5,10,8,7,8,10,11,7,5,9,5,8,9,7,10,9,8,7,5,7,5,8,6,8,10,9,8,10,8,4,5,11,8,10,7,7,10,5,10,8,9,5,5,11,8,5,8,10,7,7,7,8,9,6,7,14,8,12,3,12,6,6,7,13,5,16,10,7,10,7,8,6,5,8,9,8,10,5,4,9,4,9,5,8,6,4,8,8,12,6,7,6,4,7,5,11,8,10,10,5,9,10,12,6,7,7,6,5,10,10,8,9,7,7,6,4,12,6,9,7,8,8,11,4,5,7,7,5,7,4,8,9,11,8,4,8,10,5,9,7,9,5,7,10,8,6,11,10,11,5,6,8,8,5,8,10,11,5,9,10,10,8,8,5,9,8,3,8,8,4,8,7,10,7,8,10,6,12,9,4,7,6,7,7,11,5,3,13,7,6,7,6,7,10,9,5,8,6,4,6,11,7,9,9,8,9,13,9,10,6,5,10,5,8,6,8,13,7,5,6,5,3,9,8,10,11,15,9,7,13,7,8,8,4,12,7,8,8,8,4,10,8,5,10,6,7,7,9,5,9,6,11,10,10,6,8,11,8,7,14,6,10,8,12,5,5,7,5,8,8,11,10,5,10,7,9,7,6,6,12,6,5,7,11,10,5,3,9,7,9,14,14,3,8,7,11,5,12,7,5,5,10,9,6,12,5,5,10,6,7,6,5,6,14,11,6,7,7,10,6,8,4,6,9,7,8,5,5,7,9,12,8,9,8,9,10,7,7,6,8,9,8,7,10,6,6,5,10,10,5,5,8,9,8,9,7,7,10,8,8,7,7,6,9,9,7,14,7,6,9,11,9,10,5,8,9,9,8,7,8,6,10,7,11,4,4,8,7,13,7,4,8,10,7,6,9,7,7,6,8,8,8,5,8,9,7,5,10,6,10,8,5,8,8,6,6,7,7,8,8,6,9,5,5,5,6,7,6,10,10,11,11,8,8,6,10,10,11,9,9,5,11,7,10,5,9,5,5,7,7,3,4,10,6,7,8,9,10,8,11,11,10,7,10,10,6,8,6,8,7,8,5,7,10,7,5,6,10,8,11,6,9,9,13,8,6,6,5,6,8,10,6,6,6,6,6,8,11,9,11,6,5,9,7,8,10,9,10,5,8,6,7,5,8,4,7,7,7,7,9,10,9,7,9,10,6,8,9,7,9,8,9,8,7,6,6,6,5,12,5,7,7,9,6,5,8,9,13,9,7,9,5,6,9,6,5,12,6,12,6,8,8,6,9,6,8,5,10,6,10,10,9,4,7,10,7,8,8,6,10,8,5,9,5,7,5,8,6,4,13,7,5,5,14,6,8,11,6,4,10,8,9,10,7,11,7,5,4,4,10,8,6,9,8,5,11,9,11,8,9,8,11,8,10,4,4,7,9,5,6,7,10,6,5,8,6,9,5,7,6,8,7,7,7,9,5,5,6,8,6,7,9,5,11,8,10,7,9,10,6,6,8,4,9,6,7,7,8,6,8,6,9,8,10,10,10,6,4,8,5,7,8,6,7,7,10,7,9,7,8,7,4,10,9,10,7,10,8,7,8,9,5,7,6,7,8,8,7,11,6,9,10,8,8,7,7,5,6,9,7,9,9,8,10,8,7,8,8,8,8,8,8,4,11,6,7,7,7,6,8,8,7,4,6,10,10,4,6,5,5,10,9,9,5,9,6,10,4,11,5,8,7,10,7,14,11,8,11,8,6,12,13,8,12,9,6,4,9,6,13,7,11,8,9,9,7,6,10,9,15,10,7,6,9,9,9,11,11,7,6,11,5,11,5,5,6,8,6,7,10,12,8,6,5,10,6,10,6,6,7,7,8,6,9,8,7,8,10,4,8,5,4,5,7,13,6,9,11,9,9,9,11,6,10,7,8,7,5,8,6,6,10,7,6,5,6,8,8,8,12,8
align-dinov2+1b-things+hyp-abl20cat-shuffled-7,10,7,9,9,7,8,4,4,8,5,7,7,9,7,9,7,8,11,6,8,4,5,6,11,9,9,7,7,4,11,9,11,8,7,9,6,6,7,8,5,6,11,7,8,6,10,9,5,9,11,6,6,3,8,6,9,4,10,6,23,7,6,8,6,12,7,7,9,11,8,6,8,7,6,11,7,10,8,11,4,8,6,11,4,4,5,10,9,9,5,5,8,8,8,5,7,11,7,6,9,11,8,6,13,6,7,6,7,10,4,6,8,8,8,8,9,6,7,7,8,9,6,13,6,11,4,9,8,12,11,5,5,7,5,8,8,7,7,9,11,9,9,9,6,5,6,6,5,5,9,13,7,6,12,7,11,6,8,7,11,8,9,7,10,12,6,8,6,10,9,12,6,8,6,3,6,6,12,9,7,7,6,8,6,10,9,11,8,8,9,4,7,7,7,8,7,4,7,5,6,7,9,5,10,11,5,7,10,6,8,6,7,9,8,10,14,9,5,7,7,5,6,7,7,7,9,4,8,9,8,7,8,5,6,9,6,8,7,5,7,6,7,12,11,11,5,8,10,7,8,7,4,7,5,8,7,7,8,6,8,9,9,8,7,9,7,8,6,12,9,7,7,5,7,12,6,6,5,8,7,10,9,8,12,7,9,7,11,7,4,6,7,7,6,7,7,4,11,9,9,7,7,7,8,7,5,7,7,6,10,5,9,8,6,12,11,4,6,9,5,7,8,8,10,8,8,12,5,10,8,7,8,10,11,7,5,9,5,8,9,7,10,9,8,7,5,7,5,8,6,8,10,9,8,10,8,4,5,11,8,10,7,7,10,5,10,8,9,5,5,11,8,5,8,10,7,7,7,8,9,6,7,14,8,12,3,12,6,6,7,13,5,16,10,7,10,7,8,6,5,8,9,8,10,5,4,9,4,9,5,8,6,4,8,8,12,6,7,6,4,7,5,11,8,10,10,5,9,10,12,6,7,7,6,5,10,10,8,9,7,7,6,4,12,6,9,7,8,8,11,4,5,7,7,5,7,4,8,9,11,8,4,8,10,5,9,7,9,5,7,10,8,6,11,10,11,5,6,8,8,5,8,10,11,5,9,10,10,8,8,5,9,8,3,8,8,4,8,7,10,7,8,10,6,12,9,4,7,6,7,7,11,5,3,13,7,6,7,6,7,10,9,5,8,6,4,6,11,7,9,9,8,9,13,9,10,6,5,10,5,8,6,8,13,7,5,6,5,3,9,8,10,11,15,9,7,13,7,8,8,4,12,7,8,8,8,4,10,8,5,10,6,7,7,9,5,9,6,11,10,10,6,8,11,8,7,14,6,10,8,12,5,5,7,5,8,8,11,10,5,10,7,9,7,6,6,12,6,5,7,11,10,5,3,9,7,9,14,14,3,8,7,11,5,12,7,5,5,10,9,6,12,5,5,10,6,7,6,5,6,14,11,6,7,7,10,6,8,4,6,9,7,8,5,5,7,9,12,8,9,8,9,10,7,7,6,8,9,8,7,10,6,6,5,10,10,5,5,8,9,8,9,7,7,10,8,8,7,7,6,9,9,7,14,7,6,9,11,9,10,5,8,9,9,8,7,8,6,10,7,11,4,4,8,7,13,7,4,8,10,7,6,9,7,7,6,8,8,8,5,8,9,7,5,10,6,10,8,5,8,8,6,6,7,7,8,8,6,9,5,5,5,6,7,6,10,10,11,11,8,8,6,10,10,11,9,9,5,11,7,10,5,9,5,5,7,7,3,4,10,6,7,8,9,10,8,11,11,10,7,10,10,6,8,6,8,7,8,5,7,10,7,5,6,10,8,11,6,9,9,13,8,6,6,5,6,8,10,6,6,6,6,6,8,11,9,11,6,5,9,7,8,10,9,10,5,8,6,7,5,8,4,7,7,7,7,9,10,9,7,9,10,6,8,9,7,9,8,9,8,7,6,6,6,5,12,5,7,7,9,6,5,8,9,13,9,7,9,5,6,9,6,5,12,6,12,6,8,8,6,9,6,8,5,10,6,10,10,9,4,7,10,7,8,8,6,10,8,5,9,5,7,5,8,6,4,13,7,5,5,14,6,8,11,6,4,10,8,9,10,7,11,7,5,4,4,10,8,6,9,8,5,11,9,11,8,9,8,11,8,10,4,4,7,9,5,6,7,10,6,5,8,6,9,5,7,6,8,7,7,7,9,5,5,6,8,6,7,9,5,11,8,10,7,9,10,6,6,8,4,9,6,7,7,8,6,8,6,9,8,10,10,10,6,4,8,5,7,8,6,7,7,10,7,9,7,8,7,4,10,9,10,7,10,8,7,8,9,5,7,6,7,8,8,7,11,6,9,10,8,8,7,7,5,6,9,7,9,9,8,10,8,7,8,8,8,8,8,8,4,11,6,7,7,7,6,8,8,7,4,6,10,10,4,6,5,5,10,9,9,5,9,6,10,4,11,5,8,7,10,7,14,11,8,11,8,6,12,13,8,12,9,6,4,9,6,13,7,11,8,9,9,7,6,10,9,15,10,7,6,9,9,9,11,11,7,6,11,5,11,5,5,6,8,6,7,10,12,8,6,5,10,6,10,6,6,7,7,8,6,9,8,7,8,10,4,8,5,4,5,7,13,6,9,11,9,9,9,11,6,10,7,8,7,5,8,6,6,10,7,6,5,6,8,8,8,12,8
align-dinov2+1b-things+hyp-abl30-218,9,8,6,9,7,5,9,10,3,6,8,6,4,8,8,5,6,5,9,6,6,8,7,8,4,12,6,7,5,7,11,8,10,10,4,13,8,9,8,12,8,6,4,6,7,8,7,10,8,8,7,8,10,9,8,6,8,11,9,25,7,9,8,7,8,10,8,9,10,9,9,12,8,10,6,11,11,8,7,7,5,14,7,8,8,9,8,5,6,14,12,7,8,5,6,7,7,7,7,4,9,6,10,7,8,7,11,9,10,6,13,10,3,6,4,10,5,7,8,8,6,9,6,10,16,11,6,7,8,5,8,6,6,8,7,12,11,5,10,9,5,8,8,10,4,7,5,4,6,5,16,10,6,8,3,7,10,4,6,8,8,7,8,7,6,10,10,8,8,9,8,5,7,10,7,8,4,12,9,7,10,10,7,10,6,7,7,7,7,10,5,9,8,7,6,9,11,8,9,8,8,6,5,7,9,7,9,7,6,7,5,7,6,8,7,7,4,5,9,7,9,5,10,8,8,13,9,10,6,6,11,4,9,7,8,6,7,7,7,5,8,7,5,10,9,8,6,5,10,5,12,11,6,7,5,7,5,8,11,8,9,7,8,6,6,6,10,6,12,5,11,7,15,11,8,9,11,10,14,10,7,8,6,8,8,6,7,7,10,11,7,9,4,7,5,5,4,7,5,9,8,8,12,10,7,8,10,7,10,13,8,11,9,5,8,7,7,7,9,7,6,8,9,8,8,7,9,6,6,9,6,6,8,7,10,11,8,14,11,9,12,7,13,10,7,8,6,7,7,11,8,4,7,6,6,7,9,8,9,8,9,9,8,8,8,9,6,8,8,10,5,8,6,7,6,8,7,8,7,7,5,4,7,7,7,6,10,7,5,5,17,5,8,10,8,4,7,6,7,11,6,7,8,6,3,8,6,9,9,12,4,9,5,8,6,6,4,5,7,10,6,9,6,6,13,5,5,11,6,7,8,5,8,5,10,4,4,6,16,5,8,5,6,11,13,6,5,5,10,10,6,10,9,8,11,9,7,7,9,7,10,5,3,9,5,7,11,5,8,6,8,10,5,10,5,8,6,8,5,8,11,3,3,7,5,11,10,10,7,8,7,10,6,10,8,4,11,10,5,7,6,7,9,9,4,6,5,9,6,6,10,11,7,10,10,8,9,8,10,6,6,4,6,8,12,5,10,11,9,7,6,5,6,8,10,10,3,13,7,11,5,6,9,5,7,7,9,7,7,11,8,7,9,14,11,8,10,9,6,10,6,6,6,8,6,11,8,8,11,5,8,10,6,10,7,9,5,9,9,7,8,6,14,11,6,4,7,11,7,6,10,7,5,7,9,15,6,6,10,8,11,7,8,7,6,10,8,10,9,10,8,6,13,9,11,7,8,8,3,6,7,7,6,6,9,6,9,7,8,7,6,11,10,4,6,9,6,10,11,4,7,8,12,8,5,8,7,8,6,7,9,6,7,7,6,4,8,8,10,6,6,7,9,6,11,7,11,7,10,9,5,7,8,9,9,7,5,15,4,7,7,5,6,5,6,6,7,8,8,6,9,10,9,8,12,8,9,5,12,13,7,6,11,5,12,7,8,5,9,6,8,5,6,5,9,7,9,12,8,4,10,11,6,4,4,9,6,6,8,8,4,5,8,8,13,9,7,6,5,6,11,11,6,11,9,6,6,7,6,5,7,10,9,7,10,8,4,8,11,6,6,6,7,10,5,7,8,6,8,4,10,10,9,6,8,5,5,4,9,15,8,6,7,7,9,10,5,7,10,10,4,5,7,9,7,6,9,8,6,11,6,6,6,6,11,13,8,12,8,8,6,6,7,7,11,10,6,7,7,5,6,9,7,8,5,9,9,6,7,9,9,3,5,11,9,8,6,8,5,7,8,9,8,6,5,7,10,7,13,5,7,11,8,9,7,7,5,11,10,6,8,7,10,11,7,6,7,8,10,7,7,9,3,7,10,11,12,7,8,12,6,8,5,6,7,9,6,6,6,9,6,5,7,3,9,11,8,10,7,8,5,8,4,4,10,12,4,6,7,9,8,10,4,8,10,5,7,7,6,6,7,4,5,9,7,8,10,7,6,11,4,9,10,6,6,9,10,5,9,4,8,8,8,6,8,8,7,14,5,12,8,5,9,8,4,8,11,8,9,7,8,8,9,4,7,8,4,5,7,7,8,4,8,8,9,9,10,5,6,8,9,3,7,7,5,4,10,6,11,7,5,7,5,7,7,9,6,6,7,8,7,6,8,8,9,6,8,7,4,6,9,6,8,8,9,8,5,6,6,7,12,5,7,6,9,7,5,7,5,9,8,5,7,8,7,4,6,11,6,11,7,8,9,8,12,8,10,5,10,12,9,6,9,6,8,10,8,13,5,5,11,8,4,9,11,8,9,12,9,10,7,3,10,7,6,8,8,9,10,11,7,10,5,7,8,8,9,8,9,9,5,7,8,9,8,8,10,7,5,9,7,8,5,12,12,8,7,6,5,8,6,9,6,8,4,9,5,8,12,12,9,6,7,6,5,7,9,5,7,8,4,7,4,12,6,12,6,7,8,7,7,7,5,7,7,9,8,13,6,7,12,7,13,8,8,6,6,5,6,9,9,10,10,10,7,10,9,12,6,7,10,7,6,8,13,8,7,7,5,8,11,8,8,6,9,11,10,10
align-dinov2+1b-things+hyp-abl30-218-random,9,8,6,9,7,5,9,10,3,6,8,6,4,8,8,5,6,5,9,6,6,8,7,8,4,12,6,7,5,7,11,8,10,10,4,13,8,9,8,12,8,6,4,6,7,8,7,10,8,8,7,8,10,9,8,6,8,11,9,25,7,9,8,7,8,10,8,9,10,9,9,12,8,10,6,11,11,8,7,7,5,14,7,8,8,9,8,5,6,14,12,7,8,5,6,7,7,7,7,4,9,6,10,7,8,7,11,9,10,6,13,10,3,6,4,10,5,7,8,8,6,9,6,10,16,11,6,7,8,5,8,6,6,8,7,12,11,5,10,9,5,8,8,10,4,7,5,4,6,5,16,10,6,8,3,7,10,4,6,8,8,7,8,7,6,10,10,8,8,9,8,5,7,10,7,8,4,12,9,7,10,10,7,10,6,7,7,7,7,10,5,9,8,7,6,9,11,8,9,8,8,6,5,7,9,7,9,7,6,7,5,7,6,8,7,7,4,5,9,7,9,5,10,8,8,13,9,10,6,6,11,4,9,7,8,6,7,7,7,5,8,7,5,10,9,8,6,5,10,5,12,11,6,7,5,7,5,8,11,8,9,7,8,6,6,6,10,6,12,5,11,7,15,11,8,9,11,10,14,10,7,8,6,8,8,6,7,7,10,11,7,9,4,7,5,5,4,7,5,9,8,8,12,10,7,8,10,7,10,13,8,11,9,5,8,7,7,7,9,7,6,8,9,8,8,7,9,6,6,9,6,6,8,7,10,11,8,14,11,9,12,7,13,10,7,8,6,7,7,11,8,4,7,6,6,7,9,8,9,8,9,9,8,8,8,9,6,8,8,10,5,8,6,7,6,8,7,8,7,7,5,4,7,7,7,6,10,7,5,5,17,5,8,10,8,4,7,6,7,11,6,7,8,6,3,8,6,9,9,12,4,9,5,8,6,6,4,5,7,10,6,9,6,6,13,5,5,11,6,7,8,5,8,5,10,4,4,6,16,5,8,5,6,11,13,6,5,5,10,10,6,10,9,8,11,9,7,7,9,7,10,5,3,9,5,7,11,5,8,6,8,10,5,10,5,8,6,8,5,8,11,3,3,7,5,11,10,10,7,8,7,10,6,10,8,4,11,10,5,7,6,7,9,9,4,6,5,9,6,6,10,11,7,10,10,8,9,8,10,6,6,4,6,8,12,5,10,11,9,7,6,5,6,8,10,10,3,13,7,11,5,6,9,5,7,7,9,7,7,11,8,7,9,14,11,8,10,9,6,10,6,6,6,8,6,11,8,8,11,5,8,10,6,10,7,9,5,9,9,7,8,6,14,11,6,4,7,11,7,6,10,7,5,7,9,15,6,6,10,8,11,7,8,7,6,10,8,10,9,10,8,6,13,9,11,7,8,8,3,6,7,7,6,6,9,6,9,7,8,7,6,11,10,4,6,9,6,10,11,4,7,8,12,8,5,8,7,8,6,7,9,6,7,7,6,4,8,8,10,6,6,7,9,6,11,7,11,7,10,9,5,7,8,9,9,7,5,15,4,7,7,5,6,5,6,6,7,8,8,6,9,10,9,8,12,8,9,5,12,13,7,6,11,5,12,7,8,5,9,6,8,5,6,5,9,7,9,12,8,4,10,11,6,4,4,9,6,6,8,8,4,5,8,8,13,9,7,6,5,6,11,11,6,11,9,6,6,7,6,5,7,10,9,7,10,8,4,8,11,6,6,6,7,10,5,7,8,6,8,4,10,10,9,6,8,5,5,4,9,15,8,6,7,7,9,10,5,7,10,10,4,5,7,9,7,6,9,8,6,11,6,6,6,6,11,13,8,12,8,8,6,6,7,7,11,10,6,7,7,5,6,9,7,8,5,9,9,6,7,9,9,3,5,11,9,8,6,8,5,7,8,9,8,6,5,7,10,7,13,5,7,11,8,9,7,7,5,11,10,6,8,7,10,11,7,6,7,8,10,7,7,9,3,7,10,11,12,7,8,12,6,8,5,6,7,9,6,6,6,9,6,5,7,3,9,11,8,10,7,8,5,8,4,4,10,12,4,6,7,9,8,10,4,8,10,5,7,7,6,6,7,4,5,9,7,8,10,7,6,11,4,9,10,6,6,9,10,5,9,4,8,8,8,6,8,8,7,14,5,12,8,5,9,8,4,8,11,8,9,7,8,8,9,4,7,8,4,5,7,7,8,4,8,8,9,9,10,5,6,8,9,3,7,7,5,4,10,6,11,7,5,7,5,7,7,9,6,6,7,8,7,6,8,8,9,6,8,7,4,6,9,6,8,8,9,8,5,6,6,7,12,5,7,6,9,7,5,7,5,9,8,5,7,8,7,4,6,11,6,11,7,8,9,8,12,8,10,5,10,12,9,6,9,6,8,10,8,13,5,5,11,8,4,9,11,8,9,12,9,10,7,3,10,7,6,8,8,9,10,11,7,10,5,7,8,8,9,8,9,9,5,7,8,9,8,8,10,7,5,9,7,8,5,12,12,8,7,6,5,8,6,9,6,8,4,9,5,8,12,12,9,6,7,6,5,7,9,5,7,8,4,7,4,12,6,12,6,7,8,7,7,7,5,7,7,9,8,13,6,7,12,7,13,8,8,6,6,5,6,9,9,10,10,10,7,10,9,12,6,7,10,7,6,8,13,8,7,7,5,8,11,8,8,6,9,11,10,10
align-dinov2+1b-things+hyp-abl30-42,9,8,6,9,7,5,9,10,3,6,8,6,4,8,8,5,6,5,9,6,6,8,7,8,4,12,6,7,5,7,11,8,10,10,4,13,8,9,8,12,8,6,4,6,7,8,7,10,8,8,7,8,10,9,8,6,8,11,9,25,7,9,8,7,8,10,8,9,10,9,9,12,8,10,6,11,11,8,7,7,5,14,7,8,8,9,8,5,6,14,12,7,8,5,6,7,7,7,7,4,9,6,10,7,8,7,11,9,10,6,13,10,3,6,4,10,5,7,8,8,6,9,6,10,16,11,6,7,8,5,8,6,6,8,7,12,11,5,10,9,5,8,8,10,4,7,5,4,6,5,16,10,6,8,3,7,10,4,6,8,8,7,8,7,6,10,10,8,8,9,8,5,7,10,7,8,4,12,9,7,10,10,7,10,6,7,7,7,7,10,5,9,8,7,6,9,11,8,9,8,8,6,5,7,9,7,9,7,6,7,5,7,6,8,7,7,4,5,9,7,9,5,10,8,8,13,9,10,6,6,11,4,9,7,8,6,7,7,7,5,8,7,5,10,9,8,6,5,10,5,12,11,6,7,5,7,5,8,11,8,9,7,8,6,6,6,10,6,12,5,11,7,15,11,8,9,11,10,14,10,7,8,6,8,8,6,7,7,10,11,7,9,4,7,5,5,4,7,5,9,8,8,12,10,7,8,10,7,10,13,8,11,9,5,8,7,7,7,9,7,6,8,9,8,8,7,9,6,6,9,6,6,8,7,10,11,8,14,11,9,12,7,13,10,7,8,6,7,7,11,8,4,7,6,6,7,9,8,9,8,9,9,8,8,8,9,6,8,8,10,5,8,6,7,6,8,7,8,7,7,5,4,7,7,7,6,10,7,5,5,17,5,8,10,8,4,7,6,7,11,6,7,8,6,3,8,6,9,9,12,4,9,5,8,6,6,4,5,7,10,6,9,6,6,13,5,5,11,6,7,8,5,8,5,10,4,4,6,16,5,8,5,6,11,13,6,5,5,10,10,6,10,9,8,11,9,7,7,9,7,10,5,3,9,5,7,11,5,8,6,8,10,5,10,5,8,6,8,5,8,11,3,3,7,5,11,10,10,7,8,7,10,6,10,8,4,11,10,5,7,6,7,9,9,4,6,5,9,6,6,10,11,7,10,10,8,9,8,10,6,6,4,6,8,12,5,10,11,9,7,6,5,6,8,10,10,3,13,7,11,5,6,9,5,7,7,9,7,7,11,8,7,9,14,11,8,10,9,6,10,6,6,6,8,6,11,8,8,11,5,8,10,6,10,7,9,5,9,9,7,8,6,14,11,6,4,7,11,7,6,10,7,5,7,9,15,6,6,10,8,11,7,8,7,6,10,8,10,9,10,8,6,13,9,11,7,8,8,3,6,7,7,6,6,9,6,9,7,8,7,6,11,10,4,6,9,6,10,11,4,7,8,12,8,5,8,7,8,6,7,9,6,7,7,6,4,8,8,10,6,6,7,9,6,11,7,11,7,10,9,5,7,8,9,9,7,5,15,4,7,7,5,6,5,6,6,7,8,8,6,9,10,9,8,12,8,9,5,12,13,7,6,11,5,12,7,8,5,9,6,8,5,6,5,9,7,9,12,8,4,10,11,6,4,4,9,6,6,8,8,4,5,8,8,13,9,7,6,5,6,11,11,6,11,9,6,6,7,6,5,7,10,9,7,10,8,4,8,11,6,6,6,7,10,5,7,8,6,8,4,10,10,9,6,8,5,5,4,9,15,8,6,7,7,9,10,5,7,10,10,4,5,7,9,7,6,9,8,6,11,6,6,6,6,11,13,8,12,8,8,6,6,7,7,11,10,6,7,7,5,6,9,7,8,5,9,9,6,7,9,9,3,5,11,9,8,6,8,5,7,8,9,8,6,5,7,10,7,13,5,7,11,8,9,7,7,5,11,10,6,8,7,10,11,7,6,7,8,10,7,7,9,3,7,10,11,12,7,8,12,6,8,5,6,7,9,6,6,6,9,6,5,7,3,9,11,8,10,7,8,5,8,4,4,10,12,4,6,7,9,8,10,4,8,10,5,7,7,6,6,7,4,5,9,7,8,10,7,6,11,4,9,10,6,6,9,10,5,9,4,8,8,8,6,8,8,7,14,5,12,8,5,9,8,4,8,11,8,9,7,8,8,9,4,7,8,4,5,7,7,8,4,8,8,9,9,10,5,6,8,9,3,7,7,5,4,10,6,11,7,5,7,5,7,7,9,6,6,7,8,7,6,8,8,9,6,8,7,4,6,9,6,8,8,9,8,5,6,6,7,12,5,7,6,9,7,5,7,5,9,8,5,7,8,7,4,6,11,6,11,7,8,9,8,12,8,10,5,10,12,9,6,9,6,8,10,8,13,5,5,11,8,4,9,11,8,9,12,9,10,7,3,10,7,6,8,8,9,10,11,7,10,5,7,8,8,9,8,9,9,5,7,8,9,8,8,10,7,5,9,7,8,5,12,12,8,7,6,5,8,6,9,6,8,4,9,5,8,12,12,9,6,7,6,5,7,9,5,7,8,4,7,4,12,6,12,6,7,8,7,7,7,5,7,7,9,8,13,6,7,12,7,13,8,8,6,6,5,6,9,9,10,10,10,7,10,9,12,6,7,10,7,6,8,13,8,7,7,5,8,11,8,8,6,9,11,10,10
align-dinov2+1b-things+hyp-abl30-42-random,9,8,6,9,7,5,9,10,3,6,8,6,4,8,8,5,6,5,9,6,6,8,7,8,4,12,6,7,5,7,11,8,10,10,4,13,8,9,8,12,8,6,4,6,7,8,7,10,8,8,7,8,10,9,8,6,8,11,9,25,7,9,8,7,8,10,8,9,10,9,9,12,8,10,6,11,11,8,7,7,5,14,7,8,8,9,8,5,6,14,12,7,8,5,6,7,7,7,7,4,9,6,10,7,8,7,11,9,10,6,13,10,3,6,4,10,5,7,8,8,6,9,6,10,16,11,6,7,8,5,8,6,6,8,7,12,11,5,10,9,5,8,8,10,4,7,5,4,6,5,16,10,6,8,3,7,10,4,6,8,8,7,8,7,6,10,10,8,8,9,8,5,7,10,7,8,4,12,9,7,10,10,7,10,6,7,7,7,7,10,5,9,8,7,6,9,11,8,9,8,8,6,5,7,9,7,9,7,6,7,5,7,6,8,7,7,4,5,9,7,9,5,10,8,8,13,9,10,6,6,11,4,9,7,8,6,7,7,7,5,8,7,5,10,9,8,6,5,10,5,12,11,6,7,5,7,5,8,11,8,9,7,8,6,6,6,10,6,12,5,11,7,15,11,8,9,11,10,14,10,7,8,6,8,8,6,7,7,10,11,7,9,4,7,5,5,4,7,5,9,8,8,12,10,7,8,10,7,10,13,8,11,9,5,8,7,7,7,9,7,6,8,9,8,8,7,9,6,6,9,6,6,8,7,10,11,8,14,11,9,12,7,13,10,7,8,6,7,7,11,8,4,7,6,6,7,9,8,9,8,9,9,8,8,8,9,6,8,8,10,5,8,6,7,6,8,7,8,7,7,5,4,7,7,7,6,10,7,5,5,17,5,8,10,8,4,7,6,7,11,6,7,8,6,3,8,6,9,9,12,4,9,5,8,6,6,4,5,7,10,6,9,6,6,13,5,5,11,6,7,8,5,8,5,10,4,4,6,16,5,8,5,6,11,13,6,5,5,10,10,6,10,9,8,11,9,7,7,9,7,10,5,3,9,5,7,11,5,8,6,8,10,5,10,5,8,6,8,5,8,11,3,3,7,5,11,10,10,7,8,7,10,6,10,8,4,11,10,5,7,6,7,9,9,4,6,5,9,6,6,10,11,7,10,10,8,9,8,10,6,6,4,6,8,12,5,10,11,9,7,6,5,6,8,10,10,3,13,7,11,5,6,9,5,7,7,9,7,7,11,8,7,9,14,11,8,10,9,6,10,6,6,6,8,6,11,8,8,11,5,8,10,6,10,7,9,5,9,9,7,8,6,14,11,6,4,7,11,7,6,10,7,5,7,9,15,6,6,10,8,11,7,8,7,6,10,8,10,9,10,8,6,13,9,11,7,8,8,3,6,7,7,6,6,9,6,9,7,8,7,6,11,10,4,6,9,6,10,11,4,7,8,12,8,5,8,7,8,6,7,9,6,7,7,6,4,8,8,10,6,6,7,9,6,11,7,11,7,10,9,5,7,8,9,9,7,5,15,4,7,7,5,6,5,6,6,7,8,8,6,9,10,9,8,12,8,9,5,12,13,7,6,11,5,12,7,8,5,9,6,8,5,6,5,9,7,9,12,8,4,10,11,6,4,4,9,6,6,8,8,4,5,8,8,13,9,7,6,5,6,11,11,6,11,9,6,6,7,6,5,7,10,9,7,10,8,4,8,11,6,6,6,7,10,5,7,8,6,8,4,10,10,9,6,8,5,5,4,9,15,8,6,7,7,9,10,5,7,10,10,4,5,7,9,7,6,9,8,6,11,6,6,6,6,11,13,8,12,8,8,6,6,7,7,11,10,6,7,7,5,6,9,7,8,5,9,9,6,7,9,9,3,5,11,9,8,6,8,5,7,8,9,8,6,5,7,10,7,13,5,7,11,8,9,7,7,5,11,10,6,8,7,10,11,7,6,7,8,10,7,7,9,3,7,10,11,12,7,8,12,6,8,5,6,7,9,6,6,6,9,6,5,7,3,9,11,8,10,7,8,5,8,4,4,10,12,4,6,7,9,8,10,4,8,10,5,7,7,6,6,7,4,5,9,7,8,10,7,6,11,4,9,10,6,6,9,10,5,9,4,8,8,8,6,8,8,7,14,5,12,8,5,9,8,4,8,11,8,9,7,8,8,9,4,7,8,4,5,7,7,8,4,8,8,9,9,10,5,6,8,9,3,7,7,5,4,10,6,11,7,5,7,5,7,7,9,6,6,7,8,7,6,8,8,9,6,8,7,4,6,9,6,8,8,9,8,5,6,6,7,12,5,7,6,9,7,5,7,5,9,8,5,7,8,7,4,6,11,6,11,7,8,9,8,12,8,10,5,10,12,9,6,9,6,8,10,8,13,5,5,11,8,4,9,11,8,9,12,9,10,7,3,10,7,6,8,8,9,10,11,7,10,5,7,8,8,9,8,9,9,5,7,8,9,8,8,10,7,5,9,7,8,5,12,12,8,7,6,5,8,6,9,6,8,4,9,5,8,12,12,9,6,7,6,5,7,9,5,7,8,4,7,4,12,6,12,6,7,8,7,7,7,5,7,7,9,8,13,6,7,12,7,13,8,8,6,6,5,6,9,9,10,10,10,7,10,9,12,6,7,10,7,6,8,13,8,7,7,5,8,11,8,8,6,9,11,10,10
align-dinov2+1b-things+hyp-abl30-7,9,8,6,9,7,5,9,10,3,6,8,6,4,8,8,5,6,5,9,6,6,8,7,8,4,12,6,7,5,7,11,8,10,10,4,13,8,9,8,12,8,6,4,6,7,8,7,10,8,8,7,8,10,9,8,6,8,11,9,25,7,9,8,7,8,10,8,9,10,9,9,12,8,10,6,11,11,8,7,7,5,14,7,8,8,9,8,5,6,14,12,7,8,5,6,7,7,7,7,4,9,6,10,7,8,7,11,9,10,6,13,10,3,6,4,10,5,7,8,8,6,9,6,10,16,11,6,7,8,5,8,6,6,8,7,12,11,5,10,9,5,8,8,10,4,7,5,4,6,5,16,10,6,8,3,7,10,4,6,8,8,7,8,7,6,10,10,8,8,9,8,5,7,10,7,8,4,12,9,7,10,10,7,10,6,7,7,7,7,10,5,9,8,7,6,9,11,8,9,8,8,6,5,7,9,7,9,7,6,7,5,7,6,8,7,7,4,5,9,7,9,5,10,8,8,13,9,10,6,6,11,4,9,7,8,6,7,7,7,5,8,7,5,10,9,8,6,5,10,5,12,11,6,7,5,7,5,8,11,8,9,7,8,6,6,6,10,6,12,5,11,7,15,11,8,9,11,10,14,10,7,8,6,8,8,6,7,7,10,11,7,9,4,7,5,5,4,7,5,9,8,8,12,10,7,8,10,7,10,13,8,11,9,5,8,7,7,7,9,7,6,8,9,8,8,7,9,6,6,9,6,6,8,7,10,11,8,14,11,9,12,7,13,10,7,8,6,7,7,11,8,4,7,6,6,7,9,8,9,8,9,9,8,8,8,9,6,8,8,10,5,8,6,7,6,8,7,8,7,7,5,4,7,7,7,6,10,7,5,5,17,5,8,10,8,4,7,6,7,11,6,7,8,6,3,8,6,9,9,12,4,9,5,8,6,6,4,5,7,10,6,9,6,6,13,5,5,11,6,7,8,5,8,5,10,4,4,6,16,5,8,5,6,11,13,6,5,5,10,10,6,10,9,8,11,9,7,7,9,7,10,5,3,9,5,7,11,5,8,6,8,10,5,10,5,8,6,8,5,8,11,3,3,7,5,11,10,10,7,8,7,10,6,10,8,4,11,10,5,7,6,7,9,9,4,6,5,9,6,6,10,11,7,10,10,8,9,8,10,6,6,4,6,8,12,5,10,11,9,7,6,5,6,8,10,10,3,13,7,11,5,6,9,5,7,7,9,7,7,11,8,7,9,14,11,8,10,9,6,10,6,6,6,8,6,11,8,8,11,5,8,10,6,10,7,9,5,9,9,7,8,6,14,11,6,4,7,11,7,6,10,7,5,7,9,15,6,6,10,8,11,7,8,7,6,10,8,10,9,10,8,6,13,9,11,7,8,8,3,6,7,7,6,6,9,6,9,7,8,7,6,11,10,4,6,9,6,10,11,4,7,8,12,8,5,8,7,8,6,7,9,6,7,7,6,4,8,8,10,6,6,7,9,6,11,7,11,7,10,9,5,7,8,9,9,7,5,15,4,7,7,5,6,5,6,6,7,8,8,6,9,10,9,8,12,8,9,5,12,13,7,6,11,5,12,7,8,5,9,6,8,5,6,5,9,7,9,12,8,4,10,11,6,4,4,9,6,6,8,8,4,5,8,8,13,9,7,6,5,6,11,11,6,11,9,6,6,7,6,5,7,10,9,7,10,8,4,8,11,6,6,6,7,10,5,7,8,6,8,4,10,10,9,6,8,5,5,4,9,15,8,6,7,7,9,10,5,7,10,10,4,5,7,9,7,6,9,8,6,11,6,6,6,6,11,13,8,12,8,8,6,6,7,7,11,10,6,7,7,5,6,9,7,8,5,9,9,6,7,9,9,3,5,11,9,8,6,8,5,7,8,9,8,6,5,7,10,7,13,5,7,11,8,9,7,7,5,11,10,6,8,7,10,11,7,6,7,8,10,7,7,9,3,7,10,11,12,7,8,12,6,8,5,6,7,9,6,6,6,9,6,5,7,3,9,11,8,10,7,8,5,8,4,4,10,12,4,6,7,9,8,10,4,8,10,5,7,7,6,6,7,4,5,9,7,8,10,7,6,11,4,9,10,6,6,9,10,5,9,4,8,8,8,6,8,8,7,14,5,12,8,5,9,8,4,8,11,8,9,7,8,8,9,4,7,8,4,5,7,7,8,4,8,8,9,9,10,5,6,8,9,3,7,7,5,4,10,6,11,7,5,7,5,7,7,9,6,6,7,8,7,6,8,8,9,6,8,7,4,6,9,6,8,8,9,8,5,6,6,7,12,5,7,6,9,7,5,7,5,9,8,5,7,8,7,4,6,11,6,11,7,8,9,8,12,8,10,5,10,12,9,6,9,6,8,10,8,13,5,5,11,8,4,9,11,8,9,12,9,10,7,3,10,7,6,8,8,9,10,11,7,10,5,7,8,8,9,8,9,9,5,7,8,9,8,8,10,7,5,9,7,8,5,12,12,8,7,6,5,8,6,9,6,8,4,9,5,8,12,12,9,6,7,6,5,7,9,5,7,8,4,7,4,12,6,12,6,7,8,7,7,7,5,7,7,9,8,13,6,7,12,7,13,8,8,6,6,5,6,9,9,10,10,10,7,10,9,12,6,7,10,7,6,8,13,8,7,7,5,8,11,8,8,6,9,11,10,10
align-dinov2+1b-things+hyp-abl30-7-random,9,8,6,9,7,5,9,10,3,6,8,6,4,8,8,5,6,5,9,6,6,8,7,8,4,12,6,7,5,7,11,8,10,10,4,13,8,9,8,12,8,6,4,6,7,8,7,10,8,8,7,8,10,9,8,6,8,11,9,25,7,9,8,7,8,10,8,9,10,9,9,12,8,10,6,11,11,8,7,7,5,14,7,8,8,9,8,5,6,14,12,7,8,5,6,7,7,7,7,4,9,6,10,7,8,7,11,9,10,6,13,10,3,6,4,10,5,7,8,8,6,9,6,10,16,11,6,7,8,5,8,6,6,8,7,12,11,5,10,9,5,8,8,10,4,7,5,4,6,5,16,10,6,8,3,7,10,4,6,8,8,7,8,7,6,10,10,8,8,9,8,5,7,10,7,8,4,12,9,7,10,10,7,10,6,7,7,7,7,10,5,9,8,7,6,9,11,8,9,8,8,6,5,7,9,7,9,7,6,7,5,7,6,8,7,7,4,5,9,7,9,5,10,8,8,13,9,10,6,6,11,4,9,7,8,6,7,7,7,5,8,7,5,10,9,8,6,5,10,5,12,11,6,7,5,7,5,8,11,8,9,7,8,6,6,6,10,6,12,5,11,7,15,11,8,9,11,10,14,10,7,8,6,8,8,6,7,7,10,11,7,9,4,7,5,5,4,7,5,9,8,8,12,10,7,8,10,7,10,13,8,11,9,5,8,7,7,7,9,7,6,8,9,8,8,7,9,6,6,9,6,6,8,7,10,11,8,14,11,9,12,7,13,10,7,8,6,7,7,11,8,4,7,6,6,7,9,8,9,8,9,9,8,8,8,9,6,8,8,10,5,8,6,7,6,8,7,8,7,7,5,4,7,7,7,6,10,7,5,5,17,5,8,10,8,4,7,6,7,11,6,7,8,6,3,8,6,9,9,12,4,9,5,8,6,6,4,5,7,10,6,9,6,6,13,5,5,11,6,7,8,5,8,5,10,4,4,6,16,5,8,5,6,11,13,6,5,5,10,10,6,10,9,8,11,9,7,7,9,7,10,5,3,9,5,7,11,5,8,6,8,10,5,10,5,8,6,8,5,8,11,3,3,7,5,11,10,10,7,8,7,10,6,10,8,4,11,10,5,7,6,7,9,9,4,6,5,9,6,6,10,11,7,10,10,8,9,8,10,6,6,4,6,8,12,5,10,11,9,7,6,5,6,8,10,10,3,13,7,11,5,6,9,5,7,7,9,7,7,11,8,7,9,14,11,8,10,9,6,10,6,6,6,8,6,11,8,8,11,5,8,10,6,10,7,9,5,9,9,7,8,6,14,11,6,4,7,11,7,6,10,7,5,7,9,15,6,6,10,8,11,7,8,7,6,10,8,10,9,10,8,6,13,9,11,7,8,8,3,6,7,7,6,6,9,6,9,7,8,7,6,11,10,4,6,9,6,10,11,4,7,8,12,8,5,8,7,8,6,7,9,6,7,7,6,4,8,8,10,6,6,7,9,6,11,7,11,7,10,9,5,7,8,9,9,7,5,15,4,7,7,5,6,5,6,6,7,8,8,6,9,10,9,8,12,8,9,5,12,13,7,6,11,5,12,7,8,5,9,6,8,5,6,5,9,7,9,12,8,4,10,11,6,4,4,9,6,6,8,8,4,5,8,8,13,9,7,6,5,6,11,11,6,11,9,6,6,7,6,5,7,10,9,7,10,8,4,8,11,6,6,6,7,10,5,7,8,6,8,4,10,10,9,6,8,5,5,4,9,15,8,6,7,7,9,10,5,7,10,10,4,5,7,9,7,6,9,8,6,11,6,6,6,6,11,13,8,12,8,8,6,6,7,7,11,10,6,7,7,5,6,9,7,8,5,9,9,6,7,9,9,3,5,11,9,8,6,8,5,7,8,9,8,6,5,7,10,7,13,5,7,11,8,9,7,7,5,11,10,6,8,7,10,11,7,6,7,8,10,7,7,9,3,7,10,11,12,7,8,12,6,8,5,6,7,9,6,6,6,9,6,5,7,3,9,11,8,10,7,8,5,8,4,4,10,12,4,6,7,9,8,10,4,8,10,5,7,7,6,6,7,4,5,9,7,8,10,7,6,11,4,9,10,6,6,9,10,5,9,4,8,8,8,6,8,8,7,14,5,12,8,5,9,8,4,8,11,8,9,7,8,8,9,4,7,8,4,5,7,7,8,4,8,8,9,9,10,5,6,8,9,3,7,7,5,4,10,6,11,7,5,7,5,7,7,9,6,6,7,8,7,6,8,8,9,6,8,7,4,6,9,6,8,8,9,8,5,6,6,7,12,5,7,6,9,7,5,7,5,9,8,5,7,8,7,4,6,11,6,11,7,8,9,8,12,8,10,5,10,12,9,6,9,6,8,10,8,13,5,5,11,8,4,9,11,8,9,12,9,10,7,3,10,7,6,8,8,9,10,11,7,10,5,7,8,8,9,8,9,9,5,7,8,9,8,8,10,7,5,9,7,8,5,12,12,8,7,6,5,8,6,9,6,8,4,9,5,8,12,12,9,6,7,6,5,7,9,5,7,8,4,7,4,12,6,12,6,7,8,7,7,7,5,7,7,9,8,13,6,7,12,7,13,8,8,6,6,5,6,9,9,10,10,10,7,10,9,12,6,7,10,7,6,8,13,8,7,7,5,8,11,8,8,6,9,11,10,10
align-dinov2+1b-things+hyp-abl30-local-shuffled-218,4,7,11,8,5,8,9,7,8,6,11,10,6,9,7,8,10,14,9,6,10,8,9,6,7,7,7,9,11,7,9,7,9,5,7,7,10,8,7,10,6,8,5,8,9,6,7,6,10,6,6,4,9,10,8,7,7,4,5,19,10,4,9,7,9,9,7,7,5,8,9,5,7,10,10,8,5,7,7,4,7,10,7,9,5,11,5,5,8,8,12,7,10,9,9,8,10,8,6,9,9,8,7,10,11,6,10,9,9,9,10,8,10,7,7,9,8,8,9,10,8,7,7,4,15,11,8,7,8,5,8,11,8,9,10,9,9,6,10,4,5,7,8,8,6,9,7,7,6,8,15,6,4,8,7,8,4,8,5,6,8,8,5,5,9,7,6,8,6,7,5,6,10,7,6,7,9,9,7,5,6,9,10,6,11,6,7,7,7,5,8,4,9,6,9,10,8,8,10,6,10,4,5,5,13,4,5,7,7,9,9,4,6,8,7,6,4,6,6,9,7,4,10,5,11,7,9,8,6,7,15,7,5,8,8,9,6,6,7,5,9,6,7,11,8,13,6,12,6,9,8,8,7,8,7,5,7,9,9,7,7,9,10,7,5,10,8,9,8,5,8,7,8,7,6,8,6,10,6,7,9,5,9,7,8,5,7,6,5,9,10,5,7,10,7,5,10,6,11,6,6,6,11,5,9,10,8,8,5,9,11,8,9,6,6,5,10,8,9,9,9,13,9,5,8,7,6,9,6,7,7,3,6,10,9,7,9,8,8,10,8,8,8,9,8,12,7,7,6,8,10,7,8,12,6,4,5,6,9,8,8,6,5,7,4,7,10,6,6,7,10,8,8,3,4,6,8,5,6,10,4,6,9,7,8,7,6,11,8,10,16,8,12,7,4,6,6,7,11,13,7,10,11,9,7,7,6,8,6,6,7,8,4,6,6,9,7,10,10,8,9,10,8,5,7,10,8,4,8,8,8,7,10,8,5,6,9,5,5,9,10,10,8,6,6,9,12,9,11,5,9,10,9,10,7,9,8,11,7,7,7,5,8,7,7,11,7,6,7,8,9,7,8,8,7,11,5,4,9,7,7,5,10,5,6,8,8,7,7,5,10,7,10,11,4,6,9,5,9,8,11,8,6,9,5,10,13,7,8,9,9,6,5,6,10,8,10,8,8,11,8,6,6,9,9,9,10,5,10,5,5,10,7,9,8,10,8,6,10,8,6,11,10,7,7,7,5,7,8,8,7,9,12,16,9,8,8,10,11,9,8,4,8,6,8,6,7,4,5,9,5,6,6,10,9,7,8,9,7,10,7,4,10,8,8,4,6,6,5,9,10,8,8,8,10,5,5,7,6,4,8,9,5,5,7,13,5,8,12,7,8,13,5,7,8,8,9,5,10,9,8,7,12,9,5,10,6,8,6,7,8,7,10,12,6,7,7,8,7,11,5,4,7,5,8,7,6,7,4,12,11,8,8,8,10,5,10,11,9,9,8,7,10,7,5,6,9,9,8,5,6,7,10,8,6,4,6,8,5,5,5,7,6,7,8,8,5,7,12,7,11,12,3,12,5,7,7,5,8,6,5,9,8,9,6,8,9,8,12,8,6,9,8,8,4,8,9,8,5,10,5,6,7,12,10,9,9,10,9,15,8,6,5,5,4,9,6,9,7,13,6,11,6,5,11,6,8,6,6,7,8,7,7,6,5,8,5,13,6,8,8,9,8,8,7,8,10,9,7,8,8,9,10,7,9,10,12,6,5,9,7,5,8,8,6,8,9,8,9,5,8,8,6,9,7,9,7,5,7,12,10,7,8,7,12,14,8,7,7,6,8,7,5,10,7,7,8,10,8,6,9,13,10,6,7,6,6,10,12,11,6,3,9,9,5,9,12,7,8,6,7,9,7,6,9,10,7,9,8,10,13,15,11,7,9,11,8,7,12,5,6,8,6,4,9,8,6,5,13,7,6,11,6,6,8,7,8,6,6,8,7,10,4,5,8,9,10,6,13,7,5,9,9,9,8,8,7,9,5,11,8,10,6,9,9,7,8,5,9,7,8,7,9,8,13,10,8,6,7,6,9,8,7,6,6,4,5,6,8,4,7,5,7,6,5,7,10,6,6,4,8,11,6,15,7,8,10,6,6,7,6,10,7,10,10,7,8,11,9,7,7,11,10,11,6,9,5,10,9,8,7,10,10,5,11,9,9,10,7,4,8,7,6,8,7,8,9,6,7,6,8,13,8,8,4,8,7,7,7,4,12,10,6,10,6,9,11,7,9,6,9,10,8,7,7,9,6,6,5,5,8,5,6,9,4,9,11,12,12,9,7,7,10,13,10,8,5,6,7,6,10,9,6,10,6,11,6,9,7,16,10,6,6,7,8,10,8,10,4,5,8,11,8,6,7,11,7,9,6,10,9,7,7,8,10,6,7,7,9,5,4,9,5,8,8,5,8,8,9,7,6,10,6,14,5,8,5,9,9,6,4,11,8,7,10,7,6,4,11,14,6,9,5,6,9,8,5,9,9,12,8,6,14,6,4,8,5,8,8,8,9,5,9,5,7,7,7,4,10,10,9,12,7,6,5,7,6,6,10,8,5,8,8,9,9,7,7,8,3,5,9,7,7,6,7,6,6,4,8,9,7,4,7,6,7,13,10,7,6,9,6,8,7,7,7,6,6,6
align-dinov2+1b-things+hyp-abl30-local-shuffled-42,4,7,11,8,5,8,9,7,8,6,11,10,6,9,7,8,10,14,9,6,10,8,9,6,7,7,7,9,11,7,9,7,9,5,7,7,10,8,7,10,6,8,5,8,9,6,7,6,10,6,6,4,9,10,8,7,7,4,5,19,10,4,9,7,9,9,7,7,5,8,9,5,7,10,10,8,5,7,7,4,7,10,7,9,5,11,5,5,8,8,12,7,10,9,9,8,10,8,6,9,9,8,7,10,11,6,10,9,9,9,10,8,10,7,7,9,8,8,9,10,8,7,7,4,15,11,8,7,8,5,8,11,8,9,10,9,9,6,10,4,5,7,8,8,6,9,7,7,6,8,15,6,4,8,7,8,4,8,5,6,8,8,5,5,9,7,6,8,6,7,5,6,10,7,6,7,9,9,7,5,6,9,10,6,11,6,7,7,7,5,8,4,9,6,9,10,8,8,10,6,10,4,5,5,13,4,5,7,7,9,9,4,6,8,7,6,4,6,6,9,7,4,10,5,11,7,9,8,6,7,15,7,5,8,8,9,6,6,7,5,9,6,7,11,8,13,6,12,6,9,8,8,7,8,7,5,7,9,9,7,7,9,10,7,5,10,8,9,8,5,8,7,8,7,6,8,6,10,6,7,9,5,9,7,8,5,7,6,5,9,10,5,7,10,7,5,10,6,11,6,6,6,11,5,9,10,8,8,5,9,11,8,9,6,6,5,10,8,9,9,9,13,9,5,8,7,6,9,6,7,7,3,6,10,9,7,9,8,8,10,8,8,8,9,8,12,7,7,6,8,10,7,8,12,6,4,5,6,9,8,8,6,5,7,4,7,10,6,6,7,10,8,8,3,4,6,8,5,6,10,4,6,9,7,8,7,6,11,8,10,16,8,12,7,4,6,6,7,11,13,7,10,11,9,7,7,6,8,6,6,7,8,4,6,6,9,7,10,10,8,9,10,8,5,7,10,8,4,8,8,8,7,10,8,5,6,9,5,5,9,10,10,8,6,6,9,12,9,11,5,9,10,9,10,7,9,8,11,7,7,7,5,8,7,7,11,7,6,7,8,9,7,8,8,7,11,5,4,9,7,7,5,10,5,6,8,8,7,7,5,10,7,10,11,4,6,9,5,9,8,11,8,6,9,5,10,13,7,8,9,9,6,5,6,10,8,10,8,8,11,8,6,6,9,9,9,10,5,10,5,5,10,7,9,8,10,8,6,10,8,6,11,10,7,7,7,5,7,8,8,7,9,12,16,9,8,8,10,11,9,8,4,8,6,8,6,7,4,5,9,5,6,6,10,9,7,8,9,7,10,7,4,10,8,8,4,6,6,5,9,10,8,8,8,10,5,5,7,6,4,8,9,5,5,7,13,5,8,12,7,8,13,5,7,8,8,9,5,10,9,8,7,12,9,5,10,6,8,6,7,8,7,10,12,6,7,7,8,7,11,5,4,7,5,8,7,6,7,4,12,11,8,8,8,10,5,10,11,9,9,8,7,10,7,5,6,9,9,8,5,6,7,10,8,6,4,6,8,5,5,5,7,6,7,8,8,5,7,12,7,11,12,3,12,5,7,7,5,8,6,5,9,8,9,6,8,9,8,12,8,6,9,8,8,4,8,9,8,5,10,5,6,7,12,10,9,9,10,9,15,8,6,5,5,4,9,6,9,7,13,6,11,6,5,11,6,8,6,6,7,8,7,7,6,5,8,5,13,6,8,8,9,8,8,7,8,10,9,7,8,8,9,10,7,9,10,12,6,5,9,7,5,8,8,6,8,9,8,9,5,8,8,6,9,7,9,7,5,7,12,10,7,8,7,12,14,8,7,7,6,8,7,5,10,7,7,8,10,8,6,9,13,10,6,7,6,6,10,12,11,6,3,9,9,5,9,12,7,8,6,7,9,7,6,9,10,7,9,8,10,13,15,11,7,9,11,8,7,12,5,6,8,6,4,9,8,6,5,13,7,6,11,6,6,8,7,8,6,6,8,7,10,4,5,8,9,10,6,13,7,5,9,9,9,8,8,7,9,5,11,8,10,6,9,9,7,8,5,9,7,8,7,9,8,13,10,8,6,7,6,9,8,7,6,6,4,5,6,8,4,7,5,7,6,5,7,10,6,6,4,8,11,6,15,7,8,10,6,6,7,6,10,7,10,10,7,8,11,9,7,7,11,10,11,6,9,5,10,9,8,7,10,10,5,11,9,9,10,7,4,8,7,6,8,7,8,9,6,7,6,8,13,8,8,4,8,7,7,7,4,12,10,6,10,6,9,11,7,9,6,9,10,8,7,7,9,6,6,5,5,8,5,6,9,4,9,11,12,12,9,7,7,10,13,10,8,5,6,7,6,10,9,6,10,6,11,6,9,7,16,10,6,6,7,8,10,8,10,4,5,8,11,8,6,7,11,7,9,6,10,9,7,7,8,10,6,7,7,9,5,4,9,5,8,8,5,8,8,9,7,6,10,6,14,5,8,5,9,9,6,4,11,8,7,10,7,6,4,11,14,6,9,5,6,9,8,5,9,9,12,8,6,14,6,4,8,5,8,8,8,9,5,9,5,7,7,7,4,10,10,9,12,7,6,5,7,6,6,10,8,5,8,8,9,9,7,7,8,3,5,9,7,7,6,7,6,6,4,8,9,7,4,7,6,7,13,10,7,6,9,6,8,7,7,7,6,6,6
align-dinov2+1b-things+hyp-abl30-local-shuffled-7,4,7,11,8,5,8,9,7,8,6,11,10,6,9,7,8,10,14,9,6,10,8,9,6,7,7,7,9,11,7,9,7,9,5,7,7,10,8,7,10,6,8,5,8,9,6,7,6,10,6,6,4,9,10,8,7,7,4,5,19,10,4,9,7,9,9,7,7,5,8,9,5,7,10,10,8,5,7,7,4,7,10,7,9,5,11,5,5,8,8,12,7,10,9,9,8,10,8,6,9,9,8,7,10,11,6,10,9,9,9,10,8,10,7,7,9,8,8,9,10,8,7,7,4,15,11,8,7,8,5,8,11,8,9,10,9,9,6,10,4,5,7,8,8,6,9,7,7,6,8,15,6,4,8,7,8,4,8,5,6,8,8,5,5,9,7,6,8,6,7,5,6,10,7,6,7,9,9,7,5,6,9,10,6,11,6,7,7,7,5,8,4,9,6,9,10,8,8,10,6,10,4,5,5,13,4,5,7,7,9,9,4,6,8,7,6,4,6,6,9,7,4,10,5,11,7,9,8,6,7,15,7,5,8,8,9,6,6,7,5,9,6,7,11,8,13,6,12,6,9,8,8,7,8,7,5,7,9,9,7,7,9,10,7,5,10,8,9,8,5,8,7,8,7,6,8,6,10,6,7,9,5,9,7,8,5,7,6,5,9,10,5,7,10,7,5,10,6,11,6,6,6,11,5,9,10,8,8,5,9,11,8,9,6,6,5,10,8,9,9,9,13,9,5,8,7,6,9,6,7,7,3,6,10,9,7,9,8,8,10,8,8,8,9,8,12,7,7,6,8,10,7,8,12,6,4,5,6,9,8,8,6,5,7,4,7,10,6,6,7,10,8,8,3,4,6,8,5,6,10,4,6,9,7,8,7,6,11,8,10,16,8,12,7,4,6,6,7,11,13,7,10,11,9,7,7,6,8,6,6,7,8,4,6,6,9,7,10,10,8,9,10,8,5,7,10,8,4,8,8,8,7,10,8,5,6,9,5,5,9,10,10,8,6,6,9,12,9,11,5,9,10,9,10,7,9,8,11,7,7,7,5,8,7,7,11,7,6,7,8,9,7,8,8,7,11,5,4,9,7,7,5,10,5,6,8,8,7,7,5,10,7,10,11,4,6,9,5,9,8,11,8,6,9,5,10,13,7,8,9,9,6,5,6,10,8,10,8,8,11,8,6,6,9,9,9,10,5,10,5,5,10,7,9,8,10,8,6,10,8,6,11,10,7,7,7,5,7,8,8,7,9,12,16,9,8,8,10,11,9,8,4,8,6,8,6,7,4,5,9,5,6,6,10,9,7,8,9,7,10,7,4,10,8,8,4,6,6,5,9,10,8,8,8,10,5,5,7,6,4,8,9,5,5,7,13,5,8,12,7,8,13,5,7,8,8,9,5,10,9,8,7,12,9,5,10,6,8,6,7,8,7,10,12,6,7,7,8,7,11,5,4,7,5,8,7,6,7,4,12,11,8,8,8,10,5,10,11,9,9,8,7,10,7,5,6,9,9,8,5,6,7,10,8,6,4,6,8,5,5,5,7,6,7,8,8,5,7,12,7,11,12,3,12,5,7,7,5,8,6,5,9,8,9,6,8,9,8,12,8,6,9,8,8,4,8,9,8,5,10,5,6,7,12,10,9,9,10,9,15,8,6,5,5,4,9,6,9,7,13,6,11,6,5,11,6,8,6,6,7,8,7,7,6,5,8,5,13,6,8,8,9,8,8,7,8,10,9,7,8,8,9,10,7,9,10,12,6,5,9,7,5,8,8,6,8,9,8,9,5,8,8,6,9,7,9,7,5,7,12,10,7,8,7,12,14,8,7,7,6,8,7,5,10,7,7,8,10,8,6,9,13,10,6,7,6,6,10,12,11,6,3,9,9,5,9,12,7,8,6,7,9,7,6,9,10,7,9,8,10,13,15,11,7,9,11,8,7,12,5,6,8,6,4,9,8,6,5,13,7,6,11,6,6,8,7,8,6,6,8,7,10,4,5,8,9,10,6,13,7,5,9,9,9,8,8,7,9,5,11,8,10,6,9,9,7,8,5,9,7,8,7,9,8,13,10,8,6,7,6,9,8,7,6,6,4,5,6,8,4,7,5,7,6,5,7,10,6,6,4,8,11,6,15,7,8,10,6,6,7,6,10,7,10,10,7,8,11,9,7,7,11,10,11,6,9,5,10,9,8,7,10,10,5,11,9,9,10,7,4,8,7,6,8,7,8,9,6,7,6,8,13,8,8,4,8,7,7,7,4,12,10,6,10,6,9,11,7,9,6,9,10,8,7,7,9,6,6,5,5,8,5,6,9,4,9,11,12,12,9,7,7,10,13,10,8,5,6,7,6,10,9,6,10,6,11,6,9,7,16,10,6,6,7,8,10,8,10,4,5,8,11,8,6,7,11,7,9,6,10,9,7,7,8,10,6,7,7,9,5,4,9,5,8,8,5,8,8,9,7,6,10,6,14,5,8,5,9,9,6,4,11,8,7,10,7,6,4,11,14,6,9,5,6,9,8,5,9,9,12,8,6,14,6,4,8,5,8,8,8,9,5,9,5,7,7,7,4,10,10,9,12,7,6,5,7,6,6,10,8,5,8,8,9,9,7,7,8,3,5,9,7,7,6,7,6,6,4,8,9,7,4,7,6,7,13,10,7,6,9,6,8,7,7,7,6,6,6
align-dinov2+1b-things+hyp-abl30-shuffled-218,10,7,9,9,7,8,4,4,8,5,7,7,9,7,9,7,8,11,6,8,4,5,6,11,9,9,7,7,4,11,9,11,8,7,9,6,6,7,8,5,6,11,7,8,6,10,9,5,9,11,6,6,3,8,6,9,4,10,6,23,7,6,8,6,12,7,7,9,11,8,6,8,7,6,11,7,10,8,11,4,8,6,11,4,4,5,10,9,9,5,5,8,8,8,5,7,11,7,6,9,11,8,6,13,6,7,6,7,10,4,6,8,8,8,8,9,6,7,7,8,9,6,13,6,11,4,9,8,12,11,5,5,7,5,8,8,7,7,9,11,9,9,9,6,5,6,6,5,5,9,13,7,6,12,7,11,6,8,7,11,8,9,7,10,12,6,8,6,10,9,12,6,8,6,3,6,6,12,9,7,7,6,8,6,10,9,11,8,8,9,4,7,7,7,8,7,4,7,5,6,7,9,5,10,11,5,7,10,6,8,6,7,9,8,10,14,9,5,7,7,5,6,7,7,7,9,4,8,9,8,7,8,5,6,9,6,8,7,5,7,6,7,12,11,11,5,8,10,7,8,7,4,7,5,8,7,7,8,6,8,9,9,8,7,9,7,8,6,12,9,7,7,5,7,12,6,6,5,8,7,10,9,8,12,7,9,7,11,7,4,6,7,7,6,7,7,4,11,9,9,7,7,7,8,7,5,7,7,6,10,5,9,8,6,12,11,4,6,9,5,7,8,8,10,8,8,12,5,10,8,7,8,10,11,7,5,9,5,8,9,7,10,9,8,7,5,7,5,8,6,8,10,9,8,10,8,4,5,11,8,10,7,7,10,5,10,8,9,5,5,11,8,5,8,10,7,7,7,8,9,6,7,14,8,12,3,12,6,6,7,13,5,16,10,7,10,7,8,6,5,8,9,8,10,5,4,9,4,9,5,8,6,4,8,8,12,6,7,6,4,7,5,11,8,10,10,5,9,10,12,6,7,7,6,5,10,10,8,9,7,7,6,4,12,6,9,7,8,8,11,4,5,7,7,5,7,4,8,9,11,8,4,8,10,5,9,7,9,5,7,10,8,6,11,10,11,5,6,8,8,5,8,10,11,5,9,10,10,8,8,5,9,8,3,8,8,4,8,7,10,7,8,10,6,12,9,4,7,6,7,7,11,5,3,13,7,6,7,6,7,10,9,5,8,6,4,6,11,7,9,9,8,9,13,9,10,6,5,10,5,8,6,8,13,7,5,6,5,3,9,8,10,11,15,9,7,13,7,8,8,4,12,7,8,8,8,4,10,8,5,10,6,7,7,9,5,9,6,11,10,10,6,8,11,8,7,14,6,10,8,12,5,5,7,5,8,8,11,10,5,10,7,9,7,6,6,12,6,5,7,11,10,5,3,9,7,9,14,14,3,8,7,11,5,12,7,5,5,10,9,6,12,5,5,10,6,7,6,5,6,14,11,6,7,7,10,6,8,4,6,9,7,8,5,5,7,9,12,8,9,8,9,10,7,7,6,8,9,8,7,10,6,6,5,10,10,5,5,8,9,8,9,7,7,10,8,8,7,7,6,9,9,7,14,7,6,9,11,9,10,5,8,9,9,8,7,8,6,10,7,11,4,4,8,7,13,7,4,8,10,7,6,9,7,7,6,8,8,8,5,8,9,7,5,10,6,10,8,5,8,8,6,6,7,7,8,8,6,9,5,5,5,6,7,6,10,10,11,11,8,8,6,10,10,11,9,9,5,11,7,10,5,9,5,5,7,7,3,4,10,6,7,8,9,10,8,11,11,10,7,10,10,6,8,6,8,7,8,5,7,10,7,5,6,10,8,11,6,9,9,13,8,6,6,5,6,8,10,6,6,6,6,6,8,11,9,11,6,5,9,7,8,10,9,10,5,8,6,7,5,8,4,7,7,7,7,9,10,9,7,9,10,6,8,9,7,9,8,9,8,7,6,6,6,5,12,5,7,7,9,6,5,8,9,13,9,7,9,5,6,9,6,5,12,6,12,6,8,8,6,9,6,8,5,10,6,10,10,9,4,7,10,7,8,8,6,10,8,5,9,5,7,5,8,6,4,13,7,5,5,14,6,8,11,6,4,10,8,9,10,7,11,7,5,4,4,10,8,6,9,8,5,11,9,11,8,9,8,11,8,10,4,4,7,9,5,6,7,10,6,5,8,6,9,5,7,6,8,7,7,7,9,5,5,6,8,6,7,9,5,11,8,10,7,9,10,6,6,8,4,9,6,7,7,8,6,8,6,9,8,10,10,10,6,4,8,5,7,8,6,7,7,10,7,9,7,8,7,4,10,9,10,7,10,8,7,8,9,5,7,6,7,8,8,7,11,6,9,10,8,8,7,7,5,6,9,7,9,9,8,10,8,7,8,8,8,8,8,8,4,11,6,7,7,7,6,8,8,7,4,6,10,10,4,6,5,5,10,9,9,5,9,6,10,4,11,5,8,7,10,7,14,11,8,11,8,6,12,13,8,12,9,6,4,9,6,13,7,11,8,9,9,7,6,10,9,15,10,7,6,9,9,9,11,11,7,6,11,5,11,5,5,6,8,6,7,10,12,8,6,5,10,6,10,6,6,7,7,8,6,9,8,7,8,10,4,8,5,4,5,7,13,6,9,11,9,9,9,11,6,10,7,8,7,5,8,6,6,10,7,6,5,6,8,8,8,12,8
align-dinov2+1b-things+hyp-abl30-shuffled-42,10,7,9,9,7,8,4,4,8,5,7,7,9,7,9,7,8,11,6,8,4,5,6,11,9,9,7,7,4,11,9,11,8,7,9,6,6,7,8,5,6,11,7,8,6,10,9,5,9,11,6,6,3,8,6,9,4,10,6,23,7,6,8,6,12,7,7,9,11,8,6,8,7,6,11,7,10,8,11,4,8,6,11,4,4,5,10,9,9,5,5,8,8,8,5,7,11,7,6,9,11,8,6,13,6,7,6,7,10,4,6,8,8,8,8,9,6,7,7,8,9,6,13,6,11,4,9,8,12,11,5,5,7,5,8,8,7,7,9,11,9,9,9,6,5,6,6,5,5,9,13,7,6,12,7,11,6,8,7,11,8,9,7,10,12,6,8,6,10,9,12,6,8,6,3,6,6,12,9,7,7,6,8,6,10,9,11,8,8,9,4,7,7,7,8,7,4,7,5,6,7,9,5,10,11,5,7,10,6,8,6,7,9,8,10,14,9,5,7,7,5,6,7,7,7,9,4,8,9,8,7,8,5,6,9,6,8,7,5,7,6,7,12,11,11,5,8,10,7,8,7,4,7,5,8,7,7,8,6,8,9,9,8,7,9,7,8,6,12,9,7,7,5,7,12,6,6,5,8,7,10,9,8,12,7,9,7,11,7,4,6,7,7,6,7,7,4,11,9,9,7,7,7,8,7,5,7,7,6,10,5,9,8,6,12,11,4,6,9,5,7,8,8,10,8,8,12,5,10,8,7,8,10,11,7,5,9,5,8,9,7,10,9,8,7,5,7,5,8,6,8,10,9,8,10,8,4,5,11,8,10,7,7,10,5,10,8,9,5,5,11,8,5,8,10,7,7,7,8,9,6,7,14,8,12,3,12,6,6,7,13,5,16,10,7,10,7,8,6,5,8,9,8,10,5,4,9,4,9,5,8,6,4,8,8,12,6,7,6,4,7,5,11,8,10,10,5,9,10,12,6,7,7,6,5,10,10,8,9,7,7,6,4,12,6,9,7,8,8,11,4,5,7,7,5,7,4,8,9,11,8,4,8,10,5,9,7,9,5,7,10,8,6,11,10,11,5,6,8,8,5,8,10,11,5,9,10,10,8,8,5,9,8,3,8,8,4,8,7,10,7,8,10,6,12,9,4,7,6,7,7,11,5,3,13,7,6,7,6,7,10,9,5,8,6,4,6,11,7,9,9,8,9,13,9,10,6,5,10,5,8,6,8,13,7,5,6,5,3,9,8,10,11,15,9,7,13,7,8,8,4,12,7,8,8,8,4,10,8,5,10,6,7,7,9,5,9,6,11,10,10,6,8,11,8,7,14,6,10,8,12,5,5,7,5,8,8,11,10,5,10,7,9,7,6,6,12,6,5,7,11,10,5,3,9,7,9,14,14,3,8,7,11,5,12,7,5,5,10,9,6,12,5,5,10,6,7,6,5,6,14,11,6,7,7,10,6,8,4,6,9,7,8,5,5,7,9,12,8,9,8,9,10,7,7,6,8,9,8,7,10,6,6,5,10,10,5,5,8,9,8,9,7,7,10,8,8,7,7,6,9,9,7,14,7,6,9,11,9,10,5,8,9,9,8,7,8,6,10,7,11,4,4,8,7,13,7,4,8,10,7,6,9,7,7,6,8,8,8,5,8,9,7,5,10,6,10,8,5,8,8,6,6,7,7,8,8,6,9,5,5,5,6,7,6,10,10,11,11,8,8,6,10,10,11,9,9,5,11,7,10,5,9,5,5,7,7,3,4,10,6,7,8,9,10,8,11,11,10,7,10,10,6,8,6,8,7,8,5,7,10,7,5,6,10,8,11,6,9,9,13,8,6,6,5,6,8,10,6,6,6,6,6,8,11,9,11,6,5,9,7,8,10,9,10,5,8,6,7,5,8,4,7,7,7,7,9,10,9,7,9,10,6,8,9,7,9,8,9,8,7,6,6,6,5,12,5,7,7,9,6,5,8,9,13,9,7,9,5,6,9,6,5,12,6,12,6,8,8,6,9,6,8,5,10,6,10,10,9,4,7,10,7,8,8,6,10,8,5,9,5,7,5,8,6,4,13,7,5,5,14,6,8,11,6,4,10,8,9,10,7,11,7,5,4,4,10,8,6,9,8,5,11,9,11,8,9,8,11,8,10,4,4,7,9,5,6,7,10,6,5,8,6,9,5,7,6,8,7,7,7,9,5,5,6,8,6,7,9,5,11,8,10,7,9,10,6,6,8,4,9,6,7,7,8,6,8,6,9,8,10,10,10,6,4,8,5,7,8,6,7,7,10,7,9,7,8,7,4,10,9,10,7,10,8,7,8,9,5,7,6,7,8,8,7,11,6,9,10,8,8,7,7,5,6,9,7,9,9,8,10,8,7,8,8,8,8,8,8,4,11,6,7,7,7,6,8,8,7,4,6,10,10,4,6,5,5,10,9,9,5,9,6,10,4,11,5,8,7,10,7,14,11,8,11,8,6,12,13,8,12,9,6,4,9,6,13,7,11,8,9,9,7,6,10,9,15,10,7,6,9,9,9,11,11,7,6,11,5,11,5,5,6,8,6,7,10,12,8,6,5,10,6,10,6,6,7,7,8,6,9,8,7,8,10,4,8,5,4,5,7,13,6,9,11,9,9,9,11,6,10,7,8,7,5,8,6,6,10,7,6,5,6,8,8,8,12,8
align-dinov2+1b-things+hyp-abl30-shuffled-7,10,7,9,9,7,8,4,4,8,5,7,7,9,7,9,7,8,11,6,8,4,5,6,11,9,9,7,7,4,11,9,11,8,7,9,6,6,7,8,5,6,11,7,8,6,10,9,5,9,11,6,6,3,8,6,9,4,10,6,23,7,6,8,6,12,7,7,9,11,8,6,8,7,6,11,7,10,8,11,4,8,6,11,4,4,5,10,9,9,5,5,8,8,8,5,7,11,7,6,9,11,8,6,13,6,7,6,7,10,4,6,8,8,8,8,9,6,7,7,8,9,6,13,6,11,4,9,8,12,11,5,5,7,5,8,8,7,7,9,11,9,9,9,6,5,6,6,5,5,9,13,7,6,12,7,11,6,8,7,11,8,9,7,10,12,6,8,6,10,9,12,6,8,6,3,6,6,12,9,7,7,6,8,6,10,9,11,8,8,9,4,7,7,7,8,7,4,7,5,6,7,9,5,10,11,5,7,10,6,8,6,7,9,8,10,14,9,5,7,7,5,6,7,7,7,9,4,8,9,8,7,8,5,6,9,6,8,7,5,7,6,7,12,11,11,5,8,10,7,8,7,4,7,5,8,7,7,8,6,8,9,9,8,7,9,7,8,6,12,9,7,7,5,7,12,6,6,5,8,7,10,9,8,12,7,9,7,11,7,4,6,7,7,6,7,7,4,11,9,9,7,7,7,8,7,5,7,7,6,10,5,9,8,6,12,11,4,6,9,5,7,8,8,10,8,8,12,5,10,8,7,8,10,11,7,5,9,5,8,9,7,10,9,8,7,5,7,5,8,6,8,10,9,8,10,8,4,5,11,8,10,7,7,10,5,10,8,9,5,5,11,8,5,8,10,7,7,7,8,9,6,7,14,8,12,3,12,6,6,7,13,5,16,10,7,10,7,8,6,5,8,9,8,10,5,4,9,4,9,5,8,6,4,8,8,12,6,7,6,4,7,5,11,8,10,10,5,9,10,12,6,7,7,6,5,10,10,8,9,7,7,6,4,12,6,9,7,8,8,11,4,5,7,7,5,7,4,8,9,11,8,4,8,10,5,9,7,9,5,7,10,8,6,11,10,11,5,6,8,8,5,8,10,11,5,9,10,10,8,8,5,9,8,3,8,8,4,8,7,10,7,8,10,6,12,9,4,7,6,7,7,11,5,3,13,7,6,7,6,7,10,9,5,8,6,4,6,11,7,9,9,8,9,13,9,10,6,5,10,5,8,6,8,13,7,5,6,5,3,9,8,10,11,15,9,7,13,7,8,8,4,12,7,8,8,8,4,10,8,5,10,6,7,7,9,5,9,6,11,10,10,6,8,11,8,7,14,6,10,8,12,5,5,7,5,8,8,11,10,5,10,7,9,7,6,6,12,6,5,7,11,10,5,3,9,7,9,14,14,3,8,7,11,5,12,7,5,5,10,9,6,12,5,5,10,6,7,6,5,6,14,11,6,7,7,10,6,8,4,6,9,7,8,5,5,7,9,12,8,9,8,9,10,7,7,6,8,9,8,7,10,6,6,5,10,10,5,5,8,9,8,9,7,7,10,8,8,7,7,6,9,9,7,14,7,6,9,11,9,10,5,8,9,9,8,7,8,6,10,7,11,4,4,8,7,13,7,4,8,10,7,6,9,7,7,6,8,8,8,5,8,9,7,5,10,6,10,8,5,8,8,6,6,7,7,8,8,6,9,5,5,5,6,7,6,10,10,11,11,8,8,6,10,10,11,9,9,5,11,7,10,5,9,5,5,7,7,3,4,10,6,7,8,9,10,8,11,11,10,7,10,10,6,8,6,8,7,8,5,7,10,7,5,6,10,8,11,6,9,9,13,8,6,6,5,6,8,10,6,6,6,6,6,8,11,9,11,6,5,9,7,8,10,9,10,5,8,6,7,5,8,4,7,7,7,7,9,10,9,7,9,10,6,8,9,7,9,8,9,8,7,6,6,6,5,12,5,7,7,9,6,5,8,9,13,9,7,9,5,6,9,6,5,12,6,12,6,8,8,6,9,6,8,5,10,6,10,10,9,4,7,10,7,8,8,6,10,8,5,9,5,7,5,8,6,4,13,7,5,5,14,6,8,11,6,4,10,8,9,10,7,11,7,5,4,4,10,8,6,9,8,5,11,9,11,8,9,8,11,8,10,4,4,7,9,5,6,7,10,6,5,8,6,9,5,7,6,8,7,7,7,9,5,5,6,8,6,7,9,5,11,8,10,7,9,10,6,6,8,4,9,6,7,7,8,6,8,6,9,8,10,10,10,6,4,8,5,7,8,6,7,7,10,7,9,7,8,7,4,10,9,10,7,10,8,7,8,9,5,7,6,7,8,8,7,11,6,9,10,8,8,7,7,5,6,9,7,9,9,8,10,8,7,8,8,8,8,8,8,4,11,6,7,7,7,6,8,8,7,4,6,10,10,4,6,5,5,10,9,9,5,9,6,10,4,11,5,8,7,10,7,14,11,8,11,8,6,12,13,8,12,9,6,4,9,6,13,7,11,8,9,9,7,6,10,9,15,10,7,6,9,9,9,11,11,7,6,11,5,11,5,5,6,8,6,7,10,12,8,6,5,10,6,10,6,6,7,7,8,6,9,8,7,8,10,4,8,5,4,5,7,13,6,9,11,9,9,9,11,6,10,7,8,7,5,8,6,6,10,7,6,5,6,8,8,8,12,8
align-dinov2+1b-things+hyp-abl30cat-218,9,8,6,9,7,5,9,10,3,6,8,6,4,8,8,5,6,5,9,6,6,8,7,8,4,12,6,7,5,7,11,8,10,10,4,13,8,9,8,12,8,6,4,6,7,8,7,10,8,8,7,8,10,9,8,6,8,11,9,25,7,9,8,7,8,10,8,9,10,9,9,12,8,10,6,11,11,8,7,7,5,14,7,8,8,9,8,5,6,14,12,7,8,5,6,7,7,7,7,4,9,6,10,7,8,7,11,9,10,6,13,10,3,6,4,10,5,7,8,8,6,9,6,10,16,11,6,7,8,5,8,6,6,8,7,12,11,5,10,9,5,8,8,10,4,7,5,4,6,5,16,10,6,8,3,7,10,4,6,8,8,7,8,7,6,10,10,8,8,9,8,5,7,10,7,8,4,12,9,7,10,10,7,10,6,7,7,7,7,10,5,9,8,7,6,9,11,8,9,8,8,6,5,7,9,7,9,7,6,7,5,7,6,8,7,7,4,5,9,7,9,5,10,8,8,13,9,10,6,6,11,4,9,7,8,6,7,7,7,5,8,7,5,10,9,8,6,5,10,5,12,11,6,7,5,7,5,8,11,8,9,7,8,6,6,6,10,6,12,5,11,7,15,11,8,9,11,10,14,10,7,8,6,8,8,6,7,7,10,11,7,9,4,7,5,5,4,7,5,9,8,8,12,10,7,8,10,7,10,13,8,11,9,5,8,7,7,7,9,7,6,8,9,8,8,7,9,6,6,9,6,6,8,7,10,11,8,14,11,9,12,7,13,10,7,8,6,7,7,11,8,4,7,6,6,7,9,8,9,8,9,9,8,8,8,9,6,8,8,10,5,8,6,7,6,8,7,8,7,7,5,4,7,7,7,6,10,7,5,5,17,5,8,10,8,4,7,6,7,11,6,7,8,6,3,8,6,9,9,12,4,9,5,8,6,6,4,5,7,10,6,9,6,6,13,5,5,11,6,7,8,5,8,5,10,4,4,6,16,5,8,5,6,11,13,6,5,5,10,10,6,10,9,8,11,9,7,7,9,7,10,5,3,9,5,7,11,5,8,6,8,10,5,10,5,8,6,8,5,8,11,3,3,7,5,11,10,10,7,8,7,10,6,10,8,4,11,10,5,7,6,7,9,9,4,6,5,9,6,6,10,11,7,10,10,8,9,8,10,6,6,4,6,8,12,5,10,11,9,7,6,5,6,8,10,10,3,13,7,11,5,6,9,5,7,7,9,7,7,11,8,7,9,14,11,8,10,9,6,10,6,6,6,8,6,11,8,8,11,5,8,10,6,10,7,9,5,9,9,7,8,6,14,11,6,4,7,11,7,6,10,7,5,7,9,15,6,6,10,8,11,7,8,7,6,10,8,10,9,10,8,6,13,9,11,7,8,8,3,6,7,7,6,6,9,6,9,7,8,7,6,11,10,4,6,9,6,10,11,4,7,8,12,8,5,8,7,8,6,7,9,6,7,7,6,4,8,8,10,6,6,7,9,6,11,7,11,7,10,9,5,7,8,9,9,7,5,15,4,7,7,5,6,5,6,6,7,8,8,6,9,10,9,8,12,8,9,5,12,13,7,6,11,5,12,7,8,5,9,6,8,5,6,5,9,7,9,12,8,4,10,11,6,4,4,9,6,6,8,8,4,5,8,8,13,9,7,6,5,6,11,11,6,11,9,6,6,7,6,5,7,10,9,7,10,8,4,8,11,6,6,6,7,10,5,7,8,6,8,4,10,10,9,6,8,5,5,4,9,15,8,6,7,7,9,10,5,7,10,10,4,5,7,9,7,6,9,8,6,11,6,6,6,6,11,13,8,12,8,8,6,6,7,7,11,10,6,7,7,5,6,9,7,8,5,9,9,6,7,9,9,3,5,11,9,8,6,8,5,7,8,9,8,6,5,7,10,7,13,5,7,11,8,9,7,7,5,11,10,6,8,7,10,11,7,6,7,8,10,7,7,9,3,7,10,11,12,7,8,12,6,8,5,6,7,9,6,6,6,9,6,5,7,3,9,11,8,10,7,8,5,8,4,4,10,12,4,6,7,9,8,10,4,8,10,5,7,7,6,6,7,4,5,9,7,8,10,7,6,11,4,9,10,6,6,9,10,5,9,4,8,8,8,6,8,8,7,14,5,12,8,5,9,8,4,8,11,8,9,7,8,8,9,4,7,8,4,5,7,7,8,4,8,8,9,9,10,5,6,8,9,3,7,7,5,4,10,6,11,7,5,7,5,7,7,9,6,6,7,8,7,6,8,8,9,6,8,7,4,6,9,6,8,8,9,8,5,6,6,7,12,5,7,6,9,7,5,7,5,9,8,5,7,8,7,4,6,11,6,11,7,8,9,8,12,8,10,5,10,12,9,6,9,6,8,10,8,13,5,5,11,8,4,9,11,8,9,12,9,10,7,3,10,7,6,8,8,9,10,11,7,10,5,7,8,8,9,8,9,9,5,7,8,9,8,8,10,7,5,9,7,8,5,12,12,8,7,6,5,8,6,9,6,8,4,9,5,8,12,12,9,6,7,6,5,7,9,5,7,8,4,7,4,12,6,12,6,7,8,7,7,7,5,7,7,9,8,13,6,7,12,7,13,8,8,6,6,5,6,9,9,10,10,10,7,10,9,12,6,7,10,7,6,8,13,8,7,7,5,8,11,8,8,6,9,11,10,10
align-dinov2+1b-things+hyp-abl30cat-218-random,9,8,6,9,7,5,9,10,3,6,8,6,4,8,8,5,6,5,9,6,6,8,7,8,4,12,6,7,5,7,11,8,10,10,4,13,8,9,8,12,8,6,4,6,7,8,7,10,8,8,7,8,10,9,8,6,8,11,9,25,7,9,8,7,8,10,8,9,10,9,9,12,8,10,6,11,11,8,7,7,5,14,7,8,8,9,8,5,6,14,12,7,8,5,6,7,7,7,7,4,9,6,10,7,8,7,11,9,10,6,13,10,3,6,4,10,5,7,8,8,6,9,6,10,16,11,6,7,8,5,8,6,6,8,7,12,11,5,10,9,5,8,8,10,4,7,5,4,6,5,16,10,6,8,3,7,10,4,6,8,8,7,8,7,6,10,10,8,8,9,8,5,7,10,7,8,4,12,9,7,10,10,7,10,6,7,7,7,7,10,5,9,8,7,6,9,11,8,9,8,8,6,5,7,9,7,9,7,6,7,5,7,6,8,7,7,4,5,9,7,9,5,10,8,8,13,9,10,6,6,11,4,9,7,8,6,7,7,7,5,8,7,5,10,9,8,6,5,10,5,12,11,6,7,5,7,5,8,11,8,9,7,8,6,6,6,10,6,12,5,11,7,15,11,8,9,11,10,14,10,7,8,6,8,8,6,7,7,10,11,7,9,4,7,5,5,4,7,5,9,8,8,12,10,7,8,10,7,10,13,8,11,9,5,8,7,7,7,9,7,6,8,9,8,8,7,9,6,6,9,6,6,8,7,10,11,8,14,11,9,12,7,13,10,7,8,6,7,7,11,8,4,7,6,6,7,9,8,9,8,9,9,8,8,8,9,6,8,8,10,5,8,6,7,6,8,7,8,7,7,5,4,7,7,7,6,10,7,5,5,17,5,8,10,8,4,7,6,7,11,6,7,8,6,3,8,6,9,9,12,4,9,5,8,6,6,4,5,7,10,6,9,6,6,13,5,5,11,6,7,8,5,8,5,10,4,4,6,16,5,8,5,6,11,13,6,5,5,10,10,6,10,9,8,11,9,7,7,9,7,10,5,3,9,5,7,11,5,8,6,8,10,5,10,5,8,6,8,5,8,11,3,3,7,5,11,10,10,7,8,7,10,6,10,8,4,11,10,5,7,6,7,9,9,4,6,5,9,6,6,10,11,7,10,10,8,9,8,10,6,6,4,6,8,12,5,10,11,9,7,6,5,6,8,10,10,3,13,7,11,5,6,9,5,7,7,9,7,7,11,8,7,9,14,11,8,10,9,6,10,6,6,6,8,6,11,8,8,11,5,8,10,6,10,7,9,5,9,9,7,8,6,14,11,6,4,7,11,7,6,10,7,5,7,9,15,6,6,10,8,11,7,8,7,6,10,8,10,9,10,8,6,13,9,11,7,8,8,3,6,7,7,6,6,9,6,9,7,8,7,6,11,10,4,6,9,6,10,11,4,7,8,12,8,5,8,7,8,6,7,9,6,7,7,6,4,8,8,10,6,6,7,9,6,11,7,11,7,10,9,5,7,8,9,9,7,5,15,4,7,7,5,6,5,6,6,7,8,8,6,9,10,9,8,12,8,9,5,12,13,7,6,11,5,12,7,8,5,9,6,8,5,6,5,9,7,9,12,8,4,10,11,6,4,4,9,6,6,8,8,4,5,8,8,13,9,7,6,5,6,11,11,6,11,9,6,6,7,6,5,7,10,9,7,10,8,4,8,11,6,6,6,7,10,5,7,8,6,8,4,10,10,9,6,8,5,5,4,9,15,8,6,7,7,9,10,5,7,10,10,4,5,7,9,7,6,9,8,6,11,6,6,6,6,11,13,8,12,8,8,6,6,7,7,11,10,6,7,7,5,6,9,7,8,5,9,9,6,7,9,9,3,5,11,9,8,6,8,5,7,8,9,8,6,5,7,10,7,13,5,7,11,8,9,7,7,5,11,10,6,8,7,10,11,7,6,7,8,10,7,7,9,3,7,10,11,12,7,8,12,6,8,5,6,7,9,6,6,6,9,6,5,7,3,9,11,8,10,7,8,5,8,4,4,10,12,4,6,7,9,8,10,4,8,10,5,7,7,6,6,7,4,5,9,7,8,10,7,6,11,4,9,10,6,6,9,10,5,9,4,8,8,8,6,8,8,7,14,5,12,8,5,9,8,4,8,11,8,9,7,8,8,9,4,7,8,4,5,7,7,8,4,8,8,9,9,10,5,6,8,9,3,7,7,5,4,10,6,11,7,5,7,5,7,7,9,6,6,7,8,7,6,8,8,9,6,8,7,4,6,9,6,8,8,9,8,5,6,6,7,12,5,7,6,9,7,5,7,5,9,8,5,7,8,7,4,6,11,6,11,7,8,9,8,12,8,10,5,10,12,9,6,9,6,8,10,8,13,5,5,11,8,4,9,11,8,9,12,9,10,7,3,10,7,6,8,8,9,10,11,7,10,5,7,8,8,9,8,9,9,5,7,8,9,8,8,10,7,5,9,7,8,5,12,12,8,7,6,5,8,6,9,6,8,4,9,5,8,12,12,9,6,7,6,5,7,9,5,7,8,4,7,4,12,6,12,6,7,8,7,7,7,5,7,7,9,8,13,6,7,12,7,13,8,8,6,6,5,6,9,9,10,10,10,7,10,9,12,6,7,10,7,6,8,13,8,7,7,5,8,11,8,8,6,9,11,10,10
align-dinov2+1b-things+hyp-abl30cat-42,9,8,6,9,7,5,9,10,3,6,8,6,4,8,8,5,6,5,9,6,6,8,7,8,4,12,6,7,5,7,11,8,10,10,4,13,8,9,8,12,8,6,4,6,7,8,7,10,8,8,7,8,10,9,8,6,8,11,9,25,7,9,8,7,8,10,8,9,10,9,9,12,8,10,6,11,11,8,7,7,5,14,7,8,8,9,8,5,6,14,12,7,8,5,6,7,7,7,7,4,9,6,10,7,8,7,11,9,10,6,13,10,3,6,4,10,5,7,8,8,6,9,6,10,16,11,6,7,8,5,8,6,6,8,7,12,11,5,10,9,5,8,8,10,4,7,5,4,6,5,16,10,6,8,3,7,10,4,6,8,8,7,8,7,6,10,10,8,8,9,8,5,7,10,7,8,4,12,9,7,10,10,7,10,6,7,7,7,7,10,5,9,8,7,6,9,11,8,9,8,8,6,5,7,9,7,9,7,6,7,5,7,6,8,7,7,4,5,9,7,9,5,10,8,8,13,9,10,6,6,11,4,9,7,8,6,7,7,7,5,8,7,5,10,9,8,6,5,10,5,12,11,6,7,5,7,5,8,11,8,9,7,8,6,6,6,10,6,12,5,11,7,15,11,8,9,11,10,14,10,7,8,6,8,8,6,7,7,10,11,7,9,4,7,5,5,4,7,5,9,8,8,12,10,7,8,10,7,10,13,8,11,9,5,8,7,7,7,9,7,6,8,9,8,8,7,9,6,6,9,6,6,8,7,10,11,8,14,11,9,12,7,13,10,7,8,6,7,7,11,8,4,7,6,6,7,9,8,9,8,9,9,8,8,8,9,6,8,8,10,5,8,6,7,6,8,7,8,7,7,5,4,7,7,7,6,10,7,5,5,17,5,8,10,8,4,7,6,7,11,6,7,8,6,3,8,6,9,9,12,4,9,5,8,6,6,4,5,7,10,6,9,6,6,13,5,5,11,6,7,8,5,8,5,10,4,4,6,16,5,8,5,6,11,13,6,5,5,10,10,6,10,9,8,11,9,7,7,9,7,10,5,3,9,5,7,11,5,8,6,8,10,5,10,5,8,6,8,5,8,11,3,3,7,5,11,10,10,7,8,7,10,6,10,8,4,11,10,5,7,6,7,9,9,4,6,5,9,6,6,10,11,7,10,10,8,9,8,10,6,6,4,6,8,12,5,10,11,9,7,6,5,6,8,10,10,3,13,7,11,5,6,9,5,7,7,9,7,7,11,8,7,9,14,11,8,10,9,6,10,6,6,6,8,6,11,8,8,11,5,8,10,6,10,7,9,5,9,9,7,8,6,14,11,6,4,7,11,7,6,10,7,5,7,9,15,6,6,10,8,11,7,8,7,6,10,8,10,9,10,8,6,13,9,11,7,8,8,3,6,7,7,6,6,9,6,9,7,8,7,6,11,10,4,6,9,6,10,11,4,7,8,12,8,5,8,7,8,6,7,9,6,7,7,6,4,8,8,10,6,6,7,9,6,11,7,11,7,10,9,5,7,8,9,9,7,5,15,4,7,7,5,6,5,6,6,7,8,8,6,9,10,9,8,12,8,9,5,12,13,7,6,11,5,12,7,8,5,9,6,8,5,6,5,9,7,9,12,8,4,10,11,6,4,4,9,6,6,8,8,4,5,8,8,13,9,7,6,5,6,11,11,6,11,9,6,6,7,6,5,7,10,9,7,10,8,4,8,11,6,6,6,7,10,5,7,8,6,8,4,10,10,9,6,8,5,5,4,9,15,8,6,7,7,9,10,5,7,10,10,4,5,7,9,7,6,9,8,6,11,6,6,6,6,11,13,8,12,8,8,6,6,7,7,11,10,6,7,7,5,6,9,7,8,5,9,9,6,7,9,9,3,5,11,9,8,6,8,5,7,8,9,8,6,5,7,10,7,13,5,7,11,8,9,7,7,5,11,10,6,8,7,10,11,7,6,7,8,10,7,7,9,3,7,10,11,12,7,8,12,6,8,5,6,7,9,6,6,6,9,6,5,7,3,9,11,8,10,7,8,5,8,4,4,10,12,4,6,7,9,8,10,4,8,10,5,7,7,6,6,7,4,5,9,7,8,10,7,6,11,4,9,10,6,6,9,10,5,9,4,8,8,8,6,8,8,7,14,5,12,8,5,9,8,4,8,11,8,9,7,8,8,9,4,7,8,4,5,7,7,8,4,8,8,9,9,10,5,6,8,9,3,7,7,5,4,10,6,11,7,5,7,5,7,7,9,6,6,7,8,7,6,8,8,9,6,8,7,4,6,9,6,8,8,9,8,5,6,6,7,12,5,7,6,9,7,5,7,5,9,8,5,7,8,7,4,6,11,6,11,7,8,9,8,12,8,10,5,10,12,9,6,9,6,8,10,8,13,5,5,11,8,4,9,11,8,9,12,9,10,7,3,10,7,6,8,8,9,10,11,7,10,5,7,8,8,9,8,9,9,5,7,8,9,8,8,10,7,5,9,7,8,5,12,12,8,7,6,5,8,6,9,6,8,4,9,5,8,12,12,9,6,7,6,5,7,9,5,7,8,4,7,4,12,6,12,6,7,8,7,7,7,5,7,7,9,8,13,6,7,12,7,13,8,8,6,6,5,6,9,9,10,10,10,7,10,9,12,6,7,10,7,6,8,13,8,7,7,5,8,11,8,8,6,9,11,10,10
align-dinov2+1b-things+hyp-abl30cat-42-random,9,8,6,9,7,5,9,10,3,6,8,6,4,8,8,5,6,5,9,6,6,8,7,8,4,12,6,7,5,7,11,8,10,10,4,13,8,9,8,12,8,6,4,6,7,8,7,10,8,8,7,8,10,9,8,6,8,11,9,25,7,9,8,7,8,10,8,9,10,9,9,12,8,10,6,11,11,8,7,7,5,14,7,8,8,9,8,5,6,14,12,7,8,5,6,7,7,7,7,4,9,6,10,7,8,7,11,9,10,6,13,10,3,6,4,10,5,7,8,8,6,9,6,10,16,11,6,7,8,5,8,6,6,8,7,12,11,5,10,9,5,8,8,10,4,7,5,4,6,5,16,10,6,8,3,7,10,4,6,8,8,7,8,7,6,10,10,8,8,9,8,5,7,10,7,8,4,12,9,7,10,10,7,10,6,7,7,7,7,10,5,9,8,7,6,9,11,8,9,8,8,6,5,7,9,7,9,7,6,7,5,7,6,8,7,7,4,5,9,7,9,5,10,8,8,13,9,10,6,6,11,4,9,7,8,6,7,7,7,5,8,7,5,10,9,8,6,5,10,5,12,11,6,7,5,7,5,8,11,8,9,7,8,6,6,6,10,6,12,5,11,7,15,11,8,9,11,10,14,10,7,8,6,8,8,6,7,7,10,11,7,9,4,7,5,5,4,7,5,9,8,8,12,10,7,8,10,7,10,13,8,11,9,5,8,7,7,7,9,7,6,8,9,8,8,7,9,6,6,9,6,6,8,7,10,11,8,14,11,9,12,7,13,10,7,8,6,7,7,11,8,4,7,6,6,7,9,8,9,8,9,9,8,8,8,9,6,8,8,10,5,8,6,7,6,8,7,8,7,7,5,4,7,7,7,6,10,7,5,5,17,5,8,10,8,4,7,6,7,11,6,7,8,6,3,8,6,9,9,12,4,9,5,8,6,6,4,5,7,10,6,9,6,6,13,5,5,11,6,7,8,5,8,5,10,4,4,6,16,5,8,5,6,11,13,6,5,5,10,10,6,10,9,8,11,9,7,7,9,7,10,5,3,9,5,7,11,5,8,6,8,10,5,10,5,8,6,8,5,8,11,3,3,7,5,11,10,10,7,8,7,10,6,10,8,4,11,10,5,7,6,7,9,9,4,6,5,9,6,6,10,11,7,10,10,8,9,8,10,6,6,4,6,8,12,5,10,11,9,7,6,5,6,8,10,10,3,13,7,11,5,6,9,5,7,7,9,7,7,11,8,7,9,14,11,8,10,9,6,10,6,6,6,8,6,11,8,8,11,5,8,10,6,10,7,9,5,9,9,7,8,6,14,11,6,4,7,11,7,6,10,7,5,7,9,15,6,6,10,8,11,7,8,7,6,10,8,10,9,10,8,6,13,9,11,7,8,8,3,6,7,7,6,6,9,6,9,7,8,7,6,11,10,4,6,9,6,10,11,4,7,8,12,8,5,8,7,8,6,7,9,6,7,7,6,4,8,8,10,6,6,7,9,6,11,7,11,7,10,9,5,7,8,9,9,7,5,15,4,7,7,5,6,5,6,6,7,8,8,6,9,10,9,8,12,8,9,5,12,13,7,6,11,5,12,7,8,5,9,6,8,5,6,5,9,7,9,12,8,4,10,11,6,4,4,9,6,6,8,8,4,5,8,8,13,9,7,6,5,6,11,11,6,11,9,6,6,7,6,5,7,10,9,7,10,8,4,8,11,6,6,6,7,10,5,7,8,6,8,4,10,10,9,6,8,5,5,4,9,15,8,6,7,7,9,10,5,7,10,10,4,5,7,9,7,6,9,8,6,11,6,6,6,6,11,13,8,12,8,8,6,6,7,7,11,10,6,7,7,5,6,9,7,8,5,9,9,6,7,9,9,3,5,11,9,8,6,8,5,7,8,9,8,6,5,7,10,7,13,5,7,11,8,9,7,7,5,11,10,6,8,7,10,11,7,6,7,8,10,7,7,9,3,7,10,11,12,7,8,12,6,8,5,6,7,9,6,6,6,9,6,5,7,3,9,11,8,10,7,8,5,8,4,4,10,12,4,6,7,9,8,10,4,8,10,5,7,7,6,6,7,4,5,9,7,8,10,7,6,11,4,9,10,6,6,9,10,5,9,4,8,8,8,6,8,8,7,14,5,12,8,5,9,8,4,8,11,8,9,7,8,8,9,4,7,8,4,5,7,7,8,4,8,8,9,9,10,5,6,8,9,3,7,7,5,4,10,6,11,7,5,7,5,7,7,9,6,6,7,8,7,6,8,8,9,6,8,7,4,6,9,6,8,8,9,8,5,6,6,7,12,5,7,6,9,7,5,7,5,9,8,5,7,8,7,4,6,11,6,11,7,8,9,8,12,8,10,5,10,12,9,6,9,6,8,10,8,13,5,5,11,8,4,9,11,8,9,12,9,10,7,3,10,7,6,8,8,9,10,11,7,10,5,7,8,8,9,8,9,9,5,7,8,9,8,8,10,7,5,9,7,8,5,12,12,8,7,6,5,8,6,9,6,8,4,9,5,8,12,12,9,6,7,6,5,7,9,5,7,8,4,7,4,12,6,12,6,7,8,7,7,7,5,7,7,9,8,13,6,7,12,7,13,8,8,6,6,5,6,9,9,10,10,10,7,10,9,12,6,7,10,7,6,8,13,8,7,7,5,8,11,8,8,6,9,11,10,10
align-dinov2+1b-things+hyp-abl30cat-7,9,8,6,9,7,5,9,10,3,6,8,6,4,8,8,5,6,5,9,6,6,8,7,8,4,12,6,7,5,7,11,8,10,10,4,13,8,9,8,12,8,6,4,6,7,8,7,10,8,8,7,8,10,9,8,6,8,11,9,25,7,9,8,7,8,10,8,9,10,9,9,12,8,10,6,11,11,8,7,7,5,14,7,8,8,9,8,5,6,14,12,7,8,5,6,7,7,7,7,4,9,6,10,7,8,7,11,9,10,6,13,10,3,6,4,10,5,7,8,8,6,9,6,10,16,11,6,7,8,5,8,6,6,8,7,12,11,5,10,9,5,8,8,10,4,7,5,4,6,5,16,10,6,8,3,7,10,4,6,8,8,7,8,7,6,10,10,8,8,9,8,5,7,10,7,8,4,12,9,7,10,10,7,10,6,7,7,7,7,10,5,9,8,7,6,9,11,8,9,8,8,6,5,7,9,7,9,7,6,7,5,7,6,8,7,7,4,5,9,7,9,5,10,8,8,13,9,10,6,6,11,4,9,7,8,6,7,7,7,5,8,7,5,10,9,8,6,5,10,5,12,11,6,7,5,7,5,8,11,8,9,7,8,6,6,6,10,6,12,5,11,7,15,11,8,9,11,10,14,10,7,8,6,8,8,6,7,7,10,11,7,9,4,7,5,5,4,7,5,9,8,8,12,10,7,8,10,7,10,13,8,11,9,5,8,7,7,7,9,7,6,8,9,8,8,7,9,6,6,9,6,6,8,7,10,11,8,14,11,9,12,7,13,10,7,8,6,7,7,11,8,4,7,6,6,7,9,8,9,8,9,9,8,8,8,9,6,8,8,10,5,8,6,7,6,8,7,8,7,7,5,4,7,7,7,6,10,7,5,5,17,5,8,10,8,4,7,6,7,11,6,7,8,6,3,8,6,9,9,12,4,9,5,8,6,6,4,5,7,10,6,9,6,6,13,5,5,11,6,7,8,5,8,5,10,4,4,6,16,5,8,5,6,11,13,6,5,5,10,10,6,10,9,8,11,9,7,7,9,7,10,5,3,9,5,7,11,5,8,6,8,10,5,10,5,8,6,8,5,8,11,3,3,7,5,11,10,10,7,8,7,10,6,10,8,4,11,10,5,7,6,7,9,9,4,6,5,9,6,6,10,11,7,10,10,8,9,8,10,6,6,4,6,8,12,5,10,11,9,7,6,5,6,8,10,10,3,13,7,11,5,6,9,5,7,7,9,7,7,11,8,7,9,14,11,8,10,9,6,10,6,6,6,8,6,11,8,8,11,5,8,10,6,10,7,9,5,9,9,7,8,6,14,11,6,4,7,11,7,6,10,7,5,7,9,15,6,6,10,8,11,7,8,7,6,10,8,10,9,10,8,6,13,9,11,7,8,8,3,6,7,7,6,6,9,6,9,7,8,7,6,11,10,4,6,9,6,10,11,4,7,8,12,8,5,8,7,8,6,7,9,6,7,7,6,4,8,8,10,6,6,7,9,6,11,7,11,7,10,9,5,7,8,9,9,7,5,15,4,7,7,5,6,5,6,6,7,8,8,6,9,10,9,8,12,8,9,5,12,13,7,6,11,5,12,7,8,5,9,6,8,5,6,5,9,7,9,12,8,4,10,11,6,4,4,9,6,6,8,8,4,5,8,8,13,9,7,6,5,6,11,11,6,11,9,6,6,7,6,5,7,10,9,7,10,8,4,8,11,6,6,6,7,10,5,7,8,6,8,4,10,10,9,6,8,5,5,4,9,15,8,6,7,7,9,10,5,7,10,10,4,5,7,9,7,6,9,8,6,11,6,6,6,6,11,13,8,12,8,8,6,6,7,7,11,10,6,7,7,5,6,9,7,8,5,9,9,6,7,9,9,3,5,11,9,8,6,8,5,7,8,9,8,6,5,7,10,7,13,5,7,11,8,9,7,7,5,11,10,6,8,7,10,11,7,6,7,8,10,7,7,9,3,7,10,11,12,7,8,12,6,8,5,6,7,9,6,6,6,9,6,5,7,3,9,11,8,10,7,8,5,8,4,4,10,12,4,6,7,9,8,10,4,8,10,5,7,7,6,6,7,4,5,9,7,8,10,7,6,11,4,9,10,6,6,9,10,5,9,4,8,8,8,6,8,8,7,14,5,12,8,5,9,8,4,8,11,8,9,7,8,8,9,4,7,8,4,5,7,7,8,4,8,8,9,9,10,5,6,8,9,3,7,7,5,4,10,6,11,7,5,7,5,7,7,9,6,6,7,8,7,6,8,8,9,6,8,7,4,6,9,6,8,8,9,8,5,6,6,7,12,5,7,6,9,7,5,7,5,9,8,5,7,8,7,4,6,11,6,11,7,8,9,8,12,8,10,5,10,12,9,6,9,6,8,10,8,13,5,5,11,8,4,9,11,8,9,12,9,10,7,3,10,7,6,8,8,9,10,11,7,10,5,7,8,8,9,8,9,9,5,7,8,9,8,8,10,7,5,9,7,8,5,12,12,8,7,6,5,8,6,9,6,8,4,9,5,8,12,12,9,6,7,6,5,7,9,5,7,8,4,7,4,12,6,12,6,7,8,7,7,7,5,7,7,9,8,13,6,7,12,7,13,8,8,6,6,5,6,9,9,10,10,10,7,10,9,12,6,7,10,7,6,8,13,8,7,7,5,8,11,8,8,6,9,11,10,10
align-dinov2+1b-things+hyp-abl30cat-7-random,9,8,6,9,7,5,9,10,3,6,8,6,4,8,8,5,6,5,9,6,6,8,7,8,4,12,6,7,5,7,11,8,10,10,4,13,8,9,8,12,8,6,4,6,7,8,7,10,8,8,7,8,10,9,8,6,8,11,9,25,7,9,8,7,8,10,8,9,10,9,9,12,8,10,6,11,11,8,7,7,5,14,7,8,8,9,8,5,6,14,12,7,8,5,6,7,7,7,7,4,9,6,10,7,8,7,11,9,10,6,13,10,3,6,4,10,5,7,8,8,6,9,6,10,16,11,6,7,8,5,8,6,6,8,7,12,11,5,10,9,5,8,8,10,4,7,5,4,6,5,16,10,6,8,3,7,10,4,6,8,8,7,8,7,6,10,10,8,8,9,8,5,7,10,7,8,4,12,9,7,10,10,7,10,6,7,7,7,7,10,5,9,8,7,6,9,11,8,9,8,8,6,5,7,9,7,9,7,6,7,5,7,6,8,7,7,4,5,9,7,9,5,10,8,8,13,9,10,6,6,11,4,9,7,8,6,7,7,7,5,8,7,5,10,9,8,6,5,10,5,12,11,6,7,5,7,5,8,11,8,9,7,8,6,6,6,10,6,12,5,11,7,15,11,8,9,11,10,14,10,7,8,6,8,8,6,7,7,10,11,7,9,4,7,5,5,4,7,5,9,8,8,12,10,7,8,10,7,10,13,8,11,9,5,8,7,7,7,9,7,6,8,9,8,8,7,9,6,6,9,6,6,8,7,10,11,8,14,11,9,12,7,13,10,7,8,6,7,7,11,8,4,7,6,6,7,9,8,9,8,9,9,8,8,8,9,6,8,8,10,5,8,6,7,6,8,7,8,7,7,5,4,7,7,7,6,10,7,5,5,17,5,8,10,8,4,7,6,7,11,6,7,8,6,3,8,6,9,9,12,4,9,5,8,6,6,4,5,7,10,6,9,6,6,13,5,5,11,6,7,8,5,8,5,10,4,4,6,16,5,8,5,6,11,13,6,5,5,10,10,6,10,9,8,11,9,7,7,9,7,10,5,3,9,5,7,11,5,8,6,8,10,5,10,5,8,6,8,5,8,11,3,3,7,5,11,10,10,7,8,7,10,6,10,8,4,11,10,5,7,6,7,9,9,4,6,5,9,6,6,10,11,7,10,10,8,9,8,10,6,6,4,6,8,12,5,10,11,9,7,6,5,6,8,10,10,3,13,7,11,5,6,9,5,7,7,9,7,7,11,8,7,9,14,11,8,10,9,6,10,6,6,6,8,6,11,8,8,11,5,8,10,6,10,7,9,5,9,9,7,8,6,14,11,6,4,7,11,7,6,10,7,5,7,9,15,6,6,10,8,11,7,8,7,6,10,8,10,9,10,8,6,13,9,11,7,8,8,3,6,7,7,6,6,9,6,9,7,8,7,6,11,10,4,6,9,6,10,11,4,7,8,12,8,5,8,7,8,6,7,9,6,7,7,6,4,8,8,10,6,6,7,9,6,11,7,11,7,10,9,5,7,8,9,9,7,5,15,4,7,7,5,6,5,6,6,7,8,8,6,9,10,9,8,12,8,9,5,12,13,7,6,11,5,12,7,8,5,9,6,8,5,6,5,9,7,9,12,8,4,10,11,6,4,4,9,6,6,8,8,4,5,8,8,13,9,7,6,5,6,11,11,6,11,9,6,6,7,6,5,7,10,9,7,10,8,4,8,11,6,6,6,7,10,5,7,8,6,8,4,10,10,9,6,8,5,5,4,9,15,8,6,7,7,9,10,5,7,10,10,4,5,7,9,7,6,9,8,6,11,6,6,6,6,11,13,8,12,8,8,6,6,7,7,11,10,6,7,7,5,6,9,7,8,5,9,9,6,7,9,9,3,5,11,9,8,6,8,5,7,8,9,8,6,5,7,10,7,13,5,7,11,8,9,7,7,5,11,10,6,8,7,10,11,7,6,7,8,10,7,7,9,3,7,10,11,12,7,8,12,6,8,5,6,7,9,6,6,6,9,6,5,7,3,9,11,8,10,7,8,5,8,4,4,10,12,4,6,7,9,8,10,4,8,10,5,7,7,6,6,7,4,5,9,7,8,10,7,6,11,4,9,10,6,6,9,10,5,9,4,8,8,8,6,8,8,7,14,5,12,8,5,9,8,4,8,11,8,9,7,8,8,9,4,7,8,4,5,7,7,8,4,8,8,9,9,10,5,6,8,9,3,7,7,5,4,10,6,11,7,5,7,5,7,7,9,6,6,7,8,7,6,8,8,9,6,8,7,4,6,9,6,8,8,9,8,5,6,6,7,12,5,7,6,9,7,5,7,5,9,8,5,7,8,7,4,6,11,6,11,7,8,9,8,12,8,10,5,10,12,9,6,9,6,8,10,8,13,5,5,11,8,4,9,11,8,9,12,9,10,7,3,10,7,6,8,8,9,10,11,7,10,5,7,8,8,9,8,9,9,5,7,8,9,8,8,10,7,5,9,7,8,5,12,12,8,7,6,5,8,6,9,6,8,4,9,5,8,12,12,9,6,7,6,5,7,9,5,7,8,4,7,4,12,6,12,6,7,8,7,7,7,5,7,7,9,8,13,6,7,12,7,13,8,8,6,6,5,6,9,9,10,10,10,7,10,9,12,6,7,10,7,6,8,13,8,7,7,5,8,11,8,8,6,9,11,10,10
align-dinov2+1b-things+hyp-abl30cat-local-shuffled-218,4,7,11,8,5,8,9,7,8,6,11,10,6,9,7,8,10,14,9,6,10,8,9,6,7,7,7,9,11,7,9,7,9,5,7,7,10,8,7,10,6,8,5,8,9,6,7,6,10,6,6,4,9,10,8,7,7,4,5,19,10,4,9,7,9,9,7,7,5,8,9,5,7,10,10,8,5,7,7,4,7,10,7,9,5,11,5,5,8,8,12,7,10,9,9,8,10,8,6,9,9,8,7,10,11,6,10,9,9,9,10,8,10,7,7,9,8,8,9,10,8,7,7,4,15,11,8,7,8,5,8,11,8,9,10,9,9,6,10,4,5,7,8,8,6,9,7,7,6,8,15,6,4,8,7,8,4,8,5,6,8,8,5,5,9,7,6,8,6,7,5,6,10,7,6,7,9,9,7,5,6,9,10,6,11,6,7,7,7,5,8,4,9,6,9,10,8,8,10,6,10,4,5,5,13,4,5,7,7,9,9,4,6,8,7,6,4,6,6,9,7,4,10,5,11,7,9,8,6,7,15,7,5,8,8,9,6,6,7,5,9,6,7,11,8,13,6,12,6,9,8,8,7,8,7,5,7,9,9,7,7,9,10,7,5,10,8,9,8,5,8,7,8,7,6,8,6,10,6,7,9,5,9,7,8,5,7,6,5,9,10,5,7,10,7,5,10,6,11,6,6,6,11,5,9,10,8,8,5,9,11,8,9,6,6,5,10,8,9,9,9,13,9,5,8,7,6,9,6,7,7,3,6,10,9,7,9,8,8,10,8,8,8,9,8,12,7,7,6,8,10,7,8,12,6,4,5,6,9,8,8,6,5,7,4,7,10,6,6,7,10,8,8,3,4,6,8,5,6,10,4,6,9,7,8,7,6,11,8,10,16,8,12,7,4,6,6,7,11,13,7,10,11,9,7,7,6,8,6,6,7,8,4,6,6,9,7,10,10,8,9,10,8,5,7,10,8,4,8,8,8,7,10,8,5,6,9,5,5,9,10,10,8,6,6,9,12,9,11,5,9,10,9,10,7,9,8,11,7,7,7,5,8,7,7,11,7,6,7,8,9,7,8,8,7,11,5,4,9,7,7,5,10,5,6,8,8,7,7,5,10,7,10,11,4,6,9,5,9,8,11,8,6,9,5,10,13,7,8,9,9,6,5,6,10,8,10,8,8,11,8,6,6,9,9,9,10,5,10,5,5,10,7,9,8,10,8,6,10,8,6,11,10,7,7,7,5,7,8,8,7,9,12,16,9,8,8,10,11,9,8,4,8,6,8,6,7,4,5,9,5,6,6,10,9,7,8,9,7,10,7,4,10,8,8,4,6,6,5,9,10,8,8,8,10,5,5,7,6,4,8,9,5,5,7,13,5,8,12,7,8,13,5,7,8,8,9,5,10,9,8,7,12,9,5,10,6,8,6,7,8,7,10,12,6,7,7,8,7,11,5,4,7,5,8,7,6,7,4,12,11,8,8,8,10,5,10,11,9,9,8,7,10,7,5,6,9,9,8,5,6,7,10,8,6,4,6,8,5,5,5,7,6,7,8,8,5,7,12,7,11,12,3,12,5,7,7,5,8,6,5,9,8,9,6,8,9,8,12,8,6,9,8,8,4,8,9,8,5,10,5,6,7,12,10,9,9,10,9,15,8,6,5,5,4,9,6,9,7,13,6,11,6,5,11,6,8,6,6,7,8,7,7,6,5,8,5,13,6,8,8,9,8,8,7,8,10,9,7,8,8,9,10,7,9,10,12,6,5,9,7,5,8,8,6,8,9,8,9,5,8,8,6,9,7,9,7,5,7,12,10,7,8,7,12,14,8,7,7,6,8,7,5,10,7,7,8,10,8,6,9,13,10,6,7,6,6,10,12,11,6,3,9,9,5,9,12,7,8,6,7,9,7,6,9,10,7,9,8,10,13,15,11,7,9,11,8,7,12,5,6,8,6,4,9,8,6,5,13,7,6,11,6,6,8,7,8,6,6,8,7,10,4,5,8,9,10,6,13,7,5,9,9,9,8,8,7,9,5,11,8,10,6,9,9,7,8,5,9,7,8,7,9,8,13,10,8,6,7,6,9,8,7,6,6,4,5,6,8,4,7,5,7,6,5,7,10,6,6,4,8,11,6,15,7,8,10,6,6,7,6,10,7,10,10,7,8,11,9,7,7,11,10,11,6,9,5,10,9,8,7,10,10,5,11,9,9,10,7,4,8,7,6,8,7,8,9,6,7,6,8,13,8,8,4,8,7,7,7,4,12,10,6,10,6,9,11,7,9,6,9,10,8,7,7,9,6,6,5,5,8,5,6,9,4,9,11,12,12,9,7,7,10,13,10,8,5,6,7,6,10,9,6,10,6,11,6,9,7,16,10,6,6,7,8,10,8,10,4,5,8,11,8,6,7,11,7,9,6,10,9,7,7,8,10,6,7,7,9,5,4,9,5,8,8,5,8,8,9,7,6,10,6,14,5,8,5,9,9,6,4,11,8,7,10,7,6,4,11,14,6,9,5,6,9,8,5,9,9,12,8,6,14,6,4,8,5,8,8,8,9,5,9,5,7,7,7,4,10,10,9,12,7,6,5,7,6,6,10,8,5,8,8,9,9,7,7,8,3,5,9,7,7,6,7,6,6,4,8,9,7,4,7,6,7,13,10,7,6,9,6,8,7,7,7,6,6,6
align-dinov2+1b-things+hyp-abl30cat-local-shuffled-42,4,7,11,8,5,8,9,7,8,6,11,10,6,9,7,8,10,14,9,6,10,8,9,6,7,7,7,9,11,7,9,7,9,5,7,7,10,8,7,10,6,8,5,8,9,6,7,6,10,6,6,4,9,10,8,7,7,4,5,19,10,4,9,7,9,9,7,7,5,8,9,5,7,10,10,8,5,7,7,4,7,10,7,9,5,11,5,5,8,8,12,7,10,9,9,8,10,8,6,9,9,8,7,10,11,6,10,9,9,9,10,8,10,7,7,9,8,8,9,10,8,7,7,4,15,11,8,7,8,5,8,11,8,9,10,9,9,6,10,4,5,7,8,8,6,9,7,7,6,8,15,6,4,8,7,8,4,8,5,6,8,8,5,5,9,7,6,8,6,7,5,6,10,7,6,7,9,9,7,5,6,9,10,6,11,6,7,7,7,5,8,4,9,6,9,10,8,8,10,6,10,4,5,5,13,4,5,7,7,9,9,4,6,8,7,6,4,6,6,9,7,4,10,5,11,7,9,8,6,7,15,7,5,8,8,9,6,6,7,5,9,6,7,11,8,13,6,12,6,9,8,8,7,8,7,5,7,9,9,7,7,9,10,7,5,10,8,9,8,5,8,7,8,7,6,8,6,10,6,7,9,5,9,7,8,5,7,6,5,9,10,5,7,10,7,5,10,6,11,6,6,6,11,5,9,10,8,8,5,9,11,8,9,6,6,5,10,8,9,9,9,13,9,5,8,7,6,9,6,7,7,3,6,10,9,7,9,8,8,10,8,8,8,9,8,12,7,7,6,8,10,7,8,12,6,4,5,6,9,8,8,6,5,7,4,7,10,6,6,7,10,8,8,3,4,6,8,5,6,10,4,6,9,7,8,7,6,11,8,10,16,8,12,7,4,6,6,7,11,13,7,10,11,9,7,7,6,8,6,6,7,8,4,6,6,9,7,10,10,8,9,10,8,5,7,10,8,4,8,8,8,7,10,8,5,6,9,5,5,9,10,10,8,6,6,9,12,9,11,5,9,10,9,10,7,9,8,11,7,7,7,5,8,7,7,11,7,6,7,8,9,7,8,8,7,11,5,4,9,7,7,5,10,5,6,8,8,7,7,5,10,7,10,11,4,6,9,5,9,8,11,8,6,9,5,10,13,7,8,9,9,6,5,6,10,8,10,8,8,11,8,6,6,9,9,9,10,5,10,5,5,10,7,9,8,10,8,6,10,8,6,11,10,7,7,7,5,7,8,8,7,9,12,16,9,8,8,10,11,9,8,4,8,6,8,6,7,4,5,9,5,6,6,10,9,7,8,9,7,10,7,4,10,8,8,4,6,6,5,9,10,8,8,8,10,5,5,7,6,4,8,9,5,5,7,13,5,8,12,7,8,13,5,7,8,8,9,5,10,9,8,7,12,9,5,10,6,8,6,7,8,7,10,12,6,7,7,8,7,11,5,4,7,5,8,7,6,7,4,12,11,8,8,8,10,5,10,11,9,9,8,7,10,7,5,6,9,9,8,5,6,7,10,8,6,4,6,8,5,5,5,7,6,7,8,8,5,7,12,7,11,12,3,12,5,7,7,5,8,6,5,9,8,9,6,8,9,8,12,8,6,9,8,8,4,8,9,8,5,10,5,6,7,12,10,9,9,10,9,15,8,6,5,5,4,9,6,9,7,13,6,11,6,5,11,6,8,6,6,7,8,7,7,6,5,8,5,13,6,8,8,9,8,8,7,8,10,9,7,8,8,9,10,7,9,10,12,6,5,9,7,5,8,8,6,8,9,8,9,5,8,8,6,9,7,9,7,5,7,12,10,7,8,7,12,14,8,7,7,6,8,7,5,10,7,7,8,10,8,6,9,13,10,6,7,6,6,10,12,11,6,3,9,9,5,9,12,7,8,6,7,9,7,6,9,10,7,9,8,10,13,15,11,7,9,11,8,7,12,5,6,8,6,4,9,8,6,5,13,7,6,11,6,6,8,7,8,6,6,8,7,10,4,5,8,9,10,6,13,7,5,9,9,9,8,8,7,9,5,11,8,10,6,9,9,7,8,5,9,7,8,7,9,8,13,10,8,6,7,6,9,8,7,6,6,4,5,6,8,4,7,5,7,6,5,7,10,6,6,4,8,11,6,15,7,8,10,6,6,7,6,10,7,10,10,7,8,11,9,7,7,11,10,11,6,9,5,10,9,8,7,10,10,5,11,9,9,10,7,4,8,7,6,8,7,8,9,6,7,6,8,13,8,8,4,8,7,7,7,4,12,10,6,10,6,9,11,7,9,6,9,10,8,7,7,9,6,6,5,5,8,5,6,9,4,9,11,12,12,9,7,7,10,13,10,8,5,6,7,6,10,9,6,10,6,11,6,9,7,16,10,6,6,7,8,10,8,10,4,5,8,11,8,6,7,11,7,9,6,10,9,7,7,8,10,6,7,7,9,5,4,9,5,8,8,5,8,8,9,7,6,10,6,14,5,8,5,9,9,6,4,11,8,7,10,7,6,4,11,14,6,9,5,6,9,8,5,9,9,12,8,6,14,6,4,8,5,8,8,8,9,5,9,5,7,7,7,4,10,10,9,12,7,6,5,7,6,6,10,8,5,8,8,9,9,7,7,8,3,5,9,7,7,6,7,6,6,4,8,9,7,4,7,6,7,13,10,7,6,9,6,8,7,7,7,6,6,6
align-dinov2+1b-things+hyp-abl30cat-local-shuffled-7,4,7,11,8,5,8,9,7,8,6,11,10,6,9,7,8,10,14,9,6,10,8,9,6,7,7,7,9,11,7,9,7,9,5,7,7,10,8,7,10,6,8,5,8,9,6,7,6,10,6,6,4,9,10,8,7,7,4,5,19,10,4,9,7,9,9,7,7,5,8,9,5,7,10,10,8,5,7,7,4,7,10,7,9,5,11,5,5,8,8,12,7,10,9,9,8,10,8,6,9,9,8,7,10,11,6,10,9,9,9,10,8,10,7,7,9,8,8,9,10,8,7,7,4,15,11,8,7,8,5,8,11,8,9,10,9,9,6,10,4,5,7,8,8,6,9,7,7,6,8,15,6,4,8,7,8,4,8,5,6,8,8,5,5,9,7,6,8,6,7,5,6,10,7,6,7,9,9,7,5,6,9,10,6,11,6,7,7,7,5,8,4,9,6,9,10,8,8,10,6,10,4,5,5,13,4,5,7,7,9,9,4,6,8,7,6,4,6,6,9,7,4,10,5,11,7,9,8,6,7,15,7,5,8,8,9,6,6,7,5,9,6,7,11,8,13,6,12,6,9,8,8,7,8,7,5,7,9,9,7,7,9,10,7,5,10,8,9,8,5,8,7,8,7,6,8,6,10,6,7,9,5,9,7,8,5,7,6,5,9,10,5,7,10,7,5,10,6,11,6,6,6,11,5,9,10,8,8,5,9,11,8,9,6,6,5,10,8,9,9,9,13,9,5,8,7,6,9,6,7,7,3,6,10,9,7,9,8,8,10,8,8,8,9,8,12,7,7,6,8,10,7,8,12,6,4,5,6,9,8,8,6,5,7,4,7,10,6,6,7,10,8,8,3,4,6,8,5,6,10,4,6,9,7,8,7,6,11,8,10,16,8,12,7,4,6,6,7,11,13,7,10,11,9,7,7,6,8,6,6,7,8,4,6,6,9,7,10,10,8,9,10,8,5,7,10,8,4,8,8,8,7,10,8,5,6,9,5,5,9,10,10,8,6,6,9,12,9,11,5,9,10,9,10,7,9,8,11,7,7,7,5,8,7,7,11,7,6,7,8,9,7,8,8,7,11,5,4,9,7,7,5,10,5,6,8,8,7,7,5,10,7,10,11,4,6,9,5,9,8,11,8,6,9,5,10,13,7,8,9,9,6,5,6,10,8,10,8,8,11,8,6,6,9,9,9,10,5,10,5,5,10,7,9,8,10,8,6,10,8,6,11,10,7,7,7,5,7,8,8,7,9,12,16,9,8,8,10,11,9,8,4,8,6,8,6,7,4,5,9,5,6,6,10,9,7,8,9,7,10,7,4,10,8,8,4,6,6,5,9,10,8,8,8,10,5,5,7,6,4,8,9,5,5,7,13,5,8,12,7,8,13,5,7,8,8,9,5,10,9,8,7,12,9,5,10,6,8,6,7,8,7,10,12,6,7,7,8,7,11,5,4,7,5,8,7,6,7,4,12,11,8,8,8,10,5,10,11,9,9,8,7,10,7,5,6,9,9,8,5,6,7,10,8,6,4,6,8,5,5,5,7,6,7,8,8,5,7,12,7,11,12,3,12,5,7,7,5,8,6,5,9,8,9,6,8,9,8,12,8,6,9,8,8,4,8,9,8,5,10,5,6,7,12,10,9,9,10,9,15,8,6,5,5,4,9,6,9,7,13,6,11,6,5,11,6,8,6,6,7,8,7,7,6,5,8,5,13,6,8,8,9,8,8,7,8,10,9,7,8,8,9,10,7,9,10,12,6,5,9,7,5,8,8,6,8,9,8,9,5,8,8,6,9,7,9,7,5,7,12,10,7,8,7,12,14,8,7,7,6,8,7,5,10,7,7,8,10,8,6,9,13,10,6,7,6,6,10,12,11,6,3,9,9,5,9,12,7,8,6,7,9,7,6,9,10,7,9,8,10,13,15,11,7,9,11,8,7,12,5,6,8,6,4,9,8,6,5,13,7,6,11,6,6,8,7,8,6,6,8,7,10,4,5,8,9,10,6,13,7,5,9,9,9,8,8,7,9,5,11,8,10,6,9,9,7,8,5,9,7,8,7,9,8,13,10,8,6,7,6,9,8,7,6,6,4,5,6,8,4,7,5,7,6,5,7,10,6,6,4,8,11,6,15,7,8,10,6,6,7,6,10,7,10,10,7,8,11,9,7,7,11,10,11,6,9,5,10,9,8,7,10,10,5,11,9,9,10,7,4,8,7,6,8,7,8,9,6,7,6,8,13,8,8,4,8,7,7,7,4,12,10,6,10,6,9,11,7,9,6,9,10,8,7,7,9,6,6,5,5,8,5,6,9,4,9,11,12,12,9,7,7,10,13,10,8,5,6,7,6,10,9,6,10,6,11,6,9,7,16,10,6,6,7,8,10,8,10,4,5,8,11,8,6,7,11,7,9,6,10,9,7,7,8,10,6,7,7,9,5,4,9,5,8,8,5,8,8,9,7,6,10,6,14,5,8,5,9,9,6,4,11,8,7,10,7,6,4,11,14,6,9,5,6,9,8,5,9,9,12,8,6,14,6,4,8,5,8,8,8,9,5,9,5,7,7,7,4,10,10,9,12,7,6,5,7,6,6,10,8,5,8,8,9,9,7,7,8,3,5,9,7,7,6,7,6,6,4,8,9,7,4,7,6,7,13,10,7,6,9,6,8,7,7,7,6,6,6
align-dinov2+1b-things+hyp-abl30cat-shuffled-218,10,7,9,9,7,8,4,4,8,5,7,7,9,7,9,7,8,11,6,8,4,5,6,11,9,9,7,7,4,11,9,11,8,7,9,6,6,7,8,5,6,11,7,8,6,10,9,5,9,11,6,6,3,8,6,9,4,10,6,23,7,6,8,6,12,7,7,9,11,8,6,8,7,6,11,7,10,8,11,4,8,6,11,4,4,5,10,9,9,5,5,8,8,8,5,7,11,7,6,9,11,8,6,13,6,7,6,7,10,4,6,8,8,8,8,9,6,7,7,8,9,6,13,6,11,4,9,8,12,11,5,5,7,5,8,8,7,7,9,11,9,9,9,6,5,6,6,5,5,9,13,7,6,12,7,11,6,8,7,11,8,9,7,10,12,6,8,6,10,9,12,6,8,6,3,6,6,12,9,7,7,6,8,6,10,9,11,8,8,9,4,7,7,7,8,7,4,7,5,6,7,9,5,10,11,5,7,10,6,8,6,7,9,8,10,14,9,5,7,7,5,6,7,7,7,9,4,8,9,8,7,8,5,6,9,6,8,7,5,7,6,7,12,11,11,5,8,10,7,8,7,4,7,5,8,7,7,8,6,8,9,9,8,7,9,7,8,6,12,9,7,7,5,7,12,6,6,5,8,7,10,9,8,12,7,9,7,11,7,4,6,7,7,6,7,7,4,11,9,9,7,7,7,8,7,5,7,7,6,10,5,9,8,6,12,11,4,6,9,5,7,8,8,10,8,8,12,5,10,8,7,8,10,11,7,5,9,5,8,9,7,10,9,8,7,5,7,5,8,6,8,10,9,8,10,8,4,5,11,8,10,7,7,10,5,10,8,9,5,5,11,8,5,8,10,7,7,7,8,9,6,7,14,8,12,3,12,6,6,7,13,5,16,10,7,10,7,8,6,5,8,9,8,10,5,4,9,4,9,5,8,6,4,8,8,12,6,7,6,4,7,5,11,8,10,10,5,9,10,12,6,7,7,6,5,10,10,8,9,7,7,6,4,12,6,9,7,8,8,11,4,5,7,7,5,7,4,8,9,11,8,4,8,10,5,9,7,9,5,7,10,8,6,11,10,11,5,6,8,8,5,8,10,11,5,9,10,10,8,8,5,9,8,3,8,8,4,8,7,10,7,8,10,6,12,9,4,7,6,7,7,11,5,3,13,7,6,7,6,7,10,9,5,8,6,4,6,11,7,9,9,8,9,13,9,10,6,5,10,5,8,6,8,13,7,5,6,5,3,9,8,10,11,15,9,7,13,7,8,8,4,12,7,8,8,8,4,10,8,5,10,6,7,7,9,5,9,6,11,10,10,6,8,11,8,7,14,6,10,8,12,5,5,7,5,8,8,11,10,5,10,7,9,7,6,6,12,6,5,7,11,10,5,3,9,7,9,14,14,3,8,7,11,5,12,7,5,5,10,9,6,12,5,5,10,6,7,6,5,6,14,11,6,7,7,10,6,8,4,6,9,7,8,5,5,7,9,12,8,9,8,9,10,7,7,6,8,9,8,7,10,6,6,5,10,10,5,5,8,9,8,9,7,7,10,8,8,7,7,6,9,9,7,14,7,6,9,11,9,10,5,8,9,9,8,7,8,6,10,7,11,4,4,8,7,13,7,4,8,10,7,6,9,7,7,6,8,8,8,5,8,9,7,5,10,6,10,8,5,8,8,6,6,7,7,8,8,6,9,5,5,5,6,7,6,10,10,11,11,8,8,6,10,10,11,9,9,5,11,7,10,5,9,5,5,7,7,3,4,10,6,7,8,9,10,8,11,11,10,7,10,10,6,8,6,8,7,8,5,7,10,7,5,6,10,8,11,6,9,9,13,8,6,6,5,6,8,10,6,6,6,6,6,8,11,9,11,6,5,9,7,8,10,9,10,5,8,6,7,5,8,4,7,7,7,7,9,10,9,7,9,10,6,8,9,7,9,8,9,8,7,6,6,6,5,12,5,7,7,9,6,5,8,9,13,9,7,9,5,6,9,6,5,12,6,12,6,8,8,6,9,6,8,5,10,6,10,10,9,4,7,10,7,8,8,6,10,8,5,9,5,7,5,8,6,4,13,7,5,5,14,6,8,11,6,4,10,8,9,10,7,11,7,5,4,4,10,8,6,9,8,5,11,9,11,8,9,8,11,8,10,4,4,7,9,5,6,7,10,6,5,8,6,9,5,7,6,8,7,7,7,9,5,5,6,8,6,7,9,5,11,8,10,7,9,10,6,6,8,4,9,6,7,7,8,6,8,6,9,8,10,10,10,6,4,8,5,7,8,6,7,7,10,7,9,7,8,7,4,10,9,10,7,10,8,7,8,9,5,7,6,7,8,8,7,11,6,9,10,8,8,7,7,5,6,9,7,9,9,8,10,8,7,8,8,8,8,8,8,4,11,6,7,7,7,6,8,8,7,4,6,10,10,4,6,5,5,10,9,9,5,9,6,10,4,11,5,8,7,10,7,14,11,8,11,8,6,12,13,8,12,9,6,4,9,6,13,7,11,8,9,9,7,6,10,9,15,10,7,6,9,9,9,11,11,7,6,11,5,11,5,5,6,8,6,7,10,12,8,6,5,10,6,10,6,6,7,7,8,6,9,8,7,8,10,4,8,5,4,5,7,13,6,9,11,9,9,9,11,6,10,7,8,7,5,8,6,6,10,7,6,5,6,8,8,8,12,8
align-dinov2+1b-things+hyp-abl30cat-shuffled-42,10,7,9,9,7,8,4,4,8,5,7,7,9,7,9,7,8,11,6,8,4,5,6,11,9,9,7,7,4,11,9,11,8,7,9,6,6,7,8,5,6,11,7,8,6,10,9,5,9,11,6,6,3,8,6,9,4,10,6,23,7,6,8,6,12,7,7,9,11,8,6,8,7,6,11,7,10,8,11,4,8,6,11,4,4,5,10,9,9,5,5,8,8,8,5,7,11,7,6,9,11,8,6,13,6,7,6,7,10,4,6,8,8,8,8,9,6,7,7,8,9,6,13,6,11,4,9,8,12,11,5,5,7,5,8,8,7,7,9,11,9,9,9,6,5,6,6,5,5,9,13,7,6,12,7,11,6,8,7,11,8,9,7,10,12,6,8,6,10,9,12,6,8,6,3,6,6,12,9,7,7,6,8,6,10,9,11,8,8,9,4,7,7,7,8,7,4,7,5,6,7,9,5,10,11,5,7,10,6,8,6,7,9,8,10,14,9,5,7,7,5,6,7,7,7,9,4,8,9,8,7,8,5,6,9,6,8,7,5,7,6,7,12,11,11,5,8,10,7,8,7,4,7,5,8,7,7,8,6,8,9,9,8,7,9,7,8,6,12,9,7,7,5,7,12,6,6,5,8,7,10,9,8,12,7,9,7,11,7,4,6,7,7,6,7,7,4,11,9,9,7,7,7,8,7,5,7,7,6,10,5,9,8,6,12,11,4,6,9,5,7,8,8,10,8,8,12,5,10,8,7,8,10,11,7,5,9,5,8,9,7,10,9,8,7,5,7,5,8,6,8,10,9,8,10,8,4,5,11,8,10,7,7,10,5,10,8,9,5,5,11,8,5,8,10,7,7,7,8,9,6,7,14,8,12,3,12,6,6,7,13,5,16,10,7,10,7,8,6,5,8,9,8,10,5,4,9,4,9,5,8,6,4,8,8,12,6,7,6,4,7,5,11,8,10,10,5,9,10,12,6,7,7,6,5,10,10,8,9,7,7,6,4,12,6,9,7,8,8,11,4,5,7,7,5,7,4,8,9,11,8,4,8,10,5,9,7,9,5,7,10,8,6,11,10,11,5,6,8,8,5,8,10,11,5,9,10,10,8,8,5,9,8,3,8,8,4,8,7,10,7,8,10,6,12,9,4,7,6,7,7,11,5,3,13,7,6,7,6,7,10,9,5,8,6,4,6,11,7,9,9,8,9,13,9,10,6,5,10,5,8,6,8,13,7,5,6,5,3,9,8,10,11,15,9,7,13,7,8,8,4,12,7,8,8,8,4,10,8,5,10,6,7,7,9,5,9,6,11,10,10,6,8,11,8,7,14,6,10,8,12,5,5,7,5,8,8,11,10,5,10,7,9,7,6,6,12,6,5,7,11,10,5,3,9,7,9,14,14,3,8,7,11,5,12,7,5,5,10,9,6,12,5,5,10,6,7,6,5,6,14,11,6,7,7,10,6,8,4,6,9,7,8,5,5,7,9,12,8,9,8,9,10,7,7,6,8,9,8,7,10,6,6,5,10,10,5,5,8,9,8,9,7,7,10,8,8,7,7,6,9,9,7,14,7,6,9,11,9,10,5,8,9,9,8,7,8,6,10,7,11,4,4,8,7,13,7,4,8,10,7,6,9,7,7,6,8,8,8,5,8,9,7,5,10,6,10,8,5,8,8,6,6,7,7,8,8,6,9,5,5,5,6,7,6,10,10,11,11,8,8,6,10,10,11,9,9,5,11,7,10,5,9,5,5,7,7,3,4,10,6,7,8,9,10,8,11,11,10,7,10,10,6,8,6,8,7,8,5,7,10,7,5,6,10,8,11,6,9,9,13,8,6,6,5,6,8,10,6,6,6,6,6,8,11,9,11,6,5,9,7,8,10,9,10,5,8,6,7,5,8,4,7,7,7,7,9,10,9,7,9,10,6,8,9,7,9,8,9,8,7,6,6,6,5,12,5,7,7,9,6,5,8,9,13,9,7,9,5,6,9,6,5,12,6,12,6,8,8,6,9,6,8,5,10,6,10,10,9,4,7,10,7,8,8,6,10,8,5,9,5,7,5,8,6,4,13,7,5,5,14,6,8,11,6,4,10,8,9,10,7,11,7,5,4,4,10,8,6,9,8,5,11,9,11,8,9,8,11,8,10,4,4,7,9,5,6,7,10,6,5,8,6,9,5,7,6,8,7,7,7,9,5,5,6,8,6,7,9,5,11,8,10,7,9,10,6,6,8,4,9,6,7,7,8,6,8,6,9,8,10,10,10,6,4,8,5,7,8,6,7,7,10,7,9,7,8,7,4,10,9,10,7,10,8,7,8,9,5,7,6,7,8,8,7,11,6,9,10,8,8,7,7,5,6,9,7,9,9,8,10,8,7,8,8,8,8,8,8,4,11,6,7,7,7,6,8,8,7,4,6,10,10,4,6,5,5,10,9,9,5,9,6,10,4,11,5,8,7,10,7,14,11,8,11,8,6,12,13,8,12,9,6,4,9,6,13,7,11,8,9,9,7,6,10,9,15,10,7,6,9,9,9,11,11,7,6,11,5,11,5,5,6,8,6,7,10,12,8,6,5,10,6,10,6,6,7,7,8,6,9,8,7,8,10,4,8,5,4,5,7,13,6,9,11,9,9,9,11,6,10,7,8,7,5,8,6,6,10,7,6,5,6,8,8,8,12,8
align-dinov2+1b-things+hyp-abl30cat-shuffled-7,10,7,9,9,7,8,4,4,8,5,7,7,9,7,9,7,8,11,6,8,4,5,6,11,9,9,7,7,4,11,9,11,8,7,9,6,6,7,8,5,6,11,7,8,6,10,9,5,9,11,6,6,3,8,6,9,4,10,6,23,7,6,8,6,12,7,7,9,11,8,6,8,7,6,11,7,10,8,11,4,8,6,11,4,4,5,10,9,9,5,5,8,8,8,5,7,11,7,6,9,11,8,6,13,6,7,6,7,10,4,6,8,8,8,8,9,6,7,7,8,9,6,13,6,11,4,9,8,12,11,5,5,7,5,8,8,7,7,9,11,9,9,9,6,5,6,6,5,5,9,13,7,6,12,7,11,6,8,7,11,8,9,7,10,12,6,8,6,10,9,12,6,8,6,3,6,6,12,9,7,7,6,8,6,10,9,11,8,8,9,4,7,7,7,8,7,4,7,5,6,7,9,5,10,11,5,7,10,6,8,6,7,9,8,10,14,9,5,7,7,5,6,7,7,7,9,4,8,9,8,7,8,5,6,9,6,8,7,5,7,6,7,12,11,11,5,8,10,7,8,7,4,7,5,8,7,7,8,6,8,9,9,8,7,9,7,8,6,12,9,7,7,5,7,12,6,6,5,8,7,10,9,8,12,7,9,7,11,7,4,6,7,7,6,7,7,4,11,9,9,7,7,7,8,7,5,7,7,6,10,5,9,8,6,12,11,4,6,9,5,7,8,8,10,8,8,12,5,10,8,7,8,10,11,7,5,9,5,8,9,7,10,9,8,7,5,7,5,8,6,8,10,9,8,10,8,4,5,11,8,10,7,7,10,5,10,8,9,5,5,11,8,5,8,10,7,7,7,8,9,6,7,14,8,12,3,12,6,6,7,13,5,16,10,7,10,7,8,6,5,8,9,8,10,5,4,9,4,9,5,8,6,4,8,8,12,6,7,6,4,7,5,11,8,10,10,5,9,10,12,6,7,7,6,5,10,10,8,9,7,7,6,4,12,6,9,7,8,8,11,4,5,7,7,5,7,4,8,9,11,8,4,8,10,5,9,7,9,5,7,10,8,6,11,10,11,5,6,8,8,5,8,10,11,5,9,10,10,8,8,5,9,8,3,8,8,4,8,7,10,7,8,10,6,12,9,4,7,6,7,7,11,5,3,13,7,6,7,6,7,10,9,5,8,6,4,6,11,7,9,9,8,9,13,9,10,6,5,10,5,8,6,8,13,7,5,6,5,3,9,8,10,11,15,9,7,13,7,8,8,4,12,7,8,8,8,4,10,8,5,10,6,7,7,9,5,9,6,11,10,10,6,8,11,8,7,14,6,10,8,12,5,5,7,5,8,8,11,10,5,10,7,9,7,6,6,12,6,5,7,11,10,5,3,9,7,9,14,14,3,8,7,11,5,12,7,5,5,10,9,6,12,5,5,10,6,7,6,5,6,14,11,6,7,7,10,6,8,4,6,9,7,8,5,5,7,9,12,8,9,8,9,10,7,7,6,8,9,8,7,10,6,6,5,10,10,5,5,8,9,8,9,7,7,10,8,8,7,7,6,9,9,7,14,7,6,9,11,9,10,5,8,9,9,8,7,8,6,10,7,11,4,4,8,7,13,7,4,8,10,7,6,9,7,7,6,8,8,8,5,8,9,7,5,10,6,10,8,5,8,8,6,6,7,7,8,8,6,9,5,5,5,6,7,6,10,10,11,11,8,8,6,10,10,11,9,9,5,11,7,10,5,9,5,5,7,7,3,4,10,6,7,8,9,10,8,11,11,10,7,10,10,6,8,6,8,7,8,5,7,10,7,5,6,10,8,11,6,9,9,13,8,6,6,5,6,8,10,6,6,6,6,6,8,11,9,11,6,5,9,7,8,10,9,10,5,8,6,7,5,8,4,7,7,7,7,9,10,9,7,9,10,6,8,9,7,9,8,9,8,7,6,6,6,5,12,5,7,7,9,6,5,8,9,13,9,7,9,5,6,9,6,5,12,6,12,6,8,8,6,9,6,8,5,10,6,10,10,9,4,7,10,7,8,8,6,10,8,5,9,5,7,5,8,6,4,13,7,5,5,14,6,8,11,6,4,10,8,9,10,7,11,7,5,4,4,10,8,6,9,8,5,11,9,11,8,9,8,11,8,10,4,4,7,9,5,6,7,10,6,5,8,6,9,5,7,6,8,7,7,7,9,5,5,6,8,6,7,9,5,11,8,10,7,9,10,6,6,8,4,9,6,7,7,8,6,8,6,9,8,10,10,10,6,4,8,5,7,8,6,7,7,10,7,9,7,8,7,4,10,9,10,7,10,8,7,8,9,5,7,6,7,8,8,7,11,6,9,10,8,8,7,7,5,6,9,7,9,9,8,10,8,7,8,8,8,8,8,8,4,11,6,7,7,7,6,8,8,7,4,6,10,10,4,6,5,5,10,9,9,5,9,6,10,4,11,5,8,7,10,7,14,11,8,11,8,6,12,13,8,12,9,6,4,9,6,13,7,11,8,9,9,7,6,10,9,15,10,7,6,9,9,9,11,11,7,6,11,5,11,5,5,6,8,6,7,10,12,8,6,5,10,6,10,6,6,7,7,8,6,9,8,7,8,10,4,8,5,4,5,7,13,6,9,11,9,9,9,11,6,10,7,8,7,5,8,6,6,10,7,6,5,6,8,8,8,12,8
align-dinov2+1b-things+hyp-abl40cat-218,9,8,6,9,7,5,9,10,3,6,8,6,4,8,8,5,6,5,9,6,6,8,7,8,4,12,6,7,5,7,11,8,10,10,4,13,8,9,8,12,8,6,4,6,7,8,7,10,8,8,7,8,10,9,8,6,8,11,9,25,7,9,8,7,8,10,8,9,10,9,9,12,8,10,6,11,11,8,7,7,5,14,7,8,8,9,8,5,6,14,12,7,8,5,6,7,7,7,7,4,9,6,10,7,8,7,11,9,10,6,13,10,3,6,4,10,5,7,8,8,6,9,6,10,16,11,6,7,8,5,8,6,6,8,7,12,11,5,10,9,5,8,8,10,4,7,5,4,6,5,16,10,6,8,3,7,10,4,6,8,8,7,8,7,6,10,10,8,8,9,8,5,7,10,7,8,4,12,9,7,10,10,7,10,6,7,7,7,7,10,5,9,8,7,6,9,11,8,9,8,8,6,5,7,9,7,9,7,6,7,5,7,6,8,7,7,4,5,9,7,9,5,10,8,8,13,9,10,6,6,11,4,9,7,8,6,7,7,7,5,8,7,5,10,9,8,6,5,10,5,12,11,6,7,5,7,5,8,11,8,9,7,8,6,6,6,10,6,12,5,11,7,15,11,8,9,11,10,14,10,7,8,6,8,8,6,7,7,10,11,7,9,4,7,5,5,4,7,5,9,8,8,12,10,7,8,10,7,10,13,8,11,9,5,8,7,7,7,9,7,6,8,9,8,8,7,9,6,6,9,6,6,8,7,10,11,8,14,11,9,12,7,13,10,7,8,6,7,7,11,8,4,7,6,6,7,9,8,9,8,9,9,8,8,8,9,6,8,8,10,5,8,6,7,6,8,7,8,7,7,5,4,7,7,7,6,10,7,5,5,17,5,8,10,8,4,7,6,7,11,6,7,8,6,3,8,6,9,9,12,4,9,5,8,6,6,4,5,7,10,6,9,6,6,13,5,5,11,6,7,8,5,8,5,10,4,4,6,16,5,8,5,6,11,13,6,5,5,10,10,6,10,9,8,11,9,7,7,9,7,10,5,3,9,5,7,11,5,8,6,8,10,5,10,5,8,6,8,5,8,11,3,3,7,5,11,10,10,7,8,7,10,6,10,8,4,11,10,5,7,6,7,9,9,4,6,5,9,6,6,10,11,7,10,10,8,9,8,10,6,6,4,6,8,12,5,10,11,9,7,6,5,6,8,10,10,3,13,7,11,5,6,9,5,7,7,9,7,7,11,8,7,9,14,11,8,10,9,6,10,6,6,6,8,6,11,8,8,11,5,8,10,6,10,7,9,5,9,9,7,8,6,14,11,6,4,7,11,7,6,10,7,5,7,9,15,6,6,10,8,11,7,8,7,6,10,8,10,9,10,8,6,13,9,11,7,8,8,3,6,7,7,6,6,9,6,9,7,8,7,6,11,10,4,6,9,6,10,11,4,7,8,12,8,5,8,7,8,6,7,9,6,7,7,6,4,8,8,10,6,6,7,9,6,11,7,11,7,10,9,5,7,8,9,9,7,5,15,4,7,7,5,6,5,6,6,7,8,8,6,9,10,9,8,12,8,9,5,12,13,7,6,11,5,12,7,8,5,9,6,8,5,6,5,9,7,9,12,8,4,10,11,6,4,4,9,6,6,8,8,4,5,8,8,13,9,7,6,5,6,11,11,6,11,9,6,6,7,6,5,7,10,9,7,10,8,4,8,11,6,6,6,7,10,5,7,8,6,8,4,10,10,9,6,8,5,5,4,9,15,8,6,7,7,9,10,5,7,10,10,4,5,7,9,7,6,9,8,6,11,6,6,6,6,11,13,8,12,8,8,6,6,7,7,11,10,6,7,7,5,6,9,7,8,5,9,9,6,7,9,9,3,5,11,9,8,6,8,5,7,8,9,8,6,5,7,10,7,13,5,7,11,8,9,7,7,5,11,10,6,8,7,10,11,7,6,7,8,10,7,7,9,3,7,10,11,12,7,8,12,6,8,5,6,7,9,6,6,6,9,6,5,7,3,9,11,8,10,7,8,5,8,4,4,10,12,4,6,7,9,8,10,4,8,10,5,7,7,6,6,7,4,5,9,7,8,10,7,6,11,4,9,10,6,6,9,10,5,9,4,8,8,8,6,8,8,7,14,5,12,8,5,9,8,4,8,11,8,9,7,8,8,9,4,7,8,4,5,7,7,8,4,8,8,9,9,10,5,6,8,9,3,7,7,5,4,10,6,11,7,5,7,5,7,7,9,6,6,7,8,7,6,8,8,9,6,8,7,4,6,9,6,8,8,9,8,5,6,6,7,12,5,7,6,9,7,5,7,5,9,8,5,7,8,7,4,6,11,6,11,7,8,9,8,12,8,10,5,10,12,9,6,9,6,8,10,8,13,5,5,11,8,4,9,11,8,9,12,9,10,7,3,10,7,6,8,8,9,10,11,7,10,5,7,8,8,9,8,9,9,5,7,8,9,8,8,10,7,5,9,7,8,5,12,12,8,7,6,5,8,6,9,6,8,4,9,5,8,12,12,9,6,7,6,5,7,9,5,7,8,4,7,4,12,6,12,6,7,8,7,7,7,5,7,7,9,8,13,6,7,12,7,13,8,8,6,6,5,6,9,9,10,10,10,7,10,9,12,6,7,10,7,6,8,13,8,7,7,5,8,11,8,8,6,9,11,10,10
align-dinov2+1b-things+hyp-abl40cat-218-random,9,8,6,9,7,5,9,10,3,6,8,6,4,8,8,5,6,5,9,6,6,8,7,8,4,12,6,7,5,7,11,8,10,10,4,13,8,9,8,12,8,6,4,6,7,8,7,10,8,8,7,8,10,9,8,6,8,11,9,25,7,9,8,7,8,10,8,9,10,9,9,12,8,10,6,11,11,8,7,7,5,14,7,8,8,9,8,5,6,14,12,7,8,5,6,7,7,7,7,4,9,6,10,7,8,7,11,9,10,6,13,10,3,6,4,10,5,7,8,8,6,9,6,10,16,11,6,7,8,5,8,6,6,8,7,12,11,5,10,9,5,8,8,10,4,7,5,4,6,5,16,10,6,8,3,7,10,4,6,8,8,7,8,7,6,10,10,8,8,9,8,5,7,10,7,8,4,12,9,7,10,10,7,10,6,7,7,7,7,10,5,9,8,7,6,9,11,8,9,8,8,6,5,7,9,7,9,7,6,7,5,7,6,8,7,7,4,5,9,7,9,5,10,8,8,13,9,10,6,6,11,4,9,7,8,6,7,7,7,5,8,7,5,10,9,8,6,5,10,5,12,11,6,7,5,7,5,8,11,8,9,7,8,6,6,6,10,6,12,5,11,7,15,11,8,9,11,10,14,10,7,8,6,8,8,6,7,7,10,11,7,9,4,7,5,5,4,7,5,9,8,8,12,10,7,8,10,7,10,13,8,11,9,5,8,7,7,7,9,7,6,8,9,8,8,7,9,6,6,9,6,6,8,7,10,11,8,14,11,9,12,7,13,10,7,8,6,7,7,11,8,4,7,6,6,7,9,8,9,8,9,9,8,8,8,9,6,8,8,10,5,8,6,7,6,8,7,8,7,7,5,4,7,7,7,6,10,7,5,5,17,5,8,10,8,4,7,6,7,11,6,7,8,6,3,8,6,9,9,12,4,9,5,8,6,6,4,5,7,10,6,9,6,6,13,5,5,11,6,7,8,5,8,5,10,4,4,6,16,5,8,5,6,11,13,6,5,5,10,10,6,10,9,8,11,9,7,7,9,7,10,5,3,9,5,7,11,5,8,6,8,10,5,10,5,8,6,8,5,8,11,3,3,7,5,11,10,10,7,8,7,10,6,10,8,4,11,10,5,7,6,7,9,9,4,6,5,9,6,6,10,11,7,10,10,8,9,8,10,6,6,4,6,8,12,5,10,11,9,7,6,5,6,8,10,10,3,13,7,11,5,6,9,5,7,7,9,7,7,11,8,7,9,14,11,8,10,9,6,10,6,6,6,8,6,11,8,8,11,5,8,10,6,10,7,9,5,9,9,7,8,6,14,11,6,4,7,11,7,6,10,7,5,7,9,15,6,6,10,8,11,7,8,7,6,10,8,10,9,10,8,6,13,9,11,7,8,8,3,6,7,7,6,6,9,6,9,7,8,7,6,11,10,4,6,9,6,10,11,4,7,8,12,8,5,8,7,8,6,7,9,6,7,7,6,4,8,8,10,6,6,7,9,6,11,7,11,7,10,9,5,7,8,9,9,7,5,15,4,7,7,5,6,5,6,6,7,8,8,6,9,10,9,8,12,8,9,5,12,13,7,6,11,5,12,7,8,5,9,6,8,5,6,5,9,7,9,12,8,4,10,11,6,4,4,9,6,6,8,8,4,5,8,8,13,9,7,6,5,6,11,11,6,11,9,6,6,7,6,5,7,10,9,7,10,8,4,8,11,6,6,6,7,10,5,7,8,6,8,4,10,10,9,6,8,5,5,4,9,15,8,6,7,7,9,10,5,7,10,10,4,5,7,9,7,6,9,8,6,11,6,6,6,6,11,13,8,12,8,8,6,6,7,7,11,10,6,7,7,5,6,9,7,8,5,9,9,6,7,9,9,3,5,11,9,8,6,8,5,7,8,9,8,6,5,7,10,7,13,5,7,11,8,9,7,7,5,11,10,6,8,7,10,11,7,6,7,8,10,7,7,9,3,7,10,11,12,7,8,12,6,8,5,6,7,9,6,6,6,9,6,5,7,3,9,11,8,10,7,8,5,8,4,4,10,12,4,6,7,9,8,10,4,8,10,5,7,7,6,6,7,4,5,9,7,8,10,7,6,11,4,9,10,6,6,9,10,5,9,4,8,8,8,6,8,8,7,14,5,12,8,5,9,8,4,8,11,8,9,7,8,8,9,4,7,8,4,5,7,7,8,4,8,8,9,9,10,5,6,8,9,3,7,7,5,4,10,6,11,7,5,7,5,7,7,9,6,6,7,8,7,6,8,8,9,6,8,7,4,6,9,6,8,8,9,8,5,6,6,7,12,5,7,6,9,7,5,7,5,9,8,5,7,8,7,4,6,11,6,11,7,8,9,8,12,8,10,5,10,12,9,6,9,6,8,10,8,13,5,5,11,8,4,9,11,8,9,12,9,10,7,3,10,7,6,8,8,9,10,11,7,10,5,7,8,8,9,8,9,9,5,7,8,9,8,8,10,7,5,9,7,8,5,12,12,8,7,6,5,8,6,9,6,8,4,9,5,8,12,12,9,6,7,6,5,7,9,5,7,8,4,7,4,12,6,12,6,7,8,7,7,7,5,7,7,9,8,13,6,7,12,7,13,8,8,6,6,5,6,9,9,10,10,10,7,10,9,12,6,7,10,7,6,8,13,8,7,7,5,8,11,8,8,6,9,11,10,10
align-dinov2+1b-things+hyp-abl40cat-42,9,8,6,9,7,5,9,10,3,6,8,6,4,8,8,5,6,5,9,6,6,8,7,8,4,12,6,7,5,7,11,8,10,10,4,13,8,9,8,12,8,6,4,6,7,8,7,10,8,8,7,8,10,9,8,6,8,11,9,25,7,9,8,7,8,10,8,9,10,9,9,12,8,10,6,11,11,8,7,7,5,14,7,8,8,9,8,5,6,14,12,7,8,5,6,7,7,7,7,4,9,6,10,7,8,7,11,9,10,6,13,10,3,6,4,10,5,7,8,8,6,9,6,10,16,11,6,7,8,5,8,6,6,8,7,12,11,5,10,9,5,8,8,10,4,7,5,4,6,5,16,10,6,8,3,7,10,4,6,8,8,7,8,7,6,10,10,8,8,9,8,5,7,10,7,8,4,12,9,7,10,10,7,10,6,7,7,7,7,10,5,9,8,7,6,9,11,8,9,8,8,6,5,7,9,7,9,7,6,7,5,7,6,8,7,7,4,5,9,7,9,5,10,8,8,13,9,10,6,6,11,4,9,7,8,6,7,7,7,5,8,7,5,10,9,8,6,5,10,5,12,11,6,7,5,7,5,8,11,8,9,7,8,6,6,6,10,6,12,5,11,7,15,11,8,9,11,10,14,10,7,8,6,8,8,6,7,7,10,11,7,9,4,7,5,5,4,7,5,9,8,8,12,10,7,8,10,7,10,13,8,11,9,5,8,7,7,7,9,7,6,8,9,8,8,7,9,6,6,9,6,6,8,7,10,11,8,14,11,9,12,7,13,10,7,8,6,7,7,11,8,4,7,6,6,7,9,8,9,8,9,9,8,8,8,9,6,8,8,10,5,8,6,7,6,8,7,8,7,7,5,4,7,7,7,6,10,7,5,5,17,5,8,10,8,4,7,6,7,11,6,7,8,6,3,8,6,9,9,12,4,9,5,8,6,6,4,5,7,10,6,9,6,6,13,5,5,11,6,7,8,5,8,5,10,4,4,6,16,5,8,5,6,11,13,6,5,5,10,10,6,10,9,8,11,9,7,7,9,7,10,5,3,9,5,7,11,5,8,6,8,10,5,10,5,8,6,8,5,8,11,3,3,7,5,11,10,10,7,8,7,10,6,10,8,4,11,10,5,7,6,7,9,9,4,6,5,9,6,6,10,11,7,10,10,8,9,8,10,6,6,4,6,8,12,5,10,11,9,7,6,5,6,8,10,10,3,13,7,11,5,6,9,5,7,7,9,7,7,11,8,7,9,14,11,8,10,9,6,10,6,6,6,8,6,11,8,8,11,5,8,10,6,10,7,9,5,9,9,7,8,6,14,11,6,4,7,11,7,6,10,7,5,7,9,15,6,6,10,8,11,7,8,7,6,10,8,10,9,10,8,6,13,9,11,7,8,8,3,6,7,7,6,6,9,6,9,7,8,7,6,11,10,4,6,9,6,10,11,4,7,8,12,8,5,8,7,8,6,7,9,6,7,7,6,4,8,8,10,6,6,7,9,6,11,7,11,7,10,9,5,7,8,9,9,7,5,15,4,7,7,5,6,5,6,6,7,8,8,6,9,10,9,8,12,8,9,5,12,13,7,6,11,5,12,7,8,5,9,6,8,5,6,5,9,7,9,12,8,4,10,11,6,4,4,9,6,6,8,8,4,5,8,8,13,9,7,6,5,6,11,11,6,11,9,6,6,7,6,5,7,10,9,7,10,8,4,8,11,6,6,6,7,10,5,7,8,6,8,4,10,10,9,6,8,5,5,4,9,15,8,6,7,7,9,10,5,7,10,10,4,5,7,9,7,6,9,8,6,11,6,6,6,6,11,13,8,12,8,8,6,6,7,7,11,10,6,7,7,5,6,9,7,8,5,9,9,6,7,9,9,3,5,11,9,8,6,8,5,7,8,9,8,6,5,7,10,7,13,5,7,11,8,9,7,7,5,11,10,6,8,7,10,11,7,6,7,8,10,7,7,9,3,7,10,11,12,7,8,12,6,8,5,6,7,9,6,6,6,9,6,5,7,3,9,11,8,10,7,8,5,8,4,4,10,12,4,6,7,9,8,10,4,8,10,5,7,7,6,6,7,4,5,9,7,8,10,7,6,11,4,9,10,6,6,9,10,5,9,4,8,8,8,6,8,8,7,14,5,12,8,5,9,8,4,8,11,8,9,7,8,8,9,4,7,8,4,5,7,7,8,4,8,8,9,9,10,5,6,8,9,3,7,7,5,4,10,6,11,7,5,7,5,7,7,9,6,6,7,8,7,6,8,8,9,6,8,7,4,6,9,6,8,8,9,8,5,6,6,7,12,5,7,6,9,7,5,7,5,9,8,5,7,8,7,4,6,11,6,11,7,8,9,8,12,8,10,5,10,12,9,6,9,6,8,10,8,13,5,5,11,8,4,9,11,8,9,12,9,10,7,3,10,7,6,8,8,9,10,11,7,10,5,7,8,8,9,8,9,9,5,7,8,9,8,8,10,7,5,9,7,8,5,12,12,8,7,6,5,8,6,9,6,8,4,9,5,8,12,12,9,6,7,6,5,7,9,5,7,8,4,7,4,12,6,12,6,7,8,7,7,7,5,7,7,9,8,13,6,7,12,7,13,8,8,6,6,5,6,9,9,10,10,10,7,10,9,12,6,7,10,7,6,8,13,8,7,7,5,8,11,8,8,6,9,11,10,10
align-dinov2+1b-things+hyp-abl40cat-42-random,9,8,6,9,7,5,9,10,3,6,8,6,4,8,8,5,6,5,9,6,6,8,7,8,4,12,6,7,5,7,11,8,10,10,4,13,8,9,8,12,8,6,4,6,7,8,7,10,8,8,7,8,10,9,8,6,8,11,9,25,7,9,8,7,8,10,8,9,10,9,9,12,8,10,6,11,11,8,7,7,5,14,7,8,8,9,8,5,6,14,12,7,8,5,6,7,7,7,7,4,9,6,10,7,8,7,11,9,10,6,13,10,3,6,4,10,5,7,8,8,6,9,6,10,16,11,6,7,8,5,8,6,6,8,7,12,11,5,10,9,5,8,8,10,4,7,5,4,6,5,16,10,6,8,3,7,10,4,6,8,8,7,8,7,6,10,10,8,8,9,8,5,7,10,7,8,4,12,9,7,10,10,7,10,6,7,7,7,7,10,5,9,8,7,6,9,11,8,9,8,8,6,5,7,9,7,9,7,6,7,5,7,6,8,7,7,4,5,9,7,9,5,10,8,8,13,9,10,6,6,11,4,9,7,8,6,7,7,7,5,8,7,5,10,9,8,6,5,10,5,12,11,6,7,5,7,5,8,11,8,9,7,8,6,6,6,10,6,12,5,11,7,15,11,8,9,11,10,14,10,7,8,6,8,8,6,7,7,10,11,7,9,4,7,5,5,4,7,5,9,8,8,12,10,7,8,10,7,10,13,8,11,9,5,8,7,7,7,9,7,6,8,9,8,8,7,9,6,6,9,6,6,8,7,10,11,8,14,11,9,12,7,13,10,7,8,6,7,7,11,8,4,7,6,6,7,9,8,9,8,9,9,8,8,8,9,6,8,8,10,5,8,6,7,6,8,7,8,7,7,5,4,7,7,7,6,10,7,5,5,17,5,8,10,8,4,7,6,7,11,6,7,8,6,3,8,6,9,9,12,4,9,5,8,6,6,4,5,7,10,6,9,6,6,13,5,5,11,6,7,8,5,8,5,10,4,4,6,16,5,8,5,6,11,13,6,5,5,10,10,6,10,9,8,11,9,7,7,9,7,10,5,3,9,5,7,11,5,8,6,8,10,5,10,5,8,6,8,5,8,11,3,3,7,5,11,10,10,7,8,7,10,6,10,8,4,11,10,5,7,6,7,9,9,4,6,5,9,6,6,10,11,7,10,10,8,9,8,10,6,6,4,6,8,12,5,10,11,9,7,6,5,6,8,10,10,3,13,7,11,5,6,9,5,7,7,9,7,7,11,8,7,9,14,11,8,10,9,6,10,6,6,6,8,6,11,8,8,11,5,8,10,6,10,7,9,5,9,9,7,8,6,14,11,6,4,7,11,7,6,10,7,5,7,9,15,6,6,10,8,11,7,8,7,6,10,8,10,9,10,8,6,13,9,11,7,8,8,3,6,7,7,6,6,9,6,9,7,8,7,6,11,10,4,6,9,6,10,11,4,7,8,12,8,5,8,7,8,6,7,9,6,7,7,6,4,8,8,10,6,6,7,9,6,11,7,11,7,10,9,5,7,8,9,9,7,5,15,4,7,7,5,6,5,6,6,7,8,8,6,9,10,9,8,12,8,9,5,12,13,7,6,11,5,12,7,8,5,9,6,8,5,6,5,9,7,9,12,8,4,10,11,6,4,4,9,6,6,8,8,4,5,8,8,13,9,7,6,5,6,11,11,6,11,9,6,6,7,6,5,7,10,9,7,10,8,4,8,11,6,6,6,7,10,5,7,8,6,8,4,10,10,9,6,8,5,5,4,9,15,8,6,7,7,9,10,5,7,10,10,4,5,7,9,7,6,9,8,6,11,6,6,6,6,11,13,8,12,8,8,6,6,7,7,11,10,6,7,7,5,6,9,7,8,5,9,9,6,7,9,9,3,5,11,9,8,6,8,5,7,8,9,8,6,5,7,10,7,13,5,7,11,8,9,7,7,5,11,10,6,8,7,10,11,7,6,7,8,10,7,7,9,3,7,10,11,12,7,8,12,6,8,5,6,7,9,6,6,6,9,6,5,7,3,9,11,8,10,7,8,5,8,4,4,10,12,4,6,7,9,8,10,4,8,10,5,7,7,6,6,7,4,5,9,7,8,10,7,6,11,4,9,10,6,6,9,10,5,9,4,8,8,8,6,8,8,7,14,5,12,8,5,9,8,4,8,11,8,9,7,8,8,9,4,7,8,4,5,7,7,8,4,8,8,9,9,10,5,6,8,9,3,7,7,5,4,10,6,11,7,5,7,5,7,7,9,6,6,7,8,7,6,8,8,9,6,8,7,4,6,9,6,8,8,9,8,5,6,6,7,12,5,7,6,9,7,5,7,5,9,8,5,7,8,7,4,6,11,6,11,7,8,9,8,12,8,10,5,10,12,9,6,9,6,8,10,8,13,5,5,11,8,4,9,11,8,9,12,9,10,7,3,10,7,6,8,8,9,10,11,7,10,5,7,8,8,9,8,9,9,5,7,8,9,8,8,10,7,5,9,7,8,5,12,12,8,7,6,5,8,6,9,6,8,4,9,5,8,12,12,9,6,7,6,5,7,9,5,7,8,4,7,4,12,6,12,6,7,8,7,7,7,5,7,7,9,8,13,6,7,12,7,13,8,8,6,6,5,6,9,9,10,10,10,7,10,9,12,6,7,10,7,6,8,13,8,7,7,5,8,11,8,8,6,9,11,10,10
align-dinov2+1b-things+hyp-abl40cat-7,9,8,6,9,7,5,9,10,3,6,8,6,4,8,8,5,6,5,9,6,6,8,7,8,4,12,6,7,5,7,11,8,10,10,4,13,8,9,8,12,8,6,4,6,7,8,7,10,8,8,7,8,10,9,8,6,8,11,9,25,7,9,8,7,8,10,8,9,10,9,9,12,8,10,6,11,11,8,7,7,5,14,7,8,8,9,8,5,6,14,12,7,8,5,6,7,7,7,7,4,9,6,10,7,8,7,11,9,10,6,13,10,3,6,4,10,5,7,8,8,6,9,6,10,16,11,6,7,8,5,8,6,6,8,7,12,11,5,10,9,5,8,8,10,4,7,5,4,6,5,16,10,6,8,3,7,10,4,6,8,8,7,8,7,6,10,10,8,8,9,8,5,7,10,7,8,4,12,9,7,10,10,7,10,6,7,7,7,7,10,5,9,8,7,6,9,11,8,9,8,8,6,5,7,9,7,9,7,6,7,5,7,6,8,7,7,4,5,9,7,9,5,10,8,8,13,9,10,6,6,11,4,9,7,8,6,7,7,7,5,8,7,5,10,9,8,6,5,10,5,12,11,6,7,5,7,5,8,11,8,9,7,8,6,6,6,10,6,12,5,11,7,15,11,8,9,11,10,14,10,7,8,6,8,8,6,7,7,10,11,7,9,4,7,5,5,4,7,5,9,8,8,12,10,7,8,10,7,10,13,8,11,9,5,8,7,7,7,9,7,6,8,9,8,8,7,9,6,6,9,6,6,8,7,10,11,8,14,11,9,12,7,13,10,7,8,6,7,7,11,8,4,7,6,6,7,9,8,9,8,9,9,8,8,8,9,6,8,8,10,5,8,6,7,6,8,7,8,7,7,5,4,7,7,7,6,10,7,5,5,17,5,8,10,8,4,7,6,7,11,6,7,8,6,3,8,6,9,9,12,4,9,5,8,6,6,4,5,7,10,6,9,6,6,13,5,5,11,6,7,8,5,8,5,10,4,4,6,16,5,8,5,6,11,13,6,5,5,10,10,6,10,9,8,11,9,7,7,9,7,10,5,3,9,5,7,11,5,8,6,8,10,5,10,5,8,6,8,5,8,11,3,3,7,5,11,10,10,7,8,7,10,6,10,8,4,11,10,5,7,6,7,9,9,4,6,5,9,6,6,10,11,7,10,10,8,9,8,10,6,6,4,6,8,12,5,10,11,9,7,6,5,6,8,10,10,3,13,7,11,5,6,9,5,7,7,9,7,7,11,8,7,9,14,11,8,10,9,6,10,6,6,6,8,6,11,8,8,11,5,8,10,6,10,7,9,5,9,9,7,8,6,14,11,6,4,7,11,7,6,10,7,5,7,9,15,6,6,10,8,11,7,8,7,6,10,8,10,9,10,8,6,13,9,11,7,8,8,3,6,7,7,6,6,9,6,9,7,8,7,6,11,10,4,6,9,6,10,11,4,7,8,12,8,5,8,7,8,6,7,9,6,7,7,6,4,8,8,10,6,6,7,9,6,11,7,11,7,10,9,5,7,8,9,9,7,5,15,4,7,7,5,6,5,6,6,7,8,8,6,9,10,9,8,12,8,9,5,12,13,7,6,11,5,12,7,8,5,9,6,8,5,6,5,9,7,9,12,8,4,10,11,6,4,4,9,6,6,8,8,4,5,8,8,13,9,7,6,5,6,11,11,6,11,9,6,6,7,6,5,7,10,9,7,10,8,4,8,11,6,6,6,7,10,5,7,8,6,8,4,10,10,9,6,8,5,5,4,9,15,8,6,7,7,9,10,5,7,10,10,4,5,7,9,7,6,9,8,6,11,6,6,6,6,11,13,8,12,8,8,6,6,7,7,11,10,6,7,7,5,6,9,7,8,5,9,9,6,7,9,9,3,5,11,9,8,6,8,5,7,8,9,8,6,5,7,10,7,13,5,7,11,8,9,7,7,5,11,10,6,8,7,10,11,7,6,7,8,10,7,7,9,3,7,10,11,12,7,8,12,6,8,5,6,7,9,6,6,6,9,6,5,7,3,9,11,8,10,7,8,5,8,4,4,10,12,4,6,7,9,8,10,4,8,10,5,7,7,6,6,7,4,5,9,7,8,10,7,6,11,4,9,10,6,6,9,10,5,9,4,8,8,8,6,8,8,7,14,5,12,8,5,9,8,4,8,11,8,9,7,8,8,9,4,7,8,4,5,7,7,8,4,8,8,9,9,10,5,6,8,9,3,7,7,5,4,10,6,11,7,5,7,5,7,7,9,6,6,7,8,7,6,8,8,9,6,8,7,4,6,9,6,8,8,9,8,5,6,6,7,12,5,7,6,9,7,5,7,5,9,8,5,7,8,7,4,6,11,6,11,7,8,9,8,12,8,10,5,10,12,9,6,9,6,8,10,8,13,5,5,11,8,4,9,11,8,9,12,9,10,7,3,10,7,6,8,8,9,10,11,7,10,5,7,8,8,9,8,9,9,5,7,8,9,8,8,10,7,5,9,7,8,5,12,12,8,7,6,5,8,6,9,6,8,4,9,5,8,12,12,9,6,7,6,5,7,9,5,7,8,4,7,4,12,6,12,6,7,8,7,7,7,5,7,7,9,8,13,6,7,12,7,13,8,8,6,6,5,6,9,9,10,10,10,7,10,9,12,6,7,10,7,6,8,13,8,7,7,5,8,11,8,8,6,9,11,10,10
align-dinov2+1b-things+hyp-abl40cat-7-random,9,8,6,9,7,5,9,10,3,6,8,6,4,8,8,5,6,5,9,6,6,8,7,8,4,12,6,7,5,7,11,8,10,10,4,13,8,9,8,12,8,6,4,6,7,8,7,10,8,8,7,8,10,9,8,6,8,11,9,25,7,9,8,7,8,10,8,9,10,9,9,12,8,10,6,11,11,8,7,7,5,14,7,8,8,9,8,5,6,14,12,7,8,5,6,7,7,7,7,4,9,6,10,7,8,7,11,9,10,6,13,10,3,6,4,10,5,7,8,8,6,9,6,10,16,11,6,7,8,5,8,6,6,8,7,12,11,5,10,9,5,8,8,10,4,7,5,4,6,5,16,10,6,8,3,7,10,4,6,8,8,7,8,7,6,10,10,8,8,9,8,5,7,10,7,8,4,12,9,7,10,10,7,10,6,7,7,7,7,10,5,9,8,7,6,9,11,8,9,8,8,6,5,7,9,7,9,7,6,7,5,7,6,8,7,7,4,5,9,7,9,5,10,8,8,13,9,10,6,6,11,4,9,7,8,6,7,7,7,5,8,7,5,10,9,8,6,5,10,5,12,11,6,7,5,7,5,8,11,8,9,7,8,6,6,6,10,6,12,5,11,7,15,11,8,9,11,10,14,10,7,8,6,8,8,6,7,7,10,11,7,9,4,7,5,5,4,7,5,9,8,8,12,10,7,8,10,7,10,13,8,11,9,5,8,7,7,7,9,7,6,8,9,8,8,7,9,6,6,9,6,6,8,7,10,11,8,14,11,9,12,7,13,10,7,8,6,7,7,11,8,4,7,6,6,7,9,8,9,8,9,9,8,8,8,9,6,8,8,10,5,8,6,7,6,8,7,8,7,7,5,4,7,7,7,6,10,7,5,5,17,5,8,10,8,4,7,6,7,11,6,7,8,6,3,8,6,9,9,12,4,9,5,8,6,6,4,5,7,10,6,9,6,6,13,5,5,11,6,7,8,5,8,5,10,4,4,6,16,5,8,5,6,11,13,6,5,5,10,10,6,10,9,8,11,9,7,7,9,7,10,5,3,9,5,7,11,5,8,6,8,10,5,10,5,8,6,8,5,8,11,3,3,7,5,11,10,10,7,8,7,10,6,10,8,4,11,10,5,7,6,7,9,9,4,6,5,9,6,6,10,11,7,10,10,8,9,8,10,6,6,4,6,8,12,5,10,11,9,7,6,5,6,8,10,10,3,13,7,11,5,6,9,5,7,7,9,7,7,11,8,7,9,14,11,8,10,9,6,10,6,6,6,8,6,11,8,8,11,5,8,10,6,10,7,9,5,9,9,7,8,6,14,11,6,4,7,11,7,6,10,7,5,7,9,15,6,6,10,8,11,7,8,7,6,10,8,10,9,10,8,6,13,9,11,7,8,8,3,6,7,7,6,6,9,6,9,7,8,7,6,11,10,4,6,9,6,10,11,4,7,8,12,8,5,8,7,8,6,7,9,6,7,7,6,4,8,8,10,6,6,7,9,6,11,7,11,7,10,9,5,7,8,9,9,7,5,15,4,7,7,5,6,5,6,6,7,8,8,6,9,10,9,8,12,8,9,5,12,13,7,6,11,5,12,7,8,5,9,6,8,5,6,5,9,7,9,12,8,4,10,11,6,4,4,9,6,6,8,8,4,5,8,8,13,9,7,6,5,6,11,11,6,11,9,6,6,7,6,5,7,10,9,7,10,8,4,8,11,6,6,6,7,10,5,7,8,6,8,4,10,10,9,6,8,5,5,4,9,15,8,6,7,7,9,10,5,7,10,10,4,5,7,9,7,6,9,8,6,11,6,6,6,6,11,13,8,12,8,8,6,6,7,7,11,10,6,7,7,5,6,9,7,8,5,9,9,6,7,9,9,3,5,11,9,8,6,8,5,7,8,9,8,6,5,7,10,7,13,5,7,11,8,9,7,7,5,11,10,6,8,7,10,11,7,6,7,8,10,7,7,9,3,7,10,11,12,7,8,12,6,8,5,6,7,9,6,6,6,9,6,5,7,3,9,11,8,10,7,8,5,8,4,4,10,12,4,6,7,9,8,10,4,8,10,5,7,7,6,6,7,4,5,9,7,8,10,7,6,11,4,9,10,6,6,9,10,5,9,4,8,8,8,6,8,8,7,14,5,12,8,5,9,8,4,8,11,8,9,7,8,8,9,4,7,8,4,5,7,7,8,4,8,8,9,9,10,5,6,8,9,3,7,7,5,4,10,6,11,7,5,7,5,7,7,9,6,6,7,8,7,6,8,8,9,6,8,7,4,6,9,6,8,8,9,8,5,6,6,7,12,5,7,6,9,7,5,7,5,9,8,5,7,8,7,4,6,11,6,11,7,8,9,8,12,8,10,5,10,12,9,6,9,6,8,10,8,13,5,5,11,8,4,9,11,8,9,12,9,10,7,3,10,7,6,8,8,9,10,11,7,10,5,7,8,8,9,8,9,9,5,7,8,9,8,8,10,7,5,9,7,8,5,12,12,8,7,6,5,8,6,9,6,8,4,9,5,8,12,12,9,6,7,6,5,7,9,5,7,8,4,7,4,12,6,12,6,7,8,7,7,7,5,7,7,9,8,13,6,7,12,7,13,8,8,6,6,5,6,9,9,10,10,10,7,10,9,12,6,7,10,7,6,8,13,8,7,7,5,8,11,8,8,6,9,11,10,10
align-dinov2+1b-things+hyp-abl40cat-local-shuffled-218,4,7,11,8,5,8,9,7,8,6,11,10,6,9,7,8,10,14,9,6,10,8,9,6,7,7,7,9,11,7,9,7,9,5,7,7,10,8,7,10,6,8,5,8,9,6,7,6,10,6,6,4,9,10,8,7,7,4,5,19,10,4,9,7,9,9,7,7,5,8,9,5,7,10,10,8,5,7,7,4,7,10,7,9,5,11,5,5,8,8,12,7,10,9,9,8,10,8,6,9,9,8,7,10,11,6,10,9,9,9,10,8,10,7,7,9,8,8,9,10,8,7,7,4,15,11,8,7,8,5,8,11,8,9,10,9,9,6,10,4,5,7,8,8,6,9,7,7,6,8,15,6,4,8,7,8,4,8,5,6,8,8,5,5,9,7,6,8,6,7,5,6,10,7,6,7,9,9,7,5,6,9,10,6,11,6,7,7,7,5,8,4,9,6,9,10,8,8,10,6,10,4,5,5,13,4,5,7,7,9,9,4,6,8,7,6,4,6,6,9,7,4,10,5,11,7,9,8,6,7,15,7,5,8,8,9,6,6,7,5,9,6,7,11,8,13,6,12,6,9,8,8,7,8,7,5,7,9,9,7,7,9,10,7,5,10,8,9,8,5,8,7,8,7,6,8,6,10,6,7,9,5,9,7,8,5,7,6,5,9,10,5,7,10,7,5,10,6,11,6,6,6,11,5,9,10,8,8,5,9,11,8,9,6,6,5,10,8,9,9,9,13,9,5,8,7,6,9,6,7,7,3,6,10,9,7,9,8,8,10,8,8,8,9,8,12,7,7,6,8,10,7,8,12,6,4,5,6,9,8,8,6,5,7,4,7,10,6,6,7,10,8,8,3,4,6,8,5,6,10,4,6,9,7,8,7,6,11,8,10,16,8,12,7,4,6,6,7,11,13,7,10,11,9,7,7,6,8,6,6,7,8,4,6,6,9,7,10,10,8,9,10,8,5,7,10,8,4,8,8,8,7,10,8,5,6,9,5,5,9,10,10,8,6,6,9,12,9,11,5,9,10,9,10,7,9,8,11,7,7,7,5,8,7,7,11,7,6,7,8,9,7,8,8,7,11,5,4,9,7,7,5,10,5,6,8,8,7,7,5,10,7,10,11,4,6,9,5,9,8,11,8,6,9,5,10,13,7,8,9,9,6,5,6,10,8,10,8,8,11,8,6,6,9,9,9,10,5,10,5,5,10,7,9,8,10,8,6,10,8,6,11,10,7,7,7,5,7,8,8,7,9,12,16,9,8,8,10,11,9,8,4,8,6,8,6,7,4,5,9,5,6,6,10,9,7,8,9,7,10,7,4,10,8,8,4,6,6,5,9,10,8,8,8,10,5,5,7,6,4,8,9,5,5,7,13,5,8,12,7,8,13,5,7,8,8,9,5,10,9,8,7,12,9,5,10,6,8,6,7,8,7,10,12,6,7,7,8,7,11,5,4,7,5,8,7,6,7,4,12,11,8,8,8,10,5,10,11,9,9,8,7,10,7,5,6,9,9,8,5,6,7,10,8,6,4,6,8,5,5,5,7,6,7,8,8,5,7,12,7,11,12,3,12,5,7,7,5,8,6,5,9,8,9,6,8,9,8,12,8,6,9,8,8,4,8,9,8,5,10,5,6,7,12,10,9,9,10,9,15,8,6,5,5,4,9,6,9,7,13,6,11,6,5,11,6,8,6,6,7,8,7,7,6,5,8,5,13,6,8,8,9,8,8,7,8,10,9,7,8,8,9,10,7,9,10,12,6,5,9,7,5,8,8,6,8,9,8,9,5,8,8,6,9,7,9,7,5,7,12,10,7,8,7,12,14,8,7,7,6,8,7,5,10,7,7,8,10,8,6,9,13,10,6,7,6,6,10,12,11,6,3,9,9,5,9,12,7,8,6,7,9,7,6,9,10,7,9,8,10,13,15,11,7,9,11,8,7,12,5,6,8,6,4,9,8,6,5,13,7,6,11,6,6,8,7,8,6,6,8,7,10,4,5,8,9,10,6,13,7,5,9,9,9,8,8,7,9,5,11,8,10,6,9,9,7,8,5,9,7,8,7,9,8,13,10,8,6,7,6,9,8,7,6,6,4,5,6,8,4,7,5,7,6,5,7,10,6,6,4,8,11,6,15,7,8,10,6,6,7,6,10,7,10,10,7,8,11,9,7,7,11,10,11,6,9,5,10,9,8,7,10,10,5,11,9,9,10,7,4,8,7,6,8,7,8,9,6,7,6,8,13,8,8,4,8,7,7,7,4,12,10,6,10,6,9,11,7,9,6,9,10,8,7,7,9,6,6,5,5,8,5,6,9,4,9,11,12,12,9,7,7,10,13,10,8,5,6,7,6,10,9,6,10,6,11,6,9,7,16,10,6,6,7,8,10,8,10,4,5,8,11,8,6,7,11,7,9,6,10,9,7,7,8,10,6,7,7,9,5,4,9,5,8,8,5,8,8,9,7,6,10,6,14,5,8,5,9,9,6,4,11,8,7,10,7,6,4,11,14,6,9,5,6,9,8,5,9,9,12,8,6,14,6,4,8,5,8,8,8,9,5,9,5,7,7,7,4,10,10,9,12,7,6,5,7,6,6,10,8,5,8,8,9,9,7,7,8,3,5,9,7,7,6,7,6,6,4,8,9,7,4,7,6,7,13,10,7,6,9,6,8,7,7,7,6,6,6
align-dinov2+1b-things+hyp-abl40cat-local-shuffled-42,4,7,11,8,5,8,9,7,8,6,11,10,6,9,7,8,10,14,9,6,10,8,9,6,7,7,7,9,11,7,9,7,9,5,7,7,10,8,7,10,6,8,5,8,9,6,7,6,10,6,6,4,9,10,8,7,7,4,5,19,10,4,9,7,9,9,7,7,5,8,9,5,7,10,10,8,5,7,7,4,7,10,7,9,5,11,5,5,8,8,12,7,10,9,9,8,10,8,6,9,9,8,7,10,11,6,10,9,9,9,10,8,10,7,7,9,8,8,9,10,8,7,7,4,15,11,8,7,8,5,8,11,8,9,10,9,9,6,10,4,5,7,8,8,6,9,7,7,6,8,15,6,4,8,7,8,4,8,5,6,8,8,5,5,9,7,6,8,6,7,5,6,10,7,6,7,9,9,7,5,6,9,10,6,11,6,7,7,7,5,8,4,9,6,9,10,8,8,10,6,10,4,5,5,13,4,5,7,7,9,9,4,6,8,7,6,4,6,6,9,7,4,10,5,11,7,9,8,6,7,15,7,5,8,8,9,6,6,7,5,9,6,7,11,8,13,6,12,6,9,8,8,7,8,7,5,7,9,9,7,7,9,10,7,5,10,8,9,8,5,8,7,8,7,6,8,6,10,6,7,9,5,9,7,8,5,7,6,5,9,10,5,7,10,7,5,10,6,11,6,6,6,11,5,9,10,8,8,5,9,11,8,9,6,6,5,10,8,9,9,9,13,9,5,8,7,6,9,6,7,7,3,6,10,9,7,9,8,8,10,8,8,8,9,8,12,7,7,6,8,10,7,8,12,6,4,5,6,9,8,8,6,5,7,4,7,10,6,6,7,10,8,8,3,4,6,8,5,6,10,4,6,9,7,8,7,6,11,8,10,16,8,12,7,4,6,6,7,11,13,7,10,11,9,7,7,6,8,6,6,7,8,4,6,6,9,7,10,10,8,9,10,8,5,7,10,8,4,8,8,8,7,10,8,5,6,9,5,5,9,10,10,8,6,6,9,12,9,11,5,9,10,9,10,7,9,8,11,7,7,7,5,8,7,7,11,7,6,7,8,9,7,8,8,7,11,5,4,9,7,7,5,10,5,6,8,8,7,7,5,10,7,10,11,4,6,9,5,9,8,11,8,6,9,5,10,13,7,8,9,9,6,5,6,10,8,10,8,8,11,8,6,6,9,9,9,10,5,10,5,5,10,7,9,8,10,8,6,10,8,6,11,10,7,7,7,5,7,8,8,7,9,12,16,9,8,8,10,11,9,8,4,8,6,8,6,7,4,5,9,5,6,6,10,9,7,8,9,7,10,7,4,10,8,8,4,6,6,5,9,10,8,8,8,10,5,5,7,6,4,8,9,5,5,7,13,5,8,12,7,8,13,5,7,8,8,9,5,10,9,8,7,12,9,5,10,6,8,6,7,8,7,10,12,6,7,7,8,7,11,5,4,7,5,8,7,6,7,4,12,11,8,8,8,10,5,10,11,9,9,8,7,10,7,5,6,9,9,8,5,6,7,10,8,6,4,6,8,5,5,5,7,6,7,8,8,5,7,12,7,11,12,3,12,5,7,7,5,8,6,5,9,8,9,6,8,9,8,12,8,6,9,8,8,4,8,9,8,5,10,5,6,7,12,10,9,9,10,9,15,8,6,5,5,4,9,6,9,7,13,6,11,6,5,11,6,8,6,6,7,8,7,7,6,5,8,5,13,6,8,8,9,8,8,7,8,10,9,7,8,8,9,10,7,9,10,12,6,5,9,7,5,8,8,6,8,9,8,9,5,8,8,6,9,7,9,7,5,7,12,10,7,8,7,12,14,8,7,7,6,8,7,5,10,7,7,8,10,8,6,9,13,10,6,7,6,6,10,12,11,6,3,9,9,5,9,12,7,8,6,7,9,7,6,9,10,7,9,8,10,13,15,11,7,9,11,8,7,12,5,6,8,6,4,9,8,6,5,13,7,6,11,6,6,8,7,8,6,6,8,7,10,4,5,8,9,10,6,13,7,5,9,9,9,8,8,7,9,5,11,8,10,6,9,9,7,8,5,9,7,8,7,9,8,13,10,8,6,7,6,9,8,7,6,6,4,5,6,8,4,7,5,7,6,5,7,10,6,6,4,8,11,6,15,7,8,10,6,6,7,6,10,7,10,10,7,8,11,9,7,7,11,10,11,6,9,5,10,9,8,7,10,10,5,11,9,9,10,7,4,8,7,6,8,7,8,9,6,7,6,8,13,8,8,4,8,7,7,7,4,12,10,6,10,6,9,11,7,9,6,9,10,8,7,7,9,6,6,5,5,8,5,6,9,4,9,11,12,12,9,7,7,10,13,10,8,5,6,7,6,10,9,6,10,6,11,6,9,7,16,10,6,6,7,8,10,8,10,4,5,8,11,8,6,7,11,7,9,6,10,9,7,7,8,10,6,7,7,9,5,4,9,5,8,8,5,8,8,9,7,6,10,6,14,5,8,5,9,9,6,4,11,8,7,10,7,6,4,11,14,6,9,5,6,9,8,5,9,9,12,8,6,14,6,4,8,5,8,8,8,9,5,9,5,7,7,7,4,10,10,9,12,7,6,5,7,6,6,10,8,5,8,8,9,9,7,7,8,3,5,9,7,7,6,7,6,6,4,8,9,7,4,7,6,7,13,10,7,6,9,6,8,7,7,7,6,6,6
align-dinov2+1b-things+hyp-abl40cat-local-shuffled-7,4,7,11,8,5,8,9,7,8,6,11,10,6,9,7,8,10,14,9,6,10,8,9,6,7,7,7,9,11,7,9,7,9,5,7,7,10,8,7,10,6,8,5,8,9,6,7,6,10,6,6,4,9,10,8,7,7,4,5,19,10,4,9,7,9,9,7,7,5,8,9,5,7,10,10,8,5,7,7,4,7,10,7,9,5,11,5,5,8,8,12,7,10,9,9,8,10,8,6,9,9,8,7,10,11,6,10,9,9,9,10,8,10,7,7,9,8,8,9,10,8,7,7,4,15,11,8,7,8,5,8,11,8,9,10,9,9,6,10,4,5,7,8,8,6,9,7,7,6,8,15,6,4,8,7,8,4,8,5,6,8,8,5,5,9,7,6,8,6,7,5,6,10,7,6,7,9,9,7,5,6,9,10,6,11,6,7,7,7,5,8,4,9,6,9,10,8,8,10,6,10,4,5,5,13,4,5,7,7,9,9,4,6,8,7,6,4,6,6,9,7,4,10,5,11,7,9,8,6,7,15,7,5,8,8,9,6,6,7,5,9,6,7,11,8,13,6,12,6,9,8,8,7,8,7,5,7,9,9,7,7,9,10,7,5,10,8,9,8,5,8,7,8,7,6,8,6,10,6,7,9,5,9,7,8,5,7,6,5,9,10,5,7,10,7,5,10,6,11,6,6,6,11,5,9,10,8,8,5,9,11,8,9,6,6,5,10,8,9,9,9,13,9,5,8,7,6,9,6,7,7,3,6,10,9,7,9,8,8,10,8,8,8,9,8,12,7,7,6,8,10,7,8,12,6,4,5,6,9,8,8,6,5,7,4,7,10,6,6,7,10,8,8,3,4,6,8,5,6,10,4,6,9,7,8,7,6,11,8,10,16,8,12,7,4,6,6,7,11,13,7,10,11,9,7,7,6,8,6,6,7,8,4,6,6,9,7,10,10,8,9,10,8,5,7,10,8,4,8,8,8,7,10,8,5,6,9,5,5,9,10,10,8,6,6,9,12,9,11,5,9,10,9,10,7,9,8,11,7,7,7,5,8,7,7,11,7,6,7,8,9,7,8,8,7,11,5,4,9,7,7,5,10,5,6,8,8,7,7,5,10,7,10,11,4,6,9,5,9,8,11,8,6,9,5,10,13,7,8,9,9,6,5,6,10,8,10,8,8,11,8,6,6,9,9,9,10,5,10,5,5,10,7,9,8,10,8,6,10,8,6,11,10,7,7,7,5,7,8,8,7,9,12,16,9,8,8,10,11,9,8,4,8,6,8,6,7,4,5,9,5,6,6,10,9,7,8,9,7,10,7,4,10,8,8,4,6,6,5,9,10,8,8,8,10,5,5,7,6,4,8,9,5,5,7,13,5,8,12,7,8,13,5,7,8,8,9,5,10,9,8,7,12,9,5,10,6,8,6,7,8,7,10,12,6,7,7,8,7,11,5,4,7,5,8,7,6,7,4,12,11,8,8,8,10,5,10,11,9,9,8,7,10,7,5,6,9,9,8,5,6,7,10,8,6,4,6,8,5,5,5,7,6,7,8,8,5,7,12,7,11,12,3,12,5,7,7,5,8,6,5,9,8,9,6,8,9,8,12,8,6,9,8,8,4,8,9,8,5,10,5,6,7,12,10,9,9,10,9,15,8,6,5,5,4,9,6,9,7,13,6,11,6,5,11,6,8,6,6,7,8,7,7,6,5,8,5,13,6,8,8,9,8,8,7,8,10,9,7,8,8,9,10,7,9,10,12,6,5,9,7,5,8,8,6,8,9,8,9,5,8,8,6,9,7,9,7,5,7,12,10,7,8,7,12,14,8,7,7,6,8,7,5,10,7,7,8,10,8,6,9,13,10,6,7,6,6,10,12,11,6,3,9,9,5,9,12,7,8,6,7,9,7,6,9,10,7,9,8,10,13,15,11,7,9,11,8,7,12,5,6,8,6,4,9,8,6,5,13,7,6,11,6,6,8,7,8,6,6,8,7,10,4,5,8,9,10,6,13,7,5,9,9,9,8,8,7,9,5,11,8,10,6,9,9,7,8,5,9,7,8,7,9,8,13,10,8,6,7,6,9,8,7,6,6,4,5,6,8,4,7,5,7,6,5,7,10,6,6,4,8,11,6,15,7,8,10,6,6,7,6,10,7,10,10,7,8,11,9,7,7,11,10,11,6,9,5,10,9,8,7,10,10,5,11,9,9,10,7,4,8,7,6,8,7,8,9,6,7,6,8,13,8,8,4,8,7,7,7,4,12,10,6,10,6,9,11,7,9,6,9,10,8,7,7,9,6,6,5,5,8,5,6,9,4,9,11,12,12,9,7,7,10,13,10,8,5,6,7,6,10,9,6,10,6,11,6,9,7,16,10,6,6,7,8,10,8,10,4,5,8,11,8,6,7,11,7,9,6,10,9,7,7,8,10,6,7,7,9,5,4,9,5,8,8,5,8,8,9,7,6,10,6,14,5,8,5,9,9,6,4,11,8,7,10,7,6,4,11,14,6,9,5,6,9,8,5,9,9,12,8,6,14,6,4,8,5,8,8,8,9,5,9,5,7,7,7,4,10,10,9,12,7,6,5,7,6,6,10,8,5,8,8,9,9,7,7,8,3,5,9,7,7,6,7,6,6,4,8,9,7,4,7,6,7,13,10,7,6,9,6,8,7,7,7,6,6,6
align-dinov2+1b-things+hyp-abl40cat-shuffled-218,10,7,9,9,7,8,4,4,8,5,7,7,9,7,9,7,8,11,6,8,4,5,6,11,9,9,7,7,4,11,9,11,8,7,9,6,6,7,8,5,6,11,7,8,6,10,9,5,9,11,6,6,3,8,6,9,4,10,6,23,7,6,8,6,12,7,7,9,11,8,6,8,7,6,11,7,10,8,11,4,8,6,11,4,4,5,10,9,9,5,5,8,8,8,5,7,11,7,6,9,11,8,6,13,6,7,6,7,10,4,6,8,8,8,8,9,6,7,7,8,9,6,13,6,11,4,9,8,12,11,5,5,7,5,8,8,7,7,9,11,9,9,9,6,5,6,6,5,5,9,13,7,6,12,7,11,6,8,7,11,8,9,7,10,12,6,8,6,10,9,12,6,8,6,3,6,6,12,9,7,7,6,8,6,10,9,11,8,8,9,4,7,7,7,8,7,4,7,5,6,7,9,5,10,11,5,7,10,6,8,6,7,9,8,10,14,9,5,7,7,5,6,7,7,7,9,4,8,9,8,7,8,5,6,9,6,8,7,5,7,6,7,12,11,11,5,8,10,7,8,7,4,7,5,8,7,7,8,6,8,9,9,8,7,9,7,8,6,12,9,7,7,5,7,12,6,6,5,8,7,10,9,8,12,7,9,7,11,7,4,6,7,7,6,7,7,4,11,9,9,7,7,7,8,7,5,7,7,6,10,5,9,8,6,12,11,4,6,9,5,7,8,8,10,8,8,12,5,10,8,7,8,10,11,7,5,9,5,8,9,7,10,9,8,7,5,7,5,8,6,8,10,9,8,10,8,4,5,11,8,10,7,7,10,5,10,8,9,5,5,11,8,5,8,10,7,7,7,8,9,6,7,14,8,12,3,12,6,6,7,13,5,16,10,7,10,7,8,6,5,8,9,8,10,5,4,9,4,9,5,8,6,4,8,8,12,6,7,6,4,7,5,11,8,10,10,5,9,10,12,6,7,7,6,5,10,10,8,9,7,7,6,4,12,6,9,7,8,8,11,4,5,7,7,5,7,4,8,9,11,8,4,8,10,5,9,7,9,5,7,10,8,6,11,10,11,5,6,8,8,5,8,10,11,5,9,10,10,8,8,5,9,8,3,8,8,4,8,7,10,7,8,10,6,12,9,4,7,6,7,7,11,5,3,13,7,6,7,6,7,10,9,5,8,6,4,6,11,7,9,9,8,9,13,9,10,6,5,10,5,8,6,8,13,7,5,6,5,3,9,8,10,11,15,9,7,13,7,8,8,4,12,7,8,8,8,4,10,8,5,10,6,7,7,9,5,9,6,11,10,10,6,8,11,8,7,14,6,10,8,12,5,5,7,5,8,8,11,10,5,10,7,9,7,6,6,12,6,5,7,11,10,5,3,9,7,9,14,14,3,8,7,11,5,12,7,5,5,10,9,6,12,5,5,10,6,7,6,5,6,14,11,6,7,7,10,6,8,4,6,9,7,8,5,5,7,9,12,8,9,8,9,10,7,7,6,8,9,8,7,10,6,6,5,10,10,5,5,8,9,8,9,7,7,10,8,8,7,7,6,9,9,7,14,7,6,9,11,9,10,5,8,9,9,8,7,8,6,10,7,11,4,4,8,7,13,7,4,8,10,7,6,9,7,7,6,8,8,8,5,8,9,7,5,10,6,10,8,5,8,8,6,6,7,7,8,8,6,9,5,5,5,6,7,6,10,10,11,11,8,8,6,10,10,11,9,9,5,11,7,10,5,9,5,5,7,7,3,4,10,6,7,8,9,10,8,11,11,10,7,10,10,6,8,6,8,7,8,5,7,10,7,5,6,10,8,11,6,9,9,13,8,6,6,5,6,8,10,6,6,6,6,6,8,11,9,11,6,5,9,7,8,10,9,10,5,8,6,7,5,8,4,7,7,7,7,9,10,9,7,9,10,6,8,9,7,9,8,9,8,7,6,6,6,5,12,5,7,7,9,6,5,8,9,13,9,7,9,5,6,9,6,5,12,6,12,6,8,8,6,9,6,8,5,10,6,10,10,9,4,7,10,7,8,8,6,10,8,5,9,5,7,5,8,6,4,13,7,5,5,14,6,8,11,6,4,10,8,9,10,7,11,7,5,4,4,10,8,6,9,8,5,11,9,11,8,9,8,11,8,10,4,4,7,9,5,6,7,10,6,5,8,6,9,5,7,6,8,7,7,7,9,5,5,6,8,6,7,9,5,11,8,10,7,9,10,6,6,8,4,9,6,7,7,8,6,8,6,9,8,10,10,10,6,4,8,5,7,8,6,7,7,10,7,9,7,8,7,4,10,9,10,7,10,8,7,8,9,5,7,6,7,8,8,7,11,6,9,10,8,8,7,7,5,6,9,7,9,9,8,10,8,7,8,8,8,8,8,8,4,11,6,7,7,7,6,8,8,7,4,6,10,10,4,6,5,5,10,9,9,5,9,6,10,4,11,5,8,7,10,7,14,11,8,11,8,6,12,13,8,12,9,6,4,9,6,13,7,11,8,9,9,7,6,10,9,15,10,7,6,9,9,9,11,11,7,6,11,5,11,5,5,6,8,6,7,10,12,8,6,5,10,6,10,6,6,7,7,8,6,9,8,7,8,10,4,8,5,4,5,7,13,6,9,11,9,9,9,11,6,10,7,8,7,5,8,6,6,10,7,6,5,6,8,8,8,12,8
align-dinov2+1b-things+hyp-abl40cat-shuffled-42,10,7,9,9,7,8,4,4,8,5,7,7,9,7,9,7,8,11,6,8,4,5,6,11,9,9,7,7,4,11,9,11,8,7,9,6,6,7,8,5,6,11,7,8,6,10,9,5,9,11,6,6,3,8,6,9,4,10,6,23,7,6,8,6,12,7,7,9,11,8,6,8,7,6,11,7,10,8,11,4,8,6,11,4,4,5,10,9,9,5,5,8,8,8,5,7,11,7,6,9,11,8,6,13,6,7,6,7,10,4,6,8,8,8,8,9,6,7,7,8,9,6,13,6,11,4,9,8,12,11,5,5,7,5,8,8,7,7,9,11,9,9,9,6,5,6,6,5,5,9,13,7,6,12,7,11,6,8,7,11,8,9,7,10,12,6,8,6,10,9,12,6,8,6,3,6,6,12,9,7,7,6,8,6,10,9,11,8,8,9,4,7,7,7,8,7,4,7,5,6,7,9,5,10,11,5,7,10,6,8,6,7,9,8,10,14,9,5,7,7,5,6,7,7,7,9,4,8,9,8,7,8,5,6,9,6,8,7,5,7,6,7,12,11,11,5,8,10,7,8,7,4,7,5,8,7,7,8,6,8,9,9,8,7,9,7,8,6,12,9,7,7,5,7,12,6,6,5,8,7,10,9,8,12,7,9,7,11,7,4,6,7,7,6,7,7,4,11,9,9,7,7,7,8,7,5,7,7,6,10,5,9,8,6,12,11,4,6,9,5,7,8,8,10,8,8,12,5,10,8,7,8,10,11,7,5,9,5,8,9,7,10,9,8,7,5,7,5,8,6,8,10,9,8,10,8,4,5,11,8,10,7,7,10,5,10,8,9,5,5,11,8,5,8,10,7,7,7,8,9,6,7,14,8,12,3,12,6,6,7,13,5,16,10,7,10,7,8,6,5,8,9,8,10,5,4,9,4,9,5,8,6,4,8,8,12,6,7,6,4,7,5,11,8,10,10,5,9,10,12,6,7,7,6,5,10,10,8,9,7,7,6,4,12,6,9,7,8,8,11,4,5,7,7,5,7,4,8,9,11,8,4,8,10,5,9,7,9,5,7,10,8,6,11,10,11,5,6,8,8,5,8,10,11,5,9,10,10,8,8,5,9,8,3,8,8,4,8,7,10,7,8,10,6,12,9,4,7,6,7,7,11,5,3,13,7,6,7,6,7,10,9,5,8,6,4,6,11,7,9,9,8,9,13,9,10,6,5,10,5,8,6,8,13,7,5,6,5,3,9,8,10,11,15,9,7,13,7,8,8,4,12,7,8,8,8,4,10,8,5,10,6,7,7,9,5,9,6,11,10,10,6,8,11,8,7,14,6,10,8,12,5,5,7,5,8,8,11,10,5,10,7,9,7,6,6,12,6,5,7,11,10,5,3,9,7,9,14,14,3,8,7,11,5,12,7,5,5,10,9,6,12,5,5,10,6,7,6,5,6,14,11,6,7,7,10,6,8,4,6,9,7,8,5,5,7,9,12,8,9,8,9,10,7,7,6,8,9,8,7,10,6,6,5,10,10,5,5,8,9,8,9,7,7,10,8,8,7,7,6,9,9,7,14,7,6,9,11,9,10,5,8,9,9,8,7,8,6,10,7,11,4,4,8,7,13,7,4,8,10,7,6,9,7,7,6,8,8,8,5,8,9,7,5,10,6,10,8,5,8,8,6,6,7,7,8,8,6,9,5,5,5,6,7,6,10,10,11,11,8,8,6,10,10,11,9,9,5,11,7,10,5,9,5,5,7,7,3,4,10,6,7,8,9,10,8,11,11,10,7,10,10,6,8,6,8,7,8,5,7,10,7,5,6,10,8,11,6,9,9,13,8,6,6,5,6,8,10,6,6,6,6,6,8,11,9,11,6,5,9,7,8,10,9,10,5,8,6,7,5,8,4,7,7,7,7,9,10,9,7,9,10,6,8,9,7,9,8,9,8,7,6,6,6,5,12,5,7,7,9,6,5,8,9,13,9,7,9,5,6,9,6,5,12,6,12,6,8,8,6,9,6,8,5,10,6,10,10,9,4,7,10,7,8,8,6,10,8,5,9,5,7,5,8,6,4,13,7,5,5,14,6,8,11,6,4,10,8,9,10,7,11,7,5,4,4,10,8,6,9,8,5,11,9,11,8,9,8,11,8,10,4,4,7,9,5,6,7,10,6,5,8,6,9,5,7,6,8,7,7,7,9,5,5,6,8,6,7,9,5,11,8,10,7,9,10,6,6,8,4,9,6,7,7,8,6,8,6,9,8,10,10,10,6,4,8,5,7,8,6,7,7,10,7,9,7,8,7,4,10,9,10,7,10,8,7,8,9,5,7,6,7,8,8,7,11,6,9,10,8,8,7,7,5,6,9,7,9,9,8,10,8,7,8,8,8,8,8,8,4,11,6,7,7,7,6,8,8,7,4,6,10,10,4,6,5,5,10,9,9,5,9,6,10,4,11,5,8,7,10,7,14,11,8,11,8,6,12,13,8,12,9,6,4,9,6,13,7,11,8,9,9,7,6,10,9,15,10,7,6,9,9,9,11,11,7,6,11,5,11,5,5,6,8,6,7,10,12,8,6,5,10,6,10,6,6,7,7,8,6,9,8,7,8,10,4,8,5,4,5,7,13,6,9,11,9,9,9,11,6,10,7,8,7,5,8,6,6,10,7,6,5,6,8,8,8,12,8
align-dinov2+1b-things+hyp-abl40cat-shuffled-7,10,7,9,9,7,8,4,4,8,5,7,7,9,7,9,7,8,11,6,8,4,5,6,11,9,9,7,7,4,11,9,11,8,7,9,6,6,7,8,5,6,11,7,8,6,10,9,5,9,11,6,6,3,8,6,9,4,10,6,23,7,6,8,6,12,7,7,9,11,8,6,8,7,6,11,7,10,8,11,4,8,6,11,4,4,5,10,9,9,5,5,8,8,8,5,7,11,7,6,9,11,8,6,13,6,7,6,7,10,4,6,8,8,8,8,9,6,7,7,8,9,6,13,6,11,4,9,8,12,11,5,5,7,5,8,8,7,7,9,11,9,9,9,6,5,6,6,5,5,9,13,7,6,12,7,11,6,8,7,11,8,9,7,10,12,6,8,6,10,9,12,6,8,6,3,6,6,12,9,7,7,6,8,6,10,9,11,8,8,9,4,7,7,7,8,7,4,7,5,6,7,9,5,10,11,5,7,10,6,8,6,7,9,8,10,14,9,5,7,7,5,6,7,7,7,9,4,8,9,8,7,8,5,6,9,6,8,7,5,7,6,7,12,11,11,5,8,10,7,8,7,4,7,5,8,7,7,8,6,8,9,9,8,7,9,7,8,6,12,9,7,7,5,7,12,6,6,5,8,7,10,9,8,12,7,9,7,11,7,4,6,7,7,6,7,7,4,11,9,9,7,7,7,8,7,5,7,7,6,10,5,9,8,6,12,11,4,6,9,5,7,8,8,10,8,8,12,5,10,8,7,8,10,11,7,5,9,5,8,9,7,10,9,8,7,5,7,5,8,6,8,10,9,8,10,8,4,5,11,8,10,7,7,10,5,10,8,9,5,5,11,8,5,8,10,7,7,7,8,9,6,7,14,8,12,3,12,6,6,7,13,5,16,10,7,10,7,8,6,5,8,9,8,10,5,4,9,4,9,5,8,6,4,8,8,12,6,7,6,4,7,5,11,8,10,10,5,9,10,12,6,7,7,6,5,10,10,8,9,7,7,6,4,12,6,9,7,8,8,11,4,5,7,7,5,7,4,8,9,11,8,4,8,10,5,9,7,9,5,7,10,8,6,11,10,11,5,6,8,8,5,8,10,11,5,9,10,10,8,8,5,9,8,3,8,8,4,8,7,10,7,8,10,6,12,9,4,7,6,7,7,11,5,3,13,7,6,7,6,7,10,9,5,8,6,4,6,11,7,9,9,8,9,13,9,10,6,5,10,5,8,6,8,13,7,5,6,5,3,9,8,10,11,15,9,7,13,7,8,8,4,12,7,8,8,8,4,10,8,5,10,6,7,7,9,5,9,6,11,10,10,6,8,11,8,7,14,6,10,8,12,5,5,7,5,8,8,11,10,5,10,7,9,7,6,6,12,6,5,7,11,10,5,3,9,7,9,14,14,3,8,7,11,5,12,7,5,5,10,9,6,12,5,5,10,6,7,6,5,6,14,11,6,7,7,10,6,8,4,6,9,7,8,5,5,7,9,12,8,9,8,9,10,7,7,6,8,9,8,7,10,6,6,5,10,10,5,5,8,9,8,9,7,7,10,8,8,7,7,6,9,9,7,14,7,6,9,11,9,10,5,8,9,9,8,7,8,6,10,7,11,4,4,8,7,13,7,4,8,10,7,6,9,7,7,6,8,8,8,5,8,9,7,5,10,6,10,8,5,8,8,6,6,7,7,8,8,6,9,5,5,5,6,7,6,10,10,11,11,8,8,6,10,10,11,9,9,5,11,7,10,5,9,5,5,7,7,3,4,10,6,7,8,9,10,8,11,11,10,7,10,10,6,8,6,8,7,8,5,7,10,7,5,6,10,8,11,6,9,9,13,8,6,6,5,6,8,10,6,6,6,6,6,8,11,9,11,6,5,9,7,8,10,9,10,5,8,6,7,5,8,4,7,7,7,7,9,10,9,7,9,10,6,8,9,7,9,8,9,8,7,6,6,6,5,12,5,7,7,9,6,5,8,9,13,9,7,9,5,6,9,6,5,12,6,12,6,8,8,6,9,6,8,5,10,6,10,10,9,4,7,10,7,8,8,6,10,8,5,9,5,7,5,8,6,4,13,7,5,5,14,6,8,11,6,4,10,8,9,10,7,11,7,5,4,4,10,8,6,9,8,5,11,9,11,8,9,8,11,8,10,4,4,7,9,5,6,7,10,6,5,8,6,9,5,7,6,8,7,7,7,9,5,5,6,8,6,7,9,5,11,8,10,7,9,10,6,6,8,4,9,6,7,7,8,6,8,6,9,8,10,10,10,6,4,8,5,7,8,6,7,7,10,7,9,7,8,7,4,10,9,10,7,10,8,7,8,9,5,7,6,7,8,8,7,11,6,9,10,8,8,7,7,5,6,9,7,9,9,8,10,8,7,8,8,8,8,8,8,4,11,6,7,7,7,6,8,8,7,4,6,10,10,4,6,5,5,10,9,9,5,9,6,10,4,11,5,8,7,10,7,14,11,8,11,8,6,12,13,8,12,9,6,4,9,6,13,7,11,8,9,9,7,6,10,9,15,10,7,6,9,9,9,11,11,7,6,11,5,11,5,5,6,8,6,7,10,12,8,6,5,10,6,10,6,6,7,7,8,6,9,8,7,8,10,4,8,5,4,5,7,13,6,9,11,9,9,9,11,6,10,7,8,7,5,8,6,6,10,7,6,5,6,8,8,8,12,8
align-dinov2+1b-things+hyp-abl50-218,9,8,6,9,7,5,9,10,3,6,8,6,4,8,8,5,6,5,9,6,6,8,7,8,4,12,6,7,5,7,11,8,10,10,4,13,8,9,8,12,8,6,4,6,7,8,7,10,8,8,7,8,10,9,8,6,8,11,9,25,7,9,8,7,8,10,8,9,10,9,9,12,8,10,6,11,11,8,7,7,5,14,7,8,8,9,8,5,6,14,12,7,8,5,6,7,7,7,7,4,9,6,10,7,8,7,11,9,10,6,13,10,3,6,4,10,5,7,8,8,6,9,6,10,16,11,6,7,8,5,8,6,6,8,7,12,11,5,10,9,5,8,8,10,4,7,5,4,6,5,16,10,6,8,3,7,10,4,6,8,8,7,8,7,6,10,10,8,8,9,8,5,7,10,7,8,4,12,9,7,10,10,7,10,6,7,7,7,7,10,5,9,8,7,6,9,11,8,9,8,8,6,5,7,9,7,9,7,6,7,5,7,6,8,7,7,4,5,9,7,9,5,10,8,8,13,9,10,6,6,11,4,9,7,8,6,7,7,7,5,8,7,5,10,9,8,6,5,10,5,12,11,6,7,5,7,5,8,11,8,9,7,8,6,6,6,10,6,12,5,11,7,15,11,8,9,11,10,14,10,7,8,6,8,8,6,7,7,10,11,7,9,4,7,5,5,4,7,5,9,8,8,12,10,7,8,10,7,10,13,8,11,9,5,8,7,7,7,9,7,6,8,9,8,8,7,9,6,6,9,6,6,8,7,10,11,8,14,11,9,12,7,13,10,7,8,6,7,7,11,8,4,7,6,6,7,9,8,9,8,9,9,8,8,8,9,6,8,8,10,5,8,6,7,6,8,7,8,7,7,5,4,7,7,7,6,10,7,5,5,17,5,8,10,8,4,7,6,7,11,6,7,8,6,3,8,6,9,9,12,4,9,5,8,6,6,4,5,7,10,6,9,6,6,13,5,5,11,6,7,8,5,8,5,10,4,4,6,16,5,8,5,6,11,13,6,5,5,10,10,6,10,9,8,11,9,7,7,9,7,10,5,3,9,5,7,11,5,8,6,8,10,5,10,5,8,6,8,5,8,11,3,3,7,5,11,10,10,7,8,7,10,6,10,8,4,11,10,5,7,6,7,9,9,4,6,5,9,6,6,10,11,7,10,10,8,9,8,10,6,6,4,6,8,12,5,10,11,9,7,6,5,6,8,10,10,3,13,7,11,5,6,9,5,7,7,9,7,7,11,8,7,9,14,11,8,10,9,6,10,6,6,6,8,6,11,8,8,11,5,8,10,6,10,7,9,5,9,9,7,8,6,14,11,6,4,7,11,7,6,10,7,5,7,9,15,6,6,10,8,11,7,8,7,6,10,8,10,9,10,8,6,13,9,11,7,8,8,3,6,7,7,6,6,9,6,9,7,8,7,6,11,10,4,6,9,6,10,11,4,7,8,12,8,5,8,7,8,6,7,9,6,7,7,6,4,8,8,10,6,6,7,9,6,11,7,11,7,10,9,5,7,8,9,9,7,5,15,4,7,7,5,6,5,6,6,7,8,8,6,9,10,9,8,12,8,9,5,12,13,7,6,11,5,12,7,8,5,9,6,8,5,6,5,9,7,9,12,8,4,10,11,6,4,4,9,6,6,8,8,4,5,8,8,13,9,7,6,5,6,11,11,6,11,9,6,6,7,6,5,7,10,9,7,10,8,4,8,11,6,6,6,7,10,5,7,8,6,8,4,10,10,9,6,8,5,5,4,9,15,8,6,7,7,9,10,5,7,10,10,4,5,7,9,7,6,9,8,6,11,6,6,6,6,11,13,8,12,8,8,6,6,7,7,11,10,6,7,7,5,6,9,7,8,5,9,9,6,7,9,9,3,5,11,9,8,6,8,5,7,8,9,8,6,5,7,10,7,13,5,7,11,8,9,7,7,5,11,10,6,8,7,10,11,7,6,7,8,10,7,7,9,3,7,10,11,12,7,8,12,6,8,5,6,7,9,6,6,6,9,6,5,7,3,9,11,8,10,7,8,5,8,4,4,10,12,4,6,7,9,8,10,4,8,10,5,7,7,6,6,7,4,5,9,7,8,10,7,6,11,4,9,10,6,6,9,10,5,9,4,8,8,8,6,8,8,7,14,5,12,8,5,9,8,4,8,11,8,9,7,8,8,9,4,7,8,4,5,7,7,8,4,8,8,9,9,10,5,6,8,9,3,7,7,5,4,10,6,11,7,5,7,5,7,7,9,6,6,7,8,7,6,8,8,9,6,8,7,4,6,9,6,8,8,9,8,5,6,6,7,12,5,7,6,9,7,5,7,5,9,8,5,7,8,7,4,6,11,6,11,7,8,9,8,12,8,10,5,10,12,9,6,9,6,8,10,8,13,5,5,11,8,4,9,11,8,9,12,9,10,7,3,10,7,6,8,8,9,10,11,7,10,5,7,8,8,9,8,9,9,5,7,8,9,8,8,10,7,5,9,7,8,5,12,12,8,7,6,5,8,6,9,6,8,4,9,5,8,12,12,9,6,7,6,5,7,9,5,7,8,4,7,4,12,6,12,6,7,8,7,7,7,5,7,7,9,8,13,6,7,12,7,13,8,8,6,6,5,6,9,9,10,10,10,7,10,9,12,6,7,10,7,6,8,13,8,7,7,5,8,11,8,8,6,9,11,10,10
align-dinov2+1b-things+hyp-abl50-218-random,9,8,6,9,7,5,9,10,3,6,8,6,4,8,8,5,6,5,9,6,6,8,7,8,4,12,6,7,5,7,11,8,10,10,4,13,8,9,8,12,8,6,4,6,7,8,7,10,8,8,7,8,10,9,8,6,8,11,9,25,7,9,8,7,8,10,8,9,10,9,9,12,8,10,6,11,11,8,7,7,5,14,7,8,8,9,8,5,6,14,12,7,8,5,6,7,7,7,7,4,9,6,10,7,8,7,11,9,10,6,13,10,3,6,4,10,5,7,8,8,6,9,6,10,16,11,6,7,8,5,8,6,6,8,7,12,11,5,10,9,5,8,8,10,4,7,5,4,6,5,16,10,6,8,3,7,10,4,6,8,8,7,8,7,6,10,10,8,8,9,8,5,7,10,7,8,4,12,9,7,10,10,7,10,6,7,7,7,7,10,5,9,8,7,6,9,11,8,9,8,8,6,5,7,9,7,9,7,6,7,5,7,6,8,7,7,4,5,9,7,9,5,10,8,8,13,9,10,6,6,11,4,9,7,8,6,7,7,7,5,8,7,5,10,9,8,6,5,10,5,12,11,6,7,5,7,5,8,11,8,9,7,8,6,6,6,10,6,12,5,11,7,15,11,8,9,11,10,14,10,7,8,6,8,8,6,7,7,10,11,7,9,4,7,5,5,4,7,5,9,8,8,12,10,7,8,10,7,10,13,8,11,9,5,8,7,7,7,9,7,6,8,9,8,8,7,9,6,6,9,6,6,8,7,10,11,8,14,11,9,12,7,13,10,7,8,6,7,7,11,8,4,7,6,6,7,9,8,9,8,9,9,8,8,8,9,6,8,8,10,5,8,6,7,6,8,7,8,7,7,5,4,7,7,7,6,10,7,5,5,17,5,8,10,8,4,7,6,7,11,6,7,8,6,3,8,6,9,9,12,4,9,5,8,6,6,4,5,7,10,6,9,6,6,13,5,5,11,6,7,8,5,8,5,10,4,4,6,16,5,8,5,6,11,13,6,5,5,10,10,6,10,9,8,11,9,7,7,9,7,10,5,3,9,5,7,11,5,8,6,8,10,5,10,5,8,6,8,5,8,11,3,3,7,5,11,10,10,7,8,7,10,6,10,8,4,11,10,5,7,6,7,9,9,4,6,5,9,6,6,10,11,7,10,10,8,9,8,10,6,6,4,6,8,12,5,10,11,9,7,6,5,6,8,10,10,3,13,7,11,5,6,9,5,7,7,9,7,7,11,8,7,9,14,11,8,10,9,6,10,6,6,6,8,6,11,8,8,11,5,8,10,6,10,7,9,5,9,9,7,8,6,14,11,6,4,7,11,7,6,10,7,5,7,9,15,6,6,10,8,11,7,8,7,6,10,8,10,9,10,8,6,13,9,11,7,8,8,3,6,7,7,6,6,9,6,9,7,8,7,6,11,10,4,6,9,6,10,11,4,7,8,12,8,5,8,7,8,6,7,9,6,7,7,6,4,8,8,10,6,6,7,9,6,11,7,11,7,10,9,5,7,8,9,9,7,5,15,4,7,7,5,6,5,6,6,7,8,8,6,9,10,9,8,12,8,9,5,12,13,7,6,11,5,12,7,8,5,9,6,8,5,6,5,9,7,9,12,8,4,10,11,6,4,4,9,6,6,8,8,4,5,8,8,13,9,7,6,5,6,11,11,6,11,9,6,6,7,6,5,7,10,9,7,10,8,4,8,11,6,6,6,7,10,5,7,8,6,8,4,10,10,9,6,8,5,5,4,9,15,8,6,7,7,9,10,5,7,10,10,4,5,7,9,7,6,9,8,6,11,6,6,6,6,11,13,8,12,8,8,6,6,7,7,11,10,6,7,7,5,6,9,7,8,5,9,9,6,7,9,9,3,5,11,9,8,6,8,5,7,8,9,8,6,5,7,10,7,13,5,7,11,8,9,7,7,5,11,10,6,8,7,10,11,7,6,7,8,10,7,7,9,3,7,10,11,12,7,8,12,6,8,5,6,7,9,6,6,6,9,6,5,7,3,9,11,8,10,7,8,5,8,4,4,10,12,4,6,7,9,8,10,4,8,10,5,7,7,6,6,7,4,5,9,7,8,10,7,6,11,4,9,10,6,6,9,10,5,9,4,8,8,8,6,8,8,7,14,5,12,8,5,9,8,4,8,11,8,9,7,8,8,9,4,7,8,4,5,7,7,8,4,8,8,9,9,10,5,6,8,9,3,7,7,5,4,10,6,11,7,5,7,5,7,7,9,6,6,7,8,7,6,8,8,9,6,8,7,4,6,9,6,8,8,9,8,5,6,6,7,12,5,7,6,9,7,5,7,5,9,8,5,7,8,7,4,6,11,6,11,7,8,9,8,12,8,10,5,10,12,9,6,9,6,8,10,8,13,5,5,11,8,4,9,11,8,9,12,9,10,7,3,10,7,6,8,8,9,10,11,7,10,5,7,8,8,9,8,9,9,5,7,8,9,8,8,10,7,5,9,7,8,5,12,12,8,7,6,5,8,6,9,6,8,4,9,5,8,12,12,9,6,7,6,5,7,9,5,7,8,4,7,4,12,6,12,6,7,8,7,7,7,5,7,7,9,8,13,6,7,12,7,13,8,8,6,6,5,6,9,9,10,10,10,7,10,9,12,6,7,10,7,6,8,13,8,7,7,5,8,11,8,8,6,9,11,10,10
align-dinov2+1b-things+hyp-abl50-42,9,8,6,9,7,5,9,10,3,6,8,6,4,8,8,5,6,5,9,6,6,8,7,8,4,12,6,7,5,7,11,8,10,10,4,13,8,9,8,12,8,6,4,6,7,8,7,10,8,8,7,8,10,9,8,6,8,11,9,25,7,9,8,7,8,10,8,9,10,9,9,12,8,10,6,11,11,8,7,7,5,14,7,8,8,9,8,5,6,14,12,7,8,5,6,7,7,7,7,4,9,6,10,7,8,7,11,9,10,6,13,10,3,6,4,10,5,7,8,8,6,9,6,10,16,11,6,7,8,5,8,6,6,8,7,12,11,5,10,9,5,8,8,10,4,7,5,4,6,5,16,10,6,8,3,7,10,4,6,8,8,7,8,7,6,10,10,8,8,9,8,5,7,10,7,8,4,12,9,7,10,10,7,10,6,7,7,7,7,10,5,9,8,7,6,9,11,8,9,8,8,6,5,7,9,7,9,7,6,7,5,7,6,8,7,7,4,5,9,7,9,5,10,8,8,13,9,10,6,6,11,4,9,7,8,6,7,7,7,5,8,7,5,10,9,8,6,5,10,5,12,11,6,7,5,7,5,8,11,8,9,7,8,6,6,6,10,6,12,5,11,7,15,11,8,9,11,10,14,10,7,8,6,8,8,6,7,7,10,11,7,9,4,7,5,5,4,7,5,9,8,8,12,10,7,8,10,7,10,13,8,11,9,5,8,7,7,7,9,7,6,8,9,8,8,7,9,6,6,9,6,6,8,7,10,11,8,14,11,9,12,7,13,10,7,8,6,7,7,11,8,4,7,6,6,7,9,8,9,8,9,9,8,8,8,9,6,8,8,10,5,8,6,7,6,8,7,8,7,7,5,4,7,7,7,6,10,7,5,5,17,5,8,10,8,4,7,6,7,11,6,7,8,6,3,8,6,9,9,12,4,9,5,8,6,6,4,5,7,10,6,9,6,6,13,5,5,11,6,7,8,5,8,5,10,4,4,6,16,5,8,5,6,11,13,6,5,5,10,10,6,10,9,8,11,9,7,7,9,7,10,5,3,9,5,7,11,5,8,6,8,10,5,10,5,8,6,8,5,8,11,3,3,7,5,11,10,10,7,8,7,10,6,10,8,4,11,10,5,7,6,7,9,9,4,6,5,9,6,6,10,11,7,10,10,8,9,8,10,6,6,4,6,8,12,5,10,11,9,7,6,5,6,8,10,10,3,13,7,11,5,6,9,5,7,7,9,7,7,11,8,7,9,14,11,8,10,9,6,10,6,6,6,8,6,11,8,8,11,5,8,10,6,10,7,9,5,9,9,7,8,6,14,11,6,4,7,11,7,6,10,7,5,7,9,15,6,6,10,8,11,7,8,7,6,10,8,10,9,10,8,6,13,9,11,7,8,8,3,6,7,7,6,6,9,6,9,7,8,7,6,11,10,4,6,9,6,10,11,4,7,8,12,8,5,8,7,8,6,7,9,6,7,7,6,4,8,8,10,6,6,7,9,6,11,7,11,7,10,9,5,7,8,9,9,7,5,15,4,7,7,5,6,5,6,6,7,8,8,6,9,10,9,8,12,8,9,5,12,13,7,6,11,5,12,7,8,5,9,6,8,5,6,5,9,7,9,12,8,4,10,11,6,4,4,9,6,6,8,8,4,5,8,8,13,9,7,6,5,6,11,11,6,11,9,6,6,7,6,5,7,10,9,7,10,8,4,8,11,6,6,6,7,10,5,7,8,6,8,4,10,10,9,6,8,5,5,4,9,15,8,6,7,7,9,10,5,7,10,10,4,5,7,9,7,6,9,8,6,11,6,6,6,6,11,13,8,12,8,8,6,6,7,7,11,10,6,7,7,5,6,9,7,8,5,9,9,6,7,9,9,3,5,11,9,8,6,8,5,7,8,9,8,6,5,7,10,7,13,5,7,11,8,9,7,7,5,11,10,6,8,7,10,11,7,6,7,8,10,7,7,9,3,7,10,11,12,7,8,12,6,8,5,6,7,9,6,6,6,9,6,5,7,3,9,11,8,10,7,8,5,8,4,4,10,12,4,6,7,9,8,10,4,8,10,5,7,7,6,6,7,4,5,9,7,8,10,7,6,11,4,9,10,6,6,9,10,5,9,4,8,8,8,6,8,8,7,14,5,12,8,5,9,8,4,8,11,8,9,7,8,8,9,4,7,8,4,5,7,7,8,4,8,8,9,9,10,5,6,8,9,3,7,7,5,4,10,6,11,7,5,7,5,7,7,9,6,6,7,8,7,6,8,8,9,6,8,7,4,6,9,6,8,8,9,8,5,6,6,7,12,5,7,6,9,7,5,7,5,9,8,5,7,8,7,4,6,11,6,11,7,8,9,8,12,8,10,5,10,12,9,6,9,6,8,10,8,13,5,5,11,8,4,9,11,8,9,12,9,10,7,3,10,7,6,8,8,9,10,11,7,10,5,7,8,8,9,8,9,9,5,7,8,9,8,8,10,7,5,9,7,8,5,12,12,8,7,6,5,8,6,9,6,8,4,9,5,8,12,12,9,6,7,6,5,7,9,5,7,8,4,7,4,12,6,12,6,7,8,7,7,7,5,7,7,9,8,13,6,7,12,7,13,8,8,6,6,5,6,9,9,10,10,10,7,10,9,12,6,7,10,7,6,8,13,8,7,7,5,8,11,8,8,6,9,11,10,10
align-dinov2+1b-things+hyp-abl50-42-random,9,8,6,9,7,5,9,10,3,6,8,6,4,8,8,5,6,5,9,6,6,8,7,8,4,12,6,7,5,7,11,8,10,10,4,13,8,9,8,12,8,6,4,6,7,8,7,10,8,8,7,8,10,9,8,6,8,11,9,25,7,9,8,7,8,10,8,9,10,9,9,12,8,10,6,11,11,8,7,7,5,14,7,8,8,9,8,5,6,14,12,7,8,5,6,7,7,7,7,4,9,6,10,7,8,7,11,9,10,6,13,10,3,6,4,10,5,7,8,8,6,9,6,10,16,11,6,7,8,5,8,6,6,8,7,12,11,5,10,9,5,8,8,10,4,7,5,4,6,5,16,10,6,8,3,7,10,4,6,8,8,7,8,7,6,10,10,8,8,9,8,5,7,10,7,8,4,12,9,7,10,10,7,10,6,7,7,7,7,10,5,9,8,7,6,9,11,8,9,8,8,6,5,7,9,7,9,7,6,7,5,7,6,8,7,7,4,5,9,7,9,5,10,8,8,13,9,10,6,6,11,4,9,7,8,6,7,7,7,5,8,7,5,10,9,8,6,5,10,5,12,11,6,7,5,7,5,8,11,8,9,7,8,6,6,6,10,6,12,5,11,7,15,11,8,9,11,10,14,10,7,8,6,8,8,6,7,7,10,11,7,9,4,7,5,5,4,7,5,9,8,8,12,10,7,8,10,7,10,13,8,11,9,5,8,7,7,7,9,7,6,8,9,8,8,7,9,6,6,9,6,6,8,7,10,11,8,14,11,9,12,7,13,10,7,8,6,7,7,11,8,4,7,6,6,7,9,8,9,8,9,9,8,8,8,9,6,8,8,10,5,8,6,7,6,8,7,8,7,7,5,4,7,7,7,6,10,7,5,5,17,5,8,10,8,4,7,6,7,11,6,7,8,6,3,8,6,9,9,12,4,9,5,8,6,6,4,5,7,10,6,9,6,6,13,5,5,11,6,7,8,5,8,5,10,4,4,6,16,5,8,5,6,11,13,6,5,5,10,10,6,10,9,8,11,9,7,7,9,7,10,5,3,9,5,7,11,5,8,6,8,10,5,10,5,8,6,8,5,8,11,3,3,7,5,11,10,10,7,8,7,10,6,10,8,4,11,10,5,7,6,7,9,9,4,6,5,9,6,6,10,11,7,10,10,8,9,8,10,6,6,4,6,8,12,5,10,11,9,7,6,5,6,8,10,10,3,13,7,11,5,6,9,5,7,7,9,7,7,11,8,7,9,14,11,8,10,9,6,10,6,6,6,8,6,11,8,8,11,5,8,10,6,10,7,9,5,9,9,7,8,6,14,11,6,4,7,11,7,6,10,7,5,7,9,15,6,6,10,8,11,7,8,7,6,10,8,10,9,10,8,6,13,9,11,7,8,8,3,6,7,7,6,6,9,6,9,7,8,7,6,11,10,4,6,9,6,10,11,4,7,8,12,8,5,8,7,8,6,7,9,6,7,7,6,4,8,8,10,6,6,7,9,6,11,7,11,7,10,9,5,7,8,9,9,7,5,15,4,7,7,5,6,5,6,6,7,8,8,6,9,10,9,8,12,8,9,5,12,13,7,6,11,5,12,7,8,5,9,6,8,5,6,5,9,7,9,12,8,4,10,11,6,4,4,9,6,6,8,8,4,5,8,8,13,9,7,6,5,6,11,11,6,11,9,6,6,7,6,5,7,10,9,7,10,8,4,8,11,6,6,6,7,10,5,7,8,6,8,4,10,10,9,6,8,5,5,4,9,15,8,6,7,7,9,10,5,7,10,10,4,5,7,9,7,6,9,8,6,11,6,6,6,6,11,13,8,12,8,8,6,6,7,7,11,10,6,7,7,5,6,9,7,8,5,9,9,6,7,9,9,3,5,11,9,8,6,8,5,7,8,9,8,6,5,7,10,7,13,5,7,11,8,9,7,7,5,11,10,6,8,7,10,11,7,6,7,8,10,7,7,9,3,7,10,11,12,7,8,12,6,8,5,6,7,9,6,6,6,9,6,5,7,3,9,11,8,10,7,8,5,8,4,4,10,12,4,6,7,9,8,10,4,8,10,5,7,7,6,6,7,4,5,9,7,8,10,7,6,11,4,9,10,6,6,9,10,5,9,4,8,8,8,6,8,8,7,14,5,12,8,5,9,8,4,8,11,8,9,7,8,8,9,4,7,8,4,5,7,7,8,4,8,8,9,9,10,5,6,8,9,3,7,7,5,4,10,6,11,7,5,7,5,7,7,9,6,6,7,8,7,6,8,8,9,6,8,7,4,6,9,6,8,8,9,8,5,6,6,7,12,5,7,6,9,7,5,7,5,9,8,5,7,8,7,4,6,11,6,11,7,8,9,8,12,8,10,5,10,12,9,6,9,6,8,10,8,13,5,5,11,8,4,9,11,8,9,12,9,10,7,3,10,7,6,8,8,9,10,11,7,10,5,7,8,8,9,8,9,9,5,7,8,9,8,8,10,7,5,9,7,8,5,12,12,8,7,6,5,8,6,9,6,8,4,9,5,8,12,12,9,6,7,6,5,7,9,5,7,8,4,7,4,12,6,12,6,7,8,7,7,7,5,7,7,9,8,13,6,7,12,7,13,8,8,6,6,5,6,9,9,10,10,10,7,10,9,12,6,7,10,7,6,8,13,8,7,7,5,8,11,8,8,6,9,11,10,10
align-dinov2+1b-things+hyp-abl50-7,9,8,6,9,7,5,9,10,3,6,8,6,4,8,8,5,6,5,9,6,6,8,7,8,4,12,6,7,5,7,11,8,10,10,4,13,8,9,8,12,8,6,4,6,7,8,7,10,8,8,7,8,10,9,8,6,8,11,9,25,7,9,8,7,8,10,8,9,10,9,9,12,8,10,6,11,11,8,7,7,5,14,7,8,8,9,8,5,6,14,12,7,8,5,6,7,7,7,7,4,9,6,10,7,8,7,11,9,10,6,13,10,3,6,4,10,5,7,8,8,6,9,6,10,16,11,6,7,8,5,8,6,6,8,7,12,11,5,10,9,5,8,8,10,4,7,5,4,6,5,16,10,6,8,3,7,10,4,6,8,8,7,8,7,6,10,10,8,8,9,8,5,7,10,7,8,4,12,9,7,10,10,7,10,6,7,7,7,7,10,5,9,8,7,6,9,11,8,9,8,8,6,5,7,9,7,9,7,6,7,5,7,6,8,7,7,4,5,9,7,9,5,10,8,8,13,9,10,6,6,11,4,9,7,8,6,7,7,7,5,8,7,5,10,9,8,6,5,10,5,12,11,6,7,5,7,5,8,11,8,9,7,8,6,6,6,10,6,12,5,11,7,15,11,8,9,11,10,14,10,7,8,6,8,8,6,7,7,10,11,7,9,4,7,5,5,4,7,5,9,8,8,12,10,7,8,10,7,10,13,8,11,9,5,8,7,7,7,9,7,6,8,9,8,8,7,9,6,6,9,6,6,8,7,10,11,8,14,11,9,12,7,13,10,7,8,6,7,7,11,8,4,7,6,6,7,9,8,9,8,9,9,8,8,8,9,6,8,8,10,5,8,6,7,6,8,7,8,7,7,5,4,7,7,7,6,10,7,5,5,17,5,8,10,8,4,7,6,7,11,6,7,8,6,3,8,6,9,9,12,4,9,5,8,6,6,4,5,7,10,6,9,6,6,13,5,5,11,6,7,8,5,8,5,10,4,4,6,16,5,8,5,6,11,13,6,5,5,10,10,6,10,9,8,11,9,7,7,9,7,10,5,3,9,5,7,11,5,8,6,8,10,5,10,5,8,6,8,5,8,11,3,3,7,5,11,10,10,7,8,7,10,6,10,8,4,11,10,5,7,6,7,9,9,4,6,5,9,6,6,10,11,7,10,10,8,9,8,10,6,6,4,6,8,12,5,10,11,9,7,6,5,6,8,10,10,3,13,7,11,5,6,9,5,7,7,9,7,7,11,8,7,9,14,11,8,10,9,6,10,6,6,6,8,6,11,8,8,11,5,8,10,6,10,7,9,5,9,9,7,8,6,14,11,6,4,7,11,7,6,10,7,5,7,9,15,6,6,10,8,11,7,8,7,6,10,8,10,9,10,8,6,13,9,11,7,8,8,3,6,7,7,6,6,9,6,9,7,8,7,6,11,10,4,6,9,6,10,11,4,7,8,12,8,5,8,7,8,6,7,9,6,7,7,6,4,8,8,10,6,6,7,9,6,11,7,11,7,10,9,5,7,8,9,9,7,5,15,4,7,7,5,6,5,6,6,7,8,8,6,9,10,9,8,12,8,9,5,12,13,7,6,11,5,12,7,8,5,9,6,8,5,6,5,9,7,9,12,8,4,10,11,6,4,4,9,6,6,8,8,4,5,8,8,13,9,7,6,5,6,11,11,6,11,9,6,6,7,6,5,7,10,9,7,10,8,4,8,11,6,6,6,7,10,5,7,8,6,8,4,10,10,9,6,8,5,5,4,9,15,8,6,7,7,9,10,5,7,10,10,4,5,7,9,7,6,9,8,6,11,6,6,6,6,11,13,8,12,8,8,6,6,7,7,11,10,6,7,7,5,6,9,7,8,5,9,9,6,7,9,9,3,5,11,9,8,6,8,5,7,8,9,8,6,5,7,10,7,13,5,7,11,8,9,7,7,5,11,10,6,8,7,10,11,7,6,7,8,10,7,7,9,3,7,10,11,12,7,8,12,6,8,5,6,7,9,6,6,6,9,6,5,7,3,9,11,8,10,7,8,5,8,4,4,10,12,4,6,7,9,8,10,4,8,10,5,7,7,6,6,7,4,5,9,7,8,10,7,6,11,4,9,10,6,6,9,10,5,9,4,8,8,8,6,8,8,7,14,5,12,8,5,9,8,4,8,11,8,9,7,8,8,9,4,7,8,4,5,7,7,8,4,8,8,9,9,10,5,6,8,9,3,7,7,5,4,10,6,11,7,5,7,5,7,7,9,6,6,7,8,7,6,8,8,9,6,8,7,4,6,9,6,8,8,9,8,5,6,6,7,12,5,7,6,9,7,5,7,5,9,8,5,7,8,7,4,6,11,6,11,7,8,9,8,12,8,10,5,10,12,9,6,9,6,8,10,8,13,5,5,11,8,4,9,11,8,9,12,9,10,7,3,10,7,6,8,8,9,10,11,7,10,5,7,8,8,9,8,9,9,5,7,8,9,8,8,10,7,5,9,7,8,5,12,12,8,7,6,5,8,6,9,6,8,4,9,5,8,12,12,9,6,7,6,5,7,9,5,7,8,4,7,4,12,6,12,6,7,8,7,7,7,5,7,7,9,8,13,6,7,12,7,13,8,8,6,6,5,6,9,9,10,10,10,7,10,9,12,6,7,10,7,6,8,13,8,7,7,5,8,11,8,8,6,9,11,10,10
align-dinov2+1b-things+hyp-abl50-7-random,9,8,6,9,7,5,9,10,3,6,8,6,4,8,8,5,6,5,9,6,6,8,7,8,4,12,6,7,5,7,11,8,10,10,4,13,8,9,8,12,8,6,4,6,7,8,7,10,8,8,7,8,10,9,8,6,8,11,9,25,7,9,8,7,8,10,8,9,10,9,9,12,8,10,6,11,11,8,7,7,5,14,7,8,8,9,8,5,6,14,12,7,8,5,6,7,7,7,7,4,9,6,10,7,8,7,11,9,10,6,13,10,3,6,4,10,5,7,8,8,6,9,6,10,16,11,6,7,8,5,8,6,6,8,7,12,11,5,10,9,5,8,8,10,4,7,5,4,6,5,16,10,6,8,3,7,10,4,6,8,8,7,8,7,6,10,10,8,8,9,8,5,7,10,7,8,4,12,9,7,10,10,7,10,6,7,7,7,7,10,5,9,8,7,6,9,11,8,9,8,8,6,5,7,9,7,9,7,6,7,5,7,6,8,7,7,4,5,9,7,9,5,10,8,8,13,9,10,6,6,11,4,9,7,8,6,7,7,7,5,8,7,5,10,9,8,6,5,10,5,12,11,6,7,5,7,5,8,11,8,9,7,8,6,6,6,10,6,12,5,11,7,15,11,8,9,11,10,14,10,7,8,6,8,8,6,7,7,10,11,7,9,4,7,5,5,4,7,5,9,8,8,12,10,7,8,10,7,10,13,8,11,9,5,8,7,7,7,9,7,6,8,9,8,8,7,9,6,6,9,6,6,8,7,10,11,8,14,11,9,12,7,13,10,7,8,6,7,7,11,8,4,7,6,6,7,9,8,9,8,9,9,8,8,8,9,6,8,8,10,5,8,6,7,6,8,7,8,7,7,5,4,7,7,7,6,10,7,5,5,17,5,8,10,8,4,7,6,7,11,6,7,8,6,3,8,6,9,9,12,4,9,5,8,6,6,4,5,7,10,6,9,6,6,13,5,5,11,6,7,8,5,8,5,10,4,4,6,16,5,8,5,6,11,13,6,5,5,10,10,6,10,9,8,11,9,7,7,9,7,10,5,3,9,5,7,11,5,8,6,8,10,5,10,5,8,6,8,5,8,11,3,3,7,5,11,10,10,7,8,7,10,6,10,8,4,11,10,5,7,6,7,9,9,4,6,5,9,6,6,10,11,7,10,10,8,9,8,10,6,6,4,6,8,12,5,10,11,9,7,6,5,6,8,10,10,3,13,7,11,5,6,9,5,7,7,9,7,7,11,8,7,9,14,11,8,10,9,6,10,6,6,6,8,6,11,8,8,11,5,8,10,6,10,7,9,5,9,9,7,8,6,14,11,6,4,7,11,7,6,10,7,5,7,9,15,6,6,10,8,11,7,8,7,6,10,8,10,9,10,8,6,13,9,11,7,8,8,3,6,7,7,6,6,9,6,9,7,8,7,6,11,10,4,6,9,6,10,11,4,7,8,12,8,5,8,7,8,6,7,9,6,7,7,6,4,8,8,10,6,6,7,9,6,11,7,11,7,10,9,5,7,8,9,9,7,5,15,4,7,7,5,6,5,6,6,7,8,8,6,9,10,9,8,12,8,9,5,12,13,7,6,11,5,12,7,8,5,9,6,8,5,6,5,9,7,9,12,8,4,10,11,6,4,4,9,6,6,8,8,4,5,8,8,13,9,7,6,5,6,11,11,6,11,9,6,6,7,6,5,7,10,9,7,10,8,4,8,11,6,6,6,7,10,5,7,8,6,8,4,10,10,9,6,8,5,5,4,9,15,8,6,7,7,9,10,5,7,10,10,4,5,7,9,7,6,9,8,6,11,6,6,6,6,11,13,8,12,8,8,6,6,7,7,11,10,6,7,7,5,6,9,7,8,5,9,9,6,7,9,9,3,5,11,9,8,6,8,5,7,8,9,8,6,5,7,10,7,13,5,7,11,8,9,7,7,5,11,10,6,8,7,10,11,7,6,7,8,10,7,7,9,3,7,10,11,12,7,8,12,6,8,5,6,7,9,6,6,6,9,6,5,7,3,9,11,8,10,7,8,5,8,4,4,10,12,4,6,7,9,8,10,4,8,10,5,7,7,6,6,7,4,5,9,7,8,10,7,6,11,4,9,10,6,6,9,10,5,9,4,8,8,8,6,8,8,7,14,5,12,8,5,9,8,4,8,11,8,9,7,8,8,9,4,7,8,4,5,7,7,8,4,8,8,9,9,10,5,6,8,9,3,7,7,5,4,10,6,11,7,5,7,5,7,7,9,6,6,7,8,7,6,8,8,9,6,8,7,4,6,9,6,8,8,9,8,5,6,6,7,12,5,7,6,9,7,5,7,5,9,8,5,7,8,7,4,6,11,6,11,7,8,9,8,12,8,10,5,10,12,9,6,9,6,8,10,8,13,5,5,11,8,4,9,11,8,9,12,9,10,7,3,10,7,6,8,8,9,10,11,7,10,5,7,8,8,9,8,9,9,5,7,8,9,8,8,10,7,5,9,7,8,5,12,12,8,7,6,5,8,6,9,6,8,4,9,5,8,12,12,9,6,7,6,5,7,9,5,7,8,4,7,4,12,6,12,6,7,8,7,7,7,5,7,7,9,8,13,6,7,12,7,13,8,8,6,6,5,6,9,9,10,10,10,7,10,9,12,6,7,10,7,6,8,13,8,7,7,5,8,11,8,8,6,9,11,10,10
align-dinov2+1b-things+hyp-abl50-local-shuffled-218,4,7,11,8,5,8,9,7,8,6,11,10,6,9,7,8,10,14,9,6,10,8,9,6,7,7,7,9,11,7,9,7,9,5,7,7,10,8,7,10,6,8,5,8,9,6,7,6,10,6,6,4,9,10,8,7,7,4,5,19,10,4,9,7,9,9,7,7,5,8,9,5,7,10,10,8,5,7,7,4,7,10,7,9,5,11,5,5,8,8,12,7,10,9,9,8,10,8,6,9,9,8,7,10,11,6,10,9,9,9,10,8,10,7,7,9,8,8,9,10,8,7,7,4,15,11,8,7,8,5,8,11,8,9,10,9,9,6,10,4,5,7,8,8,6,9,7,7,6,8,15,6,4,8,7,8,4,8,5,6,8,8,5,5,9,7,6,8,6,7,5,6,10,7,6,7,9,9,7,5,6,9,10,6,11,6,7,7,7,5,8,4,9,6,9,10,8,8,10,6,10,4,5,5,13,4,5,7,7,9,9,4,6,8,7,6,4,6,6,9,7,4,10,5,11,7,9,8,6,7,15,7,5,8,8,9,6,6,7,5,9,6,7,11,8,13,6,12,6,9,8,8,7,8,7,5,7,9,9,7,7,9,10,7,5,10,8,9,8,5,8,7,8,7,6,8,6,10,6,7,9,5,9,7,8,5,7,6,5,9,10,5,7,10,7,5,10,6,11,6,6,6,11,5,9,10,8,8,5,9,11,8,9,6,6,5,10,8,9,9,9,13,9,5,8,7,6,9,6,7,7,3,6,10,9,7,9,8,8,10,8,8,8,9,8,12,7,7,6,8,10,7,8,12,6,4,5,6,9,8,8,6,5,7,4,7,10,6,6,7,10,8,8,3,4,6,8,5,6,10,4,6,9,7,8,7,6,11,8,10,16,8,12,7,4,6,6,7,11,13,7,10,11,9,7,7,6,8,6,6,7,8,4,6,6,9,7,10,10,8,9,10,8,5,7,10,8,4,8,8,8,7,10,8,5,6,9,5,5,9,10,10,8,6,6,9,12,9,11,5,9,10,9,10,7,9,8,11,7,7,7,5,8,7,7,11,7,6,7,8,9,7,8,8,7,11,5,4,9,7,7,5,10,5,6,8,8,7,7,5,10,7,10,11,4,6,9,5,9,8,11,8,6,9,5,10,13,7,8,9,9,6,5,6,10,8,10,8,8,11,8,6,6,9,9,9,10,5,10,5,5,10,7,9,8,10,8,6,10,8,6,11,10,7,7,7,5,7,8,8,7,9,12,16,9,8,8,10,11,9,8,4,8,6,8,6,7,4,5,9,5,6,6,10,9,7,8,9,7,10,7,4,10,8,8,4,6,6,5,9,10,8,8,8,10,5,5,7,6,4,8,9,5,5,7,13,5,8,12,7,8,13,5,7,8,8,9,5,10,9,8,7,12,9,5,10,6,8,6,7,8,7,10,12,6,7,7,8,7,11,5,4,7,5,8,7,6,7,4,12,11,8,8,8,10,5,10,11,9,9,8,7,10,7,5,6,9,9,8,5,6,7,10,8,6,4,6,8,5,5,5,7,6,7,8,8,5,7,12,7,11,12,3,12,5,7,7,5,8,6,5,9,8,9,6,8,9,8,12,8,6,9,8,8,4,8,9,8,5,10,5,6,7,12,10,9,9,10,9,15,8,6,5,5,4,9,6,9,7,13,6,11,6,5,11,6,8,6,6,7,8,7,7,6,5,8,5,13,6,8,8,9,8,8,7,8,10,9,7,8,8,9,10,7,9,10,12,6,5,9,7,5,8,8,6,8,9,8,9,5,8,8,6,9,7,9,7,5,7,12,10,7,8,7,12,14,8,7,7,6,8,7,5,10,7,7,8,10,8,6,9,13,10,6,7,6,6,10,12,11,6,3,9,9,5,9,12,7,8,6,7,9,7,6,9,10,7,9,8,10,13,15,11,7,9,11,8,7,12,5,6,8,6,4,9,8,6,5,13,7,6,11,6,6,8,7,8,6,6,8,7,10,4,5,8,9,10,6,13,7,5,9,9,9,8,8,7,9,5,11,8,10,6,9,9,7,8,5,9,7,8,7,9,8,13,10,8,6,7,6,9,8,7,6,6,4,5,6,8,4,7,5,7,6,5,7,10,6,6,4,8,11,6,15,7,8,10,6,6,7,6,10,7,10,10,7,8,11,9,7,7,11,10,11,6,9,5,10,9,8,7,10,10,5,11,9,9,10,7,4,8,7,6,8,7,8,9,6,7,6,8,13,8,8,4,8,7,7,7,4,12,10,6,10,6,9,11,7,9,6,9,10,8,7,7,9,6,6,5,5,8,5,6,9,4,9,11,12,12,9,7,7,10,13,10,8,5,6,7,6,10,9,6,10,6,11,6,9,7,16,10,6,6,7,8,10,8,10,4,5,8,11,8,6,7,11,7,9,6,10,9,7,7,8,10,6,7,7,9,5,4,9,5,8,8,5,8,8,9,7,6,10,6,14,5,8,5,9,9,6,4,11,8,7,10,7,6,4,11,14,6,9,5,6,9,8,5,9,9,12,8,6,14,6,4,8,5,8,8,8,9,5,9,5,7,7,7,4,10,10,9,12,7,6,5,7,6,6,10,8,5,8,8,9,9,7,7,8,3,5,9,7,7,6,7,6,6,4,8,9,7,4,7,6,7,13,10,7,6,9,6,8,7,7,7,6,6,6
align-dinov2+1b-things+hyp-abl50-local-shuffled-42,4,7,11,8,5,8,9,7,8,6,11,10,6,9,7,8,10,14,9,6,10,8,9,6,7,7,7,9,11,7,9,7,9,5,7,7,10,8,7,10,6,8,5,8,9,6,7,6,10,6,6,4,9,10,8,7,7,4,5,19,10,4,9,7,9,9,7,7,5,8,9,5,7,10,10,8,5,7,7,4,7,10,7,9,5,11,5,5,8,8,12,7,10,9,9,8,10,8,6,9,9,8,7,10,11,6,10,9,9,9,10,8,10,7,7,9,8,8,9,10,8,7,7,4,15,11,8,7,8,5,8,11,8,9,10,9,9,6,10,4,5,7,8,8,6,9,7,7,6,8,15,6,4,8,7,8,4,8,5,6,8,8,5,5,9,7,6,8,6,7,5,6,10,7,6,7,9,9,7,5,6,9,10,6,11,6,7,7,7,5,8,4,9,6,9,10,8,8,10,6,10,4,5,5,13,4,5,7,7,9,9,4,6,8,7,6,4,6,6,9,7,4,10,5,11,7,9,8,6,7,15,7,5,8,8,9,6,6,7,5,9,6,7,11,8,13,6,12,6,9,8,8,7,8,7,5,7,9,9,7,7,9,10,7,5,10,8,9,8,5,8,7,8,7,6,8,6,10,6,7,9,5,9,7,8,5,7,6,5,9,10,5,7,10,7,5,10,6,11,6,6,6,11,5,9,10,8,8,5,9,11,8,9,6,6,5,10,8,9,9,9,13,9,5,8,7,6,9,6,7,7,3,6,10,9,7,9,8,8,10,8,8,8,9,8,12,7,7,6,8,10,7,8,12,6,4,5,6,9,8,8,6,5,7,4,7,10,6,6,7,10,8,8,3,4,6,8,5,6,10,4,6,9,7,8,7,6,11,8,10,16,8,12,7,4,6,6,7,11,13,7,10,11,9,7,7,6,8,6,6,7,8,4,6,6,9,7,10,10,8,9,10,8,5,7,10,8,4,8,8,8,7,10,8,5,6,9,5,5,9,10,10,8,6,6,9,12,9,11,5,9,10,9,10,7,9,8,11,7,7,7,5,8,7,7,11,7,6,7,8,9,7,8,8,7,11,5,4,9,7,7,5,10,5,6,8,8,7,7,5,10,7,10,11,4,6,9,5,9,8,11,8,6,9,5,10,13,7,8,9,9,6,5,6,10,8,10,8,8,11,8,6,6,9,9,9,10,5,10,5,5,10,7,9,8,10,8,6,10,8,6,11,10,7,7,7,5,7,8,8,7,9,12,16,9,8,8,10,11,9,8,4,8,6,8,6,7,4,5,9,5,6,6,10,9,7,8,9,7,10,7,4,10,8,8,4,6,6,5,9,10,8,8,8,10,5,5,7,6,4,8,9,5,5,7,13,5,8,12,7,8,13,5,7,8,8,9,5,10,9,8,7,12,9,5,10,6,8,6,7,8,7,10,12,6,7,7,8,7,11,5,4,7,5,8,7,6,7,4,12,11,8,8,8,10,5,10,11,9,9,8,7,10,7,5,6,9,9,8,5,6,7,10,8,6,4,6,8,5,5,5,7,6,7,8,8,5,7,12,7,11,12,3,12,5,7,7,5,8,6,5,9,8,9,6,8,9,8,12,8,6,9,8,8,4,8,9,8,5,10,5,6,7,12,10,9,9,10,9,15,8,6,5,5,4,9,6,9,7,13,6,11,6,5,11,6,8,6,6,7,8,7,7,6,5,8,5,13,6,8,8,9,8,8,7,8,10,9,7,8,8,9,10,7,9,10,12,6,5,9,7,5,8,8,6,8,9,8,9,5,8,8,6,9,7,9,7,5,7,12,10,7,8,7,12,14,8,7,7,6,8,7,5,10,7,7,8,10,8,6,9,13,10,6,7,6,6,10,12,11,6,3,9,9,5,9,12,7,8,6,7,9,7,6,9,10,7,9,8,10,13,15,11,7,9,11,8,7,12,5,6,8,6,4,9,8,6,5,13,7,6,11,6,6,8,7,8,6,6,8,7,10,4,5,8,9,10,6,13,7,5,9,9,9,8,8,7,9,5,11,8,10,6,9,9,7,8,5,9,7,8,7,9,8,13,10,8,6,7,6,9,8,7,6,6,4,5,6,8,4,7,5,7,6,5,7,10,6,6,4,8,11,6,15,7,8,10,6,6,7,6,10,7,10,10,7,8,11,9,7,7,11,10,11,6,9,5,10,9,8,7,10,10,5,11,9,9,10,7,4,8,7,6,8,7,8,9,6,7,6,8,13,8,8,4,8,7,7,7,4,12,10,6,10,6,9,11,7,9,6,9,10,8,7,7,9,6,6,5,5,8,5,6,9,4,9,11,12,12,9,7,7,10,13,10,8,5,6,7,6,10,9,6,10,6,11,6,9,7,16,10,6,6,7,8,10,8,10,4,5,8,11,8,6,7,11,7,9,6,10,9,7,7,8,10,6,7,7,9,5,4,9,5,8,8,5,8,8,9,7,6,10,6,14,5,8,5,9,9,6,4,11,8,7,10,7,6,4,11,14,6,9,5,6,9,8,5,9,9,12,8,6,14,6,4,8,5,8,8,8,9,5,9,5,7,7,7,4,10,10,9,12,7,6,5,7,6,6,10,8,5,8,8,9,9,7,7,8,3,5,9,7,7,6,7,6,6,4,8,9,7,4,7,6,7,13,10,7,6,9,6,8,7,7,7,6,6,6
align-dinov2+1b-things+hyp-abl50-local-shuffled-7,4,7,11,8,5,8,9,7,8,6,11,10,6,9,7,8,10,14,9,6,10,8,9,6,7,7,7,9,11,7,9,7,9,5,7,7,10,8,7,10,6,8,5,8,9,6,7,6,10,6,6,4,9,10,8,7,7,4,5,19,10,4,9,7,9,9,7,7,5,8,9,5,7,10,10,8,5,7,7,4,7,10,7,9,5,11,5,5,8,8,12,7,10,9,9,8,10,8,6,9,9,8,7,10,11,6,10,9,9,9,10,8,10,7,7,9,8,8,9,10,8,7,7,4,15,11,8,7,8,5,8,11,8,9,10,9,9,6,10,4,5,7,8,8,6,9,7,7,6,8,15,6,4,8,7,8,4,8,5,6,8,8,5,5,9,7,6,8,6,7,5,6,10,7,6,7,9,9,7,5,6,9,10,6,11,6,7,7,7,5,8,4,9,6,9,10,8,8,10,6,10,4,5,5,13,4,5,7,7,9,9,4,6,8,7,6,4,6,6,9,7,4,10,5,11,7,9,8,6,7,15,7,5,8,8,9,6,6,7,5,9,6,7,11,8,13,6,12,6,9,8,8,7,8,7,5,7,9,9,7,7,9,10,7,5,10,8,9,8,5,8,7,8,7,6,8,6,10,6,7,9,5,9,7,8,5,7,6,5,9,10,5,7,10,7,5,10,6,11,6,6,6,11,5,9,10,8,8,5,9,11,8,9,6,6,5,10,8,9,9,9,13,9,5,8,7,6,9,6,7,7,3,6,10,9,7,9,8,8,10,8,8,8,9,8,12,7,7,6,8,10,7,8,12,6,4,5,6,9,8,8,6,5,7,4,7,10,6,6,7,10,8,8,3,4,6,8,5,6,10,4,6,9,7,8,7,6,11,8,10,16,8,12,7,4,6,6,7,11,13,7,10,11,9,7,7,6,8,6,6,7,8,4,6,6,9,7,10,10,8,9,10,8,5,7,10,8,4,8,8,8,7,10,8,5,6,9,5,5,9,10,10,8,6,6,9,12,9,11,5,9,10,9,10,7,9,8,11,7,7,7,5,8,7,7,11,7,6,7,8,9,7,8,8,7,11,5,4,9,7,7,5,10,5,6,8,8,7,7,5,10,7,10,11,4,6,9,5,9,8,11,8,6,9,5,10,13,7,8,9,9,6,5,6,10,8,10,8,8,11,8,6,6,9,9,9,10,5,10,5,5,10,7,9,8,10,8,6,10,8,6,11,10,7,7,7,5,7,8,8,7,9,12,16,9,8,8,10,11,9,8,4,8,6,8,6,7,4,5,9,5,6,6,10,9,7,8,9,7,10,7,4,10,8,8,4,6,6,5,9,10,8,8,8,10,5,5,7,6,4,8,9,5,5,7,13,5,8,12,7,8,13,5,7,8,8,9,5,10,9,8,7,12,9,5,10,6,8,6,7,8,7,10,12,6,7,7,8,7,11,5,4,7,5,8,7,6,7,4,12,11,8,8,8,10,5,10,11,9,9,8,7,10,7,5,6,9,9,8,5,6,7,10,8,6,4,6,8,5,5,5,7,6,7,8,8,5,7,12,7,11,12,3,12,5,7,7,5,8,6,5,9,8,9,6,8,9,8,12,8,6,9,8,8,4,8,9,8,5,10,5,6,7,12,10,9,9,10,9,15,8,6,5,5,4,9,6,9,7,13,6,11,6,5,11,6,8,6,6,7,8,7,7,6,5,8,5,13,6,8,8,9,8,8,7,8,10,9,7,8,8,9,10,7,9,10,12,6,5,9,7,5,8,8,6,8,9,8,9,5,8,8,6,9,7,9,7,5,7,12,10,7,8,7,12,14,8,7,7,6,8,7,5,10,7,7,8,10,8,6,9,13,10,6,7,6,6,10,12,11,6,3,9,9,5,9,12,7,8,6,7,9,7,6,9,10,7,9,8,10,13,15,11,7,9,11,8,7,12,5,6,8,6,4,9,8,6,5,13,7,6,11,6,6,8,7,8,6,6,8,7,10,4,5,8,9,10,6,13,7,5,9,9,9,8,8,7,9,5,11,8,10,6,9,9,7,8,5,9,7,8,7,9,8,13,10,8,6,7,6,9,8,7,6,6,4,5,6,8,4,7,5,7,6,5,7,10,6,6,4,8,11,6,15,7,8,10,6,6,7,6,10,7,10,10,7,8,11,9,7,7,11,10,11,6,9,5,10,9,8,7,10,10,5,11,9,9,10,7,4,8,7,6,8,7,8,9,6,7,6,8,13,8,8,4,8,7,7,7,4,12,10,6,10,6,9,11,7,9,6,9,10,8,7,7,9,6,6,5,5,8,5,6,9,4,9,11,12,12,9,7,7,10,13,10,8,5,6,7,6,10,9,6,10,6,11,6,9,7,16,10,6,6,7,8,10,8,10,4,5,8,11,8,6,7,11,7,9,6,10,9,7,7,8,10,6,7,7,9,5,4,9,5,8,8,5,8,8,9,7,6,10,6,14,5,8,5,9,9,6,4,11,8,7,10,7,6,4,11,14,6,9,5,6,9,8,5,9,9,12,8,6,14,6,4,8,5,8,8,8,9,5,9,5,7,7,7,4,10,10,9,12,7,6,5,7,6,6,10,8,5,8,8,9,9,7,7,8,3,5,9,7,7,6,7,6,6,4,8,9,7,4,7,6,7,13,10,7,6,9,6,8,7,7,7,6,6,6
align-dinov2+1b-things+hyp-abl50-shuffled-218,10,7,9,9,7,8,4,4,8,5,7,7,9,7,9,7,8,11,6,8,4,5,6,11,9,9,7,7,4,11,9,11,8,7,9,6,6,7,8,5,6,11,7,8,6,10,9,5,9,11,6,6,3,8,6,9,4,10,6,23,7,6,8,6,12,7,7,9,11,8,6,8,7,6,11,7,10,8,11,4,8,6,11,4,4,5,10,9,9,5,5,8,8,8,5,7,11,7,6,9,11,8,6,13,6,7,6,7,10,4,6,8,8,8,8,9,6,7,7,8,9,6,13,6,11,4,9,8,12,11,5,5,7,5,8,8,7,7,9,11,9,9,9,6,5,6,6,5,5,9,13,7,6,12,7,11,6,8,7,11,8,9,7,10,12,6,8,6,10,9,12,6,8,6,3,6,6,12,9,7,7,6,8,6,10,9,11,8,8,9,4,7,7,7,8,7,4,7,5,6,7,9,5,10,11,5,7,10,6,8,6,7,9,8,10,14,9,5,7,7,5,6,7,7,7,9,4,8,9,8,7,8,5,6,9,6,8,7,5,7,6,7,12,11,11,5,8,10,7,8,7,4,7,5,8,7,7,8,6,8,9,9,8,7,9,7,8,6,12,9,7,7,5,7,12,6,6,5,8,7,10,9,8,12,7,9,7,11,7,4,6,7,7,6,7,7,4,11,9,9,7,7,7,8,7,5,7,7,6,10,5,9,8,6,12,11,4,6,9,5,7,8,8,10,8,8,12,5,10,8,7,8,10,11,7,5,9,5,8,9,7,10,9,8,7,5,7,5,8,6,8,10,9,8,10,8,4,5,11,8,10,7,7,10,5,10,8,9,5,5,11,8,5,8,10,7,7,7,8,9,6,7,14,8,12,3,12,6,6,7,13,5,16,10,7,10,7,8,6,5,8,9,8,10,5,4,9,4,9,5,8,6,4,8,8,12,6,7,6,4,7,5,11,8,10,10,5,9,10,12,6,7,7,6,5,10,10,8,9,7,7,6,4,12,6,9,7,8,8,11,4,5,7,7,5,7,4,8,9,11,8,4,8,10,5,9,7,9,5,7,10,8,6,11,10,11,5,6,8,8,5,8,10,11,5,9,10,10,8,8,5,9,8,3,8,8,4,8,7,10,7,8,10,6,12,9,4,7,6,7,7,11,5,3,13,7,6,7,6,7,10,9,5,8,6,4,6,11,7,9,9,8,9,13,9,10,6,5,10,5,8,6,8,13,7,5,6,5,3,9,8,10,11,15,9,7,13,7,8,8,4,12,7,8,8,8,4,10,8,5,10,6,7,7,9,5,9,6,11,10,10,6,8,11,8,7,14,6,10,8,12,5,5,7,5,8,8,11,10,5,10,7,9,7,6,6,12,6,5,7,11,10,5,3,9,7,9,14,14,3,8,7,11,5,12,7,5,5,10,9,6,12,5,5,10,6,7,6,5,6,14,11,6,7,7,10,6,8,4,6,9,7,8,5,5,7,9,12,8,9,8,9,10,7,7,6,8,9,8,7,10,6,6,5,10,10,5,5,8,9,8,9,7,7,10,8,8,7,7,6,9,9,7,14,7,6,9,11,9,10,5,8,9,9,8,7,8,6,10,7,11,4,4,8,7,13,7,4,8,10,7,6,9,7,7,6,8,8,8,5,8,9,7,5,10,6,10,8,5,8,8,6,6,7,7,8,8,6,9,5,5,5,6,7,6,10,10,11,11,8,8,6,10,10,11,9,9,5,11,7,10,5,9,5,5,7,7,3,4,10,6,7,8,9,10,8,11,11,10,7,10,10,6,8,6,8,7,8,5,7,10,7,5,6,10,8,11,6,9,9,13,8,6,6,5,6,8,10,6,6,6,6,6,8,11,9,11,6,5,9,7,8,10,9,10,5,8,6,7,5,8,4,7,7,7,7,9,10,9,7,9,10,6,8,9,7,9,8,9,8,7,6,6,6,5,12,5,7,7,9,6,5,8,9,13,9,7,9,5,6,9,6,5,12,6,12,6,8,8,6,9,6,8,5,10,6,10,10,9,4,7,10,7,8,8,6,10,8,5,9,5,7,5,8,6,4,13,7,5,5,14,6,8,11,6,4,10,8,9,10,7,11,7,5,4,4,10,8,6,9,8,5,11,9,11,8,9,8,11,8,10,4,4,7,9,5,6,7,10,6,5,8,6,9,5,7,6,8,7,7,7,9,5,5,6,8,6,7,9,5,11,8,10,7,9,10,6,6,8,4,9,6,7,7,8,6,8,6,9,8,10,10,10,6,4,8,5,7,8,6,7,7,10,7,9,7,8,7,4,10,9,10,7,10,8,7,8,9,5,7,6,7,8,8,7,11,6,9,10,8,8,7,7,5,6,9,7,9,9,8,10,8,7,8,8,8,8,8,8,4,11,6,7,7,7,6,8,8,7,4,6,10,10,4,6,5,5,10,9,9,5,9,6,10,4,11,5,8,7,10,7,14,11,8,11,8,6,12,13,8,12,9,6,4,9,6,13,7,11,8,9,9,7,6,10,9,15,10,7,6,9,9,9,11,11,7,6,11,5,11,5,5,6,8,6,7,10,12,8,6,5,10,6,10,6,6,7,7,8,6,9,8,7,8,10,4,8,5,4,5,7,13,6,9,11,9,9,9,11,6,10,7,8,7,5,8,6,6,10,7,6,5,6,8,8,8,12,8
align-dinov2+1b-things+hyp-abl50-shuffled-42,10,7,9,9,7,8,4,4,8,5,7,7,9,7,9,7,8,11,6,8,4,5,6,11,9,9,7,7,4,11,9,11,8,7,9,6,6,7,8,5,6,11,7,8,6,10,9,5,9,11,6,6,3,8,6,9,4,10,6,23,7,6,8,6,12,7,7,9,11,8,6,8,7,6,11,7,10,8,11,4,8,6,11,4,4,5,10,9,9,5,5,8,8,8,5,7,11,7,6,9,11,8,6,13,6,7,6,7,10,4,6,8,8,8,8,9,6,7,7,8,9,6,13,6,11,4,9,8,12,11,5,5,7,5,8,8,7,7,9,11,9,9,9,6,5,6,6,5,5,9,13,7,6,12,7,11,6,8,7,11,8,9,7,10,12,6,8,6,10,9,12,6,8,6,3,6,6,12,9,7,7,6,8,6,10,9,11,8,8,9,4,7,7,7,8,7,4,7,5,6,7,9,5,10,11,5,7,10,6,8,6,7,9,8,10,14,9,5,7,7,5,6,7,7,7,9,4,8,9,8,7,8,5,6,9,6,8,7,5,7,6,7,12,11,11,5,8,10,7,8,7,4,7,5,8,7,7,8,6,8,9,9,8,7,9,7,8,6,12,9,7,7,5,7,12,6,6,5,8,7,10,9,8,12,7,9,7,11,7,4,6,7,7,6,7,7,4,11,9,9,7,7,7,8,7,5,7,7,6,10,5,9,8,6,12,11,4,6,9,5,7,8,8,10,8,8,12,5,10,8,7,8,10,11,7,5,9,5,8,9,7,10,9,8,7,5,7,5,8,6,8,10,9,8,10,8,4,5,11,8,10,7,7,10,5,10,8,9,5,5,11,8,5,8,10,7,7,7,8,9,6,7,14,8,12,3,12,6,6,7,13,5,16,10,7,10,7,8,6,5,8,9,8,10,5,4,9,4,9,5,8,6,4,8,8,12,6,7,6,4,7,5,11,8,10,10,5,9,10,12,6,7,7,6,5,10,10,8,9,7,7,6,4,12,6,9,7,8,8,11,4,5,7,7,5,7,4,8,9,11,8,4,8,10,5,9,7,9,5,7,10,8,6,11,10,11,5,6,8,8,5,8,10,11,5,9,10,10,8,8,5,9,8,3,8,8,4,8,7,10,7,8,10,6,12,9,4,7,6,7,7,11,5,3,13,7,6,7,6,7,10,9,5,8,6,4,6,11,7,9,9,8,9,13,9,10,6,5,10,5,8,6,8,13,7,5,6,5,3,9,8,10,11,15,9,7,13,7,8,8,4,12,7,8,8,8,4,10,8,5,10,6,7,7,9,5,9,6,11,10,10,6,8,11,8,7,14,6,10,8,12,5,5,7,5,8,8,11,10,5,10,7,9,7,6,6,12,6,5,7,11,10,5,3,9,7,9,14,14,3,8,7,11,5,12,7,5,5,10,9,6,12,5,5,10,6,7,6,5,6,14,11,6,7,7,10,6,8,4,6,9,7,8,5,5,7,9,12,8,9,8,9,10,7,7,6,8,9,8,7,10,6,6,5,10,10,5,5,8,9,8,9,7,7,10,8,8,7,7,6,9,9,7,14,7,6,9,11,9,10,5,8,9,9,8,7,8,6,10,7,11,4,4,8,7,13,7,4,8,10,7,6,9,7,7,6,8,8,8,5,8,9,7,5,10,6,10,8,5,8,8,6,6,7,7,8,8,6,9,5,5,5,6,7,6,10,10,11,11,8,8,6,10,10,11,9,9,5,11,7,10,5,9,5,5,7,7,3,4,10,6,7,8,9,10,8,11,11,10,7,10,10,6,8,6,8,7,8,5,7,10,7,5,6,10,8,11,6,9,9,13,8,6,6,5,6,8,10,6,6,6,6,6,8,11,9,11,6,5,9,7,8,10,9,10,5,8,6,7,5,8,4,7,7,7,7,9,10,9,7,9,10,6,8,9,7,9,8,9,8,7,6,6,6,5,12,5,7,7,9,6,5,8,9,13,9,7,9,5,6,9,6,5,12,6,12,6,8,8,6,9,6,8,5,10,6,10,10,9,4,7,10,7,8,8,6,10,8,5,9,5,7,5,8,6,4,13,7,5,5,14,6,8,11,6,4,10,8,9,10,7,11,7,5,4,4,10,8,6,9,8,5,11,9,11,8,9,8,11,8,10,4,4,7,9,5,6,7,10,6,5,8,6,9,5,7,6,8,7,7,7,9,5,5,6,8,6,7,9,5,11,8,10,7,9,10,6,6,8,4,9,6,7,7,8,6,8,6,9,8,10,10,10,6,4,8,5,7,8,6,7,7,10,7,9,7,8,7,4,10,9,10,7,10,8,7,8,9,5,7,6,7,8,8,7,11,6,9,10,8,8,7,7,5,6,9,7,9,9,8,10,8,7,8,8,8,8,8,8,4,11,6,7,7,7,6,8,8,7,4,6,10,10,4,6,5,5,10,9,9,5,9,6,10,4,11,5,8,7,10,7,14,11,8,11,8,6,12,13,8,12,9,6,4,9,6,13,7,11,8,9,9,7,6,10,9,15,10,7,6,9,9,9,11,11,7,6,11,5,11,5,5,6,8,6,7,10,12,8,6,5,10,6,10,6,6,7,7,8,6,9,8,7,8,10,4,8,5,4,5,7,13,6,9,11,9,9,9,11,6,10,7,8,7,5,8,6,6,10,7,6,5,6,8,8,8,12,8
align-dinov2+1b-things+hyp-abl50-shuffled-7,10,7,9,9,7,8,4,4,8,5,7,7,9,7,9,7,8,11,6,8,4,5,6,11,9,9,7,7,4,11,9,11,8,7,9,6,6,7,8,5,6,11,7,8,6,10,9,5,9,11,6,6,3,8,6,9,4,10,6,23,7,6,8,6,12,7,7,9,11,8,6,8,7,6,11,7,10,8,11,4,8,6,11,4,4,5,10,9,9,5,5,8,8,8,5,7,11,7,6,9,11,8,6,13,6,7,6,7,10,4,6,8,8,8,8,9,6,7,7,8,9,6,13,6,11,4,9,8,12,11,5,5,7,5,8,8,7,7,9,11,9,9,9,6,5,6,6,5,5,9,13,7,6,12,7,11,6,8,7,11,8,9,7,10,12,6,8,6,10,9,12,6,8,6,3,6,6,12,9,7,7,6,8,6,10,9,11,8,8,9,4,7,7,7,8,7,4,7,5,6,7,9,5,10,11,5,7,10,6,8,6,7,9,8,10,14,9,5,7,7,5,6,7,7,7,9,4,8,9,8,7,8,5,6,9,6,8,7,5,7,6,7,12,11,11,5,8,10,7,8,7,4,7,5,8,7,7,8,6,8,9,9,8,7,9,7,8,6,12,9,7,7,5,7,12,6,6,5,8,7,10,9,8,12,7,9,7,11,7,4,6,7,7,6,7,7,4,11,9,9,7,7,7,8,7,5,7,7,6,10,5,9,8,6,12,11,4,6,9,5,7,8,8,10,8,8,12,5,10,8,7,8,10,11,7,5,9,5,8,9,7,10,9,8,7,5,7,5,8,6,8,10,9,8,10,8,4,5,11,8,10,7,7,10,5,10,8,9,5,5,11,8,5,8,10,7,7,7,8,9,6,7,14,8,12,3,12,6,6,7,13,5,16,10,7,10,7,8,6,5,8,9,8,10,5,4,9,4,9,5,8,6,4,8,8,12,6,7,6,4,7,5,11,8,10,10,5,9,10,12,6,7,7,6,5,10,10,8,9,7,7,6,4,12,6,9,7,8,8,11,4,5,7,7,5,7,4,8,9,11,8,4,8,10,5,9,7,9,5,7,10,8,6,11,10,11,5,6,8,8,5,8,10,11,5,9,10,10,8,8,5,9,8,3,8,8,4,8,7,10,7,8,10,6,12,9,4,7,6,7,7,11,5,3,13,7,6,7,6,7,10,9,5,8,6,4,6,11,7,9,9,8,9,13,9,10,6,5,10,5,8,6,8,13,7,5,6,5,3,9,8,10,11,15,9,7,13,7,8,8,4,12,7,8,8,8,4,10,8,5,10,6,7,7,9,5,9,6,11,10,10,6,8,11,8,7,14,6,10,8,12,5,5,7,5,8,8,11,10,5,10,7,9,7,6,6,12,6,5,7,11,10,5,3,9,7,9,14,14,3,8,7,11,5,12,7,5,5,10,9,6,12,5,5,10,6,7,6,5,6,14,11,6,7,7,10,6,8,4,6,9,7,8,5,5,7,9,12,8,9,8,9,10,7,7,6,8,9,8,7,10,6,6,5,10,10,5,5,8,9,8,9,7,7,10,8,8,7,7,6,9,9,7,14,7,6,9,11,9,10,5,8,9,9,8,7,8,6,10,7,11,4,4,8,7,13,7,4,8,10,7,6,9,7,7,6,8,8,8,5,8,9,7,5,10,6,10,8,5,8,8,6,6,7,7,8,8,6,9,5,5,5,6,7,6,10,10,11,11,8,8,6,10,10,11,9,9,5,11,7,10,5,9,5,5,7,7,3,4,10,6,7,8,9,10,8,11,11,10,7,10,10,6,8,6,8,7,8,5,7,10,7,5,6,10,8,11,6,9,9,13,8,6,6,5,6,8,10,6,6,6,6,6,8,11,9,11,6,5,9,7,8,10,9,10,5,8,6,7,5,8,4,7,7,7,7,9,10,9,7,9,10,6,8,9,7,9,8,9,8,7,6,6,6,5,12,5,7,7,9,6,5,8,9,13,9,7,9,5,6,9,6,5,12,6,12,6,8,8,6,9,6,8,5,10,6,10,10,9,4,7,10,7,8,8,6,10,8,5,9,5,7,5,8,6,4,13,7,5,5,14,6,8,11,6,4,10,8,9,10,7,11,7,5,4,4,10,8,6,9,8,5,11,9,11,8,9,8,11,8,10,4,4,7,9,5,6,7,10,6,5,8,6,9,5,7,6,8,7,7,7,9,5,5,6,8,6,7,9,5,11,8,10,7,9,10,6,6,8,4,9,6,7,7,8,6,8,6,9,8,10,10,10,6,4,8,5,7,8,6,7,7,10,7,9,7,8,7,4,10,9,10,7,10,8,7,8,9,5,7,6,7,8,8,7,11,6,9,10,8,8,7,7,5,6,9,7,9,9,8,10,8,7,8,8,8,8,8,8,4,11,6,7,7,7,6,8,8,7,4,6,10,10,4,6,5,5,10,9,9,5,9,6,10,4,11,5,8,7,10,7,14,11,8,11,8,6,12,13,8,12,9,6,4,9,6,13,7,11,8,9,9,7,6,10,9,15,10,7,6,9,9,9,11,11,7,6,11,5,11,5,5,6,8,6,7,10,12,8,6,5,10,6,10,6,6,7,7,8,6,9,8,7,8,10,4,8,5,4,5,7,13,6,9,11,9,9,9,11,6,10,7,8,7,5,8,6,6,10,7,6,5,6,8,8,8,12,8
align-dinov2+1b-things+hyp-abl70-218,9,8,6,9,7,5,9,10,3,6,8,6,4,8,8,5,6,5,9,6,6,8,7,8,4,12,6,7,5,7,11,8,10,10,4,13,8,9,8,12,8,6,4,6,7,8,7,10,8,8,7,8,10,9,8,6,8,11,9,25,7,9,8,7,8,10,8,9,10,9,9,12,8,10,6,11,11,8,7,7,5,14,7,8,8,9,8,5,6,14,12,7,8,5,6,7,7,7,7,4,9,6,10,7,8,7,11,9,10,6,13,10,3,6,4,10,5,7,8,8,6,9,6,10,16,11,6,7,8,5,8,6,6,8,7,12,11,5,10,9,5,8,8,10,4,7,5,4,6,5,16,10,6,8,3,7,10,4,6,8,8,7,8,7,6,10,10,8,8,9,8,5,7,10,7,8,4,12,9,7,10,10,7,10,6,7,7,7,7,10,5,9,8,7,6,9,11,8,9,8,8,6,5,7,9,7,9,7,6,7,5,7,6,8,7,7,4,5,9,7,9,5,10,8,8,13,9,10,6,6,11,4,9,7,8,6,7,7,7,5,8,7,5,10,9,8,6,5,10,5,12,11,6,7,5,7,5,8,11,8,9,7,8,6,6,6,10,6,12,5,11,7,15,11,8,9,11,10,14,10,7,8,6,8,8,6,7,7,10,11,7,9,4,7,5,5,4,7,5,9,8,8,12,10,7,8,10,7,10,13,8,11,9,5,8,7,7,7,9,7,6,8,9,8,8,7,9,6,6,9,6,6,8,7,10,11,8,14,11,9,12,7,13,10,7,8,6,7,7,11,8,4,7,6,6,7,9,8,9,8,9,9,8,8,8,9,6,8,8,10,5,8,6,7,6,8,7,8,7,7,5,4,7,7,7,6,10,7,5,5,17,5,8,10,8,4,7,6,7,11,6,7,8,6,3,8,6,9,9,12,4,9,5,8,6,6,4,5,7,10,6,9,6,6,13,5,5,11,6,7,8,5,8,5,10,4,4,6,16,5,8,5,6,11,13,6,5,5,10,10,6,10,9,8,11,9,7,7,9,7,10,5,3,9,5,7,11,5,8,6,8,10,5,10,5,8,6,8,5,8,11,3,3,7,5,11,10,10,7,8,7,10,6,10,8,4,11,10,5,7,6,7,9,9,4,6,5,9,6,6,10,11,7,10,10,8,9,8,10,6,6,4,6,8,12,5,10,11,9,7,6,5,6,8,10,10,3,13,7,11,5,6,9,5,7,7,9,7,7,11,8,7,9,14,11,8,10,9,6,10,6,6,6,8,6,11,8,8,11,5,8,10,6,10,7,9,5,9,9,7,8,6,14,11,6,4,7,11,7,6,10,7,5,7,9,15,6,6,10,8,11,7,8,7,6,10,8,10,9,10,8,6,13,9,11,7,8,8,3,6,7,7,6,6,9,6,9,7,8,7,6,11,10,4,6,9,6,10,11,4,7,8,12,8,5,8,7,8,6,7,9,6,7,7,6,4,8,8,10,6,6,7,9,6,11,7,11,7,10,9,5,7,8,9,9,7,5,15,4,7,7,5,6,5,6,6,7,8,8,6,9,10,9,8,12,8,9,5,12,13,7,6,11,5,12,7,8,5,9,6,8,5,6,5,9,7,9,12,8,4,10,11,6,4,4,9,6,6,8,8,4,5,8,8,13,9,7,6,5,6,11,11,6,11,9,6,6,7,6,5,7,10,9,7,10,8,4,8,11,6,6,6,7,10,5,7,8,6,8,4,10,10,9,6,8,5,5,4,9,15,8,6,7,7,9,10,5,7,10,10,4,5,7,9,7,6,9,8,6,11,6,6,6,6,11,13,8,12,8,8,6,6,7,7,11,10,6,7,7,5,6,9,7,8,5,9,9,6,7,9,9,3,5,11,9,8,6,8,5,7,8,9,8,6,5,7,10,7,13,5,7,11,8,9,7,7,5,11,10,6,8,7,10,11,7,6,7,8,10,7,7,9,3,7,10,11,12,7,8,12,6,8,5,6,7,9,6,6,6,9,6,5,7,3,9,11,8,10,7,8,5,8,4,4,10,12,4,6,7,9,8,10,4,8,10,5,7,7,6,6,7,4,5,9,7,8,10,7,6,11,4,9,10,6,6,9,10,5,9,4,8,8,8,6,8,8,7,14,5,12,8,5,9,8,4,8,11,8,9,7,8,8,9,4,7,8,4,5,7,7,8,4,8,8,9,9,10,5,6,8,9,3,7,7,5,4,10,6,11,7,5,7,5,7,7,9,6,6,7,8,7,6,8,8,9,6,8,7,4,6,9,6,8,8,9,8,5,6,6,7,12,5,7,6,9,7,5,7,5,9,8,5,7,8,7,4,6,11,6,11,7,8,9,8,12,8,10,5,10,12,9,6,9,6,8,10,8,13,5,5,11,8,4,9,11,8,9,12,9,10,7,3,10,7,6,8,8,9,10,11,7,10,5,7,8,8,9,8,9,9,5,7,8,9,8,8,10,7,5,9,7,8,5,12,12,8,7,6,5,8,6,9,6,8,4,9,5,8,12,12,9,6,7,6,5,7,9,5,7,8,4,7,4,12,6,12,6,7,8,7,7,7,5,7,7,9,8,13,6,7,12,7,13,8,8,6,6,5,6,9,9,10,10,10,7,10,9,12,6,7,10,7,6,8,13,8,7,7,5,8,11,8,8,6,9,11,10,10
align-dinov2+1b-things+hyp-abl70-218-random,9,8,6,9,7,5,9,10,3,6,8,6,4,8,8,5,6,5,9,6,6,8,7,8,4,12,6,7,5,7,11,8,10,10,4,13,8,9,8,12,8,6,4,6,7,8,7,10,8,8,7,8,10,9,8,6,8,11,9,25,7,9,8,7,8,10,8,9,10,9,9,12,8,10,6,11,11,8,7,7,5,14,7,8,8,9,8,5,6,14,12,7,8,5,6,7,7,7,7,4,9,6,10,7,8,7,11,9,10,6,13,10,3,6,4,10,5,7,8,8,6,9,6,10,16,11,6,7,8,5,8,6,6,8,7,12,11,5,10,9,5,8,8,10,4,7,5,4,6,5,16,10,6,8,3,7,10,4,6,8,8,7,8,7,6,10,10,8,8,9,8,5,7,10,7,8,4,12,9,7,10,10,7,10,6,7,7,7,7,10,5,9,8,7,6,9,11,8,9,8,8,6,5,7,9,7,9,7,6,7,5,7,6,8,7,7,4,5,9,7,9,5,10,8,8,13,9,10,6,6,11,4,9,7,8,6,7,7,7,5,8,7,5,10,9,8,6,5,10,5,12,11,6,7,5,7,5,8,11,8,9,7,8,6,6,6,10,6,12,5,11,7,15,11,8,9,11,10,14,10,7,8,6,8,8,6,7,7,10,11,7,9,4,7,5,5,4,7,5,9,8,8,12,10,7,8,10,7,10,13,8,11,9,5,8,7,7,7,9,7,6,8,9,8,8,7,9,6,6,9,6,6,8,7,10,11,8,14,11,9,12,7,13,10,7,8,6,7,7,11,8,4,7,6,6,7,9,8,9,8,9,9,8,8,8,9,6,8,8,10,5,8,6,7,6,8,7,8,7,7,5,4,7,7,7,6,10,7,5,5,17,5,8,10,8,4,7,6,7,11,6,7,8,6,3,8,6,9,9,12,4,9,5,8,6,6,4,5,7,10,6,9,6,6,13,5,5,11,6,7,8,5,8,5,10,4,4,6,16,5,8,5,6,11,13,6,5,5,10,10,6,10,9,8,11,9,7,7,9,7,10,5,3,9,5,7,11,5,8,6,8,10,5,10,5,8,6,8,5,8,11,3,3,7,5,11,10,10,7,8,7,10,6,10,8,4,11,10,5,7,6,7,9,9,4,6,5,9,6,6,10,11,7,10,10,8,9,8,10,6,6,4,6,8,12,5,10,11,9,7,6,5,6,8,10,10,3,13,7,11,5,6,9,5,7,7,9,7,7,11,8,7,9,14,11,8,10,9,6,10,6,6,6,8,6,11,8,8,11,5,8,10,6,10,7,9,5,9,9,7,8,6,14,11,6,4,7,11,7,6,10,7,5,7,9,15,6,6,10,8,11,7,8,7,6,10,8,10,9,10,8,6,13,9,11,7,8,8,3,6,7,7,6,6,9,6,9,7,8,7,6,11,10,4,6,9,6,10,11,4,7,8,12,8,5,8,7,8,6,7,9,6,7,7,6,4,8,8,10,6,6,7,9,6,11,7,11,7,10,9,5,7,8,9,9,7,5,15,4,7,7,5,6,5,6,6,7,8,8,6,9,10,9,8,12,8,9,5,12,13,7,6,11,5,12,7,8,5,9,6,8,5,6,5,9,7,9,12,8,4,10,11,6,4,4,9,6,6,8,8,4,5,8,8,13,9,7,6,5,6,11,11,6,11,9,6,6,7,6,5,7,10,9,7,10,8,4,8,11,6,6,6,7,10,5,7,8,6,8,4,10,10,9,6,8,5,5,4,9,15,8,6,7,7,9,10,5,7,10,10,4,5,7,9,7,6,9,8,6,11,6,6,6,6,11,13,8,12,8,8,6,6,7,7,11,10,6,7,7,5,6,9,7,8,5,9,9,6,7,9,9,3,5,11,9,8,6,8,5,7,8,9,8,6,5,7,10,7,13,5,7,11,8,9,7,7,5,11,10,6,8,7,10,11,7,6,7,8,10,7,7,9,3,7,10,11,12,7,8,12,6,8,5,6,7,9,6,6,6,9,6,5,7,3,9,11,8,10,7,8,5,8,4,4,10,12,4,6,7,9,8,10,4,8,10,5,7,7,6,6,7,4,5,9,7,8,10,7,6,11,4,9,10,6,6,9,10,5,9,4,8,8,8,6,8,8,7,14,5,12,8,5,9,8,4,8,11,8,9,7,8,8,9,4,7,8,4,5,7,7,8,4,8,8,9,9,10,5,6,8,9,3,7,7,5,4,10,6,11,7,5,7,5,7,7,9,6,6,7,8,7,6,8,8,9,6,8,7,4,6,9,6,8,8,9,8,5,6,6,7,12,5,7,6,9,7,5,7,5,9,8,5,7,8,7,4,6,11,6,11,7,8,9,8,12,8,10,5,10,12,9,6,9,6,8,10,8,13,5,5,11,8,4,9,11,8,9,12,9,10,7,3,10,7,6,8,8,9,10,11,7,10,5,7,8,8,9,8,9,9,5,7,8,9,8,8,10,7,5,9,7,8,5,12,12,8,7,6,5,8,6,9,6,8,4,9,5,8,12,12,9,6,7,6,5,7,9,5,7,8,4,7,4,12,6,12,6,7,8,7,7,7,5,7,7,9,8,13,6,7,12,7,13,8,8,6,6,5,6,9,9,10,10,10,7,10,9,12,6,7,10,7,6,8,13,8,7,7,5,8,11,8,8,6,9,11,10,10
align-dinov2+1b-things+hyp-abl70-42,9,8,6,9,7,5,9,10,3,6,8,6,4,8,8,5,6,5,9,6,6,8,7,8,4,12,6,7,5,7,11,8,10,10,4,13,8,9,8,12,8,6,4,6,7,8,7,10,8,8,7,8,10,9,8,6,8,11,9,25,7,9,8,7,8,10,8,9,10,9,9,12,8,10,6,11,11,8,7,7,5,14,7,8,8,9,8,5,6,14,12,7,8,5,6,7,7,7,7,4,9,6,10,7,8,7,11,9,10,6,13,10,3,6,4,10,5,7,8,8,6,9,6,10,16,11,6,7,8,5,8,6,6,8,7,12,11,5,10,9,5,8,8,10,4,7,5,4,6,5,16,10,6,8,3,7,10,4,6,8,8,7,8,7,6,10,10,8,8,9,8,5,7,10,7,8,4,12,9,7,10,10,7,10,6,7,7,7,7,10,5,9,8,7,6,9,11,8,9,8,8,6,5,7,9,7,9,7,6,7,5,7,6,8,7,7,4,5,9,7,9,5,10,8,8,13,9,10,6,6,11,4,9,7,8,6,7,7,7,5,8,7,5,10,9,8,6,5,10,5,12,11,6,7,5,7,5,8,11,8,9,7,8,6,6,6,10,6,12,5,11,7,15,11,8,9,11,10,14,10,7,8,6,8,8,6,7,7,10,11,7,9,4,7,5,5,4,7,5,9,8,8,12,10,7,8,10,7,10,13,8,11,9,5,8,7,7,7,9,7,6,8,9,8,8,7,9,6,6,9,6,6,8,7,10,11,8,14,11,9,12,7,13,10,7,8,6,7,7,11,8,4,7,6,6,7,9,8,9,8,9,9,8,8,8,9,6,8,8,10,5,8,6,7,6,8,7,8,7,7,5,4,7,7,7,6,10,7,5,5,17,5,8,10,8,4,7,6,7,11,6,7,8,6,3,8,6,9,9,12,4,9,5,8,6,6,4,5,7,10,6,9,6,6,13,5,5,11,6,7,8,5,8,5,10,4,4,6,16,5,8,5,6,11,13,6,5,5,10,10,6,10,9,8,11,9,7,7,9,7,10,5,3,9,5,7,11,5,8,6,8,10,5,10,5,8,6,8,5,8,11,3,3,7,5,11,10,10,7,8,7,10,6,10,8,4,11,10,5,7,6,7,9,9,4,6,5,9,6,6,10,11,7,10,10,8,9,8,10,6,6,4,6,8,12,5,10,11,9,7,6,5,6,8,10,10,3,13,7,11,5,6,9,5,7,7,9,7,7,11,8,7,9,14,11,8,10,9,6,10,6,6,6,8,6,11,8,8,11,5,8,10,6,10,7,9,5,9,9,7,8,6,14,11,6,4,7,11,7,6,10,7,5,7,9,15,6,6,10,8,11,7,8,7,6,10,8,10,9,10,8,6,13,9,11,7,8,8,3,6,7,7,6,6,9,6,9,7,8,7,6,11,10,4,6,9,6,10,11,4,7,8,12,8,5,8,7,8,6,7,9,6,7,7,6,4,8,8,10,6,6,7,9,6,11,7,11,7,10,9,5,7,8,9,9,7,5,15,4,7,7,5,6,5,6,6,7,8,8,6,9,10,9,8,12,8,9,5,12,13,7,6,11,5,12,7,8,5,9,6,8,5,6,5,9,7,9,12,8,4,10,11,6,4,4,9,6,6,8,8,4,5,8,8,13,9,7,6,5,6,11,11,6,11,9,6,6,7,6,5,7,10,9,7,10,8,4,8,11,6,6,6,7,10,5,7,8,6,8,4,10,10,9,6,8,5,5,4,9,15,8,6,7,7,9,10,5,7,10,10,4,5,7,9,7,6,9,8,6,11,6,6,6,6,11,13,8,12,8,8,6,6,7,7,11,10,6,7,7,5,6,9,7,8,5,9,9,6,7,9,9,3,5,11,9,8,6,8,5,7,8,9,8,6,5,7,10,7,13,5,7,11,8,9,7,7,5,11,10,6,8,7,10,11,7,6,7,8,10,7,7,9,3,7,10,11,12,7,8,12,6,8,5,6,7,9,6,6,6,9,6,5,7,3,9,11,8,10,7,8,5,8,4,4,10,12,4,6,7,9,8,10,4,8,10,5,7,7,6,6,7,4,5,9,7,8,10,7,6,11,4,9,10,6,6,9,10,5,9,4,8,8,8,6,8,8,7,14,5,12,8,5,9,8,4,8,11,8,9,7,8,8,9,4,7,8,4,5,7,7,8,4,8,8,9,9,10,5,6,8,9,3,7,7,5,4,10,6,11,7,5,7,5,7,7,9,6,6,7,8,7,6,8,8,9,6,8,7,4,6,9,6,8,8,9,8,5,6,6,7,12,5,7,6,9,7,5,7,5,9,8,5,7,8,7,4,6,11,6,11,7,8,9,8,12,8,10,5,10,12,9,6,9,6,8,10,8,13,5,5,11,8,4,9,11,8,9,12,9,10,7,3,10,7,6,8,8,9,10,11,7,10,5,7,8,8,9,8,9,9,5,7,8,9,8,8,10,7,5,9,7,8,5,12,12,8,7,6,5,8,6,9,6,8,4,9,5,8,12,12,9,6,7,6,5,7,9,5,7,8,4,7,4,12,6,12,6,7,8,7,7,7,5,7,7,9,8,13,6,7,12,7,13,8,8,6,6,5,6,9,9,10,10,10,7,10,9,12,6,7,10,7,6,8,13,8,7,7,5,8,11,8,8,6,9,11,10,10
align-dinov2+1b-things+hyp-abl70-42-random,9,8,6,9,7,5,9,10,3,6,8,6,4,8,8,5,6,5,9,6,6,8,7,8,4,12,6,7,5,7,11,8,10,10,4,13,8,9,8,12,8,6,4,6,7,8,7,10,8,8,7,8,10,9,8,6,8,11,9,25,7,9,8,7,8,10,8,9,10,9,9,12,8,10,6,11,11,8,7,7,5,14,7,8,8,9,8,5,6,14,12,7,8,5,6,7,7,7,7,4,9,6,10,7,8,7,11,9,10,6,13,10,3,6,4,10,5,7,8,8,6,9,6,10,16,11,6,7,8,5,8,6,6,8,7,12,11,5,10,9,5,8,8,10,4,7,5,4,6,5,16,10,6,8,3,7,10,4,6,8,8,7,8,7,6,10,10,8,8,9,8,5,7,10,7,8,4,12,9,7,10,10,7,10,6,7,7,7,7,10,5,9,8,7,6,9,11,8,9,8,8,6,5,7,9,7,9,7,6,7,5,7,6,8,7,7,4,5,9,7,9,5,10,8,8,13,9,10,6,6,11,4,9,7,8,6,7,7,7,5,8,7,5,10,9,8,6,5,10,5,12,11,6,7,5,7,5,8,11,8,9,7,8,6,6,6,10,6,12,5,11,7,15,11,8,9,11,10,14,10,7,8,6,8,8,6,7,7,10,11,7,9,4,7,5,5,4,7,5,9,8,8,12,10,7,8,10,7,10,13,8,11,9,5,8,7,7,7,9,7,6,8,9,8,8,7,9,6,6,9,6,6,8,7,10,11,8,14,11,9,12,7,13,10,7,8,6,7,7,11,8,4,7,6,6,7,9,8,9,8,9,9,8,8,8,9,6,8,8,10,5,8,6,7,6,8,7,8,7,7,5,4,7,7,7,6,10,7,5,5,17,5,8,10,8,4,7,6,7,11,6,7,8,6,3,8,6,9,9,12,4,9,5,8,6,6,4,5,7,10,6,9,6,6,13,5,5,11,6,7,8,5,8,5,10,4,4,6,16,5,8,5,6,11,13,6,5,5,10,10,6,10,9,8,11,9,7,7,9,7,10,5,3,9,5,7,11,5,8,6,8,10,5,10,5,8,6,8,5,8,11,3,3,7,5,11,10,10,7,8,7,10,6,10,8,4,11,10,5,7,6,7,9,9,4,6,5,9,6,6,10,11,7,10,10,8,9,8,10,6,6,4,6,8,12,5,10,11,9,7,6,5,6,8,10,10,3,13,7,11,5,6,9,5,7,7,9,7,7,11,8,7,9,14,11,8,10,9,6,10,6,6,6,8,6,11,8,8,11,5,8,10,6,10,7,9,5,9,9,7,8,6,14,11,6,4,7,11,7,6,10,7,5,7,9,15,6,6,10,8,11,7,8,7,6,10,8,10,9,10,8,6,13,9,11,7,8,8,3,6,7,7,6,6,9,6,9,7,8,7,6,11,10,4,6,9,6,10,11,4,7,8,12,8,5,8,7,8,6,7,9,6,7,7,6,4,8,8,10,6,6,7,9,6,11,7,11,7,10,9,5,7,8,9,9,7,5,15,4,7,7,5,6,5,6,6,7,8,8,6,9,10,9,8,12,8,9,5,12,13,7,6,11,5,12,7,8,5,9,6,8,5,6,5,9,7,9,12,8,4,10,11,6,4,4,9,6,6,8,8,4,5,8,8,13,9,7,6,5,6,11,11,6,11,9,6,6,7,6,5,7,10,9,7,10,8,4,8,11,6,6,6,7,10,5,7,8,6,8,4,10,10,9,6,8,5,5,4,9,15,8,6,7,7,9,10,5,7,10,10,4,5,7,9,7,6,9,8,6,11,6,6,6,6,11,13,8,12,8,8,6,6,7,7,11,10,6,7,7,5,6,9,7,8,5,9,9,6,7,9,9,3,5,11,9,8,6,8,5,7,8,9,8,6,5,7,10,7,13,5,7,11,8,9,7,7,5,11,10,6,8,7,10,11,7,6,7,8,10,7,7,9,3,7,10,11,12,7,8,12,6,8,5,6,7,9,6,6,6,9,6,5,7,3,9,11,8,10,7,8,5,8,4,4,10,12,4,6,7,9,8,10,4,8,10,5,7,7,6,6,7,4,5,9,7,8,10,7,6,11,4,9,10,6,6,9,10,5,9,4,8,8,8,6,8,8,7,14,5,12,8,5,9,8,4,8,11,8,9,7,8,8,9,4,7,8,4,5,7,7,8,4,8,8,9,9,10,5,6,8,9,3,7,7,5,4,10,6,11,7,5,7,5,7,7,9,6,6,7,8,7,6,8,8,9,6,8,7,4,6,9,6,8,8,9,8,5,6,6,7,12,5,7,6,9,7,5,7,5,9,8,5,7,8,7,4,6,11,6,11,7,8,9,8,12,8,10,5,10,12,9,6,9,6,8,10,8,13,5,5,11,8,4,9,11,8,9,12,9,10,7,3,10,7,6,8,8,9,10,11,7,10,5,7,8,8,9,8,9,9,5,7,8,9,8,8,10,7,5,9,7,8,5,12,12,8,7,6,5,8,6,9,6,8,4,9,5,8,12,12,9,6,7,6,5,7,9,5,7,8,4,7,4,12,6,12,6,7,8,7,7,7,5,7,7,9,8,13,6,7,12,7,13,8,8,6,6,5,6,9,9,10,10,10,7,10,9,12,6,7,10,7,6,8,13,8,7,7,5,8,11,8,8,6,9,11,10,10
align-dinov2+1b-things+hyp-abl70-7,9,8,6,9,7,5,9,10,3,6,8,6,4,8,8,5,6,5,9,6,6,8,7,8,4,12,6,7,5,7,11,8,10,10,4,13,8,9,8,12,8,6,4,6,7,8,7,10,8,8,7,8,10,9,8,6,8,11,9,25,7,9,8,7,8,10,8,9,10,9,9,12,8,10,6,11,11,8,7,7,5,14,7,8,8,9,8,5,6,14,12,7,8,5,6,7,7,7,7,4,9,6,10,7,8,7,11,9,10,6,13,10,3,6,4,10,5,7,8,8,6,9,6,10,16,11,6,7,8,5,8,6,6,8,7,12,11,5,10,9,5,8,8,10,4,7,5,4,6,5,16,10,6,8,3,7,10,4,6,8,8,7,8,7,6,10,10,8,8,9,8,5,7,10,7,8,4,12,9,7,10,10,7,10,6,7,7,7,7,10,5,9,8,7,6,9,11,8,9,8,8,6,5,7,9,7,9,7,6,7,5,7,6,8,7,7,4,5,9,7,9,5,10,8,8,13,9,10,6,6,11,4,9,7,8,6,7,7,7,5,8,7,5,10,9,8,6,5,10,5,12,11,6,7,5,7,5,8,11,8,9,7,8,6,6,6,10,6,12,5,11,7,15,11,8,9,11,10,14,10,7,8,6,8,8,6,7,7,10,11,7,9,4,7,5,5,4,7,5,9,8,8,12,10,7,8,10,7,10,13,8,11,9,5,8,7,7,7,9,7,6,8,9,8,8,7,9,6,6,9,6,6,8,7,10,11,8,14,11,9,12,7,13,10,7,8,6,7,7,11,8,4,7,6,6,7,9,8,9,8,9,9,8,8,8,9,6,8,8,10,5,8,6,7,6,8,7,8,7,7,5,4,7,7,7,6,10,7,5,5,17,5,8,10,8,4,7,6,7,11,6,7,8,6,3,8,6,9,9,12,4,9,5,8,6,6,4,5,7,10,6,9,6,6,13,5,5,11,6,7,8,5,8,5,10,4,4,6,16,5,8,5,6,11,13,6,5,5,10,10,6,10,9,8,11,9,7,7,9,7,10,5,3,9,5,7,11,5,8,6,8,10,5,10,5,8,6,8,5,8,11,3,3,7,5,11,10,10,7,8,7,10,6,10,8,4,11,10,5,7,6,7,9,9,4,6,5,9,6,6,10,11,7,10,10,8,9,8,10,6,6,4,6,8,12,5,10,11,9,7,6,5,6,8,10,10,3,13,7,11,5,6,9,5,7,7,9,7,7,11,8,7,9,14,11,8,10,9,6,10,6,6,6,8,6,11,8,8,11,5,8,10,6,10,7,9,5,9,9,7,8,6,14,11,6,4,7,11,7,6,10,7,5,7,9,15,6,6,10,8,11,7,8,7,6,10,8,10,9,10,8,6,13,9,11,7,8,8,3,6,7,7,6,6,9,6,9,7,8,7,6,11,10,4,6,9,6,10,11,4,7,8,12,8,5,8,7,8,6,7,9,6,7,7,6,4,8,8,10,6,6,7,9,6,11,7,11,7,10,9,5,7,8,9,9,7,5,15,4,7,7,5,6,5,6,6,7,8,8,6,9,10,9,8,12,8,9,5,12,13,7,6,11,5,12,7,8,5,9,6,8,5,6,5,9,7,9,12,8,4,10,11,6,4,4,9,6,6,8,8,4,5,8,8,13,9,7,6,5,6,11,11,6,11,9,6,6,7,6,5,7,10,9,7,10,8,4,8,11,6,6,6,7,10,5,7,8,6,8,4,10,10,9,6,8,5,5,4,9,15,8,6,7,7,9,10,5,7,10,10,4,5,7,9,7,6,9,8,6,11,6,6,6,6,11,13,8,12,8,8,6,6,7,7,11,10,6,7,7,5,6,9,7,8,5,9,9,6,7,9,9,3,5,11,9,8,6,8,5,7,8,9,8,6,5,7,10,7,13,5,7,11,8,9,7,7,5,11,10,6,8,7,10,11,7,6,7,8,10,7,7,9,3,7,10,11,12,7,8,12,6,8,5,6,7,9,6,6,6,9,6,5,7,3,9,11,8,10,7,8,5,8,4,4,10,12,4,6,7,9,8,10,4,8,10,5,7,7,6,6,7,4,5,9,7,8,10,7,6,11,4,9,10,6,6,9,10,5,9,4,8,8,8,6,8,8,7,14,5,12,8,5,9,8,4,8,11,8,9,7,8,8,9,4,7,8,4,5,7,7,8,4,8,8,9,9,10,5,6,8,9,3,7,7,5,4,10,6,11,7,5,7,5,7,7,9,6,6,7,8,7,6,8,8,9,6,8,7,4,6,9,6,8,8,9,8,5,6,6,7,12,5,7,6,9,7,5,7,5,9,8,5,7,8,7,4,6,11,6,11,7,8,9,8,12,8,10,5,10,12,9,6,9,6,8,10,8,13,5,5,11,8,4,9,11,8,9,12,9,10,7,3,10,7,6,8,8,9,10,11,7,10,5,7,8,8,9,8,9,9,5,7,8,9,8,8,10,7,5,9,7,8,5,12,12,8,7,6,5,8,6,9,6,8,4,9,5,8,12,12,9,6,7,6,5,7,9,5,7,8,4,7,4,12,6,12,6,7,8,7,7,7,5,7,7,9,8,13,6,7,12,7,13,8,8,6,6,5,6,9,9,10,10,10,7,10,9,12,6,7,10,7,6,8,13,8,7,7,5,8,11,8,8,6,9,11,10,10
align-dinov2+1b-things+hyp-abl70-7-random,9,8,6,9,7,5,9,10,3,6,8,6,4,8,8,5,6,5,9,6,6,8,7,8,4,12,6,7,5,7,11,8,10,10,4,13,8,9,8,12,8,6,4,6,7,8,7,10,8,8,7,8,10,9,8,6,8,11,9,25,7,9,8,7,8,10,8,9,10,9,9,12,8,10,6,11,11,8,7,7,5,14,7,8,8,9,8,5,6,14,12,7,8,5,6,7,7,7,7,4,9,6,10,7,8,7,11,9,10,6,13,10,3,6,4,10,5,7,8,8,6,9,6,10,16,11,6,7,8,5,8,6,6,8,7,12,11,5,10,9,5,8,8,10,4,7,5,4,6,5,16,10,6,8,3,7,10,4,6,8,8,7,8,7,6,10,10,8,8,9,8,5,7,10,7,8,4,12,9,7,10,10,7,10,6,7,7,7,7,10,5,9,8,7,6,9,11,8,9,8,8,6,5,7,9,7,9,7,6,7,5,7,6,8,7,7,4,5,9,7,9,5,10,8,8,13,9,10,6,6,11,4,9,7,8,6,7,7,7,5,8,7,5,10,9,8,6,5,10,5,12,11,6,7,5,7,5,8,11,8,9,7,8,6,6,6,10,6,12,5,11,7,15,11,8,9,11,10,14,10,7,8,6,8,8,6,7,7,10,11,7,9,4,7,5,5,4,7,5,9,8,8,12,10,7,8,10,7,10,13,8,11,9,5,8,7,7,7,9,7,6,8,9,8,8,7,9,6,6,9,6,6,8,7,10,11,8,14,11,9,12,7,13,10,7,8,6,7,7,11,8,4,7,6,6,7,9,8,9,8,9,9,8,8,8,9,6,8,8,10,5,8,6,7,6,8,7,8,7,7,5,4,7,7,7,6,10,7,5,5,17,5,8,10,8,4,7,6,7,11,6,7,8,6,3,8,6,9,9,12,4,9,5,8,6,6,4,5,7,10,6,9,6,6,13,5,5,11,6,7,8,5,8,5,10,4,4,6,16,5,8,5,6,11,13,6,5,5,10,10,6,10,9,8,11,9,7,7,9,7,10,5,3,9,5,7,11,5,8,6,8,10,5,10,5,8,6,8,5,8,11,3,3,7,5,11,10,10,7,8,7,10,6,10,8,4,11,10,5,7,6,7,9,9,4,6,5,9,6,6,10,11,7,10,10,8,9,8,10,6,6,4,6,8,12,5,10,11,9,7,6,5,6,8,10,10,3,13,7,11,5,6,9,5,7,7,9,7,7,11,8,7,9,14,11,8,10,9,6,10,6,6,6,8,6,11,8,8,11,5,8,10,6,10,7,9,5,9,9,7,8,6,14,11,6,4,7,11,7,6,10,7,5,7,9,15,6,6,10,8,11,7,8,7,6,10,8,10,9,10,8,6,13,9,11,7,8,8,3,6,7,7,6,6,9,6,9,7,8,7,6,11,10,4,6,9,6,10,11,4,7,8,12,8,5,8,7,8,6,7,9,6,7,7,6,4,8,8,10,6,6,7,9,6,11,7,11,7,10,9,5,7,8,9,9,7,5,15,4,7,7,5,6,5,6,6,7,8,8,6,9,10,9,8,12,8,9,5,12,13,7,6,11,5,12,7,8,5,9,6,8,5,6,5,9,7,9,12,8,4,10,11,6,4,4,9,6,6,8,8,4,5,8,8,13,9,7,6,5,6,11,11,6,11,9,6,6,7,6,5,7,10,9,7,10,8,4,8,11,6,6,6,7,10,5,7,8,6,8,4,10,10,9,6,8,5,5,4,9,15,8,6,7,7,9,10,5,7,10,10,4,5,7,9,7,6,9,8,6,11,6,6,6,6,11,13,8,12,8,8,6,6,7,7,11,10,6,7,7,5,6,9,7,8,5,9,9,6,7,9,9,3,5,11,9,8,6,8,5,7,8,9,8,6,5,7,10,7,13,5,7,11,8,9,7,7,5,11,10,6,8,7,10,11,7,6,7,8,10,7,7,9,3,7,10,11,12,7,8,12,6,8,5,6,7,9,6,6,6,9,6,5,7,3,9,11,8,10,7,8,5,8,4,4,10,12,4,6,7,9,8,10,4,8,10,5,7,7,6,6,7,4,5,9,7,8,10,7,6,11,4,9,10,6,6,9,10,5,9,4,8,8,8,6,8,8,7,14,5,12,8,5,9,8,4,8,11,8,9,7,8,8,9,4,7,8,4,5,7,7,8,4,8,8,9,9,10,5,6,8,9,3,7,7,5,4,10,6,11,7,5,7,5,7,7,9,6,6,7,8,7,6,8,8,9,6,8,7,4,6,9,6,8,8,9,8,5,6,6,7,12,5,7,6,9,7,5,7,5,9,8,5,7,8,7,4,6,11,6,11,7,8,9,8,12,8,10,5,10,12,9,6,9,6,8,10,8,13,5,5,11,8,4,9,11,8,9,12,9,10,7,3,10,7,6,8,8,9,10,11,7,10,5,7,8,8,9,8,9,9,5,7,8,9,8,8,10,7,5,9,7,8,5,12,12,8,7,6,5,8,6,9,6,8,4,9,5,8,12,12,9,6,7,6,5,7,9,5,7,8,4,7,4,12,6,12,6,7,8,7,7,7,5,7,7,9,8,13,6,7,12,7,13,8,8,6,6,5,6,9,9,10,10,10,7,10,9,12,6,7,10,7,6,8,13,8,7,7,5,8,11,8,8,6,9,11,10,10
align-dinov2+1b-things+hyp-abl70-local-shuffled-218,4,7,11,8,5,8,9,7,8,6,11,10,6,9,7,8,10,14,9,6,10,8,9,6,7,7,7,9,11,7,9,7,9,5,7,7,10,8,7,10,6,8,5,8,9,6,7,6,10,6,6,4,9,10,8,7,7,4,5,19,10,4,9,7,9,9,7,7,5,8,9,5,7,10,10,8,5,7,7,4,7,10,7,9,5,11,5,5,8,8,12,7,10,9,9,8,10,8,6,9,9,8,7,10,11,6,10,9,9,9,10,8,10,7,7,9,8,8,9,10,8,7,7,4,15,11,8,7,8,5,8,11,8,9,10,9,9,6,10,4,5,7,8,8,6,9,7,7,6,8,15,6,4,8,7,8,4,8,5,6,8,8,5,5,9,7,6,8,6,7,5,6,10,7,6,7,9,9,7,5,6,9,10,6,11,6,7,7,7,5,8,4,9,6,9,10,8,8,10,6,10,4,5,5,13,4,5,7,7,9,9,4,6,8,7,6,4,6,6,9,7,4,10,5,11,7,9,8,6,7,15,7,5,8,8,9,6,6,7,5,9,6,7,11,8,13,6,12,6,9,8,8,7,8,7,5,7,9,9,7,7,9,10,7,5,10,8,9,8,5,8,7,8,7,6,8,6,10,6,7,9,5,9,7,8,5,7,6,5,9,10,5,7,10,7,5,10,6,11,6,6,6,11,5,9,10,8,8,5,9,11,8,9,6,6,5,10,8,9,9,9,13,9,5,8,7,6,9,6,7,7,3,6,10,9,7,9,8,8,10,8,8,8,9,8,12,7,7,6,8,10,7,8,12,6,4,5,6,9,8,8,6,5,7,4,7,10,6,6,7,10,8,8,3,4,6,8,5,6,10,4,6,9,7,8,7,6,11,8,10,16,8,12,7,4,6,6,7,11,13,7,10,11,9,7,7,6,8,6,6,7,8,4,6,6,9,7,10,10,8,9,10,8,5,7,10,8,4,8,8,8,7,10,8,5,6,9,5,5,9,10,10,8,6,6,9,12,9,11,5,9,10,9,10,7,9,8,11,7,7,7,5,8,7,7,11,7,6,7,8,9,7,8,8,7,11,5,4,9,7,7,5,10,5,6,8,8,7,7,5,10,7,10,11,4,6,9,5,9,8,11,8,6,9,5,10,13,7,8,9,9,6,5,6,10,8,10,8,8,11,8,6,6,9,9,9,10,5,10,5,5,10,7,9,8,10,8,6,10,8,6,11,10,7,7,7,5,7,8,8,7,9,12,16,9,8,8,10,11,9,8,4,8,6,8,6,7,4,5,9,5,6,6,10,9,7,8,9,7,10,7,4,10,8,8,4,6,6,5,9,10,8,8,8,10,5,5,7,6,4,8,9,5,5,7,13,5,8,12,7,8,13,5,7,8,8,9,5,10,9,8,7,12,9,5,10,6,8,6,7,8,7,10,12,6,7,7,8,7,11,5,4,7,5,8,7,6,7,4,12,11,8,8,8,10,5,10,11,9,9,8,7,10,7,5,6,9,9,8,5,6,7,10,8,6,4,6,8,5,5,5,7,6,7,8,8,5,7,12,7,11,12,3,12,5,7,7,5,8,6,5,9,8,9,6,8,9,8,12,8,6,9,8,8,4,8,9,8,5,10,5,6,7,12,10,9,9,10,9,15,8,6,5,5,4,9,6,9,7,13,6,11,6,5,11,6,8,6,6,7,8,7,7,6,5,8,5,13,6,8,8,9,8,8,7,8,10,9,7,8,8,9,10,7,9,10,12,6,5,9,7,5,8,8,6,8,9,8,9,5,8,8,6,9,7,9,7,5,7,12,10,7,8,7,12,14,8,7,7,6,8,7,5,10,7,7,8,10,8,6,9,13,10,6,7,6,6,10,12,11,6,3,9,9,5,9,12,7,8,6,7,9,7,6,9,10,7,9,8,10,13,15,11,7,9,11,8,7,12,5,6,8,6,4,9,8,6,5,13,7,6,11,6,6,8,7,8,6,6,8,7,10,4,5,8,9,10,6,13,7,5,9,9,9,8,8,7,9,5,11,8,10,6,9,9,7,8,5,9,7,8,7,9,8,13,10,8,6,7,6,9,8,7,6,6,4,5,6,8,4,7,5,7,6,5,7,10,6,6,4,8,11,6,15,7,8,10,6,6,7,6,10,7,10,10,7,8,11,9,7,7,11,10,11,6,9,5,10,9,8,7,10,10,5,11,9,9,10,7,4,8,7,6,8,7,8,9,6,7,6,8,13,8,8,4,8,7,7,7,4,12,10,6,10,6,9,11,7,9,6,9,10,8,7,7,9,6,6,5,5,8,5,6,9,4,9,11,12,12,9,7,7,10,13,10,8,5,6,7,6,10,9,6,10,6,11,6,9,7,16,10,6,6,7,8,10,8,10,4,5,8,11,8,6,7,11,7,9,6,10,9,7,7,8,10,6,7,7,9,5,4,9,5,8,8,5,8,8,9,7,6,10,6,14,5,8,5,9,9,6,4,11,8,7,10,7,6,4,11,14,6,9,5,6,9,8,5,9,9,12,8,6,14,6,4,8,5,8,8,8,9,5,9,5,7,7,7,4,10,10,9,12,7,6,5,7,6,6,10,8,5,8,8,9,9,7,7,8,3,5,9,7,7,6,7,6,6,4,8,9,7,4,7,6,7,13,10,7,6,9,6,8,7,7,7,6,6,6
align-dinov2+1b-things+hyp-abl70-local-shuffled-42,4,7,11,8,5,8,9,7,8,6,11,10,6,9,7,8,10,14,9,6,10,8,9,6,7,7,7,9,11,7,9,7,9,5,7,7,10,8,7,10,6,8,5,8,9,6,7,6,10,6,6,4,9,10,8,7,7,4,5,19,10,4,9,7,9,9,7,7,5,8,9,5,7,10,10,8,5,7,7,4,7,10,7,9,5,11,5,5,8,8,12,7,10,9,9,8,10,8,6,9,9,8,7,10,11,6,10,9,9,9,10,8,10,7,7,9,8,8,9,10,8,7,7,4,15,11,8,7,8,5,8,11,8,9,10,9,9,6,10,4,5,7,8,8,6,9,7,7,6,8,15,6,4,8,7,8,4,8,5,6,8,8,5,5,9,7,6,8,6,7,5,6,10,7,6,7,9,9,7,5,6,9,10,6,11,6,7,7,7,5,8,4,9,6,9,10,8,8,10,6,10,4,5,5,13,4,5,7,7,9,9,4,6,8,7,6,4,6,6,9,7,4,10,5,11,7,9,8,6,7,15,7,5,8,8,9,6,6,7,5,9,6,7,11,8,13,6,12,6,9,8,8,7,8,7,5,7,9,9,7,7,9,10,7,5,10,8,9,8,5,8,7,8,7,6,8,6,10,6,7,9,5,9,7,8,5,7,6,5,9,10,5,7,10,7,5,10,6,11,6,6,6,11,5,9,10,8,8,5,9,11,8,9,6,6,5,10,8,9,9,9,13,9,5,8,7,6,9,6,7,7,3,6,10,9,7,9,8,8,10,8,8,8,9,8,12,7,7,6,8,10,7,8,12,6,4,5,6,9,8,8,6,5,7,4,7,10,6,6,7,10,8,8,3,4,6,8,5,6,10,4,6,9,7,8,7,6,11,8,10,16,8,12,7,4,6,6,7,11,13,7,10,11,9,7,7,6,8,6,6,7,8,4,6,6,9,7,10,10,8,9,10,8,5,7,10,8,4,8,8,8,7,10,8,5,6,9,5,5,9,10,10,8,6,6,9,12,9,11,5,9,10,9,10,7,9,8,11,7,7,7,5,8,7,7,11,7,6,7,8,9,7,8,8,7,11,5,4,9,7,7,5,10,5,6,8,8,7,7,5,10,7,10,11,4,6,9,5,9,8,11,8,6,9,5,10,13,7,8,9,9,6,5,6,10,8,10,8,8,11,8,6,6,9,9,9,10,5,10,5,5,10,7,9,8,10,8,6,10,8,6,11,10,7,7,7,5,7,8,8,7,9,12,16,9,8,8,10,11,9,8,4,8,6,8,6,7,4,5,9,5,6,6,10,9,7,8,9,7,10,7,4,10,8,8,4,6,6,5,9,10,8,8,8,10,5,5,7,6,4,8,9,5,5,7,13,5,8,12,7,8,13,5,7,8,8,9,5,10,9,8,7,12,9,5,10,6,8,6,7,8,7,10,12,6,7,7,8,7,11,5,4,7,5,8,7,6,7,4,12,11,8,8,8,10,5,10,11,9,9,8,7,10,7,5,6,9,9,8,5,6,7,10,8,6,4,6,8,5,5,5,7,6,7,8,8,5,7,12,7,11,12,3,12,5,7,7,5,8,6,5,9,8,9,6,8,9,8,12,8,6,9,8,8,4,8,9,8,5,10,5,6,7,12,10,9,9,10,9,15,8,6,5,5,4,9,6,9,7,13,6,11,6,5,11,6,8,6,6,7,8,7,7,6,5,8,5,13,6,8,8,9,8,8,7,8,10,9,7,8,8,9,10,7,9,10,12,6,5,9,7,5,8,8,6,8,9,8,9,5,8,8,6,9,7,9,7,5,7,12,10,7,8,7,12,14,8,7,7,6,8,7,5,10,7,7,8,10,8,6,9,13,10,6,7,6,6,10,12,11,6,3,9,9,5,9,12,7,8,6,7,9,7,6,9,10,7,9,8,10,13,15,11,7,9,11,8,7,12,5,6,8,6,4,9,8,6,5,13,7,6,11,6,6,8,7,8,6,6,8,7,10,4,5,8,9,10,6,13,7,5,9,9,9,8,8,7,9,5,11,8,10,6,9,9,7,8,5,9,7,8,7,9,8,13,10,8,6,7,6,9,8,7,6,6,4,5,6,8,4,7,5,7,6,5,7,10,6,6,4,8,11,6,15,7,8,10,6,6,7,6,10,7,10,10,7,8,11,9,7,7,11,10,11,6,9,5,10,9,8,7,10,10,5,11,9,9,10,7,4,8,7,6,8,7,8,9,6,7,6,8,13,8,8,4,8,7,7,7,4,12,10,6,10,6,9,11,7,9,6,9,10,8,7,7,9,6,6,5,5,8,5,6,9,4,9,11,12,12,9,7,7,10,13,10,8,5,6,7,6,10,9,6,10,6,11,6,9,7,16,10,6,6,7,8,10,8,10,4,5,8,11,8,6,7,11,7,9,6,10,9,7,7,8,10,6,7,7,9,5,4,9,5,8,8,5,8,8,9,7,6,10,6,14,5,8,5,9,9,6,4,11,8,7,10,7,6,4,11,14,6,9,5,6,9,8,5,9,9,12,8,6,14,6,4,8,5,8,8,8,9,5,9,5,7,7,7,4,10,10,9,12,7,6,5,7,6,6,10,8,5,8,8,9,9,7,7,8,3,5,9,7,7,6,7,6,6,4,8,9,7,4,7,6,7,13,10,7,6,9,6,8,7,7,7,6,6,6
align-dinov2+1b-things+hyp-abl70-local-shuffled-7,4,7,11,8,5,8,9,7,8,6,11,10,6,9,7,8,10,14,9,6,10,8,9,6,7,7,7,9,11,7,9,7,9,5,7,7,10,8,7,10,6,8,5,8,9,6,7,6,10,6,6,4,9,10,8,7,7,4,5,19,10,4,9,7,9,9,7,7,5,8,9,5,7,10,10,8,5,7,7,4,7,10,7,9,5,11,5,5,8,8,12,7,10,9,9,8,10,8,6,9,9,8,7,10,11,6,10,9,9,9,10,8,10,7,7,9,8,8,9,10,8,7,7,4,15,11,8,7,8,5,8,11,8,9,10,9,9,6,10,4,5,7,8,8,6,9,7,7,6,8,15,6,4,8,7,8,4,8,5,6,8,8,5,5,9,7,6,8,6,7,5,6,10,7,6,7,9,9,7,5,6,9,10,6,11,6,7,7,7,5,8,4,9,6,9,10,8,8,10,6,10,4,5,5,13,4,5,7,7,9,9,4,6,8,7,6,4,6,6,9,7,4,10,5,11,7,9,8,6,7,15,7,5,8,8,9,6,6,7,5,9,6,7,11,8,13,6,12,6,9,8,8,7,8,7,5,7,9,9,7,7,9,10,7,5,10,8,9,8,5,8,7,8,7,6,8,6,10,6,7,9,5,9,7,8,5,7,6,5,9,10,5,7,10,7,5,10,6,11,6,6,6,11,5,9,10,8,8,5,9,11,8,9,6,6,5,10,8,9,9,9,13,9,5,8,7,6,9,6,7,7,3,6,10,9,7,9,8,8,10,8,8,8,9,8,12,7,7,6,8,10,7,8,12,6,4,5,6,9,8,8,6,5,7,4,7,10,6,6,7,10,8,8,3,4,6,8,5,6,10,4,6,9,7,8,7,6,11,8,10,16,8,12,7,4,6,6,7,11,13,7,10,11,9,7,7,6,8,6,6,7,8,4,6,6,9,7,10,10,8,9,10,8,5,7,10,8,4,8,8,8,7,10,8,5,6,9,5,5,9,10,10,8,6,6,9,12,9,11,5,9,10,9,10,7,9,8,11,7,7,7,5,8,7,7,11,7,6,7,8,9,7,8,8,7,11,5,4,9,7,7,5,10,5,6,8,8,7,7,5,10,7,10,11,4,6,9,5,9,8,11,8,6,9,5,10,13,7,8,9,9,6,5,6,10,8,10,8,8,11,8,6,6,9,9,9,10,5,10,5,5,10,7,9,8,10,8,6,10,8,6,11,10,7,7,7,5,7,8,8,7,9,12,16,9,8,8,10,11,9,8,4,8,6,8,6,7,4,5,9,5,6,6,10,9,7,8,9,7,10,7,4,10,8,8,4,6,6,5,9,10,8,8,8,10,5,5,7,6,4,8,9,5,5,7,13,5,8,12,7,8,13,5,7,8,8,9,5,10,9,8,7,12,9,5,10,6,8,6,7,8,7,10,12,6,7,7,8,7,11,5,4,7,5,8,7,6,7,4,12,11,8,8,8,10,5,10,11,9,9,8,7,10,7,5,6,9,9,8,5,6,7,10,8,6,4,6,8,5,5,5,7,6,7,8,8,5,7,12,7,11,12,3,12,5,7,7,5,8,6,5,9,8,9,6,8,9,8,12,8,6,9,8,8,4,8,9,8,5,10,5,6,7,12,10,9,9,10,9,15,8,6,5,5,4,9,6,9,7,13,6,11,6,5,11,6,8,6,6,7,8,7,7,6,5,8,5,13,6,8,8,9,8,8,7,8,10,9,7,8,8,9,10,7,9,10,12,6,5,9,7,5,8,8,6,8,9,8,9,5,8,8,6,9,7,9,7,5,7,12,10,7,8,7,12,14,8,7,7,6,8,7,5,10,7,7,8,10,8,6,9,13,10,6,7,6,6,10,12,11,6,3,9,9,5,9,12,7,8,6,7,9,7,6,9,10,7,9,8,10,13,15,11,7,9,11,8,7,12,5,6,8,6,4,9,8,6,5,13,7,6,11,6,6,8,7,8,6,6,8,7,10,4,5,8,9,10,6,13,7,5,9,9,9,8,8,7,9,5,11,8,10,6,9,9,7,8,5,9,7,8,7,9,8,13,10,8,6,7,6,9,8,7,6,6,4,5,6,8,4,7,5,7,6,5,7,10,6,6,4,8,11,6,15,7,8,10,6,6,7,6,10,7,10,10,7,8,11,9,7,7,11,10,11,6,9,5,10,9,8,7,10,10,5,11,9,9,10,7,4,8,7,6,8,7,8,9,6,7,6,8,13,8,8,4,8,7,7,7,4,12,10,6,10,6,9,11,7,9,6,9,10,8,7,7,9,6,6,5,5,8,5,6,9,4,9,11,12,12,9,7,7,10,13,10,8,5,6,7,6,10,9,6,10,6,11,6,9,7,16,10,6,6,7,8,10,8,10,4,5,8,11,8,6,7,11,7,9,6,10,9,7,7,8,10,6,7,7,9,5,4,9,5,8,8,5,8,8,9,7,6,10,6,14,5,8,5,9,9,6,4,11,8,7,10,7,6,4,11,14,6,9,5,6,9,8,5,9,9,12,8,6,14,6,4,8,5,8,8,8,9,5,9,5,7,7,7,4,10,10,9,12,7,6,5,7,6,6,10,8,5,8,8,9,9,7,7,8,3,5,9,7,7,6,7,6,6,4,8,9,7,4,7,6,7,13,10,7,6,9,6,8,7,7,7,6,6,6
align-dinov2+1b-things+hyp-abl70-shuffled-218,10,7,9,9,7,8,4,4,8,5,7,7,9,7,9,7,8,11,6,8,4,5,6,11,9,9,7,7,4,11,9,11,8,7,9,6,6,7,8,5,6,11,7,8,6,10,9,5,9,11,6,6,3,8,6,9,4,10,6,23,7,6,8,6,12,7,7,9,11,8,6,8,7,6,11,7,10,8,11,4,8,6,11,4,4,5,10,9,9,5,5,8,8,8,5,7,11,7,6,9,11,8,6,13,6,7,6,7,10,4,6,8,8,8,8,9,6,7,7,8,9,6,13,6,11,4,9,8,12,11,5,5,7,5,8,8,7,7,9,11,9,9,9,6,5,6,6,5,5,9,13,7,6,12,7,11,6,8,7,11,8,9,7,10,12,6,8,6,10,9,12,6,8,6,3,6,6,12,9,7,7,6,8,6,10,9,11,8,8,9,4,7,7,7,8,7,4,7,5,6,7,9,5,10,11,5,7,10,6,8,6,7,9,8,10,14,9,5,7,7,5,6,7,7,7,9,4,8,9,8,7,8,5,6,9,6,8,7,5,7,6,7,12,11,11,5,8,10,7,8,7,4,7,5,8,7,7,8,6,8,9,9,8,7,9,7,8,6,12,9,7,7,5,7,12,6,6,5,8,7,10,9,8,12,7,9,7,11,7,4,6,7,7,6,7,7,4,11,9,9,7,7,7,8,7,5,7,7,6,10,5,9,8,6,12,11,4,6,9,5,7,8,8,10,8,8,12,5,10,8,7,8,10,11,7,5,9,5,8,9,7,10,9,8,7,5,7,5,8,6,8,10,9,8,10,8,4,5,11,8,10,7,7,10,5,10,8,9,5,5,11,8,5,8,10,7,7,7,8,9,6,7,14,8,12,3,12,6,6,7,13,5,16,10,7,10,7,8,6,5,8,9,8,10,5,4,9,4,9,5,8,6,4,8,8,12,6,7,6,4,7,5,11,8,10,10,5,9,10,12,6,7,7,6,5,10,10,8,9,7,7,6,4,12,6,9,7,8,8,11,4,5,7,7,5,7,4,8,9,11,8,4,8,10,5,9,7,9,5,7,10,8,6,11,10,11,5,6,8,8,5,8,10,11,5,9,10,10,8,8,5,9,8,3,8,8,4,8,7,10,7,8,10,6,12,9,4,7,6,7,7,11,5,3,13,7,6,7,6,7,10,9,5,8,6,4,6,11,7,9,9,8,9,13,9,10,6,5,10,5,8,6,8,13,7,5,6,5,3,9,8,10,11,15,9,7,13,7,8,8,4,12,7,8,8,8,4,10,8,5,10,6,7,7,9,5,9,6,11,10,10,6,8,11,8,7,14,6,10,8,12,5,5,7,5,8,8,11,10,5,10,7,9,7,6,6,12,6,5,7,11,10,5,3,9,7,9,14,14,3,8,7,11,5,12,7,5,5,10,9,6,12,5,5,10,6,7,6,5,6,14,11,6,7,7,10,6,8,4,6,9,7,8,5,5,7,9,12,8,9,8,9,10,7,7,6,8,9,8,7,10,6,6,5,10,10,5,5,8,9,8,9,7,7,10,8,8,7,7,6,9,9,7,14,7,6,9,11,9,10,5,8,9,9,8,7,8,6,10,7,11,4,4,8,7,13,7,4,8,10,7,6,9,7,7,6,8,8,8,5,8,9,7,5,10,6,10,8,5,8,8,6,6,7,7,8,8,6,9,5,5,5,6,7,6,10,10,11,11,8,8,6,10,10,11,9,9,5,11,7,10,5,9,5,5,7,7,3,4,10,6,7,8,9,10,8,11,11,10,7,10,10,6,8,6,8,7,8,5,7,10,7,5,6,10,8,11,6,9,9,13,8,6,6,5,6,8,10,6,6,6,6,6,8,11,9,11,6,5,9,7,8,10,9,10,5,8,6,7,5,8,4,7,7,7,7,9,10,9,7,9,10,6,8,9,7,9,8,9,8,7,6,6,6,5,12,5,7,7,9,6,5,8,9,13,9,7,9,5,6,9,6,5,12,6,12,6,8,8,6,9,6,8,5,10,6,10,10,9,4,7,10,7,8,8,6,10,8,5,9,5,7,5,8,6,4,13,7,5,5,14,6,8,11,6,4,10,8,9,10,7,11,7,5,4,4,10,8,6,9,8,5,11,9,11,8,9,8,11,8,10,4,4,7,9,5,6,7,10,6,5,8,6,9,5,7,6,8,7,7,7,9,5,5,6,8,6,7,9,5,11,8,10,7,9,10,6,6,8,4,9,6,7,7,8,6,8,6,9,8,10,10,10,6,4,8,5,7,8,6,7,7,10,7,9,7,8,7,4,10,9,10,7,10,8,7,8,9,5,7,6,7,8,8,7,11,6,9,10,8,8,7,7,5,6,9,7,9,9,8,10,8,7,8,8,8,8,8,8,4,11,6,7,7,7,6,8,8,7,4,6,10,10,4,6,5,5,10,9,9,5,9,6,10,4,11,5,8,7,10,7,14,11,8,11,8,6,12,13,8,12,9,6,4,9,6,13,7,11,8,9,9,7,6,10,9,15,10,7,6,9,9,9,11,11,7,6,11,5,11,5,5,6,8,6,7,10,12,8,6,5,10,6,10,6,6,7,7,8,6,9,8,7,8,10,4,8,5,4,5,7,13,6,9,11,9,9,9,11,6,10,7,8,7,5,8,6,6,10,7,6,5,6,8,8,8,12,8
align-dinov2+1b-things+hyp-abl70-shuffled-42,10,7,9,9,7,8,4,4,8,5,7,7,9,7,9,7,8,11,6,8,4,5,6,11,9,9,7,7,4,11,9,11,8,7,9,6,6,7,8,5,6,11,7,8,6,10,9,5,9,11,6,6,3,8,6,9,4,10,6,23,7,6,8,6,12,7,7,9,11,8,6,8,7,6,11,7,10,8,11,4,8,6,11,4,4,5,10,9,9,5,5,8,8,8,5,7,11,7,6,9,11,8,6,13,6,7,6,7,10,4,6,8,8,8,8,9,6,7,7,8,9,6,13,6,11,4,9,8,12,11,5,5,7,5,8,8,7,7,9,11,9,9,9,6,5,6,6,5,5,9,13,7,6,12,7,11,6,8,7,11,8,9,7,10,12,6,8,6,10,9,12,6,8,6,3,6,6,12,9,7,7,6,8,6,10,9,11,8,8,9,4,7,7,7,8,7,4,7,5,6,7,9,5,10,11,5,7,10,6,8,6,7,9,8,10,14,9,5,7,7,5,6,7,7,7,9,4,8,9,8,7,8,5,6,9,6,8,7,5,7,6,7,12,11,11,5,8,10,7,8,7,4,7,5,8,7,7,8,6,8,9,9,8,7,9,7,8,6,12,9,7,7,5,7,12,6,6,5,8,7,10,9,8,12,7,9,7,11,7,4,6,7,7,6,7,7,4,11,9,9,7,7,7,8,7,5,7,7,6,10,5,9,8,6,12,11,4,6,9,5,7,8,8,10,8,8,12,5,10,8,7,8,10,11,7,5,9,5,8,9,7,10,9,8,7,5,7,5,8,6,8,10,9,8,10,8,4,5,11,8,10,7,7,10,5,10,8,9,5,5,11,8,5,8,10,7,7,7,8,9,6,7,14,8,12,3,12,6,6,7,13,5,16,10,7,10,7,8,6,5,8,9,8,10,5,4,9,4,9,5,8,6,4,8,8,12,6,7,6,4,7,5,11,8,10,10,5,9,10,12,6,7,7,6,5,10,10,8,9,7,7,6,4,12,6,9,7,8,8,11,4,5,7,7,5,7,4,8,9,11,8,4,8,10,5,9,7,9,5,7,10,8,6,11,10,11,5,6,8,8,5,8,10,11,5,9,10,10,8,8,5,9,8,3,8,8,4,8,7,10,7,8,10,6,12,9,4,7,6,7,7,11,5,3,13,7,6,7,6,7,10,9,5,8,6,4,6,11,7,9,9,8,9,13,9,10,6,5,10,5,8,6,8,13,7,5,6,5,3,9,8,10,11,15,9,7,13,7,8,8,4,12,7,8,8,8,4,10,8,5,10,6,7,7,9,5,9,6,11,10,10,6,8,11,8,7,14,6,10,8,12,5,5,7,5,8,8,11,10,5,10,7,9,7,6,6,12,6,5,7,11,10,5,3,9,7,9,14,14,3,8,7,11,5,12,7,5,5,10,9,6,12,5,5,10,6,7,6,5,6,14,11,6,7,7,10,6,8,4,6,9,7,8,5,5,7,9,12,8,9,8,9,10,7,7,6,8,9,8,7,10,6,6,5,10,10,5,5,8,9,8,9,7,7,10,8,8,7,7,6,9,9,7,14,7,6,9,11,9,10,5,8,9,9,8,7,8,6,10,7,11,4,4,8,7,13,7,4,8,10,7,6,9,7,7,6,8,8,8,5,8,9,7,5,10,6,10,8,5,8,8,6,6,7,7,8,8,6,9,5,5,5,6,7,6,10,10,11,11,8,8,6,10,10,11,9,9,5,11,7,10,5,9,5,5,7,7,3,4,10,6,7,8,9,10,8,11,11,10,7,10,10,6,8,6,8,7,8,5,7,10,7,5,6,10,8,11,6,9,9,13,8,6,6,5,6,8,10,6,6,6,6,6,8,11,9,11,6,5,9,7,8,10,9,10,5,8,6,7,5,8,4,7,7,7,7,9,10,9,7,9,10,6,8,9,7,9,8,9,8,7,6,6,6,5,12,5,7,7,9,6,5,8,9,13,9,7,9,5,6,9,6,5,12,6,12,6,8,8,6,9,6,8,5,10,6,10,10,9,4,7,10,7,8,8,6,10,8,5,9,5,7,5,8,6,4,13,7,5,5,14,6,8,11,6,4,10,8,9,10,7,11,7,5,4,4,10,8,6,9,8,5,11,9,11,8,9,8,11,8,10,4,4,7,9,5,6,7,10,6,5,8,6,9,5,7,6,8,7,7,7,9,5,5,6,8,6,7,9,5,11,8,10,7,9,10,6,6,8,4,9,6,7,7,8,6,8,6,9,8,10,10,10,6,4,8,5,7,8,6,7,7,10,7,9,7,8,7,4,10,9,10,7,10,8,7,8,9,5,7,6,7,8,8,7,11,6,9,10,8,8,7,7,5,6,9,7,9,9,8,10,8,7,8,8,8,8,8,8,4,11,6,7,7,7,6,8,8,7,4,6,10,10,4,6,5,5,10,9,9,5,9,6,10,4,11,5,8,7,10,7,14,11,8,11,8,6,12,13,8,12,9,6,4,9,6,13,7,11,8,9,9,7,6,10,9,15,10,7,6,9,9,9,11,11,7,6,11,5,11,5,5,6,8,6,7,10,12,8,6,5,10,6,10,6,6,7,7,8,6,9,8,7,8,10,4,8,5,4,5,7,13,6,9,11,9,9,9,11,6,10,7,8,7,5,8,6,6,10,7,6,5,6,8,8,8,12,8
align-dinov2+1b-things+hyp-abl70-shuffled-7,10,7,9,9,7,8,4,4,8,5,7,7,9,7,9,7,8,11,6,8,4,5,6,11,9,9,7,7,4,11,9,11,8,7,9,6,6,7,8,5,6,11,7,8,6,10,9,5,9,11,6,6,3,8,6,9,4,10,6,23,7,6,8,6,12,7,7,9,11,8,6,8,7,6,11,7,10,8,11,4,8,6,11,4,4,5,10,9,9,5,5,8,8,8,5,7,11,7,6,9,11,8,6,13,6,7,6,7,10,4,6,8,8,8,8,9,6,7,7,8,9,6,13,6,11,4,9,8,12,11,5,5,7,5,8,8,7,7,9,11,9,9,9,6,5,6,6,5,5,9,13,7,6,12,7,11,6,8,7,11,8,9,7,10,12,6,8,6,10,9,12,6,8,6,3,6,6,12,9,7,7,6,8,6,10,9,11,8,8,9,4,7,7,7,8,7,4,7,5,6,7,9,5,10,11,5,7,10,6,8,6,7,9,8,10,14,9,5,7,7,5,6,7,7,7,9,4,8,9,8,7,8,5,6,9,6,8,7,5,7,6,7,12,11,11,5,8,10,7,8,7,4,7,5,8,7,7,8,6,8,9,9,8,7,9,7,8,6,12,9,7,7,5,7,12,6,6,5,8,7,10,9,8,12,7,9,7,11,7,4,6,7,7,6,7,7,4,11,9,9,7,7,7,8,7,5,7,7,6,10,5,9,8,6,12,11,4,6,9,5,7,8,8,10,8,8,12,5,10,8,7,8,10,11,7,5,9,5,8,9,7,10,9,8,7,5,7,5,8,6,8,10,9,8,10,8,4,5,11,8,10,7,7,10,5,10,8,9,5,5,11,8,5,8,10,7,7,7,8,9,6,7,14,8,12,3,12,6,6,7,13,5,16,10,7,10,7,8,6,5,8,9,8,10,5,4,9,4,9,5,8,6,4,8,8,12,6,7,6,4,7,5,11,8,10,10,5,9,10,12,6,7,7,6,5,10,10,8,9,7,7,6,4,12,6,9,7,8,8,11,4,5,7,7,5,7,4,8,9,11,8,4,8,10,5,9,7,9,5,7,10,8,6,11,10,11,5,6,8,8,5,8,10,11,5,9,10,10,8,8,5,9,8,3,8,8,4,8,7,10,7,8,10,6,12,9,4,7,6,7,7,11,5,3,13,7,6,7,6,7,10,9,5,8,6,4,6,11,7,9,9,8,9,13,9,10,6,5,10,5,8,6,8,13,7,5,6,5,3,9,8,10,11,15,9,7,13,7,8,8,4,12,7,8,8,8,4,10,8,5,10,6,7,7,9,5,9,6,11,10,10,6,8,11,8,7,14,6,10,8,12,5,5,7,5,8,8,11,10,5,10,7,9,7,6,6,12,6,5,7,11,10,5,3,9,7,9,14,14,3,8,7,11,5,12,7,5,5,10,9,6,12,5,5,10,6,7,6,5,6,14,11,6,7,7,10,6,8,4,6,9,7,8,5,5,7,9,12,8,9,8,9,10,7,7,6,8,9,8,7,10,6,6,5,10,10,5,5,8,9,8,9,7,7,10,8,8,7,7,6,9,9,7,14,7,6,9,11,9,10,5,8,9,9,8,7,8,6,10,7,11,4,4,8,7,13,7,4,8,10,7,6,9,7,7,6,8,8,8,5,8,9,7,5,10,6,10,8,5,8,8,6,6,7,7,8,8,6,9,5,5,5,6,7,6,10,10,11,11,8,8,6,10,10,11,9,9,5,11,7,10,5,9,5,5,7,7,3,4,10,6,7,8,9,10,8,11,11,10,7,10,10,6,8,6,8,7,8,5,7,10,7,5,6,10,8,11,6,9,9,13,8,6,6,5,6,8,10,6,6,6,6,6,8,11,9,11,6,5,9,7,8,10,9,10,5,8,6,7,5,8,4,7,7,7,7,9,10,9,7,9,10,6,8,9,7,9,8,9,8,7,6,6,6,5,12,5,7,7,9,6,5,8,9,13,9,7,9,5,6,9,6,5,12,6,12,6,8,8,6,9,6,8,5,10,6,10,10,9,4,7,10,7,8,8,6,10,8,5,9,5,7,5,8,6,4,13,7,5,5,14,6,8,11,6,4,10,8,9,10,7,11,7,5,4,4,10,8,6,9,8,5,11,9,11,8,9,8,11,8,10,4,4,7,9,5,6,7,10,6,5,8,6,9,5,7,6,8,7,7,7,9,5,5,6,8,6,7,9,5,11,8,10,7,9,10,6,6,8,4,9,6,7,7,8,6,8,6,9,8,10,10,10,6,4,8,5,7,8,6,7,7,10,7,9,7,8,7,4,10,9,10,7,10,8,7,8,9,5,7,6,7,8,8,7,11,6,9,10,8,8,7,7,5,6,9,7,9,9,8,10,8,7,8,8,8,8,8,8,4,11,6,7,7,7,6,8,8,7,4,6,10,10,4,6,5,5,10,9,9,5,9,6,10,4,11,5,8,7,10,7,14,11,8,11,8,6,12,13,8,12,9,6,4,9,6,13,7,11,8,9,9,7,6,10,9,15,10,7,6,9,9,9,11,11,7,6,11,5,11,5,5,6,8,6,7,10,12,8,6,5,10,6,10,6,6,7,7,8,6,9,8,7,8,10,4,8,5,4,5,7,13,6,9,11,9,9,9,11,6,10,7,8,7,5,8,6,6,10,7,6,5,6,8,8,8,12,8
align-dinov2+1b-things+hyp-abl90-218,9,8,6,9,7,5,9,10,3,6,8,6,4,8,8,5,6,5,9,6,6,8,7,8,4,12,6,7,5,7,11,8,10,10,4,13,8,9,8,12,8,6,4,6,7,8,7,10,8,8,7,8,10,9,8,6,8,11,9,25,7,9,8,7,8,10,8,9,10,9,9,12,8,10,6,11,11,8,7,7,5,14,7,8,8,9,8,5,6,14,12,7,8,5,6,7,7,7,7,4,9,6,10,7,8,7,11,9,10,6,13,10,3,6,4,10,5,7,8,8,6,9,6,10,16,11,6,7,8,5,8,6,6,8,7,12,11,5,10,9,5,8,8,10,4,7,5,4,6,5,16,10,6,8,3,7,10,4,6,8,8,7,8,7,6,10,10,8,8,9,8,5,7,10,7,8,4,12,9,7,10,10,7,10,6,7,7,7,7,10,5,9,8,7,6,9,11,8,9,8,8,6,5,7,9,7,9,7,6,7,5,7,6,8,7,7,4,5,9,7,9,5,10,8,8,13,9,10,6,6,11,4,9,7,8,6,7,7,7,5,8,7,5,10,9,8,6,5,10,5,12,11,6,7,5,7,5,8,11,8,9,7,8,6,6,6,10,6,12,5,11,7,15,11,8,9,11,10,14,10,7,8,6,8,8,6,7,7,10,11,7,9,4,7,5,5,4,7,5,9,8,8,12,10,7,8,10,7,10,13,8,11,9,5,8,7,7,7,9,7,6,8,9,8,8,7,9,6,6,9,6,6,8,7,10,11,8,14,11,9,12,7,13,10,7,8,6,7,7,11,8,4,7,6,6,7,9,8,9,8,9,9,8,8,8,9,6,8,8,10,5,8,6,7,6,8,7,8,7,7,5,4,7,7,7,6,10,7,5,5,17,5,8,10,8,4,7,6,7,11,6,7,8,6,3,8,6,9,9,12,4,9,5,8,6,6,4,5,7,10,6,9,6,6,13,5,5,11,6,7,8,5,8,5,10,4,4,6,16,5,8,5,6,11,13,6,5,5,10,10,6,10,9,8,11,9,7,7,9,7,10,5,3,9,5,7,11,5,8,6,8,10,5,10,5,8,6,8,5,8,11,3,3,7,5,11,10,10,7,8,7,10,6,10,8,4,11,10,5,7,6,7,9,9,4,6,5,9,6,6,10,11,7,10,10,8,9,8,10,6,6,4,6,8,12,5,10,11,9,7,6,5,6,8,10,10,3,13,7,11,5,6,9,5,7,7,9,7,7,11,8,7,9,14,11,8,10,9,6,10,6,6,6,8,6,11,8,8,11,5,8,10,6,10,7,9,5,9,9,7,8,6,14,11,6,4,7,11,7,6,10,7,5,7,9,15,6,6,10,8,11,7,8,7,6,10,8,10,9,10,8,6,13,9,11,7,8,8,3,6,7,7,6,6,9,6,9,7,8,7,6,11,10,4,6,9,6,10,11,4,7,8,12,8,5,8,7,8,6,7,9,6,7,7,6,4,8,8,10,6,6,7,9,6,11,7,11,7,10,9,5,7,8,9,9,7,5,15,4,7,7,5,6,5,6,6,7,8,8,6,9,10,9,8,12,8,9,5,12,13,7,6,11,5,12,7,8,5,9,6,8,5,6,5,9,7,9,12,8,4,10,11,6,4,4,9,6,6,8,8,4,5,8,8,13,9,7,6,5,6,11,11,6,11,9,6,6,7,6,5,7,10,9,7,10,8,4,8,11,6,6,6,7,10,5,7,8,6,8,4,10,10,9,6,8,5,5,4,9,15,8,6,7,7,9,10,5,7,10,10,4,5,7,9,7,6,9,8,6,11,6,6,6,6,11,13,8,12,8,8,6,6,7,7,11,10,6,7,7,5,6,9,7,8,5,9,9,6,7,9,9,3,5,11,9,8,6,8,5,7,8,9,8,6,5,7,10,7,13,5,7,11,8,9,7,7,5,11,10,6,8,7,10,11,7,6,7,8,10,7,7,9,3,7,10,11,12,7,8,12,6,8,5,6,7,9,6,6,6,9,6,5,7,3,9,11,8,10,7,8,5,8,4,4,10,12,4,6,7,9,8,10,4,8,10,5,7,7,6,6,7,4,5,9,7,8,10,7,6,11,4,9,10,6,6,9,10,5,9,4,8,8,8,6,8,8,7,14,5,12,8,5,9,8,4,8,11,8,9,7,8,8,9,4,7,8,4,5,7,7,8,4,8,8,9,9,10,5,6,8,9,3,7,7,5,4,10,6,11,7,5,7,5,7,7,9,6,6,7,8,7,6,8,8,9,6,8,7,4,6,9,6,8,8,9,8,5,6,6,7,12,5,7,6,9,7,5,7,5,9,8,5,7,8,7,4,6,11,6,11,7,8,9,8,12,8,10,5,10,12,9,6,9,6,8,10,8,13,5,5,11,8,4,9,11,8,9,12,9,10,7,3,10,7,6,8,8,9,10,11,7,10,5,7,8,8,9,8,9,9,5,7,8,9,8,8,10,7,5,9,7,8,5,12,12,8,7,6,5,8,6,9,6,8,4,9,5,8,12,12,9,6,7,6,5,7,9,5,7,8,4,7,4,12,6,12,6,7,8,7,7,7,5,7,7,9,8,13,6,7,12,7,13,8,8,6,6,5,6,9,9,10,10,10,7,10,9,12,6,7,10,7,6,8,13,8,7,7,5,8,11,8,8,6,9,11,10,10
align-dinov2+1b-things+hyp-abl90-218-random,9,8,6,9,7,5,9,10,3,6,8,6,4,8,8,5,6,5,9,6,6,8,7,8,4,12,6,7,5,7,11,8,10,10,4,13,8,9,8,12,8,6,4,6,7,8,7,10,8,8,7,8,10,9,8,6,8,11,9,25,7,9,8,7,8,10,8,9,10,9,9,12,8,10,6,11,11,8,7,7,5,14,7,8,8,9,8,5,6,14,12,7,8,5,6,7,7,7,7,4,9,6,10,7,8,7,11,9,10,6,13,10,3,6,4,10,5,7,8,8,6,9,6,10,16,11,6,7,8,5,8,6,6,8,7,12,11,5,10,9,5,8,8,10,4,7,5,4,6,5,16,10,6,8,3,7,10,4,6,8,8,7,8,7,6,10,10,8,8,9,8,5,7,10,7,8,4,12,9,7,10,10,7,10,6,7,7,7,7,10,5,9,8,7,6,9,11,8,9,8,8,6,5,7,9,7,9,7,6,7,5,7,6,8,7,7,4,5,9,7,9,5,10,8,8,13,9,10,6,6,11,4,9,7,8,6,7,7,7,5,8,7,5,10,9,8,6,5,10,5,12,11,6,7,5,7,5,8,11,8,9,7,8,6,6,6,10,6,12,5,11,7,15,11,8,9,11,10,14,10,7,8,6,8,8,6,7,7,10,11,7,9,4,7,5,5,4,7,5,9,8,8,12,10,7,8,10,7,10,13,8,11,9,5,8,7,7,7,9,7,6,8,9,8,8,7,9,6,6,9,6,6,8,7,10,11,8,14,11,9,12,7,13,10,7,8,6,7,7,11,8,4,7,6,6,7,9,8,9,8,9,9,8,8,8,9,6,8,8,10,5,8,6,7,6,8,7,8,7,7,5,4,7,7,7,6,10,7,5,5,17,5,8,10,8,4,7,6,7,11,6,7,8,6,3,8,6,9,9,12,4,9,5,8,6,6,4,5,7,10,6,9,6,6,13,5,5,11,6,7,8,5,8,5,10,4,4,6,16,5,8,5,6,11,13,6,5,5,10,10,6,10,9,8,11,9,7,7,9,7,10,5,3,9,5,7,11,5,8,6,8,10,5,10,5,8,6,8,5,8,11,3,3,7,5,11,10,10,7,8,7,10,6,10,8,4,11,10,5,7,6,7,9,9,4,6,5,9,6,6,10,11,7,10,10,8,9,8,10,6,6,4,6,8,12,5,10,11,9,7,6,5,6,8,10,10,3,13,7,11,5,6,9,5,7,7,9,7,7,11,8,7,9,14,11,8,10,9,6,10,6,6,6,8,6,11,8,8,11,5,8,10,6,10,7,9,5,9,9,7,8,6,14,11,6,4,7,11,7,6,10,7,5,7,9,15,6,6,10,8,11,7,8,7,6,10,8,10,9,10,8,6,13,9,11,7,8,8,3,6,7,7,6,6,9,6,9,7,8,7,6,11,10,4,6,9,6,10,11,4,7,8,12,8,5,8,7,8,6,7,9,6,7,7,6,4,8,8,10,6,6,7,9,6,11,7,11,7,10,9,5,7,8,9,9,7,5,15,4,7,7,5,6,5,6,6,7,8,8,6,9,10,9,8,12,8,9,5,12,13,7,6,11,5,12,7,8,5,9,6,8,5,6,5,9,7,9,12,8,4,10,11,6,4,4,9,6,6,8,8,4,5,8,8,13,9,7,6,5,6,11,11,6,11,9,6,6,7,6,5,7,10,9,7,10,8,4,8,11,6,6,6,7,10,5,7,8,6,8,4,10,10,9,6,8,5,5,4,9,15,8,6,7,7,9,10,5,7,10,10,4,5,7,9,7,6,9,8,6,11,6,6,6,6,11,13,8,12,8,8,6,6,7,7,11,10,6,7,7,5,6,9,7,8,5,9,9,6,7,9,9,3,5,11,9,8,6,8,5,7,8,9,8,6,5,7,10,7,13,5,7,11,8,9,7,7,5,11,10,6,8,7,10,11,7,6,7,8,10,7,7,9,3,7,10,11,12,7,8,12,6,8,5,6,7,9,6,6,6,9,6,5,7,3,9,11,8,10,7,8,5,8,4,4,10,12,4,6,7,9,8,10,4,8,10,5,7,7,6,6,7,4,5,9,7,8,10,7,6,11,4,9,10,6,6,9,10,5,9,4,8,8,8,6,8,8,7,14,5,12,8,5,9,8,4,8,11,8,9,7,8,8,9,4,7,8,4,5,7,7,8,4,8,8,9,9,10,5,6,8,9,3,7,7,5,4,10,6,11,7,5,7,5,7,7,9,6,6,7,8,7,6,8,8,9,6,8,7,4,6,9,6,8,8,9,8,5,6,6,7,12,5,7,6,9,7,5,7,5,9,8,5,7,8,7,4,6,11,6,11,7,8,9,8,12,8,10,5,10,12,9,6,9,6,8,10,8,13,5,5,11,8,4,9,11,8,9,12,9,10,7,3,10,7,6,8,8,9,10,11,7,10,5,7,8,8,9,8,9,9,5,7,8,9,8,8,10,7,5,9,7,8,5,12,12,8,7,6,5,8,6,9,6,8,4,9,5,8,12,12,9,6,7,6,5,7,9,5,7,8,4,7,4,12,6,12,6,7,8,7,7,7,5,7,7,9,8,13,6,7,12,7,13,8,8,6,6,5,6,9,9,10,10,10,7,10,9,12,6,7,10,7,6,8,13,8,7,7,5,8,11,8,8,6,9,11,10,10
align-dinov2+1b-things+hyp-abl90-42,9,8,6,9,7,5,9,10,3,6,8,6,4,8,8,5,6,5,9,6,6,8,7,8,4,12,6,7,5,7,11,8,10,10,4,13,8,9,8,12,8,6,4,6,7,8,7,10,8,8,7,8,10,9,8,6,8,11,9,25,7,9,8,7,8,10,8,9,10,9,9,12,8,10,6,11,11,8,7,7,5,14,7,8,8,9,8,5,6,14,12,7,8,5,6,7,7,7,7,4,9,6,10,7,8,7,11,9,10,6,13,10,3,6,4,10,5,7,8,8,6,9,6,10,16,11,6,7,8,5,8,6,6,8,7,12,11,5,10,9,5,8,8,10,4,7,5,4,6,5,16,10,6,8,3,7,10,4,6,8,8,7,8,7,6,10,10,8,8,9,8,5,7,10,7,8,4,12,9,7,10,10,7,10,6,7,7,7,7,10,5,9,8,7,6,9,11,8,9,8,8,6,5,7,9,7,9,7,6,7,5,7,6,8,7,7,4,5,9,7,9,5,10,8,8,13,9,10,6,6,11,4,9,7,8,6,7,7,7,5,8,7,5,10,9,8,6,5,10,5,12,11,6,7,5,7,5,8,11,8,9,7,8,6,6,6,10,6,12,5,11,7,15,11,8,9,11,10,14,10,7,8,6,8,8,6,7,7,10,11,7,9,4,7,5,5,4,7,5,9,8,8,12,10,7,8,10,7,10,13,8,11,9,5,8,7,7,7,9,7,6,8,9,8,8,7,9,6,6,9,6,6,8,7,10,11,8,14,11,9,12,7,13,10,7,8,6,7,7,11,8,4,7,6,6,7,9,8,9,8,9,9,8,8,8,9,6,8,8,10,5,8,6,7,6,8,7,8,7,7,5,4,7,7,7,6,10,7,5,5,17,5,8,10,8,4,7,6,7,11,6,7,8,6,3,8,6,9,9,12,4,9,5,8,6,6,4,5,7,10,6,9,6,6,13,5,5,11,6,7,8,5,8,5,10,4,4,6,16,5,8,5,6,11,13,6,5,5,10,10,6,10,9,8,11,9,7,7,9,7,10,5,3,9,5,7,11,5,8,6,8,10,5,10,5,8,6,8,5,8,11,3,3,7,5,11,10,10,7,8,7,10,6,10,8,4,11,10,5,7,6,7,9,9,4,6,5,9,6,6,10,11,7,10,10,8,9,8,10,6,6,4,6,8,12,5,10,11,9,7,6,5,6,8,10,10,3,13,7,11,5,6,9,5,7,7,9,7,7,11,8,7,9,14,11,8,10,9,6,10,6,6,6,8,6,11,8,8,11,5,8,10,6,10,7,9,5,9,9,7,8,6,14,11,6,4,7,11,7,6,10,7,5,7,9,15,6,6,10,8,11,7,8,7,6,10,8,10,9,10,8,6,13,9,11,7,8,8,3,6,7,7,6,6,9,6,9,7,8,7,6,11,10,4,6,9,6,10,11,4,7,8,12,8,5,8,7,8,6,7,9,6,7,7,6,4,8,8,10,6,6,7,9,6,11,7,11,7,10,9,5,7,8,9,9,7,5,15,4,7,7,5,6,5,6,6,7,8,8,6,9,10,9,8,12,8,9,5,12,13,7,6,11,5,12,7,8,5,9,6,8,5,6,5,9,7,9,12,8,4,10,11,6,4,4,9,6,6,8,8,4,5,8,8,13,9,7,6,5,6,11,11,6,11,9,6,6,7,6,5,7,10,9,7,10,8,4,8,11,6,6,6,7,10,5,7,8,6,8,4,10,10,9,6,8,5,5,4,9,15,8,6,7,7,9,10,5,7,10,10,4,5,7,9,7,6,9,8,6,11,6,6,6,6,11,13,8,12,8,8,6,6,7,7,11,10,6,7,7,5,6,9,7,8,5,9,9,6,7,9,9,3,5,11,9,8,6,8,5,7,8,9,8,6,5,7,10,7,13,5,7,11,8,9,7,7,5,11,10,6,8,7,10,11,7,6,7,8,10,7,7,9,3,7,10,11,12,7,8,12,6,8,5,6,7,9,6,6,6,9,6,5,7,3,9,11,8,10,7,8,5,8,4,4,10,12,4,6,7,9,8,10,4,8,10,5,7,7,6,6,7,4,5,9,7,8,10,7,6,11,4,9,10,6,6,9,10,5,9,4,8,8,8,6,8,8,7,14,5,12,8,5,9,8,4,8,11,8,9,7,8,8,9,4,7,8,4,5,7,7,8,4,8,8,9,9,10,5,6,8,9,3,7,7,5,4,10,6,11,7,5,7,5,7,7,9,6,6,7,8,7,6,8,8,9,6,8,7,4,6,9,6,8,8,9,8,5,6,6,7,12,5,7,6,9,7,5,7,5,9,8,5,7,8,7,4,6,11,6,11,7,8,9,8,12,8,10,5,10,12,9,6,9,6,8,10,8,13,5,5,11,8,4,9,11,8,9,12,9,10,7,3,10,7,6,8,8,9,10,11,7,10,5,7,8,8,9,8,9,9,5,7,8,9,8,8,10,7,5,9,7,8,5,12,12,8,7,6,5,8,6,9,6,8,4,9,5,8,12,12,9,6,7,6,5,7,9,5,7,8,4,7,4,12,6,12,6,7,8,7,7,7,5,7,7,9,8,13,6,7,12,7,13,8,8,6,6,5,6,9,9,10,10,10,7,10,9,12,6,7,10,7,6,8,13,8,7,7,5,8,11,8,8,6,9,11,10,10
align-dinov2+1b-things+hyp-abl90-42-random,9,8,6,9,7,5,9,10,3,6,8,6,4,8,8,5,6,5,9,6,6,8,7,8,4,12,6,7,5,7,11,8,10,10,4,13,8,9,8,12,8,6,4,6,7,8,7,10,8,8,7,8,10,9,8,6,8,11,9,25,7,9,8,7,8,10,8,9,10,9,9,12,8,10,6,11,11,8,7,7,5,14,7,8,8,9,8,5,6,14,12,7,8,5,6,7,7,7,7,4,9,6,10,7,8,7,11,9,10,6,13,10,3,6,4,10,5,7,8,8,6,9,6,10,16,11,6,7,8,5,8,6,6,8,7,12,11,5,10,9,5,8,8,10,4,7,5,4,6,5,16,10,6,8,3,7,10,4,6,8,8,7,8,7,6,10,10,8,8,9,8,5,7,10,7,8,4,12,9,7,10,10,7,10,6,7,7,7,7,10,5,9,8,7,6,9,11,8,9,8,8,6,5,7,9,7,9,7,6,7,5,7,6,8,7,7,4,5,9,7,9,5,10,8,8,13,9,10,6,6,11,4,9,7,8,6,7,7,7,5,8,7,5,10,9,8,6,5,10,5,12,11,6,7,5,7,5,8,11,8,9,7,8,6,6,6,10,6,12,5,11,7,15,11,8,9,11,10,14,10,7,8,6,8,8,6,7,7,10,11,7,9,4,7,5,5,4,7,5,9,8,8,12,10,7,8,10,7,10,13,8,11,9,5,8,7,7,7,9,7,6,8,9,8,8,7,9,6,6,9,6,6,8,7,10,11,8,14,11,9,12,7,13,10,7,8,6,7,7,11,8,4,7,6,6,7,9,8,9,8,9,9,8,8,8,9,6,8,8,10,5,8,6,7,6,8,7,8,7,7,5,4,7,7,7,6,10,7,5,5,17,5,8,10,8,4,7,6,7,11,6,7,8,6,3,8,6,9,9,12,4,9,5,8,6,6,4,5,7,10,6,9,6,6,13,5,5,11,6,7,8,5,8,5,10,4,4,6,16,5,8,5,6,11,13,6,5,5,10,10,6,10,9,8,11,9,7,7,9,7,10,5,3,9,5,7,11,5,8,6,8,10,5,10,5,8,6,8,5,8,11,3,3,7,5,11,10,10,7,8,7,10,6,10,8,4,11,10,5,7,6,7,9,9,4,6,5,9,6,6,10,11,7,10,10,8,9,8,10,6,6,4,6,8,12,5,10,11,9,7,6,5,6,8,10,10,3,13,7,11,5,6,9,5,7,7,9,7,7,11,8,7,9,14,11,8,10,9,6,10,6,6,6,8,6,11,8,8,11,5,8,10,6,10,7,9,5,9,9,7,8,6,14,11,6,4,7,11,7,6,10,7,5,7,9,15,6,6,10,8,11,7,8,7,6,10,8,10,9,10,8,6,13,9,11,7,8,8,3,6,7,7,6,6,9,6,9,7,8,7,6,11,10,4,6,9,6,10,11,4,7,8,12,8,5,8,7,8,6,7,9,6,7,7,6,4,8,8,10,6,6,7,9,6,11,7,11,7,10,9,5,7,8,9,9,7,5,15,4,7,7,5,6,5,6,6,7,8,8,6,9,10,9,8,12,8,9,5,12,13,7,6,11,5,12,7,8,5,9,6,8,5,6,5,9,7,9,12,8,4,10,11,6,4,4,9,6,6,8,8,4,5,8,8,13,9,7,6,5,6,11,11,6,11,9,6,6,7,6,5,7,10,9,7,10,8,4,8,11,6,6,6,7,10,5,7,8,6,8,4,10,10,9,6,8,5,5,4,9,15,8,6,7,7,9,10,5,7,10,10,4,5,7,9,7,6,9,8,6,11,6,6,6,6,11,13,8,12,8,8,6,6,7,7,11,10,6,7,7,5,6,9,7,8,5,9,9,6,7,9,9,3,5,11,9,8,6,8,5,7,8,9,8,6,5,7,10,7,13,5,7,11,8,9,7,7,5,11,10,6,8,7,10,11,7,6,7,8,10,7,7,9,3,7,10,11,12,7,8,12,6,8,5,6,7,9,6,6,6,9,6,5,7,3,9,11,8,10,7,8,5,8,4,4,10,12,4,6,7,9,8,10,4,8,10,5,7,7,6,6,7,4,5,9,7,8,10,7,6,11,4,9,10,6,6,9,10,5,9,4,8,8,8,6,8,8,7,14,5,12,8,5,9,8,4,8,11,8,9,7,8,8,9,4,7,8,4,5,7,7,8,4,8,8,9,9,10,5,6,8,9,3,7,7,5,4,10,6,11,7,5,7,5,7,7,9,6,6,7,8,7,6,8,8,9,6,8,7,4,6,9,6,8,8,9,8,5,6,6,7,12,5,7,6,9,7,5,7,5,9,8,5,7,8,7,4,6,11,6,11,7,8,9,8,12,8,10,5,10,12,9,6,9,6,8,10,8,13,5,5,11,8,4,9,11,8,9,12,9,10,7,3,10,7,6,8,8,9,10,11,7,10,5,7,8,8,9,8,9,9,5,7,8,9,8,8,10,7,5,9,7,8,5,12,12,8,7,6,5,8,6,9,6,8,4,9,5,8,12,12,9,6,7,6,5,7,9,5,7,8,4,7,4,12,6,12,6,7,8,7,7,7,5,7,7,9,8,13,6,7,12,7,13,8,8,6,6,5,6,9,9,10,10,10,7,10,9,12,6,7,10,7,6,8,13,8,7,7,5,8,11,8,8,6,9,11,10,10
align-dinov2+1b-things+hyp-abl90-7,9,8,6,9,7,5,9,10,3,6,8,6,4,8,8,5,6,5,9,6,6,8,7,8,4,12,6,7,5,7,11,8,10,10,4,13,8,9,8,12,8,6,4,6,7,8,7,10,8,8,7,8,10,9,8,6,8,11,9,25,7,9,8,7,8,10,8,9,10,9,9,12,8,10,6,11,11,8,7,7,5,14,7,8,8,9,8,5,6,14,12,7,8,5,6,7,7,7,7,4,9,6,10,7,8,7,11,9,10,6,13,10,3,6,4,10,5,7,8,8,6,9,6,10,16,11,6,7,8,5,8,6,6,8,7,12,11,5,10,9,5,8,8,10,4,7,5,4,6,5,16,10,6,8,3,7,10,4,6,8,8,7,8,7,6,10,10,8,8,9,8,5,7,10,7,8,4,12,9,7,10,10,7,10,6,7,7,7,7,10,5,9,8,7,6,9,11,8,9,8,8,6,5,7,9,7,9,7,6,7,5,7,6,8,7,7,4,5,9,7,9,5,10,8,8,13,9,10,6,6,11,4,9,7,8,6,7,7,7,5,8,7,5,10,9,8,6,5,10,5,12,11,6,7,5,7,5,8,11,8,9,7,8,6,6,6,10,6,12,5,11,7,15,11,8,9,11,10,14,10,7,8,6,8,8,6,7,7,10,11,7,9,4,7,5,5,4,7,5,9,8,8,12,10,7,8,10,7,10,13,8,11,9,5,8,7,7,7,9,7,6,8,9,8,8,7,9,6,6,9,6,6,8,7,10,11,8,14,11,9,12,7,13,10,7,8,6,7,7,11,8,4,7,6,6,7,9,8,9,8,9,9,8,8,8,9,6,8,8,10,5,8,6,7,6,8,7,8,7,7,5,4,7,7,7,6,10,7,5,5,17,5,8,10,8,4,7,6,7,11,6,7,8,6,3,8,6,9,9,12,4,9,5,8,6,6,4,5,7,10,6,9,6,6,13,5,5,11,6,7,8,5,8,5,10,4,4,6,16,5,8,5,6,11,13,6,5,5,10,10,6,10,9,8,11,9,7,7,9,7,10,5,3,9,5,7,11,5,8,6,8,10,5,10,5,8,6,8,5,8,11,3,3,7,5,11,10,10,7,8,7,10,6,10,8,4,11,10,5,7,6,7,9,9,4,6,5,9,6,6,10,11,7,10,10,8,9,8,10,6,6,4,6,8,12,5,10,11,9,7,6,5,6,8,10,10,3,13,7,11,5,6,9,5,7,7,9,7,7,11,8,7,9,14,11,8,10,9,6,10,6,6,6,8,6,11,8,8,11,5,8,10,6,10,7,9,5,9,9,7,8,6,14,11,6,4,7,11,7,6,10,7,5,7,9,15,6,6,10,8,11,7,8,7,6,10,8,10,9,10,8,6,13,9,11,7,8,8,3,6,7,7,6,6,9,6,9,7,8,7,6,11,10,4,6,9,6,10,11,4,7,8,12,8,5,8,7,8,6,7,9,6,7,7,6,4,8,8,10,6,6,7,9,6,11,7,11,7,10,9,5,7,8,9,9,7,5,15,4,7,7,5,6,5,6,6,7,8,8,6,9,10,9,8,12,8,9,5,12,13,7,6,11,5,12,7,8,5,9,6,8,5,6,5,9,7,9,12,8,4,10,11,6,4,4,9,6,6,8,8,4,5,8,8,13,9,7,6,5,6,11,11,6,11,9,6,6,7,6,5,7,10,9,7,10,8,4,8,11,6,6,6,7,10,5,7,8,6,8,4,10,10,9,6,8,5,5,4,9,15,8,6,7,7,9,10,5,7,10,10,4,5,7,9,7,6,9,8,6,11,6,6,6,6,11,13,8,12,8,8,6,6,7,7,11,10,6,7,7,5,6,9,7,8,5,9,9,6,7,9,9,3,5,11,9,8,6,8,5,7,8,9,8,6,5,7,10,7,13,5,7,11,8,9,7,7,5,11,10,6,8,7,10,11,7,6,7,8,10,7,7,9,3,7,10,11,12,7,8,12,6,8,5,6,7,9,6,6,6,9,6,5,7,3,9,11,8,10,7,8,5,8,4,4,10,12,4,6,7,9,8,10,4,8,10,5,7,7,6,6,7,4,5,9,7,8,10,7,6,11,4,9,10,6,6,9,10,5,9,4,8,8,8,6,8,8,7,14,5,12,8,5,9,8,4,8,11,8,9,7,8,8,9,4,7,8,4,5,7,7,8,4,8,8,9,9,10,5,6,8,9,3,7,7,5,4,10,6,11,7,5,7,5,7,7,9,6,6,7,8,7,6,8,8,9,6,8,7,4,6,9,6,8,8,9,8,5,6,6,7,12,5,7,6,9,7,5,7,5,9,8,5,7,8,7,4,6,11,6,11,7,8,9,8,12,8,10,5,10,12,9,6,9,6,8,10,8,13,5,5,11,8,4,9,11,8,9,12,9,10,7,3,10,7,6,8,8,9,10,11,7,10,5,7,8,8,9,8,9,9,5,7,8,9,8,8,10,7,5,9,7,8,5,12,12,8,7,6,5,8,6,9,6,8,4,9,5,8,12,12,9,6,7,6,5,7,9,5,7,8,4,7,4,12,6,12,6,7,8,7,7,7,5,7,7,9,8,13,6,7,12,7,13,8,8,6,6,5,6,9,9,10,10,10,7,10,9,12,6,7,10,7,6,8,13,8,7,7,5,8,11,8,8,6,9,11,10,10
align-dinov2+1b-things+hyp-abl90-7-random,9,8,6,9,7,5,9,10,3,6,8,6,4,8,8,5,6,5,9,6,6,8,7,8,4,12,6,7,5,7,11,8,10,10,4,13,8,9,8,12,8,6,4,6,7,8,7,10,8,8,7,8,10,9,8,6,8,11,9,25,7,9,8,7,8,10,8,9,10,9,9,12,8,10,6,11,11,8,7,7,5,14,7,8,8,9,8,5,6,14,12,7,8,5,6,7,7,7,7,4,9,6,10,7,8,7,11,9,10,6,13,10,3,6,4,10,5,7,8,8,6,9,6,10,16,11,6,7,8,5,8,6,6,8,7,12,11,5,10,9,5,8,8,10,4,7,5,4,6,5,16,10,6,8,3,7,10,4,6,8,8,7,8,7,6,10,10,8,8,9,8,5,7,10,7,8,4,12,9,7,10,10,7,10,6,7,7,7,7,10,5,9,8,7,6,9,11,8,9,8,8,6,5,7,9,7,9,7,6,7,5,7,6,8,7,7,4,5,9,7,9,5,10,8,8,13,9,10,6,6,11,4,9,7,8,6,7,7,7,5,8,7,5,10,9,8,6,5,10,5,12,11,6,7,5,7,5,8,11,8,9,7,8,6,6,6,10,6,12,5,11,7,15,11,8,9,11,10,14,10,7,8,6,8,8,6,7,7,10,11,7,9,4,7,5,5,4,7,5,9,8,8,12,10,7,8,10,7,10,13,8,11,9,5,8,7,7,7,9,7,6,8,9,8,8,7,9,6,6,9,6,6,8,7,10,11,8,14,11,9,12,7,13,10,7,8,6,7,7,11,8,4,7,6,6,7,9,8,9,8,9,9,8,8,8,9,6,8,8,10,5,8,6,7,6,8,7,8,7,7,5,4,7,7,7,6,10,7,5,5,17,5,8,10,8,4,7,6,7,11,6,7,8,6,3,8,6,9,9,12,4,9,5,8,6,6,4,5,7,10,6,9,6,6,13,5,5,11,6,7,8,5,8,5,10,4,4,6,16,5,8,5,6,11,13,6,5,5,10,10,6,10,9,8,11,9,7,7,9,7,10,5,3,9,5,7,11,5,8,6,8,10,5,10,5,8,6,8,5,8,11,3,3,7,5,11,10,10,7,8,7,10,6,10,8,4,11,10,5,7,6,7,9,9,4,6,5,9,6,6,10,11,7,10,10,8,9,8,10,6,6,4,6,8,12,5,10,11,9,7,6,5,6,8,10,10,3,13,7,11,5,6,9,5,7,7,9,7,7,11,8,7,9,14,11,8,10,9,6,10,6,6,6,8,6,11,8,8,11,5,8,10,6,10,7,9,5,9,9,7,8,6,14,11,6,4,7,11,7,6,10,7,5,7,9,15,6,6,10,8,11,7,8,7,6,10,8,10,9,10,8,6,13,9,11,7,8,8,3,6,7,7,6,6,9,6,9,7,8,7,6,11,10,4,6,9,6,10,11,4,7,8,12,8,5,8,7,8,6,7,9,6,7,7,6,4,8,8,10,6,6,7,9,6,11,7,11,7,10,9,5,7,8,9,9,7,5,15,4,7,7,5,6,5,6,6,7,8,8,6,9,10,9,8,12,8,9,5,12,13,7,6,11,5,12,7,8,5,9,6,8,5,6,5,9,7,9,12,8,4,10,11,6,4,4,9,6,6,8,8,4,5,8,8,13,9,7,6,5,6,11,11,6,11,9,6,6,7,6,5,7,10,9,7,10,8,4,8,11,6,6,6,7,10,5,7,8,6,8,4,10,10,9,6,8,5,5,4,9,15,8,6,7,7,9,10,5,7,10,10,4,5,7,9,7,6,9,8,6,11,6,6,6,6,11,13,8,12,8,8,6,6,7,7,11,10,6,7,7,5,6,9,7,8,5,9,9,6,7,9,9,3,5,11,9,8,6,8,5,7,8,9,8,6,5,7,10,7,13,5,7,11,8,9,7,7,5,11,10,6,8,7,10,11,7,6,7,8,10,7,7,9,3,7,10,11,12,7,8,12,6,8,5,6,7,9,6,6,6,9,6,5,7,3,9,11,8,10,7,8,5,8,4,4,10,12,4,6,7,9,8,10,4,8,10,5,7,7,6,6,7,4,5,9,7,8,10,7,6,11,4,9,10,6,6,9,10,5,9,4,8,8,8,6,8,8,7,14,5,12,8,5,9,8,4,8,11,8,9,7,8,8,9,4,7,8,4,5,7,7,8,4,8,8,9,9,10,5,6,8,9,3,7,7,5,4,10,6,11,7,5,7,5,7,7,9,6,6,7,8,7,6,8,8,9,6,8,7,4,6,9,6,8,8,9,8,5,6,6,7,12,5,7,6,9,7,5,7,5,9,8,5,7,8,7,4,6,11,6,11,7,8,9,8,12,8,10,5,10,12,9,6,9,6,8,10,8,13,5,5,11,8,4,9,11,8,9,12,9,10,7,3,10,7,6,8,8,9,10,11,7,10,5,7,8,8,9,8,9,9,5,7,8,9,8,8,10,7,5,9,7,8,5,12,12,8,7,6,5,8,6,9,6,8,4,9,5,8,12,12,9,6,7,6,5,7,9,5,7,8,4,7,4,12,6,12,6,7,8,7,7,7,5,7,7,9,8,13,6,7,12,7,13,8,8,6,6,5,6,9,9,10,10,10,7,10,9,12,6,7,10,7,6,8,13,8,7,7,5,8,11,8,8,6,9,11,10,10
align-dinov2+1b-things+hyp-abl90-local-shuffled-218,4,7,11,8,5,8,9,7,8,6,11,10,6,9,7,8,10,14,9,6,10,8,9,6,7,7,7,9,11,7,9,7,9,5,7,7,10,8,7,10,6,8,5,8,9,6,7,6,10,6,6,4,9,10,8,7,7,4,5,19,10,4,9,7,9,9,7,7,5,8,9,5,7,10,10,8,5,7,7,4,7,10,7,9,5,11,5,5,8,8,12,7,10,9,9,8,10,8,6,9,9,8,7,10,11,6,10,9,9,9,10,8,10,7,7,9,8,8,9,10,8,7,7,4,15,11,8,7,8,5,8,11,8,9,10,9,9,6,10,4,5,7,8,8,6,9,7,7,6,8,15,6,4,8,7,8,4,8,5,6,8,8,5,5,9,7,6,8,6,7,5,6,10,7,6,7,9,9,7,5,6,9,10,6,11,6,7,7,7,5,8,4,9,6,9,10,8,8,10,6,10,4,5,5,13,4,5,7,7,9,9,4,6,8,7,6,4,6,6,9,7,4,10,5,11,7,9,8,6,7,15,7,5,8,8,9,6,6,7,5,9,6,7,11,8,13,6,12,6,9,8,8,7,8,7,5,7,9,9,7,7,9,10,7,5,10,8,9,8,5,8,7,8,7,6,8,6,10,6,7,9,5,9,7,8,5,7,6,5,9,10,5,7,10,7,5,10,6,11,6,6,6,11,5,9,10,8,8,5,9,11,8,9,6,6,5,10,8,9,9,9,13,9,5,8,7,6,9,6,7,7,3,6,10,9,7,9,8,8,10,8,8,8,9,8,12,7,7,6,8,10,7,8,12,6,4,5,6,9,8,8,6,5,7,4,7,10,6,6,7,10,8,8,3,4,6,8,5,6,10,4,6,9,7,8,7,6,11,8,10,16,8,12,7,4,6,6,7,11,13,7,10,11,9,7,7,6,8,6,6,7,8,4,6,6,9,7,10,10,8,9,10,8,5,7,10,8,4,8,8,8,7,10,8,5,6,9,5,5,9,10,10,8,6,6,9,12,9,11,5,9,10,9,10,7,9,8,11,7,7,7,5,8,7,7,11,7,6,7,8,9,7,8,8,7,11,5,4,9,7,7,5,10,5,6,8,8,7,7,5,10,7,10,11,4,6,9,5,9,8,11,8,6,9,5,10,13,7,8,9,9,6,5,6,10,8,10,8,8,11,8,6,6,9,9,9,10,5,10,5,5,10,7,9,8,10,8,6,10,8,6,11,10,7,7,7,5,7,8,8,7,9,12,16,9,8,8,10,11,9,8,4,8,6,8,6,7,4,5,9,5,6,6,10,9,7,8,9,7,10,7,4,10,8,8,4,6,6,5,9,10,8,8,8,10,5,5,7,6,4,8,9,5,5,7,13,5,8,12,7,8,13,5,7,8,8,9,5,10,9,8,7,12,9,5,10,6,8,6,7,8,7,10,12,6,7,7,8,7,11,5,4,7,5,8,7,6,7,4,12,11,8,8,8,10,5,10,11,9,9,8,7,10,7,5,6,9,9,8,5,6,7,10,8,6,4,6,8,5,5,5,7,6,7,8,8,5,7,12,7,11,12,3,12,5,7,7,5,8,6,5,9,8,9,6,8,9,8,12,8,6,9,8,8,4,8,9,8,5,10,5,6,7,12,10,9,9,10,9,15,8,6,5,5,4,9,6,9,7,13,6,11,6,5,11,6,8,6,6,7,8,7,7,6,5,8,5,13,6,8,8,9,8,8,7,8,10,9,7,8,8,9,10,7,9,10,12,6,5,9,7,5,8,8,6,8,9,8,9,5,8,8,6,9,7,9,7,5,7,12,10,7,8,7,12,14,8,7,7,6,8,7,5,10,7,7,8,10,8,6,9,13,10,6,7,6,6,10,12,11,6,3,9,9,5,9,12,7,8,6,7,9,7,6,9,10,7,9,8,10,13,15,11,7,9,11,8,7,12,5,6,8,6,4,9,8,6,5,13,7,6,11,6,6,8,7,8,6,6,8,7,10,4,5,8,9,10,6,13,7,5,9,9,9,8,8,7,9,5,11,8,10,6,9,9,7,8,5,9,7,8,7,9,8,13,10,8,6,7,6,9,8,7,6,6,4,5,6,8,4,7,5,7,6,5,7,10,6,6,4,8,11,6,15,7,8,10,6,6,7,6,10,7,10,10,7,8,11,9,7,7,11,10,11,6,9,5,10,9,8,7,10,10,5,11,9,9,10,7,4,8,7,6,8,7,8,9,6,7,6,8,13,8,8,4,8,7,7,7,4,12,10,6,10,6,9,11,7,9,6,9,10,8,7,7,9,6,6,5,5,8,5,6,9,4,9,11,12,12,9,7,7,10,13,10,8,5,6,7,6,10,9,6,10,6,11,6,9,7,16,10,6,6,7,8,10,8,10,4,5,8,11,8,6,7,11,7,9,6,10,9,7,7,8,10,6,7,7,9,5,4,9,5,8,8,5,8,8,9,7,6,10,6,14,5,8,5,9,9,6,4,11,8,7,10,7,6,4,11,14,6,9,5,6,9,8,5,9,9,12,8,6,14,6,4,8,5,8,8,8,9,5,9,5,7,7,7,4,10,10,9,12,7,6,5,7,6,6,10,8,5,8,8,9,9,7,7,8,3,5,9,7,7,6,7,6,6,4,8,9,7,4,7,6,7,13,10,7,6,9,6,8,7,7,7,6,6,6
align-dinov2+1b-things+hyp-abl90-local-shuffled-42,4,7,11,8,5,8,9,7,8,6,11,10,6,9,7,8,10,14,9,6,10,8,9,6,7,7,7,9,11,7,9,7,9,5,7,7,10,8,7,10,6,8,5,8,9,6,7,6,10,6,6,4,9,10,8,7,7,4,5,19,10,4,9,7,9,9,7,7,5,8,9,5,7,10,10,8,5,7,7,4,7,10,7,9,5,11,5,5,8,8,12,7,10,9,9,8,10,8,6,9,9,8,7,10,11,6,10,9,9,9,10,8,10,7,7,9,8,8,9,10,8,7,7,4,15,11,8,7,8,5,8,11,8,9,10,9,9,6,10,4,5,7,8,8,6,9,7,7,6,8,15,6,4,8,7,8,4,8,5,6,8,8,5,5,9,7,6,8,6,7,5,6,10,7,6,7,9,9,7,5,6,9,10,6,11,6,7,7,7,5,8,4,9,6,9,10,8,8,10,6,10,4,5,5,13,4,5,7,7,9,9,4,6,8,7,6,4,6,6,9,7,4,10,5,11,7,9,8,6,7,15,7,5,8,8,9,6,6,7,5,9,6,7,11,8,13,6,12,6,9,8,8,7,8,7,5,7,9,9,7,7,9,10,7,5,10,8,9,8,5,8,7,8,7,6,8,6,10,6,7,9,5,9,7,8,5,7,6,5,9,10,5,7,10,7,5,10,6,11,6,6,6,11,5,9,10,8,8,5,9,11,8,9,6,6,5,10,8,9,9,9,13,9,5,8,7,6,9,6,7,7,3,6,10,9,7,9,8,8,10,8,8,8,9,8,12,7,7,6,8,10,7,8,12,6,4,5,6,9,8,8,6,5,7,4,7,10,6,6,7,10,8,8,3,4,6,8,5,6,10,4,6,9,7,8,7,6,11,8,10,16,8,12,7,4,6,6,7,11,13,7,10,11,9,7,7,6,8,6,6,7,8,4,6,6,9,7,10,10,8,9,10,8,5,7,10,8,4,8,8,8,7,10,8,5,6,9,5,5,9,10,10,8,6,6,9,12,9,11,5,9,10,9,10,7,9,8,11,7,7,7,5,8,7,7,11,7,6,7,8,9,7,8,8,7,11,5,4,9,7,7,5,10,5,6,8,8,7,7,5,10,7,10,11,4,6,9,5,9,8,11,8,6,9,5,10,13,7,8,9,9,6,5,6,10,8,10,8,8,11,8,6,6,9,9,9,10,5,10,5,5,10,7,9,8,10,8,6,10,8,6,11,10,7,7,7,5,7,8,8,7,9,12,16,9,8,8,10,11,9,8,4,8,6,8,6,7,4,5,9,5,6,6,10,9,7,8,9,7,10,7,4,10,8,8,4,6,6,5,9,10,8,8,8,10,5,5,7,6,4,8,9,5,5,7,13,5,8,12,7,8,13,5,7,8,8,9,5,10,9,8,7,12,9,5,10,6,8,6,7,8,7,10,12,6,7,7,8,7,11,5,4,7,5,8,7,6,7,4,12,11,8,8,8,10,5,10,11,9,9,8,7,10,7,5,6,9,9,8,5,6,7,10,8,6,4,6,8,5,5,5,7,6,7,8,8,5,7,12,7,11,12,3,12,5,7,7,5,8,6,5,9,8,9,6,8,9,8,12,8,6,9,8,8,4,8,9,8,5,10,5,6,7,12,10,9,9,10,9,15,8,6,5,5,4,9,6,9,7,13,6,11,6,5,11,6,8,6,6,7,8,7,7,6,5,8,5,13,6,8,8,9,8,8,7,8,10,9,7,8,8,9,10,7,9,10,12,6,5,9,7,5,8,8,6,8,9,8,9,5,8,8,6,9,7,9,7,5,7,12,10,7,8,7,12,14,8,7,7,6,8,7,5,10,7,7,8,10,8,6,9,13,10,6,7,6,6,10,12,11,6,3,9,9,5,9,12,7,8,6,7,9,7,6,9,10,7,9,8,10,13,15,11,7,9,11,8,7,12,5,6,8,6,4,9,8,6,5,13,7,6,11,6,6,8,7,8,6,6,8,7,10,4,5,8,9,10,6,13,7,5,9,9,9,8,8,7,9,5,11,8,10,6,9,9,7,8,5,9,7,8,7,9,8,13,10,8,6,7,6,9,8,7,6,6,4,5,6,8,4,7,5,7,6,5,7,10,6,6,4,8,11,6,15,7,8,10,6,6,7,6,10,7,10,10,7,8,11,9,7,7,11,10,11,6,9,5,10,9,8,7,10,10,5,11,9,9,10,7,4,8,7,6,8,7,8,9,6,7,6,8,13,8,8,4,8,7,7,7,4,12,10,6,10,6,9,11,7,9,6,9,10,8,7,7,9,6,6,5,5,8,5,6,9,4,9,11,12,12,9,7,7,10,13,10,8,5,6,7,6,10,9,6,10,6,11,6,9,7,16,10,6,6,7,8,10,8,10,4,5,8,11,8,6,7,11,7,9,6,10,9,7,7,8,10,6,7,7,9,5,4,9,5,8,8,5,8,8,9,7,6,10,6,14,5,8,5,9,9,6,4,11,8,7,10,7,6,4,11,14,6,9,5,6,9,8,5,9,9,12,8,6,14,6,4,8,5,8,8,8,9,5,9,5,7,7,7,4,10,10,9,12,7,6,5,7,6,6,10,8,5,8,8,9,9,7,7,8,3,5,9,7,7,6,7,6,6,4,8,9,7,4,7,6,7,13,10,7,6,9,6,8,7,7,7,6,6,6
align-dinov2+1b-things+hyp-abl90-local-shuffled-7,4,7,11,8,5,8,9,7,8,6,11,10,6,9,7,8,10,14,9,6,10,8,9,6,7,7,7,9,11,7,9,7,9,5,7,7,10,8,7,10,6,8,5,8,9,6,7,6,10,6,6,4,9,10,8,7,7,4,5,19,10,4,9,7,9,9,7,7,5,8,9,5,7,10,10,8,5,7,7,4,7,10,7,9,5,11,5,5,8,8,12,7,10,9,9,8,10,8,6,9,9,8,7,10,11,6,10,9,9,9,10,8,10,7,7,9,8,8,9,10,8,7,7,4,15,11,8,7,8,5,8,11,8,9,10,9,9,6,10,4,5,7,8,8,6,9,7,7,6,8,15,6,4,8,7,8,4,8,5,6,8,8,5,5,9,7,6,8,6,7,5,6,10,7,6,7,9,9,7,5,6,9,10,6,11,6,7,7,7,5,8,4,9,6,9,10,8,8,10,6,10,4,5,5,13,4,5,7,7,9,9,4,6,8,7,6,4,6,6,9,7,4,10,5,11,7,9,8,6,7,15,7,5,8,8,9,6,6,7,5,9,6,7,11,8,13,6,12,6,9,8,8,7,8,7,5,7,9,9,7,7,9,10,7,5,10,8,9,8,5,8,7,8,7,6,8,6,10,6,7,9,5,9,7,8,5,7,6,5,9,10,5,7,10,7,5,10,6,11,6,6,6,11,5,9,10,8,8,5,9,11,8,9,6,6,5,10,8,9,9,9,13,9,5,8,7,6,9,6,7,7,3,6,10,9,7,9,8,8,10,8,8,8,9,8,12,7,7,6,8,10,7,8,12,6,4,5,6,9,8,8,6,5,7,4,7,10,6,6,7,10,8,8,3,4,6,8,5,6,10,4,6,9,7,8,7,6,11,8,10,16,8,12,7,4,6,6,7,11,13,7,10,11,9,7,7,6,8,6,6,7,8,4,6,6,9,7,10,10,8,9,10,8,5,7,10,8,4,8,8,8,7,10,8,5,6,9,5,5,9,10,10,8,6,6,9,12,9,11,5,9,10,9,10,7,9,8,11,7,7,7,5,8,7,7,11,7,6,7,8,9,7,8,8,7,11,5,4,9,7,7,5,10,5,6,8,8,7,7,5,10,7,10,11,4,6,9,5,9,8,11,8,6,9,5,10,13,7,8,9,9,6,5,6,10,8,10,8,8,11,8,6,6,9,9,9,10,5,10,5,5,10,7,9,8,10,8,6,10,8,6,11,10,7,7,7,5,7,8,8,7,9,12,16,9,8,8,10,11,9,8,4,8,6,8,6,7,4,5,9,5,6,6,10,9,7,8,9,7,10,7,4,10,8,8,4,6,6,5,9,10,8,8,8,10,5,5,7,6,4,8,9,5,5,7,13,5,8,12,7,8,13,5,7,8,8,9,5,10,9,8,7,12,9,5,10,6,8,6,7,8,7,10,12,6,7,7,8,7,11,5,4,7,5,8,7,6,7,4,12,11,8,8,8,10,5,10,11,9,9,8,7,10,7,5,6,9,9,8,5,6,7,10,8,6,4,6,8,5,5,5,7,6,7,8,8,5,7,12,7,11,12,3,12,5,7,7,5,8,6,5,9,8,9,6,8,9,8,12,8,6,9,8,8,4,8,9,8,5,10,5,6,7,12,10,9,9,10,9,15,8,6,5,5,4,9,6,9,7,13,6,11,6,5,11,6,8,6,6,7,8,7,7,6,5,8,5,13,6,8,8,9,8,8,7,8,10,9,7,8,8,9,10,7,9,10,12,6,5,9,7,5,8,8,6,8,9,8,9,5,8,8,6,9,7,9,7,5,7,12,10,7,8,7,12,14,8,7,7,6,8,7,5,10,7,7,8,10,8,6,9,13,10,6,7,6,6,10,12,11,6,3,9,9,5,9,12,7,8,6,7,9,7,6,9,10,7,9,8,10,13,15,11,7,9,11,8,7,12,5,6,8,6,4,9,8,6,5,13,7,6,11,6,6,8,7,8,6,6,8,7,10,4,5,8,9,10,6,13,7,5,9,9,9,8,8,7,9,5,11,8,10,6,9,9,7,8,5,9,7,8,7,9,8,13,10,8,6,7,6,9,8,7,6,6,4,5,6,8,4,7,5,7,6,5,7,10,6,6,4,8,11,6,15,7,8,10,6,6,7,6,10,7,10,10,7,8,11,9,7,7,11,10,11,6,9,5,10,9,8,7,10,10,5,11,9,9,10,7,4,8,7,6,8,7,8,9,6,7,6,8,13,8,8,4,8,7,7,7,4,12,10,6,10,6,9,11,7,9,6,9,10,8,7,7,9,6,6,5,5,8,5,6,9,4,9,11,12,12,9,7,7,10,13,10,8,5,6,7,6,10,9,6,10,6,11,6,9,7,16,10,6,6,7,8,10,8,10,4,5,8,11,8,6,7,11,7,9,6,10,9,7,7,8,10,6,7,7,9,5,4,9,5,8,8,5,8,8,9,7,6,10,6,14,5,8,5,9,9,6,4,11,8,7,10,7,6,4,11,14,6,9,5,6,9,8,5,9,9,12,8,6,14,6,4,8,5,8,8,8,9,5,9,5,7,7,7,4,10,10,9,12,7,6,5,7,6,6,10,8,5,8,8,9,9,7,7,8,3,5,9,7,7,6,7,6,6,4,8,9,7,4,7,6,7,13,10,7,6,9,6,8,7,7,7,6,6,6
align-dinov2+1b-things+hyp-abl90-shuffled-218,10,7,9,9,7,8,4,4,8,5,7,7,9,7,9,7,8,11,6,8,4,5,6,11,9,9,7,7,4,11,9,11,8,7,9,6,6,7,8,5,6,11,7,8,6,10,9,5,9,11,6,6,3,8,6,9,4,10,6,23,7,6,8,6,12,7,7,9,11,8,6,8,7,6,11,7,10,8,11,4,8,6,11,4,4,5,10,9,9,5,5,8,8,8,5,7,11,7,6,9,11,8,6,13,6,7,6,7,10,4,6,8,8,8,8,9,6,7,7,8,9,6,13,6,11,4,9,8,12,11,5,5,7,5,8,8,7,7,9,11,9,9,9,6,5,6,6,5,5,9,13,7,6,12,7,11,6,8,7,11,8,9,7,10,12,6,8,6,10,9,12,6,8,6,3,6,6,12,9,7,7,6,8,6,10,9,11,8,8,9,4,7,7,7,8,7,4,7,5,6,7,9,5,10,11,5,7,10,6,8,6,7,9,8,10,14,9,5,7,7,5,6,7,7,7,9,4,8,9,8,7,8,5,6,9,6,8,7,5,7,6,7,12,11,11,5,8,10,7,8,7,4,7,5,8,7,7,8,6,8,9,9,8,7,9,7,8,6,12,9,7,7,5,7,12,6,6,5,8,7,10,9,8,12,7,9,7,11,7,4,6,7,7,6,7,7,4,11,9,9,7,7,7,8,7,5,7,7,6,10,5,9,8,6,12,11,4,6,9,5,7,8,8,10,8,8,12,5,10,8,7,8,10,11,7,5,9,5,8,9,7,10,9,8,7,5,7,5,8,6,8,10,9,8,10,8,4,5,11,8,10,7,7,10,5,10,8,9,5,5,11,8,5,8,10,7,7,7,8,9,6,7,14,8,12,3,12,6,6,7,13,5,16,10,7,10,7,8,6,5,8,9,8,10,5,4,9,4,9,5,8,6,4,8,8,12,6,7,6,4,7,5,11,8,10,10,5,9,10,12,6,7,7,6,5,10,10,8,9,7,7,6,4,12,6,9,7,8,8,11,4,5,7,7,5,7,4,8,9,11,8,4,8,10,5,9,7,9,5,7,10,8,6,11,10,11,5,6,8,8,5,8,10,11,5,9,10,10,8,8,5,9,8,3,8,8,4,8,7,10,7,8,10,6,12,9,4,7,6,7,7,11,5,3,13,7,6,7,6,7,10,9,5,8,6,4,6,11,7,9,9,8,9,13,9,10,6,5,10,5,8,6,8,13,7,5,6,5,3,9,8,10,11,15,9,7,13,7,8,8,4,12,7,8,8,8,4,10,8,5,10,6,7,7,9,5,9,6,11,10,10,6,8,11,8,7,14,6,10,8,12,5,5,7,5,8,8,11,10,5,10,7,9,7,6,6,12,6,5,7,11,10,5,3,9,7,9,14,14,3,8,7,11,5,12,7,5,5,10,9,6,12,5,5,10,6,7,6,5,6,14,11,6,7,7,10,6,8,4,6,9,7,8,5,5,7,9,12,8,9,8,9,10,7,7,6,8,9,8,7,10,6,6,5,10,10,5,5,8,9,8,9,7,7,10,8,8,7,7,6,9,9,7,14,7,6,9,11,9,10,5,8,9,9,8,7,8,6,10,7,11,4,4,8,7,13,7,4,8,10,7,6,9,7,7,6,8,8,8,5,8,9,7,5,10,6,10,8,5,8,8,6,6,7,7,8,8,6,9,5,5,5,6,7,6,10,10,11,11,8,8,6,10,10,11,9,9,5,11,7,10,5,9,5,5,7,7,3,4,10,6,7,8,9,10,8,11,11,10,7,10,10,6,8,6,8,7,8,5,7,10,7,5,6,10,8,11,6,9,9,13,8,6,6,5,6,8,10,6,6,6,6,6,8,11,9,11,6,5,9,7,8,10,9,10,5,8,6,7,5,8,4,7,7,7,7,9,10,9,7,9,10,6,8,9,7,9,8,9,8,7,6,6,6,5,12,5,7,7,9,6,5,8,9,13,9,7,9,5,6,9,6,5,12,6,12,6,8,8,6,9,6,8,5,10,6,10,10,9,4,7,10,7,8,8,6,10,8,5,9,5,7,5,8,6,4,13,7,5,5,14,6,8,11,6,4,10,8,9,10,7,11,7,5,4,4,10,8,6,9,8,5,11,9,11,8,9,8,11,8,10,4,4,7,9,5,6,7,10,6,5,8,6,9,5,7,6,8,7,7,7,9,5,5,6,8,6,7,9,5,11,8,10,7,9,10,6,6,8,4,9,6,7,7,8,6,8,6,9,8,10,10,10,6,4,8,5,7,8,6,7,7,10,7,9,7,8,7,4,10,9,10,7,10,8,7,8,9,5,7,6,7,8,8,7,11,6,9,10,8,8,7,7,5,6,9,7,9,9,8,10,8,7,8,8,8,8,8,8,4,11,6,7,7,7,6,8,8,7,4,6,10,10,4,6,5,5,10,9,9,5,9,6,10,4,11,5,8,7,10,7,14,11,8,11,8,6,12,13,8,12,9,6,4,9,6,13,7,11,8,9,9,7,6,10,9,15,10,7,6,9,9,9,11,11,7,6,11,5,11,5,5,6,8,6,7,10,12,8,6,5,10,6,10,6,6,7,7,8,6,9,8,7,8,10,4,8,5,4,5,7,13,6,9,11,9,9,9,11,6,10,7,8,7,5,8,6,6,10,7,6,5,6,8,8,8,12,8
align-dinov2+1b-things+hyp-abl90-shuffled-42,10,7,9,9,7,8,4,4,8,5,7,7,9,7,9,7,8,11,6,8,4,5,6,11,9,9,7,7,4,11,9,11,8,7,9,6,6,7,8,5,6,11,7,8,6,10,9,5,9,11,6,6,3,8,6,9,4,10,6,23,7,6,8,6,12,7,7,9,11,8,6,8,7,6,11,7,10,8,11,4,8,6,11,4,4,5,10,9,9,5,5,8,8,8,5,7,11,7,6,9,11,8,6,13,6,7,6,7,10,4,6,8,8,8,8,9,6,7,7,8,9,6,13,6,11,4,9,8,12,11,5,5,7,5,8,8,7,7,9,11,9,9,9,6,5,6,6,5,5,9,13,7,6,12,7,11,6,8,7,11,8,9,7,10,12,6,8,6,10,9,12,6,8,6,3,6,6,12,9,7,7,6,8,6,10,9,11,8,8,9,4,7,7,7,8,7,4,7,5,6,7,9,5,10,11,5,7,10,6,8,6,7,9,8,10,14,9,5,7,7,5,6,7,7,7,9,4,8,9,8,7,8,5,6,9,6,8,7,5,7,6,7,12,11,11,5,8,10,7,8,7,4,7,5,8,7,7,8,6,8,9,9,8,7,9,7,8,6,12,9,7,7,5,7,12,6,6,5,8,7,10,9,8,12,7,9,7,11,7,4,6,7,7,6,7,7,4,11,9,9,7,7,7,8,7,5,7,7,6,10,5,9,8,6,12,11,4,6,9,5,7,8,8,10,8,8,12,5,10,8,7,8,10,11,7,5,9,5,8,9,7,10,9,8,7,5,7,5,8,6,8,10,9,8,10,8,4,5,11,8,10,7,7,10,5,10,8,9,5,5,11,8,5,8,10,7,7,7,8,9,6,7,14,8,12,3,12,6,6,7,13,5,16,10,7,10,7,8,6,5,8,9,8,10,5,4,9,4,9,5,8,6,4,8,8,12,6,7,6,4,7,5,11,8,10,10,5,9,10,12,6,7,7,6,5,10,10,8,9,7,7,6,4,12,6,9,7,8,8,11,4,5,7,7,5,7,4,8,9,11,8,4,8,10,5,9,7,9,5,7,10,8,6,11,10,11,5,6,8,8,5,8,10,11,5,9,10,10,8,8,5,9,8,3,8,8,4,8,7,10,7,8,10,6,12,9,4,7,6,7,7,11,5,3,13,7,6,7,6,7,10,9,5,8,6,4,6,11,7,9,9,8,9,13,9,10,6,5,10,5,8,6,8,13,7,5,6,5,3,9,8,10,11,15,9,7,13,7,8,8,4,12,7,8,8,8,4,10,8,5,10,6,7,7,9,5,9,6,11,10,10,6,8,11,8,7,14,6,10,8,12,5,5,7,5,8,8,11,10,5,10,7,9,7,6,6,12,6,5,7,11,10,5,3,9,7,9,14,14,3,8,7,11,5,12,7,5,5,10,9,6,12,5,5,10,6,7,6,5,6,14,11,6,7,7,10,6,8,4,6,9,7,8,5,5,7,9,12,8,9,8,9,10,7,7,6,8,9,8,7,10,6,6,5,10,10,5,5,8,9,8,9,7,7,10,8,8,7,7,6,9,9,7,14,7,6,9,11,9,10,5,8,9,9,8,7,8,6,10,7,11,4,4,8,7,13,7,4,8,10,7,6,9,7,7,6,8,8,8,5,8,9,7,5,10,6,10,8,5,8,8,6,6,7,7,8,8,6,9,5,5,5,6,7,6,10,10,11,11,8,8,6,10,10,11,9,9,5,11,7,10,5,9,5,5,7,7,3,4,10,6,7,8,9,10,8,11,11,10,7,10,10,6,8,6,8,7,8,5,7,10,7,5,6,10,8,11,6,9,9,13,8,6,6,5,6,8,10,6,6,6,6,6,8,11,9,11,6,5,9,7,8,10,9,10,5,8,6,7,5,8,4,7,7,7,7,9,10,9,7,9,10,6,8,9,7,9,8,9,8,7,6,6,6,5,12,5,7,7,9,6,5,8,9,13,9,7,9,5,6,9,6,5,12,6,12,6,8,8,6,9,6,8,5,10,6,10,10,9,4,7,10,7,8,8,6,10,8,5,9,5,7,5,8,6,4,13,7,5,5,14,6,8,11,6,4,10,8,9,10,7,11,7,5,4,4,10,8,6,9,8,5,11,9,11,8,9,8,11,8,10,4,4,7,9,5,6,7,10,6,5,8,6,9,5,7,6,8,7,7,7,9,5,5,6,8,6,7,9,5,11,8,10,7,9,10,6,6,8,4,9,6,7,7,8,6,8,6,9,8,10,10,10,6,4,8,5,7,8,6,7,7,10,7,9,7,8,7,4,10,9,10,7,10,8,7,8,9,5,7,6,7,8,8,7,11,6,9,10,8,8,7,7,5,6,9,7,9,9,8,10,8,7,8,8,8,8,8,8,4,11,6,7,7,7,6,8,8,7,4,6,10,10,4,6,5,5,10,9,9,5,9,6,10,4,11,5,8,7,10,7,14,11,8,11,8,6,12,13,8,12,9,6,4,9,6,13,7,11,8,9,9,7,6,10,9,15,10,7,6,9,9,9,11,11,7,6,11,5,11,5,5,6,8,6,7,10,12,8,6,5,10,6,10,6,6,7,7,8,6,9,8,7,8,10,4,8,5,4,5,7,13,6,9,11,9,9,9,11,6,10,7,8,7,5,8,6,6,10,7,6,5,6,8,8,8,12,8
align-dinov2+1b-things+hyp-abl90-shuffled-7,10,7,9,9,7,8,4,4,8,5,7,7,9,7,9,7,8,11,6,8,4,5,6,11,9,9,7,7,4,11,9,11,8,7,9,6,6,7,8,5,6,11,7,8,6,10,9,5,9,11,6,6,3,8,6,9,4,10,6,23,7,6,8,6,12,7,7,9,11,8,6,8,7,6,11,7,10,8,11,4,8,6,11,4,4,5,10,9,9,5,5,8,8,8,5,7,11,7,6,9,11,8,6,13,6,7,6,7,10,4,6,8,8,8,8,9,6,7,7,8,9,6,13,6,11,4,9,8,12,11,5,5,7,5,8,8,7,7,9,11,9,9,9,6,5,6,6,5,5,9,13,7,6,12,7,11,6,8,7,11,8,9,7,10,12,6,8,6,10,9,12,6,8,6,3,6,6,12,9,7,7,6,8,6,10,9,11,8,8,9,4,7,7,7,8,7,4,7,5,6,7,9,5,10,11,5,7,10,6,8,6,7,9,8,10,14,9,5,7,7,5,6,7,7,7,9,4,8,9,8,7,8,5,6,9,6,8,7,5,7,6,7,12,11,11,5,8,10,7,8,7,4,7,5,8,7,7,8,6,8,9,9,8,7,9,7,8,6,12,9,7,7,5,7,12,6,6,5,8,7,10,9,8,12,7,9,7,11,7,4,6,7,7,6,7,7,4,11,9,9,7,7,7,8,7,5,7,7,6,10,5,9,8,6,12,11,4,6,9,5,7,8,8,10,8,8,12,5,10,8,7,8,10,11,7,5,9,5,8,9,7,10,9,8,7,5,7,5,8,6,8,10,9,8,10,8,4,5,11,8,10,7,7,10,5,10,8,9,5,5,11,8,5,8,10,7,7,7,8,9,6,7,14,8,12,3,12,6,6,7,13,5,16,10,7,10,7,8,6,5,8,9,8,10,5,4,9,4,9,5,8,6,4,8,8,12,6,7,6,4,7,5,11,8,10,10,5,9,10,12,6,7,7,6,5,10,10,8,9,7,7,6,4,12,6,9,7,8,8,11,4,5,7,7,5,7,4,8,9,11,8,4,8,10,5,9,7,9,5,7,10,8,6,11,10,11,5,6,8,8,5,8,10,11,5,9,10,10,8,8,5,9,8,3,8,8,4,8,7,10,7,8,10,6,12,9,4,7,6,7,7,11,5,3,13,7,6,7,6,7,10,9,5,8,6,4,6,11,7,9,9,8,9,13,9,10,6,5,10,5,8,6,8,13,7,5,6,5,3,9,8,10,11,15,9,7,13,7,8,8,4,12,7,8,8,8,4,10,8,5,10,6,7,7,9,5,9,6,11,10,10,6,8,11,8,7,14,6,10,8,12,5,5,7,5,8,8,11,10,5,10,7,9,7,6,6,12,6,5,7,11,10,5,3,9,7,9,14,14,3,8,7,11,5,12,7,5,5,10,9,6,12,5,5,10,6,7,6,5,6,14,11,6,7,7,10,6,8,4,6,9,7,8,5,5,7,9,12,8,9,8,9,10,7,7,6,8,9,8,7,10,6,6,5,10,10,5,5,8,9,8,9,7,7,10,8,8,7,7,6,9,9,7,14,7,6,9,11,9,10,5,8,9,9,8,7,8,6,10,7,11,4,4,8,7,13,7,4,8,10,7,6,9,7,7,6,8,8,8,5,8,9,7,5,10,6,10,8,5,8,8,6,6,7,7,8,8,6,9,5,5,5,6,7,6,10,10,11,11,8,8,6,10,10,11,9,9,5,11,7,10,5,9,5,5,7,7,3,4,10,6,7,8,9,10,8,11,11,10,7,10,10,6,8,6,8,7,8,5,7,10,7,5,6,10,8,11,6,9,9,13,8,6,6,5,6,8,10,6,6,6,6,6,8,11,9,11,6,5,9,7,8,10,9,10,5,8,6,7,5,8,4,7,7,7,7,9,10,9,7,9,10,6,8,9,7,9,8,9,8,7,6,6,6,5,12,5,7,7,9,6,5,8,9,13,9,7,9,5,6,9,6,5,12,6,12,6,8,8,6,9,6,8,5,10,6,10,10,9,4,7,10,7,8,8,6,10,8,5,9,5,7,5,8,6,4,13,7,5,5,14,6,8,11,6,4,10,8,9,10,7,11,7,5,4,4,10,8,6,9,8,5,11,9,11,8,9,8,11,8,10,4,4,7,9,5,6,7,10,6,5,8,6,9,5,7,6,8,7,7,7,9,5,5,6,8,6,7,9,5,11,8,10,7,9,10,6,6,8,4,9,6,7,7,8,6,8,6,9,8,10,10,10,6,4,8,5,7,8,6,7,7,10,7,9,7,8,7,4,10,9,10,7,10,8,7,8,9,5,7,6,7,8,8,7,11,6,9,10,8,8,7,7,5,6,9,7,9,9,8,10,8,7,8,8,8,8,8,8,4,11,6,7,7,7,6,8,8,7,4,6,10,10,4,6,5,5,10,9,9,5,9,6,10,4,11,5,8,7,10,7,14,11,8,11,8,6,12,13,8,12,9,6,4,9,6,13,7,11,8,9,9,7,6,10,9,15,10,7,6,9,9,9,11,11,7,6,11,5,11,5,5,6,8,6,7,10,12,8,6,5,10,6,10,6,6,7,7,8,6,9,8,7,8,10,4,8,5,4,5,7,13,6,9,11,9,9,9,11,6,10,7,8,7,5,8,6,6,10,7,6,5,6,8,8,8,12,8
align-dinov2+1b-things-218,9,8,6,9,7,5,9,10,3,6,8,6,4,8,8,5,6,5,9,6,6,8,7,8,4,12,6,7,5,7,11,8,10,10,4,13,8,9,8,12,8,6,4,6,7,8,7,10,8,8,7,8,10,9,8,6,8,11,9,25,7,9,8,7,8,10,8,9,10,9,9,12,8,10,6,11,11,8,7,7,5,14,7,8,8,9,8,5,6,14,12,7,8,5,6,7,7,7,7,4,9,6,10,7,8,7,11,9,10,6,13,10,3,6,4,10,5,7,8,8,6,9,6,10,16,11,6,7,8,5,8,6,6,8,7,12,11,5,10,9,5,8,8,10,4,7,5,4,6,5,16,10,6,8,3,7,10,4,6,8,8,7,8,7,6,10,10,8,8,9,8,5,7,10,7,8,4,12,9,7,10,10,7,10,6,7,7,7,7,10,5,9,8,7,6,9,11,8,9,8,8,6,5,7,9,7,9,7,6,7,5,7,6,8,7,7,4,5,9,7,9,5,10,8,8,13,9,10,6,6,11,4,9,7,8,6,7,7,7,5,8,7,5,10,9,8,6,5,10,5,12,11,6,7,5,7,5,8,11,8,9,7,8,6,6,6,10,6,12,5,11,7,15,11,8,9,11,10,14,10,7,8,6,8,8,6,7,7,10,11,7,9,4,7,5,5,4,7,5,9,8,8,12,10,7,8,10,7,10,13,8,11,9,5,8,7,7,7,9,7,6,8,9,8,8,7,9,6,6,9,6,6,8,7,10,11,8,14,11,9,12,7,13,10,7,8,6,7,7,11,8,4,7,6,6,7,9,8,9,8,9,9,8,8,8,9,6,8,8,10,5,8,6,7,6,8,7,8,7,7,5,4,7,7,7,6,10,7,5,5,17,5,8,10,8,4,7,6,7,11,6,7,8,6,3,8,6,9,9,12,4,9,5,8,6,6,4,5,7,10,6,9,6,6,13,5,5,11,6,7,8,5,8,5,10,4,4,6,16,5,8,5,6,11,13,6,5,5,10,10,6,10,9,8,11,9,7,7,9,7,10,5,3,9,5,7,11,5,8,6,8,10,5,10,5,8,6,8,5,8,11,3,3,7,5,11,10,10,7,8,7,10,6,10,8,4,11,10,5,7,6,7,9,9,4,6,5,9,6,6,10,11,7,10,10,8,9,8,10,6,6,4,6,8,12,5,10,11,9,7,6,5,6,8,10,10,3,13,7,11,5,6,9,5,7,7,9,7,7,11,8,7,9,14,11,8,10,9,6,10,6,6,6,8,6,11,8,8,11,5,8,10,6,10,7,9,5,9,9,7,8,6,14,11,6,4,7,11,7,6,10,7,5,7,9,15,6,6,10,8,11,7,8,7,6,10,8,10,9,10,8,6,13,9,11,7,8,8,3,6,7,7,6,6,9,6,9,7,8,7,6,11,10,4,6,9,6,10,11,4,7,8,12,8,5,8,7,8,6,7,9,6,7,7,6,4,8,8,10,6,6,7,9,6,11,7,11,7,10,9,5,7,8,9,9,7,5,15,4,7,7,5,6,5,6,6,7,8,8,6,9,10,9,8,12,8,9,5,12,13,7,6,11,5,12,7,8,5,9,6,8,5,6,5,9,7,9,12,8,4,10,11,6,4,4,9,6,6,8,8,4,5,8,8,13,9,7,6,5,6,11,11,6,11,9,6,6,7,6,5,7,10,9,7,10,8,4,8,11,6,6,6,7,10,5,7,8,6,8,4,10,10,9,6,8,5,5,4,9,15,8,6,7,7,9,10,5,7,10,10,4,5,7,9,7,6,9,8,6,11,6,6,6,6,11,13,8,12,8,8,6,6,7,7,11,10,6,7,7,5,6,9,7,8,5,9,9,6,7,9,9,3,5,11,9,8,6,8,5,7,8,9,8,6,5,7,10,7,13,5,7,11,8,9,7,7,5,11,10,6,8,7,10,11,7,6,7,8,10,7,7,9,3,7,10,11,12,7,8,12,6,8,5,6,7,9,6,6,6,9,6,5,7,3,9,11,8,10,7,8,5,8,4,4,10,12,4,6,7,9,8,10,4,8,10,5,7,7,6,6,7,4,5,9,7,8,10,7,6,11,4,9,10,6,6,9,10,5,9,4,8,8,8,6,8,8,7,14,5,12,8,5,9,8,4,8,11,8,9,7,8,8,9,4,7,8,4,5,7,7,8,4,8,8,9,9,10,5,6,8,9,3,7,7,5,4,10,6,11,7,5,7,5,7,7,9,6,6,7,8,7,6,8,8,9,6,8,7,4,6,9,6,8,8,9,8,5,6,6,7,12,5,7,6,9,7,5,7,5,9,8,5,7,8,7,4,6,11,6,11,7,8,9,8,12,8,10,5,10,12,9,6,9,6,8,10,8,13,5,5,11,8,4,9,11,8,9,12,9,10,7,3,10,7,6,8,8,9,10,11,7,10,5,7,8,8,9,8,9,9,5,7,8,9,8,8,10,7,5,9,7,8,5,12,12,8,7,6,5,8,6,9,6,8,4,9,5,8,12,12,9,6,7,6,5,7,9,5,7,8,4,7,4,12,6,12,6,7,8,7,7,7,5,7,7,9,8,13,6,7,12,7,13,8,8,6,6,5,6,9,9,10,10,10,7,10,9,12,6,7,10,7,6,8,13,8,7,7,5,8,11,8,8,6,9,11,10,10
align-dinov2+1b-things-218-random,9,8,6,9,7,5,9,10,3,6,8,6,4,8,8,5,6,5,9,6,6,8,7,8,4,12,6,7,5,7,11,8,10,10,4,13,8,9,8,12,8,6,4,6,7,8,7,10,8,8,7,8,10,9,8,6,8,11,9,25,7,9,8,7,8,10,8,9,10,9,9,12,8,10,6,11,11,8,7,7,5,14,7,8,8,9,8,5,6,14,12,7,8,5,6,7,7,7,7,4,9,6,10,7,8,7,11,9,10,6,13,10,3,6,4,10,5,7,8,8,6,9,6,10,16,11,6,7,8,5,8,6,6,8,7,12,11,5,10,9,5,8,8,10,4,7,5,4,6,5,16,10,6,8,3,7,10,4,6,8,8,7,8,7,6,10,10,8,8,9,8,5,7,10,7,8,4,12,9,7,10,10,7,10,6,7,7,7,7,10,5,9,8,7,6,9,11,8,9,8,8,6,5,7,9,7,9,7,6,7,5,7,6,8,7,7,4,5,9,7,9,5,10,8,8,13,9,10,6,6,11,4,9,7,8,6,7,7,7,5,8,7,5,10,9,8,6,5,10,5,12,11,6,7,5,7,5,8,11,8,9,7,8,6,6,6,10,6,12,5,11,7,15,11,8,9,11,10,14,10,7,8,6,8,8,6,7,7,10,11,7,9,4,7,5,5,4,7,5,9,8,8,12,10,7,8,10,7,10,13,8,11,9,5,8,7,7,7,9,7,6,8,9,8,8,7,9,6,6,9,6,6,8,7,10,11,8,14,11,9,12,7,13,10,7,8,6,7,7,11,8,4,7,6,6,7,9,8,9,8,9,9,8,8,8,9,6,8,8,10,5,8,6,7,6,8,7,8,7,7,5,4,7,7,7,6,10,7,5,5,17,5,8,10,8,4,7,6,7,11,6,7,8,6,3,8,6,9,9,12,4,9,5,8,6,6,4,5,7,10,6,9,6,6,13,5,5,11,6,7,8,5,8,5,10,4,4,6,16,5,8,5,6,11,13,6,5,5,10,10,6,10,9,8,11,9,7,7,9,7,10,5,3,9,5,7,11,5,8,6,8,10,5,10,5,8,6,8,5,8,11,3,3,7,5,11,10,10,7,8,7,10,6,10,8,4,11,10,5,7,6,7,9,9,4,6,5,9,6,6,10,11,7,10,10,8,9,8,10,6,6,4,6,8,12,5,10,11,9,7,6,5,6,8,10,10,3,13,7,11,5,6,9,5,7,7,9,7,7,11,8,7,9,14,11,8,10,9,6,10,6,6,6,8,6,11,8,8,11,5,8,10,6,10,7,9,5,9,9,7,8,6,14,11,6,4,7,11,7,6,10,7,5,7,9,15,6,6,10,8,11,7,8,7,6,10,8,10,9,10,8,6,13,9,11,7,8,8,3,6,7,7,6,6,9,6,9,7,8,7,6,11,10,4,6,9,6,10,11,4,7,8,12,8,5,8,7,8,6,7,9,6,7,7,6,4,8,8,10,6,6,7,9,6,11,7,11,7,10,9,5,7,8,9,9,7,5,15,4,7,7,5,6,5,6,6,7,8,8,6,9,10,9,8,12,8,9,5,12,13,7,6,11,5,12,7,8,5,9,6,8,5,6,5,9,7,9,12,8,4,10,11,6,4,4,9,6,6,8,8,4,5,8,8,13,9,7,6,5,6,11,11,6,11,9,6,6,7,6,5,7,10,9,7,10,8,4,8,11,6,6,6,7,10,5,7,8,6,8,4,10,10,9,6,8,5,5,4,9,15,8,6,7,7,9,10,5,7,10,10,4,5,7,9,7,6,9,8,6,11,6,6,6,6,11,13,8,12,8,8,6,6,7,7,11,10,6,7,7,5,6,9,7,8,5,9,9,6,7,9,9,3,5,11,9,8,6,8,5,7,8,9,8,6,5,7,10,7,13,5,7,11,8,9,7,7,5,11,10,6,8,7,10,11,7,6,7,8,10,7,7,9,3,7,10,11,12,7,8,12,6,8,5,6,7,9,6,6,6,9,6,5,7,3,9,11,8,10,7,8,5,8,4,4,10,12,4,6,7,9,8,10,4,8,10,5,7,7,6,6,7,4,5,9,7,8,10,7,6,11,4,9,10,6,6,9,10,5,9,4,8,8,8,6,8,8,7,14,5,12,8,5,9,8,4,8,11,8,9,7,8,8,9,4,7,8,4,5,7,7,8,4,8,8,9,9,10,5,6,8,9,3,7,7,5,4,10,6,11,7,5,7,5,7,7,9,6,6,7,8,7,6,8,8,9,6,8,7,4,6,9,6,8,8,9,8,5,6,6,7,12,5,7,6,9,7,5,7,5,9,8,5,7,8,7,4,6,11,6,11,7,8,9,8,12,8,10,5,10,12,9,6,9,6,8,10,8,13,5,5,11,8,4,9,11,8,9,12,9,10,7,3,10,7,6,8,8,9,10,11,7,10,5,7,8,8,9,8,9,9,5,7,8,9,8,8,10,7,5,9,7,8,5,12,12,8,7,6,5,8,6,9,6,8,4,9,5,8,12,12,9,6,7,6,5,7,9,5,7,8,4,7,4,12,6,12,6,7,8,7,7,7,5,7,7,9,8,13,6,7,12,7,13,8,8,6,6,5,6,9,9,10,10,10,7,10,9,12,6,7,10,7,6,8,13,8,7,7,5,8,11,8,8,6,9,11,10,10
align-dinov2+1b-things-42,9,8,6,9,7,5,9,10,3,6,8,6,4,8,8,5,6,5,9,6,6,8,7,8,4,12,6,7,5,7,11,8,10,10,4,13,8,9,8,12,8,6,4,6,7,8,7,10,8,8,7,8,10,9,8,6,8,11,9,25,7,9,8,7,8,10,8,9,10,9,9,12,8,10,6,11,11,8,7,7,5,14,7,8,8,9,8,5,6,14,12,7,8,5,6,7,7,7,7,4,9,6,10,7,8,7,11,9,10,6,13,10,3,6,4,10,5,7,8,8,6,9,6,10,16,11,6,7,8,5,8,6,6,8,7,12,11,5,10,9,5,8,8,10,4,7,5,4,6,5,16,10,6,8,3,7,10,4,6,8,8,7,8,7,6,10,10,8,8,9,8,5,7,10,7,8,4,12,9,7,10,10,7,10,6,7,7,7,7,10,5,9,8,7,6,9,11,8,9,8,8,6,5,7,9,7,9,7,6,7,5,7,6,8,7,7,4,5,9,7,9,5,10,8,8,13,9,10,6,6,11,4,9,7,8,6,7,7,7,5,8,7,5,10,9,8,6,5,10,5,12,11,6,7,5,7,5,8,11,8,9,7,8,6,6,6,10,6,12,5,11,7,15,11,8,9,11,10,14,10,7,8,6,8,8,6,7,7,10,11,7,9,4,7,5,5,4,7,5,9,8,8,12,10,7,8,10,7,10,13,8,11,9,5,8,7,7,7,9,7,6,8,9,8,8,7,9,6,6,9,6,6,8,7,10,11,8,14,11,9,12,7,13,10,7,8,6,7,7,11,8,4,7,6,6,7,9,8,9,8,9,9,8,8,8,9,6,8,8,10,5,8,6,7,6,8,7,8,7,7,5,4,7,7,7,6,10,7,5,5,17,5,8,10,8,4,7,6,7,11,6,7,8,6,3,8,6,9,9,12,4,9,5,8,6,6,4,5,7,10,6,9,6,6,13,5,5,11,6,7,8,5,8,5,10,4,4,6,16,5,8,5,6,11,13,6,5,5,10,10,6,10,9,8,11,9,7,7,9,7,10,5,3,9,5,7,11,5,8,6,8,10,5,10,5,8,6,8,5,8,11,3,3,7,5,11,10,10,7,8,7,10,6,10,8,4,11,10,5,7,6,7,9,9,4,6,5,9,6,6,10,11,7,10,10,8,9,8,10,6,6,4,6,8,12,5,10,11,9,7,6,5,6,8,10,10,3,13,7,11,5,6,9,5,7,7,9,7,7,11,8,7,9,14,11,8,10,9,6,10,6,6,6,8,6,11,8,8,11,5,8,10,6,10,7,9,5,9,9,7,8,6,14,11,6,4,7,11,7,6,10,7,5,7,9,15,6,6,10,8,11,7,8,7,6,10,8,10,9,10,8,6,13,9,11,7,8,8,3,6,7,7,6,6,9,6,9,7,8,7,6,11,10,4,6,9,6,10,11,4,7,8,12,8,5,8,7,8,6,7,9,6,7,7,6,4,8,8,10,6,6,7,9,6,11,7,11,7,10,9,5,7,8,9,9,7,5,15,4,7,7,5,6,5,6,6,7,8,8,6,9,10,9,8,12,8,9,5,12,13,7,6,11,5,12,7,8,5,9,6,8,5,6,5,9,7,9,12,8,4,10,11,6,4,4,9,6,6,8,8,4,5,8,8,13,9,7,6,5,6,11,11,6,11,9,6,6,7,6,5,7,10,9,7,10,8,4,8,11,6,6,6,7,10,5,7,8,6,8,4,10,10,9,6,8,5,5,4,9,15,8,6,7,7,9,10,5,7,10,10,4,5,7,9,7,6,9,8,6,11,6,6,6,6,11,13,8,12,8,8,6,6,7,7,11,10,6,7,7,5,6,9,7,8,5,9,9,6,7,9,9,3,5,11,9,8,6,8,5,7,8,9,8,6,5,7,10,7,13,5,7,11,8,9,7,7,5,11,10,6,8,7,10,11,7,6,7,8,10,7,7,9,3,7,10,11,12,7,8,12,6,8,5,6,7,9,6,6,6,9,6,5,7,3,9,11,8,10,7,8,5,8,4,4,10,12,4,6,7,9,8,10,4,8,10,5,7,7,6,6,7,4,5,9,7,8,10,7,6,11,4,9,10,6,6,9,10,5,9,4,8,8,8,6,8,8,7,14,5,12,8,5,9,8,4,8,11,8,9,7,8,8,9,4,7,8,4,5,7,7,8,4,8,8,9,9,10,5,6,8,9,3,7,7,5,4,10,6,11,7,5,7,5,7,7,9,6,6,7,8,7,6,8,8,9,6,8,7,4,6,9,6,8,8,9,8,5,6,6,7,12,5,7,6,9,7,5,7,5,9,8,5,7,8,7,4,6,11,6,11,7,8,9,8,12,8,10,5,10,12,9,6,9,6,8,10,8,13,5,5,11,8,4,9,11,8,9,12,9,10,7,3,10,7,6,8,8,9,10,11,7,10,5,7,8,8,9,8,9,9,5,7,8,9,8,8,10,7,5,9,7,8,5,12,12,8,7,6,5,8,6,9,6,8,4,9,5,8,12,12,9,6,7,6,5,7,9,5,7,8,4,7,4,12,6,12,6,7,8,7,7,7,5,7,7,9,8,13,6,7,12,7,13,8,8,6,6,5,6,9,9,10,10,10,7,10,9,12,6,7,10,7,6,8,13,8,7,7,5,8,11,8,8,6,9,11,10,10
align-dinov2+1b-things-42-random,9,8,6,9,7,5,9,10,3,6,8,6,4,8,8,5,6,5,9,6,6,8,7,8,4,12,6,7,5,7,11,8,10,10,4,13,8,9,8,12,8,6,4,6,7,8,7,10,8,8,7,8,10,9,8,6,8,11,9,25,7,9,8,7,8,10,8,9,10,9,9,12,8,10,6,11,11,8,7,7,5,14,7,8,8,9,8,5,6,14,12,7,8,5,6,7,7,7,7,4,9,6,10,7,8,7,11,9,10,6,13,10,3,6,4,10,5,7,8,8,6,9,6,10,16,11,6,7,8,5,8,6,6,8,7,12,11,5,10,9,5,8,8,10,4,7,5,4,6,5,16,10,6,8,3,7,10,4,6,8,8,7,8,7,6,10,10,8,8,9,8,5,7,10,7,8,4,12,9,7,10,10,7,10,6,7,7,7,7,10,5,9,8,7,6,9,11,8,9,8,8,6,5,7,9,7,9,7,6,7,5,7,6,8,7,7,4,5,9,7,9,5,10,8,8,13,9,10,6,6,11,4,9,7,8,6,7,7,7,5,8,7,5,10,9,8,6,5,10,5,12,11,6,7,5,7,5,8,11,8,9,7,8,6,6,6,10,6,12,5,11,7,15,11,8,9,11,10,14,10,7,8,6,8,8,6,7,7,10,11,7,9,4,7,5,5,4,7,5,9,8,8,12,10,7,8,10,7,10,13,8,11,9,5,8,7,7,7,9,7,6,8,9,8,8,7,9,6,6,9,6,6,8,7,10,11,8,14,11,9,12,7,13,10,7,8,6,7,7,11,8,4,7,6,6,7,9,8,9,8,9,9,8,8,8,9,6,8,8,10,5,8,6,7,6,8,7,8,7,7,5,4,7,7,7,6,10,7,5,5,17,5,8,10,8,4,7,6,7,11,6,7,8,6,3,8,6,9,9,12,4,9,5,8,6,6,4,5,7,10,6,9,6,6,13,5,5,11,6,7,8,5,8,5,10,4,4,6,16,5,8,5,6,11,13,6,5,5,10,10,6,10,9,8,11,9,7,7,9,7,10,5,3,9,5,7,11,5,8,6,8,10,5,10,5,8,6,8,5,8,11,3,3,7,5,11,10,10,7,8,7,10,6,10,8,4,11,10,5,7,6,7,9,9,4,6,5,9,6,6,10,11,7,10,10,8,9,8,10,6,6,4,6,8,12,5,10,11,9,7,6,5,6,8,10,10,3,13,7,11,5,6,9,5,7,7,9,7,7,11,8,7,9,14,11,8,10,9,6,10,6,6,6,8,6,11,8,8,11,5,8,10,6,10,7,9,5,9,9,7,8,6,14,11,6,4,7,11,7,6,10,7,5,7,9,15,6,6,10,8,11,7,8,7,6,10,8,10,9,10,8,6,13,9,11,7,8,8,3,6,7,7,6,6,9,6,9,7,8,7,6,11,10,4,6,9,6,10,11,4,7,8,12,8,5,8,7,8,6,7,9,6,7,7,6,4,8,8,10,6,6,7,9,6,11,7,11,7,10,9,5,7,8,9,9,7,5,15,4,7,7,5,6,5,6,6,7,8,8,6,9,10,9,8,12,8,9,5,12,13,7,6,11,5,12,7,8,5,9,6,8,5,6,5,9,7,9,12,8,4,10,11,6,4,4,9,6,6,8,8,4,5,8,8,13,9,7,6,5,6,11,11,6,11,9,6,6,7,6,5,7,10,9,7,10,8,4,8,11,6,6,6,7,10,5,7,8,6,8,4,10,10,9,6,8,5,5,4,9,15,8,6,7,7,9,10,5,7,10,10,4,5,7,9,7,6,9,8,6,11,6,6,6,6,11,13,8,12,8,8,6,6,7,7,11,10,6,7,7,5,6,9,7,8,5,9,9,6,7,9,9,3,5,11,9,8,6,8,5,7,8,9,8,6,5,7,10,7,13,5,7,11,8,9,7,7,5,11,10,6,8,7,10,11,7,6,7,8,10,7,7,9,3,7,10,11,12,7,8,12,6,8,5,6,7,9,6,6,6,9,6,5,7,3,9,11,8,10,7,8,5,8,4,4,10,12,4,6,7,9,8,10,4,8,10,5,7,7,6,6,7,4,5,9,7,8,10,7,6,11,4,9,10,6,6,9,10,5,9,4,8,8,8,6,8,8,7,14,5,12,8,5,9,8,4,8,11,8,9,7,8,8,9,4,7,8,4,5,7,7,8,4,8,8,9,9,10,5,6,8,9,3,7,7,5,4,10,6,11,7,5,7,5,7,7,9,6,6,7,8,7,6,8,8,9,6,8,7,4,6,9,6,8,8,9,8,5,6,6,7,12,5,7,6,9,7,5,7,5,9,8,5,7,8,7,4,6,11,6,11,7,8,9,8,12,8,10,5,10,12,9,6,9,6,8,10,8,13,5,5,11,8,4,9,11,8,9,12,9,10,7,3,10,7,6,8,8,9,10,11,7,10,5,7,8,8,9,8,9,9,5,7,8,9,8,8,10,7,5,9,7,8,5,12,12,8,7,6,5,8,6,9,6,8,4,9,5,8,12,12,9,6,7,6,5,7,9,5,7,8,4,7,4,12,6,12,6,7,8,7,7,7,5,7,7,9,8,13,6,7,12,7,13,8,8,6,6,5,6,9,9,10,10,10,7,10,9,12,6,7,10,7,6,8,13,8,7,7,5,8,11,8,8,6,9,11,10,10
align-dinov2+1b-things-7,9,8,6,9,7,5,9,10,3,6,8,6,4,8,8,5,6,5,9,6,6,8,7,8,4,12,6,7,5,7,11,8,10,10,4,13,8,9,8,12,8,6,4,6,7,8,7,10,8,8,7,8,10,9,8,6,8,11,9,25,7,9,8,7,8,10,8,9,10,9,9,12,8,10,6,11,11,8,7,7,5,14,7,8,8,9,8,5,6,14,12,7,8,5,6,7,7,7,7,4,9,6,10,7,8,7,11,9,10,6,13,10,3,6,4,10,5,7,8,8,6,9,6,10,16,11,6,7,8,5,8,6,6,8,7,12,11,5,10,9,5,8,8,10,4,7,5,4,6,5,16,10,6,8,3,7,10,4,6,8,8,7,8,7,6,10,10,8,8,9,8,5,7,10,7,8,4,12,9,7,10,10,7,10,6,7,7,7,7,10,5,9,8,7,6,9,11,8,9,8,8,6,5,7,9,7,9,7,6,7,5,7,6,8,7,7,4,5,9,7,9,5,10,8,8,13,9,10,6,6,11,4,9,7,8,6,7,7,7,5,8,7,5,10,9,8,6,5,10,5,12,11,6,7,5,7,5,8,11,8,9,7,8,6,6,6,10,6,12,5,11,7,15,11,8,9,11,10,14,10,7,8,6,8,8,6,7,7,10,11,7,9,4,7,5,5,4,7,5,9,8,8,12,10,7,8,10,7,10,13,8,11,9,5,8,7,7,7,9,7,6,8,9,8,8,7,9,6,6,9,6,6,8,7,10,11,8,14,11,9,12,7,13,10,7,8,6,7,7,11,8,4,7,6,6,7,9,8,9,8,9,9,8,8,8,9,6,8,8,10,5,8,6,7,6,8,7,8,7,7,5,4,7,7,7,6,10,7,5,5,17,5,8,10,8,4,7,6,7,11,6,7,8,6,3,8,6,9,9,12,4,9,5,8,6,6,4,5,7,10,6,9,6,6,13,5,5,11,6,7,8,5,8,5,10,4,4,6,16,5,8,5,6,11,13,6,5,5,10,10,6,10,9,8,11,9,7,7,9,7,10,5,3,9,5,7,11,5,8,6,8,10,5,10,5,8,6,8,5,8,11,3,3,7,5,11,10,10,7,8,7,10,6,10,8,4,11,10,5,7,6,7,9,9,4,6,5,9,6,6,10,11,7,10,10,8,9,8,10,6,6,4,6,8,12,5,10,11,9,7,6,5,6,8,10,10,3,13,7,11,5,6,9,5,7,7,9,7,7,11,8,7,9,14,11,8,10,9,6,10,6,6,6,8,6,11,8,8,11,5,8,10,6,10,7,9,5,9,9,7,8,6,14,11,6,4,7,11,7,6,10,7,5,7,9,15,6,6,10,8,11,7,8,7,6,10,8,10,9,10,8,6,13,9,11,7,8,8,3,6,7,7,6,6,9,6,9,7,8,7,6,11,10,4,6,9,6,10,11,4,7,8,12,8,5,8,7,8,6,7,9,6,7,7,6,4,8,8,10,6,6,7,9,6,11,7,11,7,10,9,5,7,8,9,9,7,5,15,4,7,7,5,6,5,6,6,7,8,8,6,9,10,9,8,12,8,9,5,12,13,7,6,11,5,12,7,8,5,9,6,8,5,6,5,9,7,9,12,8,4,10,11,6,4,4,9,6,6,8,8,4,5,8,8,13,9,7,6,5,6,11,11,6,11,9,6,6,7,6,5,7,10,9,7,10,8,4,8,11,6,6,6,7,10,5,7,8,6,8,4,10,10,9,6,8,5,5,4,9,15,8,6,7,7,9,10,5,7,10,10,4,5,7,9,7,6,9,8,6,11,6,6,6,6,11,13,8,12,8,8,6,6,7,7,11,10,6,7,7,5,6,9,7,8,5,9,9,6,7,9,9,3,5,11,9,8,6,8,5,7,8,9,8,6,5,7,10,7,13,5,7,11,8,9,7,7,5,11,10,6,8,7,10,11,7,6,7,8,10,7,7,9,3,7,10,11,12,7,8,12,6,8,5,6,7,9,6,6,6,9,6,5,7,3,9,11,8,10,7,8,5,8,4,4,10,12,4,6,7,9,8,10,4,8,10,5,7,7,6,6,7,4,5,9,7,8,10,7,6,11,4,9,10,6,6,9,10,5,9,4,8,8,8,6,8,8,7,14,5,12,8,5,9,8,4,8,11,8,9,7,8,8,9,4,7,8,4,5,7,7,8,4,8,8,9,9,10,5,6,8,9,3,7,7,5,4,10,6,11,7,5,7,5,7,7,9,6,6,7,8,7,6,8,8,9,6,8,7,4,6,9,6,8,8,9,8,5,6,6,7,12,5,7,6,9,7,5,7,5,9,8,5,7,8,7,4,6,11,6,11,7,8,9,8,12,8,10,5,10,12,9,6,9,6,8,10,8,13,5,5,11,8,4,9,11,8,9,12,9,10,7,3,10,7,6,8,8,9,10,11,7,10,5,7,8,8,9,8,9,9,5,7,8,9,8,8,10,7,5,9,7,8,5,12,12,8,7,6,5,8,6,9,6,8,4,9,5,8,12,12,9,6,7,6,5,7,9,5,7,8,4,7,4,12,6,12,6,7,8,7,7,7,5,7,7,9,8,13,6,7,12,7,13,8,8,6,6,5,6,9,9,10,10,10,7,10,9,12,6,7,10,7,6,8,13,8,7,7,5,8,11,8,8,6,9,11,10,10
align-dinov2+1b-things-7-random,9,8,6,9,7,5,9,10,3,6,8,6,4,8,8,5,6,5,9,6,6,8,7,8,4,12,6,7,5,7,11,8,10,10,4,13,8,9,8,12,8,6,4,6,7,8,7,10,8,8,7,8,10,9,8,6,8,11,9,25,7,9,8,7,8,10,8,9,10,9,9,12,8,10,6,11,11,8,7,7,5,14,7,8,8,9,8,5,6,14,12,7,8,5,6,7,7,7,7,4,9,6,10,7,8,7,11,9,10,6,13,10,3,6,4,10,5,7,8,8,6,9,6,10,16,11,6,7,8,5,8,6,6,8,7,12,11,5,10,9,5,8,8,10,4,7,5,4,6,5,16,10,6,8,3,7,10,4,6,8,8,7,8,7,6,10,10,8,8,9,8,5,7,10,7,8,4,12,9,7,10,10,7,10,6,7,7,7,7,10,5,9,8,7,6,9,11,8,9,8,8,6,5,7,9,7,9,7,6,7,5,7,6,8,7,7,4,5,9,7,9,5,10,8,8,13,9,10,6,6,11,4,9,7,8,6,7,7,7,5,8,7,5,10,9,8,6,5,10,5,12,11,6,7,5,7,5,8,11,8,9,7,8,6,6,6,10,6,12,5,11,7,15,11,8,9,11,10,14,10,7,8,6,8,8,6,7,7,10,11,7,9,4,7,5,5,4,7,5,9,8,8,12,10,7,8,10,7,10,13,8,11,9,5,8,7,7,7,9,7,6,8,9,8,8,7,9,6,6,9,6,6,8,7,10,11,8,14,11,9,12,7,13,10,7,8,6,7,7,11,8,4,7,6,6,7,9,8,9,8,9,9,8,8,8,9,6,8,8,10,5,8,6,7,6,8,7,8,7,7,5,4,7,7,7,6,10,7,5,5,17,5,8,10,8,4,7,6,7,11,6,7,8,6,3,8,6,9,9,12,4,9,5,8,6,6,4,5,7,10,6,9,6,6,13,5,5,11,6,7,8,5,8,5,10,4,4,6,16,5,8,5,6,11,13,6,5,5,10,10,6,10,9,8,11,9,7,7,9,7,10,5,3,9,5,7,11,5,8,6,8,10,5,10,5,8,6,8,5,8,11,3,3,7,5,11,10,10,7,8,7,10,6,10,8,4,11,10,5,7,6,7,9,9,4,6,5,9,6,6,10,11,7,10,10,8,9,8,10,6,6,4,6,8,12,5,10,11,9,7,6,5,6,8,10,10,3,13,7,11,5,6,9,5,7,7,9,7,7,11,8,7,9,14,11,8,10,9,6,10,6,6,6,8,6,11,8,8,11,5,8,10,6,10,7,9,5,9,9,7,8,6,14,11,6,4,7,11,7,6,10,7,5,7,9,15,6,6,10,8,11,7,8,7,6,10,8,10,9,10,8,6,13,9,11,7,8,8,3,6,7,7,6,6,9,6,9,7,8,7,6,11,10,4,6,9,6,10,11,4,7,8,12,8,5,8,7,8,6,7,9,6,7,7,6,4,8,8,10,6,6,7,9,6,11,7,11,7,10,9,5,7,8,9,9,7,5,15,4,7,7,5,6,5,6,6,7,8,8,6,9,10,9,8,12,8,9,5,12,13,7,6,11,5,12,7,8,5,9,6,8,5,6,5,9,7,9,12,8,4,10,11,6,4,4,9,6,6,8,8,4,5,8,8,13,9,7,6,5,6,11,11,6,11,9,6,6,7,6,5,7,10,9,7,10,8,4,8,11,6,6,6,7,10,5,7,8,6,8,4,10,10,9,6,8,5,5,4,9,15,8,6,7,7,9,10,5,7,10,10,4,5,7,9,7,6,9,8,6,11,6,6,6,6,11,13,8,12,8,8,6,6,7,7,11,10,6,7,7,5,6,9,7,8,5,9,9,6,7,9,9,3,5,11,9,8,6,8,5,7,8,9,8,6,5,7,10,7,13,5,7,11,8,9,7,7,5,11,10,6,8,7,10,11,7,6,7,8,10,7,7,9,3,7,10,11,12,7,8,12,6,8,5,6,7,9,6,6,6,9,6,5,7,3,9,11,8,10,7,8,5,8,4,4,10,12,4,6,7,9,8,10,4,8,10,5,7,7,6,6,7,4,5,9,7,8,10,7,6,11,4,9,10,6,6,9,10,5,9,4,8,8,8,6,8,8,7,14,5,12,8,5,9,8,4,8,11,8,9,7,8,8,9,4,7,8,4,5,7,7,8,4,8,8,9,9,10,5,6,8,9,3,7,7,5,4,10,6,11,7,5,7,5,7,7,9,6,6,7,8,7,6,8,8,9,6,8,7,4,6,9,6,8,8,9,8,5,6,6,7,12,5,7,6,9,7,5,7,5,9,8,5,7,8,7,4,6,11,6,11,7,8,9,8,12,8,10,5,10,12,9,6,9,6,8,10,8,13,5,5,11,8,4,9,11,8,9,12,9,10,7,3,10,7,6,8,8,9,10,11,7,10,5,7,8,8,9,8,9,9,5,7,8,9,8,8,10,7,5,9,7,8,5,12,12,8,7,6,5,8,6,9,6,8,4,9,5,8,12,12,9,6,7,6,5,7,9,5,7,8,4,7,4,12,6,12,6,7,8,7,7,7,5,7,7,9,8,13,6,7,12,7,13,8,8,6,6,5,6,9,9,10,10,10,7,10,9,12,6,7,10,7,6,8,13,8,7,7,5,8,11,8,8,6,9,11,10,10
align-dinov2+1b-things-local-shuffled-218,4,7,11,8,5,8,9,7,8,6,11,10,6,9,7,8,10,14,9,6,10,8,9,6,7,7,7,9,11,7,9,7,9,5,7,7,10,8,7,10,6,8,5,8,9,6,7,6,10,6,6,4,9,10,8,7,7,4,5,19,10,4,9,7,9,9,7,7,5,8,9,5,7,10,10,8,5,7,7,4,7,10,7,9,5,11,5,5,8,8,12,7,10,9,9,8,10,8,6,9,9,8,7,10,11,6,10,9,9,9,10,8,10,7,7,9,8,8,9,10,8,7,7,4,15,11,8,7,8,5,8,11,8,9,10,9,9,6,10,4,5,7,8,8,6,9,7,7,6,8,15,6,4,8,7,8,4,8,5,6,8,8,5,5,9,7,6,8,6,7,5,6,10,7,6,7,9,9,7,5,6,9,10,6,11,6,7,7,7,5,8,4,9,6,9,10,8,8,10,6,10,4,5,5,13,4,5,7,7,9,9,4,6,8,7,6,4,6,6,9,7,4,10,5,11,7,9,8,6,7,15,7,5,8,8,9,6,6,7,5,9,6,7,11,8,13,6,12,6,9,8,8,7,8,7,5,7,9,9,7,7,9,10,7,5,10,8,9,8,5,8,7,8,7,6,8,6,10,6,7,9,5,9,7,8,5,7,6,5,9,10,5,7,10,7,5,10,6,11,6,6,6,11,5,9,10,8,8,5,9,11,8,9,6,6,5,10,8,9,9,9,13,9,5,8,7,6,9,6,7,7,3,6,10,9,7,9,8,8,10,8,8,8,9,8,12,7,7,6,8,10,7,8,12,6,4,5,6,9,8,8,6,5,7,4,7,10,6,6,7,10,8,8,3,4,6,8,5,6,10,4,6,9,7,8,7,6,11,8,10,16,8,12,7,4,6,6,7,11,13,7,10,11,9,7,7,6,8,6,6,7,8,4,6,6,9,7,10,10,8,9,10,8,5,7,10,8,4,8,8,8,7,10,8,5,6,9,5,5,9,10,10,8,6,6,9,12,9,11,5,9,10,9,10,7,9,8,11,7,7,7,5,8,7,7,11,7,6,7,8,9,7,8,8,7,11,5,4,9,7,7,5,10,5,6,8,8,7,7,5,10,7,10,11,4,6,9,5,9,8,11,8,6,9,5,10,13,7,8,9,9,6,5,6,10,8,10,8,8,11,8,6,6,9,9,9,10,5,10,5,5,10,7,9,8,10,8,6,10,8,6,11,10,7,7,7,5,7,8,8,7,9,12,16,9,8,8,10,11,9,8,4,8,6,8,6,7,4,5,9,5,6,6,10,9,7,8,9,7,10,7,4,10,8,8,4,6,6,5,9,10,8,8,8,10,5,5,7,6,4,8,9,5,5,7,13,5,8,12,7,8,13,5,7,8,8,9,5,10,9,8,7,12,9,5,10,6,8,6,7,8,7,10,12,6,7,7,8,7,11,5,4,7,5,8,7,6,7,4,12,11,8,8,8,10,5,10,11,9,9,8,7,10,7,5,6,9,9,8,5,6,7,10,8,6,4,6,8,5,5,5,7,6,7,8,8,5,7,12,7,11,12,3,12,5,7,7,5,8,6,5,9,8,9,6,8,9,8,12,8,6,9,8,8,4,8,9,8,5,10,5,6,7,12,10,9,9,10,9,15,8,6,5,5,4,9,6,9,7,13,6,11,6,5,11,6,8,6,6,7,8,7,7,6,5,8,5,13,6,8,8,9,8,8,7,8,10,9,7,8,8,9,10,7,9,10,12,6,5,9,7,5,8,8,6,8,9,8,9,5,8,8,6,9,7,9,7,5,7,12,10,7,8,7,12,14,8,7,7,6,8,7,5,10,7,7,8,10,8,6,9,13,10,6,7,6,6,10,12,11,6,3,9,9,5,9,12,7,8,6,7,9,7,6,9,10,7,9,8,10,13,15,11,7,9,11,8,7,12,5,6,8,6,4,9,8,6,5,13,7,6,11,6,6,8,7,8,6,6,8,7,10,4,5,8,9,10,6,13,7,5,9,9,9,8,8,7,9,5,11,8,10,6,9,9,7,8,5,9,7,8,7,9,8,13,10,8,6,7,6,9,8,7,6,6,4,5,6,8,4,7,5,7,6,5,7,10,6,6,4,8,11,6,15,7,8,10,6,6,7,6,10,7,10,10,7,8,11,9,7,7,11,10,11,6,9,5,10,9,8,7,10,10,5,11,9,9,10,7,4,8,7,6,8,7,8,9,6,7,6,8,13,8,8,4,8,7,7,7,4,12,10,6,10,6,9,11,7,9,6,9,10,8,7,7,9,6,6,5,5,8,5,6,9,4,9,11,12,12,9,7,7,10,13,10,8,5,6,7,6,10,9,6,10,6,11,6,9,7,16,10,6,6,7,8,10,8,10,4,5,8,11,8,6,7,11,7,9,6,10,9,7,7,8,10,6,7,7,9,5,4,9,5,8,8,5,8,8,9,7,6,10,6,14,5,8,5,9,9,6,4,11,8,7,10,7,6,4,11,14,6,9,5,6,9,8,5,9,9,12,8,6,14,6,4,8,5,8,8,8,9,5,9,5,7,7,7,4,10,10,9,12,7,6,5,7,6,6,10,8,5,8,8,9,9,7,7,8,3,5,9,7,7,6,7,6,6,4,8,9,7,4,7,6,7,13,10,7,6,9,6,8,7,7,7,6,6,6
align-dinov2+1b-things-local-shuffled-42,4,7,11,8,5,8,9,7,8,6,11,10,6,9,7,8,10,14,9,6,10,8,9,6,7,7,7,9,11,7,9,7,9,5,7,7,10,8,7,10,6,8,5,8,9,6,7,6,10,6,6,4,9,10,8,7,7,4,5,19,10,4,9,7,9,9,7,7,5,8,9,5,7,10,10,8,5,7,7,4,7,10,7,9,5,11,5,5,8,8,12,7,10,9,9,8,10,8,6,9,9,8,7,10,11,6,10,9,9,9,10,8,10,7,7,9,8,8,9,10,8,7,7,4,15,11,8,7,8,5,8,11,8,9,10,9,9,6,10,4,5,7,8,8,6,9,7,7,6,8,15,6,4,8,7,8,4,8,5,6,8,8,5,5,9,7,6,8,6,7,5,6,10,7,6,7,9,9,7,5,6,9,10,6,11,6,7,7,7,5,8,4,9,6,9,10,8,8,10,6,10,4,5,5,13,4,5,7,7,9,9,4,6,8,7,6,4,6,6,9,7,4,10,5,11,7,9,8,6,7,15,7,5,8,8,9,6,6,7,5,9,6,7,11,8,13,6,12,6,9,8,8,7,8,7,5,7,9,9,7,7,9,10,7,5,10,8,9,8,5,8,7,8,7,6,8,6,10,6,7,9,5,9,7,8,5,7,6,5,9,10,5,7,10,7,5,10,6,11,6,6,6,11,5,9,10,8,8,5,9,11,8,9,6,6,5,10,8,9,9,9,13,9,5,8,7,6,9,6,7,7,3,6,10,9,7,9,8,8,10,8,8,8,9,8,12,7,7,6,8,10,7,8,12,6,4,5,6,9,8,8,6,5,7,4,7,10,6,6,7,10,8,8,3,4,6,8,5,6,10,4,6,9,7,8,7,6,11,8,10,16,8,12,7,4,6,6,7,11,13,7,10,11,9,7,7,6,8,6,6,7,8,4,6,6,9,7,10,10,8,9,10,8,5,7,10,8,4,8,8,8,7,10,8,5,6,9,5,5,9,10,10,8,6,6,9,12,9,11,5,9,10,9,10,7,9,8,11,7,7,7,5,8,7,7,11,7,6,7,8,9,7,8,8,7,11,5,4,9,7,7,5,10,5,6,8,8,7,7,5,10,7,10,11,4,6,9,5,9,8,11,8,6,9,5,10,13,7,8,9,9,6,5,6,10,8,10,8,8,11,8,6,6,9,9,9,10,5,10,5,5,10,7,9,8,10,8,6,10,8,6,11,10,7,7,7,5,7,8,8,7,9,12,16,9,8,8,10,11,9,8,4,8,6,8,6,7,4,5,9,5,6,6,10,9,7,8,9,7,10,7,4,10,8,8,4,6,6,5,9,10,8,8,8,10,5,5,7,6,4,8,9,5,5,7,13,5,8,12,7,8,13,5,7,8,8,9,5,10,9,8,7,12,9,5,10,6,8,6,7,8,7,10,12,6,7,7,8,7,11,5,4,7,5,8,7,6,7,4,12,11,8,8,8,10,5,10,11,9,9,8,7,10,7,5,6,9,9,8,5,6,7,10,8,6,4,6,8,5,5,5,7,6,7,8,8,5,7,12,7,11,12,3,12,5,7,7,5,8,6,5,9,8,9,6,8,9,8,12,8,6,9,8,8,4,8,9,8,5,10,5,6,7,12,10,9,9,10,9,15,8,6,5,5,4,9,6,9,7,13,6,11,6,5,11,6,8,6,6,7,8,7,7,6,5,8,5,13,6,8,8,9,8,8,7,8,10,9,7,8,8,9,10,7,9,10,12,6,5,9,7,5,8,8,6,8,9,8,9,5,8,8,6,9,7,9,7,5,7,12,10,7,8,7,12,14,8,7,7,6,8,7,5,10,7,7,8,10,8,6,9,13,10,6,7,6,6,10,12,11,6,3,9,9,5,9,12,7,8,6,7,9,7,6,9,10,7,9,8,10,13,15,11,7,9,11,8,7,12,5,6,8,6,4,9,8,6,5,13,7,6,11,6,6,8,7,8,6,6,8,7,10,4,5,8,9,10,6,13,7,5,9,9,9,8,8,7,9,5,11,8,10,6,9,9,7,8,5,9,7,8,7,9,8,13,10,8,6,7,6,9,8,7,6,6,4,5,6,8,4,7,5,7,6,5,7,10,6,6,4,8,11,6,15,7,8,10,6,6,7,6,10,7,10,10,7,8,11,9,7,7,11,10,11,6,9,5,10,9,8,7,10,10,5,11,9,9,10,7,4,8,7,6,8,7,8,9,6,7,6,8,13,8,8,4,8,7,7,7,4,12,10,6,10,6,9,11,7,9,6,9,10,8,7,7,9,6,6,5,5,8,5,6,9,4,9,11,12,12,9,7,7,10,13,10,8,5,6,7,6,10,9,6,10,6,11,6,9,7,16,10,6,6,7,8,10,8,10,4,5,8,11,8,6,7,11,7,9,6,10,9,7,7,8,10,6,7,7,9,5,4,9,5,8,8,5,8,8,9,7,6,10,6,14,5,8,5,9,9,6,4,11,8,7,10,7,6,4,11,14,6,9,5,6,9,8,5,9,9,12,8,6,14,6,4,8,5,8,8,8,9,5,9,5,7,7,7,4,10,10,9,12,7,6,5,7,6,6,10,8,5,8,8,9,9,7,7,8,3,5,9,7,7,6,7,6,6,4,8,9,7,4,7,6,7,13,10,7,6,9,6,8,7,7,7,6,6,6
align-dinov2+1b-things-local-shuffled-7,4,7,11,8,5,8,9,7,8,6,11,10,6,9,7,8,10,14,9,6,10,8,9,6,7,7,7,9,11,7,9,7,9,5,7,7,10,8,7,10,6,8,5,8,9,6,7,6,10,6,6,4,9,10,8,7,7,4,5,19,10,4,9,7,9,9,7,7,5,8,9,5,7,10,10,8,5,7,7,4,7,10,7,9,5,11,5,5,8,8,12,7,10,9,9,8,10,8,6,9,9,8,7,10,11,6,10,9,9,9,10,8,10,7,7,9,8,8,9,10,8,7,7,4,15,11,8,7,8,5,8,11,8,9,10,9,9,6,10,4,5,7,8,8,6,9,7,7,6,8,15,6,4,8,7,8,4,8,5,6,8,8,5,5,9,7,6,8,6,7,5,6,10,7,6,7,9,9,7,5,6,9,10,6,11,6,7,7,7,5,8,4,9,6,9,10,8,8,10,6,10,4,5,5,13,4,5,7,7,9,9,4,6,8,7,6,4,6,6,9,7,4,10,5,11,7,9,8,6,7,15,7,5,8,8,9,6,6,7,5,9,6,7,11,8,13,6,12,6,9,8,8,7,8,7,5,7,9,9,7,7,9,10,7,5,10,8,9,8,5,8,7,8,7,6,8,6,10,6,7,9,5,9,7,8,5,7,6,5,9,10,5,7,10,7,5,10,6,11,6,6,6,11,5,9,10,8,8,5,9,11,8,9,6,6,5,10,8,9,9,9,13,9,5,8,7,6,9,6,7,7,3,6,10,9,7,9,8,8,10,8,8,8,9,8,12,7,7,6,8,10,7,8,12,6,4,5,6,9,8,8,6,5,7,4,7,10,6,6,7,10,8,8,3,4,6,8,5,6,10,4,6,9,7,8,7,6,11,8,10,16,8,12,7,4,6,6,7,11,13,7,10,11,9,7,7,6,8,6,6,7,8,4,6,6,9,7,10,10,8,9,10,8,5,7,10,8,4,8,8,8,7,10,8,5,6,9,5,5,9,10,10,8,6,6,9,12,9,11,5,9,10,9,10,7,9,8,11,7,7,7,5,8,7,7,11,7,6,7,8,9,7,8,8,7,11,5,4,9,7,7,5,10,5,6,8,8,7,7,5,10,7,10,11,4,6,9,5,9,8,11,8,6,9,5,10,13,7,8,9,9,6,5,6,10,8,10,8,8,11,8,6,6,9,9,9,10,5,10,5,5,10,7,9,8,10,8,6,10,8,6,11,10,7,7,7,5,7,8,8,7,9,12,16,9,8,8,10,11,9,8,4,8,6,8,6,7,4,5,9,5,6,6,10,9,7,8,9,7,10,7,4,10,8,8,4,6,6,5,9,10,8,8,8,10,5,5,7,6,4,8,9,5,5,7,13,5,8,12,7,8,13,5,7,8,8,9,5,10,9,8,7,12,9,5,10,6,8,6,7,8,7,10,12,6,7,7,8,7,11,5,4,7,5,8,7,6,7,4,12,11,8,8,8,10,5,10,11,9,9,8,7,10,7,5,6,9,9,8,5,6,7,10,8,6,4,6,8,5,5,5,7,6,7,8,8,5,7,12,7,11,12,3,12,5,7,7,5,8,6,5,9,8,9,6,8,9,8,12,8,6,9,8,8,4,8,9,8,5,10,5,6,7,12,10,9,9,10,9,15,8,6,5,5,4,9,6,9,7,13,6,11,6,5,11,6,8,6,6,7,8,7,7,6,5,8,5,13,6,8,8,9,8,8,7,8,10,9,7,8,8,9,10,7,9,10,12,6,5,9,7,5,8,8,6,8,9,8,9,5,8,8,6,9,7,9,7,5,7,12,10,7,8,7,12,14,8,7,7,6,8,7,5,10,7,7,8,10,8,6,9,13,10,6,7,6,6,10,12,11,6,3,9,9,5,9,12,7,8,6,7,9,7,6,9,10,7,9,8,10,13,15,11,7,9,11,8,7,12,5,6,8,6,4,9,8,6,5,13,7,6,11,6,6,8,7,8,6,6,8,7,10,4,5,8,9,10,6,13,7,5,9,9,9,8,8,7,9,5,11,8,10,6,9,9,7,8,5,9,7,8,7,9,8,13,10,8,6,7,6,9,8,7,6,6,4,5,6,8,4,7,5,7,6,5,7,10,6,6,4,8,11,6,15,7,8,10,6,6,7,6,10,7,10,10,7,8,11,9,7,7,11,10,11,6,9,5,10,9,8,7,10,10,5,11,9,9,10,7,4,8,7,6,8,7,8,9,6,7,6,8,13,8,8,4,8,7,7,7,4,12,10,6,10,6,9,11,7,9,6,9,10,8,7,7,9,6,6,5,5,8,5,6,9,4,9,11,12,12,9,7,7,10,13,10,8,5,6,7,6,10,9,6,10,6,11,6,9,7,16,10,6,6,7,8,10,8,10,4,5,8,11,8,6,7,11,7,9,6,10,9,7,7,8,10,6,7,7,9,5,4,9,5,8,8,5,8,8,9,7,6,10,6,14,5,8,5,9,9,6,4,11,8,7,10,7,6,4,11,14,6,9,5,6,9,8,5,9,9,12,8,6,14,6,4,8,5,8,8,8,9,5,9,5,7,7,7,4,10,10,9,12,7,6,5,7,6,6,10,8,5,8,8,9,9,7,7,8,3,5,9,7,7,6,7,6,6,4,8,9,7,4,7,6,7,13,10,7,6,9,6,8,7,7,7,6,6,6
align-dinov2+1b-things-shuffled-218,10,7,9,9,7,8,4,4,8,5,7,7,9,7,9,7,8,11,6,8,4,5,6,11,9,9,7,7,4,11,9,11,8,7,9,6,6,7,8,5,6,11,7,8,6,10,9,5,9,11,6,6,3,8,6,9,4,10,6,23,7,6,8,6,12,7,7,9,11,8,6,8,7,6,11,7,10,8,11,4,8,6,11,4,4,5,10,9,9,5,5,8,8,8,5,7,11,7,6,9,11,8,6,13,6,7,6,7,10,4,6,8,8,8,8,9,6,7,7,8,9,6,13,6,11,4,9,8,12,11,5,5,7,5,8,8,7,7,9,11,9,9,9,6,5,6,6,5,5,9,13,7,6,12,7,11,6,8,7,11,8,9,7,10,12,6,8,6,10,9,12,6,8,6,3,6,6,12,9,7,7,6,8,6,10,9,11,8,8,9,4,7,7,7,8,7,4,7,5,6,7,9,5,10,11,5,7,10,6,8,6,7,9,8,10,14,9,5,7,7,5,6,7,7,7,9,4,8,9,8,7,8,5,6,9,6,8,7,5,7,6,7,12,11,11,5,8,10,7,8,7,4,7,5,8,7,7,8,6,8,9,9,8,7,9,7,8,6,12,9,7,7,5,7,12,6,6,5,8,7,10,9,8,12,7,9,7,11,7,4,6,7,7,6,7,7,4,11,9,9,7,7,7,8,7,5,7,7,6,10,5,9,8,6,12,11,4,6,9,5,7,8,8,10,8,8,12,5,10,8,7,8,10,11,7,5,9,5,8,9,7,10,9,8,7,5,7,5,8,6,8,10,9,8,10,8,4,5,11,8,10,7,7,10,5,10,8,9,5,5,11,8,5,8,10,7,7,7,8,9,6,7,14,8,12,3,12,6,6,7,13,5,16,10,7,10,7,8,6,5,8,9,8,10,5,4,9,4,9,5,8,6,4,8,8,12,6,7,6,4,7,5,11,8,10,10,5,9,10,12,6,7,7,6,5,10,10,8,9,7,7,6,4,12,6,9,7,8,8,11,4,5,7,7,5,7,4,8,9,11,8,4,8,10,5,9,7,9,5,7,10,8,6,11,10,11,5,6,8,8,5,8,10,11,5,9,10,10,8,8,5,9,8,3,8,8,4,8,7,10,7,8,10,6,12,9,4,7,6,7,7,11,5,3,13,7,6,7,6,7,10,9,5,8,6,4,6,11,7,9,9,8,9,13,9,10,6,5,10,5,8,6,8,13,7,5,6,5,3,9,8,10,11,15,9,7,13,7,8,8,4,12,7,8,8,8,4,10,8,5,10,6,7,7,9,5,9,6,11,10,10,6,8,11,8,7,14,6,10,8,12,5,5,7,5,8,8,11,10,5,10,7,9,7,6,6,12,6,5,7,11,10,5,3,9,7,9,14,14,3,8,7,11,5,12,7,5,5,10,9,6,12,5,5,10,6,7,6,5,6,14,11,6,7,7,10,6,8,4,6,9,7,8,5,5,7,9,12,8,9,8,9,10,7,7,6,8,9,8,7,10,6,6,5,10,10,5,5,8,9,8,9,7,7,10,8,8,7,7,6,9,9,7,14,7,6,9,11,9,10,5,8,9,9,8,7,8,6,10,7,11,4,4,8,7,13,7,4,8,10,7,6,9,7,7,6,8,8,8,5,8,9,7,5,10,6,10,8,5,8,8,6,6,7,7,8,8,6,9,5,5,5,6,7,6,10,10,11,11,8,8,6,10,10,11,9,9,5,11,7,10,5,9,5,5,7,7,3,4,10,6,7,8,9,10,8,11,11,10,7,10,10,6,8,6,8,7,8,5,7,10,7,5,6,10,8,11,6,9,9,13,8,6,6,5,6,8,10,6,6,6,6,6,8,11,9,11,6,5,9,7,8,10,9,10,5,8,6,7,5,8,4,7,7,7,7,9,10,9,7,9,10,6,8,9,7,9,8,9,8,7,6,6,6,5,12,5,7,7,9,6,5,8,9,13,9,7,9,5,6,9,6,5,12,6,12,6,8,8,6,9,6,8,5,10,6,10,10,9,4,7,10,7,8,8,6,10,8,5,9,5,7,5,8,6,4,13,7,5,5,14,6,8,11,6,4,10,8,9,10,7,11,7,5,4,4,10,8,6,9,8,5,11,9,11,8,9,8,11,8,10,4,4,7,9,5,6,7,10,6,5,8,6,9,5,7,6,8,7,7,7,9,5,5,6,8,6,7,9,5,11,8,10,7,9,10,6,6,8,4,9,6,7,7,8,6,8,6,9,8,10,10,10,6,4,8,5,7,8,6,7,7,10,7,9,7,8,7,4,10,9,10,7,10,8,7,8,9,5,7,6,7,8,8,7,11,6,9,10,8,8,7,7,5,6,9,7,9,9,8,10,8,7,8,8,8,8,8,8,4,11,6,7,7,7,6,8,8,7,4,6,10,10,4,6,5,5,10,9,9,5,9,6,10,4,11,5,8,7,10,7,14,11,8,11,8,6,12,13,8,12,9,6,4,9,6,13,7,11,8,9,9,7,6,10,9,15,10,7,6,9,9,9,11,11,7,6,11,5,11,5,5,6,8,6,7,10,12,8,6,5,10,6,10,6,6,7,7,8,6,9,8,7,8,10,4,8,5,4,5,7,13,6,9,11,9,9,9,11,6,10,7,8,7,5,8,6,6,10,7,6,5,6,8,8,8,12,8
align-dinov2+1b-things-shuffled-42,10,7,9,9,7,8,4,4,8,5,7,7,9,7,9,7,8,11,6,8,4,5,6,11,9,9,7,7,4,11,9,11,8,7,9,6,6,7,8,5,6,11,7,8,6,10,9,5,9,11,6,6,3,8,6,9,4,10,6,23,7,6,8,6,12,7,7,9,11,8,6,8,7,6,11,7,10,8,11,4,8,6,11,4,4,5,10,9,9,5,5,8,8,8,5,7,11,7,6,9,11,8,6,13,6,7,6,7,10,4,6,8,8,8,8,9,6,7,7,8,9,6,13,6,11,4,9,8,12,11,5,5,7,5,8,8,7,7,9,11,9,9,9,6,5,6,6,5,5,9,13,7,6,12,7,11,6,8,7,11,8,9,7,10,12,6,8,6,10,9,12,6,8,6,3,6,6,12,9,7,7,6,8,6,10,9,11,8,8,9,4,7,7,7,8,7,4,7,5,6,7,9,5,10,11,5,7,10,6,8,6,7,9,8,10,14,9,5,7,7,5,6,7,7,7,9,4,8,9,8,7,8,5,6,9,6,8,7,5,7,6,7,12,11,11,5,8,10,7,8,7,4,7,5,8,7,7,8,6,8,9,9,8,7,9,7,8,6,12,9,7,7,5,7,12,6,6,5,8,7,10,9,8,12,7,9,7,11,7,4,6,7,7,6,7,7,4,11,9,9,7,7,7,8,7,5,7,7,6,10,5,9,8,6,12,11,4,6,9,5,7,8,8,10,8,8,12,5,10,8,7,8,10,11,7,5,9,5,8,9,7,10,9,8,7,5,7,5,8,6,8,10,9,8,10,8,4,5,11,8,10,7,7,10,5,10,8,9,5,5,11,8,5,8,10,7,7,7,8,9,6,7,14,8,12,3,12,6,6,7,13,5,16,10,7,10,7,8,6,5,8,9,8,10,5,4,9,4,9,5,8,6,4,8,8,12,6,7,6,4,7,5,11,8,10,10,5,9,10,12,6,7,7,6,5,10,10,8,9,7,7,6,4,12,6,9,7,8,8,11,4,5,7,7,5,7,4,8,9,11,8,4,8,10,5,9,7,9,5,7,10,8,6,11,10,11,5,6,8,8,5,8,10,11,5,9,10,10,8,8,5,9,8,3,8,8,4,8,7,10,7,8,10,6,12,9,4,7,6,7,7,11,5,3,13,7,6,7,6,7,10,9,5,8,6,4,6,11,7,9,9,8,9,13,9,10,6,5,10,5,8,6,8,13,7,5,6,5,3,9,8,10,11,15,9,7,13,7,8,8,4,12,7,8,8,8,4,10,8,5,10,6,7,7,9,5,9,6,11,10,10,6,8,11,8,7,14,6,10,8,12,5,5,7,5,8,8,11,10,5,10,7,9,7,6,6,12,6,5,7,11,10,5,3,9,7,9,14,14,3,8,7,11,5,12,7,5,5,10,9,6,12,5,5,10,6,7,6,5,6,14,11,6,7,7,10,6,8,4,6,9,7,8,5,5,7,9,12,8,9,8,9,10,7,7,6,8,9,8,7,10,6,6,5,10,10,5,5,8,9,8,9,7,7,10,8,8,7,7,6,9,9,7,14,7,6,9,11,9,10,5,8,9,9,8,7,8,6,10,7,11,4,4,8,7,13,7,4,8,10,7,6,9,7,7,6,8,8,8,5,8,9,7,5,10,6,10,8,5,8,8,6,6,7,7,8,8,6,9,5,5,5,6,7,6,10,10,11,11,8,8,6,10,10,11,9,9,5,11,7,10,5,9,5,5,7,7,3,4,10,6,7,8,9,10,8,11,11,10,7,10,10,6,8,6,8,7,8,5,7,10,7,5,6,10,8,11,6,9,9,13,8,6,6,5,6,8,10,6,6,6,6,6,8,11,9,11,6,5,9,7,8,10,9,10,5,8,6,7,5,8,4,7,7,7,7,9,10,9,7,9,10,6,8,9,7,9,8,9,8,7,6,6,6,5,12,5,7,7,9,6,5,8,9,13,9,7,9,5,6,9,6,5,12,6,12,6,8,8,6,9,6,8,5,10,6,10,10,9,4,7,10,7,8,8,6,10,8,5,9,5,7,5,8,6,4,13,7,5,5,14,6,8,11,6,4,10,8,9,10,7,11,7,5,4,4,10,8,6,9,8,5,11,9,11,8,9,8,11,8,10,4,4,7,9,5,6,7,10,6,5,8,6,9,5,7,6,8,7,7,7,9,5,5,6,8,6,7,9,5,11,8,10,7,9,10,6,6,8,4,9,6,7,7,8,6,8,6,9,8,10,10,10,6,4,8,5,7,8,6,7,7,10,7,9,7,8,7,4,10,9,10,7,10,8,7,8,9,5,7,6,7,8,8,7,11,6,9,10,8,8,7,7,5,6,9,7,9,9,8,10,8,7,8,8,8,8,8,8,4,11,6,7,7,7,6,8,8,7,4,6,10,10,4,6,5,5,10,9,9,5,9,6,10,4,11,5,8,7,10,7,14,11,8,11,8,6,12,13,8,12,9,6,4,9,6,13,7,11,8,9,9,7,6,10,9,15,10,7,6,9,9,9,11,11,7,6,11,5,11,5,5,6,8,6,7,10,12,8,6,5,10,6,10,6,6,7,7,8,6,9,8,7,8,10,4,8,5,4,5,7,13,6,9,11,9,9,9,11,6,10,7,8,7,5,8,6,6,10,7,6,5,6,8,8,8,12,8
align-dinov2+1b-things-shuffled-7,10,7,9,9,7,8,4,4,8,5,7,7,9,7,9,7,8,11,6,8,4,5,6,11,9,9,7,7,4,11,9,11,8,7,9,6,6,7,8,5,6,11,7,8,6,10,9,5,9,11,6,6,3,8,6,9,4,10,6,23,7,6,8,6,12,7,7,9,11,8,6,8,7,6,11,7,10,8,11,4,8,6,11,4,4,5,10,9,9,5,5,8,8,8,5,7,11,7,6,9,11,8,6,13,6,7,6,7,10,4,6,8,8,8,8,9,6,7,7,8,9,6,13,6,11,4,9,8,12,11,5,5,7,5,8,8,7,7,9,11,9,9,9,6,5,6,6,5,5,9,13,7,6,12,7,11,6,8,7,11,8,9,7,10,12,6,8,6,10,9,12,6,8,6,3,6,6,12,9,7,7,6,8,6,10,9,11,8,8,9,4,7,7,7,8,7,4,7,5,6,7,9,5,10,11,5,7,10,6,8,6,7,9,8,10,14,9,5,7,7,5,6,7,7,7,9,4,8,9,8,7,8,5,6,9,6,8,7,5,7,6,7,12,11,11,5,8,10,7,8,7,4,7,5,8,7,7,8,6,8,9,9,8,7,9,7,8,6,12,9,7,7,5,7,12,6,6,5,8,7,10,9,8,12,7,9,7,11,7,4,6,7,7,6,7,7,4,11,9,9,7,7,7,8,7,5,7,7,6,10,5,9,8,6,12,11,4,6,9,5,7,8,8,10,8,8,12,5,10,8,7,8,10,11,7,5,9,5,8,9,7,10,9,8,7,5,7,5,8,6,8,10,9,8,10,8,4,5,11,8,10,7,7,10,5,10,8,9,5,5,11,8,5,8,10,7,7,7,8,9,6,7,14,8,12,3,12,6,6,7,13,5,16,10,7,10,7,8,6,5,8,9,8,10,5,4,9,4,9,5,8,6,4,8,8,12,6,7,6,4,7,5,11,8,10,10,5,9,10,12,6,7,7,6,5,10,10,8,9,7,7,6,4,12,6,9,7,8,8,11,4,5,7,7,5,7,4,8,9,11,8,4,8,10,5,9,7,9,5,7,10,8,6,11,10,11,5,6,8,8,5,8,10,11,5,9,10,10,8,8,5,9,8,3,8,8,4,8,7,10,7,8,10,6,12,9,4,7,6,7,7,11,5,3,13,7,6,7,6,7,10,9,5,8,6,4,6,11,7,9,9,8,9,13,9,10,6,5,10,5,8,6,8,13,7,5,6,5,3,9,8,10,11,15,9,7,13,7,8,8,4,12,7,8,8,8,4,10,8,5,10,6,7,7,9,5,9,6,11,10,10,6,8,11,8,7,14,6,10,8,12,5,5,7,5,8,8,11,10,5,10,7,9,7,6,6,12,6,5,7,11,10,5,3,9,7,9,14,14,3,8,7,11,5,12,7,5,5,10,9,6,12,5,5,10,6,7,6,5,6,14,11,6,7,7,10,6,8,4,6,9,7,8,5,5,7,9,12,8,9,8,9,10,7,7,6,8,9,8,7,10,6,6,5,10,10,5,5,8,9,8,9,7,7,10,8,8,7,7,6,9,9,7,14,7,6,9,11,9,10,5,8,9,9,8,7,8,6,10,7,11,4,4,8,7,13,7,4,8,10,7,6,9,7,7,6,8,8,8,5,8,9,7,5,10,6,10,8,5,8,8,6,6,7,7,8,8,6,9,5,5,5,6,7,6,10,10,11,11,8,8,6,10,10,11,9,9,5,11,7,10,5,9,5,5,7,7,3,4,10,6,7,8,9,10,8,11,11,10,7,10,10,6,8,6,8,7,8,5,7,10,7,5,6,10,8,11,6,9,9,13,8,6,6,5,6,8,10,6,6,6,6,6,8,11,9,11,6,5,9,7,8,10,9,10,5,8,6,7,5,8,4,7,7,7,7,9,10,9,7,9,10,6,8,9,7,9,8,9,8,7,6,6,6,5,12,5,7,7,9,6,5,8,9,13,9,7,9,5,6,9,6,5,12,6,12,6,8,8,6,9,6,8,5,10,6,10,10,9,4,7,10,7,8,8,6,10,8,5,9,5,7,5,8,6,4,13,7,5,5,14,6,8,11,6,4,10,8,9,10,7,11,7,5,4,4,10,8,6,9,8,5,11,9,11,8,9,8,11,8,10,4,4,7,9,5,6,7,10,6,5,8,6,9,5,7,6,8,7,7,7,9,5,5,6,8,6,7,9,5,11,8,10,7,9,10,6,6,8,4,9,6,7,7,8,6,8,6,9,8,10,10,10,6,4,8,5,7,8,6,7,7,10,7,9,7,8,7,4,10,9,10,7,10,8,7,8,9,5,7,6,7,8,8,7,11,6,9,10,8,8,7,7,5,6,9,7,9,9,8,10,8,7,8,8,8,8,8,8,4,11,6,7,7,7,6,8,8,7,4,6,10,10,4,6,5,5,10,9,9,5,9,6,10,4,11,5,8,7,10,7,14,11,8,11,8,6,12,13,8,12,9,6,4,9,6,13,7,11,8,9,9,7,6,10,9,15,10,7,6,9,9,9,11,11,7,6,11,5,11,5,5,6,8,6,7,10,12,8,6,5,10,6,10,6,6,7,7,8,6,9,8,7,8,10,4,8,5,4,5,7,13,6,9,11,9,9,9,11,6,10,7,8,7,5,8,6,6,10,7,6,5,6,8,8,8,12,8
align-dinov2+500m-things+hyp-abl10-218,9,8,6,9,7,5,9,10,3,6,8,6,4,8,8,5,6,5,9,6,6,8,7,8,4,12,6,7,5,7,11,8,10,10,4,13,8,9,8,12,8,6,4,6,7,8,7,10,8,8,7,8,10,9,8,6,8,11,9,25,7,9,8,7,8,10,8,9,10,9,9,12,8,10,6,11,11,8,7,7,5,14,7,8,8,9,8,5,6,14,12,7,8,5,6,7,7,7,7,4,9,6,10,7,8,7,11,9,10,6,13,10,3,6,4,10,5,7,8,8,6,9,6,10,16,11,6,7,8,5,8,6,6,8,7,12,11,5,10,9,5,8,8,10,4,7,5,4,6,5,16,10,6,8,3,7,10,4,6,8,8,7,8,7,6,10,10,8,8,9,8,5,7,10,7,8,4,12,9,7,10,10,7,10,6,7,7,7,7,10,5,9,8,7,6,9,11,8,9,8,8,6,5,7,9,7,9,7,6,7,5,7,6,8,7,7,4,5,9,7,9,5,10,8,8,13,9,10,6,6,11,4,9,7,8,6,7,7,7,5,8,7,5,10,9,8,6,5,10,5,12,11,6,7,5,7,5,8,11,8,9,7,8,6,6,6,10,6,12,5,11,7,15,11,8,9,11,10,14,10,7,8,6,8,8,6,7,7,10,11,7,9,4,7,5,5,4,7,5,9,8,8,12,10,7,8,10,7,10,13,8,11,9,5,8,7,7,7,9,7,6,8,9,8,8,7,9,6,6,9,6,6,8,7,10,11,8,14,11,9,12,7,13,10,7,8,6,7,7,11,8,4,7,6,6,7,9,8,9,8,9,9,8,8,8,9,6,8,8,10,5,8,6,7,6,8,7,8,7,7,5,4,7,7,7,6,10,7,5,5,17,5,8,10,8,4,7,6,7,11,6,7,8,6,3,8,6,9,9,12,4,9,5,8,6,6,4,5,7,10,6,9,6,6,13,5,5,11,6,7,8,5,8,5,10,4,4,6,16,5,8,5,6,11,13,6,5,5,10,10,6,10,9,8,11,9,7,7,9,7,10,5,3,9,5,7,11,5,8,6,8,10,5,10,5,8,6,8,5,8,11,3,3,7,5,11,10,10,7,8,7,10,6,10,8,4,11,10,5,7,6,7,9,9,4,6,5,9,6,6,10,11,7,10,10,8,9,8,10,6,6,4,6,8,12,5,10,11,9,7,6,5,6,8,10,10,3,13,7,11,5,6,9,5,7,7,9,7,7,11,8,7,9,14,11,8,10,9,6,10,6,6,6,8,6,11,8,8,11,5,8,10,6,10,7,9,5,9,9,7,8,6,14,11,6,4,7,11,7,6,10,7,5,7,9,15,6,6,10,8,11,7,8,7,6,10,8,10,9,10,8,6,13,9,11,7,8,8,3,6,7,7,6,6,9,6,9,7,8,7,6,11,10,4,6,9,6,10,11,4,7,8,12,8,5,8,7,8,6,7,9,6,7,7,6,4,8,8,10,6,6,7,9,6,11,7,11,7,10,9,5,7,8,9,9,7,5,15,4,7,7,5,6,5,6,6,7,8,8,6,9,10,9,8,12,8,9,5,12,13,7,6,11,5,12,7,8,5,9,6,8,5,6,5,9,7,9,12,8,4,10,11,6,4,4,9,6,6,8,8,4,5,8,8,13,9,7,6,5,6,11,11,6,11,9,6,6,7,6,5,7,10,9,7,10,8,4,8,11,6,6,6,7,10,5,7,8,6,8,4,10,10,9,6,8,5,5,4,9,15,8,6,7,7,9,10,5,7,10,10,4,5,7,9,7,6,9,8,6,11,6,6,6,6,11,13,8,12,8,8,6,6,7,7,11,10,6,7,7,5,6,9,7,8,5,9,9,6,7,9,9,3,5,11,9,8,6,8,5,7,8,9,8,6,5,7,10,7,13,5,7,11,8,9,7,7,5,11,10,6,8,7,10,11,7,6,7,8,10,7,7,9,3,7,10,11,12,7,8,12,6,8,5,6,7,9,6,6,6,9,6,5,7,3,9,11,8,10,7,8,5,8,4,4,10,12,4,6,7,9,8,10,4,8,10,5,7,7,6,6,7,4,5,9,7,8,10,7,6,11,4,9,10,6,6,9,10,5,9,4,8,8,8,6,8,8,7,14,5,12,8,5,9,8,4,8,11,8,9,7,8,8,9,4,7,8,4,5,7,7,8,4,8,8,9,9,10,5,6,8,9,3,7,7,5,4,10,6,11,7,5,7,5,7,7,9,6,6,7,8,7,6,8,8,9,6,8,7,4,6,9,6,8,8,9,8,5,6,6,7,12,5,7,6,9,7,5,7,5,9,8,5,7,8,7,4,6,11,6,11,7,8,9,8,12,8,10,5,10,12,9,6,9,6,8,10,8,13,5,5,11,8,4,9,11,8,9,12,9,10,7,3,10,7,6,8,8,9,10,11,7,10,5,7,8,8,9,8,9,9,5,7,8,9,8,8,10,7,5,9,7,8,5,12,12,8,7,6,5,8,6,9,6,8,4,9,5,8,12,12,9,6,7,6,5,7,9,5,7,8,4,7,4,12,6,12,6,7,8,7,7,7,5,7,7,9,8,13,6,7,12,7,13,8,8,6,6,5,6,9,9,10,10,10,7,10,9,12,6,7,10,7,6,8,13,8,7,7,5,8,11,8,8,6,9,11,10,10
align-dinov2+500m-things+hyp-abl10-218-random,9,8,6,9,7,5,9,10,3,6,8,6,4,8,8,5,6,5,9,6,6,8,7,8,4,12,6,7,5,7,11,8,10,10,4,13,8,9,8,12,8,6,4,6,7,8,7,10,8,8,7,8,10,9,8,6,8,11,9,25,7,9,8,7,8,10,8,9,10,9,9,12,8,10,6,11,11,8,7,7,5,14,7,8,8,9,8,5,6,14,12,7,8,5,6,7,7,7,7,4,9,6,10,7,8,7,11,9,10,6,13,10,3,6,4,10,5,7,8,8,6,9,6,10,16,11,6,7,8,5,8,6,6,8,7,12,11,5,10,9,5,8,8,10,4,7,5,4,6,5,16,10,6,8,3,7,10,4,6,8,8,7,8,7,6,10,10,8,8,9,8,5,7,10,7,8,4,12,9,7,10,10,7,10,6,7,7,7,7,10,5,9,8,7,6,9,11,8,9,8,8,6,5,7,9,7,9,7,6,7,5,7,6,8,7,7,4,5,9,7,9,5,10,8,8,13,9,10,6,6,11,4,9,7,8,6,7,7,7,5,8,7,5,10,9,8,6,5,10,5,12,11,6,7,5,7,5,8,11,8,9,7,8,6,6,6,10,6,12,5,11,7,15,11,8,9,11,10,14,10,7,8,6,8,8,6,7,7,10,11,7,9,4,7,5,5,4,7,5,9,8,8,12,10,7,8,10,7,10,13,8,11,9,5,8,7,7,7,9,7,6,8,9,8,8,7,9,6,6,9,6,6,8,7,10,11,8,14,11,9,12,7,13,10,7,8,6,7,7,11,8,4,7,6,6,7,9,8,9,8,9,9,8,8,8,9,6,8,8,10,5,8,6,7,6,8,7,8,7,7,5,4,7,7,7,6,10,7,5,5,17,5,8,10,8,4,7,6,7,11,6,7,8,6,3,8,6,9,9,12,4,9,5,8,6,6,4,5,7,10,6,9,6,6,13,5,5,11,6,7,8,5,8,5,10,4,4,6,16,5,8,5,6,11,13,6,5,5,10,10,6,10,9,8,11,9,7,7,9,7,10,5,3,9,5,7,11,5,8,6,8,10,5,10,5,8,6,8,5,8,11,3,3,7,5,11,10,10,7,8,7,10,6,10,8,4,11,10,5,7,6,7,9,9,4,6,5,9,6,6,10,11,7,10,10,8,9,8,10,6,6,4,6,8,12,5,10,11,9,7,6,5,6,8,10,10,3,13,7,11,5,6,9,5,7,7,9,7,7,11,8,7,9,14,11,8,10,9,6,10,6,6,6,8,6,11,8,8,11,5,8,10,6,10,7,9,5,9,9,7,8,6,14,11,6,4,7,11,7,6,10,7,5,7,9,15,6,6,10,8,11,7,8,7,6,10,8,10,9,10,8,6,13,9,11,7,8,8,3,6,7,7,6,6,9,6,9,7,8,7,6,11,10,4,6,9,6,10,11,4,7,8,12,8,5,8,7,8,6,7,9,6,7,7,6,4,8,8,10,6,6,7,9,6,11,7,11,7,10,9,5,7,8,9,9,7,5,15,4,7,7,5,6,5,6,6,7,8,8,6,9,10,9,8,12,8,9,5,12,13,7,6,11,5,12,7,8,5,9,6,8,5,6,5,9,7,9,12,8,4,10,11,6,4,4,9,6,6,8,8,4,5,8,8,13,9,7,6,5,6,11,11,6,11,9,6,6,7,6,5,7,10,9,7,10,8,4,8,11,6,6,6,7,10,5,7,8,6,8,4,10,10,9,6,8,5,5,4,9,15,8,6,7,7,9,10,5,7,10,10,4,5,7,9,7,6,9,8,6,11,6,6,6,6,11,13,8,12,8,8,6,6,7,7,11,10,6,7,7,5,6,9,7,8,5,9,9,6,7,9,9,3,5,11,9,8,6,8,5,7,8,9,8,6,5,7,10,7,13,5,7,11,8,9,7,7,5,11,10,6,8,7,10,11,7,6,7,8,10,7,7,9,3,7,10,11,12,7,8,12,6,8,5,6,7,9,6,6,6,9,6,5,7,3,9,11,8,10,7,8,5,8,4,4,10,12,4,6,7,9,8,10,4,8,10,5,7,7,6,6,7,4,5,9,7,8,10,7,6,11,4,9,10,6,6,9,10,5,9,4,8,8,8,6,8,8,7,14,5,12,8,5,9,8,4,8,11,8,9,7,8,8,9,4,7,8,4,5,7,7,8,4,8,8,9,9,10,5,6,8,9,3,7,7,5,4,10,6,11,7,5,7,5,7,7,9,6,6,7,8,7,6,8,8,9,6,8,7,4,6,9,6,8,8,9,8,5,6,6,7,12,5,7,6,9,7,5,7,5,9,8,5,7,8,7,4,6,11,6,11,7,8,9,8,12,8,10,5,10,12,9,6,9,6,8,10,8,13,5,5,11,8,4,9,11,8,9,12,9,10,7,3,10,7,6,8,8,9,10,11,7,10,5,7,8,8,9,8,9,9,5,7,8,9,8,8,10,7,5,9,7,8,5,12,12,8,7,6,5,8,6,9,6,8,4,9,5,8,12,12,9,6,7,6,5,7,9,5,7,8,4,7,4,12,6,12,6,7,8,7,7,7,5,7,7,9,8,13,6,7,12,7,13,8,8,6,6,5,6,9,9,10,10,10,7,10,9,12,6,7,10,7,6,8,13,8,7,7,5,8,11,8,8,6,9,11,10,10
align-dinov2+500m-things+hyp-abl10-42,9,8,6,9,7,5,9,10,3,6,8,6,4,8,8,5,6,5,9,6,6,8,7,8,4,12,6,7,5,7,11,8,10,10,4,13,8,9,8,12,8,6,4,6,7,8,7,10,8,8,7,8,10,9,8,6,8,11,9,25,7,9,8,7,8,10,8,9,10,9,9,12,8,10,6,11,11,8,7,7,5,14,7,8,8,9,8,5,6,14,12,7,8,5,6,7,7,7,7,4,9,6,10,7,8,7,11,9,10,6,13,10,3,6,4,10,5,7,8,8,6,9,6,10,16,11,6,7,8,5,8,6,6,8,7,12,11,5,10,9,5,8,8,10,4,7,5,4,6,5,16,10,6,8,3,7,10,4,6,8,8,7,8,7,6,10,10,8,8,9,8,5,7,10,7,8,4,12,9,7,10,10,7,10,6,7,7,7,7,10,5,9,8,7,6,9,11,8,9,8,8,6,5,7,9,7,9,7,6,7,5,7,6,8,7,7,4,5,9,7,9,5,10,8,8,13,9,10,6,6,11,4,9,7,8,6,7,7,7,5,8,7,5,10,9,8,6,5,10,5,12,11,6,7,5,7,5,8,11,8,9,7,8,6,6,6,10,6,12,5,11,7,15,11,8,9,11,10,14,10,7,8,6,8,8,6,7,7,10,11,7,9,4,7,5,5,4,7,5,9,8,8,12,10,7,8,10,7,10,13,8,11,9,5,8,7,7,7,9,7,6,8,9,8,8,7,9,6,6,9,6,6,8,7,10,11,8,14,11,9,12,7,13,10,7,8,6,7,7,11,8,4,7,6,6,7,9,8,9,8,9,9,8,8,8,9,6,8,8,10,5,8,6,7,6,8,7,8,7,7,5,4,7,7,7,6,10,7,5,5,17,5,8,10,8,4,7,6,7,11,6,7,8,6,3,8,6,9,9,12,4,9,5,8,6,6,4,5,7,10,6,9,6,6,13,5,5,11,6,7,8,5,8,5,10,4,4,6,16,5,8,5,6,11,13,6,5,5,10,10,6,10,9,8,11,9,7,7,9,7,10,5,3,9,5,7,11,5,8,6,8,10,5,10,5,8,6,8,5,8,11,3,3,7,5,11,10,10,7,8,7,10,6,10,8,4,11,10,5,7,6,7,9,9,4,6,5,9,6,6,10,11,7,10,10,8,9,8,10,6,6,4,6,8,12,5,10,11,9,7,6,5,6,8,10,10,3,13,7,11,5,6,9,5,7,7,9,7,7,11,8,7,9,14,11,8,10,9,6,10,6,6,6,8,6,11,8,8,11,5,8,10,6,10,7,9,5,9,9,7,8,6,14,11,6,4,7,11,7,6,10,7,5,7,9,15,6,6,10,8,11,7,8,7,6,10,8,10,9,10,8,6,13,9,11,7,8,8,3,6,7,7,6,6,9,6,9,7,8,7,6,11,10,4,6,9,6,10,11,4,7,8,12,8,5,8,7,8,6,7,9,6,7,7,6,4,8,8,10,6,6,7,9,6,11,7,11,7,10,9,5,7,8,9,9,7,5,15,4,7,7,5,6,5,6,6,7,8,8,6,9,10,9,8,12,8,9,5,12,13,7,6,11,5,12,7,8,5,9,6,8,5,6,5,9,7,9,12,8,4,10,11,6,4,4,9,6,6,8,8,4,5,8,8,13,9,7,6,5,6,11,11,6,11,9,6,6,7,6,5,7,10,9,7,10,8,4,8,11,6,6,6,7,10,5,7,8,6,8,4,10,10,9,6,8,5,5,4,9,15,8,6,7,7,9,10,5,7,10,10,4,5,7,9,7,6,9,8,6,11,6,6,6,6,11,13,8,12,8,8,6,6,7,7,11,10,6,7,7,5,6,9,7,8,5,9,9,6,7,9,9,3,5,11,9,8,6,8,5,7,8,9,8,6,5,7,10,7,13,5,7,11,8,9,7,7,5,11,10,6,8,7,10,11,7,6,7,8,10,7,7,9,3,7,10,11,12,7,8,12,6,8,5,6,7,9,6,6,6,9,6,5,7,3,9,11,8,10,7,8,5,8,4,4,10,12,4,6,7,9,8,10,4,8,10,5,7,7,6,6,7,4,5,9,7,8,10,7,6,11,4,9,10,6,6,9,10,5,9,4,8,8,8,6,8,8,7,14,5,12,8,5,9,8,4,8,11,8,9,7,8,8,9,4,7,8,4,5,7,7,8,4,8,8,9,9,10,5,6,8,9,3,7,7,5,4,10,6,11,7,5,7,5,7,7,9,6,6,7,8,7,6,8,8,9,6,8,7,4,6,9,6,8,8,9,8,5,6,6,7,12,5,7,6,9,7,5,7,5,9,8,5,7,8,7,4,6,11,6,11,7,8,9,8,12,8,10,5,10,12,9,6,9,6,8,10,8,13,5,5,11,8,4,9,11,8,9,12,9,10,7,3,10,7,6,8,8,9,10,11,7,10,5,7,8,8,9,8,9,9,5,7,8,9,8,8,10,7,5,9,7,8,5,12,12,8,7,6,5,8,6,9,6,8,4,9,5,8,12,12,9,6,7,6,5,7,9,5,7,8,4,7,4,12,6,12,6,7,8,7,7,7,5,7,7,9,8,13,6,7,12,7,13,8,8,6,6,5,6,9,9,10,10,10,7,10,9,12,6,7,10,7,6,8,13,8,7,7,5,8,11,8,8,6,9,11,10,10
align-dinov2+500m-things+hyp-abl10-42-random,9,8,6,9,7,5,9,10,3,6,8,6,4,8,8,5,6,5,9,6,6,8,7,8,4,12,6,7,5,7,11,8,10,10,4,13,8,9,8,12,8,6,4,6,7,8,7,10,8,8,7,8,10,9,8,6,8,11,9,25,7,9,8,7,8,10,8,9,10,9,9,12,8,10,6,11,11,8,7,7,5,14,7,8,8,9,8,5,6,14,12,7,8,5,6,7,7,7,7,4,9,6,10,7,8,7,11,9,10,6,13,10,3,6,4,10,5,7,8,8,6,9,6,10,16,11,6,7,8,5,8,6,6,8,7,12,11,5,10,9,5,8,8,10,4,7,5,4,6,5,16,10,6,8,3,7,10,4,6,8,8,7,8,7,6,10,10,8,8,9,8,5,7,10,7,8,4,12,9,7,10,10,7,10,6,7,7,7,7,10,5,9,8,7,6,9,11,8,9,8,8,6,5,7,9,7,9,7,6,7,5,7,6,8,7,7,4,5,9,7,9,5,10,8,8,13,9,10,6,6,11,4,9,7,8,6,7,7,7,5,8,7,5,10,9,8,6,5,10,5,12,11,6,7,5,7,5,8,11,8,9,7,8,6,6,6,10,6,12,5,11,7,15,11,8,9,11,10,14,10,7,8,6,8,8,6,7,7,10,11,7,9,4,7,5,5,4,7,5,9,8,8,12,10,7,8,10,7,10,13,8,11,9,5,8,7,7,7,9,7,6,8,9,8,8,7,9,6,6,9,6,6,8,7,10,11,8,14,11,9,12,7,13,10,7,8,6,7,7,11,8,4,7,6,6,7,9,8,9,8,9,9,8,8,8,9,6,8,8,10,5,8,6,7,6,8,7,8,7,7,5,4,7,7,7,6,10,7,5,5,17,5,8,10,8,4,7,6,7,11,6,7,8,6,3,8,6,9,9,12,4,9,5,8,6,6,4,5,7,10,6,9,6,6,13,5,5,11,6,7,8,5,8,5,10,4,4,6,16,5,8,5,6,11,13,6,5,5,10,10,6,10,9,8,11,9,7,7,9,7,10,5,3,9,5,7,11,5,8,6,8,10,5,10,5,8,6,8,5,8,11,3,3,7,5,11,10,10,7,8,7,10,6,10,8,4,11,10,5,7,6,7,9,9,4,6,5,9,6,6,10,11,7,10,10,8,9,8,10,6,6,4,6,8,12,5,10,11,9,7,6,5,6,8,10,10,3,13,7,11,5,6,9,5,7,7,9,7,7,11,8,7,9,14,11,8,10,9,6,10,6,6,6,8,6,11,8,8,11,5,8,10,6,10,7,9,5,9,9,7,8,6,14,11,6,4,7,11,7,6,10,7,5,7,9,15,6,6,10,8,11,7,8,7,6,10,8,10,9,10,8,6,13,9,11,7,8,8,3,6,7,7,6,6,9,6,9,7,8,7,6,11,10,4,6,9,6,10,11,4,7,8,12,8,5,8,7,8,6,7,9,6,7,7,6,4,8,8,10,6,6,7,9,6,11,7,11,7,10,9,5,7,8,9,9,7,5,15,4,7,7,5,6,5,6,6,7,8,8,6,9,10,9,8,12,8,9,5,12,13,7,6,11,5,12,7,8,5,9,6,8,5,6,5,9,7,9,12,8,4,10,11,6,4,4,9,6,6,8,8,4,5,8,8,13,9,7,6,5,6,11,11,6,11,9,6,6,7,6,5,7,10,9,7,10,8,4,8,11,6,6,6,7,10,5,7,8,6,8,4,10,10,9,6,8,5,5,4,9,15,8,6,7,7,9,10,5,7,10,10,4,5,7,9,7,6,9,8,6,11,6,6,6,6,11,13,8,12,8,8,6,6,7,7,11,10,6,7,7,5,6,9,7,8,5,9,9,6,7,9,9,3,5,11,9,8,6,8,5,7,8,9,8,6,5,7,10,7,13,5,7,11,8,9,7,7,5,11,10,6,8,7,10,11,7,6,7,8,10,7,7,9,3,7,10,11,12,7,8,12,6,8,5,6,7,9,6,6,6,9,6,5,7,3,9,11,8,10,7,8,5,8,4,4,10,12,4,6,7,9,8,10,4,8,10,5,7,7,6,6,7,4,5,9,7,8,10,7,6,11,4,9,10,6,6,9,10,5,9,4,8,8,8,6,8,8,7,14,5,12,8,5,9,8,4,8,11,8,9,7,8,8,9,4,7,8,4,5,7,7,8,4,8,8,9,9,10,5,6,8,9,3,7,7,5,4,10,6,11,7,5,7,5,7,7,9,6,6,7,8,7,6,8,8,9,6,8,7,4,6,9,6,8,8,9,8,5,6,6,7,12,5,7,6,9,7,5,7,5,9,8,5,7,8,7,4,6,11,6,11,7,8,9,8,12,8,10,5,10,12,9,6,9,6,8,10,8,13,5,5,11,8,4,9,11,8,9,12,9,10,7,3,10,7,6,8,8,9,10,11,7,10,5,7,8,8,9,8,9,9,5,7,8,9,8,8,10,7,5,9,7,8,5,12,12,8,7,6,5,8,6,9,6,8,4,9,5,8,12,12,9,6,7,6,5,7,9,5,7,8,4,7,4,12,6,12,6,7,8,7,7,7,5,7,7,9,8,13,6,7,12,7,13,8,8,6,6,5,6,9,9,10,10,10,7,10,9,12,6,7,10,7,6,8,13,8,7,7,5,8,11,8,8,6,9,11,10,10
align-dinov2+500m-things+hyp-abl10-7,9,8,6,9,7,5,9,10,3,6,8,6,4,8,8,5,6,5,9,6,6,8,7,8,4,12,6,7,5,7,11,8,10,10,4,13,8,9,8,12,8,6,4,6,7,8,7,10,8,8,7,8,10,9,8,6,8,11,9,25,7,9,8,7,8,10,8,9,10,9,9,12,8,10,6,11,11,8,7,7,5,14,7,8,8,9,8,5,6,14,12,7,8,5,6,7,7,7,7,4,9,6,10,7,8,7,11,9,10,6,13,10,3,6,4,10,5,7,8,8,6,9,6,10,16,11,6,7,8,5,8,6,6,8,7,12,11,5,10,9,5,8,8,10,4,7,5,4,6,5,16,10,6,8,3,7,10,4,6,8,8,7,8,7,6,10,10,8,8,9,8,5,7,10,7,8,4,12,9,7,10,10,7,10,6,7,7,7,7,10,5,9,8,7,6,9,11,8,9,8,8,6,5,7,9,7,9,7,6,7,5,7,6,8,7,7,4,5,9,7,9,5,10,8,8,13,9,10,6,6,11,4,9,7,8,6,7,7,7,5,8,7,5,10,9,8,6,5,10,5,12,11,6,7,5,7,5,8,11,8,9,7,8,6,6,6,10,6,12,5,11,7,15,11,8,9,11,10,14,10,7,8,6,8,8,6,7,7,10,11,7,9,4,7,5,5,4,7,5,9,8,8,12,10,7,8,10,7,10,13,8,11,9,5,8,7,7,7,9,7,6,8,9,8,8,7,9,6,6,9,6,6,8,7,10,11,8,14,11,9,12,7,13,10,7,8,6,7,7,11,8,4,7,6,6,7,9,8,9,8,9,9,8,8,8,9,6,8,8,10,5,8,6,7,6,8,7,8,7,7,5,4,7,7,7,6,10,7,5,5,17,5,8,10,8,4,7,6,7,11,6,7,8,6,3,8,6,9,9,12,4,9,5,8,6,6,4,5,7,10,6,9,6,6,13,5,5,11,6,7,8,5,8,5,10,4,4,6,16,5,8,5,6,11,13,6,5,5,10,10,6,10,9,8,11,9,7,7,9,7,10,5,3,9,5,7,11,5,8,6,8,10,5,10,5,8,6,8,5,8,11,3,3,7,5,11,10,10,7,8,7,10,6,10,8,4,11,10,5,7,6,7,9,9,4,6,5,9,6,6,10,11,7,10,10,8,9,8,10,6,6,4,6,8,12,5,10,11,9,7,6,5,6,8,10,10,3,13,7,11,5,6,9,5,7,7,9,7,7,11,8,7,9,14,11,8,10,9,6,10,6,6,6,8,6,11,8,8,11,5,8,10,6,10,7,9,5,9,9,7,8,6,14,11,6,4,7,11,7,6,10,7,5,7,9,15,6,6,10,8,11,7,8,7,6,10,8,10,9,10,8,6,13,9,11,7,8,8,3,6,7,7,6,6,9,6,9,7,8,7,6,11,10,4,6,9,6,10,11,4,7,8,12,8,5,8,7,8,6,7,9,6,7,7,6,4,8,8,10,6,6,7,9,6,11,7,11,7,10,9,5,7,8,9,9,7,5,15,4,7,7,5,6,5,6,6,7,8,8,6,9,10,9,8,12,8,9,5,12,13,7,6,11,5,12,7,8,5,9,6,8,5,6,5,9,7,9,12,8,4,10,11,6,4,4,9,6,6,8,8,4,5,8,8,13,9,7,6,5,6,11,11,6,11,9,6,6,7,6,5,7,10,9,7,10,8,4,8,11,6,6,6,7,10,5,7,8,6,8,4,10,10,9,6,8,5,5,4,9,15,8,6,7,7,9,10,5,7,10,10,4,5,7,9,7,6,9,8,6,11,6,6,6,6,11,13,8,12,8,8,6,6,7,7,11,10,6,7,7,5,6,9,7,8,5,9,9,6,7,9,9,3,5,11,9,8,6,8,5,7,8,9,8,6,5,7,10,7,13,5,7,11,8,9,7,7,5,11,10,6,8,7,10,11,7,6,7,8,10,7,7,9,3,7,10,11,12,7,8,12,6,8,5,6,7,9,6,6,6,9,6,5,7,3,9,11,8,10,7,8,5,8,4,4,10,12,4,6,7,9,8,10,4,8,10,5,7,7,6,6,7,4,5,9,7,8,10,7,6,11,4,9,10,6,6,9,10,5,9,4,8,8,8,6,8,8,7,14,5,12,8,5,9,8,4,8,11,8,9,7,8,8,9,4,7,8,4,5,7,7,8,4,8,8,9,9,10,5,6,8,9,3,7,7,5,4,10,6,11,7,5,7,5,7,7,9,6,6,7,8,7,6,8,8,9,6,8,7,4,6,9,6,8,8,9,8,5,6,6,7,12,5,7,6,9,7,5,7,5,9,8,5,7,8,7,4,6,11,6,11,7,8,9,8,12,8,10,5,10,12,9,6,9,6,8,10,8,13,5,5,11,8,4,9,11,8,9,12,9,10,7,3,10,7,6,8,8,9,10,11,7,10,5,7,8,8,9,8,9,9,5,7,8,9,8,8,10,7,5,9,7,8,5,12,12,8,7,6,5,8,6,9,6,8,4,9,5,8,12,12,9,6,7,6,5,7,9,5,7,8,4,7,4,12,6,12,6,7,8,7,7,7,5,7,7,9,8,13,6,7,12,7,13,8,8,6,6,5,6,9,9,10,10,10,7,10,9,12,6,7,10,7,6,8,13,8,7,7,5,8,11,8,8,6,9,11,10,10
align-dinov2+500m-things+hyp-abl10-7-random,9,8,6,9,7,5,9,10,3,6,8,6,4,8,8,5,6,5,9,6,6,8,7,8,4,12,6,7,5,7,11,8,10,10,4,13,8,9,8,12,8,6,4,6,7,8,7,10,8,8,7,8,10,9,8,6,8,11,9,25,7,9,8,7,8,10,8,9,10,9,9,12,8,10,6,11,11,8,7,7,5,14,7,8,8,9,8,5,6,14,12,7,8,5,6,7,7,7,7,4,9,6,10,7,8,7,11,9,10,6,13,10,3,6,4,10,5,7,8,8,6,9,6,10,16,11,6,7,8,5,8,6,6,8,7,12,11,5,10,9,5,8,8,10,4,7,5,4,6,5,16,10,6,8,3,7,10,4,6,8,8,7,8,7,6,10,10,8,8,9,8,5,7,10,7,8,4,12,9,7,10,10,7,10,6,7,7,7,7,10,5,9,8,7,6,9,11,8,9,8,8,6,5,7,9,7,9,7,6,7,5,7,6,8,7,7,4,5,9,7,9,5,10,8,8,13,9,10,6,6,11,4,9,7,8,6,7,7,7,5,8,7,5,10,9,8,6,5,10,5,12,11,6,7,5,7,5,8,11,8,9,7,8,6,6,6,10,6,12,5,11,7,15,11,8,9,11,10,14,10,7,8,6,8,8,6,7,7,10,11,7,9,4,7,5,5,4,7,5,9,8,8,12,10,7,8,10,7,10,13,8,11,9,5,8,7,7,7,9,7,6,8,9,8,8,7,9,6,6,9,6,6,8,7,10,11,8,14,11,9,12,7,13,10,7,8,6,7,7,11,8,4,7,6,6,7,9,8,9,8,9,9,8,8,8,9,6,8,8,10,5,8,6,7,6,8,7,8,7,7,5,4,7,7,7,6,10,7,5,5,17,5,8,10,8,4,7,6,7,11,6,7,8,6,3,8,6,9,9,12,4,9,5,8,6,6,4,5,7,10,6,9,6,6,13,5,5,11,6,7,8,5,8,5,10,4,4,6,16,5,8,5,6,11,13,6,5,5,10,10,6,10,9,8,11,9,7,7,9,7,10,5,3,9,5,7,11,5,8,6,8,10,5,10,5,8,6,8,5,8,11,3,3,7,5,11,10,10,7,8,7,10,6,10,8,4,11,10,5,7,6,7,9,9,4,6,5,9,6,6,10,11,7,10,10,8,9,8,10,6,6,4,6,8,12,5,10,11,9,7,6,5,6,8,10,10,3,13,7,11,5,6,9,5,7,7,9,7,7,11,8,7,9,14,11,8,10,9,6,10,6,6,6,8,6,11,8,8,11,5,8,10,6,10,7,9,5,9,9,7,8,6,14,11,6,4,7,11,7,6,10,7,5,7,9,15,6,6,10,8,11,7,8,7,6,10,8,10,9,10,8,6,13,9,11,7,8,8,3,6,7,7,6,6,9,6,9,7,8,7,6,11,10,4,6,9,6,10,11,4,7,8,12,8,5,8,7,8,6,7,9,6,7,7,6,4,8,8,10,6,6,7,9,6,11,7,11,7,10,9,5,7,8,9,9,7,5,15,4,7,7,5,6,5,6,6,7,8,8,6,9,10,9,8,12,8,9,5,12,13,7,6,11,5,12,7,8,5,9,6,8,5,6,5,9,7,9,12,8,4,10,11,6,4,4,9,6,6,8,8,4,5,8,8,13,9,7,6,5,6,11,11,6,11,9,6,6,7,6,5,7,10,9,7,10,8,4,8,11,6,6,6,7,10,5,7,8,6,8,4,10,10,9,6,8,5,5,4,9,15,8,6,7,7,9,10,5,7,10,10,4,5,7,9,7,6,9,8,6,11,6,6,6,6,11,13,8,12,8,8,6,6,7,7,11,10,6,7,7,5,6,9,7,8,5,9,9,6,7,9,9,3,5,11,9,8,6,8,5,7,8,9,8,6,5,7,10,7,13,5,7,11,8,9,7,7,5,11,10,6,8,7,10,11,7,6,7,8,10,7,7,9,3,7,10,11,12,7,8,12,6,8,5,6,7,9,6,6,6,9,6,5,7,3,9,11,8,10,7,8,5,8,4,4,10,12,4,6,7,9,8,10,4,8,10,5,7,7,6,6,7,4,5,9,7,8,10,7,6,11,4,9,10,6,6,9,10,5,9,4,8,8,8,6,8,8,7,14,5,12,8,5,9,8,4,8,11,8,9,7,8,8,9,4,7,8,4,5,7,7,8,4,8,8,9,9,10,5,6,8,9,3,7,7,5,4,10,6,11,7,5,7,5,7,7,9,6,6,7,8,7,6,8,8,9,6,8,7,4,6,9,6,8,8,9,8,5,6,6,7,12,5,7,6,9,7,5,7,5,9,8,5,7,8,7,4,6,11,6,11,7,8,9,8,12,8,10,5,10,12,9,6,9,6,8,10,8,13,5,5,11,8,4,9,11,8,9,12,9,10,7,3,10,7,6,8,8,9,10,11,7,10,5,7,8,8,9,8,9,9,5,7,8,9,8,8,10,7,5,9,7,8,5,12,12,8,7,6,5,8,6,9,6,8,4,9,5,8,12,12,9,6,7,6,5,7,9,5,7,8,4,7,4,12,6,12,6,7,8,7,7,7,5,7,7,9,8,13,6,7,12,7,13,8,8,6,6,5,6,9,9,10,10,10,7,10,9,12,6,7,10,7,6,8,13,8,7,7,5,8,11,8,8,6,9,11,10,10
align-dinov2+500m-things+hyp-abl10-local-shuffled-218,4,7,11,8,5,8,9,7,8,6,11,10,6,9,7,8,10,14,9,6,10,8,9,6,7,7,7,9,11,7,9,7,9,5,7,7,10,8,7,10,6,8,5,8,9,6,7,6,10,6,6,4,9,10,8,7,7,4,5,19,10,4,9,7,9,9,7,7,5,8,9,5,7,10,10,8,5,7,7,4,7,10,7,9,5,11,5,5,8,8,12,7,10,9,9,8,10,8,6,9,9,8,7,10,11,6,10,9,9,9,10,8,10,7,7,9,8,8,9,10,8,7,7,4,15,11,8,7,8,5,8,11,8,9,10,9,9,6,10,4,5,7,8,8,6,9,7,7,6,8,15,6,4,8,7,8,4,8,5,6,8,8,5,5,9,7,6,8,6,7,5,6,10,7,6,7,9,9,7,5,6,9,10,6,11,6,7,7,7,5,8,4,9,6,9,10,8,8,10,6,10,4,5,5,13,4,5,7,7,9,9,4,6,8,7,6,4,6,6,9,7,4,10,5,11,7,9,8,6,7,15,7,5,8,8,9,6,6,7,5,9,6,7,11,8,13,6,12,6,9,8,8,7,8,7,5,7,9,9,7,7,9,10,7,5,10,8,9,8,5,8,7,8,7,6,8,6,10,6,7,9,5,9,7,8,5,7,6,5,9,10,5,7,10,7,5,10,6,11,6,6,6,11,5,9,10,8,8,5,9,11,8,9,6,6,5,10,8,9,9,9,13,9,5,8,7,6,9,6,7,7,3,6,10,9,7,9,8,8,10,8,8,8,9,8,12,7,7,6,8,10,7,8,12,6,4,5,6,9,8,8,6,5,7,4,7,10,6,6,7,10,8,8,3,4,6,8,5,6,10,4,6,9,7,8,7,6,11,8,10,16,8,12,7,4,6,6,7,11,13,7,10,11,9,7,7,6,8,6,6,7,8,4,6,6,9,7,10,10,8,9,10,8,5,7,10,8,4,8,8,8,7,10,8,5,6,9,5,5,9,10,10,8,6,6,9,12,9,11,5,9,10,9,10,7,9,8,11,7,7,7,5,8,7,7,11,7,6,7,8,9,7,8,8,7,11,5,4,9,7,7,5,10,5,6,8,8,7,7,5,10,7,10,11,4,6,9,5,9,8,11,8,6,9,5,10,13,7,8,9,9,6,5,6,10,8,10,8,8,11,8,6,6,9,9,9,10,5,10,5,5,10,7,9,8,10,8,6,10,8,6,11,10,7,7,7,5,7,8,8,7,9,12,16,9,8,8,10,11,9,8,4,8,6,8,6,7,4,5,9,5,6,6,10,9,7,8,9,7,10,7,4,10,8,8,4,6,6,5,9,10,8,8,8,10,5,5,7,6,4,8,9,5,5,7,13,5,8,12,7,8,13,5,7,8,8,9,5,10,9,8,7,12,9,5,10,6,8,6,7,8,7,10,12,6,7,7,8,7,11,5,4,7,5,8,7,6,7,4,12,11,8,8,8,10,5,10,11,9,9,8,7,10,7,5,6,9,9,8,5,6,7,10,8,6,4,6,8,5,5,5,7,6,7,8,8,5,7,12,7,11,12,3,12,5,7,7,5,8,6,5,9,8,9,6,8,9,8,12,8,6,9,8,8,4,8,9,8,5,10,5,6,7,12,10,9,9,10,9,15,8,6,5,5,4,9,6,9,7,13,6,11,6,5,11,6,8,6,6,7,8,7,7,6,5,8,5,13,6,8,8,9,8,8,7,8,10,9,7,8,8,9,10,7,9,10,12,6,5,9,7,5,8,8,6,8,9,8,9,5,8,8,6,9,7,9,7,5,7,12,10,7,8,7,12,14,8,7,7,6,8,7,5,10,7,7,8,10,8,6,9,13,10,6,7,6,6,10,12,11,6,3,9,9,5,9,12,7,8,6,7,9,7,6,9,10,7,9,8,10,13,15,11,7,9,11,8,7,12,5,6,8,6,4,9,8,6,5,13,7,6,11,6,6,8,7,8,6,6,8,7,10,4,5,8,9,10,6,13,7,5,9,9,9,8,8,7,9,5,11,8,10,6,9,9,7,8,5,9,7,8,7,9,8,13,10,8,6,7,6,9,8,7,6,6,4,5,6,8,4,7,5,7,6,5,7,10,6,6,4,8,11,6,15,7,8,10,6,6,7,6,10,7,10,10,7,8,11,9,7,7,11,10,11,6,9,5,10,9,8,7,10,10,5,11,9,9,10,7,4,8,7,6,8,7,8,9,6,7,6,8,13,8,8,4,8,7,7,7,4,12,10,6,10,6,9,11,7,9,6,9,10,8,7,7,9,6,6,5,5,8,5,6,9,4,9,11,12,12,9,7,7,10,13,10,8,5,6,7,6,10,9,6,10,6,11,6,9,7,16,10,6,6,7,8,10,8,10,4,5,8,11,8,6,7,11,7,9,6,10,9,7,7,8,10,6,7,7,9,5,4,9,5,8,8,5,8,8,9,7,6,10,6,14,5,8,5,9,9,6,4,11,8,7,10,7,6,4,11,14,6,9,5,6,9,8,5,9,9,12,8,6,14,6,4,8,5,8,8,8,9,5,9,5,7,7,7,4,10,10,9,12,7,6,5,7,6,6,10,8,5,8,8,9,9,7,7,8,3,5,9,7,7,6,7,6,6,4,8,9,7,4,7,6,7,13,10,7,6,9,6,8,7,7,7,6,6,6
align-dinov2+500m-things+hyp-abl10-local-shuffled-42,4,7,11,8,5,8,9,7,8,6,11,10,6,9,7,8,10,14,9,6,10,8,9,6,7,7,7,9,11,7,9,7,9,5,7,7,10,8,7,10,6,8,5,8,9,6,7,6,10,6,6,4,9,10,8,7,7,4,5,19,10,4,9,7,9,9,7,7,5,8,9,5,7,10,10,8,5,7,7,4,7,10,7,9,5,11,5,5,8,8,12,7,10,9,9,8,10,8,6,9,9,8,7,10,11,6,10,9,9,9,10,8,10,7,7,9,8,8,9,10,8,7,7,4,15,11,8,7,8,5,8,11,8,9,10,9,9,6,10,4,5,7,8,8,6,9,7,7,6,8,15,6,4,8,7,8,4,8,5,6,8,8,5,5,9,7,6,8,6,7,5,6,10,7,6,7,9,9,7,5,6,9,10,6,11,6,7,7,7,5,8,4,9,6,9,10,8,8,10,6,10,4,5,5,13,4,5,7,7,9,9,4,6,8,7,6,4,6,6,9,7,4,10,5,11,7,9,8,6,7,15,7,5,8,8,9,6,6,7,5,9,6,7,11,8,13,6,12,6,9,8,8,7,8,7,5,7,9,9,7,7,9,10,7,5,10,8,9,8,5,8,7,8,7,6,8,6,10,6,7,9,5,9,7,8,5,7,6,5,9,10,5,7,10,7,5,10,6,11,6,6,6,11,5,9,10,8,8,5,9,11,8,9,6,6,5,10,8,9,9,9,13,9,5,8,7,6,9,6,7,7,3,6,10,9,7,9,8,8,10,8,8,8,9,8,12,7,7,6,8,10,7,8,12,6,4,5,6,9,8,8,6,5,7,4,7,10,6,6,7,10,8,8,3,4,6,8,5,6,10,4,6,9,7,8,7,6,11,8,10,16,8,12,7,4,6,6,7,11,13,7,10,11,9,7,7,6,8,6,6,7,8,4,6,6,9,7,10,10,8,9,10,8,5,7,10,8,4,8,8,8,7,10,8,5,6,9,5,5,9,10,10,8,6,6,9,12,9,11,5,9,10,9,10,7,9,8,11,7,7,7,5,8,7,7,11,7,6,7,8,9,7,8,8,7,11,5,4,9,7,7,5,10,5,6,8,8,7,7,5,10,7,10,11,4,6,9,5,9,8,11,8,6,9,5,10,13,7,8,9,9,6,5,6,10,8,10,8,8,11,8,6,6,9,9,9,10,5,10,5,5,10,7,9,8,10,8,6,10,8,6,11,10,7,7,7,5,7,8,8,7,9,12,16,9,8,8,10,11,9,8,4,8,6,8,6,7,4,5,9,5,6,6,10,9,7,8,9,7,10,7,4,10,8,8,4,6,6,5,9,10,8,8,8,10,5,5,7,6,4,8,9,5,5,7,13,5,8,12,7,8,13,5,7,8,8,9,5,10,9,8,7,12,9,5,10,6,8,6,7,8,7,10,12,6,7,7,8,7,11,5,4,7,5,8,7,6,7,4,12,11,8,8,8,10,5,10,11,9,9,8,7,10,7,5,6,9,9,8,5,6,7,10,8,6,4,6,8,5,5,5,7,6,7,8,8,5,7,12,7,11,12,3,12,5,7,7,5,8,6,5,9,8,9,6,8,9,8,12,8,6,9,8,8,4,8,9,8,5,10,5,6,7,12,10,9,9,10,9,15,8,6,5,5,4,9,6,9,7,13,6,11,6,5,11,6,8,6,6,7,8,7,7,6,5,8,5,13,6,8,8,9,8,8,7,8,10,9,7,8,8,9,10,7,9,10,12,6,5,9,7,5,8,8,6,8,9,8,9,5,8,8,6,9,7,9,7,5,7,12,10,7,8,7,12,14,8,7,7,6,8,7,5,10,7,7,8,10,8,6,9,13,10,6,7,6,6,10,12,11,6,3,9,9,5,9,12,7,8,6,7,9,7,6,9,10,7,9,8,10,13,15,11,7,9,11,8,7,12,5,6,8,6,4,9,8,6,5,13,7,6,11,6,6,8,7,8,6,6,8,7,10,4,5,8,9,10,6,13,7,5,9,9,9,8,8,7,9,5,11,8,10,6,9,9,7,8,5,9,7,8,7,9,8,13,10,8,6,7,6,9,8,7,6,6,4,5,6,8,4,7,5,7,6,5,7,10,6,6,4,8,11,6,15,7,8,10,6,6,7,6,10,7,10,10,7,8,11,9,7,7,11,10,11,6,9,5,10,9,8,7,10,10,5,11,9,9,10,7,4,8,7,6,8,7,8,9,6,7,6,8,13,8,8,4,8,7,7,7,4,12,10,6,10,6,9,11,7,9,6,9,10,8,7,7,9,6,6,5,5,8,5,6,9,4,9,11,12,12,9,7,7,10,13,10,8,5,6,7,6,10,9,6,10,6,11,6,9,7,16,10,6,6,7,8,10,8,10,4,5,8,11,8,6,7,11,7,9,6,10,9,7,7,8,10,6,7,7,9,5,4,9,5,8,8,5,8,8,9,7,6,10,6,14,5,8,5,9,9,6,4,11,8,7,10,7,6,4,11,14,6,9,5,6,9,8,5,9,9,12,8,6,14,6,4,8,5,8,8,8,9,5,9,5,7,7,7,4,10,10,9,12,7,6,5,7,6,6,10,8,5,8,8,9,9,7,7,8,3,5,9,7,7,6,7,6,6,4,8,9,7,4,7,6,7,13,10,7,6,9,6,8,7,7,7,6,6,6
align-dinov2+500m-things+hyp-abl10-local-shuffled-7,4,7,11,8,5,8,9,7,8,6,11,10,6,9,7,8,10,14,9,6,10,8,9,6,7,7,7,9,11,7,9,7,9,5,7,7,10,8,7,10,6,8,5,8,9,6,7,6,10,6,6,4,9,10,8,7,7,4,5,19,10,4,9,7,9,9,7,7,5,8,9,5,7,10,10,8,5,7,7,4,7,10,7,9,5,11,5,5,8,8,12,7,10,9,9,8,10,8,6,9,9,8,7,10,11,6,10,9,9,9,10,8,10,7,7,9,8,8,9,10,8,7,7,4,15,11,8,7,8,5,8,11,8,9,10,9,9,6,10,4,5,7,8,8,6,9,7,7,6,8,15,6,4,8,7,8,4,8,5,6,8,8,5,5,9,7,6,8,6,7,5,6,10,7,6,7,9,9,7,5,6,9,10,6,11,6,7,7,7,5,8,4,9,6,9,10,8,8,10,6,10,4,5,5,13,4,5,7,7,9,9,4,6,8,7,6,4,6,6,9,7,4,10,5,11,7,9,8,6,7,15,7,5,8,8,9,6,6,7,5,9,6,7,11,8,13,6,12,6,9,8,8,7,8,7,5,7,9,9,7,7,9,10,7,5,10,8,9,8,5,8,7,8,7,6,8,6,10,6,7,9,5,9,7,8,5,7,6,5,9,10,5,7,10,7,5,10,6,11,6,6,6,11,5,9,10,8,8,5,9,11,8,9,6,6,5,10,8,9,9,9,13,9,5,8,7,6,9,6,7,7,3,6,10,9,7,9,8,8,10,8,8,8,9,8,12,7,7,6,8,10,7,8,12,6,4,5,6,9,8,8,6,5,7,4,7,10,6,6,7,10,8,8,3,4,6,8,5,6,10,4,6,9,7,8,7,6,11,8,10,16,8,12,7,4,6,6,7,11,13,7,10,11,9,7,7,6,8,6,6,7,8,4,6,6,9,7,10,10,8,9,10,8,5,7,10,8,4,8,8,8,7,10,8,5,6,9,5,5,9,10,10,8,6,6,9,12,9,11,5,9,10,9,10,7,9,8,11,7,7,7,5,8,7,7,11,7,6,7,8,9,7,8,8,7,11,5,4,9,7,7,5,10,5,6,8,8,7,7,5,10,7,10,11,4,6,9,5,9,8,11,8,6,9,5,10,13,7,8,9,9,6,5,6,10,8,10,8,8,11,8,6,6,9,9,9,10,5,10,5,5,10,7,9,8,10,8,6,10,8,6,11,10,7,7,7,5,7,8,8,7,9,12,16,9,8,8,10,11,9,8,4,8,6,8,6,7,4,5,9,5,6,6,10,9,7,8,9,7,10,7,4,10,8,8,4,6,6,5,9,10,8,8,8,10,5,5,7,6,4,8,9,5,5,7,13,5,8,12,7,8,13,5,7,8,8,9,5,10,9,8,7,12,9,5,10,6,8,6,7,8,7,10,12,6,7,7,8,7,11,5,4,7,5,8,7,6,7,4,12,11,8,8,8,10,5,10,11,9,9,8,7,10,7,5,6,9,9,8,5,6,7,10,8,6,4,6,8,5,5,5,7,6,7,8,8,5,7,12,7,11,12,3,12,5,7,7,5,8,6,5,9,8,9,6,8,9,8,12,8,6,9,8,8,4,8,9,8,5,10,5,6,7,12,10,9,9,10,9,15,8,6,5,5,4,9,6,9,7,13,6,11,6,5,11,6,8,6,6,7,8,7,7,6,5,8,5,13,6,8,8,9,8,8,7,8,10,9,7,8,8,9,10,7,9,10,12,6,5,9,7,5,8,8,6,8,9,8,9,5,8,8,6,9,7,9,7,5,7,12,10,7,8,7,12,14,8,7,7,6,8,7,5,10,7,7,8,10,8,6,9,13,10,6,7,6,6,10,12,11,6,3,9,9,5,9,12,7,8,6,7,9,7,6,9,10,7,9,8,10,13,15,11,7,9,11,8,7,12,5,6,8,6,4,9,8,6,5,13,7,6,11,6,6,8,7,8,6,6,8,7,10,4,5,8,9,10,6,13,7,5,9,9,9,8,8,7,9,5,11,8,10,6,9,9,7,8,5,9,7,8,7,9,8,13,10,8,6,7,6,9,8,7,6,6,4,5,6,8,4,7,5,7,6,5,7,10,6,6,4,8,11,6,15,7,8,10,6,6,7,6,10,7,10,10,7,8,11,9,7,7,11,10,11,6,9,5,10,9,8,7,10,10,5,11,9,9,10,7,4,8,7,6,8,7,8,9,6,7,6,8,13,8,8,4,8,7,7,7,4,12,10,6,10,6,9,11,7,9,6,9,10,8,7,7,9,6,6,5,5,8,5,6,9,4,9,11,12,12,9,7,7,10,13,10,8,5,6,7,6,10,9,6,10,6,11,6,9,7,16,10,6,6,7,8,10,8,10,4,5,8,11,8,6,7,11,7,9,6,10,9,7,7,8,10,6,7,7,9,5,4,9,5,8,8,5,8,8,9,7,6,10,6,14,5,8,5,9,9,6,4,11,8,7,10,7,6,4,11,14,6,9,5,6,9,8,5,9,9,12,8,6,14,6,4,8,5,8,8,8,9,5,9,5,7,7,7,4,10,10,9,12,7,6,5,7,6,6,10,8,5,8,8,9,9,7,7,8,3,5,9,7,7,6,7,6,6,4,8,9,7,4,7,6,7,13,10,7,6,9,6,8,7,7,7,6,6,6
align-dinov2+500m-things+hyp-abl10-shuffled-218,10,7,9,9,7,8,4,4,8,5,7,7,9,7,9,7,8,11,6,8,4,5,6,11,9,9,7,7,4,11,9,11,8,7,9,6,6,7,8,5,6,11,7,8,6,10,9,5,9,11,6,6,3,8,6,9,4,10,6,23,7,6,8,6,12,7,7,9,11,8,6,8,7,6,11,7,10,8,11,4,8,6,11,4,4,5,10,9,9,5,5,8,8,8,5,7,11,7,6,9,11,8,6,13,6,7,6,7,10,4,6,8,8,8,8,9,6,7,7,8,9,6,13,6,11,4,9,8,12,11,5,5,7,5,8,8,7,7,9,11,9,9,9,6,5,6,6,5,5,9,13,7,6,12,7,11,6,8,7,11,8,9,7,10,12,6,8,6,10,9,12,6,8,6,3,6,6,12,9,7,7,6,8,6,10,9,11,8,8,9,4,7,7,7,8,7,4,7,5,6,7,9,5,10,11,5,7,10,6,8,6,7,9,8,10,14,9,5,7,7,5,6,7,7,7,9,4,8,9,8,7,8,5,6,9,6,8,7,5,7,6,7,12,11,11,5,8,10,7,8,7,4,7,5,8,7,7,8,6,8,9,9,8,7,9,7,8,6,12,9,7,7,5,7,12,6,6,5,8,7,10,9,8,12,7,9,7,11,7,4,6,7,7,6,7,7,4,11,9,9,7,7,7,8,7,5,7,7,6,10,5,9,8,6,12,11,4,6,9,5,7,8,8,10,8,8,12,5,10,8,7,8,10,11,7,5,9,5,8,9,7,10,9,8,7,5,7,5,8,6,8,10,9,8,10,8,4,5,11,8,10,7,7,10,5,10,8,9,5,5,11,8,5,8,10,7,7,7,8,9,6,7,14,8,12,3,12,6,6,7,13,5,16,10,7,10,7,8,6,5,8,9,8,10,5,4,9,4,9,5,8,6,4,8,8,12,6,7,6,4,7,5,11,8,10,10,5,9,10,12,6,7,7,6,5,10,10,8,9,7,7,6,4,12,6,9,7,8,8,11,4,5,7,7,5,7,4,8,9,11,8,4,8,10,5,9,7,9,5,7,10,8,6,11,10,11,5,6,8,8,5,8,10,11,5,9,10,10,8,8,5,9,8,3,8,8,4,8,7,10,7,8,10,6,12,9,4,7,6,7,7,11,5,3,13,7,6,7,6,7,10,9,5,8,6,4,6,11,7,9,9,8,9,13,9,10,6,5,10,5,8,6,8,13,7,5,6,5,3,9,8,10,11,15,9,7,13,7,8,8,4,12,7,8,8,8,4,10,8,5,10,6,7,7,9,5,9,6,11,10,10,6,8,11,8,7,14,6,10,8,12,5,5,7,5,8,8,11,10,5,10,7,9,7,6,6,12,6,5,7,11,10,5,3,9,7,9,14,14,3,8,7,11,5,12,7,5,5,10,9,6,12,5,5,10,6,7,6,5,6,14,11,6,7,7,10,6,8,4,6,9,7,8,5,5,7,9,12,8,9,8,9,10,7,7,6,8,9,8,7,10,6,6,5,10,10,5,5,8,9,8,9,7,7,10,8,8,7,7,6,9,9,7,14,7,6,9,11,9,10,5,8,9,9,8,7,8,6,10,7,11,4,4,8,7,13,7,4,8,10,7,6,9,7,7,6,8,8,8,5,8,9,7,5,10,6,10,8,5,8,8,6,6,7,7,8,8,6,9,5,5,5,6,7,6,10,10,11,11,8,8,6,10,10,11,9,9,5,11,7,10,5,9,5,5,7,7,3,4,10,6,7,8,9,10,8,11,11,10,7,10,10,6,8,6,8,7,8,5,7,10,7,5,6,10,8,11,6,9,9,13,8,6,6,5,6,8,10,6,6,6,6,6,8,11,9,11,6,5,9,7,8,10,9,10,5,8,6,7,5,8,4,7,7,7,7,9,10,9,7,9,10,6,8,9,7,9,8,9,8,7,6,6,6,5,12,5,7,7,9,6,5,8,9,13,9,7,9,5,6,9,6,5,12,6,12,6,8,8,6,9,6,8,5,10,6,10,10,9,4,7,10,7,8,8,6,10,8,5,9,5,7,5,8,6,4,13,7,5,5,14,6,8,11,6,4,10,8,9,10,7,11,7,5,4,4,10,8,6,9,8,5,11,9,11,8,9,8,11,8,10,4,4,7,9,5,6,7,10,6,5,8,6,9,5,7,6,8,7,7,7,9,5,5,6,8,6,7,9,5,11,8,10,7,9,10,6,6,8,4,9,6,7,7,8,6,8,6,9,8,10,10,10,6,4,8,5,7,8,6,7,7,10,7,9,7,8,7,4,10,9,10,7,10,8,7,8,9,5,7,6,7,8,8,7,11,6,9,10,8,8,7,7,5,6,9,7,9,9,8,10,8,7,8,8,8,8,8,8,4,11,6,7,7,7,6,8,8,7,4,6,10,10,4,6,5,5,10,9,9,5,9,6,10,4,11,5,8,7,10,7,14,11,8,11,8,6,12,13,8,12,9,6,4,9,6,13,7,11,8,9,9,7,6,10,9,15,10,7,6,9,9,9,11,11,7,6,11,5,11,5,5,6,8,6,7,10,12,8,6,5,10,6,10,6,6,7,7,8,6,9,8,7,8,10,4,8,5,4,5,7,13,6,9,11,9,9,9,11,6,10,7,8,7,5,8,6,6,10,7,6,5,6,8,8,8,12,8
align-dinov2+500m-things+hyp-abl10-shuffled-42,10,7,9,9,7,8,4,4,8,5,7,7,9,7,9,7,8,11,6,8,4,5,6,11,9,9,7,7,4,11,9,11,8,7,9,6,6,7,8,5,6,11,7,8,6,10,9,5,9,11,6,6,3,8,6,9,4,10,6,23,7,6,8,6,12,7,7,9,11,8,6,8,7,6,11,7,10,8,11,4,8,6,11,4,4,5,10,9,9,5,5,8,8,8,5,7,11,7,6,9,11,8,6,13,6,7,6,7,10,4,6,8,8,8,8,9,6,7,7,8,9,6,13,6,11,4,9,8,12,11,5,5,7,5,8,8,7,7,9,11,9,9,9,6,5,6,6,5,5,9,13,7,6,12,7,11,6,8,7,11,8,9,7,10,12,6,8,6,10,9,12,6,8,6,3,6,6,12,9,7,7,6,8,6,10,9,11,8,8,9,4,7,7,7,8,7,4,7,5,6,7,9,5,10,11,5,7,10,6,8,6,7,9,8,10,14,9,5,7,7,5,6,7,7,7,9,4,8,9,8,7,8,5,6,9,6,8,7,5,7,6,7,12,11,11,5,8,10,7,8,7,4,7,5,8,7,7,8,6,8,9,9,8,7,9,7,8,6,12,9,7,7,5,7,12,6,6,5,8,7,10,9,8,12,7,9,7,11,7,4,6,7,7,6,7,7,4,11,9,9,7,7,7,8,7,5,7,7,6,10,5,9,8,6,12,11,4,6,9,5,7,8,8,10,8,8,12,5,10,8,7,8,10,11,7,5,9,5,8,9,7,10,9,8,7,5,7,5,8,6,8,10,9,8,10,8,4,5,11,8,10,7,7,10,5,10,8,9,5,5,11,8,5,8,10,7,7,7,8,9,6,7,14,8,12,3,12,6,6,7,13,5,16,10,7,10,7,8,6,5,8,9,8,10,5,4,9,4,9,5,8,6,4,8,8,12,6,7,6,4,7,5,11,8,10,10,5,9,10,12,6,7,7,6,5,10,10,8,9,7,7,6,4,12,6,9,7,8,8,11,4,5,7,7,5,7,4,8,9,11,8,4,8,10,5,9,7,9,5,7,10,8,6,11,10,11,5,6,8,8,5,8,10,11,5,9,10,10,8,8,5,9,8,3,8,8,4,8,7,10,7,8,10,6,12,9,4,7,6,7,7,11,5,3,13,7,6,7,6,7,10,9,5,8,6,4,6,11,7,9,9,8,9,13,9,10,6,5,10,5,8,6,8,13,7,5,6,5,3,9,8,10,11,15,9,7,13,7,8,8,4,12,7,8,8,8,4,10,8,5,10,6,7,7,9,5,9,6,11,10,10,6,8,11,8,7,14,6,10,8,12,5,5,7,5,8,8,11,10,5,10,7,9,7,6,6,12,6,5,7,11,10,5,3,9,7,9,14,14,3,8,7,11,5,12,7,5,5,10,9,6,12,5,5,10,6,7,6,5,6,14,11,6,7,7,10,6,8,4,6,9,7,8,5,5,7,9,12,8,9,8,9,10,7,7,6,8,9,8,7,10,6,6,5,10,10,5,5,8,9,8,9,7,7,10,8,8,7,7,6,9,9,7,14,7,6,9,11,9,10,5,8,9,9,8,7,8,6,10,7,11,4,4,8,7,13,7,4,8,10,7,6,9,7,7,6,8,8,8,5,8,9,7,5,10,6,10,8,5,8,8,6,6,7,7,8,8,6,9,5,5,5,6,7,6,10,10,11,11,8,8,6,10,10,11,9,9,5,11,7,10,5,9,5,5,7,7,3,4,10,6,7,8,9,10,8,11,11,10,7,10,10,6,8,6,8,7,8,5,7,10,7,5,6,10,8,11,6,9,9,13,8,6,6,5,6,8,10,6,6,6,6,6,8,11,9,11,6,5,9,7,8,10,9,10,5,8,6,7,5,8,4,7,7,7,7,9,10,9,7,9,10,6,8,9,7,9,8,9,8,7,6,6,6,5,12,5,7,7,9,6,5,8,9,13,9,7,9,5,6,9,6,5,12,6,12,6,8,8,6,9,6,8,5,10,6,10,10,9,4,7,10,7,8,8,6,10,8,5,9,5,7,5,8,6,4,13,7,5,5,14,6,8,11,6,4,10,8,9,10,7,11,7,5,4,4,10,8,6,9,8,5,11,9,11,8,9,8,11,8,10,4,4,7,9,5,6,7,10,6,5,8,6,9,5,7,6,8,7,7,7,9,5,5,6,8,6,7,9,5,11,8,10,7,9,10,6,6,8,4,9,6,7,7,8,6,8,6,9,8,10,10,10,6,4,8,5,7,8,6,7,7,10,7,9,7,8,7,4,10,9,10,7,10,8,7,8,9,5,7,6,7,8,8,7,11,6,9,10,8,8,7,7,5,6,9,7,9,9,8,10,8,7,8,8,8,8,8,8,4,11,6,7,7,7,6,8,8,7,4,6,10,10,4,6,5,5,10,9,9,5,9,6,10,4,11,5,8,7,10,7,14,11,8,11,8,6,12,13,8,12,9,6,4,9,6,13,7,11,8,9,9,7,6,10,9,15,10,7,6,9,9,9,11,11,7,6,11,5,11,5,5,6,8,6,7,10,12,8,6,5,10,6,10,6,6,7,7,8,6,9,8,7,8,10,4,8,5,4,5,7,13,6,9,11,9,9,9,11,6,10,7,8,7,5,8,6,6,10,7,6,5,6,8,8,8,12,8
align-dinov2+500m-things+hyp-abl10-shuffled-7,10,7,9,9,7,8,4,4,8,5,7,7,9,7,9,7,8,11,6,8,4,5,6,11,9,9,7,7,4,11,9,11,8,7,9,6,6,7,8,5,6,11,7,8,6,10,9,5,9,11,6,6,3,8,6,9,4,10,6,23,7,6,8,6,12,7,7,9,11,8,6,8,7,6,11,7,10,8,11,4,8,6,11,4,4,5,10,9,9,5,5,8,8,8,5,7,11,7,6,9,11,8,6,13,6,7,6,7,10,4,6,8,8,8,8,9,6,7,7,8,9,6,13,6,11,4,9,8,12,11,5,5,7,5,8,8,7,7,9,11,9,9,9,6,5,6,6,5,5,9,13,7,6,12,7,11,6,8,7,11,8,9,7,10,12,6,8,6,10,9,12,6,8,6,3,6,6,12,9,7,7,6,8,6,10,9,11,8,8,9,4,7,7,7,8,7,4,7,5,6,7,9,5,10,11,5,7,10,6,8,6,7,9,8,10,14,9,5,7,7,5,6,7,7,7,9,4,8,9,8,7,8,5,6,9,6,8,7,5,7,6,7,12,11,11,5,8,10,7,8,7,4,7,5,8,7,7,8,6,8,9,9,8,7,9,7,8,6,12,9,7,7,5,7,12,6,6,5,8,7,10,9,8,12,7,9,7,11,7,4,6,7,7,6,7,7,4,11,9,9,7,7,7,8,7,5,7,7,6,10,5,9,8,6,12,11,4,6,9,5,7,8,8,10,8,8,12,5,10,8,7,8,10,11,7,5,9,5,8,9,7,10,9,8,7,5,7,5,8,6,8,10,9,8,10,8,4,5,11,8,10,7,7,10,5,10,8,9,5,5,11,8,5,8,10,7,7,7,8,9,6,7,14,8,12,3,12,6,6,7,13,5,16,10,7,10,7,8,6,5,8,9,8,10,5,4,9,4,9,5,8,6,4,8,8,12,6,7,6,4,7,5,11,8,10,10,5,9,10,12,6,7,7,6,5,10,10,8,9,7,7,6,4,12,6,9,7,8,8,11,4,5,7,7,5,7,4,8,9,11,8,4,8,10,5,9,7,9,5,7,10,8,6,11,10,11,5,6,8,8,5,8,10,11,5,9,10,10,8,8,5,9,8,3,8,8,4,8,7,10,7,8,10,6,12,9,4,7,6,7,7,11,5,3,13,7,6,7,6,7,10,9,5,8,6,4,6,11,7,9,9,8,9,13,9,10,6,5,10,5,8,6,8,13,7,5,6,5,3,9,8,10,11,15,9,7,13,7,8,8,4,12,7,8,8,8,4,10,8,5,10,6,7,7,9,5,9,6,11,10,10,6,8,11,8,7,14,6,10,8,12,5,5,7,5,8,8,11,10,5,10,7,9,7,6,6,12,6,5,7,11,10,5,3,9,7,9,14,14,3,8,7,11,5,12,7,5,5,10,9,6,12,5,5,10,6,7,6,5,6,14,11,6,7,7,10,6,8,4,6,9,7,8,5,5,7,9,12,8,9,8,9,10,7,7,6,8,9,8,7,10,6,6,5,10,10,5,5,8,9,8,9,7,7,10,8,8,7,7,6,9,9,7,14,7,6,9,11,9,10,5,8,9,9,8,7,8,6,10,7,11,4,4,8,7,13,7,4,8,10,7,6,9,7,7,6,8,8,8,5,8,9,7,5,10,6,10,8,5,8,8,6,6,7,7,8,8,6,9,5,5,5,6,7,6,10,10,11,11,8,8,6,10,10,11,9,9,5,11,7,10,5,9,5,5,7,7,3,4,10,6,7,8,9,10,8,11,11,10,7,10,10,6,8,6,8,7,8,5,7,10,7,5,6,10,8,11,6,9,9,13,8,6,6,5,6,8,10,6,6,6,6,6,8,11,9,11,6,5,9,7,8,10,9,10,5,8,6,7,5,8,4,7,7,7,7,9,10,9,7,9,10,6,8,9,7,9,8,9,8,7,6,6,6,5,12,5,7,7,9,6,5,8,9,13,9,7,9,5,6,9,6,5,12,6,12,6,8,8,6,9,6,8,5,10,6,10,10,9,4,7,10,7,8,8,6,10,8,5,9,5,7,5,8,6,4,13,7,5,5,14,6,8,11,6,4,10,8,9,10,7,11,7,5,4,4,10,8,6,9,8,5,11,9,11,8,9,8,11,8,10,4,4,7,9,5,6,7,10,6,5,8,6,9,5,7,6,8,7,7,7,9,5,5,6,8,6,7,9,5,11,8,10,7,9,10,6,6,8,4,9,6,7,7,8,6,8,6,9,8,10,10,10,6,4,8,5,7,8,6,7,7,10,7,9,7,8,7,4,10,9,10,7,10,8,7,8,9,5,7,6,7,8,8,7,11,6,9,10,8,8,7,7,5,6,9,7,9,9,8,10,8,7,8,8,8,8,8,8,4,11,6,7,7,7,6,8,8,7,4,6,10,10,4,6,5,5,10,9,9,5,9,6,10,4,11,5,8,7,10,7,14,11,8,11,8,6,12,13,8,12,9,6,4,9,6,13,7,11,8,9,9,7,6,10,9,15,10,7,6,9,9,9,11,11,7,6,11,5,11,5,5,6,8,6,7,10,12,8,6,5,10,6,10,6,6,7,7,8,6,9,8,7,8,10,4,8,5,4,5,7,13,6,9,11,9,9,9,11,6,10,7,8,7,5,8,6,6,10,7,6,5,6,8,8,8,12,8
align-dinov2+500m-things+hyp-abl10cat-218,9,8,6,9,7,5,9,10,3,6,8,6,4,8,8,5,6,5,9,6,6,8,7,8,4,12,6,7,5,7,11,8,10,10,4,13,8,9,8,12,8,6,4,6,7,8,7,10,8,8,7,8,10,9,8,6,8,11,9,25,7,9,8,7,8,10,8,9,10,9,9,12,8,10,6,11,11,8,7,7,5,14,7,8,8,9,8,5,6,14,12,7,8,5,6,7,7,7,7,4,9,6,10,7,8,7,11,9,10,6,13,10,3,6,4,10,5,7,8,8,6,9,6,10,16,11,6,7,8,5,8,6,6,8,7,12,11,5,10,9,5,8,8,10,4,7,5,4,6,5,16,10,6,8,3,7,10,4,6,8,8,7,8,7,6,10,10,8,8,9,8,5,7,10,7,8,4,12,9,7,10,10,7,10,6,7,7,7,7,10,5,9,8,7,6,9,11,8,9,8,8,6,5,7,9,7,9,7,6,7,5,7,6,8,7,7,4,5,9,7,9,5,10,8,8,13,9,10,6,6,11,4,9,7,8,6,7,7,7,5,8,7,5,10,9,8,6,5,10,5,12,11,6,7,5,7,5,8,11,8,9,7,8,6,6,6,10,6,12,5,11,7,15,11,8,9,11,10,14,10,7,8,6,8,8,6,7,7,10,11,7,9,4,7,5,5,4,7,5,9,8,8,12,10,7,8,10,7,10,13,8,11,9,5,8,7,7,7,9,7,6,8,9,8,8,7,9,6,6,9,6,6,8,7,10,11,8,14,11,9,12,7,13,10,7,8,6,7,7,11,8,4,7,6,6,7,9,8,9,8,9,9,8,8,8,9,6,8,8,10,5,8,6,7,6,8,7,8,7,7,5,4,7,7,7,6,10,7,5,5,17,5,8,10,8,4,7,6,7,11,6,7,8,6,3,8,6,9,9,12,4,9,5,8,6,6,4,5,7,10,6,9,6,6,13,5,5,11,6,7,8,5,8,5,10,4,4,6,16,5,8,5,6,11,13,6,5,5,10,10,6,10,9,8,11,9,7,7,9,7,10,5,3,9,5,7,11,5,8,6,8,10,5,10,5,8,6,8,5,8,11,3,3,7,5,11,10,10,7,8,7,10,6,10,8,4,11,10,5,7,6,7,9,9,4,6,5,9,6,6,10,11,7,10,10,8,9,8,10,6,6,4,6,8,12,5,10,11,9,7,6,5,6,8,10,10,3,13,7,11,5,6,9,5,7,7,9,7,7,11,8,7,9,14,11,8,10,9,6,10,6,6,6,8,6,11,8,8,11,5,8,10,6,10,7,9,5,9,9,7,8,6,14,11,6,4,7,11,7,6,10,7,5,7,9,15,6,6,10,8,11,7,8,7,6,10,8,10,9,10,8,6,13,9,11,7,8,8,3,6,7,7,6,6,9,6,9,7,8,7,6,11,10,4,6,9,6,10,11,4,7,8,12,8,5,8,7,8,6,7,9,6,7,7,6,4,8,8,10,6,6,7,9,6,11,7,11,7,10,9,5,7,8,9,9,7,5,15,4,7,7,5,6,5,6,6,7,8,8,6,9,10,9,8,12,8,9,5,12,13,7,6,11,5,12,7,8,5,9,6,8,5,6,5,9,7,9,12,8,4,10,11,6,4,4,9,6,6,8,8,4,5,8,8,13,9,7,6,5,6,11,11,6,11,9,6,6,7,6,5,7,10,9,7,10,8,4,8,11,6,6,6,7,10,5,7,8,6,8,4,10,10,9,6,8,5,5,4,9,15,8,6,7,7,9,10,5,7,10,10,4,5,7,9,7,6,9,8,6,11,6,6,6,6,11,13,8,12,8,8,6,6,7,7,11,10,6,7,7,5,6,9,7,8,5,9,9,6,7,9,9,3,5,11,9,8,6,8,5,7,8,9,8,6,5,7,10,7,13,5,7,11,8,9,7,7,5,11,10,6,8,7,10,11,7,6,7,8,10,7,7,9,3,7,10,11,12,7,8,12,6,8,5,6,7,9,6,6,6,9,6,5,7,3,9,11,8,10,7,8,5,8,4,4,10,12,4,6,7,9,8,10,4,8,10,5,7,7,6,6,7,4,5,9,7,8,10,7,6,11,4,9,10,6,6,9,10,5,9,4,8,8,8,6,8,8,7,14,5,12,8,5,9,8,4,8,11,8,9,7,8,8,9,4,7,8,4,5,7,7,8,4,8,8,9,9,10,5,6,8,9,3,7,7,5,4,10,6,11,7,5,7,5,7,7,9,6,6,7,8,7,6,8,8,9,6,8,7,4,6,9,6,8,8,9,8,5,6,6,7,12,5,7,6,9,7,5,7,5,9,8,5,7,8,7,4,6,11,6,11,7,8,9,8,12,8,10,5,10,12,9,6,9,6,8,10,8,13,5,5,11,8,4,9,11,8,9,12,9,10,7,3,10,7,6,8,8,9,10,11,7,10,5,7,8,8,9,8,9,9,5,7,8,9,8,8,10,7,5,9,7,8,5,12,12,8,7,6,5,8,6,9,6,8,4,9,5,8,12,12,9,6,7,6,5,7,9,5,7,8,4,7,4,12,6,12,6,7,8,7,7,7,5,7,7,9,8,13,6,7,12,7,13,8,8,6,6,5,6,9,9,10,10,10,7,10,9,12,6,7,10,7,6,8,13,8,7,7,5,8,11,8,8,6,9,11,10,10
align-dinov2+500m-things+hyp-abl10cat-218-random,9,8,6,9,7,5,9,10,3,6,8,6,4,8,8,5,6,5,9,6,6,8,7,8,4,12,6,7,5,7,11,8,10,10,4,13,8,9,8,12,8,6,4,6,7,8,7,10,8,8,7,8,10,9,8,6,8,11,9,25,7,9,8,7,8,10,8,9,10,9,9,12,8,10,6,11,11,8,7,7,5,14,7,8,8,9,8,5,6,14,12,7,8,5,6,7,7,7,7,4,9,6,10,7,8,7,11,9,10,6,13,10,3,6,4,10,5,7,8,8,6,9,6,10,16,11,6,7,8,5,8,6,6,8,7,12,11,5,10,9,5,8,8,10,4,7,5,4,6,5,16,10,6,8,3,7,10,4,6,8,8,7,8,7,6,10,10,8,8,9,8,5,7,10,7,8,4,12,9,7,10,10,7,10,6,7,7,7,7,10,5,9,8,7,6,9,11,8,9,8,8,6,5,7,9,7,9,7,6,7,5,7,6,8,7,7,4,5,9,7,9,5,10,8,8,13,9,10,6,6,11,4,9,7,8,6,7,7,7,5,8,7,5,10,9,8,6,5,10,5,12,11,6,7,5,7,5,8,11,8,9,7,8,6,6,6,10,6,12,5,11,7,15,11,8,9,11,10,14,10,7,8,6,8,8,6,7,7,10,11,7,9,4,7,5,5,4,7,5,9,8,8,12,10,7,8,10,7,10,13,8,11,9,5,8,7,7,7,9,7,6,8,9,8,8,7,9,6,6,9,6,6,8,7,10,11,8,14,11,9,12,7,13,10,7,8,6,7,7,11,8,4,7,6,6,7,9,8,9,8,9,9,8,8,8,9,6,8,8,10,5,8,6,7,6,8,7,8,7,7,5,4,7,7,7,6,10,7,5,5,17,5,8,10,8,4,7,6,7,11,6,7,8,6,3,8,6,9,9,12,4,9,5,8,6,6,4,5,7,10,6,9,6,6,13,5,5,11,6,7,8,5,8,5,10,4,4,6,16,5,8,5,6,11,13,6,5,5,10,10,6,10,9,8,11,9,7,7,9,7,10,5,3,9,5,7,11,5,8,6,8,10,5,10,5,8,6,8,5,8,11,3,3,7,5,11,10,10,7,8,7,10,6,10,8,4,11,10,5,7,6,7,9,9,4,6,5,9,6,6,10,11,7,10,10,8,9,8,10,6,6,4,6,8,12,5,10,11,9,7,6,5,6,8,10,10,3,13,7,11,5,6,9,5,7,7,9,7,7,11,8,7,9,14,11,8,10,9,6,10,6,6,6,8,6,11,8,8,11,5,8,10,6,10,7,9,5,9,9,7,8,6,14,11,6,4,7,11,7,6,10,7,5,7,9,15,6,6,10,8,11,7,8,7,6,10,8,10,9,10,8,6,13,9,11,7,8,8,3,6,7,7,6,6,9,6,9,7,8,7,6,11,10,4,6,9,6,10,11,4,7,8,12,8,5,8,7,8,6,7,9,6,7,7,6,4,8,8,10,6,6,7,9,6,11,7,11,7,10,9,5,7,8,9,9,7,5,15,4,7,7,5,6,5,6,6,7,8,8,6,9,10,9,8,12,8,9,5,12,13,7,6,11,5,12,7,8,5,9,6,8,5,6,5,9,7,9,12,8,4,10,11,6,4,4,9,6,6,8,8,4,5,8,8,13,9,7,6,5,6,11,11,6,11,9,6,6,7,6,5,7,10,9,7,10,8,4,8,11,6,6,6,7,10,5,7,8,6,8,4,10,10,9,6,8,5,5,4,9,15,8,6,7,7,9,10,5,7,10,10,4,5,7,9,7,6,9,8,6,11,6,6,6,6,11,13,8,12,8,8,6,6,7,7,11,10,6,7,7,5,6,9,7,8,5,9,9,6,7,9,9,3,5,11,9,8,6,8,5,7,8,9,8,6,5,7,10,7,13,5,7,11,8,9,7,7,5,11,10,6,8,7,10,11,7,6,7,8,10,7,7,9,3,7,10,11,12,7,8,12,6,8,5,6,7,9,6,6,6,9,6,5,7,3,9,11,8,10,7,8,5,8,4,4,10,12,4,6,7,9,8,10,4,8,10,5,7,7,6,6,7,4,5,9,7,8,10,7,6,11,4,9,10,6,6,9,10,5,9,4,8,8,8,6,8,8,7,14,5,12,8,5,9,8,4,8,11,8,9,7,8,8,9,4,7,8,4,5,7,7,8,4,8,8,9,9,10,5,6,8,9,3,7,7,5,4,10,6,11,7,5,7,5,7,7,9,6,6,7,8,7,6,8,8,9,6,8,7,4,6,9,6,8,8,9,8,5,6,6,7,12,5,7,6,9,7,5,7,5,9,8,5,7,8,7,4,6,11,6,11,7,8,9,8,12,8,10,5,10,12,9,6,9,6,8,10,8,13,5,5,11,8,4,9,11,8,9,12,9,10,7,3,10,7,6,8,8,9,10,11,7,10,5,7,8,8,9,8,9,9,5,7,8,9,8,8,10,7,5,9,7,8,5,12,12,8,7,6,5,8,6,9,6,8,4,9,5,8,12,12,9,6,7,6,5,7,9,5,7,8,4,7,4,12,6,12,6,7,8,7,7,7,5,7,7,9,8,13,6,7,12,7,13,8,8,6,6,5,6,9,9,10,10,10,7,10,9,12,6,7,10,7,6,8,13,8,7,7,5,8,11,8,8,6,9,11,10,10
align-dinov2+500m-things+hyp-abl10cat-42,9,8,6,9,7,5,9,10,3,6,8,6,4,8,8,5,6,5,9,6,6,8,7,8,4,12,6,7,5,7,11,8,10,10,4,13,8,9,8,12,8,6,4,6,7,8,7,10,8,8,7,8,10,9,8,6,8,11,9,25,7,9,8,7,8,10,8,9,10,9,9,12,8,10,6,11,11,8,7,7,5,14,7,8,8,9,8,5,6,14,12,7,8,5,6,7,7,7,7,4,9,6,10,7,8,7,11,9,10,6,13,10,3,6,4,10,5,7,8,8,6,9,6,10,16,11,6,7,8,5,8,6,6,8,7,12,11,5,10,9,5,8,8,10,4,7,5,4,6,5,16,10,6,8,3,7,10,4,6,8,8,7,8,7,6,10,10,8,8,9,8,5,7,10,7,8,4,12,9,7,10,10,7,10,6,7,7,7,7,10,5,9,8,7,6,9,11,8,9,8,8,6,5,7,9,7,9,7,6,7,5,7,6,8,7,7,4,5,9,7,9,5,10,8,8,13,9,10,6,6,11,4,9,7,8,6,7,7,7,5,8,7,5,10,9,8,6,5,10,5,12,11,6,7,5,7,5,8,11,8,9,7,8,6,6,6,10,6,12,5,11,7,15,11,8,9,11,10,14,10,7,8,6,8,8,6,7,7,10,11,7,9,4,7,5,5,4,7,5,9,8,8,12,10,7,8,10,7,10,13,8,11,9,5,8,7,7,7,9,7,6,8,9,8,8,7,9,6,6,9,6,6,8,7,10,11,8,14,11,9,12,7,13,10,7,8,6,7,7,11,8,4,7,6,6,7,9,8,9,8,9,9,8,8,8,9,6,8,8,10,5,8,6,7,6,8,7,8,7,7,5,4,7,7,7,6,10,7,5,5,17,5,8,10,8,4,7,6,7,11,6,7,8,6,3,8,6,9,9,12,4,9,5,8,6,6,4,5,7,10,6,9,6,6,13,5,5,11,6,7,8,5,8,5,10,4,4,6,16,5,8,5,6,11,13,6,5,5,10,10,6,10,9,8,11,9,7,7,9,7,10,5,3,9,5,7,11,5,8,6,8,10,5,10,5,8,6,8,5,8,11,3,3,7,5,11,10,10,7,8,7,10,6,10,8,4,11,10,5,7,6,7,9,9,4,6,5,9,6,6,10,11,7,10,10,8,9,8,10,6,6,4,6,8,12,5,10,11,9,7,6,5,6,8,10,10,3,13,7,11,5,6,9,5,7,7,9,7,7,11,8,7,9,14,11,8,10,9,6,10,6,6,6,8,6,11,8,8,11,5,8,10,6,10,7,9,5,9,9,7,8,6,14,11,6,4,7,11,7,6,10,7,5,7,9,15,6,6,10,8,11,7,8,7,6,10,8,10,9,10,8,6,13,9,11,7,8,8,3,6,7,7,6,6,9,6,9,7,8,7,6,11,10,4,6,9,6,10,11,4,7,8,12,8,5,8,7,8,6,7,9,6,7,7,6,4,8,8,10,6,6,7,9,6,11,7,11,7,10,9,5,7,8,9,9,7,5,15,4,7,7,5,6,5,6,6,7,8,8,6,9,10,9,8,12,8,9,5,12,13,7,6,11,5,12,7,8,5,9,6,8,5,6,5,9,7,9,12,8,4,10,11,6,4,4,9,6,6,8,8,4,5,8,8,13,9,7,6,5,6,11,11,6,11,9,6,6,7,6,5,7,10,9,7,10,8,4,8,11,6,6,6,7,10,5,7,8,6,8,4,10,10,9,6,8,5,5,4,9,15,8,6,7,7,9,10,5,7,10,10,4,5,7,9,7,6,9,8,6,11,6,6,6,6,11,13,8,12,8,8,6,6,7,7,11,10,6,7,7,5,6,9,7,8,5,9,9,6,7,9,9,3,5,11,9,8,6,8,5,7,8,9,8,6,5,7,10,7,13,5,7,11,8,9,7,7,5,11,10,6,8,7,10,11,7,6,7,8,10,7,7,9,3,7,10,11,12,7,8,12,6,8,5,6,7,9,6,6,6,9,6,5,7,3,9,11,8,10,7,8,5,8,4,4,10,12,4,6,7,9,8,10,4,8,10,5,7,7,6,6,7,4,5,9,7,8,10,7,6,11,4,9,10,6,6,9,10,5,9,4,8,8,8,6,8,8,7,14,5,12,8,5,9,8,4,8,11,8,9,7,8,8,9,4,7,8,4,5,7,7,8,4,8,8,9,9,10,5,6,8,9,3,7,7,5,4,10,6,11,7,5,7,5,7,7,9,6,6,7,8,7,6,8,8,9,6,8,7,4,6,9,6,8,8,9,8,5,6,6,7,12,5,7,6,9,7,5,7,5,9,8,5,7,8,7,4,6,11,6,11,7,8,9,8,12,8,10,5,10,12,9,6,9,6,8,10,8,13,5,5,11,8,4,9,11,8,9,12,9,10,7,3,10,7,6,8,8,9,10,11,7,10,5,7,8,8,9,8,9,9,5,7,8,9,8,8,10,7,5,9,7,8,5,12,12,8,7,6,5,8,6,9,6,8,4,9,5,8,12,12,9,6,7,6,5,7,9,5,7,8,4,7,4,12,6,12,6,7,8,7,7,7,5,7,7,9,8,13,6,7,12,7,13,8,8,6,6,5,6,9,9,10,10,10,7,10,9,12,6,7,10,7,6,8,13,8,7,7,5,8,11,8,8,6,9,11,10,10
align-dinov2+500m-things+hyp-abl10cat-42-random,9,8,6,9,7,5,9,10,3,6,8,6,4,8,8,5,6,5,9,6,6,8,7,8,4,12,6,7,5,7,11,8,10,10,4,13,8,9,8,12,8,6,4,6,7,8,7,10,8,8,7,8,10,9,8,6,8,11,9,25,7,9,8,7,8,10,8,9,10,9,9,12,8,10,6,11,11,8,7,7,5,14,7,8,8,9,8,5,6,14,12,7,8,5,6,7,7,7,7,4,9,6,10,7,8,7,11,9,10,6,13,10,3,6,4,10,5,7,8,8,6,9,6,10,16,11,6,7,8,5,8,6,6,8,7,12,11,5,10,9,5,8,8,10,4,7,5,4,6,5,16,10,6,8,3,7,10,4,6,8,8,7,8,7,6,10,10,8,8,9,8,5,7,10,7,8,4,12,9,7,10,10,7,10,6,7,7,7,7,10,5,9,8,7,6,9,11,8,9,8,8,6,5,7,9,7,9,7,6,7,5,7,6,8,7,7,4,5,9,7,9,5,10,8,8,13,9,10,6,6,11,4,9,7,8,6,7,7,7,5,8,7,5,10,9,8,6,5,10,5,12,11,6,7,5,7,5,8,11,8,9,7,8,6,6,6,10,6,12,5,11,7,15,11,8,9,11,10,14,10,7,8,6,8,8,6,7,7,10,11,7,9,4,7,5,5,4,7,5,9,8,8,12,10,7,8,10,7,10,13,8,11,9,5,8,7,7,7,9,7,6,8,9,8,8,7,9,6,6,9,6,6,8,7,10,11,8,14,11,9,12,7,13,10,7,8,6,7,7,11,8,4,7,6,6,7,9,8,9,8,9,9,8,8,8,9,6,8,8,10,5,8,6,7,6,8,7,8,7,7,5,4,7,7,7,6,10,7,5,5,17,5,8,10,8,4,7,6,7,11,6,7,8,6,3,8,6,9,9,12,4,9,5,8,6,6,4,5,7,10,6,9,6,6,13,5,5,11,6,7,8,5,8,5,10,4,4,6,16,5,8,5,6,11,13,6,5,5,10,10,6,10,9,8,11,9,7,7,9,7,10,5,3,9,5,7,11,5,8,6,8,10,5,10,5,8,6,8,5,8,11,3,3,7,5,11,10,10,7,8,7,10,6,10,8,4,11,10,5,7,6,7,9,9,4,6,5,9,6,6,10,11,7,10,10,8,9,8,10,6,6,4,6,8,12,5,10,11,9,7,6,5,6,8,10,10,3,13,7,11,5,6,9,5,7,7,9,7,7,11,8,7,9,14,11,8,10,9,6,10,6,6,6,8,6,11,8,8,11,5,8,10,6,10,7,9,5,9,9,7,8,6,14,11,6,4,7,11,7,6,10,7,5,7,9,15,6,6,10,8,11,7,8,7,6,10,8,10,9,10,8,6,13,9,11,7,8,8,3,6,7,7,6,6,9,6,9,7,8,7,6,11,10,4,6,9,6,10,11,4,7,8,12,8,5,8,7,8,6,7,9,6,7,7,6,4,8,8,10,6,6,7,9,6,11,7,11,7,10,9,5,7,8,9,9,7,5,15,4,7,7,5,6,5,6,6,7,8,8,6,9,10,9,8,12,8,9,5,12,13,7,6,11,5,12,7,8,5,9,6,8,5,6,5,9,7,9,12,8,4,10,11,6,4,4,9,6,6,8,8,4,5,8,8,13,9,7,6,5,6,11,11,6,11,9,6,6,7,6,5,7,10,9,7,10,8,4,8,11,6,6,6,7,10,5,7,8,6,8,4,10,10,9,6,8,5,5,4,9,15,8,6,7,7,9,10,5,7,10,10,4,5,7,9,7,6,9,8,6,11,6,6,6,6,11,13,8,12,8,8,6,6,7,7,11,10,6,7,7,5,6,9,7,8,5,9,9,6,7,9,9,3,5,11,9,8,6,8,5,7,8,9,8,6,5,7,10,7,13,5,7,11,8,9,7,7,5,11,10,6,8,7,10,11,7,6,7,8,10,7,7,9,3,7,10,11,12,7,8,12,6,8,5,6,7,9,6,6,6,9,6,5,7,3,9,11,8,10,7,8,5,8,4,4,10,12,4,6,7,9,8,10,4,8,10,5,7,7,6,6,7,4,5,9,7,8,10,7,6,11,4,9,10,6,6,9,10,5,9,4,8,8,8,6,8,8,7,14,5,12,8,5,9,8,4,8,11,8,9,7,8,8,9,4,7,8,4,5,7,7,8,4,8,8,9,9,10,5,6,8,9,3,7,7,5,4,10,6,11,7,5,7,5,7,7,9,6,6,7,8,7,6,8,8,9,6,8,7,4,6,9,6,8,8,9,8,5,6,6,7,12,5,7,6,9,7,5,7,5,9,8,5,7,8,7,4,6,11,6,11,7,8,9,8,12,8,10,5,10,12,9,6,9,6,8,10,8,13,5,5,11,8,4,9,11,8,9,12,9,10,7,3,10,7,6,8,8,9,10,11,7,10,5,7,8,8,9,8,9,9,5,7,8,9,8,8,10,7,5,9,7,8,5,12,12,8,7,6,5,8,6,9,6,8,4,9,5,8,12,12,9,6,7,6,5,7,9,5,7,8,4,7,4,12,6,12,6,7,8,7,7,7,5,7,7,9,8,13,6,7,12,7,13,8,8,6,6,5,6,9,9,10,10,10,7,10,9,12,6,7,10,7,6,8,13,8,7,7,5,8,11,8,8,6,9,11,10,10
align-dinov2+500m-things+hyp-abl10cat-7,9,8,6,9,7,5,9,10,3,6,8,6,4,8,8,5,6,5,9,6,6,8,7,8,4,12,6,7,5,7,11,8,10,10,4,13,8,9,8,12,8,6,4,6,7,8,7,10,8,8,7,8,10,9,8,6,8,11,9,25,7,9,8,7,8,10,8,9,10,9,9,12,8,10,6,11,11,8,7,7,5,14,7,8,8,9,8,5,6,14,12,7,8,5,6,7,7,7,7,4,9,6,10,7,8,7,11,9,10,6,13,10,3,6,4,10,5,7,8,8,6,9,6,10,16,11,6,7,8,5,8,6,6,8,7,12,11,5,10,9,5,8,8,10,4,7,5,4,6,5,16,10,6,8,3,7,10,4,6,8,8,7,8,7,6,10,10,8,8,9,8,5,7,10,7,8,4,12,9,7,10,10,7,10,6,7,7,7,7,10,5,9,8,7,6,9,11,8,9,8,8,6,5,7,9,7,9,7,6,7,5,7,6,8,7,7,4,5,9,7,9,5,10,8,8,13,9,10,6,6,11,4,9,7,8,6,7,7,7,5,8,7,5,10,9,8,6,5,10,5,12,11,6,7,5,7,5,8,11,8,9,7,8,6,6,6,10,6,12,5,11,7,15,11,8,9,11,10,14,10,7,8,6,8,8,6,7,7,10,11,7,9,4,7,5,5,4,7,5,9,8,8,12,10,7,8,10,7,10,13,8,11,9,5,8,7,7,7,9,7,6,8,9,8,8,7,9,6,6,9,6,6,8,7,10,11,8,14,11,9,12,7,13,10,7,8,6,7,7,11,8,4,7,6,6,7,9,8,9,8,9,9,8,8,8,9,6,8,8,10,5,8,6,7,6,8,7,8,7,7,5,4,7,7,7,6,10,7,5,5,17,5,8,10,8,4,7,6,7,11,6,7,8,6,3,8,6,9,9,12,4,9,5,8,6,6,4,5,7,10,6,9,6,6,13,5,5,11,6,7,8,5,8,5,10,4,4,6,16,5,8,5,6,11,13,6,5,5,10,10,6,10,9,8,11,9,7,7,9,7,10,5,3,9,5,7,11,5,8,6,8,10,5,10,5,8,6,8,5,8,11,3,3,7,5,11,10,10,7,8,7,10,6,10,8,4,11,10,5,7,6,7,9,9,4,6,5,9,6,6,10,11,7,10,10,8,9,8,10,6,6,4,6,8,12,5,10,11,9,7,6,5,6,8,10,10,3,13,7,11,5,6,9,5,7,7,9,7,7,11,8,7,9,14,11,8,10,9,6,10,6,6,6,8,6,11,8,8,11,5,8,10,6,10,7,9,5,9,9,7,8,6,14,11,6,4,7,11,7,6,10,7,5,7,9,15,6,6,10,8,11,7,8,7,6,10,8,10,9,10,8,6,13,9,11,7,8,8,3,6,7,7,6,6,9,6,9,7,8,7,6,11,10,4,6,9,6,10,11,4,7,8,12,8,5,8,7,8,6,7,9,6,7,7,6,4,8,8,10,6,6,7,9,6,11,7,11,7,10,9,5,7,8,9,9,7,5,15,4,7,7,5,6,5,6,6,7,8,8,6,9,10,9,8,12,8,9,5,12,13,7,6,11,5,12,7,8,5,9,6,8,5,6,5,9,7,9,12,8,4,10,11,6,4,4,9,6,6,8,8,4,5,8,8,13,9,7,6,5,6,11,11,6,11,9,6,6,7,6,5,7,10,9,7,10,8,4,8,11,6,6,6,7,10,5,7,8,6,8,4,10,10,9,6,8,5,5,4,9,15,8,6,7,7,9,10,5,7,10,10,4,5,7,9,7,6,9,8,6,11,6,6,6,6,11,13,8,12,8,8,6,6,7,7,11,10,6,7,7,5,6,9,7,8,5,9,9,6,7,9,9,3,5,11,9,8,6,8,5,7,8,9,8,6,5,7,10,7,13,5,7,11,8,9,7,7,5,11,10,6,8,7,10,11,7,6,7,8,10,7,7,9,3,7,10,11,12,7,8,12,6,8,5,6,7,9,6,6,6,9,6,5,7,3,9,11,8,10,7,8,5,8,4,4,10,12,4,6,7,9,8,10,4,8,10,5,7,7,6,6,7,4,5,9,7,8,10,7,6,11,4,9,10,6,6,9,10,5,9,4,8,8,8,6,8,8,7,14,5,12,8,5,9,8,4,8,11,8,9,7,8,8,9,4,7,8,4,5,7,7,8,4,8,8,9,9,10,5,6,8,9,3,7,7,5,4,10,6,11,7,5,7,5,7,7,9,6,6,7,8,7,6,8,8,9,6,8,7,4,6,9,6,8,8,9,8,5,6,6,7,12,5,7,6,9,7,5,7,5,9,8,5,7,8,7,4,6,11,6,11,7,8,9,8,12,8,10,5,10,12,9,6,9,6,8,10,8,13,5,5,11,8,4,9,11,8,9,12,9,10,7,3,10,7,6,8,8,9,10,11,7,10,5,7,8,8,9,8,9,9,5,7,8,9,8,8,10,7,5,9,7,8,5,12,12,8,7,6,5,8,6,9,6,8,4,9,5,8,12,12,9,6,7,6,5,7,9,5,7,8,4,7,4,12,6,12,6,7,8,7,7,7,5,7,7,9,8,13,6,7,12,7,13,8,8,6,6,5,6,9,9,10,10,10,7,10,9,12,6,7,10,7,6,8,13,8,7,7,5,8,11,8,8,6,9,11,10,10
align-dinov2+500m-things+hyp-abl10cat-7-random,9,8,6,9,7,5,9,10,3,6,8,6,4,8,8,5,6,5,9,6,6,8,7,8,4,12,6,7,5,7,11,8,10,10,4,13,8,9,8,12,8,6,4,6,7,8,7,10,8,8,7,8,10,9,8,6,8,11,9,25,7,9,8,7,8,10,8,9,10,9,9,12,8,10,6,11,11,8,7,7,5,14,7,8,8,9,8,5,6,14,12,7,8,5,6,7,7,7,7,4,9,6,10,7,8,7,11,9,10,6,13,10,3,6,4,10,5,7,8,8,6,9,6,10,16,11,6,7,8,5,8,6,6,8,7,12,11,5,10,9,5,8,8,10,4,7,5,4,6,5,16,10,6,8,3,7,10,4,6,8,8,7,8,7,6,10,10,8,8,9,8,5,7,10,7,8,4,12,9,7,10,10,7,10,6,7,7,7,7,10,5,9,8,7,6,9,11,8,9,8,8,6,5,7,9,7,9,7,6,7,5,7,6,8,7,7,4,5,9,7,9,5,10,8,8,13,9,10,6,6,11,4,9,7,8,6,7,7,7,5,8,7,5,10,9,8,6,5,10,5,12,11,6,7,5,7,5,8,11,8,9,7,8,6,6,6,10,6,12,5,11,7,15,11,8,9,11,10,14,10,7,8,6,8,8,6,7,7,10,11,7,9,4,7,5,5,4,7,5,9,8,8,12,10,7,8,10,7,10,13,8,11,9,5,8,7,7,7,9,7,6,8,9,8,8,7,9,6,6,9,6,6,8,7,10,11,8,14,11,9,12,7,13,10,7,8,6,7,7,11,8,4,7,6,6,7,9,8,9,8,9,9,8,8,8,9,6,8,8,10,5,8,6,7,6,8,7,8,7,7,5,4,7,7,7,6,10,7,5,5,17,5,8,10,8,4,7,6,7,11,6,7,8,6,3,8,6,9,9,12,4,9,5,8,6,6,4,5,7,10,6,9,6,6,13,5,5,11,6,7,8,5,8,5,10,4,4,6,16,5,8,5,6,11,13,6,5,5,10,10,6,10,9,8,11,9,7,7,9,7,10,5,3,9,5,7,11,5,8,6,8,10,5,10,5,8,6,8,5,8,11,3,3,7,5,11,10,10,7,8,7,10,6,10,8,4,11,10,5,7,6,7,9,9,4,6,5,9,6,6,10,11,7,10,10,8,9,8,10,6,6,4,6,8,12,5,10,11,9,7,6,5,6,8,10,10,3,13,7,11,5,6,9,5,7,7,9,7,7,11,8,7,9,14,11,8,10,9,6,10,6,6,6,8,6,11,8,8,11,5,8,10,6,10,7,9,5,9,9,7,8,6,14,11,6,4,7,11,7,6,10,7,5,7,9,15,6,6,10,8,11,7,8,7,6,10,8,10,9,10,8,6,13,9,11,7,8,8,3,6,7,7,6,6,9,6,9,7,8,7,6,11,10,4,6,9,6,10,11,4,7,8,12,8,5,8,7,8,6,7,9,6,7,7,6,4,8,8,10,6,6,7,9,6,11,7,11,7,10,9,5,7,8,9,9,7,5,15,4,7,7,5,6,5,6,6,7,8,8,6,9,10,9,8,12,8,9,5,12,13,7,6,11,5,12,7,8,5,9,6,8,5,6,5,9,7,9,12,8,4,10,11,6,4,4,9,6,6,8,8,4,5,8,8,13,9,7,6,5,6,11,11,6,11,9,6,6,7,6,5,7,10,9,7,10,8,4,8,11,6,6,6,7,10,5,7,8,6,8,4,10,10,9,6,8,5,5,4,9,15,8,6,7,7,9,10,5,7,10,10,4,5,7,9,7,6,9,8,6,11,6,6,6,6,11,13,8,12,8,8,6,6,7,7,11,10,6,7,7,5,6,9,7,8,5,9,9,6,7,9,9,3,5,11,9,8,6,8,5,7,8,9,8,6,5,7,10,7,13,5,7,11,8,9,7,7,5,11,10,6,8,7,10,11,7,6,7,8,10,7,7,9,3,7,10,11,12,7,8,12,6,8,5,6,7,9,6,6,6,9,6,5,7,3,9,11,8,10,7,8,5,8,4,4,10,12,4,6,7,9,8,10,4,8,10,5,7,7,6,6,7,4,5,9,7,8,10,7,6,11,4,9,10,6,6,9,10,5,9,4,8,8,8,6,8,8,7,14,5,12,8,5,9,8,4,8,11,8,9,7,8,8,9,4,7,8,4,5,7,7,8,4,8,8,9,9,10,5,6,8,9,3,7,7,5,4,10,6,11,7,5,7,5,7,7,9,6,6,7,8,7,6,8,8,9,6,8,7,4,6,9,6,8,8,9,8,5,6,6,7,12,5,7,6,9,7,5,7,5,9,8,5,7,8,7,4,6,11,6,11,7,8,9,8,12,8,10,5,10,12,9,6,9,6,8,10,8,13,5,5,11,8,4,9,11,8,9,12,9,10,7,3,10,7,6,8,8,9,10,11,7,10,5,7,8,8,9,8,9,9,5,7,8,9,8,8,10,7,5,9,7,8,5,12,12,8,7,6,5,8,6,9,6,8,4,9,5,8,12,12,9,6,7,6,5,7,9,5,7,8,4,7,4,12,6,12,6,7,8,7,7,7,5,7,7,9,8,13,6,7,12,7,13,8,8,6,6,5,6,9,9,10,10,10,7,10,9,12,6,7,10,7,6,8,13,8,7,7,5,8,11,8,8,6,9,11,10,10
align-dinov2+500m-things+hyp-abl10cat-local-shuffled-218,4,7,11,8,5,8,9,7,8,6,11,10,6,9,7,8,10,14,9,6,10,8,9,6,7,7,7,9,11,7,9,7,9,5,7,7,10,8,7,10,6,8,5,8,9,6,7,6,10,6,6,4,9,10,8,7,7,4,5,19,10,4,9,7,9,9,7,7,5,8,9,5,7,10,10,8,5,7,7,4,7,10,7,9,5,11,5,5,8,8,12,7,10,9,9,8,10,8,6,9,9,8,7,10,11,6,10,9,9,9,10,8,10,7,7,9,8,8,9,10,8,7,7,4,15,11,8,7,8,5,8,11,8,9,10,9,9,6,10,4,5,7,8,8,6,9,7,7,6,8,15,6,4,8,7,8,4,8,5,6,8,8,5,5,9,7,6,8,6,7,5,6,10,7,6,7,9,9,7,5,6,9,10,6,11,6,7,7,7,5,8,4,9,6,9,10,8,8,10,6,10,4,5,5,13,4,5,7,7,9,9,4,6,8,7,6,4,6,6,9,7,4,10,5,11,7,9,8,6,7,15,7,5,8,8,9,6,6,7,5,9,6,7,11,8,13,6,12,6,9,8,8,7,8,7,5,7,9,9,7,7,9,10,7,5,10,8,9,8,5,8,7,8,7,6,8,6,10,6,7,9,5,9,7,8,5,7,6,5,9,10,5,7,10,7,5,10,6,11,6,6,6,11,5,9,10,8,8,5,9,11,8,9,6,6,5,10,8,9,9,9,13,9,5,8,7,6,9,6,7,7,3,6,10,9,7,9,8,8,10,8,8,8,9,8,12,7,7,6,8,10,7,8,12,6,4,5,6,9,8,8,6,5,7,4,7,10,6,6,7,10,8,8,3,4,6,8,5,6,10,4,6,9,7,8,7,6,11,8,10,16,8,12,7,4,6,6,7,11,13,7,10,11,9,7,7,6,8,6,6,7,8,4,6,6,9,7,10,10,8,9,10,8,5,7,10,8,4,8,8,8,7,10,8,5,6,9,5,5,9,10,10,8,6,6,9,12,9,11,5,9,10,9,10,7,9,8,11,7,7,7,5,8,7,7,11,7,6,7,8,9,7,8,8,7,11,5,4,9,7,7,5,10,5,6,8,8,7,7,5,10,7,10,11,4,6,9,5,9,8,11,8,6,9,5,10,13,7,8,9,9,6,5,6,10,8,10,8,8,11,8,6,6,9,9,9,10,5,10,5,5,10,7,9,8,10,8,6,10,8,6,11,10,7,7,7,5,7,8,8,7,9,12,16,9,8,8,10,11,9,8,4,8,6,8,6,7,4,5,9,5,6,6,10,9,7,8,9,7,10,7,4,10,8,8,4,6,6,5,9,10,8,8,8,10,5,5,7,6,4,8,9,5,5,7,13,5,8,12,7,8,13,5,7,8,8,9,5,10,9,8,7,12,9,5,10,6,8,6,7,8,7,10,12,6,7,7,8,7,11,5,4,7,5,8,7,6,7,4,12,11,8,8,8,10,5,10,11,9,9,8,7,10,7,5,6,9,9,8,5,6,7,10,8,6,4,6,8,5,5,5,7,6,7,8,8,5,7,12,7,11,12,3,12,5,7,7,5,8,6,5,9,8,9,6,8,9,8,12,8,6,9,8,8,4,8,9,8,5,10,5,6,7,12,10,9,9,10,9,15,8,6,5,5,4,9,6,9,7,13,6,11,6,5,11,6,8,6,6,7,8,7,7,6,5,8,5,13,6,8,8,9,8,8,7,8,10,9,7,8,8,9,10,7,9,10,12,6,5,9,7,5,8,8,6,8,9,8,9,5,8,8,6,9,7,9,7,5,7,12,10,7,8,7,12,14,8,7,7,6,8,7,5,10,7,7,8,10,8,6,9,13,10,6,7,6,6,10,12,11,6,3,9,9,5,9,12,7,8,6,7,9,7,6,9,10,7,9,8,10,13,15,11,7,9,11,8,7,12,5,6,8,6,4,9,8,6,5,13,7,6,11,6,6,8,7,8,6,6,8,7,10,4,5,8,9,10,6,13,7,5,9,9,9,8,8,7,9,5,11,8,10,6,9,9,7,8,5,9,7,8,7,9,8,13,10,8,6,7,6,9,8,7,6,6,4,5,6,8,4,7,5,7,6,5,7,10,6,6,4,8,11,6,15,7,8,10,6,6,7,6,10,7,10,10,7,8,11,9,7,7,11,10,11,6,9,5,10,9,8,7,10,10,5,11,9,9,10,7,4,8,7,6,8,7,8,9,6,7,6,8,13,8,8,4,8,7,7,7,4,12,10,6,10,6,9,11,7,9,6,9,10,8,7,7,9,6,6,5,5,8,5,6,9,4,9,11,12,12,9,7,7,10,13,10,8,5,6,7,6,10,9,6,10,6,11,6,9,7,16,10,6,6,7,8,10,8,10,4,5,8,11,8,6,7,11,7,9,6,10,9,7,7,8,10,6,7,7,9,5,4,9,5,8,8,5,8,8,9,7,6,10,6,14,5,8,5,9,9,6,4,11,8,7,10,7,6,4,11,14,6,9,5,6,9,8,5,9,9,12,8,6,14,6,4,8,5,8,8,8,9,5,9,5,7,7,7,4,10,10,9,12,7,6,5,7,6,6,10,8,5,8,8,9,9,7,7,8,3,5,9,7,7,6,7,6,6,4,8,9,7,4,7,6,7,13,10,7,6,9,6,8,7,7,7,6,6,6
align-dinov2+500m-things+hyp-abl10cat-local-shuffled-42,4,7,11,8,5,8,9,7,8,6,11,10,6,9,7,8,10,14,9,6,10,8,9,6,7,7,7,9,11,7,9,7,9,5,7,7,10,8,7,10,6,8,5,8,9,6,7,6,10,6,6,4,9,10,8,7,7,4,5,19,10,4,9,7,9,9,7,7,5,8,9,5,7,10,10,8,5,7,7,4,7,10,7,9,5,11,5,5,8,8,12,7,10,9,9,8,10,8,6,9,9,8,7,10,11,6,10,9,9,9,10,8,10,7,7,9,8,8,9,10,8,7,7,4,15,11,8,7,8,5,8,11,8,9,10,9,9,6,10,4,5,7,8,8,6,9,7,7,6,8,15,6,4,8,7,8,4,8,5,6,8,8,5,5,9,7,6,8,6,7,5,6,10,7,6,7,9,9,7,5,6,9,10,6,11,6,7,7,7,5,8,4,9,6,9,10,8,8,10,6,10,4,5,5,13,4,5,7,7,9,9,4,6,8,7,6,4,6,6,9,7,4,10,5,11,7,9,8,6,7,15,7,5,8,8,9,6,6,7,5,9,6,7,11,8,13,6,12,6,9,8,8,7,8,7,5,7,9,9,7,7,9,10,7,5,10,8,9,8,5,8,7,8,7,6,8,6,10,6,7,9,5,9,7,8,5,7,6,5,9,10,5,7,10,7,5,10,6,11,6,6,6,11,5,9,10,8,8,5,9,11,8,9,6,6,5,10,8,9,9,9,13,9,5,8,7,6,9,6,7,7,3,6,10,9,7,9,8,8,10,8,8,8,9,8,12,7,7,6,8,10,7,8,12,6,4,5,6,9,8,8,6,5,7,4,7,10,6,6,7,10,8,8,3,4,6,8,5,6,10,4,6,9,7,8,7,6,11,8,10,16,8,12,7,4,6,6,7,11,13,7,10,11,9,7,7,6,8,6,6,7,8,4,6,6,9,7,10,10,8,9,10,8,5,7,10,8,4,8,8,8,7,10,8,5,6,9,5,5,9,10,10,8,6,6,9,12,9,11,5,9,10,9,10,7,9,8,11,7,7,7,5,8,7,7,11,7,6,7,8,9,7,8,8,7,11,5,4,9,7,7,5,10,5,6,8,8,7,7,5,10,7,10,11,4,6,9,5,9,8,11,8,6,9,5,10,13,7,8,9,9,6,5,6,10,8,10,8,8,11,8,6,6,9,9,9,10,5,10,5,5,10,7,9,8,10,8,6,10,8,6,11,10,7,7,7,5,7,8,8,7,9,12,16,9,8,8,10,11,9,8,4,8,6,8,6,7,4,5,9,5,6,6,10,9,7,8,9,7,10,7,4,10,8,8,4,6,6,5,9,10,8,8,8,10,5,5,7,6,4,8,9,5,5,7,13,5,8,12,7,8,13,5,7,8,8,9,5,10,9,8,7,12,9,5,10,6,8,6,7,8,7,10,12,6,7,7,8,7,11,5,4,7,5,8,7,6,7,4,12,11,8,8,8,10,5,10,11,9,9,8,7,10,7,5,6,9,9,8,5,6,7,10,8,6,4,6,8,5,5,5,7,6,7,8,8,5,7,12,7,11,12,3,12,5,7,7,5,8,6,5,9,8,9,6,8,9,8,12,8,6,9,8,8,4,8,9,8,5,10,5,6,7,12,10,9,9,10,9,15,8,6,5,5,4,9,6,9,7,13,6,11,6,5,11,6,8,6,6,7,8,7,7,6,5,8,5,13,6,8,8,9,8,8,7,8,10,9,7,8,8,9,10,7,9,10,12,6,5,9,7,5,8,8,6,8,9,8,9,5,8,8,6,9,7,9,7,5,7,12,10,7,8,7,12,14,8,7,7,6,8,7,5,10,7,7,8,10,8,6,9,13,10,6,7,6,6,10,12,11,6,3,9,9,5,9,12,7,8,6,7,9,7,6,9,10,7,9,8,10,13,15,11,7,9,11,8,7,12,5,6,8,6,4,9,8,6,5,13,7,6,11,6,6,8,7,8,6,6,8,7,10,4,5,8,9,10,6,13,7,5,9,9,9,8,8,7,9,5,11,8,10,6,9,9,7,8,5,9,7,8,7,9,8,13,10,8,6,7,6,9,8,7,6,6,4,5,6,8,4,7,5,7,6,5,7,10,6,6,4,8,11,6,15,7,8,10,6,6,7,6,10,7,10,10,7,8,11,9,7,7,11,10,11,6,9,5,10,9,8,7,10,10,5,11,9,9,10,7,4,8,7,6,8,7,8,9,6,7,6,8,13,8,8,4,8,7,7,7,4,12,10,6,10,6,9,11,7,9,6,9,10,8,7,7,9,6,6,5,5,8,5,6,9,4,9,11,12,12,9,7,7,10,13,10,8,5,6,7,6,10,9,6,10,6,11,6,9,7,16,10,6,6,7,8,10,8,10,4,5,8,11,8,6,7,11,7,9,6,10,9,7,7,8,10,6,7,7,9,5,4,9,5,8,8,5,8,8,9,7,6,10,6,14,5,8,5,9,9,6,4,11,8,7,10,7,6,4,11,14,6,9,5,6,9,8,5,9,9,12,8,6,14,6,4,8,5,8,8,8,9,5,9,5,7,7,7,4,10,10,9,12,7,6,5,7,6,6,10,8,5,8,8,9,9,7,7,8,3,5,9,7,7,6,7,6,6,4,8,9,7,4,7,6,7,13,10,7,6,9,6,8,7,7,7,6,6,6
align-dinov2+500m-things+hyp-abl10cat-local-shuffled-7,4,7,11,8,5,8,9,7,8,6,11,10,6,9,7,8,10,14,9,6,10,8,9,6,7,7,7,9,11,7,9,7,9,5,7,7,10,8,7,10,6,8,5,8,9,6,7,6,10,6,6,4,9,10,8,7,7,4,5,19,10,4,9,7,9,9,7,7,5,8,9,5,7,10,10,8,5,7,7,4,7,10,7,9,5,11,5,5,8,8,12,7,10,9,9,8,10,8,6,9,9,8,7,10,11,6,10,9,9,9,10,8,10,7,7,9,8,8,9,10,8,7,7,4,15,11,8,7,8,5,8,11,8,9,10,9,9,6,10,4,5,7,8,8,6,9,7,7,6,8,15,6,4,8,7,8,4,8,5,6,8,8,5,5,9,7,6,8,6,7,5,6,10,7,6,7,9,9,7,5,6,9,10,6,11,6,7,7,7,5,8,4,9,6,9,10,8,8,10,6,10,4,5,5,13,4,5,7,7,9,9,4,6,8,7,6,4,6,6,9,7,4,10,5,11,7,9,8,6,7,15,7,5,8,8,9,6,6,7,5,9,6,7,11,8,13,6,12,6,9,8,8,7,8,7,5,7,9,9,7,7,9,10,7,5,10,8,9,8,5,8,7,8,7,6,8,6,10,6,7,9,5,9,7,8,5,7,6,5,9,10,5,7,10,7,5,10,6,11,6,6,6,11,5,9,10,8,8,5,9,11,8,9,6,6,5,10,8,9,9,9,13,9,5,8,7,6,9,6,7,7,3,6,10,9,7,9,8,8,10,8,8,8,9,8,12,7,7,6,8,10,7,8,12,6,4,5,6,9,8,8,6,5,7,4,7,10,6,6,7,10,8,8,3,4,6,8,5,6,10,4,6,9,7,8,7,6,11,8,10,16,8,12,7,4,6,6,7,11,13,7,10,11,9,7,7,6,8,6,6,7,8,4,6,6,9,7,10,10,8,9,10,8,5,7,10,8,4,8,8,8,7,10,8,5,6,9,5,5,9,10,10,8,6,6,9,12,9,11,5,9,10,9,10,7,9,8,11,7,7,7,5,8,7,7,11,7,6,7,8,9,7,8,8,7,11,5,4,9,7,7,5,10,5,6,8,8,7,7,5,10,7,10,11,4,6,9,5,9,8,11,8,6,9,5,10,13,7,8,9,9,6,5,6,10,8,10,8,8,11,8,6,6,9,9,9,10,5,10,5,5,10,7,9,8,10,8,6,10,8,6,11,10,7,7,7,5,7,8,8,7,9,12,16,9,8,8,10,11,9,8,4,8,6,8,6,7,4,5,9,5,6,6,10,9,7,8,9,7,10,7,4,10,8,8,4,6,6,5,9,10,8,8,8,10,5,5,7,6,4,8,9,5,5,7,13,5,8,12,7,8,13,5,7,8,8,9,5,10,9,8,7,12,9,5,10,6,8,6,7,8,7,10,12,6,7,7,8,7,11,5,4,7,5,8,7,6,7,4,12,11,8,8,8,10,5,10,11,9,9,8,7,10,7,5,6,9,9,8,5,6,7,10,8,6,4,6,8,5,5,5,7,6,7,8,8,5,7,12,7,11,12,3,12,5,7,7,5,8,6,5,9,8,9,6,8,9,8,12,8,6,9,8,8,4,8,9,8,5,10,5,6,7,12,10,9,9,10,9,15,8,6,5,5,4,9,6,9,7,13,6,11,6,5,11,6,8,6,6,7,8,7,7,6,5,8,5,13,6,8,8,9,8,8,7,8,10,9,7,8,8,9,10,7,9,10,12,6,5,9,7,5,8,8,6,8,9,8,9,5,8,8,6,9,7,9,7,5,7,12,10,7,8,7,12,14,8,7,7,6,8,7,5,10,7,7,8,10,8,6,9,13,10,6,7,6,6,10,12,11,6,3,9,9,5,9,12,7,8,6,7,9,7,6,9,10,7,9,8,10,13,15,11,7,9,11,8,7,12,5,6,8,6,4,9,8,6,5,13,7,6,11,6,6,8,7,8,6,6,8,7,10,4,5,8,9,10,6,13,7,5,9,9,9,8,8,7,9,5,11,8,10,6,9,9,7,8,5,9,7,8,7,9,8,13,10,8,6,7,6,9,8,7,6,6,4,5,6,8,4,7,5,7,6,5,7,10,6,6,4,8,11,6,15,7,8,10,6,6,7,6,10,7,10,10,7,8,11,9,7,7,11,10,11,6,9,5,10,9,8,7,10,10,5,11,9,9,10,7,4,8,7,6,8,7,8,9,6,7,6,8,13,8,8,4,8,7,7,7,4,12,10,6,10,6,9,11,7,9,6,9,10,8,7,7,9,6,6,5,5,8,5,6,9,4,9,11,12,12,9,7,7,10,13,10,8,5,6,7,6,10,9,6,10,6,11,6,9,7,16,10,6,6,7,8,10,8,10,4,5,8,11,8,6,7,11,7,9,6,10,9,7,7,8,10,6,7,7,9,5,4,9,5,8,8,5,8,8,9,7,6,10,6,14,5,8,5,9,9,6,4,11,8,7,10,7,6,4,11,14,6,9,5,6,9,8,5,9,9,12,8,6,14,6,4,8,5,8,8,8,9,5,9,5,7,7,7,4,10,10,9,12,7,6,5,7,6,6,10,8,5,8,8,9,9,7,7,8,3,5,9,7,7,6,7,6,6,4,8,9,7,4,7,6,7,13,10,7,6,9,6,8,7,7,7,6,6,6
align-dinov2+500m-things+hyp-abl10cat-shuffled-218,10,7,9,9,7,8,4,4,8,5,7,7,9,7,9,7,8,11,6,8,4,5,6,11,9,9,7,7,4,11,9,11,8,7,9,6,6,7,8,5,6,11,7,8,6,10,9,5,9,11,6,6,3,8,6,9,4,10,6,23,7,6,8,6,12,7,7,9,11,8,6,8,7,6,11,7,10,8,11,4,8,6,11,4,4,5,10,9,9,5,5,8,8,8,5,7,11,7,6,9,11,8,6,13,6,7,6,7,10,4,6,8,8,8,8,9,6,7,7,8,9,6,13,6,11,4,9,8,12,11,5,5,7,5,8,8,7,7,9,11,9,9,9,6,5,6,6,5,5,9,13,7,6,12,7,11,6,8,7,11,8,9,7,10,12,6,8,6,10,9,12,6,8,6,3,6,6,12,9,7,7,6,8,6,10,9,11,8,8,9,4,7,7,7,8,7,4,7,5,6,7,9,5,10,11,5,7,10,6,8,6,7,9,8,10,14,9,5,7,7,5,6,7,7,7,9,4,8,9,8,7,8,5,6,9,6,8,7,5,7,6,7,12,11,11,5,8,10,7,8,7,4,7,5,8,7,7,8,6,8,9,9,8,7,9,7,8,6,12,9,7,7,5,7,12,6,6,5,8,7,10,9,8,12,7,9,7,11,7,4,6,7,7,6,7,7,4,11,9,9,7,7,7,8,7,5,7,7,6,10,5,9,8,6,12,11,4,6,9,5,7,8,8,10,8,8,12,5,10,8,7,8,10,11,7,5,9,5,8,9,7,10,9,8,7,5,7,5,8,6,8,10,9,8,10,8,4,5,11,8,10,7,7,10,5,10,8,9,5,5,11,8,5,8,10,7,7,7,8,9,6,7,14,8,12,3,12,6,6,7,13,5,16,10,7,10,7,8,6,5,8,9,8,10,5,4,9,4,9,5,8,6,4,8,8,12,6,7,6,4,7,5,11,8,10,10,5,9,10,12,6,7,7,6,5,10,10,8,9,7,7,6,4,12,6,9,7,8,8,11,4,5,7,7,5,7,4,8,9,11,8,4,8,10,5,9,7,9,5,7,10,8,6,11,10,11,5,6,8,8,5,8,10,11,5,9,10,10,8,8,5,9,8,3,8,8,4,8,7,10,7,8,10,6,12,9,4,7,6,7,7,11,5,3,13,7,6,7,6,7,10,9,5,8,6,4,6,11,7,9,9,8,9,13,9,10,6,5,10,5,8,6,8,13,7,5,6,5,3,9,8,10,11,15,9,7,13,7,8,8,4,12,7,8,8,8,4,10,8,5,10,6,7,7,9,5,9,6,11,10,10,6,8,11,8,7,14,6,10,8,12,5,5,7,5,8,8,11,10,5,10,7,9,7,6,6,12,6,5,7,11,10,5,3,9,7,9,14,14,3,8,7,11,5,12,7,5,5,10,9,6,12,5,5,10,6,7,6,5,6,14,11,6,7,7,10,6,8,4,6,9,7,8,5,5,7,9,12,8,9,8,9,10,7,7,6,8,9,8,7,10,6,6,5,10,10,5,5,8,9,8,9,7,7,10,8,8,7,7,6,9,9,7,14,7,6,9,11,9,10,5,8,9,9,8,7,8,6,10,7,11,4,4,8,7,13,7,4,8,10,7,6,9,7,7,6,8,8,8,5,8,9,7,5,10,6,10,8,5,8,8,6,6,7,7,8,8,6,9,5,5,5,6,7,6,10,10,11,11,8,8,6,10,10,11,9,9,5,11,7,10,5,9,5,5,7,7,3,4,10,6,7,8,9,10,8,11,11,10,7,10,10,6,8,6,8,7,8,5,7,10,7,5,6,10,8,11,6,9,9,13,8,6,6,5,6,8,10,6,6,6,6,6,8,11,9,11,6,5,9,7,8,10,9,10,5,8,6,7,5,8,4,7,7,7,7,9,10,9,7,9,10,6,8,9,7,9,8,9,8,7,6,6,6,5,12,5,7,7,9,6,5,8,9,13,9,7,9,5,6,9,6,5,12,6,12,6,8,8,6,9,6,8,5,10,6,10,10,9,4,7,10,7,8,8,6,10,8,5,9,5,7,5,8,6,4,13,7,5,5,14,6,8,11,6,4,10,8,9,10,7,11,7,5,4,4,10,8,6,9,8,5,11,9,11,8,9,8,11,8,10,4,4,7,9,5,6,7,10,6,5,8,6,9,5,7,6,8,7,7,7,9,5,5,6,8,6,7,9,5,11,8,10,7,9,10,6,6,8,4,9,6,7,7,8,6,8,6,9,8,10,10,10,6,4,8,5,7,8,6,7,7,10,7,9,7,8,7,4,10,9,10,7,10,8,7,8,9,5,7,6,7,8,8,7,11,6,9,10,8,8,7,7,5,6,9,7,9,9,8,10,8,7,8,8,8,8,8,8,4,11,6,7,7,7,6,8,8,7,4,6,10,10,4,6,5,5,10,9,9,5,9,6,10,4,11,5,8,7,10,7,14,11,8,11,8,6,12,13,8,12,9,6,4,9,6,13,7,11,8,9,9,7,6,10,9,15,10,7,6,9,9,9,11,11,7,6,11,5,11,5,5,6,8,6,7,10,12,8,6,5,10,6,10,6,6,7,7,8,6,9,8,7,8,10,4,8,5,4,5,7,13,6,9,11,9,9,9,11,6,10,7,8,7,5,8,6,6,10,7,6,5,6,8,8,8,12,8
align-dinov2+500m-things+hyp-abl10cat-shuffled-42,10,7,9,9,7,8,4,4,8,5,7,7,9,7,9,7,8,11,6,8,4,5,6,11,9,9,7,7,4,11,9,11,8,7,9,6,6,7,8,5,6,11,7,8,6,10,9,5,9,11,6,6,3,8,6,9,4,10,6,23,7,6,8,6,12,7,7,9,11,8,6,8,7,6,11,7,10,8,11,4,8,6,11,4,4,5,10,9,9,5,5,8,8,8,5,7,11,7,6,9,11,8,6,13,6,7,6,7,10,4,6,8,8,8,8,9,6,7,7,8,9,6,13,6,11,4,9,8,12,11,5,5,7,5,8,8,7,7,9,11,9,9,9,6,5,6,6,5,5,9,13,7,6,12,7,11,6,8,7,11,8,9,7,10,12,6,8,6,10,9,12,6,8,6,3,6,6,12,9,7,7,6,8,6,10,9,11,8,8,9,4,7,7,7,8,7,4,7,5,6,7,9,5,10,11,5,7,10,6,8,6,7,9,8,10,14,9,5,7,7,5,6,7,7,7,9,4,8,9,8,7,8,5,6,9,6,8,7,5,7,6,7,12,11,11,5,8,10,7,8,7,4,7,5,8,7,7,8,6,8,9,9,8,7,9,7,8,6,12,9,7,7,5,7,12,6,6,5,8,7,10,9,8,12,7,9,7,11,7,4,6,7,7,6,7,7,4,11,9,9,7,7,7,8,7,5,7,7,6,10,5,9,8,6,12,11,4,6,9,5,7,8,8,10,8,8,12,5,10,8,7,8,10,11,7,5,9,5,8,9,7,10,9,8,7,5,7,5,8,6,8,10,9,8,10,8,4,5,11,8,10,7,7,10,5,10,8,9,5,5,11,8,5,8,10,7,7,7,8,9,6,7,14,8,12,3,12,6,6,7,13,5,16,10,7,10,7,8,6,5,8,9,8,10,5,4,9,4,9,5,8,6,4,8,8,12,6,7,6,4,7,5,11,8,10,10,5,9,10,12,6,7,7,6,5,10,10,8,9,7,7,6,4,12,6,9,7,8,8,11,4,5,7,7,5,7,4,8,9,11,8,4,8,10,5,9,7,9,5,7,10,8,6,11,10,11,5,6,8,8,5,8,10,11,5,9,10,10,8,8,5,9,8,3,8,8,4,8,7,10,7,8,10,6,12,9,4,7,6,7,7,11,5,3,13,7,6,7,6,7,10,9,5,8,6,4,6,11,7,9,9,8,9,13,9,10,6,5,10,5,8,6,8,13,7,5,6,5,3,9,8,10,11,15,9,7,13,7,8,8,4,12,7,8,8,8,4,10,8,5,10,6,7,7,9,5,9,6,11,10,10,6,8,11,8,7,14,6,10,8,12,5,5,7,5,8,8,11,10,5,10,7,9,7,6,6,12,6,5,7,11,10,5,3,9,7,9,14,14,3,8,7,11,5,12,7,5,5,10,9,6,12,5,5,10,6,7,6,5,6,14,11,6,7,7,10,6,8,4,6,9,7,8,5,5,7,9,12,8,9,8,9,10,7,7,6,8,9,8,7,10,6,6,5,10,10,5,5,8,9,8,9,7,7,10,8,8,7,7,6,9,9,7,14,7,6,9,11,9,10,5,8,9,9,8,7,8,6,10,7,11,4,4,8,7,13,7,4,8,10,7,6,9,7,7,6,8,8,8,5,8,9,7,5,10,6,10,8,5,8,8,6,6,7,7,8,8,6,9,5,5,5,6,7,6,10,10,11,11,8,8,6,10,10,11,9,9,5,11,7,10,5,9,5,5,7,7,3,4,10,6,7,8,9,10,8,11,11,10,7,10,10,6,8,6,8,7,8,5,7,10,7,5,6,10,8,11,6,9,9,13,8,6,6,5,6,8,10,6,6,6,6,6,8,11,9,11,6,5,9,7,8,10,9,10,5,8,6,7,5,8,4,7,7,7,7,9,10,9,7,9,10,6,8,9,7,9,8,9,8,7,6,6,6,5,12,5,7,7,9,6,5,8,9,13,9,7,9,5,6,9,6,5,12,6,12,6,8,8,6,9,6,8,5,10,6,10,10,9,4,7,10,7,8,8,6,10,8,5,9,5,7,5,8,6,4,13,7,5,5,14,6,8,11,6,4,10,8,9,10,7,11,7,5,4,4,10,8,6,9,8,5,11,9,11,8,9,8,11,8,10,4,4,7,9,5,6,7,10,6,5,8,6,9,5,7,6,8,7,7,7,9,5,5,6,8,6,7,9,5,11,8,10,7,9,10,6,6,8,4,9,6,7,7,8,6,8,6,9,8,10,10,10,6,4,8,5,7,8,6,7,7,10,7,9,7,8,7,4,10,9,10,7,10,8,7,8,9,5,7,6,7,8,8,7,11,6,9,10,8,8,7,7,5,6,9,7,9,9,8,10,8,7,8,8,8,8,8,8,4,11,6,7,7,7,6,8,8,7,4,6,10,10,4,6,5,5,10,9,9,5,9,6,10,4,11,5,8,7,10,7,14,11,8,11,8,6,12,13,8,12,9,6,4,9,6,13,7,11,8,9,9,7,6,10,9,15,10,7,6,9,9,9,11,11,7,6,11,5,11,5,5,6,8,6,7,10,12,8,6,5,10,6,10,6,6,7,7,8,6,9,8,7,8,10,4,8,5,4,5,7,13,6,9,11,9,9,9,11,6,10,7,8,7,5,8,6,6,10,7,6,5,6,8,8,8,12,8
align-dinov2+500m-things+hyp-abl10cat-shuffled-7,10,7,9,9,7,8,4,4,8,5,7,7,9,7,9,7,8,11,6,8,4,5,6,11,9,9,7,7,4,11,9,11,8,7,9,6,6,7,8,5,6,11,7,8,6,10,9,5,9,11,6,6,3,8,6,9,4,10,6,23,7,6,8,6,12,7,7,9,11,8,6,8,7,6,11,7,10,8,11,4,8,6,11,4,4,5,10,9,9,5,5,8,8,8,5,7,11,7,6,9,11,8,6,13,6,7,6,7,10,4,6,8,8,8,8,9,6,7,7,8,9,6,13,6,11,4,9,8,12,11,5,5,7,5,8,8,7,7,9,11,9,9,9,6,5,6,6,5,5,9,13,7,6,12,7,11,6,8,7,11,8,9,7,10,12,6,8,6,10,9,12,6,8,6,3,6,6,12,9,7,7,6,8,6,10,9,11,8,8,9,4,7,7,7,8,7,4,7,5,6,7,9,5,10,11,5,7,10,6,8,6,7,9,8,10,14,9,5,7,7,5,6,7,7,7,9,4,8,9,8,7,8,5,6,9,6,8,7,5,7,6,7,12,11,11,5,8,10,7,8,7,4,7,5,8,7,7,8,6,8,9,9,8,7,9,7,8,6,12,9,7,7,5,7,12,6,6,5,8,7,10,9,8,12,7,9,7,11,7,4,6,7,7,6,7,7,4,11,9,9,7,7,7,8,7,5,7,7,6,10,5,9,8,6,12,11,4,6,9,5,7,8,8,10,8,8,12,5,10,8,7,8,10,11,7,5,9,5,8,9,7,10,9,8,7,5,7,5,8,6,8,10,9,8,10,8,4,5,11,8,10,7,7,10,5,10,8,9,5,5,11,8,5,8,10,7,7,7,8,9,6,7,14,8,12,3,12,6,6,7,13,5,16,10,7,10,7,8,6,5,8,9,8,10,5,4,9,4,9,5,8,6,4,8,8,12,6,7,6,4,7,5,11,8,10,10,5,9,10,12,6,7,7,6,5,10,10,8,9,7,7,6,4,12,6,9,7,8,8,11,4,5,7,7,5,7,4,8,9,11,8,4,8,10,5,9,7,9,5,7,10,8,6,11,10,11,5,6,8,8,5,8,10,11,5,9,10,10,8,8,5,9,8,3,8,8,4,8,7,10,7,8,10,6,12,9,4,7,6,7,7,11,5,3,13,7,6,7,6,7,10,9,5,8,6,4,6,11,7,9,9,8,9,13,9,10,6,5,10,5,8,6,8,13,7,5,6,5,3,9,8,10,11,15,9,7,13,7,8,8,4,12,7,8,8,8,4,10,8,5,10,6,7,7,9,5,9,6,11,10,10,6,8,11,8,7,14,6,10,8,12,5,5,7,5,8,8,11,10,5,10,7,9,7,6,6,12,6,5,7,11,10,5,3,9,7,9,14,14,3,8,7,11,5,12,7,5,5,10,9,6,12,5,5,10,6,7,6,5,6,14,11,6,7,7,10,6,8,4,6,9,7,8,5,5,7,9,12,8,9,8,9,10,7,7,6,8,9,8,7,10,6,6,5,10,10,5,5,8,9,8,9,7,7,10,8,8,7,7,6,9,9,7,14,7,6,9,11,9,10,5,8,9,9,8,7,8,6,10,7,11,4,4,8,7,13,7,4,8,10,7,6,9,7,7,6,8,8,8,5,8,9,7,5,10,6,10,8,5,8,8,6,6,7,7,8,8,6,9,5,5,5,6,7,6,10,10,11,11,8,8,6,10,10,11,9,9,5,11,7,10,5,9,5,5,7,7,3,4,10,6,7,8,9,10,8,11,11,10,7,10,10,6,8,6,8,7,8,5,7,10,7,5,6,10,8,11,6,9,9,13,8,6,6,5,6,8,10,6,6,6,6,6,8,11,9,11,6,5,9,7,8,10,9,10,5,8,6,7,5,8,4,7,7,7,7,9,10,9,7,9,10,6,8,9,7,9,8,9,8,7,6,6,6,5,12,5,7,7,9,6,5,8,9,13,9,7,9,5,6,9,6,5,12,6,12,6,8,8,6,9,6,8,5,10,6,10,10,9,4,7,10,7,8,8,6,10,8,5,9,5,7,5,8,6,4,13,7,5,5,14,6,8,11,6,4,10,8,9,10,7,11,7,5,4,4,10,8,6,9,8,5,11,9,11,8,9,8,11,8,10,4,4,7,9,5,6,7,10,6,5,8,6,9,5,7,6,8,7,7,7,9,5,5,6,8,6,7,9,5,11,8,10,7,9,10,6,6,8,4,9,6,7,7,8,6,8,6,9,8,10,10,10,6,4,8,5,7,8,6,7,7,10,7,9,7,8,7,4,10,9,10,7,10,8,7,8,9,5,7,6,7,8,8,7,11,6,9,10,8,8,7,7,5,6,9,7,9,9,8,10,8,7,8,8,8,8,8,8,4,11,6,7,7,7,6,8,8,7,4,6,10,10,4,6,5,5,10,9,9,5,9,6,10,4,11,5,8,7,10,7,14,11,8,11,8,6,12,13,8,12,9,6,4,9,6,13,7,11,8,9,9,7,6,10,9,15,10,7,6,9,9,9,11,11,7,6,11,5,11,5,5,6,8,6,7,10,12,8,6,5,10,6,10,6,6,7,7,8,6,9,8,7,8,10,4,8,5,4,5,7,13,6,9,11,9,9,9,11,6,10,7,8,7,5,8,6,6,10,7,6,5,6,8,8,8,12,8
align-dinov2+500m-things+hyp-abl20cat-218,9,8,6,9,7,5,9,10,3,6,8,6,4,8,8,5,6,5,9,6,6,8,7,8,4,12,6,7,5,7,11,8,10,10,4,13,8,9,8,12,8,6,4,6,7,8,7,10,8,8,7,8,10,9,8,6,8,11,9,25,7,9,8,7,8,10,8,9,10,9,9,12,8,10,6,11,11,8,7,7,5,14,7,8,8,9,8,5,6,14,12,7,8,5,6,7,7,7,7,4,9,6,10,7,8,7,11,9,10,6,13,10,3,6,4,10,5,7,8,8,6,9,6,10,16,11,6,7,8,5,8,6,6,8,7,12,11,5,10,9,5,8,8,10,4,7,5,4,6,5,16,10,6,8,3,7,10,4,6,8,8,7,8,7,6,10,10,8,8,9,8,5,7,10,7,8,4,12,9,7,10,10,7,10,6,7,7,7,7,10,5,9,8,7,6,9,11,8,9,8,8,6,5,7,9,7,9,7,6,7,5,7,6,8,7,7,4,5,9,7,9,5,10,8,8,13,9,10,6,6,11,4,9,7,8,6,7,7,7,5,8,7,5,10,9,8,6,5,10,5,12,11,6,7,5,7,5,8,11,8,9,7,8,6,6,6,10,6,12,5,11,7,15,11,8,9,11,10,14,10,7,8,6,8,8,6,7,7,10,11,7,9,4,7,5,5,4,7,5,9,8,8,12,10,7,8,10,7,10,13,8,11,9,5,8,7,7,7,9,7,6,8,9,8,8,7,9,6,6,9,6,6,8,7,10,11,8,14,11,9,12,7,13,10,7,8,6,7,7,11,8,4,7,6,6,7,9,8,9,8,9,9,8,8,8,9,6,8,8,10,5,8,6,7,6,8,7,8,7,7,5,4,7,7,7,6,10,7,5,5,17,5,8,10,8,4,7,6,7,11,6,7,8,6,3,8,6,9,9,12,4,9,5,8,6,6,4,5,7,10,6,9,6,6,13,5,5,11,6,7,8,5,8,5,10,4,4,6,16,5,8,5,6,11,13,6,5,5,10,10,6,10,9,8,11,9,7,7,9,7,10,5,3,9,5,7,11,5,8,6,8,10,5,10,5,8,6,8,5,8,11,3,3,7,5,11,10,10,7,8,7,10,6,10,8,4,11,10,5,7,6,7,9,9,4,6,5,9,6,6,10,11,7,10,10,8,9,8,10,6,6,4,6,8,12,5,10,11,9,7,6,5,6,8,10,10,3,13,7,11,5,6,9,5,7,7,9,7,7,11,8,7,9,14,11,8,10,9,6,10,6,6,6,8,6,11,8,8,11,5,8,10,6,10,7,9,5,9,9,7,8,6,14,11,6,4,7,11,7,6,10,7,5,7,9,15,6,6,10,8,11,7,8,7,6,10,8,10,9,10,8,6,13,9,11,7,8,8,3,6,7,7,6,6,9,6,9,7,8,7,6,11,10,4,6,9,6,10,11,4,7,8,12,8,5,8,7,8,6,7,9,6,7,7,6,4,8,8,10,6,6,7,9,6,11,7,11,7,10,9,5,7,8,9,9,7,5,15,4,7,7,5,6,5,6,6,7,8,8,6,9,10,9,8,12,8,9,5,12,13,7,6,11,5,12,7,8,5,9,6,8,5,6,5,9,7,9,12,8,4,10,11,6,4,4,9,6,6,8,8,4,5,8,8,13,9,7,6,5,6,11,11,6,11,9,6,6,7,6,5,7,10,9,7,10,8,4,8,11,6,6,6,7,10,5,7,8,6,8,4,10,10,9,6,8,5,5,4,9,15,8,6,7,7,9,10,5,7,10,10,4,5,7,9,7,6,9,8,6,11,6,6,6,6,11,13,8,12,8,8,6,6,7,7,11,10,6,7,7,5,6,9,7,8,5,9,9,6,7,9,9,3,5,11,9,8,6,8,5,7,8,9,8,6,5,7,10,7,13,5,7,11,8,9,7,7,5,11,10,6,8,7,10,11,7,6,7,8,10,7,7,9,3,7,10,11,12,7,8,12,6,8,5,6,7,9,6,6,6,9,6,5,7,3,9,11,8,10,7,8,5,8,4,4,10,12,4,6,7,9,8,10,4,8,10,5,7,7,6,6,7,4,5,9,7,8,10,7,6,11,4,9,10,6,6,9,10,5,9,4,8,8,8,6,8,8,7,14,5,12,8,5,9,8,4,8,11,8,9,7,8,8,9,4,7,8,4,5,7,7,8,4,8,8,9,9,10,5,6,8,9,3,7,7,5,4,10,6,11,7,5,7,5,7,7,9,6,6,7,8,7,6,8,8,9,6,8,7,4,6,9,6,8,8,9,8,5,6,6,7,12,5,7,6,9,7,5,7,5,9,8,5,7,8,7,4,6,11,6,11,7,8,9,8,12,8,10,5,10,12,9,6,9,6,8,10,8,13,5,5,11,8,4,9,11,8,9,12,9,10,7,3,10,7,6,8,8,9,10,11,7,10,5,7,8,8,9,8,9,9,5,7,8,9,8,8,10,7,5,9,7,8,5,12,12,8,7,6,5,8,6,9,6,8,4,9,5,8,12,12,9,6,7,6,5,7,9,5,7,8,4,7,4,12,6,12,6,7,8,7,7,7,5,7,7,9,8,13,6,7,12,7,13,8,8,6,6,5,6,9,9,10,10,10,7,10,9,12,6,7,10,7,6,8,13,8,7,7,5,8,11,8,8,6,9,11,10,10
align-dinov2+500m-things+hyp-abl20cat-218-random,9,8,6,9,7,5,9,10,3,6,8,6,4,8,8,5,6,5,9,6,6,8,7,8,4,12,6,7,5,7,11,8,10,10,4,13,8,9,8,12,8,6,4,6,7,8,7,10,8,8,7,8,10,9,8,6,8,11,9,25,7,9,8,7,8,10,8,9,10,9,9,12,8,10,6,11,11,8,7,7,5,14,7,8,8,9,8,5,6,14,12,7,8,5,6,7,7,7,7,4,9,6,10,7,8,7,11,9,10,6,13,10,3,6,4,10,5,7,8,8,6,9,6,10,16,11,6,7,8,5,8,6,6,8,7,12,11,5,10,9,5,8,8,10,4,7,5,4,6,5,16,10,6,8,3,7,10,4,6,8,8,7,8,7,6,10,10,8,8,9,8,5,7,10,7,8,4,12,9,7,10,10,7,10,6,7,7,7,7,10,5,9,8,7,6,9,11,8,9,8,8,6,5,7,9,7,9,7,6,7,5,7,6,8,7,7,4,5,9,7,9,5,10,8,8,13,9,10,6,6,11,4,9,7,8,6,7,7,7,5,8,7,5,10,9,8,6,5,10,5,12,11,6,7,5,7,5,8,11,8,9,7,8,6,6,6,10,6,12,5,11,7,15,11,8,9,11,10,14,10,7,8,6,8,8,6,7,7,10,11,7,9,4,7,5,5,4,7,5,9,8,8,12,10,7,8,10,7,10,13,8,11,9,5,8,7,7,7,9,7,6,8,9,8,8,7,9,6,6,9,6,6,8,7,10,11,8,14,11,9,12,7,13,10,7,8,6,7,7,11,8,4,7,6,6,7,9,8,9,8,9,9,8,8,8,9,6,8,8,10,5,8,6,7,6,8,7,8,7,7,5,4,7,7,7,6,10,7,5,5,17,5,8,10,8,4,7,6,7,11,6,7,8,6,3,8,6,9,9,12,4,9,5,8,6,6,4,5,7,10,6,9,6,6,13,5,5,11,6,7,8,5,8,5,10,4,4,6,16,5,8,5,6,11,13,6,5,5,10,10,6,10,9,8,11,9,7,7,9,7,10,5,3,9,5,7,11,5,8,6,8,10,5,10,5,8,6,8,5,8,11,3,3,7,5,11,10,10,7,8,7,10,6,10,8,4,11,10,5,7,6,7,9,9,4,6,5,9,6,6,10,11,7,10,10,8,9,8,10,6,6,4,6,8,12,5,10,11,9,7,6,5,6,8,10,10,3,13,7,11,5,6,9,5,7,7,9,7,7,11,8,7,9,14,11,8,10,9,6,10,6,6,6,8,6,11,8,8,11,5,8,10,6,10,7,9,5,9,9,7,8,6,14,11,6,4,7,11,7,6,10,7,5,7,9,15,6,6,10,8,11,7,8,7,6,10,8,10,9,10,8,6,13,9,11,7,8,8,3,6,7,7,6,6,9,6,9,7,8,7,6,11,10,4,6,9,6,10,11,4,7,8,12,8,5,8,7,8,6,7,9,6,7,7,6,4,8,8,10,6,6,7,9,6,11,7,11,7,10,9,5,7,8,9,9,7,5,15,4,7,7,5,6,5,6,6,7,8,8,6,9,10,9,8,12,8,9,5,12,13,7,6,11,5,12,7,8,5,9,6,8,5,6,5,9,7,9,12,8,4,10,11,6,4,4,9,6,6,8,8,4,5,8,8,13,9,7,6,5,6,11,11,6,11,9,6,6,7,6,5,7,10,9,7,10,8,4,8,11,6,6,6,7,10,5,7,8,6,8,4,10,10,9,6,8,5,5,4,9,15,8,6,7,7,9,10,5,7,10,10,4,5,7,9,7,6,9,8,6,11,6,6,6,6,11,13,8,12,8,8,6,6,7,7,11,10,6,7,7,5,6,9,7,8,5,9,9,6,7,9,9,3,5,11,9,8,6,8,5,7,8,9,8,6,5,7,10,7,13,5,7,11,8,9,7,7,5,11,10,6,8,7,10,11,7,6,7,8,10,7,7,9,3,7,10,11,12,7,8,12,6,8,5,6,7,9,6,6,6,9,6,5,7,3,9,11,8,10,7,8,5,8,4,4,10,12,4,6,7,9,8,10,4,8,10,5,7,7,6,6,7,4,5,9,7,8,10,7,6,11,4,9,10,6,6,9,10,5,9,4,8,8,8,6,8,8,7,14,5,12,8,5,9,8,4,8,11,8,9,7,8,8,9,4,7,8,4,5,7,7,8,4,8,8,9,9,10,5,6,8,9,3,7,7,5,4,10,6,11,7,5,7,5,7,7,9,6,6,7,8,7,6,8,8,9,6,8,7,4,6,9,6,8,8,9,8,5,6,6,7,12,5,7,6,9,7,5,7,5,9,8,5,7,8,7,4,6,11,6,11,7,8,9,8,12,8,10,5,10,12,9,6,9,6,8,10,8,13,5,5,11,8,4,9,11,8,9,12,9,10,7,3,10,7,6,8,8,9,10,11,7,10,5,7,8,8,9,8,9,9,5,7,8,9,8,8,10,7,5,9,7,8,5,12,12,8,7,6,5,8,6,9,6,8,4,9,5,8,12,12,9,6,7,6,5,7,9,5,7,8,4,7,4,12,6,12,6,7,8,7,7,7,5,7,7,9,8,13,6,7,12,7,13,8,8,6,6,5,6,9,9,10,10,10,7,10,9,12,6,7,10,7,6,8,13,8,7,7,5,8,11,8,8,6,9,11,10,10
align-dinov2+500m-things+hyp-abl20cat-42,9,8,6,9,7,5,9,10,3,6,8,6,4,8,8,5,6,5,9,6,6,8,7,8,4,12,6,7,5,7,11,8,10,10,4,13,8,9,8,12,8,6,4,6,7,8,7,10,8,8,7,8,10,9,8,6,8,11,9,25,7,9,8,7,8,10,8,9,10,9,9,12,8,10,6,11,11,8,7,7,5,14,7,8,8,9,8,5,6,14,12,7,8,5,6,7,7,7,7,4,9,6,10,7,8,7,11,9,10,6,13,10,3,6,4,10,5,7,8,8,6,9,6,10,16,11,6,7,8,5,8,6,6,8,7,12,11,5,10,9,5,8,8,10,4,7,5,4,6,5,16,10,6,8,3,7,10,4,6,8,8,7,8,7,6,10,10,8,8,9,8,5,7,10,7,8,4,12,9,7,10,10,7,10,6,7,7,7,7,10,5,9,8,7,6,9,11,8,9,8,8,6,5,7,9,7,9,7,6,7,5,7,6,8,7,7,4,5,9,7,9,5,10,8,8,13,9,10,6,6,11,4,9,7,8,6,7,7,7,5,8,7,5,10,9,8,6,5,10,5,12,11,6,7,5,7,5,8,11,8,9,7,8,6,6,6,10,6,12,5,11,7,15,11,8,9,11,10,14,10,7,8,6,8,8,6,7,7,10,11,7,9,4,7,5,5,4,7,5,9,8,8,12,10,7,8,10,7,10,13,8,11,9,5,8,7,7,7,9,7,6,8,9,8,8,7,9,6,6,9,6,6,8,7,10,11,8,14,11,9,12,7,13,10,7,8,6,7,7,11,8,4,7,6,6,7,9,8,9,8,9,9,8,8,8,9,6,8,8,10,5,8,6,7,6,8,7,8,7,7,5,4,7,7,7,6,10,7,5,5,17,5,8,10,8,4,7,6,7,11,6,7,8,6,3,8,6,9,9,12,4,9,5,8,6,6,4,5,7,10,6,9,6,6,13,5,5,11,6,7,8,5,8,5,10,4,4,6,16,5,8,5,6,11,13,6,5,5,10,10,6,10,9,8,11,9,7,7,9,7,10,5,3,9,5,7,11,5,8,6,8,10,5,10,5,8,6,8,5,8,11,3,3,7,5,11,10,10,7,8,7,10,6,10,8,4,11,10,5,7,6,7,9,9,4,6,5,9,6,6,10,11,7,10,10,8,9,8,10,6,6,4,6,8,12,5,10,11,9,7,6,5,6,8,10,10,3,13,7,11,5,6,9,5,7,7,9,7,7,11,8,7,9,14,11,8,10,9,6,10,6,6,6,8,6,11,8,8,11,5,8,10,6,10,7,9,5,9,9,7,8,6,14,11,6,4,7,11,7,6,10,7,5,7,9,15,6,6,10,8,11,7,8,7,6,10,8,10,9,10,8,6,13,9,11,7,8,8,3,6,7,7,6,6,9,6,9,7,8,7,6,11,10,4,6,9,6,10,11,4,7,8,12,8,5,8,7,8,6,7,9,6,7,7,6,4,8,8,10,6,6,7,9,6,11,7,11,7,10,9,5,7,8,9,9,7,5,15,4,7,7,5,6,5,6,6,7,8,8,6,9,10,9,8,12,8,9,5,12,13,7,6,11,5,12,7,8,5,9,6,8,5,6,5,9,7,9,12,8,4,10,11,6,4,4,9,6,6,8,8,4,5,8,8,13,9,7,6,5,6,11,11,6,11,9,6,6,7,6,5,7,10,9,7,10,8,4,8,11,6,6,6,7,10,5,7,8,6,8,4,10,10,9,6,8,5,5,4,9,15,8,6,7,7,9,10,5,7,10,10,4,5,7,9,7,6,9,8,6,11,6,6,6,6,11,13,8,12,8,8,6,6,7,7,11,10,6,7,7,5,6,9,7,8,5,9,9,6,7,9,9,3,5,11,9,8,6,8,5,7,8,9,8,6,5,7,10,7,13,5,7,11,8,9,7,7,5,11,10,6,8,7,10,11,7,6,7,8,10,7,7,9,3,7,10,11,12,7,8,12,6,8,5,6,7,9,6,6,6,9,6,5,7,3,9,11,8,10,7,8,5,8,4,4,10,12,4,6,7,9,8,10,4,8,10,5,7,7,6,6,7,4,5,9,7,8,10,7,6,11,4,9,10,6,6,9,10,5,9,4,8,8,8,6,8,8,7,14,5,12,8,5,9,8,4,8,11,8,9,7,8,8,9,4,7,8,4,5,7,7,8,4,8,8,9,9,10,5,6,8,9,3,7,7,5,4,10,6,11,7,5,7,5,7,7,9,6,6,7,8,7,6,8,8,9,6,8,7,4,6,9,6,8,8,9,8,5,6,6,7,12,5,7,6,9,7,5,7,5,9,8,5,7,8,7,4,6,11,6,11,7,8,9,8,12,8,10,5,10,12,9,6,9,6,8,10,8,13,5,5,11,8,4,9,11,8,9,12,9,10,7,3,10,7,6,8,8,9,10,11,7,10,5,7,8,8,9,8,9,9,5,7,8,9,8,8,10,7,5,9,7,8,5,12,12,8,7,6,5,8,6,9,6,8,4,9,5,8,12,12,9,6,7,6,5,7,9,5,7,8,4,7,4,12,6,12,6,7,8,7,7,7,5,7,7,9,8,13,6,7,12,7,13,8,8,6,6,5,6,9,9,10,10,10,7,10,9,12,6,7,10,7,6,8,13,8,7,7,5,8,11,8,8,6,9,11,10,10
align-dinov2+500m-things+hyp-abl20cat-42-random,9,8,6,9,7,5,9,10,3,6,8,6,4,8,8,5,6,5,9,6,6,8,7,8,4,12,6,7,5,7,11,8,10,10,4,13,8,9,8,12,8,6,4,6,7,8,7,10,8,8,7,8,10,9,8,6,8,11,9,25,7,9,8,7,8,10,8,9,10,9,9,12,8,10,6,11,11,8,7,7,5,14,7,8,8,9,8,5,6,14,12,7,8,5,6,7,7,7,7,4,9,6,10,7,8,7,11,9,10,6,13,10,3,6,4,10,5,7,8,8,6,9,6,10,16,11,6,7,8,5,8,6,6,8,7,12,11,5,10,9,5,8,8,10,4,7,5,4,6,5,16,10,6,8,3,7,10,4,6,8,8,7,8,7,6,10,10,8,8,9,8,5,7,10,7,8,4,12,9,7,10,10,7,10,6,7,7,7,7,10,5,9,8,7,6,9,11,8,9,8,8,6,5,7,9,7,9,7,6,7,5,7,6,8,7,7,4,5,9,7,9,5,10,8,8,13,9,10,6,6,11,4,9,7,8,6,7,7,7,5,8,7,5,10,9,8,6,5,10,5,12,11,6,7,5,7,5,8,11,8,9,7,8,6,6,6,10,6,12,5,11,7,15,11,8,9,11,10,14,10,7,8,6,8,8,6,7,7,10,11,7,9,4,7,5,5,4,7,5,9,8,8,12,10,7,8,10,7,10,13,8,11,9,5,8,7,7,7,9,7,6,8,9,8,8,7,9,6,6,9,6,6,8,7,10,11,8,14,11,9,12,7,13,10,7,8,6,7,7,11,8,4,7,6,6,7,9,8,9,8,9,9,8,8,8,9,6,8,8,10,5,8,6,7,6,8,7,8,7,7,5,4,7,7,7,6,10,7,5,5,17,5,8,10,8,4,7,6,7,11,6,7,8,6,3,8,6,9,9,12,4,9,5,8,6,6,4,5,7,10,6,9,6,6,13,5,5,11,6,7,8,5,8,5,10,4,4,6,16,5,8,5,6,11,13,6,5,5,10,10,6,10,9,8,11,9,7,7,9,7,10,5,3,9,5,7,11,5,8,6,8,10,5,10,5,8,6,8,5,8,11,3,3,7,5,11,10,10,7,8,7,10,6,10,8,4,11,10,5,7,6,7,9,9,4,6,5,9,6,6,10,11,7,10,10,8,9,8,10,6,6,4,6,8,12,5,10,11,9,7,6,5,6,8,10,10,3,13,7,11,5,6,9,5,7,7,9,7,7,11,8,7,9,14,11,8,10,9,6,10,6,6,6,8,6,11,8,8,11,5,8,10,6,10,7,9,5,9,9,7,8,6,14,11,6,4,7,11,7,6,10,7,5,7,9,15,6,6,10,8,11,7,8,7,6,10,8,10,9,10,8,6,13,9,11,7,8,8,3,6,7,7,6,6,9,6,9,7,8,7,6,11,10,4,6,9,6,10,11,4,7,8,12,8,5,8,7,8,6,7,9,6,7,7,6,4,8,8,10,6,6,7,9,6,11,7,11,7,10,9,5,7,8,9,9,7,5,15,4,7,7,5,6,5,6,6,7,8,8,6,9,10,9,8,12,8,9,5,12,13,7,6,11,5,12,7,8,5,9,6,8,5,6,5,9,7,9,12,8,4,10,11,6,4,4,9,6,6,8,8,4,5,8,8,13,9,7,6,5,6,11,11,6,11,9,6,6,7,6,5,7,10,9,7,10,8,4,8,11,6,6,6,7,10,5,7,8,6,8,4,10,10,9,6,8,5,5,4,9,15,8,6,7,7,9,10,5,7,10,10,4,5,7,9,7,6,9,8,6,11,6,6,6,6,11,13,8,12,8,8,6,6,7,7,11,10,6,7,7,5,6,9,7,8,5,9,9,6,7,9,9,3,5,11,9,8,6,8,5,7,8,9,8,6,5,7,10,7,13,5,7,11,8,9,7,7,5,11,10,6,8,7,10,11,7,6,7,8,10,7,7,9,3,7,10,11,12,7,8,12,6,8,5,6,7,9,6,6,6,9,6,5,7,3,9,11,8,10,7,8,5,8,4,4,10,12,4,6,7,9,8,10,4,8,10,5,7,7,6,6,7,4,5,9,7,8,10,7,6,11,4,9,10,6,6,9,10,5,9,4,8,8,8,6,8,8,7,14,5,12,8,5,9,8,4,8,11,8,9,7,8,8,9,4,7,8,4,5,7,7,8,4,8,8,9,9,10,5,6,8,9,3,7,7,5,4,10,6,11,7,5,7,5,7,7,9,6,6,7,8,7,6,8,8,9,6,8,7,4,6,9,6,8,8,9,8,5,6,6,7,12,5,7,6,9,7,5,7,5,9,8,5,7,8,7,4,6,11,6,11,7,8,9,8,12,8,10,5,10,12,9,6,9,6,8,10,8,13,5,5,11,8,4,9,11,8,9,12,9,10,7,3,10,7,6,8,8,9,10,11,7,10,5,7,8,8,9,8,9,9,5,7,8,9,8,8,10,7,5,9,7,8,5,12,12,8,7,6,5,8,6,9,6,8,4,9,5,8,12,12,9,6,7,6,5,7,9,5,7,8,4,7,4,12,6,12,6,7,8,7,7,7,5,7,7,9,8,13,6,7,12,7,13,8,8,6,6,5,6,9,9,10,10,10,7,10,9,12,6,7,10,7,6,8,13,8,7,7,5,8,11,8,8,6,9,11,10,10
align-dinov2+500m-things+hyp-abl20cat-7,9,8,6,9,7,5,9,10,3,6,8,6,4,8,8,5,6,5,9,6,6,8,7,8,4,12,6,7,5,7,11,8,10,10,4,13,8,9,8,12,8,6,4,6,7,8,7,10,8,8,7,8,10,9,8,6,8,11,9,25,7,9,8,7,8,10,8,9,10,9,9,12,8,10,6,11,11,8,7,7,5,14,7,8,8,9,8,5,6,14,12,7,8,5,6,7,7,7,7,4,9,6,10,7,8,7,11,9,10,6,13,10,3,6,4,10,5,7,8,8,6,9,6,10,16,11,6,7,8,5,8,6,6,8,7,12,11,5,10,9,5,8,8,10,4,7,5,4,6,5,16,10,6,8,3,7,10,4,6,8,8,7,8,7,6,10,10,8,8,9,8,5,7,10,7,8,4,12,9,7,10,10,7,10,6,7,7,7,7,10,5,9,8,7,6,9,11,8,9,8,8,6,5,7,9,7,9,7,6,7,5,7,6,8,7,7,4,5,9,7,9,5,10,8,8,13,9,10,6,6,11,4,9,7,8,6,7,7,7,5,8,7,5,10,9,8,6,5,10,5,12,11,6,7,5,7,5,8,11,8,9,7,8,6,6,6,10,6,12,5,11,7,15,11,8,9,11,10,14,10,7,8,6,8,8,6,7,7,10,11,7,9,4,7,5,5,4,7,5,9,8,8,12,10,7,8,10,7,10,13,8,11,9,5,8,7,7,7,9,7,6,8,9,8,8,7,9,6,6,9,6,6,8,7,10,11,8,14,11,9,12,7,13,10,7,8,6,7,7,11,8,4,7,6,6,7,9,8,9,8,9,9,8,8,8,9,6,8,8,10,5,8,6,7,6,8,7,8,7,7,5,4,7,7,7,6,10,7,5,5,17,5,8,10,8,4,7,6,7,11,6,7,8,6,3,8,6,9,9,12,4,9,5,8,6,6,4,5,7,10,6,9,6,6,13,5,5,11,6,7,8,5,8,5,10,4,4,6,16,5,8,5,6,11,13,6,5,5,10,10,6,10,9,8,11,9,7,7,9,7,10,5,3,9,5,7,11,5,8,6,8,10,5,10,5,8,6,8,5,8,11,3,3,7,5,11,10,10,7,8,7,10,6,10,8,4,11,10,5,7,6,7,9,9,4,6,5,9,6,6,10,11,7,10,10,8,9,8,10,6,6,4,6,8,12,5,10,11,9,7,6,5,6,8,10,10,3,13,7,11,5,6,9,5,7,7,9,7,7,11,8,7,9,14,11,8,10,9,6,10,6,6,6,8,6,11,8,8,11,5,8,10,6,10,7,9,5,9,9,7,8,6,14,11,6,4,7,11,7,6,10,7,5,7,9,15,6,6,10,8,11,7,8,7,6,10,8,10,9,10,8,6,13,9,11,7,8,8,3,6,7,7,6,6,9,6,9,7,8,7,6,11,10,4,6,9,6,10,11,4,7,8,12,8,5,8,7,8,6,7,9,6,7,7,6,4,8,8,10,6,6,7,9,6,11,7,11,7,10,9,5,7,8,9,9,7,5,15,4,7,7,5,6,5,6,6,7,8,8,6,9,10,9,8,12,8,9,5,12,13,7,6,11,5,12,7,8,5,9,6,8,5,6,5,9,7,9,12,8,4,10,11,6,4,4,9,6,6,8,8,4,5,8,8,13,9,7,6,5,6,11,11,6,11,9,6,6,7,6,5,7,10,9,7,10,8,4,8,11,6,6,6,7,10,5,7,8,6,8,4,10,10,9,6,8,5,5,4,9,15,8,6,7,7,9,10,5,7,10,10,4,5,7,9,7,6,9,8,6,11,6,6,6,6,11,13,8,12,8,8,6,6,7,7,11,10,6,7,7,5,6,9,7,8,5,9,9,6,7,9,9,3,5,11,9,8,6,8,5,7,8,9,8,6,5,7,10,7,13,5,7,11,8,9,7,7,5,11,10,6,8,7,10,11,7,6,7,8,10,7,7,9,3,7,10,11,12,7,8,12,6,8,5,6,7,9,6,6,6,9,6,5,7,3,9,11,8,10,7,8,5,8,4,4,10,12,4,6,7,9,8,10,4,8,10,5,7,7,6,6,7,4,5,9,7,8,10,7,6,11,4,9,10,6,6,9,10,5,9,4,8,8,8,6,8,8,7,14,5,12,8,5,9,8,4,8,11,8,9,7,8,8,9,4,7,8,4,5,7,7,8,4,8,8,9,9,10,5,6,8,9,3,7,7,5,4,10,6,11,7,5,7,5,7,7,9,6,6,7,8,7,6,8,8,9,6,8,7,4,6,9,6,8,8,9,8,5,6,6,7,12,5,7,6,9,7,5,7,5,9,8,5,7,8,7,4,6,11,6,11,7,8,9,8,12,8,10,5,10,12,9,6,9,6,8,10,8,13,5,5,11,8,4,9,11,8,9,12,9,10,7,3,10,7,6,8,8,9,10,11,7,10,5,7,8,8,9,8,9,9,5,7,8,9,8,8,10,7,5,9,7,8,5,12,12,8,7,6,5,8,6,9,6,8,4,9,5,8,12,12,9,6,7,6,5,7,9,5,7,8,4,7,4,12,6,12,6,7,8,7,7,7,5,7,7,9,8,13,6,7,12,7,13,8,8,6,6,5,6,9,9,10,10,10,7,10,9,12,6,7,10,7,6,8,13,8,7,7,5,8,11,8,8,6,9,11,10,10
align-dinov2+500m-things+hyp-abl20cat-7-random,9,8,6,9,7,5,9,10,3,6,8,6,4,8,8,5,6,5,9,6,6,8,7,8,4,12,6,7,5,7,11,8,10,10,4,13,8,9,8,12,8,6,4,6,7,8,7,10,8,8,7,8,10,9,8,6,8,11,9,25,7,9,8,7,8,10,8,9,10,9,9,12,8,10,6,11,11,8,7,7,5,14,7,8,8,9,8,5,6,14,12,7,8,5,6,7,7,7,7,4,9,6,10,7,8,7,11,9,10,6,13,10,3,6,4,10,5,7,8,8,6,9,6,10,16,11,6,7,8,5,8,6,6,8,7,12,11,5,10,9,5,8,8,10,4,7,5,4,6,5,16,10,6,8,3,7,10,4,6,8,8,7,8,7,6,10,10,8,8,9,8,5,7,10,7,8,4,12,9,7,10,10,7,10,6,7,7,7,7,10,5,9,8,7,6,9,11,8,9,8,8,6,5,7,9,7,9,7,6,7,5,7,6,8,7,7,4,5,9,7,9,5,10,8,8,13,9,10,6,6,11,4,9,7,8,6,7,7,7,5,8,7,5,10,9,8,6,5,10,5,12,11,6,7,5,7,5,8,11,8,9,7,8,6,6,6,10,6,12,5,11,7,15,11,8,9,11,10,14,10,7,8,6,8,8,6,7,7,10,11,7,9,4,7,5,5,4,7,5,9,8,8,12,10,7,8,10,7,10,13,8,11,9,5,8,7,7,7,9,7,6,8,9,8,8,7,9,6,6,9,6,6,8,7,10,11,8,14,11,9,12,7,13,10,7,8,6,7,7,11,8,4,7,6,6,7,9,8,9,8,9,9,8,8,8,9,6,8,8,10,5,8,6,7,6,8,7,8,7,7,5,4,7,7,7,6,10,7,5,5,17,5,8,10,8,4,7,6,7,11,6,7,8,6,3,8,6,9,9,12,4,9,5,8,6,6,4,5,7,10,6,9,6,6,13,5,5,11,6,7,8,5,8,5,10,4,4,6,16,5,8,5,6,11,13,6,5,5,10,10,6,10,9,8,11,9,7,7,9,7,10,5,3,9,5,7,11,5,8,6,8,10,5,10,5,8,6,8,5,8,11,3,3,7,5,11,10,10,7,8,7,10,6,10,8,4,11,10,5,7,6,7,9,9,4,6,5,9,6,6,10,11,7,10,10,8,9,8,10,6,6,4,6,8,12,5,10,11,9,7,6,5,6,8,10,10,3,13,7,11,5,6,9,5,7,7,9,7,7,11,8,7,9,14,11,8,10,9,6,10,6,6,6,8,6,11,8,8,11,5,8,10,6,10,7,9,5,9,9,7,8,6,14,11,6,4,7,11,7,6,10,7,5,7,9,15,6,6,10,8,11,7,8,7,6,10,8,10,9,10,8,6,13,9,11,7,8,8,3,6,7,7,6,6,9,6,9,7,8,7,6,11,10,4,6,9,6,10,11,4,7,8,12,8,5,8,7,8,6,7,9,6,7,7,6,4,8,8,10,6,6,7,9,6,11,7,11,7,10,9,5,7,8,9,9,7,5,15,4,7,7,5,6,5,6,6,7,8,8,6,9,10,9,8,12,8,9,5,12,13,7,6,11,5,12,7,8,5,9,6,8,5,6,5,9,7,9,12,8,4,10,11,6,4,4,9,6,6,8,8,4,5,8,8,13,9,7,6,5,6,11,11,6,11,9,6,6,7,6,5,7,10,9,7,10,8,4,8,11,6,6,6,7,10,5,7,8,6,8,4,10,10,9,6,8,5,5,4,9,15,8,6,7,7,9,10,5,7,10,10,4,5,7,9,7,6,9,8,6,11,6,6,6,6,11,13,8,12,8,8,6,6,7,7,11,10,6,7,7,5,6,9,7,8,5,9,9,6,7,9,9,3,5,11,9,8,6,8,5,7,8,9,8,6,5,7,10,7,13,5,7,11,8,9,7,7,5,11,10,6,8,7,10,11,7,6,7,8,10,7,7,9,3,7,10,11,12,7,8,12,6,8,5,6,7,9,6,6,6,9,6,5,7,3,9,11,8,10,7,8,5,8,4,4,10,12,4,6,7,9,8,10,4,8,10,5,7,7,6,6,7,4,5,9,7,8,10,7,6,11,4,9,10,6,6,9,10,5,9,4,8,8,8,6,8,8,7,14,5,12,8,5,9,8,4,8,11,8,9,7,8,8,9,4,7,8,4,5,7,7,8,4,8,8,9,9,10,5,6,8,9,3,7,7,5,4,10,6,11,7,5,7,5,7,7,9,6,6,7,8,7,6,8,8,9,6,8,7,4,6,9,6,8,8,9,8,5,6,6,7,12,5,7,6,9,7,5,7,5,9,8,5,7,8,7,4,6,11,6,11,7,8,9,8,12,8,10,5,10,12,9,6,9,6,8,10,8,13,5,5,11,8,4,9,11,8,9,12,9,10,7,3,10,7,6,8,8,9,10,11,7,10,5,7,8,8,9,8,9,9,5,7,8,9,8,8,10,7,5,9,7,8,5,12,12,8,7,6,5,8,6,9,6,8,4,9,5,8,12,12,9,6,7,6,5,7,9,5,7,8,4,7,4,12,6,12,6,7,8,7,7,7,5,7,7,9,8,13,6,7,12,7,13,8,8,6,6,5,6,9,9,10,10,10,7,10,9,12,6,7,10,7,6,8,13,8,7,7,5,8,11,8,8,6,9,11,10,10
align-dinov2+500m-things+hyp-abl20cat-local-shuffled-218,4,7,11,8,5,8,9,7,8,6,11,10,6,9,7,8,10,14,9,6,10,8,9,6,7,7,7,9,11,7,9,7,9,5,7,7,10,8,7,10,6,8,5,8,9,6,7,6,10,6,6,4,9,10,8,7,7,4,5,19,10,4,9,7,9,9,7,7,5,8,9,5,7,10,10,8,5,7,7,4,7,10,7,9,5,11,5,5,8,8,12,7,10,9,9,8,10,8,6,9,9,8,7,10,11,6,10,9,9,9,10,8,10,7,7,9,8,8,9,10,8,7,7,4,15,11,8,7,8,5,8,11,8,9,10,9,9,6,10,4,5,7,8,8,6,9,7,7,6,8,15,6,4,8,7,8,4,8,5,6,8,8,5,5,9,7,6,8,6,7,5,6,10,7,6,7,9,9,7,5,6,9,10,6,11,6,7,7,7,5,8,4,9,6,9,10,8,8,10,6,10,4,5,5,13,4,5,7,7,9,9,4,6,8,7,6,4,6,6,9,7,4,10,5,11,7,9,8,6,7,15,7,5,8,8,9,6,6,7,5,9,6,7,11,8,13,6,12,6,9,8,8,7,8,7,5,7,9,9,7,7,9,10,7,5,10,8,9,8,5,8,7,8,7,6,8,6,10,6,7,9,5,9,7,8,5,7,6,5,9,10,5,7,10,7,5,10,6,11,6,6,6,11,5,9,10,8,8,5,9,11,8,9,6,6,5,10,8,9,9,9,13,9,5,8,7,6,9,6,7,7,3,6,10,9,7,9,8,8,10,8,8,8,9,8,12,7,7,6,8,10,7,8,12,6,4,5,6,9,8,8,6,5,7,4,7,10,6,6,7,10,8,8,3,4,6,8,5,6,10,4,6,9,7,8,7,6,11,8,10,16,8,12,7,4,6,6,7,11,13,7,10,11,9,7,7,6,8,6,6,7,8,4,6,6,9,7,10,10,8,9,10,8,5,7,10,8,4,8,8,8,7,10,8,5,6,9,5,5,9,10,10,8,6,6,9,12,9,11,5,9,10,9,10,7,9,8,11,7,7,7,5,8,7,7,11,7,6,7,8,9,7,8,8,7,11,5,4,9,7,7,5,10,5,6,8,8,7,7,5,10,7,10,11,4,6,9,5,9,8,11,8,6,9,5,10,13,7,8,9,9,6,5,6,10,8,10,8,8,11,8,6,6,9,9,9,10,5,10,5,5,10,7,9,8,10,8,6,10,8,6,11,10,7,7,7,5,7,8,8,7,9,12,16,9,8,8,10,11,9,8,4,8,6,8,6,7,4,5,9,5,6,6,10,9,7,8,9,7,10,7,4,10,8,8,4,6,6,5,9,10,8,8,8,10,5,5,7,6,4,8,9,5,5,7,13,5,8,12,7,8,13,5,7,8,8,9,5,10,9,8,7,12,9,5,10,6,8,6,7,8,7,10,12,6,7,7,8,7,11,5,4,7,5,8,7,6,7,4,12,11,8,8,8,10,5,10,11,9,9,8,7,10,7,5,6,9,9,8,5,6,7,10,8,6,4,6,8,5,5,5,7,6,7,8,8,5,7,12,7,11,12,3,12,5,7,7,5,8,6,5,9,8,9,6,8,9,8,12,8,6,9,8,8,4,8,9,8,5,10,5,6,7,12,10,9,9,10,9,15,8,6,5,5,4,9,6,9,7,13,6,11,6,5,11,6,8,6,6,7,8,7,7,6,5,8,5,13,6,8,8,9,8,8,7,8,10,9,7,8,8,9,10,7,9,10,12,6,5,9,7,5,8,8,6,8,9,8,9,5,8,8,6,9,7,9,7,5,7,12,10,7,8,7,12,14,8,7,7,6,8,7,5,10,7,7,8,10,8,6,9,13,10,6,7,6,6,10,12,11,6,3,9,9,5,9,12,7,8,6,7,9,7,6,9,10,7,9,8,10,13,15,11,7,9,11,8,7,12,5,6,8,6,4,9,8,6,5,13,7,6,11,6,6,8,7,8,6,6,8,7,10,4,5,8,9,10,6,13,7,5,9,9,9,8,8,7,9,5,11,8,10,6,9,9,7,8,5,9,7,8,7,9,8,13,10,8,6,7,6,9,8,7,6,6,4,5,6,8,4,7,5,7,6,5,7,10,6,6,4,8,11,6,15,7,8,10,6,6,7,6,10,7,10,10,7,8,11,9,7,7,11,10,11,6,9,5,10,9,8,7,10,10,5,11,9,9,10,7,4,8,7,6,8,7,8,9,6,7,6,8,13,8,8,4,8,7,7,7,4,12,10,6,10,6,9,11,7,9,6,9,10,8,7,7,9,6,6,5,5,8,5,6,9,4,9,11,12,12,9,7,7,10,13,10,8,5,6,7,6,10,9,6,10,6,11,6,9,7,16,10,6,6,7,8,10,8,10,4,5,8,11,8,6,7,11,7,9,6,10,9,7,7,8,10,6,7,7,9,5,4,9,5,8,8,5,8,8,9,7,6,10,6,14,5,8,5,9,9,6,4,11,8,7,10,7,6,4,11,14,6,9,5,6,9,8,5,9,9,12,8,6,14,6,4,8,5,8,8,8,9,5,9,5,7,7,7,4,10,10,9,12,7,6,5,7,6,6,10,8,5,8,8,9,9,7,7,8,3,5,9,7,7,6,7,6,6,4,8,9,7,4,7,6,7,13,10,7,6,9,6,8,7,7,7,6,6,6
align-dinov2+500m-things+hyp-abl20cat-local-shuffled-42,4,7,11,8,5,8,9,7,8,6,11,10,6,9,7,8,10,14,9,6,10,8,9,6,7,7,7,9,11,7,9,7,9,5,7,7,10,8,7,10,6,8,5,8,9,6,7,6,10,6,6,4,9,10,8,7,7,4,5,19,10,4,9,7,9,9,7,7,5,8,9,5,7,10,10,8,5,7,7,4,7,10,7,9,5,11,5,5,8,8,12,7,10,9,9,8,10,8,6,9,9,8,7,10,11,6,10,9,9,9,10,8,10,7,7,9,8,8,9,10,8,7,7,4,15,11,8,7,8,5,8,11,8,9,10,9,9,6,10,4,5,7,8,8,6,9,7,7,6,8,15,6,4,8,7,8,4,8,5,6,8,8,5,5,9,7,6,8,6,7,5,6,10,7,6,7,9,9,7,5,6,9,10,6,11,6,7,7,7,5,8,4,9,6,9,10,8,8,10,6,10,4,5,5,13,4,5,7,7,9,9,4,6,8,7,6,4,6,6,9,7,4,10,5,11,7,9,8,6,7,15,7,5,8,8,9,6,6,7,5,9,6,7,11,8,13,6,12,6,9,8,8,7,8,7,5,7,9,9,7,7,9,10,7,5,10,8,9,8,5,8,7,8,7,6,8,6,10,6,7,9,5,9,7,8,5,7,6,5,9,10,5,7,10,7,5,10,6,11,6,6,6,11,5,9,10,8,8,5,9,11,8,9,6,6,5,10,8,9,9,9,13,9,5,8,7,6,9,6,7,7,3,6,10,9,7,9,8,8,10,8,8,8,9,8,12,7,7,6,8,10,7,8,12,6,4,5,6,9,8,8,6,5,7,4,7,10,6,6,7,10,8,8,3,4,6,8,5,6,10,4,6,9,7,8,7,6,11,8,10,16,8,12,7,4,6,6,7,11,13,7,10,11,9,7,7,6,8,6,6,7,8,4,6,6,9,7,10,10,8,9,10,8,5,7,10,8,4,8,8,8,7,10,8,5,6,9,5,5,9,10,10,8,6,6,9,12,9,11,5,9,10,9,10,7,9,8,11,7,7,7,5,8,7,7,11,7,6,7,8,9,7,8,8,7,11,5,4,9,7,7,5,10,5,6,8,8,7,7,5,10,7,10,11,4,6,9,5,9,8,11,8,6,9,5,10,13,7,8,9,9,6,5,6,10,8,10,8,8,11,8,6,6,9,9,9,10,5,10,5,5,10,7,9,8,10,8,6,10,8,6,11,10,7,7,7,5,7,8,8,7,9,12,16,9,8,8,10,11,9,8,4,8,6,8,6,7,4,5,9,5,6,6,10,9,7,8,9,7,10,7,4,10,8,8,4,6,6,5,9,10,8,8,8,10,5,5,7,6,4,8,9,5,5,7,13,5,8,12,7,8,13,5,7,8,8,9,5,10,9,8,7,12,9,5,10,6,8,6,7,8,7,10,12,6,7,7,8,7,11,5,4,7,5,8,7,6,7,4,12,11,8,8,8,10,5,10,11,9,9,8,7,10,7,5,6,9,9,8,5,6,7,10,8,6,4,6,8,5,5,5,7,6,7,8,8,5,7,12,7,11,12,3,12,5,7,7,5,8,6,5,9,8,9,6,8,9,8,12,8,6,9,8,8,4,8,9,8,5,10,5,6,7,12,10,9,9,10,9,15,8,6,5,5,4,9,6,9,7,13,6,11,6,5,11,6,8,6,6,7,8,7,7,6,5,8,5,13,6,8,8,9,8,8,7,8,10,9,7,8,8,9,10,7,9,10,12,6,5,9,7,5,8,8,6,8,9,8,9,5,8,8,6,9,7,9,7,5,7,12,10,7,8,7,12,14,8,7,7,6,8,7,5,10,7,7,8,10,8,6,9,13,10,6,7,6,6,10,12,11,6,3,9,9,5,9,12,7,8,6,7,9,7,6,9,10,7,9,8,10,13,15,11,7,9,11,8,7,12,5,6,8,6,4,9,8,6,5,13,7,6,11,6,6,8,7,8,6,6,8,7,10,4,5,8,9,10,6,13,7,5,9,9,9,8,8,7,9,5,11,8,10,6,9,9,7,8,5,9,7,8,7,9,8,13,10,8,6,7,6,9,8,7,6,6,4,5,6,8,4,7,5,7,6,5,7,10,6,6,4,8,11,6,15,7,8,10,6,6,7,6,10,7,10,10,7,8,11,9,7,7,11,10,11,6,9,5,10,9,8,7,10,10,5,11,9,9,10,7,4,8,7,6,8,7,8,9,6,7,6,8,13,8,8,4,8,7,7,7,4,12,10,6,10,6,9,11,7,9,6,9,10,8,7,7,9,6,6,5,5,8,5,6,9,4,9,11,12,12,9,7,7,10,13,10,8,5,6,7,6,10,9,6,10,6,11,6,9,7,16,10,6,6,7,8,10,8,10,4,5,8,11,8,6,7,11,7,9,6,10,9,7,7,8,10,6,7,7,9,5,4,9,5,8,8,5,8,8,9,7,6,10,6,14,5,8,5,9,9,6,4,11,8,7,10,7,6,4,11,14,6,9,5,6,9,8,5,9,9,12,8,6,14,6,4,8,5,8,8,8,9,5,9,5,7,7,7,4,10,10,9,12,7,6,5,7,6,6,10,8,5,8,8,9,9,7,7,8,3,5,9,7,7,6,7,6,6,4,8,9,7,4,7,6,7,13,10,7,6,9,6,8,7,7,7,6,6,6
align-dinov2+500m-things+hyp-abl20cat-local-shuffled-7,4,7,11,8,5,8,9,7,8,6,11,10,6,9,7,8,10,14,9,6,10,8,9,6,7,7,7,9,11,7,9,7,9,5,7,7,10,8,7,10,6,8,5,8,9,6,7,6,10,6,6,4,9,10,8,7,7,4,5,19,10,4,9,7,9,9,7,7,5,8,9,5,7,10,10,8,5,7,7,4,7,10,7,9,5,11,5,5,8,8,12,7,10,9,9,8,10,8,6,9,9,8,7,10,11,6,10,9,9,9,10,8,10,7,7,9,8,8,9,10,8,7,7,4,15,11,8,7,8,5,8,11,8,9,10,9,9,6,10,4,5,7,8,8,6,9,7,7,6,8,15,6,4,8,7,8,4,8,5,6,8,8,5,5,9,7,6,8,6,7,5,6,10,7,6,7,9,9,7,5,6,9,10,6,11,6,7,7,7,5,8,4,9,6,9,10,8,8,10,6,10,4,5,5,13,4,5,7,7,9,9,4,6,8,7,6,4,6,6,9,7,4,10,5,11,7,9,8,6,7,15,7,5,8,8,9,6,6,7,5,9,6,7,11,8,13,6,12,6,9,8,8,7,8,7,5,7,9,9,7,7,9,10,7,5,10,8,9,8,5,8,7,8,7,6,8,6,10,6,7,9,5,9,7,8,5,7,6,5,9,10,5,7,10,7,5,10,6,11,6,6,6,11,5,9,10,8,8,5,9,11,8,9,6,6,5,10,8,9,9,9,13,9,5,8,7,6,9,6,7,7,3,6,10,9,7,9,8,8,10,8,8,8,9,8,12,7,7,6,8,10,7,8,12,6,4,5,6,9,8,8,6,5,7,4,7,10,6,6,7,10,8,8,3,4,6,8,5,6,10,4,6,9,7,8,7,6,11,8,10,16,8,12,7,4,6,6,7,11,13,7,10,11,9,7,7,6,8,6,6,7,8,4,6,6,9,7,10,10,8,9,10,8,5,7,10,8,4,8,8,8,7,10,8,5,6,9,5,5,9,10,10,8,6,6,9,12,9,11,5,9,10,9,10,7,9,8,11,7,7,7,5,8,7,7,11,7,6,7,8,9,7,8,8,7,11,5,4,9,7,7,5,10,5,6,8,8,7,7,5,10,7,10,11,4,6,9,5,9,8,11,8,6,9,5,10,13,7,8,9,9,6,5,6,10,8,10,8,8,11,8,6,6,9,9,9,10,5,10,5,5,10,7,9,8,10,8,6,10,8,6,11,10,7,7,7,5,7,8,8,7,9,12,16,9,8,8,10,11,9,8,4,8,6,8,6,7,4,5,9,5,6,6,10,9,7,8,9,7,10,7,4,10,8,8,4,6,6,5,9,10,8,8,8,10,5,5,7,6,4,8,9,5,5,7,13,5,8,12,7,8,13,5,7,8,8,9,5,10,9,8,7,12,9,5,10,6,8,6,7,8,7,10,12,6,7,7,8,7,11,5,4,7,5,8,7,6,7,4,12,11,8,8,8,10,5,10,11,9,9,8,7,10,7,5,6,9,9,8,5,6,7,10,8,6,4,6,8,5,5,5,7,6,7,8,8,5,7,12,7,11,12,3,12,5,7,7,5,8,6,5,9,8,9,6,8,9,8,12,8,6,9,8,8,4,8,9,8,5,10,5,6,7,12,10,9,9,10,9,15,8,6,5,5,4,9,6,9,7,13,6,11,6,5,11,6,8,6,6,7,8,7,7,6,5,8,5,13,6,8,8,9,8,8,7,8,10,9,7,8,8,9,10,7,9,10,12,6,5,9,7,5,8,8,6,8,9,8,9,5,8,8,6,9,7,9,7,5,7,12,10,7,8,7,12,14,8,7,7,6,8,7,5,10,7,7,8,10,8,6,9,13,10,6,7,6,6,10,12,11,6,3,9,9,5,9,12,7,8,6,7,9,7,6,9,10,7,9,8,10,13,15,11,7,9,11,8,7,12,5,6,8,6,4,9,8,6,5,13,7,6,11,6,6,8,7,8,6,6,8,7,10,4,5,8,9,10,6,13,7,5,9,9,9,8,8,7,9,5,11,8,10,6,9,9,7,8,5,9,7,8,7,9,8,13,10,8,6,7,6,9,8,7,6,6,4,5,6,8,4,7,5,7,6,5,7,10,6,6,4,8,11,6,15,7,8,10,6,6,7,6,10,7,10,10,7,8,11,9,7,7,11,10,11,6,9,5,10,9,8,7,10,10,5,11,9,9,10,7,4,8,7,6,8,7,8,9,6,7,6,8,13,8,8,4,8,7,7,7,4,12,10,6,10,6,9,11,7,9,6,9,10,8,7,7,9,6,6,5,5,8,5,6,9,4,9,11,12,12,9,7,7,10,13,10,8,5,6,7,6,10,9,6,10,6,11,6,9,7,16,10,6,6,7,8,10,8,10,4,5,8,11,8,6,7,11,7,9,6,10,9,7,7,8,10,6,7,7,9,5,4,9,5,8,8,5,8,8,9,7,6,10,6,14,5,8,5,9,9,6,4,11,8,7,10,7,6,4,11,14,6,9,5,6,9,8,5,9,9,12,8,6,14,6,4,8,5,8,8,8,9,5,9,5,7,7,7,4,10,10,9,12,7,6,5,7,6,6,10,8,5,8,8,9,9,7,7,8,3,5,9,7,7,6,7,6,6,4,8,9,7,4,7,6,7,13,10,7,6,9,6,8,7,7,7,6,6,6
align-dinov2+500m-things+hyp-abl20cat-shuffled-218,10,7,9,9,7,8,4,4,8,5,7,7,9,7,9,7,8,11,6,8,4,5,6,11,9,9,7,7,4,11,9,11,8,7,9,6,6,7,8,5,6,11,7,8,6,10,9,5,9,11,6,6,3,8,6,9,4,10,6,23,7,6,8,6,12,7,7,9,11,8,6,8,7,6,11,7,10,8,11,4,8,6,11,4,4,5,10,9,9,5,5,8,8,8,5,7,11,7,6,9,11,8,6,13,6,7,6,7,10,4,6,8,8,8,8,9,6,7,7,8,9,6,13,6,11,4,9,8,12,11,5,5,7,5,8,8,7,7,9,11,9,9,9,6,5,6,6,5,5,9,13,7,6,12,7,11,6,8,7,11,8,9,7,10,12,6,8,6,10,9,12,6,8,6,3,6,6,12,9,7,7,6,8,6,10,9,11,8,8,9,4,7,7,7,8,7,4,7,5,6,7,9,5,10,11,5,7,10,6,8,6,7,9,8,10,14,9,5,7,7,5,6,7,7,7,9,4,8,9,8,7,8,5,6,9,6,8,7,5,7,6,7,12,11,11,5,8,10,7,8,7,4,7,5,8,7,7,8,6,8,9,9,8,7,9,7,8,6,12,9,7,7,5,7,12,6,6,5,8,7,10,9,8,12,7,9,7,11,7,4,6,7,7,6,7,7,4,11,9,9,7,7,7,8,7,5,7,7,6,10,5,9,8,6,12,11,4,6,9,5,7,8,8,10,8,8,12,5,10,8,7,8,10,11,7,5,9,5,8,9,7,10,9,8,7,5,7,5,8,6,8,10,9,8,10,8,4,5,11,8,10,7,7,10,5,10,8,9,5,5,11,8,5,8,10,7,7,7,8,9,6,7,14,8,12,3,12,6,6,7,13,5,16,10,7,10,7,8,6,5,8,9,8,10,5,4,9,4,9,5,8,6,4,8,8,12,6,7,6,4,7,5,11,8,10,10,5,9,10,12,6,7,7,6,5,10,10,8,9,7,7,6,4,12,6,9,7,8,8,11,4,5,7,7,5,7,4,8,9,11,8,4,8,10,5,9,7,9,5,7,10,8,6,11,10,11,5,6,8,8,5,8,10,11,5,9,10,10,8,8,5,9,8,3,8,8,4,8,7,10,7,8,10,6,12,9,4,7,6,7,7,11,5,3,13,7,6,7,6,7,10,9,5,8,6,4,6,11,7,9,9,8,9,13,9,10,6,5,10,5,8,6,8,13,7,5,6,5,3,9,8,10,11,15,9,7,13,7,8,8,4,12,7,8,8,8,4,10,8,5,10,6,7,7,9,5,9,6,11,10,10,6,8,11,8,7,14,6,10,8,12,5,5,7,5,8,8,11,10,5,10,7,9,7,6,6,12,6,5,7,11,10,5,3,9,7,9,14,14,3,8,7,11,5,12,7,5,5,10,9,6,12,5,5,10,6,7,6,5,6,14,11,6,7,7,10,6,8,4,6,9,7,8,5,5,7,9,12,8,9,8,9,10,7,7,6,8,9,8,7,10,6,6,5,10,10,5,5,8,9,8,9,7,7,10,8,8,7,7,6,9,9,7,14,7,6,9,11,9,10,5,8,9,9,8,7,8,6,10,7,11,4,4,8,7,13,7,4,8,10,7,6,9,7,7,6,8,8,8,5,8,9,7,5,10,6,10,8,5,8,8,6,6,7,7,8,8,6,9,5,5,5,6,7,6,10,10,11,11,8,8,6,10,10,11,9,9,5,11,7,10,5,9,5,5,7,7,3,4,10,6,7,8,9,10,8,11,11,10,7,10,10,6,8,6,8,7,8,5,7,10,7,5,6,10,8,11,6,9,9,13,8,6,6,5,6,8,10,6,6,6,6,6,8,11,9,11,6,5,9,7,8,10,9,10,5,8,6,7,5,8,4,7,7,7,7,9,10,9,7,9,10,6,8,9,7,9,8,9,8,7,6,6,6,5,12,5,7,7,9,6,5,8,9,13,9,7,9,5,6,9,6,5,12,6,12,6,8,8,6,9,6,8,5,10,6,10,10,9,4,7,10,7,8,8,6,10,8,5,9,5,7,5,8,6,4,13,7,5,5,14,6,8,11,6,4,10,8,9,10,7,11,7,5,4,4,10,8,6,9,8,5,11,9,11,8,9,8,11,8,10,4,4,7,9,5,6,7,10,6,5,8,6,9,5,7,6,8,7,7,7,9,5,5,6,8,6,7,9,5,11,8,10,7,9,10,6,6,8,4,9,6,7,7,8,6,8,6,9,8,10,10,10,6,4,8,5,7,8,6,7,7,10,7,9,7,8,7,4,10,9,10,7,10,8,7,8,9,5,7,6,7,8,8,7,11,6,9,10,8,8,7,7,5,6,9,7,9,9,8,10,8,7,8,8,8,8,8,8,4,11,6,7,7,7,6,8,8,7,4,6,10,10,4,6,5,5,10,9,9,5,9,6,10,4,11,5,8,7,10,7,14,11,8,11,8,6,12,13,8,12,9,6,4,9,6,13,7,11,8,9,9,7,6,10,9,15,10,7,6,9,9,9,11,11,7,6,11,5,11,5,5,6,8,6,7,10,12,8,6,5,10,6,10,6,6,7,7,8,6,9,8,7,8,10,4,8,5,4,5,7,13,6,9,11,9,9,9,11,6,10,7,8,7,5,8,6,6,10,7,6,5,6,8,8,8,12,8
align-dinov2+500m-things+hyp-abl20cat-shuffled-42,10,7,9,9,7,8,4,4,8,5,7,7,9,7,9,7,8,11,6,8,4,5,6,11,9,9,7,7,4,11,9,11,8,7,9,6,6,7,8,5,6,11,7,8,6,10,9,5,9,11,6,6,3,8,6,9,4,10,6,23,7,6,8,6,12,7,7,9,11,8,6,8,7,6,11,7,10,8,11,4,8,6,11,4,4,5,10,9,9,5,5,8,8,8,5,7,11,7,6,9,11,8,6,13,6,7,6,7,10,4,6,8,8,8,8,9,6,7,7,8,9,6,13,6,11,4,9,8,12,11,5,5,7,5,8,8,7,7,9,11,9,9,9,6,5,6,6,5,5,9,13,7,6,12,7,11,6,8,7,11,8,9,7,10,12,6,8,6,10,9,12,6,8,6,3,6,6,12,9,7,7,6,8,6,10,9,11,8,8,9,4,7,7,7,8,7,4,7,5,6,7,9,5,10,11,5,7,10,6,8,6,7,9,8,10,14,9,5,7,7,5,6,7,7,7,9,4,8,9,8,7,8,5,6,9,6,8,7,5,7,6,7,12,11,11,5,8,10,7,8,7,4,7,5,8,7,7,8,6,8,9,9,8,7,9,7,8,6,12,9,7,7,5,7,12,6,6,5,8,7,10,9,8,12,7,9,7,11,7,4,6,7,7,6,7,7,4,11,9,9,7,7,7,8,7,5,7,7,6,10,5,9,8,6,12,11,4,6,9,5,7,8,8,10,8,8,12,5,10,8,7,8,10,11,7,5,9,5,8,9,7,10,9,8,7,5,7,5,8,6,8,10,9,8,10,8,4,5,11,8,10,7,7,10,5,10,8,9,5,5,11,8,5,8,10,7,7,7,8,9,6,7,14,8,12,3,12,6,6,7,13,5,16,10,7,10,7,8,6,5,8,9,8,10,5,4,9,4,9,5,8,6,4,8,8,12,6,7,6,4,7,5,11,8,10,10,5,9,10,12,6,7,7,6,5,10,10,8,9,7,7,6,4,12,6,9,7,8,8,11,4,5,7,7,5,7,4,8,9,11,8,4,8,10,5,9,7,9,5,7,10,8,6,11,10,11,5,6,8,8,5,8,10,11,5,9,10,10,8,8,5,9,8,3,8,8,4,8,7,10,7,8,10,6,12,9,4,7,6,7,7,11,5,3,13,7,6,7,6,7,10,9,5,8,6,4,6,11,7,9,9,8,9,13,9,10,6,5,10,5,8,6,8,13,7,5,6,5,3,9,8,10,11,15,9,7,13,7,8,8,4,12,7,8,8,8,4,10,8,5,10,6,7,7,9,5,9,6,11,10,10,6,8,11,8,7,14,6,10,8,12,5,5,7,5,8,8,11,10,5,10,7,9,7,6,6,12,6,5,7,11,10,5,3,9,7,9,14,14,3,8,7,11,5,12,7,5,5,10,9,6,12,5,5,10,6,7,6,5,6,14,11,6,7,7,10,6,8,4,6,9,7,8,5,5,7,9,12,8,9,8,9,10,7,7,6,8,9,8,7,10,6,6,5,10,10,5,5,8,9,8,9,7,7,10,8,8,7,7,6,9,9,7,14,7,6,9,11,9,10,5,8,9,9,8,7,8,6,10,7,11,4,4,8,7,13,7,4,8,10,7,6,9,7,7,6,8,8,8,5,8,9,7,5,10,6,10,8,5,8,8,6,6,7,7,8,8,6,9,5,5,5,6,7,6,10,10,11,11,8,8,6,10,10,11,9,9,5,11,7,10,5,9,5,5,7,7,3,4,10,6,7,8,9,10,8,11,11,10,7,10,10,6,8,6,8,7,8,5,7,10,7,5,6,10,8,11,6,9,9,13,8,6,6,5,6,8,10,6,6,6,6,6,8,11,9,11,6,5,9,7,8,10,9,10,5,8,6,7,5,8,4,7,7,7,7,9,10,9,7,9,10,6,8,9,7,9,8,9,8,7,6,6,6,5,12,5,7,7,9,6,5,8,9,13,9,7,9,5,6,9,6,5,12,6,12,6,8,8,6,9,6,8,5,10,6,10,10,9,4,7,10,7,8,8,6,10,8,5,9,5,7,5,8,6,4,13,7,5,5,14,6,8,11,6,4,10,8,9,10,7,11,7,5,4,4,10,8,6,9,8,5,11,9,11,8,9,8,11,8,10,4,4,7,9,5,6,7,10,6,5,8,6,9,5,7,6,8,7,7,7,9,5,5,6,8,6,7,9,5,11,8,10,7,9,10,6,6,8,4,9,6,7,7,8,6,8,6,9,8,10,10,10,6,4,8,5,7,8,6,7,7,10,7,9,7,8,7,4,10,9,10,7,10,8,7,8,9,5,7,6,7,8,8,7,11,6,9,10,8,8,7,7,5,6,9,7,9,9,8,10,8,7,8,8,8,8,8,8,4,11,6,7,7,7,6,8,8,7,4,6,10,10,4,6,5,5,10,9,9,5,9,6,10,4,11,5,8,7,10,7,14,11,8,11,8,6,12,13,8,12,9,6,4,9,6,13,7,11,8,9,9,7,6,10,9,15,10,7,6,9,9,9,11,11,7,6,11,5,11,5,5,6,8,6,7,10,12,8,6,5,10,6,10,6,6,7,7,8,6,9,8,7,8,10,4,8,5,4,5,7,13,6,9,11,9,9,9,11,6,10,7,8,7,5,8,6,6,10,7,6,5,6,8,8,8,12,8
align-dinov2+500m-things+hyp-abl20cat-shuffled-7,10,7,9,9,7,8,4,4,8,5,7,7,9,7,9,7,8,11,6,8,4,5,6,11,9,9,7,7,4,11,9,11,8,7,9,6,6,7,8,5,6,11,7,8,6,10,9,5,9,11,6,6,3,8,6,9,4,10,6,23,7,6,8,6,12,7,7,9,11,8,6,8,7,6,11,7,10,8,11,4,8,6,11,4,4,5,10,9,9,5,5,8,8,8,5,7,11,7,6,9,11,8,6,13,6,7,6,7,10,4,6,8,8,8,8,9,6,7,7,8,9,6,13,6,11,4,9,8,12,11,5,5,7,5,8,8,7,7,9,11,9,9,9,6,5,6,6,5,5,9,13,7,6,12,7,11,6,8,7,11,8,9,7,10,12,6,8,6,10,9,12,6,8,6,3,6,6,12,9,7,7,6,8,6,10,9,11,8,8,9,4,7,7,7,8,7,4,7,5,6,7,9,5,10,11,5,7,10,6,8,6,7,9,8,10,14,9,5,7,7,5,6,7,7,7,9,4,8,9,8,7,8,5,6,9,6,8,7,5,7,6,7,12,11,11,5,8,10,7,8,7,4,7,5,8,7,7,8,6,8,9,9,8,7,9,7,8,6,12,9,7,7,5,7,12,6,6,5,8,7,10,9,8,12,7,9,7,11,7,4,6,7,7,6,7,7,4,11,9,9,7,7,7,8,7,5,7,7,6,10,5,9,8,6,12,11,4,6,9,5,7,8,8,10,8,8,12,5,10,8,7,8,10,11,7,5,9,5,8,9,7,10,9,8,7,5,7,5,8,6,8,10,9,8,10,8,4,5,11,8,10,7,7,10,5,10,8,9,5,5,11,8,5,8,10,7,7,7,8,9,6,7,14,8,12,3,12,6,6,7,13,5,16,10,7,10,7,8,6,5,8,9,8,10,5,4,9,4,9,5,8,6,4,8,8,12,6,7,6,4,7,5,11,8,10,10,5,9,10,12,6,7,7,6,5,10,10,8,9,7,7,6,4,12,6,9,7,8,8,11,4,5,7,7,5,7,4,8,9,11,8,4,8,10,5,9,7,9,5,7,10,8,6,11,10,11,5,6,8,8,5,8,10,11,5,9,10,10,8,8,5,9,8,3,8,8,4,8,7,10,7,8,10,6,12,9,4,7,6,7,7,11,5,3,13,7,6,7,6,7,10,9,5,8,6,4,6,11,7,9,9,8,9,13,9,10,6,5,10,5,8,6,8,13,7,5,6,5,3,9,8,10,11,15,9,7,13,7,8,8,4,12,7,8,8,8,4,10,8,5,10,6,7,7,9,5,9,6,11,10,10,6,8,11,8,7,14,6,10,8,12,5,5,7,5,8,8,11,10,5,10,7,9,7,6,6,12,6,5,7,11,10,5,3,9,7,9,14,14,3,8,7,11,5,12,7,5,5,10,9,6,12,5,5,10,6,7,6,5,6,14,11,6,7,7,10,6,8,4,6,9,7,8,5,5,7,9,12,8,9,8,9,10,7,7,6,8,9,8,7,10,6,6,5,10,10,5,5,8,9,8,9,7,7,10,8,8,7,7,6,9,9,7,14,7,6,9,11,9,10,5,8,9,9,8,7,8,6,10,7,11,4,4,8,7,13,7,4,8,10,7,6,9,7,7,6,8,8,8,5,8,9,7,5,10,6,10,8,5,8,8,6,6,7,7,8,8,6,9,5,5,5,6,7,6,10,10,11,11,8,8,6,10,10,11,9,9,5,11,7,10,5,9,5,5,7,7,3,4,10,6,7,8,9,10,8,11,11,10,7,10,10,6,8,6,8,7,8,5,7,10,7,5,6,10,8,11,6,9,9,13,8,6,6,5,6,8,10,6,6,6,6,6,8,11,9,11,6,5,9,7,8,10,9,10,5,8,6,7,5,8,4,7,7,7,7,9,10,9,7,9,10,6,8,9,7,9,8,9,8,7,6,6,6,5,12,5,7,7,9,6,5,8,9,13,9,7,9,5,6,9,6,5,12,6,12,6,8,8,6,9,6,8,5,10,6,10,10,9,4,7,10,7,8,8,6,10,8,5,9,5,7,5,8,6,4,13,7,5,5,14,6,8,11,6,4,10,8,9,10,7,11,7,5,4,4,10,8,6,9,8,5,11,9,11,8,9,8,11,8,10,4,4,7,9,5,6,7,10,6,5,8,6,9,5,7,6,8,7,7,7,9,5,5,6,8,6,7,9,5,11,8,10,7,9,10,6,6,8,4,9,6,7,7,8,6,8,6,9,8,10,10,10,6,4,8,5,7,8,6,7,7,10,7,9,7,8,7,4,10,9,10,7,10,8,7,8,9,5,7,6,7,8,8,7,11,6,9,10,8,8,7,7,5,6,9,7,9,9,8,10,8,7,8,8,8,8,8,8,4,11,6,7,7,7,6,8,8,7,4,6,10,10,4,6,5,5,10,9,9,5,9,6,10,4,11,5,8,7,10,7,14,11,8,11,8,6,12,13,8,12,9,6,4,9,6,13,7,11,8,9,9,7,6,10,9,15,10,7,6,9,9,9,11,11,7,6,11,5,11,5,5,6,8,6,7,10,12,8,6,5,10,6,10,6,6,7,7,8,6,9,8,7,8,10,4,8,5,4,5,7,13,6,9,11,9,9,9,11,6,10,7,8,7,5,8,6,6,10,7,6,5,6,8,8,8,12,8
align-dinov2+500m-things+hyp-abl30-218,9,8,6,9,7,5,9,10,3,6,8,6,4,8,8,5,6,5,9,6,6,8,7,8,4,12,6,7,5,7,11,8,10,10,4,13,8,9,8,12,8,6,4,6,7,8,7,10,8,8,7,8,10,9,8,6,8,11,9,25,7,9,8,7,8,10,8,9,10,9,9,12,8,10,6,11,11,8,7,7,5,14,7,8,8,9,8,5,6,14,12,7,8,5,6,7,7,7,7,4,9,6,10,7,8,7,11,9,10,6,13,10,3,6,4,10,5,7,8,8,6,9,6,10,16,11,6,7,8,5,8,6,6,8,7,12,11,5,10,9,5,8,8,10,4,7,5,4,6,5,16,10,6,8,3,7,10,4,6,8,8,7,8,7,6,10,10,8,8,9,8,5,7,10,7,8,4,12,9,7,10,10,7,10,6,7,7,7,7,10,5,9,8,7,6,9,11,8,9,8,8,6,5,7,9,7,9,7,6,7,5,7,6,8,7,7,4,5,9,7,9,5,10,8,8,13,9,10,6,6,11,4,9,7,8,6,7,7,7,5,8,7,5,10,9,8,6,5,10,5,12,11,6,7,5,7,5,8,11,8,9,7,8,6,6,6,10,6,12,5,11,7,15,11,8,9,11,10,14,10,7,8,6,8,8,6,7,7,10,11,7,9,4,7,5,5,4,7,5,9,8,8,12,10,7,8,10,7,10,13,8,11,9,5,8,7,7,7,9,7,6,8,9,8,8,7,9,6,6,9,6,6,8,7,10,11,8,14,11,9,12,7,13,10,7,8,6,7,7,11,8,4,7,6,6,7,9,8,9,8,9,9,8,8,8,9,6,8,8,10,5,8,6,7,6,8,7,8,7,7,5,4,7,7,7,6,10,7,5,5,17,5,8,10,8,4,7,6,7,11,6,7,8,6,3,8,6,9,9,12,4,9,5,8,6,6,4,5,7,10,6,9,6,6,13,5,5,11,6,7,8,5,8,5,10,4,4,6,16,5,8,5,6,11,13,6,5,5,10,10,6,10,9,8,11,9,7,7,9,7,10,5,3,9,5,7,11,5,8,6,8,10,5,10,5,8,6,8,5,8,11,3,3,7,5,11,10,10,7,8,7,10,6,10,8,4,11,10,5,7,6,7,9,9,4,6,5,9,6,6,10,11,7,10,10,8,9,8,10,6,6,4,6,8,12,5,10,11,9,7,6,5,6,8,10,10,3,13,7,11,5,6,9,5,7,7,9,7,7,11,8,7,9,14,11,8,10,9,6,10,6,6,6,8,6,11,8,8,11,5,8,10,6,10,7,9,5,9,9,7,8,6,14,11,6,4,7,11,7,6,10,7,5,7,9,15,6,6,10,8,11,7,8,7,6,10,8,10,9,10,8,6,13,9,11,7,8,8,3,6,7,7,6,6,9,6,9,7,8,7,6,11,10,4,6,9,6,10,11,4,7,8,12,8,5,8,7,8,6,7,9,6,7,7,6,4,8,8,10,6,6,7,9,6,11,7,11,7,10,9,5,7,8,9,9,7,5,15,4,7,7,5,6,5,6,6,7,8,8,6,9,10,9,8,12,8,9,5,12,13,7,6,11,5,12,7,8,5,9,6,8,5,6,5,9,7,9,12,8,4,10,11,6,4,4,9,6,6,8,8,4,5,8,8,13,9,7,6,5,6,11,11,6,11,9,6,6,7,6,5,7,10,9,7,10,8,4,8,11,6,6,6,7,10,5,7,8,6,8,4,10,10,9,6,8,5,5,4,9,15,8,6,7,7,9,10,5,7,10,10,4,5,7,9,7,6,9,8,6,11,6,6,6,6,11,13,8,12,8,8,6,6,7,7,11,10,6,7,7,5,6,9,7,8,5,9,9,6,7,9,9,3,5,11,9,8,6,8,5,7,8,9,8,6,5,7,10,7,13,5,7,11,8,9,7,7,5,11,10,6,8,7,10,11,7,6,7,8,10,7,7,9,3,7,10,11,12,7,8,12,6,8,5,6,7,9,6,6,6,9,6,5,7,3,9,11,8,10,7,8,5,8,4,4,10,12,4,6,7,9,8,10,4,8,10,5,7,7,6,6,7,4,5,9,7,8,10,7,6,11,4,9,10,6,6,9,10,5,9,4,8,8,8,6,8,8,7,14,5,12,8,5,9,8,4,8,11,8,9,7,8,8,9,4,7,8,4,5,7,7,8,4,8,8,9,9,10,5,6,8,9,3,7,7,5,4,10,6,11,7,5,7,5,7,7,9,6,6,7,8,7,6,8,8,9,6,8,7,4,6,9,6,8,8,9,8,5,6,6,7,12,5,7,6,9,7,5,7,5,9,8,5,7,8,7,4,6,11,6,11,7,8,9,8,12,8,10,5,10,12,9,6,9,6,8,10,8,13,5,5,11,8,4,9,11,8,9,12,9,10,7,3,10,7,6,8,8,9,10,11,7,10,5,7,8,8,9,8,9,9,5,7,8,9,8,8,10,7,5,9,7,8,5,12,12,8,7,6,5,8,6,9,6,8,4,9,5,8,12,12,9,6,7,6,5,7,9,5,7,8,4,7,4,12,6,12,6,7,8,7,7,7,5,7,7,9,8,13,6,7,12,7,13,8,8,6,6,5,6,9,9,10,10,10,7,10,9,12,6,7,10,7,6,8,13,8,7,7,5,8,11,8,8,6,9,11,10,10
align-dinov2+500m-things+hyp-abl30-218-random,9,8,6,9,7,5,9,10,3,6,8,6,4,8,8,5,6,5,9,6,6,8,7,8,4,12,6,7,5,7,11,8,10,10,4,13,8,9,8,12,8,6,4,6,7,8,7,10,8,8,7,8,10,9,8,6,8,11,9,25,7,9,8,7,8,10,8,9,10,9,9,12,8,10,6,11,11,8,7,7,5,14,7,8,8,9,8,5,6,14,12,7,8,5,6,7,7,7,7,4,9,6,10,7,8,7,11,9,10,6,13,10,3,6,4,10,5,7,8,8,6,9,6,10,16,11,6,7,8,5,8,6,6,8,7,12,11,5,10,9,5,8,8,10,4,7,5,4,6,5,16,10,6,8,3,7,10,4,6,8,8,7,8,7,6,10,10,8,8,9,8,5,7,10,7,8,4,12,9,7,10,10,7,10,6,7,7,7,7,10,5,9,8,7,6,9,11,8,9,8,8,6,5,7,9,7,9,7,6,7,5,7,6,8,7,7,4,5,9,7,9,5,10,8,8,13,9,10,6,6,11,4,9,7,8,6,7,7,7,5,8,7,5,10,9,8,6,5,10,5,12,11,6,7,5,7,5,8,11,8,9,7,8,6,6,6,10,6,12,5,11,7,15,11,8,9,11,10,14,10,7,8,6,8,8,6,7,7,10,11,7,9,4,7,5,5,4,7,5,9,8,8,12,10,7,8,10,7,10,13,8,11,9,5,8,7,7,7,9,7,6,8,9,8,8,7,9,6,6,9,6,6,8,7,10,11,8,14,11,9,12,7,13,10,7,8,6,7,7,11,8,4,7,6,6,7,9,8,9,8,9,9,8,8,8,9,6,8,8,10,5,8,6,7,6,8,7,8,7,7,5,4,7,7,7,6,10,7,5,5,17,5,8,10,8,4,7,6,7,11,6,7,8,6,3,8,6,9,9,12,4,9,5,8,6,6,4,5,7,10,6,9,6,6,13,5,5,11,6,7,8,5,8,5,10,4,4,6,16,5,8,5,6,11,13,6,5,5,10,10,6,10,9,8,11,9,7,7,9,7,10,5,3,9,5,7,11,5,8,6,8,10,5,10,5,8,6,8,5,8,11,3,3,7,5,11,10,10,7,8,7,10,6,10,8,4,11,10,5,7,6,7,9,9,4,6,5,9,6,6,10,11,7,10,10,8,9,8,10,6,6,4,6,8,12,5,10,11,9,7,6,5,6,8,10,10,3,13,7,11,5,6,9,5,7,7,9,7,7,11,8,7,9,14,11,8,10,9,6,10,6,6,6,8,6,11,8,8,11,5,8,10,6,10,7,9,5,9,9,7,8,6,14,11,6,4,7,11,7,6,10,7,5,7,9,15,6,6,10,8,11,7,8,7,6,10,8,10,9,10,8,6,13,9,11,7,8,8,3,6,7,7,6,6,9,6,9,7,8,7,6,11,10,4,6,9,6,10,11,4,7,8,12,8,5,8,7,8,6,7,9,6,7,7,6,4,8,8,10,6,6,7,9,6,11,7,11,7,10,9,5,7,8,9,9,7,5,15,4,7,7,5,6,5,6,6,7,8,8,6,9,10,9,8,12,8,9,5,12,13,7,6,11,5,12,7,8,5,9,6,8,5,6,5,9,7,9,12,8,4,10,11,6,4,4,9,6,6,8,8,4,5,8,8,13,9,7,6,5,6,11,11,6,11,9,6,6,7,6,5,7,10,9,7,10,8,4,8,11,6,6,6,7,10,5,7,8,6,8,4,10,10,9,6,8,5,5,4,9,15,8,6,7,7,9,10,5,7,10,10,4,5,7,9,7,6,9,8,6,11,6,6,6,6,11,13,8,12,8,8,6,6,7,7,11,10,6,7,7,5,6,9,7,8,5,9,9,6,7,9,9,3,5,11,9,8,6,8,5,7,8,9,8,6,5,7,10,7,13,5,7,11,8,9,7,7,5,11,10,6,8,7,10,11,7,6,7,8,10,7,7,9,3,7,10,11,12,7,8,12,6,8,5,6,7,9,6,6,6,9,6,5,7,3,9,11,8,10,7,8,5,8,4,4,10,12,4,6,7,9,8,10,4,8,10,5,7,7,6,6,7,4,5,9,7,8,10,7,6,11,4,9,10,6,6,9,10,5,9,4,8,8,8,6,8,8,7,14,5,12,8,5,9,8,4,8,11,8,9,7,8,8,9,4,7,8,4,5,7,7,8,4,8,8,9,9,10,5,6,8,9,3,7,7,5,4,10,6,11,7,5,7,5,7,7,9,6,6,7,8,7,6,8,8,9,6,8,7,4,6,9,6,8,8,9,8,5,6,6,7,12,5,7,6,9,7,5,7,5,9,8,5,7,8,7,4,6,11,6,11,7,8,9,8,12,8,10,5,10,12,9,6,9,6,8,10,8,13,5,5,11,8,4,9,11,8,9,12,9,10,7,3,10,7,6,8,8,9,10,11,7,10,5,7,8,8,9,8,9,9,5,7,8,9,8,8,10,7,5,9,7,8,5,12,12,8,7,6,5,8,6,9,6,8,4,9,5,8,12,12,9,6,7,6,5,7,9,5,7,8,4,7,4,12,6,12,6,7,8,7,7,7,5,7,7,9,8,13,6,7,12,7,13,8,8,6,6,5,6,9,9,10,10,10,7,10,9,12,6,7,10,7,6,8,13,8,7,7,5,8,11,8,8,6,9,11,10,10
align-dinov2+500m-things+hyp-abl30-42,9,8,6,9,7,5,9,10,3,6,8,6,4,8,8,5,6,5,9,6,6,8,7,8,4,12,6,7,5,7,11,8,10,10,4,13,8,9,8,12,8,6,4,6,7,8,7,10,8,8,7,8,10,9,8,6,8,11,9,25,7,9,8,7,8,10,8,9,10,9,9,12,8,10,6,11,11,8,7,7,5,14,7,8,8,9,8,5,6,14,12,7,8,5,6,7,7,7,7,4,9,6,10,7,8,7,11,9,10,6,13,10,3,6,4,10,5,7,8,8,6,9,6,10,16,11,6,7,8,5,8,6,6,8,7,12,11,5,10,9,5,8,8,10,4,7,5,4,6,5,16,10,6,8,3,7,10,4,6,8,8,7,8,7,6,10,10,8,8,9,8,5,7,10,7,8,4,12,9,7,10,10,7,10,6,7,7,7,7,10,5,9,8,7,6,9,11,8,9,8,8,6,5,7,9,7,9,7,6,7,5,7,6,8,7,7,4,5,9,7,9,5,10,8,8,13,9,10,6,6,11,4,9,7,8,6,7,7,7,5,8,7,5,10,9,8,6,5,10,5,12,11,6,7,5,7,5,8,11,8,9,7,8,6,6,6,10,6,12,5,11,7,15,11,8,9,11,10,14,10,7,8,6,8,8,6,7,7,10,11,7,9,4,7,5,5,4,7,5,9,8,8,12,10,7,8,10,7,10,13,8,11,9,5,8,7,7,7,9,7,6,8,9,8,8,7,9,6,6,9,6,6,8,7,10,11,8,14,11,9,12,7,13,10,7,8,6,7,7,11,8,4,7,6,6,7,9,8,9,8,9,9,8,8,8,9,6,8,8,10,5,8,6,7,6,8,7,8,7,7,5,4,7,7,7,6,10,7,5,5,17,5,8,10,8,4,7,6,7,11,6,7,8,6,3,8,6,9,9,12,4,9,5,8,6,6,4,5,7,10,6,9,6,6,13,5,5,11,6,7,8,5,8,5,10,4,4,6,16,5,8,5,6,11,13,6,5,5,10,10,6,10,9,8,11,9,7,7,9,7,10,5,3,9,5,7,11,5,8,6,8,10,5,10,5,8,6,8,5,8,11,3,3,7,5,11,10,10,7,8,7,10,6,10,8,4,11,10,5,7,6,7,9,9,4,6,5,9,6,6,10,11,7,10,10,8,9,8,10,6,6,4,6,8,12,5,10,11,9,7,6,5,6,8,10,10,3,13,7,11,5,6,9,5,7,7,9,7,7,11,8,7,9,14,11,8,10,9,6,10,6,6,6,8,6,11,8,8,11,5,8,10,6,10,7,9,5,9,9,7,8,6,14,11,6,4,7,11,7,6,10,7,5,7,9,15,6,6,10,8,11,7,8,7,6,10,8,10,9,10,8,6,13,9,11,7,8,8,3,6,7,7,6,6,9,6,9,7,8,7,6,11,10,4,6,9,6,10,11,4,7,8,12,8,5,8,7,8,6,7,9,6,7,7,6,4,8,8,10,6,6,7,9,6,11,7,11,7,10,9,5,7,8,9,9,7,5,15,4,7,7,5,6,5,6,6,7,8,8,6,9,10,9,8,12,8,9,5,12,13,7,6,11,5,12,7,8,5,9,6,8,5,6,5,9,7,9,12,8,4,10,11,6,4,4,9,6,6,8,8,4,5,8,8,13,9,7,6,5,6,11,11,6,11,9,6,6,7,6,5,7,10,9,7,10,8,4,8,11,6,6,6,7,10,5,7,8,6,8,4,10,10,9,6,8,5,5,4,9,15,8,6,7,7,9,10,5,7,10,10,4,5,7,9,7,6,9,8,6,11,6,6,6,6,11,13,8,12,8,8,6,6,7,7,11,10,6,7,7,5,6,9,7,8,5,9,9,6,7,9,9,3,5,11,9,8,6,8,5,7,8,9,8,6,5,7,10,7,13,5,7,11,8,9,7,7,5,11,10,6,8,7,10,11,7,6,7,8,10,7,7,9,3,7,10,11,12,7,8,12,6,8,5,6,7,9,6,6,6,9,6,5,7,3,9,11,8,10,7,8,5,8,4,4,10,12,4,6,7,9,8,10,4,8,10,5,7,7,6,6,7,4,5,9,7,8,10,7,6,11,4,9,10,6,6,9,10,5,9,4,8,8,8,6,8,8,7,14,5,12,8,5,9,8,4,8,11,8,9,7,8,8,9,4,7,8,4,5,7,7,8,4,8,8,9,9,10,5,6,8,9,3,7,7,5,4,10,6,11,7,5,7,5,7,7,9,6,6,7,8,7,6,8,8,9,6,8,7,4,6,9,6,8,8,9,8,5,6,6,7,12,5,7,6,9,7,5,7,5,9,8,5,7,8,7,4,6,11,6,11,7,8,9,8,12,8,10,5,10,12,9,6,9,6,8,10,8,13,5,5,11,8,4,9,11,8,9,12,9,10,7,3,10,7,6,8,8,9,10,11,7,10,5,7,8,8,9,8,9,9,5,7,8,9,8,8,10,7,5,9,7,8,5,12,12,8,7,6,5,8,6,9,6,8,4,9,5,8,12,12,9,6,7,6,5,7,9,5,7,8,4,7,4,12,6,12,6,7,8,7,7,7,5,7,7,9,8,13,6,7,12,7,13,8,8,6,6,5,6,9,9,10,10,10,7,10,9,12,6,7,10,7,6,8,13,8,7,7,5,8,11,8,8,6,9,11,10,10
align-dinov2+500m-things+hyp-abl30-42-random,9,8,6,9,7,5,9,10,3,6,8,6,4,8,8,5,6,5,9,6,6,8,7,8,4,12,6,7,5,7,11,8,10,10,4,13,8,9,8,12,8,6,4,6,7,8,7,10,8,8,7,8,10,9,8,6,8,11,9,25,7,9,8,7,8,10,8,9,10,9,9,12,8,10,6,11,11,8,7,7,5,14,7,8,8,9,8,5,6,14,12,7,8,5,6,7,7,7,7,4,9,6,10,7,8,7,11,9,10,6,13,10,3,6,4,10,5,7,8,8,6,9,6,10,16,11,6,7,8,5,8,6,6,8,7,12,11,5,10,9,5,8,8,10,4,7,5,4,6,5,16,10,6,8,3,7,10,4,6,8,8,7,8,7,6,10,10,8,8,9,8,5,7,10,7,8,4,12,9,7,10,10,7,10,6,7,7,7,7,10,5,9,8,7,6,9,11,8,9,8,8,6,5,7,9,7,9,7,6,7,5,7,6,8,7,7,4,5,9,7,9,5,10,8,8,13,9,10,6,6,11,4,9,7,8,6,7,7,7,5,8,7,5,10,9,8,6,5,10,5,12,11,6,7,5,7,5,8,11,8,9,7,8,6,6,6,10,6,12,5,11,7,15,11,8,9,11,10,14,10,7,8,6,8,8,6,7,7,10,11,7,9,4,7,5,5,4,7,5,9,8,8,12,10,7,8,10,7,10,13,8,11,9,5,8,7,7,7,9,7,6,8,9,8,8,7,9,6,6,9,6,6,8,7,10,11,8,14,11,9,12,7,13,10,7,8,6,7,7,11,8,4,7,6,6,7,9,8,9,8,9,9,8,8,8,9,6,8,8,10,5,8,6,7,6,8,7,8,7,7,5,4,7,7,7,6,10,7,5,5,17,5,8,10,8,4,7,6,7,11,6,7,8,6,3,8,6,9,9,12,4,9,5,8,6,6,4,5,7,10,6,9,6,6,13,5,5,11,6,7,8,5,8,5,10,4,4,6,16,5,8,5,6,11,13,6,5,5,10,10,6,10,9,8,11,9,7,7,9,7,10,5,3,9,5,7,11,5,8,6,8,10,5,10,5,8,6,8,5,8,11,3,3,7,5,11,10,10,7,8,7,10,6,10,8,4,11,10,5,7,6,7,9,9,4,6,5,9,6,6,10,11,7,10,10,8,9,8,10,6,6,4,6,8,12,5,10,11,9,7,6,5,6,8,10,10,3,13,7,11,5,6,9,5,7,7,9,7,7,11,8,7,9,14,11,8,10,9,6,10,6,6,6,8,6,11,8,8,11,5,8,10,6,10,7,9,5,9,9,7,8,6,14,11,6,4,7,11,7,6,10,7,5,7,9,15,6,6,10,8,11,7,8,7,6,10,8,10,9,10,8,6,13,9,11,7,8,8,3,6,7,7,6,6,9,6,9,7,8,7,6,11,10,4,6,9,6,10,11,4,7,8,12,8,5,8,7,8,6,7,9,6,7,7,6,4,8,8,10,6,6,7,9,6,11,7,11,7,10,9,5,7,8,9,9,7,5,15,4,7,7,5,6,5,6,6,7,8,8,6,9,10,9,8,12,8,9,5,12,13,7,6,11,5,12,7,8,5,9,6,8,5,6,5,9,7,9,12,8,4,10,11,6,4,4,9,6,6,8,8,4,5,8,8,13,9,7,6,5,6,11,11,6,11,9,6,6,7,6,5,7,10,9,7,10,8,4,8,11,6,6,6,7,10,5,7,8,6,8,4,10,10,9,6,8,5,5,4,9,15,8,6,7,7,9,10,5,7,10,10,4,5,7,9,7,6,9,8,6,11,6,6,6,6,11,13,8,12,8,8,6,6,7,7,11,10,6,7,7,5,6,9,7,8,5,9,9,6,7,9,9,3,5,11,9,8,6,8,5,7,8,9,8,6,5,7,10,7,13,5,7,11,8,9,7,7,5,11,10,6,8,7,10,11,7,6,7,8,10,7,7,9,3,7,10,11,12,7,8,12,6,8,5,6,7,9,6,6,6,9,6,5,7,3,9,11,8,10,7,8,5,8,4,4,10,12,4,6,7,9,8,10,4,8,10,5,7,7,6,6,7,4,5,9,7,8,10,7,6,11,4,9,10,6,6,9,10,5,9,4,8,8,8,6,8,8,7,14,5,12,8,5,9,8,4,8,11,8,9,7,8,8,9,4,7,8,4,5,7,7,8,4,8,8,9,9,10,5,6,8,9,3,7,7,5,4,10,6,11,7,5,7,5,7,7,9,6,6,7,8,7,6,8,8,9,6,8,7,4,6,9,6,8,8,9,8,5,6,6,7,12,5,7,6,9,7,5,7,5,9,8,5,7,8,7,4,6,11,6,11,7,8,9,8,12,8,10,5,10,12,9,6,9,6,8,10,8,13,5,5,11,8,4,9,11,8,9,12,9,10,7,3,10,7,6,8,8,9,10,11,7,10,5,7,8,8,9,8,9,9,5,7,8,9,8,8,10,7,5,9,7,8,5,12,12,8,7,6,5,8,6,9,6,8,4,9,5,8,12,12,9,6,7,6,5,7,9,5,7,8,4,7,4,12,6,12,6,7,8,7,7,7,5,7,7,9,8,13,6,7,12,7,13,8,8,6,6,5,6,9,9,10,10,10,7,10,9,12,6,7,10,7,6,8,13,8,7,7,5,8,11,8,8,6,9,11,10,10
align-dinov2+500m-things+hyp-abl30-7,9,8,6,9,7,5,9,10,3,6,8,6,4,8,8,5,6,5,9,6,6,8,7,8,4,12,6,7,5,7,11,8,10,10,4,13,8,9,8,12,8,6,4,6,7,8,7,10,8,8,7,8,10,9,8,6,8,11,9,25,7,9,8,7,8,10,8,9,10,9,9,12,8,10,6,11,11,8,7,7,5,14,7,8,8,9,8,5,6,14,12,7,8,5,6,7,7,7,7,4,9,6,10,7,8,7,11,9,10,6,13,10,3,6,4,10,5,7,8,8,6,9,6,10,16,11,6,7,8,5,8,6,6,8,7,12,11,5,10,9,5,8,8,10,4,7,5,4,6,5,16,10,6,8,3,7,10,4,6,8,8,7,8,7,6,10,10,8,8,9,8,5,7,10,7,8,4,12,9,7,10,10,7,10,6,7,7,7,7,10,5,9,8,7,6,9,11,8,9,8,8,6,5,7,9,7,9,7,6,7,5,7,6,8,7,7,4,5,9,7,9,5,10,8,8,13,9,10,6,6,11,4,9,7,8,6,7,7,7,5,8,7,5,10,9,8,6,5,10,5,12,11,6,7,5,7,5,8,11,8,9,7,8,6,6,6,10,6,12,5,11,7,15,11,8,9,11,10,14,10,7,8,6,8,8,6,7,7,10,11,7,9,4,7,5,5,4,7,5,9,8,8,12,10,7,8,10,7,10,13,8,11,9,5,8,7,7,7,9,7,6,8,9,8,8,7,9,6,6,9,6,6,8,7,10,11,8,14,11,9,12,7,13,10,7,8,6,7,7,11,8,4,7,6,6,7,9,8,9,8,9,9,8,8,8,9,6,8,8,10,5,8,6,7,6,8,7,8,7,7,5,4,7,7,7,6,10,7,5,5,17,5,8,10,8,4,7,6,7,11,6,7,8,6,3,8,6,9,9,12,4,9,5,8,6,6,4,5,7,10,6,9,6,6,13,5,5,11,6,7,8,5,8,5,10,4,4,6,16,5,8,5,6,11,13,6,5,5,10,10,6,10,9,8,11,9,7,7,9,7,10,5,3,9,5,7,11,5,8,6,8,10,5,10,5,8,6,8,5,8,11,3,3,7,5,11,10,10,7,8,7,10,6,10,8,4,11,10,5,7,6,7,9,9,4,6,5,9,6,6,10,11,7,10,10,8,9,8,10,6,6,4,6,8,12,5,10,11,9,7,6,5,6,8,10,10,3,13,7,11,5,6,9,5,7,7,9,7,7,11,8,7,9,14,11,8,10,9,6,10,6,6,6,8,6,11,8,8,11,5,8,10,6,10,7,9,5,9,9,7,8,6,14,11,6,4,7,11,7,6,10,7,5,7,9,15,6,6,10,8,11,7,8,7,6,10,8,10,9,10,8,6,13,9,11,7,8,8,3,6,7,7,6,6,9,6,9,7,8,7,6,11,10,4,6,9,6,10,11,4,7,8,12,8,5,8,7,8,6,7,9,6,7,7,6,4,8,8,10,6,6,7,9,6,11,7,11,7,10,9,5,7,8,9,9,7,5,15,4,7,7,5,6,5,6,6,7,8,8,6,9,10,9,8,12,8,9,5,12,13,7,6,11,5,12,7,8,5,9,6,8,5,6,5,9,7,9,12,8,4,10,11,6,4,4,9,6,6,8,8,4,5,8,8,13,9,7,6,5,6,11,11,6,11,9,6,6,7,6,5,7,10,9,7,10,8,4,8,11,6,6,6,7,10,5,7,8,6,8,4,10,10,9,6,8,5,5,4,9,15,8,6,7,7,9,10,5,7,10,10,4,5,7,9,7,6,9,8,6,11,6,6,6,6,11,13,8,12,8,8,6,6,7,7,11,10,6,7,7,5,6,9,7,8,5,9,9,6,7,9,9,3,5,11,9,8,6,8,5,7,8,9,8,6,5,7,10,7,13,5,7,11,8,9,7,7,5,11,10,6,8,7,10,11,7,6,7,8,10,7,7,9,3,7,10,11,12,7,8,12,6,8,5,6,7,9,6,6,6,9,6,5,7,3,9,11,8,10,7,8,5,8,4,4,10,12,4,6,7,9,8,10,4,8,10,5,7,7,6,6,7,4,5,9,7,8,10,7,6,11,4,9,10,6,6,9,10,5,9,4,8,8,8,6,8,8,7,14,5,12,8,5,9,8,4,8,11,8,9,7,8,8,9,4,7,8,4,5,7,7,8,4,8,8,9,9,10,5,6,8,9,3,7,7,5,4,10,6,11,7,5,7,5,7,7,9,6,6,7,8,7,6,8,8,9,6,8,7,4,6,9,6,8,8,9,8,5,6,6,7,12,5,7,6,9,7,5,7,5,9,8,5,7,8,7,4,6,11,6,11,7,8,9,8,12,8,10,5,10,12,9,6,9,6,8,10,8,13,5,5,11,8,4,9,11,8,9,12,9,10,7,3,10,7,6,8,8,9,10,11,7,10,5,7,8,8,9,8,9,9,5,7,8,9,8,8,10,7,5,9,7,8,5,12,12,8,7,6,5,8,6,9,6,8,4,9,5,8,12,12,9,6,7,6,5,7,9,5,7,8,4,7,4,12,6,12,6,7,8,7,7,7,5,7,7,9,8,13,6,7,12,7,13,8,8,6,6,5,6,9,9,10,10,10,7,10,9,12,6,7,10,7,6,8,13,8,7,7,5,8,11,8,8,6,9,11,10,10
align-dinov2+500m-things+hyp-abl30-7-random,9,8,6,9,7,5,9,10,3,6,8,6,4,8,8,5,6,5,9,6,6,8,7,8,4,12,6,7,5,7,11,8,10,10,4,13,8,9,8,12,8,6,4,6,7,8,7,10,8,8,7,8,10,9,8,6,8,11,9,25,7,9,8,7,8,10,8,9,10,9,9,12,8,10,6,11,11,8,7,7,5,14,7,8,8,9,8,5,6,14,12,7,8,5,6,7,7,7,7,4,9,6,10,7,8,7,11,9,10,6,13,10,3,6,4,10,5,7,8,8,6,9,6,10,16,11,6,7,8,5,8,6,6,8,7,12,11,5,10,9,5,8,8,10,4,7,5,4,6,5,16,10,6,8,3,7,10,4,6,8,8,7,8,7,6,10,10,8,8,9,8,5,7,10,7,8,4,12,9,7,10,10,7,10,6,7,7,7,7,10,5,9,8,7,6,9,11,8,9,8,8,6,5,7,9,7,9,7,6,7,5,7,6,8,7,7,4,5,9,7,9,5,10,8,8,13,9,10,6,6,11,4,9,7,8,6,7,7,7,5,8,7,5,10,9,8,6,5,10,5,12,11,6,7,5,7,5,8,11,8,9,7,8,6,6,6,10,6,12,5,11,7,15,11,8,9,11,10,14,10,7,8,6,8,8,6,7,7,10,11,7,9,4,7,5,5,4,7,5,9,8,8,12,10,7,8,10,7,10,13,8,11,9,5,8,7,7,7,9,7,6,8,9,8,8,7,9,6,6,9,6,6,8,7,10,11,8,14,11,9,12,7,13,10,7,8,6,7,7,11,8,4,7,6,6,7,9,8,9,8,9,9,8,8,8,9,6,8,8,10,5,8,6,7,6,8,7,8,7,7,5,4,7,7,7,6,10,7,5,5,17,5,8,10,8,4,7,6,7,11,6,7,8,6,3,8,6,9,9,12,4,9,5,8,6,6,4,5,7,10,6,9,6,6,13,5,5,11,6,7,8,5,8,5,10,4,4,6,16,5,8,5,6,11,13,6,5,5,10,10,6,10,9,8,11,9,7,7,9,7,10,5,3,9,5,7,11,5,8,6,8,10,5,10,5,8,6,8,5,8,11,3,3,7,5,11,10,10,7,8,7,10,6,10,8,4,11,10,5,7,6,7,9,9,4,6,5,9,6,6,10,11,7,10,10,8,9,8,10,6,6,4,6,8,12,5,10,11,9,7,6,5,6,8,10,10,3,13,7,11,5,6,9,5,7,7,9,7,7,11,8,7,9,14,11,8,10,9,6,10,6,6,6,8,6,11,8,8,11,5,8,10,6,10,7,9,5,9,9,7,8,6,14,11,6,4,7,11,7,6,10,7,5,7,9,15,6,6,10,8,11,7,8,7,6,10,8,10,9,10,8,6,13,9,11,7,8,8,3,6,7,7,6,6,9,6,9,7,8,7,6,11,10,4,6,9,6,10,11,4,7,8,12,8,5,8,7,8,6,7,9,6,7,7,6,4,8,8,10,6,6,7,9,6,11,7,11,7,10,9,5,7,8,9,9,7,5,15,4,7,7,5,6,5,6,6,7,8,8,6,9,10,9,8,12,8,9,5,12,13,7,6,11,5,12,7,8,5,9,6,8,5,6,5,9,7,9,12,8,4,10,11,6,4,4,9,6,6,8,8,4,5,8,8,13,9,7,6,5,6,11,11,6,11,9,6,6,7,6,5,7,10,9,7,10,8,4,8,11,6,6,6,7,10,5,7,8,6,8,4,10,10,9,6,8,5,5,4,9,15,8,6,7,7,9,10,5,7,10,10,4,5,7,9,7,6,9,8,6,11,6,6,6,6,11,13,8,12,8,8,6,6,7,7,11,10,6,7,7,5,6,9,7,8,5,9,9,6,7,9,9,3,5,11,9,8,6,8,5,7,8,9,8,6,5,7,10,7,13,5,7,11,8,9,7,7,5,11,10,6,8,7,10,11,7,6,7,8,10,7,7,9,3,7,10,11,12,7,8,12,6,8,5,6,7,9,6,6,6,9,6,5,7,3,9,11,8,10,7,8,5,8,4,4,10,12,4,6,7,9,8,10,4,8,10,5,7,7,6,6,7,4,5,9,7,8,10,7,6,11,4,9,10,6,6,9,10,5,9,4,8,8,8,6,8,8,7,14,5,12,8,5,9,8,4,8,11,8,9,7,8,8,9,4,7,8,4,5,7,7,8,4,8,8,9,9,10,5,6,8,9,3,7,7,5,4,10,6,11,7,5,7,5,7,7,9,6,6,7,8,7,6,8,8,9,6,8,7,4,6,9,6,8,8,9,8,5,6,6,7,12,5,7,6,9,7,5,7,5,9,8,5,7,8,7,4,6,11,6,11,7,8,9,8,12,8,10,5,10,12,9,6,9,6,8,10,8,13,5,5,11,8,4,9,11,8,9,12,9,10,7,3,10,7,6,8,8,9,10,11,7,10,5,7,8,8,9,8,9,9,5,7,8,9,8,8,10,7,5,9,7,8,5,12,12,8,7,6,5,8,6,9,6,8,4,9,5,8,12,12,9,6,7,6,5,7,9,5,7,8,4,7,4,12,6,12,6,7,8,7,7,7,5,7,7,9,8,13,6,7,12,7,13,8,8,6,6,5,6,9,9,10,10,10,7,10,9,12,6,7,10,7,6,8,13,8,7,7,5,8,11,8,8,6,9,11,10,10
align-dinov2+500m-things+hyp-abl30-local-shuffled-218,4,7,11,8,5,8,9,7,8,6,11,10,6,9,7,8,10,14,9,6,10,8,9,6,7,7,7,9,11,7,9,7,9,5,7,7,10,8,7,10,6,8,5,8,9,6,7,6,10,6,6,4,9,10,8,7,7,4,5,19,10,4,9,7,9,9,7,7,5,8,9,5,7,10,10,8,5,7,7,4,7,10,7,9,5,11,5,5,8,8,12,7,10,9,9,8,10,8,6,9,9,8,7,10,11,6,10,9,9,9,10,8,10,7,7,9,8,8,9,10,8,7,7,4,15,11,8,7,8,5,8,11,8,9,10,9,9,6,10,4,5,7,8,8,6,9,7,7,6,8,15,6,4,8,7,8,4,8,5,6,8,8,5,5,9,7,6,8,6,7,5,6,10,7,6,7,9,9,7,5,6,9,10,6,11,6,7,7,7,5,8,4,9,6,9,10,8,8,10,6,10,4,5,5,13,4,5,7,7,9,9,4,6,8,7,6,4,6,6,9,7,4,10,5,11,7,9,8,6,7,15,7,5,8,8,9,6,6,7,5,9,6,7,11,8,13,6,12,6,9,8,8,7,8,7,5,7,9,9,7,7,9,10,7,5,10,8,9,8,5,8,7,8,7,6,8,6,10,6,7,9,5,9,7,8,5,7,6,5,9,10,5,7,10,7,5,10,6,11,6,6,6,11,5,9,10,8,8,5,9,11,8,9,6,6,5,10,8,9,9,9,13,9,5,8,7,6,9,6,7,7,3,6,10,9,7,9,8,8,10,8,8,8,9,8,12,7,7,6,8,10,7,8,12,6,4,5,6,9,8,8,6,5,7,4,7,10,6,6,7,10,8,8,3,4,6,8,5,6,10,4,6,9,7,8,7,6,11,8,10,16,8,12,7,4,6,6,7,11,13,7,10,11,9,7,7,6,8,6,6,7,8,4,6,6,9,7,10,10,8,9,10,8,5,7,10,8,4,8,8,8,7,10,8,5,6,9,5,5,9,10,10,8,6,6,9,12,9,11,5,9,10,9,10,7,9,8,11,7,7,7,5,8,7,7,11,7,6,7,8,9,7,8,8,7,11,5,4,9,7,7,5,10,5,6,8,8,7,7,5,10,7,10,11,4,6,9,5,9,8,11,8,6,9,5,10,13,7,8,9,9,6,5,6,10,8,10,8,8,11,8,6,6,9,9,9,10,5,10,5,5,10,7,9,8,10,8,6,10,8,6,11,10,7,7,7,5,7,8,8,7,9,12,16,9,8,8,10,11,9,8,4,8,6,8,6,7,4,5,9,5,6,6,10,9,7,8,9,7,10,7,4,10,8,8,4,6,6,5,9,10,8,8,8,10,5,5,7,6,4,8,9,5,5,7,13,5,8,12,7,8,13,5,7,8,8,9,5,10,9,8,7,12,9,5,10,6,8,6,7,8,7,10,12,6,7,7,8,7,11,5,4,7,5,8,7,6,7,4,12,11,8,8,8,10,5,10,11,9,9,8,7,10,7,5,6,9,9,8,5,6,7,10,8,6,4,6,8,5,5,5,7,6,7,8,8,5,7,12,7,11,12,3,12,5,7,7,5,8,6,5,9,8,9,6,8,9,8,12,8,6,9,8,8,4,8,9,8,5,10,5,6,7,12,10,9,9,10,9,15,8,6,5,5,4,9,6,9,7,13,6,11,6,5,11,6,8,6,6,7,8,7,7,6,5,8,5,13,6,8,8,9,8,8,7,8,10,9,7,8,8,9,10,7,9,10,12,6,5,9,7,5,8,8,6,8,9,8,9,5,8,8,6,9,7,9,7,5,7,12,10,7,8,7,12,14,8,7,7,6,8,7,5,10,7,7,8,10,8,6,9,13,10,6,7,6,6,10,12,11,6,3,9,9,5,9,12,7,8,6,7,9,7,6,9,10,7,9,8,10,13,15,11,7,9,11,8,7,12,5,6,8,6,4,9,8,6,5,13,7,6,11,6,6,8,7,8,6,6,8,7,10,4,5,8,9,10,6,13,7,5,9,9,9,8,8,7,9,5,11,8,10,6,9,9,7,8,5,9,7,8,7,9,8,13,10,8,6,7,6,9,8,7,6,6,4,5,6,8,4,7,5,7,6,5,7,10,6,6,4,8,11,6,15,7,8,10,6,6,7,6,10,7,10,10,7,8,11,9,7,7,11,10,11,6,9,5,10,9,8,7,10,10,5,11,9,9,10,7,4,8,7,6,8,7,8,9,6,7,6,8,13,8,8,4,8,7,7,7,4,12,10,6,10,6,9,11,7,9,6,9,10,8,7,7,9,6,6,5,5,8,5,6,9,4,9,11,12,12,9,7,7,10,13,10,8,5,6,7,6,10,9,6,10,6,11,6,9,7,16,10,6,6,7,8,10,8,10,4,5,8,11,8,6,7,11,7,9,6,10,9,7,7,8,10,6,7,7,9,5,4,9,5,8,8,5,8,8,9,7,6,10,6,14,5,8,5,9,9,6,4,11,8,7,10,7,6,4,11,14,6,9,5,6,9,8,5,9,9,12,8,6,14,6,4,8,5,8,8,8,9,5,9,5,7,7,7,4,10,10,9,12,7,6,5,7,6,6,10,8,5,8,8,9,9,7,7,8,3,5,9,7,7,6,7,6,6,4,8,9,7,4,7,6,7,13,10,7,6,9,6,8,7,7,7,6,6,6
align-dinov2+500m-things+hyp-abl30-local-shuffled-42,4,7,11,8,5,8,9,7,8,6,11,10,6,9,7,8,10,14,9,6,10,8,9,6,7,7,7,9,11,7,9,7,9,5,7,7,10,8,7,10,6,8,5,8,9,6,7,6,10,6,6,4,9,10,8,7,7,4,5,19,10,4,9,7,9,9,7,7,5,8,9,5,7,10,10,8,5,7,7,4,7,10,7,9,5,11,5,5,8,8,12,7,10,9,9,8,10,8,6,9,9,8,7,10,11,6,10,9,9,9,10,8,10,7,7,9,8,8,9,10,8,7,7,4,15,11,8,7,8,5,8,11,8,9,10,9,9,6,10,4,5,7,8,8,6,9,7,7,6,8,15,6,4,8,7,8,4,8,5,6,8,8,5,5,9,7,6,8,6,7,5,6,10,7,6,7,9,9,7,5,6,9,10,6,11,6,7,7,7,5,8,4,9,6,9,10,8,8,10,6,10,4,5,5,13,4,5,7,7,9,9,4,6,8,7,6,4,6,6,9,7,4,10,5,11,7,9,8,6,7,15,7,5,8,8,9,6,6,7,5,9,6,7,11,8,13,6,12,6,9,8,8,7,8,7,5,7,9,9,7,7,9,10,7,5,10,8,9,8,5,8,7,8,7,6,8,6,10,6,7,9,5,9,7,8,5,7,6,5,9,10,5,7,10,7,5,10,6,11,6,6,6,11,5,9,10,8,8,5,9,11,8,9,6,6,5,10,8,9,9,9,13,9,5,8,7,6,9,6,7,7,3,6,10,9,7,9,8,8,10,8,8,8,9,8,12,7,7,6,8,10,7,8,12,6,4,5,6,9,8,8,6,5,7,4,7,10,6,6,7,10,8,8,3,4,6,8,5,6,10,4,6,9,7,8,7,6,11,8,10,16,8,12,7,4,6,6,7,11,13,7,10,11,9,7,7,6,8,6,6,7,8,4,6,6,9,7,10,10,8,9,10,8,5,7,10,8,4,8,8,8,7,10,8,5,6,9,5,5,9,10,10,8,6,6,9,12,9,11,5,9,10,9,10,7,9,8,11,7,7,7,5,8,7,7,11,7,6,7,8,9,7,8,8,7,11,5,4,9,7,7,5,10,5,6,8,8,7,7,5,10,7,10,11,4,6,9,5,9,8,11,8,6,9,5,10,13,7,8,9,9,6,5,6,10,8,10,8,8,11,8,6,6,9,9,9,10,5,10,5,5,10,7,9,8,10,8,6,10,8,6,11,10,7,7,7,5,7,8,8,7,9,12,16,9,8,8,10,11,9,8,4,8,6,8,6,7,4,5,9,5,6,6,10,9,7,8,9,7,10,7,4,10,8,8,4,6,6,5,9,10,8,8,8,10,5,5,7,6,4,8,9,5,5,7,13,5,8,12,7,8,13,5,7,8,8,9,5,10,9,8,7,12,9,5,10,6,8,6,7,8,7,10,12,6,7,7,8,7,11,5,4,7,5,8,7,6,7,4,12,11,8,8,8,10,5,10,11,9,9,8,7,10,7,5,6,9,9,8,5,6,7,10,8,6,4,6,8,5,5,5,7,6,7,8,8,5,7,12,7,11,12,3,12,5,7,7,5,8,6,5,9,8,9,6,8,9,8,12,8,6,9,8,8,4,8,9,8,5,10,5,6,7,12,10,9,9,10,9,15,8,6,5,5,4,9,6,9,7,13,6,11,6,5,11,6,8,6,6,7,8,7,7,6,5,8,5,13,6,8,8,9,8,8,7,8,10,9,7,8,8,9,10,7,9,10,12,6,5,9,7,5,8,8,6,8,9,8,9,5,8,8,6,9,7,9,7,5,7,12,10,7,8,7,12,14,8,7,7,6,8,7,5,10,7,7,8,10,8,6,9,13,10,6,7,6,6,10,12,11,6,3,9,9,5,9,12,7,8,6,7,9,7,6,9,10,7,9,8,10,13,15,11,7,9,11,8,7,12,5,6,8,6,4,9,8,6,5,13,7,6,11,6,6,8,7,8,6,6,8,7,10,4,5,8,9,10,6,13,7,5,9,9,9,8,8,7,9,5,11,8,10,6,9,9,7,8,5,9,7,8,7,9,8,13,10,8,6,7,6,9,8,7,6,6,4,5,6,8,4,7,5,7,6,5,7,10,6,6,4,8,11,6,15,7,8,10,6,6,7,6,10,7,10,10,7,8,11,9,7,7,11,10,11,6,9,5,10,9,8,7,10,10,5,11,9,9,10,7,4,8,7,6,8,7,8,9,6,7,6,8,13,8,8,4,8,7,7,7,4,12,10,6,10,6,9,11,7,9,6,9,10,8,7,7,9,6,6,5,5,8,5,6,9,4,9,11,12,12,9,7,7,10,13,10,8,5,6,7,6,10,9,6,10,6,11,6,9,7,16,10,6,6,7,8,10,8,10,4,5,8,11,8,6,7,11,7,9,6,10,9,7,7,8,10,6,7,7,9,5,4,9,5,8,8,5,8,8,9,7,6,10,6,14,5,8,5,9,9,6,4,11,8,7,10,7,6,4,11,14,6,9,5,6,9,8,5,9,9,12,8,6,14,6,4,8,5,8,8,8,9,5,9,5,7,7,7,4,10,10,9,12,7,6,5,7,6,6,10,8,5,8,8,9,9,7,7,8,3,5,9,7,7,6,7,6,6,4,8,9,7,4,7,6,7,13,10,7,6,9,6,8,7,7,7,6,6,6
align-dinov2+500m-things+hyp-abl30-local-shuffled-7,4,7,11,8,5,8,9,7,8,6,11,10,6,9,7,8,10,14,9,6,10,8,9,6,7,7,7,9,11,7,9,7,9,5,7,7,10,8,7,10,6,8,5,8,9,6,7,6,10,6,6,4,9,10,8,7,7,4,5,19,10,4,9,7,9,9,7,7,5,8,9,5,7,10,10,8,5,7,7,4,7,10,7,9,5,11,5,5,8,8,12,7,10,9,9,8,10,8,6,9,9,8,7,10,11,6,10,9,9,9,10,8,10,7,7,9,8,8,9,10,8,7,7,4,15,11,8,7,8,5,8,11,8,9,10,9,9,6,10,4,5,7,8,8,6,9,7,7,6,8,15,6,4,8,7,8,4,8,5,6,8,8,5,5,9,7,6,8,6,7,5,6,10,7,6,7,9,9,7,5,6,9,10,6,11,6,7,7,7,5,8,4,9,6,9,10,8,8,10,6,10,4,5,5,13,4,5,7,7,9,9,4,6,8,7,6,4,6,6,9,7,4,10,5,11,7,9,8,6,7,15,7,5,8,8,9,6,6,7,5,9,6,7,11,8,13,6,12,6,9,8,8,7,8,7,5,7,9,9,7,7,9,10,7,5,10,8,9,8,5,8,7,8,7,6,8,6,10,6,7,9,5,9,7,8,5,7,6,5,9,10,5,7,10,7,5,10,6,11,6,6,6,11,5,9,10,8,8,5,9,11,8,9,6,6,5,10,8,9,9,9,13,9,5,8,7,6,9,6,7,7,3,6,10,9,7,9,8,8,10,8,8,8,9,8,12,7,7,6,8,10,7,8,12,6,4,5,6,9,8,8,6,5,7,4,7,10,6,6,7,10,8,8,3,4,6,8,5,6,10,4,6,9,7,8,7,6,11,8,10,16,8,12,7,4,6,6,7,11,13,7,10,11,9,7,7,6,8,6,6,7,8,4,6,6,9,7,10,10,8,9,10,8,5,7,10,8,4,8,8,8,7,10,8,5,6,9,5,5,9,10,10,8,6,6,9,12,9,11,5,9,10,9,10,7,9,8,11,7,7,7,5,8,7,7,11,7,6,7,8,9,7,8,8,7,11,5,4,9,7,7,5,10,5,6,8,8,7,7,5,10,7,10,11,4,6,9,5,9,8,11,8,6,9,5,10,13,7,8,9,9,6,5,6,10,8,10,8,8,11,8,6,6,9,9,9,10,5,10,5,5,10,7,9,8,10,8,6,10,8,6,11,10,7,7,7,5,7,8,8,7,9,12,16,9,8,8,10,11,9,8,4,8,6,8,6,7,4,5,9,5,6,6,10,9,7,8,9,7,10,7,4,10,8,8,4,6,6,5,9,10,8,8,8,10,5,5,7,6,4,8,9,5,5,7,13,5,8,12,7,8,13,5,7,8,8,9,5,10,9,8,7,12,9,5,10,6,8,6,7,8,7,10,12,6,7,7,8,7,11,5,4,7,5,8,7,6,7,4,12,11,8,8,8,10,5,10,11,9,9,8,7,10,7,5,6,9,9,8,5,6,7,10,8,6,4,6,8,5,5,5,7,6,7,8,8,5,7,12,7,11,12,3,12,5,7,7,5,8,6,5,9,8,9,6,8,9,8,12,8,6,9,8,8,4,8,9,8,5,10,5,6,7,12,10,9,9,10,9,15,8,6,5,5,4,9,6,9,7,13,6,11,6,5,11,6,8,6,6,7,8,7,7,6,5,8,5,13,6,8,8,9,8,8,7,8,10,9,7,8,8,9,10,7,9,10,12,6,5,9,7,5,8,8,6,8,9,8,9,5,8,8,6,9,7,9,7,5,7,12,10,7,8,7,12,14,8,7,7,6,8,7,5,10,7,7,8,10,8,6,9,13,10,6,7,6,6,10,12,11,6,3,9,9,5,9,12,7,8,6,7,9,7,6,9,10,7,9,8,10,13,15,11,7,9,11,8,7,12,5,6,8,6,4,9,8,6,5,13,7,6,11,6,6,8,7,8,6,6,8,7,10,4,5,8,9,10,6,13,7,5,9,9,9,8,8,7,9,5,11,8,10,6,9,9,7,8,5,9,7,8,7,9,8,13,10,8,6,7,6,9,8,7,6,6,4,5,6,8,4,7,5,7,6,5,7,10,6,6,4,8,11,6,15,7,8,10,6,6,7,6,10,7,10,10,7,8,11,9,7,7,11,10,11,6,9,5,10,9,8,7,10,10,5,11,9,9,10,7,4,8,7,6,8,7,8,9,6,7,6,8,13,8,8,4,8,7,7,7,4,12,10,6,10,6,9,11,7,9,6,9,10,8,7,7,9,6,6,5,5,8,5,6,9,4,9,11,12,12,9,7,7,10,13,10,8,5,6,7,6,10,9,6,10,6,11,6,9,7,16,10,6,6,7,8,10,8,10,4,5,8,11,8,6,7,11,7,9,6,10,9,7,7,8,10,6,7,7,9,5,4,9,5,8,8,5,8,8,9,7,6,10,6,14,5,8,5,9,9,6,4,11,8,7,10,7,6,4,11,14,6,9,5,6,9,8,5,9,9,12,8,6,14,6,4,8,5,8,8,8,9,5,9,5,7,7,7,4,10,10,9,12,7,6,5,7,6,6,10,8,5,8,8,9,9,7,7,8,3,5,9,7,7,6,7,6,6,4,8,9,7,4,7,6,7,13,10,7,6,9,6,8,7,7,7,6,6,6
align-dinov2+500m-things+hyp-abl30-shuffled-218,10,7,9,9,7,8,4,4,8,5,7,7,9,7,9,7,8,11,6,8,4,5,6,11,9,9,7,7,4,11,9,11,8,7,9,6,6,7,8,5,6,11,7,8,6,10,9,5,9,11,6,6,3,8,6,9,4,10,6,23,7,6,8,6,12,7,7,9,11,8,6,8,7,6,11,7,10,8,11,4,8,6,11,4,4,5,10,9,9,5,5,8,8,8,5,7,11,7,6,9,11,8,6,13,6,7,6,7,10,4,6,8,8,8,8,9,6,7,7,8,9,6,13,6,11,4,9,8,12,11,5,5,7,5,8,8,7,7,9,11,9,9,9,6,5,6,6,5,5,9,13,7,6,12,7,11,6,8,7,11,8,9,7,10,12,6,8,6,10,9,12,6,8,6,3,6,6,12,9,7,7,6,8,6,10,9,11,8,8,9,4,7,7,7,8,7,4,7,5,6,7,9,5,10,11,5,7,10,6,8,6,7,9,8,10,14,9,5,7,7,5,6,7,7,7,9,4,8,9,8,7,8,5,6,9,6,8,7,5,7,6,7,12,11,11,5,8,10,7,8,7,4,7,5,8,7,7,8,6,8,9,9,8,7,9,7,8,6,12,9,7,7,5,7,12,6,6,5,8,7,10,9,8,12,7,9,7,11,7,4,6,7,7,6,7,7,4,11,9,9,7,7,7,8,7,5,7,7,6,10,5,9,8,6,12,11,4,6,9,5,7,8,8,10,8,8,12,5,10,8,7,8,10,11,7,5,9,5,8,9,7,10,9,8,7,5,7,5,8,6,8,10,9,8,10,8,4,5,11,8,10,7,7,10,5,10,8,9,5,5,11,8,5,8,10,7,7,7,8,9,6,7,14,8,12,3,12,6,6,7,13,5,16,10,7,10,7,8,6,5,8,9,8,10,5,4,9,4,9,5,8,6,4,8,8,12,6,7,6,4,7,5,11,8,10,10,5,9,10,12,6,7,7,6,5,10,10,8,9,7,7,6,4,12,6,9,7,8,8,11,4,5,7,7,5,7,4,8,9,11,8,4,8,10,5,9,7,9,5,7,10,8,6,11,10,11,5,6,8,8,5,8,10,11,5,9,10,10,8,8,5,9,8,3,8,8,4,8,7,10,7,8,10,6,12,9,4,7,6,7,7,11,5,3,13,7,6,7,6,7,10,9,5,8,6,4,6,11,7,9,9,8,9,13,9,10,6,5,10,5,8,6,8,13,7,5,6,5,3,9,8,10,11,15,9,7,13,7,8,8,4,12,7,8,8,8,4,10,8,5,10,6,7,7,9,5,9,6,11,10,10,6,8,11,8,7,14,6,10,8,12,5,5,7,5,8,8,11,10,5,10,7,9,7,6,6,12,6,5,7,11,10,5,3,9,7,9,14,14,3,8,7,11,5,12,7,5,5,10,9,6,12,5,5,10,6,7,6,5,6,14,11,6,7,7,10,6,8,4,6,9,7,8,5,5,7,9,12,8,9,8,9,10,7,7,6,8,9,8,7,10,6,6,5,10,10,5,5,8,9,8,9,7,7,10,8,8,7,7,6,9,9,7,14,7,6,9,11,9,10,5,8,9,9,8,7,8,6,10,7,11,4,4,8,7,13,7,4,8,10,7,6,9,7,7,6,8,8,8,5,8,9,7,5,10,6,10,8,5,8,8,6,6,7,7,8,8,6,9,5,5,5,6,7,6,10,10,11,11,8,8,6,10,10,11,9,9,5,11,7,10,5,9,5,5,7,7,3,4,10,6,7,8,9,10,8,11,11,10,7,10,10,6,8,6,8,7,8,5,7,10,7,5,6,10,8,11,6,9,9,13,8,6,6,5,6,8,10,6,6,6,6,6,8,11,9,11,6,5,9,7,8,10,9,10,5,8,6,7,5,8,4,7,7,7,7,9,10,9,7,9,10,6,8,9,7,9,8,9,8,7,6,6,6,5,12,5,7,7,9,6,5,8,9,13,9,7,9,5,6,9,6,5,12,6,12,6,8,8,6,9,6,8,5,10,6,10,10,9,4,7,10,7,8,8,6,10,8,5,9,5,7,5,8,6,4,13,7,5,5,14,6,8,11,6,4,10,8,9,10,7,11,7,5,4,4,10,8,6,9,8,5,11,9,11,8,9,8,11,8,10,4,4,7,9,5,6,7,10,6,5,8,6,9,5,7,6,8,7,7,7,9,5,5,6,8,6,7,9,5,11,8,10,7,9,10,6,6,8,4,9,6,7,7,8,6,8,6,9,8,10,10,10,6,4,8,5,7,8,6,7,7,10,7,9,7,8,7,4,10,9,10,7,10,8,7,8,9,5,7,6,7,8,8,7,11,6,9,10,8,8,7,7,5,6,9,7,9,9,8,10,8,7,8,8,8,8,8,8,4,11,6,7,7,7,6,8,8,7,4,6,10,10,4,6,5,5,10,9,9,5,9,6,10,4,11,5,8,7,10,7,14,11,8,11,8,6,12,13,8,12,9,6,4,9,6,13,7,11,8,9,9,7,6,10,9,15,10,7,6,9,9,9,11,11,7,6,11,5,11,5,5,6,8,6,7,10,12,8,6,5,10,6,10,6,6,7,7,8,6,9,8,7,8,10,4,8,5,4,5,7,13,6,9,11,9,9,9,11,6,10,7,8,7,5,8,6,6,10,7,6,5,6,8,8,8,12,8
align-dinov2+500m-things+hyp-abl30-shuffled-42,10,7,9,9,7,8,4,4,8,5,7,7,9,7,9,7,8,11,6,8,4,5,6,11,9,9,7,7,4,11,9,11,8,7,9,6,6,7,8,5,6,11,7,8,6,10,9,5,9,11,6,6,3,8,6,9,4,10,6,23,7,6,8,6,12,7,7,9,11,8,6,8,7,6,11,7,10,8,11,4,8,6,11,4,4,5,10,9,9,5,5,8,8,8,5,7,11,7,6,9,11,8,6,13,6,7,6,7,10,4,6,8,8,8,8,9,6,7,7,8,9,6,13,6,11,4,9,8,12,11,5,5,7,5,8,8,7,7,9,11,9,9,9,6,5,6,6,5,5,9,13,7,6,12,7,11,6,8,7,11,8,9,7,10,12,6,8,6,10,9,12,6,8,6,3,6,6,12,9,7,7,6,8,6,10,9,11,8,8,9,4,7,7,7,8,7,4,7,5,6,7,9,5,10,11,5,7,10,6,8,6,7,9,8,10,14,9,5,7,7,5,6,7,7,7,9,4,8,9,8,7,8,5,6,9,6,8,7,5,7,6,7,12,11,11,5,8,10,7,8,7,4,7,5,8,7,7,8,6,8,9,9,8,7,9,7,8,6,12,9,7,7,5,7,12,6,6,5,8,7,10,9,8,12,7,9,7,11,7,4,6,7,7,6,7,7,4,11,9,9,7,7,7,8,7,5,7,7,6,10,5,9,8,6,12,11,4,6,9,5,7,8,8,10,8,8,12,5,10,8,7,8,10,11,7,5,9,5,8,9,7,10,9,8,7,5,7,5,8,6,8,10,9,8,10,8,4,5,11,8,10,7,7,10,5,10,8,9,5,5,11,8,5,8,10,7,7,7,8,9,6,7,14,8,12,3,12,6,6,7,13,5,16,10,7,10,7,8,6,5,8,9,8,10,5,4,9,4,9,5,8,6,4,8,8,12,6,7,6,4,7,5,11,8,10,10,5,9,10,12,6,7,7,6,5,10,10,8,9,7,7,6,4,12,6,9,7,8,8,11,4,5,7,7,5,7,4,8,9,11,8,4,8,10,5,9,7,9,5,7,10,8,6,11,10,11,5,6,8,8,5,8,10,11,5,9,10,10,8,8,5,9,8,3,8,8,4,8,7,10,7,8,10,6,12,9,4,7,6,7,7,11,5,3,13,7,6,7,6,7,10,9,5,8,6,4,6,11,7,9,9,8,9,13,9,10,6,5,10,5,8,6,8,13,7,5,6,5,3,9,8,10,11,15,9,7,13,7,8,8,4,12,7,8,8,8,4,10,8,5,10,6,7,7,9,5,9,6,11,10,10,6,8,11,8,7,14,6,10,8,12,5,5,7,5,8,8,11,10,5,10,7,9,7,6,6,12,6,5,7,11,10,5,3,9,7,9,14,14,3,8,7,11,5,12,7,5,5,10,9,6,12,5,5,10,6,7,6,5,6,14,11,6,7,7,10,6,8,4,6,9,7,8,5,5,7,9,12,8,9,8,9,10,7,7,6,8,9,8,7,10,6,6,5,10,10,5,5,8,9,8,9,7,7,10,8,8,7,7,6,9,9,7,14,7,6,9,11,9,10,5,8,9,9,8,7,8,6,10,7,11,4,4,8,7,13,7,4,8,10,7,6,9,7,7,6,8,8,8,5,8,9,7,5,10,6,10,8,5,8,8,6,6,7,7,8,8,6,9,5,5,5,6,7,6,10,10,11,11,8,8,6,10,10,11,9,9,5,11,7,10,5,9,5,5,7,7,3,4,10,6,7,8,9,10,8,11,11,10,7,10,10,6,8,6,8,7,8,5,7,10,7,5,6,10,8,11,6,9,9,13,8,6,6,5,6,8,10,6,6,6,6,6,8,11,9,11,6,5,9,7,8,10,9,10,5,8,6,7,5,8,4,7,7,7,7,9,10,9,7,9,10,6,8,9,7,9,8,9,8,7,6,6,6,5,12,5,7,7,9,6,5,8,9,13,9,7,9,5,6,9,6,5,12,6,12,6,8,8,6,9,6,8,5,10,6,10,10,9,4,7,10,7,8,8,6,10,8,5,9,5,7,5,8,6,4,13,7,5,5,14,6,8,11,6,4,10,8,9,10,7,11,7,5,4,4,10,8,6,9,8,5,11,9,11,8,9,8,11,8,10,4,4,7,9,5,6,7,10,6,5,8,6,9,5,7,6,8,7,7,7,9,5,5,6,8,6,7,9,5,11,8,10,7,9,10,6,6,8,4,9,6,7,7,8,6,8,6,9,8,10,10,10,6,4,8,5,7,8,6,7,7,10,7,9,7,8,7,4,10,9,10,7,10,8,7,8,9,5,7,6,7,8,8,7,11,6,9,10,8,8,7,7,5,6,9,7,9,9,8,10,8,7,8,8,8,8,8,8,4,11,6,7,7,7,6,8,8,7,4,6,10,10,4,6,5,5,10,9,9,5,9,6,10,4,11,5,8,7,10,7,14,11,8,11,8,6,12,13,8,12,9,6,4,9,6,13,7,11,8,9,9,7,6,10,9,15,10,7,6,9,9,9,11,11,7,6,11,5,11,5,5,6,8,6,7,10,12,8,6,5,10,6,10,6,6,7,7,8,6,9,8,7,8,10,4,8,5,4,5,7,13,6,9,11,9,9,9,11,6,10,7,8,7,5,8,6,6,10,7,6,5,6,8,8,8,12,8
align-dinov2+500m-things+hyp-abl30-shuffled-7,10,7,9,9,7,8,4,4,8,5,7,7,9,7,9,7,8,11,6,8,4,5,6,11,9,9,7,7,4,11,9,11,8,7,9,6,6,7,8,5,6,11,7,8,6,10,9,5,9,11,6,6,3,8,6,9,4,10,6,23,7,6,8,6,12,7,7,9,11,8,6,8,7,6,11,7,10,8,11,4,8,6,11,4,4,5,10,9,9,5,5,8,8,8,5,7,11,7,6,9,11,8,6,13,6,7,6,7,10,4,6,8,8,8,8,9,6,7,7,8,9,6,13,6,11,4,9,8,12,11,5,5,7,5,8,8,7,7,9,11,9,9,9,6,5,6,6,5,5,9,13,7,6,12,7,11,6,8,7,11,8,9,7,10,12,6,8,6,10,9,12,6,8,6,3,6,6,12,9,7,7,6,8,6,10,9,11,8,8,9,4,7,7,7,8,7,4,7,5,6,7,9,5,10,11,5,7,10,6,8,6,7,9,8,10,14,9,5,7,7,5,6,7,7,7,9,4,8,9,8,7,8,5,6,9,6,8,7,5,7,6,7,12,11,11,5,8,10,7,8,7,4,7,5,8,7,7,8,6,8,9,9,8,7,9,7,8,6,12,9,7,7,5,7,12,6,6,5,8,7,10,9,8,12,7,9,7,11,7,4,6,7,7,6,7,7,4,11,9,9,7,7,7,8,7,5,7,7,6,10,5,9,8,6,12,11,4,6,9,5,7,8,8,10,8,8,12,5,10,8,7,8,10,11,7,5,9,5,8,9,7,10,9,8,7,5,7,5,8,6,8,10,9,8,10,8,4,5,11,8,10,7,7,10,5,10,8,9,5,5,11,8,5,8,10,7,7,7,8,9,6,7,14,8,12,3,12,6,6,7,13,5,16,10,7,10,7,8,6,5,8,9,8,10,5,4,9,4,9,5,8,6,4,8,8,12,6,7,6,4,7,5,11,8,10,10,5,9,10,12,6,7,7,6,5,10,10,8,9,7,7,6,4,12,6,9,7,8,8,11,4,5,7,7,5,7,4,8,9,11,8,4,8,10,5,9,7,9,5,7,10,8,6,11,10,11,5,6,8,8,5,8,10,11,5,9,10,10,8,8,5,9,8,3,8,8,4,8,7,10,7,8,10,6,12,9,4,7,6,7,7,11,5,3,13,7,6,7,6,7,10,9,5,8,6,4,6,11,7,9,9,8,9,13,9,10,6,5,10,5,8,6,8,13,7,5,6,5,3,9,8,10,11,15,9,7,13,7,8,8,4,12,7,8,8,8,4,10,8,5,10,6,7,7,9,5,9,6,11,10,10,6,8,11,8,7,14,6,10,8,12,5,5,7,5,8,8,11,10,5,10,7,9,7,6,6,12,6,5,7,11,10,5,3,9,7,9,14,14,3,8,7,11,5,12,7,5,5,10,9,6,12,5,5,10,6,7,6,5,6,14,11,6,7,7,10,6,8,4,6,9,7,8,5,5,7,9,12,8,9,8,9,10,7,7,6,8,9,8,7,10,6,6,5,10,10,5,5,8,9,8,9,7,7,10,8,8,7,7,6,9,9,7,14,7,6,9,11,9,10,5,8,9,9,8,7,8,6,10,7,11,4,4,8,7,13,7,4,8,10,7,6,9,7,7,6,8,8,8,5,8,9,7,5,10,6,10,8,5,8,8,6,6,7,7,8,8,6,9,5,5,5,6,7,6,10,10,11,11,8,8,6,10,10,11,9,9,5,11,7,10,5,9,5,5,7,7,3,4,10,6,7,8,9,10,8,11,11,10,7,10,10,6,8,6,8,7,8,5,7,10,7,5,6,10,8,11,6,9,9,13,8,6,6,5,6,8,10,6,6,6,6,6,8,11,9,11,6,5,9,7,8,10,9,10,5,8,6,7,5,8,4,7,7,7,7,9,10,9,7,9,10,6,8,9,7,9,8,9,8,7,6,6,6,5,12,5,7,7,9,6,5,8,9,13,9,7,9,5,6,9,6,5,12,6,12,6,8,8,6,9,6,8,5,10,6,10,10,9,4,7,10,7,8,8,6,10,8,5,9,5,7,5,8,6,4,13,7,5,5,14,6,8,11,6,4,10,8,9,10,7,11,7,5,4,4,10,8,6,9,8,5,11,9,11,8,9,8,11,8,10,4,4,7,9,5,6,7,10,6,5,8,6,9,5,7,6,8,7,7,7,9,5,5,6,8,6,7,9,5,11,8,10,7,9,10,6,6,8,4,9,6,7,7,8,6,8,6,9,8,10,10,10,6,4,8,5,7,8,6,7,7,10,7,9,7,8,7,4,10,9,10,7,10,8,7,8,9,5,7,6,7,8,8,7,11,6,9,10,8,8,7,7,5,6,9,7,9,9,8,10,8,7,8,8,8,8,8,8,4,11,6,7,7,7,6,8,8,7,4,6,10,10,4,6,5,5,10,9,9,5,9,6,10,4,11,5,8,7,10,7,14,11,8,11,8,6,12,13,8,12,9,6,4,9,6,13,7,11,8,9,9,7,6,10,9,15,10,7,6,9,9,9,11,11,7,6,11,5,11,5,5,6,8,6,7,10,12,8,6,5,10,6,10,6,6,7,7,8,6,9,8,7,8,10,4,8,5,4,5,7,13,6,9,11,9,9,9,11,6,10,7,8,7,5,8,6,6,10,7,6,5,6,8,8,8,12,8
align-dinov2+500m-things+hyp-abl30cat-218,9,8,6,9,7,5,9,10,3,6,8,6,4,8,8,5,6,5,9,6,6,8,7,8,4,12,6,7,5,7,11,8,10,10,4,13,8,9,8,12,8,6,4,6,7,8,7,10,8,8,7,8,10,9,8,6,8,11,9,25,7,9,8,7,8,10,8,9,10,9,9,12,8,10,6,11,11,8,7,7,5,14,7,8,8,9,8,5,6,14,12,7,8,5,6,7,7,7,7,4,9,6,10,7,8,7,11,9,10,6,13,10,3,6,4,10,5,7,8,8,6,9,6,10,16,11,6,7,8,5,8,6,6,8,7,12,11,5,10,9,5,8,8,10,4,7,5,4,6,5,16,10,6,8,3,7,10,4,6,8,8,7,8,7,6,10,10,8,8,9,8,5,7,10,7,8,4,12,9,7,10,10,7,10,6,7,7,7,7,10,5,9,8,7,6,9,11,8,9,8,8,6,5,7,9,7,9,7,6,7,5,7,6,8,7,7,4,5,9,7,9,5,10,8,8,13,9,10,6,6,11,4,9,7,8,6,7,7,7,5,8,7,5,10,9,8,6,5,10,5,12,11,6,7,5,7,5,8,11,8,9,7,8,6,6,6,10,6,12,5,11,7,15,11,8,9,11,10,14,10,7,8,6,8,8,6,7,7,10,11,7,9,4,7,5,5,4,7,5,9,8,8,12,10,7,8,10,7,10,13,8,11,9,5,8,7,7,7,9,7,6,8,9,8,8,7,9,6,6,9,6,6,8,7,10,11,8,14,11,9,12,7,13,10,7,8,6,7,7,11,8,4,7,6,6,7,9,8,9,8,9,9,8,8,8,9,6,8,8,10,5,8,6,7,6,8,7,8,7,7,5,4,7,7,7,6,10,7,5,5,17,5,8,10,8,4,7,6,7,11,6,7,8,6,3,8,6,9,9,12,4,9,5,8,6,6,4,5,7,10,6,9,6,6,13,5,5,11,6,7,8,5,8,5,10,4,4,6,16,5,8,5,6,11,13,6,5,5,10,10,6,10,9,8,11,9,7,7,9,7,10,5,3,9,5,7,11,5,8,6,8,10,5,10,5,8,6,8,5,8,11,3,3,7,5,11,10,10,7,8,7,10,6,10,8,4,11,10,5,7,6,7,9,9,4,6,5,9,6,6,10,11,7,10,10,8,9,8,10,6,6,4,6,8,12,5,10,11,9,7,6,5,6,8,10,10,3,13,7,11,5,6,9,5,7,7,9,7,7,11,8,7,9,14,11,8,10,9,6,10,6,6,6,8,6,11,8,8,11,5,8,10,6,10,7,9,5,9,9,7,8,6,14,11,6,4,7,11,7,6,10,7,5,7,9,15,6,6,10,8,11,7,8,7,6,10,8,10,9,10,8,6,13,9,11,7,8,8,3,6,7,7,6,6,9,6,9,7,8,7,6,11,10,4,6,9,6,10,11,4,7,8,12,8,5,8,7,8,6,7,9,6,7,7,6,4,8,8,10,6,6,7,9,6,11,7,11,7,10,9,5,7,8,9,9,7,5,15,4,7,7,5,6,5,6,6,7,8,8,6,9,10,9,8,12,8,9,5,12,13,7,6,11,5,12,7,8,5,9,6,8,5,6,5,9,7,9,12,8,4,10,11,6,4,4,9,6,6,8,8,4,5,8,8,13,9,7,6,5,6,11,11,6,11,9,6,6,7,6,5,7,10,9,7,10,8,4,8,11,6,6,6,7,10,5,7,8,6,8,4,10,10,9,6,8,5,5,4,9,15,8,6,7,7,9,10,5,7,10,10,4,5,7,9,7,6,9,8,6,11,6,6,6,6,11,13,8,12,8,8,6,6,7,7,11,10,6,7,7,5,6,9,7,8,5,9,9,6,7,9,9,3,5,11,9,8,6,8,5,7,8,9,8,6,5,7,10,7,13,5,7,11,8,9,7,7,5,11,10,6,8,7,10,11,7,6,7,8,10,7,7,9,3,7,10,11,12,7,8,12,6,8,5,6,7,9,6,6,6,9,6,5,7,3,9,11,8,10,7,8,5,8,4,4,10,12,4,6,7,9,8,10,4,8,10,5,7,7,6,6,7,4,5,9,7,8,10,7,6,11,4,9,10,6,6,9,10,5,9,4,8,8,8,6,8,8,7,14,5,12,8,5,9,8,4,8,11,8,9,7,8,8,9,4,7,8,4,5,7,7,8,4,8,8,9,9,10,5,6,8,9,3,7,7,5,4,10,6,11,7,5,7,5,7,7,9,6,6,7,8,7,6,8,8,9,6,8,7,4,6,9,6,8,8,9,8,5,6,6,7,12,5,7,6,9,7,5,7,5,9,8,5,7,8,7,4,6,11,6,11,7,8,9,8,12,8,10,5,10,12,9,6,9,6,8,10,8,13,5,5,11,8,4,9,11,8,9,12,9,10,7,3,10,7,6,8,8,9,10,11,7,10,5,7,8,8,9,8,9,9,5,7,8,9,8,8,10,7,5,9,7,8,5,12,12,8,7,6,5,8,6,9,6,8,4,9,5,8,12,12,9,6,7,6,5,7,9,5,7,8,4,7,4,12,6,12,6,7,8,7,7,7,5,7,7,9,8,13,6,7,12,7,13,8,8,6,6,5,6,9,9,10,10,10,7,10,9,12,6,7,10,7,6,8,13,8,7,7,5,8,11,8,8,6,9,11,10,10
align-dinov2+500m-things+hyp-abl30cat-218-random,9,8,6,9,7,5,9,10,3,6,8,6,4,8,8,5,6,5,9,6,6,8,7,8,4,12,6,7,5,7,11,8,10,10,4,13,8,9,8,12,8,6,4,6,7,8,7,10,8,8,7,8,10,9,8,6,8,11,9,25,7,9,8,7,8,10,8,9,10,9,9,12,8,10,6,11,11,8,7,7,5,14,7,8,8,9,8,5,6,14,12,7,8,5,6,7,7,7,7,4,9,6,10,7,8,7,11,9,10,6,13,10,3,6,4,10,5,7,8,8,6,9,6,10,16,11,6,7,8,5,8,6,6,8,7,12,11,5,10,9,5,8,8,10,4,7,5,4,6,5,16,10,6,8,3,7,10,4,6,8,8,7,8,7,6,10,10,8,8,9,8,5,7,10,7,8,4,12,9,7,10,10,7,10,6,7,7,7,7,10,5,9,8,7,6,9,11,8,9,8,8,6,5,7,9,7,9,7,6,7,5,7,6,8,7,7,4,5,9,7,9,5,10,8,8,13,9,10,6,6,11,4,9,7,8,6,7,7,7,5,8,7,5,10,9,8,6,5,10,5,12,11,6,7,5,7,5,8,11,8,9,7,8,6,6,6,10,6,12,5,11,7,15,11,8,9,11,10,14,10,7,8,6,8,8,6,7,7,10,11,7,9,4,7,5,5,4,7,5,9,8,8,12,10,7,8,10,7,10,13,8,11,9,5,8,7,7,7,9,7,6,8,9,8,8,7,9,6,6,9,6,6,8,7,10,11,8,14,11,9,12,7,13,10,7,8,6,7,7,11,8,4,7,6,6,7,9,8,9,8,9,9,8,8,8,9,6,8,8,10,5,8,6,7,6,8,7,8,7,7,5,4,7,7,7,6,10,7,5,5,17,5,8,10,8,4,7,6,7,11,6,7,8,6,3,8,6,9,9,12,4,9,5,8,6,6,4,5,7,10,6,9,6,6,13,5,5,11,6,7,8,5,8,5,10,4,4,6,16,5,8,5,6,11,13,6,5,5,10,10,6,10,9,8,11,9,7,7,9,7,10,5,3,9,5,7,11,5,8,6,8,10,5,10,5,8,6,8,5,8,11,3,3,7,5,11,10,10,7,8,7,10,6,10,8,4,11,10,5,7,6,7,9,9,4,6,5,9,6,6,10,11,7,10,10,8,9,8,10,6,6,4,6,8,12,5,10,11,9,7,6,5,6,8,10,10,3,13,7,11,5,6,9,5,7,7,9,7,7,11,8,7,9,14,11,8,10,9,6,10,6,6,6,8,6,11,8,8,11,5,8,10,6,10,7,9,5,9,9,7,8,6,14,11,6,4,7,11,7,6,10,7,5,7,9,15,6,6,10,8,11,7,8,7,6,10,8,10,9,10,8,6,13,9,11,7,8,8,3,6,7,7,6,6,9,6,9,7,8,7,6,11,10,4,6,9,6,10,11,4,7,8,12,8,5,8,7,8,6,7,9,6,7,7,6,4,8,8,10,6,6,7,9,6,11,7,11,7,10,9,5,7,8,9,9,7,5,15,4,7,7,5,6,5,6,6,7,8,8,6,9,10,9,8,12,8,9,5,12,13,7,6,11,5,12,7,8,5,9,6,8,5,6,5,9,7,9,12,8,4,10,11,6,4,4,9,6,6,8,8,4,5,8,8,13,9,7,6,5,6,11,11,6,11,9,6,6,7,6,5,7,10,9,7,10,8,4,8,11,6,6,6,7,10,5,7,8,6,8,4,10,10,9,6,8,5,5,4,9,15,8,6,7,7,9,10,5,7,10,10,4,5,7,9,7,6,9,8,6,11,6,6,6,6,11,13,8,12,8,8,6,6,7,7,11,10,6,7,7,5,6,9,7,8,5,9,9,6,7,9,9,3,5,11,9,8,6,8,5,7,8,9,8,6,5,7,10,7,13,5,7,11,8,9,7,7,5,11,10,6,8,7,10,11,7,6,7,8,10,7,7,9,3,7,10,11,12,7,8,12,6,8,5,6,7,9,6,6,6,9,6,5,7,3,9,11,8,10,7,8,5,8,4,4,10,12,4,6,7,9,8,10,4,8,10,5,7,7,6,6,7,4,5,9,7,8,10,7,6,11,4,9,10,6,6,9,10,5,9,4,8,8,8,6,8,8,7,14,5,12,8,5,9,8,4,8,11,8,9,7,8,8,9,4,7,8,4,5,7,7,8,4,8,8,9,9,10,5,6,8,9,3,7,7,5,4,10,6,11,7,5,7,5,7,7,9,6,6,7,8,7,6,8,8,9,6,8,7,4,6,9,6,8,8,9,8,5,6,6,7,12,5,7,6,9,7,5,7,5,9,8,5,7,8,7,4,6,11,6,11,7,8,9,8,12,8,10,5,10,12,9,6,9,6,8,10,8,13,5,5,11,8,4,9,11,8,9,12,9,10,7,3,10,7,6,8,8,9,10,11,7,10,5,7,8,8,9,8,9,9,5,7,8,9,8,8,10,7,5,9,7,8,5,12,12,8,7,6,5,8,6,9,6,8,4,9,5,8,12,12,9,6,7,6,5,7,9,5,7,8,4,7,4,12,6,12,6,7,8,7,7,7,5,7,7,9,8,13,6,7,12,7,13,8,8,6,6,5,6,9,9,10,10,10,7,10,9,12,6,7,10,7,6,8,13,8,7,7,5,8,11,8,8,6,9,11,10,10
align-dinov2+500m-things+hyp-abl30cat-42,9,8,6,9,7,5,9,10,3,6,8,6,4,8,8,5,6,5,9,6,6,8,7,8,4,12,6,7,5,7,11,8,10,10,4,13,8,9,8,12,8,6,4,6,7,8,7,10,8,8,7,8,10,9,8,6,8,11,9,25,7,9,8,7,8,10,8,9,10,9,9,12,8,10,6,11,11,8,7,7,5,14,7,8,8,9,8,5,6,14,12,7,8,5,6,7,7,7,7,4,9,6,10,7,8,7,11,9,10,6,13,10,3,6,4,10,5,7,8,8,6,9,6,10,16,11,6,7,8,5,8,6,6,8,7,12,11,5,10,9,5,8,8,10,4,7,5,4,6,5,16,10,6,8,3,7,10,4,6,8,8,7,8,7,6,10,10,8,8,9,8,5,7,10,7,8,4,12,9,7,10,10,7,10,6,7,7,7,7,10,5,9,8,7,6,9,11,8,9,8,8,6,5,7,9,7,9,7,6,7,5,7,6,8,7,7,4,5,9,7,9,5,10,8,8,13,9,10,6,6,11,4,9,7,8,6,7,7,7,5,8,7,5,10,9,8,6,5,10,5,12,11,6,7,5,7,5,8,11,8,9,7,8,6,6,6,10,6,12,5,11,7,15,11,8,9,11,10,14,10,7,8,6,8,8,6,7,7,10,11,7,9,4,7,5,5,4,7,5,9,8,8,12,10,7,8,10,7,10,13,8,11,9,5,8,7,7,7,9,7,6,8,9,8,8,7,9,6,6,9,6,6,8,7,10,11,8,14,11,9,12,7,13,10,7,8,6,7,7,11,8,4,7,6,6,7,9,8,9,8,9,9,8,8,8,9,6,8,8,10,5,8,6,7,6,8,7,8,7,7,5,4,7,7,7,6,10,7,5,5,17,5,8,10,8,4,7,6,7,11,6,7,8,6,3,8,6,9,9,12,4,9,5,8,6,6,4,5,7,10,6,9,6,6,13,5,5,11,6,7,8,5,8,5,10,4,4,6,16,5,8,5,6,11,13,6,5,5,10,10,6,10,9,8,11,9,7,7,9,7,10,5,3,9,5,7,11,5,8,6,8,10,5,10,5,8,6,8,5,8,11,3,3,7,5,11,10,10,7,8,7,10,6,10,8,4,11,10,5,7,6,7,9,9,4,6,5,9,6,6,10,11,7,10,10,8,9,8,10,6,6,4,6,8,12,5,10,11,9,7,6,5,6,8,10,10,3,13,7,11,5,6,9,5,7,7,9,7,7,11,8,7,9,14,11,8,10,9,6,10,6,6,6,8,6,11,8,8,11,5,8,10,6,10,7,9,5,9,9,7,8,6,14,11,6,4,7,11,7,6,10,7,5,7,9,15,6,6,10,8,11,7,8,7,6,10,8,10,9,10,8,6,13,9,11,7,8,8,3,6,7,7,6,6,9,6,9,7,8,7,6,11,10,4,6,9,6,10,11,4,7,8,12,8,5,8,7,8,6,7,9,6,7,7,6,4,8,8,10,6,6,7,9,6,11,7,11,7,10,9,5,7,8,9,9,7,5,15,4,7,7,5,6,5,6,6,7,8,8,6,9,10,9,8,12,8,9,5,12,13,7,6,11,5,12,7,8,5,9,6,8,5,6,5,9,7,9,12,8,4,10,11,6,4,4,9,6,6,8,8,4,5,8,8,13,9,7,6,5,6,11,11,6,11,9,6,6,7,6,5,7,10,9,7,10,8,4,8,11,6,6,6,7,10,5,7,8,6,8,4,10,10,9,6,8,5,5,4,9,15,8,6,7,7,9,10,5,7,10,10,4,5,7,9,7,6,9,8,6,11,6,6,6,6,11,13,8,12,8,8,6,6,7,7,11,10,6,7,7,5,6,9,7,8,5,9,9,6,7,9,9,3,5,11,9,8,6,8,5,7,8,9,8,6,5,7,10,7,13,5,7,11,8,9,7,7,5,11,10,6,8,7,10,11,7,6,7,8,10,7,7,9,3,7,10,11,12,7,8,12,6,8,5,6,7,9,6,6,6,9,6,5,7,3,9,11,8,10,7,8,5,8,4,4,10,12,4,6,7,9,8,10,4,8,10,5,7,7,6,6,7,4,5,9,7,8,10,7,6,11,4,9,10,6,6,9,10,5,9,4,8,8,8,6,8,8,7,14,5,12,8,5,9,8,4,8,11,8,9,7,8,8,9,4,7,8,4,5,7,7,8,4,8,8,9,9,10,5,6,8,9,3,7,7,5,4,10,6,11,7,5,7,5,7,7,9,6,6,7,8,7,6,8,8,9,6,8,7,4,6,9,6,8,8,9,8,5,6,6,7,12,5,7,6,9,7,5,7,5,9,8,5,7,8,7,4,6,11,6,11,7,8,9,8,12,8,10,5,10,12,9,6,9,6,8,10,8,13,5,5,11,8,4,9,11,8,9,12,9,10,7,3,10,7,6,8,8,9,10,11,7,10,5,7,8,8,9,8,9,9,5,7,8,9,8,8,10,7,5,9,7,8,5,12,12,8,7,6,5,8,6,9,6,8,4,9,5,8,12,12,9,6,7,6,5,7,9,5,7,8,4,7,4,12,6,12,6,7,8,7,7,7,5,7,7,9,8,13,6,7,12,7,13,8,8,6,6,5,6,9,9,10,10,10,7,10,9,12,6,7,10,7,6,8,13,8,7,7,5,8,11,8,8,6,9,11,10,10
align-dinov2+500m-things+hyp-abl30cat-42-random,9,8,6,9,7,5,9,10,3,6,8,6,4,8,8,5,6,5,9,6,6,8,7,8,4,12,6,7,5,7,11,8,10,10,4,13,8,9,8,12,8,6,4,6,7,8,7,10,8,8,7,8,10,9,8,6,8,11,9,25,7,9,8,7,8,10,8,9,10,9,9,12,8,10,6,11,11,8,7,7,5,14,7,8,8,9,8,5,6,14,12,7,8,5,6,7,7,7,7,4,9,6,10,7,8,7,11,9,10,6,13,10,3,6,4,10,5,7,8,8,6,9,6,10,16,11,6,7,8,5,8,6,6,8,7,12,11,5,10,9,5,8,8,10,4,7,5,4,6,5,16,10,6,8,3,7,10,4,6,8,8,7,8,7,6,10,10,8,8,9,8,5,7,10,7,8,4,12,9,7,10,10,7,10,6,7,7,7,7,10,5,9,8,7,6,9,11,8,9,8,8,6,5,7,9,7,9,7,6,7,5,7,6,8,7,7,4,5,9,7,9,5,10,8,8,13,9,10,6,6,11,4,9,7,8,6,7,7,7,5,8,7,5,10,9,8,6,5,10,5,12,11,6,7,5,7,5,8,11,8,9,7,8,6,6,6,10,6,12,5,11,7,15,11,8,9,11,10,14,10,7,8,6,8,8,6,7,7,10,11,7,9,4,7,5,5,4,7,5,9,8,8,12,10,7,8,10,7,10,13,8,11,9,5,8,7,7,7,9,7,6,8,9,8,8,7,9,6,6,9,6,6,8,7,10,11,8,14,11,9,12,7,13,10,7,8,6,7,7,11,8,4,7,6,6,7,9,8,9,8,9,9,8,8,8,9,6,8,8,10,5,8,6,7,6,8,7,8,7,7,5,4,7,7,7,6,10,7,5,5,17,5,8,10,8,4,7,6,7,11,6,7,8,6,3,8,6,9,9,12,4,9,5,8,6,6,4,5,7,10,6,9,6,6,13,5,5,11,6,7,8,5,8,5,10,4,4,6,16,5,8,5,6,11,13,6,5,5,10,10,6,10,9,8,11,9,7,7,9,7,10,5,3,9,5,7,11,5,8,6,8,10,5,10,5,8,6,8,5,8,11,3,3,7,5,11,10,10,7,8,7,10,6,10,8,4,11,10,5,7,6,7,9,9,4,6,5,9,6,6,10,11,7,10,10,8,9,8,10,6,6,4,6,8,12,5,10,11,9,7,6,5,6,8,10,10,3,13,7,11,5,6,9,5,7,7,9,7,7,11,8,7,9,14,11,8,10,9,6,10,6,6,6,8,6,11,8,8,11,5,8,10,6,10,7,9,5,9,9,7,8,6,14,11,6,4,7,11,7,6,10,7,5,7,9,15,6,6,10,8,11,7,8,7,6,10,8,10,9,10,8,6,13,9,11,7,8,8,3,6,7,7,6,6,9,6,9,7,8,7,6,11,10,4,6,9,6,10,11,4,7,8,12,8,5,8,7,8,6,7,9,6,7,7,6,4,8,8,10,6,6,7,9,6,11,7,11,7,10,9,5,7,8,9,9,7,5,15,4,7,7,5,6,5,6,6,7,8,8,6,9,10,9,8,12,8,9,5,12,13,7,6,11,5,12,7,8,5,9,6,8,5,6,5,9,7,9,12,8,4,10,11,6,4,4,9,6,6,8,8,4,5,8,8,13,9,7,6,5,6,11,11,6,11,9,6,6,7,6,5,7,10,9,7,10,8,4,8,11,6,6,6,7,10,5,7,8,6,8,4,10,10,9,6,8,5,5,4,9,15,8,6,7,7,9,10,5,7,10,10,4,5,7,9,7,6,9,8,6,11,6,6,6,6,11,13,8,12,8,8,6,6,7,7,11,10,6,7,7,5,6,9,7,8,5,9,9,6,7,9,9,3,5,11,9,8,6,8,5,7,8,9,8,6,5,7,10,7,13,5,7,11,8,9,7,7,5,11,10,6,8,7,10,11,7,6,7,8,10,7,7,9,3,7,10,11,12,7,8,12,6,8,5,6,7,9,6,6,6,9,6,5,7,3,9,11,8,10,7,8,5,8,4,4,10,12,4,6,7,9,8,10,4,8,10,5,7,7,6,6,7,4,5,9,7,8,10,7,6,11,4,9,10,6,6,9,10,5,9,4,8,8,8,6,8,8,7,14,5,12,8,5,9,8,4,8,11,8,9,7,8,8,9,4,7,8,4,5,7,7,8,4,8,8,9,9,10,5,6,8,9,3,7,7,5,4,10,6,11,7,5,7,5,7,7,9,6,6,7,8,7,6,8,8,9,6,8,7,4,6,9,6,8,8,9,8,5,6,6,7,12,5,7,6,9,7,5,7,5,9,8,5,7,8,7,4,6,11,6,11,7,8,9,8,12,8,10,5,10,12,9,6,9,6,8,10,8,13,5,5,11,8,4,9,11,8,9,12,9,10,7,3,10,7,6,8,8,9,10,11,7,10,5,7,8,8,9,8,9,9,5,7,8,9,8,8,10,7,5,9,7,8,5,12,12,8,7,6,5,8,6,9,6,8,4,9,5,8,12,12,9,6,7,6,5,7,9,5,7,8,4,7,4,12,6,12,6,7,8,7,7,7,5,7,7,9,8,13,6,7,12,7,13,8,8,6,6,5,6,9,9,10,10,10,7,10,9,12,6,7,10,7,6,8,13,8,7,7,5,8,11,8,8,6,9,11,10,10
align-dinov2+500m-things+hyp-abl30cat-7,9,8,6,9,7,5,9,10,3,6,8,6,4,8,8,5,6,5,9,6,6,8,7,8,4,12,6,7,5,7,11,8,10,10,4,13,8,9,8,12,8,6,4,6,7,8,7,10,8,8,7,8,10,9,8,6,8,11,9,25,7,9,8,7,8,10,8,9,10,9,9,12,8,10,6,11,11,8,7,7,5,14,7,8,8,9,8,5,6,14,12,7,8,5,6,7,7,7,7,4,9,6,10,7,8,7,11,9,10,6,13,10,3,6,4,10,5,7,8,8,6,9,6,10,16,11,6,7,8,5,8,6,6,8,7,12,11,5,10,9,5,8,8,10,4,7,5,4,6,5,16,10,6,8,3,7,10,4,6,8,8,7,8,7,6,10,10,8,8,9,8,5,7,10,7,8,4,12,9,7,10,10,7,10,6,7,7,7,7,10,5,9,8,7,6,9,11,8,9,8,8,6,5,7,9,7,9,7,6,7,5,7,6,8,7,7,4,5,9,7,9,5,10,8,8,13,9,10,6,6,11,4,9,7,8,6,7,7,7,5,8,7,5,10,9,8,6,5,10,5,12,11,6,7,5,7,5,8,11,8,9,7,8,6,6,6,10,6,12,5,11,7,15,11,8,9,11,10,14,10,7,8,6,8,8,6,7,7,10,11,7,9,4,7,5,5,4,7,5,9,8,8,12,10,7,8,10,7,10,13,8,11,9,5,8,7,7,7,9,7,6,8,9,8,8,7,9,6,6,9,6,6,8,7,10,11,8,14,11,9,12,7,13,10,7,8,6,7,7,11,8,4,7,6,6,7,9,8,9,8,9,9,8,8,8,9,6,8,8,10,5,8,6,7,6,8,7,8,7,7,5,4,7,7,7,6,10,7,5,5,17,5,8,10,8,4,7,6,7,11,6,7,8,6,3,8,6,9,9,12,4,9,5,8,6,6,4,5,7,10,6,9,6,6,13,5,5,11,6,7,8,5,8,5,10,4,4,6,16,5,8,5,6,11,13,6,5,5,10,10,6,10,9,8,11,9,7,7,9,7,10,5,3,9,5,7,11,5,8,6,8,10,5,10,5,8,6,8,5,8,11,3,3,7,5,11,10,10,7,8,7,10,6,10,8,4,11,10,5,7,6,7,9,9,4,6,5,9,6,6,10,11,7,10,10,8,9,8,10,6,6,4,6,8,12,5,10,11,9,7,6,5,6,8,10,10,3,13,7,11,5,6,9,5,7,7,9,7,7,11,8,7,9,14,11,8,10,9,6,10,6,6,6,8,6,11,8,8,11,5,8,10,6,10,7,9,5,9,9,7,8,6,14,11,6,4,7,11,7,6,10,7,5,7,9,15,6,6,10,8,11,7,8,7,6,10,8,10,9,10,8,6,13,9,11,7,8,8,3,6,7,7,6,6,9,6,9,7,8,7,6,11,10,4,6,9,6,10,11,4,7,8,12,8,5,8,7,8,6,7,9,6,7,7,6,4,8,8,10,6,6,7,9,6,11,7,11,7,10,9,5,7,8,9,9,7,5,15,4,7,7,5,6,5,6,6,7,8,8,6,9,10,9,8,12,8,9,5,12,13,7,6,11,5,12,7,8,5,9,6,8,5,6,5,9,7,9,12,8,4,10,11,6,4,4,9,6,6,8,8,4,5,8,8,13,9,7,6,5,6,11,11,6,11,9,6,6,7,6,5,7,10,9,7,10,8,4,8,11,6,6,6,7,10,5,7,8,6,8,4,10,10,9,6,8,5,5,4,9,15,8,6,7,7,9,10,5,7,10,10,4,5,7,9,7,6,9,8,6,11,6,6,6,6,11,13,8,12,8,8,6,6,7,7,11,10,6,7,7,5,6,9,7,8,5,9,9,6,7,9,9,3,5,11,9,8,6,8,5,7,8,9,8,6,5,7,10,7,13,5,7,11,8,9,7,7,5,11,10,6,8,7,10,11,7,6,7,8,10,7,7,9,3,7,10,11,12,7,8,12,6,8,5,6,7,9,6,6,6,9,6,5,7,3,9,11,8,10,7,8,5,8,4,4,10,12,4,6,7,9,8,10,4,8,10,5,7,7,6,6,7,4,5,9,7,8,10,7,6,11,4,9,10,6,6,9,10,5,9,4,8,8,8,6,8,8,7,14,5,12,8,5,9,8,4,8,11,8,9,7,8,8,9,4,7,8,4,5,7,7,8,4,8,8,9,9,10,5,6,8,9,3,7,7,5,4,10,6,11,7,5,7,5,7,7,9,6,6,7,8,7,6,8,8,9,6,8,7,4,6,9,6,8,8,9,8,5,6,6,7,12,5,7,6,9,7,5,7,5,9,8,5,7,8,7,4,6,11,6,11,7,8,9,8,12,8,10,5,10,12,9,6,9,6,8,10,8,13,5,5,11,8,4,9,11,8,9,12,9,10,7,3,10,7,6,8,8,9,10,11,7,10,5,7,8,8,9,8,9,9,5,7,8,9,8,8,10,7,5,9,7,8,5,12,12,8,7,6,5,8,6,9,6,8,4,9,5,8,12,12,9,6,7,6,5,7,9,5,7,8,4,7,4,12,6,12,6,7,8,7,7,7,5,7,7,9,8,13,6,7,12,7,13,8,8,6,6,5,6,9,9,10,10,10,7,10,9,12,6,7,10,7,6,8,13,8,7,7,5,8,11,8,8,6,9,11,10,10
align-dinov2+500m-things+hyp-abl30cat-7-random,9,8,6,9,7,5,9,10,3,6,8,6,4,8,8,5,6,5,9,6,6,8,7,8,4,12,6,7,5,7,11,8,10,10,4,13,8,9,8,12,8,6,4,6,7,8,7,10,8,8,7,8,10,9,8,6,8,11,9,25,7,9,8,7,8,10,8,9,10,9,9,12,8,10,6,11,11,8,7,7,5,14,7,8,8,9,8,5,6,14,12,7,8,5,6,7,7,7,7,4,9,6,10,7,8,7,11,9,10,6,13,10,3,6,4,10,5,7,8,8,6,9,6,10,16,11,6,7,8,5,8,6,6,8,7,12,11,5,10,9,5,8,8,10,4,7,5,4,6,5,16,10,6,8,3,7,10,4,6,8,8,7,8,7,6,10,10,8,8,9,8,5,7,10,7,8,4,12,9,7,10,10,7,10,6,7,7,7,7,10,5,9,8,7,6,9,11,8,9,8,8,6,5,7,9,7,9,7,6,7,5,7,6,8,7,7,4,5,9,7,9,5,10,8,8,13,9,10,6,6,11,4,9,7,8,6,7,7,7,5,8,7,5,10,9,8,6,5,10,5,12,11,6,7,5,7,5,8,11,8,9,7,8,6,6,6,10,6,12,5,11,7,15,11,8,9,11,10,14,10,7,8,6,8,8,6,7,7,10,11,7,9,4,7,5,5,4,7,5,9,8,8,12,10,7,8,10,7,10,13,8,11,9,5,8,7,7,7,9,7,6,8,9,8,8,7,9,6,6,9,6,6,8,7,10,11,8,14,11,9,12,7,13,10,7,8,6,7,7,11,8,4,7,6,6,7,9,8,9,8,9,9,8,8,8,9,6,8,8,10,5,8,6,7,6,8,7,8,7,7,5,4,7,7,7,6,10,7,5,5,17,5,8,10,8,4,7,6,7,11,6,7,8,6,3,8,6,9,9,12,4,9,5,8,6,6,4,5,7,10,6,9,6,6,13,5,5,11,6,7,8,5,8,5,10,4,4,6,16,5,8,5,6,11,13,6,5,5,10,10,6,10,9,8,11,9,7,7,9,7,10,5,3,9,5,7,11,5,8,6,8,10,5,10,5,8,6,8,5,8,11,3,3,7,5,11,10,10,7,8,7,10,6,10,8,4,11,10,5,7,6,7,9,9,4,6,5,9,6,6,10,11,7,10,10,8,9,8,10,6,6,4,6,8,12,5,10,11,9,7,6,5,6,8,10,10,3,13,7,11,5,6,9,5,7,7,9,7,7,11,8,7,9,14,11,8,10,9,6,10,6,6,6,8,6,11,8,8,11,5,8,10,6,10,7,9,5,9,9,7,8,6,14,11,6,4,7,11,7,6,10,7,5,7,9,15,6,6,10,8,11,7,8,7,6,10,8,10,9,10,8,6,13,9,11,7,8,8,3,6,7,7,6,6,9,6,9,7,8,7,6,11,10,4,6,9,6,10,11,4,7,8,12,8,5,8,7,8,6,7,9,6,7,7,6,4,8,8,10,6,6,7,9,6,11,7,11,7,10,9,5,7,8,9,9,7,5,15,4,7,7,5,6,5,6,6,7,8,8,6,9,10,9,8,12,8,9,5,12,13,7,6,11,5,12,7,8,5,9,6,8,5,6,5,9,7,9,12,8,4,10,11,6,4,4,9,6,6,8,8,4,5,8,8,13,9,7,6,5,6,11,11,6,11,9,6,6,7,6,5,7,10,9,7,10,8,4,8,11,6,6,6,7,10,5,7,8,6,8,4,10,10,9,6,8,5,5,4,9,15,8,6,7,7,9,10,5,7,10,10,4,5,7,9,7,6,9,8,6,11,6,6,6,6,11,13,8,12,8,8,6,6,7,7,11,10,6,7,7,5,6,9,7,8,5,9,9,6,7,9,9,3,5,11,9,8,6,8,5,7,8,9,8,6,5,7,10,7,13,5,7,11,8,9,7,7,5,11,10,6,8,7,10,11,7,6,7,8,10,7,7,9,3,7,10,11,12,7,8,12,6,8,5,6,7,9,6,6,6,9,6,5,7,3,9,11,8,10,7,8,5,8,4,4,10,12,4,6,7,9,8,10,4,8,10,5,7,7,6,6,7,4,5,9,7,8,10,7,6,11,4,9,10,6,6,9,10,5,9,4,8,8,8,6,8,8,7,14,5,12,8,5,9,8,4,8,11,8,9,7,8,8,9,4,7,8,4,5,7,7,8,4,8,8,9,9,10,5,6,8,9,3,7,7,5,4,10,6,11,7,5,7,5,7,7,9,6,6,7,8,7,6,8,8,9,6,8,7,4,6,9,6,8,8,9,8,5,6,6,7,12,5,7,6,9,7,5,7,5,9,8,5,7,8,7,4,6,11,6,11,7,8,9,8,12,8,10,5,10,12,9,6,9,6,8,10,8,13,5,5,11,8,4,9,11,8,9,12,9,10,7,3,10,7,6,8,8,9,10,11,7,10,5,7,8,8,9,8,9,9,5,7,8,9,8,8,10,7,5,9,7,8,5,12,12,8,7,6,5,8,6,9,6,8,4,9,5,8,12,12,9,6,7,6,5,7,9,5,7,8,4,7,4,12,6,12,6,7,8,7,7,7,5,7,7,9,8,13,6,7,12,7,13,8,8,6,6,5,6,9,9,10,10,10,7,10,9,12,6,7,10,7,6,8,13,8,7,7,5,8,11,8,8,6,9,11,10,10
align-dinov2+500m-things+hyp-abl30cat-local-shuffled-218,4,7,11,8,5,8,9,7,8,6,11,10,6,9,7,8,10,14,9,6,10,8,9,6,7,7,7,9,11,7,9,7,9,5,7,7,10,8,7,10,6,8,5,8,9,6,7,6,10,6,6,4,9,10,8,7,7,4,5,19,10,4,9,7,9,9,7,7,5,8,9,5,7,10,10,8,5,7,7,4,7,10,7,9,5,11,5,5,8,8,12,7,10,9,9,8,10,8,6,9,9,8,7,10,11,6,10,9,9,9,10,8,10,7,7,9,8,8,9,10,8,7,7,4,15,11,8,7,8,5,8,11,8,9,10,9,9,6,10,4,5,7,8,8,6,9,7,7,6,8,15,6,4,8,7,8,4,8,5,6,8,8,5,5,9,7,6,8,6,7,5,6,10,7,6,7,9,9,7,5,6,9,10,6,11,6,7,7,7,5,8,4,9,6,9,10,8,8,10,6,10,4,5,5,13,4,5,7,7,9,9,4,6,8,7,6,4,6,6,9,7,4,10,5,11,7,9,8,6,7,15,7,5,8,8,9,6,6,7,5,9,6,7,11,8,13,6,12,6,9,8,8,7,8,7,5,7,9,9,7,7,9,10,7,5,10,8,9,8,5,8,7,8,7,6,8,6,10,6,7,9,5,9,7,8,5,7,6,5,9,10,5,7,10,7,5,10,6,11,6,6,6,11,5,9,10,8,8,5,9,11,8,9,6,6,5,10,8,9,9,9,13,9,5,8,7,6,9,6,7,7,3,6,10,9,7,9,8,8,10,8,8,8,9,8,12,7,7,6,8,10,7,8,12,6,4,5,6,9,8,8,6,5,7,4,7,10,6,6,7,10,8,8,3,4,6,8,5,6,10,4,6,9,7,8,7,6,11,8,10,16,8,12,7,4,6,6,7,11,13,7,10,11,9,7,7,6,8,6,6,7,8,4,6,6,9,7,10,10,8,9,10,8,5,7,10,8,4,8,8,8,7,10,8,5,6,9,5,5,9,10,10,8,6,6,9,12,9,11,5,9,10,9,10,7,9,8,11,7,7,7,5,8,7,7,11,7,6,7,8,9,7,8,8,7,11,5,4,9,7,7,5,10,5,6,8,8,7,7,5,10,7,10,11,4,6,9,5,9,8,11,8,6,9,5,10,13,7,8,9,9,6,5,6,10,8,10,8,8,11,8,6,6,9,9,9,10,5,10,5,5,10,7,9,8,10,8,6,10,8,6,11,10,7,7,7,5,7,8,8,7,9,12,16,9,8,8,10,11,9,8,4,8,6,8,6,7,4,5,9,5,6,6,10,9,7,8,9,7,10,7,4,10,8,8,4,6,6,5,9,10,8,8,8,10,5,5,7,6,4,8,9,5,5,7,13,5,8,12,7,8,13,5,7,8,8,9,5,10,9,8,7,12,9,5,10,6,8,6,7,8,7,10,12,6,7,7,8,7,11,5,4,7,5,8,7,6,7,4,12,11,8,8,8,10,5,10,11,9,9,8,7,10,7,5,6,9,9,8,5,6,7,10,8,6,4,6,8,5,5,5,7,6,7,8,8,5,7,12,7,11,12,3,12,5,7,7,5,8,6,5,9,8,9,6,8,9,8,12,8,6,9,8,8,4,8,9,8,5,10,5,6,7,12,10,9,9,10,9,15,8,6,5,5,4,9,6,9,7,13,6,11,6,5,11,6,8,6,6,7,8,7,7,6,5,8,5,13,6,8,8,9,8,8,7,8,10,9,7,8,8,9,10,7,9,10,12,6,5,9,7,5,8,8,6,8,9,8,9,5,8,8,6,9,7,9,7,5,7,12,10,7,8,7,12,14,8,7,7,6,8,7,5,10,7,7,8,10,8,6,9,13,10,6,7,6,6,10,12,11,6,3,9,9,5,9,12,7,8,6,7,9,7,6,9,10,7,9,8,10,13,15,11,7,9,11,8,7,12,5,6,8,6,4,9,8,6,5,13,7,6,11,6,6,8,7,8,6,6,8,7,10,4,5,8,9,10,6,13,7,5,9,9,9,8,8,7,9,5,11,8,10,6,9,9,7,8,5,9,7,8,7,9,8,13,10,8,6,7,6,9,8,7,6,6,4,5,6,8,4,7,5,7,6,5,7,10,6,6,4,8,11,6,15,7,8,10,6,6,7,6,10,7,10,10,7,8,11,9,7,7,11,10,11,6,9,5,10,9,8,7,10,10,5,11,9,9,10,7,4,8,7,6,8,7,8,9,6,7,6,8,13,8,8,4,8,7,7,7,4,12,10,6,10,6,9,11,7,9,6,9,10,8,7,7,9,6,6,5,5,8,5,6,9,4,9,11,12,12,9,7,7,10,13,10,8,5,6,7,6,10,9,6,10,6,11,6,9,7,16,10,6,6,7,8,10,8,10,4,5,8,11,8,6,7,11,7,9,6,10,9,7,7,8,10,6,7,7,9,5,4,9,5,8,8,5,8,8,9,7,6,10,6,14,5,8,5,9,9,6,4,11,8,7,10,7,6,4,11,14,6,9,5,6,9,8,5,9,9,12,8,6,14,6,4,8,5,8,8,8,9,5,9,5,7,7,7,4,10,10,9,12,7,6,5,7,6,6,10,8,5,8,8,9,9,7,7,8,3,5,9,7,7,6,7,6,6,4,8,9,7,4,7,6,7,13,10,7,6,9,6,8,7,7,7,6,6,6
align-dinov2+500m-things+hyp-abl30cat-local-shuffled-42,4,7,11,8,5,8,9,7,8,6,11,10,6,9,7,8,10,14,9,6,10,8,9,6,7,7,7,9,11,7,9,7,9,5,7,7,10,8,7,10,6,8,5,8,9,6,7,6,10,6,6,4,9,10,8,7,7,4,5,19,10,4,9,7,9,9,7,7,5,8,9,5,7,10,10,8,5,7,7,4,7,10,7,9,5,11,5,5,8,8,12,7,10,9,9,8,10,8,6,9,9,8,7,10,11,6,10,9,9,9,10,8,10,7,7,9,8,8,9,10,8,7,7,4,15,11,8,7,8,5,8,11,8,9,10,9,9,6,10,4,5,7,8,8,6,9,7,7,6,8,15,6,4,8,7,8,4,8,5,6,8,8,5,5,9,7,6,8,6,7,5,6,10,7,6,7,9,9,7,5,6,9,10,6,11,6,7,7,7,5,8,4,9,6,9,10,8,8,10,6,10,4,5,5,13,4,5,7,7,9,9,4,6,8,7,6,4,6,6,9,7,4,10,5,11,7,9,8,6,7,15,7,5,8,8,9,6,6,7,5,9,6,7,11,8,13,6,12,6,9,8,8,7,8,7,5,7,9,9,7,7,9,10,7,5,10,8,9,8,5,8,7,8,7,6,8,6,10,6,7,9,5,9,7,8,5,7,6,5,9,10,5,7,10,7,5,10,6,11,6,6,6,11,5,9,10,8,8,5,9,11,8,9,6,6,5,10,8,9,9,9,13,9,5,8,7,6,9,6,7,7,3,6,10,9,7,9,8,8,10,8,8,8,9,8,12,7,7,6,8,10,7,8,12,6,4,5,6,9,8,8,6,5,7,4,7,10,6,6,7,10,8,8,3,4,6,8,5,6,10,4,6,9,7,8,7,6,11,8,10,16,8,12,7,4,6,6,7,11,13,7,10,11,9,7,7,6,8,6,6,7,8,4,6,6,9,7,10,10,8,9,10,8,5,7,10,8,4,8,8,8,7,10,8,5,6,9,5,5,9,10,10,8,6,6,9,12,9,11,5,9,10,9,10,7,9,8,11,7,7,7,5,8,7,7,11,7,6,7,8,9,7,8,8,7,11,5,4,9,7,7,5,10,5,6,8,8,7,7,5,10,7,10,11,4,6,9,5,9,8,11,8,6,9,5,10,13,7,8,9,9,6,5,6,10,8,10,8,8,11,8,6,6,9,9,9,10,5,10,5,5,10,7,9,8,10,8,6,10,8,6,11,10,7,7,7,5,7,8,8,7,9,12,16,9,8,8,10,11,9,8,4,8,6,8,6,7,4,5,9,5,6,6,10,9,7,8,9,7,10,7,4,10,8,8,4,6,6,5,9,10,8,8,8,10,5,5,7,6,4,8,9,5,5,7,13,5,8,12,7,8,13,5,7,8,8,9,5,10,9,8,7,12,9,5,10,6,8,6,7,8,7,10,12,6,7,7,8,7,11,5,4,7,5,8,7,6,7,4,12,11,8,8,8,10,5,10,11,9,9,8,7,10,7,5,6,9,9,8,5,6,7,10,8,6,4,6,8,5,5,5,7,6,7,8,8,5,7,12,7,11,12,3,12,5,7,7,5,8,6,5,9,8,9,6,8,9,8,12,8,6,9,8,8,4,8,9,8,5,10,5,6,7,12,10,9,9,10,9,15,8,6,5,5,4,9,6,9,7,13,6,11,6,5,11,6,8,6,6,7,8,7,7,6,5,8,5,13,6,8,8,9,8,8,7,8,10,9,7,8,8,9,10,7,9,10,12,6,5,9,7,5,8,8,6,8,9,8,9,5,8,8,6,9,7,9,7,5,7,12,10,7,8,7,12,14,8,7,7,6,8,7,5,10,7,7,8,10,8,6,9,13,10,6,7,6,6,10,12,11,6,3,9,9,5,9,12,7,8,6,7,9,7,6,9,10,7,9,8,10,13,15,11,7,9,11,8,7,12,5,6,8,6,4,9,8,6,5,13,7,6,11,6,6,8,7,8,6,6,8,7,10,4,5,8,9,10,6,13,7,5,9,9,9,8,8,7,9,5,11,8,10,6,9,9,7,8,5,9,7,8,7,9,8,13,10,8,6,7,6,9,8,7,6,6,4,5,6,8,4,7,5,7,6,5,7,10,6,6,4,8,11,6,15,7,8,10,6,6,7,6,10,7,10,10,7,8,11,9,7,7,11,10,11,6,9,5,10,9,8,7,10,10,5,11,9,9,10,7,4,8,7,6,8,7,8,9,6,7,6,8,13,8,8,4,8,7,7,7,4,12,10,6,10,6,9,11,7,9,6,9,10,8,7,7,9,6,6,5,5,8,5,6,9,4,9,11,12,12,9,7,7,10,13,10,8,5,6,7,6,10,9,6,10,6,11,6,9,7,16,10,6,6,7,8,10,8,10,4,5,8,11,8,6,7,11,7,9,6,10,9,7,7,8,10,6,7,7,9,5,4,9,5,8,8,5,8,8,9,7,6,10,6,14,5,8,5,9,9,6,4,11,8,7,10,7,6,4,11,14,6,9,5,6,9,8,5,9,9,12,8,6,14,6,4,8,5,8,8,8,9,5,9,5,7,7,7,4,10,10,9,12,7,6,5,7,6,6,10,8,5,8,8,9,9,7,7,8,3,5,9,7,7,6,7,6,6,4,8,9,7,4,7,6,7,13,10,7,6,9,6,8,7,7,7,6,6,6
align-dinov2+500m-things+hyp-abl30cat-local-shuffled-7,4,7,11,8,5,8,9,7,8,6,11,10,6,9,7,8,10,14,9,6,10,8,9,6,7,7,7,9,11,7,9,7,9,5,7,7,10,8,7,10,6,8,5,8,9,6,7,6,10,6,6,4,9,10,8,7,7,4,5,19,10,4,9,7,9,9,7,7,5,8,9,5,7,10,10,8,5,7,7,4,7,10,7,9,5,11,5,5,8,8,12,7,10,9,9,8,10,8,6,9,9,8,7,10,11,6,10,9,9,9,10,8,10,7,7,9,8,8,9,10,8,7,7,4,15,11,8,7,8,5,8,11,8,9,10,9,9,6,10,4,5,7,8,8,6,9,7,7,6,8,15,6,4,8,7,8,4,8,5,6,8,8,5,5,9,7,6,8,6,7,5,6,10,7,6,7,9,9,7,5,6,9,10,6,11,6,7,7,7,5,8,4,9,6,9,10,8,8,10,6,10,4,5,5,13,4,5,7,7,9,9,4,6,8,7,6,4,6,6,9,7,4,10,5,11,7,9,8,6,7,15,7,5,8,8,9,6,6,7,5,9,6,7,11,8,13,6,12,6,9,8,8,7,8,7,5,7,9,9,7,7,9,10,7,5,10,8,9,8,5,8,7,8,7,6,8,6,10,6,7,9,5,9,7,8,5,7,6,5,9,10,5,7,10,7,5,10,6,11,6,6,6,11,5,9,10,8,8,5,9,11,8,9,6,6,5,10,8,9,9,9,13,9,5,8,7,6,9,6,7,7,3,6,10,9,7,9,8,8,10,8,8,8,9,8,12,7,7,6,8,10,7,8,12,6,4,5,6,9,8,8,6,5,7,4,7,10,6,6,7,10,8,8,3,4,6,8,5,6,10,4,6,9,7,8,7,6,11,8,10,16,8,12,7,4,6,6,7,11,13,7,10,11,9,7,7,6,8,6,6,7,8,4,6,6,9,7,10,10,8,9,10,8,5,7,10,8,4,8,8,8,7,10,8,5,6,9,5,5,9,10,10,8,6,6,9,12,9,11,5,9,10,9,10,7,9,8,11,7,7,7,5,8,7,7,11,7,6,7,8,9,7,8,8,7,11,5,4,9,7,7,5,10,5,6,8,8,7,7,5,10,7,10,11,4,6,9,5,9,8,11,8,6,9,5,10,13,7,8,9,9,6,5,6,10,8,10,8,8,11,8,6,6,9,9,9,10,5,10,5,5,10,7,9,8,10,8,6,10,8,6,11,10,7,7,7,5,7,8,8,7,9,12,16,9,8,8,10,11,9,8,4,8,6,8,6,7,4,5,9,5,6,6,10,9,7,8,9,7,10,7,4,10,8,8,4,6,6,5,9,10,8,8,8,10,5,5,7,6,4,8,9,5,5,7,13,5,8,12,7,8,13,5,7,8,8,9,5,10,9,8,7,12,9,5,10,6,8,6,7,8,7,10,12,6,7,7,8,7,11,5,4,7,5,8,7,6,7,4,12,11,8,8,8,10,5,10,11,9,9,8,7,10,7,5,6,9,9,8,5,6,7,10,8,6,4,6,8,5,5,5,7,6,7,8,8,5,7,12,7,11,12,3,12,5,7,7,5,8,6,5,9,8,9,6,8,9,8,12,8,6,9,8,8,4,8,9,8,5,10,5,6,7,12,10,9,9,10,9,15,8,6,5,5,4,9,6,9,7,13,6,11,6,5,11,6,8,6,6,7,8,7,7,6,5,8,5,13,6,8,8,9,8,8,7,8,10,9,7,8,8,9,10,7,9,10,12,6,5,9,7,5,8,8,6,8,9,8,9,5,8,8,6,9,7,9,7,5,7,12,10,7,8,7,12,14,8,7,7,6,8,7,5,10,7,7,8,10,8,6,9,13,10,6,7,6,6,10,12,11,6,3,9,9,5,9,12,7,8,6,7,9,7,6,9,10,7,9,8,10,13,15,11,7,9,11,8,7,12,5,6,8,6,4,9,8,6,5,13,7,6,11,6,6,8,7,8,6,6,8,7,10,4,5,8,9,10,6,13,7,5,9,9,9,8,8,7,9,5,11,8,10,6,9,9,7,8,5,9,7,8,7,9,8,13,10,8,6,7,6,9,8,7,6,6,4,5,6,8,4,7,5,7,6,5,7,10,6,6,4,8,11,6,15,7,8,10,6,6,7,6,10,7,10,10,7,8,11,9,7,7,11,10,11,6,9,5,10,9,8,7,10,10,5,11,9,9,10,7,4,8,7,6,8,7,8,9,6,7,6,8,13,8,8,4,8,7,7,7,4,12,10,6,10,6,9,11,7,9,6,9,10,8,7,7,9,6,6,5,5,8,5,6,9,4,9,11,12,12,9,7,7,10,13,10,8,5,6,7,6,10,9,6,10,6,11,6,9,7,16,10,6,6,7,8,10,8,10,4,5,8,11,8,6,7,11,7,9,6,10,9,7,7,8,10,6,7,7,9,5,4,9,5,8,8,5,8,8,9,7,6,10,6,14,5,8,5,9,9,6,4,11,8,7,10,7,6,4,11,14,6,9,5,6,9,8,5,9,9,12,8,6,14,6,4,8,5,8,8,8,9,5,9,5,7,7,7,4,10,10,9,12,7,6,5,7,6,6,10,8,5,8,8,9,9,7,7,8,3,5,9,7,7,6,7,6,6,4,8,9,7,4,7,6,7,13,10,7,6,9,6,8,7,7,7,6,6,6
align-dinov2+500m-things+hyp-abl30cat-shuffled-218,10,7,9,9,7,8,4,4,8,5,7,7,9,7,9,7,8,11,6,8,4,5,6,11,9,9,7,7,4,11,9,11,8,7,9,6,6,7,8,5,6,11,7,8,6,10,9,5,9,11,6,6,3,8,6,9,4,10,6,23,7,6,8,6,12,7,7,9,11,8,6,8,7,6,11,7,10,8,11,4,8,6,11,4,4,5,10,9,9,5,5,8,8,8,5,7,11,7,6,9,11,8,6,13,6,7,6,7,10,4,6,8,8,8,8,9,6,7,7,8,9,6,13,6,11,4,9,8,12,11,5,5,7,5,8,8,7,7,9,11,9,9,9,6,5,6,6,5,5,9,13,7,6,12,7,11,6,8,7,11,8,9,7,10,12,6,8,6,10,9,12,6,8,6,3,6,6,12,9,7,7,6,8,6,10,9,11,8,8,9,4,7,7,7,8,7,4,7,5,6,7,9,5,10,11,5,7,10,6,8,6,7,9,8,10,14,9,5,7,7,5,6,7,7,7,9,4,8,9,8,7,8,5,6,9,6,8,7,5,7,6,7,12,11,11,5,8,10,7,8,7,4,7,5,8,7,7,8,6,8,9,9,8,7,9,7,8,6,12,9,7,7,5,7,12,6,6,5,8,7,10,9,8,12,7,9,7,11,7,4,6,7,7,6,7,7,4,11,9,9,7,7,7,8,7,5,7,7,6,10,5,9,8,6,12,11,4,6,9,5,7,8,8,10,8,8,12,5,10,8,7,8,10,11,7,5,9,5,8,9,7,10,9,8,7,5,7,5,8,6,8,10,9,8,10,8,4,5,11,8,10,7,7,10,5,10,8,9,5,5,11,8,5,8,10,7,7,7,8,9,6,7,14,8,12,3,12,6,6,7,13,5,16,10,7,10,7,8,6,5,8,9,8,10,5,4,9,4,9,5,8,6,4,8,8,12,6,7,6,4,7,5,11,8,10,10,5,9,10,12,6,7,7,6,5,10,10,8,9,7,7,6,4,12,6,9,7,8,8,11,4,5,7,7,5,7,4,8,9,11,8,4,8,10,5,9,7,9,5,7,10,8,6,11,10,11,5,6,8,8,5,8,10,11,5,9,10,10,8,8,5,9,8,3,8,8,4,8,7,10,7,8,10,6,12,9,4,7,6,7,7,11,5,3,13,7,6,7,6,7,10,9,5,8,6,4,6,11,7,9,9,8,9,13,9,10,6,5,10,5,8,6,8,13,7,5,6,5,3,9,8,10,11,15,9,7,13,7,8,8,4,12,7,8,8,8,4,10,8,5,10,6,7,7,9,5,9,6,11,10,10,6,8,11,8,7,14,6,10,8,12,5,5,7,5,8,8,11,10,5,10,7,9,7,6,6,12,6,5,7,11,10,5,3,9,7,9,14,14,3,8,7,11,5,12,7,5,5,10,9,6,12,5,5,10,6,7,6,5,6,14,11,6,7,7,10,6,8,4,6,9,7,8,5,5,7,9,12,8,9,8,9,10,7,7,6,8,9,8,7,10,6,6,5,10,10,5,5,8,9,8,9,7,7,10,8,8,7,7,6,9,9,7,14,7,6,9,11,9,10,5,8,9,9,8,7,8,6,10,7,11,4,4,8,7,13,7,4,8,10,7,6,9,7,7,6,8,8,8,5,8,9,7,5,10,6,10,8,5,8,8,6,6,7,7,8,8,6,9,5,5,5,6,7,6,10,10,11,11,8,8,6,10,10,11,9,9,5,11,7,10,5,9,5,5,7,7,3,4,10,6,7,8,9,10,8,11,11,10,7,10,10,6,8,6,8,7,8,5,7,10,7,5,6,10,8,11,6,9,9,13,8,6,6,5,6,8,10,6,6,6,6,6,8,11,9,11,6,5,9,7,8,10,9,10,5,8,6,7,5,8,4,7,7,7,7,9,10,9,7,9,10,6,8,9,7,9,8,9,8,7,6,6,6,5,12,5,7,7,9,6,5,8,9,13,9,7,9,5,6,9,6,5,12,6,12,6,8,8,6,9,6,8,5,10,6,10,10,9,4,7,10,7,8,8,6,10,8,5,9,5,7,5,8,6,4,13,7,5,5,14,6,8,11,6,4,10,8,9,10,7,11,7,5,4,4,10,8,6,9,8,5,11,9,11,8,9,8,11,8,10,4,4,7,9,5,6,7,10,6,5,8,6,9,5,7,6,8,7,7,7,9,5,5,6,8,6,7,9,5,11,8,10,7,9,10,6,6,8,4,9,6,7,7,8,6,8,6,9,8,10,10,10,6,4,8,5,7,8,6,7,7,10,7,9,7,8,7,4,10,9,10,7,10,8,7,8,9,5,7,6,7,8,8,7,11,6,9,10,8,8,7,7,5,6,9,7,9,9,8,10,8,7,8,8,8,8,8,8,4,11,6,7,7,7,6,8,8,7,4,6,10,10,4,6,5,5,10,9,9,5,9,6,10,4,11,5,8,7,10,7,14,11,8,11,8,6,12,13,8,12,9,6,4,9,6,13,7,11,8,9,9,7,6,10,9,15,10,7,6,9,9,9,11,11,7,6,11,5,11,5,5,6,8,6,7,10,12,8,6,5,10,6,10,6,6,7,7,8,6,9,8,7,8,10,4,8,5,4,5,7,13,6,9,11,9,9,9,11,6,10,7,8,7,5,8,6,6,10,7,6,5,6,8,8,8,12,8
align-dinov2+500m-things+hyp-abl30cat-shuffled-42,10,7,9,9,7,8,4,4,8,5,7,7,9,7,9,7,8,11,6,8,4,5,6,11,9,9,7,7,4,11,9,11,8,7,9,6,6,7,8,5,6,11,7,8,6,10,9,5,9,11,6,6,3,8,6,9,4,10,6,23,7,6,8,6,12,7,7,9,11,8,6,8,7,6,11,7,10,8,11,4,8,6,11,4,4,5,10,9,9,5,5,8,8,8,5,7,11,7,6,9,11,8,6,13,6,7,6,7,10,4,6,8,8,8,8,9,6,7,7,8,9,6,13,6,11,4,9,8,12,11,5,5,7,5,8,8,7,7,9,11,9,9,9,6,5,6,6,5,5,9,13,7,6,12,7,11,6,8,7,11,8,9,7,10,12,6,8,6,10,9,12,6,8,6,3,6,6,12,9,7,7,6,8,6,10,9,11,8,8,9,4,7,7,7,8,7,4,7,5,6,7,9,5,10,11,5,7,10,6,8,6,7,9,8,10,14,9,5,7,7,5,6,7,7,7,9,4,8,9,8,7,8,5,6,9,6,8,7,5,7,6,7,12,11,11,5,8,10,7,8,7,4,7,5,8,7,7,8,6,8,9,9,8,7,9,7,8,6,12,9,7,7,5,7,12,6,6,5,8,7,10,9,8,12,7,9,7,11,7,4,6,7,7,6,7,7,4,11,9,9,7,7,7,8,7,5,7,7,6,10,5,9,8,6,12,11,4,6,9,5,7,8,8,10,8,8,12,5,10,8,7,8,10,11,7,5,9,5,8,9,7,10,9,8,7,5,7,5,8,6,8,10,9,8,10,8,4,5,11,8,10,7,7,10,5,10,8,9,5,5,11,8,5,8,10,7,7,7,8,9,6,7,14,8,12,3,12,6,6,7,13,5,16,10,7,10,7,8,6,5,8,9,8,10,5,4,9,4,9,5,8,6,4,8,8,12,6,7,6,4,7,5,11,8,10,10,5,9,10,12,6,7,7,6,5,10,10,8,9,7,7,6,4,12,6,9,7,8,8,11,4,5,7,7,5,7,4,8,9,11,8,4,8,10,5,9,7,9,5,7,10,8,6,11,10,11,5,6,8,8,5,8,10,11,5,9,10,10,8,8,5,9,8,3,8,8,4,8,7,10,7,8,10,6,12,9,4,7,6,7,7,11,5,3,13,7,6,7,6,7,10,9,5,8,6,4,6,11,7,9,9,8,9,13,9,10,6,5,10,5,8,6,8,13,7,5,6,5,3,9,8,10,11,15,9,7,13,7,8,8,4,12,7,8,8,8,4,10,8,5,10,6,7,7,9,5,9,6,11,10,10,6,8,11,8,7,14,6,10,8,12,5,5,7,5,8,8,11,10,5,10,7,9,7,6,6,12,6,5,7,11,10,5,3,9,7,9,14,14,3,8,7,11,5,12,7,5,5,10,9,6,12,5,5,10,6,7,6,5,6,14,11,6,7,7,10,6,8,4,6,9,7,8,5,5,7,9,12,8,9,8,9,10,7,7,6,8,9,8,7,10,6,6,5,10,10,5,5,8,9,8,9,7,7,10,8,8,7,7,6,9,9,7,14,7,6,9,11,9,10,5,8,9,9,8,7,8,6,10,7,11,4,4,8,7,13,7,4,8,10,7,6,9,7,7,6,8,8,8,5,8,9,7,5,10,6,10,8,5,8,8,6,6,7,7,8,8,6,9,5,5,5,6,7,6,10,10,11,11,8,8,6,10,10,11,9,9,5,11,7,10,5,9,5,5,7,7,3,4,10,6,7,8,9,10,8,11,11,10,7,10,10,6,8,6,8,7,8,5,7,10,7,5,6,10,8,11,6,9,9,13,8,6,6,5,6,8,10,6,6,6,6,6,8,11,9,11,6,5,9,7,8,10,9,10,5,8,6,7,5,8,4,7,7,7,7,9,10,9,7,9,10,6,8,9,7,9,8,9,8,7,6,6,6,5,12,5,7,7,9,6,5,8,9,13,9,7,9,5,6,9,6,5,12,6,12,6,8,8,6,9,6,8,5,10,6,10,10,9,4,7,10,7,8,8,6,10,8,5,9,5,7,5,8,6,4,13,7,5,5,14,6,8,11,6,4,10,8,9,10,7,11,7,5,4,4,10,8,6,9,8,5,11,9,11,8,9,8,11,8,10,4,4,7,9,5,6,7,10,6,5,8,6,9,5,7,6,8,7,7,7,9,5,5,6,8,6,7,9,5,11,8,10,7,9,10,6,6,8,4,9,6,7,7,8,6,8,6,9,8,10,10,10,6,4,8,5,7,8,6,7,7,10,7,9,7,8,7,4,10,9,10,7,10,8,7,8,9,5,7,6,7,8,8,7,11,6,9,10,8,8,7,7,5,6,9,7,9,9,8,10,8,7,8,8,8,8,8,8,4,11,6,7,7,7,6,8,8,7,4,6,10,10,4,6,5,5,10,9,9,5,9,6,10,4,11,5,8,7,10,7,14,11,8,11,8,6,12,13,8,12,9,6,4,9,6,13,7,11,8,9,9,7,6,10,9,15,10,7,6,9,9,9,11,11,7,6,11,5,11,5,5,6,8,6,7,10,12,8,6,5,10,6,10,6,6,7,7,8,6,9,8,7,8,10,4,8,5,4,5,7,13,6,9,11,9,9,9,11,6,10,7,8,7,5,8,6,6,10,7,6,5,6,8,8,8,12,8
align-dinov2+500m-things+hyp-abl30cat-shuffled-7,10,7,9,9,7,8,4,4,8,5,7,7,9,7,9,7,8,11,6,8,4,5,6,11,9,9,7,7,4,11,9,11,8,7,9,6,6,7,8,5,6,11,7,8,6,10,9,5,9,11,6,6,3,8,6,9,4,10,6,23,7,6,8,6,12,7,7,9,11,8,6,8,7,6,11,7,10,8,11,4,8,6,11,4,4,5,10,9,9,5,5,8,8,8,5,7,11,7,6,9,11,8,6,13,6,7,6,7,10,4,6,8,8,8,8,9,6,7,7,8,9,6,13,6,11,4,9,8,12,11,5,5,7,5,8,8,7,7,9,11,9,9,9,6,5,6,6,5,5,9,13,7,6,12,7,11,6,8,7,11,8,9,7,10,12,6,8,6,10,9,12,6,8,6,3,6,6,12,9,7,7,6,8,6,10,9,11,8,8,9,4,7,7,7,8,7,4,7,5,6,7,9,5,10,11,5,7,10,6,8,6,7,9,8,10,14,9,5,7,7,5,6,7,7,7,9,4,8,9,8,7,8,5,6,9,6,8,7,5,7,6,7,12,11,11,5,8,10,7,8,7,4,7,5,8,7,7,8,6,8,9,9,8,7,9,7,8,6,12,9,7,7,5,7,12,6,6,5,8,7,10,9,8,12,7,9,7,11,7,4,6,7,7,6,7,7,4,11,9,9,7,7,7,8,7,5,7,7,6,10,5,9,8,6,12,11,4,6,9,5,7,8,8,10,8,8,12,5,10,8,7,8,10,11,7,5,9,5,8,9,7,10,9,8,7,5,7,5,8,6,8,10,9,8,10,8,4,5,11,8,10,7,7,10,5,10,8,9,5,5,11,8,5,8,10,7,7,7,8,9,6,7,14,8,12,3,12,6,6,7,13,5,16,10,7,10,7,8,6,5,8,9,8,10,5,4,9,4,9,5,8,6,4,8,8,12,6,7,6,4,7,5,11,8,10,10,5,9,10,12,6,7,7,6,5,10,10,8,9,7,7,6,4,12,6,9,7,8,8,11,4,5,7,7,5,7,4,8,9,11,8,4,8,10,5,9,7,9,5,7,10,8,6,11,10,11,5,6,8,8,5,8,10,11,5,9,10,10,8,8,5,9,8,3,8,8,4,8,7,10,7,8,10,6,12,9,4,7,6,7,7,11,5,3,13,7,6,7,6,7,10,9,5,8,6,4,6,11,7,9,9,8,9,13,9,10,6,5,10,5,8,6,8,13,7,5,6,5,3,9,8,10,11,15,9,7,13,7,8,8,4,12,7,8,8,8,4,10,8,5,10,6,7,7,9,5,9,6,11,10,10,6,8,11,8,7,14,6,10,8,12,5,5,7,5,8,8,11,10,5,10,7,9,7,6,6,12,6,5,7,11,10,5,3,9,7,9,14,14,3,8,7,11,5,12,7,5,5,10,9,6,12,5,5,10,6,7,6,5,6,14,11,6,7,7,10,6,8,4,6,9,7,8,5,5,7,9,12,8,9,8,9,10,7,7,6,8,9,8,7,10,6,6,5,10,10,5,5,8,9,8,9,7,7,10,8,8,7,7,6,9,9,7,14,7,6,9,11,9,10,5,8,9,9,8,7,8,6,10,7,11,4,4,8,7,13,7,4,8,10,7,6,9,7,7,6,8,8,8,5,8,9,7,5,10,6,10,8,5,8,8,6,6,7,7,8,8,6,9,5,5,5,6,7,6,10,10,11,11,8,8,6,10,10,11,9,9,5,11,7,10,5,9,5,5,7,7,3,4,10,6,7,8,9,10,8,11,11,10,7,10,10,6,8,6,8,7,8,5,7,10,7,5,6,10,8,11,6,9,9,13,8,6,6,5,6,8,10,6,6,6,6,6,8,11,9,11,6,5,9,7,8,10,9,10,5,8,6,7,5,8,4,7,7,7,7,9,10,9,7,9,10,6,8,9,7,9,8,9,8,7,6,6,6,5,12,5,7,7,9,6,5,8,9,13,9,7,9,5,6,9,6,5,12,6,12,6,8,8,6,9,6,8,5,10,6,10,10,9,4,7,10,7,8,8,6,10,8,5,9,5,7,5,8,6,4,13,7,5,5,14,6,8,11,6,4,10,8,9,10,7,11,7,5,4,4,10,8,6,9,8,5,11,9,11,8,9,8,11,8,10,4,4,7,9,5,6,7,10,6,5,8,6,9,5,7,6,8,7,7,7,9,5,5,6,8,6,7,9,5,11,8,10,7,9,10,6,6,8,4,9,6,7,7,8,6,8,6,9,8,10,10,10,6,4,8,5,7,8,6,7,7,10,7,9,7,8,7,4,10,9,10,7,10,8,7,8,9,5,7,6,7,8,8,7,11,6,9,10,8,8,7,7,5,6,9,7,9,9,8,10,8,7,8,8,8,8,8,8,4,11,6,7,7,7,6,8,8,7,4,6,10,10,4,6,5,5,10,9,9,5,9,6,10,4,11,5,8,7,10,7,14,11,8,11,8,6,12,13,8,12,9,6,4,9,6,13,7,11,8,9,9,7,6,10,9,15,10,7,6,9,9,9,11,11,7,6,11,5,11,5,5,6,8,6,7,10,12,8,6,5,10,6,10,6,6,7,7,8,6,9,8,7,8,10,4,8,5,4,5,7,13,6,9,11,9,9,9,11,6,10,7,8,7,5,8,6,6,10,7,6,5,6,8,8,8,12,8
align-dinov2+500m-things+hyp-abl40cat-218,9,8,6,9,7,5,9,10,3,6,8,6,4,8,8,5,6,5,9,6,6,8,7,8,4,12,6,7,5,7,11,8,10,10,4,13,8,9,8,12,8,6,4,6,7,8,7,10,8,8,7,8,10,9,8,6,8,11,9,25,7,9,8,7,8,10,8,9,10,9,9,12,8,10,6,11,11,8,7,7,5,14,7,8,8,9,8,5,6,14,12,7,8,5,6,7,7,7,7,4,9,6,10,7,8,7,11,9,10,6,13,10,3,6,4,10,5,7,8,8,6,9,6,10,16,11,6,7,8,5,8,6,6,8,7,12,11,5,10,9,5,8,8,10,4,7,5,4,6,5,16,10,6,8,3,7,10,4,6,8,8,7,8,7,6,10,10,8,8,9,8,5,7,10,7,8,4,12,9,7,10,10,7,10,6,7,7,7,7,10,5,9,8,7,6,9,11,8,9,8,8,6,5,7,9,7,9,7,6,7,5,7,6,8,7,7,4,5,9,7,9,5,10,8,8,13,9,10,6,6,11,4,9,7,8,6,7,7,7,5,8,7,5,10,9,8,6,5,10,5,12,11,6,7,5,7,5,8,11,8,9,7,8,6,6,6,10,6,12,5,11,7,15,11,8,9,11,10,14,10,7,8,6,8,8,6,7,7,10,11,7,9,4,7,5,5,4,7,5,9,8,8,12,10,7,8,10,7,10,13,8,11,9,5,8,7,7,7,9,7,6,8,9,8,8,7,9,6,6,9,6,6,8,7,10,11,8,14,11,9,12,7,13,10,7,8,6,7,7,11,8,4,7,6,6,7,9,8,9,8,9,9,8,8,8,9,6,8,8,10,5,8,6,7,6,8,7,8,7,7,5,4,7,7,7,6,10,7,5,5,17,5,8,10,8,4,7,6,7,11,6,7,8,6,3,8,6,9,9,12,4,9,5,8,6,6,4,5,7,10,6,9,6,6,13,5,5,11,6,7,8,5,8,5,10,4,4,6,16,5,8,5,6,11,13,6,5,5,10,10,6,10,9,8,11,9,7,7,9,7,10,5,3,9,5,7,11,5,8,6,8,10,5,10,5,8,6,8,5,8,11,3,3,7,5,11,10,10,7,8,7,10,6,10,8,4,11,10,5,7,6,7,9,9,4,6,5,9,6,6,10,11,7,10,10,8,9,8,10,6,6,4,6,8,12,5,10,11,9,7,6,5,6,8,10,10,3,13,7,11,5,6,9,5,7,7,9,7,7,11,8,7,9,14,11,8,10,9,6,10,6,6,6,8,6,11,8,8,11,5,8,10,6,10,7,9,5,9,9,7,8,6,14,11,6,4,7,11,7,6,10,7,5,7,9,15,6,6,10,8,11,7,8,7,6,10,8,10,9,10,8,6,13,9,11,7,8,8,3,6,7,7,6,6,9,6,9,7,8,7,6,11,10,4,6,9,6,10,11,4,7,8,12,8,5,8,7,8,6,7,9,6,7,7,6,4,8,8,10,6,6,7,9,6,11,7,11,7,10,9,5,7,8,9,9,7,5,15,4,7,7,5,6,5,6,6,7,8,8,6,9,10,9,8,12,8,9,5,12,13,7,6,11,5,12,7,8,5,9,6,8,5,6,5,9,7,9,12,8,4,10,11,6,4,4,9,6,6,8,8,4,5,8,8,13,9,7,6,5,6,11,11,6,11,9,6,6,7,6,5,7,10,9,7,10,8,4,8,11,6,6,6,7,10,5,7,8,6,8,4,10,10,9,6,8,5,5,4,9,15,8,6,7,7,9,10,5,7,10,10,4,5,7,9,7,6,9,8,6,11,6,6,6,6,11,13,8,12,8,8,6,6,7,7,11,10,6,7,7,5,6,9,7,8,5,9,9,6,7,9,9,3,5,11,9,8,6,8,5,7,8,9,8,6,5,7,10,7,13,5,7,11,8,9,7,7,5,11,10,6,8,7,10,11,7,6,7,8,10,7,7,9,3,7,10,11,12,7,8,12,6,8,5,6,7,9,6,6,6,9,6,5,7,3,9,11,8,10,7,8,5,8,4,4,10,12,4,6,7,9,8,10,4,8,10,5,7,7,6,6,7,4,5,9,7,8,10,7,6,11,4,9,10,6,6,9,10,5,9,4,8,8,8,6,8,8,7,14,5,12,8,5,9,8,4,8,11,8,9,7,8,8,9,4,7,8,4,5,7,7,8,4,8,8,9,9,10,5,6,8,9,3,7,7,5,4,10,6,11,7,5,7,5,7,7,9,6,6,7,8,7,6,8,8,9,6,8,7,4,6,9,6,8,8,9,8,5,6,6,7,12,5,7,6,9,7,5,7,5,9,8,5,7,8,7,4,6,11,6,11,7,8,9,8,12,8,10,5,10,12,9,6,9,6,8,10,8,13,5,5,11,8,4,9,11,8,9,12,9,10,7,3,10,7,6,8,8,9,10,11,7,10,5,7,8,8,9,8,9,9,5,7,8,9,8,8,10,7,5,9,7,8,5,12,12,8,7,6,5,8,6,9,6,8,4,9,5,8,12,12,9,6,7,6,5,7,9,5,7,8,4,7,4,12,6,12,6,7,8,7,7,7,5,7,7,9,8,13,6,7,12,7,13,8,8,6,6,5,6,9,9,10,10,10,7,10,9,12,6,7,10,7,6,8,13,8,7,7,5,8,11,8,8,6,9,11,10,10
align-dinov2+500m-things+hyp-abl40cat-218-random,9,8,6,9,7,5,9,10,3,6,8,6,4,8,8,5,6,5,9,6,6,8,7,8,4,12,6,7,5,7,11,8,10,10,4,13,8,9,8,12,8,6,4,6,7,8,7,10,8,8,7,8,10,9,8,6,8,11,9,25,7,9,8,7,8,10,8,9,10,9,9,12,8,10,6,11,11,8,7,7,5,14,7,8,8,9,8,5,6,14,12,7,8,5,6,7,7,7,7,4,9,6,10,7,8,7,11,9,10,6,13,10,3,6,4,10,5,7,8,8,6,9,6,10,16,11,6,7,8,5,8,6,6,8,7,12,11,5,10,9,5,8,8,10,4,7,5,4,6,5,16,10,6,8,3,7,10,4,6,8,8,7,8,7,6,10,10,8,8,9,8,5,7,10,7,8,4,12,9,7,10,10,7,10,6,7,7,7,7,10,5,9,8,7,6,9,11,8,9,8,8,6,5,7,9,7,9,7,6,7,5,7,6,8,7,7,4,5,9,7,9,5,10,8,8,13,9,10,6,6,11,4,9,7,8,6,7,7,7,5,8,7,5,10,9,8,6,5,10,5,12,11,6,7,5,7,5,8,11,8,9,7,8,6,6,6,10,6,12,5,11,7,15,11,8,9,11,10,14,10,7,8,6,8,8,6,7,7,10,11,7,9,4,7,5,5,4,7,5,9,8,8,12,10,7,8,10,7,10,13,8,11,9,5,8,7,7,7,9,7,6,8,9,8,8,7,9,6,6,9,6,6,8,7,10,11,8,14,11,9,12,7,13,10,7,8,6,7,7,11,8,4,7,6,6,7,9,8,9,8,9,9,8,8,8,9,6,8,8,10,5,8,6,7,6,8,7,8,7,7,5,4,7,7,7,6,10,7,5,5,17,5,8,10,8,4,7,6,7,11,6,7,8,6,3,8,6,9,9,12,4,9,5,8,6,6,4,5,7,10,6,9,6,6,13,5,5,11,6,7,8,5,8,5,10,4,4,6,16,5,8,5,6,11,13,6,5,5,10,10,6,10,9,8,11,9,7,7,9,7,10,5,3,9,5,7,11,5,8,6,8,10,5,10,5,8,6,8,5,8,11,3,3,7,5,11,10,10,7,8,7,10,6,10,8,4,11,10,5,7,6,7,9,9,4,6,5,9,6,6,10,11,7,10,10,8,9,8,10,6,6,4,6,8,12,5,10,11,9,7,6,5,6,8,10,10,3,13,7,11,5,6,9,5,7,7,9,7,7,11,8,7,9,14,11,8,10,9,6,10,6,6,6,8,6,11,8,8,11,5,8,10,6,10,7,9,5,9,9,7,8,6,14,11,6,4,7,11,7,6,10,7,5,7,9,15,6,6,10,8,11,7,8,7,6,10,8,10,9,10,8,6,13,9,11,7,8,8,3,6,7,7,6,6,9,6,9,7,8,7,6,11,10,4,6,9,6,10,11,4,7,8,12,8,5,8,7,8,6,7,9,6,7,7,6,4,8,8,10,6,6,7,9,6,11,7,11,7,10,9,5,7,8,9,9,7,5,15,4,7,7,5,6,5,6,6,7,8,8,6,9,10,9,8,12,8,9,5,12,13,7,6,11,5,12,7,8,5,9,6,8,5,6,5,9,7,9,12,8,4,10,11,6,4,4,9,6,6,8,8,4,5,8,8,13,9,7,6,5,6,11,11,6,11,9,6,6,7,6,5,7,10,9,7,10,8,4,8,11,6,6,6,7,10,5,7,8,6,8,4,10,10,9,6,8,5,5,4,9,15,8,6,7,7,9,10,5,7,10,10,4,5,7,9,7,6,9,8,6,11,6,6,6,6,11,13,8,12,8,8,6,6,7,7,11,10,6,7,7,5,6,9,7,8,5,9,9,6,7,9,9,3,5,11,9,8,6,8,5,7,8,9,8,6,5,7,10,7,13,5,7,11,8,9,7,7,5,11,10,6,8,7,10,11,7,6,7,8,10,7,7,9,3,7,10,11,12,7,8,12,6,8,5,6,7,9,6,6,6,9,6,5,7,3,9,11,8,10,7,8,5,8,4,4,10,12,4,6,7,9,8,10,4,8,10,5,7,7,6,6,7,4,5,9,7,8,10,7,6,11,4,9,10,6,6,9,10,5,9,4,8,8,8,6,8,8,7,14,5,12,8,5,9,8,4,8,11,8,9,7,8,8,9,4,7,8,4,5,7,7,8,4,8,8,9,9,10,5,6,8,9,3,7,7,5,4,10,6,11,7,5,7,5,7,7,9,6,6,7,8,7,6,8,8,9,6,8,7,4,6,9,6,8,8,9,8,5,6,6,7,12,5,7,6,9,7,5,7,5,9,8,5,7,8,7,4,6,11,6,11,7,8,9,8,12,8,10,5,10,12,9,6,9,6,8,10,8,13,5,5,11,8,4,9,11,8,9,12,9,10,7,3,10,7,6,8,8,9,10,11,7,10,5,7,8,8,9,8,9,9,5,7,8,9,8,8,10,7,5,9,7,8,5,12,12,8,7,6,5,8,6,9,6,8,4,9,5,8,12,12,9,6,7,6,5,7,9,5,7,8,4,7,4,12,6,12,6,7,8,7,7,7,5,7,7,9,8,13,6,7,12,7,13,8,8,6,6,5,6,9,9,10,10,10,7,10,9,12,6,7,10,7,6,8,13,8,7,7,5,8,11,8,8,6,9,11,10,10
align-dinov2+500m-things+hyp-abl40cat-42,9,8,6,9,7,5,9,10,3,6,8,6,4,8,8,5,6,5,9,6,6,8,7,8,4,12,6,7,5,7,11,8,10,10,4,13,8,9,8,12,8,6,4,6,7,8,7,10,8,8,7,8,10,9,8,6,8,11,9,25,7,9,8,7,8,10,8,9,10,9,9,12,8,10,6,11,11,8,7,7,5,14,7,8,8,9,8,5,6,14,12,7,8,5,6,7,7,7,7,4,9,6,10,7,8,7,11,9,10,6,13,10,3,6,4,10,5,7,8,8,6,9,6,10,16,11,6,7,8,5,8,6,6,8,7,12,11,5,10,9,5,8,8,10,4,7,5,4,6,5,16,10,6,8,3,7,10,4,6,8,8,7,8,7,6,10,10,8,8,9,8,5,7,10,7,8,4,12,9,7,10,10,7,10,6,7,7,7,7,10,5,9,8,7,6,9,11,8,9,8,8,6,5,7,9,7,9,7,6,7,5,7,6,8,7,7,4,5,9,7,9,5,10,8,8,13,9,10,6,6,11,4,9,7,8,6,7,7,7,5,8,7,5,10,9,8,6,5,10,5,12,11,6,7,5,7,5,8,11,8,9,7,8,6,6,6,10,6,12,5,11,7,15,11,8,9,11,10,14,10,7,8,6,8,8,6,7,7,10,11,7,9,4,7,5,5,4,7,5,9,8,8,12,10,7,8,10,7,10,13,8,11,9,5,8,7,7,7,9,7,6,8,9,8,8,7,9,6,6,9,6,6,8,7,10,11,8,14,11,9,12,7,13,10,7,8,6,7,7,11,8,4,7,6,6,7,9,8,9,8,9,9,8,8,8,9,6,8,8,10,5,8,6,7,6,8,7,8,7,7,5,4,7,7,7,6,10,7,5,5,17,5,8,10,8,4,7,6,7,11,6,7,8,6,3,8,6,9,9,12,4,9,5,8,6,6,4,5,7,10,6,9,6,6,13,5,5,11,6,7,8,5,8,5,10,4,4,6,16,5,8,5,6,11,13,6,5,5,10,10,6,10,9,8,11,9,7,7,9,7,10,5,3,9,5,7,11,5,8,6,8,10,5,10,5,8,6,8,5,8,11,3,3,7,5,11,10,10,7,8,7,10,6,10,8,4,11,10,5,7,6,7,9,9,4,6,5,9,6,6,10,11,7,10,10,8,9,8,10,6,6,4,6,8,12,5,10,11,9,7,6,5,6,8,10,10,3,13,7,11,5,6,9,5,7,7,9,7,7,11,8,7,9,14,11,8,10,9,6,10,6,6,6,8,6,11,8,8,11,5,8,10,6,10,7,9,5,9,9,7,8,6,14,11,6,4,7,11,7,6,10,7,5,7,9,15,6,6,10,8,11,7,8,7,6,10,8,10,9,10,8,6,13,9,11,7,8,8,3,6,7,7,6,6,9,6,9,7,8,7,6,11,10,4,6,9,6,10,11,4,7,8,12,8,5,8,7,8,6,7,9,6,7,7,6,4,8,8,10,6,6,7,9,6,11,7,11,7,10,9,5,7,8,9,9,7,5,15,4,7,7,5,6,5,6,6,7,8,8,6,9,10,9,8,12,8,9,5,12,13,7,6,11,5,12,7,8,5,9,6,8,5,6,5,9,7,9,12,8,4,10,11,6,4,4,9,6,6,8,8,4,5,8,8,13,9,7,6,5,6,11,11,6,11,9,6,6,7,6,5,7,10,9,7,10,8,4,8,11,6,6,6,7,10,5,7,8,6,8,4,10,10,9,6,8,5,5,4,9,15,8,6,7,7,9,10,5,7,10,10,4,5,7,9,7,6,9,8,6,11,6,6,6,6,11,13,8,12,8,8,6,6,7,7,11,10,6,7,7,5,6,9,7,8,5,9,9,6,7,9,9,3,5,11,9,8,6,8,5,7,8,9,8,6,5,7,10,7,13,5,7,11,8,9,7,7,5,11,10,6,8,7,10,11,7,6,7,8,10,7,7,9,3,7,10,11,12,7,8,12,6,8,5,6,7,9,6,6,6,9,6,5,7,3,9,11,8,10,7,8,5,8,4,4,10,12,4,6,7,9,8,10,4,8,10,5,7,7,6,6,7,4,5,9,7,8,10,7,6,11,4,9,10,6,6,9,10,5,9,4,8,8,8,6,8,8,7,14,5,12,8,5,9,8,4,8,11,8,9,7,8,8,9,4,7,8,4,5,7,7,8,4,8,8,9,9,10,5,6,8,9,3,7,7,5,4,10,6,11,7,5,7,5,7,7,9,6,6,7,8,7,6,8,8,9,6,8,7,4,6,9,6,8,8,9,8,5,6,6,7,12,5,7,6,9,7,5,7,5,9,8,5,7,8,7,4,6,11,6,11,7,8,9,8,12,8,10,5,10,12,9,6,9,6,8,10,8,13,5,5,11,8,4,9,11,8,9,12,9,10,7,3,10,7,6,8,8,9,10,11,7,10,5,7,8,8,9,8,9,9,5,7,8,9,8,8,10,7,5,9,7,8,5,12,12,8,7,6,5,8,6,9,6,8,4,9,5,8,12,12,9,6,7,6,5,7,9,5,7,8,4,7,4,12,6,12,6,7,8,7,7,7,5,7,7,9,8,13,6,7,12,7,13,8,8,6,6,5,6,9,9,10,10,10,7,10,9,12,6,7,10,7,6,8,13,8,7,7,5,8,11,8,8,6,9,11,10,10
align-dinov2+500m-things+hyp-abl40cat-42-random,9,8,6,9,7,5,9,10,3,6,8,6,4,8,8,5,6,5,9,6,6,8,7,8,4,12,6,7,5,7,11,8,10,10,4,13,8,9,8,12,8,6,4,6,7,8,7,10,8,8,7,8,10,9,8,6,8,11,9,25,7,9,8,7,8,10,8,9,10,9,9,12,8,10,6,11,11,8,7,7,5,14,7,8,8,9,8,5,6,14,12,7,8,5,6,7,7,7,7,4,9,6,10,7,8,7,11,9,10,6,13,10,3,6,4,10,5,7,8,8,6,9,6,10,16,11,6,7,8,5,8,6,6,8,7,12,11,5,10,9,5,8,8,10,4,7,5,4,6,5,16,10,6,8,3,7,10,4,6,8,8,7,8,7,6,10,10,8,8,9,8,5,7,10,7,8,4,12,9,7,10,10,7,10,6,7,7,7,7,10,5,9,8,7,6,9,11,8,9,8,8,6,5,7,9,7,9,7,6,7,5,7,6,8,7,7,4,5,9,7,9,5,10,8,8,13,9,10,6,6,11,4,9,7,8,6,7,7,7,5,8,7,5,10,9,8,6,5,10,5,12,11,6,7,5,7,5,8,11,8,9,7,8,6,6,6,10,6,12,5,11,7,15,11,8,9,11,10,14,10,7,8,6,8,8,6,7,7,10,11,7,9,4,7,5,5,4,7,5,9,8,8,12,10,7,8,10,7,10,13,8,11,9,5,8,7,7,7,9,7,6,8,9,8,8,7,9,6,6,9,6,6,8,7,10,11,8,14,11,9,12,7,13,10,7,8,6,7,7,11,8,4,7,6,6,7,9,8,9,8,9,9,8,8,8,9,6,8,8,10,5,8,6,7,6,8,7,8,7,7,5,4,7,7,7,6,10,7,5,5,17,5,8,10,8,4,7,6,7,11,6,7,8,6,3,8,6,9,9,12,4,9,5,8,6,6,4,5,7,10,6,9,6,6,13,5,5,11,6,7,8,5,8,5,10,4,4,6,16,5,8,5,6,11,13,6,5,5,10,10,6,10,9,8,11,9,7,7,9,7,10,5,3,9,5,7,11,5,8,6,8,10,5,10,5,8,6,8,5,8,11,3,3,7,5,11,10,10,7,8,7,10,6,10,8,4,11,10,5,7,6,7,9,9,4,6,5,9,6,6,10,11,7,10,10,8,9,8,10,6,6,4,6,8,12,5,10,11,9,7,6,5,6,8,10,10,3,13,7,11,5,6,9,5,7,7,9,7,7,11,8,7,9,14,11,8,10,9,6,10,6,6,6,8,6,11,8,8,11,5,8,10,6,10,7,9,5,9,9,7,8,6,14,11,6,4,7,11,7,6,10,7,5,7,9,15,6,6,10,8,11,7,8,7,6,10,8,10,9,10,8,6,13,9,11,7,8,8,3,6,7,7,6,6,9,6,9,7,8,7,6,11,10,4,6,9,6,10,11,4,7,8,12,8,5,8,7,8,6,7,9,6,7,7,6,4,8,8,10,6,6,7,9,6,11,7,11,7,10,9,5,7,8,9,9,7,5,15,4,7,7,5,6,5,6,6,7,8,8,6,9,10,9,8,12,8,9,5,12,13,7,6,11,5,12,7,8,5,9,6,8,5,6,5,9,7,9,12,8,4,10,11,6,4,4,9,6,6,8,8,4,5,8,8,13,9,7,6,5,6,11,11,6,11,9,6,6,7,6,5,7,10,9,7,10,8,4,8,11,6,6,6,7,10,5,7,8,6,8,4,10,10,9,6,8,5,5,4,9,15,8,6,7,7,9,10,5,7,10,10,4,5,7,9,7,6,9,8,6,11,6,6,6,6,11,13,8,12,8,8,6,6,7,7,11,10,6,7,7,5,6,9,7,8,5,9,9,6,7,9,9,3,5,11,9,8,6,8,5,7,8,9,8,6,5,7,10,7,13,5,7,11,8,9,7,7,5,11,10,6,8,7,10,11,7,6,7,8,10,7,7,9,3,7,10,11,12,7,8,12,6,8,5,6,7,9,6,6,6,9,6,5,7,3,9,11,8,10,7,8,5,8,4,4,10,12,4,6,7,9,8,10,4,8,10,5,7,7,6,6,7,4,5,9,7,8,10,7,6,11,4,9,10,6,6,9,10,5,9,4,8,8,8,6,8,8,7,14,5,12,8,5,9,8,4,8,11,8,9,7,8,8,9,4,7,8,4,5,7,7,8,4,8,8,9,9,10,5,6,8,9,3,7,7,5,4,10,6,11,7,5,7,5,7,7,9,6,6,7,8,7,6,8,8,9,6,8,7,4,6,9,6,8,8,9,8,5,6,6,7,12,5,7,6,9,7,5,7,5,9,8,5,7,8,7,4,6,11,6,11,7,8,9,8,12,8,10,5,10,12,9,6,9,6,8,10,8,13,5,5,11,8,4,9,11,8,9,12,9,10,7,3,10,7,6,8,8,9,10,11,7,10,5,7,8,8,9,8,9,9,5,7,8,9,8,8,10,7,5,9,7,8,5,12,12,8,7,6,5,8,6,9,6,8,4,9,5,8,12,12,9,6,7,6,5,7,9,5,7,8,4,7,4,12,6,12,6,7,8,7,7,7,5,7,7,9,8,13,6,7,12,7,13,8,8,6,6,5,6,9,9,10,10,10,7,10,9,12,6,7,10,7,6,8,13,8,7,7,5,8,11,8,8,6,9,11,10,10
align-dinov2+500m-things+hyp-abl40cat-7,9,8,6,9,7,5,9,10,3,6,8,6,4,8,8,5,6,5,9,6,6,8,7,8,4,12,6,7,5,7,11,8,10,10,4,13,8,9,8,12,8,6,4,6,7,8,7,10,8,8,7,8,10,9,8,6,8,11,9,25,7,9,8,7,8,10,8,9,10,9,9,12,8,10,6,11,11,8,7,7,5,14,7,8,8,9,8,5,6,14,12,7,8,5,6,7,7,7,7,4,9,6,10,7,8,7,11,9,10,6,13,10,3,6,4,10,5,7,8,8,6,9,6,10,16,11,6,7,8,5,8,6,6,8,7,12,11,5,10,9,5,8,8,10,4,7,5,4,6,5,16,10,6,8,3,7,10,4,6,8,8,7,8,7,6,10,10,8,8,9,8,5,7,10,7,8,4,12,9,7,10,10,7,10,6,7,7,7,7,10,5,9,8,7,6,9,11,8,9,8,8,6,5,7,9,7,9,7,6,7,5,7,6,8,7,7,4,5,9,7,9,5,10,8,8,13,9,10,6,6,11,4,9,7,8,6,7,7,7,5,8,7,5,10,9,8,6,5,10,5,12,11,6,7,5,7,5,8,11,8,9,7,8,6,6,6,10,6,12,5,11,7,15,11,8,9,11,10,14,10,7,8,6,8,8,6,7,7,10,11,7,9,4,7,5,5,4,7,5,9,8,8,12,10,7,8,10,7,10,13,8,11,9,5,8,7,7,7,9,7,6,8,9,8,8,7,9,6,6,9,6,6,8,7,10,11,8,14,11,9,12,7,13,10,7,8,6,7,7,11,8,4,7,6,6,7,9,8,9,8,9,9,8,8,8,9,6,8,8,10,5,8,6,7,6,8,7,8,7,7,5,4,7,7,7,6,10,7,5,5,17,5,8,10,8,4,7,6,7,11,6,7,8,6,3,8,6,9,9,12,4,9,5,8,6,6,4,5,7,10,6,9,6,6,13,5,5,11,6,7,8,5,8,5,10,4,4,6,16,5,8,5,6,11,13,6,5,5,10,10,6,10,9,8,11,9,7,7,9,7,10,5,3,9,5,7,11,5,8,6,8,10,5,10,5,8,6,8,5,8,11,3,3,7,5,11,10,10,7,8,7,10,6,10,8,4,11,10,5,7,6,7,9,9,4,6,5,9,6,6,10,11,7,10,10,8,9,8,10,6,6,4,6,8,12,5,10,11,9,7,6,5,6,8,10,10,3,13,7,11,5,6,9,5,7,7,9,7,7,11,8,7,9,14,11,8,10,9,6,10,6,6,6,8,6,11,8,8,11,5,8,10,6,10,7,9,5,9,9,7,8,6,14,11,6,4,7,11,7,6,10,7,5,7,9,15,6,6,10,8,11,7,8,7,6,10,8,10,9,10,8,6,13,9,11,7,8,8,3,6,7,7,6,6,9,6,9,7,8,7,6,11,10,4,6,9,6,10,11,4,7,8,12,8,5,8,7,8,6,7,9,6,7,7,6,4,8,8,10,6,6,7,9,6,11,7,11,7,10,9,5,7,8,9,9,7,5,15,4,7,7,5,6,5,6,6,7,8,8,6,9,10,9,8,12,8,9,5,12,13,7,6,11,5,12,7,8,5,9,6,8,5,6,5,9,7,9,12,8,4,10,11,6,4,4,9,6,6,8,8,4,5,8,8,13,9,7,6,5,6,11,11,6,11,9,6,6,7,6,5,7,10,9,7,10,8,4,8,11,6,6,6,7,10,5,7,8,6,8,4,10,10,9,6,8,5,5,4,9,15,8,6,7,7,9,10,5,7,10,10,4,5,7,9,7,6,9,8,6,11,6,6,6,6,11,13,8,12,8,8,6,6,7,7,11,10,6,7,7,5,6,9,7,8,5,9,9,6,7,9,9,3,5,11,9,8,6,8,5,7,8,9,8,6,5,7,10,7,13,5,7,11,8,9,7,7,5,11,10,6,8,7,10,11,7,6,7,8,10,7,7,9,3,7,10,11,12,7,8,12,6,8,5,6,7,9,6,6,6,9,6,5,7,3,9,11,8,10,7,8,5,8,4,4,10,12,4,6,7,9,8,10,4,8,10,5,7,7,6,6,7,4,5,9,7,8,10,7,6,11,4,9,10,6,6,9,10,5,9,4,8,8,8,6,8,8,7,14,5,12,8,5,9,8,4,8,11,8,9,7,8,8,9,4,7,8,4,5,7,7,8,4,8,8,9,9,10,5,6,8,9,3,7,7,5,4,10,6,11,7,5,7,5,7,7,9,6,6,7,8,7,6,8,8,9,6,8,7,4,6,9,6,8,8,9,8,5,6,6,7,12,5,7,6,9,7,5,7,5,9,8,5,7,8,7,4,6,11,6,11,7,8,9,8,12,8,10,5,10,12,9,6,9,6,8,10,8,13,5,5,11,8,4,9,11,8,9,12,9,10,7,3,10,7,6,8,8,9,10,11,7,10,5,7,8,8,9,8,9,9,5,7,8,9,8,8,10,7,5,9,7,8,5,12,12,8,7,6,5,8,6,9,6,8,4,9,5,8,12,12,9,6,7,6,5,7,9,5,7,8,4,7,4,12,6,12,6,7,8,7,7,7,5,7,7,9,8,13,6,7,12,7,13,8,8,6,6,5,6,9,9,10,10,10,7,10,9,12,6,7,10,7,6,8,13,8,7,7,5,8,11,8,8,6,9,11,10,10
align-dinov2+500m-things+hyp-abl40cat-7-random,9,8,6,9,7,5,9,10,3,6,8,6,4,8,8,5,6,5,9,6,6,8,7,8,4,12,6,7,5,7,11,8,10,10,4,13,8,9,8,12,8,6,4,6,7,8,7,10,8,8,7,8,10,9,8,6,8,11,9,25,7,9,8,7,8,10,8,9,10,9,9,12,8,10,6,11,11,8,7,7,5,14,7,8,8,9,8,5,6,14,12,7,8,5,6,7,7,7,7,4,9,6,10,7,8,7,11,9,10,6,13,10,3,6,4,10,5,7,8,8,6,9,6,10,16,11,6,7,8,5,8,6,6,8,7,12,11,5,10,9,5,8,8,10,4,7,5,4,6,5,16,10,6,8,3,7,10,4,6,8,8,7,8,7,6,10,10,8,8,9,8,5,7,10,7,8,4,12,9,7,10,10,7,10,6,7,7,7,7,10,5,9,8,7,6,9,11,8,9,8,8,6,5,7,9,7,9,7,6,7,5,7,6,8,7,7,4,5,9,7,9,5,10,8,8,13,9,10,6,6,11,4,9,7,8,6,7,7,7,5,8,7,5,10,9,8,6,5,10,5,12,11,6,7,5,7,5,8,11,8,9,7,8,6,6,6,10,6,12,5,11,7,15,11,8,9,11,10,14,10,7,8,6,8,8,6,7,7,10,11,7,9,4,7,5,5,4,7,5,9,8,8,12,10,7,8,10,7,10,13,8,11,9,5,8,7,7,7,9,7,6,8,9,8,8,7,9,6,6,9,6,6,8,7,10,11,8,14,11,9,12,7,13,10,7,8,6,7,7,11,8,4,7,6,6,7,9,8,9,8,9,9,8,8,8,9,6,8,8,10,5,8,6,7,6,8,7,8,7,7,5,4,7,7,7,6,10,7,5,5,17,5,8,10,8,4,7,6,7,11,6,7,8,6,3,8,6,9,9,12,4,9,5,8,6,6,4,5,7,10,6,9,6,6,13,5,5,11,6,7,8,5,8,5,10,4,4,6,16,5,8,5,6,11,13,6,5,5,10,10,6,10,9,8,11,9,7,7,9,7,10,5,3,9,5,7,11,5,8,6,8,10,5,10,5,8,6,8,5,8,11,3,3,7,5,11,10,10,7,8,7,10,6,10,8,4,11,10,5,7,6,7,9,9,4,6,5,9,6,6,10,11,7,10,10,8,9,8,10,6,6,4,6,8,12,5,10,11,9,7,6,5,6,8,10,10,3,13,7,11,5,6,9,5,7,7,9,7,7,11,8,7,9,14,11,8,10,9,6,10,6,6,6,8,6,11,8,8,11,5,8,10,6,10,7,9,5,9,9,7,8,6,14,11,6,4,7,11,7,6,10,7,5,7,9,15,6,6,10,8,11,7,8,7,6,10,8,10,9,10,8,6,13,9,11,7,8,8,3,6,7,7,6,6,9,6,9,7,8,7,6,11,10,4,6,9,6,10,11,4,7,8,12,8,5,8,7,8,6,7,9,6,7,7,6,4,8,8,10,6,6,7,9,6,11,7,11,7,10,9,5,7,8,9,9,7,5,15,4,7,7,5,6,5,6,6,7,8,8,6,9,10,9,8,12,8,9,5,12,13,7,6,11,5,12,7,8,5,9,6,8,5,6,5,9,7,9,12,8,4,10,11,6,4,4,9,6,6,8,8,4,5,8,8,13,9,7,6,5,6,11,11,6,11,9,6,6,7,6,5,7,10,9,7,10,8,4,8,11,6,6,6,7,10,5,7,8,6,8,4,10,10,9,6,8,5,5,4,9,15,8,6,7,7,9,10,5,7,10,10,4,5,7,9,7,6,9,8,6,11,6,6,6,6,11,13,8,12,8,8,6,6,7,7,11,10,6,7,7,5,6,9,7,8,5,9,9,6,7,9,9,3,5,11,9,8,6,8,5,7,8,9,8,6,5,7,10,7,13,5,7,11,8,9,7,7,5,11,10,6,8,7,10,11,7,6,7,8,10,7,7,9,3,7,10,11,12,7,8,12,6,8,5,6,7,9,6,6,6,9,6,5,7,3,9,11,8,10,7,8,5,8,4,4,10,12,4,6,7,9,8,10,4,8,10,5,7,7,6,6,7,4,5,9,7,8,10,7,6,11,4,9,10,6,6,9,10,5,9,4,8,8,8,6,8,8,7,14,5,12,8,5,9,8,4,8,11,8,9,7,8,8,9,4,7,8,4,5,7,7,8,4,8,8,9,9,10,5,6,8,9,3,7,7,5,4,10,6,11,7,5,7,5,7,7,9,6,6,7,8,7,6,8,8,9,6,8,7,4,6,9,6,8,8,9,8,5,6,6,7,12,5,7,6,9,7,5,7,5,9,8,5,7,8,7,4,6,11,6,11,7,8,9,8,12,8,10,5,10,12,9,6,9,6,8,10,8,13,5,5,11,8,4,9,11,8,9,12,9,10,7,3,10,7,6,8,8,9,10,11,7,10,5,7,8,8,9,8,9,9,5,7,8,9,8,8,10,7,5,9,7,8,5,12,12,8,7,6,5,8,6,9,6,8,4,9,5,8,12,12,9,6,7,6,5,7,9,5,7,8,4,7,4,12,6,12,6,7,8,7,7,7,5,7,7,9,8,13,6,7,12,7,13,8,8,6,6,5,6,9,9,10,10,10,7,10,9,12,6,7,10,7,6,8,13,8,7,7,5,8,11,8,8,6,9,11,10,10
align-dinov2+500m-things+hyp-abl40cat-local-shuffled-218,4,7,11,8,5,8,9,7,8,6,11,10,6,9,7,8,10,14,9,6,10,8,9,6,7,7,7,9,11,7,9,7,9,5,7,7,10,8,7,10,6,8,5,8,9,6,7,6,10,6,6,4,9,10,8,7,7,4,5,19,10,4,9,7,9,9,7,7,5,8,9,5,7,10,10,8,5,7,7,4,7,10,7,9,5,11,5,5,8,8,12,7,10,9,9,8,10,8,6,9,9,8,7,10,11,6,10,9,9,9,10,8,10,7,7,9,8,8,9,10,8,7,7,4,15,11,8,7,8,5,8,11,8,9,10,9,9,6,10,4,5,7,8,8,6,9,7,7,6,8,15,6,4,8,7,8,4,8,5,6,8,8,5,5,9,7,6,8,6,7,5,6,10,7,6,7,9,9,7,5,6,9,10,6,11,6,7,7,7,5,8,4,9,6,9,10,8,8,10,6,10,4,5,5,13,4,5,7,7,9,9,4,6,8,7,6,4,6,6,9,7,4,10,5,11,7,9,8,6,7,15,7,5,8,8,9,6,6,7,5,9,6,7,11,8,13,6,12,6,9,8,8,7,8,7,5,7,9,9,7,7,9,10,7,5,10,8,9,8,5,8,7,8,7,6,8,6,10,6,7,9,5,9,7,8,5,7,6,5,9,10,5,7,10,7,5,10,6,11,6,6,6,11,5,9,10,8,8,5,9,11,8,9,6,6,5,10,8,9,9,9,13,9,5,8,7,6,9,6,7,7,3,6,10,9,7,9,8,8,10,8,8,8,9,8,12,7,7,6,8,10,7,8,12,6,4,5,6,9,8,8,6,5,7,4,7,10,6,6,7,10,8,8,3,4,6,8,5,6,10,4,6,9,7,8,7,6,11,8,10,16,8,12,7,4,6,6,7,11,13,7,10,11,9,7,7,6,8,6,6,7,8,4,6,6,9,7,10,10,8,9,10,8,5,7,10,8,4,8,8,8,7,10,8,5,6,9,5,5,9,10,10,8,6,6,9,12,9,11,5,9,10,9,10,7,9,8,11,7,7,7,5,8,7,7,11,7,6,7,8,9,7,8,8,7,11,5,4,9,7,7,5,10,5,6,8,8,7,7,5,10,7,10,11,4,6,9,5,9,8,11,8,6,9,5,10,13,7,8,9,9,6,5,6,10,8,10,8,8,11,8,6,6,9,9,9,10,5,10,5,5,10,7,9,8,10,8,6,10,8,6,11,10,7,7,7,5,7,8,8,7,9,12,16,9,8,8,10,11,9,8,4,8,6,8,6,7,4,5,9,5,6,6,10,9,7,8,9,7,10,7,4,10,8,8,4,6,6,5,9,10,8,8,8,10,5,5,7,6,4,8,9,5,5,7,13,5,8,12,7,8,13,5,7,8,8,9,5,10,9,8,7,12,9,5,10,6,8,6,7,8,7,10,12,6,7,7,8,7,11,5,4,7,5,8,7,6,7,4,12,11,8,8,8,10,5,10,11,9,9,8,7,10,7,5,6,9,9,8,5,6,7,10,8,6,4,6,8,5,5,5,7,6,7,8,8,5,7,12,7,11,12,3,12,5,7,7,5,8,6,5,9,8,9,6,8,9,8,12,8,6,9,8,8,4,8,9,8,5,10,5,6,7,12,10,9,9,10,9,15,8,6,5,5,4,9,6,9,7,13,6,11,6,5,11,6,8,6,6,7,8,7,7,6,5,8,5,13,6,8,8,9,8,8,7,8,10,9,7,8,8,9,10,7,9,10,12,6,5,9,7,5,8,8,6,8,9,8,9,5,8,8,6,9,7,9,7,5,7,12,10,7,8,7,12,14,8,7,7,6,8,7,5,10,7,7,8,10,8,6,9,13,10,6,7,6,6,10,12,11,6,3,9,9,5,9,12,7,8,6,7,9,7,6,9,10,7,9,8,10,13,15,11,7,9,11,8,7,12,5,6,8,6,4,9,8,6,5,13,7,6,11,6,6,8,7,8,6,6,8,7,10,4,5,8,9,10,6,13,7,5,9,9,9,8,8,7,9,5,11,8,10,6,9,9,7,8,5,9,7,8,7,9,8,13,10,8,6,7,6,9,8,7,6,6,4,5,6,8,4,7,5,7,6,5,7,10,6,6,4,8,11,6,15,7,8,10,6,6,7,6,10,7,10,10,7,8,11,9,7,7,11,10,11,6,9,5,10,9,8,7,10,10,5,11,9,9,10,7,4,8,7,6,8,7,8,9,6,7,6,8,13,8,8,4,8,7,7,7,4,12,10,6,10,6,9,11,7,9,6,9,10,8,7,7,9,6,6,5,5,8,5,6,9,4,9,11,12,12,9,7,7,10,13,10,8,5,6,7,6,10,9,6,10,6,11,6,9,7,16,10,6,6,7,8,10,8,10,4,5,8,11,8,6,7,11,7,9,6,10,9,7,7,8,10,6,7,7,9,5,4,9,5,8,8,5,8,8,9,7,6,10,6,14,5,8,5,9,9,6,4,11,8,7,10,7,6,4,11,14,6,9,5,6,9,8,5,9,9,12,8,6,14,6,4,8,5,8,8,8,9,5,9,5,7,7,7,4,10,10,9,12,7,6,5,7,6,6,10,8,5,8,8,9,9,7,7,8,3,5,9,7,7,6,7,6,6,4,8,9,7,4,7,6,7,13,10,7,6,9,6,8,7,7,7,6,6,6
align-dinov2+500m-things+hyp-abl40cat-local-shuffled-42,4,7,11,8,5,8,9,7,8,6,11,10,6,9,7,8,10,14,9,6,10,8,9,6,7,7,7,9,11,7,9,7,9,5,7,7,10,8,7,10,6,8,5,8,9,6,7,6,10,6,6,4,9,10,8,7,7,4,5,19,10,4,9,7,9,9,7,7,5,8,9,5,7,10,10,8,5,7,7,4,7,10,7,9,5,11,5,5,8,8,12,7,10,9,9,8,10,8,6,9,9,8,7,10,11,6,10,9,9,9,10,8,10,7,7,9,8,8,9,10,8,7,7,4,15,11,8,7,8,5,8,11,8,9,10,9,9,6,10,4,5,7,8,8,6,9,7,7,6,8,15,6,4,8,7,8,4,8,5,6,8,8,5,5,9,7,6,8,6,7,5,6,10,7,6,7,9,9,7,5,6,9,10,6,11,6,7,7,7,5,8,4,9,6,9,10,8,8,10,6,10,4,5,5,13,4,5,7,7,9,9,4,6,8,7,6,4,6,6,9,7,4,10,5,11,7,9,8,6,7,15,7,5,8,8,9,6,6,7,5,9,6,7,11,8,13,6,12,6,9,8,8,7,8,7,5,7,9,9,7,7,9,10,7,5,10,8,9,8,5,8,7,8,7,6,8,6,10,6,7,9,5,9,7,8,5,7,6,5,9,10,5,7,10,7,5,10,6,11,6,6,6,11,5,9,10,8,8,5,9,11,8,9,6,6,5,10,8,9,9,9,13,9,5,8,7,6,9,6,7,7,3,6,10,9,7,9,8,8,10,8,8,8,9,8,12,7,7,6,8,10,7,8,12,6,4,5,6,9,8,8,6,5,7,4,7,10,6,6,7,10,8,8,3,4,6,8,5,6,10,4,6,9,7,8,7,6,11,8,10,16,8,12,7,4,6,6,7,11,13,7,10,11,9,7,7,6,8,6,6,7,8,4,6,6,9,7,10,10,8,9,10,8,5,7,10,8,4,8,8,8,7,10,8,5,6,9,5,5,9,10,10,8,6,6,9,12,9,11,5,9,10,9,10,7,9,8,11,7,7,7,5,8,7,7,11,7,6,7,8,9,7,8,8,7,11,5,4,9,7,7,5,10,5,6,8,8,7,7,5,10,7,10,11,4,6,9,5,9,8,11,8,6,9,5,10,13,7,8,9,9,6,5,6,10,8,10,8,8,11,8,6,6,9,9,9,10,5,10,5,5,10,7,9,8,10,8,6,10,8,6,11,10,7,7,7,5,7,8,8,7,9,12,16,9,8,8,10,11,9,8,4,8,6,8,6,7,4,5,9,5,6,6,10,9,7,8,9,7,10,7,4,10,8,8,4,6,6,5,9,10,8,8,8,10,5,5,7,6,4,8,9,5,5,7,13,5,8,12,7,8,13,5,7,8,8,9,5,10,9,8,7,12,9,5,10,6,8,6,7,8,7,10,12,6,7,7,8,7,11,5,4,7,5,8,7,6,7,4,12,11,8,8,8,10,5,10,11,9,9,8,7,10,7,5,6,9,9,8,5,6,7,10,8,6,4,6,8,5,5,5,7,6,7,8,8,5,7,12,7,11,12,3,12,5,7,7,5,8,6,5,9,8,9,6,8,9,8,12,8,6,9,8,8,4,8,9,8,5,10,5,6,7,12,10,9,9,10,9,15,8,6,5,5,4,9,6,9,7,13,6,11,6,5,11,6,8,6,6,7,8,7,7,6,5,8,5,13,6,8,8,9,8,8,7,8,10,9,7,8,8,9,10,7,9,10,12,6,5,9,7,5,8,8,6,8,9,8,9,5,8,8,6,9,7,9,7,5,7,12,10,7,8,7,12,14,8,7,7,6,8,7,5,10,7,7,8,10,8,6,9,13,10,6,7,6,6,10,12,11,6,3,9,9,5,9,12,7,8,6,7,9,7,6,9,10,7,9,8,10,13,15,11,7,9,11,8,7,12,5,6,8,6,4,9,8,6,5,13,7,6,11,6,6,8,7,8,6,6,8,7,10,4,5,8,9,10,6,13,7,5,9,9,9,8,8,7,9,5,11,8,10,6,9,9,7,8,5,9,7,8,7,9,8,13,10,8,6,7,6,9,8,7,6,6,4,5,6,8,4,7,5,7,6,5,7,10,6,6,4,8,11,6,15,7,8,10,6,6,7,6,10,7,10,10,7,8,11,9,7,7,11,10,11,6,9,5,10,9,8,7,10,10,5,11,9,9,10,7,4,8,7,6,8,7,8,9,6,7,6,8,13,8,8,4,8,7,7,7,4,12,10,6,10,6,9,11,7,9,6,9,10,8,7,7,9,6,6,5,5,8,5,6,9,4,9,11,12,12,9,7,7,10,13,10,8,5,6,7,6,10,9,6,10,6,11,6,9,7,16,10,6,6,7,8,10,8,10,4,5,8,11,8,6,7,11,7,9,6,10,9,7,7,8,10,6,7,7,9,5,4,9,5,8,8,5,8,8,9,7,6,10,6,14,5,8,5,9,9,6,4,11,8,7,10,7,6,4,11,14,6,9,5,6,9,8,5,9,9,12,8,6,14,6,4,8,5,8,8,8,9,5,9,5,7,7,7,4,10,10,9,12,7,6,5,7,6,6,10,8,5,8,8,9,9,7,7,8,3,5,9,7,7,6,7,6,6,4,8,9,7,4,7,6,7,13,10,7,6,9,6,8,7,7,7,6,6,6
align-dinov2+500m-things+hyp-abl40cat-local-shuffled-7,4,7,11,8,5,8,9,7,8,6,11,10,6,9,7,8,10,14,9,6,10,8,9,6,7,7,7,9,11,7,9,7,9,5,7,7,10,8,7,10,6,8,5,8,9,6,7,6,10,6,6,4,9,10,8,7,7,4,5,19,10,4,9,7,9,9,7,7,5,8,9,5,7,10,10,8,5,7,7,4,7,10,7,9,5,11,5,5,8,8,12,7,10,9,9,8,10,8,6,9,9,8,7,10,11,6,10,9,9,9,10,8,10,7,7,9,8,8,9,10,8,7,7,4,15,11,8,7,8,5,8,11,8,9,10,9,9,6,10,4,5,7,8,8,6,9,7,7,6,8,15,6,4,8,7,8,4,8,5,6,8,8,5,5,9,7,6,8,6,7,5,6,10,7,6,7,9,9,7,5,6,9,10,6,11,6,7,7,7,5,8,4,9,6,9,10,8,8,10,6,10,4,5,5,13,4,5,7,7,9,9,4,6,8,7,6,4,6,6,9,7,4,10,5,11,7,9,8,6,7,15,7,5,8,8,9,6,6,7,5,9,6,7,11,8,13,6,12,6,9,8,8,7,8,7,5,7,9,9,7,7,9,10,7,5,10,8,9,8,5,8,7,8,7,6,8,6,10,6,7,9,5,9,7,8,5,7,6,5,9,10,5,7,10,7,5,10,6,11,6,6,6,11,5,9,10,8,8,5,9,11,8,9,6,6,5,10,8,9,9,9,13,9,5,8,7,6,9,6,7,7,3,6,10,9,7,9,8,8,10,8,8,8,9,8,12,7,7,6,8,10,7,8,12,6,4,5,6,9,8,8,6,5,7,4,7,10,6,6,7,10,8,8,3,4,6,8,5,6,10,4,6,9,7,8,7,6,11,8,10,16,8,12,7,4,6,6,7,11,13,7,10,11,9,7,7,6,8,6,6,7,8,4,6,6,9,7,10,10,8,9,10,8,5,7,10,8,4,8,8,8,7,10,8,5,6,9,5,5,9,10,10,8,6,6,9,12,9,11,5,9,10,9,10,7,9,8,11,7,7,7,5,8,7,7,11,7,6,7,8,9,7,8,8,7,11,5,4,9,7,7,5,10,5,6,8,8,7,7,5,10,7,10,11,4,6,9,5,9,8,11,8,6,9,5,10,13,7,8,9,9,6,5,6,10,8,10,8,8,11,8,6,6,9,9,9,10,5,10,5,5,10,7,9,8,10,8,6,10,8,6,11,10,7,7,7,5,7,8,8,7,9,12,16,9,8,8,10,11,9,8,4,8,6,8,6,7,4,5,9,5,6,6,10,9,7,8,9,7,10,7,4,10,8,8,4,6,6,5,9,10,8,8,8,10,5,5,7,6,4,8,9,5,5,7,13,5,8,12,7,8,13,5,7,8,8,9,5,10,9,8,7,12,9,5,10,6,8,6,7,8,7,10,12,6,7,7,8,7,11,5,4,7,5,8,7,6,7,4,12,11,8,8,8,10,5,10,11,9,9,8,7,10,7,5,6,9,9,8,5,6,7,10,8,6,4,6,8,5,5,5,7,6,7,8,8,5,7,12,7,11,12,3,12,5,7,7,5,8,6,5,9,8,9,6,8,9,8,12,8,6,9,8,8,4,8,9,8,5,10,5,6,7,12,10,9,9,10,9,15,8,6,5,5,4,9,6,9,7,13,6,11,6,5,11,6,8,6,6,7,8,7,7,6,5,8,5,13,6,8,8,9,8,8,7,8,10,9,7,8,8,9,10,7,9,10,12,6,5,9,7,5,8,8,6,8,9,8,9,5,8,8,6,9,7,9,7,5,7,12,10,7,8,7,12,14,8,7,7,6,8,7,5,10,7,7,8,10,8,6,9,13,10,6,7,6,6,10,12,11,6,3,9,9,5,9,12,7,8,6,7,9,7,6,9,10,7,9,8,10,13,15,11,7,9,11,8,7,12,5,6,8,6,4,9,8,6,5,13,7,6,11,6,6,8,7,8,6,6,8,7,10,4,5,8,9,10,6,13,7,5,9,9,9,8,8,7,9,5,11,8,10,6,9,9,7,8,5,9,7,8,7,9,8,13,10,8,6,7,6,9,8,7,6,6,4,5,6,8,4,7,5,7,6,5,7,10,6,6,4,8,11,6,15,7,8,10,6,6,7,6,10,7,10,10,7,8,11,9,7,7,11,10,11,6,9,5,10,9,8,7,10,10,5,11,9,9,10,7,4,8,7,6,8,7,8,9,6,7,6,8,13,8,8,4,8,7,7,7,4,12,10,6,10,6,9,11,7,9,6,9,10,8,7,7,9,6,6,5,5,8,5,6,9,4,9,11,12,12,9,7,7,10,13,10,8,5,6,7,6,10,9,6,10,6,11,6,9,7,16,10,6,6,7,8,10,8,10,4,5,8,11,8,6,7,11,7,9,6,10,9,7,7,8,10,6,7,7,9,5,4,9,5,8,8,5,8,8,9,7,6,10,6,14,5,8,5,9,9,6,4,11,8,7,10,7,6,4,11,14,6,9,5,6,9,8,5,9,9,12,8,6,14,6,4,8,5,8,8,8,9,5,9,5,7,7,7,4,10,10,9,12,7,6,5,7,6,6,10,8,5,8,8,9,9,7,7,8,3,5,9,7,7,6,7,6,6,4,8,9,7,4,7,6,7,13,10,7,6,9,6,8,7,7,7,6,6,6
align-dinov2+500m-things+hyp-abl40cat-shuffled-218,10,7,9,9,7,8,4,4,8,5,7,7,9,7,9,7,8,11,6,8,4,5,6,11,9,9,7,7,4,11,9,11,8,7,9,6,6,7,8,5,6,11,7,8,6,10,9,5,9,11,6,6,3,8,6,9,4,10,6,23,7,6,8,6,12,7,7,9,11,8,6,8,7,6,11,7,10,8,11,4,8,6,11,4,4,5,10,9,9,5,5,8,8,8,5,7,11,7,6,9,11,8,6,13,6,7,6,7,10,4,6,8,8,8,8,9,6,7,7,8,9,6,13,6,11,4,9,8,12,11,5,5,7,5,8,8,7,7,9,11,9,9,9,6,5,6,6,5,5,9,13,7,6,12,7,11,6,8,7,11,8,9,7,10,12,6,8,6,10,9,12,6,8,6,3,6,6,12,9,7,7,6,8,6,10,9,11,8,8,9,4,7,7,7,8,7,4,7,5,6,7,9,5,10,11,5,7,10,6,8,6,7,9,8,10,14,9,5,7,7,5,6,7,7,7,9,4,8,9,8,7,8,5,6,9,6,8,7,5,7,6,7,12,11,11,5,8,10,7,8,7,4,7,5,8,7,7,8,6,8,9,9,8,7,9,7,8,6,12,9,7,7,5,7,12,6,6,5,8,7,10,9,8,12,7,9,7,11,7,4,6,7,7,6,7,7,4,11,9,9,7,7,7,8,7,5,7,7,6,10,5,9,8,6,12,11,4,6,9,5,7,8,8,10,8,8,12,5,10,8,7,8,10,11,7,5,9,5,8,9,7,10,9,8,7,5,7,5,8,6,8,10,9,8,10,8,4,5,11,8,10,7,7,10,5,10,8,9,5,5,11,8,5,8,10,7,7,7,8,9,6,7,14,8,12,3,12,6,6,7,13,5,16,10,7,10,7,8,6,5,8,9,8,10,5,4,9,4,9,5,8,6,4,8,8,12,6,7,6,4,7,5,11,8,10,10,5,9,10,12,6,7,7,6,5,10,10,8,9,7,7,6,4,12,6,9,7,8,8,11,4,5,7,7,5,7,4,8,9,11,8,4,8,10,5,9,7,9,5,7,10,8,6,11,10,11,5,6,8,8,5,8,10,11,5,9,10,10,8,8,5,9,8,3,8,8,4,8,7,10,7,8,10,6,12,9,4,7,6,7,7,11,5,3,13,7,6,7,6,7,10,9,5,8,6,4,6,11,7,9,9,8,9,13,9,10,6,5,10,5,8,6,8,13,7,5,6,5,3,9,8,10,11,15,9,7,13,7,8,8,4,12,7,8,8,8,4,10,8,5,10,6,7,7,9,5,9,6,11,10,10,6,8,11,8,7,14,6,10,8,12,5,5,7,5,8,8,11,10,5,10,7,9,7,6,6,12,6,5,7,11,10,5,3,9,7,9,14,14,3,8,7,11,5,12,7,5,5,10,9,6,12,5,5,10,6,7,6,5,6,14,11,6,7,7,10,6,8,4,6,9,7,8,5,5,7,9,12,8,9,8,9,10,7,7,6,8,9,8,7,10,6,6,5,10,10,5,5,8,9,8,9,7,7,10,8,8,7,7,6,9,9,7,14,7,6,9,11,9,10,5,8,9,9,8,7,8,6,10,7,11,4,4,8,7,13,7,4,8,10,7,6,9,7,7,6,8,8,8,5,8,9,7,5,10,6,10,8,5,8,8,6,6,7,7,8,8,6,9,5,5,5,6,7,6,10,10,11,11,8,8,6,10,10,11,9,9,5,11,7,10,5,9,5,5,7,7,3,4,10,6,7,8,9,10,8,11,11,10,7,10,10,6,8,6,8,7,8,5,7,10,7,5,6,10,8,11,6,9,9,13,8,6,6,5,6,8,10,6,6,6,6,6,8,11,9,11,6,5,9,7,8,10,9,10,5,8,6,7,5,8,4,7,7,7,7,9,10,9,7,9,10,6,8,9,7,9,8,9,8,7,6,6,6,5,12,5,7,7,9,6,5,8,9,13,9,7,9,5,6,9,6,5,12,6,12,6,8,8,6,9,6,8,5,10,6,10,10,9,4,7,10,7,8,8,6,10,8,5,9,5,7,5,8,6,4,13,7,5,5,14,6,8,11,6,4,10,8,9,10,7,11,7,5,4,4,10,8,6,9,8,5,11,9,11,8,9,8,11,8,10,4,4,7,9,5,6,7,10,6,5,8,6,9,5,7,6,8,7,7,7,9,5,5,6,8,6,7,9,5,11,8,10,7,9,10,6,6,8,4,9,6,7,7,8,6,8,6,9,8,10,10,10,6,4,8,5,7,8,6,7,7,10,7,9,7,8,7,4,10,9,10,7,10,8,7,8,9,5,7,6,7,8,8,7,11,6,9,10,8,8,7,7,5,6,9,7,9,9,8,10,8,7,8,8,8,8,8,8,4,11,6,7,7,7,6,8,8,7,4,6,10,10,4,6,5,5,10,9,9,5,9,6,10,4,11,5,8,7,10,7,14,11,8,11,8,6,12,13,8,12,9,6,4,9,6,13,7,11,8,9,9,7,6,10,9,15,10,7,6,9,9,9,11,11,7,6,11,5,11,5,5,6,8,6,7,10,12,8,6,5,10,6,10,6,6,7,7,8,6,9,8,7,8,10,4,8,5,4,5,7,13,6,9,11,9,9,9,11,6,10,7,8,7,5,8,6,6,10,7,6,5,6,8,8,8,12,8
align-dinov2+500m-things+hyp-abl40cat-shuffled-42,10,7,9,9,7,8,4,4,8,5,7,7,9,7,9,7,8,11,6,8,4,5,6,11,9,9,7,7,4,11,9,11,8,7,9,6,6,7,8,5,6,11,7,8,6,10,9,5,9,11,6,6,3,8,6,9,4,10,6,23,7,6,8,6,12,7,7,9,11,8,6,8,7,6,11,7,10,8,11,4,8,6,11,4,4,5,10,9,9,5,5,8,8,8,5,7,11,7,6,9,11,8,6,13,6,7,6,7,10,4,6,8,8,8,8,9,6,7,7,8,9,6,13,6,11,4,9,8,12,11,5,5,7,5,8,8,7,7,9,11,9,9,9,6,5,6,6,5,5,9,13,7,6,12,7,11,6,8,7,11,8,9,7,10,12,6,8,6,10,9,12,6,8,6,3,6,6,12,9,7,7,6,8,6,10,9,11,8,8,9,4,7,7,7,8,7,4,7,5,6,7,9,5,10,11,5,7,10,6,8,6,7,9,8,10,14,9,5,7,7,5,6,7,7,7,9,4,8,9,8,7,8,5,6,9,6,8,7,5,7,6,7,12,11,11,5,8,10,7,8,7,4,7,5,8,7,7,8,6,8,9,9,8,7,9,7,8,6,12,9,7,7,5,7,12,6,6,5,8,7,10,9,8,12,7,9,7,11,7,4,6,7,7,6,7,7,4,11,9,9,7,7,7,8,7,5,7,7,6,10,5,9,8,6,12,11,4,6,9,5,7,8,8,10,8,8,12,5,10,8,7,8,10,11,7,5,9,5,8,9,7,10,9,8,7,5,7,5,8,6,8,10,9,8,10,8,4,5,11,8,10,7,7,10,5,10,8,9,5,5,11,8,5,8,10,7,7,7,8,9,6,7,14,8,12,3,12,6,6,7,13,5,16,10,7,10,7,8,6,5,8,9,8,10,5,4,9,4,9,5,8,6,4,8,8,12,6,7,6,4,7,5,11,8,10,10,5,9,10,12,6,7,7,6,5,10,10,8,9,7,7,6,4,12,6,9,7,8,8,11,4,5,7,7,5,7,4,8,9,11,8,4,8,10,5,9,7,9,5,7,10,8,6,11,10,11,5,6,8,8,5,8,10,11,5,9,10,10,8,8,5,9,8,3,8,8,4,8,7,10,7,8,10,6,12,9,4,7,6,7,7,11,5,3,13,7,6,7,6,7,10,9,5,8,6,4,6,11,7,9,9,8,9,13,9,10,6,5,10,5,8,6,8,13,7,5,6,5,3,9,8,10,11,15,9,7,13,7,8,8,4,12,7,8,8,8,4,10,8,5,10,6,7,7,9,5,9,6,11,10,10,6,8,11,8,7,14,6,10,8,12,5,5,7,5,8,8,11,10,5,10,7,9,7,6,6,12,6,5,7,11,10,5,3,9,7,9,14,14,3,8,7,11,5,12,7,5,5,10,9,6,12,5,5,10,6,7,6,5,6,14,11,6,7,7,10,6,8,4,6,9,7,8,5,5,7,9,12,8,9,8,9,10,7,7,6,8,9,8,7,10,6,6,5,10,10,5,5,8,9,8,9,7,7,10,8,8,7,7,6,9,9,7,14,7,6,9,11,9,10,5,8,9,9,8,7,8,6,10,7,11,4,4,8,7,13,7,4,8,10,7,6,9,7,7,6,8,8,8,5,8,9,7,5,10,6,10,8,5,8,8,6,6,7,7,8,8,6,9,5,5,5,6,7,6,10,10,11,11,8,8,6,10,10,11,9,9,5,11,7,10,5,9,5,5,7,7,3,4,10,6,7,8,9,10,8,11,11,10,7,10,10,6,8,6,8,7,8,5,7,10,7,5,6,10,8,11,6,9,9,13,8,6,6,5,6,8,10,6,6,6,6,6,8,11,9,11,6,5,9,7,8,10,9,10,5,8,6,7,5,8,4,7,7,7,7,9,10,9,7,9,10,6,8,9,7,9,8,9,8,7,6,6,6,5,12,5,7,7,9,6,5,8,9,13,9,7,9,5,6,9,6,5,12,6,12,6,8,8,6,9,6,8,5,10,6,10,10,9,4,7,10,7,8,8,6,10,8,5,9,5,7,5,8,6,4,13,7,5,5,14,6,8,11,6,4,10,8,9,10,7,11,7,5,4,4,10,8,6,9,8,5,11,9,11,8,9,8,11,8,10,4,4,7,9,5,6,7,10,6,5,8,6,9,5,7,6,8,7,7,7,9,5,5,6,8,6,7,9,5,11,8,10,7,9,10,6,6,8,4,9,6,7,7,8,6,8,6,9,8,10,10,10,6,4,8,5,7,8,6,7,7,10,7,9,7,8,7,4,10,9,10,7,10,8,7,8,9,5,7,6,7,8,8,7,11,6,9,10,8,8,7,7,5,6,9,7,9,9,8,10,8,7,8,8,8,8,8,8,4,11,6,7,7,7,6,8,8,7,4,6,10,10,4,6,5,5,10,9,9,5,9,6,10,4,11,5,8,7,10,7,14,11,8,11,8,6,12,13,8,12,9,6,4,9,6,13,7,11,8,9,9,7,6,10,9,15,10,7,6,9,9,9,11,11,7,6,11,5,11,5,5,6,8,6,7,10,12,8,6,5,10,6,10,6,6,7,7,8,6,9,8,7,8,10,4,8,5,4,5,7,13,6,9,11,9,9,9,11,6,10,7,8,7,5,8,6,6,10,7,6,5,6,8,8,8,12,8
align-dinov2+500m-things+hyp-abl40cat-shuffled-7,10,7,9,9,7,8,4,4,8,5,7,7,9,7,9,7,8,11,6,8,4,5,6,11,9,9,7,7,4,11,9,11,8,7,9,6,6,7,8,5,6,11,7,8,6,10,9,5,9,11,6,6,3,8,6,9,4,10,6,23,7,6,8,6,12,7,7,9,11,8,6,8,7,6,11,7,10,8,11,4,8,6,11,4,4,5,10,9,9,5,5,8,8,8,5,7,11,7,6,9,11,8,6,13,6,7,6,7,10,4,6,8,8,8,8,9,6,7,7,8,9,6,13,6,11,4,9,8,12,11,5,5,7,5,8,8,7,7,9,11,9,9,9,6,5,6,6,5,5,9,13,7,6,12,7,11,6,8,7,11,8,9,7,10,12,6,8,6,10,9,12,6,8,6,3,6,6,12,9,7,7,6,8,6,10,9,11,8,8,9,4,7,7,7,8,7,4,7,5,6,7,9,5,10,11,5,7,10,6,8,6,7,9,8,10,14,9,5,7,7,5,6,7,7,7,9,4,8,9,8,7,8,5,6,9,6,8,7,5,7,6,7,12,11,11,5,8,10,7,8,7,4,7,5,8,7,7,8,6,8,9,9,8,7,9,7,8,6,12,9,7,7,5,7,12,6,6,5,8,7,10,9,8,12,7,9,7,11,7,4,6,7,7,6,7,7,4,11,9,9,7,7,7,8,7,5,7,7,6,10,5,9,8,6,12,11,4,6,9,5,7,8,8,10,8,8,12,5,10,8,7,8,10,11,7,5,9,5,8,9,7,10,9,8,7,5,7,5,8,6,8,10,9,8,10,8,4,5,11,8,10,7,7,10,5,10,8,9,5,5,11,8,5,8,10,7,7,7,8,9,6,7,14,8,12,3,12,6,6,7,13,5,16,10,7,10,7,8,6,5,8,9,8,10,5,4,9,4,9,5,8,6,4,8,8,12,6,7,6,4,7,5,11,8,10,10,5,9,10,12,6,7,7,6,5,10,10,8,9,7,7,6,4,12,6,9,7,8,8,11,4,5,7,7,5,7,4,8,9,11,8,4,8,10,5,9,7,9,5,7,10,8,6,11,10,11,5,6,8,8,5,8,10,11,5,9,10,10,8,8,5,9,8,3,8,8,4,8,7,10,7,8,10,6,12,9,4,7,6,7,7,11,5,3,13,7,6,7,6,7,10,9,5,8,6,4,6,11,7,9,9,8,9,13,9,10,6,5,10,5,8,6,8,13,7,5,6,5,3,9,8,10,11,15,9,7,13,7,8,8,4,12,7,8,8,8,4,10,8,5,10,6,7,7,9,5,9,6,11,10,10,6,8,11,8,7,14,6,10,8,12,5,5,7,5,8,8,11,10,5,10,7,9,7,6,6,12,6,5,7,11,10,5,3,9,7,9,14,14,3,8,7,11,5,12,7,5,5,10,9,6,12,5,5,10,6,7,6,5,6,14,11,6,7,7,10,6,8,4,6,9,7,8,5,5,7,9,12,8,9,8,9,10,7,7,6,8,9,8,7,10,6,6,5,10,10,5,5,8,9,8,9,7,7,10,8,8,7,7,6,9,9,7,14,7,6,9,11,9,10,5,8,9,9,8,7,8,6,10,7,11,4,4,8,7,13,7,4,8,10,7,6,9,7,7,6,8,8,8,5,8,9,7,5,10,6,10,8,5,8,8,6,6,7,7,8,8,6,9,5,5,5,6,7,6,10,10,11,11,8,8,6,10,10,11,9,9,5,11,7,10,5,9,5,5,7,7,3,4,10,6,7,8,9,10,8,11,11,10,7,10,10,6,8,6,8,7,8,5,7,10,7,5,6,10,8,11,6,9,9,13,8,6,6,5,6,8,10,6,6,6,6,6,8,11,9,11,6,5,9,7,8,10,9,10,5,8,6,7,5,8,4,7,7,7,7,9,10,9,7,9,10,6,8,9,7,9,8,9,8,7,6,6,6,5,12,5,7,7,9,6,5,8,9,13,9,7,9,5,6,9,6,5,12,6,12,6,8,8,6,9,6,8,5,10,6,10,10,9,4,7,10,7,8,8,6,10,8,5,9,5,7,5,8,6,4,13,7,5,5,14,6,8,11,6,4,10,8,9,10,7,11,7,5,4,4,10,8,6,9,8,5,11,9,11,8,9,8,11,8,10,4,4,7,9,5,6,7,10,6,5,8,6,9,5,7,6,8,7,7,7,9,5,5,6,8,6,7,9,5,11,8,10,7,9,10,6,6,8,4,9,6,7,7,8,6,8,6,9,8,10,10,10,6,4,8,5,7,8,6,7,7,10,7,9,7,8,7,4,10,9,10,7,10,8,7,8,9,5,7,6,7,8,8,7,11,6,9,10,8,8,7,7,5,6,9,7,9,9,8,10,8,7,8,8,8,8,8,8,4,11,6,7,7,7,6,8,8,7,4,6,10,10,4,6,5,5,10,9,9,5,9,6,10,4,11,5,8,7,10,7,14,11,8,11,8,6,12,13,8,12,9,6,4,9,6,13,7,11,8,9,9,7,6,10,9,15,10,7,6,9,9,9,11,11,7,6,11,5,11,5,5,6,8,6,7,10,12,8,6,5,10,6,10,6,6,7,7,8,6,9,8,7,8,10,4,8,5,4,5,7,13,6,9,11,9,9,9,11,6,10,7,8,7,5,8,6,6,10,7,6,5,6,8,8,8,12,8
align-dinov2+500m-things+hyp-abl50-218,9,8,6,9,7,5,9,10,3,6,8,6,4,8,8,5,6,5,9,6,6,8,7,8,4,12,6,7,5,7,11,8,10,10,4,13,8,9,8,12,8,6,4,6,7,8,7,10,8,8,7,8,10,9,8,6,8,11,9,25,7,9,8,7,8,10,8,9,10,9,9,12,8,10,6,11,11,8,7,7,5,14,7,8,8,9,8,5,6,14,12,7,8,5,6,7,7,7,7,4,9,6,10,7,8,7,11,9,10,6,13,10,3,6,4,10,5,7,8,8,6,9,6,10,16,11,6,7,8,5,8,6,6,8,7,12,11,5,10,9,5,8,8,10,4,7,5,4,6,5,16,10,6,8,3,7,10,4,6,8,8,7,8,7,6,10,10,8,8,9,8,5,7,10,7,8,4,12,9,7,10,10,7,10,6,7,7,7,7,10,5,9,8,7,6,9,11,8,9,8,8,6,5,7,9,7,9,7,6,7,5,7,6,8,7,7,4,5,9,7,9,5,10,8,8,13,9,10,6,6,11,4,9,7,8,6,7,7,7,5,8,7,5,10,9,8,6,5,10,5,12,11,6,7,5,7,5,8,11,8,9,7,8,6,6,6,10,6,12,5,11,7,15,11,8,9,11,10,14,10,7,8,6,8,8,6,7,7,10,11,7,9,4,7,5,5,4,7,5,9,8,8,12,10,7,8,10,7,10,13,8,11,9,5,8,7,7,7,9,7,6,8,9,8,8,7,9,6,6,9,6,6,8,7,10,11,8,14,11,9,12,7,13,10,7,8,6,7,7,11,8,4,7,6,6,7,9,8,9,8,9,9,8,8,8,9,6,8,8,10,5,8,6,7,6,8,7,8,7,7,5,4,7,7,7,6,10,7,5,5,17,5,8,10,8,4,7,6,7,11,6,7,8,6,3,8,6,9,9,12,4,9,5,8,6,6,4,5,7,10,6,9,6,6,13,5,5,11,6,7,8,5,8,5,10,4,4,6,16,5,8,5,6,11,13,6,5,5,10,10,6,10,9,8,11,9,7,7,9,7,10,5,3,9,5,7,11,5,8,6,8,10,5,10,5,8,6,8,5,8,11,3,3,7,5,11,10,10,7,8,7,10,6,10,8,4,11,10,5,7,6,7,9,9,4,6,5,9,6,6,10,11,7,10,10,8,9,8,10,6,6,4,6,8,12,5,10,11,9,7,6,5,6,8,10,10,3,13,7,11,5,6,9,5,7,7,9,7,7,11,8,7,9,14,11,8,10,9,6,10,6,6,6,8,6,11,8,8,11,5,8,10,6,10,7,9,5,9,9,7,8,6,14,11,6,4,7,11,7,6,10,7,5,7,9,15,6,6,10,8,11,7,8,7,6,10,8,10,9,10,8,6,13,9,11,7,8,8,3,6,7,7,6,6,9,6,9,7,8,7,6,11,10,4,6,9,6,10,11,4,7,8,12,8,5,8,7,8,6,7,9,6,7,7,6,4,8,8,10,6,6,7,9,6,11,7,11,7,10,9,5,7,8,9,9,7,5,15,4,7,7,5,6,5,6,6,7,8,8,6,9,10,9,8,12,8,9,5,12,13,7,6,11,5,12,7,8,5,9,6,8,5,6,5,9,7,9,12,8,4,10,11,6,4,4,9,6,6,8,8,4,5,8,8,13,9,7,6,5,6,11,11,6,11,9,6,6,7,6,5,7,10,9,7,10,8,4,8,11,6,6,6,7,10,5,7,8,6,8,4,10,10,9,6,8,5,5,4,9,15,8,6,7,7,9,10,5,7,10,10,4,5,7,9,7,6,9,8,6,11,6,6,6,6,11,13,8,12,8,8,6,6,7,7,11,10,6,7,7,5,6,9,7,8,5,9,9,6,7,9,9,3,5,11,9,8,6,8,5,7,8,9,8,6,5,7,10,7,13,5,7,11,8,9,7,7,5,11,10,6,8,7,10,11,7,6,7,8,10,7,7,9,3,7,10,11,12,7,8,12,6,8,5,6,7,9,6,6,6,9,6,5,7,3,9,11,8,10,7,8,5,8,4,4,10,12,4,6,7,9,8,10,4,8,10,5,7,7,6,6,7,4,5,9,7,8,10,7,6,11,4,9,10,6,6,9,10,5,9,4,8,8,8,6,8,8,7,14,5,12,8,5,9,8,4,8,11,8,9,7,8,8,9,4,7,8,4,5,7,7,8,4,8,8,9,9,10,5,6,8,9,3,7,7,5,4,10,6,11,7,5,7,5,7,7,9,6,6,7,8,7,6,8,8,9,6,8,7,4,6,9,6,8,8,9,8,5,6,6,7,12,5,7,6,9,7,5,7,5,9,8,5,7,8,7,4,6,11,6,11,7,8,9,8,12,8,10,5,10,12,9,6,9,6,8,10,8,13,5,5,11,8,4,9,11,8,9,12,9,10,7,3,10,7,6,8,8,9,10,11,7,10,5,7,8,8,9,8,9,9,5,7,8,9,8,8,10,7,5,9,7,8,5,12,12,8,7,6,5,8,6,9,6,8,4,9,5,8,12,12,9,6,7,6,5,7,9,5,7,8,4,7,4,12,6,12,6,7,8,7,7,7,5,7,7,9,8,13,6,7,12,7,13,8,8,6,6,5,6,9,9,10,10,10,7,10,9,12,6,7,10,7,6,8,13,8,7,7,5,8,11,8,8,6,9,11,10,10
align-dinov2+500m-things+hyp-abl50-218-random,9,8,6,9,7,5,9,10,3,6,8,6,4,8,8,5,6,5,9,6,6,8,7,8,4,12,6,7,5,7,11,8,10,10,4,13,8,9,8,12,8,6,4,6,7,8,7,10,8,8,7,8,10,9,8,6,8,11,9,25,7,9,8,7,8,10,8,9,10,9,9,12,8,10,6,11,11,8,7,7,5,14,7,8,8,9,8,5,6,14,12,7,8,5,6,7,7,7,7,4,9,6,10,7,8,7,11,9,10,6,13,10,3,6,4,10,5,7,8,8,6,9,6,10,16,11,6,7,8,5,8,6,6,8,7,12,11,5,10,9,5,8,8,10,4,7,5,4,6,5,16,10,6,8,3,7,10,4,6,8,8,7,8,7,6,10,10,8,8,9,8,5,7,10,7,8,4,12,9,7,10,10,7,10,6,7,7,7,7,10,5,9,8,7,6,9,11,8,9,8,8,6,5,7,9,7,9,7,6,7,5,7,6,8,7,7,4,5,9,7,9,5,10,8,8,13,9,10,6,6,11,4,9,7,8,6,7,7,7,5,8,7,5,10,9,8,6,5,10,5,12,11,6,7,5,7,5,8,11,8,9,7,8,6,6,6,10,6,12,5,11,7,15,11,8,9,11,10,14,10,7,8,6,8,8,6,7,7,10,11,7,9,4,7,5,5,4,7,5,9,8,8,12,10,7,8,10,7,10,13,8,11,9,5,8,7,7,7,9,7,6,8,9,8,8,7,9,6,6,9,6,6,8,7,10,11,8,14,11,9,12,7,13,10,7,8,6,7,7,11,8,4,7,6,6,7,9,8,9,8,9,9,8,8,8,9,6,8,8,10,5,8,6,7,6,8,7,8,7,7,5,4,7,7,7,6,10,7,5,5,17,5,8,10,8,4,7,6,7,11,6,7,8,6,3,8,6,9,9,12,4,9,5,8,6,6,4,5,7,10,6,9,6,6,13,5,5,11,6,7,8,5,8,5,10,4,4,6,16,5,8,5,6,11,13,6,5,5,10,10,6,10,9,8,11,9,7,7,9,7,10,5,3,9,5,7,11,5,8,6,8,10,5,10,5,8,6,8,5,8,11,3,3,7,5,11,10,10,7,8,7,10,6,10,8,4,11,10,5,7,6,7,9,9,4,6,5,9,6,6,10,11,7,10,10,8,9,8,10,6,6,4,6,8,12,5,10,11,9,7,6,5,6,8,10,10,3,13,7,11,5,6,9,5,7,7,9,7,7,11,8,7,9,14,11,8,10,9,6,10,6,6,6,8,6,11,8,8,11,5,8,10,6,10,7,9,5,9,9,7,8,6,14,11,6,4,7,11,7,6,10,7,5,7,9,15,6,6,10,8,11,7,8,7,6,10,8,10,9,10,8,6,13,9,11,7,8,8,3,6,7,7,6,6,9,6,9,7,8,7,6,11,10,4,6,9,6,10,11,4,7,8,12,8,5,8,7,8,6,7,9,6,7,7,6,4,8,8,10,6,6,7,9,6,11,7,11,7,10,9,5,7,8,9,9,7,5,15,4,7,7,5,6,5,6,6,7,8,8,6,9,10,9,8,12,8,9,5,12,13,7,6,11,5,12,7,8,5,9,6,8,5,6,5,9,7,9,12,8,4,10,11,6,4,4,9,6,6,8,8,4,5,8,8,13,9,7,6,5,6,11,11,6,11,9,6,6,7,6,5,7,10,9,7,10,8,4,8,11,6,6,6,7,10,5,7,8,6,8,4,10,10,9,6,8,5,5,4,9,15,8,6,7,7,9,10,5,7,10,10,4,5,7,9,7,6,9,8,6,11,6,6,6,6,11,13,8,12,8,8,6,6,7,7,11,10,6,7,7,5,6,9,7,8,5,9,9,6,7,9,9,3,5,11,9,8,6,8,5,7,8,9,8,6,5,7,10,7,13,5,7,11,8,9,7,7,5,11,10,6,8,7,10,11,7,6,7,8,10,7,7,9,3,7,10,11,12,7,8,12,6,8,5,6,7,9,6,6,6,9,6,5,7,3,9,11,8,10,7,8,5,8,4,4,10,12,4,6,7,9,8,10,4,8,10,5,7,7,6,6,7,4,5,9,7,8,10,7,6,11,4,9,10,6,6,9,10,5,9,4,8,8,8,6,8,8,7,14,5,12,8,5,9,8,4,8,11,8,9,7,8,8,9,4,7,8,4,5,7,7,8,4,8,8,9,9,10,5,6,8,9,3,7,7,5,4,10,6,11,7,5,7,5,7,7,9,6,6,7,8,7,6,8,8,9,6,8,7,4,6,9,6,8,8,9,8,5,6,6,7,12,5,7,6,9,7,5,7,5,9,8,5,7,8,7,4,6,11,6,11,7,8,9,8,12,8,10,5,10,12,9,6,9,6,8,10,8,13,5,5,11,8,4,9,11,8,9,12,9,10,7,3,10,7,6,8,8,9,10,11,7,10,5,7,8,8,9,8,9,9,5,7,8,9,8,8,10,7,5,9,7,8,5,12,12,8,7,6,5,8,6,9,6,8,4,9,5,8,12,12,9,6,7,6,5,7,9,5,7,8,4,7,4,12,6,12,6,7,8,7,7,7,5,7,7,9,8,13,6,7,12,7,13,8,8,6,6,5,6,9,9,10,10,10,7,10,9,12,6,7,10,7,6,8,13,8,7,7,5,8,11,8,8,6,9,11,10,10
align-dinov2+500m-things+hyp-abl50-42,9,8,6,9,7,5,9,10,3,6,8,6,4,8,8,5,6,5,9,6,6,8,7,8,4,12,6,7,5,7,11,8,10,10,4,13,8,9,8,12,8,6,4,6,7,8,7,10,8,8,7,8,10,9,8,6,8,11,9,25,7,9,8,7,8,10,8,9,10,9,9,12,8,10,6,11,11,8,7,7,5,14,7,8,8,9,8,5,6,14,12,7,8,5,6,7,7,7,7,4,9,6,10,7,8,7,11,9,10,6,13,10,3,6,4,10,5,7,8,8,6,9,6,10,16,11,6,7,8,5,8,6,6,8,7,12,11,5,10,9,5,8,8,10,4,7,5,4,6,5,16,10,6,8,3,7,10,4,6,8,8,7,8,7,6,10,10,8,8,9,8,5,7,10,7,8,4,12,9,7,10,10,7,10,6,7,7,7,7,10,5,9,8,7,6,9,11,8,9,8,8,6,5,7,9,7,9,7,6,7,5,7,6,8,7,7,4,5,9,7,9,5,10,8,8,13,9,10,6,6,11,4,9,7,8,6,7,7,7,5,8,7,5,10,9,8,6,5,10,5,12,11,6,7,5,7,5,8,11,8,9,7,8,6,6,6,10,6,12,5,11,7,15,11,8,9,11,10,14,10,7,8,6,8,8,6,7,7,10,11,7,9,4,7,5,5,4,7,5,9,8,8,12,10,7,8,10,7,10,13,8,11,9,5,8,7,7,7,9,7,6,8,9,8,8,7,9,6,6,9,6,6,8,7,10,11,8,14,11,9,12,7,13,10,7,8,6,7,7,11,8,4,7,6,6,7,9,8,9,8,9,9,8,8,8,9,6,8,8,10,5,8,6,7,6,8,7,8,7,7,5,4,7,7,7,6,10,7,5,5,17,5,8,10,8,4,7,6,7,11,6,7,8,6,3,8,6,9,9,12,4,9,5,8,6,6,4,5,7,10,6,9,6,6,13,5,5,11,6,7,8,5,8,5,10,4,4,6,16,5,8,5,6,11,13,6,5,5,10,10,6,10,9,8,11,9,7,7,9,7,10,5,3,9,5,7,11,5,8,6,8,10,5,10,5,8,6,8,5,8,11,3,3,7,5,11,10,10,7,8,7,10,6,10,8,4,11,10,5,7,6,7,9,9,4,6,5,9,6,6,10,11,7,10,10,8,9,8,10,6,6,4,6,8,12,5,10,11,9,7,6,5,6,8,10,10,3,13,7,11,5,6,9,5,7,7,9,7,7,11,8,7,9,14,11,8,10,9,6,10,6,6,6,8,6,11,8,8,11,5,8,10,6,10,7,9,5,9,9,7,8,6,14,11,6,4,7,11,7,6,10,7,5,7,9,15,6,6,10,8,11,7,8,7,6,10,8,10,9,10,8,6,13,9,11,7,8,8,3,6,7,7,6,6,9,6,9,7,8,7,6,11,10,4,6,9,6,10,11,4,7,8,12,8,5,8,7,8,6,7,9,6,7,7,6,4,8,8,10,6,6,7,9,6,11,7,11,7,10,9,5,7,8,9,9,7,5,15,4,7,7,5,6,5,6,6,7,8,8,6,9,10,9,8,12,8,9,5,12,13,7,6,11,5,12,7,8,5,9,6,8,5,6,5,9,7,9,12,8,4,10,11,6,4,4,9,6,6,8,8,4,5,8,8,13,9,7,6,5,6,11,11,6,11,9,6,6,7,6,5,7,10,9,7,10,8,4,8,11,6,6,6,7,10,5,7,8,6,8,4,10,10,9,6,8,5,5,4,9,15,8,6,7,7,9,10,5,7,10,10,4,5,7,9,7,6,9,8,6,11,6,6,6,6,11,13,8,12,8,8,6,6,7,7,11,10,6,7,7,5,6,9,7,8,5,9,9,6,7,9,9,3,5,11,9,8,6,8,5,7,8,9,8,6,5,7,10,7,13,5,7,11,8,9,7,7,5,11,10,6,8,7,10,11,7,6,7,8,10,7,7,9,3,7,10,11,12,7,8,12,6,8,5,6,7,9,6,6,6,9,6,5,7,3,9,11,8,10,7,8,5,8,4,4,10,12,4,6,7,9,8,10,4,8,10,5,7,7,6,6,7,4,5,9,7,8,10,7,6,11,4,9,10,6,6,9,10,5,9,4,8,8,8,6,8,8,7,14,5,12,8,5,9,8,4,8,11,8,9,7,8,8,9,4,7,8,4,5,7,7,8,4,8,8,9,9,10,5,6,8,9,3,7,7,5,4,10,6,11,7,5,7,5,7,7,9,6,6,7,8,7,6,8,8,9,6,8,7,4,6,9,6,8,8,9,8,5,6,6,7,12,5,7,6,9,7,5,7,5,9,8,5,7,8,7,4,6,11,6,11,7,8,9,8,12,8,10,5,10,12,9,6,9,6,8,10,8,13,5,5,11,8,4,9,11,8,9,12,9,10,7,3,10,7,6,8,8,9,10,11,7,10,5,7,8,8,9,8,9,9,5,7,8,9,8,8,10,7,5,9,7,8,5,12,12,8,7,6,5,8,6,9,6,8,4,9,5,8,12,12,9,6,7,6,5,7,9,5,7,8,4,7,4,12,6,12,6,7,8,7,7,7,5,7,7,9,8,13,6,7,12,7,13,8,8,6,6,5,6,9,9,10,10,10,7,10,9,12,6,7,10,7,6,8,13,8,7,7,5,8,11,8,8,6,9,11,10,10
align-dinov2+500m-things+hyp-abl50-42-random,9,8,6,9,7,5,9,10,3,6,8,6,4,8,8,5,6,5,9,6,6,8,7,8,4,12,6,7,5,7,11,8,10,10,4,13,8,9,8,12,8,6,4,6,7,8,7,10,8,8,7,8,10,9,8,6,8,11,9,25,7,9,8,7,8,10,8,9,10,9,9,12,8,10,6,11,11,8,7,7,5,14,7,8,8,9,8,5,6,14,12,7,8,5,6,7,7,7,7,4,9,6,10,7,8,7,11,9,10,6,13,10,3,6,4,10,5,7,8,8,6,9,6,10,16,11,6,7,8,5,8,6,6,8,7,12,11,5,10,9,5,8,8,10,4,7,5,4,6,5,16,10,6,8,3,7,10,4,6,8,8,7,8,7,6,10,10,8,8,9,8,5,7,10,7,8,4,12,9,7,10,10,7,10,6,7,7,7,7,10,5,9,8,7,6,9,11,8,9,8,8,6,5,7,9,7,9,7,6,7,5,7,6,8,7,7,4,5,9,7,9,5,10,8,8,13,9,10,6,6,11,4,9,7,8,6,7,7,7,5,8,7,5,10,9,8,6,5,10,5,12,11,6,7,5,7,5,8,11,8,9,7,8,6,6,6,10,6,12,5,11,7,15,11,8,9,11,10,14,10,7,8,6,8,8,6,7,7,10,11,7,9,4,7,5,5,4,7,5,9,8,8,12,10,7,8,10,7,10,13,8,11,9,5,8,7,7,7,9,7,6,8,9,8,8,7,9,6,6,9,6,6,8,7,10,11,8,14,11,9,12,7,13,10,7,8,6,7,7,11,8,4,7,6,6,7,9,8,9,8,9,9,8,8,8,9,6,8,8,10,5,8,6,7,6,8,7,8,7,7,5,4,7,7,7,6,10,7,5,5,17,5,8,10,8,4,7,6,7,11,6,7,8,6,3,8,6,9,9,12,4,9,5,8,6,6,4,5,7,10,6,9,6,6,13,5,5,11,6,7,8,5,8,5,10,4,4,6,16,5,8,5,6,11,13,6,5,5,10,10,6,10,9,8,11,9,7,7,9,7,10,5,3,9,5,7,11,5,8,6,8,10,5,10,5,8,6,8,5,8,11,3,3,7,5,11,10,10,7,8,7,10,6,10,8,4,11,10,5,7,6,7,9,9,4,6,5,9,6,6,10,11,7,10,10,8,9,8,10,6,6,4,6,8,12,5,10,11,9,7,6,5,6,8,10,10,3,13,7,11,5,6,9,5,7,7,9,7,7,11,8,7,9,14,11,8,10,9,6,10,6,6,6,8,6,11,8,8,11,5,8,10,6,10,7,9,5,9,9,7,8,6,14,11,6,4,7,11,7,6,10,7,5,7,9,15,6,6,10,8,11,7,8,7,6,10,8,10,9,10,8,6,13,9,11,7,8,8,3,6,7,7,6,6,9,6,9,7,8,7,6,11,10,4,6,9,6,10,11,4,7,8,12,8,5,8,7,8,6,7,9,6,7,7,6,4,8,8,10,6,6,7,9,6,11,7,11,7,10,9,5,7,8,9,9,7,5,15,4,7,7,5,6,5,6,6,7,8,8,6,9,10,9,8,12,8,9,5,12,13,7,6,11,5,12,7,8,5,9,6,8,5,6,5,9,7,9,12,8,4,10,11,6,4,4,9,6,6,8,8,4,5,8,8,13,9,7,6,5,6,11,11,6,11,9,6,6,7,6,5,7,10,9,7,10,8,4,8,11,6,6,6,7,10,5,7,8,6,8,4,10,10,9,6,8,5,5,4,9,15,8,6,7,7,9,10,5,7,10,10,4,5,7,9,7,6,9,8,6,11,6,6,6,6,11,13,8,12,8,8,6,6,7,7,11,10,6,7,7,5,6,9,7,8,5,9,9,6,7,9,9,3,5,11,9,8,6,8,5,7,8,9,8,6,5,7,10,7,13,5,7,11,8,9,7,7,5,11,10,6,8,7,10,11,7,6,7,8,10,7,7,9,3,7,10,11,12,7,8,12,6,8,5,6,7,9,6,6,6,9,6,5,7,3,9,11,8,10,7,8,5,8,4,4,10,12,4,6,7,9,8,10,4,8,10,5,7,7,6,6,7,4,5,9,7,8,10,7,6,11,4,9,10,6,6,9,10,5,9,4,8,8,8,6,8,8,7,14,5,12,8,5,9,8,4,8,11,8,9,7,8,8,9,4,7,8,4,5,7,7,8,4,8,8,9,9,10,5,6,8,9,3,7,7,5,4,10,6,11,7,5,7,5,7,7,9,6,6,7,8,7,6,8,8,9,6,8,7,4,6,9,6,8,8,9,8,5,6,6,7,12,5,7,6,9,7,5,7,5,9,8,5,7,8,7,4,6,11,6,11,7,8,9,8,12,8,10,5,10,12,9,6,9,6,8,10,8,13,5,5,11,8,4,9,11,8,9,12,9,10,7,3,10,7,6,8,8,9,10,11,7,10,5,7,8,8,9,8,9,9,5,7,8,9,8,8,10,7,5,9,7,8,5,12,12,8,7,6,5,8,6,9,6,8,4,9,5,8,12,12,9,6,7,6,5,7,9,5,7,8,4,7,4,12,6,12,6,7,8,7,7,7,5,7,7,9,8,13,6,7,12,7,13,8,8,6,6,5,6,9,9,10,10,10,7,10,9,12,6,7,10,7,6,8,13,8,7,7,5,8,11,8,8,6,9,11,10,10
align-dinov2+500m-things+hyp-abl50-7,9,8,6,9,7,5,9,10,3,6,8,6,4,8,8,5,6,5,9,6,6,8,7,8,4,12,6,7,5,7,11,8,10,10,4,13,8,9,8,12,8,6,4,6,7,8,7,10,8,8,7,8,10,9,8,6,8,11,9,25,7,9,8,7,8,10,8,9,10,9,9,12,8,10,6,11,11,8,7,7,5,14,7,8,8,9,8,5,6,14,12,7,8,5,6,7,7,7,7,4,9,6,10,7,8,7,11,9,10,6,13,10,3,6,4,10,5,7,8,8,6,9,6,10,16,11,6,7,8,5,8,6,6,8,7,12,11,5,10,9,5,8,8,10,4,7,5,4,6,5,16,10,6,8,3,7,10,4,6,8,8,7,8,7,6,10,10,8,8,9,8,5,7,10,7,8,4,12,9,7,10,10,7,10,6,7,7,7,7,10,5,9,8,7,6,9,11,8,9,8,8,6,5,7,9,7,9,7,6,7,5,7,6,8,7,7,4,5,9,7,9,5,10,8,8,13,9,10,6,6,11,4,9,7,8,6,7,7,7,5,8,7,5,10,9,8,6,5,10,5,12,11,6,7,5,7,5,8,11,8,9,7,8,6,6,6,10,6,12,5,11,7,15,11,8,9,11,10,14,10,7,8,6,8,8,6,7,7,10,11,7,9,4,7,5,5,4,7,5,9,8,8,12,10,7,8,10,7,10,13,8,11,9,5,8,7,7,7,9,7,6,8,9,8,8,7,9,6,6,9,6,6,8,7,10,11,8,14,11,9,12,7,13,10,7,8,6,7,7,11,8,4,7,6,6,7,9,8,9,8,9,9,8,8,8,9,6,8,8,10,5,8,6,7,6,8,7,8,7,7,5,4,7,7,7,6,10,7,5,5,17,5,8,10,8,4,7,6,7,11,6,7,8,6,3,8,6,9,9,12,4,9,5,8,6,6,4,5,7,10,6,9,6,6,13,5,5,11,6,7,8,5,8,5,10,4,4,6,16,5,8,5,6,11,13,6,5,5,10,10,6,10,9,8,11,9,7,7,9,7,10,5,3,9,5,7,11,5,8,6,8,10,5,10,5,8,6,8,5,8,11,3,3,7,5,11,10,10,7,8,7,10,6,10,8,4,11,10,5,7,6,7,9,9,4,6,5,9,6,6,10,11,7,10,10,8,9,8,10,6,6,4,6,8,12,5,10,11,9,7,6,5,6,8,10,10,3,13,7,11,5,6,9,5,7,7,9,7,7,11,8,7,9,14,11,8,10,9,6,10,6,6,6,8,6,11,8,8,11,5,8,10,6,10,7,9,5,9,9,7,8,6,14,11,6,4,7,11,7,6,10,7,5,7,9,15,6,6,10,8,11,7,8,7,6,10,8,10,9,10,8,6,13,9,11,7,8,8,3,6,7,7,6,6,9,6,9,7,8,7,6,11,10,4,6,9,6,10,11,4,7,8,12,8,5,8,7,8,6,7,9,6,7,7,6,4,8,8,10,6,6,7,9,6,11,7,11,7,10,9,5,7,8,9,9,7,5,15,4,7,7,5,6,5,6,6,7,8,8,6,9,10,9,8,12,8,9,5,12,13,7,6,11,5,12,7,8,5,9,6,8,5,6,5,9,7,9,12,8,4,10,11,6,4,4,9,6,6,8,8,4,5,8,8,13,9,7,6,5,6,11,11,6,11,9,6,6,7,6,5,7,10,9,7,10,8,4,8,11,6,6,6,7,10,5,7,8,6,8,4,10,10,9,6,8,5,5,4,9,15,8,6,7,7,9,10,5,7,10,10,4,5,7,9,7,6,9,8,6,11,6,6,6,6,11,13,8,12,8,8,6,6,7,7,11,10,6,7,7,5,6,9,7,8,5,9,9,6,7,9,9,3,5,11,9,8,6,8,5,7,8,9,8,6,5,7,10,7,13,5,7,11,8,9,7,7,5,11,10,6,8,7,10,11,7,6,7,8,10,7,7,9,3,7,10,11,12,7,8,12,6,8,5,6,7,9,6,6,6,9,6,5,7,3,9,11,8,10,7,8,5,8,4,4,10,12,4,6,7,9,8,10,4,8,10,5,7,7,6,6,7,4,5,9,7,8,10,7,6,11,4,9,10,6,6,9,10,5,9,4,8,8,8,6,8,8,7,14,5,12,8,5,9,8,4,8,11,8,9,7,8,8,9,4,7,8,4,5,7,7,8,4,8,8,9,9,10,5,6,8,9,3,7,7,5,4,10,6,11,7,5,7,5,7,7,9,6,6,7,8,7,6,8,8,9,6,8,7,4,6,9,6,8,8,9,8,5,6,6,7,12,5,7,6,9,7,5,7,5,9,8,5,7,8,7,4,6,11,6,11,7,8,9,8,12,8,10,5,10,12,9,6,9,6,8,10,8,13,5,5,11,8,4,9,11,8,9,12,9,10,7,3,10,7,6,8,8,9,10,11,7,10,5,7,8,8,9,8,9,9,5,7,8,9,8,8,10,7,5,9,7,8,5,12,12,8,7,6,5,8,6,9,6,8,4,9,5,8,12,12,9,6,7,6,5,7,9,5,7,8,4,7,4,12,6,12,6,7,8,7,7,7,5,7,7,9,8,13,6,7,12,7,13,8,8,6,6,5,6,9,9,10,10,10,7,10,9,12,6,7,10,7,6,8,13,8,7,7,5,8,11,8,8,6,9,11,10,10
align-dinov2+500m-things+hyp-abl50-7-random,9,8,6,9,7,5,9,10,3,6,8,6,4,8,8,5,6,5,9,6,6,8,7,8,4,12,6,7,5,7,11,8,10,10,4,13,8,9,8,12,8,6,4,6,7,8,7,10,8,8,7,8,10,9,8,6,8,11,9,25,7,9,8,7,8,10,8,9,10,9,9,12,8,10,6,11,11,8,7,7,5,14,7,8,8,9,8,5,6,14,12,7,8,5,6,7,7,7,7,4,9,6,10,7,8,7,11,9,10,6,13,10,3,6,4,10,5,7,8,8,6,9,6,10,16,11,6,7,8,5,8,6,6,8,7,12,11,5,10,9,5,8,8,10,4,7,5,4,6,5,16,10,6,8,3,7,10,4,6,8,8,7,8,7,6,10,10,8,8,9,8,5,7,10,7,8,4,12,9,7,10,10,7,10,6,7,7,7,7,10,5,9,8,7,6,9,11,8,9,8,8,6,5,7,9,7,9,7,6,7,5,7,6,8,7,7,4,5,9,7,9,5,10,8,8,13,9,10,6,6,11,4,9,7,8,6,7,7,7,5,8,7,5,10,9,8,6,5,10,5,12,11,6,7,5,7,5,8,11,8,9,7,8,6,6,6,10,6,12,5,11,7,15,11,8,9,11,10,14,10,7,8,6,8,8,6,7,7,10,11,7,9,4,7,5,5,4,7,5,9,8,8,12,10,7,8,10,7,10,13,8,11,9,5,8,7,7,7,9,7,6,8,9,8,8,7,9,6,6,9,6,6,8,7,10,11,8,14,11,9,12,7,13,10,7,8,6,7,7,11,8,4,7,6,6,7,9,8,9,8,9,9,8,8,8,9,6,8,8,10,5,8,6,7,6,8,7,8,7,7,5,4,7,7,7,6,10,7,5,5,17,5,8,10,8,4,7,6,7,11,6,7,8,6,3,8,6,9,9,12,4,9,5,8,6,6,4,5,7,10,6,9,6,6,13,5,5,11,6,7,8,5,8,5,10,4,4,6,16,5,8,5,6,11,13,6,5,5,10,10,6,10,9,8,11,9,7,7,9,7,10,5,3,9,5,7,11,5,8,6,8,10,5,10,5,8,6,8,5,8,11,3,3,7,5,11,10,10,7,8,7,10,6,10,8,4,11,10,5,7,6,7,9,9,4,6,5,9,6,6,10,11,7,10,10,8,9,8,10,6,6,4,6,8,12,5,10,11,9,7,6,5,6,8,10,10,3,13,7,11,5,6,9,5,7,7,9,7,7,11,8,7,9,14,11,8,10,9,6,10,6,6,6,8,6,11,8,8,11,5,8,10,6,10,7,9,5,9,9,7,8,6,14,11,6,4,7,11,7,6,10,7,5,7,9,15,6,6,10,8,11,7,8,7,6,10,8,10,9,10,8,6,13,9,11,7,8,8,3,6,7,7,6,6,9,6,9,7,8,7,6,11,10,4,6,9,6,10,11,4,7,8,12,8,5,8,7,8,6,7,9,6,7,7,6,4,8,8,10,6,6,7,9,6,11,7,11,7,10,9,5,7,8,9,9,7,5,15,4,7,7,5,6,5,6,6,7,8,8,6,9,10,9,8,12,8,9,5,12,13,7,6,11,5,12,7,8,5,9,6,8,5,6,5,9,7,9,12,8,4,10,11,6,4,4,9,6,6,8,8,4,5,8,8,13,9,7,6,5,6,11,11,6,11,9,6,6,7,6,5,7,10,9,7,10,8,4,8,11,6,6,6,7,10,5,7,8,6,8,4,10,10,9,6,8,5,5,4,9,15,8,6,7,7,9,10,5,7,10,10,4,5,7,9,7,6,9,8,6,11,6,6,6,6,11,13,8,12,8,8,6,6,7,7,11,10,6,7,7,5,6,9,7,8,5,9,9,6,7,9,9,3,5,11,9,8,6,8,5,7,8,9,8,6,5,7,10,7,13,5,7,11,8,9,7,7,5,11,10,6,8,7,10,11,7,6,7,8,10,7,7,9,3,7,10,11,12,7,8,12,6,8,5,6,7,9,6,6,6,9,6,5,7,3,9,11,8,10,7,8,5,8,4,4,10,12,4,6,7,9,8,10,4,8,10,5,7,7,6,6,7,4,5,9,7,8,10,7,6,11,4,9,10,6,6,9,10,5,9,4,8,8,8,6,8,8,7,14,5,12,8,5,9,8,4,8,11,8,9,7,8,8,9,4,7,8,4,5,7,7,8,4,8,8,9,9,10,5,6,8,9,3,7,7,5,4,10,6,11,7,5,7,5,7,7,9,6,6,7,8,7,6,8,8,9,6,8,7,4,6,9,6,8,8,9,8,5,6,6,7,12,5,7,6,9,7,5,7,5,9,8,5,7,8,7,4,6,11,6,11,7,8,9,8,12,8,10,5,10,12,9,6,9,6,8,10,8,13,5,5,11,8,4,9,11,8,9,12,9,10,7,3,10,7,6,8,8,9,10,11,7,10,5,7,8,8,9,8,9,9,5,7,8,9,8,8,10,7,5,9,7,8,5,12,12,8,7,6,5,8,6,9,6,8,4,9,5,8,12,12,9,6,7,6,5,7,9,5,7,8,4,7,4,12,6,12,6,7,8,7,7,7,5,7,7,9,8,13,6,7,12,7,13,8,8,6,6,5,6,9,9,10,10,10,7,10,9,12,6,7,10,7,6,8,13,8,7,7,5,8,11,8,8,6,9,11,10,10
align-dinov2+500m-things+hyp-abl50-local-shuffled-218,4,7,11,8,5,8,9,7,8,6,11,10,6,9,7,8,10,14,9,6,10,8,9,6,7,7,7,9,11,7,9,7,9,5,7,7,10,8,7,10,6,8,5,8,9,6,7,6,10,6,6,4,9,10,8,7,7,4,5,19,10,4,9,7,9,9,7,7,5,8,9,5,7,10,10,8,5,7,7,4,7,10,7,9,5,11,5,5,8,8,12,7,10,9,9,8,10,8,6,9,9,8,7,10,11,6,10,9,9,9,10,8,10,7,7,9,8,8,9,10,8,7,7,4,15,11,8,7,8,5,8,11,8,9,10,9,9,6,10,4,5,7,8,8,6,9,7,7,6,8,15,6,4,8,7,8,4,8,5,6,8,8,5,5,9,7,6,8,6,7,5,6,10,7,6,7,9,9,7,5,6,9,10,6,11,6,7,7,7,5,8,4,9,6,9,10,8,8,10,6,10,4,5,5,13,4,5,7,7,9,9,4,6,8,7,6,4,6,6,9,7,4,10,5,11,7,9,8,6,7,15,7,5,8,8,9,6,6,7,5,9,6,7,11,8,13,6,12,6,9,8,8,7,8,7,5,7,9,9,7,7,9,10,7,5,10,8,9,8,5,8,7,8,7,6,8,6,10,6,7,9,5,9,7,8,5,7,6,5,9,10,5,7,10,7,5,10,6,11,6,6,6,11,5,9,10,8,8,5,9,11,8,9,6,6,5,10,8,9,9,9,13,9,5,8,7,6,9,6,7,7,3,6,10,9,7,9,8,8,10,8,8,8,9,8,12,7,7,6,8,10,7,8,12,6,4,5,6,9,8,8,6,5,7,4,7,10,6,6,7,10,8,8,3,4,6,8,5,6,10,4,6,9,7,8,7,6,11,8,10,16,8,12,7,4,6,6,7,11,13,7,10,11,9,7,7,6,8,6,6,7,8,4,6,6,9,7,10,10,8,9,10,8,5,7,10,8,4,8,8,8,7,10,8,5,6,9,5,5,9,10,10,8,6,6,9,12,9,11,5,9,10,9,10,7,9,8,11,7,7,7,5,8,7,7,11,7,6,7,8,9,7,8,8,7,11,5,4,9,7,7,5,10,5,6,8,8,7,7,5,10,7,10,11,4,6,9,5,9,8,11,8,6,9,5,10,13,7,8,9,9,6,5,6,10,8,10,8,8,11,8,6,6,9,9,9,10,5,10,5,5,10,7,9,8,10,8,6,10,8,6,11,10,7,7,7,5,7,8,8,7,9,12,16,9,8,8,10,11,9,8,4,8,6,8,6,7,4,5,9,5,6,6,10,9,7,8,9,7,10,7,4,10,8,8,4,6,6,5,9,10,8,8,8,10,5,5,7,6,4,8,9,5,5,7,13,5,8,12,7,8,13,5,7,8,8,9,5,10,9,8,7,12,9,5,10,6,8,6,7,8,7,10,12,6,7,7,8,7,11,5,4,7,5,8,7,6,7,4,12,11,8,8,8,10,5,10,11,9,9,8,7,10,7,5,6,9,9,8,5,6,7,10,8,6,4,6,8,5,5,5,7,6,7,8,8,5,7,12,7,11,12,3,12,5,7,7,5,8,6,5,9,8,9,6,8,9,8,12,8,6,9,8,8,4,8,9,8,5,10,5,6,7,12,10,9,9,10,9,15,8,6,5,5,4,9,6,9,7,13,6,11,6,5,11,6,8,6,6,7,8,7,7,6,5,8,5,13,6,8,8,9,8,8,7,8,10,9,7,8,8,9,10,7,9,10,12,6,5,9,7,5,8,8,6,8,9,8,9,5,8,8,6,9,7,9,7,5,7,12,10,7,8,7,12,14,8,7,7,6,8,7,5,10,7,7,8,10,8,6,9,13,10,6,7,6,6,10,12,11,6,3,9,9,5,9,12,7,8,6,7,9,7,6,9,10,7,9,8,10,13,15,11,7,9,11,8,7,12,5,6,8,6,4,9,8,6,5,13,7,6,11,6,6,8,7,8,6,6,8,7,10,4,5,8,9,10,6,13,7,5,9,9,9,8,8,7,9,5,11,8,10,6,9,9,7,8,5,9,7,8,7,9,8,13,10,8,6,7,6,9,8,7,6,6,4,5,6,8,4,7,5,7,6,5,7,10,6,6,4,8,11,6,15,7,8,10,6,6,7,6,10,7,10,10,7,8,11,9,7,7,11,10,11,6,9,5,10,9,8,7,10,10,5,11,9,9,10,7,4,8,7,6,8,7,8,9,6,7,6,8,13,8,8,4,8,7,7,7,4,12,10,6,10,6,9,11,7,9,6,9,10,8,7,7,9,6,6,5,5,8,5,6,9,4,9,11,12,12,9,7,7,10,13,10,8,5,6,7,6,10,9,6,10,6,11,6,9,7,16,10,6,6,7,8,10,8,10,4,5,8,11,8,6,7,11,7,9,6,10,9,7,7,8,10,6,7,7,9,5,4,9,5,8,8,5,8,8,9,7,6,10,6,14,5,8,5,9,9,6,4,11,8,7,10,7,6,4,11,14,6,9,5,6,9,8,5,9,9,12,8,6,14,6,4,8,5,8,8,8,9,5,9,5,7,7,7,4,10,10,9,12,7,6,5,7,6,6,10,8,5,8,8,9,9,7,7,8,3,5,9,7,7,6,7,6,6,4,8,9,7,4,7,6,7,13,10,7,6,9,6,8,7,7,7,6,6,6
align-dinov2+500m-things+hyp-abl50-local-shuffled-42,4,7,11,8,5,8,9,7,8,6,11,10,6,9,7,8,10,14,9,6,10,8,9,6,7,7,7,9,11,7,9,7,9,5,7,7,10,8,7,10,6,8,5,8,9,6,7,6,10,6,6,4,9,10,8,7,7,4,5,19,10,4,9,7,9,9,7,7,5,8,9,5,7,10,10,8,5,7,7,4,7,10,7,9,5,11,5,5,8,8,12,7,10,9,9,8,10,8,6,9,9,8,7,10,11,6,10,9,9,9,10,8,10,7,7,9,8,8,9,10,8,7,7,4,15,11,8,7,8,5,8,11,8,9,10,9,9,6,10,4,5,7,8,8,6,9,7,7,6,8,15,6,4,8,7,8,4,8,5,6,8,8,5,5,9,7,6,8,6,7,5,6,10,7,6,7,9,9,7,5,6,9,10,6,11,6,7,7,7,5,8,4,9,6,9,10,8,8,10,6,10,4,5,5,13,4,5,7,7,9,9,4,6,8,7,6,4,6,6,9,7,4,10,5,11,7,9,8,6,7,15,7,5,8,8,9,6,6,7,5,9,6,7,11,8,13,6,12,6,9,8,8,7,8,7,5,7,9,9,7,7,9,10,7,5,10,8,9,8,5,8,7,8,7,6,8,6,10,6,7,9,5,9,7,8,5,7,6,5,9,10,5,7,10,7,5,10,6,11,6,6,6,11,5,9,10,8,8,5,9,11,8,9,6,6,5,10,8,9,9,9,13,9,5,8,7,6,9,6,7,7,3,6,10,9,7,9,8,8,10,8,8,8,9,8,12,7,7,6,8,10,7,8,12,6,4,5,6,9,8,8,6,5,7,4,7,10,6,6,7,10,8,8,3,4,6,8,5,6,10,4,6,9,7,8,7,6,11,8,10,16,8,12,7,4,6,6,7,11,13,7,10,11,9,7,7,6,8,6,6,7,8,4,6,6,9,7,10,10,8,9,10,8,5,7,10,8,4,8,8,8,7,10,8,5,6,9,5,5,9,10,10,8,6,6,9,12,9,11,5,9,10,9,10,7,9,8,11,7,7,7,5,8,7,7,11,7,6,7,8,9,7,8,8,7,11,5,4,9,7,7,5,10,5,6,8,8,7,7,5,10,7,10,11,4,6,9,5,9,8,11,8,6,9,5,10,13,7,8,9,9,6,5,6,10,8,10,8,8,11,8,6,6,9,9,9,10,5,10,5,5,10,7,9,8,10,8,6,10,8,6,11,10,7,7,7,5,7,8,8,7,9,12,16,9,8,8,10,11,9,8,4,8,6,8,6,7,4,5,9,5,6,6,10,9,7,8,9,7,10,7,4,10,8,8,4,6,6,5,9,10,8,8,8,10,5,5,7,6,4,8,9,5,5,7,13,5,8,12,7,8,13,5,7,8,8,9,5,10,9,8,7,12,9,5,10,6,8,6,7,8,7,10,12,6,7,7,8,7,11,5,4,7,5,8,7,6,7,4,12,11,8,8,8,10,5,10,11,9,9,8,7,10,7,5,6,9,9,8,5,6,7,10,8,6,4,6,8,5,5,5,7,6,7,8,8,5,7,12,7,11,12,3,12,5,7,7,5,8,6,5,9,8,9,6,8,9,8,12,8,6,9,8,8,4,8,9,8,5,10,5,6,7,12,10,9,9,10,9,15,8,6,5,5,4,9,6,9,7,13,6,11,6,5,11,6,8,6,6,7,8,7,7,6,5,8,5,13,6,8,8,9,8,8,7,8,10,9,7,8,8,9,10,7,9,10,12,6,5,9,7,5,8,8,6,8,9,8,9,5,8,8,6,9,7,9,7,5,7,12,10,7,8,7,12,14,8,7,7,6,8,7,5,10,7,7,8,10,8,6,9,13,10,6,7,6,6,10,12,11,6,3,9,9,5,9,12,7,8,6,7,9,7,6,9,10,7,9,8,10,13,15,11,7,9,11,8,7,12,5,6,8,6,4,9,8,6,5,13,7,6,11,6,6,8,7,8,6,6,8,7,10,4,5,8,9,10,6,13,7,5,9,9,9,8,8,7,9,5,11,8,10,6,9,9,7,8,5,9,7,8,7,9,8,13,10,8,6,7,6,9,8,7,6,6,4,5,6,8,4,7,5,7,6,5,7,10,6,6,4,8,11,6,15,7,8,10,6,6,7,6,10,7,10,10,7,8,11,9,7,7,11,10,11,6,9,5,10,9,8,7,10,10,5,11,9,9,10,7,4,8,7,6,8,7,8,9,6,7,6,8,13,8,8,4,8,7,7,7,4,12,10,6,10,6,9,11,7,9,6,9,10,8,7,7,9,6,6,5,5,8,5,6,9,4,9,11,12,12,9,7,7,10,13,10,8,5,6,7,6,10,9,6,10,6,11,6,9,7,16,10,6,6,7,8,10,8,10,4,5,8,11,8,6,7,11,7,9,6,10,9,7,7,8,10,6,7,7,9,5,4,9,5,8,8,5,8,8,9,7,6,10,6,14,5,8,5,9,9,6,4,11,8,7,10,7,6,4,11,14,6,9,5,6,9,8,5,9,9,12,8,6,14,6,4,8,5,8,8,8,9,5,9,5,7,7,7,4,10,10,9,12,7,6,5,7,6,6,10,8,5,8,8,9,9,7,7,8,3,5,9,7,7,6,7,6,6,4,8,9,7,4,7,6,7,13,10,7,6,9,6,8,7,7,7,6,6,6
align-dinov2+500m-things+hyp-abl50-local-shuffled-7,4,7,11,8,5,8,9,7,8,6,11,10,6,9,7,8,10,14,9,6,10,8,9,6,7,7,7,9,11,7,9,7,9,5,7,7,10,8,7,10,6,8,5,8,9,6,7,6,10,6,6,4,9,10,8,7,7,4,5,19,10,4,9,7,9,9,7,7,5,8,9,5,7,10,10,8,5,7,7,4,7,10,7,9,5,11,5,5,8,8,12,7,10,9,9,8,10,8,6,9,9,8,7,10,11,6,10,9,9,9,10,8,10,7,7,9,8,8,9,10,8,7,7,4,15,11,8,7,8,5,8,11,8,9,10,9,9,6,10,4,5,7,8,8,6,9,7,7,6,8,15,6,4,8,7,8,4,8,5,6,8,8,5,5,9,7,6,8,6,7,5,6,10,7,6,7,9,9,7,5,6,9,10,6,11,6,7,7,7,5,8,4,9,6,9,10,8,8,10,6,10,4,5,5,13,4,5,7,7,9,9,4,6,8,7,6,4,6,6,9,7,4,10,5,11,7,9,8,6,7,15,7,5,8,8,9,6,6,7,5,9,6,7,11,8,13,6,12,6,9,8,8,7,8,7,5,7,9,9,7,7,9,10,7,5,10,8,9,8,5,8,7,8,7,6,8,6,10,6,7,9,5,9,7,8,5,7,6,5,9,10,5,7,10,7,5,10,6,11,6,6,6,11,5,9,10,8,8,5,9,11,8,9,6,6,5,10,8,9,9,9,13,9,5,8,7,6,9,6,7,7,3,6,10,9,7,9,8,8,10,8,8,8,9,8,12,7,7,6,8,10,7,8,12,6,4,5,6,9,8,8,6,5,7,4,7,10,6,6,7,10,8,8,3,4,6,8,5,6,10,4,6,9,7,8,7,6,11,8,10,16,8,12,7,4,6,6,7,11,13,7,10,11,9,7,7,6,8,6,6,7,8,4,6,6,9,7,10,10,8,9,10,8,5,7,10,8,4,8,8,8,7,10,8,5,6,9,5,5,9,10,10,8,6,6,9,12,9,11,5,9,10,9,10,7,9,8,11,7,7,7,5,8,7,7,11,7,6,7,8,9,7,8,8,7,11,5,4,9,7,7,5,10,5,6,8,8,7,7,5,10,7,10,11,4,6,9,5,9,8,11,8,6,9,5,10,13,7,8,9,9,6,5,6,10,8,10,8,8,11,8,6,6,9,9,9,10,5,10,5,5,10,7,9,8,10,8,6,10,8,6,11,10,7,7,7,5,7,8,8,7,9,12,16,9,8,8,10,11,9,8,4,8,6,8,6,7,4,5,9,5,6,6,10,9,7,8,9,7,10,7,4,10,8,8,4,6,6,5,9,10,8,8,8,10,5,5,7,6,4,8,9,5,5,7,13,5,8,12,7,8,13,5,7,8,8,9,5,10,9,8,7,12,9,5,10,6,8,6,7,8,7,10,12,6,7,7,8,7,11,5,4,7,5,8,7,6,7,4,12,11,8,8,8,10,5,10,11,9,9,8,7,10,7,5,6,9,9,8,5,6,7,10,8,6,4,6,8,5,5,5,7,6,7,8,8,5,7,12,7,11,12,3,12,5,7,7,5,8,6,5,9,8,9,6,8,9,8,12,8,6,9,8,8,4,8,9,8,5,10,5,6,7,12,10,9,9,10,9,15,8,6,5,5,4,9,6,9,7,13,6,11,6,5,11,6,8,6,6,7,8,7,7,6,5,8,5,13,6,8,8,9,8,8,7,8,10,9,7,8,8,9,10,7,9,10,12,6,5,9,7,5,8,8,6,8,9,8,9,5,8,8,6,9,7,9,7,5,7,12,10,7,8,7,12,14,8,7,7,6,8,7,5,10,7,7,8,10,8,6,9,13,10,6,7,6,6,10,12,11,6,3,9,9,5,9,12,7,8,6,7,9,7,6,9,10,7,9,8,10,13,15,11,7,9,11,8,7,12,5,6,8,6,4,9,8,6,5,13,7,6,11,6,6,8,7,8,6,6,8,7,10,4,5,8,9,10,6,13,7,5,9,9,9,8,8,7,9,5,11,8,10,6,9,9,7,8,5,9,7,8,7,9,8,13,10,8,6,7,6,9,8,7,6,6,4,5,6,8,4,7,5,7,6,5,7,10,6,6,4,8,11,6,15,7,8,10,6,6,7,6,10,7,10,10,7,8,11,9,7,7,11,10,11,6,9,5,10,9,8,7,10,10,5,11,9,9,10,7,4,8,7,6,8,7,8,9,6,7,6,8,13,8,8,4,8,7,7,7,4,12,10,6,10,6,9,11,7,9,6,9,10,8,7,7,9,6,6,5,5,8,5,6,9,4,9,11,12,12,9,7,7,10,13,10,8,5,6,7,6,10,9,6,10,6,11,6,9,7,16,10,6,6,7,8,10,8,10,4,5,8,11,8,6,7,11,7,9,6,10,9,7,7,8,10,6,7,7,9,5,4,9,5,8,8,5,8,8,9,7,6,10,6,14,5,8,5,9,9,6,4,11,8,7,10,7,6,4,11,14,6,9,5,6,9,8,5,9,9,12,8,6,14,6,4,8,5,8,8,8,9,5,9,5,7,7,7,4,10,10,9,12,7,6,5,7,6,6,10,8,5,8,8,9,9,7,7,8,3,5,9,7,7,6,7,6,6,4,8,9,7,4,7,6,7,13,10,7,6,9,6,8,7,7,7,6,6,6
align-dinov2+500m-things+hyp-abl50-shuffled-218,10,7,9,9,7,8,4,4,8,5,7,7,9,7,9,7,8,11,6,8,4,5,6,11,9,9,7,7,4,11,9,11,8,7,9,6,6,7,8,5,6,11,7,8,6,10,9,5,9,11,6,6,3,8,6,9,4,10,6,23,7,6,8,6,12,7,7,9,11,8,6,8,7,6,11,7,10,8,11,4,8,6,11,4,4,5,10,9,9,5,5,8,8,8,5,7,11,7,6,9,11,8,6,13,6,7,6,7,10,4,6,8,8,8,8,9,6,7,7,8,9,6,13,6,11,4,9,8,12,11,5,5,7,5,8,8,7,7,9,11,9,9,9,6,5,6,6,5,5,9,13,7,6,12,7,11,6,8,7,11,8,9,7,10,12,6,8,6,10,9,12,6,8,6,3,6,6,12,9,7,7,6,8,6,10,9,11,8,8,9,4,7,7,7,8,7,4,7,5,6,7,9,5,10,11,5,7,10,6,8,6,7,9,8,10,14,9,5,7,7,5,6,7,7,7,9,4,8,9,8,7,8,5,6,9,6,8,7,5,7,6,7,12,11,11,5,8,10,7,8,7,4,7,5,8,7,7,8,6,8,9,9,8,7,9,7,8,6,12,9,7,7,5,7,12,6,6,5,8,7,10,9,8,12,7,9,7,11,7,4,6,7,7,6,7,7,4,11,9,9,7,7,7,8,7,5,7,7,6,10,5,9,8,6,12,11,4,6,9,5,7,8,8,10,8,8,12,5,10,8,7,8,10,11,7,5,9,5,8,9,7,10,9,8,7,5,7,5,8,6,8,10,9,8,10,8,4,5,11,8,10,7,7,10,5,10,8,9,5,5,11,8,5,8,10,7,7,7,8,9,6,7,14,8,12,3,12,6,6,7,13,5,16,10,7,10,7,8,6,5,8,9,8,10,5,4,9,4,9,5,8,6,4,8,8,12,6,7,6,4,7,5,11,8,10,10,5,9,10,12,6,7,7,6,5,10,10,8,9,7,7,6,4,12,6,9,7,8,8,11,4,5,7,7,5,7,4,8,9,11,8,4,8,10,5,9,7,9,5,7,10,8,6,11,10,11,5,6,8,8,5,8,10,11,5,9,10,10,8,8,5,9,8,3,8,8,4,8,7,10,7,8,10,6,12,9,4,7,6,7,7,11,5,3,13,7,6,7,6,7,10,9,5,8,6,4,6,11,7,9,9,8,9,13,9,10,6,5,10,5,8,6,8,13,7,5,6,5,3,9,8,10,11,15,9,7,13,7,8,8,4,12,7,8,8,8,4,10,8,5,10,6,7,7,9,5,9,6,11,10,10,6,8,11,8,7,14,6,10,8,12,5,5,7,5,8,8,11,10,5,10,7,9,7,6,6,12,6,5,7,11,10,5,3,9,7,9,14,14,3,8,7,11,5,12,7,5,5,10,9,6,12,5,5,10,6,7,6,5,6,14,11,6,7,7,10,6,8,4,6,9,7,8,5,5,7,9,12,8,9,8,9,10,7,7,6,8,9,8,7,10,6,6,5,10,10,5,5,8,9,8,9,7,7,10,8,8,7,7,6,9,9,7,14,7,6,9,11,9,10,5,8,9,9,8,7,8,6,10,7,11,4,4,8,7,13,7,4,8,10,7,6,9,7,7,6,8,8,8,5,8,9,7,5,10,6,10,8,5,8,8,6,6,7,7,8,8,6,9,5,5,5,6,7,6,10,10,11,11,8,8,6,10,10,11,9,9,5,11,7,10,5,9,5,5,7,7,3,4,10,6,7,8,9,10,8,11,11,10,7,10,10,6,8,6,8,7,8,5,7,10,7,5,6,10,8,11,6,9,9,13,8,6,6,5,6,8,10,6,6,6,6,6,8,11,9,11,6,5,9,7,8,10,9,10,5,8,6,7,5,8,4,7,7,7,7,9,10,9,7,9,10,6,8,9,7,9,8,9,8,7,6,6,6,5,12,5,7,7,9,6,5,8,9,13,9,7,9,5,6,9,6,5,12,6,12,6,8,8,6,9,6,8,5,10,6,10,10,9,4,7,10,7,8,8,6,10,8,5,9,5,7,5,8,6,4,13,7,5,5,14,6,8,11,6,4,10,8,9,10,7,11,7,5,4,4,10,8,6,9,8,5,11,9,11,8,9,8,11,8,10,4,4,7,9,5,6,7,10,6,5,8,6,9,5,7,6,8,7,7,7,9,5,5,6,8,6,7,9,5,11,8,10,7,9,10,6,6,8,4,9,6,7,7,8,6,8,6,9,8,10,10,10,6,4,8,5,7,8,6,7,7,10,7,9,7,8,7,4,10,9,10,7,10,8,7,8,9,5,7,6,7,8,8,7,11,6,9,10,8,8,7,7,5,6,9,7,9,9,8,10,8,7,8,8,8,8,8,8,4,11,6,7,7,7,6,8,8,7,4,6,10,10,4,6,5,5,10,9,9,5,9,6,10,4,11,5,8,7,10,7,14,11,8,11,8,6,12,13,8,12,9,6,4,9,6,13,7,11,8,9,9,7,6,10,9,15,10,7,6,9,9,9,11,11,7,6,11,5,11,5,5,6,8,6,7,10,12,8,6,5,10,6,10,6,6,7,7,8,6,9,8,7,8,10,4,8,5,4,5,7,13,6,9,11,9,9,9,11,6,10,7,8,7,5,8,6,6,10,7,6,5,6,8,8,8,12,8
align-dinov2+500m-things+hyp-abl50-shuffled-42,10,7,9,9,7,8,4,4,8,5,7,7,9,7,9,7,8,11,6,8,4,5,6,11,9,9,7,7,4,11,9,11,8,7,9,6,6,7,8,5,6,11,7,8,6,10,9,5,9,11,6,6,3,8,6,9,4,10,6,23,7,6,8,6,12,7,7,9,11,8,6,8,7,6,11,7,10,8,11,4,8,6,11,4,4,5,10,9,9,5,5,8,8,8,5,7,11,7,6,9,11,8,6,13,6,7,6,7,10,4,6,8,8,8,8,9,6,7,7,8,9,6,13,6,11,4,9,8,12,11,5,5,7,5,8,8,7,7,9,11,9,9,9,6,5,6,6,5,5,9,13,7,6,12,7,11,6,8,7,11,8,9,7,10,12,6,8,6,10,9,12,6,8,6,3,6,6,12,9,7,7,6,8,6,10,9,11,8,8,9,4,7,7,7,8,7,4,7,5,6,7,9,5,10,11,5,7,10,6,8,6,7,9,8,10,14,9,5,7,7,5,6,7,7,7,9,4,8,9,8,7,8,5,6,9,6,8,7,5,7,6,7,12,11,11,5,8,10,7,8,7,4,7,5,8,7,7,8,6,8,9,9,8,7,9,7,8,6,12,9,7,7,5,7,12,6,6,5,8,7,10,9,8,12,7,9,7,11,7,4,6,7,7,6,7,7,4,11,9,9,7,7,7,8,7,5,7,7,6,10,5,9,8,6,12,11,4,6,9,5,7,8,8,10,8,8,12,5,10,8,7,8,10,11,7,5,9,5,8,9,7,10,9,8,7,5,7,5,8,6,8,10,9,8,10,8,4,5,11,8,10,7,7,10,5,10,8,9,5,5,11,8,5,8,10,7,7,7,8,9,6,7,14,8,12,3,12,6,6,7,13,5,16,10,7,10,7,8,6,5,8,9,8,10,5,4,9,4,9,5,8,6,4,8,8,12,6,7,6,4,7,5,11,8,10,10,5,9,10,12,6,7,7,6,5,10,10,8,9,7,7,6,4,12,6,9,7,8,8,11,4,5,7,7,5,7,4,8,9,11,8,4,8,10,5,9,7,9,5,7,10,8,6,11,10,11,5,6,8,8,5,8,10,11,5,9,10,10,8,8,5,9,8,3,8,8,4,8,7,10,7,8,10,6,12,9,4,7,6,7,7,11,5,3,13,7,6,7,6,7,10,9,5,8,6,4,6,11,7,9,9,8,9,13,9,10,6,5,10,5,8,6,8,13,7,5,6,5,3,9,8,10,11,15,9,7,13,7,8,8,4,12,7,8,8,8,4,10,8,5,10,6,7,7,9,5,9,6,11,10,10,6,8,11,8,7,14,6,10,8,12,5,5,7,5,8,8,11,10,5,10,7,9,7,6,6,12,6,5,7,11,10,5,3,9,7,9,14,14,3,8,7,11,5,12,7,5,5,10,9,6,12,5,5,10,6,7,6,5,6,14,11,6,7,7,10,6,8,4,6,9,7,8,5,5,7,9,12,8,9,8,9,10,7,7,6,8,9,8,7,10,6,6,5,10,10,5,5,8,9,8,9,7,7,10,8,8,7,7,6,9,9,7,14,7,6,9,11,9,10,5,8,9,9,8,7,8,6,10,7,11,4,4,8,7,13,7,4,8,10,7,6,9,7,7,6,8,8,8,5,8,9,7,5,10,6,10,8,5,8,8,6,6,7,7,8,8,6,9,5,5,5,6,7,6,10,10,11,11,8,8,6,10,10,11,9,9,5,11,7,10,5,9,5,5,7,7,3,4,10,6,7,8,9,10,8,11,11,10,7,10,10,6,8,6,8,7,8,5,7,10,7,5,6,10,8,11,6,9,9,13,8,6,6,5,6,8,10,6,6,6,6,6,8,11,9,11,6,5,9,7,8,10,9,10,5,8,6,7,5,8,4,7,7,7,7,9,10,9,7,9,10,6,8,9,7,9,8,9,8,7,6,6,6,5,12,5,7,7,9,6,5,8,9,13,9,7,9,5,6,9,6,5,12,6,12,6,8,8,6,9,6,8,5,10,6,10,10,9,4,7,10,7,8,8,6,10,8,5,9,5,7,5,8,6,4,13,7,5,5,14,6,8,11,6,4,10,8,9,10,7,11,7,5,4,4,10,8,6,9,8,5,11,9,11,8,9,8,11,8,10,4,4,7,9,5,6,7,10,6,5,8,6,9,5,7,6,8,7,7,7,9,5,5,6,8,6,7,9,5,11,8,10,7,9,10,6,6,8,4,9,6,7,7,8,6,8,6,9,8,10,10,10,6,4,8,5,7,8,6,7,7,10,7,9,7,8,7,4,10,9,10,7,10,8,7,8,9,5,7,6,7,8,8,7,11,6,9,10,8,8,7,7,5,6,9,7,9,9,8,10,8,7,8,8,8,8,8,8,4,11,6,7,7,7,6,8,8,7,4,6,10,10,4,6,5,5,10,9,9,5,9,6,10,4,11,5,8,7,10,7,14,11,8,11,8,6,12,13,8,12,9,6,4,9,6,13,7,11,8,9,9,7,6,10,9,15,10,7,6,9,9,9,11,11,7,6,11,5,11,5,5,6,8,6,7,10,12,8,6,5,10,6,10,6,6,7,7,8,6,9,8,7,8,10,4,8,5,4,5,7,13,6,9,11,9,9,9,11,6,10,7,8,7,5,8,6,6,10,7,6,5,6,8,8,8,12,8
align-dinov2+500m-things+hyp-abl50-shuffled-7,10,7,9,9,7,8,4,4,8,5,7,7,9,7,9,7,8,11,6,8,4,5,6,11,9,9,7,7,4,11,9,11,8,7,9,6,6,7,8,5,6,11,7,8,6,10,9,5,9,11,6,6,3,8,6,9,4,10,6,23,7,6,8,6,12,7,7,9,11,8,6,8,7,6,11,7,10,8,11,4,8,6,11,4,4,5,10,9,9,5,5,8,8,8,5,7,11,7,6,9,11,8,6,13,6,7,6,7,10,4,6,8,8,8,8,9,6,7,7,8,9,6,13,6,11,4,9,8,12,11,5,5,7,5,8,8,7,7,9,11,9,9,9,6,5,6,6,5,5,9,13,7,6,12,7,11,6,8,7,11,8,9,7,10,12,6,8,6,10,9,12,6,8,6,3,6,6,12,9,7,7,6,8,6,10,9,11,8,8,9,4,7,7,7,8,7,4,7,5,6,7,9,5,10,11,5,7,10,6,8,6,7,9,8,10,14,9,5,7,7,5,6,7,7,7,9,4,8,9,8,7,8,5,6,9,6,8,7,5,7,6,7,12,11,11,5,8,10,7,8,7,4,7,5,8,7,7,8,6,8,9,9,8,7,9,7,8,6,12,9,7,7,5,7,12,6,6,5,8,7,10,9,8,12,7,9,7,11,7,4,6,7,7,6,7,7,4,11,9,9,7,7,7,8,7,5,7,7,6,10,5,9,8,6,12,11,4,6,9,5,7,8,8,10,8,8,12,5,10,8,7,8,10,11,7,5,9,5,8,9,7,10,9,8,7,5,7,5,8,6,8,10,9,8,10,8,4,5,11,8,10,7,7,10,5,10,8,9,5,5,11,8,5,8,10,7,7,7,8,9,6,7,14,8,12,3,12,6,6,7,13,5,16,10,7,10,7,8,6,5,8,9,8,10,5,4,9,4,9,5,8,6,4,8,8,12,6,7,6,4,7,5,11,8,10,10,5,9,10,12,6,7,7,6,5,10,10,8,9,7,7,6,4,12,6,9,7,8,8,11,4,5,7,7,5,7,4,8,9,11,8,4,8,10,5,9,7,9,5,7,10,8,6,11,10,11,5,6,8,8,5,8,10,11,5,9,10,10,8,8,5,9,8,3,8,8,4,8,7,10,7,8,10,6,12,9,4,7,6,7,7,11,5,3,13,7,6,7,6,7,10,9,5,8,6,4,6,11,7,9,9,8,9,13,9,10,6,5,10,5,8,6,8,13,7,5,6,5,3,9,8,10,11,15,9,7,13,7,8,8,4,12,7,8,8,8,4,10,8,5,10,6,7,7,9,5,9,6,11,10,10,6,8,11,8,7,14,6,10,8,12,5,5,7,5,8,8,11,10,5,10,7,9,7,6,6,12,6,5,7,11,10,5,3,9,7,9,14,14,3,8,7,11,5,12,7,5,5,10,9,6,12,5,5,10,6,7,6,5,6,14,11,6,7,7,10,6,8,4,6,9,7,8,5,5,7,9,12,8,9,8,9,10,7,7,6,8,9,8,7,10,6,6,5,10,10,5,5,8,9,8,9,7,7,10,8,8,7,7,6,9,9,7,14,7,6,9,11,9,10,5,8,9,9,8,7,8,6,10,7,11,4,4,8,7,13,7,4,8,10,7,6,9,7,7,6,8,8,8,5,8,9,7,5,10,6,10,8,5,8,8,6,6,7,7,8,8,6,9,5,5,5,6,7,6,10,10,11,11,8,8,6,10,10,11,9,9,5,11,7,10,5,9,5,5,7,7,3,4,10,6,7,8,9,10,8,11,11,10,7,10,10,6,8,6,8,7,8,5,7,10,7,5,6,10,8,11,6,9,9,13,8,6,6,5,6,8,10,6,6,6,6,6,8,11,9,11,6,5,9,7,8,10,9,10,5,8,6,7,5,8,4,7,7,7,7,9,10,9,7,9,10,6,8,9,7,9,8,9,8,7,6,6,6,5,12,5,7,7,9,6,5,8,9,13,9,7,9,5,6,9,6,5,12,6,12,6,8,8,6,9,6,8,5,10,6,10,10,9,4,7,10,7,8,8,6,10,8,5,9,5,7,5,8,6,4,13,7,5,5,14,6,8,11,6,4,10,8,9,10,7,11,7,5,4,4,10,8,6,9,8,5,11,9,11,8,9,8,11,8,10,4,4,7,9,5,6,7,10,6,5,8,6,9,5,7,6,8,7,7,7,9,5,5,6,8,6,7,9,5,11,8,10,7,9,10,6,6,8,4,9,6,7,7,8,6,8,6,9,8,10,10,10,6,4,8,5,7,8,6,7,7,10,7,9,7,8,7,4,10,9,10,7,10,8,7,8,9,5,7,6,7,8,8,7,11,6,9,10,8,8,7,7,5,6,9,7,9,9,8,10,8,7,8,8,8,8,8,8,4,11,6,7,7,7,6,8,8,7,4,6,10,10,4,6,5,5,10,9,9,5,9,6,10,4,11,5,8,7,10,7,14,11,8,11,8,6,12,13,8,12,9,6,4,9,6,13,7,11,8,9,9,7,6,10,9,15,10,7,6,9,9,9,11,11,7,6,11,5,11,5,5,6,8,6,7,10,12,8,6,5,10,6,10,6,6,7,7,8,6,9,8,7,8,10,4,8,5,4,5,7,13,6,9,11,9,9,9,11,6,10,7,8,7,5,8,6,6,10,7,6,5,6,8,8,8,12,8
align-dinov2+500m-things+hyp-abl70-218,9,8,6,9,7,5,9,10,3,6,8,6,4,8,8,5,6,5,9,6,6,8,7,8,4,12,6,7,5,7,11,8,10,10,4,13,8,9,8,12,8,6,4,6,7,8,7,10,8,8,7,8,10,9,8,6,8,11,9,25,7,9,8,7,8,10,8,9,10,9,9,12,8,10,6,11,11,8,7,7,5,14,7,8,8,9,8,5,6,14,12,7,8,5,6,7,7,7,7,4,9,6,10,7,8,7,11,9,10,6,13,10,3,6,4,10,5,7,8,8,6,9,6,10,16,11,6,7,8,5,8,6,6,8,7,12,11,5,10,9,5,8,8,10,4,7,5,4,6,5,16,10,6,8,3,7,10,4,6,8,8,7,8,7,6,10,10,8,8,9,8,5,7,10,7,8,4,12,9,7,10,10,7,10,6,7,7,7,7,10,5,9,8,7,6,9,11,8,9,8,8,6,5,7,9,7,9,7,6,7,5,7,6,8,7,7,4,5,9,7,9,5,10,8,8,13,9,10,6,6,11,4,9,7,8,6,7,7,7,5,8,7,5,10,9,8,6,5,10,5,12,11,6,7,5,7,5,8,11,8,9,7,8,6,6,6,10,6,12,5,11,7,15,11,8,9,11,10,14,10,7,8,6,8,8,6,7,7,10,11,7,9,4,7,5,5,4,7,5,9,8,8,12,10,7,8,10,7,10,13,8,11,9,5,8,7,7,7,9,7,6,8,9,8,8,7,9,6,6,9,6,6,8,7,10,11,8,14,11,9,12,7,13,10,7,8,6,7,7,11,8,4,7,6,6,7,9,8,9,8,9,9,8,8,8,9,6,8,8,10,5,8,6,7,6,8,7,8,7,7,5,4,7,7,7,6,10,7,5,5,17,5,8,10,8,4,7,6,7,11,6,7,8,6,3,8,6,9,9,12,4,9,5,8,6,6,4,5,7,10,6,9,6,6,13,5,5,11,6,7,8,5,8,5,10,4,4,6,16,5,8,5,6,11,13,6,5,5,10,10,6,10,9,8,11,9,7,7,9,7,10,5,3,9,5,7,11,5,8,6,8,10,5,10,5,8,6,8,5,8,11,3,3,7,5,11,10,10,7,8,7,10,6,10,8,4,11,10,5,7,6,7,9,9,4,6,5,9,6,6,10,11,7,10,10,8,9,8,10,6,6,4,6,8,12,5,10,11,9,7,6,5,6,8,10,10,3,13,7,11,5,6,9,5,7,7,9,7,7,11,8,7,9,14,11,8,10,9,6,10,6,6,6,8,6,11,8,8,11,5,8,10,6,10,7,9,5,9,9,7,8,6,14,11,6,4,7,11,7,6,10,7,5,7,9,15,6,6,10,8,11,7,8,7,6,10,8,10,9,10,8,6,13,9,11,7,8,8,3,6,7,7,6,6,9,6,9,7,8,7,6,11,10,4,6,9,6,10,11,4,7,8,12,8,5,8,7,8,6,7,9,6,7,7,6,4,8,8,10,6,6,7,9,6,11,7,11,7,10,9,5,7,8,9,9,7,5,15,4,7,7,5,6,5,6,6,7,8,8,6,9,10,9,8,12,8,9,5,12,13,7,6,11,5,12,7,8,5,9,6,8,5,6,5,9,7,9,12,8,4,10,11,6,4,4,9,6,6,8,8,4,5,8,8,13,9,7,6,5,6,11,11,6,11,9,6,6,7,6,5,7,10,9,7,10,8,4,8,11,6,6,6,7,10,5,7,8,6,8,4,10,10,9,6,8,5,5,4,9,15,8,6,7,7,9,10,5,7,10,10,4,5,7,9,7,6,9,8,6,11,6,6,6,6,11,13,8,12,8,8,6,6,7,7,11,10,6,7,7,5,6,9,7,8,5,9,9,6,7,9,9,3,5,11,9,8,6,8,5,7,8,9,8,6,5,7,10,7,13,5,7,11,8,9,7,7,5,11,10,6,8,7,10,11,7,6,7,8,10,7,7,9,3,7,10,11,12,7,8,12,6,8,5,6,7,9,6,6,6,9,6,5,7,3,9,11,8,10,7,8,5,8,4,4,10,12,4,6,7,9,8,10,4,8,10,5,7,7,6,6,7,4,5,9,7,8,10,7,6,11,4,9,10,6,6,9,10,5,9,4,8,8,8,6,8,8,7,14,5,12,8,5,9,8,4,8,11,8,9,7,8,8,9,4,7,8,4,5,7,7,8,4,8,8,9,9,10,5,6,8,9,3,7,7,5,4,10,6,11,7,5,7,5,7,7,9,6,6,7,8,7,6,8,8,9,6,8,7,4,6,9,6,8,8,9,8,5,6,6,7,12,5,7,6,9,7,5,7,5,9,8,5,7,8,7,4,6,11,6,11,7,8,9,8,12,8,10,5,10,12,9,6,9,6,8,10,8,13,5,5,11,8,4,9,11,8,9,12,9,10,7,3,10,7,6,8,8,9,10,11,7,10,5,7,8,8,9,8,9,9,5,7,8,9,8,8,10,7,5,9,7,8,5,12,12,8,7,6,5,8,6,9,6,8,4,9,5,8,12,12,9,6,7,6,5,7,9,5,7,8,4,7,4,12,6,12,6,7,8,7,7,7,5,7,7,9,8,13,6,7,12,7,13,8,8,6,6,5,6,9,9,10,10,10,7,10,9,12,6,7,10,7,6,8,13,8,7,7,5,8,11,8,8,6,9,11,10,10
align-dinov2+500m-things+hyp-abl70-218-random,9,8,6,9,7,5,9,10,3,6,8,6,4,8,8,5,6,5,9,6,6,8,7,8,4,12,6,7,5,7,11,8,10,10,4,13,8,9,8,12,8,6,4,6,7,8,7,10,8,8,7,8,10,9,8,6,8,11,9,25,7,9,8,7,8,10,8,9,10,9,9,12,8,10,6,11,11,8,7,7,5,14,7,8,8,9,8,5,6,14,12,7,8,5,6,7,7,7,7,4,9,6,10,7,8,7,11,9,10,6,13,10,3,6,4,10,5,7,8,8,6,9,6,10,16,11,6,7,8,5,8,6,6,8,7,12,11,5,10,9,5,8,8,10,4,7,5,4,6,5,16,10,6,8,3,7,10,4,6,8,8,7,8,7,6,10,10,8,8,9,8,5,7,10,7,8,4,12,9,7,10,10,7,10,6,7,7,7,7,10,5,9,8,7,6,9,11,8,9,8,8,6,5,7,9,7,9,7,6,7,5,7,6,8,7,7,4,5,9,7,9,5,10,8,8,13,9,10,6,6,11,4,9,7,8,6,7,7,7,5,8,7,5,10,9,8,6,5,10,5,12,11,6,7,5,7,5,8,11,8,9,7,8,6,6,6,10,6,12,5,11,7,15,11,8,9,11,10,14,10,7,8,6,8,8,6,7,7,10,11,7,9,4,7,5,5,4,7,5,9,8,8,12,10,7,8,10,7,10,13,8,11,9,5,8,7,7,7,9,7,6,8,9,8,8,7,9,6,6,9,6,6,8,7,10,11,8,14,11,9,12,7,13,10,7,8,6,7,7,11,8,4,7,6,6,7,9,8,9,8,9,9,8,8,8,9,6,8,8,10,5,8,6,7,6,8,7,8,7,7,5,4,7,7,7,6,10,7,5,5,17,5,8,10,8,4,7,6,7,11,6,7,8,6,3,8,6,9,9,12,4,9,5,8,6,6,4,5,7,10,6,9,6,6,13,5,5,11,6,7,8,5,8,5,10,4,4,6,16,5,8,5,6,11,13,6,5,5,10,10,6,10,9,8,11,9,7,7,9,7,10,5,3,9,5,7,11,5,8,6,8,10,5,10,5,8,6,8,5,8,11,3,3,7,5,11,10,10,7,8,7,10,6,10,8,4,11,10,5,7,6,7,9,9,4,6,5,9,6,6,10,11,7,10,10,8,9,8,10,6,6,4,6,8,12,5,10,11,9,7,6,5,6,8,10,10,3,13,7,11,5,6,9,5,7,7,9,7,7,11,8,7,9,14,11,8,10,9,6,10,6,6,6,8,6,11,8,8,11,5,8,10,6,10,7,9,5,9,9,7,8,6,14,11,6,4,7,11,7,6,10,7,5,7,9,15,6,6,10,8,11,7,8,7,6,10,8,10,9,10,8,6,13,9,11,7,8,8,3,6,7,7,6,6,9,6,9,7,8,7,6,11,10,4,6,9,6,10,11,4,7,8,12,8,5,8,7,8,6,7,9,6,7,7,6,4,8,8,10,6,6,7,9,6,11,7,11,7,10,9,5,7,8,9,9,7,5,15,4,7,7,5,6,5,6,6,7,8,8,6,9,10,9,8,12,8,9,5,12,13,7,6,11,5,12,7,8,5,9,6,8,5,6,5,9,7,9,12,8,4,10,11,6,4,4,9,6,6,8,8,4,5,8,8,13,9,7,6,5,6,11,11,6,11,9,6,6,7,6,5,7,10,9,7,10,8,4,8,11,6,6,6,7,10,5,7,8,6,8,4,10,10,9,6,8,5,5,4,9,15,8,6,7,7,9,10,5,7,10,10,4,5,7,9,7,6,9,8,6,11,6,6,6,6,11,13,8,12,8,8,6,6,7,7,11,10,6,7,7,5,6,9,7,8,5,9,9,6,7,9,9,3,5,11,9,8,6,8,5,7,8,9,8,6,5,7,10,7,13,5,7,11,8,9,7,7,5,11,10,6,8,7,10,11,7,6,7,8,10,7,7,9,3,7,10,11,12,7,8,12,6,8,5,6,7,9,6,6,6,9,6,5,7,3,9,11,8,10,7,8,5,8,4,4,10,12,4,6,7,9,8,10,4,8,10,5,7,7,6,6,7,4,5,9,7,8,10,7,6,11,4,9,10,6,6,9,10,5,9,4,8,8,8,6,8,8,7,14,5,12,8,5,9,8,4,8,11,8,9,7,8,8,9,4,7,8,4,5,7,7,8,4,8,8,9,9,10,5,6,8,9,3,7,7,5,4,10,6,11,7,5,7,5,7,7,9,6,6,7,8,7,6,8,8,9,6,8,7,4,6,9,6,8,8,9,8,5,6,6,7,12,5,7,6,9,7,5,7,5,9,8,5,7,8,7,4,6,11,6,11,7,8,9,8,12,8,10,5,10,12,9,6,9,6,8,10,8,13,5,5,11,8,4,9,11,8,9,12,9,10,7,3,10,7,6,8,8,9,10,11,7,10,5,7,8,8,9,8,9,9,5,7,8,9,8,8,10,7,5,9,7,8,5,12,12,8,7,6,5,8,6,9,6,8,4,9,5,8,12,12,9,6,7,6,5,7,9,5,7,8,4,7,4,12,6,12,6,7,8,7,7,7,5,7,7,9,8,13,6,7,12,7,13,8,8,6,6,5,6,9,9,10,10,10,7,10,9,12,6,7,10,7,6,8,13,8,7,7,5,8,11,8,8,6,9,11,10,10
align-dinov2+500m-things+hyp-abl70-42,9,8,6,9,7,5,9,10,3,6,8,6,4,8,8,5,6,5,9,6,6,8,7,8,4,12,6,7,5,7,11,8,10,10,4,13,8,9,8,12,8,6,4,6,7,8,7,10,8,8,7,8,10,9,8,6,8,11,9,25,7,9,8,7,8,10,8,9,10,9,9,12,8,10,6,11,11,8,7,7,5,14,7,8,8,9,8,5,6,14,12,7,8,5,6,7,7,7,7,4,9,6,10,7,8,7,11,9,10,6,13,10,3,6,4,10,5,7,8,8,6,9,6,10,16,11,6,7,8,5,8,6,6,8,7,12,11,5,10,9,5,8,8,10,4,7,5,4,6,5,16,10,6,8,3,7,10,4,6,8,8,7,8,7,6,10,10,8,8,9,8,5,7,10,7,8,4,12,9,7,10,10,7,10,6,7,7,7,7,10,5,9,8,7,6,9,11,8,9,8,8,6,5,7,9,7,9,7,6,7,5,7,6,8,7,7,4,5,9,7,9,5,10,8,8,13,9,10,6,6,11,4,9,7,8,6,7,7,7,5,8,7,5,10,9,8,6,5,10,5,12,11,6,7,5,7,5,8,11,8,9,7,8,6,6,6,10,6,12,5,11,7,15,11,8,9,11,10,14,10,7,8,6,8,8,6,7,7,10,11,7,9,4,7,5,5,4,7,5,9,8,8,12,10,7,8,10,7,10,13,8,11,9,5,8,7,7,7,9,7,6,8,9,8,8,7,9,6,6,9,6,6,8,7,10,11,8,14,11,9,12,7,13,10,7,8,6,7,7,11,8,4,7,6,6,7,9,8,9,8,9,9,8,8,8,9,6,8,8,10,5,8,6,7,6,8,7,8,7,7,5,4,7,7,7,6,10,7,5,5,17,5,8,10,8,4,7,6,7,11,6,7,8,6,3,8,6,9,9,12,4,9,5,8,6,6,4,5,7,10,6,9,6,6,13,5,5,11,6,7,8,5,8,5,10,4,4,6,16,5,8,5,6,11,13,6,5,5,10,10,6,10,9,8,11,9,7,7,9,7,10,5,3,9,5,7,11,5,8,6,8,10,5,10,5,8,6,8,5,8,11,3,3,7,5,11,10,10,7,8,7,10,6,10,8,4,11,10,5,7,6,7,9,9,4,6,5,9,6,6,10,11,7,10,10,8,9,8,10,6,6,4,6,8,12,5,10,11,9,7,6,5,6,8,10,10,3,13,7,11,5,6,9,5,7,7,9,7,7,11,8,7,9,14,11,8,10,9,6,10,6,6,6,8,6,11,8,8,11,5,8,10,6,10,7,9,5,9,9,7,8,6,14,11,6,4,7,11,7,6,10,7,5,7,9,15,6,6,10,8,11,7,8,7,6,10,8,10,9,10,8,6,13,9,11,7,8,8,3,6,7,7,6,6,9,6,9,7,8,7,6,11,10,4,6,9,6,10,11,4,7,8,12,8,5,8,7,8,6,7,9,6,7,7,6,4,8,8,10,6,6,7,9,6,11,7,11,7,10,9,5,7,8,9,9,7,5,15,4,7,7,5,6,5,6,6,7,8,8,6,9,10,9,8,12,8,9,5,12,13,7,6,11,5,12,7,8,5,9,6,8,5,6,5,9,7,9,12,8,4,10,11,6,4,4,9,6,6,8,8,4,5,8,8,13,9,7,6,5,6,11,11,6,11,9,6,6,7,6,5,7,10,9,7,10,8,4,8,11,6,6,6,7,10,5,7,8,6,8,4,10,10,9,6,8,5,5,4,9,15,8,6,7,7,9,10,5,7,10,10,4,5,7,9,7,6,9,8,6,11,6,6,6,6,11,13,8,12,8,8,6,6,7,7,11,10,6,7,7,5,6,9,7,8,5,9,9,6,7,9,9,3,5,11,9,8,6,8,5,7,8,9,8,6,5,7,10,7,13,5,7,11,8,9,7,7,5,11,10,6,8,7,10,11,7,6,7,8,10,7,7,9,3,7,10,11,12,7,8,12,6,8,5,6,7,9,6,6,6,9,6,5,7,3,9,11,8,10,7,8,5,8,4,4,10,12,4,6,7,9,8,10,4,8,10,5,7,7,6,6,7,4,5,9,7,8,10,7,6,11,4,9,10,6,6,9,10,5,9,4,8,8,8,6,8,8,7,14,5,12,8,5,9,8,4,8,11,8,9,7,8,8,9,4,7,8,4,5,7,7,8,4,8,8,9,9,10,5,6,8,9,3,7,7,5,4,10,6,11,7,5,7,5,7,7,9,6,6,7,8,7,6,8,8,9,6,8,7,4,6,9,6,8,8,9,8,5,6,6,7,12,5,7,6,9,7,5,7,5,9,8,5,7,8,7,4,6,11,6,11,7,8,9,8,12,8,10,5,10,12,9,6,9,6,8,10,8,13,5,5,11,8,4,9,11,8,9,12,9,10,7,3,10,7,6,8,8,9,10,11,7,10,5,7,8,8,9,8,9,9,5,7,8,9,8,8,10,7,5,9,7,8,5,12,12,8,7,6,5,8,6,9,6,8,4,9,5,8,12,12,9,6,7,6,5,7,9,5,7,8,4,7,4,12,6,12,6,7,8,7,7,7,5,7,7,9,8,13,6,7,12,7,13,8,8,6,6,5,6,9,9,10,10,10,7,10,9,12,6,7,10,7,6,8,13,8,7,7,5,8,11,8,8,6,9,11,10,10
align-dinov2+500m-things+hyp-abl70-42-random,9,8,6,9,7,5,9,10,3,6,8,6,4,8,8,5,6,5,9,6,6,8,7,8,4,12,6,7,5,7,11,8,10,10,4,13,8,9,8,12,8,6,4,6,7,8,7,10,8,8,7,8,10,9,8,6,8,11,9,25,7,9,8,7,8,10,8,9,10,9,9,12,8,10,6,11,11,8,7,7,5,14,7,8,8,9,8,5,6,14,12,7,8,5,6,7,7,7,7,4,9,6,10,7,8,7,11,9,10,6,13,10,3,6,4,10,5,7,8,8,6,9,6,10,16,11,6,7,8,5,8,6,6,8,7,12,11,5,10,9,5,8,8,10,4,7,5,4,6,5,16,10,6,8,3,7,10,4,6,8,8,7,8,7,6,10,10,8,8,9,8,5,7,10,7,8,4,12,9,7,10,10,7,10,6,7,7,7,7,10,5,9,8,7,6,9,11,8,9,8,8,6,5,7,9,7,9,7,6,7,5,7,6,8,7,7,4,5,9,7,9,5,10,8,8,13,9,10,6,6,11,4,9,7,8,6,7,7,7,5,8,7,5,10,9,8,6,5,10,5,12,11,6,7,5,7,5,8,11,8,9,7,8,6,6,6,10,6,12,5,11,7,15,11,8,9,11,10,14,10,7,8,6,8,8,6,7,7,10,11,7,9,4,7,5,5,4,7,5,9,8,8,12,10,7,8,10,7,10,13,8,11,9,5,8,7,7,7,9,7,6,8,9,8,8,7,9,6,6,9,6,6,8,7,10,11,8,14,11,9,12,7,13,10,7,8,6,7,7,11,8,4,7,6,6,7,9,8,9,8,9,9,8,8,8,9,6,8,8,10,5,8,6,7,6,8,7,8,7,7,5,4,7,7,7,6,10,7,5,5,17,5,8,10,8,4,7,6,7,11,6,7,8,6,3,8,6,9,9,12,4,9,5,8,6,6,4,5,7,10,6,9,6,6,13,5,5,11,6,7,8,5,8,5,10,4,4,6,16,5,8,5,6,11,13,6,5,5,10,10,6,10,9,8,11,9,7,7,9,7,10,5,3,9,5,7,11,5,8,6,8,10,5,10,5,8,6,8,5,8,11,3,3,7,5,11,10,10,7,8,7,10,6,10,8,4,11,10,5,7,6,7,9,9,4,6,5,9,6,6,10,11,7,10,10,8,9,8,10,6,6,4,6,8,12,5,10,11,9,7,6,5,6,8,10,10,3,13,7,11,5,6,9,5,7,7,9,7,7,11,8,7,9,14,11,8,10,9,6,10,6,6,6,8,6,11,8,8,11,5,8,10,6,10,7,9,5,9,9,7,8,6,14,11,6,4,7,11,7,6,10,7,5,7,9,15,6,6,10,8,11,7,8,7,6,10,8,10,9,10,8,6,13,9,11,7,8,8,3,6,7,7,6,6,9,6,9,7,8,7,6,11,10,4,6,9,6,10,11,4,7,8,12,8,5,8,7,8,6,7,9,6,7,7,6,4,8,8,10,6,6,7,9,6,11,7,11,7,10,9,5,7,8,9,9,7,5,15,4,7,7,5,6,5,6,6,7,8,8,6,9,10,9,8,12,8,9,5,12,13,7,6,11,5,12,7,8,5,9,6,8,5,6,5,9,7,9,12,8,4,10,11,6,4,4,9,6,6,8,8,4,5,8,8,13,9,7,6,5,6,11,11,6,11,9,6,6,7,6,5,7,10,9,7,10,8,4,8,11,6,6,6,7,10,5,7,8,6,8,4,10,10,9,6,8,5,5,4,9,15,8,6,7,7,9,10,5,7,10,10,4,5,7,9,7,6,9,8,6,11,6,6,6,6,11,13,8,12,8,8,6,6,7,7,11,10,6,7,7,5,6,9,7,8,5,9,9,6,7,9,9,3,5,11,9,8,6,8,5,7,8,9,8,6,5,7,10,7,13,5,7,11,8,9,7,7,5,11,10,6,8,7,10,11,7,6,7,8,10,7,7,9,3,7,10,11,12,7,8,12,6,8,5,6,7,9,6,6,6,9,6,5,7,3,9,11,8,10,7,8,5,8,4,4,10,12,4,6,7,9,8,10,4,8,10,5,7,7,6,6,7,4,5,9,7,8,10,7,6,11,4,9,10,6,6,9,10,5,9,4,8,8,8,6,8,8,7,14,5,12,8,5,9,8,4,8,11,8,9,7,8,8,9,4,7,8,4,5,7,7,8,4,8,8,9,9,10,5,6,8,9,3,7,7,5,4,10,6,11,7,5,7,5,7,7,9,6,6,7,8,7,6,8,8,9,6,8,7,4,6,9,6,8,8,9,8,5,6,6,7,12,5,7,6,9,7,5,7,5,9,8,5,7,8,7,4,6,11,6,11,7,8,9,8,12,8,10,5,10,12,9,6,9,6,8,10,8,13,5,5,11,8,4,9,11,8,9,12,9,10,7,3,10,7,6,8,8,9,10,11,7,10,5,7,8,8,9,8,9,9,5,7,8,9,8,8,10,7,5,9,7,8,5,12,12,8,7,6,5,8,6,9,6,8,4,9,5,8,12,12,9,6,7,6,5,7,9,5,7,8,4,7,4,12,6,12,6,7,8,7,7,7,5,7,7,9,8,13,6,7,12,7,13,8,8,6,6,5,6,9,9,10,10,10,7,10,9,12,6,7,10,7,6,8,13,8,7,7,5,8,11,8,8,6,9,11,10,10
align-dinov2+500m-things+hyp-abl70-7,9,8,6,9,7,5,9,10,3,6,8,6,4,8,8,5,6,5,9,6,6,8,7,8,4,12,6,7,5,7,11,8,10,10,4,13,8,9,8,12,8,6,4,6,7,8,7,10,8,8,7,8,10,9,8,6,8,11,9,25,7,9,8,7,8,10,8,9,10,9,9,12,8,10,6,11,11,8,7,7,5,14,7,8,8,9,8,5,6,14,12,7,8,5,6,7,7,7,7,4,9,6,10,7,8,7,11,9,10,6,13,10,3,6,4,10,5,7,8,8,6,9,6,10,16,11,6,7,8,5,8,6,6,8,7,12,11,5,10,9,5,8,8,10,4,7,5,4,6,5,16,10,6,8,3,7,10,4,6,8,8,7,8,7,6,10,10,8,8,9,8,5,7,10,7,8,4,12,9,7,10,10,7,10,6,7,7,7,7,10,5,9,8,7,6,9,11,8,9,8,8,6,5,7,9,7,9,7,6,7,5,7,6,8,7,7,4,5,9,7,9,5,10,8,8,13,9,10,6,6,11,4,9,7,8,6,7,7,7,5,8,7,5,10,9,8,6,5,10,5,12,11,6,7,5,7,5,8,11,8,9,7,8,6,6,6,10,6,12,5,11,7,15,11,8,9,11,10,14,10,7,8,6,8,8,6,7,7,10,11,7,9,4,7,5,5,4,7,5,9,8,8,12,10,7,8,10,7,10,13,8,11,9,5,8,7,7,7,9,7,6,8,9,8,8,7,9,6,6,9,6,6,8,7,10,11,8,14,11,9,12,7,13,10,7,8,6,7,7,11,8,4,7,6,6,7,9,8,9,8,9,9,8,8,8,9,6,8,8,10,5,8,6,7,6,8,7,8,7,7,5,4,7,7,7,6,10,7,5,5,17,5,8,10,8,4,7,6,7,11,6,7,8,6,3,8,6,9,9,12,4,9,5,8,6,6,4,5,7,10,6,9,6,6,13,5,5,11,6,7,8,5,8,5,10,4,4,6,16,5,8,5,6,11,13,6,5,5,10,10,6,10,9,8,11,9,7,7,9,7,10,5,3,9,5,7,11,5,8,6,8,10,5,10,5,8,6,8,5,8,11,3,3,7,5,11,10,10,7,8,7,10,6,10,8,4,11,10,5,7,6,7,9,9,4,6,5,9,6,6,10,11,7,10,10,8,9,8,10,6,6,4,6,8,12,5,10,11,9,7,6,5,6,8,10,10,3,13,7,11,5,6,9,5,7,7,9,7,7,11,8,7,9,14,11,8,10,9,6,10,6,6,6,8,6,11,8,8,11,5,8,10,6,10,7,9,5,9,9,7,8,6,14,11,6,4,7,11,7,6,10,7,5,7,9,15,6,6,10,8,11,7,8,7,6,10,8,10,9,10,8,6,13,9,11,7,8,8,3,6,7,7,6,6,9,6,9,7,8,7,6,11,10,4,6,9,6,10,11,4,7,8,12,8,5,8,7,8,6,7,9,6,7,7,6,4,8,8,10,6,6,7,9,6,11,7,11,7,10,9,5,7,8,9,9,7,5,15,4,7,7,5,6,5,6,6,7,8,8,6,9,10,9,8,12,8,9,5,12,13,7,6,11,5,12,7,8,5,9,6,8,5,6,5,9,7,9,12,8,4,10,11,6,4,4,9,6,6,8,8,4,5,8,8,13,9,7,6,5,6,11,11,6,11,9,6,6,7,6,5,7,10,9,7,10,8,4,8,11,6,6,6,7,10,5,7,8,6,8,4,10,10,9,6,8,5,5,4,9,15,8,6,7,7,9,10,5,7,10,10,4,5,7,9,7,6,9,8,6,11,6,6,6,6,11,13,8,12,8,8,6,6,7,7,11,10,6,7,7,5,6,9,7,8,5,9,9,6,7,9,9,3,5,11,9,8,6,8,5,7,8,9,8,6,5,7,10,7,13,5,7,11,8,9,7,7,5,11,10,6,8,7,10,11,7,6,7,8,10,7,7,9,3,7,10,11,12,7,8,12,6,8,5,6,7,9,6,6,6,9,6,5,7,3,9,11,8,10,7,8,5,8,4,4,10,12,4,6,7,9,8,10,4,8,10,5,7,7,6,6,7,4,5,9,7,8,10,7,6,11,4,9,10,6,6,9,10,5,9,4,8,8,8,6,8,8,7,14,5,12,8,5,9,8,4,8,11,8,9,7,8,8,9,4,7,8,4,5,7,7,8,4,8,8,9,9,10,5,6,8,9,3,7,7,5,4,10,6,11,7,5,7,5,7,7,9,6,6,7,8,7,6,8,8,9,6,8,7,4,6,9,6,8,8,9,8,5,6,6,7,12,5,7,6,9,7,5,7,5,9,8,5,7,8,7,4,6,11,6,11,7,8,9,8,12,8,10,5,10,12,9,6,9,6,8,10,8,13,5,5,11,8,4,9,11,8,9,12,9,10,7,3,10,7,6,8,8,9,10,11,7,10,5,7,8,8,9,8,9,9,5,7,8,9,8,8,10,7,5,9,7,8,5,12,12,8,7,6,5,8,6,9,6,8,4,9,5,8,12,12,9,6,7,6,5,7,9,5,7,8,4,7,4,12,6,12,6,7,8,7,7,7,5,7,7,9,8,13,6,7,12,7,13,8,8,6,6,5,6,9,9,10,10,10,7,10,9,12,6,7,10,7,6,8,13,8,7,7,5,8,11,8,8,6,9,11,10,10
align-dinov2+500m-things+hyp-abl70-7-random,9,8,6,9,7,5,9,10,3,6,8,6,4,8,8,5,6,5,9,6,6,8,7,8,4,12,6,7,5,7,11,8,10,10,4,13,8,9,8,12,8,6,4,6,7,8,7,10,8,8,7,8,10,9,8,6,8,11,9,25,7,9,8,7,8,10,8,9,10,9,9,12,8,10,6,11,11,8,7,7,5,14,7,8,8,9,8,5,6,14,12,7,8,5,6,7,7,7,7,4,9,6,10,7,8,7,11,9,10,6,13,10,3,6,4,10,5,7,8,8,6,9,6,10,16,11,6,7,8,5,8,6,6,8,7,12,11,5,10,9,5,8,8,10,4,7,5,4,6,5,16,10,6,8,3,7,10,4,6,8,8,7,8,7,6,10,10,8,8,9,8,5,7,10,7,8,4,12,9,7,10,10,7,10,6,7,7,7,7,10,5,9,8,7,6,9,11,8,9,8,8,6,5,7,9,7,9,7,6,7,5,7,6,8,7,7,4,5,9,7,9,5,10,8,8,13,9,10,6,6,11,4,9,7,8,6,7,7,7,5,8,7,5,10,9,8,6,5,10,5,12,11,6,7,5,7,5,8,11,8,9,7,8,6,6,6,10,6,12,5,11,7,15,11,8,9,11,10,14,10,7,8,6,8,8,6,7,7,10,11,7,9,4,7,5,5,4,7,5,9,8,8,12,10,7,8,10,7,10,13,8,11,9,5,8,7,7,7,9,7,6,8,9,8,8,7,9,6,6,9,6,6,8,7,10,11,8,14,11,9,12,7,13,10,7,8,6,7,7,11,8,4,7,6,6,7,9,8,9,8,9,9,8,8,8,9,6,8,8,10,5,8,6,7,6,8,7,8,7,7,5,4,7,7,7,6,10,7,5,5,17,5,8,10,8,4,7,6,7,11,6,7,8,6,3,8,6,9,9,12,4,9,5,8,6,6,4,5,7,10,6,9,6,6,13,5,5,11,6,7,8,5,8,5,10,4,4,6,16,5,8,5,6,11,13,6,5,5,10,10,6,10,9,8,11,9,7,7,9,7,10,5,3,9,5,7,11,5,8,6,8,10,5,10,5,8,6,8,5,8,11,3,3,7,5,11,10,10,7,8,7,10,6,10,8,4,11,10,5,7,6,7,9,9,4,6,5,9,6,6,10,11,7,10,10,8,9,8,10,6,6,4,6,8,12,5,10,11,9,7,6,5,6,8,10,10,3,13,7,11,5,6,9,5,7,7,9,7,7,11,8,7,9,14,11,8,10,9,6,10,6,6,6,8,6,11,8,8,11,5,8,10,6,10,7,9,5,9,9,7,8,6,14,11,6,4,7,11,7,6,10,7,5,7,9,15,6,6,10,8,11,7,8,7,6,10,8,10,9,10,8,6,13,9,11,7,8,8,3,6,7,7,6,6,9,6,9,7,8,7,6,11,10,4,6,9,6,10,11,4,7,8,12,8,5,8,7,8,6,7,9,6,7,7,6,4,8,8,10,6,6,7,9,6,11,7,11,7,10,9,5,7,8,9,9,7,5,15,4,7,7,5,6,5,6,6,7,8,8,6,9,10,9,8,12,8,9,5,12,13,7,6,11,5,12,7,8,5,9,6,8,5,6,5,9,7,9,12,8,4,10,11,6,4,4,9,6,6,8,8,4,5,8,8,13,9,7,6,5,6,11,11,6,11,9,6,6,7,6,5,7,10,9,7,10,8,4,8,11,6,6,6,7,10,5,7,8,6,8,4,10,10,9,6,8,5,5,4,9,15,8,6,7,7,9,10,5,7,10,10,4,5,7,9,7,6,9,8,6,11,6,6,6,6,11,13,8,12,8,8,6,6,7,7,11,10,6,7,7,5,6,9,7,8,5,9,9,6,7,9,9,3,5,11,9,8,6,8,5,7,8,9,8,6,5,7,10,7,13,5,7,11,8,9,7,7,5,11,10,6,8,7,10,11,7,6,7,8,10,7,7,9,3,7,10,11,12,7,8,12,6,8,5,6,7,9,6,6,6,9,6,5,7,3,9,11,8,10,7,8,5,8,4,4,10,12,4,6,7,9,8,10,4,8,10,5,7,7,6,6,7,4,5,9,7,8,10,7,6,11,4,9,10,6,6,9,10,5,9,4,8,8,8,6,8,8,7,14,5,12,8,5,9,8,4,8,11,8,9,7,8,8,9,4,7,8,4,5,7,7,8,4,8,8,9,9,10,5,6,8,9,3,7,7,5,4,10,6,11,7,5,7,5,7,7,9,6,6,7,8,7,6,8,8,9,6,8,7,4,6,9,6,8,8,9,8,5,6,6,7,12,5,7,6,9,7,5,7,5,9,8,5,7,8,7,4,6,11,6,11,7,8,9,8,12,8,10,5,10,12,9,6,9,6,8,10,8,13,5,5,11,8,4,9,11,8,9,12,9,10,7,3,10,7,6,8,8,9,10,11,7,10,5,7,8,8,9,8,9,9,5,7,8,9,8,8,10,7,5,9,7,8,5,12,12,8,7,6,5,8,6,9,6,8,4,9,5,8,12,12,9,6,7,6,5,7,9,5,7,8,4,7,4,12,6,12,6,7,8,7,7,7,5,7,7,9,8,13,6,7,12,7,13,8,8,6,6,5,6,9,9,10,10,10,7,10,9,12,6,7,10,7,6,8,13,8,7,7,5,8,11,8,8,6,9,11,10,10
align-dinov2+500m-things+hyp-abl70-local-shuffled-218,4,7,11,8,5,8,9,7,8,6,11,10,6,9,7,8,10,14,9,6,10,8,9,6,7,7,7,9,11,7,9,7,9,5,7,7,10,8,7,10,6,8,5,8,9,6,7,6,10,6,6,4,9,10,8,7,7,4,5,19,10,4,9,7,9,9,7,7,5,8,9,5,7,10,10,8,5,7,7,4,7,10,7,9,5,11,5,5,8,8,12,7,10,9,9,8,10,8,6,9,9,8,7,10,11,6,10,9,9,9,10,8,10,7,7,9,8,8,9,10,8,7,7,4,15,11,8,7,8,5,8,11,8,9,10,9,9,6,10,4,5,7,8,8,6,9,7,7,6,8,15,6,4,8,7,8,4,8,5,6,8,8,5,5,9,7,6,8,6,7,5,6,10,7,6,7,9,9,7,5,6,9,10,6,11,6,7,7,7,5,8,4,9,6,9,10,8,8,10,6,10,4,5,5,13,4,5,7,7,9,9,4,6,8,7,6,4,6,6,9,7,4,10,5,11,7,9,8,6,7,15,7,5,8,8,9,6,6,7,5,9,6,7,11,8,13,6,12,6,9,8,8,7,8,7,5,7,9,9,7,7,9,10,7,5,10,8,9,8,5,8,7,8,7,6,8,6,10,6,7,9,5,9,7,8,5,7,6,5,9,10,5,7,10,7,5,10,6,11,6,6,6,11,5,9,10,8,8,5,9,11,8,9,6,6,5,10,8,9,9,9,13,9,5,8,7,6,9,6,7,7,3,6,10,9,7,9,8,8,10,8,8,8,9,8,12,7,7,6,8,10,7,8,12,6,4,5,6,9,8,8,6,5,7,4,7,10,6,6,7,10,8,8,3,4,6,8,5,6,10,4,6,9,7,8,7,6,11,8,10,16,8,12,7,4,6,6,7,11,13,7,10,11,9,7,7,6,8,6,6,7,8,4,6,6,9,7,10,10,8,9,10,8,5,7,10,8,4,8,8,8,7,10,8,5,6,9,5,5,9,10,10,8,6,6,9,12,9,11,5,9,10,9,10,7,9,8,11,7,7,7,5,8,7,7,11,7,6,7,8,9,7,8,8,7,11,5,4,9,7,7,5,10,5,6,8,8,7,7,5,10,7,10,11,4,6,9,5,9,8,11,8,6,9,5,10,13,7,8,9,9,6,5,6,10,8,10,8,8,11,8,6,6,9,9,9,10,5,10,5,5,10,7,9,8,10,8,6,10,8,6,11,10,7,7,7,5,7,8,8,7,9,12,16,9,8,8,10,11,9,8,4,8,6,8,6,7,4,5,9,5,6,6,10,9,7,8,9,7,10,7,4,10,8,8,4,6,6,5,9,10,8,8,8,10,5,5,7,6,4,8,9,5,5,7,13,5,8,12,7,8,13,5,7,8,8,9,5,10,9,8,7,12,9,5,10,6,8,6,7,8,7,10,12,6,7,7,8,7,11,5,4,7,5,8,7,6,7,4,12,11,8,8,8,10,5,10,11,9,9,8,7,10,7,5,6,9,9,8,5,6,7,10,8,6,4,6,8,5,5,5,7,6,7,8,8,5,7,12,7,11,12,3,12,5,7,7,5,8,6,5,9,8,9,6,8,9,8,12,8,6,9,8,8,4,8,9,8,5,10,5,6,7,12,10,9,9,10,9,15,8,6,5,5,4,9,6,9,7,13,6,11,6,5,11,6,8,6,6,7,8,7,7,6,5,8,5,13,6,8,8,9,8,8,7,8,10,9,7,8,8,9,10,7,9,10,12,6,5,9,7,5,8,8,6,8,9,8,9,5,8,8,6,9,7,9,7,5,7,12,10,7,8,7,12,14,8,7,7,6,8,7,5,10,7,7,8,10,8,6,9,13,10,6,7,6,6,10,12,11,6,3,9,9,5,9,12,7,8,6,7,9,7,6,9,10,7,9,8,10,13,15,11,7,9,11,8,7,12,5,6,8,6,4,9,8,6,5,13,7,6,11,6,6,8,7,8,6,6,8,7,10,4,5,8,9,10,6,13,7,5,9,9,9,8,8,7,9,5,11,8,10,6,9,9,7,8,5,9,7,8,7,9,8,13,10,8,6,7,6,9,8,7,6,6,4,5,6,8,4,7,5,7,6,5,7,10,6,6,4,8,11,6,15,7,8,10,6,6,7,6,10,7,10,10,7,8,11,9,7,7,11,10,11,6,9,5,10,9,8,7,10,10,5,11,9,9,10,7,4,8,7,6,8,7,8,9,6,7,6,8,13,8,8,4,8,7,7,7,4,12,10,6,10,6,9,11,7,9,6,9,10,8,7,7,9,6,6,5,5,8,5,6,9,4,9,11,12,12,9,7,7,10,13,10,8,5,6,7,6,10,9,6,10,6,11,6,9,7,16,10,6,6,7,8,10,8,10,4,5,8,11,8,6,7,11,7,9,6,10,9,7,7,8,10,6,7,7,9,5,4,9,5,8,8,5,8,8,9,7,6,10,6,14,5,8,5,9,9,6,4,11,8,7,10,7,6,4,11,14,6,9,5,6,9,8,5,9,9,12,8,6,14,6,4,8,5,8,8,8,9,5,9,5,7,7,7,4,10,10,9,12,7,6,5,7,6,6,10,8,5,8,8,9,9,7,7,8,3,5,9,7,7,6,7,6,6,4,8,9,7,4,7,6,7,13,10,7,6,9,6,8,7,7,7,6,6,6
align-dinov2+500m-things+hyp-abl70-local-shuffled-42,4,7,11,8,5,8,9,7,8,6,11,10,6,9,7,8,10,14,9,6,10,8,9,6,7,7,7,9,11,7,9,7,9,5,7,7,10,8,7,10,6,8,5,8,9,6,7,6,10,6,6,4,9,10,8,7,7,4,5,19,10,4,9,7,9,9,7,7,5,8,9,5,7,10,10,8,5,7,7,4,7,10,7,9,5,11,5,5,8,8,12,7,10,9,9,8,10,8,6,9,9,8,7,10,11,6,10,9,9,9,10,8,10,7,7,9,8,8,9,10,8,7,7,4,15,11,8,7,8,5,8,11,8,9,10,9,9,6,10,4,5,7,8,8,6,9,7,7,6,8,15,6,4,8,7,8,4,8,5,6,8,8,5,5,9,7,6,8,6,7,5,6,10,7,6,7,9,9,7,5,6,9,10,6,11,6,7,7,7,5,8,4,9,6,9,10,8,8,10,6,10,4,5,5,13,4,5,7,7,9,9,4,6,8,7,6,4,6,6,9,7,4,10,5,11,7,9,8,6,7,15,7,5,8,8,9,6,6,7,5,9,6,7,11,8,13,6,12,6,9,8,8,7,8,7,5,7,9,9,7,7,9,10,7,5,10,8,9,8,5,8,7,8,7,6,8,6,10,6,7,9,5,9,7,8,5,7,6,5,9,10,5,7,10,7,5,10,6,11,6,6,6,11,5,9,10,8,8,5,9,11,8,9,6,6,5,10,8,9,9,9,13,9,5,8,7,6,9,6,7,7,3,6,10,9,7,9,8,8,10,8,8,8,9,8,12,7,7,6,8,10,7,8,12,6,4,5,6,9,8,8,6,5,7,4,7,10,6,6,7,10,8,8,3,4,6,8,5,6,10,4,6,9,7,8,7,6,11,8,10,16,8,12,7,4,6,6,7,11,13,7,10,11,9,7,7,6,8,6,6,7,8,4,6,6,9,7,10,10,8,9,10,8,5,7,10,8,4,8,8,8,7,10,8,5,6,9,5,5,9,10,10,8,6,6,9,12,9,11,5,9,10,9,10,7,9,8,11,7,7,7,5,8,7,7,11,7,6,7,8,9,7,8,8,7,11,5,4,9,7,7,5,10,5,6,8,8,7,7,5,10,7,10,11,4,6,9,5,9,8,11,8,6,9,5,10,13,7,8,9,9,6,5,6,10,8,10,8,8,11,8,6,6,9,9,9,10,5,10,5,5,10,7,9,8,10,8,6,10,8,6,11,10,7,7,7,5,7,8,8,7,9,12,16,9,8,8,10,11,9,8,4,8,6,8,6,7,4,5,9,5,6,6,10,9,7,8,9,7,10,7,4,10,8,8,4,6,6,5,9,10,8,8,8,10,5,5,7,6,4,8,9,5,5,7,13,5,8,12,7,8,13,5,7,8,8,9,5,10,9,8,7,12,9,5,10,6,8,6,7,8,7,10,12,6,7,7,8,7,11,5,4,7,5,8,7,6,7,4,12,11,8,8,8,10,5,10,11,9,9,8,7,10,7,5,6,9,9,8,5,6,7,10,8,6,4,6,8,5,5,5,7,6,7,8,8,5,7,12,7,11,12,3,12,5,7,7,5,8,6,5,9,8,9,6,8,9,8,12,8,6,9,8,8,4,8,9,8,5,10,5,6,7,12,10,9,9,10,9,15,8,6,5,5,4,9,6,9,7,13,6,11,6,5,11,6,8,6,6,7,8,7,7,6,5,8,5,13,6,8,8,9,8,8,7,8,10,9,7,8,8,9,10,7,9,10,12,6,5,9,7,5,8,8,6,8,9,8,9,5,8,8,6,9,7,9,7,5,7,12,10,7,8,7,12,14,8,7,7,6,8,7,5,10,7,7,8,10,8,6,9,13,10,6,7,6,6,10,12,11,6,3,9,9,5,9,12,7,8,6,7,9,7,6,9,10,7,9,8,10,13,15,11,7,9,11,8,7,12,5,6,8,6,4,9,8,6,5,13,7,6,11,6,6,8,7,8,6,6,8,7,10,4,5,8,9,10,6,13,7,5,9,9,9,8,8,7,9,5,11,8,10,6,9,9,7,8,5,9,7,8,7,9,8,13,10,8,6,7,6,9,8,7,6,6,4,5,6,8,4,7,5,7,6,5,7,10,6,6,4,8,11,6,15,7,8,10,6,6,7,6,10,7,10,10,7,8,11,9,7,7,11,10,11,6,9,5,10,9,8,7,10,10,5,11,9,9,10,7,4,8,7,6,8,7,8,9,6,7,6,8,13,8,8,4,8,7,7,7,4,12,10,6,10,6,9,11,7,9,6,9,10,8,7,7,9,6,6,5,5,8,5,6,9,4,9,11,12,12,9,7,7,10,13,10,8,5,6,7,6,10,9,6,10,6,11,6,9,7,16,10,6,6,7,8,10,8,10,4,5,8,11,8,6,7,11,7,9,6,10,9,7,7,8,10,6,7,7,9,5,4,9,5,8,8,5,8,8,9,7,6,10,6,14,5,8,5,9,9,6,4,11,8,7,10,7,6,4,11,14,6,9,5,6,9,8,5,9,9,12,8,6,14,6,4,8,5,8,8,8,9,5,9,5,7,7,7,4,10,10,9,12,7,6,5,7,6,6,10,8,5,8,8,9,9,7,7,8,3,5,9,7,7,6,7,6,6,4,8,9,7,4,7,6,7,13,10,7,6,9,6,8,7,7,7,6,6,6
align-dinov2+500m-things+hyp-abl70-local-shuffled-7,4,7,11,8,5,8,9,7,8,6,11,10,6,9,7,8,10,14,9,6,10,8,9,6,7,7,7,9,11,7,9,7,9,5,7,7,10,8,7,10,6,8,5,8,9,6,7,6,10,6,6,4,9,10,8,7,7,4,5,19,10,4,9,7,9,9,7,7,5,8,9,5,7,10,10,8,5,7,7,4,7,10,7,9,5,11,5,5,8,8,12,7,10,9,9,8,10,8,6,9,9,8,7,10,11,6,10,9,9,9,10,8,10,7,7,9,8,8,9,10,8,7,7,4,15,11,8,7,8,5,8,11,8,9,10,9,9,6,10,4,5,7,8,8,6,9,7,7,6,8,15,6,4,8,7,8,4,8,5,6,8,8,5,5,9,7,6,8,6,7,5,6,10,7,6,7,9,9,7,5,6,9,10,6,11,6,7,7,7,5,8,4,9,6,9,10,8,8,10,6,10,4,5,5,13,4,5,7,7,9,9,4,6,8,7,6,4,6,6,9,7,4,10,5,11,7,9,8,6,7,15,7,5,8,8,9,6,6,7,5,9,6,7,11,8,13,6,12,6,9,8,8,7,8,7,5,7,9,9,7,7,9,10,7,5,10,8,9,8,5,8,7,8,7,6,8,6,10,6,7,9,5,9,7,8,5,7,6,5,9,10,5,7,10,7,5,10,6,11,6,6,6,11,5,9,10,8,8,5,9,11,8,9,6,6,5,10,8,9,9,9,13,9,5,8,7,6,9,6,7,7,3,6,10,9,7,9,8,8,10,8,8,8,9,8,12,7,7,6,8,10,7,8,12,6,4,5,6,9,8,8,6,5,7,4,7,10,6,6,7,10,8,8,3,4,6,8,5,6,10,4,6,9,7,8,7,6,11,8,10,16,8,12,7,4,6,6,7,11,13,7,10,11,9,7,7,6,8,6,6,7,8,4,6,6,9,7,10,10,8,9,10,8,5,7,10,8,4,8,8,8,7,10,8,5,6,9,5,5,9,10,10,8,6,6,9,12,9,11,5,9,10,9,10,7,9,8,11,7,7,7,5,8,7,7,11,7,6,7,8,9,7,8,8,7,11,5,4,9,7,7,5,10,5,6,8,8,7,7,5,10,7,10,11,4,6,9,5,9,8,11,8,6,9,5,10,13,7,8,9,9,6,5,6,10,8,10,8,8,11,8,6,6,9,9,9,10,5,10,5,5,10,7,9,8,10,8,6,10,8,6,11,10,7,7,7,5,7,8,8,7,9,12,16,9,8,8,10,11,9,8,4,8,6,8,6,7,4,5,9,5,6,6,10,9,7,8,9,7,10,7,4,10,8,8,4,6,6,5,9,10,8,8,8,10,5,5,7,6,4,8,9,5,5,7,13,5,8,12,7,8,13,5,7,8,8,9,5,10,9,8,7,12,9,5,10,6,8,6,7,8,7,10,12,6,7,7,8,7,11,5,4,7,5,8,7,6,7,4,12,11,8,8,8,10,5,10,11,9,9,8,7,10,7,5,6,9,9,8,5,6,7,10,8,6,4,6,8,5,5,5,7,6,7,8,8,5,7,12,7,11,12,3,12,5,7,7,5,8,6,5,9,8,9,6,8,9,8,12,8,6,9,8,8,4,8,9,8,5,10,5,6,7,12,10,9,9,10,9,15,8,6,5,5,4,9,6,9,7,13,6,11,6,5,11,6,8,6,6,7,8,7,7,6,5,8,5,13,6,8,8,9,8,8,7,8,10,9,7,8,8,9,10,7,9,10,12,6,5,9,7,5,8,8,6,8,9,8,9,5,8,8,6,9,7,9,7,5,7,12,10,7,8,7,12,14,8,7,7,6,8,7,5,10,7,7,8,10,8,6,9,13,10,6,7,6,6,10,12,11,6,3,9,9,5,9,12,7,8,6,7,9,7,6,9,10,7,9,8,10,13,15,11,7,9,11,8,7,12,5,6,8,6,4,9,8,6,5,13,7,6,11,6,6,8,7,8,6,6,8,7,10,4,5,8,9,10,6,13,7,5,9,9,9,8,8,7,9,5,11,8,10,6,9,9,7,8,5,9,7,8,7,9,8,13,10,8,6,7,6,9,8,7,6,6,4,5,6,8,4,7,5,7,6,5,7,10,6,6,4,8,11,6,15,7,8,10,6,6,7,6,10,7,10,10,7,8,11,9,7,7,11,10,11,6,9,5,10,9,8,7,10,10,5,11,9,9,10,7,4,8,7,6,8,7,8,9,6,7,6,8,13,8,8,4,8,7,7,7,4,12,10,6,10,6,9,11,7,9,6,9,10,8,7,7,9,6,6,5,5,8,5,6,9,4,9,11,12,12,9,7,7,10,13,10,8,5,6,7,6,10,9,6,10,6,11,6,9,7,16,10,6,6,7,8,10,8,10,4,5,8,11,8,6,7,11,7,9,6,10,9,7,7,8,10,6,7,7,9,5,4,9,5,8,8,5,8,8,9,7,6,10,6,14,5,8,5,9,9,6,4,11,8,7,10,7,6,4,11,14,6,9,5,6,9,8,5,9,9,12,8,6,14,6,4,8,5,8,8,8,9,5,9,5,7,7,7,4,10,10,9,12,7,6,5,7,6,6,10,8,5,8,8,9,9,7,7,8,3,5,9,7,7,6,7,6,6,4,8,9,7,4,7,6,7,13,10,7,6,9,6,8,7,7,7,6,6,6
align-dinov2+500m-things+hyp-abl70-shuffled-218,10,7,9,9,7,8,4,4,8,5,7,7,9,7,9,7,8,11,6,8,4,5,6,11,9,9,7,7,4,11,9,11,8,7,9,6,6,7,8,5,6,11,7,8,6,10,9,5,9,11,6,6,3,8,6,9,4,10,6,23,7,6,8,6,12,7,7,9,11,8,6,8,7,6,11,7,10,8,11,4,8,6,11,4,4,5,10,9,9,5,5,8,8,8,5,7,11,7,6,9,11,8,6,13,6,7,6,7,10,4,6,8,8,8,8,9,6,7,7,8,9,6,13,6,11,4,9,8,12,11,5,5,7,5,8,8,7,7,9,11,9,9,9,6,5,6,6,5,5,9,13,7,6,12,7,11,6,8,7,11,8,9,7,10,12,6,8,6,10,9,12,6,8,6,3,6,6,12,9,7,7,6,8,6,10,9,11,8,8,9,4,7,7,7,8,7,4,7,5,6,7,9,5,10,11,5,7,10,6,8,6,7,9,8,10,14,9,5,7,7,5,6,7,7,7,9,4,8,9,8,7,8,5,6,9,6,8,7,5,7,6,7,12,11,11,5,8,10,7,8,7,4,7,5,8,7,7,8,6,8,9,9,8,7,9,7,8,6,12,9,7,7,5,7,12,6,6,5,8,7,10,9,8,12,7,9,7,11,7,4,6,7,7,6,7,7,4,11,9,9,7,7,7,8,7,5,7,7,6,10,5,9,8,6,12,11,4,6,9,5,7,8,8,10,8,8,12,5,10,8,7,8,10,11,7,5,9,5,8,9,7,10,9,8,7,5,7,5,8,6,8,10,9,8,10,8,4,5,11,8,10,7,7,10,5,10,8,9,5,5,11,8,5,8,10,7,7,7,8,9,6,7,14,8,12,3,12,6,6,7,13,5,16,10,7,10,7,8,6,5,8,9,8,10,5,4,9,4,9,5,8,6,4,8,8,12,6,7,6,4,7,5,11,8,10,10,5,9,10,12,6,7,7,6,5,10,10,8,9,7,7,6,4,12,6,9,7,8,8,11,4,5,7,7,5,7,4,8,9,11,8,4,8,10,5,9,7,9,5,7,10,8,6,11,10,11,5,6,8,8,5,8,10,11,5,9,10,10,8,8,5,9,8,3,8,8,4,8,7,10,7,8,10,6,12,9,4,7,6,7,7,11,5,3,13,7,6,7,6,7,10,9,5,8,6,4,6,11,7,9,9,8,9,13,9,10,6,5,10,5,8,6,8,13,7,5,6,5,3,9,8,10,11,15,9,7,13,7,8,8,4,12,7,8,8,8,4,10,8,5,10,6,7,7,9,5,9,6,11,10,10,6,8,11,8,7,14,6,10,8,12,5,5,7,5,8,8,11,10,5,10,7,9,7,6,6,12,6,5,7,11,10,5,3,9,7,9,14,14,3,8,7,11,5,12,7,5,5,10,9,6,12,5,5,10,6,7,6,5,6,14,11,6,7,7,10,6,8,4,6,9,7,8,5,5,7,9,12,8,9,8,9,10,7,7,6,8,9,8,7,10,6,6,5,10,10,5,5,8,9,8,9,7,7,10,8,8,7,7,6,9,9,7,14,7,6,9,11,9,10,5,8,9,9,8,7,8,6,10,7,11,4,4,8,7,13,7,4,8,10,7,6,9,7,7,6,8,8,8,5,8,9,7,5,10,6,10,8,5,8,8,6,6,7,7,8,8,6,9,5,5,5,6,7,6,10,10,11,11,8,8,6,10,10,11,9,9,5,11,7,10,5,9,5,5,7,7,3,4,10,6,7,8,9,10,8,11,11,10,7,10,10,6,8,6,8,7,8,5,7,10,7,5,6,10,8,11,6,9,9,13,8,6,6,5,6,8,10,6,6,6,6,6,8,11,9,11,6,5,9,7,8,10,9,10,5,8,6,7,5,8,4,7,7,7,7,9,10,9,7,9,10,6,8,9,7,9,8,9,8,7,6,6,6,5,12,5,7,7,9,6,5,8,9,13,9,7,9,5,6,9,6,5,12,6,12,6,8,8,6,9,6,8,5,10,6,10,10,9,4,7,10,7,8,8,6,10,8,5,9,5,7,5,8,6,4,13,7,5,5,14,6,8,11,6,4,10,8,9,10,7,11,7,5,4,4,10,8,6,9,8,5,11,9,11,8,9,8,11,8,10,4,4,7,9,5,6,7,10,6,5,8,6,9,5,7,6,8,7,7,7,9,5,5,6,8,6,7,9,5,11,8,10,7,9,10,6,6,8,4,9,6,7,7,8,6,8,6,9,8,10,10,10,6,4,8,5,7,8,6,7,7,10,7,9,7,8,7,4,10,9,10,7,10,8,7,8,9,5,7,6,7,8,8,7,11,6,9,10,8,8,7,7,5,6,9,7,9,9,8,10,8,7,8,8,8,8,8,8,4,11,6,7,7,7,6,8,8,7,4,6,10,10,4,6,5,5,10,9,9,5,9,6,10,4,11,5,8,7,10,7,14,11,8,11,8,6,12,13,8,12,9,6,4,9,6,13,7,11,8,9,9,7,6,10,9,15,10,7,6,9,9,9,11,11,7,6,11,5,11,5,5,6,8,6,7,10,12,8,6,5,10,6,10,6,6,7,7,8,6,9,8,7,8,10,4,8,5,4,5,7,13,6,9,11,9,9,9,11,6,10,7,8,7,5,8,6,6,10,7,6,5,6,8,8,8,12,8
align-dinov2+500m-things+hyp-abl70-shuffled-42,10,7,9,9,7,8,4,4,8,5,7,7,9,7,9,7,8,11,6,8,4,5,6,11,9,9,7,7,4,11,9,11,8,7,9,6,6,7,8,5,6,11,7,8,6,10,9,5,9,11,6,6,3,8,6,9,4,10,6,23,7,6,8,6,12,7,7,9,11,8,6,8,7,6,11,7,10,8,11,4,8,6,11,4,4,5,10,9,9,5,5,8,8,8,5,7,11,7,6,9,11,8,6,13,6,7,6,7,10,4,6,8,8,8,8,9,6,7,7,8,9,6,13,6,11,4,9,8,12,11,5,5,7,5,8,8,7,7,9,11,9,9,9,6,5,6,6,5,5,9,13,7,6,12,7,11,6,8,7,11,8,9,7,10,12,6,8,6,10,9,12,6,8,6,3,6,6,12,9,7,7,6,8,6,10,9,11,8,8,9,4,7,7,7,8,7,4,7,5,6,7,9,5,10,11,5,7,10,6,8,6,7,9,8,10,14,9,5,7,7,5,6,7,7,7,9,4,8,9,8,7,8,5,6,9,6,8,7,5,7,6,7,12,11,11,5,8,10,7,8,7,4,7,5,8,7,7,8,6,8,9,9,8,7,9,7,8,6,12,9,7,7,5,7,12,6,6,5,8,7,10,9,8,12,7,9,7,11,7,4,6,7,7,6,7,7,4,11,9,9,7,7,7,8,7,5,7,7,6,10,5,9,8,6,12,11,4,6,9,5,7,8,8,10,8,8,12,5,10,8,7,8,10,11,7,5,9,5,8,9,7,10,9,8,7,5,7,5,8,6,8,10,9,8,10,8,4,5,11,8,10,7,7,10,5,10,8,9,5,5,11,8,5,8,10,7,7,7,8,9,6,7,14,8,12,3,12,6,6,7,13,5,16,10,7,10,7,8,6,5,8,9,8,10,5,4,9,4,9,5,8,6,4,8,8,12,6,7,6,4,7,5,11,8,10,10,5,9,10,12,6,7,7,6,5,10,10,8,9,7,7,6,4,12,6,9,7,8,8,11,4,5,7,7,5,7,4,8,9,11,8,4,8,10,5,9,7,9,5,7,10,8,6,11,10,11,5,6,8,8,5,8,10,11,5,9,10,10,8,8,5,9,8,3,8,8,4,8,7,10,7,8,10,6,12,9,4,7,6,7,7,11,5,3,13,7,6,7,6,7,10,9,5,8,6,4,6,11,7,9,9,8,9,13,9,10,6,5,10,5,8,6,8,13,7,5,6,5,3,9,8,10,11,15,9,7,13,7,8,8,4,12,7,8,8,8,4,10,8,5,10,6,7,7,9,5,9,6,11,10,10,6,8,11,8,7,14,6,10,8,12,5,5,7,5,8,8,11,10,5,10,7,9,7,6,6,12,6,5,7,11,10,5,3,9,7,9,14,14,3,8,7,11,5,12,7,5,5,10,9,6,12,5,5,10,6,7,6,5,6,14,11,6,7,7,10,6,8,4,6,9,7,8,5,5,7,9,12,8,9,8,9,10,7,7,6,8,9,8,7,10,6,6,5,10,10,5,5,8,9,8,9,7,7,10,8,8,7,7,6,9,9,7,14,7,6,9,11,9,10,5,8,9,9,8,7,8,6,10,7,11,4,4,8,7,13,7,4,8,10,7,6,9,7,7,6,8,8,8,5,8,9,7,5,10,6,10,8,5,8,8,6,6,7,7,8,8,6,9,5,5,5,6,7,6,10,10,11,11,8,8,6,10,10,11,9,9,5,11,7,10,5,9,5,5,7,7,3,4,10,6,7,8,9,10,8,11,11,10,7,10,10,6,8,6,8,7,8,5,7,10,7,5,6,10,8,11,6,9,9,13,8,6,6,5,6,8,10,6,6,6,6,6,8,11,9,11,6,5,9,7,8,10,9,10,5,8,6,7,5,8,4,7,7,7,7,9,10,9,7,9,10,6,8,9,7,9,8,9,8,7,6,6,6,5,12,5,7,7,9,6,5,8,9,13,9,7,9,5,6,9,6,5,12,6,12,6,8,8,6,9,6,8,5,10,6,10,10,9,4,7,10,7,8,8,6,10,8,5,9,5,7,5,8,6,4,13,7,5,5,14,6,8,11,6,4,10,8,9,10,7,11,7,5,4,4,10,8,6,9,8,5,11,9,11,8,9,8,11,8,10,4,4,7,9,5,6,7,10,6,5,8,6,9,5,7,6,8,7,7,7,9,5,5,6,8,6,7,9,5,11,8,10,7,9,10,6,6,8,4,9,6,7,7,8,6,8,6,9,8,10,10,10,6,4,8,5,7,8,6,7,7,10,7,9,7,8,7,4,10,9,10,7,10,8,7,8,9,5,7,6,7,8,8,7,11,6,9,10,8,8,7,7,5,6,9,7,9,9,8,10,8,7,8,8,8,8,8,8,4,11,6,7,7,7,6,8,8,7,4,6,10,10,4,6,5,5,10,9,9,5,9,6,10,4,11,5,8,7,10,7,14,11,8,11,8,6,12,13,8,12,9,6,4,9,6,13,7,11,8,9,9,7,6,10,9,15,10,7,6,9,9,9,11,11,7,6,11,5,11,5,5,6,8,6,7,10,12,8,6,5,10,6,10,6,6,7,7,8,6,9,8,7,8,10,4,8,5,4,5,7,13,6,9,11,9,9,9,11,6,10,7,8,7,5,8,6,6,10,7,6,5,6,8,8,8,12,8
align-dinov2+500m-things+hyp-abl70-shuffled-7,10,7,9,9,7,8,4,4,8,5,7,7,9,7,9,7,8,11,6,8,4,5,6,11,9,9,7,7,4,11,9,11,8,7,9,6,6,7,8,5,6,11,7,8,6,10,9,5,9,11,6,6,3,8,6,9,4,10,6,23,7,6,8,6,12,7,7,9,11,8,6,8,7,6,11,7,10,8,11,4,8,6,11,4,4,5,10,9,9,5,5,8,8,8,5,7,11,7,6,9,11,8,6,13,6,7,6,7,10,4,6,8,8,8,8,9,6,7,7,8,9,6,13,6,11,4,9,8,12,11,5,5,7,5,8,8,7,7,9,11,9,9,9,6,5,6,6,5,5,9,13,7,6,12,7,11,6,8,7,11,8,9,7,10,12,6,8,6,10,9,12,6,8,6,3,6,6,12,9,7,7,6,8,6,10,9,11,8,8,9,4,7,7,7,8,7,4,7,5,6,7,9,5,10,11,5,7,10,6,8,6,7,9,8,10,14,9,5,7,7,5,6,7,7,7,9,4,8,9,8,7,8,5,6,9,6,8,7,5,7,6,7,12,11,11,5,8,10,7,8,7,4,7,5,8,7,7,8,6,8,9,9,8,7,9,7,8,6,12,9,7,7,5,7,12,6,6,5,8,7,10,9,8,12,7,9,7,11,7,4,6,7,7,6,7,7,4,11,9,9,7,7,7,8,7,5,7,7,6,10,5,9,8,6,12,11,4,6,9,5,7,8,8,10,8,8,12,5,10,8,7,8,10,11,7,5,9,5,8,9,7,10,9,8,7,5,7,5,8,6,8,10,9,8,10,8,4,5,11,8,10,7,7,10,5,10,8,9,5,5,11,8,5,8,10,7,7,7,8,9,6,7,14,8,12,3,12,6,6,7,13,5,16,10,7,10,7,8,6,5,8,9,8,10,5,4,9,4,9,5,8,6,4,8,8,12,6,7,6,4,7,5,11,8,10,10,5,9,10,12,6,7,7,6,5,10,10,8,9,7,7,6,4,12,6,9,7,8,8,11,4,5,7,7,5,7,4,8,9,11,8,4,8,10,5,9,7,9,5,7,10,8,6,11,10,11,5,6,8,8,5,8,10,11,5,9,10,10,8,8,5,9,8,3,8,8,4,8,7,10,7,8,10,6,12,9,4,7,6,7,7,11,5,3,13,7,6,7,6,7,10,9,5,8,6,4,6,11,7,9,9,8,9,13,9,10,6,5,10,5,8,6,8,13,7,5,6,5,3,9,8,10,11,15,9,7,13,7,8,8,4,12,7,8,8,8,4,10,8,5,10,6,7,7,9,5,9,6,11,10,10,6,8,11,8,7,14,6,10,8,12,5,5,7,5,8,8,11,10,5,10,7,9,7,6,6,12,6,5,7,11,10,5,3,9,7,9,14,14,3,8,7,11,5,12,7,5,5,10,9,6,12,5,5,10,6,7,6,5,6,14,11,6,7,7,10,6,8,4,6,9,7,8,5,5,7,9,12,8,9,8,9,10,7,7,6,8,9,8,7,10,6,6,5,10,10,5,5,8,9,8,9,7,7,10,8,8,7,7,6,9,9,7,14,7,6,9,11,9,10,5,8,9,9,8,7,8,6,10,7,11,4,4,8,7,13,7,4,8,10,7,6,9,7,7,6,8,8,8,5,8,9,7,5,10,6,10,8,5,8,8,6,6,7,7,8,8,6,9,5,5,5,6,7,6,10,10,11,11,8,8,6,10,10,11,9,9,5,11,7,10,5,9,5,5,7,7,3,4,10,6,7,8,9,10,8,11,11,10,7,10,10,6,8,6,8,7,8,5,7,10,7,5,6,10,8,11,6,9,9,13,8,6,6,5,6,8,10,6,6,6,6,6,8,11,9,11,6,5,9,7,8,10,9,10,5,8,6,7,5,8,4,7,7,7,7,9,10,9,7,9,10,6,8,9,7,9,8,9,8,7,6,6,6,5,12,5,7,7,9,6,5,8,9,13,9,7,9,5,6,9,6,5,12,6,12,6,8,8,6,9,6,8,5,10,6,10,10,9,4,7,10,7,8,8,6,10,8,5,9,5,7,5,8,6,4,13,7,5,5,14,6,8,11,6,4,10,8,9,10,7,11,7,5,4,4,10,8,6,9,8,5,11,9,11,8,9,8,11,8,10,4,4,7,9,5,6,7,10,6,5,8,6,9,5,7,6,8,7,7,7,9,5,5,6,8,6,7,9,5,11,8,10,7,9,10,6,6,8,4,9,6,7,7,8,6,8,6,9,8,10,10,10,6,4,8,5,7,8,6,7,7,10,7,9,7,8,7,4,10,9,10,7,10,8,7,8,9,5,7,6,7,8,8,7,11,6,9,10,8,8,7,7,5,6,9,7,9,9,8,10,8,7,8,8,8,8,8,8,4,11,6,7,7,7,6,8,8,7,4,6,10,10,4,6,5,5,10,9,9,5,9,6,10,4,11,5,8,7,10,7,14,11,8,11,8,6,12,13,8,12,9,6,4,9,6,13,7,11,8,9,9,7,6,10,9,15,10,7,6,9,9,9,11,11,7,6,11,5,11,5,5,6,8,6,7,10,12,8,6,5,10,6,10,6,6,7,7,8,6,9,8,7,8,10,4,8,5,4,5,7,13,6,9,11,9,9,9,11,6,10,7,8,7,5,8,6,6,10,7,6,5,6,8,8,8,12,8
align-dinov2+500m-things+hyp-abl90-218,9,8,6,9,7,5,9,10,3,6,8,6,4,8,8,5,6,5,9,6,6,8,7,8,4,12,6,7,5,7,11,8,10,10,4,13,8,9,8,12,8,6,4,6,7,8,7,10,8,8,7,8,10,9,8,6,8,11,9,25,7,9,8,7,8,10,8,9,10,9,9,12,8,10,6,11,11,8,7,7,5,14,7,8,8,9,8,5,6,14,12,7,8,5,6,7,7,7,7,4,9,6,10,7,8,7,11,9,10,6,13,10,3,6,4,10,5,7,8,8,6,9,6,10,16,11,6,7,8,5,8,6,6,8,7,12,11,5,10,9,5,8,8,10,4,7,5,4,6,5,16,10,6,8,3,7,10,4,6,8,8,7,8,7,6,10,10,8,8,9,8,5,7,10,7,8,4,12,9,7,10,10,7,10,6,7,7,7,7,10,5,9,8,7,6,9,11,8,9,8,8,6,5,7,9,7,9,7,6,7,5,7,6,8,7,7,4,5,9,7,9,5,10,8,8,13,9,10,6,6,11,4,9,7,8,6,7,7,7,5,8,7,5,10,9,8,6,5,10,5,12,11,6,7,5,7,5,8,11,8,9,7,8,6,6,6,10,6,12,5,11,7,15,11,8,9,11,10,14,10,7,8,6,8,8,6,7,7,10,11,7,9,4,7,5,5,4,7,5,9,8,8,12,10,7,8,10,7,10,13,8,11,9,5,8,7,7,7,9,7,6,8,9,8,8,7,9,6,6,9,6,6,8,7,10,11,8,14,11,9,12,7,13,10,7,8,6,7,7,11,8,4,7,6,6,7,9,8,9,8,9,9,8,8,8,9,6,8,8,10,5,8,6,7,6,8,7,8,7,7,5,4,7,7,7,6,10,7,5,5,17,5,8,10,8,4,7,6,7,11,6,7,8,6,3,8,6,9,9,12,4,9,5,8,6,6,4,5,7,10,6,9,6,6,13,5,5,11,6,7,8,5,8,5,10,4,4,6,16,5,8,5,6,11,13,6,5,5,10,10,6,10,9,8,11,9,7,7,9,7,10,5,3,9,5,7,11,5,8,6,8,10,5,10,5,8,6,8,5,8,11,3,3,7,5,11,10,10,7,8,7,10,6,10,8,4,11,10,5,7,6,7,9,9,4,6,5,9,6,6,10,11,7,10,10,8,9,8,10,6,6,4,6,8,12,5,10,11,9,7,6,5,6,8,10,10,3,13,7,11,5,6,9,5,7,7,9,7,7,11,8,7,9,14,11,8,10,9,6,10,6,6,6,8,6,11,8,8,11,5,8,10,6,10,7,9,5,9,9,7,8,6,14,11,6,4,7,11,7,6,10,7,5,7,9,15,6,6,10,8,11,7,8,7,6,10,8,10,9,10,8,6,13,9,11,7,8,8,3,6,7,7,6,6,9,6,9,7,8,7,6,11,10,4,6,9,6,10,11,4,7,8,12,8,5,8,7,8,6,7,9,6,7,7,6,4,8,8,10,6,6,7,9,6,11,7,11,7,10,9,5,7,8,9,9,7,5,15,4,7,7,5,6,5,6,6,7,8,8,6,9,10,9,8,12,8,9,5,12,13,7,6,11,5,12,7,8,5,9,6,8,5,6,5,9,7,9,12,8,4,10,11,6,4,4,9,6,6,8,8,4,5,8,8,13,9,7,6,5,6,11,11,6,11,9,6,6,7,6,5,7,10,9,7,10,8,4,8,11,6,6,6,7,10,5,7,8,6,8,4,10,10,9,6,8,5,5,4,9,15,8,6,7,7,9,10,5,7,10,10,4,5,7,9,7,6,9,8,6,11,6,6,6,6,11,13,8,12,8,8,6,6,7,7,11,10,6,7,7,5,6,9,7,8,5,9,9,6,7,9,9,3,5,11,9,8,6,8,5,7,8,9,8,6,5,7,10,7,13,5,7,11,8,9,7,7,5,11,10,6,8,7,10,11,7,6,7,8,10,7,7,9,3,7,10,11,12,7,8,12,6,8,5,6,7,9,6,6,6,9,6,5,7,3,9,11,8,10,7,8,5,8,4,4,10,12,4,6,7,9,8,10,4,8,10,5,7,7,6,6,7,4,5,9,7,8,10,7,6,11,4,9,10,6,6,9,10,5,9,4,8,8,8,6,8,8,7,14,5,12,8,5,9,8,4,8,11,8,9,7,8,8,9,4,7,8,4,5,7,7,8,4,8,8,9,9,10,5,6,8,9,3,7,7,5,4,10,6,11,7,5,7,5,7,7,9,6,6,7,8,7,6,8,8,9,6,8,7,4,6,9,6,8,8,9,8,5,6,6,7,12,5,7,6,9,7,5,7,5,9,8,5,7,8,7,4,6,11,6,11,7,8,9,8,12,8,10,5,10,12,9,6,9,6,8,10,8,13,5,5,11,8,4,9,11,8,9,12,9,10,7,3,10,7,6,8,8,9,10,11,7,10,5,7,8,8,9,8,9,9,5,7,8,9,8,8,10,7,5,9,7,8,5,12,12,8,7,6,5,8,6,9,6,8,4,9,5,8,12,12,9,6,7,6,5,7,9,5,7,8,4,7,4,12,6,12,6,7,8,7,7,7,5,7,7,9,8,13,6,7,12,7,13,8,8,6,6,5,6,9,9,10,10,10,7,10,9,12,6,7,10,7,6,8,13,8,7,7,5,8,11,8,8,6,9,11,10,10
align-dinov2+500m-things+hyp-abl90-218-random,9,8,6,9,7,5,9,10,3,6,8,6,4,8,8,5,6,5,9,6,6,8,7,8,4,12,6,7,5,7,11,8,10,10,4,13,8,9,8,12,8,6,4,6,7,8,7,10,8,8,7,8,10,9,8,6,8,11,9,25,7,9,8,7,8,10,8,9,10,9,9,12,8,10,6,11,11,8,7,7,5,14,7,8,8,9,8,5,6,14,12,7,8,5,6,7,7,7,7,4,9,6,10,7,8,7,11,9,10,6,13,10,3,6,4,10,5,7,8,8,6,9,6,10,16,11,6,7,8,5,8,6,6,8,7,12,11,5,10,9,5,8,8,10,4,7,5,4,6,5,16,10,6,8,3,7,10,4,6,8,8,7,8,7,6,10,10,8,8,9,8,5,7,10,7,8,4,12,9,7,10,10,7,10,6,7,7,7,7,10,5,9,8,7,6,9,11,8,9,8,8,6,5,7,9,7,9,7,6,7,5,7,6,8,7,7,4,5,9,7,9,5,10,8,8,13,9,10,6,6,11,4,9,7,8,6,7,7,7,5,8,7,5,10,9,8,6,5,10,5,12,11,6,7,5,7,5,8,11,8,9,7,8,6,6,6,10,6,12,5,11,7,15,11,8,9,11,10,14,10,7,8,6,8,8,6,7,7,10,11,7,9,4,7,5,5,4,7,5,9,8,8,12,10,7,8,10,7,10,13,8,11,9,5,8,7,7,7,9,7,6,8,9,8,8,7,9,6,6,9,6,6,8,7,10,11,8,14,11,9,12,7,13,10,7,8,6,7,7,11,8,4,7,6,6,7,9,8,9,8,9,9,8,8,8,9,6,8,8,10,5,8,6,7,6,8,7,8,7,7,5,4,7,7,7,6,10,7,5,5,17,5,8,10,8,4,7,6,7,11,6,7,8,6,3,8,6,9,9,12,4,9,5,8,6,6,4,5,7,10,6,9,6,6,13,5,5,11,6,7,8,5,8,5,10,4,4,6,16,5,8,5,6,11,13,6,5,5,10,10,6,10,9,8,11,9,7,7,9,7,10,5,3,9,5,7,11,5,8,6,8,10,5,10,5,8,6,8,5,8,11,3,3,7,5,11,10,10,7,8,7,10,6,10,8,4,11,10,5,7,6,7,9,9,4,6,5,9,6,6,10,11,7,10,10,8,9,8,10,6,6,4,6,8,12,5,10,11,9,7,6,5,6,8,10,10,3,13,7,11,5,6,9,5,7,7,9,7,7,11,8,7,9,14,11,8,10,9,6,10,6,6,6,8,6,11,8,8,11,5,8,10,6,10,7,9,5,9,9,7,8,6,14,11,6,4,7,11,7,6,10,7,5,7,9,15,6,6,10,8,11,7,8,7,6,10,8,10,9,10,8,6,13,9,11,7,8,8,3,6,7,7,6,6,9,6,9,7,8,7,6,11,10,4,6,9,6,10,11,4,7,8,12,8,5,8,7,8,6,7,9,6,7,7,6,4,8,8,10,6,6,7,9,6,11,7,11,7,10,9,5,7,8,9,9,7,5,15,4,7,7,5,6,5,6,6,7,8,8,6,9,10,9,8,12,8,9,5,12,13,7,6,11,5,12,7,8,5,9,6,8,5,6,5,9,7,9,12,8,4,10,11,6,4,4,9,6,6,8,8,4,5,8,8,13,9,7,6,5,6,11,11,6,11,9,6,6,7,6,5,7,10,9,7,10,8,4,8,11,6,6,6,7,10,5,7,8,6,8,4,10,10,9,6,8,5,5,4,9,15,8,6,7,7,9,10,5,7,10,10,4,5,7,9,7,6,9,8,6,11,6,6,6,6,11,13,8,12,8,8,6,6,7,7,11,10,6,7,7,5,6,9,7,8,5,9,9,6,7,9,9,3,5,11,9,8,6,8,5,7,8,9,8,6,5,7,10,7,13,5,7,11,8,9,7,7,5,11,10,6,8,7,10,11,7,6,7,8,10,7,7,9,3,7,10,11,12,7,8,12,6,8,5,6,7,9,6,6,6,9,6,5,7,3,9,11,8,10,7,8,5,8,4,4,10,12,4,6,7,9,8,10,4,8,10,5,7,7,6,6,7,4,5,9,7,8,10,7,6,11,4,9,10,6,6,9,10,5,9,4,8,8,8,6,8,8,7,14,5,12,8,5,9,8,4,8,11,8,9,7,8,8,9,4,7,8,4,5,7,7,8,4,8,8,9,9,10,5,6,8,9,3,7,7,5,4,10,6,11,7,5,7,5,7,7,9,6,6,7,8,7,6,8,8,9,6,8,7,4,6,9,6,8,8,9,8,5,6,6,7,12,5,7,6,9,7,5,7,5,9,8,5,7,8,7,4,6,11,6,11,7,8,9,8,12,8,10,5,10,12,9,6,9,6,8,10,8,13,5,5,11,8,4,9,11,8,9,12,9,10,7,3,10,7,6,8,8,9,10,11,7,10,5,7,8,8,9,8,9,9,5,7,8,9,8,8,10,7,5,9,7,8,5,12,12,8,7,6,5,8,6,9,6,8,4,9,5,8,12,12,9,6,7,6,5,7,9,5,7,8,4,7,4,12,6,12,6,7,8,7,7,7,5,7,7,9,8,13,6,7,12,7,13,8,8,6,6,5,6,9,9,10,10,10,7,10,9,12,6,7,10,7,6,8,13,8,7,7,5,8,11,8,8,6,9,11,10,10
align-dinov2+500m-things+hyp-abl90-42,9,8,6,9,7,5,9,10,3,6,8,6,4,8,8,5,6,5,9,6,6,8,7,8,4,12,6,7,5,7,11,8,10,10,4,13,8,9,8,12,8,6,4,6,7,8,7,10,8,8,7,8,10,9,8,6,8,11,9,25,7,9,8,7,8,10,8,9,10,9,9,12,8,10,6,11,11,8,7,7,5,14,7,8,8,9,8,5,6,14,12,7,8,5,6,7,7,7,7,4,9,6,10,7,8,7,11,9,10,6,13,10,3,6,4,10,5,7,8,8,6,9,6,10,16,11,6,7,8,5,8,6,6,8,7,12,11,5,10,9,5,8,8,10,4,7,5,4,6,5,16,10,6,8,3,7,10,4,6,8,8,7,8,7,6,10,10,8,8,9,8,5,7,10,7,8,4,12,9,7,10,10,7,10,6,7,7,7,7,10,5,9,8,7,6,9,11,8,9,8,8,6,5,7,9,7,9,7,6,7,5,7,6,8,7,7,4,5,9,7,9,5,10,8,8,13,9,10,6,6,11,4,9,7,8,6,7,7,7,5,8,7,5,10,9,8,6,5,10,5,12,11,6,7,5,7,5,8,11,8,9,7,8,6,6,6,10,6,12,5,11,7,15,11,8,9,11,10,14,10,7,8,6,8,8,6,7,7,10,11,7,9,4,7,5,5,4,7,5,9,8,8,12,10,7,8,10,7,10,13,8,11,9,5,8,7,7,7,9,7,6,8,9,8,8,7,9,6,6,9,6,6,8,7,10,11,8,14,11,9,12,7,13,10,7,8,6,7,7,11,8,4,7,6,6,7,9,8,9,8,9,9,8,8,8,9,6,8,8,10,5,8,6,7,6,8,7,8,7,7,5,4,7,7,7,6,10,7,5,5,17,5,8,10,8,4,7,6,7,11,6,7,8,6,3,8,6,9,9,12,4,9,5,8,6,6,4,5,7,10,6,9,6,6,13,5,5,11,6,7,8,5,8,5,10,4,4,6,16,5,8,5,6,11,13,6,5,5,10,10,6,10,9,8,11,9,7,7,9,7,10,5,3,9,5,7,11,5,8,6,8,10,5,10,5,8,6,8,5,8,11,3,3,7,5,11,10,10,7,8,7,10,6,10,8,4,11,10,5,7,6,7,9,9,4,6,5,9,6,6,10,11,7,10,10,8,9,8,10,6,6,4,6,8,12,5,10,11,9,7,6,5,6,8,10,10,3,13,7,11,5,6,9,5,7,7,9,7,7,11,8,7,9,14,11,8,10,9,6,10,6,6,6,8,6,11,8,8,11,5,8,10,6,10,7,9,5,9,9,7,8,6,14,11,6,4,7,11,7,6,10,7,5,7,9,15,6,6,10,8,11,7,8,7,6,10,8,10,9,10,8,6,13,9,11,7,8,8,3,6,7,7,6,6,9,6,9,7,8,7,6,11,10,4,6,9,6,10,11,4,7,8,12,8,5,8,7,8,6,7,9,6,7,7,6,4,8,8,10,6,6,7,9,6,11,7,11,7,10,9,5,7,8,9,9,7,5,15,4,7,7,5,6,5,6,6,7,8,8,6,9,10,9,8,12,8,9,5,12,13,7,6,11,5,12,7,8,5,9,6,8,5,6,5,9,7,9,12,8,4,10,11,6,4,4,9,6,6,8,8,4,5,8,8,13,9,7,6,5,6,11,11,6,11,9,6,6,7,6,5,7,10,9,7,10,8,4,8,11,6,6,6,7,10,5,7,8,6,8,4,10,10,9,6,8,5,5,4,9,15,8,6,7,7,9,10,5,7,10,10,4,5,7,9,7,6,9,8,6,11,6,6,6,6,11,13,8,12,8,8,6,6,7,7,11,10,6,7,7,5,6,9,7,8,5,9,9,6,7,9,9,3,5,11,9,8,6,8,5,7,8,9,8,6,5,7,10,7,13,5,7,11,8,9,7,7,5,11,10,6,8,7,10,11,7,6,7,8,10,7,7,9,3,7,10,11,12,7,8,12,6,8,5,6,7,9,6,6,6,9,6,5,7,3,9,11,8,10,7,8,5,8,4,4,10,12,4,6,7,9,8,10,4,8,10,5,7,7,6,6,7,4,5,9,7,8,10,7,6,11,4,9,10,6,6,9,10,5,9,4,8,8,8,6,8,8,7,14,5,12,8,5,9,8,4,8,11,8,9,7,8,8,9,4,7,8,4,5,7,7,8,4,8,8,9,9,10,5,6,8,9,3,7,7,5,4,10,6,11,7,5,7,5,7,7,9,6,6,7,8,7,6,8,8,9,6,8,7,4,6,9,6,8,8,9,8,5,6,6,7,12,5,7,6,9,7,5,7,5,9,8,5,7,8,7,4,6,11,6,11,7,8,9,8,12,8,10,5,10,12,9,6,9,6,8,10,8,13,5,5,11,8,4,9,11,8,9,12,9,10,7,3,10,7,6,8,8,9,10,11,7,10,5,7,8,8,9,8,9,9,5,7,8,9,8,8,10,7,5,9,7,8,5,12,12,8,7,6,5,8,6,9,6,8,4,9,5,8,12,12,9,6,7,6,5,7,9,5,7,8,4,7,4,12,6,12,6,7,8,7,7,7,5,7,7,9,8,13,6,7,12,7,13,8,8,6,6,5,6,9,9,10,10,10,7,10,9,12,6,7,10,7,6,8,13,8,7,7,5,8,11,8,8,6,9,11,10,10
align-dinov2+500m-things+hyp-abl90-42-random,9,8,6,9,7,5,9,10,3,6,8,6,4,8,8,5,6,5,9,6,6,8,7,8,4,12,6,7,5,7,11,8,10,10,4,13,8,9,8,12,8,6,4,6,7,8,7,10,8,8,7,8,10,9,8,6,8,11,9,25,7,9,8,7,8,10,8,9,10,9,9,12,8,10,6,11,11,8,7,7,5,14,7,8,8,9,8,5,6,14,12,7,8,5,6,7,7,7,7,4,9,6,10,7,8,7,11,9,10,6,13,10,3,6,4,10,5,7,8,8,6,9,6,10,16,11,6,7,8,5,8,6,6,8,7,12,11,5,10,9,5,8,8,10,4,7,5,4,6,5,16,10,6,8,3,7,10,4,6,8,8,7,8,7,6,10,10,8,8,9,8,5,7,10,7,8,4,12,9,7,10,10,7,10,6,7,7,7,7,10,5,9,8,7,6,9,11,8,9,8,8,6,5,7,9,7,9,7,6,7,5,7,6,8,7,7,4,5,9,7,9,5,10,8,8,13,9,10,6,6,11,4,9,7,8,6,7,7,7,5,8,7,5,10,9,8,6,5,10,5,12,11,6,7,5,7,5,8,11,8,9,7,8,6,6,6,10,6,12,5,11,7,15,11,8,9,11,10,14,10,7,8,6,8,8,6,7,7,10,11,7,9,4,7,5,5,4,7,5,9,8,8,12,10,7,8,10,7,10,13,8,11,9,5,8,7,7,7,9,7,6,8,9,8,8,7,9,6,6,9,6,6,8,7,10,11,8,14,11,9,12,7,13,10,7,8,6,7,7,11,8,4,7,6,6,7,9,8,9,8,9,9,8,8,8,9,6,8,8,10,5,8,6,7,6,8,7,8,7,7,5,4,7,7,7,6,10,7,5,5,17,5,8,10,8,4,7,6,7,11,6,7,8,6,3,8,6,9,9,12,4,9,5,8,6,6,4,5,7,10,6,9,6,6,13,5,5,11,6,7,8,5,8,5,10,4,4,6,16,5,8,5,6,11,13,6,5,5,10,10,6,10,9,8,11,9,7,7,9,7,10,5,3,9,5,7,11,5,8,6,8,10,5,10,5,8,6,8,5,8,11,3,3,7,5,11,10,10,7,8,7,10,6,10,8,4,11,10,5,7,6,7,9,9,4,6,5,9,6,6,10,11,7,10,10,8,9,8,10,6,6,4,6,8,12,5,10,11,9,7,6,5,6,8,10,10,3,13,7,11,5,6,9,5,7,7,9,7,7,11,8,7,9,14,11,8,10,9,6,10,6,6,6,8,6,11,8,8,11,5,8,10,6,10,7,9,5,9,9,7,8,6,14,11,6,4,7,11,7,6,10,7,5,7,9,15,6,6,10,8,11,7,8,7,6,10,8,10,9,10,8,6,13,9,11,7,8,8,3,6,7,7,6,6,9,6,9,7,8,7,6,11,10,4,6,9,6,10,11,4,7,8,12,8,5,8,7,8,6,7,9,6,7,7,6,4,8,8,10,6,6,7,9,6,11,7,11,7,10,9,5,7,8,9,9,7,5,15,4,7,7,5,6,5,6,6,7,8,8,6,9,10,9,8,12,8,9,5,12,13,7,6,11,5,12,7,8,5,9,6,8,5,6,5,9,7,9,12,8,4,10,11,6,4,4,9,6,6,8,8,4,5,8,8,13,9,7,6,5,6,11,11,6,11,9,6,6,7,6,5,7,10,9,7,10,8,4,8,11,6,6,6,7,10,5,7,8,6,8,4,10,10,9,6,8,5,5,4,9,15,8,6,7,7,9,10,5,7,10,10,4,5,7,9,7,6,9,8,6,11,6,6,6,6,11,13,8,12,8,8,6,6,7,7,11,10,6,7,7,5,6,9,7,8,5,9,9,6,7,9,9,3,5,11,9,8,6,8,5,7,8,9,8,6,5,7,10,7,13,5,7,11,8,9,7,7,5,11,10,6,8,7,10,11,7,6,7,8,10,7,7,9,3,7,10,11,12,7,8,12,6,8,5,6,7,9,6,6,6,9,6,5,7,3,9,11,8,10,7,8,5,8,4,4,10,12,4,6,7,9,8,10,4,8,10,5,7,7,6,6,7,4,5,9,7,8,10,7,6,11,4,9,10,6,6,9,10,5,9,4,8,8,8,6,8,8,7,14,5,12,8,5,9,8,4,8,11,8,9,7,8,8,9,4,7,8,4,5,7,7,8,4,8,8,9,9,10,5,6,8,9,3,7,7,5,4,10,6,11,7,5,7,5,7,7,9,6,6,7,8,7,6,8,8,9,6,8,7,4,6,9,6,8,8,9,8,5,6,6,7,12,5,7,6,9,7,5,7,5,9,8,5,7,8,7,4,6,11,6,11,7,8,9,8,12,8,10,5,10,12,9,6,9,6,8,10,8,13,5,5,11,8,4,9,11,8,9,12,9,10,7,3,10,7,6,8,8,9,10,11,7,10,5,7,8,8,9,8,9,9,5,7,8,9,8,8,10,7,5,9,7,8,5,12,12,8,7,6,5,8,6,9,6,8,4,9,5,8,12,12,9,6,7,6,5,7,9,5,7,8,4,7,4,12,6,12,6,7,8,7,7,7,5,7,7,9,8,13,6,7,12,7,13,8,8,6,6,5,6,9,9,10,10,10,7,10,9,12,6,7,10,7,6,8,13,8,7,7,5,8,11,8,8,6,9,11,10,10
align-dinov2+500m-things+hyp-abl90-7,9,8,6,9,7,5,9,10,3,6,8,6,4,8,8,5,6,5,9,6,6,8,7,8,4,12,6,7,5,7,11,8,10,10,4,13,8,9,8,12,8,6,4,6,7,8,7,10,8,8,7,8,10,9,8,6,8,11,9,25,7,9,8,7,8,10,8,9,10,9,9,12,8,10,6,11,11,8,7,7,5,14,7,8,8,9,8,5,6,14,12,7,8,5,6,7,7,7,7,4,9,6,10,7,8,7,11,9,10,6,13,10,3,6,4,10,5,7,8,8,6,9,6,10,16,11,6,7,8,5,8,6,6,8,7,12,11,5,10,9,5,8,8,10,4,7,5,4,6,5,16,10,6,8,3,7,10,4,6,8,8,7,8,7,6,10,10,8,8,9,8,5,7,10,7,8,4,12,9,7,10,10,7,10,6,7,7,7,7,10,5,9,8,7,6,9,11,8,9,8,8,6,5,7,9,7,9,7,6,7,5,7,6,8,7,7,4,5,9,7,9,5,10,8,8,13,9,10,6,6,11,4,9,7,8,6,7,7,7,5,8,7,5,10,9,8,6,5,10,5,12,11,6,7,5,7,5,8,11,8,9,7,8,6,6,6,10,6,12,5,11,7,15,11,8,9,11,10,14,10,7,8,6,8,8,6,7,7,10,11,7,9,4,7,5,5,4,7,5,9,8,8,12,10,7,8,10,7,10,13,8,11,9,5,8,7,7,7,9,7,6,8,9,8,8,7,9,6,6,9,6,6,8,7,10,11,8,14,11,9,12,7,13,10,7,8,6,7,7,11,8,4,7,6,6,7,9,8,9,8,9,9,8,8,8,9,6,8,8,10,5,8,6,7,6,8,7,8,7,7,5,4,7,7,7,6,10,7,5,5,17,5,8,10,8,4,7,6,7,11,6,7,8,6,3,8,6,9,9,12,4,9,5,8,6,6,4,5,7,10,6,9,6,6,13,5,5,11,6,7,8,5,8,5,10,4,4,6,16,5,8,5,6,11,13,6,5,5,10,10,6,10,9,8,11,9,7,7,9,7,10,5,3,9,5,7,11,5,8,6,8,10,5,10,5,8,6,8,5,8,11,3,3,7,5,11,10,10,7,8,7,10,6,10,8,4,11,10,5,7,6,7,9,9,4,6,5,9,6,6,10,11,7,10,10,8,9,8,10,6,6,4,6,8,12,5,10,11,9,7,6,5,6,8,10,10,3,13,7,11,5,6,9,5,7,7,9,7,7,11,8,7,9,14,11,8,10,9,6,10,6,6,6,8,6,11,8,8,11,5,8,10,6,10,7,9,5,9,9,7,8,6,14,11,6,4,7,11,7,6,10,7,5,7,9,15,6,6,10,8,11,7,8,7,6,10,8,10,9,10,8,6,13,9,11,7,8,8,3,6,7,7,6,6,9,6,9,7,8,7,6,11,10,4,6,9,6,10,11,4,7,8,12,8,5,8,7,8,6,7,9,6,7,7,6,4,8,8,10,6,6,7,9,6,11,7,11,7,10,9,5,7,8,9,9,7,5,15,4,7,7,5,6,5,6,6,7,8,8,6,9,10,9,8,12,8,9,5,12,13,7,6,11,5,12,7,8,5,9,6,8,5,6,5,9,7,9,12,8,4,10,11,6,4,4,9,6,6,8,8,4,5,8,8,13,9,7,6,5,6,11,11,6,11,9,6,6,7,6,5,7,10,9,7,10,8,4,8,11,6,6,6,7,10,5,7,8,6,8,4,10,10,9,6,8,5,5,4,9,15,8,6,7,7,9,10,5,7,10,10,4,5,7,9,7,6,9,8,6,11,6,6,6,6,11,13,8,12,8,8,6,6,7,7,11,10,6,7,7,5,6,9,7,8,5,9,9,6,7,9,9,3,5,11,9,8,6,8,5,7,8,9,8,6,5,7,10,7,13,5,7,11,8,9,7,7,5,11,10,6,8,7,10,11,7,6,7,8,10,7,7,9,3,7,10,11,12,7,8,12,6,8,5,6,7,9,6,6,6,9,6,5,7,3,9,11,8,10,7,8,5,8,4,4,10,12,4,6,7,9,8,10,4,8,10,5,7,7,6,6,7,4,5,9,7,8,10,7,6,11,4,9,10,6,6,9,10,5,9,4,8,8,8,6,8,8,7,14,5,12,8,5,9,8,4,8,11,8,9,7,8,8,9,4,7,8,4,5,7,7,8,4,8,8,9,9,10,5,6,8,9,3,7,7,5,4,10,6,11,7,5,7,5,7,7,9,6,6,7,8,7,6,8,8,9,6,8,7,4,6,9,6,8,8,9,8,5,6,6,7,12,5,7,6,9,7,5,7,5,9,8,5,7,8,7,4,6,11,6,11,7,8,9,8,12,8,10,5,10,12,9,6,9,6,8,10,8,13,5,5,11,8,4,9,11,8,9,12,9,10,7,3,10,7,6,8,8,9,10,11,7,10,5,7,8,8,9,8,9,9,5,7,8,9,8,8,10,7,5,9,7,8,5,12,12,8,7,6,5,8,6,9,6,8,4,9,5,8,12,12,9,6,7,6,5,7,9,5,7,8,4,7,4,12,6,12,6,7,8,7,7,7,5,7,7,9,8,13,6,7,12,7,13,8,8,6,6,5,6,9,9,10,10,10,7,10,9,12,6,7,10,7,6,8,13,8,7,7,5,8,11,8,8,6,9,11,10,10
align-dinov2+500m-things+hyp-abl90-7-random,9,8,6,9,7,5,9,10,3,6,8,6,4,8,8,5,6,5,9,6,6,8,7,8,4,12,6,7,5,7,11,8,10,10,4,13,8,9,8,12,8,6,4,6,7,8,7,10,8,8,7,8,10,9,8,6,8,11,9,25,7,9,8,7,8,10,8,9,10,9,9,12,8,10,6,11,11,8,7,7,5,14,7,8,8,9,8,5,6,14,12,7,8,5,6,7,7,7,7,4,9,6,10,7,8,7,11,9,10,6,13,10,3,6,4,10,5,7,8,8,6,9,6,10,16,11,6,7,8,5,8,6,6,8,7,12,11,5,10,9,5,8,8,10,4,7,5,4,6,5,16,10,6,8,3,7,10,4,6,8,8,7,8,7,6,10,10,8,8,9,8,5,7,10,7,8,4,12,9,7,10,10,7,10,6,7,7,7,7,10,5,9,8,7,6,9,11,8,9,8,8,6,5,7,9,7,9,7,6,7,5,7,6,8,7,7,4,5,9,7,9,5,10,8,8,13,9,10,6,6,11,4,9,7,8,6,7,7,7,5,8,7,5,10,9,8,6,5,10,5,12,11,6,7,5,7,5,8,11,8,9,7,8,6,6,6,10,6,12,5,11,7,15,11,8,9,11,10,14,10,7,8,6,8,8,6,7,7,10,11,7,9,4,7,5,5,4,7,5,9,8,8,12,10,7,8,10,7,10,13,8,11,9,5,8,7,7,7,9,7,6,8,9,8,8,7,9,6,6,9,6,6,8,7,10,11,8,14,11,9,12,7,13,10,7,8,6,7,7,11,8,4,7,6,6,7,9,8,9,8,9,9,8,8,8,9,6,8,8,10,5,8,6,7,6,8,7,8,7,7,5,4,7,7,7,6,10,7,5,5,17,5,8,10,8,4,7,6,7,11,6,7,8,6,3,8,6,9,9,12,4,9,5,8,6,6,4,5,7,10,6,9,6,6,13,5,5,11,6,7,8,5,8,5,10,4,4,6,16,5,8,5,6,11,13,6,5,5,10,10,6,10,9,8,11,9,7,7,9,7,10,5,3,9,5,7,11,5,8,6,8,10,5,10,5,8,6,8,5,8,11,3,3,7,5,11,10,10,7,8,7,10,6,10,8,4,11,10,5,7,6,7,9,9,4,6,5,9,6,6,10,11,7,10,10,8,9,8,10,6,6,4,6,8,12,5,10,11,9,7,6,5,6,8,10,10,3,13,7,11,5,6,9,5,7,7,9,7,7,11,8,7,9,14,11,8,10,9,6,10,6,6,6,8,6,11,8,8,11,5,8,10,6,10,7,9,5,9,9,7,8,6,14,11,6,4,7,11,7,6,10,7,5,7,9,15,6,6,10,8,11,7,8,7,6,10,8,10,9,10,8,6,13,9,11,7,8,8,3,6,7,7,6,6,9,6,9,7,8,7,6,11,10,4,6,9,6,10,11,4,7,8,12,8,5,8,7,8,6,7,9,6,7,7,6,4,8,8,10,6,6,7,9,6,11,7,11,7,10,9,5,7,8,9,9,7,5,15,4,7,7,5,6,5,6,6,7,8,8,6,9,10,9,8,12,8,9,5,12,13,7,6,11,5,12,7,8,5,9,6,8,5,6,5,9,7,9,12,8,4,10,11,6,4,4,9,6,6,8,8,4,5,8,8,13,9,7,6,5,6,11,11,6,11,9,6,6,7,6,5,7,10,9,7,10,8,4,8,11,6,6,6,7,10,5,7,8,6,8,4,10,10,9,6,8,5,5,4,9,15,8,6,7,7,9,10,5,7,10,10,4,5,7,9,7,6,9,8,6,11,6,6,6,6,11,13,8,12,8,8,6,6,7,7,11,10,6,7,7,5,6,9,7,8,5,9,9,6,7,9,9,3,5,11,9,8,6,8,5,7,8,9,8,6,5,7,10,7,13,5,7,11,8,9,7,7,5,11,10,6,8,7,10,11,7,6,7,8,10,7,7,9,3,7,10,11,12,7,8,12,6,8,5,6,7,9,6,6,6,9,6,5,7,3,9,11,8,10,7,8,5,8,4,4,10,12,4,6,7,9,8,10,4,8,10,5,7,7,6,6,7,4,5,9,7,8,10,7,6,11,4,9,10,6,6,9,10,5,9,4,8,8,8,6,8,8,7,14,5,12,8,5,9,8,4,8,11,8,9,7,8,8,9,4,7,8,4,5,7,7,8,4,8,8,9,9,10,5,6,8,9,3,7,7,5,4,10,6,11,7,5,7,5,7,7,9,6,6,7,8,7,6,8,8,9,6,8,7,4,6,9,6,8,8,9,8,5,6,6,7,12,5,7,6,9,7,5,7,5,9,8,5,7,8,7,4,6,11,6,11,7,8,9,8,12,8,10,5,10,12,9,6,9,6,8,10,8,13,5,5,11,8,4,9,11,8,9,12,9,10,7,3,10,7,6,8,8,9,10,11,7,10,5,7,8,8,9,8,9,9,5,7,8,9,8,8,10,7,5,9,7,8,5,12,12,8,7,6,5,8,6,9,6,8,4,9,5,8,12,12,9,6,7,6,5,7,9,5,7,8,4,7,4,12,6,12,6,7,8,7,7,7,5,7,7,9,8,13,6,7,12,7,13,8,8,6,6,5,6,9,9,10,10,10,7,10,9,12,6,7,10,7,6,8,13,8,7,7,5,8,11,8,8,6,9,11,10,10
align-dinov2+500m-things+hyp-abl90-local-shuffled-218,4,7,11,8,5,8,9,7,8,6,11,10,6,9,7,8,10,14,9,6,10,8,9,6,7,7,7,9,11,7,9,7,9,5,7,7,10,8,7,10,6,8,5,8,9,6,7,6,10,6,6,4,9,10,8,7,7,4,5,19,10,4,9,7,9,9,7,7,5,8,9,5,7,10,10,8,5,7,7,4,7,10,7,9,5,11,5,5,8,8,12,7,10,9,9,8,10,8,6,9,9,8,7,10,11,6,10,9,9,9,10,8,10,7,7,9,8,8,9,10,8,7,7,4,15,11,8,7,8,5,8,11,8,9,10,9,9,6,10,4,5,7,8,8,6,9,7,7,6,8,15,6,4,8,7,8,4,8,5,6,8,8,5,5,9,7,6,8,6,7,5,6,10,7,6,7,9,9,7,5,6,9,10,6,11,6,7,7,7,5,8,4,9,6,9,10,8,8,10,6,10,4,5,5,13,4,5,7,7,9,9,4,6,8,7,6,4,6,6,9,7,4,10,5,11,7,9,8,6,7,15,7,5,8,8,9,6,6,7,5,9,6,7,11,8,13,6,12,6,9,8,8,7,8,7,5,7,9,9,7,7,9,10,7,5,10,8,9,8,5,8,7,8,7,6,8,6,10,6,7,9,5,9,7,8,5,7,6,5,9,10,5,7,10,7,5,10,6,11,6,6,6,11,5,9,10,8,8,5,9,11,8,9,6,6,5,10,8,9,9,9,13,9,5,8,7,6,9,6,7,7,3,6,10,9,7,9,8,8,10,8,8,8,9,8,12,7,7,6,8,10,7,8,12,6,4,5,6,9,8,8,6,5,7,4,7,10,6,6,7,10,8,8,3,4,6,8,5,6,10,4,6,9,7,8,7,6,11,8,10,16,8,12,7,4,6,6,7,11,13,7,10,11,9,7,7,6,8,6,6,7,8,4,6,6,9,7,10,10,8,9,10,8,5,7,10,8,4,8,8,8,7,10,8,5,6,9,5,5,9,10,10,8,6,6,9,12,9,11,5,9,10,9,10,7,9,8,11,7,7,7,5,8,7,7,11,7,6,7,8,9,7,8,8,7,11,5,4,9,7,7,5,10,5,6,8,8,7,7,5,10,7,10,11,4,6,9,5,9,8,11,8,6,9,5,10,13,7,8,9,9,6,5,6,10,8,10,8,8,11,8,6,6,9,9,9,10,5,10,5,5,10,7,9,8,10,8,6,10,8,6,11,10,7,7,7,5,7,8,8,7,9,12,16,9,8,8,10,11,9,8,4,8,6,8,6,7,4,5,9,5,6,6,10,9,7,8,9,7,10,7,4,10,8,8,4,6,6,5,9,10,8,8,8,10,5,5,7,6,4,8,9,5,5,7,13,5,8,12,7,8,13,5,7,8,8,9,5,10,9,8,7,12,9,5,10,6,8,6,7,8,7,10,12,6,7,7,8,7,11,5,4,7,5,8,7,6,7,4,12,11,8,8,8,10,5,10,11,9,9,8,7,10,7,5,6,9,9,8,5,6,7,10,8,6,4,6,8,5,5,5,7,6,7,8,8,5,7,12,7,11,12,3,12,5,7,7,5,8,6,5,9,8,9,6,8,9,8,12,8,6,9,8,8,4,8,9,8,5,10,5,6,7,12,10,9,9,10,9,15,8,6,5,5,4,9,6,9,7,13,6,11,6,5,11,6,8,6,6,7,8,7,7,6,5,8,5,13,6,8,8,9,8,8,7,8,10,9,7,8,8,9,10,7,9,10,12,6,5,9,7,5,8,8,6,8,9,8,9,5,8,8,6,9,7,9,7,5,7,12,10,7,8,7,12,14,8,7,7,6,8,7,5,10,7,7,8,10,8,6,9,13,10,6,7,6,6,10,12,11,6,3,9,9,5,9,12,7,8,6,7,9,7,6,9,10,7,9,8,10,13,15,11,7,9,11,8,7,12,5,6,8,6,4,9,8,6,5,13,7,6,11,6,6,8,7,8,6,6,8,7,10,4,5,8,9,10,6,13,7,5,9,9,9,8,8,7,9,5,11,8,10,6,9,9,7,8,5,9,7,8,7,9,8,13,10,8,6,7,6,9,8,7,6,6,4,5,6,8,4,7,5,7,6,5,7,10,6,6,4,8,11,6,15,7,8,10,6,6,7,6,10,7,10,10,7,8,11,9,7,7,11,10,11,6,9,5,10,9,8,7,10,10,5,11,9,9,10,7,4,8,7,6,8,7,8,9,6,7,6,8,13,8,8,4,8,7,7,7,4,12,10,6,10,6,9,11,7,9,6,9,10,8,7,7,9,6,6,5,5,8,5,6,9,4,9,11,12,12,9,7,7,10,13,10,8,5,6,7,6,10,9,6,10,6,11,6,9,7,16,10,6,6,7,8,10,8,10,4,5,8,11,8,6,7,11,7,9,6,10,9,7,7,8,10,6,7,7,9,5,4,9,5,8,8,5,8,8,9,7,6,10,6,14,5,8,5,9,9,6,4,11,8,7,10,7,6,4,11,14,6,9,5,6,9,8,5,9,9,12,8,6,14,6,4,8,5,8,8,8,9,5,9,5,7,7,7,4,10,10,9,12,7,6,5,7,6,6,10,8,5,8,8,9,9,7,7,8,3,5,9,7,7,6,7,6,6,4,8,9,7,4,7,6,7,13,10,7,6,9,6,8,7,7,7,6,6,6
align-dinov2+500m-things+hyp-abl90-local-shuffled-42,4,7,11,8,5,8,9,7,8,6,11,10,6,9,7,8,10,14,9,6,10,8,9,6,7,7,7,9,11,7,9,7,9,5,7,7,10,8,7,10,6,8,5,8,9,6,7,6,10,6,6,4,9,10,8,7,7,4,5,19,10,4,9,7,9,9,7,7,5,8,9,5,7,10,10,8,5,7,7,4,7,10,7,9,5,11,5,5,8,8,12,7,10,9,9,8,10,8,6,9,9,8,7,10,11,6,10,9,9,9,10,8,10,7,7,9,8,8,9,10,8,7,7,4,15,11,8,7,8,5,8,11,8,9,10,9,9,6,10,4,5,7,8,8,6,9,7,7,6,8,15,6,4,8,7,8,4,8,5,6,8,8,5,5,9,7,6,8,6,7,5,6,10,7,6,7,9,9,7,5,6,9,10,6,11,6,7,7,7,5,8,4,9,6,9,10,8,8,10,6,10,4,5,5,13,4,5,7,7,9,9,4,6,8,7,6,4,6,6,9,7,4,10,5,11,7,9,8,6,7,15,7,5,8,8,9,6,6,7,5,9,6,7,11,8,13,6,12,6,9,8,8,7,8,7,5,7,9,9,7,7,9,10,7,5,10,8,9,8,5,8,7,8,7,6,8,6,10,6,7,9,5,9,7,8,5,7,6,5,9,10,5,7,10,7,5,10,6,11,6,6,6,11,5,9,10,8,8,5,9,11,8,9,6,6,5,10,8,9,9,9,13,9,5,8,7,6,9,6,7,7,3,6,10,9,7,9,8,8,10,8,8,8,9,8,12,7,7,6,8,10,7,8,12,6,4,5,6,9,8,8,6,5,7,4,7,10,6,6,7,10,8,8,3,4,6,8,5,6,10,4,6,9,7,8,7,6,11,8,10,16,8,12,7,4,6,6,7,11,13,7,10,11,9,7,7,6,8,6,6,7,8,4,6,6,9,7,10,10,8,9,10,8,5,7,10,8,4,8,8,8,7,10,8,5,6,9,5,5,9,10,10,8,6,6,9,12,9,11,5,9,10,9,10,7,9,8,11,7,7,7,5,8,7,7,11,7,6,7,8,9,7,8,8,7,11,5,4,9,7,7,5,10,5,6,8,8,7,7,5,10,7,10,11,4,6,9,5,9,8,11,8,6,9,5,10,13,7,8,9,9,6,5,6,10,8,10,8,8,11,8,6,6,9,9,9,10,5,10,5,5,10,7,9,8,10,8,6,10,8,6,11,10,7,7,7,5,7,8,8,7,9,12,16,9,8,8,10,11,9,8,4,8,6,8,6,7,4,5,9,5,6,6,10,9,7,8,9,7,10,7,4,10,8,8,4,6,6,5,9,10,8,8,8,10,5,5,7,6,4,8,9,5,5,7,13,5,8,12,7,8,13,5,7,8,8,9,5,10,9,8,7,12,9,5,10,6,8,6,7,8,7,10,12,6,7,7,8,7,11,5,4,7,5,8,7,6,7,4,12,11,8,8,8,10,5,10,11,9,9,8,7,10,7,5,6,9,9,8,5,6,7,10,8,6,4,6,8,5,5,5,7,6,7,8,8,5,7,12,7,11,12,3,12,5,7,7,5,8,6,5,9,8,9,6,8,9,8,12,8,6,9,8,8,4,8,9,8,5,10,5,6,7,12,10,9,9,10,9,15,8,6,5,5,4,9,6,9,7,13,6,11,6,5,11,6,8,6,6,7,8,7,7,6,5,8,5,13,6,8,8,9,8,8,7,8,10,9,7,8,8,9,10,7,9,10,12,6,5,9,7,5,8,8,6,8,9,8,9,5,8,8,6,9,7,9,7,5,7,12,10,7,8,7,12,14,8,7,7,6,8,7,5,10,7,7,8,10,8,6,9,13,10,6,7,6,6,10,12,11,6,3,9,9,5,9,12,7,8,6,7,9,7,6,9,10,7,9,8,10,13,15,11,7,9,11,8,7,12,5,6,8,6,4,9,8,6,5,13,7,6,11,6,6,8,7,8,6,6,8,7,10,4,5,8,9,10,6,13,7,5,9,9,9,8,8,7,9,5,11,8,10,6,9,9,7,8,5,9,7,8,7,9,8,13,10,8,6,7,6,9,8,7,6,6,4,5,6,8,4,7,5,7,6,5,7,10,6,6,4,8,11,6,15,7,8,10,6,6,7,6,10,7,10,10,7,8,11,9,7,7,11,10,11,6,9,5,10,9,8,7,10,10,5,11,9,9,10,7,4,8,7,6,8,7,8,9,6,7,6,8,13,8,8,4,8,7,7,7,4,12,10,6,10,6,9,11,7,9,6,9,10,8,7,7,9,6,6,5,5,8,5,6,9,4,9,11,12,12,9,7,7,10,13,10,8,5,6,7,6,10,9,6,10,6,11,6,9,7,16,10,6,6,7,8,10,8,10,4,5,8,11,8,6,7,11,7,9,6,10,9,7,7,8,10,6,7,7,9,5,4,9,5,8,8,5,8,8,9,7,6,10,6,14,5,8,5,9,9,6,4,11,8,7,10,7,6,4,11,14,6,9,5,6,9,8,5,9,9,12,8,6,14,6,4,8,5,8,8,8,9,5,9,5,7,7,7,4,10,10,9,12,7,6,5,7,6,6,10,8,5,8,8,9,9,7,7,8,3,5,9,7,7,6,7,6,6,4,8,9,7,4,7,6,7,13,10,7,6,9,6,8,7,7,7,6,6,6
align-dinov2+500m-things+hyp-abl90-local-shuffled-7,4,7,11,8,5,8,9,7,8,6,11,10,6,9,7,8,10,14,9,6,10,8,9,6,7,7,7,9,11,7,9,7,9,5,7,7,10,8,7,10,6,8,5,8,9,6,7,6,10,6,6,4,9,10,8,7,7,4,5,19,10,4,9,7,9,9,7,7,5,8,9,5,7,10,10,8,5,7,7,4,7,10,7,9,5,11,5,5,8,8,12,7,10,9,9,8,10,8,6,9,9,8,7,10,11,6,10,9,9,9,10,8,10,7,7,9,8,8,9,10,8,7,7,4,15,11,8,7,8,5,8,11,8,9,10,9,9,6,10,4,5,7,8,8,6,9,7,7,6,8,15,6,4,8,7,8,4,8,5,6,8,8,5,5,9,7,6,8,6,7,5,6,10,7,6,7,9,9,7,5,6,9,10,6,11,6,7,7,7,5,8,4,9,6,9,10,8,8,10,6,10,4,5,5,13,4,5,7,7,9,9,4,6,8,7,6,4,6,6,9,7,4,10,5,11,7,9,8,6,7,15,7,5,8,8,9,6,6,7,5,9,6,7,11,8,13,6,12,6,9,8,8,7,8,7,5,7,9,9,7,7,9,10,7,5,10,8,9,8,5,8,7,8,7,6,8,6,10,6,7,9,5,9,7,8,5,7,6,5,9,10,5,7,10,7,5,10,6,11,6,6,6,11,5,9,10,8,8,5,9,11,8,9,6,6,5,10,8,9,9,9,13,9,5,8,7,6,9,6,7,7,3,6,10,9,7,9,8,8,10,8,8,8,9,8,12,7,7,6,8,10,7,8,12,6,4,5,6,9,8,8,6,5,7,4,7,10,6,6,7,10,8,8,3,4,6,8,5,6,10,4,6,9,7,8,7,6,11,8,10,16,8,12,7,4,6,6,7,11,13,7,10,11,9,7,7,6,8,6,6,7,8,4,6,6,9,7,10,10,8,9,10,8,5,7,10,8,4,8,8,8,7,10,8,5,6,9,5,5,9,10,10,8,6,6,9,12,9,11,5,9,10,9,10,7,9,8,11,7,7,7,5,8,7,7,11,7,6,7,8,9,7,8,8,7,11,5,4,9,7,7,5,10,5,6,8,8,7,7,5,10,7,10,11,4,6,9,5,9,8,11,8,6,9,5,10,13,7,8,9,9,6,5,6,10,8,10,8,8,11,8,6,6,9,9,9,10,5,10,5,5,10,7,9,8,10,8,6,10,8,6,11,10,7,7,7,5,7,8,8,7,9,12,16,9,8,8,10,11,9,8,4,8,6,8,6,7,4,5,9,5,6,6,10,9,7,8,9,7,10,7,4,10,8,8,4,6,6,5,9,10,8,8,8,10,5,5,7,6,4,8,9,5,5,7,13,5,8,12,7,8,13,5,7,8,8,9,5,10,9,8,7,12,9,5,10,6,8,6,7,8,7,10,12,6,7,7,8,7,11,5,4,7,5,8,7,6,7,4,12,11,8,8,8,10,5,10,11,9,9,8,7,10,7,5,6,9,9,8,5,6,7,10,8,6,4,6,8,5,5,5,7,6,7,8,8,5,7,12,7,11,12,3,12,5,7,7,5,8,6,5,9,8,9,6,8,9,8,12,8,6,9,8,8,4,8,9,8,5,10,5,6,7,12,10,9,9,10,9,15,8,6,5,5,4,9,6,9,7,13,6,11,6,5,11,6,8,6,6,7,8,7,7,6,5,8,5,13,6,8,8,9,8,8,7,8,10,9,7,8,8,9,10,7,9,10,12,6,5,9,7,5,8,8,6,8,9,8,9,5,8,8,6,9,7,9,7,5,7,12,10,7,8,7,12,14,8,7,7,6,8,7,5,10,7,7,8,10,8,6,9,13,10,6,7,6,6,10,12,11,6,3,9,9,5,9,12,7,8,6,7,9,7,6,9,10,7,9,8,10,13,15,11,7,9,11,8,7,12,5,6,8,6,4,9,8,6,5,13,7,6,11,6,6,8,7,8,6,6,8,7,10,4,5,8,9,10,6,13,7,5,9,9,9,8,8,7,9,5,11,8,10,6,9,9,7,8,5,9,7,8,7,9,8,13,10,8,6,7,6,9,8,7,6,6,4,5,6,8,4,7,5,7,6,5,7,10,6,6,4,8,11,6,15,7,8,10,6,6,7,6,10,7,10,10,7,8,11,9,7,7,11,10,11,6,9,5,10,9,8,7,10,10,5,11,9,9,10,7,4,8,7,6,8,7,8,9,6,7,6,8,13,8,8,4,8,7,7,7,4,12,10,6,10,6,9,11,7,9,6,9,10,8,7,7,9,6,6,5,5,8,5,6,9,4,9,11,12,12,9,7,7,10,13,10,8,5,6,7,6,10,9,6,10,6,11,6,9,7,16,10,6,6,7,8,10,8,10,4,5,8,11,8,6,7,11,7,9,6,10,9,7,7,8,10,6,7,7,9,5,4,9,5,8,8,5,8,8,9,7,6,10,6,14,5,8,5,9,9,6,4,11,8,7,10,7,6,4,11,14,6,9,5,6,9,8,5,9,9,12,8,6,14,6,4,8,5,8,8,8,9,5,9,5,7,7,7,4,10,10,9,12,7,6,5,7,6,6,10,8,5,8,8,9,9,7,7,8,3,5,9,7,7,6,7,6,6,4,8,9,7,4,7,6,7,13,10,7,6,9,6,8,7,7,7,6,6,6
align-dinov2+500m-things+hyp-abl90-shuffled-218,10,7,9,9,7,8,4,4,8,5,7,7,9,7,9,7,8,11,6,8,4,5,6,11,9,9,7,7,4,11,9,11,8,7,9,6,6,7,8,5,6,11,7,8,6,10,9,5,9,11,6,6,3,8,6,9,4,10,6,23,7,6,8,6,12,7,7,9,11,8,6,8,7,6,11,7,10,8,11,4,8,6,11,4,4,5,10,9,9,5,5,8,8,8,5,7,11,7,6,9,11,8,6,13,6,7,6,7,10,4,6,8,8,8,8,9,6,7,7,8,9,6,13,6,11,4,9,8,12,11,5,5,7,5,8,8,7,7,9,11,9,9,9,6,5,6,6,5,5,9,13,7,6,12,7,11,6,8,7,11,8,9,7,10,12,6,8,6,10,9,12,6,8,6,3,6,6,12,9,7,7,6,8,6,10,9,11,8,8,9,4,7,7,7,8,7,4,7,5,6,7,9,5,10,11,5,7,10,6,8,6,7,9,8,10,14,9,5,7,7,5,6,7,7,7,9,4,8,9,8,7,8,5,6,9,6,8,7,5,7,6,7,12,11,11,5,8,10,7,8,7,4,7,5,8,7,7,8,6,8,9,9,8,7,9,7,8,6,12,9,7,7,5,7,12,6,6,5,8,7,10,9,8,12,7,9,7,11,7,4,6,7,7,6,7,7,4,11,9,9,7,7,7,8,7,5,7,7,6,10,5,9,8,6,12,11,4,6,9,5,7,8,8,10,8,8,12,5,10,8,7,8,10,11,7,5,9,5,8,9,7,10,9,8,7,5,7,5,8,6,8,10,9,8,10,8,4,5,11,8,10,7,7,10,5,10,8,9,5,5,11,8,5,8,10,7,7,7,8,9,6,7,14,8,12,3,12,6,6,7,13,5,16,10,7,10,7,8,6,5,8,9,8,10,5,4,9,4,9,5,8,6,4,8,8,12,6,7,6,4,7,5,11,8,10,10,5,9,10,12,6,7,7,6,5,10,10,8,9,7,7,6,4,12,6,9,7,8,8,11,4,5,7,7,5,7,4,8,9,11,8,4,8,10,5,9,7,9,5,7,10,8,6,11,10,11,5,6,8,8,5,8,10,11,5,9,10,10,8,8,5,9,8,3,8,8,4,8,7,10,7,8,10,6,12,9,4,7,6,7,7,11,5,3,13,7,6,7,6,7,10,9,5,8,6,4,6,11,7,9,9,8,9,13,9,10,6,5,10,5,8,6,8,13,7,5,6,5,3,9,8,10,11,15,9,7,13,7,8,8,4,12,7,8,8,8,4,10,8,5,10,6,7,7,9,5,9,6,11,10,10,6,8,11,8,7,14,6,10,8,12,5,5,7,5,8,8,11,10,5,10,7,9,7,6,6,12,6,5,7,11,10,5,3,9,7,9,14,14,3,8,7,11,5,12,7,5,5,10,9,6,12,5,5,10,6,7,6,5,6,14,11,6,7,7,10,6,8,4,6,9,7,8,5,5,7,9,12,8,9,8,9,10,7,7,6,8,9,8,7,10,6,6,5,10,10,5,5,8,9,8,9,7,7,10,8,8,7,7,6,9,9,7,14,7,6,9,11,9,10,5,8,9,9,8,7,8,6,10,7,11,4,4,8,7,13,7,4,8,10,7,6,9,7,7,6,8,8,8,5,8,9,7,5,10,6,10,8,5,8,8,6,6,7,7,8,8,6,9,5,5,5,6,7,6,10,10,11,11,8,8,6,10,10,11,9,9,5,11,7,10,5,9,5,5,7,7,3,4,10,6,7,8,9,10,8,11,11,10,7,10,10,6,8,6,8,7,8,5,7,10,7,5,6,10,8,11,6,9,9,13,8,6,6,5,6,8,10,6,6,6,6,6,8,11,9,11,6,5,9,7,8,10,9,10,5,8,6,7,5,8,4,7,7,7,7,9,10,9,7,9,10,6,8,9,7,9,8,9,8,7,6,6,6,5,12,5,7,7,9,6,5,8,9,13,9,7,9,5,6,9,6,5,12,6,12,6,8,8,6,9,6,8,5,10,6,10,10,9,4,7,10,7,8,8,6,10,8,5,9,5,7,5,8,6,4,13,7,5,5,14,6,8,11,6,4,10,8,9,10,7,11,7,5,4,4,10,8,6,9,8,5,11,9,11,8,9,8,11,8,10,4,4,7,9,5,6,7,10,6,5,8,6,9,5,7,6,8,7,7,7,9,5,5,6,8,6,7,9,5,11,8,10,7,9,10,6,6,8,4,9,6,7,7,8,6,8,6,9,8,10,10,10,6,4,8,5,7,8,6,7,7,10,7,9,7,8,7,4,10,9,10,7,10,8,7,8,9,5,7,6,7,8,8,7,11,6,9,10,8,8,7,7,5,6,9,7,9,9,8,10,8,7,8,8,8,8,8,8,4,11,6,7,7,7,6,8,8,7,4,6,10,10,4,6,5,5,10,9,9,5,9,6,10,4,11,5,8,7,10,7,14,11,8,11,8,6,12,13,8,12,9,6,4,9,6,13,7,11,8,9,9,7,6,10,9,15,10,7,6,9,9,9,11,11,7,6,11,5,11,5,5,6,8,6,7,10,12,8,6,5,10,6,10,6,6,7,7,8,6,9,8,7,8,10,4,8,5,4,5,7,13,6,9,11,9,9,9,11,6,10,7,8,7,5,8,6,6,10,7,6,5,6,8,8,8,12,8
align-dinov2+500m-things+hyp-abl90-shuffled-42,10,7,9,9,7,8,4,4,8,5,7,7,9,7,9,7,8,11,6,8,4,5,6,11,9,9,7,7,4,11,9,11,8,7,9,6,6,7,8,5,6,11,7,8,6,10,9,5,9,11,6,6,3,8,6,9,4,10,6,23,7,6,8,6,12,7,7,9,11,8,6,8,7,6,11,7,10,8,11,4,8,6,11,4,4,5,10,9,9,5,5,8,8,8,5,7,11,7,6,9,11,8,6,13,6,7,6,7,10,4,6,8,8,8,8,9,6,7,7,8,9,6,13,6,11,4,9,8,12,11,5,5,7,5,8,8,7,7,9,11,9,9,9,6,5,6,6,5,5,9,13,7,6,12,7,11,6,8,7,11,8,9,7,10,12,6,8,6,10,9,12,6,8,6,3,6,6,12,9,7,7,6,8,6,10,9,11,8,8,9,4,7,7,7,8,7,4,7,5,6,7,9,5,10,11,5,7,10,6,8,6,7,9,8,10,14,9,5,7,7,5,6,7,7,7,9,4,8,9,8,7,8,5,6,9,6,8,7,5,7,6,7,12,11,11,5,8,10,7,8,7,4,7,5,8,7,7,8,6,8,9,9,8,7,9,7,8,6,12,9,7,7,5,7,12,6,6,5,8,7,10,9,8,12,7,9,7,11,7,4,6,7,7,6,7,7,4,11,9,9,7,7,7,8,7,5,7,7,6,10,5,9,8,6,12,11,4,6,9,5,7,8,8,10,8,8,12,5,10,8,7,8,10,11,7,5,9,5,8,9,7,10,9,8,7,5,7,5,8,6,8,10,9,8,10,8,4,5,11,8,10,7,7,10,5,10,8,9,5,5,11,8,5,8,10,7,7,7,8,9,6,7,14,8,12,3,12,6,6,7,13,5,16,10,7,10,7,8,6,5,8,9,8,10,5,4,9,4,9,5,8,6,4,8,8,12,6,7,6,4,7,5,11,8,10,10,5,9,10,12,6,7,7,6,5,10,10,8,9,7,7,6,4,12,6,9,7,8,8,11,4,5,7,7,5,7,4,8,9,11,8,4,8,10,5,9,7,9,5,7,10,8,6,11,10,11,5,6,8,8,5,8,10,11,5,9,10,10,8,8,5,9,8,3,8,8,4,8,7,10,7,8,10,6,12,9,4,7,6,7,7,11,5,3,13,7,6,7,6,7,10,9,5,8,6,4,6,11,7,9,9,8,9,13,9,10,6,5,10,5,8,6,8,13,7,5,6,5,3,9,8,10,11,15,9,7,13,7,8,8,4,12,7,8,8,8,4,10,8,5,10,6,7,7,9,5,9,6,11,10,10,6,8,11,8,7,14,6,10,8,12,5,5,7,5,8,8,11,10,5,10,7,9,7,6,6,12,6,5,7,11,10,5,3,9,7,9,14,14,3,8,7,11,5,12,7,5,5,10,9,6,12,5,5,10,6,7,6,5,6,14,11,6,7,7,10,6,8,4,6,9,7,8,5,5,7,9,12,8,9,8,9,10,7,7,6,8,9,8,7,10,6,6,5,10,10,5,5,8,9,8,9,7,7,10,8,8,7,7,6,9,9,7,14,7,6,9,11,9,10,5,8,9,9,8,7,8,6,10,7,11,4,4,8,7,13,7,4,8,10,7,6,9,7,7,6,8,8,8,5,8,9,7,5,10,6,10,8,5,8,8,6,6,7,7,8,8,6,9,5,5,5,6,7,6,10,10,11,11,8,8,6,10,10,11,9,9,5,11,7,10,5,9,5,5,7,7,3,4,10,6,7,8,9,10,8,11,11,10,7,10,10,6,8,6,8,7,8,5,7,10,7,5,6,10,8,11,6,9,9,13,8,6,6,5,6,8,10,6,6,6,6,6,8,11,9,11,6,5,9,7,8,10,9,10,5,8,6,7,5,8,4,7,7,7,7,9,10,9,7,9,10,6,8,9,7,9,8,9,8,7,6,6,6,5,12,5,7,7,9,6,5,8,9,13,9,7,9,5,6,9,6,5,12,6,12,6,8,8,6,9,6,8,5,10,6,10,10,9,4,7,10,7,8,8,6,10,8,5,9,5,7,5,8,6,4,13,7,5,5,14,6,8,11,6,4,10,8,9,10,7,11,7,5,4,4,10,8,6,9,8,5,11,9,11,8,9,8,11,8,10,4,4,7,9,5,6,7,10,6,5,8,6,9,5,7,6,8,7,7,7,9,5,5,6,8,6,7,9,5,11,8,10,7,9,10,6,6,8,4,9,6,7,7,8,6,8,6,9,8,10,10,10,6,4,8,5,7,8,6,7,7,10,7,9,7,8,7,4,10,9,10,7,10,8,7,8,9,5,7,6,7,8,8,7,11,6,9,10,8,8,7,7,5,6,9,7,9,9,8,10,8,7,8,8,8,8,8,8,4,11,6,7,7,7,6,8,8,7,4,6,10,10,4,6,5,5,10,9,9,5,9,6,10,4,11,5,8,7,10,7,14,11,8,11,8,6,12,13,8,12,9,6,4,9,6,13,7,11,8,9,9,7,6,10,9,15,10,7,6,9,9,9,11,11,7,6,11,5,11,5,5,6,8,6,7,10,12,8,6,5,10,6,10,6,6,7,7,8,6,9,8,7,8,10,4,8,5,4,5,7,13,6,9,11,9,9,9,11,6,10,7,8,7,5,8,6,6,10,7,6,5,6,8,8,8,12,8
align-dinov2+500m-things+hyp-abl90-shuffled-7,10,7,9,9,7,8,4,4,8,5,7,7,9,7,9,7,8,11,6,8,4,5,6,11,9,9,7,7,4,11,9,11,8,7,9,6,6,7,8,5,6,11,7,8,6,10,9,5,9,11,6,6,3,8,6,9,4,10,6,23,7,6,8,6,12,7,7,9,11,8,6,8,7,6,11,7,10,8,11,4,8,6,11,4,4,5,10,9,9,5,5,8,8,8,5,7,11,7,6,9,11,8,6,13,6,7,6,7,10,4,6,8,8,8,8,9,6,7,7,8,9,6,13,6,11,4,9,8,12,11,5,5,7,5,8,8,7,7,9,11,9,9,9,6,5,6,6,5,5,9,13,7,6,12,7,11,6,8,7,11,8,9,7,10,12,6,8,6,10,9,12,6,8,6,3,6,6,12,9,7,7,6,8,6,10,9,11,8,8,9,4,7,7,7,8,7,4,7,5,6,7,9,5,10,11,5,7,10,6,8,6,7,9,8,10,14,9,5,7,7,5,6,7,7,7,9,4,8,9,8,7,8,5,6,9,6,8,7,5,7,6,7,12,11,11,5,8,10,7,8,7,4,7,5,8,7,7,8,6,8,9,9,8,7,9,7,8,6,12,9,7,7,5,7,12,6,6,5,8,7,10,9,8,12,7,9,7,11,7,4,6,7,7,6,7,7,4,11,9,9,7,7,7,8,7,5,7,7,6,10,5,9,8,6,12,11,4,6,9,5,7,8,8,10,8,8,12,5,10,8,7,8,10,11,7,5,9,5,8,9,7,10,9,8,7,5,7,5,8,6,8,10,9,8,10,8,4,5,11,8,10,7,7,10,5,10,8,9,5,5,11,8,5,8,10,7,7,7,8,9,6,7,14,8,12,3,12,6,6,7,13,5,16,10,7,10,7,8,6,5,8,9,8,10,5,4,9,4,9,5,8,6,4,8,8,12,6,7,6,4,7,5,11,8,10,10,5,9,10,12,6,7,7,6,5,10,10,8,9,7,7,6,4,12,6,9,7,8,8,11,4,5,7,7,5,7,4,8,9,11,8,4,8,10,5,9,7,9,5,7,10,8,6,11,10,11,5,6,8,8,5,8,10,11,5,9,10,10,8,8,5,9,8,3,8,8,4,8,7,10,7,8,10,6,12,9,4,7,6,7,7,11,5,3,13,7,6,7,6,7,10,9,5,8,6,4,6,11,7,9,9,8,9,13,9,10,6,5,10,5,8,6,8,13,7,5,6,5,3,9,8,10,11,15,9,7,13,7,8,8,4,12,7,8,8,8,4,10,8,5,10,6,7,7,9,5,9,6,11,10,10,6,8,11,8,7,14,6,10,8,12,5,5,7,5,8,8,11,10,5,10,7,9,7,6,6,12,6,5,7,11,10,5,3,9,7,9,14,14,3,8,7,11,5,12,7,5,5,10,9,6,12,5,5,10,6,7,6,5,6,14,11,6,7,7,10,6,8,4,6,9,7,8,5,5,7,9,12,8,9,8,9,10,7,7,6,8,9,8,7,10,6,6,5,10,10,5,5,8,9,8,9,7,7,10,8,8,7,7,6,9,9,7,14,7,6,9,11,9,10,5,8,9,9,8,7,8,6,10,7,11,4,4,8,7,13,7,4,8,10,7,6,9,7,7,6,8,8,8,5,8,9,7,5,10,6,10,8,5,8,8,6,6,7,7,8,8,6,9,5,5,5,6,7,6,10,10,11,11,8,8,6,10,10,11,9,9,5,11,7,10,5,9,5,5,7,7,3,4,10,6,7,8,9,10,8,11,11,10,7,10,10,6,8,6,8,7,8,5,7,10,7,5,6,10,8,11,6,9,9,13,8,6,6,5,6,8,10,6,6,6,6,6,8,11,9,11,6,5,9,7,8,10,9,10,5,8,6,7,5,8,4,7,7,7,7,9,10,9,7,9,10,6,8,9,7,9,8,9,8,7,6,6,6,5,12,5,7,7,9,6,5,8,9,13,9,7,9,5,6,9,6,5,12,6,12,6,8,8,6,9,6,8,5,10,6,10,10,9,4,7,10,7,8,8,6,10,8,5,9,5,7,5,8,6,4,13,7,5,5,14,6,8,11,6,4,10,8,9,10,7,11,7,5,4,4,10,8,6,9,8,5,11,9,11,8,9,8,11,8,10,4,4,7,9,5,6,7,10,6,5,8,6,9,5,7,6,8,7,7,7,9,5,5,6,8,6,7,9,5,11,8,10,7,9,10,6,6,8,4,9,6,7,7,8,6,8,6,9,8,10,10,10,6,4,8,5,7,8,6,7,7,10,7,9,7,8,7,4,10,9,10,7,10,8,7,8,9,5,7,6,7,8,8,7,11,6,9,10,8,8,7,7,5,6,9,7,9,9,8,10,8,7,8,8,8,8,8,8,4,11,6,7,7,7,6,8,8,7,4,6,10,10,4,6,5,5,10,9,9,5,9,6,10,4,11,5,8,7,10,7,14,11,8,11,8,6,12,13,8,12,9,6,4,9,6,13,7,11,8,9,9,7,6,10,9,15,10,7,6,9,9,9,11,11,7,6,11,5,11,5,5,6,8,6,7,10,12,8,6,5,10,6,10,6,6,7,7,8,6,9,8,7,8,10,4,8,5,4,5,7,13,6,9,11,9,9,9,11,6,10,7,8,7,5,8,6,6,10,7,6,5,6,8,8,8,12,8
align-dinov2+500m-things-218,9,8,6,9,7,5,9,10,3,6,8,6,4,8,8,5,6,5,9,6,6,8,7,8,4,12,6,7,5,7,11,8,10,10,4,13,8,9,8,12,8,6,4,6,7,8,7,10,8,8,7,8,10,9,8,6,8,11,9,25,7,9,8,7,8,10,8,9,10,9,9,12,8,10,6,11,11,8,7,7,5,14,7,8,8,9,8,5,6,14,12,7,8,5,6,7,7,7,7,4,9,6,10,7,8,7,11,9,10,6,13,10,3,6,4,10,5,7,8,8,6,9,6,10,16,11,6,7,8,5,8,6,6,8,7,12,11,5,10,9,5,8,8,10,4,7,5,4,6,5,16,10,6,8,3,7,10,4,6,8,8,7,8,7,6,10,10,8,8,9,8,5,7,10,7,8,4,12,9,7,10,10,7,10,6,7,7,7,7,10,5,9,8,7,6,9,11,8,9,8,8,6,5,7,9,7,9,7,6,7,5,7,6,8,7,7,4,5,9,7,9,5,10,8,8,13,9,10,6,6,11,4,9,7,8,6,7,7,7,5,8,7,5,10,9,8,6,5,10,5,12,11,6,7,5,7,5,8,11,8,9,7,8,6,6,6,10,6,12,5,11,7,15,11,8,9,11,10,14,10,7,8,6,8,8,6,7,7,10,11,7,9,4,7,5,5,4,7,5,9,8,8,12,10,7,8,10,7,10,13,8,11,9,5,8,7,7,7,9,7,6,8,9,8,8,7,9,6,6,9,6,6,8,7,10,11,8,14,11,9,12,7,13,10,7,8,6,7,7,11,8,4,7,6,6,7,9,8,9,8,9,9,8,8,8,9,6,8,8,10,5,8,6,7,6,8,7,8,7,7,5,4,7,7,7,6,10,7,5,5,17,5,8,10,8,4,7,6,7,11,6,7,8,6,3,8,6,9,9,12,4,9,5,8,6,6,4,5,7,10,6,9,6,6,13,5,5,11,6,7,8,5,8,5,10,4,4,6,16,5,8,5,6,11,13,6,5,5,10,10,6,10,9,8,11,9,7,7,9,7,10,5,3,9,5,7,11,5,8,6,8,10,5,10,5,8,6,8,5,8,11,3,3,7,5,11,10,10,7,8,7,10,6,10,8,4,11,10,5,7,6,7,9,9,4,6,5,9,6,6,10,11,7,10,10,8,9,8,10,6,6,4,6,8,12,5,10,11,9,7,6,5,6,8,10,10,3,13,7,11,5,6,9,5,7,7,9,7,7,11,8,7,9,14,11,8,10,9,6,10,6,6,6,8,6,11,8,8,11,5,8,10,6,10,7,9,5,9,9,7,8,6,14,11,6,4,7,11,7,6,10,7,5,7,9,15,6,6,10,8,11,7,8,7,6,10,8,10,9,10,8,6,13,9,11,7,8,8,3,6,7,7,6,6,9,6,9,7,8,7,6,11,10,4,6,9,6,10,11,4,7,8,12,8,5,8,7,8,6,7,9,6,7,7,6,4,8,8,10,6,6,7,9,6,11,7,11,7,10,9,5,7,8,9,9,7,5,15,4,7,7,5,6,5,6,6,7,8,8,6,9,10,9,8,12,8,9,5,12,13,7,6,11,5,12,7,8,5,9,6,8,5,6,5,9,7,9,12,8,4,10,11,6,4,4,9,6,6,8,8,4,5,8,8,13,9,7,6,5,6,11,11,6,11,9,6,6,7,6,5,7,10,9,7,10,8,4,8,11,6,6,6,7,10,5,7,8,6,8,4,10,10,9,6,8,5,5,4,9,15,8,6,7,7,9,10,5,7,10,10,4,5,7,9,7,6,9,8,6,11,6,6,6,6,11,13,8,12,8,8,6,6,7,7,11,10,6,7,7,5,6,9,7,8,5,9,9,6,7,9,9,3,5,11,9,8,6,8,5,7,8,9,8,6,5,7,10,7,13,5,7,11,8,9,7,7,5,11,10,6,8,7,10,11,7,6,7,8,10,7,7,9,3,7,10,11,12,7,8,12,6,8,5,6,7,9,6,6,6,9,6,5,7,3,9,11,8,10,7,8,5,8,4,4,10,12,4,6,7,9,8,10,4,8,10,5,7,7,6,6,7,4,5,9,7,8,10,7,6,11,4,9,10,6,6,9,10,5,9,4,8,8,8,6,8,8,7,14,5,12,8,5,9,8,4,8,11,8,9,7,8,8,9,4,7,8,4,5,7,7,8,4,8,8,9,9,10,5,6,8,9,3,7,7,5,4,10,6,11,7,5,7,5,7,7,9,6,6,7,8,7,6,8,8,9,6,8,7,4,6,9,6,8,8,9,8,5,6,6,7,12,5,7,6,9,7,5,7,5,9,8,5,7,8,7,4,6,11,6,11,7,8,9,8,12,8,10,5,10,12,9,6,9,6,8,10,8,13,5,5,11,8,4,9,11,8,9,12,9,10,7,3,10,7,6,8,8,9,10,11,7,10,5,7,8,8,9,8,9,9,5,7,8,9,8,8,10,7,5,9,7,8,5,12,12,8,7,6,5,8,6,9,6,8,4,9,5,8,12,12,9,6,7,6,5,7,9,5,7,8,4,7,4,12,6,12,6,7,8,7,7,7,5,7,7,9,8,13,6,7,12,7,13,8,8,6,6,5,6,9,9,10,10,10,7,10,9,12,6,7,10,7,6,8,13,8,7,7,5,8,11,8,8,6,9,11,10,10
align-dinov2+500m-things-218-random,9,8,6,9,7,5,9,10,3,6,8,6,4,8,8,5,6,5,9,6,6,8,7,8,4,12,6,7,5,7,11,8,10,10,4,13,8,9,8,12,8,6,4,6,7,8,7,10,8,8,7,8,10,9,8,6,8,11,9,25,7,9,8,7,8,10,8,9,10,9,9,12,8,10,6,11,11,8,7,7,5,14,7,8,8,9,8,5,6,14,12,7,8,5,6,7,7,7,7,4,9,6,10,7,8,7,11,9,10,6,13,10,3,6,4,10,5,7,8,8,6,9,6,10,16,11,6,7,8,5,8,6,6,8,7,12,11,5,10,9,5,8,8,10,4,7,5,4,6,5,16,10,6,8,3,7,10,4,6,8,8,7,8,7,6,10,10,8,8,9,8,5,7,10,7,8,4,12,9,7,10,10,7,10,6,7,7,7,7,10,5,9,8,7,6,9,11,8,9,8,8,6,5,7,9,7,9,7,6,7,5,7,6,8,7,7,4,5,9,7,9,5,10,8,8,13,9,10,6,6,11,4,9,7,8,6,7,7,7,5,8,7,5,10,9,8,6,5,10,5,12,11,6,7,5,7,5,8,11,8,9,7,8,6,6,6,10,6,12,5,11,7,15,11,8,9,11,10,14,10,7,8,6,8,8,6,7,7,10,11,7,9,4,7,5,5,4,7,5,9,8,8,12,10,7,8,10,7,10,13,8,11,9,5,8,7,7,7,9,7,6,8,9,8,8,7,9,6,6,9,6,6,8,7,10,11,8,14,11,9,12,7,13,10,7,8,6,7,7,11,8,4,7,6,6,7,9,8,9,8,9,9,8,8,8,9,6,8,8,10,5,8,6,7,6,8,7,8,7,7,5,4,7,7,7,6,10,7,5,5,17,5,8,10,8,4,7,6,7,11,6,7,8,6,3,8,6,9,9,12,4,9,5,8,6,6,4,5,7,10,6,9,6,6,13,5,5,11,6,7,8,5,8,5,10,4,4,6,16,5,8,5,6,11,13,6,5,5,10,10,6,10,9,8,11,9,7,7,9,7,10,5,3,9,5,7,11,5,8,6,8,10,5,10,5,8,6,8,5,8,11,3,3,7,5,11,10,10,7,8,7,10,6,10,8,4,11,10,5,7,6,7,9,9,4,6,5,9,6,6,10,11,7,10,10,8,9,8,10,6,6,4,6,8,12,5,10,11,9,7,6,5,6,8,10,10,3,13,7,11,5,6,9,5,7,7,9,7,7,11,8,7,9,14,11,8,10,9,6,10,6,6,6,8,6,11,8,8,11,5,8,10,6,10,7,9,5,9,9,7,8,6,14,11,6,4,7,11,7,6,10,7,5,7,9,15,6,6,10,8,11,7,8,7,6,10,8,10,9,10,8,6,13,9,11,7,8,8,3,6,7,7,6,6,9,6,9,7,8,7,6,11,10,4,6,9,6,10,11,4,7,8,12,8,5,8,7,8,6,7,9,6,7,7,6,4,8,8,10,6,6,7,9,6,11,7,11,7,10,9,5,7,8,9,9,7,5,15,4,7,7,5,6,5,6,6,7,8,8,6,9,10,9,8,12,8,9,5,12,13,7,6,11,5,12,7,8,5,9,6,8,5,6,5,9,7,9,12,8,4,10,11,6,4,4,9,6,6,8,8,4,5,8,8,13,9,7,6,5,6,11,11,6,11,9,6,6,7,6,5,7,10,9,7,10,8,4,8,11,6,6,6,7,10,5,7,8,6,8,4,10,10,9,6,8,5,5,4,9,15,8,6,7,7,9,10,5,7,10,10,4,5,7,9,7,6,9,8,6,11,6,6,6,6,11,13,8,12,8,8,6,6,7,7,11,10,6,7,7,5,6,9,7,8,5,9,9,6,7,9,9,3,5,11,9,8,6,8,5,7,8,9,8,6,5,7,10,7,13,5,7,11,8,9,7,7,5,11,10,6,8,7,10,11,7,6,7,8,10,7,7,9,3,7,10,11,12,7,8,12,6,8,5,6,7,9,6,6,6,9,6,5,7,3,9,11,8,10,7,8,5,8,4,4,10,12,4,6,7,9,8,10,4,8,10,5,7,7,6,6,7,4,5,9,7,8,10,7,6,11,4,9,10,6,6,9,10,5,9,4,8,8,8,6,8,8,7,14,5,12,8,5,9,8,4,8,11,8,9,7,8,8,9,4,7,8,4,5,7,7,8,4,8,8,9,9,10,5,6,8,9,3,7,7,5,4,10,6,11,7,5,7,5,7,7,9,6,6,7,8,7,6,8,8,9,6,8,7,4,6,9,6,8,8,9,8,5,6,6,7,12,5,7,6,9,7,5,7,5,9,8,5,7,8,7,4,6,11,6,11,7,8,9,8,12,8,10,5,10,12,9,6,9,6,8,10,8,13,5,5,11,8,4,9,11,8,9,12,9,10,7,3,10,7,6,8,8,9,10,11,7,10,5,7,8,8,9,8,9,9,5,7,8,9,8,8,10,7,5,9,7,8,5,12,12,8,7,6,5,8,6,9,6,8,4,9,5,8,12,12,9,6,7,6,5,7,9,5,7,8,4,7,4,12,6,12,6,7,8,7,7,7,5,7,7,9,8,13,6,7,12,7,13,8,8,6,6,5,6,9,9,10,10,10,7,10,9,12,6,7,10,7,6,8,13,8,7,7,5,8,11,8,8,6,9,11,10,10
align-dinov2+500m-things-42,9,8,6,9,7,5,9,10,3,6,8,6,4,8,8,5,6,5,9,6,6,8,7,8,4,12,6,7,5,7,11,8,10,10,4,13,8,9,8,12,8,6,4,6,7,8,7,10,8,8,7,8,10,9,8,6,8,11,9,25,7,9,8,7,8,10,8,9,10,9,9,12,8,10,6,11,11,8,7,7,5,14,7,8,8,9,8,5,6,14,12,7,8,5,6,7,7,7,7,4,9,6,10,7,8,7,11,9,10,6,13,10,3,6,4,10,5,7,8,8,6,9,6,10,16,11,6,7,8,5,8,6,6,8,7,12,11,5,10,9,5,8,8,10,4,7,5,4,6,5,16,10,6,8,3,7,10,4,6,8,8,7,8,7,6,10,10,8,8,9,8,5,7,10,7,8,4,12,9,7,10,10,7,10,6,7,7,7,7,10,5,9,8,7,6,9,11,8,9,8,8,6,5,7,9,7,9,7,6,7,5,7,6,8,7,7,4,5,9,7,9,5,10,8,8,13,9,10,6,6,11,4,9,7,8,6,7,7,7,5,8,7,5,10,9,8,6,5,10,5,12,11,6,7,5,7,5,8,11,8,9,7,8,6,6,6,10,6,12,5,11,7,15,11,8,9,11,10,14,10,7,8,6,8,8,6,7,7,10,11,7,9,4,7,5,5,4,7,5,9,8,8,12,10,7,8,10,7,10,13,8,11,9,5,8,7,7,7,9,7,6,8,9,8,8,7,9,6,6,9,6,6,8,7,10,11,8,14,11,9,12,7,13,10,7,8,6,7,7,11,8,4,7,6,6,7,9,8,9,8,9,9,8,8,8,9,6,8,8,10,5,8,6,7,6,8,7,8,7,7,5,4,7,7,7,6,10,7,5,5,17,5,8,10,8,4,7,6,7,11,6,7,8,6,3,8,6,9,9,12,4,9,5,8,6,6,4,5,7,10,6,9,6,6,13,5,5,11,6,7,8,5,8,5,10,4,4,6,16,5,8,5,6,11,13,6,5,5,10,10,6,10,9,8,11,9,7,7,9,7,10,5,3,9,5,7,11,5,8,6,8,10,5,10,5,8,6,8,5,8,11,3,3,7,5,11,10,10,7,8,7,10,6,10,8,4,11,10,5,7,6,7,9,9,4,6,5,9,6,6,10,11,7,10,10,8,9,8,10,6,6,4,6,8,12,5,10,11,9,7,6,5,6,8,10,10,3,13,7,11,5,6,9,5,7,7,9,7,7,11,8,7,9,14,11,8,10,9,6,10,6,6,6,8,6,11,8,8,11,5,8,10,6,10,7,9,5,9,9,7,8,6,14,11,6,4,7,11,7,6,10,7,5,7,9,15,6,6,10,8,11,7,8,7,6,10,8,10,9,10,8,6,13,9,11,7,8,8,3,6,7,7,6,6,9,6,9,7,8,7,6,11,10,4,6,9,6,10,11,4,7,8,12,8,5,8,7,8,6,7,9,6,7,7,6,4,8,8,10,6,6,7,9,6,11,7,11,7,10,9,5,7,8,9,9,7,5,15,4,7,7,5,6,5,6,6,7,8,8,6,9,10,9,8,12,8,9,5,12,13,7,6,11,5,12,7,8,5,9,6,8,5,6,5,9,7,9,12,8,4,10,11,6,4,4,9,6,6,8,8,4,5,8,8,13,9,7,6,5,6,11,11,6,11,9,6,6,7,6,5,7,10,9,7,10,8,4,8,11,6,6,6,7,10,5,7,8,6,8,4,10,10,9,6,8,5,5,4,9,15,8,6,7,7,9,10,5,7,10,10,4,5,7,9,7,6,9,8,6,11,6,6,6,6,11,13,8,12,8,8,6,6,7,7,11,10,6,7,7,5,6,9,7,8,5,9,9,6,7,9,9,3,5,11,9,8,6,8,5,7,8,9,8,6,5,7,10,7,13,5,7,11,8,9,7,7,5,11,10,6,8,7,10,11,7,6,7,8,10,7,7,9,3,7,10,11,12,7,8,12,6,8,5,6,7,9,6,6,6,9,6,5,7,3,9,11,8,10,7,8,5,8,4,4,10,12,4,6,7,9,8,10,4,8,10,5,7,7,6,6,7,4,5,9,7,8,10,7,6,11,4,9,10,6,6,9,10,5,9,4,8,8,8,6,8,8,7,14,5,12,8,5,9,8,4,8,11,8,9,7,8,8,9,4,7,8,4,5,7,7,8,4,8,8,9,9,10,5,6,8,9,3,7,7,5,4,10,6,11,7,5,7,5,7,7,9,6,6,7,8,7,6,8,8,9,6,8,7,4,6,9,6,8,8,9,8,5,6,6,7,12,5,7,6,9,7,5,7,5,9,8,5,7,8,7,4,6,11,6,11,7,8,9,8,12,8,10,5,10,12,9,6,9,6,8,10,8,13,5,5,11,8,4,9,11,8,9,12,9,10,7,3,10,7,6,8,8,9,10,11,7,10,5,7,8,8,9,8,9,9,5,7,8,9,8,8,10,7,5,9,7,8,5,12,12,8,7,6,5,8,6,9,6,8,4,9,5,8,12,12,9,6,7,6,5,7,9,5,7,8,4,7,4,12,6,12,6,7,8,7,7,7,5,7,7,9,8,13,6,7,12,7,13,8,8,6,6,5,6,9,9,10,10,10,7,10,9,12,6,7,10,7,6,8,13,8,7,7,5,8,11,8,8,6,9,11,10,10
align-dinov2+500m-things-42-random,9,8,6,9,7,5,9,10,3,6,8,6,4,8,8,5,6,5,9,6,6,8,7,8,4,12,6,7,5,7,11,8,10,10,4,13,8,9,8,12,8,6,4,6,7,8,7,10,8,8,7,8,10,9,8,6,8,11,9,25,7,9,8,7,8,10,8,9,10,9,9,12,8,10,6,11,11,8,7,7,5,14,7,8,8,9,8,5,6,14,12,7,8,5,6,7,7,7,7,4,9,6,10,7,8,7,11,9,10,6,13,10,3,6,4,10,5,7,8,8,6,9,6,10,16,11,6,7,8,5,8,6,6,8,7,12,11,5,10,9,5,8,8,10,4,7,5,4,6,5,16,10,6,8,3,7,10,4,6,8,8,7,8,7,6,10,10,8,8,9,8,5,7,10,7,8,4,12,9,7,10,10,7,10,6,7,7,7,7,10,5,9,8,7,6,9,11,8,9,8,8,6,5,7,9,7,9,7,6,7,5,7,6,8,7,7,4,5,9,7,9,5,10,8,8,13,9,10,6,6,11,4,9,7,8,6,7,7,7,5,8,7,5,10,9,8,6,5,10,5,12,11,6,7,5,7,5,8,11,8,9,7,8,6,6,6,10,6,12,5,11,7,15,11,8,9,11,10,14,10,7,8,6,8,8,6,7,7,10,11,7,9,4,7,5,5,4,7,5,9,8,8,12,10,7,8,10,7,10,13,8,11,9,5,8,7,7,7,9,7,6,8,9,8,8,7,9,6,6,9,6,6,8,7,10,11,8,14,11,9,12,7,13,10,7,8,6,7,7,11,8,4,7,6,6,7,9,8,9,8,9,9,8,8,8,9,6,8,8,10,5,8,6,7,6,8,7,8,7,7,5,4,7,7,7,6,10,7,5,5,17,5,8,10,8,4,7,6,7,11,6,7,8,6,3,8,6,9,9,12,4,9,5,8,6,6,4,5,7,10,6,9,6,6,13,5,5,11,6,7,8,5,8,5,10,4,4,6,16,5,8,5,6,11,13,6,5,5,10,10,6,10,9,8,11,9,7,7,9,7,10,5,3,9,5,7,11,5,8,6,8,10,5,10,5,8,6,8,5,8,11,3,3,7,5,11,10,10,7,8,7,10,6,10,8,4,11,10,5,7,6,7,9,9,4,6,5,9,6,6,10,11,7,10,10,8,9,8,10,6,6,4,6,8,12,5,10,11,9,7,6,5,6,8,10,10,3,13,7,11,5,6,9,5,7,7,9,7,7,11,8,7,9,14,11,8,10,9,6,10,6,6,6,8,6,11,8,8,11,5,8,10,6,10,7,9,5,9,9,7,8,6,14,11,6,4,7,11,7,6,10,7,5,7,9,15,6,6,10,8,11,7,8,7,6,10,8,10,9,10,8,6,13,9,11,7,8,8,3,6,7,7,6,6,9,6,9,7,8,7,6,11,10,4,6,9,6,10,11,4,7,8,12,8,5,8,7,8,6,7,9,6,7,7,6,4,8,8,10,6,6,7,9,6,11,7,11,7,10,9,5,7,8,9,9,7,5,15,4,7,7,5,6,5,6,6,7,8,8,6,9,10,9,8,12,8,9,5,12,13,7,6,11,5,12,7,8,5,9,6,8,5,6,5,9,7,9,12,8,4,10,11,6,4,4,9,6,6,8,8,4,5,8,8,13,9,7,6,5,6,11,11,6,11,9,6,6,7,6,5,7,10,9,7,10,8,4,8,11,6,6,6,7,10,5,7,8,6,8,4,10,10,9,6,8,5,5,4,9,15,8,6,7,7,9,10,5,7,10,10,4,5,7,9,7,6,9,8,6,11,6,6,6,6,11,13,8,12,8,8,6,6,7,7,11,10,6,7,7,5,6,9,7,8,5,9,9,6,7,9,9,3,5,11,9,8,6,8,5,7,8,9,8,6,5,7,10,7,13,5,7,11,8,9,7,7,5,11,10,6,8,7,10,11,7,6,7,8,10,7,7,9,3,7,10,11,12,7,8,12,6,8,5,6,7,9,6,6,6,9,6,5,7,3,9,11,8,10,7,8,5,8,4,4,10,12,4,6,7,9,8,10,4,8,10,5,7,7,6,6,7,4,5,9,7,8,10,7,6,11,4,9,10,6,6,9,10,5,9,4,8,8,8,6,8,8,7,14,5,12,8,5,9,8,4,8,11,8,9,7,8,8,9,4,7,8,4,5,7,7,8,4,8,8,9,9,10,5,6,8,9,3,7,7,5,4,10,6,11,7,5,7,5,7,7,9,6,6,7,8,7,6,8,8,9,6,8,7,4,6,9,6,8,8,9,8,5,6,6,7,12,5,7,6,9,7,5,7,5,9,8,5,7,8,7,4,6,11,6,11,7,8,9,8,12,8,10,5,10,12,9,6,9,6,8,10,8,13,5,5,11,8,4,9,11,8,9,12,9,10,7,3,10,7,6,8,8,9,10,11,7,10,5,7,8,8,9,8,9,9,5,7,8,9,8,8,10,7,5,9,7,8,5,12,12,8,7,6,5,8,6,9,6,8,4,9,5,8,12,12,9,6,7,6,5,7,9,5,7,8,4,7,4,12,6,12,6,7,8,7,7,7,5,7,7,9,8,13,6,7,12,7,13,8,8,6,6,5,6,9,9,10,10,10,7,10,9,12,6,7,10,7,6,8,13,8,7,7,5,8,11,8,8,6,9,11,10,10
align-dinov2+500m-things-7,9,8,6,9,7,5,9,10,3,6,8,6,4,8,8,5,6,5,9,6,6,8,7,8,4,12,6,7,5,7,11,8,10,10,4,13,8,9,8,12,8,6,4,6,7,8,7,10,8,8,7,8,10,9,8,6,8,11,9,25,7,9,8,7,8,10,8,9,10,9,9,12,8,10,6,11,11,8,7,7,5,14,7,8,8,9,8,5,6,14,12,7,8,5,6,7,7,7,7,4,9,6,10,7,8,7,11,9,10,6,13,10,3,6,4,10,5,7,8,8,6,9,6,10,16,11,6,7,8,5,8,6,6,8,7,12,11,5,10,9,5,8,8,10,4,7,5,4,6,5,16,10,6,8,3,7,10,4,6,8,8,7,8,7,6,10,10,8,8,9,8,5,7,10,7,8,4,12,9,7,10,10,7,10,6,7,7,7,7,10,5,9,8,7,6,9,11,8,9,8,8,6,5,7,9,7,9,7,6,7,5,7,6,8,7,7,4,5,9,7,9,5,10,8,8,13,9,10,6,6,11,4,9,7,8,6,7,7,7,5,8,7,5,10,9,8,6,5,10,5,12,11,6,7,5,7,5,8,11,8,9,7,8,6,6,6,10,6,12,5,11,7,15,11,8,9,11,10,14,10,7,8,6,8,8,6,7,7,10,11,7,9,4,7,5,5,4,7,5,9,8,8,12,10,7,8,10,7,10,13,8,11,9,5,8,7,7,7,9,7,6,8,9,8,8,7,9,6,6,9,6,6,8,7,10,11,8,14,11,9,12,7,13,10,7,8,6,7,7,11,8,4,7,6,6,7,9,8,9,8,9,9,8,8,8,9,6,8,8,10,5,8,6,7,6,8,7,8,7,7,5,4,7,7,7,6,10,7,5,5,17,5,8,10,8,4,7,6,7,11,6,7,8,6,3,8,6,9,9,12,4,9,5,8,6,6,4,5,7,10,6,9,6,6,13,5,5,11,6,7,8,5,8,5,10,4,4,6,16,5,8,5,6,11,13,6,5,5,10,10,6,10,9,8,11,9,7,7,9,7,10,5,3,9,5,7,11,5,8,6,8,10,5,10,5,8,6,8,5,8,11,3,3,7,5,11,10,10,7,8,7,10,6,10,8,4,11,10,5,7,6,7,9,9,4,6,5,9,6,6,10,11,7,10,10,8,9,8,10,6,6,4,6,8,12,5,10,11,9,7,6,5,6,8,10,10,3,13,7,11,5,6,9,5,7,7,9,7,7,11,8,7,9,14,11,8,10,9,6,10,6,6,6,8,6,11,8,8,11,5,8,10,6,10,7,9,5,9,9,7,8,6,14,11,6,4,7,11,7,6,10,7,5,7,9,15,6,6,10,8,11,7,8,7,6,10,8,10,9,10,8,6,13,9,11,7,8,8,3,6,7,7,6,6,9,6,9,7,8,7,6,11,10,4,6,9,6,10,11,4,7,8,12,8,5,8,7,8,6,7,9,6,7,7,6,4,8,8,10,6,6,7,9,6,11,7,11,7,10,9,5,7,8,9,9,7,5,15,4,7,7,5,6,5,6,6,7,8,8,6,9,10,9,8,12,8,9,5,12,13,7,6,11,5,12,7,8,5,9,6,8,5,6,5,9,7,9,12,8,4,10,11,6,4,4,9,6,6,8,8,4,5,8,8,13,9,7,6,5,6,11,11,6,11,9,6,6,7,6,5,7,10,9,7,10,8,4,8,11,6,6,6,7,10,5,7,8,6,8,4,10,10,9,6,8,5,5,4,9,15,8,6,7,7,9,10,5,7,10,10,4,5,7,9,7,6,9,8,6,11,6,6,6,6,11,13,8,12,8,8,6,6,7,7,11,10,6,7,7,5,6,9,7,8,5,9,9,6,7,9,9,3,5,11,9,8,6,8,5,7,8,9,8,6,5,7,10,7,13,5,7,11,8,9,7,7,5,11,10,6,8,7,10,11,7,6,7,8,10,7,7,9,3,7,10,11,12,7,8,12,6,8,5,6,7,9,6,6,6,9,6,5,7,3,9,11,8,10,7,8,5,8,4,4,10,12,4,6,7,9,8,10,4,8,10,5,7,7,6,6,7,4,5,9,7,8,10,7,6,11,4,9,10,6,6,9,10,5,9,4,8,8,8,6,8,8,7,14,5,12,8,5,9,8,4,8,11,8,9,7,8,8,9,4,7,8,4,5,7,7,8,4,8,8,9,9,10,5,6,8,9,3,7,7,5,4,10,6,11,7,5,7,5,7,7,9,6,6,7,8,7,6,8,8,9,6,8,7,4,6,9,6,8,8,9,8,5,6,6,7,12,5,7,6,9,7,5,7,5,9,8,5,7,8,7,4,6,11,6,11,7,8,9,8,12,8,10,5,10,12,9,6,9,6,8,10,8,13,5,5,11,8,4,9,11,8,9,12,9,10,7,3,10,7,6,8,8,9,10,11,7,10,5,7,8,8,9,8,9,9,5,7,8,9,8,8,10,7,5,9,7,8,5,12,12,8,7,6,5,8,6,9,6,8,4,9,5,8,12,12,9,6,7,6,5,7,9,5,7,8,4,7,4,12,6,12,6,7,8,7,7,7,5,7,7,9,8,13,6,7,12,7,13,8,8,6,6,5,6,9,9,10,10,10,7,10,9,12,6,7,10,7,6,8,13,8,7,7,5,8,11,8,8,6,9,11,10,10
align-dinov2+500m-things-7-random,9,8,6,9,7,5,9,10,3,6,8,6,4,8,8,5,6,5,9,6,6,8,7,8,4,12,6,7,5,7,11,8,10,10,4,13,8,9,8,12,8,6,4,6,7,8,7,10,8,8,7,8,10,9,8,6,8,11,9,25,7,9,8,7,8,10,8,9,10,9,9,12,8,10,6,11,11,8,7,7,5,14,7,8,8,9,8,5,6,14,12,7,8,5,6,7,7,7,7,4,9,6,10,7,8,7,11,9,10,6,13,10,3,6,4,10,5,7,8,8,6,9,6,10,16,11,6,7,8,5,8,6,6,8,7,12,11,5,10,9,5,8,8,10,4,7,5,4,6,5,16,10,6,8,3,7,10,4,6,8,8,7,8,7,6,10,10,8,8,9,8,5,7,10,7,8,4,12,9,7,10,10,7,10,6,7,7,7,7,10,5,9,8,7,6,9,11,8,9,8,8,6,5,7,9,7,9,7,6,7,5,7,6,8,7,7,4,5,9,7,9,5,10,8,8,13,9,10,6,6,11,4,9,7,8,6,7,7,7,5,8,7,5,10,9,8,6,5,10,5,12,11,6,7,5,7,5,8,11,8,9,7,8,6,6,6,10,6,12,5,11,7,15,11,8,9,11,10,14,10,7,8,6,8,8,6,7,7,10,11,7,9,4,7,5,5,4,7,5,9,8,8,12,10,7,8,10,7,10,13,8,11,9,5,8,7,7,7,9,7,6,8,9,8,8,7,9,6,6,9,6,6,8,7,10,11,8,14,11,9,12,7,13,10,7,8,6,7,7,11,8,4,7,6,6,7,9,8,9,8,9,9,8,8,8,9,6,8,8,10,5,8,6,7,6,8,7,8,7,7,5,4,7,7,7,6,10,7,5,5,17,5,8,10,8,4,7,6,7,11,6,7,8,6,3,8,6,9,9,12,4,9,5,8,6,6,4,5,7,10,6,9,6,6,13,5,5,11,6,7,8,5,8,5,10,4,4,6,16,5,8,5,6,11,13,6,5,5,10,10,6,10,9,8,11,9,7,7,9,7,10,5,3,9,5,7,11,5,8,6,8,10,5,10,5,8,6,8,5,8,11,3,3,7,5,11,10,10,7,8,7,10,6,10,8,4,11,10,5,7,6,7,9,9,4,6,5,9,6,6,10,11,7,10,10,8,9,8,10,6,6,4,6,8,12,5,10,11,9,7,6,5,6,8,10,10,3,13,7,11,5,6,9,5,7,7,9,7,7,11,8,7,9,14,11,8,10,9,6,10,6,6,6,8,6,11,8,8,11,5,8,10,6,10,7,9,5,9,9,7,8,6,14,11,6,4,7,11,7,6,10,7,5,7,9,15,6,6,10,8,11,7,8,7,6,10,8,10,9,10,8,6,13,9,11,7,8,8,3,6,7,7,6,6,9,6,9,7,8,7,6,11,10,4,6,9,6,10,11,4,7,8,12,8,5,8,7,8,6,7,9,6,7,7,6,4,8,8,10,6,6,7,9,6,11,7,11,7,10,9,5,7,8,9,9,7,5,15,4,7,7,5,6,5,6,6,7,8,8,6,9,10,9,8,12,8,9,5,12,13,7,6,11,5,12,7,8,5,9,6,8,5,6,5,9,7,9,12,8,4,10,11,6,4,4,9,6,6,8,8,4,5,8,8,13,9,7,6,5,6,11,11,6,11,9,6,6,7,6,5,7,10,9,7,10,8,4,8,11,6,6,6,7,10,5,7,8,6,8,4,10,10,9,6,8,5,5,4,9,15,8,6,7,7,9,10,5,7,10,10,4,5,7,9,7,6,9,8,6,11,6,6,6,6,11,13,8,12,8,8,6,6,7,7,11,10,6,7,7,5,6,9,7,8,5,9,9,6,7,9,9,3,5,11,9,8,6,8,5,7,8,9,8,6,5,7,10,7,13,5,7,11,8,9,7,7,5,11,10,6,8,7,10,11,7,6,7,8,10,7,7,9,3,7,10,11,12,7,8,12,6,8,5,6,7,9,6,6,6,9,6,5,7,3,9,11,8,10,7,8,5,8,4,4,10,12,4,6,7,9,8,10,4,8,10,5,7,7,6,6,7,4,5,9,7,8,10,7,6,11,4,9,10,6,6,9,10,5,9,4,8,8,8,6,8,8,7,14,5,12,8,5,9,8,4,8,11,8,9,7,8,8,9,4,7,8,4,5,7,7,8,4,8,8,9,9,10,5,6,8,9,3,7,7,5,4,10,6,11,7,5,7,5,7,7,9,6,6,7,8,7,6,8,8,9,6,8,7,4,6,9,6,8,8,9,8,5,6,6,7,12,5,7,6,9,7,5,7,5,9,8,5,7,8,7,4,6,11,6,11,7,8,9,8,12,8,10,5,10,12,9,6,9,6,8,10,8,13,5,5,11,8,4,9,11,8,9,12,9,10,7,3,10,7,6,8,8,9,10,11,7,10,5,7,8,8,9,8,9,9,5,7,8,9,8,8,10,7,5,9,7,8,5,12,12,8,7,6,5,8,6,9,6,8,4,9,5,8,12,12,9,6,7,6,5,7,9,5,7,8,4,7,4,12,6,12,6,7,8,7,7,7,5,7,7,9,8,13,6,7,12,7,13,8,8,6,6,5,6,9,9,10,10,10,7,10,9,12,6,7,10,7,6,8,13,8,7,7,5,8,11,8,8,6,9,11,10,10
align-dinov2+500m-things-local-shuffled-218,4,7,11,8,5,8,9,7,8,6,11,10,6,9,7,8,10,14,9,6,10,8,9,6,7,7,7,9,11,7,9,7,9,5,7,7,10,8,7,10,6,8,5,8,9,6,7,6,10,6,6,4,9,10,8,7,7,4,5,19,10,4,9,7,9,9,7,7,5,8,9,5,7,10,10,8,5,7,7,4,7,10,7,9,5,11,5,5,8,8,12,7,10,9,9,8,10,8,6,9,9,8,7,10,11,6,10,9,9,9,10,8,10,7,7,9,8,8,9,10,8,7,7,4,15,11,8,7,8,5,8,11,8,9,10,9,9,6,10,4,5,7,8,8,6,9,7,7,6,8,15,6,4,8,7,8,4,8,5,6,8,8,5,5,9,7,6,8,6,7,5,6,10,7,6,7,9,9,7,5,6,9,10,6,11,6,7,7,7,5,8,4,9,6,9,10,8,8,10,6,10,4,5,5,13,4,5,7,7,9,9,4,6,8,7,6,4,6,6,9,7,4,10,5,11,7,9,8,6,7,15,7,5,8,8,9,6,6,7,5,9,6,7,11,8,13,6,12,6,9,8,8,7,8,7,5,7,9,9,7,7,9,10,7,5,10,8,9,8,5,8,7,8,7,6,8,6,10,6,7,9,5,9,7,8,5,7,6,5,9,10,5,7,10,7,5,10,6,11,6,6,6,11,5,9,10,8,8,5,9,11,8,9,6,6,5,10,8,9,9,9,13,9,5,8,7,6,9,6,7,7,3,6,10,9,7,9,8,8,10,8,8,8,9,8,12,7,7,6,8,10,7,8,12,6,4,5,6,9,8,8,6,5,7,4,7,10,6,6,7,10,8,8,3,4,6,8,5,6,10,4,6,9,7,8,7,6,11,8,10,16,8,12,7,4,6,6,7,11,13,7,10,11,9,7,7,6,8,6,6,7,8,4,6,6,9,7,10,10,8,9,10,8,5,7,10,8,4,8,8,8,7,10,8,5,6,9,5,5,9,10,10,8,6,6,9,12,9,11,5,9,10,9,10,7,9,8,11,7,7,7,5,8,7,7,11,7,6,7,8,9,7,8,8,7,11,5,4,9,7,7,5,10,5,6,8,8,7,7,5,10,7,10,11,4,6,9,5,9,8,11,8,6,9,5,10,13,7,8,9,9,6,5,6,10,8,10,8,8,11,8,6,6,9,9,9,10,5,10,5,5,10,7,9,8,10,8,6,10,8,6,11,10,7,7,7,5,7,8,8,7,9,12,16,9,8,8,10,11,9,8,4,8,6,8,6,7,4,5,9,5,6,6,10,9,7,8,9,7,10,7,4,10,8,8,4,6,6,5,9,10,8,8,8,10,5,5,7,6,4,8,9,5,5,7,13,5,8,12,7,8,13,5,7,8,8,9,5,10,9,8,7,12,9,5,10,6,8,6,7,8,7,10,12,6,7,7,8,7,11,5,4,7,5,8,7,6,7,4,12,11,8,8,8,10,5,10,11,9,9,8,7,10,7,5,6,9,9,8,5,6,7,10,8,6,4,6,8,5,5,5,7,6,7,8,8,5,7,12,7,11,12,3,12,5,7,7,5,8,6,5,9,8,9,6,8,9,8,12,8,6,9,8,8,4,8,9,8,5,10,5,6,7,12,10,9,9,10,9,15,8,6,5,5,4,9,6,9,7,13,6,11,6,5,11,6,8,6,6,7,8,7,7,6,5,8,5,13,6,8,8,9,8,8,7,8,10,9,7,8,8,9,10,7,9,10,12,6,5,9,7,5,8,8,6,8,9,8,9,5,8,8,6,9,7,9,7,5,7,12,10,7,8,7,12,14,8,7,7,6,8,7,5,10,7,7,8,10,8,6,9,13,10,6,7,6,6,10,12,11,6,3,9,9,5,9,12,7,8,6,7,9,7,6,9,10,7,9,8,10,13,15,11,7,9,11,8,7,12,5,6,8,6,4,9,8,6,5,13,7,6,11,6,6,8,7,8,6,6,8,7,10,4,5,8,9,10,6,13,7,5,9,9,9,8,8,7,9,5,11,8,10,6,9,9,7,8,5,9,7,8,7,9,8,13,10,8,6,7,6,9,8,7,6,6,4,5,6,8,4,7,5,7,6,5,7,10,6,6,4,8,11,6,15,7,8,10,6,6,7,6,10,7,10,10,7,8,11,9,7,7,11,10,11,6,9,5,10,9,8,7,10,10,5,11,9,9,10,7,4,8,7,6,8,7,8,9,6,7,6,8,13,8,8,4,8,7,7,7,4,12,10,6,10,6,9,11,7,9,6,9,10,8,7,7,9,6,6,5,5,8,5,6,9,4,9,11,12,12,9,7,7,10,13,10,8,5,6,7,6,10,9,6,10,6,11,6,9,7,16,10,6,6,7,8,10,8,10,4,5,8,11,8,6,7,11,7,9,6,10,9,7,7,8,10,6,7,7,9,5,4,9,5,8,8,5,8,8,9,7,6,10,6,14,5,8,5,9,9,6,4,11,8,7,10,7,6,4,11,14,6,9,5,6,9,8,5,9,9,12,8,6,14,6,4,8,5,8,8,8,9,5,9,5,7,7,7,4,10,10,9,12,7,6,5,7,6,6,10,8,5,8,8,9,9,7,7,8,3,5,9,7,7,6,7,6,6,4,8,9,7,4,7,6,7,13,10,7,6,9,6,8,7,7,7,6,6,6
align-dinov2+500m-things-local-shuffled-42,4,7,11,8,5,8,9,7,8,6,11,10,6,9,7,8,10,14,9,6,10,8,9,6,7,7,7,9,11,7,9,7,9,5,7,7,10,8,7,10,6,8,5,8,9,6,7,6,10,6,6,4,9,10,8,7,7,4,5,19,10,4,9,7,9,9,7,7,5,8,9,5,7,10,10,8,5,7,7,4,7,10,7,9,5,11,5,5,8,8,12,7,10,9,9,8,10,8,6,9,9,8,7,10,11,6,10,9,9,9,10,8,10,7,7,9,8,8,9,10,8,7,7,4,15,11,8,7,8,5,8,11,8,9,10,9,9,6,10,4,5,7,8,8,6,9,7,7,6,8,15,6,4,8,7,8,4,8,5,6,8,8,5,5,9,7,6,8,6,7,5,6,10,7,6,7,9,9,7,5,6,9,10,6,11,6,7,7,7,5,8,4,9,6,9,10,8,8,10,6,10,4,5,5,13,4,5,7,7,9,9,4,6,8,7,6,4,6,6,9,7,4,10,5,11,7,9,8,6,7,15,7,5,8,8,9,6,6,7,5,9,6,7,11,8,13,6,12,6,9,8,8,7,8,7,5,7,9,9,7,7,9,10,7,5,10,8,9,8,5,8,7,8,7,6,8,6,10,6,7,9,5,9,7,8,5,7,6,5,9,10,5,7,10,7,5,10,6,11,6,6,6,11,5,9,10,8,8,5,9,11,8,9,6,6,5,10,8,9,9,9,13,9,5,8,7,6,9,6,7,7,3,6,10,9,7,9,8,8,10,8,8,8,9,8,12,7,7,6,8,10,7,8,12,6,4,5,6,9,8,8,6,5,7,4,7,10,6,6,7,10,8,8,3,4,6,8,5,6,10,4,6,9,7,8,7,6,11,8,10,16,8,12,7,4,6,6,7,11,13,7,10,11,9,7,7,6,8,6,6,7,8,4,6,6,9,7,10,10,8,9,10,8,5,7,10,8,4,8,8,8,7,10,8,5,6,9,5,5,9,10,10,8,6,6,9,12,9,11,5,9,10,9,10,7,9,8,11,7,7,7,5,8,7,7,11,7,6,7,8,9,7,8,8,7,11,5,4,9,7,7,5,10,5,6,8,8,7,7,5,10,7,10,11,4,6,9,5,9,8,11,8,6,9,5,10,13,7,8,9,9,6,5,6,10,8,10,8,8,11,8,6,6,9,9,9,10,5,10,5,5,10,7,9,8,10,8,6,10,8,6,11,10,7,7,7,5,7,8,8,7,9,12,16,9,8,8,10,11,9,8,4,8,6,8,6,7,4,5,9,5,6,6,10,9,7,8,9,7,10,7,4,10,8,8,4,6,6,5,9,10,8,8,8,10,5,5,7,6,4,8,9,5,5,7,13,5,8,12,7,8,13,5,7,8,8,9,5,10,9,8,7,12,9,5,10,6,8,6,7,8,7,10,12,6,7,7,8,7,11,5,4,7,5,8,7,6,7,4,12,11,8,8,8,10,5,10,11,9,9,8,7,10,7,5,6,9,9,8,5,6,7,10,8,6,4,6,8,5,5,5,7,6,7,8,8,5,7,12,7,11,12,3,12,5,7,7,5,8,6,5,9,8,9,6,8,9,8,12,8,6,9,8,8,4,8,9,8,5,10,5,6,7,12,10,9,9,10,9,15,8,6,5,5,4,9,6,9,7,13,6,11,6,5,11,6,8,6,6,7,8,7,7,6,5,8,5,13,6,8,8,9,8,8,7,8,10,9,7,8,8,9,10,7,9,10,12,6,5,9,7,5,8,8,6,8,9,8,9,5,8,8,6,9,7,9,7,5,7,12,10,7,8,7,12,14,8,7,7,6,8,7,5,10,7,7,8,10,8,6,9,13,10,6,7,6,6,10,12,11,6,3,9,9,5,9,12,7,8,6,7,9,7,6,9,10,7,9,8,10,13,15,11,7,9,11,8,7,12,5,6,8,6,4,9,8,6,5,13,7,6,11,6,6,8,7,8,6,6,8,7,10,4,5,8,9,10,6,13,7,5,9,9,9,8,8,7,9,5,11,8,10,6,9,9,7,8,5,9,7,8,7,9,8,13,10,8,6,7,6,9,8,7,6,6,4,5,6,8,4,7,5,7,6,5,7,10,6,6,4,8,11,6,15,7,8,10,6,6,7,6,10,7,10,10,7,8,11,9,7,7,11,10,11,6,9,5,10,9,8,7,10,10,5,11,9,9,10,7,4,8,7,6,8,7,8,9,6,7,6,8,13,8,8,4,8,7,7,7,4,12,10,6,10,6,9,11,7,9,6,9,10,8,7,7,9,6,6,5,5,8,5,6,9,4,9,11,12,12,9,7,7,10,13,10,8,5,6,7,6,10,9,6,10,6,11,6,9,7,16,10,6,6,7,8,10,8,10,4,5,8,11,8,6,7,11,7,9,6,10,9,7,7,8,10,6,7,7,9,5,4,9,5,8,8,5,8,8,9,7,6,10,6,14,5,8,5,9,9,6,4,11,8,7,10,7,6,4,11,14,6,9,5,6,9,8,5,9,9,12,8,6,14,6,4,8,5,8,8,8,9,5,9,5,7,7,7,4,10,10,9,12,7,6,5,7,6,6,10,8,5,8,8,9,9,7,7,8,3,5,9,7,7,6,7,6,6,4,8,9,7,4,7,6,7,13,10,7,6,9,6,8,7,7,7,6,6,6
align-dinov2+500m-things-local-shuffled-7,4,7,11,8,5,8,9,7,8,6,11,10,6,9,7,8,10,14,9,6,10,8,9,6,7,7,7,9,11,7,9,7,9,5,7,7,10,8,7,10,6,8,5,8,9,6,7,6,10,6,6,4,9,10,8,7,7,4,5,19,10,4,9,7,9,9,7,7,5,8,9,5,7,10,10,8,5,7,7,4,7,10,7,9,5,11,5,5,8,8,12,7,10,9,9,8,10,8,6,9,9,8,7,10,11,6,10,9,9,9,10,8,10,7,7,9,8,8,9,10,8,7,7,4,15,11,8,7,8,5,8,11,8,9,10,9,9,6,10,4,5,7,8,8,6,9,7,7,6,8,15,6,4,8,7,8,4,8,5,6,8,8,5,5,9,7,6,8,6,7,5,6,10,7,6,7,9,9,7,5,6,9,10,6,11,6,7,7,7,5,8,4,9,6,9,10,8,8,10,6,10,4,5,5,13,4,5,7,7,9,9,4,6,8,7,6,4,6,6,9,7,4,10,5,11,7,9,8,6,7,15,7,5,8,8,9,6,6,7,5,9,6,7,11,8,13,6,12,6,9,8,8,7,8,7,5,7,9,9,7,7,9,10,7,5,10,8,9,8,5,8,7,8,7,6,8,6,10,6,7,9,5,9,7,8,5,7,6,5,9,10,5,7,10,7,5,10,6,11,6,6,6,11,5,9,10,8,8,5,9,11,8,9,6,6,5,10,8,9,9,9,13,9,5,8,7,6,9,6,7,7,3,6,10,9,7,9,8,8,10,8,8,8,9,8,12,7,7,6,8,10,7,8,12,6,4,5,6,9,8,8,6,5,7,4,7,10,6,6,7,10,8,8,3,4,6,8,5,6,10,4,6,9,7,8,7,6,11,8,10,16,8,12,7,4,6,6,7,11,13,7,10,11,9,7,7,6,8,6,6,7,8,4,6,6,9,7,10,10,8,9,10,8,5,7,10,8,4,8,8,8,7,10,8,5,6,9,5,5,9,10,10,8,6,6,9,12,9,11,5,9,10,9,10,7,9,8,11,7,7,7,5,8,7,7,11,7,6,7,8,9,7,8,8,7,11,5,4,9,7,7,5,10,5,6,8,8,7,7,5,10,7,10,11,4,6,9,5,9,8,11,8,6,9,5,10,13,7,8,9,9,6,5,6,10,8,10,8,8,11,8,6,6,9,9,9,10,5,10,5,5,10,7,9,8,10,8,6,10,8,6,11,10,7,7,7,5,7,8,8,7,9,12,16,9,8,8,10,11,9,8,4,8,6,8,6,7,4,5,9,5,6,6,10,9,7,8,9,7,10,7,4,10,8,8,4,6,6,5,9,10,8,8,8,10,5,5,7,6,4,8,9,5,5,7,13,5,8,12,7,8,13,5,7,8,8,9,5,10,9,8,7,12,9,5,10,6,8,6,7,8,7,10,12,6,7,7,8,7,11,5,4,7,5,8,7,6,7,4,12,11,8,8,8,10,5,10,11,9,9,8,7,10,7,5,6,9,9,8,5,6,7,10,8,6,4,6,8,5,5,5,7,6,7,8,8,5,7,12,7,11,12,3,12,5,7,7,5,8,6,5,9,8,9,6,8,9,8,12,8,6,9,8,8,4,8,9,8,5,10,5,6,7,12,10,9,9,10,9,15,8,6,5,5,4,9,6,9,7,13,6,11,6,5,11,6,8,6,6,7,8,7,7,6,5,8,5,13,6,8,8,9,8,8,7,8,10,9,7,8,8,9,10,7,9,10,12,6,5,9,7,5,8,8,6,8,9,8,9,5,8,8,6,9,7,9,7,5,7,12,10,7,8,7,12,14,8,7,7,6,8,7,5,10,7,7,8,10,8,6,9,13,10,6,7,6,6,10,12,11,6,3,9,9,5,9,12,7,8,6,7,9,7,6,9,10,7,9,8,10,13,15,11,7,9,11,8,7,12,5,6,8,6,4,9,8,6,5,13,7,6,11,6,6,8,7,8,6,6,8,7,10,4,5,8,9,10,6,13,7,5,9,9,9,8,8,7,9,5,11,8,10,6,9,9,7,8,5,9,7,8,7,9,8,13,10,8,6,7,6,9,8,7,6,6,4,5,6,8,4,7,5,7,6,5,7,10,6,6,4,8,11,6,15,7,8,10,6,6,7,6,10,7,10,10,7,8,11,9,7,7,11,10,11,6,9,5,10,9,8,7,10,10,5,11,9,9,10,7,4,8,7,6,8,7,8,9,6,7,6,8,13,8,8,4,8,7,7,7,4,12,10,6,10,6,9,11,7,9,6,9,10,8,7,7,9,6,6,5,5,8,5,6,9,4,9,11,12,12,9,7,7,10,13,10,8,5,6,7,6,10,9,6,10,6,11,6,9,7,16,10,6,6,7,8,10,8,10,4,5,8,11,8,6,7,11,7,9,6,10,9,7,7,8,10,6,7,7,9,5,4,9,5,8,8,5,8,8,9,7,6,10,6,14,5,8,5,9,9,6,4,11,8,7,10,7,6,4,11,14,6,9,5,6,9,8,5,9,9,12,8,6,14,6,4,8,5,8,8,8,9,5,9,5,7,7,7,4,10,10,9,12,7,6,5,7,6,6,10,8,5,8,8,9,9,7,7,8,3,5,9,7,7,6,7,6,6,4,8,9,7,4,7,6,7,13,10,7,6,9,6,8,7,7,7,6,6,6
align-dinov2+500m-things-shuffled-218,10,7,9,9,7,8,4,4,8,5,7,7,9,7,9,7,8,11,6,8,4,5,6,11,9,9,7,7,4,11,9,11,8,7,9,6,6,7,8,5,6,11,7,8,6,10,9,5,9,11,6,6,3,8,6,9,4,10,6,23,7,6,8,6,12,7,7,9,11,8,6,8,7,6,11,7,10,8,11,4,8,6,11,4,4,5,10,9,9,5,5,8,8,8,5,7,11,7,6,9,11,8,6,13,6,7,6,7,10,4,6,8,8,8,8,9,6,7,7,8,9,6,13,6,11,4,9,8,12,11,5,5,7,5,8,8,7,7,9,11,9,9,9,6,5,6,6,5,5,9,13,7,6,12,7,11,6,8,7,11,8,9,7,10,12,6,8,6,10,9,12,6,8,6,3,6,6,12,9,7,7,6,8,6,10,9,11,8,8,9,4,7,7,7,8,7,4,7,5,6,7,9,5,10,11,5,7,10,6,8,6,7,9,8,10,14,9,5,7,7,5,6,7,7,7,9,4,8,9,8,7,8,5,6,9,6,8,7,5,7,6,7,12,11,11,5,8,10,7,8,7,4,7,5,8,7,7,8,6,8,9,9,8,7,9,7,8,6,12,9,7,7,5,7,12,6,6,5,8,7,10,9,8,12,7,9,7,11,7,4,6,7,7,6,7,7,4,11,9,9,7,7,7,8,7,5,7,7,6,10,5,9,8,6,12,11,4,6,9,5,7,8,8,10,8,8,12,5,10,8,7,8,10,11,7,5,9,5,8,9,7,10,9,8,7,5,7,5,8,6,8,10,9,8,10,8,4,5,11,8,10,7,7,10,5,10,8,9,5,5,11,8,5,8,10,7,7,7,8,9,6,7,14,8,12,3,12,6,6,7,13,5,16,10,7,10,7,8,6,5,8,9,8,10,5,4,9,4,9,5,8,6,4,8,8,12,6,7,6,4,7,5,11,8,10,10,5,9,10,12,6,7,7,6,5,10,10,8,9,7,7,6,4,12,6,9,7,8,8,11,4,5,7,7,5,7,4,8,9,11,8,4,8,10,5,9,7,9,5,7,10,8,6,11,10,11,5,6,8,8,5,8,10,11,5,9,10,10,8,8,5,9,8,3,8,8,4,8,7,10,7,8,10,6,12,9,4,7,6,7,7,11,5,3,13,7,6,7,6,7,10,9,5,8,6,4,6,11,7,9,9,8,9,13,9,10,6,5,10,5,8,6,8,13,7,5,6,5,3,9,8,10,11,15,9,7,13,7,8,8,4,12,7,8,8,8,4,10,8,5,10,6,7,7,9,5,9,6,11,10,10,6,8,11,8,7,14,6,10,8,12,5,5,7,5,8,8,11,10,5,10,7,9,7,6,6,12,6,5,7,11,10,5,3,9,7,9,14,14,3,8,7,11,5,12,7,5,5,10,9,6,12,5,5,10,6,7,6,5,6,14,11,6,7,7,10,6,8,4,6,9,7,8,5,5,7,9,12,8,9,8,9,10,7,7,6,8,9,8,7,10,6,6,5,10,10,5,5,8,9,8,9,7,7,10,8,8,7,7,6,9,9,7,14,7,6,9,11,9,10,5,8,9,9,8,7,8,6,10,7,11,4,4,8,7,13,7,4,8,10,7,6,9,7,7,6,8,8,8,5,8,9,7,5,10,6,10,8,5,8,8,6,6,7,7,8,8,6,9,5,5,5,6,7,6,10,10,11,11,8,8,6,10,10,11,9,9,5,11,7,10,5,9,5,5,7,7,3,4,10,6,7,8,9,10,8,11,11,10,7,10,10,6,8,6,8,7,8,5,7,10,7,5,6,10,8,11,6,9,9,13,8,6,6,5,6,8,10,6,6,6,6,6,8,11,9,11,6,5,9,7,8,10,9,10,5,8,6,7,5,8,4,7,7,7,7,9,10,9,7,9,10,6,8,9,7,9,8,9,8,7,6,6,6,5,12,5,7,7,9,6,5,8,9,13,9,7,9,5,6,9,6,5,12,6,12,6,8,8,6,9,6,8,5,10,6,10,10,9,4,7,10,7,8,8,6,10,8,5,9,5,7,5,8,6,4,13,7,5,5,14,6,8,11,6,4,10,8,9,10,7,11,7,5,4,4,10,8,6,9,8,5,11,9,11,8,9,8,11,8,10,4,4,7,9,5,6,7,10,6,5,8,6,9,5,7,6,8,7,7,7,9,5,5,6,8,6,7,9,5,11,8,10,7,9,10,6,6,8,4,9,6,7,7,8,6,8,6,9,8,10,10,10,6,4,8,5,7,8,6,7,7,10,7,9,7,8,7,4,10,9,10,7,10,8,7,8,9,5,7,6,7,8,8,7,11,6,9,10,8,8,7,7,5,6,9,7,9,9,8,10,8,7,8,8,8,8,8,8,4,11,6,7,7,7,6,8,8,7,4,6,10,10,4,6,5,5,10,9,9,5,9,6,10,4,11,5,8,7,10,7,14,11,8,11,8,6,12,13,8,12,9,6,4,9,6,13,7,11,8,9,9,7,6,10,9,15,10,7,6,9,9,9,11,11,7,6,11,5,11,5,5,6,8,6,7,10,12,8,6,5,10,6,10,6,6,7,7,8,6,9,8,7,8,10,4,8,5,4,5,7,13,6,9,11,9,9,9,11,6,10,7,8,7,5,8,6,6,10,7,6,5,6,8,8,8,12,8
align-dinov2+500m-things-shuffled-42,10,7,9,9,7,8,4,4,8,5,7,7,9,7,9,7,8,11,6,8,4,5,6,11,9,9,7,7,4,11,9,11,8,7,9,6,6,7,8,5,6,11,7,8,6,10,9,5,9,11,6,6,3,8,6,9,4,10,6,23,7,6,8,6,12,7,7,9,11,8,6,8,7,6,11,7,10,8,11,4,8,6,11,4,4,5,10,9,9,5,5,8,8,8,5,7,11,7,6,9,11,8,6,13,6,7,6,7,10,4,6,8,8,8,8,9,6,7,7,8,9,6,13,6,11,4,9,8,12,11,5,5,7,5,8,8,7,7,9,11,9,9,9,6,5,6,6,5,5,9,13,7,6,12,7,11,6,8,7,11,8,9,7,10,12,6,8,6,10,9,12,6,8,6,3,6,6,12,9,7,7,6,8,6,10,9,11,8,8,9,4,7,7,7,8,7,4,7,5,6,7,9,5,10,11,5,7,10,6,8,6,7,9,8,10,14,9,5,7,7,5,6,7,7,7,9,4,8,9,8,7,8,5,6,9,6,8,7,5,7,6,7,12,11,11,5,8,10,7,8,7,4,7,5,8,7,7,8,6,8,9,9,8,7,9,7,8,6,12,9,7,7,5,7,12,6,6,5,8,7,10,9,8,12,7,9,7,11,7,4,6,7,7,6,7,7,4,11,9,9,7,7,7,8,7,5,7,7,6,10,5,9,8,6,12,11,4,6,9,5,7,8,8,10,8,8,12,5,10,8,7,8,10,11,7,5,9,5,8,9,7,10,9,8,7,5,7,5,8,6,8,10,9,8,10,8,4,5,11,8,10,7,7,10,5,10,8,9,5,5,11,8,5,8,10,7,7,7,8,9,6,7,14,8,12,3,12,6,6,7,13,5,16,10,7,10,7,8,6,5,8,9,8,10,5,4,9,4,9,5,8,6,4,8,8,12,6,7,6,4,7,5,11,8,10,10,5,9,10,12,6,7,7,6,5,10,10,8,9,7,7,6,4,12,6,9,7,8,8,11,4,5,7,7,5,7,4,8,9,11,8,4,8,10,5,9,7,9,5,7,10,8,6,11,10,11,5,6,8,8,5,8,10,11,5,9,10,10,8,8,5,9,8,3,8,8,4,8,7,10,7,8,10,6,12,9,4,7,6,7,7,11,5,3,13,7,6,7,6,7,10,9,5,8,6,4,6,11,7,9,9,8,9,13,9,10,6,5,10,5,8,6,8,13,7,5,6,5,3,9,8,10,11,15,9,7,13,7,8,8,4,12,7,8,8,8,4,10,8,5,10,6,7,7,9,5,9,6,11,10,10,6,8,11,8,7,14,6,10,8,12,5,5,7,5,8,8,11,10,5,10,7,9,7,6,6,12,6,5,7,11,10,5,3,9,7,9,14,14,3,8,7,11,5,12,7,5,5,10,9,6,12,5,5,10,6,7,6,5,6,14,11,6,7,7,10,6,8,4,6,9,7,8,5,5,7,9,12,8,9,8,9,10,7,7,6,8,9,8,7,10,6,6,5,10,10,5,5,8,9,8,9,7,7,10,8,8,7,7,6,9,9,7,14,7,6,9,11,9,10,5,8,9,9,8,7,8,6,10,7,11,4,4,8,7,13,7,4,8,10,7,6,9,7,7,6,8,8,8,5,8,9,7,5,10,6,10,8,5,8,8,6,6,7,7,8,8,6,9,5,5,5,6,7,6,10,10,11,11,8,8,6,10,10,11,9,9,5,11,7,10,5,9,5,5,7,7,3,4,10,6,7,8,9,10,8,11,11,10,7,10,10,6,8,6,8,7,8,5,7,10,7,5,6,10,8,11,6,9,9,13,8,6,6,5,6,8,10,6,6,6,6,6,8,11,9,11,6,5,9,7,8,10,9,10,5,8,6,7,5,8,4,7,7,7,7,9,10,9,7,9,10,6,8,9,7,9,8,9,8,7,6,6,6,5,12,5,7,7,9,6,5,8,9,13,9,7,9,5,6,9,6,5,12,6,12,6,8,8,6,9,6,8,5,10,6,10,10,9,4,7,10,7,8,8,6,10,8,5,9,5,7,5,8,6,4,13,7,5,5,14,6,8,11,6,4,10,8,9,10,7,11,7,5,4,4,10,8,6,9,8,5,11,9,11,8,9,8,11,8,10,4,4,7,9,5,6,7,10,6,5,8,6,9,5,7,6,8,7,7,7,9,5,5,6,8,6,7,9,5,11,8,10,7,9,10,6,6,8,4,9,6,7,7,8,6,8,6,9,8,10,10,10,6,4,8,5,7,8,6,7,7,10,7,9,7,8,7,4,10,9,10,7,10,8,7,8,9,5,7,6,7,8,8,7,11,6,9,10,8,8,7,7,5,6,9,7,9,9,8,10,8,7,8,8,8,8,8,8,4,11,6,7,7,7,6,8,8,7,4,6,10,10,4,6,5,5,10,9,9,5,9,6,10,4,11,5,8,7,10,7,14,11,8,11,8,6,12,13,8,12,9,6,4,9,6,13,7,11,8,9,9,7,6,10,9,15,10,7,6,9,9,9,11,11,7,6,11,5,11,5,5,6,8,6,7,10,12,8,6,5,10,6,10,6,6,7,7,8,6,9,8,7,8,10,4,8,5,4,5,7,13,6,9,11,9,9,9,11,6,10,7,8,7,5,8,6,6,10,7,6,5,6,8,8,8,12,8
align-dinov2+500m-things-shuffled-7,10,7,9,9,7,8,4,4,8,5,7,7,9,7,9,7,8,11,6,8,4,5,6,11,9,9,7,7,4,11,9,11,8,7,9,6,6,7,8,5,6,11,7,8,6,10,9,5,9,11,6,6,3,8,6,9,4,10,6,23,7,6,8,6,12,7,7,9,11,8,6,8,7,6,11,7,10,8,11,4,8,6,11,4,4,5,10,9,9,5,5,8,8,8,5,7,11,7,6,9,11,8,6,13,6,7,6,7,10,4,6,8,8,8,8,9,6,7,7,8,9,6,13,6,11,4,9,8,12,11,5,5,7,5,8,8,7,7,9,11,9,9,9,6,5,6,6,5,5,9,13,7,6,12,7,11,6,8,7,11,8,9,7,10,12,6,8,6,10,9,12,6,8,6,3,6,6,12,9,7,7,6,8,6,10,9,11,8,8,9,4,7,7,7,8,7,4,7,5,6,7,9,5,10,11,5,7,10,6,8,6,7,9,8,10,14,9,5,7,7,5,6,7,7,7,9,4,8,9,8,7,8,5,6,9,6,8,7,5,7,6,7,12,11,11,5,8,10,7,8,7,4,7,5,8,7,7,8,6,8,9,9,8,7,9,7,8,6,12,9,7,7,5,7,12,6,6,5,8,7,10,9,8,12,7,9,7,11,7,4,6,7,7,6,7,7,4,11,9,9,7,7,7,8,7,5,7,7,6,10,5,9,8,6,12,11,4,6,9,5,7,8,8,10,8,8,12,5,10,8,7,8,10,11,7,5,9,5,8,9,7,10,9,8,7,5,7,5,8,6,8,10,9,8,10,8,4,5,11,8,10,7,7,10,5,10,8,9,5,5,11,8,5,8,10,7,7,7,8,9,6,7,14,8,12,3,12,6,6,7,13,5,16,10,7,10,7,8,6,5,8,9,8,10,5,4,9,4,9,5,8,6,4,8,8,12,6,7,6,4,7,5,11,8,10,10,5,9,10,12,6,7,7,6,5,10,10,8,9,7,7,6,4,12,6,9,7,8,8,11,4,5,7,7,5,7,4,8,9,11,8,4,8,10,5,9,7,9,5,7,10,8,6,11,10,11,5,6,8,8,5,8,10,11,5,9,10,10,8,8,5,9,8,3,8,8,4,8,7,10,7,8,10,6,12,9,4,7,6,7,7,11,5,3,13,7,6,7,6,7,10,9,5,8,6,4,6,11,7,9,9,8,9,13,9,10,6,5,10,5,8,6,8,13,7,5,6,5,3,9,8,10,11,15,9,7,13,7,8,8,4,12,7,8,8,8,4,10,8,5,10,6,7,7,9,5,9,6,11,10,10,6,8,11,8,7,14,6,10,8,12,5,5,7,5,8,8,11,10,5,10,7,9,7,6,6,12,6,5,7,11,10,5,3,9,7,9,14,14,3,8,7,11,5,12,7,5,5,10,9,6,12,5,5,10,6,7,6,5,6,14,11,6,7,7,10,6,8,4,6,9,7,8,5,5,7,9,12,8,9,8,9,10,7,7,6,8,9,8,7,10,6,6,5,10,10,5,5,8,9,8,9,7,7,10,8,8,7,7,6,9,9,7,14,7,6,9,11,9,10,5,8,9,9,8,7,8,6,10,7,11,4,4,8,7,13,7,4,8,10,7,6,9,7,7,6,8,8,8,5,8,9,7,5,10,6,10,8,5,8,8,6,6,7,7,8,8,6,9,5,5,5,6,7,6,10,10,11,11,8,8,6,10,10,11,9,9,5,11,7,10,5,9,5,5,7,7,3,4,10,6,7,8,9,10,8,11,11,10,7,10,10,6,8,6,8,7,8,5,7,10,7,5,6,10,8,11,6,9,9,13,8,6,6,5,6,8,10,6,6,6,6,6,8,11,9,11,6,5,9,7,8,10,9,10,5,8,6,7,5,8,4,7,7,7,7,9,10,9,7,9,10,6,8,9,7,9,8,9,8,7,6,6,6,5,12,5,7,7,9,6,5,8,9,13,9,7,9,5,6,9,6,5,12,6,12,6,8,8,6,9,6,8,5,10,6,10,10,9,4,7,10,7,8,8,6,10,8,5,9,5,7,5,8,6,4,13,7,5,5,14,6,8,11,6,4,10,8,9,10,7,11,7,5,4,4,10,8,6,9,8,5,11,9,11,8,9,8,11,8,10,4,4,7,9,5,6,7,10,6,5,8,6,9,5,7,6,8,7,7,7,9,5,5,6,8,6,7,9,5,11,8,10,7,9,10,6,6,8,4,9,6,7,7,8,6,8,6,9,8,10,10,10,6,4,8,5,7,8,6,7,7,10,7,9,7,8,7,4,10,9,10,7,10,8,7,8,9,5,7,6,7,8,8,7,11,6,9,10,8,8,7,7,5,6,9,7,9,9,8,10,8,7,8,8,8,8,8,8,4,11,6,7,7,7,6,8,8,7,4,6,10,10,4,6,5,5,10,9,9,5,9,6,10,4,11,5,8,7,10,7,14,11,8,11,8,6,12,13,8,12,9,6,4,9,6,13,7,11,8,9,9,7,6,10,9,15,10,7,6,9,9,9,11,11,7,6,11,5,11,5,5,6,8,6,7,10,12,8,6,5,10,6,10,6,6,7,7,8,6,9,8,7,8,10,4,8,5,4,5,7,13,6,9,11,9,9,9,11,6,10,7,8,7,5,8,6,6,10,7,6,5,6,8,8,8,12,8
align-siglip+1b-things-218,9,8,6,9,7,5,9,10,3,6,8,6,4,8,8,5,6,5,9,6,6,8,7,8,4,12,6,7,5,7,11,8,10,10,4,13,8,9,8,12,8,6,4,6,7,8,7,10,8,8,7,8,10,9,8,6,8,11,9,25,7,9,8,7,8,10,8,9,10,9,9,12,8,10,6,11,11,8,7,7,5,14,7,8,8,9,8,5,6,14,12,7,8,5,6,7,7,7,7,4,9,6,10,7,8,7,11,9,10,6,13,10,3,6,4,10,5,7,8,8,6,9,6,10,16,11,6,7,8,5,8,6,6,8,7,12,11,5,10,9,5,8,8,10,4,7,5,4,6,5,16,10,6,8,3,7,10,4,6,8,8,7,8,7,6,10,10,8,8,9,8,5,7,10,7,8,4,12,9,7,10,10,7,10,6,7,7,7,7,10,5,9,8,7,6,9,11,8,9,8,8,6,5,7,9,7,9,7,6,7,5,7,6,8,7,7,4,5,9,7,9,5,10,8,8,13,9,10,6,6,11,4,9,7,8,6,7,7,7,5,8,7,5,10,9,8,6,5,10,5,12,11,6,7,5,7,5,8,11,8,9,7,8,6,6,6,10,6,12,5,11,7,15,11,8,9,11,10,14,10,7,8,6,8,8,6,7,7,10,11,7,9,4,7,5,5,4,7,5,9,8,8,12,10,7,8,10,7,10,13,8,11,9,5,8,7,7,7,9,7,6,8,9,8,8,7,9,6,6,9,6,6,8,7,10,11,8,14,11,9,12,7,13,10,7,8,6,7,7,11,8,4,7,6,6,7,9,8,9,8,9,9,8,8,8,9,6,8,8,10,5,8,6,7,6,8,7,8,7,7,5,4,7,7,7,6,10,7,5,5,17,5,8,10,8,4,7,6,7,11,6,7,8,6,3,8,6,9,9,12,4,9,5,8,6,6,4,5,7,10,6,9,6,6,13,5,5,11,6,7,8,5,8,5,10,4,4,6,16,5,8,5,6,11,13,6,5,5,10,10,6,10,9,8,11,9,7,7,9,7,10,5,3,9,5,7,11,5,8,6,8,10,5,10,5,8,6,8,5,8,11,3,3,7,5,11,10,10,7,8,7,10,6,10,8,4,11,10,5,7,6,7,9,9,4,6,5,9,6,6,10,11,7,10,10,8,9,8,10,6,6,4,6,8,12,5,10,11,9,7,6,5,6,8,10,10,3,13,7,11,5,6,9,5,7,7,9,7,7,11,8,7,9,14,11,8,10,9,6,10,6,6,6,8,6,11,8,8,11,5,8,10,6,10,7,9,5,9,9,7,8,6,14,11,6,4,7,11,7,6,10,7,5,7,9,15,6,6,10,8,11,7,8,7,6,10,8,10,9,10,8,6,13,9,11,7,8,8,3,6,7,7,6,6,9,6,9,7,8,7,6,11,10,4,6,9,6,10,11,4,7,8,12,8,5,8,7,8,6,7,9,6,7,7,6,4,8,8,10,6,6,7,9,6,11,7,11,7,10,9,5,7,8,9,9,7,5,15,4,7,7,5,6,5,6,6,7,8,8,6,9,10,9,8,12,8,9,5,12,13,7,6,11,5,12,7,8,5,9,6,8,5,6,5,9,7,9,12,8,4,10,11,6,4,4,9,6,6,8,8,4,5,8,8,13,9,7,6,5,6,11,11,6,11,9,6,6,7,6,5,7,10,9,7,10,8,4,8,11,6,6,6,7,10,5,7,8,6,8,4,10,10,9,6,8,5,5,4,9,15,8,6,7,7,9,10,5,7,10,10,4,5,7,9,7,6,9,8,6,11,6,6,6,6,11,13,8,12,8,8,6,6,7,7,11,10,6,7,7,5,6,9,7,8,5,9,9,6,7,9,9,3,5,11,9,8,6,8,5,7,8,9,8,6,5,7,10,7,13,5,7,11,8,9,7,7,5,11,10,6,8,7,10,11,7,6,7,8,10,7,7,9,3,7,10,11,12,7,8,12,6,8,5,6,7,9,6,6,6,9,6,5,7,3,9,11,8,10,7,8,5,8,4,4,10,12,4,6,7,9,8,10,4,8,10,5,7,7,6,6,7,4,5,9,7,8,10,7,6,11,4,9,10,6,6,9,10,5,9,4,8,8,8,6,8,8,7,14,5,12,8,5,9,8,4,8,11,8,9,7,8,8,9,4,7,8,4,5,7,7,8,4,8,8,9,9,10,5,6,8,9,3,7,7,5,4,10,6,11,7,5,7,5,7,7,9,6,6,7,8,7,6,8,8,9,6,8,7,4,6,9,6,8,8,9,8,5,6,6,7,12,5,7,6,9,7,5,7,5,9,8,5,7,8,7,4,6,11,6,11,7,8,9,8,12,8,10,5,10,12,9,6,9,6,8,10,8,13,5,5,11,8,4,9,11,8,9,12,9,10,7,3,10,7,6,8,8,9,10,11,7,10,5,7,8,8,9,8,9,9,5,7,8,9,8,8,10,7,5,9,7,8,5,12,12,8,7,6,5,8,6,9,6,8,4,9,5,8,12,12,9,6,7,6,5,7,9,5,7,8,4,7,4,12,6,12,6,7,8,7,7,7,5,7,7,9,8,13,6,7,12,7,13,8,8,6,6,5,6,9,9,10,10,10,7,10,9,12,6,7,10,7,6,8,13,8,7,7,5,8,11,8,8,6,9,11,10,10
align-siglip+1b-things-42,9,8,6,9,7,5,9,10,3,6,8,6,4,8,8,5,6,5,9,6,6,8,7,8,4,12,6,7,5,7,11,8,10,10,4,13,8,9,8,12,8,6,4,6,7,8,7,10,8,8,7,8,10,9,8,6,8,11,9,25,7,9,8,7,8,10,8,9,10,9,9,12,8,10,6,11,11,8,7,7,5,14,7,8,8,9,8,5,6,14,12,7,8,5,6,7,7,7,7,4,9,6,10,7,8,7,11,9,10,6,13,10,3,6,4,10,5,7,8,8,6,9,6,10,16,11,6,7,8,5,8,6,6,8,7,12,11,5,10,9,5,8,8,10,4,7,5,4,6,5,16,10,6,8,3,7,10,4,6,8,8,7,8,7,6,10,10,8,8,9,8,5,7,10,7,8,4,12,9,7,10,10,7,10,6,7,7,7,7,10,5,9,8,7,6,9,11,8,9,8,8,6,5,7,9,7,9,7,6,7,5,7,6,8,7,7,4,5,9,7,9,5,10,8,8,13,9,10,6,6,11,4,9,7,8,6,7,7,7,5,8,7,5,10,9,8,6,5,10,5,12,11,6,7,5,7,5,8,11,8,9,7,8,6,6,6,10,6,12,5,11,7,15,11,8,9,11,10,14,10,7,8,6,8,8,6,7,7,10,11,7,9,4,7,5,5,4,7,5,9,8,8,12,10,7,8,10,7,10,13,8,11,9,5,8,7,7,7,9,7,6,8,9,8,8,7,9,6,6,9,6,6,8,7,10,11,8,14,11,9,12,7,13,10,7,8,6,7,7,11,8,4,7,6,6,7,9,8,9,8,9,9,8,8,8,9,6,8,8,10,5,8,6,7,6,8,7,8,7,7,5,4,7,7,7,6,10,7,5,5,17,5,8,10,8,4,7,6,7,11,6,7,8,6,3,8,6,9,9,12,4,9,5,8,6,6,4,5,7,10,6,9,6,6,13,5,5,11,6,7,8,5,8,5,10,4,4,6,16,5,8,5,6,11,13,6,5,5,10,10,6,10,9,8,11,9,7,7,9,7,10,5,3,9,5,7,11,5,8,6,8,10,5,10,5,8,6,8,5,8,11,3,3,7,5,11,10,10,7,8,7,10,6,10,8,4,11,10,5,7,6,7,9,9,4,6,5,9,6,6,10,11,7,10,10,8,9,8,10,6,6,4,6,8,12,5,10,11,9,7,6,5,6,8,10,10,3,13,7,11,5,6,9,5,7,7,9,7,7,11,8,7,9,14,11,8,10,9,6,10,6,6,6,8,6,11,8,8,11,5,8,10,6,10,7,9,5,9,9,7,8,6,14,11,6,4,7,11,7,6,10,7,5,7,9,15,6,6,10,8,11,7,8,7,6,10,8,10,9,10,8,6,13,9,11,7,8,8,3,6,7,7,6,6,9,6,9,7,8,7,6,11,10,4,6,9,6,10,11,4,7,8,12,8,5,8,7,8,6,7,9,6,7,7,6,4,8,8,10,6,6,7,9,6,11,7,11,7,10,9,5,7,8,9,9,7,5,15,4,7,7,5,6,5,6,6,7,8,8,6,9,10,9,8,12,8,9,5,12,13,7,6,11,5,12,7,8,5,9,6,8,5,6,5,9,7,9,12,8,4,10,11,6,4,4,9,6,6,8,8,4,5,8,8,13,9,7,6,5,6,11,11,6,11,9,6,6,7,6,5,7,10,9,7,10,8,4,8,11,6,6,6,7,10,5,7,8,6,8,4,10,10,9,6,8,5,5,4,9,15,8,6,7,7,9,10,5,7,10,10,4,5,7,9,7,6,9,8,6,11,6,6,6,6,11,13,8,12,8,8,6,6,7,7,11,10,6,7,7,5,6,9,7,8,5,9,9,6,7,9,9,3,5,11,9,8,6,8,5,7,8,9,8,6,5,7,10,7,13,5,7,11,8,9,7,7,5,11,10,6,8,7,10,11,7,6,7,8,10,7,7,9,3,7,10,11,12,7,8,12,6,8,5,6,7,9,6,6,6,9,6,5,7,3,9,11,8,10,7,8,5,8,4,4,10,12,4,6,7,9,8,10,4,8,10,5,7,7,6,6,7,4,5,9,7,8,10,7,6,11,4,9,10,6,6,9,10,5,9,4,8,8,8,6,8,8,7,14,5,12,8,5,9,8,4,8,11,8,9,7,8,8,9,4,7,8,4,5,7,7,8,4,8,8,9,9,10,5,6,8,9,3,7,7,5,4,10,6,11,7,5,7,5,7,7,9,6,6,7,8,7,6,8,8,9,6,8,7,4,6,9,6,8,8,9,8,5,6,6,7,12,5,7,6,9,7,5,7,5,9,8,5,7,8,7,4,6,11,6,11,7,8,9,8,12,8,10,5,10,12,9,6,9,6,8,10,8,13,5,5,11,8,4,9,11,8,9,12,9,10,7,3,10,7,6,8,8,9,10,11,7,10,5,7,8,8,9,8,9,9,5,7,8,9,8,8,10,7,5,9,7,8,5,12,12,8,7,6,5,8,6,9,6,8,4,9,5,8,12,12,9,6,7,6,5,7,9,5,7,8,4,7,4,12,6,12,6,7,8,7,7,7,5,7,7,9,8,13,6,7,12,7,13,8,8,6,6,5,6,9,9,10,10,10,7,10,9,12,6,7,10,7,6,8,13,8,7,7,5,8,11,8,8,6,9,11,10,10
align-siglip+1b-things-7,9,8,6,9,7,5,9,10,3,6,8,6,4,8,8,5,6,5,9,6,6,8,7,8,4,12,6,7,5,7,11,8,10,10,4,13,8,9,8,12,8,6,4,6,7,8,7,10,8,8,7,8,10,9,8,6,8,11,9,25,7,9,8,7,8,10,8,9,10,9,9,12,8,10,6,11,11,8,7,7,5,14,7,8,8,9,8,5,6,14,12,7,8,5,6,7,7,7,7,4,9,6,10,7,8,7,11,9,10,6,13,10,3,6,4,10,5,7,8,8,6,9,6,10,16,11,6,7,8,5,8,6,6,8,7,12,11,5,10,9,5,8,8,10,4,7,5,4,6,5,16,10,6,8,3,7,10,4,6,8,8,7,8,7,6,10,10,8,8,9,8,5,7,10,7,8,4,12,9,7,10,10,7,10,6,7,7,7,7,10,5,9,8,7,6,9,11,8,9,8,8,6,5,7,9,7,9,7,6,7,5,7,6,8,7,7,4,5,9,7,9,5,10,8,8,13,9,10,6,6,11,4,9,7,8,6,7,7,7,5,8,7,5,10,9,8,6,5,10,5,12,11,6,7,5,7,5,8,11,8,9,7,8,6,6,6,10,6,12,5,11,7,15,11,8,9,11,10,14,10,7,8,6,8,8,6,7,7,10,11,7,9,4,7,5,5,4,7,5,9,8,8,12,10,7,8,10,7,10,13,8,11,9,5,8,7,7,7,9,7,6,8,9,8,8,7,9,6,6,9,6,6,8,7,10,11,8,14,11,9,12,7,13,10,7,8,6,7,7,11,8,4,7,6,6,7,9,8,9,8,9,9,8,8,8,9,6,8,8,10,5,8,6,7,6,8,7,8,7,7,5,4,7,7,7,6,10,7,5,5,17,5,8,10,8,4,7,6,7,11,6,7,8,6,3,8,6,9,9,12,4,9,5,8,6,6,4,5,7,10,6,9,6,6,13,5,5,11,6,7,8,5,8,5,10,4,4,6,16,5,8,5,6,11,13,6,5,5,10,10,6,10,9,8,11,9,7,7,9,7,10,5,3,9,5,7,11,5,8,6,8,10,5,10,5,8,6,8,5,8,11,3,3,7,5,11,10,10,7,8,7,10,6,10,8,4,11,10,5,7,6,7,9,9,4,6,5,9,6,6,10,11,7,10,10,8,9,8,10,6,6,4,6,8,12,5,10,11,9,7,6,5,6,8,10,10,3,13,7,11,5,6,9,5,7,7,9,7,7,11,8,7,9,14,11,8,10,9,6,10,6,6,6,8,6,11,8,8,11,5,8,10,6,10,7,9,5,9,9,7,8,6,14,11,6,4,7,11,7,6,10,7,5,7,9,15,6,6,10,8,11,7,8,7,6,10,8,10,9,10,8,6,13,9,11,7,8,8,3,6,7,7,6,6,9,6,9,7,8,7,6,11,10,4,6,9,6,10,11,4,7,8,12,8,5,8,7,8,6,7,9,6,7,7,6,4,8,8,10,6,6,7,9,6,11,7,11,7,10,9,5,7,8,9,9,7,5,15,4,7,7,5,6,5,6,6,7,8,8,6,9,10,9,8,12,8,9,5,12,13,7,6,11,5,12,7,8,5,9,6,8,5,6,5,9,7,9,12,8,4,10,11,6,4,4,9,6,6,8,8,4,5,8,8,13,9,7,6,5,6,11,11,6,11,9,6,6,7,6,5,7,10,9,7,10,8,4,8,11,6,6,6,7,10,5,7,8,6,8,4,10,10,9,6,8,5,5,4,9,15,8,6,7,7,9,10,5,7,10,10,4,5,7,9,7,6,9,8,6,11,6,6,6,6,11,13,8,12,8,8,6,6,7,7,11,10,6,7,7,5,6,9,7,8,5,9,9,6,7,9,9,3,5,11,9,8,6,8,5,7,8,9,8,6,5,7,10,7,13,5,7,11,8,9,7,7,5,11,10,6,8,7,10,11,7,6,7,8,10,7,7,9,3,7,10,11,12,7,8,12,6,8,5,6,7,9,6,6,6,9,6,5,7,3,9,11,8,10,7,8,5,8,4,4,10,12,4,6,7,9,8,10,4,8,10,5,7,7,6,6,7,4,5,9,7,8,10,7,6,11,4,9,10,6,6,9,10,5,9,4,8,8,8,6,8,8,7,14,5,12,8,5,9,8,4,8,11,8,9,7,8,8,9,4,7,8,4,5,7,7,8,4,8,8,9,9,10,5,6,8,9,3,7,7,5,4,10,6,11,7,5,7,5,7,7,9,6,6,7,8,7,6,8,8,9,6,8,7,4,6,9,6,8,8,9,8,5,6,6,7,12,5,7,6,9,7,5,7,5,9,8,5,7,8,7,4,6,11,6,11,7,8,9,8,12,8,10,5,10,12,9,6,9,6,8,10,8,13,5,5,11,8,4,9,11,8,9,12,9,10,7,3,10,7,6,8,8,9,10,11,7,10,5,7,8,8,9,8,9,9,5,7,8,9,8,8,10,7,5,9,7,8,5,12,12,8,7,6,5,8,6,9,6,8,4,9,5,8,12,12,9,6,7,6,5,7,9,5,7,8,4,7,4,12,6,12,6,7,8,7,7,7,5,7,7,9,8,13,6,7,12,7,13,8,8,6,6,5,6,9,9,10,10,10,7,10,9,12,6,7,10,7,6,8,13,8,7,7,5,8,11,8,8,6,9,11,10,10
align-siglip+500m-things-218,9,8,6,9,7,5,9,10,3,6,8,6,4,8,8,5,6,5,9,6,6,8,7,8,4,12,6,7,5,7,11,8,10,10,4,13,8,9,8,12,8,6,4,6,7,8,7,10,8,8,7,8,10,9,8,6,8,11,9,25,7,9,8,7,8,10,8,9,10,9,9,12,8,10,6,11,11,8,7,7,5,14,7,8,8,9,8,5,6,14,12,7,8,5,6,7,7,7,7,4,9,6,10,7,8,7,11,9,10,6,13,10,3,6,4,10,5,7,8,8,6,9,6,10,16,11,6,7,8,5,8,6,6,8,7,12,11,5,10,9,5,8,8,10,4,7,5,4,6,5,16,10,6,8,3,7,10,4,6,8,8,7,8,7,6,10,10,8,8,9,8,5,7,10,7,8,4,12,9,7,10,10,7,10,6,7,7,7,7,10,5,9,8,7,6,9,11,8,9,8,8,6,5,7,9,7,9,7,6,7,5,7,6,8,7,7,4,5,9,7,9,5,10,8,8,13,9,10,6,6,11,4,9,7,8,6,7,7,7,5,8,7,5,10,9,8,6,5,10,5,12,11,6,7,5,7,5,8,11,8,9,7,8,6,6,6,10,6,12,5,11,7,15,11,8,9,11,10,14,10,7,8,6,8,8,6,7,7,10,11,7,9,4,7,5,5,4,7,5,9,8,8,12,10,7,8,10,7,10,13,8,11,9,5,8,7,7,7,9,7,6,8,9,8,8,7,9,6,6,9,6,6,8,7,10,11,8,14,11,9,12,7,13,10,7,8,6,7,7,11,8,4,7,6,6,7,9,8,9,8,9,9,8,8,8,9,6,8,8,10,5,8,6,7,6,8,7,8,7,7,5,4,7,7,7,6,10,7,5,5,17,5,8,10,8,4,7,6,7,11,6,7,8,6,3,8,6,9,9,12,4,9,5,8,6,6,4,5,7,10,6,9,6,6,13,5,5,11,6,7,8,5,8,5,10,4,4,6,16,5,8,5,6,11,13,6,5,5,10,10,6,10,9,8,11,9,7,7,9,7,10,5,3,9,5,7,11,5,8,6,8,10,5,10,5,8,6,8,5,8,11,3,3,7,5,11,10,10,7,8,7,10,6,10,8,4,11,10,5,7,6,7,9,9,4,6,5,9,6,6,10,11,7,10,10,8,9,8,10,6,6,4,6,8,12,5,10,11,9,7,6,5,6,8,10,10,3,13,7,11,5,6,9,5,7,7,9,7,7,11,8,7,9,14,11,8,10,9,6,10,6,6,6,8,6,11,8,8,11,5,8,10,6,10,7,9,5,9,9,7,8,6,14,11,6,4,7,11,7,6,10,7,5,7,9,15,6,6,10,8,11,7,8,7,6,10,8,10,9,10,8,6,13,9,11,7,8,8,3,6,7,7,6,6,9,6,9,7,8,7,6,11,10,4,6,9,6,10,11,4,7,8,12,8,5,8,7,8,6,7,9,6,7,7,6,4,8,8,10,6,6,7,9,6,11,7,11,7,10,9,5,7,8,9,9,7,5,15,4,7,7,5,6,5,6,6,7,8,8,6,9,10,9,8,12,8,9,5,12,13,7,6,11,5,12,7,8,5,9,6,8,5,6,5,9,7,9,12,8,4,10,11,6,4,4,9,6,6,8,8,4,5,8,8,13,9,7,6,5,6,11,11,6,11,9,6,6,7,6,5,7,10,9,7,10,8,4,8,11,6,6,6,7,10,5,7,8,6,8,4,10,10,9,6,8,5,5,4,9,15,8,6,7,7,9,10,5,7,10,10,4,5,7,9,7,6,9,8,6,11,6,6,6,6,11,13,8,12,8,8,6,6,7,7,11,10,6,7,7,5,6,9,7,8,5,9,9,6,7,9,9,3,5,11,9,8,6,8,5,7,8,9,8,6,5,7,10,7,13,5,7,11,8,9,7,7,5,11,10,6,8,7,10,11,7,6,7,8,10,7,7,9,3,7,10,11,12,7,8,12,6,8,5,6,7,9,6,6,6,9,6,5,7,3,9,11,8,10,7,8,5,8,4,4,10,12,4,6,7,9,8,10,4,8,10,5,7,7,6,6,7,4,5,9,7,8,10,7,6,11,4,9,10,6,6,9,10,5,9,4,8,8,8,6,8,8,7,14,5,12,8,5,9,8,4,8,11,8,9,7,8,8,9,4,7,8,4,5,7,7,8,4,8,8,9,9,10,5,6,8,9,3,7,7,5,4,10,6,11,7,5,7,5,7,7,9,6,6,7,8,7,6,8,8,9,6,8,7,4,6,9,6,8,8,9,8,5,6,6,7,12,5,7,6,9,7,5,7,5,9,8,5,7,8,7,4,6,11,6,11,7,8,9,8,12,8,10,5,10,12,9,6,9,6,8,10,8,13,5,5,11,8,4,9,11,8,9,12,9,10,7,3,10,7,6,8,8,9,10,11,7,10,5,7,8,8,9,8,9,9,5,7,8,9,8,8,10,7,5,9,7,8,5,12,12,8,7,6,5,8,6,9,6,8,4,9,5,8,12,12,9,6,7,6,5,7,9,5,7,8,4,7,4,12,6,12,6,7,8,7,7,7,5,7,7,9,8,13,6,7,12,7,13,8,8,6,6,5,6,9,9,10,10,10,7,10,9,12,6,7,10,7,6,8,13,8,7,7,5,8,11,8,8,6,9,11,10,10
align-siglip+500m-things-42,9,8,6,9,7,5,9,10,3,6,8,6,4,8,8,5,6,5,9,6,6,8,7,8,4,12,6,7,5,7,11,8,10,10,4,13,8,9,8,12,8,6,4,6,7,8,7,10,8,8,7,8,10,9,8,6,8,11,9,25,7,9,8,7,8,10,8,9,10,9,9,12,8,10,6,11,11,8,7,7,5,14,7,8,8,9,8,5,6,14,12,7,8,5,6,7,7,7,7,4,9,6,10,7,8,7,11,9,10,6,13,10,3,6,4,10,5,7,8,8,6,9,6,10,16,11,6,7,8,5,8,6,6,8,7,12,11,5,10,9,5,8,8,10,4,7,5,4,6,5,16,10,6,8,3,7,10,4,6,8,8,7,8,7,6,10,10,8,8,9,8,5,7,10,7,8,4,12,9,7,10,10,7,10,6,7,7,7,7,10,5,9,8,7,6,9,11,8,9,8,8,6,5,7,9,7,9,7,6,7,5,7,6,8,7,7,4,5,9,7,9,5,10,8,8,13,9,10,6,6,11,4,9,7,8,6,7,7,7,5,8,7,5,10,9,8,6,5,10,5,12,11,6,7,5,7,5,8,11,8,9,7,8,6,6,6,10,6,12,5,11,7,15,11,8,9,11,10,14,10,7,8,6,8,8,6,7,7,10,11,7,9,4,7,5,5,4,7,5,9,8,8,12,10,7,8,10,7,10,13,8,11,9,5,8,7,7,7,9,7,6,8,9,8,8,7,9,6,6,9,6,6,8,7,10,11,8,14,11,9,12,7,13,10,7,8,6,7,7,11,8,4,7,6,6,7,9,8,9,8,9,9,8,8,8,9,6,8,8,10,5,8,6,7,6,8,7,8,7,7,5,4,7,7,7,6,10,7,5,5,17,5,8,10,8,4,7,6,7,11,6,7,8,6,3,8,6,9,9,12,4,9,5,8,6,6,4,5,7,10,6,9,6,6,13,5,5,11,6,7,8,5,8,5,10,4,4,6,16,5,8,5,6,11,13,6,5,5,10,10,6,10,9,8,11,9,7,7,9,7,10,5,3,9,5,7,11,5,8,6,8,10,5,10,5,8,6,8,5,8,11,3,3,7,5,11,10,10,7,8,7,10,6,10,8,4,11,10,5,7,6,7,9,9,4,6,5,9,6,6,10,11,7,10,10,8,9,8,10,6,6,4,6,8,12,5,10,11,9,7,6,5,6,8,10,10,3,13,7,11,5,6,9,5,7,7,9,7,7,11,8,7,9,14,11,8,10,9,6,10,6,6,6,8,6,11,8,8,11,5,8,10,6,10,7,9,5,9,9,7,8,6,14,11,6,4,7,11,7,6,10,7,5,7,9,15,6,6,10,8,11,7,8,7,6,10,8,10,9,10,8,6,13,9,11,7,8,8,3,6,7,7,6,6,9,6,9,7,8,7,6,11,10,4,6,9,6,10,11,4,7,8,12,8,5,8,7,8,6,7,9,6,7,7,6,4,8,8,10,6,6,7,9,6,11,7,11,7,10,9,5,7,8,9,9,7,5,15,4,7,7,5,6,5,6,6,7,8,8,6,9,10,9,8,12,8,9,5,12,13,7,6,11,5,12,7,8,5,9,6,8,5,6,5,9,7,9,12,8,4,10,11,6,4,4,9,6,6,8,8,4,5,8,8,13,9,7,6,5,6,11,11,6,11,9,6,6,7,6,5,7,10,9,7,10,8,4,8,11,6,6,6,7,10,5,7,8,6,8,4,10,10,9,6,8,5,5,4,9,15,8,6,7,7,9,10,5,7,10,10,4,5,7,9,7,6,9,8,6,11,6,6,6,6,11,13,8,12,8,8,6,6,7,7,11,10,6,7,7,5,6,9,7,8,5,9,9,6,7,9,9,3,5,11,9,8,6,8,5,7,8,9,8,6,5,7,10,7,13,5,7,11,8,9,7,7,5,11,10,6,8,7,10,11,7,6,7,8,10,7,7,9,3,7,10,11,12,7,8,12,6,8,5,6,7,9,6,6,6,9,6,5,7,3,9,11,8,10,7,8,5,8,4,4,10,12,4,6,7,9,8,10,4,8,10,5,7,7,6,6,7,4,5,9,7,8,10,7,6,11,4,9,10,6,6,9,10,5,9,4,8,8,8,6,8,8,7,14,5,12,8,5,9,8,4,8,11,8,9,7,8,8,9,4,7,8,4,5,7,7,8,4,8,8,9,9,10,5,6,8,9,3,7,7,5,4,10,6,11,7,5,7,5,7,7,9,6,6,7,8,7,6,8,8,9,6,8,7,4,6,9,6,8,8,9,8,5,6,6,7,12,5,7,6,9,7,5,7,5,9,8,5,7,8,7,4,6,11,6,11,7,8,9,8,12,8,10,5,10,12,9,6,9,6,8,10,8,13,5,5,11,8,4,9,11,8,9,12,9,10,7,3,10,7,6,8,8,9,10,11,7,10,5,7,8,8,9,8,9,9,5,7,8,9,8,8,10,7,5,9,7,8,5,12,12,8,7,6,5,8,6,9,6,8,4,9,5,8,12,12,9,6,7,6,5,7,9,5,7,8,4,7,4,12,6,12,6,7,8,7,7,7,5,7,7,9,8,13,6,7,12,7,13,8,8,6,6,5,6,9,9,10,10,10,7,10,9,12,6,7,10,7,6,8,13,8,7,7,5,8,11,8,8,6,9,11,10,10
align-siglip+500m-things-7,9,8,6,9,7,5,9,10,3,6,8,6,4,8,8,5,6,5,9,6,6,8,7,8,4,12,6,7,5,7,11,8,10,10,4,13,8,9,8,12,8,6,4,6,7,8,7,10,8,8,7,8,10,9,8,6,8,11,9,25,7,9,8,7,8,10,8,9,10,9,9,12,8,10,6,11,11,8,7,7,5,14,7,8,8,9,8,5,6,14,12,7,8,5,6,7,7,7,7,4,9,6,10,7,8,7,11,9,10,6,13,10,3,6,4,10,5,7,8,8,6,9,6,10,16,11,6,7,8,5,8,6,6,8,7,12,11,5,10,9,5,8,8,10,4,7,5,4,6,5,16,10,6,8,3,7,10,4,6,8,8,7,8,7,6,10,10,8,8,9,8,5,7,10,7,8,4,12,9,7,10,10,7,10,6,7,7,7,7,10,5,9,8,7,6,9,11,8,9,8,8,6,5,7,9,7,9,7,6,7,5,7,6,8,7,7,4,5,9,7,9,5,10,8,8,13,9,10,6,6,11,4,9,7,8,6,7,7,7,5,8,7,5,10,9,8,6,5,10,5,12,11,6,7,5,7,5,8,11,8,9,7,8,6,6,6,10,6,12,5,11,7,15,11,8,9,11,10,14,10,7,8,6,8,8,6,7,7,10,11,7,9,4,7,5,5,4,7,5,9,8,8,12,10,7,8,10,7,10,13,8,11,9,5,8,7,7,7,9,7,6,8,9,8,8,7,9,6,6,9,6,6,8,7,10,11,8,14,11,9,12,7,13,10,7,8,6,7,7,11,8,4,7,6,6,7,9,8,9,8,9,9,8,8,8,9,6,8,8,10,5,8,6,7,6,8,7,8,7,7,5,4,7,7,7,6,10,7,5,5,17,5,8,10,8,4,7,6,7,11,6,7,8,6,3,8,6,9,9,12,4,9,5,8,6,6,4,5,7,10,6,9,6,6,13,5,5,11,6,7,8,5,8,5,10,4,4,6,16,5,8,5,6,11,13,6,5,5,10,10,6,10,9,8,11,9,7,7,9,7,10,5,3,9,5,7,11,5,8,6,8,10,5,10,5,8,6,8,5,8,11,3,3,7,5,11,10,10,7,8,7,10,6,10,8,4,11,10,5,7,6,7,9,9,4,6,5,9,6,6,10,11,7,10,10,8,9,8,10,6,6,4,6,8,12,5,10,11,9,7,6,5,6,8,10,10,3,13,7,11,5,6,9,5,7,7,9,7,7,11,8,7,9,14,11,8,10,9,6,10,6,6,6,8,6,11,8,8,11,5,8,10,6,10,7,9,5,9,9,7,8,6,14,11,6,4,7,11,7,6,10,7,5,7,9,15,6,6,10,8,11,7,8,7,6,10,8,10,9,10,8,6,13,9,11,7,8,8,3,6,7,7,6,6,9,6,9,7,8,7,6,11,10,4,6,9,6,10,11,4,7,8,12,8,5,8,7,8,6,7,9,6,7,7,6,4,8,8,10,6,6,7,9,6,11,7,11,7,10,9,5,7,8,9,9,7,5,15,4,7,7,5,6,5,6,6,7,8,8,6,9,10,9,8,12,8,9,5,12,13,7,6,11,5,12,7,8,5,9,6,8,5,6,5,9,7,9,12,8,4,10,11,6,4,4,9,6,6,8,8,4,5,8,8,13,9,7,6,5,6,11,11,6,11,9,6,6,7,6,5,7,10,9,7,10,8,4,8,11,6,6,6,7,10,5,7,8,6,8,4,10,10,9,6,8,5,5,4,9,15,8,6,7,7,9,10,5,7,10,10,4,5,7,9,7,6,9,8,6,11,6,6,6,6,11,13,8,12,8,8,6,6,7,7,11,10,6,7,7,5,6,9,7,8,5,9,9,6,7,9,9,3,5,11,9,8,6,8,5,7,8,9,8,6,5,7,10,7,13,5,7,11,8,9,7,7,5,11,10,6,8,7,10,11,7,6,7,8,10,7,7,9,3,7,10,11,12,7,8,12,6,8,5,6,7,9,6,6,6,9,6,5,7,3,9,11,8,10,7,8,5,8,4,4,10,12,4,6,7,9,8,10,4,8,10,5,7,7,6,6,7,4,5,9,7,8,10,7,6,11,4,9,10,6,6,9,10,5,9,4,8,8,8,6,8,8,7,14,5,12,8,5,9,8,4,8,11,8,9,7,8,8,9,4,7,8,4,5,7,7,8,4,8,8,9,9,10,5,6,8,9,3,7,7,5,4,10,6,11,7,5,7,5,7,7,9,6,6,7,8,7,6,8,8,9,6,8,7,4,6,9,6,8,8,9,8,5,6,6,7,12,5,7,6,9,7,5,7,5,9,8,5,7,8,7,4,6,11,6,11,7,8,9,8,12,8,10,5,10,12,9,6,9,6,8,10,8,13,5,5,11,8,4,9,11,8,9,12,9,10,7,3,10,7,6,8,8,9,10,11,7,10,5,7,8,8,9,8,9,9,5,7,8,9,8,8,10,7,5,9,7,8,5,12,12,8,7,6,5,8,6,9,6,8,4,9,5,8,12,12,9,6,7,6,5,7,9,5,7,8,4,7,4,12,6,12,6,7,8,7,7,7,5,7,7,9,8,13,6,7,12,7,13,8,8,6,6,5,6,9,9,10,10,10,7,10,9,12,6,7,10,7,6,8,13,8,7,7,5,8,11,8,8,6,9,11,10,10
