idx,p_yes,rank_yes,rank_no
0,0.8778699636459351,1,2
1,0.9987104535102844,1,3
2,0.9921887516975403,1,3
3,0.9989948868751526,1,3
4,0.016216697171330452,3,1
5,0.021158840507268906,3,1
6,0.0020659419242292643,6,1
7,0.0009058264549821615,7,1
8,0.9995768666267395,1,3
9,0.9997937083244324,1,5
10,0.9117196798324585,1,3
11,0.9931290149688721,1,3
12,0.0031760158017277718,5,1
13,0.0011296345619484782,7,1
14,0.00045119505375623703,7,1
15,0.00047015969175845385,8,1
16,0.9361792802810669,1,3
17,0.9998664259910583,1,3
18,0.7385938167572021,2,3
19,0.9999505877494812,1,4
20,0.908407986164093,2,3
21,0.003236977616325021,4,1
22,0.9798139333724976,2,3
23,0.18021243810653687,2,1
24,0.9976250529289246,1,3
25,0.9951297640800476,1,3
26,0.9956594705581665,1,3
27,0.9972400069236755,1,3
28,0.0008108059992082417,4,1
29,0.0005066145095042884,5,1
30,0.00032201880821958184,4,1
31,0.00010571815073490143,9,1
32,0.9997110962867737,1,3
33,0.9999632835388184,1,6
34,0.9999520182609558,1,4
35,0.9999653100967407,1,6
36,0.0952797383069992,5,1
37,0.2222888469696045,5,2
38,0.011110631749033928,5,1
39,0.0018473623786121607,6,1
40,0.12245555222034454,2,1
41,0.03337254375219345,3,1
42,0.010777032934129238,3,1
43,0.004157591611146927,5,1
44,0.007289133034646511,3,1
45,0.00015331630129367113,8,1
46,0.0018865971360355616,3,1
47,8.613657701062039e-05,8,1
48,0.9881167411804199,1,3
49,0.9966627359390259,1,3
50,0.7404754161834717,1,3
51,0.9814099669456482,1,3
52,0.0007586301653645933,5,1
53,0.0001946779084391892,8,1
54,0.000690299435518682,6,1
55,0.00012096358113922179,8,1
56,0.9858143925666809,1,2
57,0.9974648356437683,1,3
58,0.9920839071273804,1,3
59,0.9965431690216064,1,3
60,0.00025438197189942,7,1
61,0.0002857832587324083,8,1
62,5.327238977770321e-05,7,1
63,3.8238384149735793e-05,11,1
64,0.7526413798332214,1,2
65,0.7551101446151733,1,2
66,0.3060103952884674,3,1
67,0.568783700466156,1,2
68,0.0015502715250477195,5,1
69,0.0001370778336422518,8,1
70,0.0014289871323853731,7,1
71,0.0001053675077855587,8,1
72,0.9230359196662903,1,2
73,0.9895159602165222,1,3
74,0.9557381272315979,1,3
75,0.9984474182128906,1,3
76,0.4298557639122009,2,1
77,0.23893769085407257,2,1
78,0.1334982067346573,3,1
79,0.02478484809398651,3,1
80,0.618484377861023,2,3
81,0.009619977325201035,5,1
82,0.0022889315150678158,6,1
83,0.0012538260780274868,7,1
84,0.01478821225464344,5,1
85,0.0005944623262621462,6,1
86,0.001240600598976016,5,1
87,0.0003625633253250271,6,1
88,0.5840418934822083,1,2
89,0.9924480319023132,1,3
90,0.28915077447891235,3,1
91,0.9968910217285156,1,3
92,0.0012997305020689964,6,1
93,0.12420202046632767,3,1
94,0.0012645171955227852,6,1
95,0.0026248611975461245,6,1
96,0.8971127867698669,1,3
97,0.9971010684967041,1,5
98,0.9779192805290222,1,3
99,0.9982191324234009,1,5
100,0.3469375967979431,4,3
101,0.2596947252750397,5,4
102,0.10988108813762665,5,1
103,0.07524780929088593,5,1
104,0.9994496703147888,1,3
105,0.9997121095657349,1,3
106,0.9371647238731384,1,2
107,0.9915183782577515,1,3
108,0.0001567719446029514,8,1
109,0.00030586752109229565,7,1
110,5.632991451420821e-05,9,1
111,0.00016165328270290047,9,1
112,0.9999492764472961,1,5
113,0.999910295009613,1,7
114,0.9966943860054016,1,3
115,0.9985861778259277,1,4
116,0.0002460595569573343,7,1
117,0.00015432160580530763,10,1
118,4.480809366214089e-05,12,1
119,4.2975454562110826e-05,10,1
120,0.9391735792160034,1,2
121,0.9982312321662903,1,3
122,0.9978264570236206,1,3
123,0.9980470538139343,1,3
124,0.00029189320048317313,8,1
125,0.0003684339171741158,7,1
126,0.00013455447333399206,8,1
127,0.00012876471737399697,9,1
128,0.9993464350700378,1,3
129,0.9993970990180969,1,3
130,0.9968835115432739,1,3
131,0.9978167414665222,1,3
132,0.024473974481225014,3,1
133,0.019544940441846848,3,1
134,0.016913922503590584,3,1
135,0.002845821436494589,5,1
136,0.9423445463180542,1,3
137,0.7413498163223267,1,2
138,0.8629958033561707,1,3
139,0.7528561353683472,1,2
140,0.00673500495031476,4,1
141,0.00015497680578846484,8,1
142,0.0024910522624850273,5,1
143,7.880057819420472e-05,8,1
144,0.9996501803398132,1,3
145,0.9994184970855713,1,3
146,0.9991263747215271,1,4
147,0.9984381198883057,1,3
148,0.000259843363892287,13,1
149,3.529152672854252e-05,12,1
150,5.874098133062944e-05,16,1
151,2.4804548957035877e-05,14,1
152,0.40289101004600525,3,1
153,0.9292155504226685,1,2
154,0.9752399921417236,1,3
155,0.9925060868263245,1,3
156,0.0008370699943043292,7,1
157,0.00025791735970415175,9,1
158,5.4902371630305424e-05,7,1
159,0.0006045564077794552,8,1
160,0.9943979382514954,1,4
161,0.9984167218208313,1,4
162,0.9824952483177185,1,3
163,0.9984995126724243,1,4
164,0.12547381222248077,5,2
165,0.6807194948196411,1,2
166,0.009063969366252422,4,1
167,0.5596960186958313,1,2
168,0.9721061587333679,1,2
169,0.9728304147720337,1,2
170,0.9971937537193298,1,3
171,0.9878943562507629,1,3
172,0.0007302523590624332,6,1
173,0.00012156144657637924,8,1
174,0.00028705914155580103,7,1
175,8.879283996066079e-05,9,1
176,0.9882046580314636,1,3
177,0.997783362865448,1,3
178,0.7827405333518982,1,2
179,0.9692735075950623,1,3
180,0.0024173296988010406,6,1
181,0.007929115556180477,5,1
182,0.00020423535897862166,7,1
183,0.00014422392996493727,8,1
184,0.20314070582389832,3,1
185,0.1306905299425125,2,1
186,0.9099573493003845,1,3
187,0.12550386786460876,2,1
188,0.04729928448796272,4,2
189,0.009439077228307724,5,1
190,0.011134514585137367,4,1
191,0.0056130713783204556,5,1
192,0.9971840381622314,1,3
193,0.997938871383667,1,3
194,0.9713411331176758,1,3
195,0.9934731721878052,1,3
196,0.016409453004598618,5,1
197,0.004788790829479694,5,1
198,0.0034895241260528564,4,1
199,0.0013604090781882405,5,1
200,0.4910031855106354,3,2
201,0.9644179940223694,1,4
202,0.03603144362568855,4,1
203,0.9771558046340942,1,3
204,0.029032301157712936,4,2
205,0.2026611715555191,3,1
206,0.03480452671647072,4,1
207,0.8789302110671997,1,3
208,0.9995124340057373,1,6
209,0.9984656572341919,1,6
210,0.9970863461494446,1,4
211,0.99906325340271,1,5
212,0.0030807049479335546,5,1
213,0.001115094986744225,5,1
214,0.00297924829646945,4,1
215,0.001318907830864191,5,1
216,0.9964681267738342,1,5
217,0.9941067099571228,1,5
218,0.9984732270240784,1,4
219,0.9984029531478882,1,5
220,0.0002981008146889508,10,1
221,0.00714527815580368,5,1
222,0.00036711542634293437,10,1
223,0.0043015992268919945,6,1
224,0.9919192790985107,1,3
225,0.9994586110115051,1,3
226,0.9690646529197693,1,3
227,0.9922685623168945,1,3
228,0.00023833180603105575,8,1
229,0.0024271972943097353,5,1
230,0.005586462095379829,4,1
231,0.0006132551352493465,8,1
232,0.9892016649246216,1,4
233,0.9996817708015442,1,5
234,0.9774118661880493,1,4
235,0.9996088147163391,1,5
236,0.0012666747206822038,7,1
237,0.00016861283802427351,10,1
238,0.000330860581016168,8,1
239,3.438313797232695e-05,12,1
240,0.17361432313919067,3,1
241,0.994894802570343,1,4
242,0.07727153599262238,3,1
243,0.9960787296295166,1,4
244,0.0006885831244289875,7,1
245,0.0003302918339613825,9,1
246,0.00025304907467216253,9,1
247,5.114141822559759e-05,10,1
248,0.003479340812191367,6,1
249,0.08653928339481354,3,1
250,0.002202182076871395,7,1
251,0.15286436676979065,3,1
252,0.03534739464521408,6,2
253,0.02724568359553814,5,2
254,0.003195680445060134,7,1
255,0.00010053590085590258,12,1
256,0.663945734500885,1,2
257,0.9967886805534363,1,5
258,0.3441466689109802,2,1
259,0.987362802028656,1,4
260,0.13451014459133148,4,2
261,0.0035447815898805857,6,1
262,0.0061031002551317215,4,1
263,0.0017900303937494755,8,1
264,0.04951632022857666,5,3
265,0.12010108679533005,5,3
266,0.06789606064558029,3,2
267,0.22279949486255646,5,1
268,0.12106027454137802,5,3
269,0.02949533239006996,5,1
270,0.0020604354795068502,6,1
271,0.004889950156211853,7,1
272,0.9999741315841675,1,5
273,0.9999590516090393,1,8
274,0.9995313882827759,1,3
275,0.9987848997116089,1,4
276,0.023082008585333824,3,1
277,0.0016126560512930155,5,1
278,0.0016518671764060855,4,1
279,0.0005151532823219895,7,1
280,0.8542368412017822,1,3
281,0.9847710132598877,1,2
282,0.9418794512748718,1,3
283,0.9785972833633423,1,2
284,0.0012168606044724584,6,1
285,0.0001494164898758754,9,1
286,0.0003540636971592903,7,1
287,0.00012861340655945241,9,1
288,0.8520148992538452,1,3
289,0.36963996291160583,2,1
290,0.9782313108444214,1,3
291,0.02764882706105709,3,1
292,0.030133791267871857,3,1
293,0.00013885353109799325,8,1
294,0.0004458686162251979,6,1
295,7.985092088347301e-05,9,1
296,0.9999101758003235,1,3
297,0.9996239542961121,1,3
298,0.9977571964263916,1,3
299,0.9997791051864624,1,3
300,3.8443744415417314e-05,9,1
301,5.767074617324397e-05,7,1
302,3.188183836755343e-05,10,1
303,3.169924093526788e-05,10,1
304,0.9978658556938171,1,3
305,0.9996740818023682,1,3
306,0.9932566285133362,1,3
307,0.9996339082717896,1,3
308,4.996986172045581e-05,7,1
309,0.00014518003445118666,5,1
310,6.142934580566362e-05,6,1
311,0.00010373119584983215,6,1
312,0.8903841972351074,1,3
313,0.9970629215240479,1,3
314,0.8027401566505432,1,2
315,0.995509922504425,1,3
316,9.500476153334603e-05,7,1
317,0.0002820293011609465,6,1
318,3.4787171898642555e-05,9,1
319,6.447445775847882e-05,8,1
320,0.9618362188339233,2,3
321,0.9791421294212341,1,3
322,0.851029098033905,2,3
323,0.98056960105896,1,3
324,0.3996950089931488,3,2
325,0.8732927441596985,1,3
326,0.9785856008529663,1,3
327,0.9829505681991577,1,5
328,0.9999836683273315,1,6
329,0.9999899864196777,1,7
330,0.9992088675498962,1,3
331,0.999833881855011,1,4
332,0.00026101709227077663,8,1
333,0.00039759447099640965,7,1
334,0.00025815836852416396,8,2
335,0.0002693960559554398,7,1
336,0.9999540448188782,1,4
337,0.9999663233757019,1,4
338,0.998969554901123,1,3
339,0.9997954368591309,1,4
340,0.0009754223865456879,5,1
341,0.0004767475766129792,5,1
342,0.00011608948261709884,7,1
343,0.00019125173275824636,7,1
344,0.9990800619125366,1,3
345,0.9997333884239197,1,3
346,0.9832412600517273,1,3
347,0.9962886571884155,1,3
348,0.0005998275591991842,6,1
349,0.003953264560550451,4,2
350,0.0004782822506967932,7,2
351,0.0006322904955595732,6,2
352,0.9999634027481079,1,6
353,0.9998913407325745,1,5
354,0.9995314478874207,1,3
355,0.9994179010391235,1,4
356,0.0001468413684051484,8,1
357,3.400715286261402e-05,15,1
358,0.0001722949673421681,8,1
359,1.675444218562916e-05,16,1
360,0.9914667010307312,1,3
361,0.42811959981918335,2,1
362,0.9987018704414368,1,3
363,0.7749773263931274,1,2
364,0.0726943090558052,4,1
365,0.0502031147480011,3,1
366,0.022559400647878647,3,1
367,0.011667363345623016,5,1
368,0.40576696395874023,5,3
369,0.9996875524520874,1,5
370,0.06415407359600067,3,1
371,0.9998363256454468,1,5
372,0.0008463796693831682,7,1
373,0.017951682209968567,3,1
374,0.003751772688701749,4,1
375,0.4294709861278534,2,1
376,0.7146865725517273,1,2
377,0.9997694492340088,1,5
378,0.9117164611816406,1,2
379,0.9998629093170166,1,5
380,0.1357901245355606,3,1
381,0.010502086952328682,5,1
382,0.5866886973381042,1,2
383,0.0069519891403615475,5,1
384,0.016078706830739975,5,1
385,0.11152249574661255,4,1
386,0.17474035918712616,2,1
387,0.673493504524231,1,2
388,0.001648489385843277,5,1
389,0.003171155694872141,5,1
390,0.003264168743044138,4,1
391,0.0021902958396822214,5,1
392,0.017598360776901245,7,1
393,0.9986411929130554,1,5
394,0.05470740422606468,3,1
395,0.9998674988746643,1,6
396,0.0018869030755013227,7,1
397,0.003838927950710058,5,1
398,0.0055926782079041,3,1
399,0.013364371843636036,4,1
400,0.22858959436416626,3,1
401,0.7729066014289856,1,2
402,0.996979296207428,1,3
403,0.9966567754745483,1,3
404,0.0017024138942360878,4,1
405,0.0025296835228800774,5,1
406,0.003445889102295041,3,1
407,0.002180713228881359,6,1
408,0.9983479380607605,1,3
409,0.9989784359931946,1,5
410,0.9969075322151184,1,3
411,0.9990559816360474,1,5
412,0.40923237800598145,5,3
413,0.20913709700107574,5,2
414,0.04667605087161064,5,1
415,0.029653042554855347,5,1
416,0.9316017031669617,1,3
417,0.02147425338625908,4,1
418,0.39166349172592163,3,2
419,0.001573696848936379,5,1
420,0.0032637284602969885,3,1
421,0.0027672317810356617,3,1
422,0.003255349351093173,3,1
423,0.0005029197200201452,6,1
424,0.5158534646034241,1,2
425,0.5660988092422485,1,2
426,0.16084855794906616,2,1
427,0.5474751591682434,1,2
428,0.0019625816494226456,4,1
429,0.0006384666194207966,5,1
430,0.0005974287632852793,5,1
431,0.0001436206657672301,8,1
432,0.9728193283081055,1,2
433,0.9928504824638367,1,3
434,0.43009597063064575,2,1
435,0.7671136856079102,1,2
436,0.0018470583017915487,5,1
437,0.0005443442496471107,7,1
438,0.00039059415576048195,6,1
439,0.00016992856399156153,7,1
440,0.9773035049438477,1,2
441,0.9992693662643433,1,5
442,0.9967280030250549,1,2
443,0.9998517036437988,1,6
444,0.9861850738525391,1,2
445,0.9940768480300903,1,4
446,0.9998177289962769,1,5
447,0.9995661377906799,1,5
448,0.9997510313987732,1,3
449,0.9997180700302124,1,5
450,0.997586190700531,1,3
451,0.9994725584983826,1,5
452,0.002193368738517165,4,1
453,0.5255072712898254,1,2
454,0.016857028007507324,3,1
455,0.6466397643089294,1,2
456,0.9992268681526184,1,3
457,0.9998114705085754,1,5
458,0.99961918592453,1,3
459,0.9998912811279297,1,5
460,0.0004897493054158986,6,1
461,0.00030774311744607985,6,1
462,0.00014496894436888397,7,1
463,0.0002769246348179877,7,1
464,0.9999074935913086,1,4
465,0.9998659491539001,1,3
466,0.9998658895492554,1,4
467,0.9997979998588562,1,3
468,0.002219241112470627,5,1
469,0.5052141547203064,1,2
470,0.0001516159245511517,7,1
471,0.00025388161884620786,7,1
472,0.9987669587135315,1,3
473,0.9999487996101379,1,5
474,0.9953774809837341,1,3
475,0.9998511672019958,1,4
476,0.0036183460615575314,5,1
477,0.0017732145497575402,4,1
478,0.007816675119102001,4,1
479,0.0011628589127212763,4,1
480,0.9942140579223633,1,3
481,0.9999316930770874,1,5
482,0.9933508038520813,1,3
483,0.9999444484710693,1,5
484,0.0011439905501902103,6,1
485,0.0007721040165051818,5,1
486,0.0006703332765027881,6,1
487,0.0005755183519795537,5,1
488,0.7252185344696045,1,4
489,0.948436975479126,1,5
490,0.9968219995498657,1,3
491,0.985698401927948,1,5
492,0.24198269844055176,4,2
493,0.07314492762088776,5,2
494,0.0011970630148425698,5,1
495,0.05805707350373268,5,1
496,0.998948335647583,1,4
497,0.9920722842216492,1,3
498,0.9995973706245422,1,3
499,0.9860819578170776,1,3
500,0.4439576268196106,2,1
501,0.7638087272644043,1,2
502,0.8107696175575256,1,2
503,0.9450610280036926,1,2
504,0.16843971610069275,5,1
505,0.3671693205833435,2,1
506,0.6116048097610474,1,2
507,0.7159138917922974,1,2
508,0.0014719170285388827,7,1
509,0.016504546627402306,6,1
510,0.0025017347652465105,7,1
511,0.020649760961532593,5,1
512,0.551034688949585,1,3
513,0.7254826426506042,1,3
514,0.2368774265050888,3,1
515,0.6822114586830139,1,2
516,0.053730908781290054,5,1
517,0.48358115553855896,2,1
518,0.05687069147825241,4,1
519,0.5349842309951782,1,2
520,0.07006017863750458,3,1
521,0.9997583031654358,1,3
522,0.10124267637729645,3,1
523,0.9997693300247192,1,3
524,0.006782610435038805,5,1
525,0.012310173362493515,4,1
526,0.0002090332272928208,8,1
527,0.004349490161985159,4,1
528,0.9999019503593445,1,5
529,0.9998334050178528,1,5
530,0.9968658685684204,1,3
531,0.9996544718742371,1,5
532,0.0002396107738604769,5,1
533,0.0005019378149881959,5,1
534,0.00025198832736350596,4,1
535,0.00110606849193573,5,1
536,0.9853227734565735,1,3
537,0.9970267415046692,1,4
538,0.9982873201370239,1,3
539,0.9991419315338135,1,4
540,0.013209884986281395,4,1
541,0.0011716790031641722,6,1
542,0.0004320226435083896,6,1
543,0.0006164688384160399,7,1
544,0.6228311061859131,1,2
545,0.963948667049408,1,2
546,0.040973011404275894,3,1
547,0.7675918936729431,1,2
548,0.03280992433428764,3,1
549,0.08810149878263474,2,1
550,0.0010074455058202147,5,1
551,0.09470172226428986,2,1
552,0.9990039467811584,1,3
553,0.9999134540557861,1,6
554,0.9941730499267578,1,3
555,0.9998859763145447,1,4
556,0.009518689475953579,4,1
557,0.013104667887091637,4,1
558,0.02069573476910591,3,1
559,0.012691845186054707,4,1
560,0.9818089604377747,1,3
561,0.9056088328361511,1,2
562,0.9972172379493713,1,3
563,0.997166633605957,1,3
564,0.2803415060043335,3,2
565,0.2955275774002075,2,1
566,0.791614830493927,1,3
567,0.09631847590208054,2,1
568,0.3467080891132355,3,2
569,0.883233368396759,1,3
570,0.42246827483177185,3,2
571,0.9952785968780518,1,3
572,0.04261283203959465,3,1
573,0.0008502955897711217,7,1
574,0.01889186166226864,3,1
575,0.00043207089765928686,7,1
576,0.9616114497184753,1,3
577,0.9998590350151062,1,5
578,0.986504077911377,1,3
579,0.9999282360076904,1,6
580,0.001394346822053194,6,1
581,0.0010417756857350469,7,1
582,0.0014745238004252315,5,1
583,0.0005162159795872867,7,1
584,0.6612126231193542,1,3
585,0.9940375685691833,1,3
586,0.3817203938961029,3,1
587,0.989484429359436,1,3
588,0.04762374982237816,5,1
589,0.6114084124565125,2,4
590,0.00043914298294112086,7,1
591,0.0009711406892165542,7,1
592,0.009770769625902176,3,1
593,0.9994074702262878,1,3
594,0.0027907518669962883,3,1
595,0.9995229840278625,1,2
596,0.002379602985456586,6,1
597,0.0004920961800962687,6,1
598,0.0015652943402528763,6,1
599,0.00023035198682919145,7,1
600,0.8268098831176758,1,3
601,0.9997442364692688,1,4
602,0.8925056457519531,1,3
603,0.9999380707740784,1,6
604,0.9930947422981262,1,3
605,0.9997100830078125,1,4
606,0.9324502348899841,1,3
607,0.9998281002044678,1,5
608,0.0006712345639243722,7,1
609,0.41059166193008423,2,1
610,0.0003379054833203554,8,1
611,0.051516760140657425,4,1
612,0.00030526757473126054,7,1
613,0.0012952391989529133,7,1
614,0.00011887854634551331,7,1
615,0.00034512244747020304,8,1
616,0.2608468234539032,3,2
617,0.0716833844780922,2,1
618,0.5531443953514099,2,3
619,0.11730372905731201,2,1
620,0.9905036091804504,1,3
621,0.051377587020397186,4,1
622,0.09782994538545609,3,2
623,0.006020302418619394,6,1
624,0.9928768277168274,1,3
625,0.9993191957473755,1,5
626,0.9969407916069031,1,3
627,0.9995013475418091,1,5
628,0.0030882598366588354,5,1
629,0.004970765206962824,5,1
630,0.004524807911366224,4,1
631,0.08178769052028656,2,1
632,0.035708364099264145,3,1
633,0.6184238791465759,1,2
634,0.021155891939997673,3,1
635,0.5242583155632019,1,2
636,0.0047219302505254745,4,1
637,0.06755010783672333,2,1
638,0.0028542757499963045,3,1
639,0.055427081882953644,2,1
640,0.04474595561623573,3,1
641,0.04570340737700462,3,1
642,0.006654222030192614,3,1
643,0.031500738114118576,3,1
644,0.005964602343738079,3,1
645,0.044874243438243866,2,1
646,0.004049381706863642,3,1
647,0.06626741588115692,2,1
648,0.9998247623443604,1,4
649,0.9995900988578796,1,5
650,0.9990001916885376,1,2
651,0.9940850734710693,1,3
652,0.008381758816540241,4,1
653,0.0027914331294596195,5,1
654,0.002351660979911685,4,1
655,0.0006397544057108462,7,1
656,0.9999776482582092,1,6
657,0.9998273849487305,1,6
658,0.999950647354126,1,6
659,0.9999675750732422,1,7
660,0.002253641840070486,4,1
661,0.003753125434741378,5,1
662,0.00034296271041966975,6,1
663,0.0010436607990413904,6,1
664,0.9240509271621704,1,2
665,0.9988663792610168,1,6
666,0.7483309507369995,1,2
667,0.9998723268508911,1,6
668,0.5139119625091553,1,2
669,0.11748585104942322,3,1
670,0.04256565868854523,2,1
671,0.1943621188402176,2,1
672,0.9998604655265808,1,5
673,0.9999728798866272,1,7
674,0.9999686479568481,1,6
675,0.9999900460243225,1,9
676,0.0033733942545950413,4,1
677,0.0008052979246713221,6,1
678,0.0006166953244246542,5,1
679,0.0004903398803435266,6,1
680,0.9997194409370422,1,6
681,0.9996071457862854,1,5
682,0.9998683333396912,1,6
683,0.9997916221618652,1,6
684,0.18185290694236755,3,1
685,0.6018099784851074,1,2
686,0.9439970850944519,1,3
687,0.7807906270027161,1,2
688,0.9999100565910339,1,4
689,0.9995913505554199,1,5
690,0.9998127818107605,1,3
691,0.9991574287414551,1,5
692,0.0007818690501153469,7,1
693,0.0020977759268134832,7,1
694,0.0007854595896787941,7,1
695,0.0019904919900000095,6,1
696,0.9999133348464966,1,4
697,0.9999386072158813,1,6
698,0.9999672770500183,1,5
699,0.9999586343765259,1,7
700,0.23088867962360382,2,1
701,0.3130393922328949,3,1
702,0.9893807768821716,1,3
703,0.9800497889518738,1,3
704,0.22757519781589508,3,2
705,0.015169013291597366,3,1
706,0.35431647300720215,3,2
707,0.017895042896270752,3,1
708,0.1527250111103058,3,2
709,0.1414395123720169,3,1
710,0.7559299468994141,2,3
711,0.08494655787944794,3,1
712,0.9999833106994629,1,4
713,0.9999951720237732,1,10
714,0.9997021555900574,1,3
715,0.9999861717224121,1,7
716,0.004636750556528568,4,1
717,0.006944723427295685,6,1
718,0.004936319775879383,4,1
719,0.00461816368624568,7,1
720,0.7438985109329224,1,3
721,0.9992105960845947,1,4
722,0.7991979718208313,1,3
723,0.9984363317489624,1,3
724,0.03859248384833336,3,1
725,0.0025605030823498964,8,1
726,0.012848219834268093,4,1
727,0.0015585352666676044,8,1
728,0.8638200163841248,1,2
729,0.9747756123542786,1,3
730,0.7939403653144836,1,2
731,0.9628119468688965,1,2
732,0.001358355744741857,5,1
733,0.0006694103358313441,6,1
734,0.00016780136502347887,7,1
735,0.00019204459385946393,7,1
736,0.2924214005470276,2,1
737,0.008501166477799416,5,1
738,0.6473692059516907,1,2
739,0.006038428284227848,6,1
740,0.0026349027175456285,4,1
741,0.0014596811961382627,5,1
742,0.061103299260139465,3,1
743,0.06073984131217003,3,1
744,0.8555076718330383,1,3
745,0.9783895015716553,1,3
746,0.9441695809364319,1,3
747,0.9982027411460876,1,4
748,0.00019024549692403525,7,1
749,0.0002528424665797502,7,1
750,0.00016961063374765217,8,1
751,0.00014167193148750812,7,1
752,0.8555076718330383,1,3
753,0.9783895015716553,1,3
754,0.9441695809364319,1,3
755,0.9982027411460876,1,4
756,0.028033684939146042,5,1
757,0.07670809328556061,5,1
758,0.020277265459299088,4,1
759,0.015559724532067776,5,1
760,0.023234741762280464,5,1
761,0.0018380889669060707,7,1
762,0.007207935210317373,4,1
763,0.0006190942949615419,7,1
764,0.03761101886630058,5,2
765,0.6546192765235901,3,5
766,0.0012198963668197393,7,1
767,0.0384606197476387,5,1
768,0.7767460942268372,1,2
769,0.997614860534668,1,3
770,0.4550618827342987,2,1
771,0.9964445233345032,1,3
772,0.0006280897650867701,7,1
773,0.0010688122129067779,6,1
774,0.0015446514589712024,6,1
775,0.001995183527469635,7,1
776,0.5292680859565735,1,2
777,0.8513187766075134,1,2
778,0.9022505283355713,1,3
779,0.9869221448898315,1,2
780,0.0108057064935565,3,1
781,0.0007357082795351744,6,1
782,0.0022314791567623615,3,1
783,0.0009292238391935825,5,1
784,0.11290446668863297,3,1
785,0.9979619383811951,1,3
786,0.35778072476387024,3,2
787,0.9991801977157593,1,3
788,0.0450734905898571,3,1
789,0.020790016278624535,3,1
790,0.29857030510902405,3,1
791,0.009794114157557487,3,1
792,0.9940899014472961,1,6
793,0.9858353734016418,1,5
794,0.9999668598175049,1,10
795,0.9949324727058411,1,5
796,0.005644551478326321,8,1
797,0.02592083252966404,5,1
798,0.03480120748281479,4,1
799,0.007794179953634739,7,1
800,0.9902952313423157,1,3
801,0.9733704924583435,1,3
802,0.9915921688079834,1,3
803,0.9981491565704346,1,3
804,0.0020842317026108503,4,1
805,0.0013420656323432922,6,1
806,0.00014433229807764292,7,1
807,0.0002964213490486145,6,1
808,0.9411613345146179,1,3
809,0.9997531771659851,1,5
810,0.9037512540817261,1,3
811,0.9997479915618896,1,5
812,0.0036757930647581816,4,1
813,0.003969492856413126,5,1
814,0.00019014255667570978,6,1
815,0.00029322467162273824,7,1
816,0.0298988725990057,3,1
817,0.2208309769630432,2,1
818,0.038245707750320435,3,1
819,0.7410643696784973,1,2
820,0.007694999221712351,3,1
821,0.005447006784379482,5,1
822,0.0031799436546862125,3,1
823,0.005308959167450666,5,1
824,0.9264181852340698,1,3
825,0.999569833278656,1,4
826,0.978174090385437,1,3
827,0.999872088432312,1,5
828,0.03023374453186989,5,1
829,0.048559922724962234,4,1
830,0.005045408848673105,5,1
831,0.03081510215997696,4,1
832,0.988986611366272,1,3
833,0.9998481273651123,1,5
834,0.9510283470153809,1,3
835,0.9998575448989868,1,5
836,0.0443163625895977,4,1
837,0.0006080504390411079,6,1
838,0.0032554487697780132,6,1
839,0.00020144364680163562,7,1
840,0.9971011877059937,1,3
841,0.9994440674781799,1,3
842,0.9997409582138062,1,3
843,0.9996366500854492,1,3
844,0.0012289517326280475,5,1
845,0.0006382331484928727,7,1
846,0.00020482100080698729,7,1
847,0.00022051403357181698,7,1
848,0.998356819152832,1,3
849,0.9994421005249023,1,4
850,0.996173620223999,1,3
851,0.998816728591919,1,3
852,0.0008164629689417779,5,1
853,0.001128576579503715,5,1
854,0.00011751830606954172,8,1
855,0.00014780554920434952,8,1
856,0.00206767488270998,5,1
857,0.047408606857061386,2,1
858,8.261248149210587e-05,9,1
859,0.0017531587509438396,6,1
860,0.0007179853855632246,10,2
861,0.0015071238158270717,8,1
862,0.0002082300343317911,11,1
863,0.00020966576994396746,7,1
864,0.4131184220314026,3,2
865,0.8249242305755615,1,2
866,0.002089055022224784,3,2
867,0.07793226093053818,3,1
868,0.002365309977903962,9,2
869,0.013681266456842422,7,1
870,0.0007319858996197581,11,2
871,0.0013252024073153734,9,1
872,0.9666320085525513,1,3
873,0.9907402992248535,1,4
874,0.9944392442703247,1,3
875,0.9996844530105591,1,6
876,0.005175059661269188,5,1
877,0.015176365152001381,5,1
878,0.11751583963632584,2,1
879,0.014163998886942863,5,1
880,0.5134744644165039,2,3
881,0.003968601115047932,7,1
882,0.8051068782806396,1,3
883,0.0026524257846176624,6,1
884,0.055385611951351166,3,1
885,0.005502698477357626,5,1
886,0.037607479840517044,3,1
887,0.0199270136654377,5,1
888,0.22109995782375336,3,1
889,0.9312036037445068,1,2
890,0.05855391547083855,3,1
891,0.8269476294517517,1,2
892,0.018093185499310493,3,1
893,0.009065543301403522,3,1
894,0.1776243895292282,3,1
895,0.0555882565677166,2,1
896,0.9976315498352051,1,3
897,0.9984915852546692,1,5
898,0.9988811016082764,1,3
899,0.9993714690208435,1,3
900,0.01475126389414072,6,1
901,0.0049676005728542805,6,1
902,0.0009152716374956071,6,1
903,0.002266672207042575,7,1
904,0.9923452734947205,1,4
905,0.9967793226242065,1,6
906,0.9560096263885498,1,3
907,0.9944488406181335,1,6
908,0.21035738289356232,5,3
909,0.19319909811019897,5,2
910,0.004822565242648125,6,1
911,0.01757701113820076,5,1
912,0.997290313243866,1,4
913,0.9995893239974976,1,5
914,0.9996623396873474,1,6
915,0.999969482421875,1,11
916,0.00022492752759717405,10,1
917,0.0008401370141655207,7,1
918,0.00010551630111876875,11,1
919,0.000254035898251459,8,1
920,0.9985886216163635,1,4
921,0.9997751116752625,1,5
922,0.9225354194641113,1,3
923,0.9990150332450867,1,3
924,3.432522862567566e-05,11,1
925,9.033595415530726e-05,8,1
926,3.1491021218243986e-05,11,1
927,0.00014315458247438073,8,1
928,0.9942683577537537,1,3
929,0.9991360306739807,1,3
930,0.42599236965179443,3,2
931,0.9990530014038086,1,3
932,0.00030140511807985604,8,1
933,0.002465104218572378,6,1
934,0.0002358058118261397,9,1
935,0.001919127651490271,6,1
936,0.9832653403282166,1,4
937,0.9845655560493469,1,3
938,0.9986473917961121,1,3
939,0.9964219331741333,1,3
940,0.0064645567908883095,5,1
941,0.0035421359352767467,6,1
942,0.0006662594969384372,5,1
943,0.00027639250038191676,7,1
944,0.998827338218689,1,5
945,0.9988429546356201,1,5
946,0.9989968538284302,1,4
947,0.9988621473312378,1,5
948,0.00484872842207551,5,1
949,0.0012040111469104886,7,1
950,0.0007099254871718585,7,1
951,0.00041403406066820025,7,1
952,0.9943014979362488,1,3
953,0.9986876249313354,1,4
954,0.9952133297920227,1,3
955,0.9995241165161133,1,5
956,0.0015672327717766166,6,1
957,0.002737313974648714,6,1
958,0.00017435038171242923,9,1
959,0.0029966039583086967,5,1
960,0.9995518922805786,1,4
961,0.9999788403511047,1,9
962,0.902582049369812,2,3
963,0.9998080730438232,1,6
964,0.006340276915580034,4,2
965,0.13887761533260345,2,1
966,0.0017405850812792778,4,1
967,0.007836301811039448,5,1
968,0.9485121965408325,1,3
969,0.9999748468399048,1,6
970,0.9933071732521057,1,3
971,0.9999724626541138,1,6
972,0.0008431884343735874,5,1
973,0.00017113778449129313,8,1
974,0.0010167500004172325,7,1
975,0.0002700999320950359,8,1
976,0.015716690570116043,5,1
977,0.9867561459541321,1,3
978,0.6133750677108765,2,3
979,0.9992658495903015,1,5
980,0.00043732390622608364,9,1
981,0.0655469000339508,3,1
982,0.042156219482421875,3,1
983,0.0948590636253357,2,1
984,0.0034389973152428865,6,1
985,0.5263789892196655,1,2
986,0.005499416496604681,4,1
987,0.8683610558509827,1,2
988,0.0016288304468616843,6,1
989,0.0009018176351673901,7,1
990,0.00017572162323631346,9,1
991,0.00038599935942329466,7,1
992,0.9974882006645203,1,3
993,0.9991796016693115,1,4
994,0.9954233169555664,1,3
995,0.9855550527572632,1,4
996,0.00044445012463256717,9,1
997,0.0021317792125046253,9,1
998,0.000490877078846097,8,1
999,0.005082960706204176,7,1
1000,0.9989609718322754,1,3
1001,0.9376057386398315,1,2
1002,0.9987863898277283,1,3
1003,0.6669156551361084,1,2
1004,8.910981705412269e-05,9,1
1005,0.0004653123614843935,7,1
1006,4.177613664069213e-05,10,1
1007,0.00016003842756617814,9,1
1008,0.9217289090156555,2,4
1009,0.4405880272388458,2,1
1010,0.9946122169494629,1,4
1011,0.9705958366394043,1,2
1012,0.0018915473483502865,6,1
1013,0.011140855960547924,5,1
1014,0.0025845998898148537,6,1
1015,0.0031624967232346535,5,1
1016,0.9995449185371399,1,4
1017,0.9983941316604614,1,3
1018,0.9986155033111572,1,3
1019,0.9942340850830078,1,3
1020,0.02744552120566368,3,1
1021,0.024519262835383415,5,1
1022,0.004767333623021841,4,1
1023,0.038822147995233536,3,1
1024,0.8437345027923584,1,2
1025,0.9302225708961487,1,3
1026,0.9842750430107117,1,2
1027,0.9399827122688293,1,2
1028,0.0005634539411403239,13,1
1029,0.0006186743266880512,9,1
1030,6.269711593631655e-05,14,1
1031,0.00012040672299917787,11,1
1032,0.9955201745033264,1,5
1033,0.9968580007553101,1,5
1034,0.9994696378707886,1,3
1035,0.9995803236961365,1,5
1036,0.054950423538684845,5,1
1037,0.6652901768684387,1,2
1038,0.9248952269554138,2,4
1039,0.67279052734375,1,2
1040,0.42031311988830566,3,2
1041,0.9959084391593933,1,4
1042,0.5058326721191406,2,3
1043,0.9930750727653503,1,4
1044,0.0007021771161817014,6,1
1045,0.0003660307265818119,7,1
1046,0.0004666688619181514,6,1
1047,0.00021182825730647892,9,1
1048,0.9121214151382446,1,3
1049,0.9943906664848328,1,4
1050,0.9268426299095154,1,3
1051,0.9942910075187683,1,4
1052,0.06931380182504654,3,2
1053,0.32793423533439636,3,1
1054,0.04511982202529907,3,1
1055,0.0635308101773262,5,1
1056,0.9966973662376404,1,3
1057,0.9979711174964905,1,5
1058,0.9975854754447937,1,5
1059,0.9967625737190247,1,3
1060,0.0001269810600206256,10,1
1061,0.0016829522792249918,6,1
1062,0.00021294323960319161,8,1
1063,0.06089833378791809,2,1
1064,0.33273348212242126,2,1
1065,0.7189509272575378,1,2
1066,0.9965888857841492,1,2
1067,0.9367693066596985,1,2
1068,0.6851974725723267,2,4
1069,0.7882368564605713,1,4
1070,0.008029261603951454,3,1
1071,0.002220663707703352,6,1
1072,0.767015278339386,1,2
1073,0.029519004747271538,3,1
1074,0.6211229562759399,1,2
1075,0.35811010003089905,2,1
1076,0.016427047550678253,3,1
1077,0.038194552063941956,2,1
1078,0.14367002248764038,2,1
1079,0.07310900092124939,2,1
1080,0.8923935294151306,2,5
1081,0.8522366285324097,2,4
1082,0.858747124671936,1,2
1083,0.9238956570625305,1,5
1084,0.004311340861022472,4,1
1085,0.003442057641223073,6,1
1086,0.0015207588439807296,6,1
1087,0.0014720670878887177,6,1
1088,0.9964110851287842,1,6
1089,0.9948033690452576,1,5
1090,0.9989175200462341,1,4
1091,0.9987437725067139,1,5
1092,0.0026149230543524027,5,1
1093,0.005682936403900385,6,1
1094,0.0011062236735597253,6,1
1095,0.0021651138085871935,6,1
1096,0.9860126972198486,1,4
1097,0.9982578754425049,1,3
1098,0.9972820281982422,1,3
1099,0.9932325482368469,1,2
1100,0.00019197129586245865,8,1
1101,6.183134246384725e-05,9,1
1102,0.0001374983403366059,8,1
1103,4.553052713163197e-05,9,1
1104,0.9889390468597412,1,3
1105,0.9831359386444092,1,3
1106,0.9312596917152405,1,2
1107,0.9623913764953613,1,2
1108,0.0030697742477059364,4,1
1109,0.1264142096042633,2,1
1110,0.024151433259248734,3,1
1111,0.007956506684422493,5,1
1112,0.09721402823925018,3,1
1113,0.9997145533561707,1,5
1114,0.39770716428756714,2,1
1115,0.9998083710670471,1,4
1116,0.0005413746112026274,5,1
1117,0.002767926314845681,5,1
1118,0.00036909093614667654,7,1
1119,0.005432769190520048,5,1
1120,0.9461618661880493,1,3
1121,0.9816259741783142,1,3
1122,0.6141602396965027,1,2
1123,0.9604324102401733,1,2
1124,0.03379218652844429,5,1
1125,0.027942540124058723,5,1
1126,0.035523634403944016,3,1
1127,0.0038043539971113205,5,1
1128,0.9980294108390808,1,3
1129,0.999822735786438,1,4
1130,0.9998733997344971,1,4
1131,0.9986718893051147,1,2
1132,0.014039803296327591,4,1
1133,0.010011647827923298,3,1
1134,0.0034270358737558126,4,1
1135,0.010898565873503685,4,1
1136,0.13800938427448273,3,1
1137,0.49410513043403625,2,1
1138,0.033819619566202164,3,1
1139,0.40007948875427246,2,1
1140,0.006482894066721201,4,1
1141,0.006066294386982918,6,1
1142,0.0011583456071093678,7,1
1143,0.0028061086777597666,7,1
1144,0.9993765354156494,1,5
1145,0.9993896484375,1,5
1146,0.9941329956054688,1,4
1147,0.9995008111000061,1,5
1148,0.023821672424674034,4,1
1149,0.05111141502857208,5,1
1150,0.011821869760751724,5,1
1151,0.006691275164484978,6,1
1152,0.0007703048177063465,7,1
1153,0.99920254945755,1,3
1154,0.00015660178905818611,7,1
1155,0.9990847706794739,1,3
1156,0.0006260094232857227,7,1
1157,0.0004907046095468104,7,1
1158,0.0003107811789959669,7,1
1159,0.00026458792854100466,8,1
1160,0.0012863029260188341,7,1
1161,0.9997351765632629,1,4
1162,0.00016177466022782028,7,1
1163,0.9988866448402405,1,4
1164,0.0008146053296513855,6,1
1165,0.0003827034670393914,8,1
1166,0.00024282610684167594,6,1
1167,6.506042700493708e-05,9,1
1168,0.00033881512354128063,7,1
1169,0.519271731376648,1,2
1170,0.00019783036259468645,7,1
1171,0.8215463757514954,1,2
1172,0.001122821937315166,6,1
1173,0.000350723450537771,6,1
1174,0.00015887938207015395,7,1
1175,7.640638796146959e-05,8,1
1176,0.9999127984046936,1,4
1177,0.9999648332595825,1,5
1178,0.9985544085502625,1,3
1179,0.9994590282440186,1,3
1180,0.0008862211834639311,6,1
1181,0.0012376768281683326,7,1
1182,0.0006993670831434429,7,1
1183,0.000560885644517839,7,1
1184,0.994471549987793,1,3
1185,0.9974795579910278,1,3
1186,0.9952516555786133,1,3
1187,0.9969722032546997,1,3
1188,0.00010912461584666744,8,1
1189,0.00020019212388433516,8,1
1190,0.00011437342618592083,8,1
1191,9.760530519997701e-05,8,1
1192,0.991590678691864,1,3
1193,0.9996590614318848,1,5
1194,0.9842936396598816,1,3
1195,0.9989524483680725,1,5
1196,0.000740814080927521,6,1
1197,0.0008529732003808022,7,1
1198,0.0003847949265036732,7,1
1199,0.0002506943419575691,7,1
1200,0.9597689509391785,1,3
1201,0.9989985227584839,1,4
1202,0.9973931312561035,1,3
1203,0.9996546506881714,1,5
1204,0.8038733601570129,2,3
1205,0.9580472111701965,1,2
1206,0.9610758423805237,1,3
1207,0.8574773669242859,1,2
1208,0.9988296031951904,1,3
1209,0.9971029758453369,1,2
1210,0.9963178634643555,1,3
1211,0.999302089214325,1,3
1212,0.02981741726398468,4,1
1213,0.0027038627304136753,5,1
1214,0.02183573506772518,3,1
1215,0.007289821282029152,5,1
1216,0.8789570331573486,1,2
1217,0.6696679592132568,1,2
1218,0.6205969452857971,1,2
1219,0.6947119235992432,1,2
1220,0.35141298174858093,4,2
1221,0.09210491180419922,4,1
1222,0.0030081034637987614,5,1
1223,0.004447425715625286,5,1
1224,0.9982605576515198,1,3
1225,0.9998441338539124,1,4
1226,0.998550295829773,1,3
1227,0.9998522400856018,1,4
1228,0.0012733900221064687,4,1
1229,0.0004589834716171026,6,1
1230,0.0004915078752674162,4,1
1231,0.0007288979250006378,5,1
1232,0.9964005947113037,1,4
1233,0.9998592734336853,1,5
1234,0.9991403818130493,1,3
1235,0.9998802542686462,1,6
1236,0.0007948083220981061,6,1
1237,0.00120084872469306,7,1
1238,0.00041521864477545023,7,1
1239,0.0004823323979508132,7,1
1240,0.998691737651825,1,5
1241,0.9998710751533508,1,7
1242,0.9982458353042603,1,3
1243,0.9999346137046814,1,8
1244,0.0028185572009533644,5,1
1245,0.0014521714765578508,7,1
1246,0.0015600831247866154,6,1
1247,0.0005512369680218399,7,1
1248,0.8292371034622192,1,3
1249,0.9803755283355713,1,2
1250,0.0740530863404274,3,1
1251,0.9608879089355469,1,2
1252,0.16234849393367767,3,2
1253,0.06608995050191879,2,1
1254,0.0015447830082848668,4,1
1255,0.01955888792872429,3,1
1256,0.9647490382194519,1,3
1257,0.9903420805931091,1,3
1258,0.04830991476774216,3,2
1259,0.9355353116989136,1,2
1260,0.0031920289620757103,5,1
1261,0.0011407211422920227,6,1
1262,0.00011327357060508803,8,1
1263,0.00021521071903407574,7,1
1264,0.5906235575675964,2,3
1265,0.997858464717865,1,2
1266,0.988619327545166,1,3
1267,0.998280942440033,1,2
1268,0.005564809776842594,4,1
1269,0.5441785454750061,1,2
1270,0.008273904211819172,3,1
1271,0.05690975487232208,2,1
1272,0.999419093132019,1,3
1273,0.9955950975418091,1,3
1274,0.9989854097366333,1,3
1275,0.9961986541748047,1,3
1276,0.022794824093580246,3,1
1277,0.0019417597213760018,5,1
1278,0.0023231678642332554,3,1
1279,0.00046607479453086853,7,1
1280,0.951649010181427,2,3
1281,0.9950847625732422,1,3
1282,0.9487205743789673,2,3
1283,0.953913152217865,1,2
1284,0.0024240664206445217,6,1
1285,0.001055087661370635,7,1
1286,0.001430355361662805,6,1
1287,0.00045400799717754126,7,1
1288,0.9678091406822205,1,3
1289,0.9997183680534363,1,3
1290,0.992145836353302,1,3
1291,0.9954555630683899,1,3
1292,0.0024240664206445217,6,1
1293,0.001055087661370635,7,1
1294,0.001430355361662805,6,1
1295,0.00045400799717754126,7,1
1296,0.05619234964251518,4,1
1297,0.9529371857643127,1,3
1298,0.0063278949819505215,5,1
1299,0.9302520155906677,1,3
1300,0.005607727915048599,5,1
1301,0.002744116820394993,5,1
1302,0.0009486695053055882,6,1
1303,0.001486582332290709,5,1
1304,0.02643161080777645,3,1
1305,0.7084442973136902,1,2
1306,0.21044044196605682,3,2
1307,0.2133459448814392,2,1
1308,0.0010241863783448935,6,1
1309,0.0009759457898326218,6,1
1310,0.0003070724487770349,6,1
1311,0.0002581879962235689,7,1
1312,0.9807624220848083,1,3
1313,0.9906648993492126,1,4
1314,0.6609217524528503,2,3
1315,0.9599772691726685,1,3
1316,0.001314398366957903,5,1
1317,0.0008601743611507118,7,1
1318,0.001282099517993629,4,1
1319,0.00034662309917621315,7,1
1320,0.01941724121570587,5,2
1321,0.0729464516043663,5,1
1322,0.037814706563949585,4,2
1323,0.2708664834499359,3,1
1324,0.04473615437746048,3,1
1325,0.012389005161821842,4,1
1326,0.11165770888328552,3,1
1327,0.007890228182077408,5,1
1328,0.9102989435195923,2,3
1329,0.8772672414779663,1,2
1330,0.18088684976100922,3,2
1331,0.9815371632575989,1,3
1332,0.0013603342231363058,5,1
1333,0.001733151264488697,5,1
1334,0.00018952033133246005,8,1
1335,0.00019646828877739608,7,1
1336,0.04356623813509941,4,2
1337,0.002649048576131463,7,1
1338,0.016990799456834793,4,2
1339,0.0007488603587262332,7,1
1340,0.0029742142651230097,4,1
1341,0.00831515435129404,5,1
1342,0.0062735602259635925,4,1
1343,0.0032099599484354258,5,1
1344,0.9999139904975891,1,4
1345,0.9999274015426636,1,5
1346,0.9962177872657776,1,3
1347,0.9987733364105225,1,4
1348,0.0004131848691031337,4,1
1349,0.00041115115163847804,6,1
1350,0.0004066650872118771,5,1
1351,0.0009254275355488062,6,1
1352,0.9523587822914124,1,3
1353,0.9856668710708618,1,2
1354,0.9847728610038757,1,3
1355,0.9937931895256042,1,2
1356,0.0007233135402202606,6,1
1357,0.0013198714004829526,6,1
1358,0.0007296126568689942,6,1
1359,0.0007484162924811244,7,1
1360,0.00017779659538064152,11,1
1361,0.00018836179515346885,9,1
1362,0.00013395336281973869,12,1
1363,0.00016441968909930438,9,1
1364,0.008600680157542229,5,1
1365,0.0009729072917252779,7,1
1366,0.0008552446379326284,7,1
1367,0.0009757531224749982,8,1
1368,0.0085447421297431,5,1
1369,0.0009209373965859413,8,1
1370,0.001043727621436119,8,1
1371,0.001386991934850812,8,1
1372,0.0007798731094226241,9,1
1373,0.0003683527756948024,8,1
1374,0.00014075073704589158,13,1
1375,0.00025311679928563535,9,1
1376,0.00023685841006226838,9,1
1377,0.0003836648538708687,8,1
1378,0.00016538691124878824,10,1
1379,0.00024823605781421065,9,1
1380,0.00012526533100754023,9,1
1381,0.0002567115006968379,7,1
1382,4.7219611587934196e-05,12,1
1383,0.00013760007277596742,9,1
1384,0.5460343360900879,2,3
1385,0.9958299994468689,1,3
1386,0.9203991889953613,1,3
1387,0.9861397743225098,1,3
1388,0.007767973933368921,6,2
1389,0.018112681806087494,7,1
1390,0.00497268233448267,7,2
1391,0.005296336021274328,7,1
1392,0.9610980153083801,1,3
1393,0.9900935888290405,1,3
1394,0.6536898016929626,2,3
1395,0.9134108424186707,1,3
1396,0.005754770711064339,5,1
1397,0.005444869864732027,5,1
1398,0.003088422818109393,5,1
1399,0.002616605954244733,6,1
1400,0.9990260601043701,1,5
1401,0.9996017217636108,1,6
1402,0.9999164938926697,1,7
1403,0.9999810457229614,1,10
1404,0.0027010508347302675,5,1
1405,0.007832799106836319,5,1
1406,0.0033105320762842894,5,1
1407,0.002081651706248522,6,1
1408,0.8722555637359619,1,5
1409,0.9866255521774292,1,5
1410,0.9200057983398438,1,3
1411,0.9793405532836914,1,5
1412,0.005185477435588837,5,1
1413,0.0015836973907426,6,1
1414,0.004278615117073059,4,1
1415,0.0015492317033931613,6,1
1416,0.9966957569122314,1,5
1417,0.999585747718811,1,5
1418,0.9999152421951294,1,6
1419,0.9999246001243591,1,7
1420,0.005185477435588837,5,1
1421,0.0015836973907426,6,1
1422,0.004278615117073059,4,1
1423,0.0015492317033931613,6,1
1424,0.9964597821235657,1,3
1425,0.9988146424293518,1,3
1426,0.9976211786270142,1,3
1427,0.9994757771492004,1,3
1428,0.0004724124737549573,6,1
1429,0.0004556833882816136,6,1
1430,4.946209446643479e-05,10,1
1431,8.183571480913088e-05,8,1
1432,0.6857779026031494,1,3
1433,0.9983788132667542,1,4
1434,0.9349972009658813,1,3
1435,0.9467557668685913,1,3
1436,0.0010685905581340194,5,1
1437,0.0001042861767928116,8,1
1438,0.009547342546284199,3,1
1439,7.41343610570766e-05,8,1
1440,0.3093072474002838,3,1
1441,0.4790065586566925,2,1
1442,0.1708240807056427,3,1
1443,0.17359410226345062,2,1
1444,0.07832679897546768,3,1
1445,0.0002703396894503385,7,1
1446,0.08090457320213318,3,1
1447,0.0001517013879492879,8,1
1448,0.9329111576080322,1,5
1449,0.9874005317687988,1,4
1450,0.9941946268081665,1,3
1451,0.997443437576294,1,5
1452,0.8681049346923828,1,3
1453,0.46955519914627075,2,1
1454,0.8787060976028442,1,3
1455,0.5195844173431396,1,2
1456,0.9940931797027588,1,3
1457,0.9979545474052429,1,2
1458,0.9900082349777222,1,3
1459,0.9984423518180847,1,2
1460,0.12360284477472305,3,1
1461,0.6133273839950562,1,2
1462,0.011261175386607647,3,1
1463,0.8775807619094849,1,2
1464,0.9995002746582031,1,4
1465,0.9991328120231628,1,3
1466,0.9997357726097107,1,4
1467,0.9998027086257935,1,4
1468,0.2259029597043991,3,1
1469,0.7896254658699036,1,2
1470,0.02468942105770111,3,1
1471,0.398538202047348,2,1
1472,0.9995279312133789,1,4
1473,0.9999307990074158,1,6
1474,0.9998640418052673,1,5
1475,0.9999435544013977,1,6
1476,0.058059293776750565,3,1
1477,0.19136637449264526,2,1
1478,0.022262899205088615,3,1
1479,0.016551699489355087,3,1
1480,0.9983721375465393,1,3
1481,0.9986221790313721,1,3
1482,0.9980809092521667,1,3
1483,0.998816728591919,1,3
1484,0.008218335919082165,5,1
1485,0.0021553405094891787,6,1
1486,0.0015405596932396293,7,1
1487,0.0022337203845381737,7,1
1488,0.9999083876609802,1,7
1489,0.9996241927146912,1,4
1490,0.9969303011894226,1,3
1491,0.996719241142273,1,3
1492,0.0035275963600724936,7,2
1493,0.0005055057699792087,8,1
1494,0.0007229818147607148,8,1
1495,0.0001607688463991508,10,1
1496,0.9983276724815369,1,3
1497,0.9992391467094421,1,3
1498,0.9992216229438782,1,3
1499,0.9998205304145813,1,6
1500,0.002707412699237466,6,1
1501,0.0008123355801217258,8,1
1502,0.0002965100866276771,9,1
1503,0.0001524935505585745,9,1
1504,0.036354780197143555,4,1
1505,0.006609378848224878,5,1
1506,0.11710815131664276,3,1
1507,0.021080993115901947,5,1
1508,0.09866248071193695,6,3
1509,0.055702079087495804,5,2
1510,0.026796068996191025,6,1
1511,0.020867813378572464,6,1
1512,0.9510762691497803,1,3
1513,0.24280470609664917,3,1
1514,0.9994577169418335,1,3
1515,0.9727668762207031,1,3
1516,0.019046662375330925,4,1
1517,0.06828337907791138,4,1
1518,0.001030298531986773,5,1
1519,0.01606699824333191,4,1
1520,0.9854520559310913,1,3
1521,0.30117708444595337,2,1
1522,0.9882691502571106,1,3
1523,0.6678444743156433,1,2
1524,0.00042215443681925535,12,1
1525,0.0007841631886549294,10,1
1526,0.0006403206498362124,9,1
1527,0.01624312996864319,5,1
1528,0.0007739686989225447,9,1
1529,0.00039167804061435163,8,1
1530,0.00018350797472521663,12,1
1531,0.0002129011118086055,9,1
1532,0.002267690608277917,6,1
1533,0.0009507118375040591,6,1
1534,0.003378089517354965,5,1
1535,0.0014277482405304909,6,1
1536,0.8915327191352844,1,3
1537,0.6009023189544678,1,2
1538,0.9504134058952332,1,3
1539,0.7373775839805603,1,2
1540,0.028886741027235985,5,1
1541,0.11707089096307755,2,1
1542,0.004730844870209694,4,1
1543,0.8831912875175476,1,2
1544,0.9312002062797546,1,2
1545,0.27949440479278564,2,1
1546,0.9993662238121033,1,4
1547,0.9698424339294434,1,2
1548,0.009613924659788609,5,1
1549,0.50368732213974,1,2
1550,0.0028200456872582436,4,1
1551,0.7251311540603638,1,2
1552,0.9944890141487122,1,5
1553,0.9995535016059875,1,6
1554,0.9996387958526611,1,5
1555,0.9999366998672485,1,7
1556,0.11761248111724854,5,1
1557,0.21092426776885986,4,1
1558,0.031699877232313156,4,1
1559,0.8103517293930054,1,2
1560,0.9987192749977112,1,5
1561,0.9997403025627136,1,5
1562,0.9982205033302307,1,3
1563,0.9998751282691956,1,5
1564,0.9986554980278015,1,3
1565,0.9999092221260071,1,7
1566,0.9999235272407532,1,5
1567,0.9999549984931946,1,8
1568,0.998180627822876,1,3
1569,0.9999330043792725,1,5
1570,0.9990543723106384,1,3
1571,0.9999687671661377,1,6
1572,0.9581400156021118,1,4
1573,0.8896262645721436,1,2
1574,0.990470290184021,1,3
1575,0.6391255855560303,1,2
1576,0.9954227805137634,1,6
1577,0.9987018704414368,1,5
1578,0.9916805028915405,1,4
1579,0.9991346001625061,1,6
1580,0.08316396921873093,4,1
1581,0.4698210656642914,2,1
1582,0.8441992402076721,1,3
1583,0.5339670181274414,1,2
1584,0.8683315515518188,1,2
1585,0.9812130331993103,1,3
1586,0.9536008834838867,1,2
1587,0.9697185754776001,1,2
1588,0.014352794736623764,5,1
1589,0.16120098531246185,2,1
1590,0.015899136662483215,4,1
1591,0.052756283432245255,4,1
1592,0.9865118265151978,1,2
1593,0.9714562296867371,1,2
1594,0.8773170709609985,1,2
1595,0.9420000314712524,1,2
1596,0.00022313560475595295,9,1
1597,0.0008428436703979969,5,1
1598,0.00019949291890952736,9,1
1599,0.0005971432547084987,7,1
1600,0.9998740553855896,1,2
1601,0.9995589852333069,1,3
1602,0.999821126461029,1,2
1603,0.9996607303619385,1,4
1604,0.0002587211492937058,7,1
1605,0.0008149096393026412,6,1
1606,0.00010228665632894263,9,1
1607,0.00010269894846715033,8,1
1608,0.9992531538009644,1,3
1609,0.33290737867355347,2,1
1610,0.9991969466209412,1,3
1611,0.3598286509513855,2,1
1612,0.0005713735008612275,8,1
1613,0.00027894493541680276,8,1
1614,0.0003346016746945679,8,1
1615,0.00041495420737192035,8,1
1616,0.9884850978851318,1,3
1617,0.03874390572309494,4,1
1618,0.8285902142524719,1,2
1619,0.032811012119054794,3,1
1620,0.0004975961637683213,6,1
1621,0.0009572964045219123,6,1
1622,0.0002504635485820472,8,1
1623,0.00018437688413541764,8,1
1624,0.9966813921928406,1,5
1625,0.9994603991508484,1,6
1626,0.9991821646690369,1,5
1627,0.999866247177124,1,7
1628,0.1311412900686264,5,1
1629,0.5528019666671753,2,3
1630,0.33737438917160034,3,2
1631,0.9003404974937439,1,2
1632,0.9950309991836548,1,3
1633,0.9940863251686096,1,3
1634,0.9908372163772583,1,3
1635,0.9886517524719238,1,3
1636,0.0005514952354133129,6,1
1637,0.0008239079033955932,6,1
1638,0.0002529383637011051,8,1
1639,0.00049208925338462,7,1
1640,0.9999040365219116,1,5
1641,0.999755322933197,1,4
1642,0.9999615550041199,1,6
1643,0.9999663233757019,1,7
1644,0.0004923951928503811,8,1
1645,0.0056382883340120316,6,1
1646,0.00036838656524196267,8,1
1647,0.0009282808750867844,8,1
1648,0.9988883137702942,1,3
1649,0.0035731601528823376,7,1
1650,0.9966585636138916,1,3
1651,0.003448594594374299,7,1
1652,0.6842988133430481,1,2
1653,0.0021568844094872475,8,1
1654,0.9867261648178101,1,3
1655,0.0021844005677849054,8,1
1656,0.9983931183815002,1,3
1657,0.0187162347137928,6,1
1658,0.9986210465431213,1,3
1659,0.014509618282318115,6,1
1660,0.0008075502119027078,6,1
1661,0.0003929076192434877,8,1
1662,0.00035491547896526754,6,1
1663,0.0006735982024110854,8,1
1664,0.1648387908935547,3,2
1665,0.11968821287155151,3,1
1666,0.11348526179790497,3,2
1667,0.7712056040763855,1,2
1668,0.0015131154796108603,8,2
1669,0.0003588225517887622,8,1
1670,0.0002819480432663113,8,1
1671,0.0003441596054472029,7,1
1672,0.999332845211029,1,5
1673,0.9988422393798828,1,5
1674,0.9999197721481323,1,8
1675,0.9995911121368408,1,6
1676,0.005244615022093058,6,1
1677,0.0023689211811870337,6,1
1678,0.0014054495841264725,7,1
1679,0.0010057444451376796,7,1
1680,0.8535301089286804,2,3
1681,0.4484483599662781,2,1
1682,0.9709827303886414,1,3
1683,0.30690428614616394,2,1
1684,0.0016558683710172772,5,1
1685,0.008186109364032745,5,1
1686,0.005735938902944326,3,1
1687,0.03794471547007561,3,1
1688,0.999332845211029,1,5
1689,0.9988422393798828,1,5
1690,0.9999197721481323,1,8
1691,0.9995911121368408,1,6
1692,0.4402816891670227,3,2
1693,0.2826886773109436,3,1
1694,0.9605343341827393,1,3
1695,0.38381460309028625,2,1
1696,0.9991093277931213,1,3
1697,0.9990843534469604,1,3
1698,0.9997698068618774,1,4
1699,0.9989745616912842,1,3
1700,0.0156337171792984,4,1
1701,0.021513475105166435,3,1
1702,0.0325295627117157,3,1
1703,0.024531513452529907,4,1
1704,0.9927286505699158,1,3
1705,0.9740781188011169,1,3
1706,0.9783163070678711,1,3
1707,0.9658536911010742,1,3
1708,0.0008911732584238052,4,1
1709,0.043088387697935104,3,1
1710,0.013640190474689007,3,1
1711,0.023210683837532997,3,1
1712,0.9984139800071716,1,5
1713,0.9996598958969116,1,5
1714,0.9944217205047607,1,3
1715,0.999905526638031,1,5
1716,0.07077394425868988,4,1
1717,0.012514017522335052,4,1
1718,0.0007008924731053412,6,1
1719,0.0022992303129285574,5,1
1720,0.9918072819709778,1,3
1721,0.999438464641571,1,4
1722,0.9986302852630615,1,3
1723,0.999565064907074,1,4
1724,0.0005209146183915436,8,1
1725,0.0010185032151639462,5,1
1726,8.282982162199914e-05,11,1
1727,0.0004105888947378844,6,1
1728,0.9307230114936829,1,2
1729,0.978253960609436,1,3
1730,0.9016876816749573,1,3
1731,0.9607862830162048,1,3
1732,0.004333624616265297,5,1
1733,0.004982973448932171,5,1
1734,0.0018512946553528309,4,1
1735,0.001111718825995922,5,1
1736,0.9542833566665649,1,3
1737,0.28008833527565,2,1
1738,0.6941015720367432,1,3
1739,0.07174055278301239,3,1
1740,0.043196532875299454,4,1
1741,0.9658359885215759,1,2
1742,0.20018847286701202,3,1
1743,0.9817296862602234,1,3
1744,0.957134485244751,1,2
1745,0.9974216222763062,1,4
1746,0.9390320181846619,1,2
1747,0.993270754814148,1,4
1748,0.06814156472682953,2,1
1749,0.004040782805532217,6,1
1750,0.025422004982829094,4,1
1751,0.0016709606861695647,7,1
1752,0.9974491596221924,1,3
1753,0.9997965693473816,1,5
1754,0.9997792840003967,1,3
1755,0.9999282956123352,1,5
1756,0.001671935897320509,5,1
1757,0.0018940957961604,5,1
1758,0.0015321280807256699,5,1
1759,0.000243425412918441,7,1
1760,0.9978188872337341,1,3
1761,0.9998964071273804,1,5
1762,0.9996833205223083,1,3
1763,0.999952495098114,1,5
1764,0.09148043394088745,3,2
1765,0.8040810823440552,1,3
1766,0.855550229549408,1,3
1767,0.9948529601097107,1,3
1768,0.9916069507598877,1,3
1769,0.9753302335739136,1,2
1770,0.7684791684150696,1,3
1771,0.9114039540290833,1,2
1772,0.7626847624778748,1,2
1773,0.9817180037498474,1,2
1774,0.9965828061103821,1,3
1775,0.9966239333152771,1,2
1776,0.988649845123291,1,3
1777,0.9994009137153625,1,5
1778,0.9708069562911987,1,3
1779,0.9984286427497864,1,5
1780,0.012092409655451775,3,1
1781,0.003869239939376712,5,1
1782,0.0013803746551275253,3,1
1783,0.003042587311938405,5,1
1784,0.9996926784515381,1,3
1785,0.9998841881752014,1,5
1786,0.9995264410972595,1,3
1787,0.999949038028717,1,5
1788,0.0009152425336651504,6,1
1789,0.00028449136880226433,8,1
1790,0.0007192845223471522,5,1
1791,0.00019239938410464674,8,1
1792,0.9906874299049377,1,4
1793,0.9984079599380493,1,5
1794,0.9825469255447388,1,3
1795,0.9991705417633057,1,5
1796,0.34844622015953064,3,1
1797,0.6067805886268616,1,2
1798,0.9611647129058838,1,3
1799,0.8510317206382751,1,2
1800,0.9999780058860779,1,6
1801,0.9999454617500305,1,5
1802,0.9991088509559631,1,3
1803,0.9993699789047241,1,3
1804,0.001538153737783432,7,1
1805,0.004778105299919844,6,1
1806,0.0012694296892732382,7,1
1807,0.0016002354677766562,7,1
1808,0.9997743964195251,1,3
1809,0.999630868434906,1,3
1810,0.9992318749427795,1,3
1811,0.9995678663253784,1,3
1812,0.0005076325032860041,7,1
1813,0.0008685032953508198,5,1
1814,0.00039533578092232347,7,1
1815,0.0010485543170943856,5,1
1816,0.9985935688018799,1,4
1817,0.999401330947876,1,5
1818,0.9989222288131714,1,3
1819,0.9998564124107361,1,6
1820,0.004574498627334833,5,1
1821,0.009515739046037197,5,1
1822,0.036561086773872375,2,1
1823,0.02759581245481968,2,1
1824,0.9977293014526367,1,3
1825,0.9998036623001099,1,5
1826,0.9996670484542847,1,3
1827,0.9996007084846497,1,5
1828,0.99483722448349,1,3
1829,0.9787147641181946,1,2
1830,0.9937427043914795,1,3
1831,0.9462769627571106,1,2
1832,0.9950665831565857,1,3
1833,0.8211274743080139,1,2
1834,0.985800564289093,1,3
1835,0.7151588201522827,1,2
1836,0.0007462850189767778,6,1
1837,0.0007620148244313896,7,1
1838,0.004152841866016388,4,1
1839,0.002488530706614256,7,1
1840,0.6221973896026611,1,2
1841,0.4562873840332031,2,1
1842,0.9509108662605286,1,2
1843,0.8340827822685242,1,2
1844,0.0010931083234027028,7,1
1845,0.002102557336911559,6,1
1846,0.0007898772018961608,8,1
1847,0.0010172849288210273,7,1
1848,0.8572426438331604,1,4
1849,0.9191277623176575,1,4
1850,0.9182946085929871,1,2
1851,0.9296994209289551,1,2
1852,0.210038959980011,5,1
1853,0.3915083110332489,3,1
1854,0.04064866527915001,4,1
1855,0.16422100365161896,4,1
1856,0.7862572073936462,1,2
1857,0.04590220004320145,4,1
1858,0.9659027457237244,1,3
1859,0.14181549847126007,2,1
1860,0.0001490308641223237,7,1
1861,0.0007445563096553087,7,1
1862,4.809288293472491e-05,9,1
1863,0.0027554656844586134,6,1
1864,0.7860877513885498,1,2
1865,0.9995471835136414,1,3
1866,0.9908533096313477,1,3
1867,0.999705970287323,1,3
1868,0.00197535939514637,5,1
1869,0.020100165158510208,5,1
1870,0.0017516781808808446,4,1
1871,0.01729116216301918,5,1
1872,0.9826179146766663,1,3
1873,0.9959620237350464,1,4
1874,0.8819695711135864,1,3
1875,0.9910160899162292,1,4
1876,0.0015903289895504713,6,1
1877,0.0901043713092804,5,1
1878,0.02819579839706421,4,1
1879,0.10442055761814117,5,1
1880,0.9717466235160828,1,3
1881,0.8318944573402405,1,2
1882,0.9645048975944519,1,3
1883,0.8251947164535522,1,2
1884,0.0014173899544402957,5,1
1885,0.0020289472304284573,6,1
1886,0.0002679243916645646,8,1
1887,0.0009627470863051713,7,1
1888,0.805576503276825,1,2
1889,0.745841920375824,1,2
1890,0.6639989018440247,1,3
1891,0.8637523651123047,1,2
1892,0.0020107857417315245,5,1
1893,0.00033067003823816776,6,1
1894,0.0003353736537974328,6,1
1895,0.00013038898759987205,8,1
1896,0.9991183876991272,1,3
1897,0.9996891021728516,1,3
1898,0.9999407529830933,1,3
1899,0.9999353885650635,1,6
1900,0.003382397349923849,5,1
1901,0.013765769079327583,5,1
1902,0.0014203452738001943,5,1
1903,0.01952347159385681,3,1
1904,0.9853893518447876,1,3
1905,0.9985865354537964,1,5
1906,0.9998295307159424,1,2
1907,0.9998874068260193,1,6
1908,0.0009854979580268264,5,1
1909,0.0006518464651890099,6,1
1910,0.00021506892517209053,8,1
1911,0.0006837479886598885,7,1
1912,0.9560168981552124,1,3
1913,0.9011766314506531,1,3
1914,0.9892613887786865,1,3
1915,0.9974669218063354,1,4
1916,0.050697337836027145,2,1
1917,0.021512072533369064,4,1
1918,0.005641658790409565,3,1
1919,0.006755433510988951,5,1
1920,0.9093502163887024,1,2
1921,0.830680787563324,1,2
1922,0.8218900561332703,1,2
1923,0.7177412509918213,1,2
1924,0.7169453501701355,1,2
1925,0.8642719388008118,1,3
1926,0.7808824777603149,1,2
1927,0.9668232202529907,1,3
1928,0.9987694621086121,1,3
1929,0.9972345232963562,1,4
1930,0.9961735606193542,1,2
1931,0.9979429244995117,1,4
1932,0.05069715157151222,2,1
1933,0.021511435508728027,4,1
1934,0.005641455762088299,3,1
1935,0.006755228620022535,5,1
1936,0.9987887740135193,1,3
1937,0.9994301199913025,1,4
1938,0.9982327222824097,1,3
1939,0.9970502257347107,1,3
1940,0.007325790822505951,4,1
1941,0.3399121165275574,2,1
1942,0.04003434628248215,3,1
1943,0.9721009731292725,1,3
1944,0.9998906254768372,1,4
1945,0.999882161617279,1,7
1946,0.9971091747283936,1,3
1947,0.9993758201599121,1,6
1948,0.0008507199236191809,6,1
1949,0.0003489059745334089,8,1
1950,0.0016899540787562728,4,1
1951,0.00036215814179740846,8,1
1952,0.9366018772125244,1,3
1953,0.9798243641853333,1,2
1954,0.5535412430763245,2,3
1955,0.9856748580932617,1,3
1956,0.011587019078433514,4,1
1957,0.060649652034044266,3,1
1958,0.007144605275243521,5,1
1959,0.01739693433046341,4,1
1960,0.976498544216156,1,3
1961,0.03696126863360405,2,1
1962,0.9659088253974915,1,3
1963,0.20322413742542267,2,1
1964,0.001119453925639391,5,1
1965,0.06800030916929245,2,1
1966,0.002208531368523836,4,1
1967,0.24825651943683624,2,1
1968,0.3788350522518158,2,1
1969,0.9981207847595215,1,4
1970,0.05346333235502243,3,1
1971,0.9933633208274841,1,5
1972,0.005052474327385426,3,1
1973,8.840088412398472e-05,8,1
1974,0.004526201635599136,3,1
1975,0.00010238738468615338,8,1
1976,0.9714075922966003,1,3
1977,0.9990974068641663,1,5
1978,0.990513026714325,1,3
1979,0.9998658299446106,1,6
1980,0.005777587182819843,5,1
1981,0.013207871466875076,4,1
1982,0.001271381857804954,4,1
1983,0.008994859643280506,5,1
1984,0.69578617811203,1,2
1985,0.7725867629051208,1,2
1986,0.9835038185119629,1,3
1987,0.8542271256446838,1,2
1988,0.0045466735027730465,5,1
1989,0.00798666663467884,5,1
1990,0.00317719136364758,4,1
1991,0.16403792798519135,2,1
1992,0.9997211694717407,1,3
1993,0.9998873472213745,1,4
1994,0.9981797933578491,1,3
1995,0.9997881054878235,1,4
1996,0.0007302268058992922,8,1
1997,0.00033829547464847565,7,1
1998,4.771494059241377e-05,10,1
1999,0.0001788290246622637,9,1
2000,0.7640497088432312,1,2
2001,0.974583089351654,1,2
2002,0.9557465314865112,1,2
2003,0.9892590641975403,1,2
2004,9.278907236875966e-05,9,1
2005,0.0027514358516782522,5,1
2006,7.204127905424684e-05,10,1
2007,0.00023774149303790182,9,1
2008,0.9809339642524719,1,3
2009,0.14399537444114685,4,1
2010,0.9970306754112244,1,3
2011,0.09106029570102692,3,1
2012,0.001532695023342967,8,1
2013,0.0013849729439243674,7,1
2014,0.0006322162225842476,8,1
2015,0.00033866369631141424,7,1
2016,0.998516857624054,1,4
2017,0.8798496723175049,1,4
2018,0.9992726445198059,1,3
2019,0.833838164806366,1,3
2020,0.00963524729013443,5,1
2021,0.0053247413598001,7,1
2022,0.001842379104346037,7,1
2023,0.0009297615033574402,7,1
2024,0.027212930843234062,4,1
2025,0.9397012591362,1,4
2026,0.9544782638549805,1,2
2027,0.9812721014022827,1,5
2028,0.018833886831998825,4,1
2029,0.010906490497291088,5,1
2030,0.0029128380119800568,5,1
2031,0.004529913421720266,5,1
2032,0.09608180075883865,4,1
2033,0.617586076259613,1,2
2034,0.7607561349868774,1,2
2035,0.9581300020217896,1,2
2036,0.9869832396507263,1,2
2037,0.9990643858909607,1,5
2038,0.9976451396942139,1,3
2039,0.9996561408042908,1,6
2040,0.6436029076576233,1,3
2041,0.3705262243747711,3,1
2042,0.06486857682466507,2,1
2043,0.6153699159622192,1,2
2044,0.021009452641010284,4,1
2045,0.1286996454000473,2,1
2046,0.005932211875915527,3,1
2047,0.31853434443473816,2,1
2048,0.9869832396507263,1,2
2049,0.9990643858909607,1,5
2050,0.9976451992988586,1,3
2051,0.9996561408042908,1,6
2052,0.0018821703270077705,4,1
2053,0.012761053629219532,5,1
2054,0.0009432879742234945,6,1
2055,0.03800192102789879,2,1
2056,0.999884843826294,1,5
2057,0.9986057281494141,1,6
2058,0.993656575679779,1,3
2059,0.9955762624740601,1,5
2060,0.022576075047254562,5,1
2061,0.3710753619670868,2,1
2062,0.21110345423221588,3,2
2063,0.46198806166648865,2,1
2064,0.9998406171798706,1,3
2065,0.9984917044639587,1,4
2066,0.9991430044174194,1,3
2067,0.9988344311714172,1,3
2068,0.0018844539299607277,5,1
2069,0.0031675202772021294,6,1
2070,0.00026364013319835067,7,1
2071,0.003130028722807765,6,1
2072,0.9854772090911865,1,3
2073,0.22019658982753754,2,1
2074,0.9945736527442932,1,3
2075,0.5129808783531189,1,2
2076,0.000200128328287974,6,1
2077,0.0315995030105114,3,1
2078,0.006268829572945833,4,1
2079,0.05722000449895859,2,1
2080,0.9940042495727539,1,5
2081,0.20127280056476593,5,2
2082,0.986377477645874,1,3
2083,0.03169003501534462,5,1
2084,0.12158849090337753,4,2
2085,0.9699279069900513,1,5
2086,0.0034389267675578594,6,1
2087,0.3239247500896454,3,1
2088,0.8971219658851624,1,4
2089,0.0025352430529892445,5,1
2090,0.9992567896842957,1,4
2091,0.00023608491756021976,7,1
2092,0.032169096171855927,5,1
2093,0.014920081943273544,6,1
2094,0.00149417738430202,7,1
2095,0.001045682467520237,6,1
2096,0.9980137348175049,1,4
2097,0.9986244440078735,1,5
2098,0.9997290968894958,1,4
2099,0.9991635084152222,1,6
2100,0.0015236641047522426,5,1
2101,0.0038848398253321648,5,1
2102,0.0011320438934490085,5,1
2103,0.021702179685235023,3,1
2104,0.3160986304283142,3,1
2105,0.9996626973152161,1,4
2106,0.06393492966890335,3,1
2107,0.99980628490448,1,5
2108,0.0037079753819853067,5,1
2109,0.00024347906582988799,7,1
2110,0.01128626149147749,3,1
2111,0.00013909555855207145,7,1
2112,0.969770610332489,1,5
2113,0.9849421381950378,1,4
2114,0.9084935188293457,1,3
2115,0.9878466725349426,1,4
2116,0.04709838330745697,4,1
2117,0.9434530735015869,1,2
2118,0.40837687253952026,3,2
2119,0.9796559810638428,1,2
2120,0.999718964099884,1,5
2121,0.9994934797286987,1,5
2122,0.9997266530990601,1,4
2123,0.9998613595962524,1,6
2124,0.2034083604812622,4,2
2125,0.05824185162782669,4,1
2126,0.004725316539406776,5,1
2127,0.009071750566363335,5,1
2128,0.9999241232872009,1,8
2129,0.9999008774757385,1,11
2130,0.999988317489624,1,17
2131,0.9999780058860779,1,14
2132,0.12191706895828247,4,1
2133,0.10141091048717499,5,1
2134,0.013013970106840134,4,1
2135,0.1643381267786026,3,1
2136,0.9883394241333008,1,4
2137,0.9985820651054382,1,4
2138,0.08452637493610382,3,2
2139,0.9423147439956665,1,3
2140,0.00013094423047732562,9,1
2141,0.0010720749851316214,6,1
2142,0.00027389772003516555,7,1
2143,0.0009705920820124447,6,1
2144,0.9996044635772705,1,4
2145,0.9997193217277527,1,5
2146,0.9921064376831055,1,4
2147,0.9997628331184387,1,5
2148,0.8575332760810852,1,5
2149,0.9484874606132507,1,5
2150,0.16705061495304108,4,2
2151,0.028889799490571022,5,1
2152,0.9599472284317017,2,3
2153,0.9811630249023438,1,3
2154,0.897047221660614,2,3
2155,0.8996896743774414,2,3
2156,0.0003549712128005922,5,1
2157,0.00784356240183115,3,1
2158,0.0012717784848064184,5,1
2159,0.011082563549280167,3,1
2160,0.9995721578598022,1,3
2161,0.9081663489341736,2,3
2162,0.9959869980812073,1,3
2163,0.9614430665969849,2,3
2164,0.00048337422776967287,6,1
2165,0.0010014190338551998,7,1
2166,0.00033495109528303146,5,1
2167,0.001170220784842968,7,1
2168,0.5419034957885742,1,2
2169,0.8323537707328796,1,3
2170,0.9163581728935242,1,2
2171,0.9755050539970398,1,4
2172,0.0012526841601356864,4,1
2173,0.0013411474647000432,6,1
2174,0.0008123965235427022,6,1
2175,0.0007376851281151175,6,1
2176,0.06264185905456543,2,1
2177,0.03252675384283066,3,1
2178,0.8343959450721741,1,2
2179,0.9289403557777405,1,2
2180,0.1435689926147461,3,1
2181,0.023402197286486626,4,1
2182,0.007233398035168648,4,1
2183,0.0036511521320790052,4,1
2184,0.9998597502708435,1,4
2185,0.9971610307693481,1,4
2186,0.9938558340072632,1,3
2187,0.9856604337692261,1,4
2188,0.015526937320828438,5,1
2189,0.0008084706496447325,6,1
2190,0.0008393172756768763,6,1
2191,0.00026044726837426424,7,1
2192,0.9937999248504639,1,3
2193,0.9959519505500793,1,2
2194,0.9983695149421692,1,3
2195,0.9986773133277893,1,2
2196,0.021450644358992577,4,2
2197,0.028253033757209778,6,1
2198,0.020668014883995056,4,2
2199,0.08059538900852203,2,1
2200,0.6366671919822693,2,3
2201,0.9963061809539795,1,2
2202,0.9978964924812317,1,3
2203,0.9989570379257202,1,2
2204,0.001452218391932547,4,1
2205,0.0022352414671331644,5,1
2206,0.0022608202416449785,4,1
2207,0.0006893820245750248,5,1
2208,0.9927155375480652,1,3
2209,0.9980489611625671,1,3
2210,0.9858922362327576,1,3
2211,0.9968027472496033,1,3
2212,0.0012562433257699013,5,1
2213,0.002718851203098893,5,1
2214,0.0013323720777407289,5,1
2215,0.0016196491196751595,5,1
2216,0.9948661923408508,1,3
2217,0.9919732809066772,1,2
2218,0.9990465641021729,1,4
2219,0.9992806911468506,1,5
2220,0.006875799968838692,4,1
2221,0.4309212863445282,2,1
2222,0.8429223895072937,1,3
2223,0.6052325963973999,1,2
2224,0.32452869415283203,4,3
2225,0.027189336717128754,5,1
2226,0.0040409197099506855,5,1
2227,0.021879585459828377,4,1
2228,0.02263663336634636,2,1
2229,0.060191500931978226,3,1
2230,0.0027113473042845726,4,1
2231,0.0009866092586889863,6,1
2232,0.9968977570533752,1,4
2233,0.9911063313484192,1,5
2234,0.9997988939285278,1,5
2235,0.992178738117218,1,5
2236,0.015157757326960564,5,1
2237,0.4496552050113678,3,1
2238,0.0451529435813427,3,1
2239,0.7687524557113647,1,2
2240,0.9890357255935669,1,4
2241,0.9998350739479065,1,5
2242,0.7722951173782349,1,2
2243,0.9996793270111084,1,5
2244,0.004368586000055075,4,1
2245,0.4977773427963257,2,1
2246,0.0054394761100411415,3,1
2247,0.13793903589248657,3,1
2248,0.6925914287567139,1,2
2249,0.9999164342880249,1,6
2250,0.2999688386917114,2,1
2251,0.999850869178772,1,5
2252,0.009253128431737423,4,1
2253,0.0009967474034056067,6,1
2254,0.0009807201568037271,3,1
2255,0.0006603008951060474,6,1
2256,0.10348495841026306,2,1
2257,0.9999862313270569,1,9
2258,0.04728015884757042,2,1
2259,0.999973714351654,1,7
2260,0.0037427565548568964,4,1
2261,0.0004218467220198363,6,1
2262,0.002507795812562108,3,1
2263,0.0007904778467491269,6,1
2264,0.9527143239974976,1,3
2265,0.7455394268035889,1,2
2266,0.9765525460243225,1,3
2267,0.9331448078155518,1,2
2268,0.04208192601799965,5,2
2269,0.0008124755695462227,8,1
2270,0.026061739772558212,3,2
2271,0.0017711027758195996,8,1
2272,0.9924103021621704,1,3
2273,0.9999226927757263,1,3
2274,0.9999678134918213,1,5
2275,0.9999657273292542,1,7
2276,0.00036869666655547917,6,1
2277,0.0001442470238544047,7,1
2278,0.00021216808818280697,7,1
2279,0.00017590809147804976,7,1
2280,0.9995326399803162,1,3
2281,0.9999151229858398,1,6
2282,0.9998706579208374,1,3
2283,0.9999635219573975,1,8
2284,0.0010109982686117291,5,1
2285,0.001518995501101017,7,1
2286,0.0012608965625986457,4,1
2287,0.0014343782095238566,7,1
2288,0.9992594122886658,1,4
2289,0.9997739195823669,1,5
2290,0.9999250769615173,1,4
2291,0.9998602271080017,1,5
2292,0.9821580052375793,1,3
2293,0.9727814793586731,1,2
2294,0.8895909190177917,1,3
2295,0.9363469481468201,1,2
2296,0.9843910336494446,1,3
2297,0.04895581677556038,2,1
2298,0.999789834022522,1,3
2299,0.316790372133255,2,1
2300,0.0007596345967613161,5,1
2301,0.00013364970800466835,8,1
2302,0.00019941508071497083,8,1
2303,6.562550697708502e-05,9,1
2304,0.991662859916687,1,5
2305,0.9997854828834534,1,5
2306,0.9997426867485046,1,4
2307,0.9999039173126221,1,7
2308,0.000787811994086951,9,1
2309,0.0023876631166785955,6,1
2310,0.0010345372138544917,6,1
2311,0.0047451285645365715,5,1
2312,0.9881443977355957,1,6
2313,0.9743671417236328,1,7
2314,0.9997804760932922,1,6
2315,0.9993268847465515,1,5
2316,0.17832563817501068,5,4
2317,0.5396939516067505,3,4
2318,0.37595194578170776,3,2
2319,0.7686024308204651,2,3
2320,0.4321964383125305,3,2
2321,0.9990315437316895,1,5
2322,0.6750997304916382,2,3
2323,0.9995280504226685,1,5
2324,0.0124252550303936,4,1
2325,0.0014240401796996593,6,1
2326,0.005831130780279636,4,1
2327,0.0013215545332059264,7,1
2328,0.9960854649543762,1,4
2329,0.9955413341522217,1,5
2330,0.9997470378875732,1,3
2331,0.9996359944343567,1,5
2332,0.623362123966217,2,3
2333,0.5680999159812927,1,2
2334,0.4153065085411072,3,2
2335,0.5831423401832581,1,2
2336,0.005623179953545332,4,2
2337,0.9781421422958374,1,2
2338,0.005221908912062645,4,2
2339,0.9464436173439026,1,2
2340,0.0004115096526220441,7,1
2341,0.000779013498686254,6,1
2342,0.00012656988110393286,8,1
2343,0.0001795451680663973,8,1
2344,0.977838933467865,1,3
2345,0.9968783259391785,1,2
2346,0.748166561126709,2,3
2347,0.9932969212532043,1,2
2348,0.013242228887975216,5,2
2349,0.006063877139240503,6,1
2350,0.040720127522945404,4,2
2351,0.054142408072948456,5,1
2352,0.9997329711914062,1,3
2353,0.7276685833930969,2,3
2354,0.9998300075531006,1,3
2355,0.9088973999023438,1,3
2356,0.03793301805853844,3,1
2357,0.002892812481150031,7,1
2358,0.03135412186384201,3,1
2359,0.003332953667268157,7,1
2360,0.9965853095054626,1,3
2361,0.9954192042350769,1,4
2362,0.9974602460861206,1,3
2363,0.997079610824585,1,5
2364,0.44810256361961365,2,1
2365,0.2089502364397049,2,1
2366,0.30023545026779175,2,1
2367,0.2696458101272583,2,1
2368,0.9983808398246765,1,5
2369,0.9999375939369202,1,7
2370,0.995603621006012,1,3
2371,0.9999901652336121,1,13
2372,0.9822357892990112,1,5
2373,0.999786913394928,1,7
2374,0.9739626049995422,1,3
2375,0.9999241232872009,1,7
2376,0.15704293549060822,4,2
2377,0.5099238753318787,1,2
2378,0.30969345569610596,3,2
2379,0.5451632738113403,1,2
2380,0.06473127007484436,5,1
2381,0.002443482168018818,5,1
2382,0.026231970638036728,4,1
2383,0.0012086245696991682,7,1
2384,0.9622300863265991,1,3
2385,0.972653329372406,1,4
2386,0.8473294973373413,1,3
2387,0.19651387631893158,2,1
2388,0.12293967604637146,3,1
2389,0.03317536041140556,2,1
2390,0.5895684361457825,1,2
2391,0.11923277378082275,2,1
2392,0.999833345413208,1,3
2393,0.999785840511322,1,3
2394,0.9999803304672241,1,5
2395,0.9999496936798096,1,5
2396,0.99916672706604,1,6
2397,0.9987053275108337,1,4
2398,0.9949480891227722,1,3
2399,0.9880922436714172,1,2
2400,0.999982476234436,1,6
2401,0.9999527335166931,1,4
2402,0.9983314275741577,1,3
2403,0.9993956089019775,1,3
2404,0.0004543586110230535,6,1
2405,0.0028508780524134636,4,1
2406,0.00014494072820525616,7,1
2407,0.00042878853855654597,5,1
2408,0.9994832873344421,1,3
2409,0.9981058239936829,1,3
2410,0.9970446228981018,1,3
2411,0.9945005774497986,1,3
2412,0.0017673511756584048,5,1
2413,0.8013895750045776,2,3
2414,0.022362465038895607,3,1
2415,0.33479413390159607,3,2
2416,0.7415446639060974,1,3
2417,0.9976829886436462,1,5
2418,0.9999237060546875,1,9
2419,0.9996073842048645,1,6
2420,0.060109011828899384,3,1
2421,0.005673843901604414,5,1
2422,0.5956594944000244,1,2
2423,0.11631250381469727,2,1
2424,0.1818721741437912,3,2
2425,0.2931452691555023,2,1
2426,0.06490086019039154,3,2
2427,0.08304885029792786,2,1
2428,0.1659928411245346,5,2
2429,0.25652560591697693,4,1
2430,0.1808656007051468,3,2
2431,0.14144514501094818,3,1
2432,0.09940112382173538,3,2
2433,0.8783568143844604,1,2
2434,0.25638753175735474,3,2
2435,0.9238831996917725,1,2
2436,0.007300891447812319,5,1
2437,0.003459847765043378,7,1
2438,0.020851390436291695,4,2
2439,0.004788683727383614,7,1
2440,0.9979926943778992,1,5
2441,0.9992696046829224,1,5
2442,0.9998258948326111,1,5
2443,0.9998705983161926,1,6
2444,0.3350814878940582,4,2
2445,0.0891585722565651,4,1
2446,0.010995435528457165,5,1
2447,0.01476086676120758,5,1
2448,0.9882358908653259,1,3
2449,0.9998616576194763,1,6
2450,0.999763011932373,1,3
2451,0.9999624490737915,1,7
2452,0.0016416084254160523,6,1
2453,0.0016332833329215646,6,1
2454,0.0002148290368495509,9,1
2455,0.0007938797934912145,6,1
2456,0.5765155553817749,1,2
2457,0.992569625377655,1,3
2458,0.9714246988296509,1,3
2459,0.9968893527984619,1,3
2460,0.007285121362656355,4,1
2461,0.0006662309169769287,6,1
2462,0.0005045036086812615,4,1
2463,0.00024275240139104426,7,1
2464,0.9977474212646484,1,3
2465,0.9999572038650513,1,5
2466,0.6098588109016418,2,3
2467,0.9998554587364197,1,5
2468,0.12635338306427002,3,1
2469,0.91612309217453,1,3
2470,0.22502364218235016,3,2
2471,0.8429579734802246,1,3
2472,0.99775230884552,1,3
2473,0.9962031841278076,1,3
2474,0.9924812316894531,1,3
2475,0.9996898174285889,1,3
2476,0.0008664662600494921,6,1
2477,0.00041108622099272907,7,1
2478,9.918698924593627e-05,9,1
2479,0.00021389999892562628,9,1
2480,0.9992926120758057,1,3
2481,0.9999395608901978,1,5
2482,0.983814001083374,1,3
2483,0.999954104423523,1,5
2484,4.7037545300554484e-05,9,1
2485,0.30141404271125793,3,2
2486,0.00019430254178587347,5,1
2487,0.05601319670677185,3,1
2488,0.19195839762687683,3,1
2489,0.999291181564331,1,4
2490,0.8326541781425476,1,3
2491,0.9989107847213745,1,4
2492,0.02244889922440052,5,1
2493,0.04385766759514809,3,1
2494,0.0024207625538110733,5,1
2495,0.016722826287150383,4,1
2496,0.9991480708122253,1,3
2497,0.9995636940002441,1,5
2498,0.9973374605178833,1,3
2499,0.9966557621955872,1,3
2500,0.0015861340798437595,6,1
2501,0.007365012541413307,6,1
2502,0.0008284809300675988,6,1
2503,0.0016524234088137746,7,1
2504,0.0003196804318577051,8,1
2505,0.0003010007494594902,8,1
2506,0.0003183949738740921,5,1
2507,3.813218791037798e-05,11,1
2508,0.0009184365626424551,6,1
2509,0.0013545233523473144,7,1
2510,0.00021319463849067688,7,1
2511,8.17037362139672e-05,9,1
2512,0.00864680390805006,6,2
2513,0.00015979670570231974,11,1
2514,0.007327294442802668,3,1
2515,6.315609061857685e-05,15,1
2516,0.00040508873644284904,10,1
2517,0.0003803177096415311,8,1
2518,0.017487837001681328,3,1
2519,0.0329841747879982,5,1
2520,0.3497811257839203,5,1
2521,0.9804912209510803,1,4
2522,0.22677558660507202,3,2
2523,0.9978042244911194,1,4
2524,0.0024738330394029617,5,1
2525,0.003653372637927532,5,1
2526,0.00018387858290225267,9,1
2527,0.00024078789283521473,7,1
2528,0.9999839067459106,1,8
2529,0.9999292492866516,1,8
2530,0.9995130896568298,1,3
2531,0.999942421913147,1,8
2532,0.00018585244833957404,6,1
2533,0.00047132730833254755,7,1
2534,0.00014555866073351353,8,1
2535,0.000864301691763103,7,1
2536,0.9998713731765747,1,5
2537,0.9998462200164795,1,5
2538,0.9997443556785583,1,3
2539,0.999904990196228,1,6
2540,0.00015620475460309535,8,1
2541,0.00018209389236290008,7,1
2542,5.043373312219046e-05,10,1
2543,0.0001282975572394207,8,1
2544,0.889167070388794,1,4
2545,0.9777882695198059,1,4
2546,0.959293782711029,1,3
2547,0.9932723641395569,1,3
2548,0.002166017424315214,5,1
2549,0.0006104535423219204,7,1
2550,0.00029363573412410915,8,1
2551,0.001280574593693018,7,1
2552,0.859216570854187,1,3
2553,0.5166884660720825,1,2
2554,0.8680289387702942,1,3
2555,0.841236412525177,1,2
2556,0.04974796250462532,4,2
2557,0.0012495670234784484,6,1
2558,0.000536380975972861,7,1
2559,0.0002719694166444242,7,1
2560,0.9996575117111206,1,3
2561,0.9917308688163757,1,2
2562,0.9953850507736206,1,3
2563,0.9387484192848206,1,2
2564,0.01354600302875042,4,1
2565,0.00036927397013641894,7,1
2566,0.0003884817997459322,8,1
2567,0.00034850407973863184,7,1
2568,0.9999474883079529,1,8
2569,0.999919593334198,1,5
2570,0.9936417937278748,1,3
2571,0.998950719833374,1,3
2572,0.00598579365760088,5,1
2573,0.0005548496847040951,7,1
2574,0.0005691895494237542,6,1
2575,0.00015083610196597874,9,1
2576,0.6289411187171936,1,2
2577,0.9949597120285034,1,3
2578,0.9973778128623962,1,3
2579,0.998621940612793,1,3
2580,0.05090000852942467,5,1
2581,0.022238515317440033,5,1
2582,0.01348206028342247,5,1
2583,0.009609525091946125,5,1
2584,0.9994813203811646,1,6
2585,0.9995431303977966,1,5
2586,0.9996718764305115,1,4
2587,0.9998838901519775,1,6
2588,0.00357170426286757,4,1
2589,0.002082518069073558,5,1
2590,0.001517502823844552,4,1
2591,0.001406742143444717,5,1
2592,0.9969769716262817,1,4
2593,0.997389554977417,1,3
2594,0.9960002899169922,1,3
2595,0.9985063076019287,1,3
2596,0.002286200411617756,4,1
2597,0.002461004536598921,5,1
2598,0.0002862804103642702,7,1
2599,0.0001770814269548282,6,1
2600,0.5719242691993713,2,3
2601,0.05100098252296448,3,1
2602,0.8377292156219482,2,3
2603,0.028738658875226974,3,1
2604,0.00023229581711348146,7,1
2605,0.0007053755107335746,6,1
2606,0.0011729459511116147,7,1
2607,0.0002359165664529428,8,1
2608,0.5799812078475952,2,3
2609,0.7552962899208069,1,2
2610,0.13800747692584991,3,2
2611,0.2573983073234558,2,1
2612,0.0015569714596495032,6,1
2613,0.0007200636900961399,7,1
2614,0.0008373993332497776,7,1
2615,0.0002524196752347052,8,1
2616,0.827763557434082,1,2
2617,0.5962793827056885,1,2
2618,0.9579116106033325,1,3
2619,0.6864557266235352,1,2
2620,0.12772785127162933,2,1
2621,0.09778989851474762,2,1
2622,0.014997095800936222,3,1
2623,0.058887235820293427,2,1
2624,0.9481391906738281,1,3
2625,0.9487006068229675,1,2
2626,0.5333341360092163,1,2
2627,0.8278493285179138,1,2
2628,0.0022923152428120375,5,1
2629,0.002185259945690632,5,1
2630,0.0013419822789728642,5,1
2631,0.0007716742111369967,6,1
2632,0.9967414140701294,1,3
2633,0.9980389475822449,1,3
2634,0.964923083782196,1,3
2635,0.9886406064033508,1,2
2636,0.002933763200417161,5,1
2637,0.02014228142797947,5,1
2638,0.001018995651975274,6,1
2639,0.0028064504731446505,5,1
2640,0.962192177772522,1,2
2641,0.9951059222221375,1,2
2642,0.9747377634048462,1,3
2643,0.9761272668838501,1,2
2644,0.00016300873539876193,8,1
2645,0.00023311065160669386,6,1
2646,0.0001248546177521348,8,1
2647,0.0001236644311575219,8,1
2648,0.9810495972633362,1,3
2649,0.9998560547828674,1,4
2650,0.9116773009300232,1,3
2651,0.997834324836731,1,3
2652,0.0004704665334429592,8,1
2653,0.005075123626738787,8,2
2654,0.0006163249490782619,8,1
2655,0.000863298715557903,11,1
2656,0.9987039566040039,1,3
2657,0.9961846470832825,1,3
2658,0.9410648941993713,1,3
2659,0.9933828711509705,1,3
2660,9.296752978116274e-05,8,1
2661,0.0014007174177095294,6,1
2662,4.5563243475044146e-05,8,1
2663,0.00023081013932824135,7,1
2664,0.005033864639699459,5,1
2665,0.995173990726471,1,3
2666,0.0006019460270181298,7,1
2667,0.9931590557098389,1,3
2668,0.006274216342717409,5,1
2669,0.10795234888792038,3,1
2670,0.0018074446124956012,4,1
2671,0.12542133033275604,3,1
2672,0.0015457079280167818,5,1
2673,0.99948650598526,1,3
2674,0.00024286260304506868,7,1
2675,0.9993752241134644,1,3
2676,0.048282328993082047,3,1
2677,0.003958645276725292,6,1
2678,0.0029505277052521706,7,1
2679,0.0019231310579925776,7,1
2680,0.9979516863822937,1,3
2681,0.9998892545700073,1,4
2682,0.9998025894165039,1,4
2683,0.9999755620956421,1,7
2684,0.002586856484413147,5,1
2685,0.002017976948991418,5,1
2686,0.0013434194261208177,5,1
2687,0.0012433620868250728,5,1
2688,0.034220773726701736,3,1
2689,0.9999364614486694,1,4
2690,0.08091238886117935,2,1
2691,0.9995449781417847,1,4
2692,0.008723413571715355,4,1
2693,0.0012798780808225274,5,1
2694,0.010568772442638874,3,1
2695,0.0005071869236417115,7,1
2696,0.06809897720813751,2,1
2697,0.9994404315948486,1,3
2698,0.017329324036836624,3,1
2699,0.99912029504776,1,3
2700,0.07493621110916138,2,1
2701,0.000914442352950573,7,1
2702,0.12979881465435028,2,1
2703,0.0007018002797849476,7,1
2704,0.9997371435165405,1,2
2705,0.9999929070472717,1,10
2706,0.9965428709983826,1,2
2707,0.999994158744812,1,11
2708,0.00114674202632159,7,1
2709,0.0013535128673538566,7,1
2710,0.000611462164670229,7,1
2711,0.0005739764892496169,7,1
2712,0.9994370341300964,1,4
2713,0.9999520778656006,1,8
2714,0.9998482465744019,1,5
2715,0.9999768137931824,1,11
2716,0.0031960776541382074,5,1
2717,0.40972617268562317,2,1
2718,0.5842245817184448,1,3
2719,0.3449144959449768,2,1
2720,0.9745379686355591,1,3
2721,0.9998999238014221,1,6
2722,0.9423426985740662,1,3
2723,0.999984860420227,1,8
2724,0.003645226126536727,4,1
2725,0.0038571611512452364,5,1
2726,0.0020036420319229364,4,1
2727,0.00030065380269661546,7,1
2728,0.5318039059638977,1,2
2729,0.9998548626899719,1,5
2730,0.842413067817688,1,3
2731,0.9998619556427002,1,5
2732,0.00613447418436408,5,1
2733,0.27357426285743713,2,1
2734,0.024526789784431458,3,1
2735,0.5832564830780029,1,2
2736,0.9730864763259888,1,3
2737,0.0007318576099351048,8,1
2738,0.9765286445617676,2,3
2739,0.016126642003655434,3,1
2740,0.9977753758430481,1,3
2741,0.9986212849617004,1,4
2742,0.9986452460289001,1,3
2743,0.9997838139533997,1,4
2744,0.9992339611053467,2,3
2745,0.9950430393218994,1,5
2746,0.9986571073532104,2,3
2747,0.9996009469032288,1,5
2748,0.9760366082191467,2,3
2749,0.23690836131572723,4,2
2750,0.8038972020149231,2,3
2751,0.11402405798435211,4,2
2752,0.9999698400497437,1,9
2753,0.9999557733535767,1,10
2754,0.9997672438621521,1,4
2755,0.9998903274536133,1,7
2756,0.025144532322883606,5,2
2757,0.021143043413758278,5,2
2758,0.015742745250463486,6,2
2759,0.022346118465065956,5,1
2760,0.9970642328262329,1,3
2761,0.9999228715896606,1,7
2762,0.9951489567756653,1,3
2763,0.9998297095298767,1,5
2764,0.000150699372170493,8,1
2765,0.0010477579198777676,5,1
2766,0.00010370681411586702,9,1
2767,0.0049677216447889805,4,1
2768,0.7867619395256042,2,5
2769,0.39880919456481934,4,3
2770,0.9095261693000793,1,3
2771,0.2502758800983429,2,1
2772,0.013084213249385357,4,1
2773,0.0033465817105025053,6,1
2774,0.0001633010251680389,8,1
2775,0.00022048717073630542,7,1
2776,0.10999787598848343,3,1
2777,0.16761544346809387,3,1
2778,0.9910464286804199,1,3
2779,0.9044934511184692,1,2
2780,0.7280702590942383,2,3
2781,0.5125799775123596,1,2
2782,0.9734939336776733,1,3
2783,0.8891620635986328,1,3
2784,0.9148524403572083,1,3
2785,0.5434521436691284,1,2
2786,0.9744217395782471,1,3
2787,0.7967613339424133,1,2
2788,0.012368915602564812,5,1
2789,0.0033501125872135162,5,1
2790,0.0817321389913559,3,1
2791,0.001927800360135734,5,1
2792,0.9975438714027405,1,3
2793,0.7510411739349365,1,2
2794,0.8381441831588745,1,2
2795,0.23275232315063477,2,1
2796,0.0014134652446955442,6,1
2797,0.009243564680218697,5,1
2798,0.1516667902469635,2,1
2799,0.00514717772603035,5,1
2800,0.9915536642074585,1,3
2801,0.9967897534370422,1,2
2802,0.9999011158943176,1,4
2803,0.998454749584198,1,3
2804,0.0006273949984461069,6,1
2805,0.0017886488931253552,5,1
2806,0.000621951068751514,8,1
2807,0.0012351355981081724,6,1
2808,0.9955354928970337,1,3
2809,0.9989131689071655,1,3
2810,0.9955408573150635,1,3
2811,0.999422550201416,1,3
2812,0.00036584987537935376,7,1
2813,9.724983829073608e-05,8,1
2814,4.139405791647732e-05,10,1
2815,6.393512740032747e-05,8,1
2816,0.6339348554611206,1,2
2817,0.044981032609939575,2,1
2818,0.7032821774482727,1,2
2819,0.23080389201641083,2,1
2820,0.00012389125186018646,10,1
2821,5.1875991630367935e-05,8,1
2822,2.9066586648696102e-05,10,1
2823,4.003873618785292e-05,8,1
2824,0.0044161975383758545,3,1
2825,0.008593136444687843,2,1
2826,0.0031698073726147413,3,1
2827,0.025469869375228882,2,1
2828,0.4361346364021301,2,1
2829,0.0970931202173233,2,1
2830,0.018411610275506973,3,1
2831,0.029213374480605125,2,1
2832,0.9917442202568054,1,3
2833,0.9985702037811279,1,3
2834,0.983711838722229,1,3
2835,0.9953282475471497,1,2
2836,0.09994931519031525,5,1
2837,0.019762789830565453,5,1
2838,0.0053067198023200035,4,1
2839,0.010891041718423367,4,1
2840,0.1586025506258011,4,1
2841,0.4921245276927948,2,1
2842,0.10488133877515793,3,1
2843,0.807316780090332,1,2
2844,0.4361346364021301,2,1
2845,0.0970931202173233,2,1
2846,0.018411610275506973,3,1
2847,0.029213374480605125,2,1
2848,0.9978769421577454,1,6
2849,0.9963863492012024,1,5
2850,0.9999285340309143,1,6
2851,0.9999552965164185,1,8
2852,0.09825453907251358,2,1
2853,0.9549528956413269,1,2
2854,0.9869230389595032,1,3
2855,0.9097274541854858,1,2
2856,0.5259309411048889,2,3
2857,0.9996204972267151,1,4
2858,0.9389463663101196,1,3
2859,0.999428391456604,1,4
2860,0.0979979857802391,5,1
2861,0.2701506018638611,4,2
2862,0.002280547982081771,4,1
2863,0.018310049548745155,4,1
2864,0.9601150751113892,1,3
2865,0.9873730540275574,1,3
2866,0.9416932463645935,1,3
2867,0.9999057650566101,1,5
2868,0.0979979857802391,5,1
2869,0.2701506018638611,4,2
2870,0.002280547982081771,4,1
2871,0.018310049548745155,4,1
2872,0.9997541308403015,1,3
2873,0.9979556798934937,1,3
2874,0.9993910789489746,1,3
2875,0.999799370765686,1,5
2876,0.025987545028328896,3,1
2877,0.09568342566490173,2,1
2878,0.9237182140350342,1,2
2879,0.06864548474550247,2,1
2880,0.9869173169136047,1,3
2881,0.9640414118766785,1,2
2882,0.9921683669090271,1,3
2883,0.9984574317932129,1,3
2884,0.0014882611576467752,5,1
2885,0.00044865827658213675,7,1
2886,0.00035335711436346173,7,1
2887,0.00010788010695250705,11,1
2888,0.999618411064148,1,4
2889,0.999163031578064,1,3
2890,0.9997133612632751,1,3
2891,0.999172568321228,1,3
2892,0.4522503614425659,3,1
2893,0.6917774081230164,1,2
2894,0.41306272149086,3,1
2895,0.7062609791755676,1,2
2896,0.9997105002403259,1,5
2897,0.9999915957450867,1,10
2898,0.999994695186615,1,8
2899,0.9999932050704956,1,10
2900,0.0005177040002308786,5,1
2901,0.002652788069099188,4,1
2902,0.00024640452465973794,6,1
2903,0.0032573011703789234,4,1
2904,0.30371031165122986,3,2
2905,0.5896328091621399,2,3
2906,0.9290534853935242,2,3
2907,0.8248856067657471,2,3
2908,0.010313916020095348,4,1
2909,0.002775487257167697,4,1
2910,0.05257412791252136,3,2
2911,0.0006183972582221031,7,1
2912,0.9932845830917358,1,3
2913,0.9987779259681702,1,4
2914,0.9962671399116516,1,3
2915,0.999668300151825,1,5
2916,0.0005642980104312301,6,1
2917,0.00012546585639938712,8,1
2918,0.0001514387404313311,7,1
2919,6.791151827201247e-05,8,1
2920,0.9990748167037964,1,3
2921,0.9994367957115173,1,3
2922,0.9980977773666382,1,3
2923,0.9968941807746887,1,3
2924,0.0004675867676269263,7,1
2925,0.0008093950455076993,7,1
2926,0.00011429268488427624,9,1
2927,0.0006111448165029287,7,1
2928,0.999599039554596,1,5
2929,0.9999232888221741,1,6
2930,0.9996311068534851,1,3
2931,0.9999517798423767,1,5
2932,0.050294194370508194,5,2
2933,0.04141015559434891,5,1
2934,0.014129000715911388,5,1
2935,0.0035300087183713913,6,1
2936,0.006728092674165964,6,1
2937,0.01787486858665943,5,2
2938,0.0028127606492489576,6,2
2939,0.0656195729970932,3,2
2940,0.0006575984880328178,6,1
2941,0.001044943113811314,5,1
2942,0.0016163702821359038,6,1
2943,0.0009649693965911865,6,1
2944,0.9989320039749146,1,3
2945,0.9996728301048279,1,5
2946,0.9851469397544861,2,3
2947,0.9991206526756287,1,5
2948,0.0009080194868147373,7,1
2949,0.0003254154580645263,8,1
2950,0.00032359425676986575,7,1
2951,0.00023721603793092072,8,1
2952,0.9999200105667114,1,5
2953,0.9995583891868591,1,3
2954,0.9984470009803772,1,3
2955,0.9983731508255005,1,3
2956,0.018846703693270683,4,1
2957,0.016904212534427643,4,1
2958,0.001898007234558463,5,1
2959,0.0033947608899325132,3,1
2960,0.9999359250068665,1,4
2961,0.999890148639679,1,3
2962,0.9999442100524902,1,4
2963,0.9999215602874756,1,3
2964,0.02183976024389267,5,2
2965,0.00963475089520216,5,2
2966,0.011092147789895535,5,2
2967,0.003569240216165781,5,2
2968,0.8242231607437134,1,3
2969,0.9816411733627319,1,2
2970,0.994843602180481,1,3
2971,0.9921417236328125,1,2
2972,0.0002683188358787447,8,1
2973,0.00015690905274823308,9,1
2974,0.00012890307698398829,8,1
2975,9.496496204519644e-05,10,1
2976,0.9998342394828796,1,4
2977,0.9998670816421509,1,4
2978,0.9952451586723328,1,4
2979,0.9992178082466125,1,3
2980,0.0005078690592199564,6,1
2981,0.00038456538459286094,6,1
2982,0.00026071412139572203,8,1
2983,0.00011856572382384911,9,1
2984,0.9998930096626282,1,3
2985,0.999847948551178,1,6
2986,0.9983358979225159,1,3
2987,0.9986292719841003,1,6
2988,0.0001111777892219834,11,1
2989,0.00032646695035509765,9,1
2990,0.00020439144282136112,9,1
2991,0.00032234558602795005,9,1
2992,0.9157809615135193,1,3
2993,0.9974880218505859,1,3
2994,0.9809366464614868,1,3
2995,0.9980580806732178,1,3
2996,0.07457563281059265,3,1
2997,0.07376936823129654,2,1
2998,0.00996959675103426,4,1
2999,0.059499919414520264,3,1
3000,0.9761489033699036,1,4
3001,0.8746719360351562,1,3
3002,0.9829807877540588,1,3
3003,0.8579525947570801,1,2
3004,0.001050559221766889,5,1
3005,0.0012665082467719913,6,1
3006,0.00010043752263300121,8,1
3007,0.00015163591888267547,6,1
3008,0.8219114542007446,1,2
3009,0.9998814463615417,1,5
3010,0.9187679886817932,1,3
3011,0.9999375939369202,1,5
3012,0.0039578950963914394,5,1
3013,0.0039451164193451405,4,1
3014,0.08623815327882767,3,1
3015,0.03549207001924515,3,1
3016,0.9999964833259583,1,13
3017,0.9999843835830688,1,8
3018,0.9999568462371826,1,4
3019,0.9998500347137451,1,5
3020,0.0001460487546864897,8,1
3021,0.0002681575424503535,8,1
3022,9.755598875926808e-05,9,1
3023,5.030339161748998e-05,10,1
3024,0.9809820055961609,1,3
3025,0.9968597292900085,1,2
3026,0.7685994505882263,1,3
3027,0.99602872133255,1,2
3028,0.0012484729522839189,8,1
3029,0.0005049034371040761,8,1
3030,0.00028816808480769396,8,1
3031,0.0002743419900070876,9,1
3032,0.9938281774520874,1,3
3033,0.9992021918296814,1,3
3034,0.9983843564987183,1,3
3035,0.9989606738090515,1,3
3036,0.00012324750423431396,8,1
3037,0.0001456075260648504,9,1
3038,7.599042874062434e-05,9,1
3039,7.272480434039608e-05,10,1
3040,0.999515950679779,1,3
3041,0.9993675351142883,1,4
3042,0.39755144715309143,3,2
3043,0.9835178256034851,1,2
3044,0.004329632967710495,5,1
3045,0.002274421975016594,7,1
3046,0.0014754565199837089,6,1
3047,0.0004430196713656187,8,1
3048,0.9992436170578003,1,3
3049,0.9978086352348328,1,2
3050,0.9953939914703369,1,3
3051,0.995484471321106,1,2
3052,0.0007394924177788198,6,1
3053,0.00023931561736389995,8,1
3054,0.00017297020531259477,7,1
3055,0.00014065499999560416,9,1
3056,0.9996291995048523,1,3
3057,0.9996171593666077,1,4
3058,0.8885316848754883,1,3
3059,0.9969682097434998,1,3
3060,0.0022038486786186695,6,1
3061,0.0038767338264733553,6,1
3062,0.0005796439945697784,8,1
3063,0.0002676238364074379,8,1
3064,0.00862014852464199,3,1
3065,0.9725795388221741,1,2
3066,0.15091580152511597,3,1
3067,0.9501023888587952,1,2
3068,0.0019914598669856787,5,1
3069,0.00738960225135088,6,1
3070,0.00031410963856615126,8,1
3071,0.004364004358649254,6,1
3072,0.9959214329719543,1,3
3073,0.989736795425415,1,3
3074,0.913037121295929,1,3
3075,0.9151542782783508,1,2
3076,6.932618271093816e-05,11,1
3077,8.823634561849758e-05,8,1
3078,2.1047686459496617e-05,13,1
3079,5.2868581406073645e-05,8,1
3080,0.9973515272140503,1,3
3081,0.9997599124908447,1,5
3082,0.9704915285110474,1,3
3083,0.9996791481971741,1,5
3084,0.00022288034961093217,6,1
3085,8.732706919545308e-05,7,1
3086,3.618603659560904e-05,7,1
3087,8.881332178134471e-05,8,1
3088,0.9868220090866089,1,3
3089,0.9922686815261841,1,4
3090,0.9998114705085754,1,5
3091,0.9959290623664856,1,5
3092,0.0002664266212377697,6,1
3093,0.00028322156867943704,6,1
3094,8.458286902168766e-05,6,1
3095,0.0001605887373443693,6,1
3096,0.6393851637840271,1,2
3097,0.997533917427063,1,3
3098,0.9883500933647156,1,3
3099,0.9998860359191895,1,5
3100,0.0001227462780661881,6,1
3101,0.00036095641553401947,6,1
3102,7.475711026927456e-05,8,1
3103,0.00030466102180071175,7,1
3104,0.9980557560920715,1,3
3105,0.996091902256012,1,2
3106,0.9995244145393372,1,3
3107,0.9998302459716797,1,5
3108,0.04768996685743332,4,1
3109,0.8275308012962341,1,2
3110,0.15436841547489166,3,1
3111,0.40500885248184204,2,1
3112,0.9991671442985535,1,3
3113,0.9992765784263611,1,3
3114,0.9153859615325928,1,3
3115,0.9537227153778076,1,2
3116,0.00038061654777266085,6,1
3117,0.00047179864486679435,6,1
3118,0.00011013842595275491,8,1
3119,0.00013309583300724626,7,1
3120,0.9966868758201599,1,3
3121,0.8258355259895325,1,2
3122,0.9261216521263123,1,3
3123,0.5659460425376892,1,2
3124,0.00938370916992426,5,1
3125,0.09445009380578995,3,1
3126,0.0005085782031528652,7,1
3127,0.0019895026925951242,5,1
3128,0.8248660564422607,1,3
3129,0.007376229390501976,3,1
3130,0.593906581401825,1,3
3131,0.002453853841871023,4,1
3132,7.076589099597186e-05,9,1
3133,0.00011023296974599361,8,1
3134,4.5351454900810495e-05,9,1
3135,7.340992306126282e-05,10,1
3136,0.9982265830039978,1,4
3137,0.9998761415481567,1,5
3138,0.9991459250450134,1,4
3139,0.9998572468757629,1,5
3140,0.0007090053986757994,6,1
3141,0.0003645363904070109,8,1
3142,0.0003357201931066811,9,1
3143,0.0002430891472613439,9,1
3144,0.9819343090057373,1,2
3145,0.9459789991378784,1,3
3146,0.9999123811721802,1,5
3147,0.9998100399971008,1,5
3148,0.0006379218539223075,8,1
3149,0.0008804441313259304,7,1
3150,0.003699030028656125,7,1
3151,0.0028882615733891726,7,1
3152,0.9993211030960083,1,4
3153,0.9997931122779846,1,5
3154,0.9998319745063782,1,5
3155,0.9999212622642517,1,5
3156,0.013979372568428516,4,1
3157,0.7535538673400879,2,3
3158,0.9848538041114807,1,4
3159,0.8530836701393127,2,3
3160,0.9909569025039673,1,5
3161,0.9734489321708679,1,4
3162,0.9850775003433228,1,3
3163,0.9828180074691772,1,3
3164,0.008578845299780369,5,1
3165,0.013415152207016945,4,1
3166,0.008094360120594501,4,1
3167,0.016660967841744423,4,1
3168,0.9973568320274353,1,4
3169,0.999984622001648,1,7
3170,0.9999452233314514,1,4
3171,0.9999749660491943,1,6
3172,0.0038370448164641857,4,1
3173,0.0009275484480895102,5,1
3174,0.0009414890082553029,4,1
3175,0.0002520647831261158,7,1
3176,0.9997656941413879,1,3
3177,0.9995775818824768,1,3
3178,0.9998360872268677,1,3
3179,0.9997944831848145,1,3
3180,0.00034441848401911557,7,1
3181,0.0002691686386242509,8,1
3182,0.0005755089223384857,6,1
3183,0.00038731767563149333,7,1
3184,0.993410050868988,1,3
3185,0.9792680740356445,1,2
3186,0.9802364706993103,1,3
3187,0.9074844121932983,1,2
3188,0.050605084747076035,4,1
3189,0.004476386588066816,7,1
3190,0.015565270557999611,4,1
3191,0.010486232116818428,5,1
3192,0.38470152020454407,3,1
3193,0.9927188754081726,1,2
3194,0.23663565516471863,3,1
3195,0.9797698259353638,1,2
3196,0.00034441848401911557,7,1
3197,0.0002691686386242509,8,1
3198,0.0005755089223384857,6,1
3199,0.00038731767563149333,7,1
3200,0.9889562129974365,1,3
3201,0.9978585243225098,1,2
3202,0.9888386726379395,1,3
3203,0.995964765548706,1,2
3204,0.008606226183474064,4,1
3205,0.000995368929579854,5,1
3206,0.003447123570367694,4,1
3207,0.0015821343986317515,5,1
3208,0.9999788403511047,1,4
3209,0.9999951720237732,1,8
3210,0.9993789196014404,1,2
3211,0.9999938607215881,1,9
3212,0.008544981479644775,2,1
3213,0.018817778676748276,4,1
3214,0.12781888246536255,2,1
3215,0.035336222499608994,2,1
3216,0.9994370937347412,1,3
3217,0.999642014503479,1,4
3218,0.9988842010498047,1,3
3219,0.9996325373649597,1,3
3220,0.011646509170532227,3,1
3221,0.005071201827377081,3,1
3222,0.8079788088798523,2,3
3223,0.08354339003562927,2,1
3224,0.9363121390342712,1,3
3225,0.9997304081916809,1,6
3226,0.30427348613739014,3,2
3227,0.9997414946556091,1,6
3228,0.0013250837801024318,5,1
3229,0.00013690900232177228,9,1
3230,0.000570286123547703,4,1
3231,0.00013324148312676698,9,1
3232,0.8919215202331543,1,3
3233,0.9990630149841309,1,3
3234,0.7131888270378113,1,3
3235,0.999889612197876,1,4
3236,0.011841973289847374,4,1
3237,0.00022589370200876147,9,1
3238,0.00889331940561533,3,1
3239,0.00028446264332160354,9,1
3240,0.7844130992889404,1,3
3241,0.3375752866268158,2,1
3242,0.23222924768924713,3,2
3243,0.3117690682411194,2,1
3244,0.0013292337534949183,5,1
3245,0.0003246590495109558,6,1
3246,0.0027762320823967457,3,1
3247,0.0001309331855736673,8,1
3248,0.17928169667720795,3,1
3249,0.9993656873703003,1,3
3250,0.11701980978250504,3,1
3251,0.9997395277023315,1,3
3252,0.04012175649404526,3,1
3253,0.02656063809990883,3,1
3254,0.004868737421929836,3,1
3255,0.007894370704889297,6,1
3256,0.9983642101287842,1,3
3257,0.9927941560745239,1,2
3258,0.9999338984489441,1,4
3259,0.9569641947746277,1,2
3260,0.010850805789232254,4,1
3261,0.0006538869929499924,6,1
3262,0.0005592491943389177,5,1
3263,0.00029055075719952583,7,1
3264,0.168545663356781,3,2
3265,0.9997788667678833,1,5
3266,0.04698576778173447,3,1
3267,0.9998899102210999,1,6
3268,0.11231659352779388,3,1
3269,0.9997694492340088,1,5
3270,0.6220417618751526,2,3
3271,0.9999104142189026,1,6
3272,0.4461730420589447,3,2
3273,0.9995589256286621,1,5
3274,0.8283759951591492,2,3
3275,0.9998036623001099,1,5
3276,0.0016908211400732398,6,1
3277,0.0005632129614241421,7,1
3278,0.0005446812720037997,7,1
3279,0.0003384053416084498,7,1
3280,0.9979864358901978,1,5
3281,0.9995662569999695,1,5
3282,0.9824195504188538,1,4
3283,0.9993846416473389,1,5
3284,0.00045267364475876093,12,1
3285,0.0011018746299669147,6,1
3286,0.0008692604606039822,10,1
3287,0.0024941039737313986,6,1
3288,0.26281535625457764,2,1
3289,0.6101001501083374,1,2
3290,0.8978675603866577,1,3
3291,0.9928359985351562,1,3
3292,0.0009082427131943405,8,1
3293,0.7804014682769775,1,2
3294,0.0719824731349945,3,1
3295,0.9027154445648193,1,2
3296,0.9351198077201843,2,4
3297,0.8252549171447754,1,2
3298,0.7082552313804626,2,4
3299,0.32074686884880066,2,1
3300,0.0019523658556863666,8,1
3301,0.0056127277202904224,6,1
3302,0.0011403473326936364,9,2
3303,0.004332375712692738,6,1
3304,0.9955393671989441,1,3
3305,0.9994377493858337,1,3
3306,0.9897382259368896,1,3
3307,0.9981052279472351,1,3
3308,0.0007586847641505301,7,1
3309,0.862117350101471,1,2
3310,0.0023577765095978975,4,1
3311,0.19418029487133026,2,1
3312,0.04100041463971138,5,2
3313,0.9943256378173828,1,2
3314,0.0059176040813326836,5,1
3315,0.9962009191513062,1,2
3316,0.0023579236585646868,6,1
3317,0.028599711135029793,3,1
3318,0.003249433357268572,6,1
3319,0.8807246685028076,1,2
3320,0.9996587634086609,1,5
3321,0.9999544620513916,1,8
3322,0.9999261498451233,1,7
3323,0.9999814629554749,1,9
3324,0.01932060718536377,4,1
3325,0.0016859237803146243,6,1
3326,0.0014108794275671244,6,1
3327,0.0007719723507761955,7,1
3328,0.9978155493736267,1,4
3329,0.9997891187667847,1,5
3330,0.9998099207878113,1,5
3331,0.9999104738235474,1,6
3332,0.006986650172621012,5,1
3333,0.006175268441438675,5,1
3334,0.0045063975267112255,4,1
3335,0.0026412000879645348,6,1
3336,0.9512080550193787,1,4
3337,0.9958938360214233,1,3
3338,0.997555673122406,1,3
3339,0.9998931884765625,1,6
3340,0.005378392059355974,5,1
3341,0.0037384529132395983,5,1
3342,0.0011270040413364768,5,1
3343,0.00041224085725843906,7,1
3344,0.9981541633605957,1,3
3345,0.9999473094940186,1,5
3346,0.9764986634254456,1,3
3347,0.9997673630714417,1,4
3348,7.594905764563009e-05,9,1
3349,5.457944644149393e-05,8,1
3350,3.5550197935663164e-05,10,1
3351,3.3138570870505646e-05,9,1
3352,0.9849596619606018,1,3
3353,0.9974298477172852,1,2
3354,0.972977340221405,1,3
3355,0.9986606240272522,1,4
3356,0.0005489211180247366,7,1
3357,0.00043406873010098934,8,1
3358,0.00021205564553383738,8,1
3359,0.00026614079251885414,9,1
3360,0.9994879364967346,1,3
3361,0.9988716244697571,1,4
3362,0.8731213212013245,2,3
3363,0.9969190359115601,1,4
3364,0.0057797422632575035,5,1
3365,0.003632309613749385,6,1
3366,0.0006916554411873221,7,1
3367,0.0007404081407003105,8,1
3368,0.9966858625411987,1,3
3369,0.9888367652893066,1,2
3370,0.999740719795227,1,3
3371,0.9968189597129822,1,2
3372,0.0033717602491378784,4,1
3373,0.005114011466503143,6,1
3374,0.05088812857866287,4,1
3375,0.0013076834147796035,8,1
3376,0.9962372779846191,1,4
3377,0.9997023344039917,1,5
3378,0.9822525382041931,1,3
3379,0.9995504021644592,1,5
3380,0.0006834965897724032,7,1
3381,0.0013595822965726256,8,1
3382,0.00015913211973384023,8,1
3383,0.0002327573747606948,9,1
3384,0.9743116497993469,1,4
3385,0.9987001419067383,1,5
3386,0.9914672374725342,1,4
3387,0.9998283386230469,1,6
3388,0.007188714575022459,4,1
3389,0.0034678622614592314,5,1
3390,0.00017130475316662341,10,1
3391,0.00017343157378491014,8,1
3392,0.9961467981338501,1,3
3393,0.9995218515396118,1,6
3394,0.9558727145195007,1,3
3395,0.9987813830375671,1,3
3396,0.000517859123647213,7,1
3397,0.0001543640100862831,8,1
3398,0.0004806338984053582,7,1
3399,0.00015089292719494551,8,1
3400,0.30928483605384827,3,1
3401,0.7402235269546509,1,2
3402,0.25777289271354675,3,1
3403,0.9053787589073181,1,2
3404,0.0003925150667782873,8,1
3405,0.0018985829083248973,6,1
3406,0.015442723408341408,4,1
3407,0.001387416967190802,7,1
3408,0.9828686118125916,1,5
3409,0.9960029125213623,1,5
3410,0.9959238171577454,1,4
3411,0.9989496469497681,1,5
3412,0.0011910783359780908,5,1
3413,0.0007816008874215186,7,1
3414,0.0007803849293850362,8,1
3415,0.0003289337910246104,7,1
3416,0.918607771396637,1,3
3417,0.8576838970184326,1,2
3418,0.03813029080629349,3,1
3419,0.665156364440918,1,2
3420,0.0019165995763614774,5,1
3421,0.0032804806251078844,5,1
3422,0.002278062282130122,5,1
3423,0.0017477832734584808,5,1
3424,0.8343000411987305,1,2
3425,0.9972719550132751,1,4
3426,0.8240742683410645,1,3
3427,0.9981598258018494,1,4
3428,0.0015103364130482078,7,1
3429,0.003059270093217492,6,1
3430,0.001699589192867279,6,1
3431,0.0017136243404820561,7,1
3432,0.9972002506256104,1,5
3433,0.677861750125885,1,2
3434,0.99970543384552,1,3
3435,0.9981845617294312,1,5
3436,0.0008874742779880762,8,1
3437,0.0007749700453132391,7,1
3438,0.0012752232141792774,7,1
3439,0.0004362246545497328,9,1
3440,0.9999294877052307,1,6
3441,0.9992519021034241,1,3
3442,0.9999492764472961,1,6
3443,0.9998971223831177,1,4
3444,0.01616075448691845,5,1
3445,0.01552377175539732,4,1
3446,0.001059434493072331,6,1
3447,0.0011057310039177537,5,1
3448,0.22334717214107513,2,1
3449,0.9302031397819519,1,2
3450,0.0961746871471405,2,1
3451,0.9803964495658875,1,2
3452,0.015201721340417862,5,1
3453,0.028792105615139008,5,1
3454,0.0006502150208689272,8,1
3455,0.0013471591519191861,5,1
3456,0.9997899532318115,1,5
3457,0.9998970627784729,1,4
3458,0.9999598264694214,1,7
3459,0.9999692440032959,1,5
3460,0.0005799615173600614,10,1
3461,0.0003028869687113911,7,1
3462,0.00019388501823414117,10,1
3463,0.00021279141947161406,8,1
3464,0.9962893128395081,1,2
3465,0.9951542615890503,1,4
3466,0.9613962769508362,1,2
3467,0.9889110922813416,1,3
3468,0.002455170964822173,7,1
3469,0.0024501858279109,5,1
3470,0.0004157120711170137,8,1
3471,0.00047298098797909915,6,1
3472,0.9936659336090088,1,3
3473,0.03548406437039375,5,1
3474,0.9992154836654663,1,3
3475,0.08687784522771835,2,1
3476,0.8937013745307922,1,3
3477,0.9983341693878174,1,3
3478,0.9997127652168274,1,4
3479,0.9896978735923767,1,2
3480,0.9552221298217773,1,2
3481,0.985921323299408,1,2
3482,0.9898169636726379,1,3
3483,0.9985474944114685,1,3
3484,0.007958691567182541,5,1
3485,0.0018884018063545227,6,1
3486,0.0011755242012441158,6,1
3487,0.00035713883698917925,6,1
3488,0.9866345524787903,1,3
3489,0.9589554667472839,1,3
3490,0.9242741465568542,1,3
3491,0.9789674878120422,1,2
3492,0.005655675660818815,4,1
3493,0.9039854407310486,1,2
3494,0.5349423885345459,1,2
3495,0.905292272567749,1,2
3496,0.2506946623325348,5,4
3497,0.21447964012622833,5,3
3498,0.1568479984998703,5,2
3499,0.17432871460914612,5,1
3500,0.023237239569425583,5,1
3501,0.012078537605702877,5,1
3502,0.004053437616676092,6,1
3503,0.0020695754792541265,6,1
3504,0.9998149871826172,1,4
3505,0.999896764755249,1,5
3506,0.9999334216117859,1,7
3507,0.9999679923057556,1,8
3508,0.02329694665968418,5,1
3509,0.013861756771802902,5,1
3510,0.0022356300614774227,6,1
3511,0.003020219039171934,6,1
3512,0.9995858073234558,1,5
3513,0.9999240636825562,1,6
3514,0.9999091029167175,1,7
3515,0.999962329864502,1,8
3516,0.010231905616819859,5,1
3517,0.0035226866602897644,5,1
3518,0.0008644268964417279,8,1
3519,0.0013550466392189264,7,1
3520,0.9680871963500977,1,4
3521,0.9848456978797913,1,5
3522,0.9751107692718506,1,3
3523,0.9971559047698975,1,5
3524,0.06559140980243683,5,2
3525,0.02627653442323208,5,1
3526,0.0057996585965156555,7,1
3527,0.006628468632698059,6,1
3528,0.9967548251152039,1,3
3529,0.9974921345710754,1,2
3530,0.9959302544593811,1,3
3531,0.9997565746307373,1,3
3532,0.02224946953356266,5,1
3533,0.05024223029613495,2,1
3534,0.00817740149796009,5,1
3535,0.5636940598487854,1,2
3536,0.1456848531961441,3,1
3537,0.7681480050086975,1,2
3538,0.01231590285897255,3,1
3539,0.8750650882720947,1,2
3540,0.002718512201681733,6,1
3541,0.002112810965627432,5,1
3542,0.004287342540919781,5,1
3543,0.0013388541992753744,5,1
3544,0.9726606011390686,1,3
3545,0.9998564720153809,1,5
3546,0.994182288646698,1,3
3547,0.9999213814735413,1,6
3548,0.023843619972467422,4,1
3549,0.006700417492538691,5,1
3550,0.03404795750975609,4,1
3551,0.016193576157093048,4,1
3552,0.27197837829589844,2,1
3553,0.6679515242576599,1,2
3554,0.25889167189598083,3,1
3555,0.8295760154724121,1,2
3556,0.004187700338661671,4,1
3557,0.06766685098409653,2,1
3558,0.029547100886702538,3,1
3559,0.6729036569595337,1,2
3560,0.005950714461505413,5,1
3561,0.12819528579711914,2,1
3562,0.002269138116389513,4,1
3563,0.07946012914180756,2,1
3564,0.0012463561724871397,5,1
3565,0.00014240495511330664,8,1
3566,0.00024903815938159823,6,1
3567,0.00010473952715983614,9,1
3568,0.014520817436277866,5,1
3569,0.06836070120334625,2,1
3570,0.002679495606571436,4,1
3571,0.0660451129078865,2,1
3572,0.0016990993171930313,5,1
3573,8.886876457836479e-05,8,1
3574,0.00013824233610648662,8,1
3575,7.62067356845364e-05,9,1
3576,0.9613572359085083,1,3
3577,0.993624746799469,1,3
3578,0.9659232497215271,1,3
3579,0.9873483777046204,1,2
3580,0.004510261118412018,4,1
3581,0.004457052797079086,5,1
3582,0.012631813064217567,3,1
3583,0.005777132231742144,5,1
3584,0.9159262180328369,1,2
3585,0.9702150821685791,1,2
3586,0.9733571410179138,1,2
3587,0.993211567401886,1,2
3588,0.0012741670943796635,6,1
3589,0.0017308496171608567,6,1
3590,0.0006728776497766376,6,1
3591,0.00038138730451464653,6,1
3592,0.004433238413184881,6,1
3593,0.022039953619241714,4,1
3594,0.0006755609065294266,6,1
3595,0.004128263331949711,5,1
3596,0.0008273138082586229,5,1
3597,0.000899886479601264,6,1
3598,7.927832484710962e-05,9,1
3599,0.00018161159823648632,9,1
3600,0.23540686070919037,3,1
3601,0.9604143500328064,1,3
3602,0.02312590181827545,3,1
3603,0.9095523953437805,1,3
3604,0.011761262081563473,5,1
3605,0.0009234938188455999,7,1
3606,0.0006020768196322024,7,1
3607,0.00046863005263730884,8,1
3608,0.9975132346153259,1,3
3609,0.9922099113464355,1,3
3610,0.9995486736297607,1,5
3611,0.9975964426994324,1,3
3612,0.5888783931732178,2,3
3613,0.9954872727394104,1,3
3614,0.9997954368591309,1,4
3615,0.9963827729225159,1,3
3616,0.2808181047439575,5,2
3617,0.0070043583400547504,5,1
3618,0.07009601593017578,3,1
3619,0.0011057750089094043,7,1
3620,0.0005560588906519115,7,1
3621,8.314668230013922e-05,8,1
3622,0.0009742729016579688,6,1
3623,4.2162409954471514e-05,8,1
3624,0.30754223465919495,3,2
3625,0.0009086469653993845,7,1
3626,0.9519750475883484,1,3
3627,0.002551643643528223,6,1
3628,0.0020864205434918404,8,1
3629,0.00027463160222396255,6,1
3630,0.0029410740826278925,6,1
3631,0.00016222233534790576,7,1
3632,0.08055848628282547,3,1
3633,0.00020244212646503001,7,1
3634,0.04868929460644722,3,1
3635,8.868280565366149e-05,8,1
3636,0.0020864205434918404,8,1
3637,0.00027463160222396255,6,1
3638,0.0029410740826278925,6,1
3639,0.00016222233534790576,7,1
3640,0.9992096424102783,1,5
3641,0.9999618530273438,1,6
3642,0.9897257685661316,1,4
3643,0.9998797178268433,1,4
3644,0.0005920716794207692,7,1
3645,0.007878498174250126,4,1
3646,0.013098589144647121,5,1
3647,0.029554368928074837,3,1
3648,0.9443275332450867,1,4
3649,0.9954704642295837,1,3
3650,0.885657787322998,1,3
3651,0.9993609189987183,1,3
3652,0.0030159333255141973,5,1
3653,0.0006362510030157864,6,1
3654,0.0057167066261172295,5,1
3655,0.0025800298899412155,4,1
3656,0.33584028482437134,3,1
3657,0.9992303252220154,1,3
3658,0.7534936666488647,1,3
3659,0.9996647238731384,1,3
3660,0.12901994585990906,3,1
3661,0.45079049468040466,2,1
3662,0.016834799200296402,4,1
3663,0.01403643935918808,4,1
3664,0.99936842918396,1,3
3665,0.9995875358581543,1,4
3666,0.7926060557365417,2,3
3667,0.995639979839325,1,4
3668,0.00015286773850675672,8,1
3669,0.00015826158050913364,8,1
3670,0.00029353253194130957,7,1
3671,0.0001210238624480553,9,1
3672,0.23057207465171814,3,1
3673,0.941272497177124,1,3
3674,0.33871567249298096,3,2
3675,0.9811316132545471,1,3
3676,0.0009736357606016099,5,1
3677,0.00023283332120627165,7,1
3678,0.00023134505318012089,6,1
3679,0.00011459836241556332,8,1
3680,0.9151795506477356,1,3
3681,0.9588992595672607,1,3
3682,0.8764153122901917,1,3
3683,0.9884387850761414,1,3
3684,0.015427934005856514,6,2
3685,0.02284303307533264,6,1
3686,0.006342880427837372,6,1
3687,0.0013999458169564605,7,1
3688,0.9611324071884155,1,4
3689,0.9989689588546753,1,5
3690,0.9953665137290955,1,4
3691,0.9997424483299255,1,6
3692,0.7951249480247498,1,2
3693,0.998273491859436,1,5
3694,0.9995296001434326,1,6
3695,0.9998349547386169,1,6
3696,0.9906715154647827,1,3
3697,0.0071560111828148365,6,1
3698,0.9328711628913879,1,3
3699,0.04255625233054161,4,1
3700,0.022918477654457092,5,1
3701,0.0968191847205162,2,1
3702,0.014343873597681522,4,1
3703,0.09416709840297699,2,1
3704,0.25165855884552,3,2
3705,0.9817874431610107,1,3
3706,0.8645622134208679,2,3
3707,0.9931280016899109,1,3
3708,0.016042005270719528,3,1
3709,0.008632245473563671,3,1
3710,0.014767954126000404,3,1
3711,0.023769976571202278,3,2
3712,0.9827262759208679,1,3
3713,0.9962095022201538,1,3
3714,0.9733847379684448,1,3
3715,0.995576798915863,1,3
3716,0.00019567747949622571,8,1
3717,0.00027543981559574604,8,1
3718,9.972685074899346e-05,10,1
3719,0.0001777120924089104,9,1
3720,0.9993281960487366,1,4
3721,0.9984847903251648,1,5
3722,0.9998103976249695,1,3
3723,0.9999876022338867,1,9
3724,0.0007224009023047984,5,1
3725,0.0007664311560802162,6,1
3726,0.00046286912402138114,7,1
3727,0.00041191725176759064,7,1
3728,0.026798486709594727,3,1
3729,0.607595682144165,1,2
3730,0.44882676005363464,2,1
3731,0.5913721323013306,1,2
3732,0.0005660922033712268,7,1
3733,0.004614207427948713,5,1
3734,0.00010590509191388264,9,1
3735,0.0008827622514218092,6,1
3736,0.999563992023468,1,3
3737,0.8858944773674011,1,2
3738,0.9975168704986572,1,3
3739,0.7006068229675293,1,2
3740,0.008893248625099659,5,1
3741,0.010558892041444778,4,1
3742,0.0008820937946438789,6,1
3743,0.002266115974634886,5,1
3744,0.05198771879076958,5,1
3745,0.013181013986468315,4,1
3746,0.3589842915534973,3,1
3747,0.5956270098686218,1,2
3748,0.03276989236474037,5,1
3749,0.6410915851593018,1,2
3750,0.8949461579322815,1,3
3751,0.9183530807495117,1,2
3752,0.9999502897262573,1,6
3753,0.5669741034507751,1,4
3754,0.999880850315094,1,4
3755,0.932052731513977,1,3
3756,0.9678928256034851,1,3
3757,0.9664026498794556,1,3
3758,0.7331111431121826,2,3
3759,0.40931740403175354,2,1
3760,0.9999949932098389,1,14
3761,0.9999150037765503,1,8
3762,0.9999631643295288,1,5
3763,0.9995829463005066,1,6
3764,0.9678928256034851,1,3
3765,0.9664026498794556,1,3
3766,0.7331111431121826,2,3
3767,0.40931740403175354,2,1
3768,0.9964755177497864,1,3
3769,0.9998471140861511,1,6
3770,0.9991416335105896,1,3
3771,0.9997812509536743,1,5
3772,0.0029122859705239534,4,1
3773,0.00034310357295908034,6,1
3774,0.00060293945716694,5,1
3775,0.0001875395973911509,7,1
3776,0.8521334528923035,1,3
3777,0.9778122305870056,1,2
3778,0.9655293822288513,1,3
3779,0.9845821261405945,1,2
3780,0.06024497002363205,3,2
3781,0.004047974478453398,6,1
3782,0.0036765786353498697,5,1
3783,0.0006011033547110856,8,1
3784,0.9906700253486633,1,3
3785,0.9992483854293823,1,3
3786,0.9994156956672668,1,3
3787,0.9996989965438843,1,4
3788,0.022783275693655014,6,1
3789,0.011002789251506329,6,1
3790,0.004092721734195948,6,1
3791,0.0031312040518969297,6,1
3792,0.9991685748100281,1,5
3793,0.999607264995575,1,5
3794,0.9997498393058777,1,3
3795,0.9998310208320618,1,6
3796,0.020285755395889282,5,2
3797,0.004600136540830135,6,1
3798,0.0026889205910265446,6,1
3799,0.0009017589036375284,7,1
3800,0.9995017051696777,1,4
3801,0.9880937337875366,1,3
3802,0.9990931153297424,1,3
3803,0.9912799000740051,1,3
3804,0.003492482705041766,6,1
3805,0.0025890350807458162,6,1
3806,0.001980437897145748,7,1
3807,0.0014510873006656766,7,1
3808,0.03882642090320587,3,1
3809,0.039213620126247406,3,1
3810,0.011068652383983135,3,1
3811,0.03184224292635918,3,1
3812,0.0008372573647648096,5,1
3813,0.001115209306590259,7,1
3814,0.0007231318159028888,7,1
3815,0.0006855657557025552,8,1
3816,0.9958356618881226,1,3
3817,0.9993908405303955,1,5
3818,0.8445172905921936,2,3
3819,0.9964390397071838,1,4
3820,0.002954391995444894,5,1
3821,0.005334994290024042,5,1
3822,0.00033372617326676846,9,1
3823,0.0004872760327998549,8,1
3824,0.5618742108345032,2,3
3825,0.9866096377372742,1,3
3826,0.31475895643234253,3,1
3827,0.9559796452522278,1,2
3828,0.034003522247076035,3,1
3829,0.006378575693815947,5,1
3830,0.06494224816560745,3,1
3831,0.003335793735459447,6,1
3832,0.9924390316009521,1,4
3833,0.4539135694503784,2,1
3834,0.9375548958778381,1,3
3835,0.23442129790782928,2,1
3836,0.7864929437637329,2,3
3837,0.49362051486968994,2,1
3838,0.8215901255607605,1,3
3839,0.10174060612916946,2,1
3840,0.9985957145690918,1,3
3841,0.9986507296562195,1,5
3842,0.9975605010986328,1,3
3843,0.9980156421661377,1,3
3844,0.016426606103777885,5,2
3845,0.002270305994898081,9,1
3846,0.005505283363163471,4,1
3847,0.0007329111685976386,9,1
3848,0.9980515241622925,1,3
3849,0.9974169135093689,1,2
3850,0.9976586103439331,1,3
3851,0.9960490465164185,1,2
3852,0.4400160610675812,3,2
3853,0.04248253256082535,2,1
3854,0.24708297848701477,3,2
3855,0.013512357138097286,5,1
3856,0.8923642039299011,2,3
3857,0.9970341920852661,1,3
3858,0.8871749639511108,2,3
3859,0.9974188208580017,1,3
3860,0.0014955545775592327,7,1
3861,0.00013898673932999372,7,1
3862,0.000685156206600368,7,1
3863,6.873007805552334e-05,9,1
3864,0.034722790122032166,4,2
3865,0.9883217811584473,1,4
3866,0.001178500009700656,7,1
3867,0.8158758282661438,1,3
3868,0.005868017673492432,5,1
3869,0.08875015377998352,2,1
3870,0.0018706946866586804,5,1
3871,0.19637228548526764,2,1
3872,0.0005068070022389293,6,1
3873,0.02858782187104225,4,1
3874,0.00033396459184587,6,1
3875,0.008754241280257702,6,1
3876,0.00013791282253805548,8,1
3877,0.0012103832559660077,8,1
3878,0.00010002421913668513,9,1
3879,0.0008900731918402016,8,1
3880,0.0084507055580616,5,1
3881,0.9997550249099731,1,6
3882,0.011815101839601994,5,1
3883,0.9999690651893616,1,8
3884,0.029843496158719063,6,1
3885,0.001003395183943212,6,1
3886,0.0057030715979635715,6,1
3887,0.001048307865858078,6,1
3888,0.9877065420150757,1,5
3889,0.9946945309638977,1,3
3890,0.9383898973464966,1,3
3891,0.9924687147140503,1,3
3892,0.4215032458305359,5,4
3893,0.37086737155914307,3,1
3894,0.7257215976715088,2,3
3895,0.8137468695640564,1,2
3896,0.9917563796043396,1,3
3897,0.9996737837791443,1,3
3898,0.9934710264205933,1,3
3899,0.9998181462287903,1,3
3900,0.024781078100204468,5,1
3901,0.0005953002837486565,7,1
3902,0.033737435936927795,3,1
3903,0.004279810003936291,3,1
3904,0.9992234706878662,1,4
3905,0.999812662601471,1,6
3906,0.999632716178894,1,6
3907,0.9999269843101501,1,7
3908,0.9884135127067566,1,4
3909,0.6418498754501343,2,3
3910,0.907599925994873,1,3
3911,0.6706521511077881,1,2
3912,0.8366895318031311,2,4
3913,0.036751437932252884,6,1
3914,0.3598661720752716,3,2
3915,0.008933816105127335,7,1
3916,0.0032450205180794,5,1
3917,0.0024234834127128124,6,1
3918,0.004175623878836632,5,1
3919,0.0009195440798066556,8,1
3920,0.9995428919792175,1,4
3921,0.9998465776443481,1,5
3922,0.998461902141571,1,4
3923,0.999499499797821,1,4
3924,0.0012515127891674638,6,1
3925,0.001001666416414082,6,1
3926,0.00043531411211006343,8,1
3927,0.00043536772136576474,8,1
3928,0.0034053141716867685,5,1
3929,0.0015129250241443515,8,1
3930,0.001713393023237586,5,1
3931,0.0004913085140287876,8,1
3932,0.01162442285567522,7,1
3933,0.004312475211918354,7,1
3934,0.0020947735756635666,7,1
3935,0.0015376548981294036,8,1
3936,0.9998166561126709,1,5
3937,0.9999309778213501,1,7
3938,0.9999865293502808,1,8
3939,0.9999538660049438,1,8
3940,0.0008148396736942232,6,1
3941,0.00743671040982008,5,1
3942,0.0018565183272585273,5,1
3943,0.004808285739272833,6,1
3944,0.3955153524875641,2,1
3945,0.7744492888450623,1,2
3946,0.6095763444900513,1,2
3947,0.7967912554740906,1,2
3948,0.001728610834106803,5,1
3949,0.002477915259078145,5,1
3950,0.00012595248699653894,9,1
3951,0.00026144590810872614,7,1
3952,0.9998288154602051,1,4
3953,0.6607593297958374,1,2
3954,0.9998581409454346,1,5
3955,0.9967945218086243,1,2
3956,0.00017684210615698248,9,1
3957,0.00013311969814822078,9,1
3958,0.00011658650328172371,9,1
3959,0.00010523893433855847,9,1
3960,0.998522937297821,1,3
3961,0.9996123909950256,1,3
3962,0.7175055146217346,1,3
3963,0.9459261894226074,1,3
3964,0.00029656122205778956,6,1
3965,0.0003021410957444459,5,1
3966,0.00010695386299630627,7,1
3967,0.00020085516734980047,5,1
3968,0.0019471741979941726,5,1
3969,0.8958439230918884,1,3
3970,0.028769245371222496,3,1
3971,0.41237005591392517,2,1
3972,0.0005186763592064381,7,1
3973,0.002806631615385413,6,1
3974,0.00025596795603632927,7,1
3975,0.0005437679938040674,7,1
3976,0.10090478509664536,3,1
3977,0.9714646339416504,1,3
3978,0.0153118297457695,4,1
3979,0.5868149399757385,1,2
3980,0.0012342449044808745,6,1
3981,0.0007654597284272313,6,1
3982,0.00022641292889602482,7,1
3983,0.00032972166081890464,7,1
3984,0.9967900514602661,1,3
3985,0.9996863007545471,1,3
3986,0.6798394918441772,1,2
3987,0.9929309487342834,1,2
3988,0.007411363534629345,4,1
3989,0.0011218114523217082,6,1
3990,0.002763092517852783,6,1
3991,0.00015116749273147434,7,1
3992,0.3072003126144409,2,1
3993,0.9998877644538879,1,3
3994,0.12102843821048737,3,1
3995,0.9991027116775513,1,3
3996,0.0003534453280735761,6,1
3997,0.00020114750077482313,6,1
3998,0.0003052889078389853,6,1
3999,9.56933872657828e-05,9,1
4000,0.9998788833618164,1,4
4001,0.9982868432998657,1,3
4002,0.9975417256355286,1,4
4003,0.9988406300544739,1,3
4004,0.0006445281906053424,6,1
4005,0.0011789168929681182,6,1
4006,0.0002096724638249725,10,1
4007,0.007711061276495457,4,1
4008,0.9998536705970764,1,5
4009,0.9965505003929138,1,3
4010,0.9998515248298645,1,4
4011,0.9987335801124573,1,3
4012,0.00025616594939492643,8,1
4013,0.0034928189124912024,6,1
4014,0.00012695862096734345,11,1
4015,0.005006785038858652,5,1
4016,0.999840497970581,1,4
4017,0.9996677041053772,1,5
4018,0.9998096227645874,1,4
4019,0.9998378157615662,1,5
4020,0.0010616026120260358,5,1
4021,0.03878107666969299,2,1
4022,0.00047281524166464806,6,1
4023,0.12505976855754852,2,1
4024,0.8749080896377563,1,2
4025,0.32969143986701965,2,1
4026,0.9835538268089294,1,2
4027,0.9078059196472168,1,2
4028,0.0005068333703093231,7,1
4029,0.00043572011054493487,8,1
4030,0.00022608586004935205,9,1
4031,0.0011733568971976638,7,1
4032,0.9997380971908569,1,3
4033,0.9997158646583557,1,3
4034,0.9983881115913391,1,3
4035,0.9989041090011597,1,3
4036,0.00035951906465925276,8,1
4037,0.0016852086409926414,6,1
4038,0.0008457849035039544,8,1
4039,0.006826403550803661,6,1
4040,0.999371349811554,1,3
4041,0.9948554635047913,1,2
4042,0.9996582269668579,1,3
4043,0.9967167973518372,1,2
4044,0.01847030222415924,4,1
4045,0.003892900189384818,5,1
4046,0.0003965251089539379,6,1
4047,0.0014594856183975935,5,1
4048,0.9990376234054565,1,3
4049,0.9999532103538513,1,5
4050,0.9996567964553833,1,3
4051,0.9999862909317017,1,7
4052,0.007701253518462181,5,1
4053,0.008417857810854912,5,1
4054,0.0010541975498199463,5,1
4055,0.001486795605160296,5,1
4056,0.9995136857032776,1,3
4057,0.8272464871406555,1,2
4058,0.9848408699035645,1,3
4059,0.4441814124584198,2,1
4060,0.000317921134410426,8,1
4061,0.000606666028033942,6,1
4062,6.362750718835741e-05,8,1
4063,0.0004749878426082432,6,1
4064,0.05806301161646843,4,1
4065,0.9879661798477173,1,4
4066,0.0026764236390590668,5,1
4067,0.9939243793487549,1,4
4068,0.37389758229255676,5,4
4069,0.17193275690078735,5,4
4070,0.04468671232461929,5,2
4071,0.013868861831724644,7,1
4072,0.9980687499046326,1,5
4073,0.9944547414779663,1,6
4074,0.9305759072303772,1,3
4075,0.9880568385124207,1,6
4076,0.0015859775012359023,8,1
4077,0.042204275727272034,6,1
4078,0.004242474213242531,6,1
4079,0.02084856852889061,7,1
4080,0.9994141459465027,1,4
4081,0.9990233182907104,1,5
4082,0.9985688328742981,1,3
4083,0.9997509121894836,1,5
4084,0.002981922123581171,4,1
4085,0.0001948876160895452,7,1
4086,0.000979370903223753,5,1
4087,0.00012561115727294236,8,1
4088,0.9984403848648071,1,3
4089,0.9790657162666321,1,3
4090,0.9997880458831787,1,3
4091,0.999130129814148,1,4
4092,0.00017448105791117996,7,1
4093,0.00012786040315404534,7,1
4094,8.201962191378698e-05,8,1
4095,4.70936247438658e-05,8,1
4096,0.5051048398017883,2,3
4097,0.7614040970802307,1,3
4098,0.6079051494598389,2,3
4099,0.9479178190231323,1,3
4100,0.9888076782226562,1,3
4101,0.7721633315086365,1,2
4102,0.9995205402374268,1,4
4103,0.992326557636261,1,3
4104,0.5099993348121643,2,3
4105,0.9892991781234741,1,4
4106,0.9410508871078491,1,3
4107,0.9979079365730286,1,4
4108,0.013665392063558102,6,2
4109,0.01713201217353344,6,1
4110,0.005324398633092642,6,1
4111,0.11182346194982529,4,1
4112,0.010768432170152664,5,1
4113,0.8560649752616882,1,3
4114,0.008320789784193039,4,1
4115,0.8365599513053894,1,2
4116,0.007426432333886623,4,1
4117,0.09525247663259506,4,1
4118,0.019009796902537346,3,1
4119,0.6740983724594116,1,2
4120,0.623039186000824,2,3
4121,0.9990595579147339,1,4
4122,0.8569713234901428,1,3
4123,0.9989125728607178,1,4
4124,0.0004658027028199285,7,1
4125,0.0002745451347436756,9,1
4126,0.00034964544465765357,7,1
4127,0.0003861174045596272,8,1
4128,0.8809366822242737,2,3
4129,0.5720741748809814,1,2
4130,0.012240203097462654,4,1
4131,0.5152460932731628,1,2
4132,0.0009647112456150353,7,1
4133,0.0004555029736366123,9,1
4134,0.0005753980949521065,8,1
4135,0.0006110932445153594,8,1
4136,0.9957568049430847,1,3
4137,0.9950928092002869,1,3
4138,0.9907025694847107,1,3
4139,0.999235987663269,1,4
4140,0.8667296171188354,2,3
4141,0.834459662437439,1,4
4142,0.04687675088644028,4,2
4143,0.005082437768578529,7,1
4144,0.9978228211402893,1,3
4145,0.9640557169914246,1,3
4146,0.9996992945671082,1,3
4147,0.9941601157188416,1,3
4148,0.1259661614894867,2,1
4149,0.06793321669101715,2,1
4150,0.8680545091629028,1,2
4151,0.1984870731830597,2,1
4152,0.5351094603538513,2,3
4153,0.0007540658698417246,6,1
4154,0.90971440076828,1,3
4155,0.0009252068120986223,5,1
4156,0.0018634006846696138,5,1
4157,0.00025838924921117723,6,1
4158,0.00047093041939660907,6,1
4159,0.00010710975038819015,8,1
4160,0.8072576522827148,2,3
4161,0.9345864057540894,1,2
4162,0.9751056432723999,1,3
4163,0.4985243082046509,2,1
4164,0.0012583608040586114,5,1
4165,8.249121310655028e-05,9,1
4166,0.00013042433420196176,8,1
4167,4.484919554670341e-05,9,1
4168,0.9998623728752136,1,6
4169,0.9999608993530273,1,8
4170,0.9988625049591064,1,3
4171,0.9997536540031433,1,6
4172,0.2106882631778717,5,4
4173,0.13385923206806183,5,2
4174,0.006835103966295719,5,1
4175,0.00033036808599717915,7,1
4176,0.9993026256561279,1,4
4177,0.9998747110366821,1,5
4178,0.9995158910751343,1,3
4179,0.9998612403869629,1,5
4180,0.2106882631778717,5,4
4181,0.13385923206806183,5,2
4182,0.006835103966295719,5,1
4183,0.00033036808599717915,7,1
4184,0.9993607997894287,1,3
4185,0.9998332262039185,1,4
4186,0.9973534345626831,1,3
4187,0.99973064661026,1,4
4188,0.0033421809785068035,6,2
4189,0.02647830918431282,4,1
4190,0.013801599852740765,4,2
4191,0.0346011146903038,4,1
4192,0.9940060377120972,1,3
4193,0.9985352158546448,1,4
4194,0.9711151719093323,1,3
4195,0.9982780814170837,1,4
4196,0.04654696583747864,3,2
4197,0.3161220848560333,3,1
4198,0.965517520904541,1,3
4199,0.39375725388526917,2,1
4200,0.9715319871902466,1,3
4201,0.6328039169311523,1,2
4202,0.7035378217697144,2,3
4203,0.85017991065979,1,3
4204,0.0008389157010242343,6,1
4205,0.0006203443044796586,8,1
4206,0.00025620622909627855,7,1
4207,0.0005298093892633915,8,1
4208,0.9716084599494934,1,3
4209,0.9900633096694946,1,3
4210,0.9844524264335632,1,3
4211,0.988808810710907,1,3
4212,0.42748039960861206,3,2
4213,0.310538113117218,2,1
4214,0.003009628504514694,6,1
4215,0.01112413965165615,4,1
4216,0.9763513803482056,1,3
4217,0.92887943983078,1,2
4218,0.8751854300498962,1,3
4219,0.891129732131958,1,2
4220,0.0030328151769936085,4,1
4221,0.0031419533770531416,6,1
4222,0.0011610479559749365,6,1
4223,0.0020358357578516006,6,1
4224,0.9992970824241638,1,5
4225,0.9994059801101685,1,6
4226,0.999072790145874,1,4
4227,0.9998484253883362,1,6
4228,0.8638900518417358,1,2
4229,0.2628079652786255,2,1
4230,0.9281431436538696,1,3
4231,0.8155912756919861,1,2
4232,0.9990289211273193,1,4
4233,0.9992696642875671,1,5
4234,0.9980331659317017,1,3
4235,0.9980551600456238,1,5
4236,0.49294206500053406,5,4
4237,0.021458575502038002,5,1
4238,0.2456568479537964,5,2
4239,0.006949897389858961,6,1
4240,0.9999557137489319,1,7
4241,0.9999361038208008,1,7
4242,0.9999796152114868,1,7
4243,0.9999522566795349,1,7
4244,0.3684612512588501,2,1
4245,0.9838294386863708,1,3
4246,0.9953106045722961,1,3
4247,0.9985337853431702,1,5
4248,0.9988764524459839,1,3
4249,0.9979681968688965,1,4
4250,0.913013219833374,1,3
4251,0.9642086625099182,1,2
4252,0.0026085369754582644,5,1
4253,0.0046955193392932415,4,1
4254,0.0007472301367670298,5,1
4255,0.000753864471334964,7,1
4256,0.0030316580086946487,3,1
4257,0.009281627833843231,5,1
4258,0.0010863878997042775,4,1
4259,0.02109445258975029,2,1
4260,0.0002826241252478212,6,1
4261,0.0002501610142644495,7,1
4262,9.96945018414408e-05,7,1
4263,8.272475679405034e-05,9,1
4264,0.00014344921510200948,8,1
4265,0.00020320250769145787,9,1
4266,7.533650932600722e-05,10,1
4267,0.00012493778194766492,9,1
4268,0.0005775126628577709,5,1
4269,0.00030397437512874603,7,1
4270,0.0007856187294237316,5,1
4271,0.0003033530374523252,7,1
4272,0.2503107488155365,3,1
4273,0.8685435652732849,1,2
4274,0.6069748401641846,1,3
4275,0.20265093445777893,2,1
4276,0.559648871421814,2,3
4277,0.141113743185997,5,1
4278,0.012590010650455952,4,1
4279,0.1069679856300354,3,1
4280,0.9924672842025757,2,3
4281,0.9996197819709778,1,4
4282,0.9682141542434692,2,3
4283,0.9995998740196228,1,4
4284,0.0003131188277620822,8,1
4285,0.0008814184693619609,6,1
4286,0.00016405397036578506,9,1
4287,0.0005785280955024064,7,1
4288,0.9994388818740845,1,4
4289,0.999976396560669,1,7
4290,0.9999874830245972,1,7
4291,0.9999890923500061,1,11
4292,0.1371861845254898,5,2
4293,0.9935843348503113,1,6
4294,0.3655223548412323,3,2
4295,0.9976968765258789,1,7
4296,0.9998914003372192,1,4
4297,0.9999822378158569,1,8
4298,0.9998340606689453,1,3
4299,0.9999831318855286,1,8
4300,0.0032553926575928926,5,1
4301,0.0002673592825885862,7,1
4302,0.003033364424481988,4,1
4303,6.699228833895177e-05,8,1
4304,0.9941467642784119,1,4
4305,0.0011428454890847206,9,1
4306,0.9981024861335754,1,3
4307,0.0018456978723406792,9,1
4308,0.06413622945547104,5,2
4309,0.009143552742898464,8,1
4310,0.16128495335578918,4,2
4311,0.14278669655323029,3,1
4312,0.9997657537460327,1,3
4313,0.9983657002449036,1,3
4314,0.9991255402565002,1,3
4315,0.9984434247016907,1,3
4316,0.0004564632836263627,6,1
4317,0.010036093182861805,4,1
4318,0.0049341958947479725,5,1
4319,0.24665601551532745,2,1
4320,0.8795477747917175,1,2
4321,0.9965286254882812,1,2
4322,0.8990858197212219,1,2
4323,0.9980186820030212,1,2
4324,0.00011383598757674918,7,1
4325,0.00017093800124712288,7,1
4326,4.00024582631886e-05,10,1
4327,5.368760321289301e-05,8,1
4328,0.9972951412200928,1,3
4329,0.9988123178482056,1,3
4330,0.3220254182815552,2,1
4331,0.9946017265319824,1,2
4332,0.0014036564389243722,8,1
4333,0.007271046284586191,6,1
4334,0.0013104525860399008,8,1
4335,0.003644287586212158,6,1
4336,0.9878305792808533,1,3
4337,0.9976858496665955,1,4
4338,0.713009238243103,1,3
4339,0.9947160482406616,1,4
4340,0.00016046923701651394,6,1
4341,0.00025337113765999675,7,1
4342,0.00011133815860375762,8,1
4343,0.0001279465650441125,8,1
4344,0.9998582601547241,1,4
4345,0.9999633431434631,1,8
4346,0.9994150996208191,1,3
4347,0.9998483061790466,1,7
4348,0.002015039324760437,7,1
4349,0.008118314668536186,7,1
4350,0.0003975881263613701,7,1
4351,0.00852515920996666,5,1
4352,0.0358717106282711,5,1
4353,0.9859276413917542,1,3
4354,0.0027031353674829006,5,1
4355,0.9915164113044739,1,3
4356,0.027747992426156998,5,1
4357,0.009254876524209976,5,1
4358,0.00022302290017250925,7,1
4359,0.005351075436919928,6,1
4360,0.99997878074646,1,5
4361,0.9999856352806091,1,8
4362,0.9999829530715942,1,6
4363,0.9999712705612183,1,6
4364,0.00035624776501208544,6,1
4365,0.00016690706252120435,7,1
4366,0.00054456404177472,6,1
4367,6.787776510464028e-05,8,1
4368,0.0010513018351048231,5,1
4369,0.010487141087651253,3,1
4370,0.0002858303196262568,5,1
4371,0.0010651410557329655,6,1
4372,0.00025457973242737353,6,1
4373,0.001498636556789279,5,1
4374,0.00011107504542451352,8,1
4375,0.00048089821939356625,7,1
4376,0.9799080491065979,1,2
4377,0.9909481406211853,1,2
4378,0.9990404844284058,1,3
4379,0.994759738445282,1,2
4380,0.006393083371222019,5,1
4381,0.0012225649552419782,5,1
4382,0.0015788873424753547,4,1
4383,0.0004529167781583965,6,1
4384,0.9998530149459839,1,5
4385,0.9998910427093506,1,4
4386,0.9996135830879211,1,3
4387,0.9997865557670593,1,4
4388,0.0008911953191272914,6,1
4389,0.0001869991683633998,8,1
4390,0.00040750825428403914,5,1
4391,0.00021867499162908643,8,1
4392,0.9999438524246216,1,4
4393,0.9999464750289917,1,5
4394,0.9999726414680481,1,4
4395,0.9999767541885376,1,4
4396,0.003385374089702964,5,2
4397,0.019072093069553375,6,1
4398,0.0018415016820654273,4,2
4399,0.014269131235778332,6,1
4400,0.9991297721862793,1,3
4401,0.9458553194999695,1,2
4402,0.9993356466293335,1,3
4403,0.9871751070022583,1,2
4404,0.002083055442199111,3,1
4405,0.004258342087268829,4,1
4406,0.0008415846969000995,4,1
4407,0.00013815324928145856,8,1
4408,0.9998332262039185,1,5
4409,0.9999047517776489,1,5
4410,0.9999576807022095,1,5
4411,0.9999596476554871,1,5
4412,0.00996988546103239,5,1
4413,0.011076103895902634,5,1
4414,0.0020126516465097666,5,1
4415,0.002209622645750642,5,1
4416,0.9769220948219299,1,5
4417,0.9756060242652893,1,5
4418,0.9994228482246399,1,5
4419,0.9996216297149658,1,6
4420,0.003106967778876424,8,1
4421,0.004535930696874857,7,1
4422,0.012661680579185486,7,1
4423,0.010333703830838203,6,1
4424,0.9929342865943909,1,5
4425,0.9961719512939453,1,5
4426,0.9996780157089233,1,5
4427,0.9985125660896301,1,5
4428,0.444079726934433,4,3
4429,0.002573140664026141,5,1
4430,0.0025053415447473526,6,1
4431,0.0007364335469901562,8,1
4432,0.9937474131584167,1,6
4433,0.9919015169143677,1,5
4434,0.9971771240234375,1,5
4435,0.9982072710990906,1,5
4436,0.13990561664104462,4,1
4437,0.47978177666664124,2,1
4438,0.9757725596427917,1,3
4439,0.8799556493759155,1,2
4440,0.0179827269166708,5,1
4441,0.019901111721992493,5,1
4442,0.004218787420541048,5,1
4443,0.005051410291343927,5,1
4444,0.006239925045520067,6,1
4445,0.0012221127981320024,7,1
4446,0.0006960544851608574,8,1
4447,0.0004350959206931293,7,1
4448,0.9979959726333618,1,5
4449,0.9921171069145203,1,3
4450,0.999748170375824,1,5
4451,0.9827485084533691,1,2
4452,0.0009443996823392808,8,1
4453,0.00108119728974998,7,1
4454,0.0007050615386106074,8,1
4455,0.0008607394411228597,7,1
4456,0.2258819192647934,3,2
4457,0.758468747138977,1,3
4458,0.7020203471183777,2,3
4459,0.7917677164077759,2,3
4460,0.15653622150421143,3,1
4461,0.43137311935424805,3,1
4462,0.7959794998168945,1,3
4463,0.92244553565979,1,3
4464,0.9929164052009583,1,3
4465,0.9969843626022339,1,3
4466,0.9585558772087097,1,3
4467,0.9975353479385376,1,3
4468,0.000423883757321164,7,1
4469,0.0007256391108967364,6,1
4470,0.0004573841579258442,8,1
4471,0.00045269951806403697,6,1
4472,0.9988563060760498,1,3
4473,0.7497349381446838,1,2
4474,0.9949702620506287,1,3
4475,0.8982682824134827,1,2
4476,0.000962875026743859,5,1
4477,0.0002771734434645623,6,1
4478,0.0002384372055530548,5,1
4479,0.00013261586718726903,7,1
4480,0.9921239614486694,1,3
4481,0.6701589226722717,1,2
4482,0.9645261168479919,1,3
4483,0.43873488903045654,2,1
4484,0.00019926503591705114,6,1
4485,0.0004882322682533413,6,1
4486,0.002045532688498497,5,1
4487,0.00211339071393013,5,1
4488,0.9997746348381042,1,3
4489,0.9999561309814453,1,5
4490,0.9999169707298279,1,4
4491,0.9999383091926575,1,5
4492,0.000347199325915426,5,1
4493,0.4176667034626007,2,1
4494,0.45532140135765076,2,1
4495,0.09209787845611572,2,1
4496,0.9968635439872742,1,3
4497,0.9961192011833191,1,3
4498,0.999618649482727,1,3
4499,0.999589741230011,1,4
4500,0.002953259041532874,4,1
4501,0.0032875090837478638,5,1
4502,0.0043805865570902824,4,1
4503,0.003764756955206394,5,1
4504,0.9994451999664307,1,5
4505,0.9993083477020264,1,5
4506,0.999624490737915,1,4
4507,0.9998859167098999,1,6
4508,0.0030582656618207693,6,1
4509,0.029914362356066704,5,1
4510,0.0004148565058130771,6,1
4511,0.00123981770593673,6,1
4512,0.9674955606460571,1,2
4513,0.868545651435852,1,2
4514,0.6658419966697693,1,2
4515,0.07127441465854645,2,1
4516,0.46452486515045166,3,2
4517,0.012311378493905067,5,1
4518,0.4658089280128479,2,1
4519,0.05586335435509682,3,1
4520,0.9994083046913147,1,4
4521,0.9999634623527527,1,6
4522,0.9998843669891357,1,4
4523,0.9999668598175049,1,7
4524,0.09083405137062073,3,1
4525,0.012769682332873344,5,1
4526,0.46509379148483276,2,1
4527,0.012405249290168285,5,1
4528,0.997437596321106,1,5
4529,0.9986029267311096,1,6
4530,0.9999455809593201,1,7
4531,0.9999218583106995,1,6
4532,0.002345841843634844,7,1
4533,0.02385091409087181,6,1
4534,0.001689066644757986,6,1
4535,0.006810415536165237,6,1
4536,0.734502911567688,1,2
4537,0.48165926337242126,2,1
4538,0.8901212811470032,1,2
4539,0.8655822277069092,1,2
4540,0.004606820642948151,4,1
4541,0.0005596137489192188,6,1
4542,0.0006913397228345275,5,1
4543,0.0002622642496135086,6,1
4544,0.22215190529823303,2,1
4545,0.994025468826294,1,2
4546,0.9942330718040466,1,3
4547,0.9967434406280518,1,3
4548,0.007518615107983351,4,1
4549,0.009187409654259682,6,1
4550,0.0027360902167856693,5,1
4551,0.004601078573614359,7,1
4552,0.9998092651367188,1,4
4553,0.9995270371437073,1,5
4554,0.9988627433776855,1,3
4555,0.9985520243644714,1,5
4556,0.0003954647690989077,5,1
4557,0.0006190056446939707,6,1
4558,0.00014374652528204024,7,1
4559,0.00015971862012520432,8,1
4560,0.9933145046234131,1,3
4561,0.9790332317352295,1,2
4562,0.9935986995697021,1,3
4563,0.6123740673065186,1,2
4564,0.0011406310368329287,5,1
4565,0.0010941115906462073,5,1
4566,0.0002433941263007,5,1
4567,0.00030680917552672327,6,1
4568,0.06618571281433105,2,1
4569,0.08666369318962097,2,1
4570,0.32688531279563904,2,1
4571,0.10914313048124313,2,1
4572,0.0016150203300639987,5,1
4573,0.0006473521934822202,7,1
4574,0.0004022796347271651,7,1
4575,0.0002814022882375866,7,1
4576,0.960393488407135,1,3
4577,0.9823381900787354,1,2
4578,0.844598650932312,1,2
4579,0.9740060567855835,1,2
4580,0.0036287219263613224,5,1
4581,0.0005673073465004563,7,1
4582,0.0005353339365683496,7,1
4583,0.00024113614927046,8,1
4584,0.2352951467037201,2,1
4585,0.5921453237533569,1,2
4586,0.0656193271279335,3,1
4587,0.4438610374927521,2,1
4588,0.0016428211238235235,6,1
4589,0.0011465132702142,7,1
4590,0.0004899147315882146,9,1
4591,0.0002344196109334007,8,1
4592,0.990624725818634,1,3
4593,0.8326180577278137,1,2
4594,0.9931120872497559,1,3
4595,0.31575655937194824,2,1
4596,0.10235700756311417,2,1
4597,0.07944002747535706,2,1
4598,0.9575150012969971,1,2
4599,0.15430684387683868,2,1
4600,0.9886558055877686,1,2
4601,0.36355170607566833,2,1
4602,0.9989959597587585,1,3
4603,0.125022292137146,2,1
4604,0.007704843766987324,4,1
4605,0.0023794984444975853,6,1
4606,0.09059040993452072,3,1
4607,0.004686328582465649,5,1
4608,0.9804190397262573,1,2
4609,0.9948374032974243,1,4
4610,0.9982372522354126,1,3
4611,0.9976906776428223,1,5
4612,0.053668517619371414,4,1
4613,0.0012774158967658877,6,1
4614,0.00128629629034549,6,1
4615,0.00033608530065976083,7,1
4616,0.9998317956924438,1,5
4617,0.9998779892921448,1,6
4618,0.9999655485153198,1,6
4619,0.9998976588249207,1,7
4620,0.8395132422447205,1,4
4621,0.9994819760322571,1,5
4622,0.9998661279678345,1,4
4623,0.9983125925064087,1,4
4624,0.9990847110748291,1,3
4625,0.9454434514045715,1,3
4626,0.9998465776443481,1,4
4627,0.989957869052887,1,5
4628,0.007604823913425207,6,1
4629,0.0020278736483305693,7,1
4630,0.06438178569078445,4,1
4631,0.0021130256354808807,8,1
4632,0.9769213199615479,1,3
4633,0.9982251524925232,1,5
4634,0.9945752024650574,1,3
4635,0.999902606010437,1,6
4636,0.0011295179137960076,7,1
4637,0.00023258950386662036,6,1
4638,0.00021687599655706435,7,1
4639,0.0001328638318227604,8,1
4640,0.026386328041553497,4,1
4641,0.9997720122337341,1,5
4642,0.007118922658264637,3,1
4643,0.9997570514678955,1,5
4644,0.0005244616186246276,7,1
4645,0.0006670284201391041,6,1
4646,0.000536231033038348,6,1
4647,0.0003670520382001996,7,1
4648,0.9905158281326294,1,5
4649,0.9869074821472168,1,5
4650,0.8542071580886841,1,3
4651,0.9926371574401855,1,4
4652,0.3787023723125458,5,4
4653,0.7418433427810669,4,5
4654,0.013544587418437004,5,1
4655,0.025109950453042984,5,1
4656,0.9952325820922852,1,3
4657,0.9936325550079346,1,3
4658,0.9998407959938049,1,4
4659,0.9988840818405151,1,3
4660,0.006044810637831688,6,1
4661,0.0020043752156198025,6,1
4662,0.0024276203475892544,6,1
4663,0.000839345040731132,8,1
4664,0.9997700452804565,1,4
4665,0.9996028542518616,1,4
4666,0.9994876384735107,1,4
4667,0.9993517994880676,1,4
4668,0.0018797023221850395,5,1
4669,0.0015878273406997323,5,1
4670,0.0004378474841360003,5,1
4671,0.0003826736065093428,6,1
4672,0.9931836128234863,1,4
4673,0.993930459022522,1,5
4674,0.9931824803352356,1,2
4675,0.9965182542800903,1,5
4676,0.33534619212150574,4,3
4677,0.7468265295028687,2,5
4678,0.013644975610077381,5,1
4679,0.20556628704071045,3,1
4680,0.8584105372428894,1,3
4681,0.9998990893363953,1,4
4682,0.8797498345375061,1,3
4683,0.9999673366546631,1,5
4684,0.007002729456871748,4,1
4685,0.00011320101475575939,8,1
4686,0.01352492906153202,4,1
4687,7.076321344356984e-05,8,1
4688,0.9996578693389893,1,5
4689,0.9990724325180054,1,5
4690,0.9999440908432007,1,7
4691,0.9996746778488159,1,5
4692,0.022477691993117332,5,1
4693,0.00579125015065074,6,1
4694,0.0009027855121530592,6,1
4695,0.0015296387718990445,6,1
4696,0.999681830406189,1,5
4697,0.9996923804283142,1,6
4698,0.9999340772628784,1,7
4699,0.9999305605888367,1,7
4700,0.15695126354694366,4,1
4701,0.029061367735266685,4,1
4702,0.009863887913525105,5,1
4703,0.005488436669111252,5,1
4704,0.14857229590415955,5,1
4705,0.9926155209541321,1,5
4706,0.022925158962607384,5,1
4707,0.9983059167861938,1,5
4708,0.04246152564883232,5,2
4709,0.2736581265926361,4,1
4710,0.043531954288482666,4,1
4711,0.8058599829673767,1,2
4712,0.08133215457201004,5,1
4713,0.9853212833404541,1,3
4714,0.1136334165930748,3,2
4715,0.9998370409011841,1,6
4716,0.00467186002060771,6,1
4717,0.0018570295069366693,6,1
4718,0.0015006521716713905,6,1
4719,0.004027948249131441,6,1
4720,0.9689393043518066,2,5
4721,0.9996364712715149,1,5
4722,0.8678127527236938,2,3
4723,0.9992989301681519,1,5
4724,0.06986598670482635,6,3
4725,0.9211582541465759,1,3
4726,0.028347201645374298,4,2
4727,0.9735682606697083,1,3
4728,0.0004979831865057349,7,1
4729,0.01130780577659607,3,1
4730,0.0007993039325810969,6,1
4731,0.036777570843696594,2,1
4732,0.0016600259114056826,5,1
4733,0.01794215850532055,3,1
4734,0.010087141767144203,3,2
4735,0.060098111629486084,2,1
4736,0.04715714603662491,3,2
4737,0.9992781281471252,1,3
4738,0.7052022814750671,2,3
4739,0.9999699592590332,1,7
4740,0.7331892251968384,2,3
4741,0.9394346475601196,1,5
4742,0.9534122943878174,2,3
4743,0.9978585243225098,1,5
4744,0.43680959939956665,3,2
4745,0.9997910261154175,1,5
4746,0.7022491693496704,2,3
4747,0.9998969435691833,1,7
4748,0.006898734252899885,4,1
4749,0.0031779389828443527,5,1
4750,0.0001891487481771037,7,1
4751,0.0003065358614549041,7,1
4752,0.96946120262146,1,5
4753,0.9895535111427307,1,5
4754,0.9905831217765808,1,4
4755,0.9982398748397827,1,6
4756,0.009488383308053017,5,1
4757,0.01276479847729206,5,1
4758,0.003025492187589407,5,1
4759,0.017131268978118896,5,1
4760,0.9998683333396912,1,5
4761,0.9999776482582092,1,8
4762,0.9997785687446594,1,3
4763,0.9999849200248718,1,8
4764,0.010134144686162472,5,1
4765,0.00030811960459686816,8,1
4766,0.0002790047146845609,8,1
4767,0.00022561685182154179,8,1
4768,0.25955531001091003,3,2
4769,0.6530295014381409,1,2
4770,0.004338972270488739,4,1
4771,0.8157629370689392,1,2
4772,0.17037558555603027,5,4
4773,0.11518631130456924,5,1
4774,0.008736195974051952,5,1
4775,0.02172672562301159,4,1
4776,0.997734010219574,1,3
4777,0.9998941421508789,1,3
4778,0.997974693775177,1,3
4779,0.9998993873596191,1,4
4780,0.0003979152243118733,6,1
4781,0.00040701686521060765,7,1
4782,0.00012189940753160045,8,1
4783,0.0003015983966179192,7,1
4784,0.5877603888511658,1,2
4785,0.4171212315559387,3,1
4786,0.755581259727478,1,2
4787,0.772273600101471,1,2
4788,0.001199933234602213,5,1
4789,0.0027278363704681396,5,1
4790,0.007902228273451328,4,1
4791,0.0015151496045291424,6,1
4792,0.9997039437294006,1,5
4793,0.9995349049568176,1,5
4794,0.9993693828582764,1,3
4795,0.9996926784515381,1,5
4796,0.0025046051014214754,6,1
4797,0.00134563900064677,7,1
4798,0.000932081020437181,7,1
4799,0.0007583172991871834,7,1
4800,0.990790069103241,1,2
4801,0.10406128317117691,2,1
4802,0.9299675226211548,1,2
4803,0.13307441771030426,2,1
4804,0.030616814270615578,4,1
4805,0.004699992947280407,5,1
4806,0.01324425358325243,4,1
4807,0.0016146147390827537,6,1
4808,0.3963121175765991,2,1
4809,0.6334367990493774,1,2
4810,0.018194356933236122,3,1
4811,0.027419069781899452,2,1
4812,0.13583652675151825,3,1
4813,0.009567014873027802,5,1
4814,0.00654958002269268,4,1
4815,0.005455308128148317,5,1
4816,0.9921795129776001,1,4
4817,0.9974443912506104,1,3
4818,0.7249684929847717,1,2
4819,0.9747399091720581,1,2
4820,0.005407537333667278,5,1
4821,0.000952108995988965,6,1
4822,0.002678675577044487,4,1
4823,0.000528966833371669,7,1
4824,0.9940122961997986,1,4
4825,0.9889242053031921,1,3
4826,0.9989006519317627,1,3
4827,0.9985709190368652,1,3
4828,0.02452826499938965,5,1
4829,0.001740878913551569,5,1
4830,0.0006905245245434344,7,1
4831,0.001239755074493587,7,1
4832,0.9919606447219849,1,3
4833,0.9661098718643188,1,3
4834,0.9868108034133911,1,3
4835,0.9714038372039795,1,3
4836,0.0008759347256273031,6,1
4837,0.0008082709391601384,7,1
4838,0.0026155104860663414,4,1
4839,0.0007085154647938907,7,1
4840,0.9925565123558044,1,3
4841,0.9985015392303467,1,3
4842,0.9937171936035156,1,3
4843,0.9986273050308228,1,3
4844,0.04210248589515686,4,1
4845,0.002122056670486927,5,1
4846,0.0017645247280597687,4,1
4847,0.0009266561246477067,6,1
4848,0.9998756051063538,1,6
4849,0.9999220371246338,1,7
4850,0.9999034404754639,1,5
4851,0.9998684525489807,1,7
4852,0.005747946910560131,5,1
4853,0.002122350735589862,7,1
4854,0.0014721491606906056,5,1
4855,0.00038071925519034266,8,1
4856,0.9948016405105591,1,2
4857,0.8519849181175232,1,2
4858,0.6229387521743774,1,2
4859,0.9441969394683838,1,2
4860,0.19191859662532806,2,1
4861,0.23787008225917816,2,1
4862,0.2871498763561249,2,1
4863,0.31759700179100037,2,1
4864,0.9941374659538269,1,3
4865,0.9940423369407654,1,3
4866,0.8631654977798462,1,3
4867,0.9076385498046875,1,2
4868,0.2573533356189728,3,2
4869,0.005321882199496031,6,1
4870,0.1933375746011734,3,1
4871,0.0007128377328626812,7,1
4872,0.9855685234069824,1,4
4873,0.9988386631011963,1,5
4874,0.8631994724273682,2,3
4875,0.9978998899459839,1,5
4876,0.7037023305892944,2,4
4877,0.20909053087234497,5,1
4878,0.6763743758201599,2,3
4879,0.06341222673654556,5,1
4880,0.8887467980384827,1,3
4881,0.898361325263977,1,2
4882,0.5692902207374573,2,3
4883,0.9041072130203247,1,2
4884,0.005171593278646469,5,1
4885,0.008077764883637428,5,1
4886,0.005278598517179489,4,1
4887,0.0007652552449144423,8,1
4888,0.6750167012214661,2,3
4889,0.9729732275009155,2,3
4890,0.7285982966423035,2,3
4891,0.9749141931533813,2,3
4892,0.0017244822811335325,5,1
4893,0.0012064878828823566,5,1
4894,0.00031610316364094615,7,1
4895,0.0004163756384514272,6,1
4896,0.79845130443573,2,3
4897,0.9532709121704102,1,3
4898,0.9550955891609192,1,3
4899,0.9883466958999634,1,3
4900,0.0007872614660300314,4,1
4901,0.000568500894587487,8,1
4902,0.0009639167692512274,4,1
4903,0.00013348011998459697,10,1
4904,0.9984344840049744,1,3
4905,0.9996985793113708,1,5
4906,0.984697699546814,1,3
4907,0.9984079599380493,1,4
4908,0.0018143118359148502,5,1
4909,0.001611117972061038,7,1
4910,0.01095274556428194,4,1
4911,0.001744178356602788,8,1
4912,0.979536771774292,1,3
4913,0.9049116969108582,1,3
4914,0.940146267414093,1,3
4915,0.9704143404960632,1,3
4916,0.370683878660202,3,2
4917,0.9491192698478699,1,3
4918,0.4331282079219818,3,2
4919,0.99349445104599,1,3
4920,0.9997333884239197,1,5
4921,0.6307609677314758,1,2
4922,0.9999553561210632,1,8
4923,0.42078879475593567,2,1
4924,0.003991506993770599,5,1
4925,0.00013545580441132188,9,1
4926,0.000683639373164624,6,1
4927,7.580938836326823e-05,10,1
4928,0.9998449683189392,1,3
4929,0.9996951222419739,1,3
4930,0.9999610185623169,1,5
4931,0.9995378255844116,1,3
4932,0.001536104129627347,7,1
4933,0.00012177212192909792,10,1
4934,0.0005583370220847428,8,1
4935,0.00015708016871940345,9,1
4936,0.9993856549263,1,3
4937,0.9558761715888977,1,2
4938,0.999252438545227,1,3
4939,0.9875184893608093,1,2
4940,0.09620893001556396,3,1
4941,0.43065983057022095,2,1
4942,0.1948443055152893,3,1
4943,0.039323706179857254,3,1
4944,0.994708776473999,1,3
4945,0.988804817199707,1,3
4946,0.9516212344169617,1,3
4947,0.9553744792938232,1,2
4948,0.17782773077487946,3,1
4949,0.2634144425392151,5,2
4950,0.004958567675203085,5,1
4951,0.004633776377886534,5,1
4952,0.8654659390449524,2,3
4953,0.9985092878341675,1,5
4954,0.9999696612358093,1,8
4955,0.9996246099472046,1,5
4956,0.017442304641008377,5,1
4957,0.0006776486407034099,6,1
4958,0.0007057274342514575,6,1
4959,0.00022742240980733186,6,1
4960,0.002500169910490513,7,1
4961,0.000845546368509531,9,1
4962,0.0007351139793172479,8,1
4963,0.0003295460483059287,9,1
4964,0.0001923309318954125,7,1
4965,0.00016795146802905947,9,1
4966,0.00027084106113761663,8,1
4967,6.499329901998863e-05,10,1
4968,0.7527696490287781,2,3
4969,0.9977865219116211,1,4
4970,0.6815099120140076,2,3
4971,0.9975733160972595,1,4
4972,0.00020377787586767226,8,1
4973,0.0005694037536159158,7,1
4974,0.0010539500508457422,6,1
4975,0.00015941652236506343,10,1
4976,0.8291537761688232,2,3
4977,0.418222576379776,3,1
4978,0.3004644811153412,3,2
4979,0.12308656424283981,4,1
4980,0.0055084447376430035,6,1
4981,0.014915844425559044,6,1
4982,0.0004695997922681272,7,1
4983,0.0003298039373476058,9,1
4984,0.9981569647789001,1,3
4985,0.999330997467041,1,5
4986,0.9775168895721436,1,3
4987,0.9883275032043457,1,4
4988,0.003052167594432831,5,1
4989,0.004763487726449966,6,1
4990,0.0015845631714910269,6,1
4991,0.0010385055793449283,7,1
4992,0.9909049868583679,1,3
4993,0.9993214011192322,1,3
4994,0.9315482378005981,1,3
4995,0.9954077005386353,1,3
4996,0.00017066257714759558,7,1
4997,0.00018259136413689703,9,1
4998,0.00011846862616948783,7,1
4999,0.0001005109297693707,10,1
5000,0.9992848038673401,1,4
5001,0.03711855411529541,6,1
5002,0.9994256496429443,1,3
5003,0.12603558599948883,3,1
5004,0.02484051138162613,5,1
5005,0.0007415311993099749,9,1
5006,0.0011403302196413279,6,1
5007,0.0002986665058415383,9,1
5008,0.8029100894927979,1,2
5009,0.0014737225137650967,8,1
5010,0.8587795495986938,1,2
5011,0.0014268720988184214,8,1
5012,0.0011727185919880867,5,1
5013,0.000496154127176851,8,1
5014,0.00938418135046959,4,1
5015,0.001824261387810111,7,1
5016,0.9997808337211609,1,3
5017,0.9980542659759521,1,3
5018,0.9502524733543396,2,3
5019,0.9897443056106567,1,3
5020,7.840391481295228e-05,8,1
5021,3.3191121474374086e-05,13,1
5022,3.642462252173573e-05,9,1
5023,2.258804852317553e-05,14,1
5024,0.45188257098197937,5,4
5025,0.7374802827835083,1,2
5026,0.26056817173957825,5,2
5027,0.3405810594558716,2,1
5028,0.0019519502529874444,6,1
5029,8.581598376622424e-05,8,1
5030,0.000331895484123379,6,1
5031,6.292579200817272e-05,9,1
5032,0.030790777876973152,5,1
5033,0.2732653319835663,2,1
5034,0.0020043975673615932,5,1
5035,0.2818348705768585,2,1
5036,0.0006351374322548509,7,1
5037,0.014798695221543312,6,1
5038,0.00017791586287785321,7,1
5039,0.0023355945013463497,6,1
5040,0.00022160976368468255,8,1
5041,0.9831956028938293,1,2
5042,0.00015875014651101083,8,1
5043,0.9943048357963562,1,3
5044,0.0007549022557213902,8,1
5045,0.0032636059913784266,7,1
5046,0.00022116527543403208,8,1
5047,0.0010973664466291666,8,1
5048,0.9999745488166809,1,4
5049,0.9999731183052063,1,8
5050,0.999301016330719,1,3
5051,0.9998816847801208,1,6
5052,0.0020889034494757652,5,1
5053,0.0021406386513262987,5,1
5054,0.00014065727009437978,5,1
5055,0.0001617390662431717,9,1
5056,0.9992364048957825,1,3
5057,0.998680055141449,1,3
5058,0.9989652633666992,1,3
5059,0.9992008805274963,1,3
5060,0.0004483905213419348,6,1
5061,0.0006251511513255537,7,1
5062,0.0005808718269690871,6,1
5063,0.0008502136915922165,7,1
5064,0.0019097066251561046,3,1
5065,0.00013478592154569924,9,1
5066,0.0007858309545554221,5,2
5067,0.00010309440403943881,9,1
5068,0.1643083691596985,3,2
5069,0.023584283888339996,5,1
5070,0.10125850141048431,3,2
5071,0.012420359998941422,5,1
5072,0.9758145213127136,1,2
5073,0.998900294303894,1,3
5074,0.9996113181114197,1,3
5075,0.9994463920593262,1,3
5076,0.06116323545575142,4,1
5077,0.009542856365442276,5,1
5078,0.009620054624974728,5,1
5079,0.0032397957984358072,6,1
5080,0.9997326731681824,1,3
5081,0.9997514486312866,1,4
5082,0.9990495443344116,1,3
5083,0.9999008178710938,1,6
5084,0.005132182966917753,6,1
5085,0.0013688266044482589,8,1
5086,0.0008849403820931911,7,1
5087,0.00045327426050789654,8,1
5088,0.9995521903038025,1,4
5089,0.9999028444290161,1,8
5090,0.9977036118507385,1,3
5091,0.9997081160545349,1,5
5092,0.00010988734720740467,11,1
5093,0.00014562664728146046,8,1
5094,5.409918594523333e-05,11,1
5095,4.133460970479064e-05,10,1
5096,0.5611674785614014,1,2
5097,0.6713818311691284,1,2
5098,0.7754961848258972,1,4
5099,0.724766194820404,1,2
5100,0.11998293548822403,3,1
5101,0.035843003541231155,5,1
5102,0.0031038953457027674,6,1
5103,0.000946439104154706,6,1
5104,0.1163717731833458,3,1
5105,0.9904763698577881,1,3
5106,0.9996309876441956,1,4
5107,0.9976354837417603,1,3
5108,0.0016279811970889568,7,1
5109,0.00023752340348437428,9,1
5110,0.00040009303484112024,7,1
5111,7.486420508939773e-05,9,1
5112,0.751897394657135,1,2
5113,0.6349325180053711,1,2
5114,0.9978660345077515,1,3
5115,0.7767840623855591,1,2
5116,0.0027903730515390635,6,1
5117,0.0003265978011768311,7,1
5118,0.005561789497733116,3,1
5119,0.0005321172066032887,7,1
5120,0.9792701005935669,1,2
5121,0.9965578317642212,1,3
5122,0.9998058676719666,1,3
5123,0.9996193051338196,1,3
5124,0.15285591781139374,2,1
5125,0.9294770956039429,1,2
5126,0.9677668809890747,1,2
5127,0.9062911868095398,1,2
5128,0.9994497895240784,1,2
5129,0.4804687201976776,2,1
5130,0.999330997467041,1,3
5131,0.9915533661842346,1,2
5132,0.7757011651992798,1,2
5133,0.3093545436859131,2,1
5134,0.9749661087989807,1,2
5135,0.7291924357414246,1,2
5136,0.1701918989419937,2,1
5137,0.9991386532783508,1,4
5138,0.4815179705619812,2,1
5139,0.9630513787269592,1,2
5140,9.322797268396243e-05,8,1
5141,0.00011980374983977526,9,1
5142,3.8763409975217655e-05,8,1
5143,3.628344711614773e-05,10,1
5144,0.8208407759666443,1,3
5145,0.9807379841804504,1,3
5146,0.33618849515914917,2,1
5147,0.9965290427207947,1,3
5148,0.00010617144289426506,11,1
5149,0.00013211525219958276,9,1
5150,3.561208723112941e-05,11,1
5151,5.83155888307374e-05,9,1
5152,0.9918306469917297,1,3
5153,0.7103945016860962,1,3
5154,0.9437897205352783,1,3
5155,0.17831464111804962,3,1
5156,0.0018925596959888935,4,1
5157,0.0005054881912656128,7,1
5158,0.0017956574447453022,5,1
5159,0.00016670093464199454,8,1
5160,0.3122335374355316,2,1
5161,0.010390639305114746,3,1
5162,0.11422394961118698,3,1
5163,0.0019859757740050554,6,1
5164,0.00045227608643472195,7,1
5165,0.00033616245491430163,7,1
5166,0.00039355512126348913,6,1
5167,0.00014276524598244578,7,1
5168,0.007262165192514658,3,1
5169,0.0028196910861879587,6,1
5170,0.0013973931781947613,5,1
5171,0.0002879156090784818,8,1
5172,0.0018517662538215518,6,1
5173,0.000484656571643427,7,1
5174,0.0021109329536557198,5,1
5175,0.00023893825709819794,8,1
5176,0.08375049382448196,3,1
5177,0.0663641169667244,4,1
5178,0.08882436156272888,3,1
5179,0.05015794560313225,4,1
5180,0.11652543395757675,2,1
5181,0.4704475700855255,2,1
5182,0.6379446983337402,1,2
5183,0.43026214838027954,2,1
5184,0.3811911940574646,3,1
5185,0.0852573961019516,6,1
5186,0.3962101936340332,2,1
5187,0.004800785798579454,7,1
5188,0.00363256991840899,5,1
5189,0.0016375071136280894,6,1
5190,0.0003742638509720564,7,1
5191,0.0003080778114963323,8,1
5192,0.9992361068725586,1,6
5193,0.9995520710945129,1,6
5194,0.9944702982902527,1,5
5195,0.9988646507263184,1,6
5196,0.0005715678562410176,6,1
5197,0.0011341446079313755,6,1
5198,0.0004967558779753745,6,1
5199,0.0006782952114008367,7,1
5200,0.9984927773475647,1,5
5201,0.9999480247497559,1,8
5202,0.9994328618049622,1,5
5203,0.9999165534973145,1,8
5204,0.0010458454489707947,7,1
5205,0.0716753825545311,5,1
5206,0.0186292864382267,5,1
5207,0.06193029135465622,5,1
5208,0.0009612627327442169,5,1
5209,0.0410635769367218,2,1
5210,0.0011885709827765822,5,1
5211,0.013458478264510632,5,1
5212,0.5412939190864563,3,4
5213,0.33192360401153564,5,2
5214,0.09104543924331665,4,1
5215,0.010879428125917912,5,1
5216,0.014543763361871243,5,1
5217,0.01598016358911991,5,1
5218,0.004559626337140799,5,1
5219,0.010822554118931293,5,1
5220,0.09731071442365646,4,1
5221,0.01454136986285448,5,1
5222,0.009074444882571697,5,1
5223,0.019159244373440742,5,1
5224,0.018887808546423912,5,1
5225,0.00847945548593998,5,1
5226,0.0020413370802998543,5,1
5227,0.0024220063351094723,6,1
5228,0.006860584020614624,5,1
5229,0.0027701877988874912,5,1
5230,0.0018857279792428017,4,1
5231,0.0008928969618864357,6,1
5232,0.9997910261154175,1,4
5233,0.999921977519989,1,7
5234,0.9998947381973267,1,4
5235,0.9998955726623535,1,6
5236,0.008136049844324589,3,1
5237,0.00896281935274601,5,1
5238,0.011840258724987507,3,1
5239,0.004242012742906809,5,1
5240,0.9988901019096375,1,4
5241,0.9984694719314575,1,3
5242,0.9985766410827637,1,3
5243,0.9982812404632568,1,3
5244,0.0017588326008990407,5,2
5245,0.0007412561099044979,8,1
5246,0.005526822526007891,5,2
5247,0.0012363139539957047,8,1
5248,0.9425374865531921,1,3
5249,0.9965077042579651,1,2
5250,0.9927393794059753,1,3
5251,0.9951122403144836,1,2
5252,0.0003747744485735893,6,1
5253,0.0009265848784707487,7,1
5254,0.00017031010065693408,6,1
5255,0.00045650635729543865,8,1
5256,0.9990001916885376,1,3
5257,0.9995054006576538,1,4
5258,0.9849807620048523,1,3
5259,0.9971869587898254,1,4
5260,0.0009911678498610854,6,1
5261,0.0005219035665504634,7,1
5262,0.0006310145254246891,6,1
5263,0.0004317318962421268,8,1
5264,0.9814459681510925,1,3
5265,0.9551512002944946,1,2
5266,0.6968073844909668,2,3
5267,0.9040215611457825,1,2
5268,0.0009187742252834141,6,1
5269,0.0003207824192941189,7,1
5270,0.00011906150757567957,6,1
5271,0.00013270022463984787,8,1
5272,0.9952490925788879,1,3
5273,0.9992746710777283,1,3
5274,0.9986888766288757,1,3
5275,0.9998511672019958,1,3
5276,0.13283590972423553,3,2
5277,0.0022757581900805235,6,1
5278,0.04744238406419754,3,1
5279,0.004800178576260805,6,1
5280,0.9998336434364319,1,7
5281,0.9774906039237976,1,3
5282,0.9999046325683594,1,4
5283,0.9655348062515259,1,3
5284,0.029954662546515465,5,2
5285,0.5382527112960815,1,2
5286,0.005379288457334042,5,2
5287,0.8942723274230957,1,2
5288,0.43640732765197754,3,2
5289,0.5519788861274719,1,2
5290,0.31404897570610046,3,2
5291,0.47986170649528503,2,1
5292,0.002266618423163891,5,1
5293,0.03442962095141411,2,1
5294,0.001403021509759128,6,1
5295,0.5585460662841797,1,2
5296,0.898822546005249,2,3
5297,0.9965041875839233,1,5
5298,0.9985740780830383,1,5
5299,0.9989230632781982,1,5
5300,0.0038495881017297506,7,2
5301,0.005582757759839296,5,1
5302,0.0034122727811336517,6,2
5303,0.01165094505995512,5,1
5304,0.9310011863708496,1,4
5305,0.9990110993385315,1,6
5306,0.9827384352684021,1,3
5307,0.9986591339111328,1,5
5308,0.004115619231015444,3,1
5309,0.025703925639390945,2,1
5310,0.002852463396266103,4,1
5311,0.07254152745008469,2,1
5312,0.6750437021255493,1,2
5313,0.9749945998191833,1,3
5314,0.8034261465072632,1,2
5315,0.992056667804718,1,3
5316,0.0026725600473582745,8,1
5317,0.0011070251930505037,6,1
5318,0.0007902759243734181,6,1
5319,0.0027206619270145893,6,1
5320,0.0137335741892457,5,1
5321,0.9799308776855469,1,2
5322,0.9905405640602112,1,2
5323,0.9970834255218506,1,2
5324,0.009509596973657608,5,1
5325,0.008190368302166462,5,1
5326,0.003922077361494303,5,1
5327,0.0029511626344174147,5,1
5328,0.9987567067146301,1,4
5329,0.9986543655395508,1,6
5330,0.9990396499633789,1,3
5331,0.996844470500946,1,5
5332,0.527351975440979,2,3
5333,0.01138053834438324,5,1
5334,0.3992406129837036,3,2
5335,0.003725266782566905,6,1
5336,0.9882262349128723,1,4
5337,0.9915830492973328,1,4
5338,0.9996930360794067,1,3
5339,0.999424397945404,1,6
5340,0.001259026350453496,5,1
5341,0.00294645712710917,6,1
5342,0.0016149056609719992,4,1
5343,0.0021778771188110113,7,1
5344,0.9927206635475159,2,5
5345,0.9912757277488708,1,5
5346,0.9987646341323853,1,4
5347,0.9914608597755432,1,5
5348,0.01631440594792366,5,2
5349,0.014562811702489853,5,1
5350,0.008295303210616112,5,2
5351,0.0056797778233885765,7,1
5352,0.9999521970748901,1,5
5353,0.9997801780700684,1,7
5354,0.9999275207519531,1,3
5355,0.9999560117721558,1,9
5356,0.0007732696831226349,4,1
5357,0.0060908859595656395,5,1
5358,0.0009414334199391305,4,1
5359,0.005480154883116484,5,1
5360,0.993137001991272,1,3
5361,0.9730744361877441,1,2
5362,0.7434040904045105,1,3
5363,0.9777330160140991,1,2
5364,0.003693947335705161,5,1
5365,0.002076259348541498,5,1
5366,0.0006605562521144748,4,1
5367,0.0007943331729620695,5,1
5368,0.7295046448707581,1,3
5369,0.9639583826065063,1,2
5370,0.47381770610809326,3,2
5371,0.5364388823509216,1,2
5372,0.0001685224415268749,11,1
5373,0.004599862266331911,7,1
5374,0.0004088564310222864,8,1
5375,0.0026542549021542072,7,1
5376,0.9894952774047852,1,5
5377,0.9901992678642273,1,5
5378,0.9999087452888489,1,4
5379,0.9994913935661316,1,6
5380,0.04638155177235603,5,1
5381,0.17846322059631348,4,1
5382,0.49635428190231323,3,2
5383,0.09858797490596771,5,1
5384,0.9993202686309814,1,6
5385,0.9666788578033447,1,5
5386,0.9994516968727112,1,4
5387,0.7908648252487183,1,3
5388,0.3480592966079712,3,2
5389,0.048303648829460144,4,1
5390,0.6615793108940125,2,3
5391,0.02506481297314167,4,1
5392,0.9930861592292786,1,5
5393,0.9980753064155579,1,5
5394,0.9981333017349243,1,3
5395,0.9995065927505493,1,6
5396,0.05646775662899017,5,1
5397,0.003242677077651024,5,1
5398,0.004331580363214016,5,1
5399,0.001208083936944604,7,1
5400,0.24847126007080078,3,2
5401,0.4383299946784973,2,1
5402,0.8972428441047668,1,3
5403,0.9318620562553406,1,2
5404,0.019609015434980392,5,1
5405,0.0037632372695952654,6,1
5406,0.004452885594218969,6,1
5407,0.0021051233634352684,6,1
5408,0.991849422454834,1,3
5409,0.9690834879875183,1,2
5410,0.9908509254455566,1,3
5411,0.9475948214530945,1,2
5412,0.006759947165846825,5,1
5413,0.0007048631669022143,6,1
5414,0.0032630248460918665,4,1
5415,0.00023096904624253511,8,1
5416,0.009244319051504135,3,1
5417,0.060445498675107956,3,1
5418,0.0032977445516735315,4,1
5419,0.024378450587391853,3,1
5420,0.0003524613275658339,6,1
5421,0.0011524169240146875,5,1
5422,0.0001336906134383753,6,1
5423,0.0005328845581971109,6,1
5424,0.004398802760988474,3,1
5425,0.026794465258717537,3,1
5426,0.0017038647783920169,4,1
5427,0.01176376547664404,3,1
5428,0.00040001588058657944,6,1
5429,0.0013765398180112243,6,1
5430,9.394310472998768e-05,7,1
5431,0.00039110236684791744,6,1
5432,0.9830991625785828,1,3
5433,0.9774606227874756,1,2
5434,0.8684478998184204,1,3
5435,0.9783183336257935,1,2
5436,0.00024784603738225996,6,1
5437,3.638686757767573e-05,7,1
5438,3.8101785321487114e-05,7,1
5439,2.32344518735772e-05,8,1
5440,0.9492382407188416,1,3
5441,0.9913123846054077,1,3
5442,0.9199297428131104,1,3
5443,0.9986921548843384,1,3
5444,0.0019176159985363483,5,1
5445,0.0007394105778075755,7,1
5446,0.00033946207258850336,6,1
5447,0.0008680961327627301,7,1
5448,0.9202063083648682,1,3
5449,0.9997931718826294,1,5
5450,0.21461275219917297,3,2
5451,0.9987964034080505,1,4
5452,0.0002043591666733846,7,1
5453,0.0003065266355406493,9,1
5454,0.00021337346697691828,7,1
5455,0.0001511591108283028,9,1
5456,0.8273704051971436,1,3
5457,0.9996103644371033,1,3
5458,0.7356166243553162,1,3
5459,0.9958392977714539,1,3
5460,0.3713906407356262,2,1
5461,0.9990673661231995,1,2
5462,0.9134524464607239,1,3
5463,0.9989045858383179,1,2
5464,0.9643423557281494,1,3
5465,0.9986942410469055,1,3
5466,0.9313758611679077,1,3
5467,0.9993764758110046,1,3
5468,0.8068680167198181,1,3
5469,0.2944694459438324,2,1
5470,0.6711542010307312,1,3
5471,0.17736564576625824,2,1
5472,0.9378928542137146,1,2
5473,0.9750611186027527,1,2
5474,0.9823572635650635,1,2
5475,0.9467467069625854,1,2
5476,0.021466538310050964,3,1
5477,0.001698299078270793,5,1
5478,0.3344114422798157,2,1
5479,0.0011838109930977225,6,1
5480,0.9090534448623657,1,2
5481,0.9997909069061279,1,5
5482,0.9872036576271057,1,2
5483,0.999901294708252,1,5
5484,0.039657872170209885,2,1
5485,0.21335680782794952,2,1
5486,0.6414045691490173,1,2
5487,0.9428223371505737,1,2
5488,0.975666880607605,1,3
5489,0.9995061159133911,1,6
5490,0.9841146469116211,1,3
5491,0.9994426369667053,1,6
5492,0.003339665476232767,5,1
5493,0.0005039486568421125,7,1
5494,0.0003360891714692116,6,1
5495,0.00018168750102631748,8,1
5496,0.008521235547959805,5,1
5497,0.642788827419281,1,2
5498,0.003372783539816737,6,1
5499,0.4673605263233185,2,1
5500,0.30206912755966187,2,1
5501,0.9751726984977722,1,2
5502,0.0645265281200409,3,1
5503,0.954048216342926,1,2
5504,0.002537369728088379,3,1
5505,0.9452639818191528,1,2
5506,0.0033597913570702076,3,1
5507,0.7155613899230957,1,2
5508,0.0012659084750339389,5,1
5509,0.0026793868746608496,4,1
5510,0.0030907283071428537,3,1
5511,0.002874094760045409,4,1
5512,0.00024635015870444477,8,1
5513,0.0003867507039103657,6,1
5514,0.00013455482257995754,8,1
5515,9.898006828734651e-05,8,1
5516,0.060304805636405945,5,1
5517,0.13137789070606232,4,1
5518,0.0019101600628346205,6,1
5519,0.0017150134081020951,7,1
5520,0.0005538687109947205,5,1
5521,0.00034405916812829673,6,1
5522,0.00010302504961146042,7,1
5523,6.046678754501045e-05,7,1
5524,0.00025073328288272023,7,1
5525,0.00026974602951668203,6,1
5526,0.00025186935090459883,7,1
5527,0.0002129793429048732,7,1
5528,0.0072756316512823105,4,1
5529,0.0037314638029783964,5,1
5530,0.002035809913650155,5,1
5531,0.0006411976064555347,7,1
5532,0.00010664894944056869,11,1
5533,0.004785006400197744,4,1
5534,8.319672633660957e-05,10,1
5535,0.0017976254457607865,5,1
5536,0.17886611819267273,3,1
5537,0.04477561637759209,3,1
5538,0.15056253969669342,3,1
5539,0.007943633012473583,4,1
5540,0.0001475685858167708,7,1
5541,0.00037093841820023954,6,1
5542,0.00010282720177201554,10,1
5543,0.000249876786256209,7,1
5544,0.8855705857276917,1,3
5545,0.9919306635856628,1,5
5546,0.9979089498519897,1,4
5547,0.9981321096420288,1,5
5548,0.1013609766960144,5,1
5549,0.06250541657209396,5,1
5550,0.021588018164038658,5,1
5551,0.02460791915655136,5,1
5552,0.9999105930328369,1,4
5553,0.9999909996986389,1,10
5554,0.9997285604476929,1,4
5555,0.9999953508377075,1,12
5556,0.014189871959388256,5,1
5557,0.008111310191452503,6,1
5558,0.004387523978948593,5,1
5559,0.003958838991820812,6,1
5560,0.9614644646644592,1,3
5561,0.996337354183197,1,5
5562,0.9967942833900452,1,3
5563,0.9990136027336121,1,5
5564,0.005187459755688906,5,1
5565,0.049808792769908905,4,1
5566,0.0011805479880422354,7,1
5567,0.008923492394387722,5,1
5568,0.995690107345581,1,5
5569,0.9988642930984497,1,5
5570,0.9949467778205872,1,4
5571,0.9988740682601929,1,5
5572,0.018742335960268974,5,1
5573,0.004320354666560888,5,1
5574,0.0037089320831000805,5,1
5575,0.0029386107344180346,6,1
5576,0.964237630367279,1,3
5577,0.9611538648605347,1,2
5578,0.6159921288490295,1,3
5579,0.877000629901886,1,2
5580,0.061455417424440384,3,1
5581,0.07360439002513885,3,1
5582,0.013273961842060089,3,1
5583,0.0479871891438961,3,1
5584,0.7827840447425842,2,3
5585,0.9994836449623108,1,3
5586,0.5213234424591064,2,3
5587,0.9993443489074707,1,3
5588,0.36452358961105347,3,2
5589,0.0007655658409930766,6,1
5590,0.1283266842365265,3,2
5591,0.0004945766995660961,6,1
5592,0.999767005443573,1,3
5593,0.9996140599250793,1,3
5594,0.9998127222061157,1,4
5595,0.9998837113380432,1,4
5596,0.08557698875665665,2,1
5597,0.004424958024173975,3,1
5598,0.0013395454734563828,4,1
5599,0.001876025809906423,5,1
5600,0.06807859241962433,2,1
5601,0.16069987416267395,2,1
5602,0.03139868006110191,2,1
5603,0.17872829735279083,2,1
5604,0.002488690661266446,4,1
5605,0.00037023916956968606,6,1
5606,0.0002456549264024943,7,1
5607,0.00011013547191396356,8,1
5608,0.9973037838935852,1,3
5609,0.9998241662979126,1,4
5610,0.9994392395019531,1,3
5611,0.9998231530189514,1,4
5612,0.05539240688085556,2,1
5613,0.005123727489262819,3,1
5614,0.02125687524676323,3,1
5615,0.007690536789596081,4,1
5616,0.9984989166259766,1,3
5617,0.9999005794525146,1,6
5618,0.9998016357421875,1,4
5619,0.9999417662620544,1,6
5620,0.004660385195165873,5,1
5621,0.008356871083378792,5,1
5622,0.010363521054387093,4,1
5623,0.011548401787877083,4,1
5624,0.9999722242355347,1,7
5625,0.9999794960021973,1,9
5626,0.9999598264694214,1,6
5627,0.9999836087226868,1,9
5628,0.004660385195165873,5,1
5629,0.008356871083378792,5,1
5630,0.010363521054387093,4,1
5631,0.011548401787877083,4,1
5632,0.9999611377716064,1,6
5633,0.9997910857200623,1,6
5634,0.9999501705169678,1,6
5635,0.9999257326126099,1,6
5636,0.005094250664114952,5,1
5637,0.005760503467172384,5,1
5638,0.0009262763196602464,5,1
5639,0.00048555407556705177,7,1
5640,0.9999712109565735,1,6
5641,0.999975323677063,1,8
5642,0.9999697804450989,1,6
5643,0.9999783635139465,1,7
5644,0.015569870360195637,4,1
5645,0.034259434789419174,2,1
5646,0.00420527346432209,4,1
5647,0.005799741018563509,5,1
5648,0.16400635242462158,2,1
5649,0.5766080021858215,1,2
5650,0.04417077824473381,2,1
5651,0.48588839173316956,2,1
5652,0.03756837174296379,4,1
5653,0.0017735987203195691,7,1
5654,0.0027072145603597164,6,1
5655,0.0008892409969121218,7,1
5656,0.8506019711494446,1,2
5657,0.4722146689891815,2,1
5658,0.7175772786140442,1,2
5659,0.9366365671157837,1,2
5660,0.008803226053714752,5,1
5661,0.0057939281687140465,6,1
5662,0.0008108451729640365,5,1
5663,0.000541426008567214,7,1
5664,0.9855805039405823,2,5
5665,0.9996204376220703,1,6
5666,0.9599817991256714,2,3
5667,0.9990772008895874,1,5
5668,0.009172541089355946,5,2
5669,0.00906613003462553,6,1
5670,0.039028409868478775,4,2
5671,0.15519779920578003,3,1
5672,0.9938594102859497,1,3
5673,0.9984522461891174,1,4
5674,0.998561441898346,1,3
5675,0.9996818900108337,1,4
5676,0.0007687599281780422,5,1
5677,0.0012846104800701141,6,1
5678,0.00019082590006291866,8,1
5679,0.00017978152027353644,8,1
5680,0.9508964419364929,2,3
5681,0.9829862713813782,1,4
5682,0.9987738132476807,1,5
5683,0.9857746362686157,1,4
5684,0.0009740700479596853,5,1
5685,0.0010336764389649034,7,1
5686,0.00042086956091225147,6,1
5687,0.00015551222895737737,8,1
5688,0.9996120929718018,1,4
5689,0.9998295307159424,1,5
5690,0.9918968081474304,1,3
5691,0.9997764229774475,1,5
5692,0.0033991679083555937,5,1
5693,0.00041294776019640267,7,1
5694,0.00027445066371001303,7,1
5695,0.00019613963377196342,8,1
5696,0.9999133348464966,1,4
5697,0.999918520450592,1,5
5698,0.9999847412109375,1,7
5699,0.9998605251312256,1,3
5700,0.002829356351867318,6,2
5701,0.03778877481818199,6,1
5702,0.0016712541691958904,7,2
5703,0.003329875413328409,7,1
5704,0.9995070695877075,1,3
5705,0.18491819500923157,3,1
5706,0.9765633940696716,1,3
5707,0.9586420655250549,1,2
5708,0.0007532638846896589,7,1
5709,0.0001776243298081681,8,1
5710,0.0001579213421791792,7,1
5711,9.349138417746872e-05,9,1
5712,0.4772368371486664,2,1
5713,0.4463586211204529,2,1
5714,0.8387519121170044,1,2
5715,0.7538586854934692,1,2
5716,0.0059888954274356365,5,1
5717,0.021768325939774513,4,1
5718,0.005501691717654467,4,1
5719,0.03874201327562332,3,1
5720,0.9991278648376465,1,3
5721,0.9985508322715759,1,4
5722,0.9969141483306885,1,3
5723,0.9982504844665527,1,4
5724,0.012096387334167957,5,1
5725,0.01732374168932438,4,1
5726,0.002312503755092621,4,1
5727,0.04477595537900925,2,1
5728,0.027455350384116173,4,1
5729,0.9770666360855103,1,2
5730,0.6417182087898254,2,3
5731,0.9757224321365356,1,2
5732,0.003277375129982829,6,1
5733,0.000813696242403239,6,1
5734,0.001807999680750072,5,1
5735,0.0019396583084017038,6,1
5736,0.9999783039093018,1,5
5737,0.9999895095825195,1,6
5738,0.9996523261070251,1,3
5739,0.9999852776527405,1,5
5740,0.16046878695487976,3,1
5741,0.0006716165808029473,6,1
5742,0.03362809494137764,3,1
5743,0.0006998273311182857,6,1
5744,0.9433737397193909,1,3
5745,0.7460597157478333,1,2
5746,0.9946113228797913,1,3
5747,0.9347746968269348,1,2
5748,0.40869197249412537,3,2
5749,0.998401939868927,1,3
5750,0.031363967806100845,3,2
5751,0.998073160648346,1,3
5752,0.48381727933883667,3,2
5753,0.9999226331710815,1,6
5754,0.17229685187339783,3,2
5755,0.9999756217002869,1,7
5756,0.4639381468296051,3,2
5757,0.004401055164635181,4,1
5758,0.08575373142957687,3,2
5759,0.001765012857504189,6,1
5760,0.9997919201850891,1,4
5761,0.999598503112793,1,5
5762,0.9998176693916321,1,3
5763,0.999643087387085,1,5
5764,0.000464799115434289,6,1
5765,0.0004205009900033474,8,1
5766,6.946930807316676e-05,9,1
5767,0.00039536962867714465,8,1
5768,0.9997597336769104,1,5
5769,0.999813973903656,1,7
5770,0.9998684525489807,1,6
5771,0.9999239444732666,1,8
5772,0.002363521372899413,5,1
5773,0.00218344503082335,5,1
5774,0.0007609203457832336,5,1
5775,0.00177639105822891,4,1
5776,0.9819973707199097,1,6
5777,0.9824425578117371,1,5
5778,0.8224794268608093,2,3
5779,0.9839308261871338,1,5
5780,0.018174000084400177,5,1
5781,0.10973399132490158,4,1
5782,0.014914925210177898,5,1
5783,0.0700184628367424,4,1
5784,0.9988895654678345,1,4
5785,0.9988832473754883,1,6
5786,0.9797402024269104,1,3
5787,0.9983206391334534,1,6
5788,0.0012021643342450261,5,1
5789,0.002870105439797044,6,1
5790,0.0002106997708324343,7,1
5791,0.0009545080829411745,7,1
5792,0.9985592365264893,1,3
5793,0.9998463988304138,1,7
5794,0.9986473321914673,1,3
5795,0.9998875856399536,1,7
5796,0.0035340189933776855,5,1
5797,0.027285540476441383,5,1
5798,0.0018793419003486633,7,1
5799,0.00679906876757741,6,1
5800,0.01739916019141674,5,2
5801,0.9997608661651611,1,4
5802,0.054247304797172546,3,2
5803,0.9993836879730225,1,4
5804,0.04187802970409393,4,1
5805,0.8967806100845337,1,3
5806,0.025355663150548935,3,1
5807,0.9389029741287231,1,3
5808,0.0044109816662967205,5,1
5809,0.9965243339538574,1,3
5810,0.016451865434646606,3,1
5811,0.9998167157173157,1,4
5812,0.29488661885261536,3,2
5813,0.14960512518882751,3,1
5814,0.20018066465854645,3,2
5815,0.11652468889951706,3,1
5816,0.08473233133554459,3,2
5817,0.9999046921730042,1,5
5818,0.06684159487485886,3,2
5819,0.9999139904975891,1,5
5820,0.5981695055961609,2,3
5821,0.8133127689361572,1,3
5822,0.9112497568130493,1,3
5823,0.96146160364151,1,3
5824,0.9664173722267151,1,4
5825,0.6994916200637817,1,3
5826,0.4554919898509979,3,2
5827,0.029581952840089798,4,1
5828,0.011398942209780216,5,1
5829,0.0008586992044001818,6,1
5830,0.005260603502392769,4,1
5831,0.0013297086115926504,5,1
5832,0.3183547258377075,4,2
5833,0.012997766025364399,4,1
5834,0.5544231534004211,2,3
5835,0.49513545632362366,2,1
5836,0.10560105741024017,5,2
5837,0.029378119856119156,4,1
5838,0.2929866313934326,3,2
5839,0.6208140254020691,1,2
5840,0.01058780588209629,5,1
5841,0.0024272247683256865,5,1
5842,0.055830907076597214,4,1
5843,0.009279110468924046,3,1
5844,0.000678595039062202,7,1
5845,0.0002358554775128141,7,1
5846,0.00029200708377175033,6,1
5847,0.00014059986278880388,8,1
5848,0.9995730519294739,1,3
5849,0.9999229311943054,1,5
5850,0.9998932480812073,1,3
5851,0.9999690055847168,1,7
5852,0.002065166598185897,5,1
5853,0.0007719964487478137,6,1
5854,0.0005607156781479716,5,1
5855,0.00037626599078066647,7,1
5856,0.9974348545074463,1,3
5857,0.9996529817581177,1,5
5858,0.9997167587280273,1,3
5859,0.9999015927314758,1,5
5860,0.0021507565397769213,4,1
5861,0.0018835377413779497,5,1
5862,0.0013439361937344074,4,1
5863,0.00032770627876743674,8,1
5864,0.9141314029693604,2,3
5865,0.9587675929069519,1,3
5866,0.9106395840644836,2,3
5867,0.933026134967804,1,3
5868,0.01134711503982544,5,1
5869,0.006752760149538517,4,1
5870,0.0021445355378091335,5,1
5871,0.002594215562567115,5,1
5872,0.9993627667427063,1,4
5873,0.9998996257781982,1,4
5874,0.9694629907608032,2,3
5875,0.9994835257530212,1,3
5876,0.0014772103168070316,8,1
5877,0.00495423236861825,7,2
5878,0.0008433956536464393,8,1
5879,0.00166416447609663,8,1
5880,0.3210320770740509,3,2
5881,0.9127985835075378,1,3
5882,0.3306494355201721,3,2
5883,0.8038012385368347,1,3
5884,0.016004236415028572,5,1
5885,0.043550048023462296,5,1
5886,0.0011945986188948154,7,1
5887,0.003886546939611435,6,1
5888,0.9994195699691772,1,5
5889,0.9994710683822632,1,7
5890,0.9992735981941223,1,3
5891,0.9993318915367126,1,3
5892,0.0022320635616779327,5,1
5893,0.0005849170265719295,6,1
5894,0.0007387681398540735,5,1
5895,0.00024048681370913982,6,1
5896,0.9970212578773499,1,3
5897,0.9996602535247803,1,3
5898,0.994334876537323,1,3
5899,0.9971960783004761,1,3
5900,0.0003610069688875228,6,1
5901,0.0003968007513321936,6,1
5902,0.00013670105545315892,7,1
5903,0.00012116413563489914,8,1
5904,0.9936975240707397,1,3
5905,0.5963758826255798,1,2
5906,0.9400646686553955,1,3
5907,0.4058877229690552,2,1
5908,0.04146134480834007,5,1
5909,0.01121313776820898,5,1
5910,0.0012164482614025474,6,1
5911,0.0011606733314692974,7,1
5912,0.9947981238365173,1,4
5913,0.9393587708473206,1,3
5914,0.9919246435165405,1,3
5915,0.9342600107192993,1,2
5916,0.0029282590840011835,5,1
5917,0.00047344432095997036,7,1
5918,0.0002815525222104043,6,1
5919,0.00014940185064915568,9,1
5920,0.07791577279567719,3,1
5921,0.969901978969574,1,3
5922,0.6287022233009338,1,3
5923,0.9998597502708435,1,3
5924,0.00029261084273457527,6,1
5925,0.00026362176868133247,5,1
5926,9.42097685765475e-05,7,1
5927,8.963760774349794e-05,7,1
5928,0.4331111013889313,3,2
5929,0.9997599720954895,1,6
5930,0.16560731828212738,3,2
5931,0.9972941279411316,1,4
5932,0.2166014164686203,3,1
5933,0.0027969363145530224,5,1
5934,0.0547628216445446,3,1
5935,0.0005293621798045933,6,1
5936,0.14204758405685425,3,1
5937,0.330314040184021,2,1
5938,0.9491568207740784,1,3
5939,0.43071410059928894,2,1
5940,0.5891404747962952,2,3
5941,0.04121439903974533,4,1
5942,0.14375992119312286,3,2
5943,0.00921512022614479,5,1
5944,0.9998027086257935,1,3
5945,0.9994798898696899,1,3
5946,0.9929812550544739,1,3
5947,0.9884248971939087,1,3
5948,0.06008421629667282,3,1
5949,0.0017311475239694118,5,1
5950,0.011932550929486752,3,1
5951,0.00048418340156786144,7,1
5952,0.8809124827384949,1,2
5953,0.9995393753051758,1,3
5954,0.9928222894668579,1,3
5955,0.9959828853607178,1,2
5956,0.0005543740699067712,4,1
5957,0.00020393227168824524,6,1
5958,0.0004496476612985134,4,1
5959,0.00012607000826392323,7,1
5960,0.03436446562409401,3,1
5961,0.1093049943447113,2,1
5962,0.9794877171516418,1,3
5963,0.1313680112361908,2,1
5964,0.001799639780074358,5,1
5965,0.0011365384561941028,5,1
5966,0.0008768807165324688,5,1
5967,0.0007545108092017472,7,1
5968,0.999748706817627,1,3
5969,0.996139645576477,1,3
5970,0.9964759349822998,1,3
5971,0.9637554287910461,1,2
5972,0.006152227986603975,5,1
5973,0.002179077360779047,6,1
5974,0.002046171808615327,5,1
5975,0.0002780983049888164,8,1
5976,0.2142794281244278,3,1
5977,0.007630293723195791,5,1
5978,0.9841619729995728,1,3
5979,0.023268764838576317,4,1
5980,0.0008167350897565484,6,1
5981,0.005481942091137171,5,1
5982,0.02118040807545185,3,1
5983,0.0005706421798095107,7,1
5984,0.99982088804245,1,6
5985,0.9999163746833801,1,8
5986,0.9998782277107239,1,6
5987,0.999925971031189,1,7
5988,0.016980435699224472,4,1
5989,0.003943135496228933,6,1
5990,0.0014725172659382224,7,1
5991,0.0034558300394564867,5,1
5992,0.9957429766654968,1,3
5993,0.9999056458473206,1,6
5994,0.9999438524246216,1,6
5995,0.9999715685844421,1,8
5996,0.04143371060490608,5,1
5997,0.00994807481765747,5,1
5998,0.0019137540366500616,6,1
5999,0.030327050015330315,5,1
6000,0.9290857911109924,1,3
6001,0.9990463256835938,1,5
6002,0.9819965362548828,1,3
6003,0.9995585680007935,1,5
6004,0.022246740758419037,5,1
6005,0.007022610399872065,6,1
6006,0.002602779772132635,6,1
6007,0.0014269540552049875,8,1
6008,0.06183062866330147,4,1
6009,0.9957096576690674,1,3
6010,0.6865164637565613,1,3
6011,0.9958673119544983,1,4
6012,0.21269536018371582,5,4
6013,0.13921929895877838,5,2
6014,0.03267629072070122,5,1
6015,0.02219259738922119,5,1
6016,0.996616542339325,1,3
6017,0.9972453713417053,1,3
6018,0.9950326681137085,1,3
6019,0.9989255666732788,1,4
6020,0.05374201759696007,5,1
6021,0.00313124293461442,6,1
6022,0.001064747921191156,7,1
6023,0.002161845564842224,6,1
6024,0.691467821598053,2,3
6025,0.01384228840470314,5,1
6026,0.4899883270263672,3,2
6027,0.004060156177729368,5,1
6028,0.01447936613112688,4,1
6029,0.04318373277783394,3,1
6030,0.0042008827440440655,4,1
6031,0.02527071163058281,4,1
6032,0.003065593307837844,4,1
6033,0.015080008655786514,4,1
6034,0.2242748737335205,3,1
6035,0.05098678916692734,2,1
6036,0.00576421245932579,5,1
6037,0.0018235391471534967,5,1
6038,0.0016426126239821315,4,1
6039,0.0019481423078104854,5,1
6040,0.9967427849769592,1,3
6041,0.9148857593536377,1,3
6042,0.9924965500831604,1,3
6043,0.8917727470397949,1,2
6044,0.004449239932000637,4,1
6045,0.045254528522491455,4,1
6046,0.0033013923093676567,4,1
6047,0.021608702838420868,3,1
6048,0.9386098384857178,1,3
6049,0.24561160802841187,2,1
6050,0.9415007829666138,1,3
6051,0.15076391398906708,2,1
6052,0.017328646034002304,5,1
6053,0.04051264002919197,4,1
6054,0.04511458799242973,3,1
6055,0.09508573263883591,2,1
6056,0.9952452182769775,1,4
6057,0.9449539184570312,1,3
6058,0.9810351133346558,1,3
6059,0.9399345517158508,1,3
6060,0.0022542402148246765,6,1
6061,0.09844071418046951,2,1
6062,0.003427341114729643,5,1
6063,0.1386297643184662,2,1
6064,0.4827938973903656,3,2
6065,0.9218626022338867,1,3
6066,0.9223440885543823,1,3
6067,0.965966522693634,1,3
6068,0.007643589284271002,5,1
6069,0.000996018759906292,6,1
6070,0.0008928555762395263,6,1
6071,0.000604198663495481,6,1
6072,0.9962902069091797,1,3
6073,0.9987749457359314,1,3
6074,0.9146599173545837,1,3
6075,0.992870569229126,1,3
6076,0.0009918372379615903,5,1
6077,0.004167285747826099,6,1
6078,0.0035341456532478333,6,1
6079,0.0021615668665617704,7,1
6080,0.9916694760322571,1,3
6081,0.9882674813270569,1,2
6082,0.9854907989501953,1,3
6083,0.9958578944206238,1,4
6084,0.9887105226516724,1,3
6085,0.9470213651657104,1,2
6086,0.9602994322776794,1,3
6087,0.18459664285182953,2,1
6088,0.9999744296073914,1,5
6089,0.9999604225158691,1,7
6090,0.9999329447746277,1,5
6091,0.9999828934669495,1,8
6092,0.01765230856835842,5,1
6093,0.012500390410423279,4,1
6094,0.004281509201973677,4,1
6095,0.02076209895312786,3,1
6096,0.785419762134552,1,3
6097,0.9955019354820251,1,4
6098,0.5910639762878418,1,3
6099,0.9086821675300598,1,2
6100,0.0016836384311318398,5,1
6101,0.014606560580432415,3,1
6102,0.005828016437590122,4,1
6103,0.0018720929510891438,6,1
6104,0.8529878854751587,1,2
6105,0.9939855337142944,1,3
6106,0.9666131138801575,1,3
6107,0.9981008172035217,1,3
6108,0.13478687405586243,3,1
6109,0.17154563963413239,2,1
6110,0.06285358220338821,3,1
6111,0.06644237786531448,3,1
6112,0.9999152421951294,1,3
6113,0.9993187189102173,1,3
6114,0.9999518990516663,1,4
6115,0.9993159174919128,1,3
6116,0.34315958619117737,5,3
6117,0.18026331067085266,3,1
6118,0.0018330452730879188,6,1
6119,0.0013582861283794045,7,1
6120,0.9928687810897827,1,3
6121,0.9809067845344543,1,2
6122,0.9978117942810059,1,3
6123,0.9979408383369446,1,3
6124,0.005329888314008713,6,1
6125,0.0010363346664234996,7,1
6126,0.0014389294665306807,6,1
6127,0.0006676538032479584,7,1
6128,0.9461931586265564,1,3
6129,0.9134778380393982,1,2
6130,0.6883993148803711,2,3
6131,0.6150079965591431,1,2
6132,0.0026442299131304026,5,1
6133,0.003483950160443783,5,1
6134,0.0031793599482625723,5,1
6135,0.0026002239901572466,6,1
6136,0.9971668124198914,1,3
6137,0.9990198016166687,1,4
6138,0.995240330696106,1,3
6139,0.9988898038864136,1,4
6140,0.007547538261860609,5,1
6141,0.001810847781598568,7,1
6142,0.0026160809211432934,6,1
6143,0.0008040019311010838,7,1
6144,0.0427156537771225,3,1
6145,0.1990950107574463,2,1
6146,0.03037196584045887,3,1
6147,0.2673656642436981,2,1
6148,0.010337626561522484,5,1
6149,0.005771494936197996,5,1
6150,0.005990339908748865,5,1
6151,0.0034154688473790884,5,1
6152,0.24804088473320007,3,1
6153,0.8078843951225281,1,2
6154,0.7869887351989746,1,2
6155,0.8611186742782593,1,2
6156,0.0005584291066043079,6,1
6157,0.00047772773541510105,8,1
6158,0.0004205834411550313,6,1
6159,0.00012125416105845943,9,1
6160,0.9902312755584717,1,3
6161,0.9998023509979248,1,5
6162,0.827998697757721,1,3
6163,0.9994200468063354,1,4
6164,0.009315596893429756,4,1
6165,0.0009676314075477421,5,1
6166,0.05733180418610573,3,1
6167,0.001438718056306243,5,1
6168,0.007645989768207073,4,1
6169,0.9489085078239441,1,2
6170,0.003306217724457383,5,1
6171,0.9618045687675476,1,2
6172,0.00500175915658474,6,1
6173,0.0057068876922130585,7,1
6174,0.0013175631174817681,7,1
6175,0.0009965008357539773,8,1
6176,0.09867411851882935,5,1
6177,0.9998661875724792,1,5
6178,0.0055827004835009575,5,1
6179,0.9993259906768799,1,4
6180,0.017978424206376076,5,1
6181,0.0077825929038226604,6,1
6182,0.001967232208698988,5,1
6183,0.0014436454512178898,6,1
6184,0.8518227934837341,1,3
6185,0.8382772207260132,1,2
6186,0.814871072769165,1,2
6187,0.784096360206604,1,2
6188,0.0016311871586367488,4,1
6189,0.0012707076966762543,7,1
6190,0.0007767364731989801,6,1
6191,0.0010338288266211748,7,1
6192,0.955360472202301,1,4
6193,0.8377031683921814,1,2
6194,0.961804211139679,1,3
6195,0.7872962355613708,1,2
6196,0.0016311871586367488,4,1
6197,0.0012707076966762543,7,1
6198,0.0007767364731989801,6,1
6199,0.0010338288266211748,7,1
6200,0.9995065927505493,1,4
6201,0.9997134208679199,1,5
6202,0.9997648596763611,1,3
6203,0.9998914003372192,1,6
6204,0.021172549575567245,4,1
6205,0.0008734482689760625,7,1
6206,0.00031881831819191575,7,1
6207,0.0018223851220682263,6,1
6208,0.9988348484039307,1,3
6209,0.999890148639679,1,3
6210,0.9429588317871094,2,3
6211,0.9992151260375977,1,3
6212,0.0001751663803588599,7,1
6213,0.00034069869434461,7,1
6214,7.142157846828923e-05,8,1
6215,0.0003584453370422125,7,1
6216,0.9944424629211426,1,3
6217,0.9998884201049805,1,3
6218,0.9958072900772095,1,3
6219,0.999883234500885,1,4
6220,0.0026752790436148643,3,1
6221,0.00989363994449377,4,1
6222,0.05475323274731636,3,2
6223,0.3918074667453766,3,2
6224,0.9999592900276184,1,6
6225,0.9999730587005615,1,8
6226,0.9998931884765625,1,4
6227,0.9998372197151184,1,6
6228,0.5235481858253479,4,5
6229,0.027303779497742653,5,1
6230,0.06605181097984314,5,2
6231,0.0014653297839686275,8,1
6232,0.9759100079536438,1,3
6233,0.9967668652534485,1,4
6234,0.9987877011299133,1,3
6235,0.9972302913665771,1,3
6236,0.0016081022331491113,5,1
6237,0.00043985556112602353,8,1
6238,0.0002538492844905704,7,1
6239,9.664656681707129e-05,10,1
6240,0.9999518990516663,1,4
6241,0.9999693036079407,1,5
6242,0.9988498687744141,1,3
6243,0.9990283846855164,1,4
6244,0.000701495970133692,5,1
6245,0.00017935018695425242,8,1
6246,0.00011777825420722365,8,1
6247,0.00013830314856022596,9,1
6248,0.9991847276687622,1,3
6249,0.9732908010482788,1,2
6250,0.9893479347229004,1,3
6251,0.8918471336364746,1,2
6252,0.16241878271102905,4,2
6253,0.2912636399269104,2,1
6254,0.19432055950164795,3,2
6255,0.034742798656225204,3,1
6256,0.9922871589660645,1,4
6257,0.999051034450531,1,5
6258,0.9994447827339172,1,5
6259,0.9998378157615662,1,6
6260,0.027533886954188347,3,1
6261,0.020882345736026764,3,1
6262,0.08330950886011124,3,1
6263,0.13192212581634521,2,1
6264,0.19502659142017365,2,1
6265,0.09488270431756973,2,1
6266,0.8807101249694824,1,2
6267,0.1299881935119629,2,1
6268,0.008458074182271957,4,1
6269,0.0010016164742410183,7,1
6270,0.0014002788811922073,5,1
6271,0.00044076392077840865,7,1
6272,0.8986493945121765,1,4
6273,0.967094898223877,1,2
6274,0.9458908438682556,1,3
6275,0.9758819937705994,1,2
6276,0.008458074182271957,4,1
6277,0.0010016164742410183,7,1
6278,0.0014002788811922073,5,1
6279,0.00044076392077840865,7,1
6280,0.9590064287185669,1,3
6281,0.9990363717079163,1,3
6282,0.4126373529434204,3,2
6283,0.9979376792907715,1,3
6284,0.2574883997440338,3,2
6285,0.2549300491809845,2,1
6286,0.23868536949157715,3,2
6287,0.5822634696960449,1,2
6288,0.6132242679595947,1,2
6289,0.9991263151168823,1,3
6290,0.3512592911720276,2,1
6291,0.9991351962089539,1,2
6292,0.6017373204231262,1,2
6293,0.0001726215414237231,7,1
6294,0.10285726189613342,3,1
6295,0.00015849233022890985,7,1
6296,0.993035078048706,1,3
6297,0.9756729006767273,1,3
6298,0.9651186466217041,1,3
6299,0.9244868159294128,2,3
6300,0.04516468569636345,4,1
6301,0.0011382816592231393,5,1
6302,0.00740874744951725,5,1
6303,0.0012620844645425677,6,1
6304,0.836708664894104,1,2
6305,0.9949542284011841,1,3
6306,0.8209784626960754,1,2
6307,0.998568058013916,1,3
6308,0.005346658639609814,4,1
6309,0.001152842422015965,5,1
6310,0.00038365114596672356,7,1
6311,7.952251326059923e-05,7,1
6312,0.9999858736991882,1,9
6313,0.9999842643737793,1,7
6314,0.99971604347229,1,3
6315,0.999729335308075,1,3
6316,0.006251554936170578,5,1
6317,0.004260508809238672,4,1
6318,0.001875423826277256,5,1
6319,0.004534392151981592,4,1
6320,0.9998798370361328,1,3
6321,0.9998745322227478,1,3
6322,0.9998722076416016,1,3
6323,0.999809205532074,1,3
6324,0.017051907256245613,3,1
6325,0.02703321911394596,3,1
6326,0.014437041245400906,3,1
6327,0.022769639268517494,3,1
6328,0.9904557466506958,1,3
6329,0.9985709190368652,1,3
6330,0.9987168908119202,1,3
6331,0.9994204640388489,1,4
6332,0.00031902181217446923,6,1
6333,0.00019880519539583474,6,1
6334,0.00019714082009159029,5,1
6335,0.00011455501953605562,8,1
6336,0.9590169191360474,1,2
6337,0.9997299909591675,1,3
6338,0.9762079119682312,1,3
6339,0.9995189309120178,1,3
6340,0.015581903979182243,3,1
6341,0.12425128370523453,3,1
6342,0.04213819280266762,3,1
6343,0.7021105885505676,1,2
6344,0.902611494064331,1,5
6345,0.9791249632835388,1,3
6346,0.5453250408172607,1,2
6347,0.5945547819137573,1,2
6348,0.0021417909301817417,5,1
6349,0.0021643703803420067,6,1
6350,0.00031855053384788334,7,1
6351,0.0006548577221110463,7,1
6352,0.27104127407073975,2,1
6353,0.007002597209066153,5,1
6354,0.44159993529319763,2,1
6355,0.007229925598949194,4,1
6356,0.0011571506038308144,5,1
6357,0.000832518155220896,6,1
6358,0.002893574070185423,4,1
6359,0.0001408394455211237,8,1
6360,0.9974925518035889,1,3
6361,0.9951064586639404,1,3
6362,0.9712578654289246,1,3
6363,0.9670397639274597,1,3
6364,0.0063911620527505875,4,1
6365,0.0015456263208761811,4,1
6366,0.00028020550962537527,5,1
6367,0.0013117349008098245,4,1
6368,0.9620251059532166,1,3
6369,0.9885678887367249,1,3
6370,0.9884985089302063,1,3
6371,0.9728758931159973,1,3
6372,0.000329305388731882,4,1
6373,0.000979286851361394,4,1
6374,0.000197346176719293,6,1
6375,0.0005049755563959479,5,1
6376,0.9889017939567566,1,2
6377,0.027638912200927734,2,1
6378,0.9917582869529724,1,2
6379,0.08774802088737488,2,1
6380,0.004996923264116049,5,1
6381,0.0016277378890663385,6,1
6382,0.0007758170831948519,6,1
6383,0.0003923368058167398,7,1
6384,0.9988552331924438,1,3
6385,0.7665593028068542,1,2
6386,0.9590854644775391,1,2
6387,0.5054734945297241,1,2
6388,0.28135740756988525,4,1
6389,0.23337318003177643,3,1
6390,0.04434206709265709,4,1
6391,0.006148232612758875,5,1
6392,0.9866562485694885,1,2
6393,0.2150629162788391,2,1
6394,0.9895815849304199,1,3
6395,0.10101139545440674,2,1
6396,0.0009381629060953856,6,1
6397,0.0002945471787825227,7,1
6398,0.00025340868160128593,8,1
6399,0.000255732360528782,7,1
6400,0.999905526638031,1,3
6401,0.9825408458709717,1,2
6402,0.999724805355072,1,3
6403,0.9452547430992126,1,2
6404,0.0009027070482261479,6,1
6405,0.0004359861195553094,7,1
6406,0.00022257260570768267,7,1
6407,0.00016916920139919966,7,1
6408,0.9999572038650513,1,8
6409,0.9999922513961792,1,10
6410,0.9999886751174927,1,7
6411,0.9999959468841553,1,11
6412,0.18858680129051208,5,2
6413,0.03454122692346573,6,1
6414,0.04085047170519829,5,1
6415,0.016788320615887642,6,1
6416,0.0025654942728579044,6,1
6417,0.998231828212738,1,3
6418,0.003246511332690716,4,1
6419,0.9944727420806885,1,3
6420,0.00018966362404171377,9,1
6421,0.003123655915260315,4,1
6422,0.00014610984362661839,8,1
6423,0.0038254198152571917,4,1
6424,0.0021612406708300114,5,1
6425,0.4413255453109741,2,1
6426,0.0014999054837971926,4,1
6427,0.9807245135307312,1,3
6428,0.4254460632801056,3,2
6429,0.8334110975265503,1,3
6430,0.277005672454834,3,2
6431,0.957355260848999,1,3
6432,0.05982965603470802,3,1
6433,0.13883468508720398,2,1
6434,0.14081348478794098,3,1
6435,0.07601901888847351,2,1
6436,0.016824666410684586,3,1
6437,0.00033931838697753847,6,1
6438,0.006200473289936781,3,1
6439,0.00015001783322077245,8,1
6440,0.03589669242501259,3,1
6441,0.978905200958252,1,2
6442,0.5939368009567261,1,2
6443,0.983573317527771,1,2
6444,0.04724337160587311,4,1
6445,0.001953457947820425,6,1
6446,0.004365118220448494,4,1
6447,0.0007659508846700191,6,1
6448,0.007251143921166658,5,1
6449,0.13950778543949127,2,1
6450,0.04241024702787399,3,2
6451,0.38742345571517944,2,1
6452,0.000300078303553164,7,1
6453,0.0046028271317481995,6,1
6454,0.002462102798745036,4,1
6455,0.002660769270732999,7,1
6456,0.11006578803062439,4,1
6457,0.5079898238182068,1,2
6458,0.4217548072338104,3,2
6459,0.7446445226669312,1,2
6460,0.00016698930994607508,8,1
6461,0.0006053642136976123,8,1
6462,0.0003211589646525681,7,1
6463,0.0007343294564634562,8,1
6464,0.99381023645401,1,5
6465,0.9987534284591675,1,5
6466,0.9994215965270996,1,8
6467,0.9998772144317627,1,7
6468,0.05199884995818138,4,1
6469,0.02653082087635994,4,1
6470,0.0024322939570993185,5,1
6471,0.002566955517977476,4,1
6472,0.007589422632008791,3,1
6473,0.0007692240178585052,8,1
6474,0.00606980174779892,3,1
6475,0.00019177621288690716,8,1
6476,0.08552142977714539,5,1
6477,0.0030980135779827833,5,1
6478,0.004847944714128971,4,1
6479,0.0008173406240530312,8,1
6480,0.9995629191398621,1,3
6481,0.00034094866714440286,8,1
6482,0.9939308762550354,1,3
6483,7.114790787454695e-05,9,1
6484,0.00012788400636054575,7,1
6485,0.008687717840075493,2,1
6486,6.185303936945274e-05,8,1
6487,0.06369316577911377,2,1
6488,0.9999675750732422,1,8
6489,0.9983601570129395,1,4
6490,0.9998915195465088,1,3
6491,0.9997430443763733,1,4
6492,0.9998758435249329,1,6
6493,0.9990634918212891,1,5
6494,0.989770233631134,1,3
6495,0.9775167107582092,1,3
6496,0.2829299569129944,3,2
6497,0.06023768335580826,3,1
6498,0.22306059300899506,3,2
6499,0.029282191768288612,2,1
6500,0.003700935747474432,5,1
6501,0.000291247182758525,8,1
6502,0.0015810579061508179,4,1
6503,0.00018915373948402703,8,1
6504,0.9748837351799011,1,5
6505,0.9908697605133057,1,4
6506,0.9879231452941895,1,3
6507,0.9838128685951233,1,4
6508,0.08347572386264801,4,1
6509,0.28010737895965576,2,1
6510,0.360352098941803,3,2
6511,0.4041806757450104,2,1
6512,0.9992339015007019,1,4
6513,0.9992047548294067,1,5
6514,0.9998577833175659,1,4
6515,0.9995306730270386,1,6
6516,0.8069550395011902,2,4
6517,0.5303002595901489,2,3
6518,0.13275782763957977,2,1
6519,0.0031096977181732655,5,1
6520,0.07760298252105713,2,1
6521,0.05960730090737343,2,1
6522,0.08010749518871307,3,1
6523,0.17583729326725006,2,1
6524,0.003979748114943504,6,1
6525,0.00023387299734167755,7,1
6526,0.0007315470720641315,6,1
6527,0.00011964139412157238,7,1
6528,0.06626581400632858,3,1
6529,0.1535787135362625,2,1
6530,0.5431494116783142,1,2
6531,0.043057188391685486,3,1
6532,0.00624458584934473,4,1
6533,0.001054330263286829,6,1
6534,0.003091362537816167,4,1
6535,0.0004729383799713105,6,1
6536,0.965355634689331,1,3
6537,0.9996588826179504,1,3
6538,0.9918627738952637,1,3
6539,0.9993711709976196,1,3
6540,0.03391408920288086,3,1
6541,0.06851595640182495,2,1
6542,0.005381937604397535,4,1
6543,0.0012229566927999258,5,1
6544,0.9708124399185181,1,3
6545,0.9131143689155579,1,3
6546,0.9696593284606934,1,3
6547,0.9832221865653992,1,2
6548,0.0021423560101538897,5,1
6549,0.005725258495658636,6,1
6550,0.001279094023630023,5,1
6551,0.00047707706107757986,8,1
6552,0.9591858386993408,1,3
6553,0.0005998347187414765,6,1
6554,0.8792890906333923,1,3
6555,0.0002993561211042106,7,1
6556,0.0035493632312864065,4,1
6557,0.00042890486656688154,7,1
6558,0.0034761701244860888,4,1
6559,0.00020220564329065382,7,1
6560,0.9436187744140625,1,3
6561,0.01833537593483925,3,1
6562,0.9179694652557373,1,3
6563,0.010506977327167988,3,1
6564,0.002684870967641473,5,1
6565,0.0007822848274372518,6,1
6566,0.001606198027729988,4,1
6567,0.0010879006003960967,6,1
6568,0.12971633672714233,3,2
6569,0.9977433085441589,1,4
6570,0.11433786153793335,3,2
6571,0.9975874423980713,1,3
6572,0.041198715567588806,4,1
6573,0.5065428614616394,2,3
6574,0.3029189109802246,3,2
6575,0.1487465500831604,4,2
6576,0.9997467398643494,1,4
6577,0.9998197555541992,1,7
6578,0.9933518767356873,1,3
6579,0.999671220779419,1,6
6580,0.00535215251147747,4,1
6581,0.015885084867477417,5,1
6582,0.008297696709632874,4,1
6583,0.03155456855893135,5,1
6584,0.9920201897621155,1,3
6585,0.9988464713096619,1,5
6586,0.9973094463348389,1,3
6587,0.999437689781189,1,5
6588,2.899911669373978e-05,11,1
6589,7.739519787719473e-05,9,1
6590,4.3486397771630436e-05,10,1
6591,6.181148637551814e-05,8,1
6592,0.9977051019668579,1,5
6593,0.9992769956588745,1,5
6594,0.9961899518966675,1,3
6595,0.9998277425765991,1,6
6596,0.007989753969013691,5,1
6597,0.9595405459403992,1,2
6598,0.006081585772335529,4,1
6599,0.43382933735847473,2,1
6600,0.8751267790794373,1,3
6601,0.9990948438644409,1,3
6602,0.9991562962532043,1,3
6603,0.9999505877494812,1,6
6604,0.0010318640852347016,6,1
6605,0.0013204918941482902,6,1
6606,0.0003143188077956438,8,1
6607,0.0010861698538064957,7,1
6608,0.9993714094161987,1,4
6609,0.9998204708099365,1,5
6610,0.9997662305831909,1,3
6611,0.9998493790626526,1,5
6612,0.0008887698641046882,7,1
6613,0.003657868830487132,5,1
6614,9.287894499721006e-05,8,1
6615,0.00019255578808952123,7,1
6616,0.8695889711380005,2,5
6617,0.9944105744361877,1,5
6618,0.4335368871688843,3,2
6619,0.9982056617736816,1,5
6620,0.019075969234108925,5,1
6621,0.0062942407093942165,5,1
6622,0.00022147520212456584,7,1
6623,0.0005064848810434341,7,1
6624,0.5133547186851501,2,3
6625,0.12960964441299438,2,1
6626,0.5480637550354004,2,3
6627,0.32036077976226807,2,1
6628,0.0042617423459887505,6,1
6629,0.00030849658651277423,6,1
6630,0.0005723344511352479,7,1
6631,0.00012054429680574685,8,1
6632,0.9956756234169006,1,3
6633,0.9988481998443604,1,2
6634,0.8870847821235657,1,3
6635,0.9945514798164368,1,2
6636,0.6405801773071289,1,3
6637,0.9823261499404907,1,2
6638,0.4245287775993347,3,2
6639,0.8420733213424683,1,2
6640,0.999459981918335,1,3
6641,0.9997296929359436,1,3
6642,0.960119366645813,1,3
6643,0.9978166222572327,1,3
6644,0.003040932584553957,4,1
6645,0.004206353332847357,4,1
6646,0.0008029195596463978,4,1
6647,0.0007402184419333935,7,1
6648,0.9967808723449707,1,3
6649,0.9995177984237671,1,3
6650,0.9992175698280334,1,3
6651,0.9989644289016724,1,3
6652,0.015812162309885025,3,1
6653,0.7379598617553711,1,2
6654,0.0022246460430324078,4,1
6655,0.04772629961371422,3,1
6656,0.999445378780365,1,3
6657,0.09262125194072723,4,1
6658,0.999953031539917,1,5
6659,0.03160686418414116,5,1
6660,0.0004803354386240244,4,1
6661,0.0010478064650669694,6,1
6662,0.0001556736824568361,5,1
6663,0.0003687274584081024,7,1
6664,0.970713198184967,1,5
6665,0.9964814186096191,1,3
6666,0.9715285301208496,1,3
6667,0.9987397193908691,1,5
6668,0.002688816748559475,9,1
6669,0.006970672868192196,5,1
6670,0.003975161351263523,5,1
6671,0.010576765052974224,3,1
6672,0.9996736645698547,1,3
6673,0.9999436140060425,1,3
6674,0.9976806044578552,1,3
6675,0.9999344944953918,1,4
6676,0.019649095833301544,5,1
6677,0.0030979455914348364,5,1
6678,0.0006773241912014782,7,1
6679,0.0011185928015038371,6,1
6680,0.9999386072158813,1,4
6681,0.9999828934669495,1,5
6682,0.9998193383216858,1,3
6683,0.9999819993972778,1,4
6684,0.01077241264283657,4,1
6685,0.010572339408099651,4,1
6686,0.002491873921826482,4,1
6687,0.07071169465780258,2,1
6688,0.9995585680007935,1,5
6689,0.9994235634803772,1,6
6690,0.9999630451202393,1,8
6691,0.9998891353607178,1,6
6692,0.1500813215970993,3,1
6693,0.9804017543792725,1,2
6694,0.7603774666786194,1,3
6695,0.9824983477592468,1,2
6696,0.9997344017028809,1,5
6697,0.9999518990516663,1,8
6698,0.9999868869781494,1,9
6699,0.9999889135360718,1,12
6700,0.027255520224571228,5,1
6701,0.017434341832995415,5,1
6702,0.010286511853337288,4,1
6703,0.09282595664262772,2,1
6704,0.9980934262275696,1,4
6705,0.9995195269584656,1,5
6706,0.9998689889907837,1,4
6707,0.9999068975448608,1,6
6708,0.1500813215970993,3,1
6709,0.9804017543792725,1,2
6710,0.7603774666786194,1,3
6711,0.9824983477592468,1,2
6712,0.9874143004417419,1,3
6713,0.9593344926834106,1,3
6714,0.9678463935852051,1,3
6715,0.9708182215690613,1,3
6716,0.005271989852190018,5,1
6717,0.012694626115262508,5,1
6718,0.0015965737402439117,4,1
6719,0.0039041927084326744,5,1
6720,0.9575546979904175,1,3
6721,0.9981248378753662,1,5
6722,0.9580919742584229,1,3
6723,0.9995456337928772,1,7
6724,0.08419395983219147,4,2
6725,0.9998475909233093,1,7
6726,0.922938346862793,2,3
6727,0.9998500347137451,1,7
6728,0.9945673942565918,1,4
6729,0.9571126699447632,1,2
6730,0.9981261491775513,1,3
6731,0.9938623309135437,1,3
6732,0.0020534987561404705,6,1
6733,0.0017803679220378399,5,1
6734,0.0001257738476851955,7,1
6735,0.00021222958457656205,7,1
6736,0.9995154142379761,1,3
6737,0.9990630149841309,1,4
6738,0.9972955584526062,1,3
6739,0.9952610731124878,1,3
6740,0.00979241169989109,6,1
6741,0.0010546628618612885,7,1
6742,0.00041005550883710384,7,1
6743,0.0004139457014389336,7,1
6744,0.9745539426803589,1,3
6745,0.9912357330322266,1,3
6746,0.9978841543197632,1,3
6747,0.9994755387306213,1,4
6748,0.969794750213623,1,3
6749,0.9845366477966309,1,5
6750,0.929851770401001,1,3
6751,0.991291344165802,1,4
6752,0.9982277750968933,1,3
6753,0.9998937845230103,1,5
6754,0.9913948774337769,1,3
6755,0.9997061491012573,1,5
6756,0.9788151979446411,1,3
6757,0.9776449799537659,1,5
6758,0.9747533202171326,1,3
6759,0.9613803029060364,1,3
6760,0.807795524597168,1,3
6761,0.9895095825195312,1,3
6762,0.445079505443573,3,1
6763,0.9625844359397888,1,2
6764,0.6664829254150391,1,3
6765,0.793296754360199,1,2
6766,0.01944134756922722,3,1
6767,0.29075899720191956,2,1
6768,0.9828800559043884,1,3
6769,0.9979763627052307,1,4
6770,0.9897294044494629,1,3
6771,0.9988566637039185,1,5
6772,0.0009752866462804377,8,1
6773,0.01725000888109207,5,1
6774,0.00017134785593952984,8,1
6775,0.0019394299015402794,7,1
6776,0.9657881259918213,1,3
6777,0.9972679615020752,1,5
6778,0.9880108833312988,1,3
6779,0.9989839196205139,1,5
6780,0.0019081142963841558,5,1
6781,0.025981159880757332,5,1
6782,0.14217205345630646,2,1
6783,0.005120463203638792,5,1
6784,0.1555863320827484,2,1
6785,0.9453446865081787,1,4
6786,0.11506947129964828,2,1
6787,0.8919028043746948,1,3
6788,0.0003486543137114495,8,1
6789,0.004228984005749226,5,1
6790,0.000130587795865722,9,1
6791,0.002291439799591899,7,1
6792,0.8559366464614868,1,3
6793,0.9997330904006958,1,3
6794,0.972448468208313,1,3
6795,0.9996500015258789,1,3
6796,0.007943853735923767,5,1
6797,0.001730637508444488,6,1
6798,0.0008283492061309516,6,1
6799,0.0010524464305490255,6,1
6800,0.9805973768234253,1,3
6801,0.9994217753410339,1,4
6802,0.9818556308746338,1,3
6803,0.9993448853492737,1,4
6804,0.994485080242157,1,5
6805,0.9998063445091248,1,5
6806,0.9922335147857666,1,3
6807,0.9998050332069397,1,5
6808,0.9828675389289856,1,3
6809,0.9997761249542236,1,4
6810,0.9986377954483032,1,4
6811,0.9989039897918701,1,3
6812,0.08275474607944489,5,2
6813,0.013231593184173107,5,1
6814,0.005667009856551886,5,1
6815,0.0015195352025330067,5,1
6816,0.8889842629432678,1,3
6817,0.9924570322036743,1,3
6818,0.9934400916099548,1,3
6819,0.9826261401176453,1,3
6820,0.9842175841331482,1,3
6821,0.9934001564979553,1,4
6822,0.5137462019920349,2,3
6823,0.9245425462722778,1,2
6824,0.9534207582473755,1,3
6825,0.990788459777832,1,4
6826,0.9952361583709717,1,3
6827,0.9997917413711548,1,5
6828,0.005272432696074247,5,1
6829,0.01770196110010147,4,1
6830,0.00021386904700193554,6,1
6831,0.0001959339715540409,7,1
6832,0.19712339341640472,3,1
6833,0.9821261167526245,1,4
6834,0.1986290067434311,3,1
6835,0.9322859048843384,1,2
6836,0.32686638832092285,5,4
6837,0.09212186187505722,5,2
6838,0.01674572378396988,5,1
6839,0.0014484188286587596,7,1
6840,0.4881424605846405,2,1
6841,0.9984585642814636,1,5
6842,0.7357358932495117,1,3
6843,0.9983296394348145,1,5
6844,0.0005543410661630332,6,1
6845,0.00031323000439442694,6,1
6846,0.00012191519635962322,7,1
6847,7.77954701334238e-05,8,1
6848,0.9998704791069031,1,5
6849,0.9996423721313477,1,6
6850,0.9999228119850159,1,6
6851,0.9999209642410278,1,7
6852,0.003612736938521266,4,1
6853,0.0023554519284516573,5,1
6854,0.0025412035174667835,6,1
6855,0.00029125745641067624,8,1
6856,0.12515658140182495,5,2
6857,0.21438485383987427,3,1
6858,0.005600732751190662,6,2
6859,0.061222344636917114,3,1
6860,0.005987932905554771,5,1
6861,0.0007145231938920915,6,1
6862,0.0006412179209291935,7,1
6863,0.0002213927509728819,7,1
6864,0.9989328980445862,1,3
6865,0.9997823238372803,1,3
6866,0.9997563362121582,1,3
6867,0.9998772144317627,1,3
6868,0.004340738523751497,5,1
6869,0.008422840386629105,4,1
6870,0.0019815126433968544,5,1
6871,0.013732737861573696,2,1
6872,0.948872983455658,1,3
6873,0.0658717080950737,2,1
6874,0.9374204874038696,1,3
6875,0.07513739168643951,2,1
6876,0.00032234660466201603,7,1
6877,0.010754858143627644,6,1
6878,0.0001283169985981658,8,1
6879,0.006585907656699419,7,1
6880,0.9992802143096924,1,3
6881,0.011865941807627678,6,1
6882,0.9835309982299805,1,3
6883,0.014390300959348679,6,1
6884,0.00041758082807064056,7,1
6885,0.0024060651194304228,5,1
6886,9.403409785591066e-05,7,1
6887,0.000271070544840768,8,1
6888,0.06299182772636414,3,1
6889,0.9485394358634949,1,2
6890,0.059393417090177536,3,1
6891,0.8523319363594055,1,2
6892,0.0006377099780365825,6,1
6893,0.000352731702150777,7,1
6894,0.0004298715793993324,7,1
6895,0.00026856677141040564,8,1
6896,0.9995976686477661,1,4
6897,0.9998043775558472,1,6
6898,0.9999344944953918,1,5
6899,0.9999732971191406,1,7
6900,0.004135143477469683,5,1
6901,0.0011964512523263693,6,1
6902,0.000767852587159723,6,1
6903,0.0004155456554144621,6,1
6904,0.03219260647892952,4,1
6905,0.010381171479821205,5,1
6906,0.023433152586221695,4,1
6907,0.003676464781165123,6,1
6908,0.014299667440354824,5,1
6909,0.014741932973265648,5,1
6910,0.003515217686071992,4,1
6911,0.001251477049663663,6,1
6912,0.9999740123748779,1,8
6913,0.9999814033508301,1,9
6914,0.999946653842926,1,8
6915,0.999974250793457,1,8
6916,0.008000499568879604,4,1
6917,0.002267721574753523,5,1
6918,0.0009859084384515882,5,1
6919,0.00026343087665736675,6,1
6920,0.9996610283851624,1,4
6921,0.9998350143432617,1,5
6922,0.9999223947525024,1,5
6923,0.9999439120292664,1,6
6924,0.004135197959840298,5,1
6925,0.0011964672012254596,6,1
6926,0.0007678745314478874,6,1
6927,0.00041556230280548334,6,1
6928,0.999981164932251,1,9
6929,0.999984860420227,1,10
6930,0.9999451637268066,1,6
6931,0.9999859929084778,1,11
6932,0.05062317103147507,4,1
6933,0.0013189781457185745,5,1
6934,0.003300640033558011,4,1
6935,0.0004474489251151681,7,1
6936,0.9813423752784729,1,3
6937,0.9921755194664001,1,2
6938,0.971894383430481,1,3
6939,0.9975308775901794,1,3
6940,0.012549391016364098,5,2
6941,0.012621333822607994,5,1
6942,0.0047999778762459755,5,1
6943,0.0032020092476159334,5,1
6944,0.995809018611908,1,3
6945,0.9997220039367676,1,3
6946,0.9994251132011414,1,4
6947,0.9999185800552368,1,7
6948,0.008325565606355667,5,1
6949,0.002842186251655221,6,1
6950,0.009043497033417225,4,1
6951,0.0005247649969533086,8,1
6952,0.9959605932235718,1,3
6953,0.7657051086425781,1,2
6954,0.999232292175293,1,4
6955,0.9983517527580261,1,3
6956,0.0020963482093065977,6,1
6957,0.0005554317613132298,7,1
6958,0.0016157604986801744,6,1
6959,0.00027883780421689153,8,1
6960,0.037445615977048874,3,1
6961,0.9997197985649109,1,3
6962,0.9649043679237366,1,3
6963,0.9997684955596924,1,3
6964,0.0030742583330720663,7,1
6965,0.0002666166692506522,8,1
6966,0.0004865641240030527,7,1
6967,9.098674490815029e-05,9,1
6968,0.9990923404693604,1,3
6969,0.9997714757919312,1,4
6970,0.9915705919265747,1,3
6971,0.998497486114502,1,4
6972,0.004809889942407608,4,1
6973,0.0019947143737226725,6,1
6974,0.0020879884250462055,4,1
6975,0.004483646247535944,6,1
6976,0.9999903440475464,1,7
6977,0.92711341381073,1,2
6978,0.999986469745636,1,5
6979,0.9617906212806702,1,2
6980,0.0039266059175133705,5,1
6981,0.0009526071371510625,6,1
6982,0.00015219712804537266,7,1
6983,0.00023038765357341617,7,1
6984,0.02731293812394142,3,1
6985,0.9998480677604675,1,3
6986,0.0006562554044649005,5,1
6987,0.9995265007019043,1,2
6988,0.0011727570090442896,5,1
6989,0.00037836143746972084,6,1
6990,0.011065144091844559,4,1
6991,0.0020680492743849754,3,1
6992,0.9972949624061584,1,3
6993,0.9999800324440002,1,6
6994,0.9960022568702698,1,3
6995,0.9999599456787109,1,5
6996,0.07480772584676743,4,1
6997,0.0026095483917742968,7,1
6998,0.22260887920856476,3,2
6999,0.0015753585612401366,8,1
7000,0.9329351186752319,1,3
7001,0.9987101554870605,1,4
7002,0.9686275124549866,1,3
7003,0.9953723549842834,1,4
7004,0.013106032274663448,6,1
7005,0.0029052237514406443,7,1
7006,0.0041678473353385925,6,1
7007,0.00047382860793732107,8,1
7008,0.15419751405715942,3,2
7009,0.5968047976493835,1,2
7010,0.004171415697783232,5,1
7011,0.18092849850654602,2,1
7012,0.031963419169187546,6,2
7013,0.002796798013150692,9,1
7014,0.007524189539253712,7,1
7015,0.0005684714997187257,9,1
7016,0.9974352121353149,1,3
7017,0.9997707605361938,1,5
7018,0.9992942214012146,1,3
7019,0.999919056892395,1,7
7020,0.008496098220348358,5,1
7021,0.0014670792734250426,6,1
7022,0.0007602155092172325,6,1
7023,0.00031813199166208506,7,1
7024,0.9931952357292175,1,3
7025,0.9999274611473083,1,5
7026,0.9937159419059753,1,3
7027,0.9999281764030457,1,5
7028,0.7643993496894836,2,3
7029,0.8656956553459167,1,2
7030,0.6522302031517029,2,3
7031,0.2610764801502228,2,1
7032,0.9934641122817993,1,3
7033,0.9864064455032349,1,2
7034,0.9994519352912903,1,3
7035,0.9963839054107666,1,3
7036,0.24981041252613068,5,3
7037,0.028873467817902565,5,1
7038,0.020978162065148354,4,1
7039,0.05024794489145279,5,1
7040,0.9995298981666565,1,5
7041,0.9994783401489258,1,5
7042,0.9997085928916931,1,4
7043,0.9997201561927795,1,7
7044,0.0007126495474949479,7,1
7045,0.009771117940545082,5,1
7046,0.005099666770547628,5,1
7047,0.0041010258719325066,6,1
7048,0.9965590238571167,1,4
7049,0.9888185262680054,1,3
7050,0.9902093410491943,1,3
7051,0.9929478764533997,1,4
7052,0.00043606545659713447,7,1
7053,0.00047230091877281666,7,1
7054,0.00018151190306525677,7,1
7055,0.00022913250722922385,7,1
7056,0.9527325630187988,2,4
7057,0.996645450592041,1,5
7058,0.864282488822937,2,3
7059,0.998082160949707,1,5
7060,0.009360892698168755,7,2
7061,0.003996132407337427,6,1
7062,0.0017972774803638458,7,1
7063,0.001545607578009367,7,1
7064,0.9812314510345459,1,4
7065,0.9690839052200317,1,2
7066,0.9987106323242188,1,3
7067,0.9883707761764526,1,2
7068,0.0033682731445878744,7,1
7069,0.04252753406763077,2,1
7070,0.3846747577190399,3,2
7071,0.022445905953645706,3,1
7072,0.005483605898916721,5,1
7073,0.06610823422670364,3,1
7074,0.00954806711524725,4,1
7075,0.07980740815401077,2,1
7076,0.09903211891651154,5,2
7077,0.0027371742762625217,6,1
7078,0.26303136348724365,3,2
7079,0.012094017118215561,6,1
7080,0.995911717414856,1,3
7081,0.9977642893791199,1,3
7082,0.9652631282806396,1,3
7083,0.991702139377594,1,2
7084,0.00023288492229767144,7,1
7085,0.00013315897376742214,8,1
7086,7.553972682217136e-05,7,1
7087,4.7725101467221975e-05,8,1
7088,0.5245310664176941,1,2
7089,0.7630057334899902,1,2
7090,0.526048481464386,1,2
7091,0.7382702231407166,1,2
7092,0.08203622698783875,5,1
7093,0.011034049093723297,5,1
7094,0.014323538169264793,5,1
7095,0.005006751976907253,7,1
7096,0.9534554481506348,1,3
7097,0.9994400143623352,1,3
7098,0.9907059669494629,1,3
7099,0.9996530413627625,1,3
7100,0.027702121064066887,4,1
7101,0.024405287578701973,3,1
7102,0.05122882500290871,3,1
7103,0.05884850397706032,3,1
7104,0.17809468507766724,3,1
7105,0.05175428092479706,3,1
7106,0.30330777168273926,3,1
7107,0.0652165412902832,2,1
7108,0.043219659477472305,3,1
7109,0.01671070046722889,3,1
7110,0.025667700916528702,3,1
7111,0.010932384058833122,3,1
7112,0.9992885589599609,1,3
7113,0.9952676296234131,1,2
7114,0.9982033967971802,1,3
7115,0.9926930665969849,1,2
7116,0.013286498375236988,4,1
7117,0.0006054670084267855,6,1
7118,0.00032073326292447746,5,1
7119,0.00016971562581602484,8,1
7120,0.9392129778862,1,3
7121,0.9970194101333618,1,2
7122,0.902016282081604,1,3
7123,0.9991915822029114,1,3
7124,0.02165134996175766,5,1
7125,0.0009554788703098893,6,1
7126,0.025010008364915848,3,1
7127,0.0017755157314240932,6,1
7128,0.8928823471069336,1,2
7129,0.009582774713635445,3,1
7130,0.7656090259552002,1,3
7131,0.03293236717581749,2,1
7132,0.12169122695922852,3,1
7133,0.03172285854816437,3,1
7134,0.1004919558763504,3,2
7135,0.0022415402345359325,7,1
7136,0.8176401853561401,1,3
7137,0.9955106973648071,1,2
7138,0.9292564988136292,1,3
7139,0.9964370131492615,1,2
7140,0.052202023565769196,3,1
7141,0.05012692138552666,2,1
7142,0.10924594104290009,3,2
7143,0.3473246395587921,2,1
7144,0.2769165635108948,2,1
7145,0.10500425845384598,2,1
7146,0.43021780252456665,2,1
7147,0.019454225897789,4,1
7148,0.0031272866763174534,5,1
7149,0.0005246521322987974,7,1
7150,0.0003787831519730389,6,1
7151,4.5041895646136254e-05,9,1
7152,0.7851241827011108,1,2
7153,0.3897782564163208,2,1
7154,0.1470058411359787,3,1
7155,0.5258083343505859,1,2
7156,0.11525889486074448,2,1
7157,0.059947509318590164,2,1
7158,0.0029774911236017942,4,1
7159,0.011262170970439911,2,1
7160,0.9494504928588867,1,2
7161,0.9909035563468933,1,2
7162,0.9566251039505005,1,3
7163,0.9948757886886597,1,2
7164,0.0022916400339454412,4,1
7165,0.004337669815868139,3,1
7166,0.0004681400896515697,5,1
7167,0.0008465192513540387,6,1
7168,0.9612019658088684,1,3
7169,0.270206481218338,2,1
7170,0.997936487197876,1,3
7171,0.8721175193786621,1,2
7172,0.06382865458726883,4,1
7173,0.0008414459880441427,6,1
7174,0.019373998045921326,4,1
7175,0.0003139674954582006,7,1
7176,0.02278020605444908,3,2
7177,0.4108844995498657,2,1
7178,0.001073332503437996,4,1
7179,0.0615563839673996,3,1
7180,0.0011090264888480306,6,1
7181,0.00023155055532697588,8,1
7182,5.846091153216548e-05,8,1
7183,0.0001072255545295775,8,1
7184,0.9560737609863281,2,3
7185,0.9988160133361816,1,5
7186,0.5511133670806885,2,3
7187,0.9636872410774231,1,3
7188,0.0010024657240137458,5,1
7189,0.00029327202355489135,8,1
7190,7.629151514265686e-05,7,1
7191,0.00016461547056678683,8,1
7192,0.999915599822998,1,4
7193,0.9999474883079529,1,4
7194,0.998820960521698,1,4
7195,0.9998398423194885,1,4
7196,0.0002174763212678954,6,1
7197,0.0010138193611055613,5,1
7198,0.009114624001085758,4,1
7199,0.01647833362221718,4,1
7200,0.9974164962768555,1,3
7201,0.9978101849555969,1,3
7202,0.998686671257019,1,3
7203,0.9980114698410034,1,3
7204,0.004303506575524807,5,1
7205,0.0006899499567225575,6,1
7206,0.00042622050386853516,5,1
7207,0.00023864286777097732,6,1
7208,0.00013293116353452206,7,1
7209,0.9960557222366333,1,2
7210,0.10491092503070831,3,1
7211,0.9944584965705872,1,2
7212,0.0003046997881028801,6,1
7213,0.000643869221676141,6,1
7214,0.00014812112203799188,6,1
7215,0.0001904740056488663,7,1
7216,0.9995343089103699,1,3
7217,0.9999001622200012,1,3
7218,0.9090292453765869,1,3
7219,0.9940289258956909,1,2
7220,0.0006955533172003925,5,1
7221,0.0011578364064916968,6,1
7222,0.0004265924508217722,5,1
7223,0.00023071399482432753,7,1
7224,0.9228527545928955,1,3
7225,0.9531770944595337,1,3
7226,0.9870281219482422,1,3
7227,0.9619741439819336,1,4
7228,0.0026843869127333164,6,1
7229,0.00095040921587497,8,1
7230,0.008351068012416363,5,1
7231,0.003506922395899892,7,1
7232,0.9999091625213623,1,6
7233,0.9997767210006714,1,6
7234,0.9999010562896729,1,5
7235,0.9997380375862122,1,5
7236,0.0007344921468757093,7,1
7237,0.0007939315983094275,8,1
7238,0.0013720421120524406,6,1
7239,0.0006928953807801008,7,1
7240,0.9998108744621277,1,4
7241,0.9999513030052185,1,8
7242,0.9997985363006592,1,4
7243,0.9999663233757019,1,9
7244,0.07347080111503601,3,1
7245,0.4311319887638092,3,2
7246,0.2224978655576706,3,2
7247,0.6075699329376221,2,3
7248,0.999912440776825,1,5
7249,0.9999812245368958,1,12
7250,0.9999588131904602,1,6
7251,0.9999916553497314,1,13
7252,0.0003330154868308455,5,1
7253,0.0004239402187522501,6,1
7254,0.0002416040370007977,5,1
7255,0.00041462917579337955,5,1
7256,0.9669895172119141,1,3
7257,0.9833182692527771,1,3
7258,0.9938688278198242,1,3
7259,0.999496340751648,1,3
7260,0.0007436950691044331,4,1
7261,0.0003074121195822954,8,1
7262,0.00028551695868372917,5,1
7263,7.779916631989181e-05,10,1
7264,0.0033098848070949316,4,1
7265,0.08676788955926895,2,1
7266,0.013100742362439632,2,1
7267,0.338289737701416,2,1
7268,0.027017867192626,2,1
7269,0.012918787077069283,2,1
7270,0.010420809499919415,2,1
7271,0.014071843586862087,2,1
7272,0.05459275469183922,2,1
7273,0.9519328474998474,1,2
7274,0.0394289493560791,2,1
7275,0.9757527112960815,1,2
7276,0.03465856611728668,3,1
7277,0.9300815463066101,1,2
7278,0.560565710067749,1,2
7279,0.8450614213943481,1,2
7280,0.07137555629014969,2,1
7281,0.972622811794281,1,2
7282,0.037431102246046066,2,1
7283,0.9674397110939026,1,2
7284,0.0017982575809583068,5,1
7285,0.0001672269863775,9,1
7286,0.00035439376370050013,7,1
7287,0.00014111571363173425,9,1
7288,0.9642663598060608,1,3
7289,0.9993948340415955,1,6
7290,0.8131583333015442,2,3
7291,0.9991433024406433,1,5
7292,0.9689473509788513,1,3
7293,0.9979641437530518,1,5
7294,0.982028067111969,1,3
7295,0.9991552233695984,1,5
7296,0.05304338037967682,4,1
7297,0.9774028062820435,1,3
7298,0.13825564086437225,3,2
7299,0.9889296889305115,1,3
7300,0.002220445079728961,5,1
7301,0.002472741762176156,6,1
7302,0.0003941758768633008,6,1
7303,0.00028089407715015113,8,1
7304,0.6955605149269104,2,3
7305,0.850102424621582,1,2
7306,0.37747302651405334,3,2
7307,0.9466525912284851,1,2
7308,0.19319915771484375,3,2
7309,0.5870032906532288,1,2
7310,0.7495642304420471,2,3
7311,0.5979189872741699,1,2
7312,0.49430570006370544,2,1
7313,0.2517581582069397,2,1
7314,0.7641323208808899,1,2
7315,0.12146337330341339,2,1
7316,0.0001973965991055593,6,1
7317,4.275468018022366e-05,10,1
7318,0.00021517953427974135,7,1
7319,4.148122025071643e-05,10,1
7320,0.9994414448738098,1,4
7321,0.999284029006958,1,3
7322,0.998693585395813,1,3
7323,0.9943943023681641,1,3
7324,0.0008197279530577362,5,1
7325,0.00010526859114179388,7,1
7326,0.00017807140829972923,7,1
7327,4.978285505785607e-05,9,1
7328,0.9999077320098877,1,3
7329,0.9996947050094604,1,4
7330,0.999090850353241,1,3
7331,0.9996479749679565,1,4
7332,0.19062413275241852,3,1
7333,0.005842126440256834,4,1
7334,0.04704694077372551,3,1
7335,0.0009997885208576918,7,1
7336,0.9903832077980042,1,3
7337,0.9956710338592529,1,4
7338,0.9706876277923584,2,3
7339,0.9978712797164917,1,3
7340,0.000573940749745816,7,1
7341,0.011742042377591133,5,1
7342,6.991894042585045e-05,10,1
7343,0.0005494088982231915,8,1
7344,0.08968144655227661,3,2
7345,0.7750622034072876,1,2
7346,0.08650682121515274,3,2
7347,0.4704236090183258,2,1
7348,0.01767962984740734,5,2
7349,0.0018519627628847957,7,1
7350,0.0007479574996978045,6,1
7351,0.0002026856382144615,9,1
7352,0.9999237656593323,1,5
7353,0.9999508857727051,1,8
7354,0.9999799728393555,1,6
7355,0.9999788403511047,1,9
7356,0.9609478712081909,1,3
7357,0.9890589714050293,1,4
7358,0.9989000558853149,1,3
7359,0.9962201714515686,1,3
7360,0.9984537959098816,1,4
7361,0.9996159076690674,1,5
7362,0.9998806118965149,1,4
7363,0.9997318983078003,1,5
7364,0.01932382397353649,5,1
7365,0.006510473322123289,6,1
7366,0.0019474999280646443,6,1
7367,0.0011249261442571878,7,1
7368,0.9287521243095398,2,3
7369,0.9977425336837769,1,3
7370,0.6439464688301086,2,3
7371,0.9890626668930054,1,2
7372,0.15398536622524261,3,2
7373,0.0011987495236098766,5,1
7374,0.29510143399238586,3,2
7375,0.005832626484334469,2,1
7376,0.011506546288728714,3,1
7377,0.011451585218310356,2,1
7378,0.007077401969581842,3,1
7379,0.05294894799590111,2,1
7380,0.0004402989870868623,6,1
7381,0.02382664754986763,2,1
7382,8.23169102659449e-05,5,1
7383,0.009925669059157372,4,1
7384,0.6904906034469604,2,3
7385,0.995606541633606,1,3
7386,0.9308401942253113,1,3
7387,0.9986866116523743,1,3
7388,0.004731061868369579,6,2
7389,0.0007068321574479342,7,1
7390,0.01017790287733078,4,2
7391,0.001170057919807732,7,1
7392,0.9599365592002869,1,3
7393,0.9986565113067627,1,3
7394,0.9717994928359985,1,3
7395,0.9966732263565063,1,2
7396,0.6859331727027893,2,3
7397,0.00934611912816763,2,1
7398,0.4534965455532074,3,2
7399,0.00930786319077015,3,1
7400,0.9995832443237305,1,3
7401,0.9993613362312317,1,4
7402,0.7007433772087097,2,3
7403,0.9808928966522217,1,2
7404,0.12082827836275101,3,2
7405,0.987031877040863,1,2
7406,0.24666523933410645,3,2
7407,0.9747642278671265,1,2
7408,0.5705119967460632,2,3
7409,0.9919301867485046,1,2
7410,0.9503858089447021,1,3
7411,0.9984659552574158,1,2
7412,0.0003542756021488458,6,1
7413,0.0003295823116786778,8,1
7414,0.0002619548758957535,6,1
7415,0.00013286658213473856,9,1
7416,0.6836708188056946,1,3
7417,0.9997668862342834,1,5
7418,0.4683401882648468,3,2
7419,0.9995786547660828,1,5
7420,0.0014968601753935218,6,1
7421,0.0052113919518888,5,1
7422,0.00018223965889774263,8,1
7423,0.003910568077117205,5,1
7424,0.5549913048744202,1,3
7425,0.9951490163803101,1,3
7426,0.6192964911460876,1,2
7427,0.9972366094589233,1,3
7428,0.0037341215647757053,4,1
7429,0.0074668205343186855,4,1
7430,0.014331396669149399,3,1
7431,0.0759037509560585,3,1
7432,0.012242099270224571,4,1
7433,0.9924976229667664,1,3
7434,0.46742182970046997,2,1
7435,0.9935988783836365,1,3
7436,0.38113176822662354,3,1
7437,0.996508777141571,1,4
7438,0.8813453316688538,1,3
7439,0.9915844798088074,1,4
7440,0.9994300007820129,1,5
7441,0.9995936155319214,1,5
7442,0.9996465444564819,1,4
7443,0.9998486042022705,1,6
7444,0.03792911022901535,5,1
7445,0.0026062934193760157,6,1
7446,0.0003132483398076147,5,1
7447,0.00044637382961809635,6,1
7448,0.9998000264167786,1,3
7449,0.9999549984931946,1,5
7450,0.9999400973320007,1,3
7451,0.9999869465827942,1,8
7452,0.023023491725325584,3,1
7453,0.07051505893468857,3,1
7454,0.004010238219052553,3,1
7455,0.025707662105560303,3,1
7456,0.999805748462677,1,3
7457,0.9998435378074646,1,4
7458,0.9999340176582336,1,4
7459,0.9999377727508545,1,5
7460,0.1805027574300766,5,3
7461,0.26502281427383423,5,3
7462,0.019393334165215492,5,2
7463,0.01109401136636734,5,1
7464,0.9897240996360779,2,3
7465,0.999217689037323,1,4
7466,0.9912054538726807,2,3
7467,0.9997234344482422,1,6
7468,0.0004583368427120149,6,1
7469,0.0016965022077783942,6,1
7470,0.0002847722789738327,8,1
7471,0.0010395870776847005,7,1
7472,0.9997996091842651,1,3
7473,0.9987531304359436,1,4
7474,0.9978306889533997,1,3
7475,0.9954052567481995,1,4
7476,0.011140551418066025,5,1
7477,0.002657223492860794,6,1
7478,0.0014281067997217178,4,1
7479,0.0018423867877572775,6,1
7480,0.6789343357086182,1,2
7481,0.9846448302268982,1,2
7482,0.998408854007721,1,3
7483,0.9954414963722229,1,2
7484,0.0002493078645784408,7,1
7485,0.0007086144760251045,7,1
7486,0.0001392286503687501,8,1
7487,0.00051167793571949,8,1
7488,0.9431560039520264,1,3
7489,0.9984871745109558,1,3
7490,0.9605495929718018,1,4
7491,0.9996025562286377,1,3
7492,0.015282767824828625,4,1
7493,0.001696996041573584,5,1
7494,0.00020950777980033308,7,1
7495,0.00014316393935587257,8,1
7496,0.008920631371438503,5,1
7497,0.86334627866745,1,2
7498,0.002382772509008646,4,2
7499,0.6791190505027771,1,2
7500,0.003190665040165186,4,1
7501,0.0007130428566597402,7,1
7502,0.213825523853302,3,2
7503,0.006113340146839619,3,1
7504,0.1345919817686081,3,2
7505,0.999273955821991,1,2
7506,0.2631997764110565,3,2
7507,0.9995197653770447,1,3
7508,0.30624276399612427,4,2
7509,0.9930891394615173,1,2
7510,0.004791917745023966,4,1
7511,0.6827352046966553,1,2
7512,0.9895784854888916,1,3
7513,0.9985548257827759,1,5
7514,0.9423949718475342,1,3
7515,0.999555230140686,1,5
7516,0.7070274353027344,2,3
7517,0.8846217393875122,1,3
7518,0.9250240921974182,1,3
7519,0.9337489008903503,1,3
7520,0.9928114414215088,1,3
7521,0.9754362106323242,1,3
7522,0.9971850514411926,1,3
7523,0.9855207204818726,1,3
7524,0.0003012719680555165,6,1
7525,0.00035134865902364254,7,1
7526,0.00012308289296925068,7,1
7527,0.0001584004785399884,7,1
7528,0.9286009073257446,1,2
7529,0.9984682202339172,1,2
7530,0.9727197289466858,1,2
7531,0.999548614025116,1,2
7532,0.014865955337882042,5,1
7533,0.003555701347067952,5,1
7534,0.0012502575991675258,5,1
7535,0.0001662994036450982,8,1
7536,0.9998681545257568,1,4
7537,0.9996523261070251,1,5
7538,0.9983912706375122,1,3
7539,0.999716579914093,1,6
7540,0.0004577500221785158,6,1
7541,0.010926668532192707,4,1
7542,0.0005680990288965404,5,1
7543,0.007087416481226683,4,1
7544,0.9187564849853516,1,2
7545,0.9988875985145569,1,5
7546,0.9838196635246277,1,3
7547,0.9998770952224731,1,7
7548,0.00015641252684872597,10,1
7549,0.0016749741043895483,6,1
7550,8.10235578683205e-05,10,1
7551,0.00099485635291785,6,1
7552,0.990756094455719,1,2
7553,0.9937350153923035,1,2
7554,0.861580491065979,1,2
7555,0.9994720816612244,1,2
7556,0.0025842543691396713,5,1
7557,0.0014531855704262853,5,1
7558,0.00015461687871720642,8,1
7559,0.0007612162153236568,6,1
7560,0.4752406179904938,2,1
7561,0.9735941290855408,1,2
7562,0.23106610774993896,2,1
7563,0.998640775680542,1,2
7564,0.0018383287824690342,5,1
7565,0.1022876501083374,2,1
7566,0.0018989817472174764,4,1
7567,0.003696894971653819,5,1
7568,0.0008726216037757695,4,1
7569,0.0012987775262445211,5,1
7570,8.955808152677491e-05,8,1
7571,0.000528713921085,6,1
7572,0.027475694194436073,3,1
7573,0.050820183008909225,3,1
7574,0.0016913021681830287,4,1
7575,0.001339405425824225,5,1
7576,0.11471476405858994,3,1
7577,0.9989572167396545,1,2
7578,0.4520722031593323,2,1
7579,0.9995543360710144,1,2
7580,0.0001277177216252312,7,1
7581,0.0005734379519708455,6,1
7582,0.00011182164598722011,10,1
7583,0.00015346922737080604,7,1
7584,0.9995989799499512,1,2
7585,0.9926294088363647,1,2
7586,0.9999048709869385,1,3
7587,0.9987714886665344,1,2
7588,0.0009499817970208824,6,1
7589,0.000676289782859385,7,1
7590,0.0003411097568459809,8,1
7591,0.00023593676451127976,8,1
7592,0.9645038843154907,1,3
7593,0.9943071603775024,1,5
7594,0.9849948883056641,1,3
7595,0.9988754987716675,1,5
7596,0.10514563322067261,3,1
7597,0.9485443234443665,1,2
7598,0.9522566795349121,1,3
7599,0.9996802806854248,1,4
7600,0.9976740479469299,1,3
7601,0.9998791813850403,1,4
7602,0.9983012676239014,1,3
7603,0.9999599456787109,1,7
7604,0.0002234489656984806,6,1
7605,0.000541301560588181,6,1
7606,0.0001471790310461074,7,1
7607,0.00040195617475546896,7,1
7608,0.945968747138977,1,3
7609,0.997938871383667,1,4
7610,0.9711458086967468,1,3
7611,0.9981980919837952,1,4
7612,0.9901412129402161,1,4
7613,0.7173591256141663,2,4
7614,0.9987273812294006,1,3
7615,0.9551738500595093,1,4
7616,0.5074500441551208,1,2
7617,0.5825558304786682,1,2
7618,0.9645543694496155,1,3
7619,0.6937077641487122,1,2
7620,0.002382021863013506,4,1
7621,0.012134871445596218,5,1
7622,0.0030852705240249634,4,1
7623,0.0028651782777160406,5,1
7624,0.9998950958251953,1,3
7625,0.9999904632568359,1,6
7626,0.9768590927124023,1,3
7627,0.9999605417251587,1,3
7628,0.05142131820321083,3,1
7629,0.00027296695043332875,4,1
7630,0.10533139109611511,2,1
7631,0.0009454760001972318,4,1
7632,0.902085542678833,1,2
7633,0.9998332262039185,1,3
7634,0.7442161440849304,1,2
7635,0.9999097585678101,1,3
7636,0.025128787383437157,4,1
7637,0.0008290615514852107,4,1
7638,0.12360318005084991,3,1
7639,0.0004908378468826413,5,1
7640,0.005209444090723991,3,1
7641,0.9997780323028564,1,3
7642,0.011802108027040958,3,1
7643,0.999862015247345,1,3
7644,0.08395412564277649,3,1
7645,0.0018372322665527463,4,1
7646,0.029631037265062332,3,1
7647,0.0012768454616889358,4,1
7648,0.7764486074447632,1,3
7649,0.5912349224090576,1,2
7650,0.9435293078422546,1,3
7651,0.9509353637695312,1,2
7652,0.04826832190155983,3,1
7653,0.0004928285488858819,7,1
7654,0.005014305002987385,4,1
7655,0.00017283567285630852,7,1
7656,0.9838812351226807,1,3
7657,0.9989712238311768,1,3
7658,0.9987279772758484,1,3
7659,0.9985286593437195,1,3
7660,0.5643362998962402,1,2
7661,0.3558489978313446,2,1
7662,0.06141507998108864,3,1
7663,0.026063965633511543,3,1
7664,0.9997832775115967,1,3
7665,0.999937117099762,1,4
7666,0.9990307688713074,1,3
7667,0.9996005296707153,1,3
7668,0.004136197734624147,4,1
7669,0.000904359738342464,6,1
7670,0.0025213551707565784,4,1
7671,0.00044122576946392655,7,1
7672,0.8949337005615234,1,2
7673,0.7998218536376953,1,2
7674,0.24859541654586792,2,1
7675,0.4394131302833557,2,1
7676,0.012535963207483292,4,1
7677,0.023381967097520828,3,1
7678,0.017686540260910988,4,1
7679,0.0011566500179469585,7,1
7680,0.9995284080505371,1,2
7681,0.9999622106552124,1,6
7682,0.9999597072601318,1,3
7683,0.9999915361404419,1,10
7684,0.014039072208106518,5,1
7685,0.0009385421872138977,6,1
7686,0.09063893556594849,2,1
7687,0.00039972763624973595,7,1
7688,0.021155063062906265,3,1
7689,0.9731401801109314,1,2
7690,0.011106409132480621,3,1
7691,0.9507719874382019,1,2
7692,0.003299721283838153,4,1
7693,0.0047990670427680016,6,1
7694,0.0016901926137506962,4,1
7695,0.006635447032749653,4,1
7696,0.9992647171020508,1,3
7697,0.9998458623886108,1,3
7698,0.9940354824066162,1,2
7699,0.9998600482940674,1,3
7700,0.0009962256299331784,6,1
7701,0.009862302802503109,3,1
7702,0.000790998456068337,5,1
7703,0.004149677697569132,3,1
7704,0.998271644115448,1,3
7705,0.9997562170028687,1,4
7706,0.9970029592514038,1,3
7707,0.9995748400688171,1,3
7708,0.002946087857708335,5,1
7709,0.022167140617966652,3,1
7710,0.006578933913260698,3,1
7711,0.21236222982406616,2,1
7712,0.6325811743736267,1,3
7713,0.9974925518035889,1,4
7714,0.6457712650299072,1,3
7715,0.9975398778915405,1,4
7716,0.0024711377918720245,6,1
7717,0.0009100405150093138,8,1
7718,0.00018631819693837315,7,1
7719,0.0001870661071734503,7,1
7720,0.9988982081413269,1,3
7721,0.9992164969444275,1,4
7722,0.9883385896682739,1,3
7723,0.9995723366737366,1,5
7724,0.004903861787170172,3,1
7725,0.019042057916522026,4,1
7726,0.03630318120121956,3,1
7727,0.01616593822836876,3,1
7728,0.9964866638183594,1,3
7729,0.9986141920089722,1,3
7730,0.9994312524795532,1,3
7731,0.9993003606796265,1,5
7732,0.0003823366423603147,8,1
7733,0.00624440424144268,6,1
7734,0.000553495017811656,7,1
7735,0.0026085926219820976,6,1
7736,0.004856732673943043,5,1
7737,0.0734328106045723,2,1
7738,0.0014287260128185153,5,1
7739,0.2965073585510254,2,1
7740,0.0010577590437605977,7,1
7741,0.002371620386838913,6,1
7742,0.00017831602599471807,9,1
7743,0.0003109949466306716,7,1
7744,0.540775716304779,1,2
7745,0.998461902141571,1,4
7746,0.8808895349502563,1,3
7747,0.9991142749786377,1,5
7748,0.06394654512405396,3,1
7749,0.5493813753128052,1,2
7750,0.021354075521230698,3,1
7751,0.7827937006950378,1,2
7752,0.9999417066574097,1,6
7753,0.997200608253479,1,2
7754,0.9999792575836182,1,6
7755,0.9991121292114258,1,3
7756,0.00011717748566297814,7,1
7757,0.00016089218843262643,8,1
7758,7.58791939006187e-05,9,1
7759,4.695519965025596e-05,8,1
7760,0.9999485611915588,1,6
7761,0.997764527797699,1,3
7762,0.9999398589134216,1,6
7763,0.9998000264167786,1,5
7764,0.008179275318980217,3,1
7765,0.00012278107169549912,8,1
7766,0.0031496561132371426,4,1
7767,4.601601540343836e-05,9,1
7768,0.8269652724266052,1,2
7769,0.9965781569480896,1,3
7770,0.9929670095443726,1,3
7771,0.9989163279533386,1,3
7772,0.005348763894289732,5,1
7773,0.007762518711388111,6,1
7774,0.0008285755757242441,7,1
7775,0.0005346713005565107,8,1
7776,0.9995046854019165,1,4
7777,0.9996801614761353,1,6
7778,0.9994713664054871,1,3
7779,0.999885618686676,1,5
7780,0.03194646164774895,3,1
7781,0.012979483231902122,6,1
7782,0.0003764560096897185,7,1
7783,0.0009494390687905252,7,1
7784,0.9996158480644226,1,4
7785,0.9999326467514038,1,3
7786,0.9683741331100464,1,3
7787,0.997183620929718,1,3
7788,0.0002840329543687403,5,1
7789,0.00023807663819752634,7,1
7790,0.00014400271174963564,5,1
7791,6.98889052728191e-05,8,1
7792,0.9968348741531372,1,3
7793,0.9991194605827332,1,3
7794,0.9779801368713379,1,2
7795,0.9993651509284973,1,3
7796,0.0005512625793926418,6,1
7797,0.0005377060151658952,9,1
7798,0.0004099000070709735,7,1
7799,0.000411558139603585,9,1
7800,0.2932629883289337,3,2
7801,0.02428443543612957,4,1
7802,0.22981135547161102,3,2
7803,0.037446942180395126,3,1
7804,0.10934905707836151,3,1
7805,0.0066099995747208595,5,1
7806,0.004413775634020567,6,1
7807,0.004630813840776682,6,1
7808,0.9778584837913513,1,3
7809,0.3035619854927063,3,1
7810,0.9341690540313721,1,3
7811,0.3108590841293335,3,1
7812,0.0008477909141220152,7,1
7813,0.00019918229372706264,10,1
7814,0.0002328920381842181,8,1
7815,0.00033982167951762676,9,1
7816,0.00899862963706255,4,1
7817,0.5919402837753296,1,2
7818,0.012811762280762196,4,1
7819,0.6651157736778259,1,2
7820,0.006052928976714611,6,1
7821,0.038490261882543564,3,1
7822,0.039663828909397125,3,1
7823,0.017835155129432678,5,1
7824,0.992600679397583,1,5
7825,0.9985478520393372,1,6
7826,0.997031569480896,1,3
7827,0.9994367957115173,1,6
7828,0.00689760921522975,5,1
7829,0.008691571652889252,6,1
7830,0.0003810028138104826,9,1
7831,0.0026221817824989557,6,1
7832,0.3834971785545349,4,3
7833,0.9924749135971069,1,5
7834,0.6412176489830017,1,3
7835,0.9996629357337952,1,6
7836,0.029468238353729248,4,1
7837,0.03424831107258797,5,1
7838,0.013798167929053307,4,1
7839,0.04326878488063812,4,1
7840,0.9988231062889099,1,4
7841,0.9845410585403442,1,4
7842,0.9996987581253052,1,3
7843,0.9986871480941772,1,5
7844,0.0031018040608614683,5,1
7845,0.0015611873241141438,7,1
7846,0.00012748035078402609,11,1
7847,0.0004434566362760961,7,1
7848,0.6597868204116821,1,3
7849,0.631790816783905,1,2
7850,0.9868654608726501,1,4
7851,0.9129545092582703,1,2
7852,0.003640113165602088,6,1
7853,0.0023446918930858374,6,1
7854,0.0012564166681841016,6,1
7855,0.0009884582832455635,7,1
7856,0.9827927350997925,1,3
7857,0.9988713264465332,1,3
7858,0.9956493973731995,1,3
7859,0.9989570379257202,1,3
7860,0.014767511747777462,3,2
7861,0.9995934367179871,1,3
7862,0.5289934873580933,2,3
7863,0.9996840357780457,1,5
7864,0.9555901288986206,1,3
7865,0.3029097616672516,2,1
7866,0.9739184379577637,1,3
7867,0.7410793304443359,1,2
7868,0.0063425530679523945,4,1
7869,0.0016635748324915767,7,1
7870,8.280284964712337e-05,10,1
7871,0.00011388756684027612,8,1
7872,0.07351315766572952,3,1
7873,0.9827274680137634,1,2
7874,0.8469657897949219,1,2
7875,0.9867557883262634,1,2
7876,0.0037720324471592903,4,1
7877,0.011643254198133945,4,1
7878,0.0013923669466748834,4,1
7879,0.00409037945792079,6,1
7880,0.9990195631980896,1,3
7881,0.9985805749893188,1,3
7882,0.9950000047683716,1,3
7883,0.9939460754394531,1,3
7884,0.09631357342004776,3,2
7885,0.020661741495132446,6,1
7886,0.028279749676585197,3,1
7887,0.005688386503607035,6,1
7888,0.0017009623115882277,5,1
7889,0.0023217296693474054,7,1
7890,0.0005044338759034872,6,1
7891,0.00035319593735039234,7,1
7892,0.07886450737714767,2,1
7893,0.0171526949852705,4,1
7894,0.01953805983066559,3,1
7895,0.013994276523590088,5,1
7896,0.9996702075004578,1,5
7897,0.9999424815177917,1,7
7898,0.9991974234580994,1,3
7899,0.9999575018882751,1,8
7900,0.01832098327577114,2,1
7901,0.013778217136859894,4,1
7902,0.009495163336396217,3,1
7903,0.009734194725751877,5,1
7904,0.9992889165878296,1,3
7905,0.999807596206665,1,5
7906,0.999508798122406,1,3
7907,0.9997923970222473,1,5
7908,0.015082510188221931,5,1
7909,0.0025533053558319807,5,1
7910,0.001117502455599606,4,1
7911,0.0007866676314733922,6,1
7912,0.23948034644126892,3,1
7913,0.9687409996986389,1,3
7914,0.11891984939575195,3,1
7915,0.9956591725349426,1,4
7916,0.9446472525596619,1,2
7917,0.8185863494873047,1,3
7918,0.9972147345542908,1,3
7919,0.7847200632095337,1,2
7920,0.8679549098014832,1,2
7921,0.9952749013900757,1,4
7922,0.991317093372345,1,3
7923,0.9993240833282471,1,5
7924,0.021935617551207542,4,1
7925,0.002788279205560684,5,1
7926,0.0012514337431639433,4,1
7927,0.0006571444100700319,6,1
7928,0.9946274757385254,1,5
7929,0.9966732859611511,1,5
7930,0.9991623163223267,1,3
7931,0.9996010661125183,1,7
7932,0.001118353451602161,7,1
7933,0.0004009433905594051,8,1
7934,0.00016784548643045127,7,1
7935,0.0008322986541315913,6,1
7936,0.9982026815414429,1,4
7937,0.9997329711914062,1,5
7938,0.9999316930770874,1,6
7939,0.9998016357421875,1,6
7940,0.005412382539361715,5,1
7941,0.0051577393896877766,6,1
7942,0.0004317934508435428,5,1
7943,0.0027264973614364862,6,1
7944,0.9961106181144714,1,3
7945,0.9995810985565186,1,5
7946,0.9704570174217224,1,3
7947,0.9992590546607971,1,5
7948,0.9983804225921631,1,3
7949,0.9978660345077515,1,4
7950,0.9993470907211304,1,3
7951,0.9992486238479614,1,4
7952,0.998663067817688,1,3
7953,0.9994154572486877,1,4
7954,0.9969912767410278,1,3
7955,0.9997424483299255,1,5
7956,0.0037292116321623325,5,1
7957,0.031186729669570923,5,1
7958,0.0029722268227487803,3,1
7959,0.01791260577738285,5,1
7960,0.9260855913162231,1,3
7961,0.9986729621887207,1,3
7962,0.9969079494476318,1,4
7963,0.9988257884979248,1,3
7964,0.004611204843968153,5,1
7965,0.0012336367508396506,6,1
7966,0.0018687000265344977,4,1
7967,0.0005928807076998055,6,1
7968,0.9509661793708801,1,4
7969,0.9945250153541565,1,3
7970,0.8048287630081177,1,3
7971,0.948078453540802,1,2
7972,0.4887288212776184,4,3
7973,0.10685006529092789,3,1
7974,0.09612671285867691,4,2
7975,0.023365940898656845,4,1
7976,0.8467289805412292,2,3
7977,0.9727001786231995,1,4
7978,0.17711924016475677,3,2
7979,0.7651441097259521,1,2
7980,0.006139693781733513,5,1
7981,0.005099298432469368,7,1
7982,0.0010879383189603686,6,1
7983,0.0031324157025665045,7,1
7984,0.7818533182144165,1,3
7985,0.9634490013122559,1,2
7986,0.9975631237030029,1,3
7987,0.9288562536239624,1,2
7988,0.018298817798495293,5,1
7989,0.011157762259244919,6,1
7990,0.0031604908872395754,4,1
7991,0.003954838961362839,7,1
7992,0.9948932528495789,1,3
7993,0.9921306371688843,1,5
7994,0.8686622977256775,1,3
7995,0.9197357296943665,1,3
7996,0.030776407569646835,4,1
7997,0.2669987976551056,2,1
7998,0.01117733959108591,4,1
7999,0.0425136461853981,3,1
8000,0.9976488351821899,1,3
8001,0.29816141724586487,2,1
8002,0.985300600528717,1,3
8003,0.4876945912837982,2,1
8004,0.038744743913412094,4,2
8005,0.004895036108791828,7,1
8006,0.005835454445332289,4,1
8007,0.006726989522576332,7,1
8008,0.9996534585952759,1,3
8009,0.9910989999771118,1,4
8010,0.9744119048118591,2,3
8011,0.9000710844993591,1,4
8012,0.0002838509390130639,8,1
8013,0.019333679229021072,7,1
8014,0.0007892331923358142,6,2
8015,0.053354497998952866,5,1
8016,0.9978654980659485,1,3
8017,0.9998462796211243,1,7
8018,0.9995879530906677,1,3
8019,0.9999238848686218,1,8
8020,0.00920406635850668,5,1
8021,0.01100256945937872,4,1
8022,0.0006341889384202659,5,1
8023,0.0003266975108999759,8,1
8024,0.9304074645042419,1,3
8025,0.9980527758598328,1,3
8026,0.9868554472923279,1,3
8027,0.9997628331184387,1,6
8028,0.035740673542022705,5,1
8029,0.0028827989008277655,5,1
8030,0.0012507174396887422,5,1
8031,0.0014511109329760075,6,1
8032,0.9760498404502869,1,3
8033,0.9999533891677856,1,7
8034,0.9999837875366211,1,6
8035,0.9999470114707947,1,7
8036,0.14841128885746002,3,2
8037,0.2639167308807373,2,1
8038,0.8281235694885254,2,3
8039,0.9813169836997986,1,3
8040,0.9997019171714783,1,4
8041,0.9999935626983643,1,12
8042,0.9999932050704956,1,7
8043,0.9999929666519165,1,11
8044,0.9179057478904724,2,3
8045,0.5940733551979065,1,2
8046,0.33795344829559326,3,2
8047,0.1588023155927658,2,1
8048,0.788752019405365,2,3
8049,0.48215824365615845,2,1
8050,0.9298081994056702,1,3
8051,0.7212415337562561,1,2
8052,0.3365294933319092,3,1
8053,0.00095635891193524,7,1
8054,0.34242942929267883,3,2
8055,0.0011366946855559945,7,1
8056,0.9942407011985779,1,3
8057,0.9995371103286743,1,5
8058,0.9969922304153442,1,3
8059,0.9997140765190125,1,6
8060,0.4548836052417755,3,2
8061,0.5086590051651001,1,2
8062,0.7736376523971558,2,3
8063,0.24547253549098969,2,1
8064,0.9962913393974304,1,3
8065,0.9993944764137268,1,3
8066,0.9996644854545593,1,3
8067,0.9998084902763367,1,5
8068,0.35402098298072815,3,2
8069,0.8767626285552979,1,2
8070,0.851365864276886,2,3
8071,0.9385233521461487,1,2
8072,0.9999127984046936,1,4
8073,0.9999746084213257,1,9
8074,0.9999862909317017,1,8
8075,0.9999909400939941,1,12
8076,0.002929237438365817,5,1
8077,0.0011438378132879734,6,1
8078,0.0006204223609529436,6,1
8079,0.0004285316390451044,7,1
8080,0.9998639225959778,1,5
8081,0.9991506338119507,1,3
8082,0.9987184405326843,1,3
8083,0.9991872310638428,1,3
8084,0.00015618065663147718,5,1
8085,0.0026945353019982576,3,1
8086,0.00011275257566012442,5,1
8087,0.00032233522506430745,5,1
8088,0.998201310634613,1,3
8089,0.9998635053634644,1,5
8090,0.9989678859710693,1,3
8091,0.9999358654022217,1,6
8092,0.0019963111262768507,5,1
8093,0.0018409956246614456,6,1
8094,0.0003999345935881138,6,1
8095,7.181565160863101e-05,9,1
8096,0.9456504583358765,1,3
8097,0.29498469829559326,2,1
8098,0.45422694087028503,3,2
8099,0.17917709052562714,2,1
8100,0.005940278992056847,5,1
8101,0.0006487686187028885,6,1
8102,0.00026372785214334726,6,1
8103,9.544190834276378e-05,9,1
8104,0.13071368634700775,3,1
8105,0.9951531291007996,1,2
8106,0.7431575655937195,2,3
8107,0.9993477463722229,1,5
8108,0.05002420395612717,3,1
8109,0.00035077010397799313,7,1
8110,0.0746917575597763,3,1
8111,8.944002183852717e-05,8,1
8112,0.7027690410614014,1,2
8113,0.9881680011749268,1,2
8114,0.9980693459510803,1,3
8115,0.991902232170105,1,2
8116,0.0015117153525352478,4,1
8117,0.001517780008725822,5,1
8118,0.00016831388347782195,7,1
8119,0.00016457155288662761,7,1
8120,0.9895930290222168,1,2
8121,0.4710652530193329,2,1
8122,0.9884244799613953,1,2
8123,0.48509344458580017,2,1
8124,0.027557965368032455,3,1
8125,0.00818871520459652,4,1
8126,0.008507376536726952,4,1
8127,0.012660238891839981,5,1
8128,0.9957486391067505,1,3
8129,0.9891915917396545,1,3
8130,0.9995876550674438,1,3
8131,0.9998993873596191,1,6
8132,0.34214478731155396,3,2
8133,0.0023620103020220995,6,1
8134,0.03323191776871681,3,1
8135,0.006791716907173395,5,1
8136,0.7551681399345398,2,3
8137,0.049993786960840225,3,1
8138,0.06909608840942383,3,2
8139,0.0015860353596508503,7,1
8140,0.0007892021676525474,6,1
8141,0.00015996179718058556,8,1
8142,0.00015502651513088495,6,1
8143,7.364895282080397e-05,9,1
8144,0.9948694109916687,2,3
8145,0.999945878982544,1,5
8146,0.936047375202179,2,3
8147,0.999726414680481,1,5
8148,0.00044274621177464724,5,1
8149,0.0070166210643947124,5,1
8150,0.0003963439667131752,6,1
8151,0.009163719601929188,5,1
8152,0.937675952911377,2,3
8153,0.9996110200881958,1,3
8154,0.8309541344642639,2,3
8155,0.9990321397781372,1,3
8156,0.059642381966114044,3,2
8157,0.44290709495544434,2,1
8158,0.010519631206989288,3,2
8159,0.03137488290667534,2,1
8160,0.9066904187202454,1,3
8161,0.9955797791481018,1,2
8162,0.5435314178466797,2,3
8163,0.9898691773414612,1,2
8164,0.00031811947701498866,6,1
8165,0.00011669522064039484,7,1
8166,0.0007396439905278385,4,1
8167,8.55073012644425e-05,8,1
8168,0.9950088858604431,1,4
8169,0.9991864562034607,1,4
8170,0.9988029599189758,1,4
8171,0.9986923336982727,1,4
8172,0.0023971369955688715,7,1
8173,0.002136537106707692,7,1
8174,0.0005026209400966763,9,1
8175,0.0006151102716103196,8,1
8176,0.9980817437171936,1,4
8177,0.9993852376937866,1,4
8178,0.9997429251670837,1,4
8179,0.9996641874313354,1,4
8180,0.9742212295532227,2,4
8181,0.9702067971229553,2,4
8182,0.9984917640686035,1,4
8183,0.9942587018013,1,4
8184,0.9952760934829712,1,3
8185,0.9915739297866821,1,2
8186,0.999290406703949,1,3
8187,0.999680757522583,1,3
8188,0.004562128335237503,4,1
8189,0.0015715921763330698,5,1
8190,0.0004994626506231725,5,1
8191,0.0007483027875423431,6,1
8192,0.4814915955066681,4,3
8193,0.998215913772583,1,4
8194,0.21017128229141235,4,2
8195,0.9888071417808533,1,3
8196,0.3126991093158722,2,1
8197,0.5894070267677307,1,2
8198,0.3404926657676697,3,1
8199,0.9562453627586365,1,2
8200,0.255182683467865,3,1
8201,0.9034351110458374,1,2
8202,0.7068713903427124,1,3
8203,0.9303807020187378,1,2
8204,0.008246473036706448,6,1
8205,0.0007246001623570919,8,1
8206,0.0002737242612056434,7,1
8207,0.0001800834434106946,9,1
8208,0.956378161907196,1,3
8209,0.9992449283599854,1,3
8210,0.9889708757400513,1,3
8211,0.9996442794799805,1,4
8212,0.0008348004776053131,5,1
8213,0.0007463835645467043,8,1
8214,0.0005013520712964237,5,1
8215,0.000240855646552518,8,1
8216,0.9998651146888733,1,3
8217,0.9999548196792603,1,5
8218,0.9993805885314941,1,3
8219,0.9998614192008972,1,5
8220,0.00045465517905540764,5,1
8221,0.000755386718083173,7,1
8222,0.0003672220336738974,6,1
8223,0.00024668461992405355,7,1
8224,0.9972006678581238,1,3
8225,0.9996300339698792,1,4
8226,0.9973061084747314,1,3
8227,0.999356746673584,1,4
8228,0.009657956659793854,4,1
8229,0.0020283462945371866,5,1
8230,0.0034883536864072084,3,1
8231,0.00012178221368230879,7,1
8232,0.9898027777671814,1,4
8233,0.952888548374176,1,3
8234,0.7581216096878052,1,2
8235,0.9855371713638306,1,3
8236,0.0016816314309835434,6,1
8237,0.014179016463458538,3,1
8238,0.002645533299073577,4,1
8239,0.03925253078341484,3,1
8240,0.9999046325683594,1,5
8241,0.9999896287918091,1,9
8242,0.9914388656616211,1,3
8243,0.999955415725708,1,4
8244,0.0010188589803874493,5,1
8245,0.0005592594388872385,5,1
8246,7.342630851780996e-05,9,1
8247,9.165536903310567e-05,10,1
8248,0.9993970990180969,1,3
8249,0.9998995661735535,1,3
8250,0.99950110912323,1,3
8251,0.9999696016311646,1,4
8252,0.023068837821483612,4,1
8253,0.0007583443657495081,7,1
8254,0.00030851506744511425,7,1
8255,0.00011429277947172523,10,1
8256,0.7556730508804321,1,2
8257,0.9985479712486267,1,3
8258,0.994687020778656,1,3
8259,0.9998212456703186,1,3
8260,0.004327625501900911,6,1
8261,0.007846649736166,4,2
8262,0.0003601395001169294,8,1
8263,0.0016686721937730908,4,1
8264,0.0009738334338180721,5,1
8265,0.9999215006828308,1,7
8266,0.6890575289726257,1,2
8267,0.9999285936355591,1,7
8268,0.009882441721856594,4,1
8269,0.004771724808961153,5,1
8270,0.0029081774409860373,4,1
8271,0.0021717525087296963,6,1
8272,0.9991358518600464,1,3
8273,0.9967904090881348,1,3
8274,0.9936483502388,1,3
8275,0.9979619979858398,1,3
8276,0.0009171657147817314,5,1
8277,0.0029125595465302467,3,1
8278,0.0005324874655343592,5,1
8279,0.0012418136466294527,4,1
8280,0.20581872761249542,2,1
8281,0.9463746547698975,1,2
8282,0.7004294991493225,1,2
8283,0.9711782336235046,1,2
8284,0.002107710111886263,4,1
8285,0.001072415616363287,4,1
8286,0.004503380041569471,4,1
8287,0.0053197527304291725,3,1
8288,0.9999623894691467,1,7
8289,0.9999343156814575,1,7
8290,0.9999471306800842,1,6
8291,0.999972403049469,1,8
8292,0.0058933342806994915,3,1
8293,0.01947784796357155,3,1
8294,0.015814926475286484,3,1
8295,0.014193536713719368,3,1
8296,0.9481732845306396,1,2
8297,0.886107325553894,1,2
8298,0.21354594826698303,2,1
8299,0.4993860125541687,2,1
8300,0.0048992508091032505,4,1
8301,0.0009716018103063107,6,1
8302,0.003995709586888552,4,1
8303,0.0012586285592988133,6,1
8304,0.9999486207962036,1,7
8305,0.9998868107795715,1,6
8306,0.9998767375946045,1,5
8307,0.999940037727356,1,6
8308,0.045747991651296616,3,1
8309,0.05155782401561737,3,1
8310,0.09855915606021881,2,1
8311,0.24648453295230865,2,1
8312,0.9986329078674316,1,3
8313,0.9997010231018066,1,4
8314,0.999626636505127,1,3
8315,0.9998870491981506,1,5
8316,0.0024814994540065527,4,1
8317,0.005653487518429756,5,1
8318,0.09915339946746826,3,1
8319,0.09681924432516098,2,1
8320,0.9994451999664307,1,3
8321,0.9993706941604614,1,6
8322,0.9998039603233337,1,3
8323,0.9994966983795166,1,4
8324,0.00707254046574235,3,1
8325,0.0015613773139193654,5,1
8326,0.0011295482981950045,5,1
8327,0.0008444841951131821,6,1
8328,0.9966028332710266,1,3
8329,0.9994971752166748,1,6
8330,0.9997686147689819,1,3
8331,0.9996793866157532,1,6
8332,0.03191814571619034,3,1
8333,0.029409591108560562,2,1
8334,0.016036909073591232,3,1
8335,0.08554357290267944,2,1
8336,0.00200914079323411,3,1
8337,0.5248235464096069,1,2
8338,0.002792410319671035,3,1
8339,0.6445564031600952,1,2
8340,0.11683300882577896,2,1
8341,0.03796358406543732,5,1
8342,0.13482101261615753,2,1
8343,0.15991351008415222,4,1
8344,0.9978439211845398,1,3
8345,0.3414573669433594,5,2
8346,0.9903152585029602,1,3
8347,0.5101292729377747,2,3
8348,0.010804451070725918,3,1
8349,0.08273737132549286,4,1
8350,0.016553953289985657,3,1
8351,0.01997174136340618,5,1
8352,0.9983817934989929,1,4
8353,0.9765534400939941,1,2
8354,0.9984757900238037,1,3
8355,0.9901824593544006,1,2
8356,0.014222167432308197,4,1
8357,0.0008671118994243443,7,1
8358,0.0020374224986881018,4,1
8359,0.00045926246093586087,7,1
8360,0.9925407767295837,1,3
8361,0.9928472638130188,1,3
8362,0.9504178762435913,1,3
8363,0.9843748211860657,1,3
8364,0.001010883948765695,7,1
8365,0.000536433479283005,8,1
8366,0.0009769622702151537,7,1
8367,0.0006653575110249221,8,1
8368,0.997888445854187,1,3
8369,0.7840121984481812,1,3
8370,0.9924846291542053,2,3
8371,0.5558586716651917,2,3
8372,0.027597887441515923,3,2
8373,0.005758664570748806,4,1
8374,0.12785306572914124,3,2
8375,0.006879436317831278,4,1
8376,0.9829769134521484,1,3
8377,0.7548583745956421,1,3
8378,0.972479522228241,1,3
8379,0.596365213394165,1,2
8380,0.3938307464122772,5,4
8381,0.10497985780239105,6,1
8382,0.0007712023216299713,6,1
8383,0.0019100623903796077,7,1
8384,0.9551395773887634,1,2
8385,0.9926783442497253,1,4
8386,0.9931744933128357,1,2
8387,0.9942976832389832,1,3
8388,0.043381866067647934,4,2
8389,0.006698081269860268,6,1
8390,0.008705212734639645,4,1
8391,0.0015337420627474785,7,1
8392,0.017844200134277344,3,2
8393,0.9997830986976624,1,3
8394,0.03082430362701416,3,2
8395,0.9999108910560608,1,7
8396,0.010937528684735298,3,2
8397,0.001565918093547225,7,1
8398,0.0037583010271191597,3,2
8399,0.0005841192905791104,8,1
8400,0.09191884100437164,3,2
8401,0.9980667233467102,1,3
8402,0.05691513791680336,3,2
8403,0.9990147352218628,1,3
8404,0.014430192299187183,3,1
8405,0.010120785795152187,5,1
8406,0.016865216195583344,3,2
8407,0.0020435061305761337,5,1
8408,0.43194153904914856,3,2
8409,0.9837206602096558,1,2
8410,0.9974746704101562,1,3
8411,0.9940293431282043,1,2
8412,0.000595001270994544,5,1
8413,0.0019041599007323384,6,1
8414,0.0001544233236927539,6,1
8415,0.00043986746459268034,8,1
8416,0.9998657703399658,1,3
8417,0.9996694326400757,1,5
8418,0.999152660369873,1,3
8419,0.9994992017745972,1,5
8420,0.00034391661756671965,5,1
8421,0.0021155818831175566,5,1
8422,0.00023274779960047454,5,1
8423,0.0006458188290707767,7,1
8424,0.9917977452278137,2,3
8425,0.9996780157089233,1,3
8426,0.9986482262611389,1,3
8427,0.9999394416809082,1,5
8428,0.15471795201301575,3,2
8429,0.0811736211180687,3,2
8430,0.00034824671456590295,5,1
8431,0.0023987027816474438,4,1
8432,0.9763587117195129,2,3
8433,0.9927168488502502,1,3
8434,0.9977914094924927,1,3
8435,0.9993066191673279,1,3
8436,0.4127305746078491,3,2
8437,0.06009013205766678,3,2
8438,0.09770547598600388,3,2
8439,0.41081753373146057,3,2
8440,0.18537083268165588,3,2
8441,0.9873890280723572,1,5
8442,0.8670191764831543,2,3
8443,0.9902058243751526,1,3
8444,0.0005851236055605114,5,1
8445,0.0006141294143162668,7,1
8446,0.0010060807690024376,4,1
8447,0.00030585433705709875,8,1
8448,0.9998726844787598,1,6
8449,0.9992316961288452,1,6
8450,0.9999386668205261,1,7
8451,0.9998312592506409,1,7
8452,0.0071443128399550915,5,1
8453,0.0018584461649879813,5,1
8454,0.0005103870644234121,7,1
8455,0.0005876765353605151,8,1
8456,0.989978015422821,1,2
8457,0.9731698036193848,1,2
8458,0.9994640350341797,1,3
8459,0.9764966368675232,1,2
8460,0.0006410258356481791,4,1
8461,0.0005905590951442719,6,1
8462,0.0006381404236890376,4,1
8463,0.00025042035849764943,6,1
8464,0.9994449615478516,1,3
8465,0.9965688586235046,1,3
8466,0.9984528422355652,1,3
8467,0.9927921295166016,1,2
8468,0.00020652878447435796,6,1
8469,0.00216082064434886,5,1
8470,0.0016849059611558914,4,1
8471,0.0005449075833894312,6,1
8472,0.18046586215496063,3,2
8473,0.8998904824256897,1,2
8474,0.04444350674748421,3,2
8475,0.628679096698761,1,2
8476,0.006211692467331886,5,1
8477,0.0008738908800296485,8,1
8478,0.0011021689279004931,5,1
8479,0.0006353970966301858,8,1
8480,0.18380896747112274,3,2
8481,0.06727149337530136,4,1
8482,0.03196562081575394,3,2
8483,0.030662892386317253,6,1
8484,0.000619484344497323,6,1
8485,0.00016435855650343,9,1
8486,0.000261094217421487,7,1
8487,0.00011408620775910094,10,1
8488,0.9939509630203247,1,3
8489,0.9995084404945374,1,4
8490,0.7613702416419983,2,3
8491,0.995376467704773,1,3
8492,0.006211692467331886,5,1
8493,0.0008738908800296485,8,1
8494,0.0011021689279004931,5,1
8495,0.0006353970966301858,8,1
8496,0.9690396785736084,1,3
8497,0.9981709718704224,1,2
8498,0.6234781742095947,2,3
8499,0.9942398071289062,1,2
8500,0.007862156257033348,5,2
8501,0.0007086285622790456,8,1
8502,0.0008247264195233583,6,1
8503,0.0005381261580623686,8,1
8504,0.998745322227478,1,3
8505,0.9919061064720154,1,3
8506,0.9998769164085388,1,5
8507,0.9975476264953613,1,3
8508,0.0025965969543904066,4,1
8509,0.001125786337070167,6,1
8510,0.0016502693761140108,5,1
8511,0.0003410585632082075,7,1
8512,0.9985365271568298,1,5
8513,0.9894723892211914,1,3
8514,0.9978369474411011,1,3
8515,0.8817298412322998,1,2
8516,0.008893124759197235,4,1
8517,0.0018108801450580359,6,1
8518,0.0007086952100507915,5,1
8519,0.0002499681431800127,7,1
8520,0.9952454566955566,1,5
8521,0.9959481954574585,1,2
8522,0.9816280603408813,1,3
8523,0.9965007305145264,1,2
8524,0.002945546992123127,6,1
8525,0.0002660981845110655,6,1
8526,0.00017935509094968438,6,1
8527,0.00010277463297825307,7,1
8528,0.9998990893363953,1,3
8529,0.9986019730567932,1,3
8530,0.9999688267707825,1,5
8531,0.9988597631454468,1,3
8532,0.0022598046343773603,6,1
8533,0.0017716531874611974,5,1
8534,0.002372651593759656,5,1
8535,0.0002456674992572516,7,1
8536,0.0018929336220026016,8,1
8537,0.9424070119857788,1,2
8538,0.0011238249717280269,8,1
8539,0.9773330688476562,1,2
8540,0.001298420480452478,6,1
8541,0.00025348717463202775,6,1
8542,0.0006396470125764608,7,1
8543,0.0001540215889690444,8,1
8544,0.9914223551750183,1,3
8545,0.7158605456352234,1,2
8546,0.9590477347373962,2,3
8547,0.8906998634338379,1,2
8548,0.002573188627138734,5,1
8549,0.04589999467134476,4,1
8550,0.0011552043724805117,5,1
8551,0.010462496429681778,5,1
8552,0.3689975142478943,3,1
8553,0.9800406694412231,1,2
8554,0.9998372793197632,1,3
8555,0.9972566366195679,1,4
8556,0.02252882346510887,5,2
8557,0.02263089083135128,5,1
8558,0.02887856215238571,4,2
8559,0.020118141546845436,5,1
8560,0.4491674602031708,3,2
8561,0.9886860847473145,1,3
8562,0.36617159843444824,3,2
8563,0.9985734820365906,1,4
8564,0.8692938685417175,2,3
8565,0.005711407400667667,5,1
8566,0.51978999376297,2,3
8567,0.000537528598215431,6,1
8568,0.9810713529586792,1,3
8569,0.9905418157577515,1,3
8570,0.9234461784362793,1,3
8571,0.9987757802009583,1,6
8572,0.001168272690847516,5,1
8573,0.0026889932341873646,5,1
8574,0.0003369015466887504,6,1
8575,0.0004202775890007615,7,1
8576,0.9974434971809387,1,5
8577,0.9989696741104126,1,4
8578,0.9995273351669312,1,3
8579,0.9998422861099243,1,5
8580,0.16334177553653717,3,1
8581,0.23180462419986725,2,1
8582,0.44041046500205994,3,2
8583,0.6428647041320801,1,2
8584,0.014404202811419964,4,2
8585,0.754804790019989,1,2
8586,0.0047371480613946915,5,2
8587,0.7573657035827637,1,2
8588,0.0008852534811012447,6,1
8589,0.0005899262032471597,7,1
8590,0.0011896061478182673,5,1
8591,0.00039033315260894597,7,1
8592,0.5814730525016785,2,3
8593,0.07344445586204529,5,1
8594,0.4769798517227173,3,2
8595,0.031188633292913437,2,1
8596,0.002391745103523135,6,1
8597,0.0003416734398342669,7,1
8598,0.00015716893540229648,7,1
8599,0.00016653379134368151,8,1
8600,0.9995872378349304,1,6
8601,0.9987295269966125,1,4
8602,0.9976789951324463,1,4
8603,0.9965407252311707,1,3
8604,0.007509905844926834,6,1
8605,0.01015794463455677,5,1
8606,0.015532770194113255,5,1
8607,0.008634507656097412,5,1
8608,0.9816015362739563,1,4
8609,0.9575982689857483,1,3
8610,0.9975317716598511,1,4
8611,0.9988207817077637,1,3
8612,0.2682017683982849,4,1
8613,0.16661767661571503,4,1
8614,0.1939709484577179,2,1
8615,0.018155736848711967,5,1
8616,0.9997666478157043,1,7
8617,0.9997543096542358,1,6
8618,0.9995322227478027,1,6
8619,0.9998467564582825,1,6
8620,0.002228147117421031,5,1
8621,0.0005840008961968124,6,1
8622,0.0006561535410583019,7,1
8623,0.00021521831513382494,6,1
8624,0.9988401532173157,1,5
8625,0.995575487613678,1,4
8626,0.9994981288909912,1,4
8627,0.9994904398918152,1,4
8628,0.003031752072274685,7,1
8629,0.0002879563835449517,6,1
8630,0.0007171198376454413,7,1
8631,0.0002111228386638686,7,1
8632,0.9990068078041077,1,5
8633,0.9961138367652893,1,4
8634,0.9982759952545166,1,5
8635,0.9849897623062134,1,3
8636,0.0012234250316396356,5,1
8637,0.00021289681899361312,8,1
8638,0.00024172129633370787,6,1
8639,0.00019183108815923333,8,1
8640,0.7861950397491455,1,3
8641,0.9029620289802551,1,2
8642,0.4088074564933777,2,1
8643,0.4398609697818756,2,1
8644,0.4810603857040405,3,2
8645,0.09180707484483719,2,1
8646,0.5770520567893982,2,3
8647,0.11106155067682266,2,1
8648,0.9780574440956116,1,3
8649,0.9657843708992004,1,2
8650,0.9929481744766235,1,3
8651,0.9910287857055664,1,2
8652,0.010377597063779831,5,1
8653,0.0005916294176131487,6,1
8654,0.022659819573163986,3,1
8655,0.00013341302110347897,7,1
8656,0.6721750497817993,1,2
8657,0.7042725086212158,1,2
8658,0.930155336856842,1,3
8659,0.2131214588880539,2,1
8660,0.00019523134687915444,7,1
8661,0.00013210800534579903,8,1
8662,9.966834477381781e-05,7,1
8663,6.16928591625765e-05,9,1
8664,0.9913599491119385,1,3
8665,0.9987307190895081,1,3
8666,0.9008182287216187,1,3
8667,0.9535008072853088,1,2
8668,0.00010044463851954788,7,1
8669,0.00012048107601003721,9,1
8670,5.947932004346512e-05,7,1
8671,7.008511602180079e-05,9,1
8672,0.0017129384214058518,3,1
8673,0.9994807243347168,1,3
8674,0.0014877327485010028,3,1
8675,0.9952778220176697,1,2
8676,0.012232331559062004,5,1
8677,0.0010580853559076786,8,1
8678,0.00610361760482192,3,1
8679,0.0004528359859250486,10,1
8680,0.9976816177368164,1,3
8681,0.999972403049469,1,6
8682,0.9936365485191345,1,3
8683,0.9999663829803467,1,7
8684,0.0006115796859376132,6,1
8685,0.0016981050139293075,7,1
8686,0.09659769386053085,3,1
8687,0.0012610947014763951,8,1
8688,0.9999581575393677,1,8
8689,0.9999611377716064,1,10
8690,0.9996717572212219,1,3
8691,0.9999306797981262,1,6
8692,0.0007261596038006246,5,1
8693,0.0005538487457670271,8,1
8694,0.0004836866573896259,6,1
8695,0.00029562896816059947,7,1
8696,0.9987357258796692,1,3
8697,0.9991946220397949,1,5
8698,0.9991768598556519,1,3
8699,0.999821662902832,1,6
8700,0.004783764015883207,6,1
8701,0.46246567368507385,2,1
8702,0.09577936679124832,4,2
8703,0.4124520719051361,2,1
8704,0.2786911725997925,3,1
8705,0.9982135891914368,1,6
8706,0.9849204421043396,1,3
8707,0.9982441067695618,1,6
8708,0.0009476648992858827,5,1
8709,0.0003942662733606994,8,1
8710,0.0007287448970600963,5,1
8711,0.0007364804623648524,8,1
8712,0.7958194017410278,1,3
8713,0.04101044312119484,5,1
8714,0.9917463660240173,1,3
8715,0.024022236466407776,4,1
8716,0.03680358827114105,3,1
8717,0.0071936845779418945,6,1
8718,0.18370570242404938,3,1
8719,0.0022559345234185457,6,1
8720,0.1474999338388443,3,1
8721,0.9780590534210205,1,2
8722,0.023262521252036095,3,1
8723,0.9805261492729187,1,2
8724,0.00015169802645687014,8,1
8725,0.00023533360217697918,7,1
8726,0.002259595086798072,4,1
8727,0.0013687022728845477,7,1
8728,0.0061612785793840885,7,1
8729,0.3053962290287018,2,1
8730,0.22981524467468262,2,1
8731,0.6822068095207214,1,2
8732,0.1537083238363266,4,1
8733,0.3069511353969574,3,1
8734,0.03236076980829239,5,1
8735,0.19438157975673676,3,1
8736,0.9900379180908203,1,5
8737,0.872550904750824,1,4
8738,0.7667006254196167,1,2
8739,0.15652573108673096,2,1
8740,0.49437543749809265,2,1
8741,0.14107610285282135,2,1
8742,0.2649244964122772,2,1
8743,0.3159843683242798,2,1
8744,0.0036659350153058767,4,1
8745,0.002579453866928816,5,1
8746,0.028321364894509315,3,1
8747,0.10201342403888702,2,1
8748,0.024753183126449585,6,1
8749,0.007410370744764805,6,1
8750,0.003269467270001769,7,1
8751,0.00600183941423893,6,1
8752,0.9910789132118225,1,3
8753,0.9998120069503784,1,3
8754,0.8726038932800293,1,3
8755,0.9991533756256104,1,3
8756,0.001126255257986486,6,1
8757,0.018877916038036346,3,1
8758,0.0001825150102376938,8,1
8759,0.004989353008568287,4,1
8760,0.09083729982376099,3,1
8761,0.9483851790428162,1,3
8762,0.006885439623147249,3,1
8763,0.9685800075531006,1,3
8764,0.0037326253950595856,7,1
8765,0.9665040373802185,1,3
8766,0.92128986120224,1,3
8767,0.8835941553115845,1,3
8768,0.06523679941892624,3,1
8769,0.7643866539001465,1,3
8770,0.1944538801908493,3,1
8771,0.39323171973228455,3,1
8772,0.9411637187004089,1,3
8773,0.9901013970375061,1,3
8774,0.6669964790344238,1,3
8775,0.9965658187866211,1,3
8776,0.9982544779777527,1,3
8777,0.9985558986663818,1,3
8778,0.9970310926437378,1,3
8779,0.9958134889602661,1,4
8780,0.002928890520706773,4,1
8781,0.00024964657495729625,6,1
8782,0.00030193428392522037,6,1
8783,8.089617040241137e-05,8,1
8784,0.983506977558136,1,2
8785,0.9563713669776917,1,2
8786,0.9994967579841614,1,3
8787,0.9482449889183044,1,2
8788,0.020077142864465714,2,1
8789,0.0006771345506422222,6,1
8790,0.004005779512226582,4,1
8791,0.0007336868438869715,7,1
8792,0.3076421320438385,3,2
8793,0.8593991994857788,2,3
8794,0.4833756983280182,3,2
8795,0.8739534020423889,2,3
8796,0.008204313926398754,3,1
8797,0.009859531186521053,4,1
8798,0.0750482827425003,3,2
8799,0.024233391508460045,4,1
8800,0.9999852776527405,1,9
8801,0.9999909996986389,1,9
8802,0.998157262802124,1,3
8803,0.9994981288909912,1,4
8804,0.0013141549425199628,9,2
8805,0.006613084580749273,8,2
8806,0.0004449209664016962,9,1
8807,0.0007143317488953471,9,1
8808,0.004321440123021603,4,1
8809,0.0934118703007698,4,1
8810,0.009191526100039482,3,1
8811,0.04806974530220032,3,1
8812,0.004837425891309977,5,1
8813,0.0009316133800894022,6,1
8814,0.00040794399683363736,6,1
8815,0.0007048213738016784,7,1
8816,0.9803311824798584,1,5
8817,0.9874072670936584,1,5
8818,0.9545167684555054,1,3
8819,0.9802252054214478,1,5
8820,0.0034176968038082123,5,1
8821,0.0013533377787098289,6,1
8822,0.0036823817063122988,3,1
8823,0.004572403617203236,5,1
8824,0.979996919631958,1,2
8825,0.9807600378990173,1,4
8826,0.9405504465103149,1,2
8827,0.9930881857872009,1,5
8828,0.10767991840839386,2,1
8829,0.08301565051078796,3,1
8830,0.12662842869758606,2,1
8831,0.08286239951848984,3,1
8832,0.04571199044585228,4,1
8833,0.03659319132566452,5,1
8834,0.015447174198925495,4,1
8835,0.08668085932731628,2,1
8836,0.10929546505212784,5,1
8837,0.4920627176761627,3,2
8838,0.014328793622553349,6,1
8839,0.04198805242776871,5,1
8840,0.951724648475647,1,3
8841,0.8177260160446167,1,2
8842,0.5392575263977051,1,2
8843,0.9508225917816162,1,2
8844,0.0019613676704466343,8,1
8845,0.0008209940860979259,8,1
8846,0.00012874091044068336,9,1
8847,0.0001502462400821969,8,1
8848,0.9970938563346863,1,3
8849,0.9994345903396606,1,5
8850,0.9365224838256836,1,3
8851,0.9994508028030396,1,5
8852,0.0005108905024826527,7,1
8853,0.0037884230259805918,6,1
8854,0.00042765893158502877,7,1
8855,0.003042148193344474,6,1
8856,0.9999021291732788,1,4
8857,0.9999858736991882,1,10
8858,0.9993014335632324,1,3
8859,0.9999764561653137,1,8
8860,0.6784736514091492,2,5
8861,0.9366884231567383,1,5
8862,0.0003738949599210173,7,1
8863,0.002326881280168891,6,1
8864,0.8757609724998474,1,2
8865,0.998802661895752,1,2
8866,0.9336894750595093,1,2
8867,0.9984332919120789,1,2
8868,0.00029290656675584614,6,1
8869,0.012478762306272984,3,1
8870,0.004318796098232269,4,1
8871,0.022862305864691734,3,1
8872,0.9959993958473206,1,4
8873,0.993569552898407,1,4
8874,0.956197202205658,1,3
8875,0.9344433546066284,1,2
8876,0.028667453676462173,5,1
8877,0.014064781367778778,5,1
8878,0.0022751709911972284,7,1
8879,0.0005908604362048209,8,1
8880,0.999322772026062,1,5
8881,0.9998297691345215,1,5
8882,0.9976615309715271,1,3
8883,0.9989603161811829,1,4
8884,0.08548539876937866,3,1
8885,0.0027349195443093777,5,1
8886,0.001483720843680203,5,1
8887,0.0009566951193846762,6,1
8888,0.1752931773662567,2,1
8889,0.9151528477668762,1,2
8890,0.6076202988624573,1,2
8891,0.9282943606376648,1,2
8892,0.0007894234731793404,5,1
8893,0.00016986389528028667,8,1
8894,0.0001542772224638611,7,1
8895,9.242906526196748e-05,9,1
8896,0.9965949654579163,1,3
8897,0.9991083145141602,1,3
8898,0.9489189982414246,1,3
8899,0.9838148951530457,1,2
8900,0.02491402067244053,5,1
8901,0.025470759719610214,6,1
8902,0.02083493396639824,3,1
8903,0.0033000176772475243,7,1
8904,0.9997709393501282,1,3
8905,0.9999533891677856,1,8
8906,0.9985039234161377,1,3
8907,0.999616265296936,1,6
8908,0.03132671117782593,5,1
8909,0.0036571284290403128,8,1
8910,0.003300753654912114,4,1
8911,0.0015208582626655698,8,1
8912,0.940511167049408,1,3
8913,0.862591564655304,1,2
8914,0.9672225713729858,1,3
8915,0.9553930759429932,1,2
8916,0.5206143260002136,2,3
8917,0.9715521335601807,1,2
8918,0.46838968992233276,3,2
8919,0.49515506625175476,2,1
8920,0.9718214273452759,1,3
8921,0.41815346479415894,2,1
8922,0.973846971988678,1,3
8923,0.7991268038749695,1,2
8924,0.0021182659547775984,4,1
8925,0.00919477641582489,3,1
8926,0.0009013513335958123,4,1
8927,0.0008576502441428602,6,1
8928,0.9484652280807495,1,3
8929,0.999635636806488,1,4
8930,0.9558948278427124,1,3
8931,0.9997122287750244,1,4
8932,0.009566743858158588,5,1
8933,0.004449805244803429,5,1
8934,0.002165538491681218,5,1
8935,0.0007085312972776592,5,1
8936,0.9998520612716675,1,3
8937,0.9999252557754517,1,6
8938,0.9999467730522156,1,5
8939,0.9999788403511047,1,7
8940,0.10348227620124817,5,4
8941,0.03563118726015091,5,1
8942,0.011336756870150566,5,1
8943,0.005543574690818787,6,1
8944,0.9994291663169861,1,3
8945,0.9989368915557861,1,5
8946,0.9982724785804749,1,3
8947,0.9995570182800293,1,5
8948,0.0010406061774119735,6,1
8949,0.0006298708030954003,6,1
8950,0.00032092106994241476,7,1
8951,0.00023250859521795064,8,1
8952,0.9261082410812378,2,3
8953,0.984856903553009,1,2
8954,0.3337045907974243,3,2
8955,0.954170286655426,1,2
8956,0.8450449705123901,2,3
8957,0.9920105338096619,1,2
8958,0.8080283999443054,2,3
8959,0.9965221881866455,1,2
8960,0.9965405464172363,1,3
8961,0.999146044254303,1,2
8962,0.9982553720474243,1,3
8963,0.9997343420982361,1,3
8964,0.0011082669952884316,6,1
8965,0.0004556903732009232,6,1
8966,0.0006519888993352652,5,1
8967,0.0002409063308732584,8,1
8968,0.9458848834037781,1,3
8969,0.9999247193336487,1,5
8970,0.9977200627326965,1,3
8971,0.9998663663864136,1,4
8972,0.0032044181134551764,5,1
8973,0.0004985525156371295,6,1
8974,0.0009590499685145915,5,1
8975,0.00018761056708171964,8,1
8976,0.9457427859306335,1,3
8977,0.9983235001564026,1,4
8978,0.9925057291984558,1,3
8979,0.9996318817138672,1,4
8980,0.0010201734257861972,6,1
8981,0.0008324697846546769,7,1
8982,0.00014714349526911974,6,1
8983,0.0002937899262178689,8,1
8984,0.15859346091747284,3,2
8985,0.9990437030792236,1,4
8986,0.07940809428691864,3,2
8987,0.9990192651748657,1,4
8988,0.03503984212875366,4,2
8989,0.0050996714271605015,7,1
8990,0.0592518113553524,3,2
8991,0.002832733327522874,8,1
8992,0.9850419163703918,1,3
8993,0.9974496364593506,1,3
8994,0.9890899062156677,1,3
8995,0.9992184042930603,1,3
8996,0.0004939098143950105,6,1
8997,0.0005309316329658031,6,1
8998,0.0001572370674693957,7,1
8999,0.00034741777926683426,7,1
9000,0.9911749362945557,1,5
9001,0.9968137741088867,1,5
9002,0.9995115995407104,1,4
9003,0.9997255802154541,1,6
9004,0.033875636756420135,4,1
9005,0.004800743423402309,5,1
9006,0.0009291815222240984,5,1
9007,0.00041429162956774235,6,1
9008,0.9997717142105103,1,3
9009,0.9968018531799316,1,4
9010,0.9999388456344604,1,4
9011,0.9970874786376953,1,4
9012,0.0003598725306801498,6,1
9013,0.0007495239842683077,7,1
9014,0.0002816258347593248,5,1
9015,0.0010616478975862265,7,1
9016,0.9987136125564575,1,3
9017,0.39745405316352844,2,1
9018,0.9977510571479797,1,3
9019,0.15533654391765594,2,1
9020,0.00033581993193365633,7,1
9021,0.0003039543516933918,7,1
9022,0.0009636907489039004,5,1
9023,0.00040753924986347556,7,1
9024,0.9948509931564331,1,3
9025,0.8540012836456299,1,2
9026,0.9930343627929688,1,3
9027,0.9713717103004456,1,2
9028,0.007376527413725853,4,1
9029,0.07810697704553604,2,1
9030,0.0013437061570584774,4,1
9031,0.00632442208006978,4,1
9032,0.9984445571899414,1,3
9033,0.9985347986221313,1,2
9034,0.9986929893493652,1,3
9035,0.9993558526039124,1,2
9036,0.0011174926767125726,7,1
9037,0.00012542582408059388,7,1
9038,0.0005072853527963161,6,1
9039,0.0002371651935391128,7,1
9040,0.9954997301101685,1,3
9041,0.992947518825531,1,2
9042,0.9986097812652588,1,3
9043,0.99434894323349,1,2
9044,0.009130199439823627,4,1
9045,0.02575559727847576,2,1
9046,0.002219476969912648,4,1
9047,0.004479700233787298,4,1
9048,0.9987618923187256,1,3
9049,0.015710672363638878,5,1
9050,0.9957708120346069,1,3
9051,0.010579372756183147,5,1
9052,0.3110334277153015,3,2
9053,0.002475626999512315,8,1
9054,0.6502588391304016,2,3
9055,0.015743538737297058,5,1
9056,0.9471249580383301,1,3
9057,0.009589707478880882,4,1
9058,0.9627246856689453,1,3
9059,0.022996483370661736,3,1
9060,8.851756865624338e-05,8,1
9061,0.0007544755353592336,7,1
9062,0.0001574118505232036,7,1
9063,0.0005802387022413313,7,1
9064,0.9972558617591858,1,3
9065,0.9990764260292053,1,2
9066,0.9995908737182617,1,3
9067,0.9998272657394409,1,2
9068,0.0037035050336271524,5,1
9069,0.0001313582033617422,9,1
9070,0.0002274740836583078,7,1
9071,7.81533817644231e-05,9,1
9072,0.2668551206588745,2,1
9073,0.006880658213049173,3,1
9074,0.3088430166244507,2,1
9075,0.005341054406017065,3,1
9076,0.038008470088243484,5,1
9077,0.001933543011546135,8,1
9078,0.005367667879909277,5,1
9079,0.0006861005094833672,8,1
9080,0.9954151511192322,1,3
9081,0.6026985049247742,1,2
9082,0.8756058216094971,1,2
9083,0.2873021364212036,2,1
9084,0.0020208347123116255,6,1
9085,0.005276990123093128,7,1
9086,0.000990197528153658,6,1
9087,0.001362005714327097,8,1
9088,0.7618460059165955,1,2
9089,0.7319927215576172,1,2
9090,0.7856132984161377,1,2
9091,0.8296614289283752,1,2
9092,0.0007399170426651835,5,1
9093,0.011726084165275097,4,1
9094,0.000703544938005507,5,1
9095,0.006619208492338657,5,1
9096,0.9995323419570923,1,5
9097,0.9349713325500488,1,4
9098,0.9989975094795227,1,3
9099,0.972426176071167,1,4
9100,0.0023076047655194998,5,1
9101,0.06485424935817719,3,1
9102,0.0003895665577147156,6,1
9103,0.00899506639689207,5,1
9104,0.9755208492279053,1,3
9105,0.9985328316688538,1,4
9106,0.875627875328064,1,3
9107,0.9984086751937866,1,3
9108,0.0019834055565297604,4,1
9109,0.00032453646417707205,6,1
9110,0.0017999454867094755,3,1
9111,0.0004932679585181177,7,1
9112,0.9973440766334534,1,3
9113,0.9980959892272949,1,3
9114,0.9995720982551575,1,3
9115,0.9991650581359863,1,3
9116,0.0003622566582635045,6,1
9117,0.00010176932846661657,9,1
9118,9.953176777344197e-05,6,1
9119,6.951462273718789e-05,9,1
9120,0.9584032297134399,1,3
9121,0.9925345778465271,1,4
9122,0.9896512031555176,1,3
9123,0.9942496418952942,1,4
9124,0.0006199582130648196,5,1
9125,0.000626141729298979,8,1
9126,0.0002647015207912773,6,1
9127,0.00021686829859390855,8,1
9128,0.9967026710510254,1,3
9129,0.9940006732940674,1,4
9130,0.9996963143348694,1,3
9131,0.9993674159049988,1,4
9132,0.0017938694218173623,8,1
9133,0.0011666661594063044,7,1
9134,0.0004886786919087172,9,1
9135,0.0003578147734515369,8,1
9136,0.9983943700790405,1,3
9137,0.9950979948043823,1,5
9138,0.9996507167816162,1,3
9139,0.9988457560539246,1,5
9140,0.001373767270706594,9,1
9141,0.0007450607372447848,8,1
9142,0.0006728558801114559,7,1
9143,0.00043516678852029145,8,1
9144,0.9980303645133972,1,4
9145,0.9990896582603455,1,5
9146,0.999660074710846,1,3
9147,0.9999008178710938,1,7
9148,0.00424149539321661,5,1
9149,0.0013583180261775851,5,1
9150,0.003019549883902073,5,1
9151,0.0010697440011426806,7,1
9152,0.9603846073150635,1,3
9153,0.8154237270355225,1,3
9154,0.06894554197788239,3,2
9155,0.6817430257797241,1,2
9156,0.02439100481569767,3,1
9157,0.03669524937868118,2,1
9158,0.06272304803133011,3,2
9159,0.37299174070358276,2,1
9160,0.6189795136451721,2,3
9161,0.5258030891418457,1,2
9162,0.029368842020630836,3,1
9163,0.20236623287200928,2,1
9164,0.03972369059920311,5,1
9165,0.009149476885795593,5,1
9166,0.0006195215391926467,7,1
9167,0.001494909287430346,7,1
9168,0.99982750415802,1,4
9169,0.9606398344039917,1,2
9170,0.9997856616973877,1,4
9171,0.9835296273231506,1,4
9172,0.0010247656609863043,6,1
9173,0.08294817805290222,2,1
9174,0.00020604432211257517,6,1
9175,0.12262851744890213,2,1
9176,0.9937105178833008,1,3
9177,0.8406185507774353,1,2
9178,0.9824122786521912,1,3
9179,0.7820013165473938,1,2
9180,0.0004352798860054463,6,1
9181,0.49528372287750244,2,1
9182,0.0013865099754184484,6,1
9183,0.6154493689537048,1,2
9184,0.9998740553855896,1,8
9185,0.9995713829994202,1,5
9186,0.9942270517349243,1,3
9187,0.9976285099983215,1,4
9188,0.004589899443089962,5,1
9189,0.00509345019236207,6,1
9190,0.00230527319945395,7,1
9191,0.00296518811956048,7,1
9192,0.9997895359992981,1,4
9193,0.9996920228004456,1,5
9194,0.9997960925102234,1,4
9195,0.9996129274368286,1,5
9196,0.0011992420768365264,6,1
9197,0.0011136411922052503,7,1
9198,0.00033866375451907516,7,1
9199,0.0005517231184057891,8,1
9200,0.9999127388000488,1,5
9201,0.9998726844787598,1,7
9202,0.9999249577522278,1,5
9203,0.9999168515205383,1,7
9204,0.004416145849972963,7,1
9205,0.007050203625112772,5,1
9206,0.0012689672876149416,6,1
9207,0.0031031628604978323,7,1
9208,0.9963604807853699,1,5
9209,0.9980571269989014,1,5
9210,0.9994780421257019,1,5
9211,0.9992038607597351,1,7
9212,0.9644615054130554,1,5
9213,0.9879969954490662,1,5
9214,0.9908937811851501,1,3
9215,0.984987735748291,1,5
9216,0.9977399706840515,1,3
9217,0.9752002358436584,1,3
9218,0.9812468886375427,1,3
9219,0.9526205658912659,1,3
9220,0.0027142520993947983,5,1
9221,0.003217373974621296,5,1
9222,0.002627547597512603,5,1
9223,0.002405608305707574,6,1
9224,0.5678512454032898,1,2
9225,0.01154745277017355,4,1
9226,0.4982297718524933,2,1
9227,0.02035600133240223,4,1
9228,0.00021125136117916554,6,1
9229,0.0005032098270021379,7,1
9230,0.0002432331966701895,6,1
9231,0.001836463576182723,6,1
9232,0.9974075555801392,1,5
9233,0.06638546288013458,6,1
9234,0.9983131885528564,1,3
9235,0.036967772990465164,6,1
9236,0.028192782774567604,5,2
9237,0.002789774676784873,8,1
9238,0.00733910221606493,5,1
9239,0.0009192816214635968,8,1
9240,0.9999868273735046,1,6
9241,0.9998917579650879,1,4
9242,0.9999830722808838,1,4
9243,0.9996473789215088,1,4
9244,0.012639178894460201,6,2
9245,0.004306316841393709,8,1
9246,0.008530165068805218,6,2
9247,0.0012158247409388423,8,1
9248,0.9945231676101685,1,4
9249,0.09115483611822128,4,1
9250,0.9978728294372559,1,3
9251,0.014254576526582241,5,1
9252,0.05651040002703667,3,2
9253,0.002229382051154971,4,1
9254,0.00714234821498394,3,1
9255,0.0012319775996729732,7,1
9256,0.054779842495918274,3,2
9257,0.9857740998268127,1,3
9258,0.7696434259414673,2,3
9259,0.8153373003005981,1,2
9260,0.0009411669452674687,5,1
9261,0.0007637978415004909,6,1
9262,0.00016594967746641487,6,1
9263,0.00012020378926536068,7,1
9264,0.9998613595962524,1,3
9265,0.9998871684074402,1,4
9266,0.9997859597206116,1,3
9267,0.9991883039474487,1,3
9268,0.002081908518448472,5,1
9269,0.0006127874366939068,8,1
9270,0.000775011139921844,7,1
9271,0.00035027306876145303,8,1
9272,0.998237669467926,1,3
9273,0.9970800280570984,1,3
9274,0.9881314039230347,1,3
9275,0.9953446984291077,1,3
9276,0.00020049777231179178,8,1
9277,0.0005774831515736878,6,1
9278,0.00019554374739527702,8,1
9279,0.0003642186347860843,7,1
9280,0.9927003979682922,1,3
9281,0.998319149017334,1,3
9282,0.9990449547767639,1,3
9283,0.9989244937896729,1,3
9284,0.4199204444885254,3,2
9285,0.3941722810268402,3,2
9286,0.3820943534374237,3,2
9287,0.7924728989601135,2,3
9288,0.998394787311554,1,3
9289,0.9990522265434265,1,5
9290,0.9966984391212463,1,3
9291,0.9983208775520325,1,4
9292,0.000755870423745364,5,1
9293,0.0008855141350068152,6,1
9294,0.00035670658689923584,6,1
9295,0.00046795399975962937,6,1
9296,0.009681804105639458,5,2
9297,0.0008899427484720945,9,1
9298,0.0804506242275238,3,2
9299,0.0003498096775729209,10,1
9300,0.9988378286361694,1,3
9301,0.9997042417526245,1,4
9302,0.9998795986175537,1,3
9303,0.9987197518348694,1,4
9304,0.38077715039253235,2,1
9305,0.9983087778091431,1,3
9306,0.4681570827960968,2,1
9307,0.9995260834693909,1,3
9308,0.00791127234697342,5,1
9309,0.4917275011539459,2,1
9310,0.0988934263586998,3,1
9311,0.7272027134895325,1,2
9312,0.027386056259274483,5,1
9313,0.19771552085876465,4,1
9314,0.2000231146812439,3,1
9315,0.25103339552879333,2,1
9316,0.028504200279712677,3,1
9317,0.005308999214321375,5,1
9318,0.0010946356924250722,5,1
9319,0.0010903631336987019,7,1
9320,0.8754270076751709,1,3
9321,0.993992805480957,1,5
9322,0.8925974369049072,1,3
9323,0.9935798645019531,1,4
9324,0.028504200279712677,3,1
9325,0.005308999214321375,5,1
9326,0.0010946356924250722,5,1
9327,0.0010903631336987019,7,1
9328,0.9963390827178955,1,3
9329,0.9994856119155884,1,4
9330,0.9944397807121277,1,2
9331,0.9992873072624207,1,4
9332,0.0015556623693555593,6,1
9333,0.00017997875693254173,7,1
9334,0.0004497283371165395,6,1
9335,0.00010683835716918111,8,1
9336,0.8455235362052917,1,2
9337,0.9851566553115845,1,4
9338,0.5616497993469238,1,2
9339,0.9453518986701965,1,2
9340,0.13434700667858124,4,1
9341,0.002907736925408244,5,1
9342,0.008835011161863804,3,1
9343,0.002721350407227874,5,1
9344,0.9961414933204651,1,4
9345,0.9789597392082214,1,2
9346,0.9989843368530273,1,3
9347,0.9991634488105774,1,4
9348,0.004305094946175814,4,1
9349,0.007749334909021854,5,1
9350,0.0010008129756897688,6,1
9351,0.00040901187458075583,7,1
9352,0.5476897954940796,1,2
9353,0.9996296167373657,1,3
9354,0.9993948340415955,1,2
9355,0.9998961091041565,1,6
9356,0.0003684935800265521,7,1
9357,0.005961122922599316,5,1
9358,0.0004570979508571327,8,1
9359,0.011443888768553734,5,1
9360,0.9882201552391052,1,2
9361,0.9173981547355652,1,2
9362,0.991575300693512,1,2
9363,0.9985451102256775,1,4
9364,0.01401352696120739,5,1
9365,0.003396117128431797,6,1
9366,0.00010269287304254249,8,1
9367,0.0006613089353777468,7,1
9368,0.997511625289917,1,3
9369,0.960588812828064,1,2
9370,0.9998495578765869,1,4
9371,0.9931966066360474,1,2
9372,0.0017469124868512154,7,1
9373,0.006265285890549421,7,1
9374,0.0034121365752071142,7,1
9375,0.04114946722984314,5,1
9376,0.9986861348152161,1,3
9377,0.12037154287099838,2,1
9378,0.9988147020339966,1,3
9379,0.5942045450210571,1,2
9380,0.0011615967378020287,6,1
9381,0.0007822992047294974,6,1
9382,0.00011714414722518995,7,1
9383,0.00035757533623836935,6,1
9384,0.09937947988510132,5,1
9385,0.008547301404178143,5,1
9386,0.013290916569530964,5,1
9387,0.0015910861548036337,7,1
9388,0.006377194542437792,5,1
9389,0.00041180907282978296,8,1
9390,0.0005444216658361256,8,1
9391,0.00019818883447442204,9,1
9392,0.002044516848400235,5,1
9393,0.00026247819187119603,8,1
9394,0.00019535580941010267,9,1
9395,0.00015935624833218753,8,1
9396,0.0007487341063097119,8,1
9397,0.0007424247451126575,7,1
9398,0.00021083303727209568,9,1
9399,0.0002334776654606685,8,1
9400,0.9999545812606812,1,6
9401,0.9999925494194031,1,9
9402,0.9996929168701172,1,3
9403,0.9999778866767883,1,7
9404,0.975369393825531,1,3
9405,0.9997187852859497,1,3
9406,0.9989718794822693,1,3
9407,0.9996737837791443,1,3
9408,0.9992883205413818,1,4
9409,0.9999883770942688,1,6
9410,0.999396026134491,1,3
9411,0.99997878074646,1,4
9412,0.00882449746131897,8,2
9413,0.002184944460168481,8,1
9414,0.0010180764365941286,9,1
9415,0.0004376379947643727,11,1
9416,0.9974358081817627,1,3
9417,0.08078664541244507,3,1
9418,0.9947911500930786,1,3
9419,0.008577803149819374,3,1
9420,0.0011981056304648519,5,1
9421,0.00014424664550460875,8,1
9422,0.0006217390182428062,6,1
9423,8.570007048547268e-05,9,1
9424,0.6905850768089294,1,3
9425,0.001938308821991086,5,1
9426,0.07426749169826508,3,1
9427,0.0004260822315700352,9,1
9428,0.0001460089406464249,8,1
9429,0.00011283368075964972,8,1
9430,0.00027665551169775426,7,1
9431,5.082745701656677e-05,10,1
9432,0.9960156083106995,1,3
9433,0.9991655945777893,1,3
9434,0.9612831473350525,1,3
9435,0.9796368479728699,1,3
9436,0.000610274204518646,5,1
9437,0.00011849602014990523,8,1
9438,0.0004113646282348782,6,1
9439,4.3414958781795576e-05,10,1
9440,0.9998235106468201,1,3
9441,0.999923050403595,1,3
9442,0.9945117831230164,1,3
9443,0.9970604181289673,1,3
9444,0.0029591398779302835,5,1
9445,0.001372282626107335,6,1
9446,0.0009791064076125622,6,1
9447,0.0004287892079446465,8,1
9448,0.8597580790519714,1,2
9449,0.852713942527771,1,2
9450,0.986062228679657,1,3
9451,0.31124988198280334,2,1
9452,0.0002754704328253865,10,1
9453,0.00037900745519436896,7,1
9454,0.01044789794832468,3,1
9455,0.0001074582469300367,10,1
9456,0.9849017262458801,1,3
9457,0.9963486790657043,1,3
9458,0.9756751656532288,1,3
9459,0.9898063540458679,1,3
9460,0.021249819546937943,4,1
9461,0.0036331594455987215,5,1
9462,0.08032801747322083,3,1
9463,0.008226962760090828,4,1
9464,0.7464910745620728,1,2
9465,0.9999921321868896,1,5
9466,0.382942795753479,2,1
9467,0.9999292492866516,1,4
9468,0.3131067454814911,2,1
9469,0.009357194416224957,3,1
9470,0.12731321156024933,2,1
9471,0.0018865234451368451,4,1
9472,0.25361496210098267,2,1
9473,0.9995079636573792,1,2
9474,0.05372919514775276,2,1
9475,0.9996272921562195,1,2
9476,0.10860853642225266,2,1
9477,0.0025854867417365313,3,1
9478,0.09620149433612823,2,1
9479,0.001018233597278595,4,1
9480,0.9999321699142456,1,6
9481,0.9999452233314514,1,5
9482,0.9997618198394775,1,4
9483,0.9997121095657349,1,5
9484,0.0007287948974408209,5,1
9485,0.00018246611580252647,8,1
9486,0.000491433369461447,4,1
9487,0.00033337759668938816,8,1
9488,0.9997255802154541,1,3
9489,0.9998731017112732,1,6
9490,0.9974126815795898,1,3
9491,0.9993633031845093,1,5
9492,0.00857938826084137,5,1
9493,0.0020617442205548286,6,1
9494,0.0014949929900467396,6,1
9495,0.0004823855124413967,7,1
9496,0.9966207146644592,1,3
9497,0.9997202754020691,1,5
9498,0.997837483882904,1,3
9499,0.9980078935623169,1,5
9500,0.007581135258078575,5,1
9501,0.0024557204451411963,6,1
9502,0.0011981910793110728,6,1
9503,0.0004296235565561801,9,1
9504,0.9991853833198547,1,5
9505,0.9561548233032227,1,3
9506,0.9935933351516724,1,4
9507,0.9489469528198242,1,3
9508,0.0004410443070810288,9,1
9509,0.00016230418987106532,8,1
9510,0.0002268384996568784,11,1
9511,0.00016910253907553852,8,1
9512,0.9969131946563721,1,3
9513,0.9150645732879639,1,2
9514,0.9968282580375671,1,3
9515,0.8569015264511108,1,2
9516,0.0004886171082034707,9,1
9517,0.005823466926813126,5,1
9518,0.00011763210932258517,10,1
9519,0.03979467228055,3,1
9520,0.9993928670883179,1,4
9521,0.9995663166046143,1,5
9522,0.9827443957328796,1,3
9523,0.9991180896759033,1,5
9524,0.004683695267885923,6,1
9525,0.002436332404613495,7,1
9526,0.0004891215357929468,7,1
9527,0.001236134092323482,7,1
9528,0.9891929626464844,1,3
9529,0.9961651563644409,1,4
9530,0.9961922764778137,1,3
9531,0.9983676671981812,1,4
9532,0.0012489395448938012,6,1
9533,0.006589292082935572,5,1
9534,0.0004460139898583293,9,1
9535,0.015585703775286674,5,1
9536,0.9925069212913513,1,3
9537,0.9984233379364014,1,3
9538,0.9952172636985779,1,3
9539,0.9975403547286987,1,3
9540,0.0011021008249372244,5,1
9541,0.0005983279552310705,8,1
9542,0.00038313353434205055,6,1
9543,0.00011514419020386413,9,1
9544,0.9992675185203552,1,3
9545,0.9990451335906982,1,3
9546,0.9908692836761475,1,3
9547,0.9988164901733398,1,4
9548,0.0002311812131665647,8,1
9549,0.0001342476170975715,8,1
9550,0.0001759116566972807,7,1
9551,0.000127926716231741,8,1
9552,0.9995540380477905,1,3
9553,0.9998935461044312,1,6
9554,0.9995783567428589,1,4
9555,0.9997910857200623,1,5
9556,4.7098314098548144e-05,12,1
9557,1.977511783479713e-05,12,1
9558,2.16541866393527e-05,12,1
9559,1.7186825061799027e-05,12,1
9560,0.16328047215938568,3,1
9561,0.24928025901317596,2,1
9562,0.9129514694213867,1,3
9563,0.25791725516319275,2,1
9564,0.0005529495538212359,6,1
9565,0.00021773310436401516,9,1
9566,0.00021043654123786837,8,1
9567,0.0002092026552418247,9,1
9568,0.9997209310531616,1,3
9569,0.9990560412406921,1,3
9570,0.9894858002662659,1,3
9571,0.9761346578598022,1,2
9572,0.000988345593214035,6,1
9573,0.00016630016034469008,9,1
9574,0.0004459204792510718,7,1
9575,8.725538646103814e-05,10,1
9576,0.01453485433012247,3,1
9577,0.9949100017547607,1,3
9578,0.9805998206138611,1,3
9579,0.9919946789741516,1,2
9580,0.005082131829112768,6,1
9581,0.001557116280309856,5,1
9582,0.0025262015406042337,6,1
9583,0.000304627203149721,8,1
9584,0.9982876777648926,1,4
9585,0.999771773815155,1,4
9586,0.9879397749900818,1,3
9587,0.9961214661598206,1,3
9588,0.0010739504359662533,7,1
9589,0.00017794212908484042,9,1
9590,0.0005633537075482309,7,1
9591,0.00010373276745667681,10,1
9592,0.9977954030036926,1,5
9593,0.9986892342567444,1,5
9594,0.9993801712989807,1,7
9595,0.9997709393501282,1,6
9596,0.030767735093832016,5,1
9597,0.009426387958228588,6,1
9598,0.0022661045659333467,8,1
9599,0.0033694652374833822,7,1
9600,0.9962812066078186,1,3
9601,0.9953404664993286,1,2
9602,0.9995144009590149,1,3
9603,0.9996873140335083,1,3
9604,0.3766210377216339,2,1
9605,0.298021137714386,2,1
9606,0.9929114580154419,1,3
9607,0.07440125942230225,2,1
9608,0.9799857139587402,1,3
9609,0.9988179206848145,1,3
9610,0.9992443919181824,1,3
9611,0.9993085861206055,1,3
9612,0.04695865511894226,5,1
9613,0.018339909613132477,6,1
9614,0.013122337870299816,5,1
9615,0.00534500228241086,6,1
9616,0.9989335536956787,1,5
9617,0.9995663166046143,1,5
9618,0.9998959898948669,1,6
9619,0.9999486804008484,1,8
9620,0.015824181959033012,5,1
9621,0.006827259436249733,5,1
9622,0.004942287225276232,5,1
9623,0.015250173397362232,3,1
9624,0.9987061023712158,1,3
9625,0.9996834397315979,1,3
9626,0.9995771646499634,1,3
9627,0.9998355507850647,1,3
9628,0.5695167183876038,2,3
9629,0.9989795088768005,1,5
9630,0.9929381012916565,1,5
9631,0.99545818567276,1,4
9632,0.7700101733207703,1,3
9633,0.992942214012146,1,3
9634,0.9945856332778931,1,3
9635,0.9990957975387573,1,3
9636,0.1999438852071762,4,1
9637,0.46827808022499084,3,2
9638,0.05578220263123512,3,2
9639,0.2566955089569092,3,2
9640,0.9205062985420227,1,3
9641,0.7694047689437866,1,2
9642,0.9309206008911133,1,3
9643,0.9570594429969788,1,2
9644,0.0002751022984739393,7,1
9645,0.0020996329840272665,6,1
9646,0.0014356252504512668,5,1
9647,0.00227388646453619,6,1
9648,0.9980447888374329,1,3
9649,0.9998126029968262,1,5
9650,0.9963048100471497,1,3
9651,0.9994940161705017,1,4
9652,0.00420298520475626,5,1
9653,0.001196342404000461,8,1
9654,0.0004586965369526297,6,1
9655,0.00028774439124390483,9,1
9656,0.9999754428863525,1,4
9657,0.9998996257781982,1,4
9658,0.999967098236084,1,4
9659,0.9999178051948547,1,3
9660,0.009421727620065212,5,1
9661,0.0009683811804279685,7,1
9662,0.0014199764700606465,6,1
9663,0.00029358849860727787,9,1
9664,0.9995587468147278,1,4
9665,0.9558194875717163,1,3
9666,0.9963905215263367,1,3
9667,0.8824894428253174,1,2
9668,0.09842361509799957,3,1
9669,0.019985321909189224,3,1
9670,0.03362536430358887,3,1
9671,0.006909526884555817,5,1
9672,0.12388738989830017,3,1
9673,0.07839418202638626,3,1
9674,0.09905148297548294,3,1
9675,0.15041202306747437,2,1
9676,0.010637507773935795,5,1
9677,0.00048033398343250155,7,1
9678,0.00035294319968670607,7,1
9679,0.0001667725300649181,9,1
9680,0.998908281326294,1,3
9681,0.9935576915740967,1,2
9682,0.9988178014755249,1,3
9683,0.9692310094833374,1,2
9684,0.008961586281657219,4,1
9685,0.0036305843386799097,6,1
9686,0.0026079441886395216,4,1
9687,0.00048552697990089655,8,1
9688,0.9995447993278503,1,3
9689,0.9922793507575989,1,4
9690,0.9997469782829285,1,3
9691,0.9996437430381775,1,5
9692,0.003544738283380866,5,1
9693,0.006969785317778587,6,1
9694,0.0030319637153297663,4,1
9695,0.09521988034248352,2,1
9696,0.9990255236625671,1,3
9697,0.9997108578681946,1,3
9698,0.9998214244842529,1,4
9699,0.9997225403785706,1,3
9700,0.0026263706386089325,6,1
9701,0.0007411889964714646,6,1
9702,0.0005378547357395291,6,1
9703,0.00019272128702141345,6,1
9704,0.9991118907928467,1,3
9705,0.9978103637695312,1,3
9706,0.9994131922721863,1,3
9707,0.9980567097663879,1,3
9708,0.04836126044392586,3,1
9709,0.008727149106562138,4,1
9710,0.04422760754823685,2,1
9711,0.030646733939647675,2,1
9712,0.9975098371505737,1,5
9713,0.9997649788856506,1,6
9714,0.9999495148658752,1,7
9715,0.9999118447303772,1,7
9716,0.06733991205692291,3,1
9717,0.010982022620737553,5,1
9718,0.04983007535338402,3,1
9719,0.002903195098042488,5,1
9720,0.9985262155532837,1,5
9721,0.9994109272956848,1,5
9722,0.9989776611328125,1,4
9723,0.9997389316558838,1,6
9724,0.010879095643758774,5,1
9725,0.003211447736248374,6,1
9726,0.006186504382640123,5,1
9727,0.0014611607184633613,7,1
9728,0.9996025562286377,1,4
9729,0.9998070001602173,1,4
9730,0.9996822476387024,1,5
9731,0.9998148083686829,1,5
9732,0.587498664855957,2,5
9733,0.9506005644798279,1,7
9734,0.0022029161918908358,6,1
9735,0.00350624299608171,6,1
9736,0.6425797343254089,1,2
9737,0.9985463619232178,1,4
9738,0.9884359836578369,1,3
9739,0.9995851516723633,1,5
9740,0.047732703387737274,3,1
9741,0.0027785690035670996,5,1
9742,0.02219010330736637,3,1
9743,0.004289756529033184,4,1
9744,0.995978057384491,1,4
9745,0.9996594190597534,1,6
9746,0.9892156720161438,1,3
9747,0.9993090033531189,1,5
9748,0.1084059402346611,4,2
9749,0.03951747342944145,6,1
9750,0.011905396357178688,5,1
9751,0.004250350873917341,7,1
9752,0.9897642731666565,1,3
9753,0.9249495267868042,1,2
9754,0.8679603934288025,1,3
9755,0.9537296295166016,1,2
9756,0.9850696921348572,1,3
9757,0.9334889650344849,1,2
9758,0.9916539192199707,1,3
9759,0.978079080581665,1,2
9760,0.9998801350593567,1,5
9761,0.9994191527366638,1,6
9762,0.9994524121284485,1,4
9763,0.9986523985862732,1,6
9764,5.1385111873969436e-05,16,1
9765,0.0004063543165102601,8,1
9766,2.034592216659803e-05,21,1
9767,0.0001195446602650918,9,1
9768,0.9999074935913086,1,4
9769,0.9999328851699829,1,7
9770,0.9999653100967407,1,5
9771,0.9999072551727295,1,8
9772,0.0643308013677597,5,1
9773,0.2029334455728531,4,1
9774,0.011023510247468948,5,1
9775,0.06074678525328636,5,1
9776,0.7334301471710205,1,3
9777,0.9985890984535217,1,3
9778,0.998346745967865,1,3
9779,0.9987547397613525,1,3
9780,0.0011156004620715976,5,1
9781,0.0007737865089438856,5,1
9782,0.00022932099818717688,5,1
9783,0.00032951211323961616,7,1
9784,0.9997314214706421,1,3
9785,0.9998229742050171,1,5
9786,0.9977545738220215,1,3
9787,0.9990440607070923,1,5
9788,0.009857910685241222,5,1
9789,0.017221122980117798,6,1
9790,0.002157564042136073,5,1
9791,0.004235409665852785,7,1
9792,0.03786904737353325,3,1
9793,0.9974052309989929,1,2
9794,0.9835951328277588,1,3
9795,0.9979504942893982,1,2
9796,0.14701780676841736,3,2
9797,0.027039824053645134,3,1
9798,0.03377079218626022,3,1
9799,0.004385312087833881,6,1
9800,0.9990215301513672,1,3
9801,0.999876081943512,1,5
9802,0.9696083068847656,1,3
9803,0.998852550983429,1,4
9804,0.006919830571860075,4,1
9805,0.0006493719411082566,6,1
9806,0.0020944864954799414,4,1
9807,0.0004403184575494379,7,1
9808,0.9994888305664062,1,5
9809,0.9997424483299255,1,5
9810,0.9999094605445862,1,6
9811,0.9999035000801086,1,7
9812,0.03296878561377525,5,1
9813,0.016731489449739456,5,1
9814,0.00412412267178297,6,1
9815,0.005806613713502884,5,1
9816,0.9940404295921326,1,3
9817,0.9986619353294373,1,4
9818,0.9990483522415161,1,3
9819,0.9994334578514099,1,4
9820,0.0036264434456825256,5,1
9821,0.0010711788199841976,6,1
9822,0.0003987271629739553,7,1
9823,0.00023011505254544318,7,1
9824,0.9992824792861938,1,3
9825,0.9997546672821045,1,5
9826,0.999800980091095,1,4
9827,0.9998910427093506,1,5
9828,0.025016145780682564,5,1
9829,0.0026897438801825047,5,1
9830,0.001799198449589312,5,1
9831,0.0013799052685499191,6,1
9832,0.3825841546058655,3,2
9833,0.9998395442962646,1,3
9834,0.4984185993671417,3,2
9835,0.9996180534362793,1,3
9836,0.06845375895500183,3,2
9837,0.6633123755455017,2,3
9838,0.02984301745891571,3,2
9839,0.8526445031166077,2,3
9840,0.40362614393234253,3,2
9841,0.9998378753662109,1,3
9842,0.021077638491988182,3,1
9843,0.9997572898864746,1,3
9844,0.0005441454704850912,6,1
9845,0.0005153943202458322,6,1
9846,0.00017475956701673567,7,1
9847,0.0002969464403577149,6,1
9848,0.9997721314430237,1,3
9849,0.9999707341194153,1,5
9850,0.9980964064598083,1,3
9851,0.9998602867126465,1,4
9852,0.018179060891270638,3,1
9853,0.9696303606033325,1,3
9854,0.05495986342430115,3,1
9855,0.9805759787559509,1,3
9856,0.0015007097972556949,4,1
9857,0.9991574287414551,1,3
9858,0.0001611397892702371,7,1
9859,0.9998079538345337,1,3
9860,7.562573591712862e-05,9,1
9861,0.002887115115299821,5,1
9862,8.511536725563928e-05,8,1
9863,0.0006124230567365885,7,1
9864,0.9678732752799988,1,3
9865,0.98665452003479,1,4
9866,0.9945769906044006,1,3
9867,0.9977895021438599,1,5
9868,0.0008229426457546651,5,1
9869,0.0021527844946831465,6,1
9870,0.0005018893862143159,8,1
9871,0.0010369304800406098,7,1
9872,0.9908942580223083,1,3
9873,0.7640330195426941,1,2
9874,0.9997521042823792,1,3
9875,0.7913945913314819,1,2
9876,0.0017905391287058592,5,1
9877,0.004695096518844366,6,1
9878,0.0019459929317235947,5,1
9879,0.0029757791198790073,6,1
9880,0.9903015494346619,1,3
9881,0.14360544085502625,3,1
9882,0.9830431938171387,1,3
9883,0.2853137254714966,2,1
9884,0.29626986384391785,2,1
9885,0.02827225998044014,4,1
9886,0.08767098188400269,3,1
9887,0.02036629058420658,5,1
9888,0.9985265135765076,1,3
9889,0.009174990467727184,5,1
9890,0.9860248565673828,1,3
9891,0.10806610435247421,2,1
9892,0.0008823893149383366,7,1
9893,0.002245658775791526,5,1
9894,0.0018431480275467038,5,1
9895,0.0010727301705628633,7,1
9896,0.9999596476554871,1,6
9897,0.9999858736991882,1,9
9898,0.9999375343322754,1,5
9899,0.9999830722808838,1,8
9900,0.00040188466664403677,5,1
9901,0.00016606027202215046,7,1
9902,0.0002389664587099105,5,1
9903,9.32432449189946e-05,8,1
9904,0.9803388714790344,1,3
9905,0.9165433049201965,1,2
9906,0.892454981803894,1,3
9907,0.7520946264266968,1,2
9908,0.6953420042991638,1,3
9909,0.00013432382547762245,8,1
9910,0.6912442445755005,2,3
9911,0.00031551174470223486,7,1
9912,0.9952844381332397,1,3
9913,0.983066201210022,1,3
9914,0.9866472482681274,1,3
9915,0.9941107630729675,1,3
9916,0.13424362242221832,3,1
9917,0.000148424252984114,7,1
9918,0.009109895676374435,3,1
9919,0.00011299737525405362,8,1
9920,0.7417964935302734,2,3
9921,0.9733627438545227,1,2
9922,0.9914937615394592,1,3
9923,0.9954836368560791,1,3
9924,0.0028371529188007116,5,1
9925,0.0031363535672426224,6,1
9926,0.0009974585846066475,6,1
9927,0.0027326950803399086,7,1
9928,0.9936507940292358,1,3
9929,0.9843318462371826,1,4
9930,0.9891030192375183,1,3
9931,0.9874948859214783,1,4
9932,0.003138032741844654,4,1
9933,0.004730485379695892,5,1
9934,0.0024313649628311396,5,1
9935,0.001364074763841927,6,1
9936,0.01966097764670849,3,1
9937,0.9999224543571472,1,4
9938,0.03971048444509506,3,1
9939,0.9994121193885803,1,3
9940,0.19124744832515717,3,2
9941,0.002437165006995201,7,1
9942,0.07416301220655441,3,2
9943,0.0068855988793075085,7,2
9944,0.009209640324115753,3,1
9945,0.9985528588294983,1,3
9946,0.00433088606223464,3,1
9947,0.9979696273803711,1,3
9948,0.3809218406677246,3,2
9949,0.6483974456787109,2,3
9950,0.1053246259689331,3,1
9951,0.009376288391649723,5,1
9952,0.004275258630514145,3,1
9953,0.9998667240142822,1,3
9954,0.004084415268152952,3,1
9955,0.9994510412216187,1,3
9956,0.1227356418967247,3,1
9957,0.00042473303619772196,6,1
9958,0.048385098576545715,3,1
9959,0.00035394527367316186,7,1
9960,0.9997535943984985,1,5
9961,0.9999655485153198,1,9
9962,0.999427080154419,1,4
9963,0.999977707862854,1,9
9964,0.0017605929169803858,9,1
9965,0.0009427074692212045,8,1
9966,0.005066093057394028,7,1
9967,0.0030779452063143253,6,1
9968,0.9985083937644958,1,5
9969,0.99968022108078,1,6
9970,0.9985280632972717,1,4
9971,0.9998829364776611,1,7
9972,0.00467267632484436,6,1
9973,0.00019908579997718334,10,1
9974,0.0016959592467173934,6,1
9975,0.00013158106594346464,11,1
9976,0.9944486618041992,1,3
9977,0.9984521269798279,1,5
9978,0.9995801448822021,1,4
9979,0.9988241791725159,1,5
9980,0.011424656957387924,3,1
9981,0.00622136564925313,5,1
9982,0.17859412729740143,2,1
9983,0.04969394952058792,4,1
9984,0.994890034198761,1,2
9985,0.9998946189880371,1,8
9986,0.9997586011886597,1,5
9987,0.999972939491272,1,9
9988,0.025890443474054337,4,1
9989,0.0051160589791834354,5,1
9990,0.005622002296149731,5,1
9991,0.0007337481947615743,7,1
9992,0.9994756579399109,1,3
9993,0.9569315314292908,1,2
9994,0.9989954829216003,1,3
9995,0.9162094593048096,1,2
9996,0.0013521589571610093,8,2
9997,0.0008249444654211402,9,1
9998,0.0007734924438409507,7,1
9999,0.009919789619743824,5,1
10000,0.9998665452003479,1,7
10001,0.9999294877052307,1,6
10002,0.9992230534553528,1,4
10003,0.9996600151062012,1,6
10004,0.0011029865127056837,6,1
10005,0.0008088371250778437,8,1
10006,0.002371598035097122,5,1
10007,0.00025325032765977085,8,1
10008,0.9996687769889832,1,4
10009,0.9994375705718994,1,6
10010,0.9995033144950867,1,4
10011,0.9998111724853516,1,6
10012,0.0005740805645473301,7,1
10013,0.00018642596842255443,8,1
10014,0.0002644798660185188,7,1
10015,0.00010811001993715763,9,1
10016,0.9768968820571899,1,3
10017,0.9957735538482666,1,3
10018,0.9609569907188416,1,3
10019,0.999212920665741,1,4
10020,0.006396307609975338,5,1
10021,0.009462287649512291,5,1
10022,0.0024448896292597055,7,1
10023,0.005523741245269775,5,1
10024,0.9752855896949768,1,3
10025,0.9993420839309692,1,4
10026,0.865262508392334,1,3
10027,0.9992402791976929,1,4
10028,0.014635622501373291,5,1
10029,0.00211733253672719,6,1
10030,0.007834150455892086,5,1
10031,0.001090689329430461,7,1
10032,0.9999141693115234,1,4
10033,0.9999817609786987,1,8
10034,0.9995560050010681,1,3
10035,0.9998631477355957,1,5
10036,0.0027270049322396517,6,1
10037,0.011512352153658867,5,1
10038,0.003719627857208252,5,1
10039,0.009534379467368126,5,1
10040,0.9999807476997375,1,7
10041,0.9999927282333374,1,9
10042,0.9996201395988464,1,3
10043,0.9999864101409912,1,8
10044,0.0006348484312184155,8,1
10045,0.002226033015176654,6,1
10046,0.0015690516447648406,6,1
10047,0.003486120142042637,6,1
10048,0.9901767373085022,1,3
10049,0.9994354844093323,1,3
10050,0.9930874109268188,1,3
10051,0.9990809559822083,1,3
10052,0.0002652426192071289,9,1
10053,0.6371164321899414,1,3
10054,0.24664290249347687,3,2
10055,0.8482292294502258,1,3
10056,0.9979759454727173,1,3
10057,0.9998921751976013,1,3
10058,0.9972743391990662,1,3
10059,0.9993516206741333,1,3
10060,0.7129078507423401,2,4
10061,0.9793601036071777,1,6
10062,0.0015041457954794168,7,1
10063,0.008384741842746735,6,1
10064,0.9999893307685852,1,7
10065,0.9999282360076904,1,5
10066,0.999259352684021,1,3
10067,0.999421238899231,1,3
10068,0.008703699335455894,5,1
10069,0.0036702146753668785,7,1
10070,0.005000012461096048,6,1
10071,0.0039003679994493723,6,1
10072,0.9994699358940125,1,3
10073,0.9986976385116577,1,3
10074,0.9993661046028137,1,3
10075,0.9986477494239807,1,3
10076,0.005118147935718298,5,1
10077,0.011819403618574142,5,1
10078,0.0011954840738326311,5,1
10079,0.01451130025088787,4,1
10080,0.9999887347221375,1,9
10081,0.9999908804893494,1,11
10082,0.9977704882621765,1,3
10083,0.9998616576194763,1,6
10084,0.000573720142710954,8,1
10085,0.0005723388749174774,8,1
10086,0.00022650595929007977,8,1
10087,0.00023334810975939035,8,1
10088,0.7954808473587036,1,3
10089,0.018126213923096657,3,1
10090,0.9483211636543274,1,3
10091,0.017523109912872314,3,1
10092,0.0015254456084221601,6,1
10093,0.0025239496026188135,5,1
10094,0.0002564343740232289,8,1
10095,0.0005575306713581085,7,1
10096,0.942779004573822,1,3
10097,0.8672731518745422,1,2
10098,0.9677155613899231,1,3
10099,0.9871544241905212,1,2
10100,0.009001122787594795,5,1
10101,0.003096586326137185,6,1
10102,0.011283752508461475,5,1
10103,0.008779635652899742,6,1
10104,0.9931232929229736,1,3
10105,0.9995827078819275,1,4
10106,0.97311931848526,1,3
10107,0.9988830089569092,1,3
10108,0.6014508008956909,1,2
10109,0.12197393923997879,2,1
10110,0.08403759449720383,3,1
10111,0.2725118100643158,2,1
10112,0.9424672722816467,1,3
10113,0.9950388073921204,1,5
10114,0.9998422861099243,1,6
10115,0.9959725737571716,1,5
10116,0.013912531547248363,5,1
10117,0.04450086131691933,5,1
10118,0.06364116817712784,3,1
10119,0.027051568031311035,5,1
10120,0.9990741014480591,1,5
10121,0.9992111325263977,1,5
10122,0.9996363520622253,1,3
10123,0.9993852376937866,1,5
10124,0.010681534186005592,5,1
10125,0.03498105704784393,4,1
10126,0.0034323870204389095,4,1
10127,0.010037902742624283,4,1
10128,0.9996321797370911,1,3
10129,0.9977020025253296,1,3
10130,0.9999899864196777,1,9
10131,0.9995991587638855,1,5
10132,0.009436646476387978,7,1
10133,0.04292863979935646,5,1
10134,0.622438907623291,2,3
10135,0.19447027146816254,2,1
10136,0.9995236992835999,1,3
10137,0.12115546315908432,2,1
10138,0.9991196393966675,1,3
10139,0.9499411582946777,1,2
10140,0.002354425610974431,6,1
10141,0.0010007391683757305,7,1
10142,0.00020335456065367907,7,1
10143,0.000567176379263401,7,1
10144,0.972611665725708,1,3
10145,0.999799907207489,1,7
10146,0.9998964667320251,1,6
10147,0.9998948574066162,1,7
10148,0.009789776057004929,4,1
10149,0.0006286954157985747,7,1
10150,0.0036068945191800594,4,1
10151,0.0006061342428438365,8,1
10152,0.9994766116142273,1,6
10153,0.9998950362205505,1,8
10154,0.9997832775115967,1,5
10155,0.9999017715454102,1,7
10156,0.015243972651660442,5,1
10157,0.002813172759488225,6,1
10158,0.00027482910081744194,6,1
10159,0.0005057509988546371,6,1
10160,0.9995975494384766,1,4
10161,0.9998089075088501,1,6
10162,0.9999899864196777,1,9
10163,0.9999554753303528,1,10
10164,0.0010720646241679788,5,1
10165,0.00046536195441149175,8,1
10166,0.0001636689412407577,7,1
10167,0.00019904538930859417,8,1
10168,0.9998396039009094,1,4
10169,0.9871537685394287,1,2
10170,0.9999592304229736,1,6
10171,0.9999233484268188,1,7
10172,0.4288056790828705,3,2
10173,0.2315729409456253,3,1
10174,0.9725825786590576,1,3
10175,0.9640533924102783,1,3
10176,0.8073899745941162,1,3
10177,0.9803580641746521,1,3
10178,0.9965538382530212,1,5
10179,0.967467725276947,1,2
10180,0.0033367869909852743,5,1
10181,0.002949165180325508,5,1
10182,0.0006867801421321929,6,1
10183,0.00028357486007735133,6,1
10184,0.9987832903862,1,5
10185,0.9970400333404541,1,4
10186,0.9970942735671997,1,3
10187,0.9982736110687256,1,3
10188,0.02013547159731388,5,1
10189,0.006073911674320698,6,1
10190,0.002392892027273774,6,1
10191,0.0009201831999234855,6,1
10192,0.9862844347953796,1,3
10193,0.9995495080947876,1,3
10194,0.9993770718574524,1,3
10195,0.9997252225875854,1,3
10196,0.03794192895293236,5,1
10197,0.004795699380338192,5,1
10198,0.009767997078597546,5,1
10199,0.00046980378101579845,6,1
10200,0.9950673580169678,1,3
10201,0.5651950836181641,1,2
10202,0.9952801465988159,1,3
10203,0.9989774823188782,1,2
10204,0.002058953046798706,6,1
10205,0.000968935783021152,6,1
10206,0.0012262326199561357,6,1
10207,0.0002649774542078376,6,1
10208,0.9985466003417969,1,3
10209,0.8957484364509583,1,5
10210,0.9987497329711914,1,3
10211,0.9725708365440369,1,3
10212,0.001245600520633161,7,1
10213,0.5645378232002258,1,2
10214,0.12095603346824646,3,2
10215,0.08728720992803574,2,1
10216,0.049656063318252563,3,1
10217,0.046572547405958176,2,1
10218,0.005071749445050955,3,1
10219,0.006729571148753166,5,1
10220,0.0022537533659487963,5,1
10221,0.004786089062690735,6,1
10222,0.0006193434237502515,6,1
10223,0.0007052633445709944,8,1
10224,0.9995073676109314,1,3
10225,0.9997574687004089,1,5
10226,0.9989162087440491,1,3
10227,0.9997348785400391,1,5
10228,0.0038733265828341246,5,1
10229,0.002757386537268758,5,1
10230,0.0008433398907072842,7,1
10231,0.0010946261463686824,8,1
10232,0.8640792965888977,1,3
10233,0.9914548397064209,1,2
10234,0.9069070219993591,1,3
10235,0.9988135695457458,1,3
10236,0.0012681604130193591,5,1
10237,0.0004102258535567671,6,1
10238,0.00043478680890984833,4,1
10239,9.43270351854153e-05,8,1
10240,0.43327680230140686,3,2
10241,0.08045948296785355,3,1
10242,0.10569960623979568,3,1
10243,0.06634323298931122,3,1
10244,0.004590271506458521,5,1
10245,0.0010909192496910691,5,1
10246,0.00035879522329196334,4,1
10247,0.00017820988432504237,6,1
10248,0.9827274084091187,1,3
10249,0.9995377659797668,1,5
10250,0.6992043256759644,2,3
10251,0.999228298664093,1,3
10252,0.03863988444209099,3,1
10253,0.31029269099235535,2,1
10254,0.11046475172042847,3,1
10255,0.22369539737701416,2,1
10256,0.9949092864990234,1,3
10257,0.7316092848777771,1,2
10258,0.9869381189346313,1,3
10259,0.7940070629119873,1,2
10260,0.003452497301623225,5,1
10261,0.0002553683880250901,7,1
10262,0.00028190153534524143,6,1
10263,0.0005033064517192543,7,1
10264,0.9977076053619385,1,4
10265,0.9995728135108948,1,3
10266,0.9589629769325256,2,4
10267,0.9399895668029785,1,2
10268,0.0004586357099469751,8,1
10269,0.0004910570569336414,6,1
10270,0.00016650481848046184,10,1
10271,0.0002035015495494008,10,1
10272,0.3967781364917755,3,2
10273,0.0039052036590874195,5,1
10274,0.9241721034049988,1,4
10275,0.0010086902184411883,7,1
10276,0.0010564891854301095,6,1
10277,0.5713127851486206,1,2
10278,0.01259095873683691,4,1
10279,0.4968738555908203,2,1
10280,0.6912784576416016,2,3
10281,0.17069455981254578,3,1
10282,0.5772666931152344,2,3
10283,0.02667073719203472,5,1
10284,0.033170413225889206,3,1
10285,0.007513572461903095,5,1
10286,0.01106249913573265,3,1
10287,0.0010809599189087749,8,1
10288,0.9978815913200378,1,3
10289,0.9265769124031067,1,3
10290,0.9982740879058838,1,3
10291,0.9882885217666626,1,2
10292,0.004651667550206184,5,1
10293,0.0015250466531142592,5,1
10294,0.0008197164279408753,6,1
10295,0.00038079475052654743,7,1
10296,0.9995896220207214,1,3
10297,0.9997144341468811,1,5
10298,0.997158408164978,1,3
10299,0.9995793104171753,1,5
10300,0.0013406256912276149,7,1
10301,0.00038850936107337475,6,1
10302,0.00020664990006480366,10,1
10303,0.00010340385051677004,8,1
10304,0.9569855332374573,1,3
10305,0.9771473407745361,1,2
10306,0.9666077494621277,1,3
10307,0.9939274191856384,1,2
10308,0.0005628460203297436,6,1
10309,0.0009208438568748534,6,1
10310,0.00016904891526792198,7,1
10311,0.00015611830167472363,7,1
10312,0.9987573623657227,1,3
10313,0.9717873930931091,1,2
10314,0.9962279796600342,1,3
10315,0.8167980313301086,1,2
10316,0.02652648277580738,3,1
10317,0.004939908627420664,5,1
10318,0.0007827633526176214,5,1
10319,0.0008980952552519739,7,1
10320,0.999951958656311,1,7
10321,0.9999914765357971,1,10
10322,0.9999768733978271,1,6
10323,0.9999973177909851,1,13
10324,0.002608743030577898,6,1
10325,0.0027784565463662148,5,1
10326,0.00043533218558877707,7,1
10327,0.0005195723497308791,7,1
10328,0.9969247579574585,1,3
10329,0.942866325378418,1,3
10330,0.9666485786437988,1,3
10331,0.8172683119773865,1,3
10332,0.9178491830825806,1,3
10333,0.20006106793880463,3,1
10334,0.6488680839538574,2,3
10335,0.28181150555610657,2,1
10336,0.9974265098571777,1,3
10337,0.9427278637886047,1,2
10338,0.9991356730461121,1,3
10339,0.976111888885498,1,3
10340,0.0453803688287735,3,1
10341,0.9086885452270508,1,2
10342,0.05444720387458801,3,1
10343,0.796845018863678,1,2
10344,0.5193415284156799,1,2
10345,0.06967715919017792,2,1
10346,0.39597535133361816,3,1
10347,0.20120073854923248,2,1
10348,0.6418002247810364,2,3
10349,0.6337723135948181,1,2
10350,0.9661080837249756,1,3
10351,0.3562294840812683,2,1
10352,0.4372609257698059,2,1
10353,0.4324624836444855,2,1
10354,0.721326470375061,2,3
10355,0.4787743389606476,2,1
10356,0.02843596413731575,5,1
10357,0.06150101125240326,3,1
10358,0.004311819095164537,4,1
10359,0.23610052466392517,2,1
10360,0.9996448159217834,1,5
10361,0.9990453720092773,1,5
10362,0.9993121027946472,1,4
10363,0.9974497556686401,1,4
10364,0.0014617432607337832,5,1
10365,0.0010347918141633272,6,1
10366,0.01422983966767788,4,1
10367,0.011711150407791138,4,1
10368,0.9989660978317261,1,5
10369,0.9987964034080505,1,5
10370,0.9994468688964844,1,3
10371,0.9972876906394958,1,4
10372,0.004372083116322756,4,1
10373,0.05136166512966156,2,1
10374,0.08234445005655289,3,1
10375,0.15367771685123444,2,1
10376,0.9999156594276428,1,7
10377,0.9997252821922302,1,5
10378,0.999984622001648,1,10
10379,0.9998002648353577,1,5
10380,0.0007815836579538882,6,1
10381,0.025498123839497566,3,1
10382,0.0016175267519429326,6,1
10383,0.46693041920661926,2,1
10384,0.9913902878761292,1,3
10385,0.9894526600837708,1,3
10386,0.26222532987594604,3,2
10387,0.4673890471458435,2,1
10388,0.00012793949281331152,8,1
10389,7.995847408892587e-05,8,1
10390,0.00017014762852340937,9,1
10391,9.016469266498461e-05,8,1
10392,0.8881791830062866,2,5
10393,0.7143875360488892,1,2
10394,0.7186732888221741,2,3
10395,0.23089826107025146,2,1
10396,0.01351077202707529,5,1
10397,0.0015961001627147198,7,1
10398,0.0017227036878466606,5,1
10399,0.0004484910168685019,8,1
10400,0.7353100776672363,1,3
10401,0.989924430847168,1,2
10402,0.8667911291122437,1,3
10403,0.99644535779953,1,3
10404,0.008607881143689156,5,1
10405,0.014345301315188408,5,1
10406,0.004724885802716017,5,1
10407,0.005169932264834642,5,1
10408,0.9922144412994385,1,5
10409,0.9992654323577881,1,5
10410,0.9967002868652344,1,3
10411,0.9994392395019531,1,5
10412,0.0031040941830724478,5,1
10413,0.01871034875512123,2,1
10414,0.02046620287001133,4,1
10415,0.0044084093533456326,5,1
10416,0.9890214800834656,1,3
10417,0.9577475786209106,1,2
10418,0.9479629397392273,1,3
10419,0.9594735503196716,1,2
10420,0.006501672323793173,5,1
10421,0.003024341771379113,5,1
10422,0.0016725898021832108,6,1
10423,0.0008719327743165195,7,1
10424,0.7102930545806885,2,3
10425,0.8532534837722778,1,3
10426,0.8744418621063232,2,3
10427,0.9168636798858643,1,2
10428,0.005313245113939047,4,1
10429,0.010426857508718967,6,1
10430,0.002051659394055605,6,1
10431,0.00630352646112442,7,1
10432,0.9996844530105591,1,5
10433,0.9993413090705872,1,7
10434,0.9992671608924866,1,3
10435,0.9987617135047913,1,6
10436,0.0019361624727025628,5,1
10437,0.006281707901507616,6,1
10438,0.0005317552713677287,7,1
10439,0.0010057423496618867,8,1
10440,0.9897428750991821,1,3
10441,0.9961524605751038,1,4
10442,0.9150203466415405,1,3
10443,0.9903402924537659,1,2
10444,0.0017863919492810965,5,1
10445,0.001567314611747861,6,1
10446,0.0005255710566416383,7,1
10447,0.001078604138456285,6,1
10448,0.41414231061935425,3,2
10449,0.9695629477500916,1,2
10450,0.5251009464263916,2,3
10451,0.9308339357376099,1,2
10452,0.1466982215642929,3,2
10453,0.015510409139096737,5,1
10454,0.006965082138776779,4,1
10455,0.0033324207179248333,5,1
10456,0.9769452214241028,1,3
10457,0.9782087802886963,1,3
10458,0.41795849800109863,3,2
10459,0.9527835249900818,1,3
10460,0.0018931073136627674,5,1
10461,0.002473965287208557,7,1
10462,0.00026391420396976173,7,1
10463,0.000148001141496934,9,1
10464,0.9977447390556335,1,3
10465,0.989862859249115,1,2
10466,0.9934507012367249,1,3
10467,0.9837101697921753,1,3
10468,0.0007504528039135039,6,1
10469,0.00039559186552651227,7,1
10470,0.00027521178708411753,6,1
10471,0.00030227983370423317,8,1
10472,0.11094522476196289,3,2
10473,0.19018661975860596,3,1
10474,0.10560176521539688,3,2
10475,0.5506447553634644,1,2
10476,0.00532726664096117,5,1
10477,0.0026716405991464853,7,1
10478,0.0016099399654194713,4,1
10479,0.0017299869796261191,7,1
10480,0.9369885921478271,2,3
10481,0.9678256511688232,1,4
10482,0.9481069445610046,2,3
10483,0.970865786075592,1,4
10484,0.0028846829663962126,5,1
10485,0.011652630753815174,4,1
10486,0.003100811503827572,4,1
10487,0.01759883388876915,4,1
10488,0.3886171579360962,3,2
10489,0.9999781250953674,1,7
10490,0.9990689158439636,1,3
10491,0.9999714493751526,1,7
10492,0.40195637941360474,3,2
10493,0.2456115186214447,2,1
10494,0.4398074150085449,3,2
10495,0.7694912552833557,1,2
10496,0.8109973073005676,2,3
10497,0.9696563482284546,1,5
10498,0.9964762330055237,1,6
10499,0.9841450452804565,1,4
10500,0.009598777629435062,5,1
10501,0.01235909853130579,5,1
10502,0.0003499276645015925,8,1
10503,0.0013601520331576467,6,1
10504,0.9614753127098083,1,4
10505,0.9831380844116211,1,5
10506,0.935393750667572,1,3
10507,0.9920991063117981,1,4
10508,0.01549818366765976,5,1
10509,0.007429109886288643,6,1
10510,0.002544960007071495,7,1
10511,0.008260872215032578,5,1
10512,0.999225914478302,1,5
10513,0.9979865550994873,1,4
10514,0.9929205775260925,1,3
10515,0.9923476576805115,1,3
10516,0.022409480065107346,3,1
10517,0.0886855199933052,2,1
10518,0.5831388235092163,1,2
10519,0.36761611700057983,2,1
10520,0.9961424469947815,1,3
10521,0.9990812540054321,1,5
10522,0.9994805455207825,1,3
10523,0.9996604919433594,1,4
10524,0.028873508796095848,3,1
10525,0.0008478976669721305,7,1
10526,0.012615255080163479,3,1
10527,0.0007573890616185963,6,1
10528,0.8353281617164612,1,3
10529,0.5806689858436584,1,2
10530,0.9791010022163391,1,3
10531,0.8894237279891968,1,2
10532,0.004931285977363586,4,1
10533,0.000854986603371799,6,1
10534,0.0025544913951307535,4,1
10535,0.0004244588199071586,7,1
10536,0.7732771039009094,2,3
10537,0.7945300936698914,1,3
10538,0.9919962286949158,1,3
10539,0.8746649622917175,1,3
10540,0.0034414983820170164,4,1
10541,0.005771023221313953,6,1
10542,0.0023235322441905737,5,1
10543,0.002461065072566271,8,1
10544,0.9996041059494019,1,4
10545,0.9999539852142334,1,6
10546,0.9998462796211243,1,3
10547,0.9999581575393677,1,8
10548,0.0177741888910532,5,1
10549,0.0018531759269535542,5,1
10550,0.0024495264515280724,5,1
10551,0.0007087613921612501,6,1
10552,0.9989742040634155,1,3
10553,0.43288981914520264,2,1
10554,0.9980288147926331,1,3
10555,0.14559721946716309,2,1
10556,0.0027343942783772945,6,1
10557,0.001641376526094973,6,1
10558,0.0074494811706244946,6,1
10559,0.002984480233862996,6,1
10560,0.9765686988830566,1,3
10561,0.06310268491506577,3,1
10562,0.9931392073631287,1,3
10563,0.030288884416222572,3,1
10564,0.0007775870035402477,5,1
10565,0.0003460607258602977,6,1
10566,0.013156399130821228,4,1
10567,0.0005814911564812064,7,1
10568,0.9570441246032715,2,4
10569,0.47080090641975403,2,1
10570,0.8184404373168945,2,3
10571,0.45744818449020386,2,1
10572,0.0018079612636938691,7,1
10573,0.0015828670002520084,8,1
10574,0.017949197441339493,4,2
10575,0.00183902180287987,8,1
10576,0.999965488910675,1,5
10577,0.9999380707740784,1,7
10578,0.9998660087585449,1,4
10579,0.9999247789382935,1,3
10580,0.04839261621236801,3,1
10581,0.00036744881072081625,8,1
10582,0.0024590392131358385,6,1
10583,0.00037878978764638305,8,1
10584,0.4345586597919464,3,2
10585,0.957251787185669,1,2
10586,0.6712989807128906,2,3
10587,0.9783658981323242,1,2
10588,0.029675861820578575,5,1
10589,0.004476382862776518,6,1
10590,0.0031153950840234756,7,1
10591,0.003700257046148181,5,1
10592,0.11528204381465912,4,2
10593,0.9970329403877258,1,3
10594,0.10746252536773682,3,2
10595,0.9977473616600037,1,3
10596,0.003505469998344779,8,1
10597,0.002146105282008648,6,1
10598,0.0018000311683863401,7,1
10599,0.0038582475390285254,5,1
10600,0.9999566078186035,1,4
10601,0.9999366998672485,1,5
10602,0.9986979365348816,1,3
10603,0.9980624914169312,1,4
10604,0.00015657447511330247,8,1
10605,0.0001332309766439721,9,1
10606,0.00012578086170833558,8,1
10607,0.00015043681196402758,9,1
10608,0.9996709823608398,1,3
10609,0.24152223765850067,2,1
10610,0.9867043495178223,1,3
10611,0.3097330927848816,3,1
10612,0.014594932086765766,3,1
10613,0.00726004084572196,5,1
10614,0.09786950051784515,3,2
10615,0.0061210691928863525,6,1
10616,0.17453370988368988,3,1
10617,0.01494716014713049,5,1
10618,0.026891082525253296,3,1
10619,0.011452355422079563,5,1
10620,0.005678514484316111,6,1
10621,0.005455814301967621,5,1
10622,0.40762144327163696,2,1
10623,0.0036650365218520164,6,1
10624,0.9987688660621643,1,4
10625,0.9998867511749268,1,5
10626,0.9947618842124939,1,4
10627,0.9997543096542358,1,4
10628,0.5314762592315674,1,2
10629,0.8504493832588196,1,2
10630,0.4343463182449341,2,1
10631,0.5744833946228027,1,2
10632,0.4493672251701355,2,1
10633,0.542232871055603,1,2
10634,0.19902198016643524,2,1
10635,0.9657379388809204,1,2
10636,0.010860688053071499,4,1
10637,0.002489315578714013,6,1
10638,0.001781037193723023,5,1
10639,0.0011709918035194278,6,1
10640,0.3316936194896698,2,1
10641,0.2884049713611603,2,1
10642,0.41492530703544617,2,1
10643,0.4199270009994507,2,1
10644,0.1324773132801056,2,1
10645,0.31976088881492615,2,1
10646,0.6874746680259705,1,2
10647,0.43425849080085754,2,1
10648,0.9996364712715149,1,6
10649,0.9998449683189392,1,8
10650,0.999411404132843,1,5
10651,0.9999151229858398,1,8
10652,0.0016160605009645224,7,1
10653,0.0017954689683392644,8,1
10654,0.007512506563216448,5,1
10655,0.0011829911964014173,8,1
10656,0.9996013045310974,1,5
10657,0.9999799728393555,1,9
10658,0.9999062418937683,1,6
10659,0.999978244304657,1,9
10660,0.0006063277833163738,8,1
10661,0.0012164958752691746,6,1
10662,0.0005589580978266895,6,1
10663,0.002343572210520506,6,1
10664,0.9473744630813599,2,5
10665,0.9660462141036987,2,5
10666,0.9355693459510803,1,4
10667,0.9856135845184326,1,5
10668,0.03195732459425926,5,1
10669,0.05739517882466316,4,1
10670,0.03178136795759201,5,1
10671,0.08910590410232544,4,1
10672,0.8741222023963928,2,3
10673,0.5343126058578491,3,4
10674,0.6228997111320496,2,3
10675,0.23748505115509033,3,2
10676,0.0007447609095834196,7,2
10677,0.00010941249638563022,9,1
10678,0.0003447635972406715,6,2
10679,6.229523569345474e-05,9,1
10680,0.02256615273654461,3,1
10681,0.8151924014091492,1,2
10682,0.15638917684555054,2,1
10683,0.8340073823928833,1,2
10684,0.0008971229544840753,7,1
10685,0.0005071329069323838,8,1
10686,0.00020181317813694477,9,1
10687,0.00016190367750823498,10,1
10688,0.998278796672821,1,3
10689,0.9998106360435486,1,5
10690,0.9453787207603455,1,3
10691,0.9996094107627869,1,5
10692,0.0011364460224285722,6,1
10693,0.0008971379138529301,7,1
10694,0.00014856226334813982,8,1
10695,0.00012848511687479913,10,1
10696,0.9983019232749939,1,5
10697,0.9888569116592407,1,5
10698,0.9997752904891968,1,8
10699,0.9976065754890442,1,6
10700,0.1085597351193428,5,1
10701,0.011489495635032654,6,1
10702,0.09030845016241074,5,1
10703,0.008730332367122173,6,1
10704,0.9992861151695251,1,6
10705,0.9992361664772034,1,4
10706,0.9991773962974548,1,4
10707,0.9994844198226929,1,5
10708,0.0014565831515938044,7,1
10709,0.06936939805746078,4,1
10710,0.003665362251922488,6,1
10711,0.029226921498775482,4,1
10712,0.9483487606048584,1,3
10713,0.9005566239356995,1,3
10714,0.9756794571876526,1,4
10715,0.9940682053565979,1,4
10716,0.0020975214429199696,6,1
10717,0.0026695101987570524,6,1
10718,0.0006436392432078719,8,1
10719,0.0009639096679165959,7,1
10720,0.9998403787612915,1,5
10721,0.9997739195823669,1,5
10722,0.9999654293060303,1,7
10723,0.9999578595161438,1,6
10724,0.00300521869212389,6,1
10725,0.038223497569561005,3,1
10726,0.00294101657345891,7,1
10727,0.011077851988375187,5,1
10728,0.9988837242126465,2,7
10729,0.9885004162788391,1,3
10730,0.9989054203033447,2,5
10731,0.9929456114768982,1,3
10732,0.020013505592942238,5,2
10733,0.0010134128388017416,7,1
10734,0.0014090904733166099,7,2
10735,0.0015195123851299286,7,1
10736,0.9992364645004272,2,3
10737,0.9977288842201233,1,5
10738,0.9974678158760071,2,3
10739,0.9897167086601257,1,5
10740,0.0009356072987429798,7,2
10741,0.0028799804858863354,6,1
10742,6.997224409133196e-05,11,2
10743,0.001218161778524518,7,1
10744,0.9968495965003967,2,3
10745,0.9841731190681458,1,4
10746,0.9980882406234741,2,3
10747,0.9682431817054749,1,4
10748,0.00012820985284633934,10,1
10749,0.0005464915302582085,8,1
10750,0.00014693957928102463,7,1
10751,0.005097350105643272,6,1
10752,0.9893731474876404,2,4
10753,0.9966365098953247,1,3
10754,0.8845341801643372,2,4
10755,0.9975020289421082,1,3
10756,0.002841327339410782,6,1
10757,0.0003573887806851417,8,1
10758,0.004026323091238737,5,2
10759,8.659921877551824e-05,8,1
10760,0.9970576167106628,1,4
10761,0.9988018274307251,1,3
10762,0.9988979697227478,1,4
10763,0.9975290894508362,1,3
10764,0.002060746308416128,7,1
10765,0.0002214832347817719,8,1
10766,0.004107903689146042,4,2
10767,0.00011521959095261991,10,1
10768,0.00459712790325284,7,1
10769,0.004759049974381924,5,1
10770,0.01976858451962471,5,1
10771,0.003753574099391699,5,1
10772,0.00202922523021698,8,1
10773,0.0009799494873732328,6,1
10774,0.0005559551646001637,9,1
10775,0.0005823282990604639,7,1
10776,0.9817284345626831,1,4
10777,0.9990642070770264,1,5
10778,0.8656017780303955,2,4
10779,0.9983614087104797,1,5
10780,0.000647316686809063,8,1
10781,0.0005710741970688105,6,1
10782,0.00018733370234258473,9,1
10783,0.0004261086869519204,7,1
10784,0.941123366355896,1,4
10785,0.8559142351150513,1,3
10786,0.899505615234375,2,4
10787,0.9658717513084412,1,4
10788,0.00044744263868778944,7,1
10789,0.0015472550876438618,6,1
10790,0.00023529600002802908,8,1
10791,0.0009446064941585064,7,1
10792,0.9303997159004211,1,3
10793,0.9984334707260132,1,2
10794,0.8436424136161804,1,3
10795,0.9992372989654541,1,3
10796,9.635194146540016e-05,9,1
10797,7.142811955418438e-05,9,1
10798,3.537393422448076e-05,9,1
10799,5.413577673607506e-05,9,1
10800,0.9918177723884583,1,3
10801,0.9994349479675293,1,2
10802,0.8994738459587097,1,3
10803,0.9986074566841125,1,2
10804,0.03270009160041809,3,2
10805,0.03869267925620079,3,1
10806,0.0069632078520953655,4,1
10807,0.006204904057085514,7,1
10808,0.853097140789032,2,5
10809,0.990018367767334,1,6
10810,0.7414911985397339,2,3
10811,0.9033183455467224,1,6
10812,0.006254382897168398,5,1
10813,0.00015961131430231035,9,1
10814,0.0016652485355734825,6,1
10815,9.238792699761689e-05,9,1
10816,0.9653875231742859,1,3
10817,0.9995688199996948,1,4
10818,0.9993686676025391,1,3
10819,0.999652624130249,1,4
10820,0.00027163070626556873,6,1
10821,0.00016519396740477532,7,1
10822,0.00017464571283198893,7,1
10823,8.75553596415557e-05,9,1
10824,0.9996180534362793,1,3
10825,0.9998434782028198,1,4
10826,0.9945945739746094,1,3
10827,0.9973726868629456,1,4
10828,0.00018644722877070308,6,1
10829,0.00016814743867143989,8,1
10830,7.59178219595924e-05,7,1
10831,6.230828876141459e-05,9,1
10832,0.9884423613548279,1,4
10833,0.9975705742835999,1,5
10834,0.9948546290397644,1,4
10835,0.9993903040885925,1,5
10836,0.019407814368605614,5,1
10837,0.0009789763716980815,7,1
10838,0.000425992562668398,8,1
10839,0.00023820955539122224,8,1
10840,0.9999223947525024,1,8
10841,0.9999552965164185,1,8
10842,0.9998423457145691,1,7
10843,0.9998345375061035,1,6
10844,0.0022239498794078827,7,1
10845,0.0008173760143108666,7,1
10846,0.0013994044857099652,8,1
10847,0.00022037654707673937,8,1
10848,0.9702275395393372,1,3
10849,0.9649255275726318,1,2
10850,0.7148988246917725,1,3
10851,0.990698516368866,1,2
10852,0.05915233865380287,5,1
10853,0.0011232923716306686,7,1
10854,0.00035450837458483875,7,1
10855,6.260706868488342e-05,8,1
10856,0.9677937030792236,2,3
10857,0.9953745007514954,1,4
10858,0.7220383286476135,2,3
10859,0.9997425079345703,1,4
10860,0.00014867469144519418,9,1
10861,0.9972428679466248,1,2
10862,0.0008443317492492497,7,1
10863,0.9967130422592163,1,2
10864,0.9782000780105591,1,3
10865,0.9999038577079773,1,7
10866,0.9993279576301575,1,3
10867,0.9998902082443237,1,7
10868,0.5397549271583557,2,3
10869,0.0011303165229037404,8,1
10870,0.7420929670333862,2,3
10871,0.00022499705664813519,8,1
10872,0.9999728202819824,1,5
10873,0.9999945759773254,1,8
10874,0.9994107484817505,1,3
10875,0.9999383091926575,1,4
10876,0.04498478025197983,3,1
10877,0.9442188739776611,1,3
10878,0.08462389558553696,3,2
10879,0.8545919060707092,2,3
10880,0.990361750125885,1,3
10881,0.9937608242034912,1,3
10882,0.9939076900482178,1,3
10883,0.9865029454231262,1,3
10884,0.0001830053806770593,8,1
10885,0.0010302618611603975,7,1
10886,0.00019900403276551515,8,1
10887,0.0003397007822059095,8,1
10888,0.2232302725315094,3,1
10889,0.10657694190740585,2,1
10890,0.983161211013794,1,3
10891,0.38862740993499756,2,1
10892,0.2623479962348938,3,1
10893,0.22425654530525208,2,1
10894,0.20287276804447174,3,1
10895,0.5385494232177734,1,2
10896,0.998859167098999,1,3
10897,0.9652289152145386,1,3
10898,0.9938042163848877,1,3
10899,0.9173327684402466,1,3
10900,0.010068787261843681,4,1
10901,0.0032828112598508596,5,1
10902,0.0011613713577389717,6,1
10903,0.001813369570299983,6,1
10904,0.8690348267555237,1,2
10905,0.9994743466377258,1,3
10906,0.9966181516647339,1,3
10907,0.9996157288551331,1,3
10908,0.0002052449999609962,7,1
10909,0.0004253863880876452,6,1
10910,0.0001186257868539542,10,1
10911,0.00022679367975797504,6,1
10912,0.9928078055381775,1,3
10913,0.9992132186889648,1,5
10914,0.5074964761734009,2,3
10915,0.9992082118988037,1,4
10916,0.0006288097356446087,7,1
10917,0.019551027566194534,4,1
10918,0.000505447736941278,7,1
10919,0.0027023155707865953,7,1
10920,0.9868754744529724,1,3
10921,0.9968578219413757,1,3
10922,0.914801299571991,1,3
10923,0.9975312948226929,1,3
10924,0.02290642261505127,4,1
10925,0.2784278988838196,2,1
10926,0.02049318701028824,3,1
10927,0.28505587577819824,3,1
10928,0.8383814096450806,2,3
10929,0.4803982675075531,2,1
10930,0.8229947090148926,2,3
10931,0.3375135064125061,2,1
10932,0.0002584953617770225,8,1
10933,0.0009563586208969355,6,1
10934,0.00012671708827838302,9,1
10935,0.0005959794507361948,8,1
10936,0.9917488098144531,1,3
10937,0.8468096256256104,1,2
10938,0.9938759803771973,1,3
10939,0.4968893229961395,2,1
10940,0.0015448303893208504,6,1
10941,0.9489914178848267,1,2
10942,0.003060812596231699,6,1
10943,0.9718641042709351,1,2
10944,0.9971020817756653,1,3
10945,0.997008740901947,1,4
10946,0.9976575374603271,1,3
10947,0.991889476776123,1,4
10948,0.0011349517153576016,5,1
10949,0.0019866095390170813,7,1
10950,0.0007198055973276496,6,1
10951,0.00044205161975696683,8,1
10952,0.9511935114860535,1,3
10953,0.9997345805168152,1,6
10954,0.998757541179657,1,3
10955,0.9997410774230957,1,5
10956,0.0004248406912665814,8,1
10957,6.683139508822933e-05,9,1
10958,0.00014021668175701052,8,1
10959,4.83105395687744e-05,9,1
10960,0.031964827328920364,3,2
10961,0.043353527784347534,2,1
10962,0.8122091889381409,2,3
10963,0.03264649957418442,2,1
10964,0.0029587596654891968,5,2
10965,0.007721554953604937,4,1
10966,0.0015626667300239205,6,2
10967,0.0057741813361644745,6,1
10968,0.9954259395599365,1,3
10969,0.9964572191238403,1,2
10970,0.8932015299797058,2,3
10971,0.901397705078125,1,2
10972,0.022361217066645622,5,2
10973,0.010305310599505901,6,1
10974,0.003970764111727476,6,2
10975,0.000592023367062211,8,1
10976,0.9844675660133362,1,3
10977,0.9967077970504761,1,2
10978,0.9978393912315369,1,3
10979,0.9939801096916199,1,2
10980,0.005211896263062954,5,1
10981,0.002305703004822135,5,1
10982,0.000520347326528281,5,1
10983,0.0003579797921702266,7,1
10984,0.9974558353424072,1,3
10985,0.9990275502204895,1,3
10986,0.9885000586509705,1,3
10987,0.9939735531806946,1,3
10988,0.007704837713390589,3,1
10989,0.01752006635069847,2,1
10990,0.0012910873629152775,3,1
10991,0.005816241726279259,2,1
10992,0.9772576689720154,1,3
10993,0.9997323155403137,1,5
10994,0.99981290102005,1,7
10995,0.9998252391815186,1,5
10996,0.0005172155797481537,7,1
10997,0.0003469943767413497,7,1
10998,0.0002649030939210206,9,1
10999,0.00040323767461813986,7,1
11000,0.9966188073158264,1,5
11001,0.9991360902786255,1,5
11002,0.9941245913505554,1,3
11003,0.9996888637542725,1,6
11004,0.020144768059253693,4,1
11005,0.019117362797260284,5,1
11006,0.551686704158783,2,3
11007,0.44900980591773987,2,1
11008,0.999954104423523,1,9
11009,0.9999744892120361,1,9
11010,0.9996962547302246,1,3
11011,0.9999611973762512,1,7
11012,0.000556711747776717,9,1
11013,0.0007528822752647102,7,1
11014,0.0001733429089654237,9,1
11015,0.00015922229795251042,8,1
11016,0.9980774521827698,1,3
11017,0.9996562004089355,1,5
11018,0.9986474514007568,1,3
11019,0.999908447265625,1,6
11020,0.0002492522180546075,10,1
11021,0.00013104880054015666,8,1
11022,0.0001929446734720841,8,1
11023,5.991676152916625e-05,9,1
11024,0.7915366291999817,2,3
11025,0.0068316771648824215,4,1
11026,0.06577204167842865,3,2
11027,0.0026336906012147665,6,1
11028,0.009436161257326603,6,2
11029,0.03292134776711464,3,2
11030,0.010739566758275032,6,1
11031,0.08681421726942062,3,2
11032,0.6881324648857117,2,3
11033,0.9931204319000244,1,3
11034,0.9284690022468567,2,3
11035,0.9979577660560608,1,3
11036,0.009049169719219208,3,1
11037,0.0009214738383889198,6,1
11038,0.011407224461436272,3,1
11039,0.00233275699429214,6,1
11040,0.0067174602299928665,3,1
11041,0.9782480597496033,1,2
11042,0.0008328180410899222,4,1
11043,0.9877134561538696,1,2
11044,0.00016998634964693338,6,1
11045,0.00021091793314553797,6,1
11046,8.100363629637286e-05,10,1
11047,6.497836147900671e-05,8,1
11048,0.09286540746688843,3,2
11049,0.9992606043815613,1,4
11050,0.0012045608600601554,4,1
11051,0.9947784543037415,1,2
11052,0.0007132460013963282,11,1
11053,0.0002735723974183202,8,1
11054,8.826409612083808e-05,11,1
11055,0.00014345937233883888,8,1
11056,0.9198923110961914,1,3
11057,0.0009110179380513728,7,1
11058,0.6648048162460327,1,3
11059,0.0006101554026827216,8,1
11060,0.001525874249637127,5,1
11061,0.001002957229502499,7,1
11062,0.0004553977632895112,6,1
11063,0.0005822518724016845,8,1
11064,0.5941486358642578,1,2
11065,0.9396509528160095,1,2
11066,0.6522883176803589,1,2
11067,0.9638875126838684,1,2
11068,0.012109676375985146,5,1
11069,0.05343702435493469,3,1
11070,0.04033429175615311,4,1
11071,0.03865116089582443,3,1
11072,0.6851527690887451,2,3
11073,0.004811981692910194,7,1
11074,0.6065081357955933,1,3
11075,0.0017278240993618965,8,1
11076,0.006849629804491997,5,1
11077,0.00012206764949951321,11,1
11078,0.002771661849692464,5,1
11079,7.669680053368211e-05,10,1
11080,0.9991595149040222,1,4
11081,0.9978448748588562,1,3
11082,0.9995904564857483,1,4
11083,0.9993338584899902,1,3
11084,0.04789266362786293,5,1
11085,0.0368797704577446,5,1
11086,0.012485846877098083,5,1
11087,0.0016859106253832579,7,1
11088,0.9996582269668579,1,3
11089,0.1652870625257492,3,1
11090,0.9896730184555054,2,3
11091,0.03952239081263542,4,1
11092,0.0828952044248581,3,1
11093,0.0007222939748317003,7,1
11094,0.8945230841636658,1,3
11095,0.0006703982362523675,7,1
11096,0.6450413465499878,2,3
11097,0.09689845144748688,3,1
11098,0.8305560946464539,1,3
11099,0.17178164422512054,2,1
11100,0.43704086542129517,3,2
11101,0.8129562139511108,1,3
11102,0.847122311592102,2,3
11103,0.8713887333869934,1,3
11104,0.9995052814483643,1,3
11105,0.9992343187332153,1,4
11106,0.9969185590744019,1,3
11107,0.9995999932289124,1,3
11108,0.00020104218856431544,8,1
11109,0.00343919126316905,6,1
11110,0.000181121431523934,7,1
11111,0.005033961497247219,5,1
11112,0.8035182952880859,2,3
11113,0.9997222423553467,1,4
11114,0.7095964550971985,2,3
11115,0.999103844165802,1,3
11116,0.010317664593458176,5,1
11117,0.8430982828140259,3,6
11118,0.00018088337674271315,7,1
11119,0.001161355059593916,7,1
11120,0.9807809591293335,1,3
11121,0.9999182224273682,1,5
11122,0.9708566069602966,2,3
11123,0.9999586939811707,1,5
11124,0.11210241168737411,5,2
11125,0.04795297980308533,5,2
11126,0.029871176928281784,4,2
11127,0.008587250486016273,5,2
11128,0.4733634293079376,3,2
11129,0.019699012860655785,4,1
11130,0.8654863834381104,2,3
11131,0.02362511120736599,4,1
11132,0.00029204064048826694,6,1
11133,0.0011890205787494779,7,1
11134,0.0005847325664944947,7,1
11135,0.001279241289012134,8,1
11136,0.9954975843429565,1,3
11137,0.9969798922538757,1,4
11138,0.9707926511764526,2,3
11139,0.982922375202179,1,4
11140,0.0007211656775325537,8,1
11141,0.00024755901540629566,8,1
11142,0.00016876871814019978,8,1
11143,0.00015715415065642446,8,1
11144,0.9572120904922485,1,3
11145,0.9995887279510498,1,3
11146,0.999203622341156,1,3
11147,0.9995892643928528,1,3
11148,9.328963642474264e-05,6,1
11149,0.00019507241086103022,8,1
11150,4.319634535931982e-05,8,1
11151,0.00011692605767166242,8,1
11152,0.9989199638366699,1,3
11153,0.9997098445892334,1,5
11154,0.994435727596283,1,3
11155,0.9952748417854309,1,4
11156,0.0006430962239392102,6,1
11157,0.21720656752586365,2,1
11158,0.003575027221813798,5,1
11159,0.13035549223423004,3,1
11160,0.004806247074157,5,1
11161,0.00544864684343338,7,1
11162,0.005360298324376345,4,1
11163,0.00142553576733917,8,1
11164,0.0012795230140909553,6,1
11165,0.0006548942183144391,6,1
11166,0.00014035063213668764,6,1
11167,0.00012285442790016532,7,1
11168,0.44238921999931335,3,2
11169,0.6467910408973694,1,2
11170,0.9922495484352112,1,3
11171,0.9805611371994019,1,2
11172,0.005738297011703253,5,1
11173,0.005982368718832731,5,1
11174,0.00023972103372216225,7,1
11175,0.00043562089558690786,6,1
11176,0.9999294877052307,1,6
11177,0.9071371555328369,1,3
11178,0.9993357062339783,1,3
11179,0.7565216422080994,1,2
11180,0.0034038329031318426,5,1
11181,0.0014342170907184482,7,1
11182,0.0007530151633545756,7,1
11183,0.0010850270045921206,8,1
11184,0.96590656042099,1,3
11185,0.6130403280258179,1,2
11186,0.9611880779266357,1,3
11187,0.2868010699748993,2,1
11188,0.005148161202669144,5,1
11189,0.001641025417484343,5,1
11190,0.0001589232706464827,9,1
11191,0.001936728018335998,8,1
11192,0.9945029020309448,1,3
11193,0.9998882412910461,1,5
11194,0.9976999759674072,1,3
11195,0.9999250173568726,1,7
11196,0.00011073253699578345,10,1
11197,0.0002051651244983077,8,1
11198,8.209496445488185e-05,10,1
11199,0.0001309707877226174,9,1
11200,0.8630236387252808,2,5
11201,0.2243063598871231,2,1
11202,0.9901483058929443,1,3
11203,0.8468577861785889,1,2
11204,0.003120429115369916,6,1
11205,0.0012857528636232018,8,1
11206,0.00171894789673388,8,1
11207,0.0015615957090631127,8,1
11208,0.2641255855560303,3,2
11209,0.9935694932937622,1,3
11210,0.7400164008140564,2,3
11211,0.9983789324760437,1,3
11212,0.14876356720924377,3,2
11213,0.13429422676563263,2,1
11214,0.012404002249240875,3,1
11215,0.026998847723007202,4,1
11216,0.9949015974998474,1,4
11217,0.9997265338897705,1,6
11218,0.979983925819397,1,3
11219,0.9998807311058044,1,6
11220,0.0850016251206398,4,2
11221,0.014331642538309097,6,1
11222,0.023252805694937706,4,2
11223,0.0011465629795566201,8,1
11224,0.9997758865356445,1,3
11225,0.999800980091095,1,6
11226,0.9999549984931946,1,7
11227,0.9999313354492188,1,7
11228,0.0006648637354373932,7,1
11229,0.00038171172491274774,7,1
11230,0.0006083433399908245,6,1
11231,0.0017064680578187108,6,1
11232,0.9976511001586914,1,3
11233,0.9992350935935974,1,4
11234,0.961289644241333,1,3
11235,0.9992470741271973,1,4
11236,0.7169427275657654,2,3
11237,0.08560118079185486,3,1
11238,0.75087571144104,2,3
11239,0.10057849436998367,2,1
11240,0.15857623517513275,3,2
11241,0.3518848121166229,2,1
11242,0.17591224610805511,3,2
11243,0.837949812412262,1,2
11244,0.9154940247535706,2,3
11245,0.6768097877502441,1,3
11246,0.8785996437072754,2,3
11247,0.9238150715827942,1,3
11248,0.9999363422393799,1,5
11249,0.9994342923164368,1,3
11250,0.9993109703063965,1,4
11251,0.9982306361198425,1,3
11252,0.4014386534690857,3,1
11253,0.009450316429138184,3,1
11254,0.07983400672674179,3,1
11255,0.012551182880997658,3,1
11256,0.9972777366638184,1,3
11257,0.9999638199806213,1,6
11258,0.9194352626800537,2,3
11259,0.9998624324798584,1,5
11260,0.00016772189701441675,6,1
11261,0.0002151112275896594,6,1
11262,9.173860598821193e-05,6,1
11263,0.00016444255015812814,8,1
11264,0.996374249458313,1,3
11265,0.9989928603172302,1,5
11266,0.9891299605369568,1,3
11267,0.9942958354949951,1,4
11268,0.0007736135157756507,6,1
11269,0.0004472287546377629,7,1
11270,0.000521278299856931,6,1
11271,0.0007555539486929774,7,1
11272,0.47341597080230713,3,2
11273,0.27205297350883484,3,1
11274,0.2044416069984436,3,2
11275,0.041660573333501816,6,1
11276,0.0042746285907924175,5,1
11277,0.002033072290942073,5,1
11278,0.0006037087296135724,5,1
11279,0.0007909295964054763,7,1
11280,0.1851138472557068,3,1
11281,0.9421811103820801,1,2
11282,0.9490774869918823,1,3
11283,0.9842398166656494,1,2
11284,0.006110845599323511,5,1
11285,0.0032267961651086807,6,1
11286,0.010798856616020203,4,1
11287,0.005386188626289368,6,1
11288,0.999511182308197,1,4
11289,0.9998651146888733,1,6
11290,0.9990630149841309,1,3
11291,0.9998643398284912,1,6
11292,0.0013858930906280875,5,1
11293,0.003170928219333291,6,1
11294,0.00034228130243718624,6,1
11295,0.0008279499597847462,8,1
11296,0.8133882880210876,1,3
11297,0.5609193444252014,1,2
11298,0.12946872413158417,3,1
11299,0.2698807418346405,2,1
11300,0.01709117740392685,5,1
11301,0.010567860677838326,5,1
11302,0.0021902865264564753,5,1
11303,0.0017708685481920838,7,1
11304,0.0021706961560994387,6,1
11305,0.9637187719345093,1,3
11306,0.037485383450984955,3,2
11307,0.8841440677642822,1,3
11308,0.01103568822145462,5,1
11309,0.0026884295511990786,6,1
11310,0.0006243152893148363,6,1
11311,0.00031711155315861106,8,1
11312,0.9936935305595398,1,3
11313,0.9998535513877869,1,5
11314,0.9771624207496643,1,3
11315,0.9911487698554993,1,4
11316,0.0008213865803554654,7,1
11317,0.0004952544113621116,8,1
11318,0.0003742073895409703,7,1
11319,0.000179736758582294,9,1
11320,0.9997185468673706,1,3
11321,0.9998728632926941,1,6
11322,0.9993319511413574,1,3
11323,0.9999638199806213,1,8
11324,0.004064545501023531,4,1
11325,0.0011256225407123566,7,1
11326,0.0006029241485521197,4,1
11327,0.010409996844828129,4,1
11328,0.9985677003860474,1,4
11329,0.998290479183197,1,6
11330,0.9985176920890808,1,4
11331,0.999890148639679,1,6
11332,0.001217084238305688,8,1
11333,0.00039731868309900165,8,1
11334,0.00021377194207161665,9,1
11335,0.00012828456237912178,9,1
11336,0.999060332775116,1,3
11337,0.9999351501464844,1,5
11338,0.9999006986618042,1,4
11339,0.9999716877937317,1,7
11340,0.00188987678848207,6,1
11341,0.0018015672685578465,5,1
11342,0.008344651199877262,4,1
11343,0.003082454204559326,5,1
11344,0.4374241828918457,3,2
11345,0.9999035000801086,1,3
11346,0.9485779404640198,1,3
11347,0.9992183446884155,1,3
11348,0.00019961634825449437,8,1
11349,4.029280171380378e-05,8,1
11350,0.00020553224021568894,8,1
11351,3.396449392312206e-05,9,1
11352,0.9861536622047424,1,3
11353,0.9995453357696533,1,3
11354,0.9654773473739624,1,3
11355,0.9989555478096008,1,3
11356,0.00019897821766790003,7,1
11357,9.362673154100776e-05,8,1
11358,0.00019668291497509927,7,1
11359,5.4778192861704156e-05,9,1
11360,0.3349211812019348,3,2
11361,0.5903519988059998,1,2
11362,0.045853592455387115,3,2
11363,0.15426550805568695,2,1
11364,0.19058144092559814,3,2
11365,0.04323677346110344,5,1
11366,0.34884244203567505,3,2
11367,0.1425672024488449,2,1
11368,0.9911493062973022,1,3
11369,0.9987425208091736,1,3
11370,0.9993844032287598,1,3
11371,0.9999118447303772,1,4
11372,0.011945913545787334,5,2
11373,0.0005673315026797354,6,1
11374,0.0034944438375532627,4,2
11375,0.00029085177811793983,7,1
11376,0.9999290704727173,1,8
11377,0.9991987943649292,1,8
11378,0.9998854398727417,1,6
11379,0.9995322823524475,1,8
11380,0.0009084908524528146,6,1
11381,0.001542852260172367,6,1
11382,0.0005060113617219031,6,1
11383,0.0005019884556531906,7,1
11384,0.9990311861038208,1,5
11385,0.9989617466926575,1,5
11386,0.9995332360267639,1,4
11387,0.9990442395210266,1,5
11388,0.0035547614097595215,4,1
11389,0.0022589871659874916,7,1
11390,0.005916913039982319,4,1
11391,0.002110642846673727,7,1
11392,0.9924256205558777,1,4
11393,0.9638107419013977,1,4
11394,0.9993181824684143,1,4
11395,0.9714170098304749,1,5
11396,0.47966432571411133,2,1
11397,0.09039740264415741,4,1
11398,0.44295135140419006,3,1
11399,0.1168401762843132,5,1
11400,0.999887228012085,1,3
11401,0.9913501143455505,1,4
11402,0.9995505809783936,1,3
11403,0.7845888733863831,1,2
11404,0.06869994848966599,5,2
11405,0.1658077985048294,6,2
11406,0.003222257597371936,5,2
11407,0.0032976523507386446,8,1
11408,0.005956861190497875,4,2
11409,0.007472487632185221,6,1
11410,0.007187760900706053,3,2
11411,0.021334894001483917,4,1
11412,0.07627148181200027,3,1
11413,0.03624548017978668,4,1
11414,0.7699621319770813,2,3
11415,0.3690621852874756,2,1
11416,0.8437521457672119,2,5
11417,0.9814202189445496,1,4
11418,0.5090939998626709,2,3
11419,0.9862361550331116,1,4
11420,0.15807436406612396,3,1
11421,0.06642156094312668,2,1
11422,0.2673909366130829,3,2
11423,0.43675822019577026,2,1
11424,0.8976286053657532,2,3
11425,0.9522067308425903,1,2
11426,0.8883548378944397,2,3
11427,0.9949711561203003,1,4
11428,0.0018559717573225498,5,1
11429,0.0019069762201979756,6,1
11430,0.002560900989919901,4,1
11431,0.006809999700635672,5,1
11432,0.018148226663470268,4,1
11433,0.31134966015815735,2,1
11434,0.03073650225996971,3,1
11435,0.9312679767608643,1,2
11436,0.0009023065795190632,6,1
11437,0.0007332016830332577,8,1
11438,0.0005763199296779931,5,1
11439,0.0013040959602221847,7,1
11440,0.21741606295108795,3,2
11441,0.9926680326461792,1,3
11442,0.6999648213386536,1,3
11443,0.9956916570663452,1,3
11444,0.2655014395713806,4,2
11445,0.04561668634414673,5,1
11446,0.7845589518547058,2,3
11447,0.1336321234703064,2,1
11448,0.9260260462760925,1,3
11449,0.9645485877990723,1,3
11450,0.7598674297332764,2,3
11451,0.9552975296974182,1,3
11452,0.18946489691734314,3,2
11453,0.27960479259490967,2,1
11454,0.060149937868118286,3,1
11455,0.3082208037376404,2,1
11456,0.6714650988578796,2,3
11457,0.22871050238609314,2,1
11458,0.5011489987373352,2,3
11459,0.46613621711730957,2,1
11460,0.2655010521411896,4,2
11461,0.04561727121472359,5,1
11462,0.7845512628555298,2,3
11463,0.13363365828990936,2,1
11464,0.9999391436576843,1,5
11465,0.9999721646308899,1,6
11466,0.9985995888710022,1,3
11467,0.9998648166656494,1,4
11468,0.00020678559667430818,7,1
11469,0.00010169430606765673,9,1
11470,0.0003779901016969234,7,1
11471,9.71719273366034e-05,10,1
11472,0.8495362997055054,2,3
11473,0.9942442774772644,1,3
11474,0.9657027721405029,2,3
11475,0.9980720281600952,1,3
11476,0.9516706466674805,2,3
11477,0.8255792260169983,1,3
11478,0.6479740142822266,2,3
11479,0.46687448024749756,2,1
11480,0.7940872311592102,2,3
11481,0.8961746096611023,1,2
11482,0.6516173481941223,2,3
11483,0.9781683683395386,1,2
11484,0.04176858812570572,5,2
11485,0.0014551712665706873,7,1
11486,0.0015116657596081495,5,1
11487,0.000578526989556849,8,1
11488,0.9981917142868042,1,5
11489,0.9991580247879028,1,6
11490,0.9984292387962341,1,3
11491,0.999648928642273,1,6
11492,0.3650514781475067,5,4
11493,0.5241511464118958,3,5
11494,0.11911064386367798,4,2
11495,0.056003257632255554,6,1
11496,0.9961746335029602,1,5
11497,0.9882025122642517,1,5
11498,0.9786078333854675,1,3
11499,0.15363585948944092,3,1
11500,0.05461310222744942,4,2
11501,0.0009527029469609261,6,1
11502,0.8674502968788147,1,3
11503,0.0010621185647323728,7,1
11504,0.9929108023643494,1,3
11505,0.004556803032755852,6,1
11506,0.9990447759628296,1,3
11507,0.0026229657232761383,7,1
11508,0.25319090485572815,3,2
11509,0.001800511498004198,6,1
11510,0.058689702302217484,3,1
11511,0.00023877770581748337,7,1
11512,0.9957540035247803,1,4
11513,0.9375733733177185,1,2
11514,0.9974066019058228,1,3
11515,0.989818274974823,1,2
11516,0.9862156510353088,1,3
11517,0.9933465123176575,1,4
11518,0.9057043790817261,2,3
11519,0.9737319946289062,1,2
11520,0.9998288750648499,1,3
11521,0.9999485015869141,1,7
11522,0.9995224475860596,1,3
11523,0.9997568726539612,1,5
11524,0.0030963742174208164,4,1
11525,0.0006821380229666829,6,1
11526,0.0014142562868073583,4,1
11527,0.00027813244378194213,8,1
11528,0.9970752596855164,1,3
11529,0.9973991513252258,1,3
11530,0.9397596716880798,2,3
11531,0.9833891987800598,1,3
11532,0.004993440583348274,5,1
11533,0.0030290635768324137,4,1
11534,0.0012477155542001128,5,1
11535,0.0014845840632915497,4,1
11536,0.9897891283035278,1,5
11537,0.9992355108261108,1,6
11538,0.9536198973655701,1,3
11539,0.9996287822723389,1,6
11540,0.02338215336203575,4,1
11541,0.0028916180599480867,6,1
11542,0.041657768189907074,3,2
11543,0.019326763227581978,3,1
11544,0.14543341100215912,3,2
11545,0.4474866986274719,2,1
11546,0.4815114736557007,3,2
11547,0.8770836591720581,1,2
11548,0.010665840469300747,5,1
11549,0.0007680275593884289,8,1
11550,0.0009439857094548643,6,1
11551,0.0004781648167409003,8,1
11552,0.03167972341179848,5,1
11553,0.04718558117747307,5,1
11554,0.005463374778628349,6,1
11555,0.05106286704540253,5,1
11556,0.0024981398601084948,5,1
11557,0.0012113996781408787,8,1
11558,0.0013135526096448302,5,1
11559,0.002310474868863821,7,1
11560,0.015435667708516121,3,2
11561,0.9983251690864563,1,3
11562,0.0046153138391673565,3,1
11563,0.9999600052833557,1,6
11564,0.0008981701685115695,7,1
11565,0.00016785836487542838,7,1
11566,0.0013084695674479008,4,1
11567,9.159709588857368e-05,8,1
11568,0.8897004723548889,1,2
11569,0.999965250492096,1,4
11570,0.09655523300170898,2,1
11571,0.999963641166687,1,5
11572,0.015894252806901932,4,1
11573,0.9978152513504028,1,2
11574,0.016603680327534676,3,1
11575,0.9632052779197693,1,2
11576,0.9988269805908203,1,3
11577,0.282993882894516,2,1
11578,0.9971286058425903,1,3
11579,0.5169098377227783,1,2
11580,0.11773425340652466,4,1
11581,0.043323762714862823,5,1
11582,0.002508859382942319,5,1
11583,0.0023478944785892963,5,1
11584,0.9658110737800598,1,3
11585,0.9613906145095825,1,2
11586,0.9526112675666809,1,3
11587,0.9964205026626587,1,2
11588,0.0039254180155694485,5,1
11589,0.0012522933539003134,5,1
11590,0.005586467683315277,5,1
11591,0.00116336764767766,5,1
11592,0.9992659091949463,1,4
11593,0.9998566508293152,1,5
11594,0.999863862991333,1,5
11595,0.9999041557312012,1,5
11596,0.0015918795252218843,6,1
11597,0.00019326135225128382,6,1
11598,0.0006183398654684424,6,1
11599,0.00012616939784493297,7,1
11600,0.056834809482097626,3,1
11601,0.6079012155532837,1,2
11602,0.8809893131256104,1,3
11603,0.8617501854896545,1,2
11604,0.001890253508463502,6,1
11605,0.009385091252624989,5,1
11606,0.0004097389755770564,8,1
11607,0.0019431854598224163,7,1
11608,0.9540505409240723,1,3
11609,0.9988055229187012,1,4
11610,0.9393303394317627,1,3
11611,0.9939680099487305,1,4
11612,0.001453276490792632,6,1
11613,0.01502841804176569,4,1
11614,0.0002409110456937924,8,1
11615,0.0013965712860226631,7,1
11616,0.9986425638198853,1,3
11617,0.9991944432258606,1,3
11618,0.9994096159934998,1,3
11619,0.9997255802154541,1,5
11620,0.16981549561023712,4,1
11621,0.3240474462509155,4,1
11622,0.6305354237556458,1,2
11623,0.9512209296226501,1,4
11624,0.8880841732025146,1,2
11625,0.999663770198822,1,3
11626,0.971575140953064,1,2
11627,0.9999193549156189,1,5
11628,0.003488772315904498,4,1
11629,0.004421066027134657,5,1
11630,0.00021582697809208184,7,1
11631,0.00042627810034900904,6,1
11632,0.16022978723049164,2,1
11633,0.9934943318367004,1,2
11634,0.5633208155632019,1,2
11635,0.9936694502830505,1,2
11636,0.0019652415066957474,6,1
11637,0.00043070598621852696,6,1
11638,0.00038989936001598835,8,1
11639,0.000200506197870709,7,1
11640,0.9986780881881714,1,3
11641,0.9998580813407898,1,3
11642,0.9699766039848328,1,3
11643,0.9988135695457458,1,3
11644,0.00041042876546271145,7,1
11645,0.0003252113820053637,5,1
11646,0.00031286070588976145,7,1
11647,0.00013596298231277615,8,1
11648,0.11923345178365707,4,2
11649,0.9989781379699707,1,5
11650,0.9980095028877258,1,4
11651,0.9995905756950378,1,6
11652,0.00032423631637357175,9,1
11653,0.0018540805904194713,8,2
11654,0.00020064317504875362,9,1
11655,0.002133528236299753,7,1
11656,0.992555558681488,1,4
11657,0.9974185824394226,1,4
11658,0.9869781136512756,1,4
11659,0.9976189136505127,1,5
11660,0.0015926810447126627,7,1
11661,0.007101492956280708,7,1
11662,0.0007794828852638602,8,1
11663,0.0028669233433902264,7,1
11664,0.9994367361068726,1,4
11665,0.9998417496681213,1,7
11666,0.9999328851699829,1,6
11667,0.9999614357948303,1,8
11668,0.02411019243299961,6,2
11669,0.06462310999631882,6,1
11670,0.02003931999206543,6,2
11671,0.08069256693124771,6,1
11672,0.9997785687446594,1,3
11673,0.9999063611030579,1,6
11674,0.9995952248573303,1,3
11675,0.999022364616394,1,3
11676,0.009848453104496002,5,1
11677,0.353322297334671,2,1
11678,0.01954437606036663,3,1
11679,0.5782139301300049,1,2
11680,0.0781598761677742,3,2
11681,0.00027982122264802456,8,1
11682,0.36043477058410645,3,2
11683,0.0001297014532610774,9,1
11684,0.02564912661910057,5,1
11685,0.03534114733338356,5,2
11686,0.01124806609004736,4,1
11687,0.0006240011425688863,7,1
11688,0.12456273287534714,2,1
11689,0.01965978741645813,5,1
11690,0.04706881567835808,3,1
11691,0.010555591434240341,5,1
11692,0.0087273633107543,5,1
11693,0.0030477414838969707,5,1
11694,0.0007095736800692976,5,1
11695,0.0005847723223268986,7,1
11696,0.9929769039154053,1,4
11697,0.9998551607131958,1,6
11698,0.9982831478118896,1,3
11699,0.9999356269836426,1,8
11700,0.8067038655281067,1,2
11701,0.9984097480773926,1,6
11702,0.9948243498802185,1,4
11703,0.9994828701019287,1,6
11704,0.17183978855609894,4,3
11705,0.012845810502767563,5,1
11706,0.0044722710736095905,6,1
11707,0.0016421813052147627,6,1
11708,0.1773662269115448,4,1
11709,0.0013664185535162687,5,1
11710,0.0015428779879584908,6,1
11711,0.00041287182830274105,7,1
11712,0.9775387644767761,1,3
11713,0.9979000687599182,1,6
11714,0.9080327749252319,1,3
11715,0.9829598665237427,1,4
11716,0.018977351486682892,4,1
11717,0.005366428755223751,5,1
11718,0.00041152193443849683,7,1
11719,0.0006216210895217955,6,1
11720,0.9928814768791199,1,5
11721,0.9728079438209534,1,3
11722,0.9995097517967224,1,4
11723,0.9991349577903748,1,6
11724,0.0068716006353497505,6,1
11725,0.0017939043464139104,8,1
11726,0.006266823969781399,6,1
11727,0.0009016345138661563,8,1
11728,0.8096261024475098,1,3
11729,0.8103614449501038,1,2
11730,0.6552853584289551,1,3
11731,0.9960504770278931,1,4
11732,0.0021940122824162245,8,1
11733,0.01006078626960516,7,1
11734,0.00343305547721684,8,1
11735,0.07591947168111801,5,1
11736,0.027682004496455193,2,1
11737,0.01825857162475586,3,1
11738,0.006017609033733606,3,1
11739,0.04061579331755638,2,1
11740,0.11700395494699478,3,1
11741,0.25010576844215393,2,1
11742,0.012002021074295044,3,1
11743,0.21856729686260223,2,1
11744,0.988105833530426,1,3
11745,0.38650965690612793,2,1
11746,0.9676890969276428,1,3
11747,0.4951840937137604,2,1
11748,0.030397793278098106,3,1
11749,0.0878087729215622,3,1
11750,0.0032929989974945784,4,1
11751,0.07592464238405228,3,1
11752,0.864802896976471,1,3
11753,0.7858694791793823,1,2
11754,0.8602354526519775,1,3
11755,0.9357092380523682,1,2
11756,0.046133436262607574,3,2
11757,0.025428051128983498,3,1
11758,0.025082359090447426,3,2
11759,0.03961663320660591,3,1
11760,0.9996724724769592,1,3
11761,0.9988154768943787,1,3
11762,0.9997233748435974,1,3
11763,0.999884843826294,1,3
11764,0.018704691901803017,3,1
11765,0.8950910568237305,1,2
11766,0.8715797066688538,1,3
11767,0.7790139317512512,1,2
11768,0.9797015190124512,1,5
11769,0.9971882700920105,1,3
11770,0.9929949641227722,1,3
11771,0.9917385578155518,1,3
11772,0.001746486290358007,6,1
11773,0.0012123126070946455,6,1
11774,0.006272094324231148,5,1
11775,0.0012769761960953474,6,1
11776,0.13361890614032745,3,1
11777,0.9522533416748047,1,2
11778,0.006194748915731907,3,1
11779,0.9701998233795166,1,2
11780,0.0006044995388947427,6,1
11781,0.00022358809655997902,6,1
11782,0.00011390742292860523,8,1
11783,0.00014929794997442514,8,1
11784,0.8971379995346069,1,3
11785,0.9974043965339661,1,3
11786,0.9361981749534607,1,3
11787,0.8552758693695068,1,2
11788,0.10287166386842728,3,1
11789,0.10167397558689117,2,1
11790,0.8675443530082703,1,3
11791,0.30381709337234497,2,1
11792,0.8011538982391357,1,2
11793,0.9904928803443909,1,2
11794,0.934697151184082,1,2
11795,0.9437201023101807,1,2
11796,0.00748442392796278,6,1
11797,0.0024948695208877325,8,1
11798,0.013870899565517902,6,1
11799,0.001088139251805842,8,1
11800,0.9928193688392639,1,4
11801,0.9907706379890442,1,3
11802,0.9773944616317749,1,2
11803,0.8334757685661316,1,2
11804,0.05297368764877319,5,1
11805,0.0006387841422110796,11,1
11806,0.017882805317640305,5,1
11807,0.00024040922289714217,13,1
11808,0.8186899423599243,1,2
11809,0.04067099094390869,3,1
11810,0.6331885457038879,1,2
11811,0.02720336616039276,3,1
11812,0.05297368764877319,5,1
11813,0.0006387841422110796,11,1
11814,0.017882805317640305,5,1
11815,0.00024040922289714217,13,1
11816,0.9929894208908081,1,5
11817,0.9875848293304443,1,5
11818,0.9972318410873413,1,3
11819,0.9985160827636719,1,7
11820,0.0014989724149927497,6,1
11821,0.005687832832336426,7,1
11822,0.0013013652060180902,6,1
11823,0.005996000953018665,7,1
11824,0.7300670742988586,2,3
11825,0.6923412084579468,1,2
11826,0.995237410068512,1,3
11827,0.9931089878082275,1,3
11828,0.030027909204363823,4,2
11829,0.11632023751735687,4,1
11830,0.12727642059326172,3,2
11831,0.3400575518608093,2,1
11832,0.9988516569137573,1,3
11833,0.9992087483406067,1,4
11834,0.9989281892776489,1,3
11835,0.9995797276496887,1,4
11836,0.007329295389354229,5,1
11837,0.0034416450653225183,6,1
11838,0.004873280413448811,5,1
11839,0.0019995374605059624,6,1
11840,0.9966219067573547,1,3
11841,0.9994987845420837,1,2
11842,0.9989973306655884,1,3
11843,0.9997571706771851,1,2
11844,0.005936247296631336,5,1
11845,0.0008532269857823849,6,1
11846,0.00021570846729446203,7,1
11847,6.374083022819832e-05,8,1
11848,0.12371435016393661,3,1
11849,0.12610557675361633,2,1
11850,0.9045963883399963,1,3
11851,0.17429165542125702,2,1
11852,0.11930012702941895,3,1
11853,0.01413146685808897,5,1
11854,0.29661107063293457,3,1
11855,0.05025435611605644,2,1
11856,0.9112419486045837,1,3
11857,0.10928761214017868,3,1
11858,0.8007702231407166,1,3
11859,0.14215439558029175,2,1
11860,0.002084858249872923,5,1
11861,0.0017589223571121693,5,1
11862,0.0003030505031347275,5,1
11863,0.001327085425145924,5,1
11864,0.9998863339424133,1,5
11865,0.9999945759773254,1,13
11866,0.9999948740005493,1,11
11867,0.9999968409538269,1,14
11868,0.7712723016738892,2,4
11869,0.9724369049072266,1,4
11870,0.3412070572376251,3,2
11871,0.7802151441574097,1,2
11872,0.9622284173965454,4,7
11873,0.9994013905525208,1,7
11874,0.9776061177253723,2,5
11875,0.9989629983901978,1,6
11876,0.013943609781563282,5,1
11877,0.0011685786303132772,6,1
11878,0.001968365628272295,5,1
11879,0.0008924331632442772,7,1
11880,0.017082734033465385,6,3
11881,0.8615931272506714,1,4
11882,0.0019565203692764044,7,1
11883,0.9919971823692322,1,3
11884,0.0077355848625302315,5,1
11885,0.6618531346321106,1,2
11886,0.05717938020825386,5,1
11887,0.8558489084243774,1,2
11888,0.005458214320242405,5,1
11889,0.28822770714759827,2,1
11890,0.008814051747322083,5,1
11891,0.9834458231925964,1,2
11892,0.028345709666609764,5,2
11893,0.00016422806947957724,8,1
11894,0.0034561657812446356,5,1
11895,0.00012357148807495832,8,1
11896,0.9713209271430969,1,3
11897,0.058939866721630096,2,1
11898,0.9866628646850586,1,3
11899,0.5095244646072388,1,2
11900,0.0009501544991508126,5,1
11901,0.00021395509247668087,8,1
11902,0.0032778449822217226,3,1
11903,0.001472054747864604,6,1
11904,0.98995441198349,2,4
11905,0.9435308575630188,1,2
11906,0.7751377820968628,2,3
11907,0.9588643312454224,1,2
11908,0.11175011098384857,3,2
11909,0.8814535737037659,1,2
11910,0.29096049070358276,3,2
11911,0.6342533230781555,1,2
11912,0.971423864364624,1,3
11913,0.875127375125885,1,2
11914,0.5483810901641846,1,3
11915,0.6920920014381409,1,2
11916,0.9976605176925659,1,4
11917,0.9790465831756592,1,5
11918,0.9859365820884705,1,3
11919,0.15751025080680847,2,1
11920,0.9995430707931519,1,3
11921,0.9998629093170166,1,5
11922,0.9999803900718689,1,4
11923,0.9999869465827942,1,9
11924,0.0010404308559373021,4,1
11925,0.0004653165233321488,6,1
11926,0.09115952998399734,3,1
11927,0.00035058031789958477,8,1
11928,0.8778210282325745,2,3
11929,0.9998701810836792,1,3
11930,0.780971884727478,2,3
11931,0.9997918009757996,1,3
11932,0.6513122320175171,1,3
11933,0.0028033768758177757,3,1
11934,0.8494822978973389,1,3
11935,0.004386505577713251,3,1
11936,0.15076844394207,2,1
11937,0.9716256260871887,1,2
11938,0.19904284179210663,2,1
11939,0.9859158396720886,1,2
11940,0.007039322983473539,7,1
11941,0.0012483184691518545,7,1
11942,0.012760918587446213,3,1
11943,0.0030488644260913134,6,1
11944,0.831585168838501,1,2
11945,0.45650970935821533,2,1
11946,0.16363166272640228,3,1
11947,0.5074251890182495,1,2
11948,0.0009154965518973768,6,1
11949,0.022810719907283783,2,1
11950,0.00023659245925955474,9,1
11951,0.04816582798957825,2,1
11952,0.9802384376525879,1,3
11953,0.9084697365760803,1,2
11954,0.9988042712211609,1,4
11955,0.9909306764602661,1,2
11956,0.25377771258354187,4,2
11957,0.6893953084945679,2,4
11958,0.0019410394597798586,6,1
11959,0.26443618535995483,2,1
11960,0.8990980386734009,1,3
11961,0.06119031086564064,2,1
11962,0.08206070214509964,3,2
11963,0.030881445854902267,2,1
11964,0.0009129688260145485,5,1
11965,0.000612098490819335,7,1
11966,0.0001238764525623992,7,1
11967,0.0001311684027314186,9,1
11968,0.9939079284667969,1,3
11969,0.9992556571960449,1,4
11970,0.9759293794631958,1,3
11971,0.9972167611122131,1,3
11972,0.0018397682579234242,5,1
11973,0.0025731921195983887,4,1
11974,0.00030214767321012914,6,1
11975,0.0006484357290901244,5,1
11976,0.9987494349479675,1,4
11977,0.9996669888496399,1,5
11978,0.9985169768333435,1,3
11979,0.99974524974823,1,5
11980,0.0004373910487629473,8,1
11981,0.0030519047286361456,6,1
11982,0.002469910541549325,6,1
11983,0.023928696289658546,5,1
11984,0.9626114964485168,1,2
11985,0.989758312702179,1,2
11986,0.9974203109741211,1,2
11987,0.9915587306022644,1,2
11988,0.02099558152258396,4,1
11989,0.001547387451864779,5,1
11990,0.000560115440748632,6,1
11991,0.00035322923213243484,7,1
11992,0.9999759197235107,1,4
11993,0.9999437928199768,1,4
11994,0.9999634027481079,1,4
11995,0.9999489188194275,1,4
11996,0.0034379588905721903,5,1
11997,0.0015521589666604996,6,1
11998,0.0005432310863398015,5,1
11999,0.0002885224239435047,8,1
12000,0.9995749592781067,1,3
12001,0.989246129989624,1,3
12002,0.9785269498825073,1,3
12003,0.9263165593147278,1,2
12004,0.025317231193184853,5,1
12005,0.00443201744928956,5,1
12006,0.0017538568936288357,5,1
12007,0.0006741539691574872,8,1
12008,0.5242703557014465,2,3
12009,0.7217656970024109,1,2
12010,0.9012580513954163,1,3
12011,0.9682189226150513,1,2
12012,0.0015321227256208658,6,1
12013,0.0005975250969640911,7,1
12014,0.00041401409544050694,7,1
12015,0.0003069917147513479,8,1
12016,0.9994661211967468,1,3
12017,0.9994269609451294,1,2
12018,0.9993418455123901,1,3
12019,0.9984391331672668,1,2
12020,0.006507375277578831,6,1
12021,0.0018310820451006293,7,1
12022,0.0011213587131351233,6,1
12023,0.0006102682673372328,8,1
12024,0.9999809265136719,1,6
12025,0.999944806098938,1,4
12026,0.9999337792396545,1,3
12027,0.999967098236084,1,4
12028,0.00010564917465671897,7,1
12029,0.00014435991761274636,7,1
12030,3.330560139147565e-05,8,1
12031,7.881489727878943e-05,8,1
12032,0.9998279809951782,1,3
12033,0.9999673962593079,1,5
12034,0.9988622069358826,1,3
12035,0.9999600052833557,1,5
12036,0.0003218448255211115,7,1
12037,0.01762988604605198,4,1
12038,0.00022723253641743213,8,1
12039,0.0010770871303975582,6,1
12040,0.8481346964836121,1,3
12041,0.9661139845848083,1,3
12042,0.7905694246292114,1,3
12043,0.4507783055305481,3,2
12044,0.054941922426223755,3,1
12045,0.8287403583526611,1,3
12046,0.0047379108145833015,4,1
12047,0.05640105903148651,3,1
12048,0.995036244392395,1,3
12049,0.9626621603965759,1,2
12050,0.8920534253120422,1,3
12051,0.8377302885055542,1,2
12052,0.0018747452413663268,4,1
12053,0.0009486525668762624,7,1
12054,0.0022512334398925304,4,1
12055,0.0006227236590348184,7,1
12056,0.31430304050445557,3,1
12057,0.6716378927230835,1,2
12058,0.0918072760105133,3,1
12059,0.6742107272148132,1,2
12060,0.023607200011610985,4,1
12061,0.09583142399787903,2,1
12062,0.03171250969171524,3,1
12063,0.10015219449996948,2,1
12064,0.999082624912262,1,3
12065,0.9689419865608215,1,2
12066,0.9994826912879944,1,3
12067,0.9028661847114563,1,2
12068,0.0017479341477155685,4,1
12069,0.0003341735282447189,7,1
12070,0.0007453665602952242,4,1
12071,0.00017266064241994172,8,1
12072,0.9999310374259949,1,4
12073,0.9999902844429016,1,9
12074,0.9986990690231323,1,3
12075,0.9999944567680359,1,10
12076,0.000670413370244205,5,1
12077,0.001944933901540935,5,1
12078,0.00017149915220215917,7,1
12079,0.00017012580065056682,7,1
12080,0.3757901191711426,3,2
12081,0.3063705563545227,2,1
12082,0.7932611107826233,1,3
12083,0.9077878594398499,1,2
12084,0.009242478758096695,5,1
12085,0.000190577789908275,8,1
12086,0.008202149532735348,4,1
12087,0.00012219237396493554,8,1
12088,0.28190135955810547,3,1
12089,0.9130149483680725,1,3
12090,0.8802884221076965,1,3
12091,0.988471508026123,1,3
12092,0.8820965886116028,2,3
12093,0.9995149374008179,1,4
12094,0.9197767972946167,1,3
12095,0.9997726678848267,1,4
12096,0.9998900890350342,1,5
12097,0.999952495098114,1,7
12098,0.9971688985824585,1,4
12099,0.998735249042511,1,5
12100,6.167736137285829e-05,9,1
12101,0.00011990909843007103,9,1
12102,3.6032106436323375e-05,12,1
12103,6.155364098958671e-05,10,1
12104,0.9875217080116272,1,3
12105,0.9986581206321716,1,3
12106,0.9770296812057495,1,3
12107,0.9981735348701477,1,3
12108,0.00022165106202010065,7,1
12109,0.00010931726865237579,8,1
12110,3.753740747924894e-05,10,1
12111,3.518105950206518e-05,9,1
12112,0.9969663619995117,1,3
12113,0.999823808670044,1,3
12114,0.9919228553771973,1,3
12115,0.9997013807296753,1,3
12116,0.01700385846197605,3,1
12117,0.010302644222974777,3,1
12118,0.0021406833548098803,3,1
12119,0.014322624541819096,3,1
12120,0.9993135333061218,1,3
12121,0.9880040884017944,1,2
12122,0.7737689018249512,1,3
12123,0.7209467887878418,1,2
12124,0.00015656682080589235,9,1
12125,0.0009333073976449668,9,1
12126,5.367115591070615e-05,10,1
12127,0.00011990311031695455,10,1
12128,0.00509403133764863,3,1
12129,0.9898367524147034,1,2
12130,0.002557988977059722,3,1
12131,0.7587258815765381,1,2
12132,0.030189964920282364,3,1
12133,0.16758017241954803,2,1
12134,0.0026614037342369556,3,1
12135,0.007495149038732052,3,1
12136,0.0018273553578183055,3,1
12137,0.9991880059242249,1,2
12138,0.0010462553473189473,3,1
12139,0.9848358035087585,1,2
12140,0.0001326989004155621,7,1
12141,0.0017849234864115715,6,1
12142,0.00010932239820249379,7,1
12143,0.0003360288101248443,7,1
12144,0.8844271302223206,2,3
12145,0.37288859486579895,2,1
12146,0.8534043431282043,2,3
12147,0.8739263415336609,1,2
12148,0.011044253595173359,5,1
12149,0.0021124158520251513,7,1
12150,0.0024439520202577114,6,1
12151,0.0004928424023091793,7,1
12152,0.9879615306854248,1,3
12153,0.9972555637359619,1,5
12154,0.850655198097229,2,3
12155,0.9900254607200623,1,4
12156,0.5268265008926392,3,4
12157,0.612105667591095,2,4
12158,0.19110922515392303,4,2
12159,0.013079848140478134,5,1
12160,0.6090294122695923,2,3
12161,0.08748581260442734,5,1
12162,0.2595933675765991,3,2
12163,0.1374008059501648,3,1
12164,0.0026061837561428547,6,1
12165,0.0005534380907192826,6,1
12166,0.0005102140712551773,7,1
12167,0.0003529504465404898,7,1
12168,0.057762958109378815,5,2
12169,0.9031025171279907,1,3
12170,0.0064952499233186245,5,1
12171,0.8467314839363098,1,2
12172,0.0018849277403205633,6,1
12173,0.0023880163207650185,5,1
12174,0.0007607981679029763,6,1
12175,0.001330575323663652,6,1
12176,0.9958996772766113,1,3
12177,0.9992944598197937,1,3
12178,0.9971210956573486,1,3
12179,0.9997747540473938,1,3
12180,0.07835742086172104,5,2
12181,0.13698886334896088,5,1
12182,0.008733675815165043,5,1
12183,0.07850463688373566,2,1
12184,0.2957814037799835,3,2
12185,0.6656437516212463,1,2
12186,0.19069832563400269,3,2
12187,0.7140381932258606,1,2
12188,0.013788243755698204,6,1
12189,0.0056121633388102055,6,1
12190,0.0007048615370877087,7,1
12191,0.0021005324088037014,6,1
12192,0.9999142289161682,1,6
12193,0.9999590516090393,1,8
12194,0.9999734163284302,1,6
12195,0.9999855756759644,1,11
12196,0.0024470926728099585,4,1
12197,0.0013623805716633797,6,1
12198,0.000896244659088552,5,1
12199,0.0019980641081929207,6,1
12200,0.9994982481002808,1,4
12201,0.9998886585235596,1,5
12202,0.9994959831237793,1,4
12203,0.9999337792396545,1,7
12204,0.8879109025001526,2,3
12205,0.9930627346038818,1,3
12206,0.9958151578903198,1,4
12207,0.9995023012161255,1,4
12208,0.5875948071479797,2,3
12209,0.9989519715309143,1,3
12210,0.9201134443283081,2,3
12211,0.999434232711792,1,5
12212,0.003062689211219549,4,1
12213,0.0036210811231285334,5,1
12214,0.0008494409848935902,5,1
12215,0.002057265490293503,5,1
12216,0.9154577255249023,1,3
12217,0.9977080821990967,1,4
12218,0.8279523253440857,1,3
12219,0.9985042214393616,1,4
12220,0.004636554047465324,5,1
12221,0.0017794074956327677,5,1
12222,0.00043011538218706846,6,1
12223,0.001017024740576744,5,1
12224,0.41319915652275085,2,1
12225,0.9981091618537903,1,3
12226,0.9999345541000366,1,4
12227,0.9998781681060791,1,4
12228,0.0061053019016981125,5,1
12229,0.007951537147164345,5,1
12230,0.006119207013398409,3,1
12231,0.004089299123734236,5,1
12232,0.5834336876869202,1,2
12233,0.9896053671836853,1,4
12234,0.9975964426994324,1,4
12235,0.9909861087799072,1,4
12236,0.039957959204912186,3,1
12237,0.007720016874372959,4,1
12238,0.0006114871939644217,6,1
12239,0.0010379833402112126,6,1
12240,0.9962984323501587,1,5
12241,0.9995326399803162,1,6
12242,0.9995813369750977,1,3
12243,0.9997219443321228,1,6
12244,0.004969769157469273,5,1
12245,0.0013263951987028122,6,1
12246,0.0003569797263480723,6,1
12247,0.0006263023824431002,6,1
12248,0.16105136275291443,2,1
12249,0.039884503930807114,4,1
12250,0.3044840097427368,2,1
12251,0.161110982298851,2,1
12252,0.005604774225503206,4,1
12253,0.9793630242347717,1,3
12254,0.9906026721000671,1,3
12255,0.9880671501159668,1,3
12256,0.05698766931891441,5,1
12257,0.06516966968774796,5,1
12258,0.11354032158851624,3,1
12259,0.3243415355682373,2,1
12260,0.01606808975338936,3,1
12261,0.0807151272892952,3,1
12262,0.45901352167129517,2,1
12263,0.23958221077919006,2,1
12264,0.999936044216156,1,6
12265,0.9982851147651672,1,3
12266,0.9997757077217102,1,3
12267,0.9895501732826233,1,3
12268,0.00016693805810064077,7,1
12269,0.00015243212692439556,7,1
12270,0.00015533230907749385,7,1
12271,0.00019227818120270967,7,1
12272,0.9998534321784973,1,4
12273,0.9966714978218079,1,3
12274,0.9999590516090393,1,5
12275,0.99297034740448,1,2
12276,0.9036626815795898,1,3
12277,0.28492340445518494,2,1
12278,0.9647351503372192,1,3
12279,0.08596975356340408,2,1
12280,0.9866220355033875,1,5
12281,0.9823154211044312,1,4
12282,0.9735074043273926,1,3
12283,0.9748100638389587,1,3
12284,0.010095278732478619,4,1
12285,0.29246118664741516,2,1
12286,0.0052125537768006325,4,1
12287,0.6686104536056519,1,2
12288,0.7094760537147522,2,3
12289,0.9762045741081238,1,2
12290,0.9757952690124512,1,3
12291,0.9831311702728271,1,3
12292,0.000646109925583005,7,1
12293,0.0004862741625402123,8,1
12294,0.0002666712098289281,7,1
12295,0.003456698963418603,7,1
12296,0.9956637620925903,1,3
12297,0.9996244311332703,1,6
12298,0.9963578581809998,1,3
12299,0.9999213814735413,1,8
12300,0.3991183638572693,4,3
12301,0.11067918688058853,6,1
12302,0.14661766588687897,4,2
12303,0.0320994108915329,6,1
12304,0.07460486143827438,4,2
12305,0.012584827840328217,6,1
12306,0.00473458506166935,4,1
12307,0.03810381144285202,3,1
12308,0.0013527318369597197,5,1
12309,0.000665482017211616,8,1
12310,0.00020466679416131228,7,1
12311,0.0007721761940047145,8,1
12312,0.9986822605133057,1,3
12313,0.9995313882827759,1,3
12314,0.9791582226753235,1,3
12315,0.9991645216941833,1,3
12316,0.0008890009485185146,5,1
12317,0.00038464050157926977,7,1
12318,0.0004119150689803064,7,1
12319,0.0001865372760221362,7,1
12320,0.9847182035446167,1,4
12321,0.9986380338668823,1,2
12322,0.9880746603012085,1,4
12323,0.9979903697967529,1,2
12324,0.01755482889711857,3,1
12325,0.0008790433057583869,4,1
12326,0.0002819098299369216,6,1
12327,7.283186278073117e-05,6,1
12328,0.9995911717414856,1,4
12329,0.9924586415290833,1,3
12330,0.9520097374916077,2,3
12331,0.7888370752334595,1,2
12332,0.0001783852931112051,7,1
12333,0.00027568082441575825,9,1
12334,9.366148879053071e-05,8,1
12335,7.104044198058546e-05,9,1
12336,0.9986769556999207,1,3
12337,0.9989187121391296,1,3
12338,0.9984501004219055,1,3
12339,0.992952823638916,1,3
12340,0.0003262708487454802,6,1
12341,0.00010671193740563467,7,1
12342,0.00029824773082509637,6,1
12343,9.775676880963147e-05,7,1
12344,0.9998253583908081,1,5
12345,0.9992929697036743,1,4
12346,0.9999905824661255,1,7
12347,0.9999295473098755,1,6
12348,0.0030100075528025627,5,1
12349,0.0014714798890054226,7,1
12350,0.0009803165448829532,6,1
12351,0.0019259646069258451,6,1
12352,0.9999049305915833,1,6
12353,0.9997819066047668,1,6
12354,0.999984085559845,1,6
12355,0.9996554851531982,1,4
12356,0.0022192979231476784,6,1
12357,7.913387526059523e-05,9,1
12358,0.00020014647452626377,9,1
12359,4.46696431026794e-05,9,1
12360,0.9955933094024658,1,4
12361,0.9994264245033264,1,6
12362,0.9981998205184937,1,3
12363,0.9997665286064148,1,6
12364,0.0027007742319256067,5,1
12365,0.0010779721196740866,7,1
12366,0.0070372275076806545,4,1
12367,0.0006533996784128249,8,1
12368,0.1879362314939499,3,2
12369,0.916939377784729,1,2
12370,0.07219087332487106,3,2
12371,0.15793754160404205,2,1
12372,0.13281026482582092,3,1
12373,0.007023468613624573,2,1
12374,0.08194168657064438,3,1
12375,0.0034513957798480988,5,1
12376,0.9972459673881531,1,3
12377,0.9999002814292908,1,6
12378,0.9997199773788452,1,3
12379,0.9999260902404785,1,7
12380,0.06743766367435455,5,2
12381,0.012839187867939472,5,1
12382,0.022399110719561577,4,1
12383,0.0011930126929655671,7,1
12384,0.03524814173579216,3,1
12385,0.9860339164733887,1,2
12386,0.011599776335060596,3,1
12387,0.8599854707717896,1,2
12388,0.0005261023179627955,7,1
12389,0.009264989756047726,4,1
12390,0.0006957465084269643,7,1
12391,0.007670901715755463,4,1
12392,0.9894121885299683,1,3
12393,0.9798979759216309,1,2
12394,0.8331324458122253,1,3
12395,0.027528762817382812,2,1
12396,0.000754529086407274,6,1
12397,0.0005740316701121628,6,1
12398,0.000404870486818254,7,1
12399,0.00027546825003810227,8,1
12400,0.9938443899154663,1,3
12401,0.9969682693481445,1,3
12402,0.9839377999305725,1,3
12403,0.992913544178009,1,3
12404,0.016919255256652832,5,1
12405,0.0035735685378313065,8,1
12406,0.010958545841276646,5,1
12407,0.0008876704378053546,8,1
12408,0.9929137825965881,1,3
12409,0.9994367957115173,1,3
12410,0.9985461831092834,1,3
12411,0.9990785121917725,1,3
12412,0.018569551408290863,4,1
12413,0.006829875521361828,5,1
12414,0.0060867201536893845,5,1
12415,0.0023557362146675587,6,1
12416,0.6680845022201538,1,3
12417,0.9964014291763306,1,3
12418,0.8358109593391418,1,3
12419,0.995361864566803,1,3
12420,0.0018291029846295714,5,1
12421,0.0006874847458675504,6,1
12422,0.00048611650709062815,5,1
12423,0.00026148458709940314,6,1
12424,0.9625145196914673,1,3
12425,0.9987597465515137,1,4
12426,0.9464725852012634,1,3
12427,0.9962277412414551,1,4
12428,0.0026487752329558134,5,1
12429,0.012453419156372547,5,1
12430,0.04803503304719925,5,2
12431,0.014640060253441334,5,1
12432,0.9264496564865112,1,3
12433,0.9991564750671387,1,3
12434,0.10720772296190262,3,1
12435,0.9497995376586914,1,2
12436,0.01834276132285595,4,1
12437,0.0005186181515455246,6,1
12438,0.0027624336071312428,4,1
12439,0.00023830405552871525,7,1
12440,0.03932693973183632,3,1
12441,0.855609118938446,1,2
12442,0.0021023766603320837,3,1
12443,0.4537146985530853,2,1
12444,0.0013556907651945949,7,1
12445,0.0003473933320492506,7,1
12446,0.001255495473742485,7,1
12447,0.00023891075397841632,7,1
12448,0.9212158918380737,1,3
12449,0.9920231699943542,1,3
12450,0.13701416552066803,3,2
12451,0.99864262342453,1,3
12452,0.0005246318760327995,6,1
12453,0.00017110112821683288,8,1
12454,0.00022754794918000698,7,1
12455,0.0001046491161105223,8,1
12456,0.9771406650543213,1,3
12457,0.9989890456199646,1,3
12458,0.9857826828956604,1,3
12459,0.9999100565910339,1,3
12460,0.9901527166366577,1,3
12461,0.9934312701225281,1,3
12462,0.8850826621055603,2,3
12463,0.07984010875225067,2,1
12464,0.9999608993530273,1,8
12465,0.9999702572822571,1,8
12466,0.9999566078186035,1,9
12467,0.9999860525131226,1,9
12468,0.0007057120092213154,7,1
12469,0.818946897983551,1,2
12470,0.2018917053937912,2,1
12471,0.6788771152496338,1,2
12472,0.9574289917945862,1,2
12473,0.9997133016586304,1,4
12474,0.9971266388893127,1,3
12475,0.9999217987060547,1,5
12476,0.0003406413597986102,7,1
12477,0.0009028613567352295,6,1
12478,0.00017605381435714662,8,1
12479,0.0004562721005640924,7,1
12480,0.9886976480484009,2,5
12481,0.6042006015777588,2,3
12482,0.9695180058479309,2,3
12483,0.3806782364845276,3,2
12484,0.0502190962433815,5,2
12485,0.026418885216116905,5,2
12486,0.03250133618712425,4,2
12487,0.012333646416664124,5,2
12488,0.9973087906837463,1,3
12489,0.46384739875793457,3,2
12490,0.9951575994491577,1,3
12491,0.8282652497291565,2,3
12492,0.0713917464017868,3,1
12493,0.003642756026238203,5,1
12494,0.0005146364565007389,8,1
12495,0.00042804822442121804,8,1
12496,0.27955126762390137,3,1
12497,0.05173668637871742,3,1
12498,0.11395443230867386,3,1
12499,0.0008635437116026878,8,1
12500,0.005175555590540171,5,1
12501,0.0010597750078886747,7,1
12502,0.00121209560893476,6,1
12503,0.0006757340161129832,8,1
12504,0.9997538328170776,1,3
12505,0.9999345541000366,1,6
12506,0.9988256692886353,1,3
12507,0.999935507774353,1,5
12508,0.00015357928350567818,6,1
12509,0.00011394484317861497,7,1
12510,7.905610982561484e-05,6,1
12511,6.5874912252184e-05,7,1
12512,0.9322900772094727,1,3
12513,0.40463581681251526,2,1
12514,0.9987621903419495,1,4
12515,0.6653794050216675,1,2
12516,0.0006319915992207825,7,1
12517,8.696298755239695e-05,8,1
12518,0.0001649676269153133,7,1
12519,6.64413528284058e-05,8,1
12520,0.1252090334892273,3,1
12521,0.7419769763946533,1,2
12522,0.97817462682724,1,3
12523,0.9342969059944153,1,2
12524,0.0008153619710355997,7,1
12525,0.000502317096106708,6,1
12526,0.0010303357848897576,7,1
12527,0.00036687200190499425,7,1
12528,0.03536103665828705,4,1
12529,0.9812996983528137,1,3
12530,0.9956356287002563,1,4
12531,0.9988195300102234,1,5
12532,0.6102685332298279,2,5
12533,0.9622718095779419,1,5
12534,0.0022280390840023756,6,1
12535,0.0019376537529751658,6,1
12536,0.9068894386291504,1,3
12537,0.9980268478393555,1,3
12538,0.99925696849823,1,3
12539,0.9994308352470398,1,5
12540,0.000639473320916295,7,1
12541,0.00041353589040227234,7,1
12542,0.0004678101104218513,8,1
12543,0.00039880137774161994,7,1
12544,0.016514655202627182,3,1
12545,0.0012452523224055767,7,1
12546,0.060276031494140625,3,1
12547,0.001049766200594604,7,1
12548,0.010246987454593182,5,1
12549,0.0011928478488698602,6,1
12550,0.0008380763465538621,8,1
12551,0.0002874127821996808,7,1
12552,0.8930642008781433,1,3
12553,0.024815067648887634,3,1
12554,0.7989565134048462,1,3
12555,0.01980922929942608,3,1
12556,0.009270338341593742,5,2
12557,0.004650328774005175,5,1
12558,0.0008816902991384268,5,1
12559,0.000319457525620237,7,1
12560,0.1138772964477539,3,2
12561,0.009560632519423962,6,1
12562,0.005223801825195551,3,2
12563,0.0007485257810913026,7,1
12564,0.0005918406532146037,5,1
12565,0.00014359375927597284,8,1
12566,8.509909821441397e-05,6,1
12567,7.959727372508496e-05,8,1
12568,0.9994964599609375,1,3
12569,0.9998361468315125,1,5
12570,0.9968535304069519,1,3
12571,0.9993911385536194,1,5
12572,0.01258134376257658,5,2
12573,0.004135464783757925,7,1
12574,0.0055646104738116264,5,2
12575,0.0015739435330033302,7,1
12576,0.9997115135192871,1,3
12577,0.9998014569282532,1,3
12578,0.9993751049041748,1,3
12579,0.9997304081916809,1,3
12580,0.001066348166204989,5,1
12581,0.0006909557268954813,5,1
12582,0.001013239729218185,5,1
12583,0.00022908848768565804,6,1
12584,0.999176025390625,1,4
12585,0.9998422861099243,1,7
12586,0.999893844127655,1,5
12587,0.9999366402626038,1,9
12588,0.01144068781286478,5,2
12589,0.30214446783065796,3,2
12590,0.31526005268096924,3,2
12591,0.30887413024902344,3,2
12592,0.9996964931488037,1,3
12593,0.9999599456787109,1,7
12594,0.9999754428863525,1,5
12595,0.9999840259552002,1,8
12596,0.0002700211189221591,8,1
12597,0.0005979769048281014,7,1
12598,0.00015648551925551146,7,1
12599,0.00019929485279135406,7,1
12600,0.9976944327354431,1,3
12601,0.999528706073761,1,5
12602,0.997917890548706,1,3
12603,0.999797523021698,1,5
12604,0.005450145341455936,5,1
12605,0.0010536168701946735,6,1
12606,0.00037593059823848307,7,1
12607,0.00040337134851142764,7,1
12608,0.7742956876754761,2,3
12609,0.9804173707962036,1,3
12610,0.9517980217933655,1,3
12611,0.9884898662567139,1,3
12612,0.15671193599700928,3,2
12613,0.7080480456352234,1,2
12614,0.05397800728678703,3,1
12615,0.3322869539260864,2,1
12616,0.9852311611175537,1,2
12617,0.9874811768531799,1,2
12618,0.9708979725837708,1,2
12619,0.9893766641616821,1,2
12620,0.00021928975183982402,6,1
12621,0.0005660942988470197,6,1
12622,0.0002599245053716004,6,1
12623,0.00045963175944052637,6,1
12624,0.9933628439903259,1,2
12625,0.9669013619422913,1,2
12626,0.9962648749351501,1,2
12627,0.9972702860832214,1,2
12628,0.10435210913419724,2,1
12629,0.970538854598999,1,2
12630,0.9076802134513855,1,2
12631,0.9845810532569885,1,2
12632,0.02215014025568962,2,1
12633,0.1490049809217453,2,1
12634,0.12630465626716614,2,1
12635,0.5478494167327881,1,2
12636,0.08026158064603806,2,1
12637,0.039961155503988266,2,1
12638,0.3097018599510193,2,1
12639,0.526511549949646,1,2
12640,0.3694741725921631,2,1
12641,0.9461798667907715,1,2
12642,0.9964398741722107,1,3
12643,0.9569033980369568,1,2
12644,0.00747712142765522,6,1
12645,0.0020053707994520664,6,1
12646,0.011312403716146946,4,1
12647,0.002645493485033512,6,1
12648,0.9989780783653259,1,4
12649,0.999481737613678,1,4
12650,0.9987109899520874,1,3
12651,0.9994990825653076,1,4
12652,0.06072007492184639,3,1
12653,0.0067269629798829556,5,1
12654,0.012525909580290318,3,1
12655,0.00271673034876585,5,1
12656,0.9950952529907227,1,3
12657,0.8298004865646362,1,2
12658,0.9822127819061279,1,3
12659,0.7413780093193054,1,2
12660,0.001090792240574956,5,1
12661,0.0014395356411114335,5,1
12662,0.0008620397420600057,5,1
12663,0.0003853114030789584,7,1
12664,0.8253841400146484,1,4
12665,0.7038322687149048,1,2
12666,0.9993262887001038,1,3
12667,0.9985883831977844,1,3
12668,0.038845691829919815,3,1
12669,0.023046748712658882,4,1
12670,0.00523128267377615,3,1
12671,0.016034914180636406,4,1
12672,0.9506400227546692,2,3
12673,0.7228903770446777,1,3
12674,0.9820323586463928,1,3
12675,0.9844382405281067,1,2
12676,0.002245801268145442,3,1
12677,0.008391457609832287,2,1
12678,0.15790510177612305,3,1
12679,0.0942404717206955,2,1
12680,0.661928653717041,1,3
12681,0.9328120946884155,1,5
12682,0.05014665424823761,2,1
12683,0.87547367811203,1,3
12684,0.0027222975622862577,6,1
12685,0.0036422221455723047,5,1
12686,0.000667245069053024,7,1
12687,0.0015275332843884826,6,1
12688,0.995101273059845,1,4
12689,0.9996679425239563,1,5
12690,0.9997748732566833,1,3
12691,0.9999324679374695,1,7
12692,0.053919848054647446,4,1
12693,0.007756273727864027,5,1
12694,0.0008914542850106955,6,1
12695,0.0012158502358943224,5,1
12696,0.9996894001960754,1,6
12697,0.9997504353523254,1,6
12698,0.999889612197876,1,7
12699,0.9999271035194397,1,8
12700,0.1751110553741455,5,3
12701,0.18606337904930115,5,2
12702,0.00929687637835741,5,1
12703,0.0081481346860528,5,1
12704,0.991428017616272,1,3
12705,0.9979928731918335,1,5
12706,0.9827337861061096,1,3
12707,0.9990178942680359,1,5
12708,0.09300431609153748,3,1
12709,0.81646329164505,1,2
12710,0.6565826535224915,1,2
12711,0.8629505038261414,1,2
12712,0.9737764596939087,1,2
12713,0.9884741902351379,1,4
12714,0.9994133710861206,1,3
12715,0.9998719096183777,1,6
12716,0.09789407253265381,4,1
12717,0.021940814331173897,4,1
12718,0.024945858865976334,4,1
12719,0.14497464895248413,2,1
12720,0.9974457025527954,1,5
12721,0.9993389844894409,1,5
12722,0.9901650547981262,1,3
12723,0.9979503154754639,1,5
12724,0.0017175335669890046,5,1
12725,0.002282597590237856,5,1
12726,0.00037418949068523943,6,1
12727,0.000738508824724704,7,1
12728,0.9624723792076111,1,3
12729,0.9979615211486816,1,5
12730,0.9480040073394775,1,3
12731,0.9949089884757996,1,4
12732,0.0025657652877271175,5,1
12733,0.0019451198168098927,5,1
12734,0.0001434746664017439,8,1
12735,0.00029305016505531967,7,1
12736,0.9387425780296326,1,3
12737,0.9999546408653259,1,5
12738,0.8483591675758362,1,3
12739,0.9998655915260315,1,3
12740,0.008389905095100403,5,1
12741,0.002131023444235325,5,1
12742,0.00619145855307579,4,1
12743,0.0014018724905326962,6,1
12744,0.5742652416229248,2,3
12745,0.9999451041221619,1,4
12746,0.2673700153827667,3,2
12747,0.9999756813049316,1,5
12748,0.029379988089203835,5,1
12749,0.10929714143276215,3,2
12750,0.06560768187046051,3,1
12751,0.2805503010749817,3,2
12752,0.9992170333862305,1,5
12753,0.9993257522583008,1,4
12754,0.9995837807655334,1,4
12755,0.9996306300163269,1,4
12756,0.08757863193750381,5,1
12757,0.20689529180526733,5,1
12758,0.10552363097667694,3,1
12759,0.18155790865421295,3,1
12760,0.9742632508277893,1,3
12761,0.9994937181472778,1,4
12762,0.8312630653381348,1,2
12763,0.9963077306747437,1,4
12764,0.0009226782713085413,10,1
12765,0.0017185668693855405,6,1
12766,0.00037254730705171824,10,1
12767,0.0004937495104968548,7,1
12768,0.997353732585907,1,5
12769,0.9992541670799255,1,5
12770,0.9984511137008667,1,3
12771,0.9993571043014526,1,4
12772,0.009044051170349121,5,1
12773,0.0002634049451444298,8,1
12774,0.000675058166962117,6,1
12775,0.00016421345935668796,8,1
12776,0.08912941068410873,3,2
12777,0.9680965542793274,1,2
12778,0.9808136820793152,1,3
12779,0.9995867013931274,1,5
12780,0.044605910778045654,5,1
12781,0.0006346969748847187,7,1
12782,0.0005937527166679502,5,1
12783,0.00016577109636273235,7,1
12784,0.9487807154655457,1,3
12785,0.9575043320655823,1,2
12786,0.8926116228103638,1,3
12787,0.9954226016998291,1,3
12788,0.5226718187332153,2,3
12789,0.013645864091813564,7,1
12790,0.7129098176956177,2,3
12791,0.07199501246213913,4,1
12792,0.9935053586959839,1,3
12793,0.9974173903465271,1,3
12794,0.9994458556175232,1,3
12795,0.9973324537277222,1,3
12796,0.002632987918332219,5,1
12797,0.0005108373588882387,8,1
12798,0.001443617744371295,4,1
12799,0.00026141401031054556,8,1
12800,0.9918925762176514,1,3
12801,0.9997254014015198,1,5
12802,0.9964757561683655,1,3
12803,0.9996538758277893,1,5
12804,0.0006668553105555475,5,1
12805,0.00022178624931257218,7,1
12806,0.00015931323287077248,7,1
12807,0.0001255016541108489,8,1
12808,0.3221338093280792,2,1
12809,0.6244626045227051,1,2
12810,0.5417082905769348,1,2
12811,0.8786992430686951,1,2
12812,0.003966248128563166,3,1
12813,0.012832120060920715,5,1
12814,0.14771127700805664,3,2
12815,0.016325561329722404,2,1
12816,0.9985677599906921,1,3
12817,0.9999327063560486,1,8
12818,0.9882752895355225,1,3
12819,0.9999640583992004,1,7
12820,0.0005968518671579659,6,1
12821,0.0021308057475835085,6,2
12822,0.00012528037768788636,7,1
12823,0.001690360251814127,6,2
12824,0.9155269265174866,2,3
12825,0.9996449947357178,1,6
12826,0.2840641438961029,3,2
12827,0.9986734390258789,1,5
12828,0.00014285203360486776,7,1
12829,0.0010193157941102982,6,2
12830,0.00014925457071512938,6,1
12831,0.001690193428657949,7,2
12832,0.9868952631950378,1,3
12833,0.9872463345527649,2,4
12834,0.6159979104995728,2,3
12835,0.9916329383850098,2,3
12836,0.0006637710612267256,5,1
12837,0.025104591622948647,4,2
12838,0.000175417386344634,7,1
12839,0.006333726923912764,6,2
12840,0.9663981795310974,1,3
12841,0.9653121829032898,2,3
12842,0.7274541854858398,2,3
12843,0.9938229322433472,1,3
12844,0.0076536801643669605,4,1
12845,0.0652393028140068,5,2
12846,0.003558652475476265,4,1
12847,0.009991727769374847,6,2
12848,0.9992151260375977,1,3
12849,0.999518871307373,1,4
12850,0.9968661069869995,1,3
12851,0.9985228776931763,1,3
12852,0.0024375072680413723,6,1
12853,8.635273115942255e-05,10,1
12854,0.0002477784873917699,8,1
12855,4.070539944223128e-05,10,1
12856,0.5539804697036743,3,4
12857,0.0037082273047417402,6,1
12858,0.07576093077659607,4,2
12859,0.00035967546864412725,8,1
12860,0.04866228252649307,5,2
12861,0.017781095579266548,6,1
12862,0.010875580832362175,5,2
12863,0.0033167717047035694,6,1
12864,0.013672958128154278,5,1
12865,0.006325530353933573,5,1
12866,0.0018631998682394624,5,1
12867,0.0004121584352105856,8,1
12868,0.004696364980190992,3,1
12869,0.00028813231620006263,7,1
12870,0.0008257913868874311,3,1
12871,0.00020932730694767088,7,1
12872,0.9959226846694946,1,3
12873,0.09063459187746048,2,1
12874,0.9914880394935608,1,3
12875,0.03214225172996521,2,1
12876,0.6248628497123718,2,4
12877,0.7375507354736328,1,2
12878,0.5889570713043213,2,3
12879,0.6021865010261536,1,2
12880,0.9765281081199646,1,3
12881,0.9805941581726074,1,3
12882,0.9424793720245361,1,3
12883,0.7827581763267517,1,2
12884,0.001255573472008109,4,1
12885,0.004790014587342739,5,1
12886,0.0026391553692519665,4,1
12887,0.013976730406284332,3,1
12888,0.06481867283582687,3,1
12889,0.09893910586833954,2,1
12890,0.014116612263023853,3,1
12891,0.7259416580200195,1,2
12892,0.01298519503325224,5,1
12893,0.29217761754989624,3,1
12894,0.004947441630065441,6,1
12895,0.03368162363767624,5,1
12896,0.9916709661483765,1,3
12897,0.9975744485855103,1,3
12898,0.9865654110908508,1,3
12899,0.9993412494659424,1,4
12900,0.01298519503325224,5,1
12901,0.29217761754989624,3,1
12902,0.004947441630065441,6,1
12903,0.03368162363767624,5,1
12904,0.6825459599494934,1,2
12905,0.6681988835334778,1,2
12906,0.29499563574790955,2,1
12907,0.3492775857448578,2,1
12908,0.03625946491956711,5,1
12909,0.04347549378871918,5,1
12910,0.0006118949968367815,7,1
12911,0.0029168466571718454,6,1
12912,0.9983300566673279,1,3
12913,0.9956194758415222,1,2
12914,0.9536529183387756,1,3
12915,0.9908744692802429,1,2
12916,0.003823860315605998,3,1
12917,0.11976324766874313,2,1
12918,0.47920358180999756,3,2
12919,0.19431300461292267,2,1
12920,0.9998637437820435,1,4
12921,0.9990262985229492,1,4
12922,0.9999276995658875,1,5
12923,0.9982033371925354,1,4
12924,0.0022760783322155476,6,1
12925,0.0008419196819886565,6,1
12926,0.0003386100579518825,6,1
12927,0.0004112529568374157,8,1
12928,0.786002516746521,1,3
12929,0.3874530792236328,3,1
12930,0.3276441693305969,3,1
12931,0.24473921954631805,3,1
12932,0.00027025281451642513,6,1
12933,0.0007181598339229822,6,1
12934,0.00011845379776787013,7,1
12935,0.0004237400135025382,6,1
12936,0.9934967160224915,1,3
12937,0.9690477252006531,1,3
12938,0.9996921420097351,1,3
12939,0.9997135400772095,1,3
12940,0.04519189894199371,5,1
12941,0.012392893433570862,3,1
12942,0.0021737664937973022,4,1
12943,0.00902649201452732,4,1
12944,0.9997513890266418,1,3
12945,0.9934241771697998,1,3
12946,0.9997894763946533,1,3
12947,0.9992464780807495,1,3
12948,0.0003438432759139687,7,1
12949,0.0001982441172003746,8,1
12950,5.215777855482884e-05,11,1
12951,0.0001072741360985674,9,1
12952,0.9997309446334839,1,3
12953,0.9998464584350586,1,6
12954,0.9998399615287781,1,3
12955,0.9999237060546875,1,6
12956,0.004455353133380413,4,1
12957,0.0012924347538501024,5,1
12958,0.001406187773682177,4,1
12959,0.0007448618416674435,7,1
12960,0.9987991452217102,1,5
12961,0.9996641874313354,1,5
12962,0.9996659755706787,1,6
12963,0.9997996687889099,1,6
12964,0.011291018687188625,5,1
12965,0.007341793738305569,5,1
12966,0.009516708552837372,5,1
12967,0.0035879183560609818,7,1
12968,0.9991914629936218,1,5
12969,0.9998379945755005,1,6
12970,0.999779999256134,1,6
12971,0.9999228715896606,1,6
12972,0.5550006628036499,2,3
12973,0.13948240876197815,3,1
12974,0.0738183930516243,3,1
12975,0.044306680560112,4,1
12976,0.3418445885181427,2,1
12977,0.953617513179779,1,2
12978,0.20371215045452118,3,1
12979,0.8116939663887024,1,2
12980,0.09596062451601028,3,1
12981,0.5340175628662109,1,2
12982,0.6986374258995056,1,2
12983,0.3772106170654297,2,1
12984,0.7949069738388062,1,2
12985,0.47158902883529663,2,1
12986,0.7634605765342712,1,2
12987,0.5268219113349915,1,2
12988,0.0034506351221352816,6,1
12989,0.0014335630694404244,7,1
12990,0.000456406909506768,7,1
12991,0.000512225495185703,7,1
12992,0.9839359521865845,1,3
12993,0.9980559349060059,1,3
12994,0.769382655620575,1,2
12995,0.8745836615562439,1,2
12996,0.0003281948156654835,7,1
12997,0.0002396903291810304,8,1
12998,0.00017765193479135633,7,1
12999,0.0001633963402127847,7,1
13000,0.8988298773765564,1,3
13001,0.9917882084846497,1,4
13002,0.9063788652420044,1,3
13003,0.9956731200218201,1,4
13004,0.005504999775439501,5,1
13005,0.0031122497748583555,7,1
13006,0.000699128198903054,5,1
13007,0.0006815409869886935,8,1
13008,0.989559531211853,1,3
13009,0.9562362432479858,1,2
13010,0.9972109794616699,1,3
13011,0.9890691637992859,1,3
13012,0.9986721277236938,1,3
13013,0.9979482293128967,1,5
13014,0.9985841512680054,1,3
13015,0.9928753972053528,1,3
13016,0.9987612366676331,1,3
13017,0.9987083077430725,1,4
13018,0.999173104763031,1,3
13019,0.9990731477737427,1,4
13020,0.03463931754231453,5,1
13021,0.014719342812895775,5,1
13022,0.00621589832007885,4,1
13023,0.0022040847688913345,5,1
13024,0.5621838569641113,1,2
13025,0.3766528069972992,2,1
13026,0.959649920463562,1,3
13027,0.6778824925422668,1,2
13028,0.0004285154864192009,5,1
13029,0.0005557473050430417,6,1
13030,0.0001487187691964209,5,1
13031,0.00022814272961113602,6,1
13032,0.9997649788856506,1,3
13033,0.9988067150115967,1,3
13034,0.9999421834945679,1,4
13035,0.9991676807403564,1,3
13036,0.03731989115476608,4,1
13037,0.9984439015388489,1,4
13038,0.0016486768145114183,4,1
13039,0.9988290667533875,1,3
13040,0.06747955828905106,3,1
13041,0.4470795691013336,2,1
13042,0.004558713175356388,3,1
13043,0.8460654020309448,1,2
13044,0.0025818527210503817,4,1
13045,0.003184512723237276,5,1
13046,0.012943720445036888,3,1
13047,0.004763427656143904,5,1
13048,0.35157153010368347,2,1
13049,0.008235695771872997,2,1
13050,0.7910968661308289,1,3
13051,0.5853075385093689,1,2
13052,0.13158459961414337,3,1
13053,0.04673274606466293,2,1
13054,0.07928503304719925,3,1
13055,0.10678323358297348,2,1
13056,0.626568078994751,1,2
13057,0.9242998361587524,1,2
13058,0.6960146427154541,1,2
13059,0.9878067374229431,1,2
13060,0.3558443784713745,2,1
13061,0.004174788948148489,3,1
13062,0.8331953883171082,1,2
13063,0.03903299197554588,2,1
13064,0.8057515025138855,1,2
13065,0.9982436895370483,1,2
13066,0.9936902523040771,1,3
13067,0.9996342062950134,1,2
13068,0.40018323063850403,2,1
13069,0.9991489052772522,1,2
13070,0.9976040124893188,1,3
13071,0.9993607997894287,1,2
13072,0.05879611894488335,4,1
13073,0.14174889028072357,2,1
13074,0.37735071778297424,2,1
13075,0.11201772093772888,2,1
13076,0.24520456790924072,2,1
13077,0.11930397897958755,2,1
13078,0.040793754160404205,3,1
13079,0.01075583603233099,2,1
13080,0.9903921484947205,1,2
13081,0.04688586667180061,2,1
13082,0.9431239366531372,1,2
13083,0.014821014367043972,2,1
13084,0.0014567221514880657,5,1
13085,0.0005812344024889171,6,1
13086,0.000759981747251004,6,1
13087,0.000431537046097219,6,1
13088,0.8146623969078064,1,2
13089,0.024222565814852715,2,1
13090,0.9811505675315857,1,2
13091,0.11420375108718872,2,1
13092,0.12892203032970428,3,1
13093,0.029811862856149673,3,1
13094,0.14075370132923126,2,1
13095,0.010949976742267609,4,1
13096,0.9942173957824707,1,3
13097,0.9997090697288513,1,5
13098,0.9991729855537415,1,3
13099,0.9999641180038452,1,8
13100,0.002244483446702361,6,1
13101,0.0024651300627738237,6,1
13102,0.009522993117570877,5,1
13103,0.0015074245166033506,7,1
13104,0.9961873292922974,1,3
13105,0.9955387115478516,1,2
13106,0.988735556602478,1,3
13107,0.997774064540863,1,2
13108,0.009520438499748707,5,1
13109,0.003985151182860136,6,1
13110,0.005357858259230852,5,1
13111,0.00124088185839355,7,1
13112,0.017524026334285736,3,1
13113,0.3018204867839813,2,1
13114,0.26205942034721375,2,1
13115,0.4385508894920349,2,1
13116,0.0006127949454821646,5,1
13117,0.0004205394070595503,6,1
13118,0.0002939955738838762,7,1
13119,0.0001731203665258363,8,1
13120,0.9995365142822266,1,3
13121,0.9997866749763489,1,4
13122,0.9935774803161621,1,3
13123,0.9996380805969238,1,4
13124,0.00046823068987578154,6,1
13125,0.00019650306785479188,9,1
13126,8.5723731899634e-05,6,1
13127,6.140708137536421e-05,9,1
13128,0.9945127964019775,1,3
13129,0.9972087740898132,1,3
13130,0.9717778563499451,1,3
13131,0.9978044629096985,1,3
13132,0.0007681998540647328,5,1
13133,0.000788069621194154,6,1
13134,0.00042731445864774287,6,1
13135,0.0006204908713698387,7,1
13136,0.4424411356449127,3,2
13137,0.9983749389648438,1,2
13138,0.7058928608894348,2,3
13139,0.9995953440666199,1,3
13140,0.00036142952740192413,7,1
13141,0.00040237948996946216,5,1
13142,0.00021342489344533533,7,1
13143,0.00015209201956167817,7,1
13144,0.9999021291732788,1,5
13145,0.9998965859413147,1,8
13146,0.9982301592826843,2,4
13147,0.9999574422836304,1,8
13148,0.0014627650380134583,5,1
13149,0.0011100581614300609,4,1
13150,0.00021522759925574064,7,1
13151,0.00011835873010568321,7,1
13152,0.7674078941345215,1,2
13153,0.9596883058547974,1,2
13154,0.9945776462554932,1,3
13155,0.9966164231300354,1,5
13156,0.0006379048572853208,5,1
13157,0.0010351268574595451,5,1
13158,0.000195416621863842,7,1
13159,0.00028857396682724357,7,1
13160,0.0014969652984291315,5,1
13161,0.002747212303802371,5,1
13162,0.00037035730201750994,5,1
13163,0.0005252489354461432,7,1
13164,0.14580626785755157,3,1
13165,0.03379562869668007,2,1
13166,0.16697999835014343,3,1
13167,0.002598824677988887,5,1
13168,0.996073842048645,1,3
13169,0.9991690516471863,1,4
13170,0.9723963737487793,1,3
13171,0.9536192417144775,1,2
13172,0.0010594087652862072,4,1
13173,0.0038099209778010845,5,1
13174,0.003256540047004819,4,1
13175,0.0009616764145903289,6,1
13176,0.0063653429970145226,3,1
13177,0.05112854018807411,2,1
13178,0.002501376438885927,3,1
13179,0.023963503539562225,2,1
13180,0.006068706978112459,4,1
13181,0.003426367649808526,5,1
13182,0.001319320872426033,5,1
13183,0.000361218728357926,7,1
13184,0.998231828212738,1,3
13185,0.9996556639671326,1,5
13186,0.9985915422439575,1,3
13187,0.9998629689216614,1,6
13188,0.0007666702149435878,6,1
13189,0.0021706800907850266,6,1
13190,0.00037756841629743576,6,1
13191,0.0012925125192850828,6,1
13192,0.008215494453907013,3,1
13193,0.1309027373790741,2,1
13194,0.012044478207826614,3,1
13195,0.26345306634902954,2,1
13196,0.0015618077013641596,4,1
13197,8.752413123147562e-05,7,1
13198,0.0002058629470411688,4,1
13199,7.569317676825449e-05,8,1
13200,0.9996376037597656,1,3
13201,0.9998103380203247,1,4
13202,0.999765157699585,1,3
13203,0.9999068975448608,1,5
13204,0.11216767132282257,3,1
13205,0.11942751705646515,2,1
13206,0.009790302254259586,3,1
13207,0.0013852398842573166,5,1
13208,0.9981192946434021,1,3
13209,0.998091459274292,1,3
13210,0.998002290725708,1,3
13211,0.9993543028831482,1,3
13212,0.05697427690029144,3,1
13213,0.002793304156512022,5,1
13214,0.002059377497062087,4,1
13215,0.0007759978179819882,7,1
13216,0.8980226516723633,1,2
13217,0.02532794699072838,2,1
13218,0.7375966906547546,1,2
13219,0.022317487746477127,2,1
13220,0.003008386353030801,5,1
13221,0.00014050104073248804,7,1
13222,0.00011650096712401137,5,1
13223,4.645010631065816e-05,8,1
13224,0.00023116286320146173,8,1
13225,0.0008309216354973614,6,1
13226,6.573484279215336e-05,8,1
13227,0.0009024706669151783,6,1
13228,0.006428207736462355,5,1
13229,0.00043234534678049386,8,1
13230,0.003052870975807309,3,1
13231,0.00047352255205623806,8,1
13232,0.01202275138348341,3,1
13233,0.14037929475307465,2,1
13234,0.001735325320623815,3,1
13235,0.06583613902330399,2,1
13236,0.0028495383448898792,5,1
13237,0.00023945308930706233,8,1
13238,0.00010771193046821281,7,1
13239,7.777332939440385e-05,8,1
13240,0.08135256916284561,3,1
13241,0.01193473394960165,2,1
13242,0.020872576162219048,3,1
13243,0.010143663734197617,2,1
13244,0.0073427059687674046,5,1
13245,0.006104046944528818,4,1
13246,0.00020710898388642818,7,1
13247,0.0012913055252283812,5,1
13248,0.9563782215118408,1,2
13249,0.9998271465301514,1,5
13250,0.9312720894813538,1,2
13251,0.9998921155929565,1,5
13252,0.21894727647304535,3,1
13253,0.03817978501319885,5,1
13254,0.005191144533455372,5,1
13255,0.0006485498161055148,7,1
13256,0.8303918242454529,1,2
13257,0.9992702007293701,1,3
13258,0.9841183423995972,1,3
13259,0.9997912049293518,1,4
13260,0.04783051460981369,3,1
13261,0.10203379392623901,3,1
13262,0.034292131662368774,3,1
13263,0.11369410902261734,2,1
13264,0.9995949268341064,1,4
13265,0.9988264441490173,1,5
13266,0.9997052550315857,1,3
13267,0.9968159198760986,1,4
13268,0.12813030183315277,5,2
13269,0.029707569628953934,5,1
13270,0.6355170607566833,2,3
13271,0.11837352067232132,4,1
13272,0.9906935691833496,1,3
13273,0.9982883334159851,1,4
13274,0.9710201621055603,1,3
13275,0.9982832670211792,1,5
13276,0.08597460389137268,3,1
13277,0.0038423221558332443,6,1
13278,0.0014057158259674907,6,1
13279,0.00035641141585074365,6,1
13280,0.703387439250946,1,2
13281,0.7552971839904785,1,2
13282,0.9986250400543213,1,3
13283,0.9969832897186279,1,2
13284,0.09019145369529724,5,1
13285,0.005776583682745695,5,1
13286,0.009232067503035069,4,1
13287,0.002476943889632821,7,1
13288,0.975723147392273,1,3
13289,0.9749571084976196,1,2
13290,0.9827368855476379,1,3
13291,0.866844654083252,1,2
13292,0.0010650395415723324,5,1
13293,0.0027309898287057877,4,1
13294,0.0002468157035764307,7,1
13295,0.00046222732635214925,6,1
13296,0.9937657713890076,1,3
13297,0.9922540783882141,1,3
13298,0.9991245269775391,1,3
13299,0.9997842907905579,1,4
13300,0.005280163139104843,5,1
13301,0.006896611303091049,5,1
13302,0.0031440937891602516,5,1
13303,0.0031966567039489746,5,1
13304,0.9997497200965881,1,3
13305,0.9977028369903564,1,4
13306,0.997181236743927,1,3
13307,0.9949666857719421,1,4
13308,0.0003060736053157598,6,1
13309,0.0062836878933012486,5,1
13310,0.0010646332520991564,5,1
13311,0.004399222321808338,5,1
13312,0.9998276233673096,1,3
13313,0.9983905553817749,1,3
13314,0.9995265007019043,1,3
13315,0.9930868148803711,1,2
13316,0.00013773069076705724,8,1
13317,0.0002156365808332339,6,1
13318,0.0001358143490506336,7,1
13319,0.00015692551096435636,6,1
13320,0.01031171903014183,3,1
13321,0.9960502982139587,1,3
13322,0.01362371351569891,2,1
13323,0.9994727373123169,1,4
13324,0.005189530085772276,5,1
13325,0.001138481660746038,6,1
13326,0.0010879855835810304,7,1
13327,0.00028475283761508763,7,1
13328,0.9241220951080322,1,2
13329,0.9999136924743652,1,5
13330,0.8796191215515137,1,2
13331,0.9999342560768127,1,6
13332,0.1086183562874794,2,1
13333,0.020722845569252968,5,1
13334,0.004114906769245863,4,1
13335,0.0007157240179367363,7,1
13336,0.00307958060875535,4,1
13337,0.9958490133285522,1,2
13338,0.0005408874712884426,8,1
13339,0.9948787093162537,1,2
13340,0.002585100010037422,5,1
13341,0.4061935544013977,2,1
13342,0.0026909613516181707,5,1
13343,0.28355085849761963,2,1
13344,0.9994712471961975,1,3
13345,0.9996601939201355,1,3
13346,0.9903853535652161,1,3
13347,0.9983115792274475,1,3
13348,0.6895076632499695,2,3
13349,0.8827307224273682,2,3
13350,0.0035015707835555077,4,1
13351,0.00851508416235447,4,1
13352,0.9999266266822815,1,3
13353,0.9994682669639587,1,3
13354,0.9997720122337341,1,3
13355,0.9996792078018188,1,3
13356,0.0009036311530508101,5,1
13357,0.01313792821019888,3,1
13358,0.0024627898819744587,4,1
13359,0.001200936734676361,4,1
13360,0.9999762773513794,1,6
13361,0.9998437762260437,1,3
13362,0.9996488094329834,1,4
13363,0.9972957968711853,1,2
13364,0.03442727401852608,4,1
13365,0.00034389097709208727,8,1
13366,0.017817426472902298,5,1
13367,0.0006025757174938917,8,1
13368,0.9995629191398621,1,4
13369,0.9999719858169556,1,6
13370,0.999927282333374,1,4
13371,0.999985933303833,1,7
13372,0.003982195630669594,5,1
13373,0.00028979394119232893,7,1
13374,0.0007283729501068592,6,1
13375,0.0002003145928028971,7,1
13376,0.9991905689239502,1,5
13377,0.9998436570167542,1,5
13378,0.9985139966011047,1,4
13379,0.9999560117721558,1,8
13380,0.0062921056523919106,6,1
13381,0.02822881005704403,4,1
13382,0.0022397986613214016,6,1
13383,0.007072909735143185,4,1
13384,0.9988291263580322,1,3
13385,0.9997003078460693,1,3
13386,0.9980970621109009,1,3
13387,0.9997437000274658,1,3
13388,0.0003044540644623339,8,1
13389,0.023457244038581848,4,2
13390,0.0015017309924587607,8,1
13391,0.003521685255691409,5,2
13392,0.9997658133506775,1,3
13393,0.9998088479042053,1,3
13394,0.9999397397041321,1,5
13395,0.9999122023582458,1,4
13396,0.0015747696161270142,5,1
13397,0.0021625636145472527,5,1
13398,0.0003131759585812688,5,1
13399,0.0005604367470368743,5,1
13400,0.9970948100090027,1,3
13401,0.9992440938949585,1,4
13402,0.7316119074821472,1,2
13403,0.9665442705154419,1,2
13404,0.0008741447236388922,5,1
13405,0.0002881703258026391,6,1
13406,0.00016304024029523134,6,1
13407,0.00012459777644835413,7,1
13408,0.9998307228088379,1,7
13409,0.9961856007575989,1,5
13410,0.9997871518135071,1,6
13411,0.9953283071517944,1,4
13412,0.008553841151297092,3,1
13413,0.002629306400194764,5,1
13414,0.0002653028932400048,7,1
13415,0.0008369227289222181,7,1
13416,0.009942879900336266,4,1
13417,0.06686139106750488,2,1
13418,0.007198229432106018,4,1
13419,0.01895429939031601,4,1
13420,0.0006706087151542306,5,1
13421,0.0007530522998422384,6,1
13422,0.0002719511976465583,7,1
13423,0.0002992446534335613,6,1
13424,0.9998369216918945,1,7
13425,0.9996162056922913,1,5
13426,0.9996339678764343,1,4
13427,0.9996594190597534,1,5
13428,0.0012556965230032802,5,1
13429,0.0006648828857578337,7,1
13430,0.00022285892919171602,9,1
13431,0.00018588118837215006,9,1
13432,0.8751649856567383,1,3
13433,0.3305923044681549,3,1
13434,0.10110078752040863,4,2
13435,0.19032463431358337,3,2
13436,0.0008256123401224613,7,1
13437,0.013909447938203812,5,1
13438,0.004946642555296421,7,1
13439,0.015113436616957188,7,1
13440,0.999363899230957,1,3
13441,0.9969733953475952,1,3
13442,0.9992376565933228,1,3
13443,0.9802122116088867,1,2
13444,0.060179274529218674,4,1
13445,0.09382476657629013,5,2
13446,0.0012472900561988354,6,1
13447,0.0008207025239244103,7,1
13448,0.9995725154876709,1,3
13449,0.9994693994522095,1,3
13450,0.9997260570526123,1,3
13451,0.999769389629364,1,3
13452,0.060179274529218674,4,1
13453,0.09382476657629013,5,2
13454,0.0012472900561988354,6,1
13455,0.0008207025239244103,7,1
13456,0.9996024966239929,1,3
13457,0.9997404217720032,1,6
13458,0.9983482360839844,1,3
13459,0.999718189239502,1,6
13460,0.00028987930272705853,7,1
13461,0.00025930561241693795,8,1
13462,0.0007458270411007106,7,1
13463,0.00011354840535204858,9,1
13464,0.9999632835388184,1,4
13465,0.9999788403511047,1,6
13466,0.9999340176582336,1,4
13467,0.9999812841415405,1,8
13468,0.0011762684443965554,6,1
13469,0.002506432356312871,6,1
13470,0.0008590974030084908,7,1
13471,0.0015494870021939278,7,1
13472,0.9988135695457458,1,2
13473,0.9999318718910217,1,6
13474,0.9995656609535217,1,4
13475,0.999982476234436,1,9
13476,0.00030633265851065516,7,1
13477,0.004177640192210674,5,1
13478,0.00016998976934701204,8,1
13479,0.0020339202601462603,6,1
13480,0.6509668231010437,1,2
13481,0.02157372049987316,3,1
13482,0.9735055565834045,1,3
13483,0.007829120382666588,4,1
13484,0.46406233310699463,3,2
13485,0.21570070087909698,4,2
13486,0.06064826622605324,3,1
13487,0.002197341062128544,6,1
13488,0.9927141070365906,1,4
13489,0.9902512431144714,1,3
13490,0.9839171767234802,1,3
13491,0.9701058268547058,1,2
13492,0.0024540491867810488,5,2
13493,0.0013078507035970688,7,1
13494,0.0017920950194820762,5,1
13495,0.0007347614737227559,7,1
13496,0.10495153069496155,3,1
13497,0.999965250492096,1,7
13498,0.3423798084259033,3,1
13499,0.9994204640388489,1,4
13500,0.02037564478814602,3,1
13501,0.0005995393148623407,5,1
13502,0.08436441421508789,3,1
13503,0.00013112065789755434,7,1
13504,0.008725110441446304,3,1
13505,0.9996730089187622,1,3
13506,0.004900939762592316,3,1
13507,0.999687910079956,1,3
13508,8.370631985599175e-05,9,1
13509,6.046964699635282e-05,8,1
13510,8.905655704438686e-05,9,1
13511,6.523083720821887e-05,9,1
13512,0.0014516250230371952,6,1
13513,0.9967902898788452,1,3
13514,0.0011387274134904146,4,1
13515,0.996192991733551,1,3
13516,0.005492618773132563,6,1
13517,0.002196556655690074,6,1
13518,0.004484419710934162,5,1
13519,0.0010369287338107824,7,1
13520,0.9474821090698242,1,6
13521,0.9991947412490845,1,5
13522,0.7717750668525696,1,3
13523,0.9992449283599854,1,5
13524,0.36699435114860535,2,1
13525,0.06581411510705948,4,1
13526,0.459707647562027,3,2
13527,0.23459458351135254,2,1
13528,0.7713629007339478,1,3
13529,0.9753504991531372,1,2
13530,0.8722279667854309,1,3
13531,0.9974220991134644,1,3
13532,0.9149232506752014,1,3
13533,0.45973286032676697,2,1
13534,0.9574264883995056,1,4
13535,0.7941682934761047,1,2
13536,0.9968746304512024,1,3
13537,0.9998709559440613,1,3
13538,0.9476937651634216,1,3
13539,0.9993371367454529,1,3
13540,0.006300069857388735,6,1
13541,0.00036000393447466195,7,1
13542,0.00811736099421978,4,1
13543,0.0003191509749740362,7,1
13544,0.9988298416137695,1,3
13545,0.9927822351455688,1,3
13546,0.9987842440605164,1,3
13547,0.9978871941566467,1,3
13548,0.0007218691753223538,6,1
13549,0.0002976385585498065,6,1
13550,0.0001950170553755015,8,1
13551,0.00012183764920337126,6,1
13552,0.9880188703536987,1,4
13553,0.9517704844474792,1,3
13554,0.954275906085968,2,3
13555,0.9412079453468323,1,3
13556,0.0005161534645594656,8,1
13557,0.002901798812672496,4,1
13558,0.0010720612481236458,7,1
13559,0.006009149365127087,4,1
13560,0.9616712927818298,1,3
13561,0.9040737152099609,1,3
13562,0.8359398245811462,2,3
13563,0.8711572289466858,1,3
13564,0.7188645601272583,2,3
13565,0.4775599241256714,3,2
13566,0.08629262447357178,3,2
13567,0.09985443204641342,3,1
13568,0.9998387098312378,1,3
13569,0.9846895337104797,1,2
13570,0.9967173933982849,1,3
13571,0.5875800848007202,1,2
13572,0.0016865493962541223,7,2
13573,0.01168511901050806,7,1
13574,0.002276003360748291,7,1
13575,0.04697588458657265,4,1
13576,0.8336860537528992,1,3
13577,0.025295786559581757,2,1
13578,0.7447287440299988,1,3
13579,0.01406495925039053,2,1
13580,0.2309778779745102,3,2
13581,0.9896714687347412,1,2
13582,0.0013180167879909277,3,1
13583,0.9267182350158691,1,2
13584,0.9897946715354919,1,3
13585,0.9996134638786316,1,3
13586,0.8537108302116394,1,3
13587,0.9989416003227234,1,3
13588,0.012327194213867188,5,1
13589,0.002098856959491968,5,1
13590,0.012997648678719997,3,1
13591,0.0005283167702145875,7,1
13592,0.9994115233421326,1,3
13593,0.9808939695358276,1,2
13594,0.9992101192474365,1,3
13595,0.8444806933403015,1,2
13596,0.00038004748057574034,6,1
13597,0.0009838006226345897,6,1
13598,0.0007165676215663552,7,1
13599,0.0005265245563350618,7,1
13600,0.9937661290168762,1,3
13601,0.11444739997386932,2,1
13602,0.9487485885620117,1,3
13603,0.05670853331685066,4,1
13604,0.007225867360830307,4,1
13605,0.008116849698126316,4,1
13606,0.00419924920424819,5,1
13607,0.008491722866892815,5,1
13608,0.9677897691726685,1,3
13609,0.9986018538475037,1,3
13610,0.9892122149467468,1,3
13611,0.9988162517547607,1,3
13612,0.29280921816825867,3,2
13613,0.05067187920212746,2,1
13614,0.06672242283821106,3,1
13615,0.014665226452052593,4,1
13616,0.9957961440086365,1,3
13617,0.9996562004089355,1,3
13618,0.9903212785720825,1,3
13619,0.9991417527198792,1,2
13620,0.0015475467080250382,8,2
13621,0.0008926977752707899,9,1
13622,0.0004588125448208302,8,1
13623,0.00040083759813569486,9,1
13624,0.1456160843372345,3,2
13625,0.868530809879303,1,2
13626,0.44775718450546265,3,2
13627,0.7113669514656067,1,2
13628,0.001077973865903914,5,1
13629,0.0009962836047634482,7,1
13630,0.0002080539707094431,5,1
13631,0.00023774037254042923,8,1
13632,0.999376654624939,1,3
13633,0.9998959898948669,1,6
13634,0.9994182586669922,1,3
13635,0.9996870756149292,1,5
13636,0.00029965947032906115,5,1
13637,0.000685004168190062,7,1
13638,0.00022583361715078354,5,1
13639,0.0002936593955382705,8,1
13640,0.032460808753967285,4,1
13641,0.014508786611258984,2,1
13642,0.0873633548617363,3,1
13643,0.07178536802530289,2,1
13644,0.006685161031782627,4,1
13645,0.004730061627924442,5,1
13646,0.041954997926950455,3,1
13647,0.002937027020379901,5,1
13648,0.49881911277770996,3,2
13649,0.9984121322631836,1,3
13650,0.9944888949394226,1,3
13651,0.9991967082023621,1,3
13652,9.787686576601118e-05,7,1
13653,0.00012276461347937584,7,1
13654,4.443565558176488e-05,9,1
13655,7.579510565847158e-05,9,1
13656,0.06123413145542145,2,1
13657,0.36900824308395386,2,1
13658,0.9199712872505188,1,2
13659,0.9368389844894409,1,2
13660,0.6287598013877869,1,2
13661,0.2768530249595642,2,1
13662,0.2792769968509674,2,1
13663,0.8776179552078247,1,2
13664,0.02458779886364937,3,1
13665,0.002820438938215375,7,1
13666,0.0007403315394185483,6,1
13667,0.009942754171788692,5,1
13668,0.005541133228689432,6,1
13669,0.0011186925694346428,8,1
13670,0.000516120286192745,6,1
13671,0.0012387302704155445,7,1
13672,0.5496340990066528,1,2
13673,0.8676432371139526,1,2
13674,0.1259104609489441,3,1
13675,0.7797198295593262,1,2
13676,0.000955417868681252,5,1
13677,0.0002839873777702451,7,1
13678,0.0002798028872348368,6,1
13679,0.0002023574197664857,8,1
13680,0.008517513982951641,3,1
13681,0.4287538528442383,2,1
13682,0.006539246533066034,3,1
13683,0.24404974281787872,2,1
13684,0.011217000894248486,3,1
13685,0.029462911188602448,3,1
13686,0.015324016101658344,3,1
13687,0.03495641052722931,3,1
13688,0.7437200546264648,1,2
13689,0.9371365308761597,1,2
13690,0.29425695538520813,2,1
13691,0.8264334797859192,1,2
13692,0.0023623730521649122,5,1
13693,0.11466624587774277,3,1
13694,0.03293551132082939,4,1
13695,0.37786436080932617,2,1
13696,0.09757649898529053,2,1
13697,0.7975298762321472,1,2
13698,0.9446070790290833,1,2
13699,0.12373471260070801,2,1
13700,0.00023968734603840858,8,1
13701,0.0016906082164496183,6,1
13702,6.156064773676917e-05,9,1
13703,0.00010851547995116562,7,1
13704,0.0007142595713958144,3,1
13705,0.0009511450189165771,5,1
13706,0.04144475981593132,2,1
13707,0.02660258114337921,2,1
13708,0.001387141295708716,5,1
13709,0.0004081190563738346,6,1
13710,5.518812395166606e-05,8,1
13711,9.099325689021498e-05,7,1
13712,0.9980714321136475,1,3
13713,0.9999098181724548,1,4
13714,0.970447838306427,1,3
13715,0.9975029826164246,1,3
13716,0.00014786218525841832,8,1
13717,0.0008867139113135636,4,1
13718,7.799603918101639e-05,7,1
13719,0.00015227694530040026,7,1
13720,0.8365828394889832,1,3
13721,0.9516525268554688,1,3
13722,0.4686964750289917,3,2
13723,0.8777104020118713,2,3
13724,0.0013917796313762665,5,1
13725,0.004171888809651136,4,1
13726,0.001913603744469583,5,1
13727,0.0037011150270700455,4,1
13728,0.9766258597373962,1,3
13729,0.9931162595748901,1,2
13730,0.9684219360351562,1,3
13731,0.9883105754852295,1,2
13732,0.00031147923436947167,7,1
13733,0.00014897665823809803,8,1
13734,0.00010563671821728349,9,1
13735,9.33698975131847e-05,8,1
13736,0.9980635046958923,1,3
13737,0.9995249509811401,1,2
13738,0.9877723455429077,1,3
13739,0.9977135062217712,1,2
13740,0.005325892940163612,6,1
13741,0.0031621833331882954,6,1
13742,0.0010219071991741657,7,1
13743,0.0007389807142317295,7,1
13744,0.9574193358421326,1,2
13745,0.9984750747680664,1,4
13746,0.919042706489563,1,2
13747,0.9990444183349609,1,4
13748,0.00437121419236064,5,1
13749,0.0009289375739172101,6,1
13750,0.00036451732739806175,8,1
13751,0.0002646713692229241,8,1
13752,0.09092073887586594,4,2
13753,0.9486047029495239,1,3
13754,0.9706401824951172,1,3
13755,0.9737657308578491,1,4
13756,0.004244545008987188,6,1
13757,0.008227648213505745,5,1
13758,0.0036194208078086376,5,1
13759,0.004916186444461346,6,1
13760,0.9866933822631836,1,3
13761,0.9997047781944275,1,5
13762,0.9539373517036438,2,3
13763,0.9994645118713379,1,4
13764,0.0004263057780917734,7,1
13765,0.0066611324436962605,4,1
13766,0.0024135904386639595,4,1
13767,0.0035667596384882927,4,1
13768,0.05447826161980629,3,1
13769,0.05396595224738121,2,1
13770,0.01080517377704382,3,1
13771,0.057451795786619186,2,1
13772,0.013051394373178482,3,1
13773,0.010011394508183002,2,1
13774,0.3497205674648285,3,1
13775,0.004019167274236679,4,1
13776,0.9359590411186218,1,3
13777,0.12002666294574738,2,1
13778,0.9852138161659241,1,3
13779,0.2773180603981018,2,1
13780,0.04629165306687355,3,1
13781,0.04948403686285019,2,1
13782,0.05348203331232071,3,1
13783,0.12306966632604599,2,1
13784,0.9981253743171692,1,3
13785,0.9999163746833801,1,5
13786,0.9989014267921448,1,4
13787,0.999091386795044,1,4
13788,0.004262504633516073,5,1
13789,0.0012253791792318225,6,1
13790,0.0006583750946447253,5,1
13791,0.000711660657543689,6,1
13792,0.9829158782958984,1,4
13793,0.9034464955329895,1,2
13794,0.9984674453735352,1,3
13795,0.9951775670051575,1,3
13796,0.0010355544509366155,5,1
13797,0.0036030919291079044,5,1
13798,0.0002916407538577914,6,1
13799,0.0016665116418153048,7,1
13800,0.9972878098487854,1,3
13801,0.993980884552002,1,2
13802,0.99922114610672,1,3
13803,0.9980002641677856,1,2
13804,0.0006809523911215365,7,1
13805,0.00012779438111465424,7,1
13806,7.410622492898256e-05,11,1
13807,8.20989953354001e-05,8,1
13808,0.9990976452827454,1,3
13809,0.9991766810417175,1,4
13810,0.999712347984314,1,4
13811,0.99993896484375,1,6
13812,0.0005610462976619601,5,1
13813,0.001068883459083736,5,1
13814,0.00029272533720359206,5,1
13815,0.00046280890819616616,6,1
13816,0.7381446361541748,1,3
13817,0.25935128331184387,3,1
13818,0.8562606573104858,1,3
13819,0.9762169718742371,1,3
13820,0.9966274499893188,1,3
13821,0.9977770447731018,1,3
13822,0.9931071996688843,1,3
13823,0.9962465167045593,1,3
13824,0.9994800686836243,1,3
13825,0.9996355772018433,1,4
13826,0.9980085492134094,1,3
13827,0.9995432496070862,1,4
13828,0.0003903801552951336,7,1
13829,0.00043062696931883693,7,1
13830,7.429085235344246e-05,8,1
13831,0.0006963930791243911,7,1
13832,0.5028282999992371,1,2
13833,0.010617565363645554,4,1
13834,0.17229652404785156,3,1
13835,0.0034642796963453293,5,1
13836,0.0009849967900663614,6,1
13837,0.00021949342044536024,7,1
13838,0.00042880597175098956,6,1
13839,0.00014317654131446034,7,1
13840,0.9748889803886414,1,3
13841,0.009685114026069641,3,1
13842,0.9281495809555054,1,3
13843,0.021742939949035645,2,1
13844,0.0016468201065436006,5,1
13845,0.0003750851028598845,6,1
13846,0.0002642691251821816,6,1
13847,0.00011091864871559665,8,1
13848,0.8389541506767273,1,2
13849,0.34075531363487244,2,1
13850,0.9845137596130371,1,3
13851,0.9645617604255676,1,2
13852,0.000414481881307438,6,1
13853,0.00046419069985859096,7,1
13854,0.00017777357425075024,7,1
13855,0.00015197742322925478,7,1
13856,0.1548585146665573,3,1
13857,0.091771699488163,2,1
13858,0.11629589647054672,3,1
13859,0.8554093241691589,1,2
13860,0.0030538130085915327,7,1
13861,0.028837712481617928,5,1
13862,0.002236731816083193,4,1
13863,0.05347973480820656,3,1
13864,0.9995549917221069,1,3
13865,0.9998627305030823,1,4
13866,0.9757348299026489,1,3
13867,0.9954426884651184,1,3
13868,0.0024105224292725325,7,1
13869,0.0008834998589009047,8,1
13870,0.0009491180535405874,8,1
13871,0.00026139701367355883,9,1
13872,0.9998591542243958,1,3
13873,0.9999268651008606,1,3
13874,0.9962778687477112,1,3
13875,0.9978181719779968,1,2
13876,0.0005176027189008892,8,1
13877,0.00030624933424405754,8,1
13878,0.00014259674935601652,9,1
13879,7.339299190789461e-05,8,1
13880,0.6267560124397278,1,2
13881,0.7172852158546448,1,2
13882,0.7757459282875061,1,3
13883,0.7744717597961426,1,2
13884,0.0003401605354156345,8,1
13885,0.000747017387766391,7,1
13886,0.00012580350448843092,11,1
13887,0.00042945839231833816,8,1
13888,0.7206001281738281,1,2
13889,0.7155892252922058,1,2
13890,0.8514619469642639,1,3
13891,0.8229871988296509,1,2
13892,0.00029259847360663116,8,1
13893,0.00037260595127008855,7,1
13894,0.00016669959586579353,11,1
13895,0.00044384298962540925,7,1
13896,0.016176719218492508,3,1
13897,0.018451984971761703,2,1
13898,0.10979954153299332,3,1
13899,0.21181905269622803,2,1
13900,0.0018654923187568784,6,1
13901,0.007542527746409178,3,1
13902,0.004314124118536711,3,1
13903,0.012596292421221733,3,1
13904,0.19209900498390198,2,1
13905,0.9849356412887573,1,2
13906,0.26969364285469055,2,1
13907,0.5615482330322266,1,2
13908,0.0003189206472598016,9,1
13909,0.00014972046483308077,9,1
13910,8.799091301625594e-05,10,1
13911,6.683403626084328e-05,9,1
13912,0.04882453754544258,3,1
13913,0.14027786254882812,3,1
13914,0.0066582136787474155,3,1
13915,0.07228386402130127,2,1
13916,0.0171045009046793,3,1
13917,0.02006753534078598,4,1
13918,0.19670534133911133,3,1
13919,0.01198798231780529,3,1
13920,0.9760951399803162,1,3
13921,0.9985517859458923,1,3
13922,0.992432713508606,1,3
13923,0.9998124241828918,1,3
13924,0.01270361989736557,3,1
13925,0.00027998629957437515,7,1
13926,0.054011665284633636,3,1
13927,0.00015511715901084244,7,1
13928,0.9829587340354919,1,3
13929,0.9968257546424866,1,2
13930,0.9635255932807922,1,3
13931,0.9950780272483826,1,2
13932,0.9686737656593323,1,3
13933,0.06225540488958359,3,1
13934,0.9537231922149658,1,3
13935,0.014403355307877064,3,1
13936,0.9945303797721863,1,3
13937,0.9866883158683777,1,3
13938,0.990089476108551,1,3
13939,0.9807152152061462,1,3
13940,0.0004872011486440897,6,1
13941,0.00099174864590168,7,1
13942,0.00019684614380821586,7,1
13943,0.0007173759513534606,7,1
13944,0.9998592138290405,1,6
13945,0.9999841451644897,1,7
13946,0.9988009333610535,1,3
13947,0.9998492002487183,1,4
13948,0.004249449819326401,8,1
13949,0.0005243981722742319,8,1
13950,0.0018855005037039518,8,1
13951,0.00026990813785232604,8,1
13952,0.9953453540802002,1,3
13953,0.9826797246932983,1,2
13954,0.9973616600036621,1,3
13955,0.9952119588851929,1,2
13956,0.0014213427202776074,6,1
13957,0.00046714619384147227,7,1
13958,0.0001768261136021465,9,1
13959,0.00019872821576427668,8,1
13960,0.9950124621391296,1,3
13961,0.9993042349815369,1,5
13962,0.999435305595398,1,3
13963,0.9998511672019958,1,5
13964,0.07769276201725006,3,1
13965,0.12994402647018433,3,1
13966,0.0020427387207746506,4,1
13967,0.003475473029538989,5,1
13968,0.9947583675384521,1,3
13969,0.807999849319458,1,2
13970,0.9827720522880554,1,3
13971,0.8231510519981384,1,2
13972,0.002052983269095421,5,1
13973,0.00030903724837116897,6,1
13974,0.0002566787297837436,4,1
13975,0.0001365792122669518,6,1
13976,0.9993487000465393,1,3
13977,0.9998735785484314,1,4
13978,0.9964914917945862,1,3
13979,0.9997482299804688,1,3
13980,0.0022921105846762657,5,1
13981,0.00274122622795403,4,1
13982,0.00030740504735149443,7,1
13983,0.00018444197485223413,7,1
13984,0.6720028519630432,1,2
13985,0.20668336749076843,2,1
13986,0.022488122805953026,3,1
13987,0.16716523468494415,2,1
13988,0.17130307853221893,2,1
13989,0.0031099847983568907,5,1
13990,0.02892087958753109,3,1
13991,0.002619188278913498,5,1
13992,0.07638869434595108,4,1
13993,0.9926918148994446,1,2
13994,0.22654688358306885,2,1
13995,0.9906565546989441,1,2
13996,0.0011300365440547466,12,1
13997,0.0003236787742935121,11,1
13998,0.00011848077701870352,17,1
13999,0.00033191597322002053,11,1
14000,0.3222419321537018,3,2
14001,0.4091984033584595,2,1
14002,0.002579781459644437,3,1
14003,0.02371428720653057,3,1
14004,0.00024407386081293225,7,1
14005,0.0002282787609146908,8,1
14006,0.00015736078785266727,8,1
14007,0.00017003923130687326,9,1
14008,0.9934811592102051,1,3
14009,0.9971175193786621,1,2
14010,0.9984579682350159,1,3
14011,0.9989283084869385,1,2
14012,0.0007626236765645444,6,1
14013,0.00013468814722727984,9,1
14014,0.000382269179681316,7,1
14015,9.542309999233112e-05,9,1
14016,0.9226308465003967,2,3
14017,0.8567923307418823,1,4
14018,0.07930473238229752,4,2
14019,0.883833646774292,1,2
14020,0.00022229523165151477,6,1
14021,0.0003518882440403104,9,1
14022,8.67866983753629e-05,8,1
14023,0.00015766647993586957,9,1
14024,0.9880650043487549,1,5
14025,0.8894402384757996,1,2
14026,0.9971452951431274,1,4
14027,0.9487975835800171,1,3
14028,0.04350072517991066,4,1
14029,0.0038194176740944386,6,1
14030,0.003107519820332527,6,1
14031,0.0005997156840749085,6,1
14032,0.5686854124069214,2,3
14033,0.9908134937286377,1,4
14034,0.9180062413215637,1,3
14035,0.9970170259475708,1,3
14036,0.008375385776162148,5,1
14037,0.03652971610426903,5,1
14038,0.0022930593695491552,5,1
14039,0.006374200340360403,5,1
14040,0.9996572136878967,1,6
14041,0.9976546168327332,1,5
14042,0.9996374249458313,1,4
14043,0.9993922114372253,1,5
14044,0.18935994803905487,2,1
14045,0.3045905828475952,2,1
14046,0.9993641376495361,1,4
14047,0.38680049777030945,2,1
14048,0.9995385408401489,1,3
14049,0.3403922915458679,2,1
14050,0.9941183924674988,1,3
14051,0.18026025593280792,2,1
14052,0.1896003633737564,3,1
14053,0.057164266705513,2,1
14054,0.013078853487968445,3,1
14055,0.41550058126449585,2,1
14056,0.9998863935470581,1,3
14057,0.126244455575943,2,1
14058,0.9998425841331482,1,3
14059,0.18888641893863678,2,1
14060,0.29322755336761475,2,1
14061,0.21225114166736603,2,1
14062,0.703508198261261,1,2
14063,0.015407904982566833,3,1
14064,0.999049961566925,1,3
14065,0.9999033212661743,1,5
14066,0.8590153455734253,2,3
14067,0.9992498159408569,1,5
14068,0.000265187700279057,6,1
14069,0.000237126718275249,6,1
14070,0.0008566603064537048,5,1
14071,0.00018009287305176258,8,1
14072,0.9738950729370117,1,3
14073,0.002159540308639407,3,1
14074,0.9981088042259216,1,3
14075,0.00239281146787107,3,1
14076,0.028920581564307213,5,1
14077,0.0037446068599820137,5,1
14078,0.0002939052355941385,6,1
14079,0.0012380416737869382,6,1
14080,0.9997976422309875,1,3
14081,0.999854564666748,1,5
14082,0.9999291300773621,1,4
14083,0.9999754428863525,1,7
14084,0.0030764839611947536,4,1
14085,0.04913099855184555,2,1
14086,0.0022739339619874954,3,1
14087,0.031360868364572525,2,1
14088,0.999721348285675,1,3
14089,0.9998928308486938,1,6
14090,0.9999434351921082,1,4
14091,0.9998980760574341,1,6
14092,0.992217481136322,1,5
14093,0.960368812084198,1,3
14094,0.9858945608139038,1,3
14095,0.9891979098320007,1,3
14096,0.995121419429779,1,3
14097,0.9976435899734497,1,3
14098,0.9959293603897095,1,3
14099,0.9957753419876099,1,3
14100,0.9496859908103943,1,3
14101,0.9021850824356079,1,2
14102,0.9804607629776001,1,3
14103,0.980975866317749,1,3
14104,0.8714699149131775,1,3
14105,0.9341661334037781,1,2
14106,0.9748719334602356,1,3
14107,0.999131441116333,1,3
14108,0.008040194399654865,5,1
14109,0.0035168956965208054,5,1
14110,8.551412611268461e-05,6,1
14111,0.00026736711151897907,6,1
14112,0.9813390374183655,1,3
14113,0.9620006680488586,1,3
14114,0.9593732357025146,1,3
14115,0.9904822707176208,1,3
14116,0.0010740645229816437,5,1
14117,0.002435248112305999,5,1
14118,0.00017132399079855531,7,1
14119,0.0004815820138901472,7,1
14120,0.8111253380775452,2,3
14121,0.9974256157875061,1,3
14122,0.9899156093597412,1,3
14123,0.9996185898780823,1,3
14124,0.002377476077526808,5,1
14125,0.004754185676574707,5,1
14126,0.00019695197988767177,6,1
14127,0.000490259553771466,6,1
14128,0.9666231274604797,1,4
14129,0.8676854968070984,1,2
14130,0.9975526332855225,1,3
14131,0.9765610694885254,1,2
14132,0.0022866271901875734,5,1
14133,0.0022675185464322567,5,1
14134,5.402579699875787e-05,8,1
14135,0.0002075179509120062,7,1
14136,0.9989112019538879,1,3
14137,0.9981242418289185,1,5
14138,0.9990564584732056,1,3
14139,0.9912748336791992,1,5
14140,0.00011435450869612396,7,1
14141,0.0005236291326582432,7,1
14142,4.8248766688629985e-05,10,1
14143,0.00023750380205456167,7,1
14144,0.983596682548523,1,4
14145,0.9999143481254578,1,6
14146,0.9475961327552795,1,3
14147,0.9999803900718689,1,9
14148,0.14084361493587494,3,1
14149,0.0415685810148716,4,1
14150,0.6342310309410095,1,2
14151,0.019727656617760658,5,1
14152,0.7877498865127563,1,3
14153,0.8854730129241943,1,2
14154,0.717337429523468,1,3
14155,0.9110879302024841,1,2
14156,0.001816949574276805,5,1
14157,0.0017311027040705085,6,1
14158,0.0007328931824304163,5,1
14159,0.0006382528226822615,7,1
14160,0.9999852180480957,1,7
14161,0.9999826550483704,1,8
14162,0.9992923736572266,1,3
14163,0.9999087452888489,1,5
14164,0.00031167364795692265,6,1
14165,0.0005974328378215432,6,1
14166,0.00040761049604043365,6,1
14167,0.00029775858274661005,7,1
14168,0.9859976172447205,1,3
14169,0.9989053606987,1,3
14170,0.9613006114959717,1,3
14171,0.9996044039726257,1,3
14172,0.9962438344955444,1,3
14173,0.9969888925552368,1,2
14174,0.9993888139724731,1,3
14175,0.9984976053237915,1,2
14176,0.15378981828689575,3,1
14177,0.8268671631813049,1,2
14178,0.1479262262582779,3,1
14179,0.7934748530387878,1,2
14180,0.0036095718387514353,4,1
14181,0.011392767541110516,5,1
14182,0.0012189621338620782,4,1
14183,0.0021457967814058065,5,1
14184,0.9973215460777283,1,3
14185,0.9997830986976624,1,5
14186,0.9981165528297424,1,3
14187,0.9998826384544373,1,5
14188,0.9567514657974243,1,3
14189,0.9984564185142517,1,4
14190,0.9949443340301514,1,3
14191,0.9996585845947266,1,5
14192,0.9939664006233215,1,3
14193,0.9995806217193604,1,2
14194,0.9985547661781311,1,3
14195,0.9999078512191772,1,3
14196,0.0033917496912181377,5,1
14197,0.00020997360115870833,6,1
14198,0.0002499317633919418,5,1
14199,9.20055026654154e-05,7,1
14200,0.9984241127967834,1,5
14201,0.9993395209312439,1,5
14202,0.9998530745506287,1,4
14203,0.999954104423523,1,7
14204,0.051078785210847855,4,1
14205,0.04147837683558464,5,1
14206,0.11918257176876068,3,1
14207,0.16783222556114197,2,1
14208,0.8879716992378235,1,2
14209,0.009694203734397888,2,1
14210,0.9984252452850342,1,3
14211,0.11580005288124084,2,1
14212,0.0014212228124961257,6,1
14213,0.0005006262217648327,7,1
14214,0.0008112547220662236,6,1
14215,0.0003974238352384418,7,1
14216,0.9940220713615417,1,3
14217,0.613233745098114,1,2
14218,0.824827253818512,1,3
14219,0.10929319262504578,2,1
14220,0.00021164622739888728,4,1
14221,0.00040980015182867646,5,1
14222,0.0001418007886968553,6,1
14223,0.00019363262981642038,7,1
14224,0.9886602759361267,1,3
14225,0.9889334440231323,1,2
14226,0.9962480664253235,1,3
14227,0.9929556250572205,1,2
14228,0.02533751167356968,4,1
14229,0.00041676691034808755,7,1
14230,0.0011891642352566123,4,1
14231,0.00016149863949976861,7,1
14232,0.9997817873954773,1,3
14233,0.9998405575752258,1,3
14234,0.9996127486228943,1,3
14235,0.9991404414176941,1,2
14236,0.00031098604085855186,5,1
14237,0.0002417984651401639,6,1
14238,0.00024041302094701678,6,1
14239,0.0001119412190746516,7,1
14240,0.9980942606925964,1,3
14241,0.7549669146537781,1,2
14242,0.9996934533119202,1,3
14243,0.9857293963432312,1,2
14244,0.011931179091334343,3,1
14245,0.0028273721691221,5,1
14246,0.00046847807243466377,4,1
14247,0.00033281403011642396,6,1
14248,0.9737433195114136,1,3
14249,0.9934081435203552,1,4
14250,0.9794502258300781,1,3
14251,0.9645532965660095,1,2
14252,0.015587636269629002,5,1
14253,0.0008136616670526564,6,1
14254,0.0032647408079355955,4,1
14255,0.0004322539607528597,7,1
14256,0.9852458834648132,1,3
14257,0.9880502223968506,1,2
14258,0.9706141948699951,1,3
14259,0.9883698225021362,1,2
14260,0.9974337220191956,1,3
14261,0.9982645511627197,1,3
14262,0.9996668100357056,1,3
14263,0.999621570110321,1,3
14264,0.9997196197509766,1,5
14265,0.9999535083770752,1,8
14266,0.9999433159828186,1,8
14267,0.9999678730964661,1,9
14268,0.0005509777111001313,7,1
14269,0.005919267889112234,6,1
14270,0.0013756182743236423,6,1
14271,0.006509271450340748,6,1
14272,0.5941223502159119,1,2
14273,0.7883062362670898,1,2
14274,0.992648184299469,1,3
14275,0.9979285597801208,1,5
14276,0.001144520239904523,5,1
14277,0.0014230527449399233,7,1
14278,0.0001577624789206311,8,1
14279,0.0005349797429516912,7,1
14280,0.9989888668060303,1,2
14281,0.9999496936798096,1,7
14282,0.9997475147247314,1,4
14283,0.9999648928642273,1,8
14284,0.0029595002997666597,9,1
14285,0.006270412355661392,6,1
14286,0.005783580243587494,5,1
14287,0.022312814369797707,6,1
14288,0.9998395442962646,1,9
14289,0.999688446521759,1,7
14290,0.9999408721923828,1,8
14291,0.999609112739563,1,7
14292,0.036636799573898315,5,1
14293,0.0014677875442430377,6,1
14294,0.0024946669582277536,6,1
14295,0.0002882179687730968,7,1
14296,0.9953465461730957,1,3
14297,0.5927607417106628,1,3
14298,0.9550543427467346,1,3
14299,0.339713454246521,3,1
14300,0.9798991680145264,1,3
14301,0.6659187078475952,1,3
14302,0.25466179847717285,3,2
14303,0.24869811534881592,3,1
14304,0.9996702671051025,1,3
14305,0.9996322989463806,1,3
14306,0.9964527487754822,1,3
14307,0.999555230140686,1,3
14308,0.42045724391937256,2,1
14309,0.9998758435249329,1,4
14310,0.9851114749908447,1,3
14311,0.9998062252998352,1,4
14312,0.9180958867073059,1,2
14313,0.9996912479400635,1,3
14314,0.9848492741584778,1,3
14315,0.9999772906303406,1,4
14316,0.0019113867310807109,7,1
14317,0.005177594255656004,6,1
14318,0.0014063868438825011,6,1
14319,0.0075058783404529095,5,1
14320,0.386101096868515,3,2
14321,0.9772233963012695,1,2
14322,0.3047895133495331,3,2
14323,0.8670098781585693,1,2
14324,0.00829595047980547,5,1
14325,0.006449366919696331,6,1
14326,0.08378446847200394,5,2
14327,0.009688019752502441,6,1
14328,0.9872975945472717,1,3
14329,0.9999315738677979,1,6
14330,0.9893572330474854,1,3
14331,0.9995676279067993,1,3
14332,0.0025431890971958637,6,1
14333,0.0009914747206494212,6,1
14334,0.0003262931131757796,6,1
14335,0.0003311247855890542,7,1
14336,0.9999826550483704,1,6
14337,0.999296247959137,1,3
14338,0.9995881915092468,1,3
14339,0.9921720027923584,1,3
14340,0.013041355647146702,4,1
14341,0.020612413063645363,5,1
14342,0.0636267438530922,3,1
14343,0.0017156463582068682,7,1
14344,0.9993873238563538,1,3
14345,0.9987705945968628,1,2
14346,0.9988473057746887,1,3
14347,0.9991897344589233,1,3
14348,9.926872735377401e-05,9,1
14349,5.4855187045177445e-05,8,1
14350,4.849749893764965e-05,9,1
14351,5.2548552048392594e-05,9,1
14352,0.015446625649929047,5,1
14353,0.982398509979248,1,4
14354,0.9802488684654236,1,4
14355,0.9524340629577637,1,4
14356,0.9158896207809448,2,5
14357,0.9596269726753235,1,5
14358,0.3314051032066345,3,2
14359,0.01844768039882183,4,1
14360,0.011737877503037453,4,1
14361,0.9581431150436401,1,3
14362,0.9924890398979187,1,3
14363,0.9902560710906982,1,3
14364,0.07595513015985489,5,1
14365,0.038543421775102615,4,1
14366,0.12213420122861862,3,1
14367,0.38001781702041626,3,2
14368,0.6916699409484863,2,3
14369,0.20573966205120087,3,2
14370,0.020031247287988663,4,1
14371,0.14504894614219666,3,1
14372,0.02792777493596077,5,1
14373,0.0004950496950186789,8,1
14374,0.0002510837512090802,8,1
14375,0.00019684244762174785,9,1
14376,0.9969492554664612,1,3
14377,0.9995277523994446,1,5
14378,0.9442948698997498,1,3
14379,0.9978136420249939,1,4
14380,0.01930709183216095,4,1
14381,0.0033639809116721153,5,1
14382,0.0007352063548751175,7,1
14383,0.0006232317537069321,6,1
14384,0.9593209624290466,2,3
14385,0.5859531760215759,1,3
14386,0.9652384519577026,1,3
14387,0.9594079852104187,1,4
14388,0.001293084118515253,5,1
14389,0.000486751610878855,6,1
14390,0.00022234184143599123,7,1
14391,0.00032214890234172344,6,1
14392,0.778035044670105,1,3
14393,0.9991377592086792,1,3
14394,0.9963736534118652,1,3
14395,0.9999377131462097,1,6
14396,0.03463740646839142,4,1
14397,0.005666310433298349,5,1
14398,0.0010425244690850377,7,1
14399,0.0004637257952708751,6,1
14400,0.9980354905128479,1,3
14401,0.998051643371582,1,3
14402,0.9171255826950073,1,3
14403,0.9924312233924866,1,2
14404,0.0020423238165676594,7,1
14405,0.001191996969282627,8,1
14406,0.001089785946533084,8,1
14407,0.00041173366480506957,8,1
14408,0.656364381313324,1,3
14409,0.05467282608151436,3,1
14410,0.833311915397644,1,3
14411,0.11553724855184555,2,1
14412,0.9525399804115295,1,4
14413,0.991634726524353,1,3
14414,0.48278412222862244,3,2
14415,0.9805148243904114,1,3
14416,0.9884341359138489,1,4
14417,0.9951254725456238,1,4
14418,0.9916064739227295,1,3
14419,0.9981211423873901,1,5
14420,0.029821224510669708,6,2
14421,0.014298503287136555,6,1
14422,0.004116335418075323,7,2
14423,0.006629613693803549,6,1
14424,0.9928359985351562,1,4
14425,0.9988575577735901,1,5
14426,0.9992012977600098,1,5
14427,0.9996863007545471,1,6
14428,0.0009270414593629539,7,1
14429,0.001580821699462831,6,1
14430,0.0008241164032369852,7,1
14431,0.0006487868959084153,7,1
14432,0.9985445141792297,1,5
14433,0.9984596967697144,1,5
14434,0.9983043074607849,1,3
14435,0.9992343187332153,1,5
14436,0.1746068000793457,2,1
14437,0.002175389090552926,6,1
14438,0.09303779900074005,3,1
14439,0.002246389165520668,5,1
14440,0.972896933555603,1,3
14441,0.48063117265701294,2,1
14442,0.9576717615127563,1,3
14443,0.2995580732822418,2,1
14444,0.12156837433576584,2,1
14445,0.035881511867046356,4,1
14446,0.009527614340186119,4,1
14447,0.018032528460025787,5,1
14448,0.9972226619720459,1,3
14449,0.9988836646080017,1,3
14450,0.9995545148849487,1,3
14451,0.9998698234558105,1,5
14452,0.013375705108046532,6,2
14453,0.010907869786024094,6,1
14454,0.006143845617771149,5,1
14455,0.005087023135274649,6,1
14456,0.8507663011550903,2,3
14457,0.9997758269309998,1,5
14458,0.987345278263092,1,3
14459,0.9987316727638245,1,3
14460,0.007053024135529995,8,1
14461,0.6276708841323853,1,3
14462,0.008417782373726368,6,1
14463,0.4799150824546814,2,1
14464,0.9991853833198547,1,3
14465,0.9977800846099854,1,4
14466,0.9994701147079468,1,3
14467,0.9997885823249817,1,5
14468,0.0110241724178195,5,1
14469,0.003875596448779106,5,1
14470,0.08547920733690262,2,1
14471,0.001669250545091927,5,1
14472,0.9503381848335266,1,3
14473,0.9999101161956787,1,6
14474,0.992280900478363,1,3
14475,0.9999676942825317,1,8
14476,0.010776863433420658,5,1
14477,0.047162219882011414,4,1
14478,0.0038401982747018337,4,1
14479,0.002748641185462475,4,1
14480,0.9816230535507202,1,3
14481,0.999713659286499,1,5
14482,0.9977235198020935,1,3
14483,0.9997865557670593,1,5
14484,0.016956934705376625,5,1
14485,0.006073161493986845,5,1
14486,0.0005387618439272046,8,1
14487,0.0002908859751187265,7,1
14488,0.9997910261154175,1,4
14489,0.9843958020210266,1,3
14490,0.9998881220817566,1,4
14491,0.958285391330719,1,2
14492,0.0016396752325817943,5,1
14493,0.002235919004306197,6,1
14494,0.09958884119987488,3,1
14495,0.0013960696524009109,7,1
14496,0.9247890114784241,2,3
14497,0.9941548705101013,1,5
14498,0.9652736186981201,1,3
14499,0.9923062324523926,1,4
14500,0.0005183441680856049,9,1
14501,0.00028299278346821666,7,1
14502,0.0001658991677686572,9,1
14503,9.055196278495714e-05,8,1
14504,0.9953391551971436,1,3
14505,0.999974250793457,1,6
14506,0.9999635219573975,1,4
14507,0.9999770522117615,1,6
14508,0.029459547251462936,3,1
14509,0.034487154334783554,3,1
14510,0.00701391976326704,4,1
14511,0.006800874136388302,6,1
14512,0.9791769981384277,1,3
14513,0.9956851601600647,1,2
14514,0.9713621735572815,1,3
14515,0.9962389469146729,1,2
14516,0.001258257543668151,5,1
14517,0.00022582597739528865,6,1
14518,0.00020927666628267616,6,1
14519,8.94473196240142e-05,8,1
14520,0.9995589256286621,1,3
14521,0.9989262223243713,1,4
14522,0.9969229102134705,1,3
14523,0.9980977773666382,1,3
14524,0.0003470982483122498,6,1
14525,0.0008214073604904115,5,1
14526,0.00010281240975018591,10,1
14527,0.0008388693095184863,6,1
14528,0.9917144179344177,1,3
14529,0.9951993823051453,1,4
14530,0.8869636654853821,1,3
14531,0.9826710224151611,1,3
14532,0.6626542210578918,1,2
14533,0.16601741313934326,2,1
14534,0.0059687006287276745,3,1
14535,0.10788305848836899,2,1
14536,0.9479148387908936,1,3
14537,0.9950563311576843,1,3
14538,0.9339462518692017,1,3
14539,0.999349057674408,1,3
14540,0.0012139655882492661,6,1
14541,0.005515499506145716,5,1
14542,0.0019514538580551744,5,1
14543,0.012215033173561096,5,1
14544,0.9941366910934448,1,3
14545,0.9950800538063049,1,2
14546,0.9895524382591248,1,3
14547,0.9990094304084778,1,3
14548,7.259866833919659e-05,7,1
14549,0.00011003500549122691,7,1
14550,3.625363751780242e-05,8,1
14551,7.368130172835663e-05,8,1
14552,0.8166643977165222,1,3
14553,0.9997140765190125,1,5
14554,0.7922762632369995,1,3
14555,0.9995629191398621,1,5
14556,0.0038111682515591383,4,1
14557,0.0014206282794475555,5,1
14558,0.00159651564899832,5,1
14559,0.0026414988096803427,5,1
14560,0.9864904880523682,1,2
14561,0.9997171759605408,1,3
14562,0.9998142123222351,1,3
14563,0.9997707009315491,1,2
14564,0.0013673228677362204,5,1
14565,0.0011306629749014974,5,1
14566,0.0004460485652089119,5,1
14567,0.0023531834594905376,3,1
14568,0.7859281897544861,1,3
14569,0.565971851348877,1,2
14570,0.9833301901817322,1,3
14571,0.7291550040245056,1,2
14572,0.053286466747522354,3,1
14573,0.07616276293992996,3,1
14574,0.026063455268740654,3,1
14575,0.14662128686904907,2,1
14576,0.009225055575370789,5,1
14577,0.25557538866996765,2,1
14578,0.0007383659831248224,6,1
14579,0.8320597410202026,1,2
14580,0.012912142090499401,3,1
14581,0.01105522457510233,5,1
14582,0.08740673959255219,3,1
14583,0.07401956617832184,2,1
14584,0.0119759077206254,3,1
14585,0.9386280179023743,1,2
14586,0.20095232129096985,3,1
14587,0.6529587507247925,1,2
14588,0.02893793396651745,3,1
14589,0.06525035202503204,3,1
14590,0.1639298051595688,2,1
14591,0.14110805094242096,2,1
14592,0.8393285274505615,1,3
14593,0.013953838497400284,3,1
14594,0.3072012960910797,3,1
14595,0.025204263627529144,3,1
14596,6.865627801744267e-05,9,1
14597,0.0007016804302111268,7,1
14598,5.293292997521348e-05,11,1
14599,0.00039647886296734214,7,1
14600,0.7934057712554932,1,2
14601,0.9956561923027039,1,4
14602,0.9166197776794434,1,2
14603,0.9996345043182373,1,5
14604,0.005732595920562744,5,1
14605,0.006785118952393532,5,1
14606,0.00647825188934803,3,1
14607,0.005508581176400185,5,1
14608,0.22995774447917938,2,1
14609,0.9989650249481201,1,5
14610,0.43888649344444275,2,1
14611,0.9940161108970642,1,4
14612,0.002526122611016035,6,1
14613,0.00029230405925773084,7,1
14614,0.000998866162262857,3,1
14615,0.0001319194125244394,8,1
14616,0.9567422270774841,1,3
14617,0.9962953329086304,1,4
14618,0.9435617923736572,1,2
14619,0.9981213808059692,1,5
14620,0.02847171574831009,3,1
14621,0.9332153797149658,1,2
14622,0.20695821940898895,2,1
14623,0.9865573048591614,1,3
14624,0.9135028123855591,1,2
14625,0.9998427629470825,1,4
14626,0.9354567527770996,1,2
14627,0.9998734593391418,1,5
14628,0.023735348135232925,4,1
14629,0.0015516529092565179,6,1
14630,0.06898915022611618,2,1
14631,0.00029350502882152796,7,1
14632,0.899992823600769,2,3
14633,0.9998717904090881,1,7
14634,0.9998906850814819,1,7
14635,0.9999180436134338,1,7
14636,0.040065500885248184,3,1
14637,0.9795994162559509,1,3
14638,0.9662296175956726,1,3
14639,0.963678240776062,1,2
14640,0.9393489360809326,1,3
14641,0.9964927434921265,1,4
14642,0.9777357578277588,1,3
14643,0.9973022937774658,1,4
14644,0.004089245107024908,4,1
14645,0.7008829712867737,1,2
14646,0.9536157250404358,1,3
14647,0.9882531762123108,1,3
14648,0.040915582329034805,3,1
14649,0.999130129814148,1,3
14650,0.9438609480857849,1,3
14651,0.9994401335716248,1,3
14652,0.0006440085708163679,6,1
14653,0.000413101923186332,7,1
14654,0.0006537149311043322,4,1
14655,0.0002110083296429366,8,1
14656,0.9932066798210144,1,3
14657,0.9998918175697327,1,5
14658,0.9847781658172607,1,3
14659,0.999714195728302,1,5
14660,0.00029087657458148897,5,1
14661,0.000594961631577462,6,1
14662,0.0009579014731571078,6,1
14663,0.00024289048451464623,7,1
14664,0.8488045930862427,2,3
14665,0.9828759431838989,1,4
14666,0.8884152770042419,1,3
14667,0.9877920150756836,1,2
14668,0.0015767015283927321,6,1
14669,0.0008942954009398818,6,1
14670,0.00022076687309890985,7,1
14671,0.0003464902692940086,7,1
14672,0.007901829667389393,5,1
14673,0.007913627661764622,5,1
14674,0.0021251991856843233,4,1
14675,0.002551637589931488,5,1
14676,0.00726310582831502,5,1
14677,0.003760331543162465,5,1
14678,0.0004344237386249006,6,1
14679,0.0007566230488009751,6,1
14680,0.897392213344574,2,3
14681,0.9949827790260315,1,3
14682,0.9627742171287537,1,3
14683,0.9859838485717773,1,3
14684,0.0004088361165486276,7,1
14685,0.0009365728474222124,7,1
14686,0.00024703447706997395,8,1
14687,0.0006919166771695018,7,1
14688,0.49995341897010803,3,2
14689,0.9927976727485657,1,4
14690,0.718588650226593,2,3
14691,0.9927520751953125,1,4
14692,0.07956836372613907,5,1
14693,0.9966711401939392,1,4
14694,0.851867139339447,2,3
14695,0.995532751083374,1,5
14696,0.9481633305549622,1,3
14697,0.9824445247650146,1,4
14698,0.9782963991165161,1,3
14699,0.9977400898933411,1,4
14700,0.10636820644140244,3,1
14701,0.20135697722434998,2,1
14702,0.06046685203909874,3,1
14703,0.14219067990779877,2,1
14704,0.6411283016204834,1,3
14705,0.992706298828125,1,2
14706,0.9880896806716919,1,3
14707,0.9994277954101562,1,2
14708,0.006948899012058973,5,1
14709,0.000991769484244287,6,1
14710,0.00020102120470255613,7,1
14711,0.0005746037932112813,6,1
14712,0.7270318269729614,1,3
14713,0.9920330047607422,1,2
14714,0.7989275455474854,1,3
14715,0.9924858808517456,1,2
14716,9.10630842554383e-05,9,1
14717,0.0002621450985316187,6,1
14718,0.00014454223855864257,7,1
14719,6.831919017713517e-05,8,1
14720,0.9908764958381653,1,3
14721,0.9999490976333618,1,5
14722,0.9973236918449402,1,3
14723,0.9999672770500183,1,5
14724,0.9743996858596802,1,5
14725,0.9984922409057617,1,5
14726,0.7977496981620789,2,3
14727,0.9942522644996643,1,2
14728,0.9812668561935425,1,3
14729,0.9998824596405029,1,3
14730,0.9951590895652771,1,3
14731,0.999951958656311,1,4
14732,0.0009813576471060514,6,1
14733,0.0004218280082568526,7,1
14734,0.00014763695071451366,8,1
14735,0.0001757471327437088,7,1
14736,0.5835064053535461,2,3
14737,0.9522505402565002,1,2
14738,0.19825512170791626,3,2
14739,0.9362358450889587,1,2
14740,0.0009813576471060514,6,1
14741,0.0004218280082568526,7,1
14742,0.00014763695071451366,8,1
14743,0.0001757471327437088,7,1
14744,0.9933665990829468,1,3
14745,0.9999576807022095,1,4
14746,0.9980395436286926,1,3
14747,0.9999660849571228,1,4
14748,0.05085589364171028,3,2
14749,0.05903508886694908,2,1
14750,0.015296469442546368,3,2
14751,0.007962238043546677,2,1
14752,0.999700129032135,1,4
14753,0.9975199699401855,1,5
14754,0.9998357892036438,1,5
14755,0.9985901117324829,1,5
14756,0.9421002268791199,1,3
14757,0.2295423150062561,4,1
14758,0.9880779981613159,1,3
14759,0.22738084197044373,4,1
14760,0.9976704716682434,1,4
14761,0.9973838925361633,1,4
14762,0.9990002512931824,1,4
14763,0.9994539022445679,1,4
14764,0.008373720571398735,5,1
14765,0.007291362155228853,5,1
14766,0.0013851403491571546,5,1
14767,0.0019091287394985557,5,1
14768,0.9999725818634033,1,9
14769,0.9999591708183289,1,10
14770,0.999630868434906,1,3
14771,0.9998977184295654,1,7
14772,0.004038249608129263,4,1
14773,0.12684980034828186,5,1
14774,0.03347252681851387,4,1
14775,0.29795223474502563,2,1
14776,0.9919354915618896,1,3
14777,0.9996468424797058,1,7
14778,0.9997928738594055,1,3
14779,0.9998977184295654,1,7
14780,0.000751282786950469,5,1
14781,0.0005545856547541916,7,1
14782,0.0010707055917009711,5,1
14783,0.0003353801148477942,8,1
14784,0.8426016569137573,1,3
14785,0.6178210973739624,1,2
14786,0.9659398198127747,1,3
14787,0.45141464471817017,2,1
14788,0.013396091759204865,5,1
14789,0.0064431303180754185,6,1
14790,0.01429661549627781,5,1
14791,0.0026963220443576574,6,1
14792,0.9945550560951233,1,3
14793,0.9997643828392029,1,4
14794,0.7098209857940674,2,3
14795,0.9987070560455322,1,3
14796,0.03455817699432373,4,1
14797,0.005800457205623388,5,1
14798,0.001018871203996241,6,1
14799,0.0017865103436633945,5,1
14800,0.9969941973686218,1,5
14801,0.9984488487243652,1,4
14802,0.9985414743423462,1,3
14803,0.9992563724517822,1,3
14804,0.9949148297309875,1,3
14805,0.9770729541778564,1,3
14806,0.9997766613960266,1,3
14807,0.9997066855430603,1,3
14808,0.015483969822525978,5,2
14809,0.01225819531828165,5,2
14810,0.3990575969219208,3,2
14811,0.4823932945728302,3,2
14812,0.13216979801654816,3,2
14813,0.29563024640083313,3,2
14814,0.4462328255176544,3,2
14815,0.6483729481697083,2,3
14816,0.9858280420303345,1,3
14817,0.9461860060691833,1,3
14818,0.9754782915115356,1,3
14819,0.9488884210586548,1,3
14820,0.0006439789431169629,6,1
14821,0.006846994161605835,5,1
14822,0.011613045819103718,4,1
14823,0.010532442480325699,4,1
14824,0.9810851216316223,2,6
14825,0.9774213433265686,2,6
14826,0.930361270904541,1,5
14827,0.9759342670440674,2,5
14828,0.06841936707496643,4,1
14829,0.2537586987018585,4,2
14830,0.06220872327685356,4,1
14831,0.1418405920267105,4,1
14832,0.8868457078933716,1,4
14833,0.9057932496070862,1,4
14834,0.9055262207984924,1,2
14835,0.9716106653213501,1,4
14836,0.09885124862194061,4,1
14837,0.1454600691795349,4,1
14838,0.044308025389909744,3,1
14839,0.06522808969020844,4,1
14840,0.9942140579223633,1,5
14841,0.9960329532623291,1,5
14842,0.9902232885360718,1,3
14843,0.9968543648719788,1,5
14844,0.09033462405204773,3,1
14845,0.5436281561851501,1,2
14846,0.2791158854961395,3,1
14847,0.9308939576148987,1,2
14848,0.9984405636787415,1,3
14849,0.9998389482498169,1,6
14850,0.9998302459716797,1,5
14851,0.9999048709869385,1,6
14852,0.0013700724812224507,5,1
14853,0.0034821750596165657,5,1
14854,0.0013795874547213316,5,1
14855,0.002080655423924327,6,1
14856,0.6790913343429565,2,3
14857,0.9998939037322998,1,6
14858,0.95423823595047,1,3
14859,0.9999560713768005,1,8
14860,0.0012045028852298856,7,1
14861,0.00406266376376152,7,1
14862,0.0005690346006304026,7,1
14863,0.0025229474995285273,7,1
14864,0.00992113258689642,4,2
14865,0.8608914613723755,1,2
14866,0.03491053730249405,3,2
14867,0.91650390625,1,2
14868,0.2261039912700653,3,2
14869,0.676063060760498,1,2
14870,0.9965507984161377,1,3
14871,0.5723327994346619,1,2
14872,0.9843424558639526,1,3
14873,0.9964646697044373,1,4
14874,0.990082859992981,1,3
14875,0.999277651309967,1,3
14876,0.004801019560545683,5,1
14877,0.17058104276657104,2,1
14878,0.009726090356707573,4,1
14879,0.02176113799214363,2,1
14880,0.9780398607254028,1,3
14881,0.9996615648269653,1,4
14882,0.9968839883804321,1,3
14883,0.9998766779899597,1,5
14884,0.01129295863211155,6,1
14885,0.016571013256907463,5,1
14886,0.01655779406428337,4,1
14887,0.03535270690917969,4,1
14888,0.512881338596344,2,3
14889,0.9408698081970215,1,2
14890,0.5108118653297424,2,3
14891,0.9853947162628174,1,2
14892,0.011012178845703602,5,1
14893,0.017646217718720436,3,1
14894,0.02179216407239437,3,1
14895,0.04967215657234192,2,1
14896,0.9997268915176392,1,3
14897,0.9998570084571838,1,5
14898,0.999840259552002,1,3
14899,0.9999477863311768,1,6
14900,0.1151396706700325,2,1
14901,0.07703453302383423,2,1
14902,0.13452085852622986,2,1
14903,0.12362489849328995,2,1
14904,0.27065610885620117,2,1
14905,0.3797953724861145,2,1
14906,0.05987609922885895,2,1
14907,0.8773049116134644,1,2
14908,0.013828717172145844,5,1
14909,0.00023150145716499537,8,1
14910,0.00020666653290390968,9,1
14911,9.614679584046826e-05,8,1
14912,0.732536792755127,1,2
14913,0.9518446922302246,1,2
14914,0.8424646854400635,1,2
14915,0.9857696890830994,1,2
14916,0.000590323528740555,6,1
14917,0.0003758370876312256,8,1
14918,0.00020457910432014614,9,1
14919,0.001313907327130437,5,1
14920,0.9999721050262451,1,7
14921,0.9998219609260559,1,5
14922,0.9999616146087646,1,5
14923,0.9997598528862,1,6
14924,0.0017427940620109439,6,1
14925,0.0011068863095715642,6,1
14926,0.00039006382576189935,8,1
14927,0.0012245718389749527,6,1
14928,0.9995578527450562,1,4
14929,0.988029420375824,1,2
14930,0.992668092250824,1,4
14931,0.9439522624015808,1,2
14932,0.20504230260849,2,1
14933,0.5179820656776428,1,2
14934,0.10839281231164932,3,1
14935,0.5247282385826111,1,2
14936,0.9873723983764648,1,3
14937,0.9983260035514832,1,3
14938,0.925866961479187,2,3
14939,0.9987253546714783,1,3
14940,0.0014191654045134783,6,1
14941,0.00014791666762903333,8,1
14942,0.0007462177891284227,6,1
14943,0.00015350132889579982,8,1
14944,0.9964740872383118,1,3
14945,0.9997611045837402,1,5
14946,0.917510986328125,2,3
14947,0.9990082383155823,1,4
14948,0.0005837353528477252,7,1
14949,0.0008703587809577584,6,1
14950,0.001801204401999712,7,1
14951,0.0006458631833083928,7,1
14952,0.9865996241569519,1,7
14953,0.9556843638420105,2,5
14954,0.9468971490859985,1,3
14955,0.9918586015701294,1,5
14956,0.2446575164794922,4,1
14957,0.9180542826652527,1,4
14958,0.28500908613204956,3,2
14959,0.9862512350082397,1,5
14960,0.9817373156547546,1,3
14961,0.9948427081108093,1,3
14962,0.9926642775535583,1,3
14963,0.999182939529419,1,4
14964,0.00028164140530861914,7,1
14965,0.00019525135576259345,8,1
14966,4.244550655130297e-05,9,1
14967,0.00031947679235599935,7,1
14968,0.9679850935935974,1,3
14969,0.9942805171012878,1,5
14970,0.9825686812400818,1,3
14971,0.9985367655754089,1,5
14972,0.02140633761882782,4,1
14973,0.02978510595858097,4,1
14974,0.0003784505825024098,7,1
14975,0.001085769385099411,6,1
14976,0.010202945210039616,4,1
14977,0.0011910329340025783,5,1
14978,0.0067839352414011955,5,1
14979,0.0006214890745468438,6,1
14980,0.000581467233132571,4,1
14981,0.0009205449023284018,5,1
14982,0.00019930762937292457,6,1
14983,0.00026521229301579297,6,1
14984,0.9992931485176086,1,3
14985,0.9999149441719055,1,3
14986,0.9993624091148376,1,3
14987,0.9997707605361938,1,3
14988,0.0014035800704732537,5,1
14989,0.00025853264378383756,6,1
14990,0.0002187045756727457,7,1
14991,5.8621561038307846e-05,8,1
14992,0.8268612623214722,1,3
14993,0.9952527284622192,1,3
14994,0.4701293706893921,3,2
14995,0.9911355972290039,1,3
14996,0.003927265759557486,4,1
14997,0.00467371940612793,5,1
14998,0.045903515070676804,3,1
14999,0.005412090104073286,3,1
15000,0.9935964941978455,1,3
15001,0.9979372024536133,1,2
15002,0.9974116683006287,1,3
15003,0.9993951320648193,1,3
15004,0.018876079469919205,3,1
15005,0.0014192467788234353,5,1
15006,0.0016212743939831853,4,1
15007,0.0003366557939443737,7,1
15008,0.9988462924957275,1,3
15009,0.9992644190788269,1,3
15010,0.9998451471328735,1,3
15011,0.9999361634254456,1,3
15012,0.0003783697902690619,6,1
15013,0.000370339781511575,6,1
15014,6.576519081136212e-05,11,1
15015,0.00015982893819455057,8,1
15016,0.9737797379493713,1,5
15017,0.004601295571774244,5,1
15018,0.998776912689209,1,3
15019,0.0019434307469055057,6,1
15020,0.002584697911515832,5,1
15021,0.0009428829653188586,5,1
15022,0.0014870621962472796,5,1
15023,0.00043404119787737727,7,1
15024,0.0014439100632444024,8,1
15025,0.0010051598073914647,7,1
15026,0.0001669709599809721,9,1
15027,0.0003303173289168626,7,1
15028,0.01533110998570919,5,1
15029,0.0316983237862587,5,1
15030,0.0013320381985977292,6,1
15031,0.0034243909176439047,6,1
15032,0.986257791519165,1,3
15033,0.9912765622138977,1,3
15034,0.9824574589729309,1,3
15035,0.9984678030014038,1,3
15036,0.002357856836169958,6,1
15037,0.0004100921214558184,7,1
15038,0.0007868646061979234,7,1
15039,0.00040575701859779656,7,1
15040,0.7733466625213623,2,3
15041,0.9946364760398865,1,3
15042,0.19821631908416748,3,2
15043,0.9799937009811401,1,3
15044,0.001620216527953744,6,1
15045,0.009759437292814255,3,1
15046,0.0016993902390822768,4,1
15047,0.009035525843501091,3,1
15048,0.4716985523700714,3,2
15049,0.9450729489326477,1,3
15050,0.3367612659931183,3,2
15051,0.9747371077537537,1,3
15052,0.0043574548326432705,5,1
15053,0.0005857452051714063,7,1
15054,0.000692674657329917,7,1
15055,0.0004547146672848612,7,1
15056,0.38852012157440186,3,2
15057,0.38202130794525146,3,2
15058,0.15773612260818481,3,2
15059,0.06525672227144241,4,1
15060,0.000101548655948136,10,1
15061,0.006157401483505964,6,1
15062,0.00011662206816254184,8,1
15063,0.0017533136997371912,6,1
15064,0.9998502731323242,1,3
15065,0.9999854564666748,1,6
15066,0.9985441565513611,1,3
15067,0.9999604821205139,1,5
15068,0.00043315274524502456,7,1
15069,0.0010808479273691773,6,1
15070,4.011118653579615e-05,10,1
15071,0.00021939797443337739,7,1
15072,0.9959452152252197,1,5
15073,0.9985731840133667,1,5
15074,0.9951975345611572,1,3
15075,0.9979220628738403,1,5
15076,0.002033436205238104,6,1
15077,0.01744654029607773,5,1
15078,0.015502098947763443,4,1
15079,0.040905509144067764,5,1
15080,0.0023765701334923506,4,1
15081,0.6077519059181213,1,2
15082,0.00817947182804346,4,1
15083,0.944179892539978,1,2
15084,0.0003523284394759685,6,1
15085,0.0024117634166032076,6,1
15086,0.000122986821224913,7,1
15087,0.001989939948543906,7,1
15088,0.19834832847118378,3,1
15089,0.899820864200592,1,2
15090,0.23563018441200256,2,1
15091,0.9798574447631836,1,2
15092,0.0009432437364012003,6,1
15093,0.08248601108789444,3,1
15094,0.0011728138197213411,6,1
15095,0.6532406210899353,1,2
15096,0.9334715604782104,1,3
15097,0.9971786737442017,1,4
15098,0.9983857870101929,1,3
15099,0.9990537166595459,1,5
15100,0.0003523284394759685,6,1
15101,0.0024117634166032076,6,1
15102,0.000122986821224913,7,1
15103,0.001989939948543906,7,1
15104,0.9983638525009155,1,5
15105,0.9994167685508728,1,5
15106,0.9995825290679932,1,5
15107,0.9998820424079895,1,6
15108,0.01512328814715147,5,1
15109,0.0005219809827394783,6,1
15110,0.0006869237986393273,8,1
15111,0.00030296616023406386,7,1
15112,0.9755120873451233,1,3
15113,0.9999905824661255,1,9
15114,0.9123623967170715,1,2
15115,0.9999924898147583,1,10
15116,0.0010138718644157052,6,1
15117,0.0011196490377187729,6,1
15118,0.0008045152062550187,6,1
15119,0.0004922687658108771,7,1
15120,0.9999522566795349,1,4
15121,0.9999813437461853,1,5
15122,0.9998384714126587,1,3
15123,0.9999366402626038,1,4
15124,0.00014695119170937687,10,1
15125,8.796333713689819e-05,8,1
15126,6.560484325746074e-05,11,1
15127,5.1613864343380556e-05,8,1
15128,0.732172966003418,1,2
15129,0.03626733645796776,3,1
15130,0.6959618926048279,1,2
15131,0.06538289040327072,3,1
15132,0.0014091564808040857,5,1
15133,0.002137012779712677,5,1
15134,0.003261588281020522,5,1
15135,0.0009511206881143153,6,1
15136,0.9953905940055847,1,3
15137,0.5300920605659485,1,2
15138,0.9799072742462158,1,3
15139,0.4729713499546051,2,1
15140,0.00257669179700315,7,1
15141,0.16840212047100067,3,1
15142,0.0016379391308873892,7,1
15143,0.9411996603012085,1,2
15144,0.22256159782409668,3,2
15145,0.7427608370780945,1,2
15146,0.06449975073337555,3,2
15147,0.4644639492034912,2,1
15148,0.001482835621573031,6,1
15149,0.0031022531911730766,6,1
15150,0.000701930548530072,6,1
15151,0.0007393255946226418,6,1
15152,0.8090103268623352,1,3
15153,0.9864084720611572,1,2
15154,0.13437889516353607,3,2
15155,0.995143711566925,1,2
15156,0.000783112074714154,6,1
15157,0.0030286775436252356,5,1
15158,0.00012446836626622826,9,1
15159,0.0001879348565125838,8,1
15160,0.9885938763618469,1,3
15161,0.9996984004974365,1,4
15162,0.9929392337799072,1,3
15163,0.9993852376937866,1,4
15164,0.0009380797273479402,5,1
15165,0.0012462103040888906,6,1
15166,0.00016159439110197127,9,1
15167,0.00039667150122113526,7,1
15168,0.00024956962442956865,8,1
15169,0.00028130222926847637,7,1
15170,5.099905320093967e-05,11,1
15171,0.00025805935729295015,8,1
15172,0.0004724906466435641,8,1
15173,0.0077148559503257275,5,1
15174,0.021027129143476486,5,1
15175,0.010024375282227993,5,1
15176,0.926563024520874,1,3
15177,0.9960867762565613,1,3
15178,0.40647152066230774,3,2
15179,0.9581705927848816,1,3
15180,0.7276304364204407,1,3
15181,0.13692988455295563,3,2
15182,0.4590926170349121,3,2
15183,0.11550202965736389,3,2
15184,0.9432259798049927,1,3
15185,0.93730229139328,1,3
15186,0.999131441116333,1,3
15187,0.99604332447052,1,4
15188,0.997904360294342,1,6
15189,0.8904345035552979,1,4
15190,0.9957093000411987,1,5
15191,0.941594123840332,1,4
15192,0.982832133769989,1,3
15193,0.9963182806968689,1,4
15194,0.9484174847602844,1,3
15195,0.9941003918647766,1,3
15196,0.0009034738759510219,8,1
15197,0.0006381015991792083,6,1
15198,0.00011391676525818184,11,1
15199,0.0002140565193258226,7,1
15200,0.901841938495636,1,3
15201,0.7938368320465088,1,2
15202,0.7745272517204285,1,3
15203,0.43245625495910645,2,1
15204,0.01925916224718094,5,1
15205,0.010798496194183826,6,1
15206,0.002892286516726017,5,1
15207,0.0009374538785777986,6,1
15208,0.9995152950286865,1,3
15209,0.9998469352722168,1,5
15210,0.9962959289550781,1,3
15211,0.9983534812927246,1,3
15212,0.0002985011087730527,9,1
15213,0.0017637272831052542,6,1
15214,0.00011480208922876045,10,1
15215,0.00016146476264111698,9,1
15216,0.9923166632652283,1,3
15217,0.9942581653594971,1,3
15218,0.9830219149589539,1,3
15219,0.9857723712921143,1,2
15220,9.10633389139548e-05,8,1
15221,0.00017957908858079463,8,1
15222,3.9656966691836715e-05,9,1
15223,7.724958413746208e-05,8,1
15224,0.9755803346633911,1,3
15225,0.8409957885742188,1,2
15226,0.9219512939453125,1,3
15227,0.707839846611023,1,2
15228,0.0007984495023265481,6,1
15229,0.00018851563800126314,8,1
15230,0.0001495758624514565,8,1
15231,0.00011127995821880177,8,1
15232,0.9974848031997681,1,3
15233,0.9838491678237915,1,2
15234,0.9997100234031677,1,3
15235,0.9916853904724121,1,2
15236,0.004482582211494446,5,1
15237,0.00687774084508419,4,1
15238,0.0009974951390177011,4,1
15239,0.07306339591741562,2,1
15240,0.9998115301132202,1,3
15241,0.9999139308929443,1,6
15242,0.9995123147964478,1,3
15243,0.9997997879981995,1,5
15244,0.0007949461578391492,7,1
15245,0.001056188833899796,8,1
15246,0.0003716947976499796,7,1
15247,0.0004803601768799126,7,1
15248,0.9550852179527283,1,3
15249,0.24435776472091675,2,1
15250,0.7465176582336426,1,3
15251,0.15881876647472382,2,1
15252,0.004022672772407532,7,1
15253,0.003986216615885496,8,1
15254,0.0023456201888620853,7,1
15255,0.0011092113563790917,8,1
15256,0.9772176146507263,1,3
15257,0.9998769164085388,1,5
15258,0.8146381974220276,1,3
15259,0.9997797608375549,1,5
15260,0.002817552536725998,5,1
15261,0.9776416420936584,1,2
15262,0.006795396562665701,4,1
15263,0.9791857004165649,1,2
15264,0.1588294506072998,3,1
15265,0.9484940767288208,1,3
15266,0.04342798888683319,4,1
15267,0.6670089960098267,1,2
15268,0.0021336630452424288,6,1
15269,0.0004805547941941768,7,1
15270,0.0028220335952937603,6,1
15271,0.00015005579916760325,7,1
15272,0.9976822137832642,1,5
15273,0.9962028861045837,1,3
15274,0.9837961792945862,1,3
15275,0.9735825061798096,1,3
15276,0.0027772593311965466,7,1
15277,0.0019797105342149734,7,1
15278,0.0007637091330252588,8,1
15279,0.0008677263394929469,8,1
15280,0.7735192775726318,2,3
15281,0.9699893593788147,1,3
15282,0.9368730783462524,1,3
15283,0.9604985117912292,1,3
15284,0.00020691832469310611,10,1
15285,0.0002755777968559414,9,1
15286,0.00011664084740914404,11,1
15287,0.00021681188081856817,11,1
15288,0.04509369656443596,6,2
15289,0.8261594772338867,2,3
15290,0.5866957902908325,2,3
15291,0.6382191181182861,2,3
15292,0.921757161617279,2,3
15293,0.7451279163360596,2,3
15294,0.828039824962616,2,3
15295,0.7406002879142761,2,3
15296,0.7899635434150696,2,3
15297,0.9581062197685242,1,3
15298,0.9974269270896912,1,3
15299,0.994496762752533,1,3
15300,0.005847437307238579,5,1
15301,0.005372620653361082,6,1
15302,0.001339537207968533,7,1
15303,0.001477384357713163,7,1
15304,0.9881830811500549,1,3
15305,0.9763800501823425,1,3
15306,0.9994441270828247,1,3
15307,0.999316930770874,1,3
15308,0.014311711303889751,3,1
15309,0.30137407779693604,3,1
15310,0.08559180796146393,3,1
15311,0.12551069259643555,3,1
15312,0.9999308586120605,1,3
15313,0.9999784827232361,1,7
15314,0.999893069267273,1,3
15315,0.9999756813049316,1,7
15316,0.6167734861373901,2,3
15317,0.007438792381435633,4,1
15318,0.21781626343727112,3,2
15319,0.0067070117220282555,5,1
15320,0.9915755391120911,1,5
15321,0.9949110150337219,1,4
15322,0.9887146949768066,1,4
15323,0.9864456653594971,1,4
15324,0.001124306581914425,8,1
15325,0.0016500353813171387,7,1
15326,0.00221109832637012,7,1
15327,0.0003694171318784356,8,1
15328,0.9614554047584534,2,3
15329,0.9987383484840393,1,5
15330,0.9730255007743835,2,3
15331,0.9989839196205139,1,5
15332,0.001954947132617235,6,1
15333,0.004147574305534363,6,1
15334,0.00042544351890683174,6,1
15335,0.001958768116310239,7,1
15336,0.08948610723018646,3,2
15337,0.7951937913894653,1,3
15338,0.02785843424499035,3,2
15339,0.25042665004730225,2,1
15340,0.033077456057071686,5,2
15341,0.013120158575475216,4,1
15342,0.05460771173238754,3,2
15343,0.07385508716106415,2,1
15344,0.9973154664039612,1,6
15345,0.9817319512367249,1,3
15346,0.9995253086090088,1,7
15347,0.9665529727935791,1,2
15348,0.030485231429338455,4,1
15349,0.0006332152406685054,7,1
15350,0.0027018242981284857,7,1
15351,0.0005708263488486409,7,1
15352,0.9975141286849976,1,6
15353,0.9998891949653625,1,7
15354,0.9990070462226868,1,4
15355,0.9998698234558105,1,6
15356,0.08885025978088379,3,1
15357,0.019489729776978493,5,1
15358,0.40905094146728516,2,1
15359,0.005889390129595995,5,1
15360,0.009472843259572983,4,1
15361,0.005281007383018732,5,1
15362,0.0034684929996728897,5,1
15363,0.002510760212317109,6,1
15364,0.013344540260732174,5,1
15365,0.015000694431364536,5,1
15366,0.0005072971689514816,7,1
15367,0.002561484929174185,7,1
15368,0.7462794780731201,2,5
15369,0.6015528440475464,4,5
15370,0.08391901105642319,5,2
15371,0.020624201744794846,5,1
15372,0.08399398624897003,4,1
15373,0.020584480836987495,5,1
15374,0.0005199024453759193,7,1
15375,0.0031054329592734575,5,1
15376,0.042899589985609055,3,1
15377,0.00346881290897727,5,1
15378,0.01447848230600357,4,1
15379,0.0005424169939942658,7,1
15380,0.0051537808030843735,7,1
15381,0.0038109123706817627,6,1
15382,0.0005101660499349236,7,1
15383,0.0005302239442244172,6,1
15384,0.9911905527114868,1,3
15385,0.9994040727615356,1,5
15386,0.9966850280761719,1,3
15387,0.9998305439949036,1,5
15388,0.029511164873838425,4,1
15389,0.2246861755847931,3,1
15390,0.05704116448760033,3,1
15391,0.5102515816688538,1,2
15392,0.9997631907463074,1,4
15393,0.9999849200248718,1,9
15394,0.9999973177909851,1,11
15395,0.9999957084655762,1,14
15396,0.015371730551123619,3,1
15397,0.0034887008368968964,5,1
15398,0.018233735114336014,3,1
15399,0.013257929123938084,5,1
15400,0.9996166229248047,1,5
15401,0.9993588924407959,1,5
15402,0.9993103742599487,1,4
15403,0.9996750950813293,1,6
15404,0.9998654127120972,1,6
15405,0.9999808073043823,1,10
15406,0.9999927282333374,1,10
15407,0.9999927878379822,1,13
15408,0.9998641014099121,1,9
15409,0.9988452792167664,1,6
15410,0.9998829960823059,1,7
15411,0.999686598777771,1,7
15412,0.5144960880279541,2,3
15413,0.05381662771105766,4,2
15414,0.012236076407134533,4,1
15415,0.007750268559902906,5,1
15416,0.9905503392219543,1,6
15417,0.9708039164543152,2,5
15418,0.9978241324424744,1,5
15419,0.9897560477256775,1,5
15420,0.12042828649282455,4,2
15421,0.012224833481013775,6,1
15422,0.004840177949517965,4,1
15423,0.005479206331074238,6,1
15424,0.9965845346450806,1,3
15425,0.9983959794044495,1,3
15426,0.994024932384491,1,3
15427,0.9993900060653687,1,3
15428,0.0271907988935709,6,1
15429,0.0009267064742743969,7,1
15430,0.00030874944059178233,7,1
15431,0.0001571109751239419,8,1
15432,0.9993686079978943,1,3
15433,0.9988166093826294,1,3
15434,0.9995752573013306,1,3
15435,0.9994001984596252,1,4
15436,0.9956874847412109,1,3
15437,0.9923250079154968,1,3
15438,0.9997547268867493,1,3
15439,0.9968627095222473,1,3
15440,0.6335490345954895,1,2
15441,0.6941796541213989,1,2
15442,0.9643043875694275,1,3
15443,0.9711208939552307,1,3
15444,0.24841707944869995,5,3
15445,0.3032491207122803,5,3
15446,0.20645296573638916,4,1
15447,0.023753810673952103,5,1
15448,0.9732652902603149,1,3
15449,0.8814679980278015,1,3
15450,0.9856731295585632,1,3
15451,0.7925669550895691,1,2
15452,0.17091330885887146,2,1
15453,0.002887498354539275,6,1
15454,0.23045098781585693,2,1
15455,0.0037703965790569782,5,1
15456,0.9995437264442444,1,6
15457,0.999798595905304,1,8
15458,0.9999437928199768,1,8
15459,0.9999801516532898,1,11
15460,0.601618230342865,1,3
15461,0.02793179452419281,5,1
15462,0.01475748885422945,5,1
15463,0.004795419983565807,6,1
15464,0.9996777176856995,1,3
15465,0.9999922513961792,1,10
15466,0.9995198845863342,1,3
15467,0.9999954700469971,1,13
15468,0.3992392122745514,4,2
15469,0.9594691395759583,2,5
15470,0.0038088278379291296,7,1
15471,0.005005053244531155,6,1
15472,0.9984786510467529,1,4
15473,0.9992884993553162,1,5
15474,0.9957151412963867,1,4
15475,0.9995914101600647,1,5
15476,0.002278235973790288,6,1
15477,0.00030464655719697475,7,1
15478,0.0014750453410670161,5,1
15479,0.00036941608414053917,7,1
15480,0.9976262450218201,1,4
15481,0.9995661377906799,1,3
15482,0.9996356964111328,1,5
15483,0.9999529123306274,1,6
15484,0.02807803638279438,4,1
15485,0.5800454020500183,1,2
15486,0.6483486890792847,1,3
15487,0.9059455394744873,1,2
15488,0.9995176792144775,1,3
15489,0.9996721148490906,1,5
15490,0.9999279975891113,1,5
15491,0.9997613430023193,1,7
15492,0.004160305950790644,5,1
15493,0.002011276548728347,6,1
15494,0.0010647446615621448,5,1
15495,0.0004998855874873698,6,1
15496,0.9987900853157043,1,3
15497,0.9790167808532715,1,3
15498,0.9986553192138672,1,3
15499,0.975753903388977,1,2
15500,0.007056196685880423,5,1
15501,0.0009306169813498855,7,1
15502,0.000939431949518621,5,1
15503,0.0003618694609031081,7,1
15504,0.99983811378479,1,7
15505,0.9982951879501343,1,5
15506,0.9992831945419312,1,4
15507,0.9976586699485779,1,5
15508,0.01725335232913494,3,1
15509,0.0011873713228851557,7,1
15510,0.07721913605928421,3,2
15511,0.0007148010772652924,8,1
15512,0.9994454979896545,1,3
15513,0.9999370574951172,1,7
15514,0.9997877478599548,1,3
15515,0.999872088432312,1,5
15516,0.01286664605140686,3,1
15517,0.038916364312171936,5,1
15518,0.05511297285556793,3,1
15519,0.054274577647447586,4,1
15520,0.2540294826030731,2,1
15521,0.65608811378479,1,2
15522,0.02439909428358078,3,1
15523,0.7611767053604126,1,2
15524,0.00029777403688058257,5,1
15525,0.00037818154669366777,8,1
15526,0.000123931749840267,8,1
15527,0.0001604864519322291,8,1
15528,0.9733964204788208,1,3
15529,0.987270712852478,1,3
15530,0.16343620419502258,3,1
15531,0.9798154830932617,1,2
15532,0.0034316624514758587,5,1
15533,0.0003930706297978759,7,1
15534,0.00037675004568882287,7,1
15535,0.0001725198089843616,7,1
15536,0.0035986469592899084,5,1
15537,0.03130873292684555,3,1
15538,0.0009982227347791195,5,1
15539,0.008011442609131336,4,1
15540,0.0042607770301401615,5,1
15541,0.000132209766888991,9,1
15542,0.00024524948094040155,8,1
15543,7.719079439993948e-05,9,1
15544,0.9999734163284302,1,6
15545,0.9872624278068542,1,3
15546,0.9999257922172546,1,3
15547,0.9853143692016602,1,2
15548,0.06242421641945839,4,1
15549,0.0421544685959816,5,1
15550,0.015091391280293465,3,1
15551,0.49533119797706604,2,1
15552,0.9999174475669861,1,4
15553,0.9969754219055176,1,3
15554,0.9999819397926331,1,5
15555,0.9979513883590698,1,3
15556,0.030746150761842728,4,1
15557,0.1602863222360611,2,1
15558,0.038297317922115326,3,1
15559,0.52088862657547,1,2
15560,0.9974868297576904,1,3
15561,0.9565181732177734,1,2
15562,0.997883141040802,1,3
15563,0.9690123200416565,1,2
15564,0.12728609144687653,3,1
15565,0.023170214146375656,5,1
15566,0.04151265323162079,3,1
15567,0.02614656835794449,5,1
15568,0.4009184241294861,2,1
15569,0.0520206019282341,2,1
15570,0.6721418499946594,1,2
15571,0.31065598130226135,2,1
15572,0.9993011355400085,1,3
15573,0.9364587664604187,1,2
15574,0.9859610199928284,1,3
15575,0.8658627271652222,1,2
15576,0.994055986404419,1,3
15577,0.983262836933136,1,2
15578,0.9989580512046814,1,3
15579,0.9789800047874451,1,2
15580,0.0007952446467243135,10,1
15581,0.0009436173713766038,7,1
15582,0.0005465665017254651,8,1
15583,0.00141947902739048,7,1
15584,0.9866932034492493,1,4
15585,0.9969339370727539,1,5
15586,0.9943971037864685,1,3
15587,0.9997270703315735,1,6
15588,0.008187906816601753,5,1
15589,0.018405158072710037,6,1
15590,0.0013672929489985108,5,1
15591,0.004513478372246027,7,1
15592,0.9952170252799988,1,5
15593,0.9988611936569214,1,5
15594,0.991167426109314,1,3
15595,0.9990851879119873,1,5
15596,0.0008168530184775591,5,1
15597,0.0013458116445690393,5,1
15598,0.0002590868389233947,8,1
15599,0.00038348487578332424,6,1
15600,0.9989418983459473,1,4
15601,0.998799204826355,1,3
15602,0.9999070763587952,1,5
15603,0.9995002746582031,1,4
15604,0.0008404873078688979,6,1
15605,0.000830630655400455,6,1
15606,0.0006406583706848323,6,1
15607,0.0002855308121070266,8,1
15608,0.999040961265564,1,3
15609,0.9438857436180115,1,3
15610,0.9928926229476929,1,3
15611,0.8038930296897888,1,2
15612,0.0009446084150113165,5,1
15613,0.0002838518121279776,8,1
15614,0.0012616249732673168,4,1
15615,0.0003423559828661382,8,1
15616,0.9006363749504089,1,2
15617,0.9712030291557312,1,2
15618,0.9990864992141724,1,2
15619,0.9630580544471741,1,2
15620,0.00023882767709437758,7,1
15621,0.0007489484851248562,7,1
15622,0.00011746081872843206,8,1
15623,0.00018597712914925069,9,1
15624,0.9984347224235535,1,3
15625,0.9925389885902405,1,2
15626,0.9823636412620544,1,3
15627,0.7568880915641785,1,2
15628,0.002270957687869668,4,1
15629,0.0019387975335121155,5,1
15630,0.000689573644194752,4,1
15631,0.00043463357724249363,7,1
15632,0.11884509027004242,2,1
15633,0.6745254397392273,1,2
15634,0.4022739827632904,2,1
15635,0.32392576336860657,2,1
15636,0.0008126164902932942,5,1
15637,0.001975323772057891,5,1
15638,0.0004511540464591235,7,1
15639,0.000468410988105461,7,1
15640,0.954725444316864,1,3
15641,0.9962118268013,1,2
15642,0.9948863983154297,1,3
15643,0.9929802417755127,1,2
15644,0.0005791479488834739,4,1
15645,0.0004023920919280499,6,1
15646,0.0002914804790634662,4,1
15647,0.00016997598868329078,7,1
15648,0.9950072765350342,1,3
15649,0.9889218211174011,1,2
15650,0.9357893466949463,1,3
15651,0.833118200302124,1,2
15652,0.002947920700535178,4,1
15653,0.003304161597043276,5,1
15654,0.00954815000295639,4,1
15655,0.004994436167180538,5,1
15656,0.9997618794441223,1,4
15657,0.9996466040611267,1,5
15658,0.9999380707740784,1,5
15659,0.9998034834861755,1,6
15660,0.1195489764213562,4,1
15661,0.15451614558696747,5,1
15662,0.009880936704576015,4,1
15663,0.0027376513462513685,5,1
15664,0.9431812763214111,1,3
15665,0.9911558032035828,1,3
15666,0.9585060477256775,1,3
15667,0.9966970086097717,1,3
15668,0.07864150404930115,2,1
15669,0.004174055997282267,4,1
15670,0.006217381916940212,4,1
15671,0.0019461852498352528,5,1
15672,0.9993401765823364,1,4
15673,0.9999261498451233,1,6
15674,0.9998346567153931,1,4
15675,0.9999472498893738,1,7
15676,0.19383326172828674,2,1
15677,0.017595073208212852,4,1
15678,0.025160489603877068,4,1
15679,0.012026524171233177,4,1
15680,0.19151732325553894,3,1
15681,0.9558898210525513,1,2
15682,0.437123566865921,2,1
15683,0.9819250702857971,1,2
15684,0.0004606151196639985,10,1
15685,0.002207930199801922,8,1
15686,0.0003568986139725894,8,1
15687,0.0014442576793953776,8,1
15688,0.4770137667655945,3,2
15689,0.9962171912193298,1,5
15690,0.3309382200241089,2,1
15691,0.9580868482589722,1,3
15692,0.0036543949972838163,7,1
15693,0.0013297676341608167,8,1
15694,0.00026254981639795005,8,1
15695,0.00039480888517573476,8,1
15696,0.709379255771637,1,2
15697,0.8046485781669617,1,2
15698,0.9966439008712769,1,4
15699,0.978916585445404,1,3
15700,0.5970866680145264,1,2
15701,0.34503841400146484,4,2
15702,0.8763765096664429,1,2
15703,0.8760985732078552,1,3
15704,0.9363143444061279,1,2
15705,0.7050821781158447,1,2
15706,0.9919739961624146,1,2
15707,0.9211862683296204,1,2
15708,0.039265863597393036,4,1
15709,0.0065308487974107265,5,1
15710,0.013173081912100315,3,1
15711,0.007640421390533447,5,1
15712,0.9894548058509827,1,3
15713,0.9984426498413086,1,5
15714,0.9896119236946106,1,3
15715,0.9988893866539001,1,6
15716,0.0062825726345181465,5,1
15717,0.0004887382383458316,7,1
15718,0.0003363578871358186,6,1
15719,0.000278682098723948,8,1
15720,0.9959151148796082,1,3
15721,0.9999613761901855,1,6
15722,0.9974368214607239,1,3
15723,0.9999414682388306,1,6
15724,0.017736198380589485,5,1
15725,0.09526222944259644,3,1
15726,0.026857158169150352,4,1
15727,0.003961329348385334,6,1
15728,0.9721766710281372,1,3
15729,0.32784074544906616,2,1
15730,0.5654025673866272,2,3
15731,0.018856437876820564,3,1
15732,0.16237331926822662,3,2
15733,0.07152751088142395,3,1
15734,0.34588927030563354,3,2
15735,0.02173592709004879,4,1
15736,0.6606966257095337,1,3
15737,0.22442679107189178,2,1
15738,0.09752485901117325,3,1
15739,0.2548910975456238,2,1
15740,0.00144765165168792,6,1
15741,0.0006833479856140912,6,1
15742,0.0002931897179223597,7,1
15743,0.0003125206276308745,6,1
15744,0.9995880722999573,1,3
15745,0.9998408555984497,1,5
15746,0.999840259552002,1,3
15747,0.9999146461486816,1,5
15748,0.0006552895647473633,8,1
15749,0.041663601994514465,5,1
15750,0.012390107847750187,4,1
15751,0.020317796617746353,5,1
15752,0.0056436797603964806,5,1
15753,0.06235428899526596,2,1
15754,0.011775233782827854,5,1
15755,0.06875818222761154,2,1
15756,0.004109832923859358,5,1
15757,0.008305005729198456,4,1
15758,0.0003734756610356271,7,1
15759,0.005157484672963619,5,1
15760,0.8098154067993164,2,3
15761,0.9977101683616638,1,5
15762,0.7172196507453918,2,3
15763,0.996741771697998,1,4
15764,0.04690774530172348,3,1
15765,0.43667715787887573,2,1
15766,0.9371412396430969,1,3
15767,0.569578230381012,1,2
15768,0.8168767094612122,1,3
15769,0.8481318950653076,1,2
15770,0.6002190709114075,1,2
15771,0.8832749724388123,1,2
15772,0.0016691702185198665,7,1
15773,0.026953287422657013,5,1
15774,0.026123646646738052,4,1
15775,0.07994033396244049,5,1
15776,0.6864857077598572,1,2
15777,0.9369958639144897,1,2
15778,0.6690648794174194,1,3
15779,0.9550022482872009,1,2
15780,0.9468404054641724,1,3
15781,0.5961021184921265,1,2
15782,0.7199826836585999,1,3
15783,0.8528309464454651,1,2
15784,0.9983774423599243,1,3
15785,0.9998403191566467,1,4
15786,0.9273681640625,1,3
15787,0.995166540145874,1,3
15788,0.0019121974473819137,6,1
15789,0.0005911784828640521,7,1
15790,0.0010229701874777675,6,1
15791,0.00033730349969118834,8,1
15792,0.8925390243530273,1,3
15793,0.05911247059702873,3,2
15794,0.8895130157470703,1,3
15795,0.041308000683784485,3,1
15796,0.0024433147627860308,5,1
15797,0.0011190633522346616,6,1
15798,0.0020170891657471657,4,1
15799,0.0005964100128039718,6,1
15800,0.09629422426223755,3,1
15801,0.026503853499889374,2,1
15802,0.6861918568611145,1,3
15803,0.048178981989622116,2,1
15804,0.6019792556762695,2,3
15805,0.0018826134037226439,6,1
15806,0.27963772416114807,3,2
15807,0.0009124180651269853,6,1
15808,0.8558837175369263,2,3
15809,0.9639359712600708,1,2
15810,0.832543134689331,2,3
15811,0.7761908769607544,1,2
15812,0.05925644561648369,3,2
15813,0.0011336266761645675,6,1
15814,0.0164713803678751,3,1
15815,0.0005171079537831247,6,1
15816,0.30207231640815735,2,1
15817,0.009699373506009579,2,1
15818,0.5480295419692993,1,2
15819,0.14689014852046967,2,1
15820,0.5258533358573914,1,2
15821,0.335150808095932,2,1
15822,0.0356130450963974,3,1
15823,0.06796544790267944,2,1
15824,0.9992845058441162,1,3
15825,0.999789297580719,1,4
15826,0.9998863339424133,1,4
15827,0.9999203085899353,1,5
15828,0.17915788292884827,4,1
15829,0.021832438185811043,5,1
15830,0.028458161279559135,3,1
15831,0.0008863001712597907,5,1
15832,0.9756392240524292,1,2
15833,0.982646644115448,1,3
15834,0.8185633420944214,1,2
15835,0.8841136693954468,1,2
15836,0.011975983157753944,4,1
15837,0.0017148387851193547,5,1
15838,0.0020404935348778963,4,1
15839,0.0005288810352794826,6,1
15840,0.9997392296791077,1,4
15841,0.9996504783630371,1,5
15842,0.9997217655181885,1,5
15843,0.9997924566268921,1,5
15844,0.0022525456734001637,8,1
15845,0.001927725737914443,7,1
15846,0.0047736745327711105,7,1
15847,0.004501380957663059,6,1
15848,0.9928035736083984,1,4
15849,0.9997802376747131,1,6
15850,0.9617265462875366,1,3
15851,0.9998434782028198,1,5
15852,0.8514025211334229,2,3
15853,0.17368727922439575,2,1
15854,0.21974815428256989,3,2
15855,0.6111466884613037,1,2
15856,0.9655174612998962,1,3
15857,0.9986884593963623,1,4
15858,0.9956766963005066,1,3
15859,0.9999260306358337,1,5
15860,0.00219338689930737,4,1
15861,0.0003737913793884218,7,1
15862,0.0061637032777071,3,1
15863,0.0002138942654710263,9,1
15864,0.9880782961845398,1,3
15865,0.950211226940155,1,2
15866,0.9924569725990295,1,3
15867,0.9107640385627747,1,2
15868,0.0015491255326196551,4,1
15869,0.0016956209437921643,6,1
15870,0.002206628443673253,3,1
15871,0.0006022401503287256,6,1
15872,0.9999709725379944,1,7
15873,0.9999582767486572,1,8
15874,0.9999455213546753,1,7
15875,0.9999018311500549,1,6
15876,0.001413463382050395,6,1
15877,0.0004584587295539677,9,1
15878,0.00046708015725016594,8,1
15879,0.0004165738355368376,9,1
15880,0.9996457099914551,1,3
15881,0.9983357191085815,1,3
15882,0.9996485710144043,1,3
15883,0.9980350136756897,1,3
15884,0.028250988572835922,5,2
15885,0.0016190333990380168,7,1
15886,0.0015319037484005094,6,1
15887,0.00035477615892887115,8,1
15888,0.9876354336738586,1,3
15889,0.959805428981781,1,2
15890,0.9877319931983948,1,3
15891,0.9317086338996887,1,2
15892,0.0010798715520650148,8,1
15893,0.0009070103988051414,7,1
15894,0.0004083353851456195,8,1
15895,0.0004931333824060857,7,1
15896,0.9953706860542297,1,3
15897,0.998721182346344,1,4
15898,0.9914836287498474,1,3
15899,0.9983684420585632,1,4
15900,0.0006168581894598901,6,1
15901,0.00026699251611717045,6,1
15902,0.0001060904614860192,8,1
15903,0.0001291850203415379,8,1
15904,0.9903074502944946,1,3
15905,0.993679940700531,1,2
15906,0.9925739765167236,1,3
15907,0.9987051486968994,1,3
15908,0.00013581820530816913,9,1
15909,8.337997132912278e-05,8,1
15910,2.3992803107830696e-05,10,1
15911,6.303947884589434e-05,8,1
15912,0.9995957016944885,1,4
15913,0.9689740538597107,1,3
15914,0.9997440576553345,1,3
15915,0.9837466478347778,1,3
15916,0.5350623726844788,2,3
15917,0.9196861982345581,1,2
15918,0.026728693395853043,4,1
15919,0.691510796546936,1,2
15920,0.03450788930058479,3,1
15921,0.8496248126029968,1,2
15922,0.7152011394500732,1,2
15923,0.9989970922470093,1,4
15924,0.9886727929115295,1,3
15925,0.9997534155845642,1,5
15926,0.9799855947494507,1,3
15927,0.9993471503257751,1,4
15928,0.03031422756612301,5,1
15929,0.9226354956626892,1,2
15930,0.03423701226711273,4,1
15931,0.6736259460449219,1,2
15932,0.014200813136994839,4,1
15933,0.01672322116792202,4,1
15934,0.007840054109692574,4,1
15935,0.008764389902353287,4,1
15936,0.9997831583023071,1,3
15937,0.9969800114631653,1,3
15938,0.9999675750732422,1,7
15939,0.9966430068016052,1,2
15940,0.00357969943434,5,1
15941,0.0004179284442216158,6,1
15942,0.0019237821688875556,6,1
15943,0.0001608092279639095,8,1
15944,0.8931035995483398,1,2
15945,0.4391593337059021,2,1
15946,0.5879056453704834,1,2
15947,0.33534103631973267,2,1
15948,0.017240086570382118,5,1
15949,0.0003444478497840464,7,1
15950,0.00416282843798399,4,1
15951,0.0001354468840872869,8,1
15952,0.46807724237442017,3,2
15953,0.8471024632453918,1,2
15954,0.7705778479576111,1,3
15955,0.9526541829109192,1,2
15956,0.010244205594062805,5,1
15957,0.012557192705571651,5,1
15958,0.04378021880984306,3,1
15959,0.056647565215826035,2,1
15960,0.9973567128181458,1,3
15961,0.810321569442749,2,3
15962,0.8218013048171997,2,3
15963,0.062173809856176376,3,2
15964,4.557483771350235e-05,9,1
15965,4.1374503780389205e-05,8,1
15966,3.9409162127412856e-05,8,1
15967,3.295607166364789e-05,10,1
15968,0.9992541670799255,1,3
15969,0.8442210555076599,2,3
15970,0.9992280602455139,1,3
15971,0.6484093070030212,2,3
15972,0.0002693049027584493,7,1
15973,0.0011973632499575615,6,1
15974,0.0012464638566598296,6,1
15975,0.00036737939808517694,7,1
15976,0.018668364733457565,5,1
15977,0.994126558303833,1,3
15978,0.017248952761292458,3,1
15979,0.9957100749015808,1,3
15980,0.1334417164325714,3,1
15981,0.5637537240982056,1,2
15982,0.5289447903633118,1,2
15983,0.8906702399253845,1,2
15984,0.17302405834197998,2,1
15985,0.357710599899292,2,1
15986,0.9980816841125488,1,3
15987,0.985543966293335,1,2
15988,0.006893979385495186,4,1
15989,0.0037006353959441185,5,1
15990,0.00026300165336579084,6,1
15991,0.0005134385428391397,6,1
15992,0.9974775910377502,1,3
15993,0.8960343599319458,1,2
15994,0.9971469640731812,1,3
15995,0.9558624625205994,1,2
15996,0.003363876836374402,5,1
15997,0.025123290717601776,5,1
15998,0.005205872002989054,5,1
15999,0.0014243555488064885,7,1
16000,0.9994313716888428,1,3
16001,0.9988994002342224,1,5
16002,0.9996477961540222,1,4
16003,0.9996239542961121,1,6
16004,0.6408956050872803,4,5
16005,0.22594629228115082,6,3
16006,0.24363981187343597,3,2
16007,0.006906429771333933,6,1
16008,0.9999793171882629,1,10
16009,0.9999937415122986,1,13
16010,0.9999960064888,1,12
16011,0.9999937415122986,1,12
16012,0.0015258656349033117,5,1
16013,0.0014230611268430948,5,1
16014,0.00041307773790322244,7,1
16015,0.0006846161559224129,7,1
16016,0.9995217323303223,1,3
16017,0.9999544620513916,1,5
16018,0.9996157884597778,1,3
16019,0.9997514486312866,1,3
16020,0.8991485834121704,2,3
16021,0.0020346881356090307,5,1
16022,0.9965741634368896,1,3
16023,0.036026839166879654,2,1
16024,0.999081015586853,1,3
16025,0.9999505281448364,1,4
16026,0.9978231191635132,1,3
16027,0.9997460842132568,1,3
16028,0.23986466228961945,3,2
16029,0.9380054473876953,1,2
16030,0.14071908593177795,3,2
16031,0.8369849324226379,1,2
16032,0.9887204766273499,1,4
16033,0.999160885810852,1,5
16034,0.9988378882408142,1,4
16035,0.9999415278434753,1,6
16036,0.04929816722869873,5,1
16037,0.014335131272673607,5,1
16038,0.0031795045360922813,6,1
16039,0.006979743018746376,6,1
16040,0.988720715045929,1,3
16041,0.9994731545448303,1,5
16042,0.9984917044639587,1,3
16043,0.9997662305831909,1,6
16044,0.01056236494332552,5,1
16045,0.0027570987585932016,5,1
16046,0.0007057563052512705,7,1
16047,0.0009704245603643358,8,1
16048,0.9775070548057556,1,3
16049,0.9996690154075623,1,3
16050,0.9914642572402954,1,3
16051,0.999363899230957,1,3
16052,0.09994876384735107,3,1
16053,0.28114384412765503,2,1
16054,0.9619259238243103,1,4
16055,0.3669124245643616,2,1
16056,0.9647596478462219,1,3
16057,0.9771555066108704,1,2
16058,0.9287242889404297,1,3
16059,0.8068620562553406,1,2
16060,0.04830422252416611,3,1
16061,0.005127835553139448,3,1
16062,0.032726507633924484,4,1
16063,0.0033197200391441584,4,1
16064,0.9901841282844543,1,3
16065,0.9993053674697876,1,5
16066,0.9250092506408691,1,3
16067,0.9996592998504639,1,5
16068,0.05199670046567917,5,2
16069,0.003089428413659334,8,1
16070,0.06829303503036499,4,2
16071,0.001100849942304194,8,1
16072,0.018952975049614906,6,2
16073,0.788675844669342,1,4
16074,0.21648801863193512,4,2
16075,0.43582889437675476,2,1
16076,0.009833814576268196,6,1
16077,0.23832973837852478,2,1
16078,0.03545859456062317,4,2
16079,0.2701358199119568,2,1
16080,0.9909241199493408,1,5
16081,0.9952338337898254,1,5
16082,0.9989149570465088,1,4
16083,0.9963996410369873,1,5
16084,0.012226219289004803,5,1
16085,0.03186965733766556,4,1
16086,0.0048242416232824326,4,1
16087,0.03568023443222046,3,1
16088,0.14643406867980957,3,1
16089,0.4953332245349884,3,2
16090,0.34711119532585144,3,2
16091,0.1469576507806778,3,1
16092,0.0011100114788860083,5,1
16093,0.003241367870941758,5,1
16094,0.000654248462524265,6,1
16095,0.0010130908340215683,6,1
16096,0.9989805221557617,1,4
16097,0.9988746643066406,1,3
16098,0.9950264692306519,1,3
16099,0.9978778958320618,1,3
16100,0.0024233832955360413,4,1
16101,0.00722843362018466,4,1
16102,0.0011031562462449074,4,1
16103,0.0030859550461173058,5,1
16104,0.9995007514953613,1,3
16105,0.9995409250259399,1,3
16106,0.9995226860046387,1,3
16107,0.9990511536598206,1,3
16108,0.0032498277723789215,4,1
16109,0.00396843021735549,4,1
16110,0.0006670701550319791,4,1
16111,0.0010859095491468906,5,1
16112,0.936204731464386,1,3
16113,0.9988757371902466,1,3
16114,0.412824809551239,3,2
16115,0.9982094168663025,1,3
16116,0.08529390394687653,5,2
16117,0.03287551924586296,6,1
16118,0.008074808865785599,4,1
16119,0.000574762758333236,8,1
16120,0.5275838375091553,2,3
16121,0.9402390122413635,1,2
16122,0.9443034529685974,1,3
16123,0.9482154250144958,1,2
16124,0.001936382963322103,5,1
16125,0.00045119060087017715,7,1
16126,0.0011493595084175467,5,1
16127,0.00022157903003972024,8,1
16128,0.9996782541275024,1,4
16129,0.9996323585510254,1,5
16130,0.9986024498939514,1,3
16131,0.9990701675415039,1,5
16132,0.007207054179161787,5,1
16133,0.0016872620908543468,6,1
16134,0.0010534041794016957,6,1
16135,0.0009810591582208872,7,1
16136,0.9871083498001099,1,3
16137,0.937238335609436,1,2
16138,0.998999834060669,1,3
16139,0.9956045150756836,1,5
16140,0.0014737541787326336,5,1
16141,0.0012973493430763483,7,1
16142,8.38252017274499e-05,8,1
16143,0.00016280374256893992,8,1
16144,0.599360466003418,1,2
16145,0.8496636152267456,1,2
16146,0.8980469703674316,1,2
16147,0.9778046011924744,1,3
16148,0.0014691287651658058,5,1
16149,0.0031575344037264585,5,1
16150,0.00024810442118905485,6,1
16151,0.006086172070354223,5,1
16152,0.7680839896202087,1,2
16153,0.890048623085022,1,2
16154,0.9118520021438599,1,3
16155,0.9127024412155151,1,3
16156,0.02339080162346363,4,1
16157,0.3965892791748047,2,1
16158,0.14961247146129608,2,1
16159,0.8011466860771179,1,2
16160,0.9670185446739197,1,3
16161,0.9999216794967651,1,8
16162,0.9998878836631775,1,10
16163,0.9999696016311646,1,10
16164,0.007118343375623226,4,1
16165,0.0035953298211097717,5,1
16166,0.0017277859151363373,6,1
16167,0.0007290924550034106,6,1
16168,0.9983222484588623,1,5
16169,0.9998293519020081,1,5
16170,0.9979050159454346,1,3
16171,0.9998835325241089,1,5
16172,0.004415928851813078,6,1
16173,0.0013412749394774437,7,1
16174,0.0016243770951405168,6,1
16175,0.000343498308211565,7,1
16176,0.8906217217445374,2,3
16177,0.9679936170578003,1,3
16178,0.9850543737411499,1,3
16179,0.9550790190696716,1,2
16180,0.0015474288957193494,8,1
16181,0.0003979296307079494,6,1
16182,0.0004723470483440906,9,1
16183,0.00012233885354362428,8,1
16184,0.9980135560035706,1,3
16185,0.9998717308044434,1,5
16186,0.9998772740364075,1,5
16187,0.9999328255653381,1,6
16188,0.46144360303878784,3,2
16189,0.809010922908783,1,2
16190,0.9545138478279114,1,3
16191,0.983559250831604,1,3
16192,0.9976047277450562,1,2
16193,0.9994900822639465,1,2
16194,0.9834786057472229,1,2
16195,0.9997153282165527,1,2
16196,0.00021403555001597852,8,1
16197,0.00014679088781122118,7,1
16198,8.948129107011482e-05,8,1
16199,0.00014767695392947644,8,1
16200,0.8614515662193298,2,4
16201,0.411601722240448,2,1
16202,0.6963490843772888,2,3
16203,0.6454520225524902,1,2
16204,0.11176388710737228,3,1
16205,0.012503179721534252,4,1
16206,0.0018353916238993406,5,1
16207,0.0005313238361850381,8,1
16208,0.9968662858009338,1,3
16209,0.9997856616973877,1,5
16210,0.9995247721672058,1,3
16211,0.999967098236084,1,9
16212,0.005212148651480675,5,1
16213,0.0007116794586181641,7,1
16214,0.0003787086461670697,8,1
16215,0.00030350519227795303,7,1
16216,0.06978507339954376,3,1
16217,0.985863983631134,1,2
16218,0.9709563255310059,1,3
16219,0.989291787147522,1,3
16220,0.00020625858451239765,7,1
16221,0.00037239561788737774,7,1
16222,7.149187877075747e-05,9,1
16223,0.0002594859688542783,7,1
16224,0.8082125186920166,2,3
16225,0.9967970848083496,1,4
16226,0.8752458095550537,2,3
16227,0.991894006729126,1,4
16228,0.0009306259453296661,7,1
16229,0.0008158729178830981,7,1
16230,0.00012625167437363416,9,1
16231,0.0004425929510034621,7,1
16232,0.43175217509269714,3,2
16233,0.8961982727050781,1,3
16234,0.9813986420631409,2,3
16235,0.9287800192832947,1,3
16236,0.3704475164413452,3,2
16237,0.9964720606803894,1,3
16238,0.9988716244697571,1,3
16239,0.9748011827468872,1,2
16240,0.22833071649074554,4,1
16241,0.07759206742048264,5,1
16242,0.04654250293970108,4,1
16243,0.03418561443686485,5,1
16244,0.6833974123001099,1,2
16245,0.6359007358551025,1,2
16246,0.7179885506629944,1,2
16247,0.9716441631317139,1,3
16248,0.8716081976890564,1,2
16249,0.9496314525604248,1,2
16250,0.9294462203979492,1,3
16251,0.9827948212623596,1,2
16252,0.0018557796720415354,8,1
16253,0.0005885837017558515,8,1
16254,0.0003020954900421202,10,1
16255,0.00044099340448156,8,1
16256,0.9996099472045898,1,3
16257,0.9999402761459351,1,5
16258,0.9998177289962769,1,3
16259,0.9999574422836304,1,5
16260,0.0011924991849809885,4,1
16261,0.00035321753239259124,7,1
16262,0.0003504929190967232,6,1
16263,0.00016045001393649727,9,1
16264,0.9978495240211487,1,3
16265,0.9966408014297485,1,3
16266,0.9939584136009216,1,3
16267,0.9940028190612793,1,3
16268,0.00230810628272593,4,1
16269,0.0017920300597324967,6,1
16270,0.0007077987538650632,4,1
16271,0.00028843010659329593,9,1
16272,0.9837179183959961,2,3
16273,0.06337641179561615,4,1
16274,0.33777955174446106,3,2
16275,0.02305002324283123,6,1
16276,0.0008293600403703749,8,1
16277,0.004200676456093788,7,1
16278,0.005619976669549942,6,2
16279,0.0039433762431144714,8,1
16280,0.0317947193980217,3,1
16281,0.9917964935302734,1,2
16282,0.5790458917617798,1,2
16283,0.9959779381752014,1,2
16284,0.001888179685920477,6,1
16285,0.0004450014093890786,8,1
16286,0.001883900840766728,5,1
16287,0.0002397791831754148,8,1
16288,0.9996070861816406,1,4
16289,0.9997121095657349,1,4
16290,0.9968674182891846,1,4
16291,0.9993258118629456,1,4
16292,0.008790841326117516,4,1
16293,0.0019846295472234488,7,1
16294,0.0041906144469976425,5,1
16295,0.0009106762590818107,8,1
16296,0.9997653961181641,1,3
16297,0.28444236516952515,2,1
16298,0.9996317625045776,1,3
16299,0.041387394070625305,2,1
16300,0.9995348453521729,1,3
16301,0.03936532139778137,3,1
16302,0.9998964667320251,1,3
16303,0.7350168228149414,1,2
16304,0.9998794198036194,1,4
16305,0.9999552369117737,1,5
16306,0.9887574911117554,1,3
16307,0.9997069835662842,1,4
16308,0.0749029666185379,3,1
16309,0.007669752463698387,3,1
16310,0.03177879378199577,3,1
16311,0.00396215682849288,4,1
16312,0.9993343949317932,1,3
16313,0.999837338924408,1,4
16314,0.996853768825531,1,3
16315,0.9997702240943909,1,4
16316,0.9966161847114563,1,3
16317,0.9848964214324951,1,2
16318,0.9850262403488159,1,3
16319,0.990612268447876,1,2
